League,LeagueId,Country,Round,EsEliminatoria,Date,HomeTeamId,AwayTeamId,HomeTeam,AwayTeam,FTHG,FTAG,HTHG,HTAG,HC,AC,HY,AY,HR,AR,HS,AS,Referee
Friendly,10,World,,False,2026-03-31,1532,7,Algeria,Uruguay,0.0,0.0,,,,,,,,,,,L. Pairetto
Friendly,10,World,,False,2026-03-31,26,1507,Argentina,Zambia,5.0,0.0,,,,,,,,,,,A. Herrera
FIFA Series,1222,World,,False,2026-03-31,20,5530,Australia,Curaçao,5.0,1.0,,,,,,,,,,,Desconocido
Friendly,10,World,,False,2026-03-31,775,17,Austria,South Korea,1.0,0.0,,,,,,,,,,,S. van der Eijk
"Morocco, Capital of African Football",,,,False,2026-03-31,,,Benin,Guinea,1.0,0.0,,,,,,,,,,,Desconocido
FIFA World Cup qualification,,,,False,2026-03-31,,,Bosnia and Herzegovina,Italy,1.0,1.0,,,,,,,,,,,Desconocido
Mukuru 4 Nations,10,World,,False,2026-03-31,1520,1495,Botswana,Malawi,1.0,0.0,,,,,,,,,,,Desconocido
Friendly,10,World,,False,2026-03-31,6,3,Brazil,Croatia,3.0,1.0,,,,,,,,,,,A. Villarreal
Friendly,10,World,,False,2026-03-31,1502,1513,Burkina Faso,Guinea-Bissau,1.0,1.0,,,,,,,,,,,Desconocido
FIFA Series,,,,False,2026-03-31,1530.0,1566.0,Cameroon,China,2.0,0.0,,,,,,,,,,,Desconocido
Friendly,10,World,,False,2026-03-31,5529,28,Canada,Tunisia,0.0,0.0,,,,,,,,,,,K. Herrera
Friendly,10,World,,False,2026-03-31,29,22,Costa Rica,Iran,0.0,5.0,,,,,,,,,,,Desconocido
FIFA World Cup qualification,,,,False,2026-03-31,,21.0,Czech Republic,Denmark,2.0,2.0,,,,,,,,,,,Desconocido
FIFA World Cup qualification,,,,False,2026-03-31,,,DR Congo,Jamaica,1.0,0.0,,,,,,,,,,,Desconocido
Friendly,10,World,,False,2026-03-31,10,12,England,Japan,0.0,1.0,,,,,,,,,,,N. Walsh
Friendly,10,World,,False,2026-03-31,1521,1490,Equatorial Guinea,Madagascar,1.0,1.0,,,,,,,,,,,Desconocido
Friendly,10,World,,False,2026-03-31,2386,18,Haiti,Iceland,1.0,1.0,,,,,,,,,,,Desconocido
Friendly,10,World,,False,2026-03-31,769,1117,Hungary,Greece,0.0,0.0,,,,,,,,,,,F. Badstubner
FIFA World Cup qualification,,,,False,2026-03-31,1567.0,,Iraq,Bolivia,2.0,1.0,,,,,,,,,,,Desconocido
Friendly,,,,False,2026-03-31,1501.0,,Ivory Coast,Scotland,1.0,0.0,,,,,,,,,,,Desconocido
Friendly,10,World,,False,2026-03-31,1548,19,Jordan,Nigeria,2.0,2.0,,,,,,,,,,,A. Karaoglan
FIFA Series,1222,World,,False,2026-03-31,1095,1524,Kazakhstan,Comoros,1.0,0.0,,,,,,,,,,,Desconocido
FIFA World Cup qualification,,,,False,2026-03-31,1111.0,,Kosovo,Turkey,0.0,1.0,,,,,,,,,,,Desconocido
La Liga 2,,,,False,2026-03-31,,713.0,La Coruna,Cordoba,2.0,0.0,,,2.0,8.0,1.0,1.0,0.0,0.0,11.0,13.0,Desconocido
"Morocco, Capital of African Football",10,World,,False,2026-03-31,1525,1526,Liberia,Libya,2.0,2.0,,,,,,,,,,,Desconocido
Friendly,10,World,,False,2026-03-31,16,1,Mexico,Belgium,1.0,1.0,,,,,,,,,,,R. Mendoza
La Liga 2,141,Spain,,False,2026-03-31,799,722,Mirandes,Albacete,1.0,1.0,,,9.0,3.0,1.0,4.0,0.0,0.0,13.0,9.0,A. de Ena Wolf
Friendly,10,World,,False,2026-03-31,1109,1091,Montenegro,Slovenia,2.0,3.0,,,,,,,,,,,D. Strukan
Friendly,10,World,,False,2026-03-31,31,2380,Morocco,Paraguay,2.0,1.0,,,,,,,,,,,E. Wattellier
Friendly,10,World,,False,2026-03-31,1118,2382,Netherlands,Ecuador,1.0,1.0,,,,,,,,,,,S. Stegemann
"Morocco, Capital of African Football",10,World,,False,2026-03-31,1505,1534,Niger,Togo,0.0,1.0,,,,,,,,,,,Desconocido
Friendly,10,World,,False,2026-03-31,1090,15,Norway,Switzerland,0.0,0.0,,,,,,,,,,,J. Vergoote
Friendly,10,World,,False,2026-03-31,30,4672,Peru,Honduras,2.0,2.0,,,,,,,,,,,G. Cuadra
Friendly,,,,False,2026-03-31,,,Republic of Ireland,North Macedonia,0.0,0.0,,,,,,,,,,,Desconocido
Friendly,10,World,,False,2026-03-31,4,1500,Russia,Mali,0.0,0.0,,,,,,,,,,,R. Lutfullin
Friendly,10,World,,False,2026-03-31,1115,1110,San Marino,Andorra,0.0,0.0,,,,,,,,,,,K. Athanassiou
Friendly,10,World,,False,2026-03-31,13,1492,Senegal,Gambia,3.0,1.0,,,,,,,,,,,A. Bouh
Friendly,10,World,,False,2026-03-31,14,23,Serbia,Saudi Arabia,2.0,1.0,,,,,,,,,,,B. Berke
Friendly,10,World,,False,2026-03-31,773,774,Slovakia,Romania,2.0,0.0,,,,,,,,,,,O. Berka
Friendly,10,World,,False,2026-03-31,1531,11,South Africa,Panama,1.0,2.0,,,,,,,,,,,T. Ketshabile
National League,43.0,,,False,2026-03-31,1341.0,,Southend,Yeovil,2.0,1.0,,,,,3.0,1.0,0.0,0.0,,,Desconocido
Friendly,10,World,,False,2026-03-31,9,32,Spain,Egypt,0.0,0.0,,,,,,,,,,,G. Kabakov
FIFA World Cup qualification,32,World,,False,2026-03-31,5,24,Sweden,Poland,3.0,2.0,,,,,,,,,,,S. Vincic
Friendly,10,World,,False,2026-03-31,772,778,Ukraine,Albania,1.0,0.0,,,,,,,,,,,J. Martinez
Friendly,,,,False,2026-03-31,,27.0,United States,Portugal,0.0,2.0,,,,,,,,,,,Desconocido
La Liga 2,141,Spain,,False,2026-03-31,720,724,Valladolid,Cadiz,3.0,0.0,,,7.0,2.0,0.0,1.0,0.0,0.0,13.0,8.0,J. A. Gonzalez Esteban
Friendly,10,World,,False,2026-03-31,767,771,Wales,Northern Ireland,1.0,1.0,,,,,,,,,,,R. Hennessey
National League,43.0,,,False,2026-03-31,8663.0,1366.0,Wealdstone,Hartlepool,7.0,0.0,,,,,1.0,0.0,0.0,0.0,,,Desconocido
National League,43.0,,,False,2026-03-31,1836.0,4700.0,Woking,Altrincham,1.0,1.0,,,,,2.0,3.0,0.0,2.0,,,Desconocido
FIFA Series,1222,World,,False,2026-03-30,1096,1499,Azerbaijan,Sierra Leone,1.0,1.0,,,,,,,,,,,Desconocido
FIFA Series,,,,False,2026-03-30,,,Cape Verde,Finland,1.0,1.0,,,,,,,,,,,Desconocido
Friendly,10,World,,False,2026-03-30,1106,1114,Cyprus,Moldova,3.0,2.0,,,,,,,,,,,"Marian Barbu, Romania"
CONCACAF Series,1207,World,,False,2026-03-30,5531,10985,Dominica,Sint Maarten,0.0,0.0,,,,,,,,,,,Desconocido
FIFA Series,,,,False,2026-03-30,,5168.0,Gabon,Trinidad and Tobago,2.0,2.0,,,,,,,,,,,Desconocido
Friendly,10,World,,False,2026-03-30,25,1504,Germany,Ghana,2.0,1.0,,,,,,,,,,,"Stuart Attwell, England"
FIFA Series,1222,World,,False,2026-03-30,5533,1511,Grenada,Kenya,0.0,3.0,,,,,,,,,,,Desconocido
CONCACAF Series,1207,World,,False,2026-03-30,5162,5528,Guyana,Belize,3.0,1.0,,,,,,,,,,,Desconocido
FIFA Series,1222,World,,False,2026-03-30,1571,1103,Indonesia,Bulgaria,0.0,1.0,,,,,,,,,,,Desconocido
FIFA Series,1222,World,,False,2026-03-30,4673,2383,New Zealand,Chile,4.0,1.0,,,,,,,,,,,Desconocido
FIFA Series,1222,World,,False,2026-03-30,1514,1101,Rwanda,Estonia,2.0,0.0,,,,,,,,,,,Desconocido
FIFA Series,,,,False,2026-03-30,,5165.0,Saint Kitts and Nevis,Solomon Islands,4.0,2.0,,,,,,,,,,,Desconocido
FIFA Series,1222,World,,False,2026-03-30,1568,2379,Uzbekistan,Venezuela,0.0,0.0,,,,,,,,,,,Desconocido
La Liga 2,,,,False,2026-03-29,723.0,,Almeria,Sociedad B,5.0,1.0,,,7.0,7.0,2.0,5.0,0.0,0.0,29.0,18.0,Desconocido
Friendly,10,World,,False,2026-03-29,1094,1100,Armenia,Belarus,1.0,2.0,,,,,,,,,,,D. Muntean
FIFA Series,1222,World,,False,2026-03-29,8167,1107,Aruba,Liechtenstein,4.0,1.0,,,,,,,,,,,Desconocido
CONCACAF Series,,,,False,2026-03-29,,,Barbados,Saint Vincent and the Grenadines,2.0,3.0,,,,,,,,,,,Desconocido
CONCACAF Series,1207,World,,False,2026-03-29,10982,10984,Bonaire,Saint Martin,0.0,3.0,,,,,,,,,,,Desconocido
CONCACAF Series,1207,World,,False,2026-03-29,8168,8150,British Virgin Islands,Anguilla,4.0,0.0,,,,,,,,,,,Desconocido
CONCACAF Series,1207,World,,False,2026-03-29,8169,5157,Cayman Islands,Bahamas,1.0,0.0,,,,,,,,,,,Desconocido
Friendly,10,World,,False,2026-03-29,8,2,Colombia,France,1.0,3.0,,,,,,,,,,,V. Rivas
La Liga 2,,,,False,2026-03-29,725.0,1110.0,Cultural Leonesa,Andorra,0.0,4.0,,,1.0,2.0,3.0,2.0,0.0,0.0,10.0,11.0,Desconocido
CONCACAF Series,1207,World,,False,2026-03-29,5532,2388,Dominican Republic,Cuba,1.0,1.0,,,,,,,,,,,Desconocido
La Liga 2,141,Spain,,False,2026-03-29,545,534,Eibar,Las Palmas,3.0,1.0,,,2.0,10.0,4.0,2.0,0.0,0.0,9.0,21.0,G. Cid
Friendly,10,World,,False,2026-03-29,1097,1104,Lithuania,Georgia,0.0,2.0,,,,,,,,,,,"Vitalijs Spasjonnikovs, Latvia"
FIFA Series,1222,World,,False,2026-03-29,1544,1489,Macau,Tanzania,0.0,6.0,,,,,,,,,,,Desconocido
CONCACAF Series,1207,World,,False,2026-03-29,8117,5159,Martinique,El Salvador,0.0,1.0,,,,,,,,,,,Desconocido
La Liga 2,,,,False,2026-03-29,732.0,,Zaragoza,Santander,2.0,0.0,,,6.0,7.0,3.0,3.0,0.0,0.0,14.0,7.0,Desconocido
La Liga 2,,,,False,2026-03-28,722.0,,Albacete,Castellon,1.0,1.0,,,6.0,8.0,4.0,6.0,0.0,1.0,11.0,13.0,Desconocido
League 1 Escocia,,,,False,2026-03-28,,6777.0,Alloa,Peterhead,1.0,2.0,,,8.0,6.0,3.0,3.0,0.0,0.0,7.0,6.0,Desconocido
FIFA Series,1222,World,,False,2026-03-28,8173,8119,American Samoa,Guam,0.0,6.0,,,,,,,,,,,Desconocido
League 2 Escocia,184,Scotland,,False,2026-03-28,6757,6785,Annan Athletic,Stranraer,1.0,0.0,,,6.0,6.0,3.0,3.0,0.0,0.0,10.0,9.0,Desconocido
League 2,,,,False,2026-03-28,1369.0,,Barnet,Cambridge,1.0,0.0,,,6.0,4.0,0.0,0.0,0.0,0.0,7.0,8.0,Desconocido
League 2,42,England,,False,2026-03-28,1819,1832,Barrow,Bromley,2.0,1.0,,,6.0,4.0,3.0,3.0,0.0,0.0,15.0,8.0,R. Madley
League 1,,,,False,2026-03-28,1356.0,,Blackpool,Burton,1.0,0.0,,,6.0,8.0,5.0,3.0,0.0,0.0,9.0,1.0,Desconocido
Mukuru 4 Nations,10,World,,False,2026-03-28,1520,1522,Botswana,Zimbabwe,0.0,3.0,,,,,,,,,,,Desconocido
National League,43.0,,,False,2026-03-28,4701.0,7752.0,Brackley Town,Tamworth,0.0,1.0,,,,,2.0,2.0,0.0,0.0,,,Desconocido
National League,43.0,,,False,2026-03-28,,1371.0,Braintree Town,Carlisle,1.0,2.0,,,,,2.0,0.0,0.0,0.0,,,Desconocido
League 2,,,,False,2026-03-28,,,Bristol Rvs,Accrington,2.0,0.0,,,5.0,7.0,2.0,3.0,0.0,0.0,11.0,9.0,Desconocido
Friendly,10,World,,False,2026-03-28,1502,1513,Burkina Faso,Guinea-Bissau,5.0,0.0,,,,,,,,,,,Desconocido
Friendly,10,World,,False,2026-03-28,5529,18,Canada,Iceland,2.0,2.0,,,,,,,,,,,J. Freemon
La Liga 2,,,,False,2026-03-28,,724.0,Ceuta,Cadiz,2.0,1.0,,,2.0,2.0,2.0,4.0,0.0,0.0,8.0,4.0,Desconocido
League 2,42,England,,False,2026-03-28,1361,1342,Colchester,Walsall,1.0,1.0,,,9.0,8.0,2.0,0.0,0.0,0.0,16.0,13.0,C. Brook
League 2,42,England,,False,2026-03-28,1362,1347,Crawley Town,Gillingham,2.0,0.0,,,2.0,7.0,1.0,3.0,0.0,0.0,8.0,10.0,E. Duckworth
League 2,42,England,,False,2026-03-28,1363,1349,Crewe,Oldham,2.0,1.0,,,6.0,5.0,4.0,0.0,0.0,0.0,18.0,23.0,S. Mather
League 2 Escocia,,,,False,2026-03-28,1382.0,,Dumbarton,Forfar,2.0,2.0,,,6.0,2.0,1.0,0.0,0.0,0.0,10.0,10.0,Desconocido
League 1 Escocia,183,Scotland,,False,2026-03-28,6764,6784,East Fife,Stenhousemuir,2.0,2.0,,,4.0,10.0,0.0,0.0,0.0,0.0,9.0,7.0,G. Calder
National League,43.0,,,False,2026-03-28,1822.0,1378.0,Eastleigh,Forest Green,2.0,4.0,,,,,3.0,6.0,0.0,0.0,,,Desconocido
League 2 Escocia,,,,False,2026-03-28,,6762.0,Elgin,Clyde,2.0,0.0,,,4.0,9.0,2.0,2.0,0.0,0.0,7.0,12.0,Desconocido
League 1,,,,False,2026-03-28,,1373.0,Exeter,Leyton Orient,0.0,0.0,,,6.0,3.0,2.0,3.0,0.0,0.0,14.0,12.0,Desconocido
National League,43.0,,,False,2026-03-28,1823.0,,Gateshead,Yeovil,2.0,1.0,,,,,3.0,3.0,0.0,1.0,,,Desconocido
La Liga 2,,,,False,2026-03-28,22018.0,726.0,Granada,Huesca,4.0,2.0,,,2.0,6.0,2.0,4.0,0.0,0.0,7.0,14.0,Desconocido
Friendly,10,World,,False,2026-03-28,2386,28,Haiti,Tunisia,0.0,1.0,,,,,,,,,,,Desconocido
National League,43.0,,,False,2026-03-28,,1340.0,Halifax,Scunthorpe,1.0,2.0,,,,,3.0,2.0,0.0,0.0,,,Desconocido
League 1 Escocia,,,,False,2026-03-28,,6773.0,Hamilton,Kelty Hearts,1.0,2.0,,,11.0,6.0,3.0,1.0,0.0,0.0,9.0,6.0,Desconocido
League 2,,,,False,2026-03-28,,1376.0,Harrogate,Notts County,0.0,2.0,,,3.0,7.0,1.0,0.0,0.0,0.0,8.0,15.0,Desconocido
Friendly,10,World,,False,2026-03-28,769,1091,Hungary,Slovenia,1.0,0.0,,,,,,,,,,,"Rohit Saggi, Norway"
Friendly,,,,False,2026-03-28,1501.0,17.0,Ivory Coast,South Korea,4.0,0.0,,,,,,,,,,,Desconocido
Friendly,10,World,,False,2026-03-28,1554,1490,Kyrgyzstan,Madagascar,2.0,5.0,,,,,,,,,,,Desconocido
La Liga 2,141,Spain,,False,2026-03-28,535,537,Malaga,Leganes,0.0,0.0,,,9.0,5.0,0.0,3.0,0.0,0.0,20.0,10.0,S. Muresan
Friendly,10,World,,False,2026-03-28,16,27,Mexico,Portugal,0.0,0.0,,,,,,,,,,,"Walter Lopez, Guatemala"
National League,43.0,,,False,2026-03-28,1375.0,,Morecambe,Aldershot,0.0,2.0,,,,,0.0,1.0,0.0,0.0,,,Desconocido
Championship Escocia,180,Scotland,,False,2026-03-28,1383,4249,Morton,Arbroath,2.0,1.0,,,1.0,4.0,2.0,1.0,0.0,0.0,9.0,14.0,C. Scott
FIFA Series,1222,World,,False,2026-03-28,1493,1524,Namibia,Comoros,0.0,0.0,,,,,,,,,,,Desconocido
League 2,42,England,,False,2026-03-28,1367,1352,Newport County,Shrewsbury,1.0,0.0,,,6.0,4.0,2.0,3.0,0.0,0.0,7.0,3.0,E. Bell
FIFA Series,,,,False,2026-03-28,5539.0,,Puerto Rico,United States Virgin Islands,2.0,0.0,,,,,,,,,,,Desconocido
League 1,41,England,,False,2026-03-28,53,61,Reading,Wigan,3.0,0.0,,,3.0,9.0,0.0,0.0,0.0,0.0,13.0,6.0,S. Copeland
League 2,,,,False,2026-03-28,,1348.0,Salford,Milton Keynes Dons,1.0,0.0,,,5.0,3.0,1.0,2.0,0.0,1.0,12.0,11.0,Desconocido
Friendly,10,World,,False,2026-03-28,1115,1098,San Marino,Faroe Islands,1.0,2.0,,,,,,,,,,,A. Kyriakos
Friendly,10,World,,False,2026-03-28,1108,12,Scotland,Japan,0.0,1.0,,,,,,,,,,,"Shaun Evans, Australia"
Friendly,10,World,,False,2026-03-28,13,30,Senegal,Peru,2.0,0.0,,,,,,,,,,,Desconocido
National League,43.0,,,False,2026-03-28,,4700.0,Solihull,Altrincham,1.0,0.0,,,,,3.0,2.0,0.0,0.0,,,Desconocido
La Liga 2,,,,False,2026-03-28,,,Sp Gijon,La Coruna,1.0,1.0,,,7.0,12.0,1.0,3.0,0.0,0.0,8.0,17.0,Desconocido
League 2 Escocia,184,Scotland,,False,2026-03-28,6781,6765,Spartans,East Kilbride,1.0,1.0,,,6.0,4.0,3.0,0.0,1.0,0.0,8.0,10.0,Desconocido
Championship Escocia,,,,False,2026-03-28,,,St Johnstone,Queens Park,1.0,1.0,,,7.0,2.0,2.0,2.0,0.0,0.0,13.0,3.0,Desconocido
League 2 Escocia,,,,False,2026-03-28,,6766.0,Stirling,Edinburgh City,1.0,0.0,,,7.0,6.0,1.0,3.0,0.0,0.0,12.0,9.0,Desconocido
League 1,,,,False,2026-03-28,,1333.0,Stockport,AFC Wimbledon,3.0,0.0,,,3.0,8.0,1.0,0.0,0.0,0.0,10.0,10.0,Desconocido
National League,43.0,,,False,2026-03-28,,1339.0,Sutton,Rochdale,1.0,2.0,,,,,2.0,2.0,1.0,0.0,,,Desconocido
League 2,,,,False,2026-03-28,,1336.0,Swindon,Fleetwood Town,1.0,1.0,,,6.0,9.0,3.0,4.0,0.0,0.0,9.0,15.0,Desconocido
National League,43.0,,,False,2026-03-28,,1830.0,Truro,Boreham Wood,0.0,0.0,,,,,2.0,0.0,0.0,0.0,,,Desconocido
Friendly,,,,False,2026-03-28,,1.0,United States,Belgium,2.0,5.0,,,,,,,,,,,Desconocido
La Liga 2,141,Spain,,False,2026-03-28,720,9580,Valladolid,Burgos,0.0,1.0,,,6.0,1.0,2.0,5.0,0.0,0.0,11.0,7.0,G. Etayo
League 1,41,England,,False,2026-03-28,1358,1351,Wycombe,Port Vale,4.0,0.0,,,9.0,1.0,1.0,2.0,0.0,0.0,21.0,10.0,D. Drysdale
National League,43.0,,,False,2026-03-28,1828.0,1836.0,York,Woking,1.0,0.0,,,,,2.0,3.0,0.0,0.0,,,Desconocido
Friendly,10,World,,False,2026-03-27,1532,5161,Algeria,Guatemala,7.0,0.0,,,,,,,,,,,"Andrea Colombo, Italy"
Friendly,10,World,,False,2026-03-27,26,1491,Argentina,Mauritania,2.0,1.0,,,,,,,,,,,D. Lopez
FIFA Series,1222,World,,False,2026-03-27,20,1530,Australia,Cameroon,1.0,0.0,,,,,,,,,,,Desconocido
Friendly,10,World,,False,2026-03-27,775,1504,Austria,Ghana,5.0,1.0,,,,,,,,,,,"Mohammed Khled Hoish, Saudi Arabia"
FIFA Series,,,,False,2026-03-27,1096.0,,Azerbaijan,Saint Lucia,6.0,1.0,,,,,,,,,,,Desconocido
CONCACAF Series,1207,World,,False,2026-03-27,5528,10985,Belize,Sint Maarten,2.0,3.0,,,,,,,,,,,Desconocido
FIFA Series,,,,False,2026-03-27,,,Chile,Cape Verde,4.0,2.0,,,,,,,,,,,Desconocido
FIFA Series,1222,World,,False,2026-03-27,1566,5530,China,Curaçao,2.0,0.0,,,,,,,,,,,Desconocido
La Liga 2,141,Spain,,False,2026-03-27,713,799,Cordoba,Mirandes,2.0,2.0,,,4.0,3.0,3.0,2.0,0.0,0.0,20.0,13.0,A. Fuentes
Friendly,,,,False,2026-03-27,29.0,,Costa Rica,Jordan,2.0,2.0,,,,,,,,,,,Desconocido
Friendly,10,World,,False,2026-03-27,10,7,England,Uruguay,1.0,1.0,,,,,,,,,,,"Sven Jablonski, Germany"
Friendly,10,World,,False,2026-03-27,1117,2380,Greece,Paraguay,0.0,1.0,,,,,,,,,,,"Daniele Chiffi, Italy"
"Morocco, Capital of African Football",10,World,,False,2026-03-27,1509,1534,Guinea,Togo,2.0,2.0,,,,,,,,,,,Desconocido
CONCACAF Series,1207,World,,False,2026-03-27,5162,5531,Guyana,Dominica,2.0,0.0,,,,,,,,,,,Desconocido
FIFA Series,,,,False,2026-03-27,1571.0,,Indonesia,Saint Kitts and Nevis,4.0,0.0,,,,,,,,,,,Desconocido
League 1 Escocia,,,,False,2026-03-27,,,Inverness C,Queen of Sth,1.0,1.0,,,2.0,2.0,2.0,3.0,0.0,0.0,13.0,5.0,Desconocido
Friendly,10,World,,False,2026-03-27,22,19,Iran,Nigeria,1.0,2.0,,,,,,,,,,,Desconocido
FIFA Series,1222,World,,False,2026-03-27,1511,1101,Kenya,Estonia,1.0,1.0,,,,,,,,,,,Desconocido
"Morocco, Capital of African Football",,,,False,2026-03-27,,,Liberia,Benin,0.0,1.0,,,,,,,,,,,Desconocido
"Morocco, Capital of African Football",10,World,,False,2026-03-27,1526,1505,Libya,Niger,0.0,0.0,,,,,,,,,,,Desconocido
Friendly,10,World,,False,2026-03-27,1109,1110,Montenegro,Andorra,2.0,0.0,,,,,,,,,,,"Enea Jorgji, Albania"
Friendly,10,World,,False,2026-03-27,31,2382,Morocco,Ecuador,1.0,1.0,,,,,,,,,,,"José Luis Munuera Montero, Spain"
Friendly,10,World,,False,2026-03-27,1118,1090,Netherlands,Norway,2.0,1.0,,,,,,,,,,,"Lawrence Visser, Belgium"
FIFA Series,1222,World,,False,2026-03-27,4673,1099,New Zealand,Finland,0.0,2.0,,,,,,,,,,,Desconocido
Championship Escocia,180,Scotland,,False,2026-03-27,901,902,Partick,Ross County,3.0,1.0,,,8.0,2.0,0.0,1.0,0.0,0.0,9.0,7.0,C. Graham
Championship Escocia,,,,False,2026-03-27,,,Raith Rvs,Ayr,3.0,0.0,,,6.0,4.0,1.0,1.0,0.0,0.0,10.0,6.0,Desconocido
Friendly,10,World,,False,2026-03-27,4,5164,Russia,Nicaragua,3.0,1.0,,,,,,,,,,,A. Khudoyberganov
FIFA Series,1222,World,,False,2026-03-27,1514,5533,Rwanda,Grenada,4.0,0.0,,,,,,,,,,,Desconocido
Friendly,10,World,,False,2026-03-27,23,32,Saudi Arabia,Egypt,0.0,4.0,,,,,,,,,,,A. Al Athbah
FIFA Series,1222,World,,False,2026-03-27,5165,1103,Solomon Islands,Bulgaria,2.0,10.0,,,,,,,,,,,Desconocido
Friendly,10,World,,False,2026-03-27,1531,11,South Africa,Panama,1.0,1.0,,,,,,,,,,,T. Ketshabile
Friendly,10,World,,False,2026-03-27,9,14,Spain,Serbia,3.0,0.0,,,,,,,,,,,"Luís Godinho, Portugal"
Friendly,10,World,,False,2026-03-27,15,25,Switzerland,Germany,3.0,4.0,,,,,,,,,,,"Chris Kavanagh, England"
FIFA Series,1222,World,,False,2026-03-27,1568,1503,Uzbekistan,Gabon,3.0,1.0,,,,,,,,,,,Desconocido
FIFA Series,1222,World,,False,2026-03-27,2379,5168,Venezuela,Trinidad and Tobago,4.0,1.0,,,,,,,,,,,Desconocido
FIFA Series,1222,World,,False,2026-03-26,8167,1544,Aruba,Macau,4.0,1.0,,,,,,,,,,,Desconocido
CONCACAF Series,1207,World,,False,2026-03-26,5157,8150,Bahamas,Anguilla,1.0,3.0,,,,,,,,,,,Desconocido
FIFA World Cup qualification,37,World,,False,2026-03-26,2381,8171,Bolivia,Suriname,2.0,1.0,,,,,,,,,,,A. Faghani
CONCACAF Series,,,,False,2026-03-26,,,Bonaire,Saint Vincent and the Grenadines,3.0,1.0,,,,,,,,,,,Desconocido
Friendly,10,World,,False,2026-03-26,6,2,Brazil,France,1.0,2.0,,,,,,,,,,,"Ismail Elfath, USA"
CONCACAF Series,1207,World,,False,2026-03-26,8169,8168,Cayman Islands,British Virgin Islands,1.0,1.0,,,,,,,,,,,Desconocido
Friendly,10,World,,False,2026-03-26,8,3,Colombia,Croatia,1.0,2.0,,,,,,,,,,,"Rubiel Vazquez, USA"
Friendly,10,World,,False,2026-03-26,1106,1100,Cyprus,Belarus,0.0,1.0,,,,,,,,,,,"Milos Milanovic, Serbia"
FIFA World Cup qualification,,,,False,2026-03-26,,,Czech Republic,Republic of Ireland,2.0,2.0,,,,,,,,,,,Desconocido
FIFA World Cup qualification,,,,False,2026-03-26,21.0,,Denmark,North Macedonia,4.0,0.0,,,,,,,,,,,Desconocido
CONCACAF Series,1207,World,,False,2026-03-26,5532,5159,Dominican Republic,El Salvador,2.0,2.0,,,,,,,,,,,Desconocido
Friendly,10,World,,False,2026-03-26,1104,1116,Georgia,Israel,2.0,2.0,,,,,,,,,,,"Julian Weinberger, Austria"
FIFA World Cup qualification,32,World,,False,2026-03-26,768,771,Italy,Northern Ireland,2.0,0.0,,,,,,,,,,,D. Makkelie
CONCACAF Series,1207,World,,False,2026-03-26,8117,2388,Martinique,Cuba,2.0,2.0,,,,,,,,,,,Desconocido
Friendly,10,World,,False,2026-03-26,1114,1097,Moldova,Lithuania,0.0,2.0,,,,,,,,,,,Desconocido
FIFA World Cup qualification,,,,False,2026-03-26,5163.0,,New Caledonia,Jamaica,0.0,1.0,,,,,,,,,,,Desconocido
FIFA World Cup qualification,32,World,,False,2026-03-26,24,778,Poland,Albania,2.0,1.0,,,,,,,,,,,A. Taylor
CONCACAF Series,1207,World,,False,2026-03-26,10984,5527,Saint Martin,Barbados,3.0,1.0,,,,,,,,,,,Desconocido
FIFA World Cup qualification,32,World,,False,2026-03-26,773,1111,Slovakia,Kosovo,3.0,4.0,,,,,,,,,,,E. Eskas
FIFA Series,1222,World,,False,2026-03-26,1489,1107,Tanzania,Liechtenstein,0.0,1.0,,,,,,,,,,,Desconocido
FIFA World Cup qualification,,,,False,2026-03-26,,,Turkey,Romania,1.0,0.0,,,,,,,,,,,Desconocido
FIFA World Cup qualification,32,World,,False,2026-03-26,772,5,Ukraine,Sweden,1.0,3.0,,,,,,,,,,,J. Pinheiro
Friendly,10,World,,False,2026-03-26,1542,1560,Vietnam,Bangladesh,3.0,0.0,,,,,,,,,,,Desconocido
FIFA World Cup qualification,,,,False,2026-03-26,767.0,,Wales,Bosnia and Herzegovina,1.0,1.0,,,,,,,,,,,Desconocido
Friendly,,,,False,2026-03-25,,,Bermuda,DR Congo,0.0,2.0,,,,,,,,,,,Desconocido
Friendly,,,,False,2026-03-25,1521.0,,Equatorial Guinea,Kyrgyzstan,1.0,0.0,,,,,,,,,,,Desconocido
FIFA Series,1222,World,,False,2026-03-25,1095,1493,Kazakhstan,Namibia,2.0,0.0,,,,,,,,,,,Desconocido
National League,43.0,,,False,2026-03-25,1375.0,1366.0,Morecambe,Hartlepool,2.0,3.0,,,,,1.0,2.0,0.0,0.0,,,Desconocido
FIFA Series,1222,World,,False,2026-03-25,5539,8119,Puerto Rico,Guam,4.0,0.0,,,,,,,,,,,Desconocido
National League,43.0,,,False,2026-03-25,1340.0,1339.0,Scunthorpe,Rochdale,2.0,2.0,,,,,1.0,1.0,0.0,0.0,,,Desconocido
National League,43.0,,,False,2026-03-25,1341.0,1836.0,Southend,Woking,1.0,1.0,,,,,1.0,1.0,0.0,0.0,,,Desconocido
National League,43.0,,,False,2026-03-25,7752.0,1378.0,Tamworth,Forest Green,1.0,0.0,,,,,1.0,1.0,0.0,0.0,,,Desconocido
National League,43.0,,,False,2026-03-25,,,Truro,Solihull,1.0,1.0,,,,,1.0,2.0,0.0,0.0,,,Desconocido
FIFA Series,,,,False,2026-03-25,,,United States Virgin Islands,American Samoa,5.0,2.0,,,,,,,,,,,Desconocido
National League,43.0,,,False,2026-03-25,8663.0,,Wealdstone,Yeovil,0.0,2.0,,,,,1.0,1.0,0.0,1.0,,,Desconocido
National League,43.0,,,False,2026-03-24,,1830.0,Aldershot,Boreham Wood,1.0,2.0,,,,,3.0,2.0,0.0,0.0,,,Desconocido
National League,43.0,,,False,2026-03-24,,4700.0,Boston Utd,Altrincham,2.0,2.0,,,,,6.0,3.0,0.0,0.0,,,Desconocido
National League,43.0,,,False,2026-03-24,4701.0,,Brackley Town,Braintree Town,1.0,1.0,,,,,0.0,3.0,0.0,0.0,,,Desconocido
League 1,41,England,,False,2026-03-24,1354,1351,Doncaster,Port Vale,1.0,0.0,,,4.0,1.0,3.0,0.0,0.0,0.0,12.0,5.0,M. Barlow
National League,43.0,,,False,2026-03-24,1822.0,,Eastleigh,Sutton,0.0,2.0,,,,,0.0,2.0,1.0,0.0,,,Desconocido
League 2 Escocia,,,,False,2026-03-24,,,Elgin,Forfar,2.0,0.0,,,5.0,1.0,1.0,2.0,0.0,0.0,6.0,6.0,Desconocido
National League,43.0,,,False,2026-03-24,1823.0,1828.0,Gateshead,York,3.0,1.0,,,,,3.0,2.0,0.0,0.0,,,Desconocido
National League,43.0,,,False,2026-03-24,,1371.0,Halifax,Carlisle,0.0,1.0,,,,,2.0,3.0,0.0,0.0,,,Desconocido
League 2,42,England,,False,2026-03-24,1349,1376,Oldham,Notts County,3.0,0.0,,,7.0,1.0,0.0,2.0,0.0,1.0,12.0,4.0,A. Humphries
Championship Escocia,,,,False,2026-03-24,,901.0,Raith Rvs,Partick,0.0,2.0,,,7.0,4.0,2.0,4.0,0.0,0.0,10.0,8.0,Desconocido
League 2 Escocia,184,Scotland,,False,2026-03-24,6785,6762,Stranraer,Clyde,3.0,1.0,,,9.0,1.0,1.0,1.0,0.0,0.0,17.0,7.0,Desconocido
La Liga 2,,,,False,2026-03-23,,725.0,Castellon,Cultural Leonesa,1.0,1.0,,,1.0,4.0,3.0,5.0,0.0,0.0,13.0,14.0,Desconocido
Super League Greece,,,,False,2026-03-22,,5050.0,AEK,Kifisia,3.0,0.0,,,3.0,5.0,1.0,4.0,0.0,0.0,12.0,14.0,Desconocido
Primeira Liga,94.0,,,False,2026-03-22,4724.0,,Alverca,Sp Lisbon,1.0,4.0,,,3.0,1.0,1.0,2.0,0.0,0.0,12.0,15.0,Desconocido
Jupiler Pro League,144.0,,,False,2026-03-22,554.0,741.0,Anderlecht,Cercle Brugge,2.0,3.0,,,8.0,7.0,1.0,2.0,0.0,0.0,16.0,14.0,Desconocido
Super League Greece,,,,False,2026-03-22,3408.0,,Aris,OFI Crete,0.0,2.0,,,7.0,3.0,4.0,3.0,0.0,0.0,35.0,8.0,Desconocido
Super League Greece,197,Greece,,False,2026-03-22,955,617,Asteras Tripolis,Panathinaikos,1.0,2.0,,,2.0,5.0,1.0,1.0,0.0,0.0,8.0,12.0,A. Papapetrou
Premier League,569.0,,,False,2026-03-22,66.0,48.0,Aston Villa,West Ham,2.0,0.0,,,6.0,6.0,0.0,1.0,0.0,0.0,23.0,9.0,Desconocido
Serie A,71.0,,,False,2026-03-22,499.0,,Atalanta,Verona,1.0,0.0,,,2.0,4.0,1.0,3.0,0.0,0.0,11.0,12.0,Desconocido
La Liga,140.0,,,False,2026-03-22,,,Ath Bilbao,Betis,2.0,1.0,,,6.0,5.0,1.0,1.0,0.0,0.0,11.0,11.0,Desconocido
Bundesliga,218.0,,,False,2026-03-22,,,Augsburg,Stuttgart,2.0,5.0,,,2.0,5.0,1.0,3.0,0.0,0.0,13.0,13.0,Desconocido
La Liga,140.0,,,False,2026-03-22,529.0,,Barcelona,Vallecano,1.0,0.0,,,6.0,9.0,3.0,4.0,0.0,0.0,15.0,8.0,Desconocido
Serie B,72.0,,,False,2026-03-22,508.0,1581.0,Bari,Carrarese,0.0,3.0,,,12.0,6.0,0.0,2.0,0.0,0.0,12.0,14.0,Desconocido
Bundesliga 2,,,,False,2026-03-22,,191.0,Bochum,Holstein Kiel,2.0,3.0,,,2.0,3.0,4.0,5.0,1.0,1.0,20.0,10.0,Desconocido
Serie A,71.0,,,False,2026-03-22,500.0,487.0,Bologna,Lazio,0.0,2.0,,,2.0,1.0,1.0,1.0,0.0,0.0,15.0,9.0,Desconocido
La Liga 2,141,Spain,,False,2026-03-22,9580,713,Burgos,Cordoba,4.0,0.0,,,5.0,15.0,2.0,4.0,0.0,0.0,9.0,14.0,A. Ojaos
La Liga,140.0,,,False,2026-03-22,,542.0,Celta,Alaves,3.0,4.0,,,4.0,1.0,2.0,2.0,0.0,0.0,12.0,14.0,Desconocido
Jupiler Pro League,144.0,,,False,2026-03-22,,,Club Brugge,Mechelen,4.0,1.0,,,15.0,2.0,0.0,1.0,0.0,0.0,24.0,5.0,Desconocido
Serie A,71.0,,,False,2026-03-22,895.0,801.0,Como,Pisa,5.0,0.0,,,7.0,1.0,0.0,2.0,0.0,0.0,14.0,7.0,Desconocido
Jupiler Pro League,144.0,,,False,2026-03-22,6215.0,631.0,Dender,Gent,1.0,3.0,,,6.0,3.0,1.0,2.0,0.0,0.0,15.0,12.0,Desconocido
Premiership Escocia,,,,False,2026-03-22,,247.0,Dundee United,Celtic,2.0,0.0,,,7.0,6.0,2.0,2.0,0.0,0.0,19.0,13.0,Desconocido
Serie B,72.0,,,False,2026-03-22,511.0,525.0,Empoli,Pescara,4.0,2.0,,,6.0,9.0,2.0,2.0,0.0,1.0,24.0,13.0,Desconocido
Primeira Liga,94.0,,,False,2026-03-22,230.0,226.0,Estoril,Rio Ave,1.0,2.0,,,11.0,7.0,2.0,3.0,0.0,0.0,13.0,13.0,Desconocido
Eredivisie,88.0,,,False,2026-03-22,209.0,194.0,Feyenoord,Ajax,1.0,1.0,,,5.0,1.0,1.0,3.0,0.0,0.0,14.0,5.0,Desconocido
Serie A,71.0,,,False,2026-03-22,502.0,505.0,Fiorentina,Inter,1.0,1.0,,,3.0,5.0,3.0,3.0,0.0,0.0,16.0,12.0,Desconocido
Bundesliga 2,,,,False,2026-03-22,,,Fortuna Dusseldorf,Hertha,2.0,5.0,,,6.0,1.0,3.0,2.0,0.0,0.0,16.0,12.0,Desconocido
Eredivisie,88.0,,,False,2026-03-22,202.0,201.0,Groningen,AZ Alkmaar,3.0,0.0,,,2.0,7.0,1.0,1.0,0.0,0.0,15.0,16.0,Desconocido
La Liga 2,,,,False,2026-03-22,534.0,,Las Palmas,Sp Gijon,1.0,0.0,,,7.0,8.0,1.0,0.0,0.0,0.0,19.0,9.0,Desconocido
Super League Greece,,,,False,2026-03-22,,12260.0,Levadeiakos,Atromitos,1.0,0.0,,,3.0,4.0,4.0,3.0,0.0,0.0,10.0,13.0,Desconocido
Ligue 1,61.0,,,False,2026-03-22,80.0,91.0,Lyon,Monaco,1.0,2.0,,,2.0,6.0,1.0,3.0,1.0,0.0,15.0,21.0,Desconocido
Bundesliga,218.0,,,False,2026-03-22,,,Mainz,Ein Frankfurt,2.0,1.0,,,5.0,3.0,2.0,1.0,0.0,0.0,8.0,12.0,Desconocido
Ligue 1,61.0,,,False,2026-03-22,81.0,79.0,Marseille,Lille,1.0,2.0,,,6.0,4.0,1.0,3.0,0.0,0.0,14.0,11.0,Desconocido
La Liga 2,141,Spain,,False,2026-03-22,799,720,Mirandes,Valladolid,2.0,1.0,,,8.0,4.0,1.0,2.0,0.0,0.0,15.0,14.0,C. Muniz
Ligue 1,61.0,,,False,2026-03-22,83.0,95.0,Nantes,Strasbourg,2.0,3.0,,,3.0,6.0,3.0,3.0,0.0,0.0,14.0,13.0,Desconocido
Premier League,569.0,,,False,2026-03-22,34.0,746.0,Newcastle,Sunderland,1.0,2.0,,,9.0,5.0,1.0,6.0,0.0,0.0,16.0,17.0,Desconocido
Eredivisie,88.0,,,False,2026-03-22,,210.0,Nijmegen,Heerenveen,2.0,2.0,,,6.0,2.0,0.0,0.0,0.0,0.0,22.0,11.0,Desconocido
Super League Greece,,,,False,2026-03-22,3415.0,953.0,Olympiakos,Larisa,0.0,0.0,,,10.0,0.0,0.0,3.0,0.0,0.0,35.0,3.0,Desconocido
Jupiler Pro League,144.0,,,False,2026-03-22,,740.0,Oud-Heverlee Leuven,Antwerp,1.0,0.0,,,5.0,5.0,3.0,5.0,0.0,1.0,17.0,6.0,Desconocido
Super League Greece,197,Greece,,False,2026-03-22,949,2099,Panetolikos,Panserraikos,0.0,0.0,,,9.0,1.0,2.0,2.0,0.0,0.0,22.0,9.0,A. Evangelou
Ligue 1,61.0,,,False,2026-03-22,114.0,111.0,Paris FC,Le Havre,3.0,2.0,,,9.0,5.0,0.0,1.0,1.0,0.0,15.0,20.0,Desconocido
Bundesliga 2,,,,False,2026-03-22,1313.0,,Preußen Münster,Magdeburg,1.0,3.0,,,6.0,3.0,2.0,2.0,0.0,0.0,14.0,8.0,Desconocido
Jupiler Pro League,144.0,,,False,2026-03-22,,742.0,RAAL La Louviere,Genk,5.0,5.0,,,10.0,3.0,2.0,1.0,0.0,0.0,18.0,14.0,Desconocido
La Liga,140.0,,,False,2026-03-22,541.0,,Real Madrid,Ath Madrid,3.0,2.0,,,4.0,1.0,1.0,4.0,1.0,0.0,17.0,13.0,Desconocido
Ligue 1,61.0,,,False,2026-03-22,94.0,112.0,Rennes,Metz,0.0,0.0,,,8.0,2.0,1.0,3.0,0.0,0.0,25.0,7.0,Desconocido
Serie A,71.0,,,False,2026-03-22,,867.0,Roma,Lecce,1.0,0.0,,,10.0,2.0,2.0,2.0,0.0,0.0,14.0,8.0,Desconocido
Serie B,72.0,,,False,2026-03-22,498.0,528.0,Sampdoria,Avellino,2.0,1.0,,,9.0,3.0,3.0,4.0,0.0,0.0,10.0,3.0,Desconocido
La Liga 2,,,,False,2026-03-22,,22018.0,Sociedad B,Granada,0.0,2.0,,,7.0,5.0,5.0,5.0,0.0,0.0,18.0,9.0,Desconocido
Primeira Liga,94.0,,,False,2026-03-22,,,Sp Braga,Porto,1.0,2.0,,,3.0,5.0,4.0,5.0,0.0,0.0,6.0,12.0,Desconocido
Bundesliga,218.0,,,False,2026-03-22,,,St Pauli,Freiburg,1.0,2.0,,,3.0,2.0,1.0,1.0,0.0,0.0,12.0,15.0,Desconocido
Jupiler Pro League,144.0,,,False,2026-03-22,,,St Truiden,St. Gilloise,1.0,3.0,,,5.0,5.0,0.0,0.0,0.0,0.0,9.0,18.0,Desconocido
Jupiler Pro League,144.0,,,False,2026-03-22,,,Standard,Westerlo,0.0,0.0,,,6.0,9.0,3.0,1.0,0.0,0.0,7.0,21.0,Desconocido
Serie B,72.0,,,False,2026-03-22,1578.0,512.0,Sudtirol,Frosinone,1.0,3.0,,,3.0,4.0,2.0,6.0,0.0,0.0,16.0,7.0,Desconocido
Eredivisie,88.0,,,False,2026-03-22,427.0,197.0,Telstar,PSV Eindhoven,3.0,1.0,,,1.0,12.0,1.0,1.0,0.0,1.0,13.0,18.0,Desconocido
Premier League,569.0,,,False,2026-03-22,47.0,,Tottenham,Nott'm Forest,0.0,3.0,,,13.0,3.0,1.0,2.0,0.0,0.0,14.0,8.0,Desconocido
Eredivisie,88.0,,,False,2026-03-22,207.0,,Utrecht,Go Ahead Eagles,2.0,0.0,,,2.0,5.0,2.0,1.0,0.0,0.0,22.0,11.0,Desconocido
Serie B,72.0,,,False,2026-03-22,527.0,880.0,Virtus Entella,Reggiana,3.0,0.0,,,8.0,3.0,2.0,6.0,0.0,1.0,19.0,11.0,Desconocido
Super League Greece,197,Greece,,False,2026-03-22,2110,619,Volos NFC,PAOK,2.0,1.0,,,3.0,6.0,4.0,0.0,0.0,0.0,9.0,9.0,F. Polychronis
Jupiler Pro League,144.0,,,False,2026-03-22,,736.0,Waregem,Charleroi,1.0,0.0,,,4.0,10.0,1.0,2.0,0.0,0.0,10.0,12.0,Desconocido
League 1,,,,False,2026-03-21,1333.0,,AFC Wimbledon,Peterboro,1.0,1.0,,,11.0,2.0,2.0,3.0,0.0,0.0,24.0,10.0,Desconocido
League 2,,,,False,2026-03-21,,1345.0,Accrington,Chesterfield,0.0,1.0,,,4.0,7.0,2.0,1.0,0.0,0.0,14.0,13.0,Desconocido
League 1 Escocia,,,,False,2026-03-21,,,Alloa,Inverness C,1.0,1.0,,,4.0,6.0,3.0,0.0,0.0,1.0,7.0,10.0,Desconocido
National League,43.0,,,False,2026-03-21,4700.0,1341.0,Altrincham,Southend,1.0,0.0,,,,,3.0,2.0,0.0,0.0,,,Desconocido
La Liga 2,,,,False,2026-03-21,1110.0,545.0,Andorra,Eibar,0.0,1.0,,,5.0,4.0,4.0,4.0,0.0,0.0,14.0,5.0,Desconocido
Championship Escocia,,,,False,2026-03-21,4249.0,,Arbroath,Queens Park,1.0,0.0,,,8.0,2.0,2.0,2.0,0.0,0.0,1.0,7.0,Desconocido
Ligue 1,61.0,,,False,2026-03-21,108.0,,Auxerre,Brest,3.0,0.0,,,6.0,3.0,0.0,4.0,1.0,0.0,11.0,9.0,Desconocido
Championship Escocia,,,,False,2026-03-21,,1383.0,Ayr,Morton,0.0,1.0,,,9.0,3.0,4.0,3.0,0.0,0.0,12.0,6.0,Desconocido
League 1,41,England,,False,2026-03-21,747,1354,Barnsley,Doncaster,0.0,1.0,,,4.0,2.0,2.0,2.0,0.0,0.0,17.0,9.0,D. Rock
Bundesliga,218.0,,,False,2026-03-21,,182.0,Bayern Munich,Union Berlin,4.0,0.0,,,12.0,1.0,1.0,2.0,0.0,0.0,31.0,5.0,Desconocido
Primeira Liga,94.0,,,False,2026-03-21,211.0,224.0,Benfica,Guimaraes,3.0,0.0,,,4.0,8.0,0.0,1.0,0.0,0.0,12.0,16.0,Desconocido
Championship,407.0,,,False,2026-03-21,67.0,70.0,Blackburn,Middlesbrough,0.0,0.0,,,3.0,11.0,0.0,2.0,0.0,0.0,5.0,12.0,Desconocido
National League,43.0,,,False,2026-03-21,1830.0,1823.0,Boreham Wood,Gateshead,3.0,0.0,,,,,1.0,2.0,0.0,0.0,,,Desconocido
National League,43.0,,,False,2026-03-21,,1340.0,Braintree Town,Scunthorpe,2.0,3.0,,,,,5.0,3.0,0.0,0.0,,,Desconocido
Premier League,569.0,,,False,2026-03-21,51.0,40.0,Brighton,Liverpool,2.0,1.0,,,4.0,8.0,5.0,5.0,0.0,0.0,16.0,12.0,Desconocido
Championship,407.0,,,False,2026-03-21,56.0,60.0,Bristol City,West Brom,0.0,1.0,,,5.0,4.0,1.0,1.0,0.0,0.0,4.0,19.0,Desconocido
League 2,42,England,,False,2026-03-21,1832,1361,Bromley,Colchester,1.0,0.0,,,5.0,7.0,2.0,3.0,0.0,0.0,19.0,18.0,O. Yates
League 1,,,,False,2026-03-21,,1343.0,Burton,Bradford,2.0,1.0,,,3.0,8.0,1.0,5.0,0.0,0.0,10.0,11.0,Desconocido
La Liga 2,141,Spain,,False,2026-03-21,724,535,Cadiz,Malaga,0.0,3.0,,,4.0,2.0,2.0,0.0,0.0,0.0,7.0,20.0,S. Lax
League 2,,,,False,2026-03-21,,,Cambridge,Salford,1.0,0.0,,,5.0,3.0,2.0,4.0,0.0,0.0,12.0,9.0,Desconocido
League 1,41,England,,False,2026-03-21,43,1356,Cardiff,Blackpool,0.0,0.0,,,11.0,2.0,2.0,3.0,0.0,0.0,26.0,6.0,S. Parkinson
National League,43.0,,,False,2026-03-21,1371.0,,Carlisle,Boston Utd,6.0,2.0,,,,,1.0,5.0,0.0,1.0,,,Desconocido
Serie B,72.0,,,False,2026-03-21,509.0,1687.0,Cesena,Catanzaro,3.0,1.0,,,7.0,5.0,4.0,1.0,0.0,1.0,18.0,16.0,Desconocido
Championship,407.0,,,False,2026-03-21,1335.0,71.0,Charlton,Norwich,0.0,1.0,,,7.0,7.0,2.0,2.0,0.0,0.0,13.0,17.0,Desconocido
League 2 Escocia,184,Scotland,,False,2026-03-21,6762,6785,Clyde,Stranraer,2.0,1.0,,,2.0,5.0,2.0,1.0,0.0,0.0,13.0,11.0,Desconocido
League 1 Escocia,,,,False,2026-03-21,6763.0,,Cove Rangers,Hamilton,2.0,2.0,,,8.0,2.0,1.0,0.0,0.0,0.0,13.0,10.0,Desconocido
Bundesliga 2,,,,False,2026-03-21,,,Darmstadt,Schalke 04,1.0,1.0,,,11.0,5.0,1.0,2.0,0.0,0.0,10.0,16.0,Desconocido
Championship,407.0,,,False,2026-03-21,69.0,54.0,Derby,Birmingham,1.0,0.0,,,6.0,2.0,1.0,4.0,0.0,0.0,17.0,3.0,Desconocido
Bundesliga,218.0,,,False,2026-03-21,,,Dortmund,Hamburg,3.0,2.0,,,11.0,3.0,2.0,3.0,0.0,0.0,24.0,4.0,Desconocido
League 2 Escocia,184,Scotland,,False,2026-03-21,1382,6757,Dumbarton,Annan Athletic,2.0,1.0,,,6.0,3.0,2.0,0.0,0.0,0.0,13.0,10.0,Desconocido
League 2 Escocia,,,,False,2026-03-21,6765.0,,East Kilbride,Stirling,3.0,2.0,,,8.0,1.0,4.0,4.0,0.0,0.0,15.0,5.0,Desconocido
League 2 Escocia,,,,False,2026-03-21,6766.0,,Edinburgh City,Elgin,0.0,3.0,,,3.0,3.0,4.0,2.0,0.0,0.0,14.0,10.0,Desconocido
La Liga,140.0,,,False,2026-03-21,797.0,798.0,Elche,Mallorca,2.0,1.0,,,2.0,2.0,2.0,2.0,0.0,0.0,13.0,11.0,Desconocido
Bundesliga 2,,,,False,2026-03-21,,,Elversberg,Bielefeld,3.0,1.0,,,9.0,1.0,0.0,0.0,0.0,1.0,28.0,4.0,Desconocido
La Liga,140.0,,,False,2026-03-21,,546.0,Espanol,Getafe,1.0,2.0,,,12.0,9.0,2.0,7.0,0.0,0.0,15.0,10.0,Desconocido
Premier League,569.0,,,False,2026-03-21,45.0,49.0,Everton,Chelsea,3.0,0.0,,,3.0,9.0,0.0,2.0,0.0,0.0,10.0,12.0,Desconocido
Bundesliga,218.0,,,False,2026-03-21,,,FC Koln,M'gladbach,3.0,3.0,,,5.0,3.0,8.0,2.0,1.0,0.0,12.0,9.0,Desconocido
Premiership Escocia,,,,False,2026-03-21,1389.0,,Falkirk,St Mirren,1.0,2.0,,,7.0,4.0,1.0,2.0,0.0,0.0,11.0,11.0,Desconocido
Primeira Liga,94.0,,,False,2026-03-21,242.0,225.0,Famalicao,Nacional,1.0,0.0,,,7.0,6.0,3.0,3.0,0.0,0.0,14.0,10.0,Desconocido
League 2,42,England,,False,2026-03-21,1336,1362,Fleetwood Town,Crawley Town,1.0,0.0,,,4.0,10.0,2.0,0.0,0.0,0.0,11.0,10.0,M. Woods
Eredivisie,88.0,,,False,2026-03-21,,415.0,For Sittard,Twente,1.0,2.0,,,7.0,6.0,2.0,0.0,0.0,0.0,11.0,9.0,Desconocido
National League,43.0,,,False,2026-03-21,1378.0,8663.0,Forest Green,Wealdstone,2.0,0.0,,,,,2.0,3.0,0.0,0.0,,,Desconocido
League 2 Escocia,,,,False,2026-03-21,,6781.0,Forfar,Spartans,1.0,1.0,,,2.0,6.0,0.0,1.0,1.0,0.0,9.0,8.0,Desconocido
Premier League,569.0,,,False,2026-03-21,36.0,44.0,Fulham,Burnley,3.0,1.0,,,6.0,6.0,2.0,2.0,0.0,1.0,22.0,9.0,Desconocido
League 2,,,,False,2026-03-21,1347.0,,Gillingham,Bristol Rvs,1.0,2.0,,,4.0,5.0,2.0,3.0,1.0,0.0,9.0,18.0,Desconocido
League 2,42,England,,False,2026-03-21,1365,1819,Grimsby,Barrow,5.0,0.0,,,4.0,6.0,0.0,0.0,0.0,0.0,15.0,10.0,B. Speedie
Ligue 2,62.0,,,False,2026-03-21,90.0,93.0,Guingamp,Reims,0.0,2.0,,,6.0,6.0,5.0,2.0,0.0,0.0,16.0,11.0,Desconocido
National League,43.0,,,False,2026-03-21,1366.0,1822.0,Hartlepool,Eastleigh,1.0,0.0,,,,,2.0,1.0,0.0,0.0,,,Desconocido
Premiership Escocia,,,,False,2026-03-21,,253.0,Hearts,Dundee,1.0,0.0,,,4.0,7.0,1.0,2.0,1.0,0.0,15.0,8.0,Desconocido
Bundesliga,218.0,,,False,2026-03-21,,,Heidenheim,Leverkusen,3.0,3.0,,,2.0,5.0,4.0,4.0,0.0,0.0,9.0,14.0,Desconocido
Championship,407.0,,,False,2026-03-21,,,Hull,Sheffield Weds,3.0,1.0,,,4.0,4.0,3.0,1.0,0.0,0.0,9.0,7.0,Desconocido
Championship,407.0,,,False,2026-03-21,57.0,58.0,Ipswich,Millwall,1.0,1.0,,,9.0,8.0,1.0,2.0,0.0,0.0,17.0,13.0,Desconocido
Serie B,72.0,,,False,2026-03-21,863.0,515.0,Juve Stabia,Spezia,3.0,1.0,,,3.0,2.0,0.0,4.0,0.0,0.0,20.0,8.0,Desconocido
Serie A,71.0,,,False,2026-03-21,10019.0,488.0,Juventus,Sassuolo,1.0,1.0,,,9.0,4.0,1.0,2.0,0.0,0.0,18.0,7.0,Desconocido
Premiership Escocia,179,Scotland,,False,2026-03-21,250,255,Kilmarnock,Livingston,2.0,0.0,,,3.0,4.0,0.0,1.0,0.0,1.0,17.0,10.0,R. Lee
La Liga 2,,,,False,2026-03-21,,732.0,La Coruna,Zaragoza,2.0,1.0,,,7.0,1.0,3.0,3.0,0.0,0.0,15.0,10.0,Desconocido
Premier League,569.0,,,False,2026-03-21,63.0,55.0,Leeds,Brentford,0.0,0.0,,,6.0,2.0,2.0,0.0,0.0,0.0,14.0,6.0,Desconocido
La Liga 2,,,,False,2026-03-21,537.0,,Leganes,Ceuta,5.0,2.0,,,4.0,7.0,5.0,2.0,0.0,0.0,21.0,14.0,Desconocido
La Liga,140.0,,,False,2026-03-21,539.0,718.0,Levante,Oviedo,4.0,2.0,,,3.0,1.0,2.0,3.0,0.0,0.0,20.0,10.0,Desconocido
League 1,41,England,,False,2026-03-21,1373,1358,Leyton Orient,Wycombe,2.0,0.0,,,8.0,7.0,3.0,0.0,0.0,1.0,13.0,5.0,S. Mather
League 1,41,England,,False,2026-03-21,1379,73,Lincoln,Rotherham,3.0,0.0,,,7.0,4.0,0.0,1.0,0.0,0.0,16.0,5.0,C. Hicks
League 1,,,,False,2026-03-21,1359.0,,Luton,Stockport,1.0,1.0,,,8.0,6.0,1.0,2.0,0.0,0.0,13.0,10.0,Desconocido
League 1,,,,False,2026-03-21,,1337.0,Mansfield,Northampton,4.0,1.0,,,3.0,3.0,1.0,3.0,0.0,0.0,17.0,11.0,Desconocido
Serie A,71.0,,,False,2026-03-21,,503.0,Milan,Torino,3.0,2.0,,,4.0,6.0,3.0,1.0,0.0,0.0,15.0,19.0,Desconocido
League 2,42,England,,False,2026-03-21,1348,1369,Milton Keynes Dons,Barnet,1.0,3.0,,,4.0,6.0,1.0,2.0,0.0,0.0,11.0,10.0,D. Baines
Serie B,72.0,,,False,2026-03-21,899.0,1693.0,Modena,Mantova,2.0,1.0,,,1.0,4.0,1.0,4.0,0.0,0.0,9.0,8.0,Desconocido
Serie B,72.0,,,False,2026-03-21,1579.0,517.0,Monza,Venezia,1.0,1.0,,,10.0,1.0,1.0,0.0,0.0,0.0,18.0,8.0,Desconocido
Primeira Liga,94.0,,,False,2026-03-21,215.0,240.0,Moreirense,Arouca,0.0,1.0,,,3.0,7.0,1.0,2.0,0.0,0.0,7.0,14.0,Desconocido
Premiership Escocia,179,Scotland,,False,2026-03-21,256,249,Motherwell,Hibernian,0.0,0.0,,,2.0,4.0,3.0,4.0,0.0,0.0,7.0,7.0,D. Dickinson
Ligue 1,61.0,,,False,2026-03-21,84.0,,Nice,Paris SG,0.0,4.0,,,2.0,5.0,0.0,1.0,1.0,0.0,6.0,17.0,Desconocido
League 2,42,England,,False,2026-03-21,1376,1372,Notts County,Cheltenham,5.0,2.0,,,7.0,3.0,2.0,3.0,0.0,1.0,17.0,7.0,E. Bell
Bundesliga 2,,,,False,2026-03-21,,,Nurnberg,Kaiserslautern,3.0,0.0,,,11.0,1.0,1.0,3.0,0.0,0.0,21.0,6.0,Desconocido
League 2,,,,False,2026-03-21,1349.0,,Oldham,Harrogate,1.0,0.0,,,3.0,6.0,2.0,2.0,0.0,0.0,12.0,13.0,Desconocido
La Liga,140.0,,,False,2026-03-21,727.0,547.0,Osasuna,Girona,1.0,0.0,,,6.0,2.0,2.0,1.0,0.0,0.0,19.0,5.0,Desconocido
Bundesliga 2,,,,False,2026-03-21,,,Paderborn,Dresden,2.0,1.0,,,4.0,5.0,1.0,1.0,0.0,0.0,22.0,16.0,Desconocido
Serie B,72.0,,,False,2026-03-21,870.0,522.0,Padova,Palermo,0.0,1.0,,,9.0,4.0,3.0,1.0,1.0,1.0,14.0,11.0,Desconocido
Serie A,71.0,,,False,2026-03-21,523.0,520.0,Parma,Cremonese,0.0,2.0,,,3.0,1.0,3.0,3.0,0.0,0.0,8.0,7.0,Desconocido
League 1 Escocia,183,Scotland,,False,2026-03-21,6777,4251,Peterhead,Montrose,1.0,1.0,,,6.0,4.0,3.0,3.0,0.0,0.0,11.0,12.0,Desconocido
League 1,41,England,,False,2026-03-21,1357,37,Plymouth,Huddersfield,3.0,1.0,,,5.0,3.0,3.0,3.0,0.0,0.0,17.0,13.0,R. Ricardo
League 1,41,England,,False,2026-03-21,1351,68,Port Vale,Bolton,1.0,0.0,,,2.0,5.0,0.0,2.0,0.0,0.0,11.0,8.0,T. Reeves
Championship,407.0,,,False,2026-03-21,72.0,1355.0,QPR,Portsmouth,6.0,1.0,,,1.0,9.0,4.0,2.0,0.0,0.0,9.0,20.0,Desconocido
League 1 Escocia,,,,False,2026-03-21,,6764.0,Queen of Sth,East Fife,2.0,2.0,,,5.0,4.0,1.0,2.0,0.0,0.0,15.0,11.0,Desconocido
Championship Escocia,,,,False,2026-03-21,,,Raith Rvs,Airdrie Utd,3.0,1.0,,,6.0,0.0,0.0,1.0,0.0,0.0,16.0,8.0,Desconocido
Premiership Escocia,179,Scotland,,False,2026-03-21,257,252,Rangers,Aberdeen,4.0,1.0,,,2.0,4.0,0.0,4.0,0.0,0.0,18.0,6.0,M. MacDermid
National League,43.0,,,False,2026-03-21,1339.0,7752.0,Rochdale,Tamworth,3.0,2.0,,,,,0.0,0.0,0.0,0.0,,,Desconocido
Championship Escocia,180,Scotland,,False,2026-03-21,902,1388,Ross County,Dunfermline,2.0,2.0,,,13.0,4.0,2.0,2.0,1.0,0.0,9.0,5.0,G. Irvine
Primeira Liga,94.0,,,False,2026-03-21,227.0,,Santa Clara,Gil Vicente,1.0,0.0,,,6.0,6.0,1.0,2.0,0.0,0.0,7.0,8.0,Desconocido
La Liga 2,,,,False,2026-03-21,,722.0,Santander,Albacete,0.0,4.0,,,6.0,5.0,4.0,5.0,1.0,0.0,17.0,12.0,Desconocido
La Liga,140.0,,,False,2026-03-21,536.0,532.0,Sevilla,Valencia,0.0,2.0,,,1.0,3.0,2.0,1.0,0.0,0.0,13.0,9.0,Desconocido
Championship,407.0,,,False,2026-03-21,,1837.0,Sheffield United,Wrexham,1.0,2.0,,,8.0,5.0,1.0,3.0,0.0,0.0,20.0,10.0,Desconocido
League 2,42,England,,False,2026-03-21,1352,1363,Shrewsbury,Crewe,0.0,4.0,,,5.0,6.0,0.0,3.0,0.0,0.0,13.0,16.0,"Jamie O'Connor,"
National League,43.0,,,False,2026-03-21,,,Solihull,Halifax,0.0,3.0,,,,,3.0,2.0,1.0,0.0,,,Desconocido
Championship,407.0,,,False,2026-03-21,41.0,,Southampton,Oxford,2.0,0.0,,,6.0,4.0,0.0,3.0,0.0,0.0,20.0,9.0,Desconocido
Eredivisie,88.0,,,False,2026-03-21,426.0,,Sparta Rotterdam,Volendam,2.0,0.0,,,3.0,7.0,2.0,1.0,0.0,0.0,16.0,8.0,Desconocido
Ligue 2,62.0,,,False,2026-03-21,,3012.0,St Etienne,Annecy,4.0,0.0,,,6.0,2.0,1.0,1.0,0.0,0.0,16.0,3.0,Desconocido
League 1 Escocia,183,Scotland,,False,2026-03-21,6784,6773,Stenhousemuir,Kelty Hearts,2.0,0.0,,,7.0,4.0,1.0,6.0,0.0,0.0,10.0,5.0,Desconocido
League 1,41,England,,False,2026-03-21,1368,53,Stevenage,Reading,1.0,0.0,,,4.0,2.0,2.0,2.0,0.0,0.0,14.0,4.0,S. Oldham
National League,43.0,,,False,2026-03-21,,,Sutton,Truro,0.0,3.0,,,,,3.0,2.0,0.0,0.0,,,Desconocido
Championship,407.0,,,False,2026-03-21,76.0,1346.0,Swansea,Coventry,0.0,3.0,,,2.0,7.0,3.0,1.0,0.0,0.0,11.0,14.0,Desconocido
Primeira Liga,94.0,,,False,2026-03-21,218.0,21595.0,Tondela,AVS,0.0,0.0,,,7.0,6.0,0.0,2.0,0.0,0.0,14.0,9.0,Desconocido
Ligue 1,61.0,,,False,2026-03-21,96.0,97.0,Toulouse,Lorient,1.0,0.0,,,1.0,4.0,2.0,3.0,0.0,0.0,12.0,7.0,Desconocido
League 2,,,,False,2026-03-21,1381.0,,Tranmere,Swindon,0.0,1.0,,,5.0,9.0,1.0,0.0,0.0,0.0,12.0,13.0,Desconocido
Ligue 2,62.0,,,False,2026-03-21,,1304.0,Troyes,Dunkerque,5.0,1.0,,,6.0,3.0,0.0,2.0,0.0,1.0,18.0,8.0,Desconocido
League 2,42,England,,False,2026-03-21,1342,1367,Walsall,Newport County,2.0,1.0,,,7.0,5.0,4.0,3.0,0.0,0.0,18.0,10.0,R. Joyce
Championship,407.0,,,False,2026-03-21,38.0,46.0,Watford,Leicester,0.0,0.0,,,7.0,4.0,3.0,4.0,0.0,0.0,6.0,15.0,Desconocido
League 1,,,,False,2026-03-21,61.0,,Wigan,Exeter,2.0,0.0,,,3.0,4.0,1.0,3.0,0.0,0.0,8.0,7.0,Desconocido
National League,43.0,,,False,2026-03-21,1836.0,,Woking,Aldershot,3.0,2.0,,,,,4.0,3.0,0.0,0.0,,,Desconocido
Bundesliga,218.0,,,False,2026-03-21,,162.0,Wolfsburg,Werder Bremen,0.0,1.0,,,8.0,4.0,3.0,0.0,1.0,0.0,11.0,8.0,Desconocido
National League,43.0,,,False,2026-03-21,,1375.0,Yeovil,Morecambe,3.0,2.0,,,,,0.0,3.0,0.0,0.0,,,Desconocido
National League,43.0,,,False,2026-03-21,1828.0,4701.0,York,Brackley Town,4.0,0.0,,,,,0.0,1.0,0.0,0.0,,,Desconocido
Eredivisie,88.0,,,False,2026-03-21,,203.0,Zwolle,NAC Breda,2.0,1.0,,,2.0,5.0,2.0,1.0,0.0,0.0,8.0,20.0,Desconocido
Ligue 2,62.0,,,False,2026-03-20,87.0,1298.0,Amiens,Le Mans,3.0,4.0,,,1.0,7.0,5.0,4.0,1.0,0.0,9.0,18.0,Desconocido
Ligue 2,62.0,,,False,2026-03-20,1299.0,102.0,Boulogne,Nancy,0.0,0.0,,,2.0,6.0,2.0,3.0,0.0,0.0,4.0,12.0,Desconocido
Premier League,569.0,,,False,2026-03-20,35.0,,Bournemouth,Man United,2.0,2.0,,,6.0,8.0,2.0,2.0,0.0,1.0,16.0,14.0,Desconocido
Serie A,71.0,,,False,2026-03-20,490.0,492.0,Cagliari,Napoli,0.0,1.0,,,2.0,7.0,2.0,2.0,0.0,0.0,7.0,17.0,Desconocido
Ligue 2,62.0,,,False,2026-03-20,,,Clermont,Red Star,0.0,1.0,,,1.0,9.0,1.0,3.0,0.0,0.0,9.0,9.0,Desconocido
Primeira Liga,94.0,,,False,2026-03-20,15130.0,4716.0,Estrela,Casa Pia,4.0,0.0,,,6.0,1.0,3.0,2.0,0.0,0.0,23.0,8.0,Desconocido
Serie A,71.0,,,False,2026-03-20,495.0,494.0,Genoa,Udinese,0.0,2.0,,,7.0,1.0,1.0,5.0,0.0,0.0,18.0,6.0,Desconocido
Bundesliga 2,,,,False,2026-03-20,,,Hannover,Braunschweig,1.0,0.0,,,10.0,6.0,3.0,3.0,0.0,0.0,10.0,16.0,Desconocido
Eredivisie,88.0,,,False,2026-03-20,206.0,196.0,Heracles,Excelsior,1.0,1.0,,,6.0,1.0,2.0,1.0,0.0,0.0,13.0,15.0,Desconocido
La Liga 2,141,Spain,,False,2026-03-20,726,723,Huesca,Almeria,1.0,3.0,,,4.0,5.0,1.0,2.0,0.0,1.0,14.0,12.0,M. H. De Aza
Bundesliga 2,,,,False,2026-03-20,,,Karlsruhe,Greuther Furth,3.0,1.0,,,3.0,4.0,4.0,1.0,0.0,0.0,12.0,10.0,Desconocido
Ligue 2,62.0,,,False,2026-03-20,433.0,101.0,Laval,Grenoble,3.0,2.0,,,7.0,5.0,3.0,2.0,0.0,0.0,12.0,11.0,Desconocido
Ligue 1,61.0,,,False,2026-03-20,116.0,77.0,Lens,Angers,5.0,1.0,,,7.0,3.0,0.0,0.0,0.0,0.0,26.0,16.0,Desconocido
Championship Escocia,,,,False,2026-03-20,901.0,,Partick,St Johnstone,0.0,0.0,,,4.0,7.0,1.0,2.0,0.0,0.0,6.0,15.0,Desconocido
Ligue 2,62.0,,,False,2026-03-20,,82.0,Pau FC,Montpellier,0.0,0.0,,,4.0,3.0,2.0,1.0,0.0,1.0,18.0,4.0,Desconocido
Championship,407.0,,,False,2026-03-20,59.0,,Preston,Stoke,3.0,1.0,,,7.0,9.0,2.0,1.0,0.0,0.0,13.0,13.0,Desconocido
Bundesliga,218.0,,,False,2026-03-20,173.0,,RB Leipzig,Hoffenheim,5.0,0.0,,,1.0,3.0,1.0,1.0,0.0,0.0,14.0,8.0,Desconocido
Ligue 2,62.0,,,False,2026-03-20,1301.0,1305.0,Rodez,Bastia,1.0,1.0,,,9.0,2.0,1.0,2.0,0.0,0.0,12.0,13.0,Desconocido
La Liga,140.0,,,False,2026-03-20,533.0,,Villarreal,Sociedad,3.0,1.0,,,4.0,5.0,0.0,2.0,0.0,0.0,21.0,11.0,Desconocido
Turkey Super Lig,,,,False,2026-03-19,,,Besiktas,Kasimpasa,2.0,1.0,,,2.0,3.0,3.0,5.0,0.0,0.0,14.0,6.0,Desconocido
Turkey Super Lig,,,,False,2026-03-19,1001.0,,Kayserispor,Karagumruk,1.0,0.0,,,3.0,1.0,2.0,1.0,0.0,1.0,16.0,6.0,Desconocido
Turkey Super Lig,,,,False,2026-03-19,607.0,,Konyaspor,Genclerbirligi,1.0,0.0,,,7.0,3.0,2.0,1.0,0.0,0.0,14.0,3.0,Desconocido
Turkey Super Lig,203,Turkey,,False,2026-03-18,996,7411,Alanyaspor,Kocaelispor,5.0,0.0,,,3.0,3.0,0.0,3.0,0.0,0.0,10.0,6.0,Y. Arslan
Serie B,72.0,,,False,2026-03-18,528.0,1578.0,Avellino,Sudtirol,3.0,2.0,,,2.0,2.0,5.0,6.0,0.0,0.0,8.0,10.0,Desconocido
Turkey Super Lig,,,,False,2026-03-18,,1005.0,Buyuksehyr,Antalyaspor,0.0,0.0,,,2.0,3.0,3.0,4.0,0.0,0.0,17.0,7.0,Desconocido
Serie B,72.0,,,False,2026-03-18,1581.0,498.0,Carrarese,Sampdoria,2.0,0.0,,,4.0,2.0,1.0,4.0,0.0,1.0,7.0,8.0,Desconocido
Turkey Super Lig,,,,False,2026-03-18,,998.0,Eyupspor,Trabzonspor,0.0,1.0,,,1.0,5.0,3.0,1.0,0.0,0.0,7.0,10.0,Desconocido
Serie B,72.0,,,False,2026-03-18,512.0,508.0,Frosinone,Bari,2.0,1.0,,,11.0,1.0,2.0,3.0,0.0,0.0,27.0,6.0,Desconocido
League 2,42,England,,False,2026-03-18,1348,1361,Milton Keynes Dons,Colchester,1.0,0.0,,,3.0,4.0,2.0,4.0,0.0,0.0,17.0,8.0,S. Mulhall
Serie B,72.0,,,False,2026-03-18,525.0,527.0,Pescara,Virtus Entella,3.0,0.0,,,2.0,1.0,1.0,2.0,0.0,0.0,6.0,11.0,Desconocido
Championship,407.0,,,False,2026-03-18,41.0,71.0,Southampton,Norwich,1.0,0.0,,,5.0,6.0,4.0,4.0,0.0,0.0,9.0,14.0,Desconocido
League 1,41,England,,False,2026-03-17,1333,1373,AFC Wimbledon,Leyton Orient,2.0,4.0,,,3.0,3.0,1.0,1.0,0.0,0.0,15.0,14.0,A. Dale
League 2,,,,False,2026-03-17,,1376.0,Accrington,Notts County,0.0,4.0,,,3.0,12.0,1.0,1.0,0.0,0.0,10.0,19.0,Desconocido
League 1,41,England,,False,2026-03-17,747,61,Barnsley,Wigan,1.0,1.0,,,11.0,5.0,3.0,1.0,0.0,1.0,14.0,16.0,R. Martin
League 1,41,England,,False,2026-03-17,1356,1351,Blackpool,Port Vale,3.0,2.0,,,6.0,5.0,0.0,3.0,0.0,0.0,14.0,12.0,W. Finnie
League 1,41,England,,False,2026-03-17,68,1354,Bolton,Doncaster,0.0,0.0,,,9.0,6.0,2.0,4.0,0.0,0.0,23.0,14.0,"Darren Drysdale, England"
National League,43.0,,,False,2026-03-17,4701.0,,Brackley Town,Solihull,1.0,1.0,,,,,0.0,0.0,1.0,0.0,,,Desconocido
League 1,,,,False,2026-03-17,1343.0,,Bradford,Mansfield,1.0,1.0,,,11.0,5.0,4.0,2.0,0.0,0.0,14.0,9.0,Desconocido
League 2,,,,False,2026-03-17,,1352.0,Bristol Rvs,Shrewsbury,1.0,0.0,,,3.0,0.0,1.0,1.0,0.0,0.0,8.0,5.0,Desconocido
League 1,,,,False,2026-03-17,,53.0,Burton,Reading,1.0,2.0,,,4.0,3.0,1.0,1.0,0.0,0.0,16.0,10.0,Desconocido
League 1,41,England,,False,2026-03-17,43,1358,Cardiff,Wycombe,0.0,2.0,,,8.0,5.0,2.0,1.0,1.0,0.0,19.0,16.0,C. Brook
League 2,42,England,,False,2026-03-17,1372,1363,Cheltenham,Crewe,1.0,1.0,,,4.0,3.0,3.0,1.0,0.0,0.0,16.0,15.0,S. Copeland
League 2,42,England,,False,2026-03-17,1345,1349,Chesterfield,Oldham,0.0,3.0,,,13.0,5.0,1.0,1.0,0.0,0.0,11.0,14.0,R. Joyce
League 2,42,England,,False,2026-03-17,1362,1369,Crawley Town,Barnet,1.0,1.0,,,5.0,10.0,2.0,6.0,0.0,0.0,14.0,10.0,H. Wager
Turkey Super Lig,,,,False,2026-03-17,,,Fenerbahce,Gaziantep,4.0,1.0,,,11.0,7.0,1.0,0.0,0.0,0.0,18.0,11.0,Desconocido
National League,43.0,,,False,2026-03-17,1823.0,8663.0,Gateshead,Wealdstone,1.0,0.0,,,,,3.0,2.0,0.0,0.0,,,Desconocido
League 2,,,,False,2026-03-17,1347.0,,Gillingham,Swindon,0.0,2.0,,,9.0,2.0,1.0,3.0,0.0,0.0,20.0,6.0,Desconocido
League 2,42,England,,False,2026-03-17,1365,1336,Grimsby,Fleetwood Town,1.0,0.0,,,10.0,1.0,1.0,5.0,0.0,0.0,19.0,5.0,W. Cartmel
League 1,41,England,,False,2026-03-17,37,1379,Huddersfield,Lincoln,2.0,2.0,,,3.0,7.0,4.0,2.0,0.0,0.0,8.0,18.0,B. Speedie
League 1 Escocia,,,,False,2026-03-17,,6777.0,Inverness C,Peterhead,3.0,1.0,,,10.0,0.0,0.0,1.0,0.0,0.0,19.0,5.0,Desconocido
League 1,,,,False,2026-03-17,1359.0,,Luton,Exeter,3.0,2.0,,,7.0,2.0,2.0,2.0,0.0,0.0,16.0,8.0,Desconocido
Serie B,72.0,,,False,2026-03-17,1693.0,509.0,Mantova,Cesena,3.0,0.0,,,5.0,3.0,1.0,3.0,0.0,0.0,20.0,13.0,Desconocido
League 2,42,England,,False,2026-03-17,1367,1832,Newport County,Bromley,0.0,1.0,,,9.0,4.0,1.0,3.0,0.0,0.0,18.0,8.0,P. Howard
Serie B,72.0,,,False,2026-03-17,522.0,863.0,Palermo,Juve Stabia,2.0,2.0,,,7.0,2.0,4.0,5.0,0.0,0.0,21.0,7.0,Desconocido
League 1,,,,False,2026-03-17,,73.0,Peterboro,Rotherham,5.0,0.0,,,3.0,5.0,1.0,1.0,0.0,0.0,14.0,11.0,Desconocido
League 1,41,England,,False,2026-03-17,1357,1368,Plymouth,Stevenage,1.0,0.0,,,6.0,7.0,2.0,2.0,0.0,0.0,11.0,11.0,E. Bell
Serie B,72.0,,,False,2026-03-17,880.0,1579.0,Reggiana,Monza,0.0,0.0,,,3.0,4.0,1.0,0.0,0.0,0.0,10.0,19.0,Desconocido
League 2,,,,False,2026-03-17,,1819.0,Salford,Barrow,3.0,1.0,,,2.0,5.0,1.0,1.0,0.0,0.0,12.0,12.0,Desconocido
National League,43.0,,,False,2026-03-17,1341.0,1339.0,Southend,Rochdale,3.0,2.0,,,,,1.0,2.0,0.0,0.0,,,Desconocido
League 2 Escocia,,,,False,2026-03-17,6781.0,,Spartans,Forfar,1.0,0.0,,,5.0,7.0,1.0,2.0,0.0,0.0,9.0,4.0,Desconocido
Serie B,72.0,,,False,2026-03-17,515.0,511.0,Spezia,Empoli,1.0,1.0,,,7.0,1.0,1.0,5.0,0.0,0.0,17.0,10.0,Desconocido
League 1,,,,False,2026-03-17,,1337.0,Stockport,Northampton,2.0,1.0,,,8.0,3.0,1.0,1.0,0.0,0.0,22.0,4.0,Desconocido
League 2,,,,False,2026-03-17,1381.0,,Tranmere,Harrogate,0.0,3.0,,,5.0,5.0,3.0,1.0,0.0,0.0,9.0,10.0,Desconocido
National League,43.0,,,False,2026-03-17,,1340.0,Truro,Scunthorpe,1.0,2.0,,,,,1.0,2.0,0.0,0.0,,,Desconocido
Serie B,72.0,,,False,2026-03-17,517.0,870.0,Venezia,Padova,3.0,1.0,,,9.0,1.0,1.0,3.0,0.0,0.0,30.0,8.0,Desconocido
League 2,,,,False,2026-03-17,1342.0,,Walsall,Cambridge,0.0,0.0,,,6.0,4.0,0.0,2.0,0.0,0.0,10.0,7.0,Desconocido
Championship,407.0,,,False,2026-03-17,38.0,1837.0,Watford,Wrexham,3.0,1.0,,,4.0,5.0,2.0,0.0,0.0,0.0,13.0,8.0,Desconocido
National League,43.0,,,False,2026-03-17,1836.0,,Woking,Yeovil,1.0,0.0,,,,,2.0,3.0,0.0,0.0,,,Desconocido
La Liga 2,141,Spain,,False,2026-03-16,722,534,Albacete,Las Palmas,2.0,1.0,,,4.0,2.0,3.0,2.0,0.0,0.0,19.0,9.0,M. Perez
Ligue 2,62.0,,,False,2026-03-16,3012.0,,Annecy,Troyes,1.0,2.0,,,2.0,1.0,5.0,1.0,1.0,0.0,7.0,9.0,Desconocido
Premier League,569.0,,,False,2026-03-16,55.0,39.0,Brentford,Wolves,2.0,2.0,,,1.0,5.0,2.0,4.0,0.0,0.0,10.0,13.0,Desconocido
Serie A,71.0,,,False,2026-03-16,520.0,502.0,Cremonese,Fiorentina,1.0,4.0,,,4.0,6.0,1.0,0.0,0.0,0.0,13.0,13.0,Desconocido
Championship,407.0,,,False,2026-03-16,1355.0,69.0,Portsmouth,Derby,0.0,1.0,,,11.0,3.0,2.0,6.0,0.0,0.0,27.0,10.0,Desconocido
La Liga,140.0,,,False,2026-03-16,,539.0,Vallecano,Levante,1.0,1.0,,,5.0,6.0,3.0,5.0,1.0,0.0,18.0,19.0,Desconocido
Primeira Liga,94.0,,,False,2026-03-15,21595.0,227.0,AVS,Santa Clara,0.0,1.0,,,4.0,6.0,2.0,1.0,1.0,0.0,10.0,12.0,Desconocido
Eredivisie,88.0,,,False,2026-03-15,201.0,206.0,AZ Alkmaar,Heracles,4.0,0.0,,,7.0,3.0,0.0,4.0,0.0,0.0,14.0,6.0,Desconocido
Jupiler Pro League,144.0,,,False,2026-03-15,740.0,,Antwerp,Standard,1.0,1.0,,,5.0,3.0,2.0,3.0,1.0,0.0,9.0,12.0,Desconocido
Super League Greece,,,,False,2026-03-15,12260.0,,Atromitos,AEK,2.0,2.0,,,1.0,7.0,2.0,2.0,0.0,0.0,12.0,14.0,Desconocido
La Liga,140.0,,,False,2026-03-15,529.0,536.0,Barcelona,Sevilla,5.0,2.0,,,3.0,4.0,0.0,1.0,0.0,0.0,13.0,8.0,Desconocido
La Liga,140.0,,,False,2026-03-15,,,Betis,Celta,1.0,1.0,,,3.0,4.0,2.0,3.0,0.0,0.0,19.0,7.0,Desconocido
Friendly,10,World,,False,2026-03-15,2381,5168,Bolivia,Trinidad and Tobago,3.0,0.0,,,,,,,,,,,Desconocido
Jupiler Pro League,144.0,,,False,2026-03-15,741.0,,Cercle Brugge,RAAL La Louviere,1.0,3.0,,,5.0,7.0,2.0,2.0,0.0,0.0,25.0,15.0,Desconocido
Serie A,71.0,,,False,2026-03-15,895.0,,Como,Roma,2.0,1.0,,,7.0,1.0,2.0,3.0,0.0,1.0,22.0,3.0,Desconocido
La Liga 2,,,,False,2026-03-15,713.0,,Cordoba,Sociedad B,0.0,2.0,,,16.0,2.0,2.0,5.0,0.0,1.0,27.0,9.0,Desconocido
Premier League,569.0,,,False,2026-03-15,52.0,63.0,Crystal Palace,Leeds,0.0,0.0,,,8.0,3.0,2.0,1.0,0.0,1.0,12.0,10.0,Desconocido
Bundesliga 2,,,,False,2026-03-15,,1313.0,Dresden,Preußen Münster,6.0,0.0,,,5.0,4.0,1.0,2.0,0.0,0.0,18.0,13.0,Desconocido
Premiership Escocia,,,,False,2026-03-15,253.0,,Dundee,Dundee United,2.0,2.0,,,4.0,7.0,1.0,4.0,0.0,0.0,6.0,20.0,Desconocido
La Liga 2,141,Spain,,False,2026-03-15,545,9580,Eibar,Burgos,0.0,0.0,,,6.0,2.0,3.0,2.0,0.0,0.0,6.0,6.0,A. Moreno
Eredivisie,88.0,,,False,2026-03-15,209.0,196.0,Feyenoord,Excelsior,2.0,1.0,,,9.0,5.0,3.0,1.0,0.0,0.0,15.0,12.0,Desconocido
Bundesliga,218.0,,,False,2026-03-15,,182.0,Freiburg,Union Berlin,0.0,1.0,,,6.0,2.0,0.0,2.0,0.0,0.0,19.0,9.0,Desconocido
Turkey Super Lig,,,,False,2026-03-15,,,Genclerbirligi,Besiktas,0.0,2.0,,,6.0,10.0,2.0,1.0,1.0,0.0,11.0,24.0,Desconocido
Jupiler Pro League,144.0,,,False,2026-03-15,742.0,,Genk,St Truiden,1.0,0.0,,,5.0,8.0,2.0,0.0,0.0,0.0,13.0,8.0,Desconocido
Eredivisie,88.0,,,False,2026-03-15,,203.0,Go Ahead Eagles,NAC Breda,6.0,0.0,,,3.0,9.0,0.0,0.0,0.0,0.0,11.0,20.0,Desconocido
La Liga 2,,,,False,2026-03-15,22018.0,1110.0,Granada,Andorra,1.0,1.0,,,6.0,9.0,4.0,3.0,0.0,0.0,11.0,12.0,Desconocido
Bundesliga 2,,,,False,2026-03-15,,,Kaiserslautern,Karlsruhe,3.0,0.0,,,5.0,2.0,1.0,3.0,0.0,0.0,18.0,13.0,Desconocido
Turkey Super Lig,,,,False,2026-03-15,,,Kasimpasa,Eyupspor,1.0,0.0,,,2.0,2.0,3.0,2.0,0.0,0.0,9.0,8.0,Desconocido
Super League Greece,197,Greece,,False,2026-03-15,5050,2110,Kifisia,Volos NFC,2.0,0.0,,,3.0,6.0,2.0,3.0,0.0,0.0,12.0,11.0,A. Papapetrou
Serie A,71.0,,,False,2026-03-15,487.0,,Lazio,Milan,1.0,0.0,,,1.0,9.0,4.0,1.0,0.0,0.0,7.0,17.0,Desconocido
Ligue 1,61.0,,,False,2026-03-15,111.0,80.0,Le Havre,Lyon,0.0,0.0,,,2.0,2.0,1.0,3.0,1.0,0.0,12.0,13.0,Desconocido
Premier League,569.0,,,False,2026-03-15,40.0,47.0,Liverpool,Tottenham,1.0,1.0,,,3.0,4.0,0.0,0.0,0.0,0.0,17.0,13.0,Desconocido
La Liga 2,141,Spain,,False,2026-03-15,535,726,Malaga,Huesca,5.0,3.0,,,2.0,5.0,3.0,1.0,0.0,0.0,16.0,15.0,G. Etayo
La Liga,140.0,,,False,2026-03-15,798.0,,Mallorca,Espanol,2.0,1.0,,,5.0,6.0,3.0,3.0,0.0,1.0,26.0,10.0,Desconocido
Premier League,569.0,,,False,2026-03-15,,66.0,Man United,Aston Villa,3.0,1.0,,,6.0,6.0,3.0,2.0,0.0,0.0,16.0,9.0,Desconocido
Jupiler Pro League,144.0,,,False,2026-03-15,,554.0,Mechelen,Anderlecht,1.0,0.0,,,5.0,4.0,2.0,8.0,0.0,1.0,13.0,17.0,Desconocido
Ligue 1,61.0,,,False,2026-03-15,112.0,96.0,Metz,Toulouse,3.0,4.0,,,4.0,4.0,0.0,3.0,0.0,0.0,17.0,19.0,Desconocido
Primeira Liga,94.0,,,False,2026-03-15,225.0,230.0,Nacional,Estoril,0.0,1.0,,,5.0,4.0,5.0,3.0,0.0,0.0,16.0,11.0,Desconocido
Premier League,569.0,,,False,2026-03-15,,36.0,Nott'm Forest,Fulham,0.0,0.0,,,5.0,4.0,2.0,3.0,0.0,0.0,11.0,5.0,Desconocido
Super League Greece,,,,False,2026-03-15,619.0,,PAOK,Levadeiakos,3.0,0.0,,,9.0,4.0,2.0,2.0,0.0,0.0,9.0,3.0,Desconocido
Super League Greece,197,Greece,,False,2026-03-15,617,949,Panathinaikos,Panetolikos,0.0,0.0,,,5.0,6.0,0.0,1.0,0.0,0.0,17.0,11.0,S. Tsimenteridis
Serie A,71.0,,,False,2026-03-15,801.0,490.0,Pisa,Cagliari,3.0,1.0,,,1.0,5.0,1.0,4.0,1.0,1.0,10.0,14.0,Desconocido
Primeira Liga,94.0,,,False,2026-03-15,,215.0,Porto,Moreirense,3.0,0.0,,,4.0,1.0,1.0,1.0,0.0,0.0,17.0,3.0,Desconocido
Ligue 1,61.0,,,False,2026-03-15,94.0,79.0,Rennes,Lille,1.0,2.0,,,5.0,2.0,2.0,5.0,0.0,0.0,12.0,8.0,Desconocido
Primeira Liga,94.0,,,False,2026-03-15,226.0,15130.0,Rio Ave,Estrela,2.0,1.0,,,10.0,4.0,4.0,2.0,0.0,0.0,18.0,11.0,Desconocido
Turkey Super Lig,203,Turkey,,False,2026-03-15,3603,1001,Samsunspor,Kayserispor,2.0,1.0,,,7.0,8.0,1.0,0.0,0.0,0.0,18.0,11.0,A. D. Kayatepe
Serie A,71.0,,,False,2026-03-15,488.0,500.0,Sassuolo,Bologna,0.0,1.0,,,7.0,4.0,1.0,2.0,0.0,0.0,9.0,16.0,Desconocido
Bundesliga 2,,,,False,2026-03-15,,,Schalke 04,Hannover,2.0,2.0,,,4.0,2.0,1.0,2.0,1.0,0.0,10.0,10.0,Desconocido
La Liga,140.0,,,False,2026-03-15,,727.0,Sociedad,Osasuna,3.0,1.0,,,3.0,5.0,3.0,0.0,0.0,0.0,14.0,13.0,Desconocido
La Liga 2,,,,False,2026-03-15,,,Sp Gijon,Castellon,4.0,1.0,,,1.0,5.0,2.0,3.0,0.0,1.0,12.0,15.0,Desconocido
Premiership Escocia,,,,False,2026-03-15,,257.0,St Mirren,Rangers,0.0,1.0,,,1.0,11.0,0.0,1.0,0.0,0.0,6.0,17.0,Desconocido
Ligue 1,61.0,,,False,2026-03-15,95.0,114.0,Strasbourg,Paris FC,0.0,0.0,,,12.0,4.0,1.0,0.0,0.0,0.0,12.0,11.0,Desconocido
Bundesliga,218.0,,,False,2026-03-15,,173.0,Stuttgart,RB Leipzig,1.0,0.0,,,5.0,6.0,1.0,2.0,0.0,0.0,13.0,9.0,Desconocido
Serie B,72.0,,,False,2026-03-15,1578.0,525.0,Sudtirol,Pescara,0.0,0.0,,,3.0,5.0,5.0,1.0,1.0,0.0,4.0,17.0,Desconocido
Eredivisie,88.0,,,False,2026-03-15,415.0,207.0,Twente,Utrecht,0.0,2.0,,,4.0,5.0,1.0,3.0,0.0,0.0,16.0,10.0,Desconocido
Serie A,71.0,,,False,2026-03-15,,495.0,Verona,Genoa,0.0,2.0,,,4.0,2.0,2.0,1.0,0.0,0.0,8.0,11.0,Desconocido
Serie B,72.0,,,False,2026-03-15,527.0,528.0,Virtus Entella,Avellino,1.0,2.0,,,7.0,5.0,1.0,1.0,0.0,0.0,19.0,6.0,Desconocido
Bundesliga,218.0,,,False,2026-03-15,162.0,,Werder Bremen,Mainz,0.0,2.0,,,9.0,4.0,2.0,1.0,0.0,0.0,16.0,11.0,Desconocido
Premiership Escocia,179,Scotland,,False,2026-03-14,252,1389,Aberdeen,Falkirk,1.0,1.0,,,4.0,10.0,1.0,0.0,0.0,0.0,9.0,7.0,C. Scott
Championship Escocia,,,,False,2026-03-14,,4249.0,Airdrie Utd,Arbroath,0.0,0.0,,,7.0,5.0,3.0,1.0,0.0,0.0,7.0,14.0,Desconocido
Eredivisie,88.0,,,False,2026-03-14,194.0,426.0,Ajax,Sparta Rotterdam,4.0,0.0,,,5.0,3.0,0.0,2.0,0.0,0.0,22.0,8.0,Desconocido
National League,43.0,,,False,2026-03-14,,1828.0,Aldershot,York,0.0,3.0,,,,,3.0,1.0,0.0,0.0,,,Desconocido
Ligue 1,61.0,,,False,2026-03-14,77.0,84.0,Angers,Nice,0.0,2.0,,,7.0,6.0,1.0,3.0,0.0,0.0,11.0,12.0,Desconocido
League 2 Escocia,184,Scotland,,False,2026-03-14,6757,6766,Annan Athletic,Edinburgh City,3.0,0.0,,,2.0,2.0,4.0,4.0,0.0,0.0,6.0,6.0,Desconocido
Primeira Liga,94.0,,,False,2026-03-14,240.0,211.0,Arouca,Benfica,1.0,2.0,,,2.0,15.0,5.0,5.0,1.0,1.0,12.0,22.0,Desconocido
Premier League,569.0,,,False,2026-03-14,9419.0,45.0,Arsenal,Everton,2.0,0.0,,,8.0,3.0,0.0,0.0,0.0,0.0,25.0,9.0,Desconocido
La Liga,140.0,,,False,2026-03-14,,546.0,Ath Madrid,Getafe,1.0,0.0,,,10.0,3.0,3.0,3.0,0.0,1.0,16.0,7.0,Desconocido
Serie B,72.0,,,False,2026-03-14,508.0,880.0,Bari,Reggiana,4.0,1.0,,,3.0,8.0,2.0,4.0,0.0,0.0,11.0,12.0,Desconocido
League 2,42,England,,False,2026-03-14,1369,1367,Barnet,Newport County,1.0,2.0,,,5.0,6.0,1.0,2.0,0.0,0.0,12.0,10.0,O. Mackey
League 2,,,,False,2026-03-14,1819.0,,Barrow,Accrington,0.0,0.0,,,7.0,5.0,2.0,3.0,0.0,0.0,12.0,9.0,Desconocido
Bundesliga 2,,,,False,2026-03-14,,,Bielefeld,Paderborn,2.0,2.0,,,4.0,1.0,3.0,2.0,0.0,0.0,26.0,7.0,Desconocido
Championship,407.0,,,False,2026-03-14,54.0,,Birmingham,Sheffield United,1.0,1.0,,,7.0,0.0,2.0,4.0,0.0,1.0,18.0,5.0,Desconocido
National League,43.0,,,False,2026-03-14,,,Boston Utd,Yeovil,2.0,1.0,,,,,1.0,0.0,0.0,0.0,,,Desconocido
National League,43.0,,,False,2026-03-14,4701.0,1836.0,Brackley Town,Woking,1.0,4.0,,,,,1.0,1.0,0.0,0.0,,,Desconocido
Bundesliga 2,,,,False,2026-03-14,,,Braunschweig,Fortuna Dusseldorf,1.0,0.0,,,4.0,5.0,2.0,3.0,0.0,0.0,16.0,9.0,Desconocido
League 2,,,,False,2026-03-14,1832.0,,Bromley,Bristol Rvs,1.0,0.0,,,9.0,1.0,1.0,0.0,0.0,1.0,12.0,12.0,Desconocido
Premier League,569.0,,,False,2026-03-14,44.0,35.0,Burnley,Bournemouth,0.0,0.0,,,5.0,8.0,1.0,0.0,0.0,0.0,15.0,22.0,Desconocido
League 2,,,,False,2026-03-14,,1347.0,Cambridge,Gillingham,5.0,0.0,,,8.0,1.0,0.0,3.0,0.0,0.0,18.0,6.0,Desconocido
Premiership Escocia,179,Scotland,,False,2026-03-14,247,256,Celtic,Motherwell,3.0,1.0,,,2.0,3.0,4.0,2.0,0.0,1.0,13.0,12.0,J. Beaton
Serie B,72.0,,,False,2026-03-14,509.0,512.0,Cesena,Frosinone,2.0,2.0,,,1.0,5.0,4.0,1.0,0.0,0.0,15.0,24.0,Desconocido
La Liga 2,,,,False,2026-03-14,,,Ceuta,La Coruna,1.0,2.0,,,3.0,4.0,2.0,4.0,0.0,0.0,18.0,11.0,Desconocido
Jupiler Pro League,144.0,,,False,2026-03-14,736.0,,Charleroi,Oud-Heverlee Leuven,0.0,2.0,,,10.0,3.0,1.0,1.0,0.0,0.0,19.0,10.0,Desconocido
Premier League,569.0,,,False,2026-03-14,49.0,34.0,Chelsea,Newcastle,0.0,1.0,,,8.0,1.0,2.0,2.0,0.0,0.0,22.0,7.0,Desconocido
Championship,407.0,,,False,2026-03-14,1346.0,41.0,Coventry,Southampton,1.0,2.0,,,7.0,5.0,3.0,2.0,0.0,0.0,20.0,8.0,Desconocido
League 2,42,England,,False,2026-03-14,1363,1342,Crewe,Walsall,0.0,3.0,,,4.0,1.0,2.0,3.0,0.0,0.0,8.0,15.0,S. Parkinson
La Liga 2,,,,False,2026-03-14,725.0,,Cultural Leonesa,Santander,1.0,2.0,,,6.0,3.0,3.0,1.0,0.0,0.0,20.0,15.0,Desconocido
League 1,41,England,,False,2026-03-14,1354,1356,Doncaster,Blackpool,2.0,1.0,,,7.0,1.0,0.0,3.0,0.0,1.0,13.0,7.0,C. Brook
Bundesliga,218.0,,,False,2026-03-14,,,Dortmund,Augsburg,2.0,0.0,,,12.0,2.0,0.0,0.0,0.0,0.0,16.0,7.0,Desconocido
Championship Escocia,,,,False,2026-03-14,1388.0,,Dunfermline,Raith Rvs,3.0,0.0,,,7.0,1.0,2.0,4.0,0.0,0.0,9.0,4.0,Desconocido
National League,43.0,,,False,2026-03-14,1822.0,1339.0,Eastleigh,Rochdale,1.0,3.0,,,,,1.0,0.0,0.0,0.0,,,Desconocido
Bundesliga,218.0,,,False,2026-03-14,,,Ein Frankfurt,Heidenheim,1.0,0.0,,,5.0,4.0,3.0,2.0,1.0,0.0,12.0,3.0,Desconocido
League 2 Escocia,,,,False,2026-03-14,,1382.0,Elgin,Dumbarton,1.0,1.0,,,6.0,7.0,1.0,1.0,0.0,0.0,9.0,7.0,Desconocido
Serie B,72.0,,,False,2026-03-14,511.0,1693.0,Empoli,Mantova,2.0,2.0,,,9.0,4.0,3.0,2.0,0.0,0.0,18.0,13.0,Desconocido
League 1,,,,False,2026-03-14,,43.0,Exeter,Cardiff,0.0,4.0,,,0.0,10.0,0.0,0.0,0.0,0.0,7.0,30.0,Desconocido
League 2,42,England,,False,2026-03-14,1336,1381,Fleetwood Town,Tranmere,0.0,0.0,,,9.0,3.0,0.0,3.0,0.0,0.0,18.0,3.0,E. Heaslip
Turkey Super Lig,,,,False,2026-03-14,645.0,,Galatasaray,Buyuksehyr,3.0,0.0,,,9.0,3.0,0.0,2.0,0.0,1.0,19.0,7.0,Desconocido
National League,43.0,,,False,2026-03-14,1823.0,,Gateshead,Sutton,1.0,1.0,,,,,1.0,2.0,0.0,0.0,,,Desconocido
Primeira Liga,94.0,,,False,2026-03-14,,4724.0,Gil Vicente,Alverca,2.0,2.0,,,3.0,7.0,3.0,1.0,0.0,0.0,10.0,17.0,Desconocido
La Liga,140.0,,,False,2026-03-14,547.0,,Girona,Ath Bilbao,3.0,0.0,,,2.0,9.0,0.0,2.0,0.0,0.0,14.0,20.0,Desconocido
Turkey Super Lig,,,,False,2026-03-14,,996.0,Goztep,Alanyaspor,2.0,2.0,,,5.0,8.0,3.0,3.0,0.0,0.0,13.0,17.0,Desconocido
Ligue 2,62.0,,,False,2026-03-14,101.0,,Grenoble,St Etienne,0.0,0.0,,,5.0,4.0,1.0,2.0,0.0,0.0,15.0,6.0,Desconocido
Primeira Liga,94.0,,,False,2026-03-14,224.0,242.0,Guimaraes,Famalicao,1.0,2.0,,,3.0,11.0,1.0,1.0,0.0,0.0,12.0,13.0,Desconocido
National League,43.0,,,False,2026-03-14,,1830.0,Halifax,Boreham Wood,3.0,2.0,,,,,4.0,1.0,0.0,0.0,,,Desconocido
Bundesliga,218.0,,,False,2026-03-14,,,Hamburg,FC Koln,1.0,1.0,,,1.0,8.0,2.0,4.0,0.0,0.0,5.0,10.0,Desconocido
League 1 Escocia,,,,False,2026-03-14,,,Hamilton,Queen of Sth,1.0,3.0,,,8.0,6.0,1.0,0.0,0.0,0.0,9.0,12.0,Desconocido
League 2,,,,False,2026-03-14,,,Harrogate,Salford,0.0,1.0,,,7.0,4.0,0.0,2.0,0.0,0.0,9.0,15.0,Desconocido
Eredivisie,88.0,,,False,2026-03-14,210.0,427.0,Heerenveen,Telstar,3.0,0.0,,,5.0,4.0,4.0,1.0,0.0,0.0,12.0,20.0,Desconocido
Bundesliga 2,,,,False,2026-03-14,,,Hertha,Bochum,1.0,1.0,,,5.0,6.0,2.0,3.0,0.0,0.0,11.0,8.0,Desconocido
Premiership Escocia,179,Scotland,,False,2026-03-14,249,255,Hibernian,Livingston,0.0,0.0,,,12.0,0.0,2.0,1.0,0.0,0.0,22.0,6.0,L. Wilson
Bundesliga,218.0,,,False,2026-03-14,,,Hoffenheim,Wolfsburg,1.0,1.0,,,16.0,4.0,0.0,3.0,0.0,0.0,21.0,4.0,Desconocido
Bundesliga 2,,,,False,2026-03-14,191.0,,Holstein Kiel,Nurnberg,2.0,3.0,,,7.0,1.0,3.0,5.0,0.0,0.0,21.0,9.0,Desconocido
Serie A,71.0,,,False,2026-03-14,505.0,499.0,Inter,Atalanta,1.0,1.0,,,2.0,3.0,2.0,2.0,0.0,0.0,16.0,8.0,Desconocido
League 1 Escocia,,,,False,2026-03-14,,6763.0,Inverness C,Cove Rangers,1.0,1.0,,,5.0,1.0,1.0,2.0,0.0,0.0,13.0,5.0,Desconocido
Serie B,72.0,,,False,2026-03-14,863.0,1581.0,Juve Stabia,Carrarese,1.0,1.0,,,6.0,8.0,2.0,1.0,0.0,0.0,15.0,10.0,Desconocido
League 1 Escocia,183,Scotland,,False,2026-03-14,6773,6764,Kelty Hearts,East Fife,1.0,1.0,,,3.0,8.0,0.0,1.0,0.0,0.0,8.0,14.0,Desconocido
Premiership Escocia,,,,False,2026-03-14,250.0,,Kilmarnock,Hearts,1.0,0.0,,,2.0,9.0,2.0,2.0,0.0,0.0,11.0,15.0,Desconocido
Turkey Super Lig,203,Turkey,,False,2026-03-14,7411,607,Kocaelispor,Konyaspor,1.0,2.0,,,8.0,7.0,3.0,1.0,0.0,0.0,10.0,19.0,C. Aydin
Super League Greece,197,Greece,,False,2026-03-14,953,955,Larisa,Asteras Tripolis,1.0,1.0,,,6.0,5.0,3.0,2.0,0.0,0.0,15.0,15.0,A. Tsakalidis
Championship,407.0,,,False,2026-03-14,46.0,72.0,Leicester,QPR,1.0,3.0,,,3.0,6.0,1.0,3.0,0.0,0.0,9.0,14.0,Desconocido
Bundesliga,218.0,,,False,2026-03-14,,,Leverkusen,Bayern Munich,1.0,1.0,,,4.0,1.0,3.0,4.0,0.0,2.0,21.0,11.0,Desconocido
League 1,,,,False,2026-03-14,1373.0,,Leyton Orient,Peterboro,2.0,1.0,,,7.0,2.0,2.0,2.0,0.0,0.0,16.0,15.0,Desconocido
League 1,,,,False,2026-03-14,1379.0,,Lincoln,Stockport,3.0,1.0,,,4.0,5.0,3.0,1.0,0.0,0.0,17.0,12.0,Desconocido
Ligue 1,61.0,,,False,2026-03-14,97.0,116.0,Lorient,Lens,2.0,1.0,,,1.0,10.0,2.0,3.0,0.0,0.0,6.0,20.0,Desconocido
League 1,,,,False,2026-03-14,,747.0,Mansfield,Barnsley,2.0,2.0,,,3.0,5.0,0.0,3.0,0.0,0.0,17.0,13.0,Desconocido
Championship,407.0,,,False,2026-03-14,70.0,56.0,Middlesbrough,Bristol City,1.0,1.0,,,9.0,4.0,1.0,5.0,0.0,0.0,19.0,4.0,Desconocido
Championship,407.0,,,False,2026-03-14,58.0,67.0,Millwall,Blackburn,1.0,2.0,,,9.0,7.0,0.0,1.0,1.0,0.0,9.0,20.0,Desconocido
Ligue 1,61.0,,,False,2026-03-14,91.0,,Monaco,Brest,2.0,0.0,,,3.0,8.0,2.0,1.0,0.0,0.0,10.0,13.0,Desconocido
League 1 Escocia,,,,False,2026-03-14,4251.0,,Montrose,Alloa,5.0,4.0,,,4.0,2.0,4.0,2.0,0.0,0.0,13.0,17.0,Desconocido
Serie B,72.0,,,False,2026-03-14,1579.0,522.0,Monza,Palermo,3.0,0.0,,,3.0,10.0,2.0,4.0,0.0,0.0,7.0,19.0,Desconocido
National League,43.0,,,False,2026-03-14,1375.0,,Morecambe,Braintree Town,1.0,1.0,,,,,4.0,1.0,0.0,0.0,,,Desconocido
Serie A,71.0,,,False,2026-03-14,492.0,867.0,Napoli,Lecce,2.0,1.0,,,7.0,7.0,0.0,1.0,0.0,0.0,12.0,12.0,Desconocido
League 1,,,,False,2026-03-14,1337.0,,Northampton,Burton,0.0,2.0,,,7.0,4.0,2.0,2.0,0.0,0.0,9.0,12.0,Desconocido
Championship,407.0,,,False,2026-03-14,71.0,59.0,Norwich,Preston,2.0,0.0,,,5.0,3.0,1.0,1.0,0.0,0.0,9.0,15.0,Desconocido
League 2,42,England,,False,2026-03-14,1376,1345,Notts County,Chesterfield,2.0,3.0,,,2.0,5.0,3.0,4.0,1.0,0.0,5.0,20.0,M. Corlett
Super League Greece,,,,False,2026-03-14,,3415.0,OFI Crete,Olympiakos,0.0,3.0,,,0.0,1.0,2.0,3.0,0.0,0.0,2.0,14.0,Desconocido
League 2,42,England,,False,2026-03-14,1349,1365,Oldham,Grimsby,1.0,0.0,,,3.0,4.0,2.0,2.0,0.0,0.0,8.0,7.0,E. Swallow
La Liga,140.0,,,False,2026-03-14,718.0,532.0,Oviedo,Valencia,1.0,0.0,,,4.0,7.0,3.0,2.0,0.0,0.0,11.0,13.0,Desconocido
Championship,407.0,,,False,2026-03-14,,1335.0,Oxford,Charlton,1.0,1.0,,,3.0,6.0,3.0,4.0,0.0,0.0,8.0,5.0,Desconocido
Eredivisie,88.0,,,False,2026-03-14,197.0,,PSV Eindhoven,Nijmegen,2.0,3.0,,,7.0,7.0,0.0,3.0,0.0,0.0,12.0,17.0,Desconocido
Serie B,72.0,,,False,2026-03-14,870.0,1687.0,Padova,Catanzaro,1.0,3.0,,,3.0,6.0,1.0,2.0,0.0,0.0,13.0,13.0,Desconocido
Super League Greece,,,,False,2026-03-14,2099.0,3408.0,Panserraikos,Aris,0.0,0.0,,,6.0,6.0,1.0,1.0,0.0,1.0,13.0,9.0,Desconocido
League 1 Escocia,183,Scotland,,False,2026-03-14,6777,6784,Peterhead,Stenhousemuir,0.0,1.0,,,1.0,1.0,2.0,4.0,0.0,0.0,13.0,3.0,Desconocido
League 1,41,England,,False,2026-03-14,1351,37,Port Vale,Huddersfield,0.0,0.0,,,2.0,6.0,3.0,1.0,0.0,0.0,11.0,17.0,T. Parsons
Championship Escocia,,,,False,2026-03-14,,,Queens Park,Ayr,1.0,1.0,,,2.0,5.0,2.0,2.0,0.0,0.0,6.0,15.0,Desconocido
League 1,41,England,,False,2026-03-14,53,1357,Reading,Plymouth,2.0,2.0,,,3.0,3.0,1.0,3.0,0.0,0.0,14.0,18.0,S. Stockbridge
La Liga,140.0,,,False,2026-03-14,541.0,797.0,Real Madrid,Elche,4.0,1.0,,,5.0,4.0,1.0,3.0,0.0,0.0,14.0,11.0,Desconocido
Ligue 2,62.0,,,False,2026-03-14,,1304.0,Red Star,Dunkerque,1.0,0.0,,,3.0,0.0,1.0,1.0,0.0,0.0,11.0,7.0,Desconocido
Ligue 2,62.0,,,False,2026-03-14,93.0,1301.0,Reims,Rodez,1.0,2.0,,,6.0,5.0,2.0,2.0,1.0,0.0,18.0,13.0,Desconocido
League 1,41,England,,False,2026-03-14,73,68,Rotherham,Bolton,2.0,2.0,,,8.0,6.0,3.0,1.0,0.0,0.0,10.0,19.0,J. Oldham
Serie B,72.0,,,False,2026-03-14,498.0,517.0,Sampdoria,Venezia,0.0,0.0,,,7.0,6.0,2.0,0.0,0.0,0.0,9.0,15.0,Desconocido
National League,43.0,,,False,2026-03-14,1340.0,4700.0,Scunthorpe,Altrincham,2.0,1.0,,,,,2.0,1.0,0.0,0.0,,,Desconocido
Championship,407.0,,,False,2026-03-14,,57.0,Sheffield Weds,Ipswich,0.0,2.0,,,4.0,4.0,3.0,1.0,0.0,0.0,5.0,16.0,Desconocido
League 2,42,England,,False,2026-03-14,1352,1372,Shrewsbury,Cheltenham,0.0,2.0,,,1.0,2.0,2.0,3.0,0.0,0.0,8.0,8.0,L. Sandoe
National League,43.0,,,False,2026-03-14,1341.0,1378.0,Southend,Forest Green,2.0,0.0,,,,,1.0,1.0,0.0,0.0,,,Desconocido
League 2 Escocia,184,Scotland,,False,2026-03-14,6781,6762,Spartans,Clyde,2.0,1.0,,,4.0,3.0,4.0,4.0,0.0,0.0,7.0,9.0,Desconocido
Championship Escocia,,,,False,2026-03-14,,902.0,St Johnstone,Ross County,1.0,0.0,,,3.0,1.0,2.0,4.0,0.0,0.0,6.0,3.0,Desconocido
Jupiler Pro League,144.0,,,False,2026-03-14,,6215.0,St. Gilloise,Dender,2.0,0.0,,,5.0,5.0,0.0,1.0,0.0,0.0,9.0,5.0,Desconocido
League 1,41,England,,False,2026-03-14,1368,1333,Stevenage,AFC Wimbledon,1.0,0.0,,,1.0,7.0,2.0,2.0,0.0,0.0,9.0,7.0,D. Bourne
League 2 Escocia,,,,False,2026-03-14,,,Stirling,Forfar,0.0,3.0,,,1.0,9.0,1.0,1.0,0.0,0.0,7.0,18.0,Desconocido
Championship,407.0,,,False,2026-03-14,,38.0,Stoke,Watford,3.0,1.0,,,6.0,7.0,4.0,2.0,0.0,0.0,19.0,15.0,Desconocido
League 2 Escocia,184,Scotland,,False,2026-03-14,6785,6765,Stranraer,East Kilbride,2.0,1.0,,,7.0,3.0,3.0,3.0,0.0,0.0,8.0,12.0,Desconocido
Premier League,569.0,,,False,2026-03-14,746.0,51.0,Sunderland,Brighton,0.0,1.0,,,7.0,3.0,1.0,2.0,0.0,0.0,14.0,12.0,Desconocido
League 2,,,,False,2026-03-14,,1348.0,Swindon,Milton Keynes Dons,1.0,2.0,,,5.0,6.0,2.0,2.0,0.0,0.0,12.0,11.0,Desconocido
National League,43.0,,,False,2026-03-14,7752.0,1371.0,Tamworth,Carlisle,2.0,1.0,,,,,1.0,0.0,0.0,0.0,,,Desconocido
Turkey Super Lig,203,Turkey,,False,2026-03-14,998,1007,Trabzonspor,Rizespor,1.0,0.0,,,8.0,4.0,0.0,2.0,0.0,0.0,10.0,11.0,C. Altay
National League,43.0,,,False,2026-03-14,,1366.0,Truro,Hartlepool,0.0,1.0,,,,,4.0,2.0,0.0,0.0,,,Desconocido
Serie A,71.0,,,False,2026-03-14,494.0,10019.0,Udinese,Juventus,0.0,1.0,,,2.0,6.0,3.0,1.0,0.0,0.0,10.0,22.0,Desconocido
La Liga 2,141,Spain,,False,2026-03-14,720,537,Valladolid,Leganes,3.0,2.0,,,3.0,4.0,2.0,2.0,0.0,0.0,14.0,13.0,R. Sanchez
Eredivisie,88.0,,,False,2026-03-14,,,Volendam,For Sittard,1.0,2.0,,,4.0,4.0,1.0,2.0,0.0,0.0,16.0,13.0,Desconocido
National League,43.0,,,False,2026-03-14,8663.0,,Wealdstone,Solihull,5.0,1.0,,,,,1.0,3.0,0.0,0.0,,,Desconocido
Championship,407.0,,,False,2026-03-14,60.0,,West Brom,Hull,3.0,0.0,,,10.0,2.0,1.0,4.0,0.0,1.0,26.0,6.0,Desconocido
Premier League,569.0,,,False,2026-03-14,48.0,,West Ham,Man City,1.0,1.0,,,1.0,15.0,2.0,2.0,0.0,0.0,1.0,24.0,Desconocido
Jupiler Pro League,144.0,,,False,2026-03-14,,,Westerlo,Club Brugge,1.0,2.0,,,11.0,2.0,1.0,2.0,0.0,0.0,14.0,6.0,Desconocido
League 1,41,England,,False,2026-03-14,61,1343,Wigan,Bradford,2.0,0.0,,,2.0,2.0,4.0,2.0,0.0,0.0,5.0,7.0,A. Humphries
League 1,41,England,,False,2026-03-14,1358,1359,Wycombe,Luton,1.0,2.0,,,3.0,3.0,3.0,1.0,0.0,0.0,15.0,10.0,C. Hicks
La Liga 2,141,Spain,,False,2026-03-14,732,723,Zaragoza,Almeria,2.0,0.0,,,5.0,5.0,5.0,4.0,0.0,0.0,10.0,11.0,D. Palencia
La Liga,140.0,,,False,2026-03-13,542.0,533.0,Alaves,Villarreal,1.0,1.0,,,5.0,2.0,4.0,1.0,0.0,0.0,8.0,10.0,Desconocido
Turkey Super Lig,,,,False,2026-03-13,1005.0,,Antalyaspor,Gaziantep,1.0,4.0,,,5.0,6.0,4.0,4.0,0.0,0.0,12.0,12.0,Desconocido
Ligue 2,62.0,,,False,2026-03-13,1305.0,1299.0,Bastia,Boulogne,0.0,1.0,,,8.0,2.0,3.0,1.0,0.0,0.0,13.0,4.0,Desconocido
Ligue 2,62.0,,,False,2026-03-13,,,Clermont,Pau FC,0.0,1.0,,,5.0,0.0,2.0,2.0,0.0,0.0,10.0,8.0,Desconocido
League 2,42,England,,False,2026-03-13,1361,1362,Colchester,Crawley Town,0.0,0.0,,,6.0,6.0,0.0,6.0,0.0,0.0,13.0,10.0,W. Finnie
Jupiler Pro League,144.0,,,False,2026-03-13,631.0,,Gent,Waregem,2.0,0.0,,,2.0,6.0,2.0,1.0,0.0,0.0,11.0,5.0,Desconocido
Bundesliga 2,,,,False,2026-03-13,,,Greuther Furth,Elversberg,2.0,0.0,,,2.0,6.0,1.0,2.0,0.0,0.0,8.0,13.0,Desconocido
Ligue 2,62.0,,,False,2026-03-13,90.0,87.0,Guingamp,Amiens,1.0,0.0,,,6.0,4.0,1.0,3.0,0.0,0.0,13.0,8.0,Desconocido
Turkey Super Lig,,,,False,2026-03-13,,,Karagumruk,Fenerbahce,2.0,0.0,,,2.0,14.0,1.0,3.0,0.0,0.0,9.0,16.0,Desconocido
Bundesliga,218.0,,,False,2026-03-13,,,M'gladbach,St Pauli,2.0,0.0,,,2.0,2.0,1.0,2.0,0.0,0.0,10.0,8.0,Desconocido
Bundesliga 2,,,,False,2026-03-13,,,Magdeburg,Darmstadt,1.0,1.0,,,8.0,1.0,3.0,1.0,0.0,0.0,17.0,10.0,Desconocido
Ligue 1,61.0,,,False,2026-03-13,81.0,108.0,Marseille,Auxerre,1.0,0.0,,,9.0,2.0,4.0,2.0,0.0,0.0,16.0,8.0,Desconocido
La Liga 2,141,Spain,,False,2026-03-13,799,724,Mirandes,Cadiz,0.0,2.0,,,3.0,2.0,0.0,0.0,0.0,0.0,22.0,9.0,S. Muresan
Serie B,72.0,,,False,2026-03-13,899.0,515.0,Modena,Spezia,3.0,0.0,,,3.0,3.0,0.0,2.0,0.0,0.0,9.0,6.0,Desconocido
Ligue 2,62.0,,,False,2026-03-13,82.0,433.0,Montpellier,Laval,2.0,0.0,,,5.0,3.0,0.0,2.0,0.0,0.0,17.0,7.0,Desconocido
Championship Escocia,180,Scotland,,False,2026-03-13,1383,901,Morton,Partick,1.0,2.0,,,4.0,4.0,4.0,0.0,1.0,0.0,13.0,15.0,R. Hardie
Ligue 2,62.0,,,False,2026-03-13,102.0,1298.0,Nancy,Le Mans,2.0,4.0,,,4.0,7.0,1.0,1.0,0.0,0.0,8.0,11.0,Desconocido
Serie A,71.0,,,False,2026-03-13,503.0,523.0,Torino,Parma,4.0,1.0,,,2.0,7.0,1.0,3.0,0.0,0.0,15.0,6.0,Desconocido
Championship,407.0,,,False,2026-03-13,1837.0,76.0,Wrexham,Swansea,2.0,0.0,,,5.0,5.0,0.0,2.0,0.0,0.0,11.0,10.0,Desconocido
Eredivisie,88.0,,,False,2026-03-13,,202.0,Zwolle,Groningen,1.0,1.0,,,7.0,6.0,0.0,3.0,0.0,0.0,14.0,17.0,Desconocido
League 1,41,England,,False,2026-03-11,1333,1356,AFC Wimbledon,Blackpool,4.0,1.0,,,6.0,8.0,0.0,0.0,0.0,0.0,14.0,9.0,L. Swabey
Championship,407.0,,,False,2026-03-11,54.0,72.0,Birmingham,QPR,1.0,0.0,,,10.0,1.0,4.0,0.0,0.0,0.0,21.0,10.0,Desconocido
Championship,407.0,,,False,2026-03-11,1346.0,59.0,Coventry,Preston,3.0,0.0,,,8.0,1.0,0.0,0.0,0.0,0.0,25.0,5.0,Desconocido
Championship,407.0,,,False,2026-03-11,70.0,1335.0,Middlesbrough,Charlton,0.0,1.0,,,11.0,2.0,0.0,2.0,0.0,0.0,34.0,5.0,Desconocido
Championship,407.0,,,False,2026-03-11,71.0,,Norwich,Sheffield United,2.0,1.0,,,11.0,4.0,2.0,2.0,0.0,0.0,19.0,6.0,Desconocido
Championship,407.0,,,False,2026-03-11,,67.0,Oxford,Blackburn,1.0,0.0,,,6.0,4.0,0.0,2.0,0.0,0.0,14.0,10.0,Desconocido
League 1,41,England,,False,2026-03-11,1351,1343,Port Vale,Bradford,0.0,2.0,,,2.0,11.0,2.0,2.0,0.0,0.0,7.0,33.0,P. Howard
Championship,407.0,,,False,2026-03-11,60.0,41.0,West Brom,Southampton,1.0,1.0,,,5.0,3.0,2.0,2.0,0.0,0.0,13.0,12.0,Desconocido
National League,43.0,,,False,2026-03-10,,1371.0,Aldershot,Carlisle,0.0,2.0,,,,,2.0,4.0,0.0,0.0,,,Desconocido
League 2 Escocia,,,,False,2026-03-10,6757.0,,Annan Athletic,Elgin,2.0,1.0,,,3.0,3.0,1.0,2.0,0.0,0.0,4.0,10.0,Desconocido
Championship Escocia,,,,False,2026-03-10,,,Ayr,Queens Park,1.0,2.0,,,6.0,3.0,2.0,0.0,0.0,0.0,9.0,4.0,Desconocido
League 1,41,England,,False,2026-03-10,747,43,Barnsley,Cardiff,1.0,1.0,,,4.0,13.0,0.0,1.0,0.0,0.0,11.0,12.0,W. Finnie
League 2,,,,False,2026-03-10,1819.0,,Barrow,Bristol Rvs,0.0,2.0,,,2.0,6.0,1.0,0.0,0.0,0.0,9.0,9.0,Desconocido
League 1,41,England,,False,2026-03-10,1354,1359,Doncaster,Luton,1.0,1.0,,,5.0,3.0,1.0,3.0,0.0,0.0,17.0,9.0,A. Humphries
League 2 Escocia,184,Scotland,,False,2026-03-10,1382,6785,Dumbarton,Stranraer,2.0,0.0,,,3.0,10.0,2.0,2.0,0.0,0.0,7.0,14.0,Desconocido
National League,43.0,,,False,2026-03-10,1822.0,4701.0,Eastleigh,Brackley Town,2.0,1.0,,,,,3.0,4.0,0.0,0.0,,,Desconocido
League 1,,,,False,2026-03-10,,1379.0,Exeter,Lincoln,0.0,1.0,,,6.0,7.0,2.0,4.0,0.0,0.0,10.0,18.0,Desconocido
League 2,42,England,,False,2026-03-10,1336,1372,Fleetwood Town,Cheltenham,2.0,2.0,,,8.0,2.0,2.0,3.0,0.0,0.0,14.0,8.0,D. Rock
League 2,42,England,,False,2026-03-10,1347,1348,Gillingham,Milton Keynes Dons,1.0,5.0,,,3.0,5.0,3.0,1.0,0.0,0.0,13.0,12.0,H. Wager
Championship,407.0,,,False,2026-03-10,46.0,56.0,Leicester,Bristol City,2.0,0.0,,,5.0,9.0,2.0,3.0,0.0,0.0,17.0,9.0,Desconocido
League 1,,,,False,2026-03-10,,53.0,Mansfield,Reading,1.0,0.0,,,13.0,6.0,0.0,2.0,0.0,0.0,17.0,7.0,Desconocido
Championship,407.0,,,False,2026-03-10,58.0,69.0,Millwall,Derby,1.0,0.0,,,6.0,2.0,0.0,3.0,0.0,0.0,15.0,14.0,Desconocido
League 1 Escocia,,,,False,2026-03-10,6777.0,,Peterhead,Alloa,3.0,1.0,,,7.0,8.0,1.0,2.0,0.0,0.0,11.0,10.0,Desconocido
Championship,407.0,,,False,2026-03-10,1355.0,76.0,Portsmouth,Swansea,1.0,2.0,,,6.0,0.0,1.0,2.0,0.0,0.0,9.0,8.0,Desconocido
League 2,,,,False,2026-03-10,,1342.0,Salford,Walsall,1.0,0.0,,,11.0,2.0,1.0,1.0,0.0,0.0,5.0,7.0,Desconocido
National League,43.0,,,False,2026-03-10,1340.0,,Scunthorpe,Sutton,1.0,2.0,,,,,2.0,2.0,0.0,0.0,,,Desconocido
Championship,407.0,,,False,2026-03-10,,38.0,Sheffield Weds,Watford,1.0,1.0,,,5.0,5.0,3.0,3.0,0.0,0.0,11.0,19.0,Desconocido
National League,43.0,,,False,2026-03-10,1341.0,1823.0,Southend,Gateshead,1.0,1.0,,,,,1.0,1.0,0.0,0.0,,,Desconocido
League 1,41,England,,False,2026-03-10,1368,1373,Stevenage,Leyton Orient,1.0,2.0,,,5.0,2.0,1.0,4.0,0.0,0.0,12.0,7.0,C. Breakspear
Championship,407.0,,,False,2026-03-10,,57.0,Stoke,Ipswich,3.0,3.0,,,5.0,9.0,0.0,4.0,0.0,0.0,15.0,17.0,Desconocido
National League,43.0,,,False,2026-03-10,8663.0,7752.0,Wealdstone,Tamworth,3.0,2.0,,,,,0.0,3.0,0.0,0.0,,,Desconocido
League 1,41,England,,False,2026-03-10,61,1357,Wigan,Plymouth,0.0,3.0,,,5.0,8.0,0.0,2.0,0.0,0.0,9.0,11.0,S. Oldham
National League,43.0,,,False,2026-03-10,1836.0,1830.0,Woking,Boreham Wood,2.0,2.0,,,,,1.0,1.0,0.0,1.0,,,Desconocido
Championship,407.0,,,False,2026-03-10,1837.0,,Wrexham,Hull,1.0,2.0,,,8.0,4.0,3.0,4.0,0.0,0.0,10.0,12.0,Desconocido
Turkey Super Lig,,,,False,2026-03-09,996.0,,Alanyaspor,Genclerbirligi,0.0,0.0,,,9.0,2.0,1.0,2.0,0.0,0.0,18.0,3.0,Desconocido
La Liga 2,141,Spain,,False,2026-03-09,723,725,Almeria,Cultural Leonesa,3.0,0.0,,,1.0,2.0,1.0,2.0,0.0,0.0,10.0,7.0,S. Ais
Ligue 2,62.0,,,False,2026-03-09,1304.0,93.0,Dunkerque,Reims,1.0,1.0,,,4.0,4.0,2.0,2.0,0.0,0.0,7.0,13.0,Desconocido
La Liga,140.0,,,False,2026-03-09,,718.0,Espanol,Oviedo,1.0,1.0,,,8.0,0.0,3.0,2.0,0.0,0.0,28.0,6.0,Desconocido
Turkey Super Lig,,,,False,2026-03-09,,7411.0,Eyupspor,Kocaelispor,0.0,1.0,,,3.0,3.0,4.0,2.0,0.0,0.0,11.0,5.0,Desconocido
Turkey Super Lig,203,Turkey,,False,2026-03-09,1001,998,Kayserispor,Trabzonspor,1.0,3.0,,,6.0,8.0,4.0,0.0,1.0,0.0,14.0,18.0,C. Aydin
Serie A,71.0,,,False,2026-03-09,487.0,488.0,Lazio,Sassuolo,2.0,1.0,,,1.0,6.0,0.0,4.0,0.0,0.0,13.0,7.0,Desconocido
Super League Greece,197,Greece,,False,2026-03-09,949,5050,Panetolikos,Kifisia,2.0,1.0,,,6.0,5.0,3.0,2.0,1.0,0.0,14.0,9.0,T. Tzilos
Primeira Liga,94.0,,,False,2026-03-09,218.0,226.0,Tondela,Rio Ave,0.0,1.0,,,3.0,2.0,0.0,5.0,0.0,0.0,6.0,9.0,Desconocido
League 1,41,England,,False,2026-03-08,1333,1337,AFC Wimbledon,Northampton,1.0,0.0,,,9.0,6.0,0.0,1.0,0.0,0.0,12.0,9.0,E. Bell
La Liga 2,,,,False,2026-03-08,1110.0,,Andorra,Sp Gijon,1.0,0.0,,,9.0,0.0,4.0,2.0,0.0,0.0,22.0,4.0,Desconocido
Super League Greece,197,Greece,,False,2026-03-08,955,2099,Asteras Tripolis,Panserraikos,0.0,1.0,,,4.0,2.0,2.0,4.0,1.0,0.0,8.0,10.0,A. Katsikogiannis
Primeira Liga,94.0,,,False,2026-03-08,211.0,,Benfica,Porto,2.0,2.0,,,8.0,2.0,2.0,6.0,0.0,0.0,20.0,14.0,Desconocido
Serie A,71.0,,,False,2026-03-08,500.0,,Bologna,Verona,1.0,2.0,,,5.0,3.0,1.0,2.0,0.0,0.0,19.0,15.0,Desconocido
Ligue 1,61.0,,,False,2026-03-08,,111.0,Brest,Le Havre,2.0,0.0,,,1.0,3.0,3.0,1.0,0.0,0.0,11.0,14.0,Desconocido
Serie B,72.0,,,False,2026-03-08,1581.0,522.0,Carrarese,Palermo,0.0,1.0,,,9.0,5.0,2.0,1.0,0.0,0.0,13.0,13.0,Desconocido
Serie B,72.0,,,False,2026-03-08,1687.0,511.0,Catanzaro,Empoli,3.0,2.0,,,9.0,1.0,1.0,2.0,0.0,0.0,16.0,5.0,Desconocido
Jupiler Pro League,144.0,,,False,2026-03-08,,554.0,Club Brugge,Anderlecht,2.0,2.0,,,11.0,2.0,1.0,3.0,0.0,0.0,24.0,13.0,Desconocido
Primeira Liga,94.0,,,False,2026-03-08,15130.0,,Estrela,Gil Vicente,2.0,2.0,,,0.0,8.0,1.0,2.0,0.0,0.0,9.0,19.0,Desconocido
Turkey Super Lig,,,,False,2026-03-08,,3603.0,Fenerbahce,Samsunspor,3.0,2.0,,,7.0,6.0,2.0,6.0,0.0,0.0,14.0,12.0,Desconocido
Serie A,71.0,,,False,2026-03-08,502.0,523.0,Fiorentina,Parma,0.0,0.0,,,7.0,1.0,2.0,0.0,0.0,0.0,12.0,8.0,Desconocido
Eredivisie,88.0,,,False,2026-03-08,,427.0,For Sittard,Telstar,1.0,4.0,,,3.0,5.0,1.0,1.0,0.0,0.0,21.0,15.0,Desconocido
Serie B,72.0,,,False,2026-03-08,512.0,498.0,Frosinone,Sampdoria,3.0,0.0,,,10.0,2.0,2.0,1.0,0.0,0.0,24.0,9.0,Desconocido
Turkey Super Lig,,,,False,2026-03-08,,,Gaziantep,Karagumruk,1.0,1.0,,,6.0,12.0,3.0,1.0,0.0,0.0,14.0,14.0,Desconocido
Serie A,71.0,,,False,2026-03-08,495.0,,Genoa,Roma,2.0,1.0,,,3.0,6.0,1.0,3.0,0.0,0.0,11.0,8.0,Desconocido
Jupiler Pro League,144.0,,,False,2026-03-08,631.0,,Gent,Mechelen,3.0,1.0,,,3.0,5.0,2.0,2.0,0.0,0.0,13.0,8.0,Desconocido
La Liga,140.0,,,False,2026-03-08,546.0,,Getafe,Betis,2.0,0.0,,,3.0,8.0,3.0,2.0,0.0,0.0,9.0,14.0,Desconocido
Eredivisie,88.0,,,False,2026-03-08,,415.0,Go Ahead Eagles,Twente,1.0,4.0,,,6.0,5.0,1.0,0.0,0.0,0.0,15.0,11.0,Desconocido
Bundesliga 2,,,,False,2026-03-08,,,Hannover,Greuther Furth,1.0,2.0,,,17.0,5.0,2.0,1.0,0.0,0.0,24.0,14.0,Desconocido
Bundesliga 2,,,,False,2026-03-08,,,Karlsruhe,Dresden,3.0,3.0,,,7.0,5.0,2.0,0.0,0.0,0.0,22.0,12.0,Desconocido
Turkey Super Lig,,,,False,2026-03-08,607.0,,Konyaspor,Kasimpasa,1.0,1.0,,,4.0,3.0,5.0,3.0,0.0,0.0,11.0,6.0,Desconocido
La Liga 2,,,,False,2026-03-08,,22018.0,La Coruna,Granada,0.0,2.0,,,10.0,4.0,0.0,0.0,0.0,0.0,13.0,12.0,Desconocido
La Liga 2,,,,False,2026-03-08,534.0,,Las Palmas,Ceuta,4.0,0.0,,,7.0,1.0,0.0,1.0,0.0,0.0,15.0,4.0,Desconocido
Serie A,71.0,,,False,2026-03-08,867.0,520.0,Lecce,Cremonese,2.0,1.0,,,4.0,4.0,1.0,4.0,0.0,1.0,9.0,10.0,Desconocido
La Liga 2,141,Spain,,False,2026-03-08,537,545,Leganes,Eibar,0.0,1.0,,,10.0,2.0,4.0,0.0,0.0,0.0,20.0,8.0,S. Lax
Ligue 1,61.0,,,False,2026-03-08,116.0,112.0,Lens,Metz,3.0,0.0,,,6.0,4.0,0.0,3.0,0.0,0.0,24.0,5.0,Desconocido
Super League Greece,,,,False,2026-03-08,,617.0,Levadeiakos,Panathinaikos,1.0,4.0,,,3.0,3.0,2.0,3.0,0.0,0.0,7.0,14.0,Desconocido
Ligue 1,61.0,,,False,2026-03-08,79.0,97.0,Lille,Lorient,1.0,1.0,,,5.0,1.0,4.0,1.0,0.0,0.0,12.0,9.0,Desconocido
Ligue 1,61.0,,,False,2026-03-08,80.0,114.0,Lyon,Paris FC,1.0,1.0,,,8.0,2.0,2.0,0.0,0.0,0.0,14.0,14.0,Desconocido
Serie B,72.0,,,False,2026-03-08,1693.0,863.0,Mantova,Juve Stabia,2.0,0.0,,,6.0,1.0,2.0,8.0,0.0,1.0,16.0,3.0,Desconocido
Serie A,71.0,,,False,2026-03-08,,505.0,Milan,Inter,1.0,0.0,,,1.0,6.0,2.0,2.0,0.0,0.0,9.0,11.0,Desconocido
Eredivisie,88.0,,,False,2026-03-08,203.0,209.0,NAC Breda,Feyenoord,3.0,3.0,,,4.0,9.0,1.0,4.0,1.0,0.0,12.0,14.0,Desconocido
Ligue 1,61.0,,,False,2026-03-08,84.0,94.0,Nice,Rennes,0.0,4.0,,,7.0,1.0,2.0,1.0,0.0,0.0,14.0,12.0,Desconocido
Eredivisie,88.0,,,False,2026-03-08,,,Nijmegen,Volendam,3.0,0.0,,,12.0,1.0,1.0,0.0,0.0,0.0,27.0,7.0,Desconocido
Super League Greece,,,,False,2026-03-08,3415.0,619.0,Olympiakos,PAOK,0.0,0.0,,,8.0,3.0,1.0,1.0,0.0,0.0,19.0,5.0,Desconocido
Serie B,72.0,,,False,2026-03-08,525.0,508.0,Pescara,Bari,4.0,0.0,,,2.0,4.0,2.0,1.0,0.0,0.0,27.0,12.0,Desconocido
Bundesliga 2,,,,False,2026-03-08,1313.0,,Preußen Münster,Hertha,1.0,2.0,,,4.0,8.0,2.0,2.0,0.0,0.0,11.0,15.0,Desconocido
Championship,407.0,,,False,2026-03-08,72.0,70.0,QPR,Middlesbrough,0.0,4.0,,,3.0,8.0,0.0,0.0,0.0,0.0,9.0,16.0,Desconocido
Turkey Super Lig,203,Turkey,,False,2026-03-08,1007,1005,Rizespor,Antalyaspor,1.0,0.0,,,2.0,1.0,3.0,1.0,0.0,0.0,13.0,10.0,O. Aksu
Primeira Liga,94.0,,,False,2026-03-08,227.0,224.0,Santa Clara,Guimaraes,2.0,0.0,,,2.0,4.0,3.0,2.0,0.0,0.0,6.0,14.0,Desconocido
La Liga 2,,,,False,2026-03-08,,713.0,Santander,Cordoba,4.0,3.0,,,6.0,7.0,2.0,3.0,0.0,0.0,15.0,19.0,Desconocido
La Liga,140.0,,,False,2026-03-08,536.0,,Sevilla,Vallecano,1.0,1.0,,,6.0,2.0,1.0,3.0,0.0,0.0,11.0,9.0,Desconocido
Eredivisie,88.0,,,False,2026-03-08,426.0,,Sparta Rotterdam,Zwolle,1.0,1.0,,,6.0,3.0,3.0,1.0,0.0,0.0,20.0,15.0,Desconocido
Bundesliga,218.0,,,False,2026-03-08,,,St Pauli,Ein Frankfurt,0.0,0.0,,,6.0,5.0,2.0,1.0,0.0,0.0,11.0,8.0,Desconocido
Jupiler Pro League,144.0,,,False,2026-03-08,,741.0,St Truiden,Cercle Brugge,2.0,1.0,,,7.0,5.0,0.0,4.0,0.0,0.0,15.0,18.0,Desconocido
Bundesliga,218.0,,,False,2026-03-08,182.0,162.0,Union Berlin,Werder Bremen,1.0,4.0,,,1.0,3.0,1.0,3.0,1.0,0.0,9.0,15.0,Desconocido
La Liga,140.0,,,False,2026-03-08,532.0,542.0,Valencia,Alaves,3.0,2.0,,,10.0,2.0,1.0,6.0,0.0,2.0,19.0,10.0,Desconocido
La Liga,140.0,,,False,2026-03-08,533.0,797.0,Villarreal,Elche,2.0,1.0,,,4.0,6.0,1.0,2.0,0.0,0.0,16.0,13.0,Desconocido
Super League Greece,,,,False,2026-03-08,2110.0,,Volos NFC,OFI Crete,1.0,1.0,,,9.0,4.0,1.0,3.0,0.0,0.0,16.0,12.0,Desconocido
Jupiler Pro League,144.0,,,False,2026-03-08,,,Waregem,Standard,0.0,1.0,,,3.0,2.0,0.0,2.0,0.0,0.0,19.0,9.0,Desconocido
Super League Greece,,,,False,2026-03-07,,953.0,AEK,Larisa,1.0,0.0,,,7.0,3.0,2.0,3.0,0.0,0.0,20.0,9.0,Desconocido
League 2,,,,False,2026-03-07,,,Accrington,Cambridge,1.0,1.0,,,0.0,12.0,2.0,0.0,0.0,0.0,5.0,14.0,Desconocido
League 1 Escocia,,,,False,2026-03-07,,6773.0,Alloa,Kelty Hearts,2.0,1.0,,,4.0,5.0,1.0,3.0,0.0,0.0,9.0,12.0,Desconocido
National League,43.0,,,False,2026-03-07,4700.0,,Altrincham,Truro,2.0,0.0,,,,,2.0,0.0,0.0,0.0,,,Desconocido
Primeira Liga,94.0,,,False,2026-03-07,4724.0,21595.0,Alverca,AVS,0.0,0.0,,,8.0,0.0,1.0,3.0,0.0,0.0,17.0,12.0,Desconocido
League 2 Escocia,,,,False,2026-03-07,6757.0,,Annan Athletic,Stirling,3.0,3.0,,,7.0,0.0,4.0,3.0,1.0,0.0,21.0,8.0,Desconocido
Championship Escocia,180,Scotland,,False,2026-03-07,4249,902,Arbroath,Ross County,0.0,0.0,,,5.0,4.0,4.0,5.0,0.0,2.0,6.0,6.0,C. Scott
Super League Greece,,,,False,2026-03-07,3408.0,12260.0,Aris,Atromitos,0.0,0.0,,,2.0,8.0,0.0,3.0,1.0,0.0,7.0,11.0,Desconocido
Serie A,71.0,,,False,2026-03-07,499.0,494.0,Atalanta,Udinese,2.0,2.0,,,11.0,3.0,1.0,2.0,0.0,0.0,22.0,8.0,Desconocido
La Liga,140.0,,,False,2026-03-07,,529.0,Ath Bilbao,Barcelona,0.0,1.0,,,2.0,4.0,2.0,1.0,0.0,0.0,10.0,7.0,Desconocido
La Liga,140.0,,,False,2026-03-07,,,Ath Madrid,Sociedad,3.0,2.0,,,8.0,1.0,1.0,1.0,0.0,0.0,24.0,7.0,Desconocido
Ligue 1,61.0,,,False,2026-03-07,108.0,95.0,Auxerre,Strasbourg,0.0,0.0,,,5.0,4.0,1.0,2.0,0.0,0.0,10.0,13.0,Desconocido
Serie B,72.0,,,False,2026-03-07,528.0,870.0,Avellino,Padova,1.0,0.0,,,9.0,3.0,3.0,3.0,0.0,0.0,19.0,6.0,Desconocido
League 1,,,,False,2026-03-07,747.0,,Barnsley,Exeter,2.0,1.0,,,6.0,6.0,1.0,1.0,0.0,0.0,9.0,11.0,Desconocido
Turkey Super Lig,,,,False,2026-03-07,,645.0,Besiktas,Galatasaray,0.0,1.0,,,8.0,4.0,3.0,7.0,0.0,1.0,24.0,12.0,Desconocido
Championship,407.0,,,False,2026-03-07,67.0,1355.0,Blackburn,Portsmouth,1.0,1.0,,,4.0,5.0,2.0,0.0,0.0,0.0,10.0,14.0,Desconocido
League 1,41,England,,False,2026-03-07,1356,61,Blackpool,Wigan,1.0,1.0,,,3.0,5.0,2.0,1.0,0.0,0.0,8.0,7.0,M. Russell
Bundesliga 2,,,,False,2026-03-07,,,Bochum,Kaiserslautern,3.0,2.0,,,5.0,6.0,3.0,4.0,0.0,0.0,17.0,9.0,Desconocido
League 1,41,England,,False,2026-03-07,68,1358,Bolton,Wycombe,3.0,2.0,,,6.0,4.0,3.0,4.0,0.0,0.0,16.0,12.0,M. Corlett
National League,43.0,,,False,2026-03-07,1830.0,4701.0,Boreham Wood,Brackley Town,5.0,3.0,,,,,2.0,3.0,0.0,0.0,,,Desconocido
League 1,41,England,,False,2026-03-07,1343,1373,Bradford,Leyton Orient,2.0,1.0,,,11.0,2.0,6.0,3.0,1.0,0.0,17.0,5.0,O. Yates
National League,43.0,,,False,2026-03-07,,8663.0,Braintree Town,Wealdstone,1.0,4.0,,,,,3.0,3.0,0.0,0.0,,,Desconocido
Championship,407.0,,,False,2026-03-07,56.0,1346.0,Bristol City,Coventry,0.0,2.0,,,11.0,3.0,2.0,2.0,1.0,1.0,24.0,10.0,Desconocido
League 2,,,,False,2026-03-07,,1363.0,Bristol Rvs,Crewe,2.0,1.0,,,7.0,7.0,3.0,4.0,0.0,0.0,14.0,14.0,Desconocido
La Liga 2,141,Spain,,False,2026-03-07,9580,799,Burgos,Mirandes,2.0,0.0,,,1.0,6.0,2.0,5.0,0.0,1.0,14.0,12.0,J. Sanchez
League 1,,,,False,2026-03-07,,1368.0,Burton,Stevenage,0.0,1.0,,,9.0,5.0,1.0,3.0,0.0,0.0,5.0,10.0,Desconocido
Turkey Super Lig,,,,False,2026-03-07,,,Buyuksehyr,Goztep,2.0,1.0,,,3.0,5.0,1.0,2.0,0.0,0.0,7.0,23.0,Desconocido
Serie A,71.0,,,False,2026-03-07,490.0,895.0,Cagliari,Como,1.0,2.0,,,2.0,3.0,3.0,1.0,0.0,0.0,8.0,8.0,Desconocido
League 1,41,England,,False,2026-03-07,43,1379,Cardiff,Lincoln,0.0,2.0,,,6.0,2.0,0.0,3.0,0.0,0.0,9.0,11.0,T. Reeves
National League,43.0,,,False,2026-03-07,1371.0,1341.0,Carlisle,Southend,2.0,2.0,,,,,0.0,2.0,0.0,0.0,,,Desconocido
Championship,407.0,,,False,2026-03-07,1335.0,54.0,Charlton,Birmingham,1.0,0.0,,,3.0,3.0,0.0,1.0,0.0,0.0,12.0,7.0,Desconocido
League 2,42,England,,False,2026-03-07,1345,1352,Chesterfield,Shrewsbury,2.0,3.0,,,8.0,1.0,1.0,2.0,0.0,0.0,23.0,14.0,A. Dale
League 1 Escocia,183,Scotland,,False,2026-03-07,6763,6777,Cove Rangers,Peterhead,2.0,1.0,,,1.0,4.0,1.0,3.0,0.0,0.0,3.0,9.0,Desconocido
League 2,,,,False,2026-03-07,1362.0,,Crawley Town,Swindon,2.0,2.0,,,10.0,4.0,1.0,1.0,0.0,0.0,18.0,8.0,Desconocido
Bundesliga 2,,,,False,2026-03-07,,191.0,Darmstadt,Holstein Kiel,2.0,0.0,,,1.0,5.0,4.0,2.0,0.0,1.0,15.0,7.0,Desconocido
Jupiler Pro League,144.0,,,False,2026-03-07,6215.0,736.0,Dender,Charleroi,2.0,2.0,,,5.0,13.0,1.0,1.0,0.0,0.0,15.0,22.0,Desconocido
Championship,407.0,,,False,2026-03-07,69.0,,Derby,Sheffield Weds,2.0,1.0,,,6.0,2.0,1.0,1.0,0.0,0.0,13.0,7.0,Desconocido
League 2 Escocia,184,Scotland,,False,2026-03-07,1382,6781,Dumbarton,Spartans,3.0,0.0,,,4.0,7.0,2.0,1.0,0.0,0.0,13.0,9.0,Desconocido
Premiership Escocia,179,Scotland,,False,2026-03-07,253,256,Dundee,Motherwell,2.0,1.0,,,3.0,1.0,4.0,2.0,0.0,0.0,9.0,21.0,D. McFarlane
League 1 Escocia,,,,False,2026-03-07,6764.0,,East Fife,Hamilton,0.0,3.0,,,5.0,2.0,0.0,1.0,0.0,0.0,5.0,14.0,Desconocido
League 2 Escocia,,,,False,2026-03-07,6765.0,,East Kilbride,Elgin,3.0,0.0,,,4.0,4.0,1.0,2.0,0.0,0.0,12.0,5.0,Desconocido
League 2 Escocia,184,Scotland,,False,2026-03-07,6766,6785,Edinburgh City,Stranraer,4.0,1.0,,,4.0,5.0,2.0,2.0,0.0,1.0,9.0,16.0,Desconocido
Primeira Liga,94.0,,,False,2026-03-07,230.0,4716.0,Estoril,Casa Pia,0.0,0.0,,,4.0,5.0,2.0,2.0,0.0,0.0,9.0,9.0,Desconocido
Eredivisie,88.0,,,False,2026-03-07,196.0,210.0,Excelsior,Heerenveen,1.0,2.0,,,6.0,8.0,1.0,1.0,0.0,0.0,21.0,10.0,Desconocido
Bundesliga,218.0,,,False,2026-03-07,,,FC Koln,Dortmund,1.0,2.0,,,9.0,4.0,1.0,1.0,1.0,0.0,14.0,13.0,Desconocido
National League,43.0,,,False,2026-03-07,1378.0,,Forest Green,Aldershot,2.0,1.0,,,,,3.0,4.0,0.0,0.0,,,Desconocido
League 2 Escocia,,,,False,2026-03-07,,6762.0,Forfar,Clyde,1.0,1.0,,,6.0,8.0,3.0,1.0,0.0,0.0,6.0,14.0,Desconocido
Bundesliga,218.0,,,False,2026-03-07,,,Freiburg,Leverkusen,3.0,3.0,,,5.0,2.0,3.0,3.0,0.0,0.0,21.0,17.0,Desconocido
League 2,42,England,,False,2026-03-07,1347,1336,Gillingham,Fleetwood Town,1.0,1.0,,,1.0,3.0,2.0,1.0,0.0,0.0,6.0,14.0,L. Sandoe
League 2,42,England,,False,2026-03-07,1365,1832,Grimsby,Bromley,1.0,1.0,,,6.0,5.0,0.0,2.0,0.0,0.0,15.0,7.0,S. Stockbridge
Eredivisie,88.0,,,False,2026-03-07,202.0,194.0,Groningen,Ajax,3.0,1.0,,,6.0,8.0,1.0,1.0,0.0,0.0,13.0,13.0,Desconocido
National League,43.0,,,False,2026-03-07,1366.0,,Hartlepool,Halifax,0.0,1.0,,,,,3.0,0.0,0.0,0.0,,,Desconocido
Bundesliga,218.0,,,False,2026-03-07,,,Heidenheim,Hoffenheim,2.0,4.0,,,4.0,3.0,0.0,0.0,0.0,0.0,8.0,16.0,Desconocido
League 1,41,England,,False,2026-03-07,37,73,Huddersfield,Rotherham,1.0,0.0,,,3.0,2.0,0.0,1.0,0.0,0.0,6.0,13.0,M. Coy
La Liga 2,141,Spain,,False,2026-03-07,726,722,Huesca,Albacete,0.0,0.0,,,5.0,12.0,1.0,2.0,1.0,0.0,9.0,14.0,A. Ojaos
Championship,407.0,,,False,2026-03-07,,58.0,Hull,Millwall,1.0,3.0,,,5.0,2.0,2.0,4.0,0.0,0.0,23.0,9.0,Desconocido
League 1 Escocia,,,,False,2026-03-07,,4251.0,Inverness C,Montrose,3.0,1.0,,,5.0,4.0,2.0,2.0,0.0,0.0,17.0,3.0,Desconocido
Championship,407.0,,,False,2026-03-07,57.0,46.0,Ipswich,Leicester,1.0,1.0,,,10.0,2.0,3.0,3.0,0.0,0.0,18.0,7.0,Desconocido
Serie A,71.0,,,False,2026-03-07,10019.0,801.0,Juventus,Pisa,4.0,0.0,,,4.0,4.0,1.0,3.0,0.0,0.0,25.0,7.0,Desconocido
Ligue 2,62.0,,,False,2026-03-07,1298.0,3012.0,Le Mans,Annecy,3.0,0.0,,,6.0,5.0,4.0,0.0,0.0,0.0,16.0,10.0,Desconocido
La Liga,140.0,,,False,2026-03-07,539.0,547.0,Levante,Girona,1.0,1.0,,,2.0,3.0,2.0,2.0,1.0,0.0,14.0,22.0,Desconocido
League 1,41,England,,False,2026-03-07,1359,53,Luton,Reading,2.0,3.0,,,10.0,4.0,1.0,4.0,0.0,0.0,19.0,10.0,O. Mackey
Bundesliga,218.0,,,False,2026-03-07,,,Mainz,Stuttgart,2.0,2.0,,,5.0,6.0,0.0,2.0,0.0,0.0,18.0,11.0,Desconocido
La Liga 2,141,Spain,,False,2026-03-07,535,720,Malaga,Valladolid,3.0,3.0,,,0.0,9.0,4.0,4.0,1.0,0.0,10.0,17.0,A. Morilla
League 2,,,,False,2026-03-07,1348.0,,Milton Keynes Dons,Harrogate,4.0,1.0,,,7.0,2.0,1.0,0.0,0.0,0.0,16.0,15.0,Desconocido
Serie B,72.0,,,False,2026-03-07,899.0,509.0,Modena,Cesena,0.0,0.0,,,7.0,1.0,1.0,0.0,0.0,0.0,17.0,3.0,Desconocido
Primeira Liga,94.0,,,False,2026-03-07,215.0,225.0,Moreirense,Nacional,1.0,1.0,,,4.0,7.0,4.0,2.0,0.0,0.0,7.0,20.0,Desconocido
Championship Escocia,,,,False,2026-03-07,1383.0,,Morton,St Johnstone,0.0,2.0,,,2.0,8.0,3.0,1.0,0.0,0.0,9.0,20.0,Desconocido
Ligue 1,61.0,,,False,2026-03-07,83.0,77.0,Nantes,Angers,0.0,1.0,,,3.0,4.0,1.0,1.0,0.0,0.0,13.0,11.0,Desconocido
League 2,42,England,,False,2026-03-07,1367,1361,Newport County,Colchester,1.0,2.0,,,8.0,2.0,0.0,0.0,0.0,0.0,12.0,16.0,S. Copeland
Bundesliga 2,,,,False,2026-03-07,,,Nurnberg,Fortuna Dusseldorf,0.0,1.0,,,3.0,5.0,1.0,2.0,0.0,0.0,9.0,17.0,Desconocido
La Liga,140.0,,,False,2026-03-07,727.0,798.0,Osasuna,Mallorca,2.0,2.0,,,8.0,0.0,2.0,5.0,1.0,1.0,22.0,8.0,Desconocido
Jupiler Pro League,144.0,,,False,2026-03-07,,,Oud-Heverlee Leuven,Westerlo,0.0,1.0,,,9.0,5.0,2.0,3.0,0.0,0.0,21.0,9.0,Desconocido
Eredivisie,88.0,,,False,2026-03-07,197.0,201.0,PSV Eindhoven,AZ Alkmaar,2.0,1.0,,,5.0,6.0,2.0,1.0,0.0,0.0,19.0,13.0,Desconocido
Bundesliga 2,,,,False,2026-03-07,,,Paderborn,Braunschweig,1.0,1.0,,,9.0,5.0,1.0,2.0,0.0,1.0,18.0,6.0,Desconocido
League 1,41,England,,False,2026-03-07,1357,1354,Plymouth,Doncaster,2.0,1.0,,,1.0,2.0,5.0,4.0,0.0,0.0,12.0,15.0,S. Parkinson
League 1 Escocia,,,,False,2026-03-07,,6784.0,Queen of Sth,Stenhousemuir,1.0,1.0,,,3.0,8.0,1.0,3.0,0.0,0.0,13.0,11.0,Desconocido
Championship Escocia,,,,False,2026-03-07,,,Queens Park,Airdrie Utd,1.0,0.0,,,4.0,6.0,2.0,2.0,0.0,0.0,7.0,10.0,Desconocido
Bundesliga,218.0,,,False,2026-03-07,173.0,,RB Leipzig,Augsburg,2.0,1.0,,,6.0,8.0,0.0,2.0,0.0,0.0,17.0,16.0,Desconocido
National League,43.0,,,False,2026-03-07,1339.0,,Rochdale,Boston Utd,1.0,0.0,,,,,1.0,3.0,0.0,0.0,,,Desconocido
League 2,,,,False,2026-03-07,,1369.0,Salford,Barnet,2.0,0.0,,,4.0,8.0,2.0,0.0,0.0,0.0,11.0,8.0,Desconocido
Championship,407.0,,,False,2026-03-07,,60.0,Sheffield United,West Brom,1.0,1.0,,,5.0,7.0,2.0,1.0,0.0,0.0,13.0,12.0,Desconocido
La Liga 2,,,,False,2026-03-07,,,Sociedad B,Castellon,4.0,2.0,,,2.0,6.0,6.0,3.0,0.0,0.0,17.0,23.0,Desconocido
National League,43.0,,,False,2026-03-07,,1823.0,Solihull,Gateshead,1.0,2.0,,,,,2.0,2.0,0.0,0.0,,,Desconocido
Primeira Liga,94.0,,,False,2026-03-07,,,Sp Braga,Sp Lisbon,2.0,2.0,,,6.0,5.0,3.0,3.0,0.0,0.0,10.0,14.0,Desconocido
Serie B,72.0,,,False,2026-03-07,515.0,1579.0,Spezia,Monza,4.0,2.0,,,3.0,2.0,3.0,3.0,0.0,1.0,18.0,8.0,Desconocido
Ligue 2,62.0,,,False,2026-03-07,,,St Etienne,Red Star,2.0,0.0,,,8.0,7.0,1.0,1.0,0.0,0.0,12.0,8.0,Desconocido
Jupiler Pro League,144.0,,,False,2026-03-07,,742.0,St. Gilloise,Genk,2.0,1.0,,,5.0,1.0,3.0,2.0,0.0,0.0,12.0,5.0,Desconocido
Serie B,72.0,,,False,2026-03-07,1578.0,527.0,Sudtirol,Virtus Entella,0.0,1.0,,,6.0,2.0,1.0,2.0,0.0,0.0,12.0,8.0,Desconocido
National League,43.0,,,False,2026-03-07,,1375.0,Sutton,Morecambe,0.0,5.0,,,,,3.0,2.0,1.0,0.0,,,Desconocido
Championship,407.0,,,False,2026-03-07,76.0,,Swansea,Stoke,2.0,0.0,,,13.0,5.0,2.0,4.0,0.0,1.0,23.0,8.0,Desconocido
Ligue 1,61.0,,,False,2026-03-07,96.0,81.0,Toulouse,Marseille,0.0,1.0,,,4.0,2.0,2.0,3.0,0.0,0.0,12.0,10.0,Desconocido
League 2,42,England,,False,2026-03-07,1381,1349,Tranmere,Oldham,1.0,3.0,,,2.0,3.0,2.0,1.0,0.0,0.0,13.0,9.0,S. Mulhall
Ligue 2,62.0,,,False,2026-03-07,,,Troyes,Clermont,2.0,1.0,,,6.0,1.0,1.0,2.0,0.0,0.0,13.0,5.0,Desconocido
Serie B,72.0,,,False,2026-03-07,517.0,880.0,Venezia,Reggiana,2.0,0.0,,,5.0,3.0,1.0,0.0,0.0,0.0,22.0,11.0,Desconocido
League 2,42,England,,False,2026-03-07,1342,1376,Walsall,Notts County,1.0,2.0,,,5.0,2.0,3.0,4.0,0.0,0.0,12.0,12.0,S. Jackson
National League,43.0,,,False,2026-03-07,1836.0,7752.0,Woking,Tamworth,3.0,1.0,,,,,2.0,1.0,0.0,0.0,,,Desconocido
Bundesliga,218.0,,,False,2026-03-07,,,Wolfsburg,Hamburg,1.0,2.0,,,7.0,3.0,3.0,3.0,1.0,0.0,14.0,10.0,Desconocido
National League,43.0,,,False,2026-03-07,,1340.0,Yeovil,Scunthorpe,0.0,3.0,,,,,1.0,1.0,0.0,0.0,,,Desconocido
National League,43.0,,,False,2026-03-07,1828.0,1822.0,York,Eastleigh,3.0,1.0,,,,,1.0,1.0,0.0,0.0,,,Desconocido
Bundesliga,218.0,,,False,2026-03-06,,,Bayern Munich,M'gladbach,4.0,1.0,,,7.0,1.0,1.0,0.0,0.0,1.0,18.0,10.0,Desconocido
Ligue 2,62.0,,,False,2026-03-06,1299.0,87.0,Boulogne,Amiens,4.0,2.0,,,6.0,5.0,3.0,2.0,0.0,1.0,13.0,13.0,Desconocido
La Liga 2,141,Spain,,False,2026-03-06,724,732,Cadiz,Zaragoza,0.0,1.0,,,6.0,3.0,3.0,2.0,0.0,0.0,12.0,10.0,D. Arcediano
La Liga,140.0,,,False,2026-03-06,,541.0,Celta,Real Madrid,1.0,2.0,,,1.0,6.0,1.0,2.0,0.0,0.0,8.0,14.0,Desconocido
League 2,42,England,,False,2026-03-06,1372,1819,Cheltenham,Barrow,2.0,2.0,,,1.0,3.0,1.0,2.0,0.0,0.0,16.0,11.0,K. Dowle
Bundesliga 2,,,,False,2026-03-06,,,Elversberg,Magdeburg,1.0,0.0,,,11.0,5.0,0.0,2.0,0.0,0.0,15.0,14.0,Desconocido
Primeira Liga,94.0,,,False,2026-03-06,242.0,240.0,Famalicao,Arouca,1.0,0.0,,,5.0,1.0,1.0,1.0,0.0,0.0,13.0,10.0,Desconocido
Eredivisie,88.0,,,False,2026-03-06,206.0,207.0,Heracles,Utrecht,0.0,0.0,,,4.0,12.0,1.0,1.0,0.0,0.0,10.0,16.0,Desconocido
Ligue 2,62.0,,,False,2026-03-06,433.0,90.0,Laval,Guingamp,2.0,2.0,,,6.0,7.0,1.0,2.0,0.0,0.0,19.0,18.0,Desconocido
Ligue 2,62.0,,,False,2026-03-06,102.0,82.0,Nancy,Montpellier,0.0,3.0,,,4.0,6.0,2.0,3.0,1.0,1.0,11.0,8.0,Desconocido
Serie A,71.0,,,False,2026-03-06,492.0,503.0,Napoli,Torino,2.0,1.0,,,11.0,2.0,0.0,3.0,0.0,0.0,14.0,7.0,Desconocido
Ligue 1,61.0,,,False,2026-03-06,,91.0,Paris SG,Monaco,1.0,3.0,,,7.0,3.0,1.0,3.0,0.0,0.0,20.0,11.0,Desconocido
Ligue 2,62.0,,,False,2026-03-06,,1305.0,Pau FC,Bastia,2.0,2.0,,,4.0,5.0,1.0,3.0,0.0,0.0,7.0,16.0,Desconocido
Championship,407.0,,,False,2026-03-06,59.0,,Preston,Oxford,1.0,3.0,,,9.0,5.0,1.0,1.0,0.0,0.0,13.0,15.0,Desconocido
Jupiler Pro League,144.0,,,False,2026-03-06,,740.0,RAAL La Louviere,Antwerp,0.0,0.0,,,7.0,3.0,1.0,3.0,0.0,1.0,21.0,5.0,Desconocido
Ligue 2,62.0,,,False,2026-03-06,1301.0,101.0,Rodez,Grenoble,1.0,0.0,,,7.0,1.0,3.0,2.0,0.0,0.0,12.0,5.0,Desconocido
Bundesliga 2,,,,False,2026-03-06,,,Schalke 04,Bielefeld,1.0,0.0,,,9.0,2.0,0.0,2.0,0.0,0.0,24.0,12.0,Desconocido
Premier League,569.0,,,False,2026-03-05,47.0,52.0,Tottenham,Crystal Palace,1.0,3.0,,,6.0,3.0,3.0,2.0,0.0,0.0,12.0,9.0,Desconocido
Premiership Escocia,179,Scotland,,False,2026-03-04,252,247,Aberdeen,Celtic,1.0,2.0,,,6.0,6.0,2.0,2.0,0.0,0.0,8.0,18.0,N. Walsh
Premier League,569.0,,,False,2026-03-04,66.0,49.0,Aston Villa,Chelsea,1.0,4.0,,,3.0,8.0,3.0,2.0,0.0,0.0,9.0,15.0,Desconocido
Serie B,72.0,,,False,2026-03-04,508.0,511.0,Bari,Empoli,2.0,1.0,,,3.0,8.0,2.0,1.0,0.0,1.0,13.0,11.0,Desconocido
Premier League,569.0,,,False,2026-03-04,51.0,9419.0,Brighton,Arsenal,0.0,1.0,,,4.0,3.0,4.0,1.0,0.0,0.0,11.0,7.0,Desconocido
Serie B,72.0,,,False,2026-03-04,1581.0,1687.0,Carrarese,Catanzaro,3.0,3.0,,,4.0,2.0,1.0,2.0,1.0,0.0,22.0,9.0,Desconocido
Serie B,72.0,,,False,2026-03-04,512.0,525.0,Frosinone,Pescara,2.0,2.0,,,12.0,1.0,2.0,4.0,0.0,1.0,19.0,13.0,Desconocido
Premier League,569.0,,,False,2026-03-04,36.0,48.0,Fulham,West Ham,0.0,1.0,,,7.0,5.0,2.0,4.0,0.0,0.0,13.0,9.0,Desconocido
National League,43.0,,,False,2026-03-04,1823.0,,Gateshead,Braintree Town,1.0,0.0,,,,,1.0,2.0,0.0,0.0,,,Desconocido
Bundesliga,218.0,,,False,2026-03-04,,,Hamburg,Leverkusen,0.0,1.0,,,2.0,7.0,0.0,2.0,0.0,0.0,10.0,14.0,Desconocido
Serie B,72.0,,,False,2026-03-04,863.0,498.0,Juve Stabia,Sampdoria,1.0,1.0,,,9.0,3.0,0.0,1.0,0.0,0.0,15.0,4.0,Desconocido
Super League Greece,197,Greece,,False,2026-03-04,5050,619,Kifisia,PAOK,1.0,4.0,,,1.0,2.0,1.0,2.0,0.0,0.0,7.0,9.0,V. Fotias
Premier League,569.0,,,False,2026-03-04,,,Man City,Nott'm Forest,2.0,2.0,,,6.0,1.0,0.0,4.0,0.0,0.0,21.0,9.0,Desconocido
Premier League,569.0,,,False,2026-03-04,34.0,,Newcastle,Man United,2.0,1.0,,,2.0,4.0,2.0,3.0,1.0,0.0,12.0,14.0,Desconocido
Serie B,72.0,,,False,2026-03-04,522.0,1693.0,Palermo,Mantova,2.0,1.0,,,9.0,2.0,4.0,4.0,1.0,1.0,17.0,7.0,Desconocido
Super League Greece,,,,False,2026-03-04,617.0,,Panathinaikos,OFI Crete,4.0,1.0,,,5.0,0.0,1.0,3.0,0.0,0.0,18.0,4.0,Desconocido
La Liga,140.0,,,False,2026-03-04,,718.0,Vallecano,Oviedo,3.0,0.0,,,12.0,2.0,0.0,2.0,0.0,0.0,19.0,8.0,Desconocido
Championship Escocia,,,,False,2026-03-03,4249.0,,Arbroath,Ayr,1.0,1.0,,,4.0,2.0,1.0,3.0,0.0,0.0,5.0,6.0,Desconocido
League 1,41,England,,False,2026-03-03,747,1358,Barnsley,Wycombe,0.0,1.0,,,2.0,3.0,3.0,3.0,0.0,0.0,4.0,19.0,O. Yates
National League,43.0,,,False,2026-03-03,1830.0,1828.0,Boreham Wood,York,3.0,2.0,,,,,3.0,2.0,0.0,1.0,,,Desconocido
National League,43.0,,,False,2026-03-03,,1836.0,Boston Utd,Woking,2.0,2.0,,,,,1.0,5.0,0.0,0.0,,,Desconocido
Premier League,569.0,,,False,2026-03-03,35.0,55.0,Bournemouth,Brentford,0.0,0.0,,,4.0,3.0,2.0,1.0,0.0,0.0,13.0,5.0,Desconocido
League 2,42,England,,False,2026-03-03,1832,1349,Bromley,Oldham,0.0,0.0,,,3.0,7.0,3.0,1.0,0.0,0.0,14.0,9.0,R. Martin
Serie B,72.0,,,False,2026-03-03,509.0,1579.0,Cesena,Monza,1.0,3.0,,,4.0,2.0,2.0,3.0,0.0,1.0,15.0,11.0,Desconocido
League 2,42,England,,False,2026-03-03,1345,1361,Chesterfield,Colchester,3.0,0.0,,,4.0,4.0,2.0,5.0,0.0,0.0,13.0,4.0,S. Mather
Premiership Escocia,,,,False,2026-03-03,,,Dundee United,St Mirren,2.0,1.0,,,8.0,4.0,2.0,1.0,0.0,0.0,18.0,9.0,Desconocido
Championship Escocia,180,Scotland,,False,2026-03-03,1388,902,Dunfermline,Ross County,3.0,0.0,,,1.0,2.0,3.0,4.0,0.0,0.0,9.0,2.0,C. Graham
Premier League,569.0,,,False,2026-03-03,45.0,44.0,Everton,Burnley,2.0,0.0,,,6.0,3.0,0.0,1.0,0.0,0.0,14.0,5.0,Desconocido
League 1,,,,False,2026-03-03,,,Exeter,Burton,1.0,1.0,,,11.0,5.0,1.0,2.0,0.0,0.0,12.0,11.0,Desconocido
League 2,,,,False,2026-03-03,1365.0,,Grimsby,Salford,3.0,1.0,,,4.0,4.0,2.0,4.0,0.0,0.0,8.0,13.0,Desconocido
League 1 Escocia,,,,False,2026-03-03,,6784.0,Hamilton,Stenhousemuir,0.0,1.0,,,4.0,8.0,3.0,3.0,1.0,0.0,11.0,9.0,Desconocido
National League,43.0,,,False,2026-03-03,1366.0,,Hartlepool,Sutton,0.0,2.0,,,,,0.0,0.0,0.0,0.0,,,Desconocido
Championship,407.0,,,False,2026-03-03,57.0,,Ipswich,Hull,1.0,0.0,,,6.0,4.0,2.0,4.0,0.0,0.0,15.0,6.0,Desconocido
Premier League,569.0,,,False,2026-03-03,63.0,746.0,Leeds,Sunderland,0.0,1.0,,,9.0,2.0,1.0,3.0,0.0,0.0,18.0,3.0,Desconocido
League 1 Escocia,183,Scotland,,False,2026-03-03,4251,6773,Montrose,Kelty Hearts,1.0,1.0,,,5.0,2.0,3.0,4.0,0.0,0.0,13.0,10.0,Desconocido
League 2,42,England,,False,2026-03-03,1367,1381,Newport County,Tranmere,3.0,1.0,,,7.0,5.0,2.0,2.0,0.0,1.0,18.0,7.0,I. Searle
Serie B,72.0,,,False,2026-03-03,870.0,515.0,Padova,Spezia,2.0,2.0,,,6.0,5.0,0.0,2.0,0.0,0.0,19.0,13.0,Desconocido
Serie B,72.0,,,False,2026-03-03,880.0,1578.0,Reggiana,Sudtirol,0.0,4.0,,,3.0,4.0,1.0,1.0,0.0,0.0,6.0,16.0,Desconocido
National League,43.0,,,False,2026-03-03,1339.0,4701.0,Rochdale,Brackley Town,3.0,2.0,,,,,0.0,0.0,0.0,0.0,,,Desconocido
League 1,,,,False,2026-03-03,73.0,,Rotherham,Mansfield,0.0,0.0,,,3.0,6.0,2.0,1.0,0.0,0.0,7.0,13.0,Desconocido
National League,43.0,,,False,2026-03-03,1341.0,,Southend,Truro,1.0,1.0,,,,,1.0,2.0,0.0,0.0,,,Desconocido
League 2 Escocia,,,,False,2026-03-03,6781.0,,Spartans,Stirling,2.0,0.0,,,4.0,4.0,1.0,4.0,0.0,0.0,16.0,3.0,Desconocido
Serie B,72.0,,,False,2026-03-03,517.0,528.0,Venezia,Avellino,4.0,0.0,,,3.0,0.0,1.0,2.0,0.0,2.0,25.0,3.0,Desconocido
Serie B,72.0,,,False,2026-03-03,527.0,899.0,Virtus Entella,Modena,2.0,1.0,,,1.0,6.0,3.0,1.0,1.0,0.0,7.0,18.0,Desconocido
League 2,42,England,,False,2026-03-03,1342,1336,Walsall,Fleetwood Town,0.0,1.0,,,5.0,5.0,0.0,2.0,0.0,0.0,18.0,6.0,S. Copeland
National League,43.0,,,False,2026-03-03,8663.0,1375.0,Wealdstone,Morecambe,2.0,3.0,,,,,2.0,3.0,0.0,1.0,,,Desconocido
Premier League,569.0,,,False,2026-03-03,39.0,40.0,Wolves,Liverpool,2.0,1.0,,,2.0,11.0,2.0,1.0,0.0,0.0,4.0,19.0,Desconocido
National League,43.0,,,False,2026-03-03,,7752.0,Yeovil,Tamworth,2.0,0.0,,,,,2.0,2.0,0.0,0.0,,,Desconocido
Ligue 2,62.0,,,False,2026-03-02,87.0,,Amiens,Troyes,0.0,2.0,,,8.0,4.0,1.0,1.0,0.0,0.0,14.0,13.0,Desconocido
Championship,407.0,,,False,2026-03-02,54.0,70.0,Birmingham,Middlesbrough,1.0,3.0,,,6.0,2.0,2.0,4.0,0.0,0.0,11.0,10.0,Desconocido
La Liga 2,,,,False,2026-03-02,713.0,1110.0,Cordoba,Andorra,1.0,4.0,,,9.0,3.0,0.0,4.0,0.0,0.0,13.0,13.0,Desconocido
Primeira Liga,94.0,,,False,2026-03-02,,211.0,Gil Vicente,Benfica,1.0,2.0,,,5.0,3.0,2.0,3.0,0.0,0.0,13.0,11.0,Desconocido
Serie A,71.0,,,False,2026-03-02,801.0,500.0,Pisa,Bologna,0.0,1.0,,,7.0,4.0,0.0,2.0,0.0,0.0,6.0,8.0,Desconocido
La Liga,140.0,,,False,2026-03-02,541.0,546.0,Real Madrid,Getafe,0.0,1.0,,,10.0,2.0,4.0,6.0,1.0,1.0,18.0,9.0,Desconocido
La Liga 2,,,,False,2026-03-02,,537.0,Sp Gijon,Leganes,0.0,0.0,,,5.0,0.0,2.0,3.0,0.0,0.0,12.0,6.0,Desconocido
Serie A,71.0,,,False,2026-03-02,494.0,502.0,Udinese,Fiorentina,3.0,0.0,,,5.0,2.0,1.0,4.0,0.0,0.0,10.0,10.0,Desconocido
Turkey Super Lig,,,,False,2026-03-01,1005.0,,Antalyaspor,Fenerbahce,2.0,2.0,,,3.0,14.0,0.0,0.0,0.0,0.0,10.0,14.0,Desconocido
Premier League,569.0,,,False,2026-03-01,9419.0,49.0,Arsenal,Chelsea,2.0,1.0,,,5.0,10.0,1.0,3.0,0.0,1.0,12.0,9.0,Desconocido
La Liga,140.0,,,False,2026-03-01,,536.0,Betis,Sevilla,2.0,2.0,,,4.0,3.0,3.0,3.0,0.0,0.0,9.0,14.0,Desconocido
Bundesliga 2,,,,False,2026-03-01,,1313.0,Braunschweig,Preußen Münster,1.0,2.0,,,7.0,0.0,2.0,3.0,0.0,1.0,11.0,8.0,Desconocido
Premier League,569.0,,,False,2026-03-01,51.0,,Brighton,Nott'm Forest,2.0,1.0,,,4.0,4.0,3.0,1.0,0.0,0.0,14.0,13.0,Desconocido
Primeira Liga,94.0,,,False,2026-03-01,4716.0,215.0,Casa Pia,Moreirense,1.0,1.0,,,1.0,7.0,2.0,3.0,0.0,0.0,7.0,12.0,Desconocido
Serie B,72.0,,,False,2026-03-01,1687.0,512.0,Catanzaro,Frosinone,2.0,2.0,,,3.0,9.0,1.0,4.0,0.0,0.0,22.0,22.0,Desconocido
Jupiler Pro League,144.0,,,False,2026-03-01,741.0,6215.0,Cercle Brugge,Dender,0.0,0.0,,,9.0,4.0,1.0,2.0,0.0,0.0,21.0,11.0,Desconocido
Jupiler Pro League,144.0,,,False,2026-03-01,736.0,,Charleroi,Club Brugge,1.0,2.0,,,2.0,4.0,5.0,1.0,1.0,0.0,9.0,15.0,Desconocido
Serie A,71.0,,,False,2026-03-01,520.0,,Cremonese,Milan,0.0,2.0,,,6.0,7.0,2.0,0.0,0.0,0.0,15.0,20.0,Desconocido
La Liga 2,141,Spain,,False,2026-03-01,725,534,Cultural Leonesa,Las Palmas,0.0,3.0,,,5.0,4.0,5.0,4.0,0.0,0.0,12.0,10.0,A. Moreno
La Liga 2,141,Spain,,False,2026-03-01,545,724,Eibar,Cadiz,3.0,1.0,,,4.0,0.0,0.0,2.0,0.0,0.0,14.0,6.0,R. Sanchez
Bundesliga,218.0,,,False,2026-03-01,,,Ein Frankfurt,Freiburg,2.0,0.0,,,5.0,6.0,1.0,2.0,0.0,0.0,15.0,4.0,Desconocido
La Liga,140.0,,,False,2026-03-01,797.0,,Elche,Espanol,2.0,2.0,,,3.0,1.0,1.0,6.0,0.0,1.0,17.0,9.0,Desconocido
Eredivisie,88.0,,,False,2026-03-01,196.0,,Excelsior,Go Ahead Eagles,0.0,1.0,,,6.0,3.0,1.0,1.0,0.0,0.0,19.0,7.0,Desconocido
Premier League,569.0,,,False,2026-03-01,36.0,47.0,Fulham,Tottenham,2.0,1.0,,,5.0,8.0,3.0,3.0,0.0,0.0,18.0,13.0,Desconocido
Turkey Super Lig,,,,False,2026-03-01,,1001.0,Genclerbirligi,Kayserispor,0.0,0.0,,,3.0,6.0,1.0,1.0,0.0,0.0,10.0,10.0,Desconocido
Jupiler Pro League,144.0,,,False,2026-03-01,742.0,631.0,Genk,Gent,3.0,0.0,,,7.0,8.0,2.0,0.0,0.0,0.0,16.0,14.0,Desconocido
La Liga,140.0,,,False,2026-03-01,547.0,,Girona,Celta,1.0,2.0,,,10.0,6.0,2.0,2.0,0.0,0.0,15.0,7.0,Desconocido
Bundesliga,218.0,,,False,2026-03-01,,173.0,Hamburg,RB Leipzig,1.0,2.0,,,4.0,9.0,3.0,2.0,0.0,0.0,7.0,13.0,Desconocido
Bundesliga 2,,,,False,2026-03-01,,,Hertha,Nurnberg,2.0,1.0,,,3.0,6.0,0.0,2.0,0.0,0.0,14.0,5.0,Desconocido
Ligue 1,61.0,,,False,2026-03-01,79.0,83.0,Lille,Nantes,1.0,0.0,,,4.0,1.0,3.0,1.0,0.0,0.0,9.0,3.0,Desconocido
Ligue 1,61.0,,,False,2026-03-01,97.0,108.0,Lorient,Auxerre,2.0,2.0,,,3.0,7.0,1.0,3.0,0.0,0.0,15.0,10.0,Desconocido
Bundesliga 2,,,,False,2026-03-01,,,Magdeburg,Karlsruhe,1.0,3.0,,,6.0,2.0,2.0,4.0,0.0,0.0,23.0,8.0,Desconocido
Premier League,569.0,,,False,2026-03-01,,52.0,Man United,Crystal Palace,2.0,1.0,,,7.0,1.0,2.0,2.0,0.0,1.0,20.0,8.0,Desconocido
Serie B,72.0,,,False,2026-03-01,1693.0,1581.0,Mantova,Carrarese,1.0,1.0,,,6.0,9.0,3.0,4.0,0.0,0.0,15.0,11.0,Desconocido
Ligue 1,61.0,,,False,2026-03-01,81.0,80.0,Marseille,Lyon,3.0,2.0,,,8.0,1.0,3.0,2.0,0.0,0.0,18.0,12.0,Desconocido
Ligue 1,61.0,,,False,2026-03-01,112.0,,Metz,Brest,0.0,1.0,,,12.0,4.0,2.0,1.0,0.0,1.0,24.0,6.0,Desconocido
La Liga 2,,,,False,2026-03-01,799.0,,Mirandes,Ceuta,0.0,1.0,,,8.0,4.0,0.0,4.0,0.0,1.0,20.0,8.0,Desconocido
Super League Greece,197,Greece,,False,2026-03-01,619,955,PAOK,Asteras Tripolis,2.0,0.0,,,6.0,1.0,0.0,2.0,0.0,0.0,22.0,3.0,A. Papapetrou
Super League Greece,,,,False,2026-03-01,617.0,3408.0,Panathinaikos,Aris,3.0,1.0,,,1.0,5.0,2.0,3.0,0.0,0.0,10.0,13.0,Desconocido
Super League Greece,,,,False,2026-03-01,2099.0,3415.0,Panserraikos,Olympiakos,1.0,2.0,,,1.0,5.0,1.0,1.0,0.0,0.0,4.0,21.0,Desconocido
Ligue 1,61.0,,,False,2026-03-01,114.0,84.0,Paris FC,Nice,1.0,0.0,,,8.0,6.0,6.0,3.0,1.0,0.0,16.0,11.0,Desconocido
Serie B,72.0,,,False,2026-03-01,525.0,522.0,Pescara,Palermo,2.0,1.0,,,9.0,4.0,4.0,2.0,0.0,0.0,14.0,12.0,Desconocido
Premiership Escocia,179,Scotland,,False,2026-03-01,257,247,Rangers,Celtic,2.0,2.0,,,6.0,7.0,2.0,1.0,0.0,0.0,12.0,17.0,J. Beaton
Primeira Liga,94.0,,,False,2026-03-01,226.0,242.0,Rio Ave,Famalicao,0.0,0.0,,,5.0,5.0,4.0,2.0,0.0,0.0,16.0,10.0,Desconocido
Serie A,71.0,,,False,2026-03-01,,10019.0,Roma,Juventus,3.0,3.0,,,4.0,1.0,1.0,0.0,0.0,0.0,11.0,13.0,Desconocido
Turkey Super Lig,,,,False,2026-03-01,3603.0,,Samsunspor,Gaziantep,0.0,0.0,,,6.0,2.0,1.0,3.0,0.0,0.0,12.0,6.0,Desconocido
Serie A,71.0,,,False,2026-03-01,488.0,499.0,Sassuolo,Atalanta,2.0,1.0,,,3.0,9.0,2.0,2.0,1.0,0.0,7.0,26.0,Desconocido
La Liga 2,,,,False,2026-03-01,,,Sociedad B,La Coruna,2.0,3.0,,,5.0,2.0,3.0,1.0,1.0,0.0,14.0,11.0,Desconocido
Bundesliga,218.0,,,False,2026-03-01,,,Stuttgart,Wolfsburg,4.0,0.0,,,7.0,3.0,1.0,0.0,0.0,0.0,24.0,10.0,Desconocido
Primeira Liga,94.0,,,False,2026-03-01,218.0,227.0,Tondela,Santa Clara,2.0,2.0,,,4.0,7.0,3.0,2.0,0.0,0.0,11.0,17.0,Desconocido
Serie A,71.0,,,False,2026-03-01,503.0,487.0,Torino,Lazio,2.0,0.0,,,6.0,9.0,4.0,1.0,0.0,0.0,13.0,12.0,Desconocido
Eredivisie,88.0,,,False,2026-03-01,415.0,209.0,Twente,Feyenoord,2.0,0.0,,,4.0,2.0,0.0,0.0,0.0,0.0,19.0,8.0,Desconocido
Eredivisie,88.0,,,False,2026-03-01,207.0,201.0,Utrecht,AZ Alkmaar,2.0,0.0,,,5.0,4.0,1.0,3.0,0.0,0.0,11.0,10.0,Desconocido
La Liga,140.0,,,False,2026-03-01,532.0,727.0,Valencia,Osasuna,1.0,0.0,,,5.0,4.0,3.0,3.0,0.0,0.0,14.0,8.0,Desconocido
Eredivisie,88.0,,,False,2026-03-01,,202.0,Volendam,Groningen,3.0,2.0,,,2.0,10.0,2.0,2.0,0.0,0.0,12.0,28.0,Desconocido
Super League Greece,,,,False,2026-03-01,2110.0,,Volos NFC,AEK,2.0,2.0,,,1.0,7.0,6.0,3.0,0.0,0.0,6.0,17.0,Desconocido
Jupiler Pro League,144.0,,,False,2026-03-01,,,Westerlo,St. Gilloise,0.0,0.0,,,5.0,3.0,1.0,3.0,1.0,0.0,8.0,7.0,Desconocido
Eredivisie,88.0,,,False,2026-03-01,,194.0,Zwolle,Ajax,0.0,0.0,,,12.0,3.0,3.0,2.0,0.0,0.0,9.0,6.0,Desconocido
