League,LeagueId,Country,Round,EsEliminatoria,Date,HomeTeamId,AwayTeamId,HomeTeam,AwayTeam,FTHG,FTAG,HTHG,HTAG,HC,AC,HY,AY,HR,AR,HS,AS,Referee
Primeira Liga,94.0,,,False,2026-02-28,21595.0,15130.0,AVS,Estrela,0.0,0.0,,,7.0,9.0,2.0,1.0,0.0,0.0,11.0,16.0,Desconocido
Championship Escocia,,,,False,2026-02-28,,1383.0,Airdrie Utd,Morton,3.0,1.0,,,11.0,7.0,3.0,2.0,0.0,2.0,17.0,12.0,Desconocido
National League,43.0,,,False,2026-02-28,,1339.0,Aldershot,Rochdale,0.0,2.0,,,,,2.0,2.0,0.0,0.0,,,Desconocido
Jupiler Pro League,144.0,,,False,2026-02-28,554.0,,Anderlecht,Oud-Heverlee Leuven,5.0,1.0,,,9.0,8.0,4.0,4.0,0.0,0.0,14.0,7.0,Desconocido
Jupiler Pro League,144.0,,,False,2026-02-28,740.0,,Antwerp,St Truiden,1.0,0.0,,,3.0,4.0,2.0,1.0,0.0,0.0,12.0,10.0,Desconocido
Super League Greece,197,Greece,,False,2026-02-28,12260,949,Atromitos,Panetolikos,1.0,0.0,,,4.0,0.0,5.0,3.0,0.0,0.0,9.0,6.0,C. Vergetis
Serie B,72.0,,,False,2026-02-28,528.0,863.0,Avellino,Juve Stabia,0.0,0.0,,,6.0,2.0,3.0,1.0,0.0,0.0,11.0,5.0,Desconocido
La Liga,140.0,,,False,2026-02-28,529.0,533.0,Barcelona,Villarreal,4.0,1.0,,,3.0,2.0,2.0,1.0,0.0,0.0,19.0,6.0,Desconocido
League 2,42,England,,False,2026-02-28,1369,1345,Barnet,Chesterfield,1.0,0.0,,,4.0,4.0,0.0,0.0,0.0,0.0,10.0,13.0,W. Davis
League 2,42,England,,False,2026-02-28,1819,1347,Barrow,Gillingham,0.0,1.0,,,3.0,8.0,0.0,0.0,0.0,0.0,5.0,14.0,R. Joyce
Bundesliga 2,,,,False,2026-02-28,,,Bielefeld,Hannover,0.0,1.0,,,9.0,3.0,3.0,4.0,0.0,0.0,22.0,6.0,Desconocido
Premier League,569.0,,,False,2026-02-28,35.0,746.0,Bournemouth,Sunderland,1.0,1.0,,,7.0,3.0,4.0,2.0,0.0,0.0,21.0,8.0,Desconocido
National League,43.0,,,False,2026-02-28,4701.0,4700.0,Brackley Town,Altrincham,0.0,2.0,,,,,3.0,3.0,0.0,0.0,,,Desconocido
League 2,,,,False,2026-02-28,1832.0,,Bromley,Accrington,2.0,1.0,,,5.0,5.0,1.0,1.0,0.0,1.0,17.0,12.0,Desconocido
Premier League,569.0,,,False,2026-02-28,44.0,55.0,Burnley,Brentford,3.0,4.0,,,4.0,8.0,2.0,2.0,0.0,0.0,12.0,16.0,Desconocido
League 2,,,,False,2026-02-28,,1348.0,Cambridge,Milton Keynes Dons,1.0,1.0,,,3.0,2.0,1.0,2.0,0.0,0.0,7.0,9.0,Desconocido
La Liga 2,,,,False,2026-02-28,,,Castellon,Santander,1.0,3.0,,,3.0,3.0,2.0,2.0,1.0,0.0,15.0,12.0,Desconocido
Championship,407.0,,,False,2026-02-28,1335.0,1837.0,Charlton,Wrexham,0.0,1.0,,,4.0,2.0,2.0,1.0,0.0,0.0,12.0,8.0,Desconocido
League 2 Escocia,184,Scotland,,False,2026-02-28,6762,6765,Clyde,East Kilbride,1.0,3.0,,,6.0,3.0,2.0,3.0,0.0,0.0,11.0,12.0,Desconocido
League 2,,,,False,2026-02-28,1361.0,,Colchester,Salford,0.0,1.0,,,4.0,5.0,3.0,2.0,0.0,0.0,8.0,15.0,Desconocido
Serie A,71.0,,,False,2026-02-28,895.0,867.0,Como,Lecce,3.0,1.0,,,5.0,1.0,0.0,1.0,0.0,0.0,12.0,5.0,Desconocido
Championship,407.0,,,False,2026-02-28,1346.0,,Coventry,Stoke,2.0,1.0,,,7.0,1.0,1.0,1.0,0.0,0.0,20.0,3.0,Desconocido
League 2,42,England,,False,2026-02-28,1363,1381,Crewe,Tranmere,2.0,1.0,,,5.0,1.0,1.0,3.0,0.0,0.0,17.0,6.0,H. Blair
Championship,407.0,,,False,2026-02-28,69.0,67.0,Derby,Blackburn,3.0,1.0,,,2.0,3.0,3.0,4.0,0.0,0.0,14.0,11.0,Desconocido
League 1,41,England,,False,2026-02-28,1354,43,Doncaster,Cardiff,0.0,4.0,,,3.0,9.0,2.0,0.0,0.0,0.0,15.0,14.0,E. Duckworth
Bundesliga,218.0,,,False,2026-02-28,,,Dortmund,Bayern Munich,2.0,3.0,,,5.0,2.0,1.0,0.0,0.0,0.0,10.0,14.0,Desconocido
Premiership Escocia,179,Scotland,,False,2026-02-28,253,249,Dundee,Hibernian,3.0,3.0,,,6.0,6.0,1.0,4.0,0.0,0.0,10.0,13.0,R. Hardie
Championship Escocia,,,,False,2026-02-28,1388.0,,Dunfermline,Queens Park,1.0,0.0,,,2.0,3.0,1.0,1.0,0.0,0.0,10.0,13.0,Desconocido
League 1 Escocia,,,,False,2026-02-28,6764.0,,East Fife,Alloa,0.0,2.0,,,5.0,6.0,2.0,4.0,0.0,0.0,11.0,7.0,Desconocido
National League,43.0,,,False,2026-02-28,1822.0,1371.0,Eastleigh,Carlisle,1.0,2.0,,,,,1.0,1.0,0.0,0.0,,,Desconocido
League 2 Escocia,,,,False,2026-02-28,6766.0,,Edinburgh City,Forfar,0.0,0.0,,,2.0,4.0,1.0,3.0,0.0,0.0,12.0,10.0,Desconocido
Serie B,72.0,,,False,2026-02-28,511.0,509.0,Empoli,Cesena,1.0,1.0,,,13.0,1.0,0.0,1.0,0.0,0.0,28.0,8.0,Desconocido
League 1,,,,False,2026-02-28,,68.0,Exeter,Bolton,1.0,5.0,,,4.0,3.0,2.0,1.0,0.0,0.0,10.0,22.0,Desconocido
Premiership Escocia,179,Scotland,,False,2026-02-28,1389,250,Falkirk,Kilmarnock,5.0,1.0,,,3.0,2.0,3.0,2.0,0.0,0.0,20.0,6.0,C. Steven
League 2,42,England,,False,2026-02-28,1336,1367,Fleetwood Town,Newport County,0.0,0.0,,,8.0,2.0,1.0,1.0,0.0,0.0,25.0,5.0,S. Jackson
Turkey Super Lig,203,Turkey,,False,2026-02-28,645,996,Galatasaray,Alanyaspor,3.0,1.0,,,4.0,0.0,2.0,3.0,0.0,0.0,14.0,10.0,A. Sansalan
National League,43.0,,,False,2026-02-28,1823.0,1378.0,Gateshead,Forest Green,0.0,2.0,,,,,2.0,2.0,0.0,0.0,,,Desconocido
Turkey Super Lig,,,,False,2026-02-28,,,Goztep,Eyupspor,0.0,0.0,,,5.0,2.0,3.0,1.0,0.0,0.0,12.0,6.0,Desconocido
La Liga 2,,,,False,2026-02-28,22018.0,535.0,Granada,Malaga,0.0,1.0,,,4.0,4.0,3.0,2.0,0.0,0.0,11.0,14.0,Desconocido
Bundesliga 2,,,,False,2026-02-28,,,Greuther Furth,Schalke 04,1.0,1.0,,,4.0,5.0,2.0,4.0,0.0,0.0,6.0,16.0,Desconocido
Primeira Liga,94.0,,,False,2026-02-28,224.0,4724.0,Guimaraes,Alverca,1.0,1.0,,,0.0,11.0,1.0,2.0,0.0,0.0,15.0,11.0,Desconocido
Ligue 2,62.0,,,False,2026-02-28,90.0,1301.0,Guingamp,Rodez,0.0,0.0,,,5.0,6.0,0.0,3.0,0.0,0.0,9.0,10.0,Desconocido
National League,43.0,,,False,2026-02-28,,,Halifax,Sutton,2.0,2.0,,,,,1.0,2.0,0.0,0.0,,,Desconocido
League 1 Escocia,,,,False,2026-02-28,,4251.0,Hamilton,Montrose,1.0,1.0,,,10.0,7.0,1.0,1.0,0.0,0.0,12.0,5.0,Desconocido
Premiership Escocia,,,,False,2026-02-28,,252.0,Hearts,Aberdeen,1.0,0.0,,,7.0,4.0,3.0,5.0,0.0,0.0,21.0,5.0,Desconocido
Eredivisie,88.0,,,False,2026-02-28,210.0,426.0,Heerenveen,Sparta Rotterdam,2.0,1.0,,,5.0,6.0,3.0,2.0,0.0,0.0,16.0,13.0,Desconocido
Eredivisie,88.0,,,False,2026-02-28,206.0,197.0,Heracles,PSV Eindhoven,1.0,3.0,,,3.0,5.0,2.0,1.0,0.0,0.0,15.0,24.0,Desconocido
Bundesliga,218.0,,,False,2026-02-28,,,Hoffenheim,St Pauli,0.0,1.0,,,10.0,3.0,1.0,2.0,0.0,0.0,20.0,11.0,Desconocido
Bundesliga 2,,,,False,2026-02-28,191.0,,Holstein Kiel,Elversberg,1.0,1.0,,,5.0,7.0,2.0,2.0,0.0,0.0,10.0,7.0,Desconocido
Serie A,71.0,,,False,2026-02-28,505.0,495.0,Inter,Genoa,2.0,0.0,,,10.0,2.0,2.0,1.0,0.0,0.0,14.0,6.0,Desconocido
Championship,407.0,,,False,2026-02-28,57.0,76.0,Ipswich,Swansea,3.0,0.0,,,4.0,0.0,1.0,0.0,0.0,0.0,11.0,10.0,Desconocido
Bundesliga 2,,,,False,2026-02-28,,,Kaiserslautern,Paderborn,1.0,2.0,,,3.0,2.0,2.0,3.0,0.0,0.0,10.0,15.0,Desconocido
Turkey Super Lig,,,,False,2026-02-28,,1007.0,Kasimpasa,Rizespor,0.0,3.0,,,2.0,5.0,0.0,2.0,0.0,0.0,13.0,14.0,Desconocido
League 1 Escocia,,,,False,2026-02-28,6773.0,,Kelty Hearts,Inverness C,0.0,0.0,,,0.0,4.0,2.0,2.0,0.0,0.0,6.0,13.0,Desconocido
Super League Greece,,,,False,2026-02-28,5050.0,,Kifisia,Levadeiakos,1.0,0.0,,,3.0,5.0,6.0,2.0,0.0,0.0,9.0,8.0,Desconocido
Turkey Super Lig,,,,False,2026-02-28,7411.0,,Kocaelispor,Besiktas,0.0,1.0,,,1.0,4.0,1.0,2.0,0.0,0.0,10.0,11.0,Desconocido
Ligue 1,61.0,,,False,2026-02-28,111.0,,Le Havre,Paris SG,0.0,1.0,,,3.0,3.0,3.0,0.0,0.0,0.0,10.0,22.0,Desconocido
Premier League,569.0,,,False,2026-02-28,63.0,,Leeds,Man City,0.0,1.0,,,5.0,3.0,0.0,3.0,0.0,0.0,14.0,14.0,Desconocido
Championship,407.0,,,False,2026-02-28,46.0,71.0,Leicester,Norwich,0.0,2.0,,,6.0,7.0,2.0,2.0,0.0,0.0,10.0,12.0,Desconocido
Bundesliga,218.0,,,False,2026-02-28,,,Leverkusen,Mainz,1.0,1.0,,,6.0,2.0,1.0,2.0,0.0,0.0,12.0,8.0,Desconocido
League 1,41,England,,False,2026-02-28,1373,747,Leyton Orient,Barnsley,1.0,3.0,,,5.0,1.0,1.0,1.0,0.0,0.0,17.0,10.0,C. Brook
League 1,41,England,,False,2026-02-28,1379,1356,Lincoln,Blackpool,4.0,0.0,,,7.0,6.0,1.0,4.0,0.0,0.0,13.0,9.0,T. Parsons
Premier League,569.0,,,False,2026-02-28,40.0,48.0,Liverpool,West Ham,5.0,2.0,,,10.0,5.0,2.0,2.0,0.0,0.0,18.0,11.0,Desconocido
Premiership Escocia,,,,False,2026-02-28,255.0,,Livingston,St Mirren,1.0,1.0,,,7.0,2.0,1.0,2.0,0.0,0.0,10.0,12.0,Desconocido
Bundesliga,218.0,,,False,2026-02-28,,182.0,M'gladbach,Union Berlin,1.0,0.0,,,6.0,2.0,4.0,5.0,0.0,0.0,21.0,6.0,Desconocido
La Liga,140.0,,,False,2026-02-28,798.0,,Mallorca,Sociedad,0.0,1.0,,,3.0,7.0,0.0,2.0,0.0,0.0,6.0,12.0,Desconocido
League 1,,,,False,2026-02-28,,1333.0,Mansfield,AFC Wimbledon,2.0,2.0,,,7.0,6.0,2.0,1.0,0.0,0.0,14.0,16.0,Desconocido
Jupiler Pro League,144.0,,,False,2026-02-28,,,Mechelen,Waregem,2.0,1.0,,,1.0,8.0,1.0,2.0,0.0,0.0,5.0,16.0,Desconocido
Serie B,72.0,,,False,2026-02-28,899.0,870.0,Modena,Padova,1.0,2.0,,,5.0,3.0,2.0,3.0,0.0,0.0,12.0,6.0,Desconocido
Ligue 1,61.0,,,False,2026-02-28,91.0,77.0,Monaco,Angers,2.0,0.0,,,5.0,2.0,0.0,3.0,0.0,0.0,10.0,6.0,Desconocido
National League,43.0,,,False,2026-02-28,1375.0,1828.0,Morecambe,York,0.0,1.0,,,,,3.0,5.0,1.0,0.0,,,Desconocido
Premiership Escocia,,,,False,2026-02-28,256.0,,Motherwell,Dundee United,2.0,0.0,,,5.0,3.0,2.0,3.0,0.0,0.0,16.0,7.0,Desconocido
Primeira Liga,94.0,,,False,2026-02-28,225.0,,Nacional,Sp Braga,1.0,2.0,,,3.0,6.0,2.0,3.0,0.0,0.0,14.0,20.0,Desconocido
Premier League,569.0,,,False,2026-02-28,34.0,45.0,Newcastle,Everton,2.0,3.0,,,7.0,2.0,2.0,3.0,0.0,0.0,17.0,9.0,Desconocido
Eredivisie,88.0,,,False,2026-02-28,,,Nijmegen,For Sittard,2.0,3.0,,,10.0,5.0,1.0,2.0,0.0,0.0,15.0,13.0,Desconocido
League 1,,,,False,2026-02-28,1337.0,,Northampton,Peterboro,1.0,1.0,,,5.0,2.0,1.0,2.0,0.0,0.0,11.0,10.0,Desconocido
League 2,42,England,,False,2026-02-28,1376,1365,Notts County,Grimsby,0.0,1.0,,,7.0,6.0,3.0,3.0,1.0,0.0,14.0,12.0,D. Brown
Super League Greece,,,,False,2026-02-28,,953.0,OFI Crete,Larisa,3.0,0.0,,,4.0,7.0,0.0,4.0,0.0,0.0,9.0,10.0,Desconocido
League 2,42,England,,False,2026-02-28,1349,1362,Oldham,Crawley Town,2.0,0.0,,,8.0,3.0,4.0,1.0,0.0,0.0,18.0,8.0,D. Baines
La Liga,140.0,,,False,2026-02-28,718.0,,Oviedo,Ath Madrid,0.0,1.0,,,8.0,3.0,2.0,2.0,0.0,0.0,16.0,12.0,Desconocido
Championship,407.0,,,False,2026-02-28,,60.0,Oxford,West Brom,2.0,1.0,,,5.0,6.0,0.0,2.0,0.0,0.0,9.0,16.0,Desconocido
Championship Escocia,180,Scotland,,False,2026-02-28,901,4249,Partick,Arbroath,0.0,0.0,,,4.0,4.0,2.0,6.0,1.0,1.0,2.0,5.0,S. Murdoch
Ligue 2,62.0,,,False,2026-02-28,,,Pau FC,St Etienne,0.0,3.0,,,5.0,4.0,2.0,1.0,0.0,0.0,9.0,10.0,Desconocido
League 1,41,England,,False,2026-02-28,1351,1359,Port Vale,Luton,1.0,1.0,,,6.0,6.0,3.0,3.0,0.0,0.0,12.0,12.0,L. Swabey
Championship,407.0,,,False,2026-02-28,1355.0,,Portsmouth,Hull,0.0,1.0,,,11.0,2.0,0.0,3.0,0.0,0.0,22.0,2.0,Desconocido
Championship,407.0,,,False,2026-02-28,59.0,58.0,Preston,Millwall,0.0,2.0,,,2.0,6.0,3.0,2.0,0.0,0.0,6.0,16.0,Desconocido
Championship,407.0,,,False,2026-02-28,72.0,,QPR,Sheffield United,0.0,2.0,,,7.0,4.0,2.0,2.0,0.0,0.0,12.0,12.0,Desconocido
League 1 Escocia,,,,False,2026-02-28,,6777.0,Queen of Sth,Peterhead,0.0,2.0,,,7.0,8.0,7.0,3.0,0.0,0.0,6.0,7.0,Desconocido
League 1,41,England,,False,2026-02-28,53,1343,Reading,Bradford,2.0,1.0,,,5.0,6.0,3.0,0.0,0.0,0.0,9.0,12.0,B. Speedie
Ligue 2,62.0,,,False,2026-02-28,,1298.0,Red Star,Le Mans,0.0,0.0,,,6.0,4.0,2.0,3.0,0.0,0.0,7.0,6.0,Desconocido
Ligue 1,61.0,,,False,2026-02-28,94.0,96.0,Rennes,Toulouse,1.0,0.0,,,6.0,1.0,1.0,3.0,0.0,0.0,10.0,9.0,Desconocido
Championship Escocia,,,,False,2026-02-28,902.0,,Ross County,Raith Rvs,2.0,0.0,,,5.0,5.0,2.0,2.0,0.0,0.0,6.0,4.0,Desconocido
League 1,41,England,,False,2026-02-28,73,1357,Rotherham,Plymouth,1.0,0.0,,,3.0,8.0,5.0,5.0,0.0,0.0,18.0,20.0,Z. Kennard-Kettle
National League,43.0,,,False,2026-02-28,1340.0,,Scunthorpe,Solihull,3.0,3.0,,,,,1.0,2.0,0.0,1.0,,,Desconocido
Championship,407.0,,,False,2026-02-28,,41.0,Sheffield Weds,Southampton,1.0,3.0,,,5.0,8.0,0.0,1.0,0.0,0.0,10.0,15.0,Desconocido
League 2,42,England,,False,2026-02-28,1352,1342,Shrewsbury,Walsall,1.0,2.0,,,8.0,2.0,1.0,1.0,1.0,0.0,13.0,11.0,R. Eley
League 2 Escocia,184,Scotland,,False,2026-02-28,6781,6757,Spartans,Annan Athletic,4.0,0.0,,,5.0,1.0,0.0,2.0,0.0,1.0,13.0,4.0,Desconocido
Serie B,72.0,,,False,2026-02-28,515.0,880.0,Spezia,Reggiana,0.0,1.0,,,7.0,1.0,4.0,3.0,0.0,0.0,22.0,7.0,Desconocido
Championship Escocia,,,,False,2026-02-28,,,St Johnstone,Ayr,3.0,1.0,,,8.0,7.0,2.0,3.0,0.0,0.0,8.0,5.0,Desconocido
League 1 Escocia,183,Scotland,,False,2026-02-28,6784,6763,Stenhousemuir,Cove Rangers,1.0,0.0,,,5.0,9.0,2.0,2.0,0.0,0.0,6.0,8.0,Desconocido
League 1,,,,False,2026-02-28,1368.0,,Stevenage,Stockport,2.0,1.0,,,2.0,7.0,1.0,5.0,0.0,0.0,8.0,11.0,Desconocido
League 2 Escocia,,,,False,2026-02-28,,1382.0,Stirling,Dumbarton,1.0,1.0,,,4.0,8.0,1.0,3.0,0.0,0.0,9.0,15.0,Desconocido
League 2 Escocia,,,,False,2026-02-28,6785.0,,Stranraer,Elgin,1.0,2.0,,,5.0,6.0,1.0,1.0,0.0,0.0,9.0,14.0,Desconocido
Serie B,72.0,,,False,2026-02-28,1578.0,517.0,Sudtirol,Venezia,1.0,1.0,,,6.0,5.0,1.0,2.0,0.0,0.0,12.0,12.0,Desconocido
League 2,,,,False,2026-02-28,,,Swindon,Bristol Rvs,1.0,1.0,,,13.0,1.0,1.0,4.0,0.0,0.0,16.0,10.0,Desconocido
National League,43.0,,,False,2026-02-28,7752.0,1830.0,Tamworth,Boreham Wood,3.0,2.0,,,,,0.0,1.0,0.0,0.0,,,Desconocido
National League,43.0,,,False,2026-02-28,,,Truro,Braintree Town,2.0,3.0,,,,,2.0,5.0,0.0,0.0,,,Desconocido
La Liga 2,141,Spain,,False,2026-02-28,720,726,Valladolid,Huesca,1.0,0.0,,,4.0,6.0,2.0,3.0,0.0,0.0,16.0,9.0,A. Fuentes
La Liga,140.0,,,False,2026-02-28,,,Vallecano,Ath Bilbao,1.0,1.0,,,5.0,4.0,2.0,3.0,0.0,0.0,15.0,8.0,Desconocido
Serie A,71.0,,,False,2026-02-28,,492.0,Verona,Napoli,1.0,2.0,,,2.0,5.0,3.0,4.0,0.0,0.0,8.0,9.0,Desconocido
Bundesliga,218.0,,,False,2026-02-28,162.0,,Werder Bremen,Heidenheim,2.0,0.0,,,3.0,2.0,1.0,0.0,0.0,0.0,17.0,9.0,Desconocido
League 1,41,England,,False,2026-02-28,61,37,Wigan,Huddersfield,1.0,0.0,,,4.0,6.0,2.0,3.0,0.0,0.0,12.0,9.0,C. Breakspear
League 1,,,,False,2026-02-28,1358.0,,Wycombe,Burton,3.0,0.0,,,3.0,4.0,3.0,2.0,0.0,0.0,8.0,6.0,Desconocido
La Liga 2,141,Spain,,False,2026-02-28,732,9580,Zaragoza,Burgos,0.0,1.0,,,5.0,2.0,3.0,2.0,0.0,0.0,16.0,8.0,A. Morilla
La Liga 2,141,Spain,,False,2026-02-27,722,723,Albacete,Almeria,1.0,1.0,,,5.0,7.0,1.0,1.0,0.0,0.0,11.0,19.0,J. A. Gonzalez Esteban
Bundesliga,218.0,,,False,2026-02-27,,,Augsburg,FC Koln,2.0,0.0,,,6.0,9.0,4.0,1.0,0.0,0.0,14.0,10.0,Desconocido
Ligue 2,62.0,,,False,2026-02-27,1305.0,3012.0,Bastia,Annecy,0.0,2.0,,,3.0,5.0,1.0,3.0,1.0,0.0,8.0,8.0,Desconocido
Championship,407.0,,,False,2026-02-27,56.0,38.0,Bristol City,Watford,1.0,2.0,,,3.0,3.0,2.0,3.0,0.0,0.0,11.0,11.0,Desconocido
Turkey Super Lig,,,,False,2026-02-27,,607.0,Buyuksehyr,Konyaspor,2.0,0.0,,,5.0,7.0,3.0,1.0,0.0,0.0,12.0,11.0,Desconocido
Ligue 2,62.0,,,False,2026-02-27,,1304.0,Clermont,Dunkerque,2.0,1.0,,,7.0,7.0,1.0,4.0,0.0,0.0,10.0,9.0,Desconocido
Bundesliga 2,,,,False,2026-02-27,,,Dresden,Darmstadt,3.0,1.0,,,1.0,8.0,3.0,1.0,1.0,1.0,19.0,17.0,Desconocido
Bundesliga 2,,,,False,2026-02-27,,,Fortuna Dusseldorf,Bochum,2.0,1.0,,,10.0,3.0,1.0,1.0,0.0,0.0,20.0,10.0,Desconocido
Ligue 2,62.0,,,False,2026-02-27,101.0,1299.0,Grenoble,Boulogne,0.0,0.0,,,4.0,4.0,2.0,1.0,0.0,0.0,7.0,6.0,Desconocido
League 2,,,,False,2026-02-27,,1372.0,Harrogate,Cheltenham,1.0,1.0,,,9.0,5.0,0.0,2.0,0.0,0.0,21.0,11.0,Desconocido
Ligue 2,62.0,,,False,2026-02-27,433.0,102.0,Laval,Nancy,1.0,1.0,,,2.0,10.0,2.0,1.0,0.0,0.0,8.0,16.0,Desconocido
La Liga,140.0,,,False,2026-02-27,539.0,542.0,Levante,Alaves,2.0,0.0,,,10.0,6.0,1.0,6.0,0.0,1.0,22.0,17.0,Desconocido
Ligue 2,62.0,,,False,2026-02-27,82.0,93.0,Montpellier,Reims,0.0,0.0,,,3.0,4.0,1.0,0.0,0.0,0.0,10.0,15.0,Desconocido
Serie B,72.0,,,False,2026-02-27,1579.0,527.0,Monza,Virtus Entella,2.0,0.0,,,1.0,2.0,2.0,0.0,0.0,0.0,21.0,8.0,Desconocido
Serie A,71.0,,,False,2026-02-27,523.0,490.0,Parma,Cagliari,1.0,1.0,,,6.0,3.0,2.0,4.0,0.0,0.0,18.0,11.0,Desconocido
Primeira Liga,94.0,,,False,2026-02-27,,240.0,Porto,Arouca,3.0,1.0,,,5.0,1.0,0.0,2.0,0.0,0.0,20.0,7.0,Desconocido
Serie B,72.0,,,False,2026-02-27,498.0,508.0,Sampdoria,Bari,0.0,2.0,,,9.0,3.0,4.0,4.0,0.0,0.0,19.0,13.0,Desconocido
Primeira Liga,94.0,,,False,2026-02-27,,230.0,Sp Lisbon,Estoril,3.0,0.0,,,4.0,1.0,2.0,3.0,0.0,0.0,14.0,8.0,Desconocido
Jupiler Pro League,144.0,,,False,2026-02-27,,,Standard,RAAL La Louviere,1.0,1.0,,,4.0,3.0,1.0,3.0,0.0,0.0,9.0,12.0,Desconocido
Ligue 1,61.0,,,False,2026-02-27,95.0,116.0,Strasbourg,Lens,1.0,1.0,,,2.0,8.0,2.0,2.0,0.0,0.0,8.0,25.0,Desconocido
Eredivisie,88.0,,,False,2026-02-27,427.0,203.0,Telstar,NAC Breda,3.0,0.0,,,10.0,4.0,1.0,4.0,0.0,0.0,14.0,11.0,Desconocido
Turkey Super Lig,,,,False,2026-02-27,998.0,,Trabzonspor,Karagumruk,3.0,1.0,,,5.0,4.0,1.0,1.0,0.0,0.0,13.0,11.0,Desconocido
Premier League,569.0,,,False,2026-02-27,39.0,66.0,Wolves,Aston Villa,2.0,0.0,,,0.0,5.0,3.0,3.0,0.0,0.0,9.0,14.0,Desconocido
National League,43.0,,,False,2026-02-25,,,Braintree Town,Aldershot,1.0,2.0,,,,,1.0,2.0,0.0,0.0,,,Desconocido
La Liga 2,,,,False,2026-02-25,,713.0,Ceuta,Cordoba,3.0,2.0,,,4.0,5.0,4.0,2.0,0.0,0.0,5.0,12.0,Desconocido
National League,43.0,,,False,2026-02-25,1822.0,,Eastleigh,Truro,2.0,1.0,,,,,1.0,1.0,0.0,0.0,,,Desconocido
National League,43.0,,,False,2026-02-25,1823.0,1375.0,Gateshead,Morecambe,4.0,4.0,,,,,1.0,3.0,0.0,0.0,,,Desconocido
National League,43.0,,,False,2026-02-25,1366.0,1371.0,Hartlepool,Carlisle,3.0,1.0,,,,,1.0,1.0,0.0,1.0,,,Desconocido
Friendly,10,World,,False,2026-02-25,16,18,Mexico,Iceland,4.0,0.0,,,,,,,,,,,Desconocido
Championship,407.0,,,False,2026-02-25,58.0,54.0,Millwall,Birmingham,3.0,0.0,,,7.0,5.0,1.0,0.0,0.0,1.0,11.0,5.0,Desconocido
Championship,407.0,,,False,2026-02-25,71.0,,Norwich,Sheffield Weds,2.0,0.0,,,3.0,4.0,0.0,0.0,0.0,0.0,19.0,4.0,Desconocido
Championship,407.0,,,False,2026-02-25,,1346.0,Sheffield United,Coventry,1.0,2.0,,,7.0,3.0,3.0,2.0,0.0,0.0,22.0,11.0,Desconocido
Championship,407.0,,,False,2026-02-25,,,Stoke,Oxford,2.0,1.0,,,8.0,7.0,2.0,1.0,0.0,0.0,21.0,9.0,Desconocido
National League,43.0,,,False,2026-02-25,,,Yeovil,Sutton,3.0,2.0,,,,,3.0,5.0,0.0,0.0,,,Desconocido
League 2,,,,False,2026-02-24,,1369.0,Accrington,Barnet,0.0,1.0,,,2.0,3.0,1.0,0.0,0.0,0.0,3.0,21.0,Desconocido
Championship,407.0,,,False,2026-02-24,67.0,56.0,Blackburn,Bristol City,1.0,2.0,,,6.0,4.0,2.0,2.0,0.0,0.0,19.0,10.0,Desconocido
League 1,41,England,,False,2026-02-24,1343,73,Bradford,Rotherham,1.0,0.0,,,6.0,7.0,1.0,1.0,0.0,0.0,14.0,7.0,M. Woods
League 1,,,,False,2026-02-24,,,Burton,Stockport,3.0,0.0,,,1.0,3.0,1.0,4.0,0.0,0.0,9.0,6.0,Desconocido
League 2 Escocia,184,Scotland,,False,2026-02-24,1382,6762,Dumbarton,Clyde,0.0,0.0,,,4.0,4.0,3.0,1.0,0.0,0.0,9.0,10.0,Desconocido
Premiership Escocia,,,,False,2026-02-24,,252.0,Dundee United,Aberdeen,0.0,0.0,,,4.0,6.0,0.0,0.0,0.0,0.0,15.0,12.0,Desconocido
Championship Escocia,180,Scotland,,False,2026-02-24,1388,901,Dunfermline,Partick,2.0,2.0,,,1.0,3.0,2.0,4.0,0.0,0.0,4.0,8.0,D. McFarlane
League 2 Escocia,,,,False,2026-02-24,,6766.0,Elgin,Edinburgh City,3.0,0.0,,,6.0,4.0,2.0,2.0,0.0,0.0,7.0,6.0,Desconocido
National League,43.0,,,False,2026-02-24,1378.0,,Forest Green,Boston Utd,2.0,3.0,,,,,3.0,2.0,0.0,0.0,,,Desconocido
National League,43.0,,,False,2026-02-24,,1339.0,Halifax,Rochdale,2.0,2.0,,,,,3.0,1.0,0.0,0.0,,,Desconocido
Championship,407.0,,,False,2026-02-24,,69.0,Hull,Derby,4.0,2.0,,,7.0,3.0,2.0,2.0,0.0,0.0,9.0,18.0,Desconocido
Championship,407.0,,,False,2026-02-24,70.0,46.0,Middlesbrough,Leicester,1.0,1.0,,,8.0,5.0,1.0,1.0,0.0,0.0,17.0,11.0,Desconocido
League 1,41,England,,False,2026-02-24,1337,1351,Northampton,Port Vale,0.0,1.0,,,6.0,0.0,1.0,0.0,0.0,0.0,7.0,7.0,C. Breakspear
Championship Escocia,,,,False,2026-02-24,,,Queens Park,St Johnstone,1.0,1.0,,,2.0,8.0,3.0,3.0,0.0,1.0,3.0,9.0,Desconocido
League 2,,,,False,2026-02-24,,1352.0,Salford,Shrewsbury,1.0,2.0,,,2.0,2.0,1.0,1.0,0.0,0.0,13.0,12.0,Desconocido
National League,43.0,,,False,2026-02-24,1340.0,1828.0,Scunthorpe,York,0.0,3.0,,,,,3.0,3.0,0.0,0.0,,,Desconocido
Championship,407.0,,,False,2026-02-24,41.0,72.0,Southampton,QPR,5.0,0.0,,,5.0,3.0,1.0,0.0,0.0,0.0,14.0,5.0,Desconocido
National League,43.0,,,False,2026-02-24,1341.0,1830.0,Southend,Boreham Wood,0.0,2.0,,,,,1.0,1.0,0.0,0.0,,,Desconocido
League 2 Escocia,,,,False,2026-02-24,,6757.0,Stirling,Annan Athletic,2.0,0.0,,,2.0,12.0,2.0,1.0,0.0,0.0,10.0,15.0,Desconocido
Championship,407.0,,,False,2026-02-24,76.0,59.0,Swansea,Preston,1.0,1.0,,,4.0,8.0,2.0,2.0,0.0,0.0,12.0,14.0,Desconocido
National League,43.0,,,False,2026-02-24,7752.0,4700.0,Tamworth,Altrincham,5.0,1.0,,,,,1.0,4.0,0.0,2.0,,,Desconocido
Championship,407.0,,,False,2026-02-24,38.0,57.0,Watford,Ipswich,0.0,2.0,,,3.0,4.0,2.0,3.0,0.0,0.0,11.0,11.0,Desconocido
National League,43.0,,,False,2026-02-24,8663.0,4701.0,Wealdstone,Brackley Town,2.0,1.0,,,,,2.0,2.0,0.0,1.0,,,Desconocido
Championship,407.0,,,False,2026-02-24,60.0,1335.0,West Brom,Charlton,1.0,1.0,,,7.0,0.0,2.0,3.0,0.0,0.0,18.0,3.0,Desconocido
Championship,407.0,,,False,2026-02-24,1837.0,1355.0,Wrexham,Portsmouth,2.0,1.0,,,3.0,15.0,0.0,1.0,0.0,0.0,10.0,9.0,Desconocido
La Liga,140.0,,,False,2026-02-23,542.0,547.0,Alaves,Girona,2.0,2.0,,,7.0,6.0,2.0,2.0,0.0,0.0,17.0,10.0,Desconocido
Serie A,71.0,,,False,2026-02-23,500.0,494.0,Bologna,Udinese,1.0,0.0,,,4.0,7.0,1.0,1.0,0.0,0.0,11.0,10.0,Desconocido
La Liga 2,,,,False,2026-02-23,724.0,,Cadiz,Sociedad B,0.0,2.0,,,8.0,3.0,1.0,2.0,0.0,0.0,14.0,17.0,Desconocido
Premier League,569.0,,,False,2026-02-23,45.0,,Everton,Man United,0.0,1.0,,,10.0,1.0,2.0,3.0,0.0,0.0,12.0,11.0,Desconocido
Primeira Liga,94.0,,,False,2026-02-23,242.0,4716.0,Famalicao,Casa Pia,2.0,0.0,,,7.0,7.0,3.0,2.0,0.0,0.0,24.0,7.0,Desconocido
Turkey Super Lig,,,,False,2026-02-23,,,Fenerbahce,Kasimpasa,1.0,1.0,,,8.0,1.0,3.0,7.0,0.0,1.0,21.0,5.0,Desconocido
Serie A,71.0,,,False,2026-02-23,502.0,801.0,Fiorentina,Pisa,1.0,0.0,,,4.0,3.0,3.0,3.0,0.0,0.0,15.0,7.0,Desconocido
Ligue 2,62.0,,,False,2026-02-23,1298.0,90.0,Le Mans,Guingamp,1.0,1.0,,,3.0,4.0,3.0,1.0,0.0,0.0,9.0,14.0,Desconocido
League 2,42,England,,False,2026-02-23,1342,1348,Walsall,Milton Keynes Dons,0.0,2.0,,,2.0,8.0,2.0,3.0,0.0,0.0,7.0,7.0,P. Wright
Super League Greece,,,,False,2026-02-22,,,AEK,Levadeiakos,4.0,0.0,,,3.0,3.0,3.0,2.0,0.0,0.0,15.0,6.0,Desconocido
Eredivisie,88.0,,,False,2026-02-22,201.0,426.0,AZ Alkmaar,Sparta Rotterdam,3.0,1.0,,,2.0,7.0,2.0,2.0,0.0,0.0,11.0,12.0,Desconocido
La Liga 2,,,,False,2026-02-22,1110.0,732.0,Andorra,Zaragoza,2.0,1.0,,,6.0,5.0,3.0,4.0,0.0,1.0,17.0,6.0,Desconocido
Ligue 1,61.0,,,False,2026-02-22,77.0,79.0,Angers,Lille,0.0,1.0,,,1.0,7.0,3.0,1.0,0.0,0.0,6.0,14.0,Desconocido
Super League Greece,,,,False,2026-02-22,3408.0,5050.0,Aris,Kifisia,1.0,1.0,,,9.0,3.0,3.0,3.0,0.0,0.0,24.0,14.0,Desconocido
Serie A,71.0,,,False,2026-02-22,499.0,492.0,Atalanta,Napoli,2.0,1.0,,,6.0,1.0,1.0,1.0,0.0,0.0,10.0,10.0,Desconocido
Ligue 1,61.0,,,False,2026-02-22,108.0,94.0,Auxerre,Rennes,0.0,3.0,,,4.0,5.0,1.0,4.0,0.0,0.0,11.0,12.0,Desconocido
La Liga,140.0,,,False,2026-02-22,529.0,539.0,Barcelona,Levante,3.0,0.0,,,13.0,6.0,2.0,1.0,0.0,0.0,22.0,5.0,Desconocido
Turkey Super Lig,,,,False,2026-02-22,,,Besiktas,Goztep,4.0,0.0,,,9.0,4.0,2.0,1.0,0.0,0.0,12.0,8.0,Desconocido
La Liga,140.0,,,False,2026-02-22,,798.0,Celta,Mallorca,2.0,0.0,,,7.0,2.0,1.0,5.0,0.0,0.0,20.0,1.0,Desconocido
Premiership Escocia,179,Scotland,,False,2026-02-22,247,249,Celtic,Hibernian,1.0,2.0,,,11.0,1.0,2.0,1.0,1.0,0.0,21.0,8.0,M. MacDermid
Premier League,569.0,,,False,2026-02-22,52.0,39.0,Crystal Palace,Wolves,1.0,0.0,,,7.0,3.0,5.0,1.0,0.0,1.0,14.0,12.0,Desconocido
Primeira Liga,94.0,,,False,2026-02-22,230.0,,Estoril,Gil Vicente,3.0,1.0,,,1.0,4.0,0.0,0.0,0.0,0.0,10.0,12.0,Desconocido
Eredivisie,88.0,,,False,2026-02-22,209.0,427.0,Feyenoord,Telstar,2.0,1.0,,,5.0,1.0,1.0,1.0,0.0,0.0,19.0,8.0,Desconocido
Bundesliga,218.0,,,False,2026-02-22,,,Freiburg,M'gladbach,2.0,1.0,,,3.0,3.0,1.0,2.0,0.0,0.0,10.0,12.0,Desconocido
Turkey Super Lig,,,,False,2026-02-22,,998.0,Gaziantep,Trabzonspor,1.0,2.0,,,11.0,4.0,1.0,1.0,0.0,0.0,15.0,13.0,Desconocido
Jupiler Pro League,144.0,,,False,2026-02-22,742.0,,Genk,Standard,0.0,3.0,,,9.0,5.0,0.0,0.0,0.0,0.0,20.0,12.0,Desconocido
Serie A,71.0,,,False,2026-02-22,495.0,503.0,Genoa,Torino,3.0,0.0,,,1.0,3.0,0.0,1.0,0.0,1.0,16.0,7.0,Desconocido
La Liga,140.0,,,False,2026-02-22,546.0,536.0,Getafe,Sevilla,0.0,1.0,,,2.0,2.0,1.0,1.0,1.0,0.0,6.0,6.0,Desconocido
Eredivisie,88.0,,,False,2026-02-22,,206.0,Go Ahead Eagles,Heracles,4.0,0.0,,,4.0,5.0,1.0,3.0,0.0,0.0,12.0,9.0,Desconocido
Bundesliga 2,,,,False,2026-02-22,,,Hannover,Dresden,0.0,0.0,,,9.0,2.0,2.0,3.0,0.0,0.0,12.0,6.0,Desconocido
Bundesliga,218.0,,,False,2026-02-22,,,Heidenheim,Stuttgart,3.0,3.0,,,3.0,4.0,1.0,2.0,0.0,0.0,10.0,12.0,Desconocido
Serie B,72.0,,,False,2026-02-22,863.0,899.0,Juve Stabia,Modena,1.0,2.0,,,19.0,3.0,4.0,4.0,0.0,1.0,23.0,9.0,Desconocido
Turkey Super Lig,,,,False,2026-02-22,,3603.0,Karagumruk,Samsunspor,0.0,0.0,,,5.0,1.0,1.0,1.0,0.0,0.0,12.0,7.0,Desconocido
Turkey Super Lig,203,Turkey,,False,2026-02-22,1001,1005,Kayserispor,Antalyaspor,1.0,0.0,,,5.0,5.0,3.0,1.0,0.0,0.0,15.0,11.0,H. U. Meler
Super League Greece,197,Greece,,False,2026-02-22,953,619,Larisa,PAOK,1.0,1.0,,,4.0,5.0,4.0,0.0,0.0,0.0,6.0,10.0,S. Tsimenteridis
Premiership Escocia,179,Scotland,,False,2026-02-22,255,257,Livingston,Rangers,2.0,2.0,,,3.0,15.0,3.0,2.0,1.0,0.0,5.0,31.0,R. Lee
La Liga 2,141,Spain,,False,2026-02-22,535,722,Malaga,Albacete,1.0,0.0,,,4.0,3.0,2.0,1.0,0.0,0.0,15.0,8.0,D. Palencia
Serie A,71.0,,,False,2026-02-22,,523.0,Milan,Parma,0.0,1.0,,,5.0,2.0,2.0,1.0,0.0,0.0,25.0,9.0,Desconocido
Ligue 1,61.0,,,False,2026-02-22,83.0,111.0,Nantes,Le Havre,2.0,0.0,,,5.0,6.0,4.0,3.0,0.0,0.0,9.0,6.0,Desconocido
Ligue 1,61.0,,,False,2026-02-22,84.0,97.0,Nice,Lorient,3.0,3.0,,,3.0,7.0,2.0,3.0,0.0,0.0,8.0,17.0,Desconocido
Premier League,569.0,,,False,2026-02-22,,40.0,Nott'm Forest,Liverpool,0.0,1.0,,,7.0,2.0,2.0,0.0,0.0,0.0,18.0,10.0,Desconocido
Super League Greece,,,,False,2026-02-22,,617.0,OFI Crete,Panathinaikos,0.0,2.0,,,2.0,7.0,2.0,3.0,1.0,0.0,4.0,12.0,Desconocido
Bundesliga 2,,,,False,2026-02-22,,,Paderborn,Hertha,5.0,2.0,,,4.0,7.0,0.0,1.0,0.0,0.0,17.0,8.0,Desconocido
Super League Greece,197,Greece,,False,2026-02-22,2099,2110,Panserraikos,Volos NFC,2.0,1.0,,,2.0,3.0,1.0,3.0,0.0,0.0,7.0,12.0,K. Katoikos
Primeira Liga,94.0,,,False,2026-02-22,,226.0,Porto,Rio Ave,1.0,0.0,,,10.0,1.0,2.0,3.0,0.0,0.0,16.0,6.0,Desconocido
Bundesliga 2,,,,False,2026-02-22,1313.0,,Preußen Münster,Kaiserslautern,2.0,3.0,,,6.0,5.0,3.0,3.0,0.0,0.0,20.0,17.0,Desconocido
Jupiler Pro League,144.0,,,False,2026-02-22,,,RAAL La Louviere,Mechelen,0.0,2.0,,,4.0,4.0,1.0,0.0,1.0,0.0,7.0,6.0,Desconocido
Serie B,72.0,,,False,2026-02-22,880.0,528.0,Reggiana,Avellino,1.0,1.0,,,1.0,8.0,2.0,1.0,0.0,0.0,9.0,7.0,Desconocido
Serie A,71.0,,,False,2026-02-22,,520.0,Roma,Cremonese,3.0,0.0,,,9.0,1.0,1.0,1.0,0.0,0.0,23.0,2.0,Desconocido
La Liga 2,,,,False,2026-02-22,,9580.0,Santander,Burgos,1.0,0.0,,,5.0,7.0,3.0,2.0,0.0,0.0,8.0,10.0,Desconocido
Championship,407.0,,,False,2026-02-22,,,Sheffield United,Sheffield Weds,2.0,1.0,,,2.0,6.0,1.0,5.0,1.0,1.0,10.0,6.0,Desconocido
La Liga 2,,,,False,2026-02-22,,720.0,Sp Gijon,Valladolid,2.0,2.0,,,6.0,3.0,3.0,2.0,0.0,0.0,17.0,12.0,Desconocido
Bundesliga,218.0,,,False,2026-02-22,,162.0,St Pauli,Werder Bremen,2.0,1.0,,,1.0,5.0,2.0,6.0,0.0,0.0,5.0,13.0,Desconocido
Ligue 1,61.0,,,False,2026-02-22,95.0,80.0,Strasbourg,Lyon,3.0,1.0,,,4.0,2.0,1.0,2.0,0.0,0.0,13.0,4.0,Desconocido
Premier League,569.0,,,False,2026-02-22,746.0,36.0,Sunderland,Fulham,1.0,3.0,,,6.0,4.0,1.0,1.0,0.0,0.0,12.0,12.0,Desconocido
Premier League,569.0,,,False,2026-02-22,47.0,9419.0,Tottenham,Arsenal,1.0,4.0,,,2.0,5.0,2.0,1.0,0.0,0.0,6.0,20.0,Desconocido
Eredivisie,88.0,,,False,2026-02-22,415.0,202.0,Twente,Groningen,2.0,1.0,,,4.0,4.0,0.0,2.0,0.0,0.0,6.0,11.0,Desconocido
Eredivisie,88.0,,,False,2026-02-22,207.0,,Utrecht,Zwolle,1.0,1.0,,,6.0,4.0,1.0,0.0,0.0,1.0,24.0,9.0,Desconocido
La Liga,140.0,,,False,2026-02-22,533.0,532.0,Villarreal,Valencia,2.0,1.0,,,5.0,4.0,2.0,4.0,0.0,0.0,12.0,8.0,Desconocido
Jupiler Pro League,144.0,,,False,2026-02-22,,554.0,Waregem,Anderlecht,2.0,4.0,,,6.0,4.0,1.0,1.0,0.0,0.0,30.0,12.0,Desconocido
Jupiler Pro League,144.0,,,False,2026-02-22,,736.0,Westerlo,Charleroi,2.0,1.0,,,0.0,6.0,2.0,2.0,0.0,0.0,12.0,16.0,Desconocido
League 1,41,England,,False,2026-02-21,1333,1343,AFC Wimbledon,Bradford,3.0,1.0,,,3.0,2.0,1.0,0.0,0.0,0.0,10.0,6.0,R. Martin
Premiership Escocia,179,Scotland,,False,2026-02-21,252,253,Aberdeen,Dundee,2.0,3.0,,,2.0,9.0,3.0,2.0,1.0,0.0,11.0,23.0,S. McLean
League 2,,,,False,2026-02-21,,1352.0,Accrington,Shrewsbury,0.0,2.0,,,6.0,3.0,3.0,0.0,0.0,0.0,12.0,10.0,Desconocido
Eredivisie,88.0,,,False,2026-02-21,194.0,,Ajax,Nijmegen,1.0,1.0,,,6.0,7.0,1.0,1.0,0.0,0.0,9.0,18.0,Desconocido
Turkey Super Lig,,,,False,2026-02-21,996.0,,Alanyaspor,Buyuksehyr,1.0,2.0,,,6.0,2.0,5.0,5.0,0.0,0.0,13.0,13.0,Desconocido
National League,43.0,,,False,2026-02-21,,1340.0,Aldershot,Scunthorpe,3.0,1.0,,,,,4.0,2.0,0.0,0.0,,,Desconocido
League 1 Escocia,,,,False,2026-02-21,,,Alloa,Hamilton,3.0,0.0,,,2.0,6.0,1.0,1.0,0.0,0.0,22.0,10.0,Desconocido
La Liga 2,141,Spain,,False,2026-02-21,723,713,Almeria,Cordoba,2.0,1.0,,,6.0,6.0,2.0,2.0,0.0,0.0,14.0,12.0,C. Muniz
National League,43.0,,,False,2026-02-21,4700.0,,Altrincham,Braintree Town,2.0,1.0,,,,,1.0,3.0,0.0,0.0,,,Desconocido
Primeira Liga,94.0,,,False,2026-02-21,4724.0,227.0,Alverca,Santa Clara,1.0,1.0,,,5.0,2.0,2.0,2.0,0.0,0.0,7.0,16.0,Desconocido
Championship Escocia,180,Scotland,,False,2026-02-21,4249,1388,Arbroath,Dunfermline,4.0,2.0,,,5.0,4.0,1.0,3.0,1.0,0.0,8.0,5.0,K. Clancy
Primeira Liga,94.0,,,False,2026-02-21,240.0,225.0,Arouca,Nacional,3.0,0.0,,,4.0,1.0,5.0,3.0,1.0,1.0,10.0,15.0,Desconocido
Super League Greece,197,Greece,,False,2026-02-21,955,12260,Asteras Tripolis,Atromitos,1.0,2.0,,,6.0,6.0,2.0,1.0,0.0,0.0,15.0,8.0,M. Matsoukas
Premier League,569.0,,,False,2026-02-21,66.0,63.0,Aston Villa,Leeds,1.0,1.0,,,7.0,2.0,1.0,4.0,0.0,0.0,16.0,14.0,Desconocido
La Liga,140.0,,,False,2026-02-21,,,Ath Madrid,Espanol,4.0,2.0,,,5.0,3.0,0.0,1.0,0.0,0.0,18.0,8.0,Desconocido
Championship Escocia,,,,False,2026-02-21,,902.0,Ayr,Ross County,0.0,0.0,,,1.0,4.0,2.0,3.0,0.0,0.0,7.0,1.0,Desconocido
Bundesliga,218.0,,,False,2026-02-21,,,Bayern Munich,Ein Frankfurt,3.0,2.0,,,8.0,2.0,0.0,3.0,0.0,0.0,24.0,9.0,Desconocido
Primeira Liga,94.0,,,False,2026-02-21,211.0,21595.0,Benfica,AVS,3.0,0.0,,,10.0,1.0,0.0,0.0,0.0,0.0,22.0,3.0,Desconocido
La Liga,140.0,,,False,2026-02-21,,,Betis,Vallecano,1.0,1.0,,,3.0,5.0,4.0,3.0,0.0,0.0,14.0,12.0,Desconocido
League 1,41,England,,False,2026-02-21,68,1356,Bolton,Blackpool,2.0,2.0,,,15.0,5.0,1.0,3.0,0.0,0.0,20.0,14.0,R. Eley
National League,43.0,,,False,2026-02-21,1830.0,1378.0,Boreham Wood,Forest Green,1.0,1.0,,,,,2.0,2.0,0.0,1.0,,,Desconocido
National League,43.0,,,False,2026-02-21,,7752.0,Boston Utd,Tamworth,0.0,0.0,,,,,2.0,0.0,0.0,0.0,,,Desconocido
National League,43.0,,,False,2026-02-21,4701.0,1341.0,Brackley Town,Southend,0.0,3.0,,,,,3.0,2.0,0.0,0.0,,,Desconocido
Premier League,569.0,,,False,2026-02-21,55.0,51.0,Brentford,Brighton,0.0,2.0,,,6.0,4.0,1.0,2.0,0.0,0.0,13.0,11.0,Desconocido
League 2,,,,False,2026-02-21,,1365.0,Bristol Rvs,Grimsby,3.0,1.0,,,5.0,4.0,3.0,0.0,0.0,0.0,18.0,9.0,Desconocido
Serie A,71.0,,,False,2026-02-21,490.0,487.0,Cagliari,Lazio,0.0,0.0,,,3.0,6.0,3.0,2.0,1.0,0.0,11.0,10.0,Desconocido
National League,43.0,,,False,2026-02-21,1371.0,,Carlisle,Yeovil,3.0,0.0,,,,,1.0,0.0,0.0,0.0,,,Desconocido
Serie B,72.0,,,False,2026-02-21,1581.0,1579.0,Carrarese,Monza,0.0,1.0,,,4.0,7.0,2.0,1.0,0.0,0.0,10.0,9.0,Desconocido
Serie B,72.0,,,False,2026-02-21,509.0,515.0,Cesena,Spezia,2.0,3.0,,,7.0,0.0,1.0,2.0,0.0,0.0,22.0,9.0,Desconocido
Premier League,569.0,,,False,2026-02-21,49.0,44.0,Chelsea,Burnley,1.0,1.0,,,9.0,5.0,2.0,2.0,1.0,0.0,12.0,12.0,Desconocido
League 2,,,,False,2026-02-21,1372.0,,Cheltenham,Salford,3.0,2.0,,,7.0,3.0,1.0,5.0,0.0,1.0,13.0,6.0,Desconocido
Jupiler Pro League,144.0,,,False,2026-02-21,,,Club Brugge,Oud-Heverlee Leuven,2.0,1.0,,,12.0,4.0,0.0,1.0,0.0,0.0,22.0,12.0,Desconocido
League 2 Escocia,184,Scotland,,False,2026-02-21,6762,6766,Clyde,Edinburgh City,5.0,0.0,,,5.0,2.0,4.0,3.0,0.0,0.0,15.0,10.0,Desconocido
League 2,42,England,,False,2026-02-21,1361,1369,Colchester,Barnet,4.0,1.0,,,2.0,5.0,2.0,3.0,0.0,0.0,14.0,12.0,A. Chilowicz
League 1 Escocia,183,Scotland,,False,2026-02-21,6763,6773,Cove Rangers,Kelty Hearts,1.0,1.0,,,10.0,3.0,2.0,2.0,0.0,0.0,5.0,5.0,Desconocido
League 2,42,England,,False,2026-02-21,1362,1345,Crawley Town,Chesterfield,1.0,1.0,,,4.0,4.0,4.0,2.0,0.0,0.0,18.0,15.0,P. Howard
Bundesliga 2,,,,False,2026-02-21,,,Darmstadt,Fortuna Dusseldorf,2.0,1.0,,,4.0,11.0,4.0,0.0,0.0,1.0,14.0,18.0,Desconocido
Jupiler Pro League,144.0,,,False,2026-02-21,6215.0,,Dender,St Truiden,1.0,4.0,,,4.0,9.0,3.0,0.0,0.0,0.0,11.0,14.0,Desconocido
Premiership Escocia,,,,False,2026-02-21,,250.0,Dundee United,Kilmarnock,1.0,1.0,,,6.0,3.0,1.0,3.0,0.0,1.0,12.0,8.0,Desconocido
League 2 Escocia,184,Scotland,,False,2026-02-21,6765,1382,East Kilbride,Dumbarton,3.0,1.0,,,4.0,3.0,2.0,3.0,0.0,0.0,14.0,10.0,Desconocido
League 2 Escocia,,,,False,2026-02-21,,,Elgin,Stirling,1.0,0.0,,,4.0,3.0,1.0,2.0,0.0,1.0,10.0,9.0,Desconocido
Bundesliga 2,,,,False,2026-02-21,,,Elversberg,Braunschweig,3.0,1.0,,,4.0,0.0,1.0,1.0,0.0,0.0,12.0,7.0,Desconocido
Turkey Super Lig,,,,False,2026-02-21,,,Eyupspor,Genclerbirligi,1.0,0.0,,,3.0,4.0,1.0,2.0,0.0,0.0,10.0,13.0,Desconocido
Bundesliga,218.0,,,False,2026-02-21,,,FC Koln,Hoffenheim,2.0,2.0,,,3.0,10.0,1.0,3.0,0.0,0.0,9.0,18.0,Desconocido
League 2,42,England,,False,2026-02-21,1336,1819,Fleetwood Town,Barrow,3.0,2.0,,,4.0,3.0,2.0,3.0,0.0,0.0,11.0,5.0,E. Bell
League 2 Escocia,,,,False,2026-02-21,,6757.0,Forfar,Annan Athletic,2.0,1.0,,,8.0,4.0,1.0,1.0,0.0,0.0,12.0,5.0,Desconocido
League 2,42,England,,False,2026-02-21,1347,1349,Gillingham,Oldham,0.0,3.0,,,10.0,2.0,2.0,2.0,0.0,0.0,15.0,11.0,J. Oldham
League 2,,,,False,2026-02-21,,1832.0,Harrogate,Bromley,0.0,0.0,,,6.0,4.0,1.0,2.0,0.0,0.0,25.0,6.0,Desconocido
Premiership Escocia,,,,False,2026-02-21,,1389.0,Hearts,Falkirk,1.0,0.0,,,8.0,4.0,1.0,3.0,0.0,0.0,17.0,8.0,Desconocido
League 1,41,England,,False,2026-02-21,37,747,Huddersfield,Barnsley,2.0,1.0,,,10.0,7.0,1.0,2.0,0.0,0.0,15.0,10.0,P. Wright
La Liga 2,141,Spain,,False,2026-02-21,726,799,Huesca,Mirandes,1.0,2.0,,,9.0,4.0,4.0,3.0,0.0,0.0,20.0,12.0,R. Sanchez
Championship,407.0,,,False,2026-02-21,,72.0,Hull,QPR,1.0,3.0,,,8.0,4.0,3.0,1.0,0.0,0.0,14.0,12.0,Desconocido
League 1 Escocia,,,,False,2026-02-21,,6784.0,Inverness C,Stenhousemuir,1.0,1.0,,,4.0,3.0,4.0,3.0,1.0,0.0,9.0,7.0,Desconocido
Serie A,71.0,,,False,2026-02-21,10019.0,895.0,Juventus,Como,0.0,2.0,,,7.0,2.0,1.0,0.0,0.0,0.0,11.0,11.0,Desconocido
Bundesliga 2,,,,False,2026-02-21,,191.0,Karlsruhe,Holstein Kiel,3.0,1.0,,,3.0,4.0,5.0,5.0,0.0,0.0,14.0,15.0,Desconocido
Turkey Super Lig,203,Turkey,,False,2026-02-21,607,645,Konyaspor,Galatasaray,2.0,0.0,,,3.0,4.0,4.0,2.0,0.0,0.0,9.0,6.0,A. Karaoglan
La Liga 2,,,,False,2026-02-21,,545.0,La Coruna,Eibar,1.0,0.0,,,6.0,3.0,6.0,1.0,1.0,0.0,15.0,14.0,Desconocido
La Liga 2,,,,False,2026-02-21,534.0,,Las Palmas,Castellon,1.0,1.0,,,4.0,4.0,2.0,3.0,0.0,1.0,10.0,15.0,Desconocido
Serie A,71.0,,,False,2026-02-21,867.0,505.0,Lecce,Inter,0.0,2.0,,,2.0,10.0,1.0,2.0,0.0,0.0,3.0,24.0,Desconocido
La Liga 2,141,Spain,,False,2026-02-21,537,725,Leganes,Cultural Leonesa,1.0,1.0,,,7.0,0.0,3.0,3.0,0.0,0.0,11.0,11.0,L. Bestard Servera
Ligue 1,61.0,,,False,2026-02-21,116.0,91.0,Lens,Monaco,2.0,3.0,,,7.0,2.0,2.0,1.0,0.0,0.0,18.0,10.0,Desconocido
League 1,,,,False,2026-02-21,1359.0,,Luton,Burton,1.0,1.0,,,1.0,6.0,3.0,3.0,0.0,0.0,5.0,7.0,Desconocido
Premier League,569.0,,,False,2026-02-21,,34.0,Man City,Newcastle,2.0,1.0,,,5.0,5.0,2.0,5.0,0.0,0.0,15.0,13.0,Desconocido
League 1,,,,False,2026-02-21,,1379.0,Mansfield,Lincoln,0.0,2.0,,,2.0,4.0,2.0,3.0,0.0,0.0,11.0,13.0,Desconocido
Serie B,72.0,,,False,2026-02-21,1693.0,498.0,Mantova,Sampdoria,2.0,1.0,,,6.0,5.0,2.0,2.0,0.0,0.0,11.0,13.0,Desconocido
Championship,407.0,,,False,2026-02-21,70.0,,Middlesbrough,Oxford,0.0,0.0,,,9.0,5.0,3.0,1.0,0.0,0.0,24.0,13.0,Desconocido
Championship,407.0,,,False,2026-02-21,58.0,1355.0,Millwall,Portsmouth,1.0,3.0,,,6.0,4.0,1.0,2.0,0.0,0.0,6.0,15.0,Desconocido
League 1 Escocia,,,,False,2026-02-21,4251.0,,Montrose,Queen of Sth,3.0,2.0,,,3.0,5.0,0.0,3.0,0.0,0.0,6.0,16.0,Desconocido
National League,43.0,,,False,2026-02-21,1375.0,1822.0,Morecambe,Eastleigh,4.0,0.0,,,,,1.0,0.0,0.0,0.0,,,Desconocido
Primeira Liga,94.0,,,False,2026-02-21,215.0,,Moreirense,Sp Lisbon,0.0,3.0,,,1.0,8.0,1.0,1.0,0.0,0.0,6.0,15.0,Desconocido
Eredivisie,88.0,,,False,2026-02-21,203.0,,NAC Breda,Volendam,1.0,0.0,,,6.0,3.0,1.0,3.0,0.0,0.0,17.0,8.0,Desconocido
League 2,,,,False,2026-02-21,1367.0,,Newport County,Cambridge,0.0,2.0,,,2.0,9.0,2.0,2.0,0.0,0.0,6.0,14.0,Desconocido
League 1,41,England,,False,2026-02-21,1337,1373,Northampton,Leyton Orient,1.0,2.0,,,7.0,4.0,1.0,2.0,0.0,0.0,15.0,9.0,E. Duckworth
Championship,407.0,,,False,2026-02-21,71.0,54.0,Norwich,Birmingham,1.0,2.0,,,6.0,5.0,0.0,1.0,0.0,0.0,18.0,9.0,Desconocido
League 2,42,England,,False,2026-02-21,1376,1381,Notts County,Tranmere,5.0,0.0,,,5.0,2.0,1.0,2.0,0.0,0.0,17.0,5.0,H. Wager
Super League Greece,,,,False,2026-02-21,3415.0,949.0,Olympiakos,Panetolikos,2.0,0.0,,,12.0,4.0,1.0,2.0,0.0,0.0,27.0,5.0,Desconocido
La Liga,140.0,,,False,2026-02-21,727.0,541.0,Osasuna,Real Madrid,2.0,1.0,,,3.0,7.0,2.0,4.0,0.0,0.0,13.0,15.0,Desconocido
Eredivisie,88.0,,,False,2026-02-21,197.0,210.0,PSV Eindhoven,Heerenveen,3.0,1.0,,,9.0,3.0,2.0,1.0,0.0,0.0,29.0,14.0,Desconocido
Serie B,72.0,,,False,2026-02-21,870.0,508.0,Padova,Bari,1.0,1.0,,,9.0,3.0,3.0,4.0,0.0,0.0,9.0,17.0,Desconocido
Serie B,72.0,,,False,2026-02-21,522.0,1578.0,Palermo,Sudtirol,3.0,0.0,,,5.0,3.0,0.0,2.0,0.0,0.0,14.0,14.0,Desconocido
Ligue 1,61.0,,,False,2026-02-21,,112.0,Paris SG,Metz,3.0,0.0,,,4.0,1.0,0.0,2.0,0.0,0.0,17.0,3.0,Desconocido
Championship Escocia,,,,False,2026-02-21,901.0,,Partick,Airdrie Utd,1.0,0.0,,,7.0,4.0,5.0,3.0,0.0,0.0,19.0,8.0,Desconocido
League 1,,,,False,2026-02-21,,,Peterboro,Exeter,3.0,3.0,,,6.0,1.0,1.0,4.0,0.0,0.0,16.0,10.0,Desconocido
League 1 Escocia,183,Scotland,,False,2026-02-21,6777,6764,Peterhead,East Fife,3.0,1.0,,,3.0,5.0,1.0,4.0,0.0,0.0,13.0,7.0,Desconocido
League 1,41,England,,False,2026-02-21,1357,43,Plymouth,Cardiff,5.0,2.0,,,3.0,8.0,3.0,4.0,0.0,0.0,16.0,18.0,D. Drysdale
League 1,41,England,,False,2026-02-21,1351,53,Port Vale,Reading,1.0,1.0,,,9.0,3.0,0.0,2.0,0.0,0.0,13.0,10.0,C. Brook
Championship Escocia,,,,False,2026-02-21,,1383.0,Queens Park,Morton,3.0,2.0,,,3.0,4.0,1.0,2.0,0.0,0.0,10.0,8.0,Desconocido
Bundesliga,218.0,,,False,2026-02-21,173.0,,RB Leipzig,Dortmund,2.0,2.0,,,6.0,2.0,3.0,4.0,0.0,0.0,13.0,11.0,Desconocido
Ligue 2,62.0,,,False,2026-02-21,93.0,87.0,Reims,Amiens,0.0,0.0,,,8.0,3.0,1.0,3.0,0.0,0.0,18.0,13.0,Desconocido
National League,43.0,,,False,2026-02-21,1339.0,1836.0,Rochdale,Woking,3.0,0.0,,,,,2.0,4.0,0.0,0.0,,,Desconocido
League 1,41,England,,False,2026-02-21,73,1354,Rotherham,Doncaster,1.0,2.0,,,2.0,3.0,3.0,3.0,0.0,0.0,9.0,10.0,S. Mather
Bundesliga 2,,,,False,2026-02-21,,,Schalke 04,Magdeburg,5.0,3.0,,,4.0,2.0,2.0,0.0,0.0,0.0,22.0,15.0,Desconocido
La Liga,140.0,,,False,2026-02-21,,718.0,Sociedad,Oviedo,3.0,3.0,,,7.0,6.0,2.0,1.0,0.0,0.0,15.0,14.0,Desconocido
National League,43.0,,,False,2026-02-21,,1366.0,Solihull,Hartlepool,3.0,4.0,,,,,6.0,1.0,0.0,0.0,,,Desconocido
Championship,407.0,,,False,2026-02-21,41.0,1335.0,Southampton,Charlton,1.0,1.0,,,10.0,1.0,2.0,1.0,0.0,0.0,23.0,6.0,Desconocido
Primeira Liga,94.0,,,False,2026-02-21,,224.0,Sp Braga,Guimaraes,3.0,2.0,,,0.0,2.0,2.0,3.0,0.0,0.0,7.0,9.0,Desconocido
Ligue 2,62.0,,,False,2026-02-21,,433.0,St Etienne,Laval,2.0,1.0,,,10.0,2.0,3.0,1.0,0.0,0.0,19.0,6.0,Desconocido
Premiership Escocia,,,,False,2026-02-21,,256.0,St Mirren,Motherwell,0.0,5.0,,,4.0,7.0,4.0,0.0,1.0,0.0,11.0,17.0,Desconocido
Jupiler Pro League,144.0,,,False,2026-02-21,,740.0,St. Gilloise,Antwerp,2.0,1.0,,,10.0,1.0,2.0,1.0,0.0,0.0,21.0,4.0,Desconocido
League 1,,,,False,2026-02-21,,61.0,Stockport,Wigan,4.0,2.0,,,6.0,1.0,1.0,1.0,0.0,2.0,22.0,8.0,Desconocido
Championship,407.0,,,False,2026-02-21,,46.0,Stoke,Leicester,2.0,2.0,,,7.0,4.0,2.0,1.0,0.0,0.0,11.0,15.0,Desconocido
League 2 Escocia,184,Scotland,,False,2026-02-21,6785,6781,Stranraer,Spartans,2.0,1.0,,,5.0,4.0,1.0,1.0,0.0,0.0,7.0,13.0,Desconocido
National League,43.0,,,False,2026-02-21,,8663.0,Sutton,Wealdstone,3.0,0.0,,,,,3.0,0.0,0.0,0.0,,,Desconocido
Championship,407.0,,,False,2026-02-21,76.0,56.0,Swansea,Bristol City,1.0,0.0,,,3.0,5.0,2.0,4.0,0.0,0.0,8.0,12.0,Desconocido
League 2,,,,False,2026-02-21,,1363.0,Swindon,Crewe,1.0,2.0,,,7.0,6.0,1.0,1.0,0.0,0.0,21.0,7.0,Desconocido
Ligue 1,61.0,,,False,2026-02-21,96.0,114.0,Toulouse,Paris FC,1.0,1.0,,,12.0,3.0,1.0,5.0,0.0,0.0,23.0,5.0,Desconocido
Ligue 2,62.0,,,False,2026-02-21,,,Troyes,Pau FC,4.0,3.0,,,5.0,2.0,5.0,3.0,0.0,0.0,22.0,11.0,Desconocido
National League,43.0,,,False,2026-02-21,,1823.0,Truro,Gateshead,1.0,2.0,,,,,2.0,3.0,0.0,0.0,,,Desconocido
Bundesliga,218.0,,,False,2026-02-21,182.0,,Union Berlin,Leverkusen,1.0,0.0,,,4.0,5.0,5.0,2.0,0.0,0.0,8.0,16.0,Desconocido
Serie B,72.0,,,False,2026-02-21,517.0,525.0,Venezia,Pescara,3.0,2.0,,,6.0,7.0,1.0,4.0,0.0,0.0,18.0,16.0,Desconocido
Serie B,72.0,,,False,2026-02-21,527.0,1687.0,Virtus Entella,Catanzaro,1.0,3.0,,,5.0,3.0,2.0,1.0,0.0,0.0,16.0,12.0,Desconocido
Championship,407.0,,,False,2026-02-21,38.0,69.0,Watford,Derby,2.0,0.0,,,2.0,2.0,2.0,2.0,0.0,0.0,18.0,5.0,Desconocido
Championship,407.0,,,False,2026-02-21,60.0,1346.0,West Brom,Coventry,0.0,2.0,,,3.0,2.0,0.0,3.0,0.0,0.0,11.0,10.0,Desconocido
Premier League,569.0,,,False,2026-02-21,48.0,35.0,West Ham,Bournemouth,0.0,0.0,,,9.0,5.0,1.0,1.0,0.0,0.0,20.0,10.0,Desconocido
Bundesliga,218.0,,,False,2026-02-21,,,Wolfsburg,Augsburg,2.0,3.0,,,4.0,10.0,3.0,4.0,0.0,0.0,10.0,15.0,Desconocido
Championship,407.0,,,False,2026-02-21,1837.0,57.0,Wrexham,Ipswich,5.0,3.0,,,5.0,2.0,5.0,4.0,0.0,0.0,17.0,13.0,Desconocido
League 1,41,England,,False,2026-02-21,1358,1368,Wycombe,Stevenage,3.0,1.0,,,6.0,4.0,1.0,1.0,0.0,0.0,8.0,11.0,M. Russell
National League,43.0,,,False,2026-02-21,1828.0,,York,Halifax,4.0,1.0,,,,,2.0,1.0,0.0,0.0,,,Desconocido
Ligue 2,62.0,,,False,2026-02-20,3012.0,,Annecy,Red Star,2.0,1.0,,,2.0,4.0,3.0,2.0,0.0,0.0,16.0,11.0,Desconocido
La Liga,140.0,,,False,2026-02-20,,797.0,Ath Bilbao,Elche,2.0,1.0,,,4.0,1.0,3.0,3.0,0.0,0.0,18.0,2.0,Desconocido
Championship,407.0,,,False,2026-02-20,67.0,59.0,Blackburn,Preston,1.0,0.0,,,5.0,3.0,2.0,2.0,0.0,0.0,13.0,3.0,Desconocido
Bundesliga 2,,,,False,2026-02-20,,,Bochum,Nurnberg,1.0,1.0,,,3.0,3.0,1.0,3.0,0.0,0.0,8.0,9.0,Desconocido
Ligue 2,62.0,,,False,2026-02-20,1299.0,,Boulogne,Clermont,0.0,2.0,,,7.0,4.0,3.0,3.0,0.0,0.0,6.0,9.0,Desconocido
Ligue 1,61.0,,,False,2026-02-20,,81.0,Brest,Marseille,2.0,0.0,,,3.0,2.0,1.0,4.0,0.0,0.0,12.0,17.0,Desconocido
La Liga 2,,,,False,2026-02-20,,22018.0,Ceuta,Granada,2.0,1.0,,,5.0,5.0,5.0,3.0,0.0,0.0,10.0,11.0,Desconocido
Ligue 2,62.0,,,False,2026-02-20,1304.0,1305.0,Dunkerque,Bastia,1.0,1.0,,,3.0,5.0,3.0,1.0,0.0,0.0,8.0,13.0,Desconocido
Primeira Liga,94.0,,,False,2026-02-20,15130.0,218.0,Estrela,Tondela,0.0,2.0,,,5.0,3.0,2.0,3.0,1.0,0.0,15.0,11.0,Desconocido
Eredivisie,88.0,,,False,2026-02-20,,196.0,For Sittard,Excelsior,2.0,1.0,,,5.0,3.0,1.0,1.0,0.0,0.0,16.0,10.0,Desconocido
Serie B,72.0,,,False,2026-02-20,512.0,511.0,Frosinone,Empoli,2.0,2.0,,,6.0,3.0,1.0,4.0,0.0,0.0,28.0,13.0,Desconocido
Jupiler Pro League,144.0,,,False,2026-02-20,631.0,741.0,Gent,Cercle Brugge,0.0,1.0,,,4.0,10.0,0.0,4.0,1.0,0.0,5.0,23.0,Desconocido
Bundesliga 2,,,,False,2026-02-20,,,Greuther Furth,Bielefeld,2.0,1.0,,,0.0,10.0,2.0,3.0,0.0,0.0,5.0,15.0,Desconocido
Bundesliga,218.0,,,False,2026-02-20,,,Mainz,Hamburg,1.0,1.0,,,7.0,2.0,3.0,2.0,0.0,0.0,17.0,14.0,Desconocido
Ligue 2,62.0,,,False,2026-02-20,102.0,101.0,Nancy,Grenoble,0.0,0.0,,,12.0,3.0,1.0,1.0,0.0,1.0,16.0,9.0,Desconocido
Championship Escocia,,,,False,2026-02-20,,,Raith Rvs,St Johnstone,0.0,0.0,,,3.0,6.0,6.0,1.0,0.0,0.0,5.0,13.0,Desconocido
Turkey Super Lig,203,Turkey,,False,2026-02-20,1007,7411,Rizespor,Kocaelispor,2.0,0.0,,,2.0,6.0,1.0,3.0,0.0,0.0,11.0,13.0,M. Turkmen
Ligue 2,62.0,,,False,2026-02-20,1301.0,82.0,Rodez,Montpellier,1.0,0.0,,,6.0,6.0,1.0,3.0,0.0,0.0,14.0,12.0,Desconocido
Serie A,71.0,,,False,2026-02-20,488.0,,Sassuolo,Verona,3.0,0.0,,,6.0,5.0,2.0,3.0,0.0,1.0,8.0,12.0,Desconocido
League 2,42,England,,False,2026-02-18,1365,1342,Grimsby,Walsall,2.0,2.0,,,10.0,6.0,1.0,2.0,0.0,1.0,17.0,7.0,T. Parsons
La Liga,140.0,,,False,2026-02-18,539.0,533.0,Levante,Villarreal,0.0,1.0,,,3.0,2.0,3.0,4.0,0.0,0.0,16.0,15.0,Desconocido
Serie A,71.0,,,False,2026-02-18,,895.0,Milan,Como,1.0,1.0,,,4.0,4.0,2.0,3.0,0.0,0.0,6.0,10.0,Desconocido
League 1,41,England,,False,2026-02-18,61,1359,Wigan,Luton,1.0,0.0,,,7.0,4.0,4.0,2.0,0.0,0.0,7.0,13.0,"Jamie O'Connor, England"
Premier League,569.0,,,False,2026-02-18,39.0,9419.0,Wolves,Arsenal,2.0,2.0,,,1.0,3.0,2.0,1.0,0.0,0.0,5.0,10.0,Desconocido
League 2,,,,False,2026-02-17,1369.0,,Barnet,Swindon,1.0,2.0,,,3.0,1.0,1.0,1.0,0.0,0.0,8.0,8.0,Desconocido
League 1,,,,False,2026-02-17,747.0,,Barnsley,Peterboro,2.0,1.0,,,3.0,5.0,2.0,1.0,0.0,0.0,11.0,17.0,Desconocido
League 2,,,,False,2026-02-17,1819.0,,Barrow,Harrogate,0.0,1.0,,,1.0,6.0,1.0,2.0,0.0,0.0,14.0,7.0,Desconocido
League 1,,,,False,2026-02-17,1356.0,,Blackpool,Mansfield,1.0,0.0,,,4.0,1.0,5.0,0.0,0.0,0.0,6.0,11.0,Desconocido
League 1,,,,False,2026-02-17,1343.0,,Bradford,Stockport,1.0,0.0,,,4.0,2.0,3.0,2.0,0.0,0.0,8.0,11.0,Desconocido
Championship,407.0,,,False,2026-02-17,56.0,1837.0,Bristol City,Wrexham,2.0,2.0,,,3.0,2.0,2.0,3.0,0.0,0.0,8.0,9.0,Desconocido
League 2,42,England,,False,2026-02-17,1832,1372,Bromley,Cheltenham,1.0,1.0,,,7.0,3.0,3.0,2.0,0.0,0.0,17.0,16.0,E. Swallow
League 1,,,,False,2026-02-17,,73.0,Burton,Rotherham,1.0,0.0,,,10.0,3.0,1.0,2.0,0.0,0.0,11.0,13.0,Desconocido
League 2,,,,False,2026-02-17,,1361.0,Cambridge,Colchester,1.0,1.0,,,5.0,3.0,2.0,2.0,0.0,0.0,14.0,9.0,Desconocido
League 1,41,England,,False,2026-02-17,43,1333,Cardiff,AFC Wimbledon,4.0,1.0,,,4.0,5.0,0.0,2.0,0.0,0.0,16.0,17.0,S. Mather
Championship,407.0,,,False,2026-02-17,1335.0,1355.0,Charlton,Portsmouth,1.0,3.0,,,3.0,2.0,7.0,2.0,0.0,0.0,12.0,12.0,Desconocido
League 2,42,England,,False,2026-02-17,1345,1347,Chesterfield,Gillingham,1.0,0.0,,,8.0,7.0,0.0,3.0,0.0,0.0,19.0,14.0,W. Finnie
League 1 Escocia,183,Scotland,,False,2026-02-17,6763,4251,Cove Rangers,Montrose,3.0,1.0,,,1.0,3.0,1.0,1.0,0.0,0.0,7.0,11.0,Desconocido
League 2,42,England,,False,2026-02-17,1363,1336,Crewe,Fleetwood Town,0.0,1.0,,,3.0,5.0,0.0,3.0,0.0,0.0,7.0,17.0,R. Martin
League 1,41,England,,False,2026-02-17,1354,37,Doncaster,Huddersfield,1.0,0.0,,,0.0,5.0,4.0,1.0,0.0,0.0,6.0,12.0,S. Stockbridge
League 2 Escocia,,,,False,2026-02-17,,6765.0,Elgin,East Kilbride,1.0,6.0,,,5.0,7.0,2.0,2.0,1.0,0.0,8.0,15.0,Desconocido
League 1,,,,False,2026-02-17,,1358.0,Exeter,Wycombe,1.0,1.0,,,8.0,4.0,0.0,2.0,0.0,0.0,20.0,7.0,Desconocido
National League,43.0,,,False,2026-02-17,,1823.0,Halifax,Gateshead,1.0,2.0,,,,,1.0,3.0,0.0,0.0,,,Desconocido
League 1 Escocia,,,,False,2026-02-17,,6764.0,Hamilton,East Fife,1.0,0.0,,,6.0,3.0,2.0,2.0,0.0,0.0,5.0,8.0,Desconocido
League 1,41,England,,False,2026-02-17,1373,1357,Leyton Orient,Plymouth,1.0,3.0,,,6.0,6.0,4.0,2.0,0.0,0.0,12.0,16.0,A. Chilowicz
League 1,41,England,,False,2026-02-17,1379,1337,Lincoln,Northampton,4.0,0.0,,,9.0,1.0,1.0,1.0,0.0,1.0,23.0,4.0,W. Finnie
League 2,42,England,,False,2026-02-17,1348,1362,Milton Keynes Dons,Crawley Town,0.0,0.0,,,9.0,2.0,1.0,3.0,0.0,0.0,13.0,11.0,I. Searle
Championship Escocia,180,Scotland,,False,2026-02-17,1383,1388,Morton,Dunfermline,2.0,0.0,,,2.0,6.0,2.0,2.0,0.0,1.0,12.0,7.0,G. Soutar
League 2,,,,False,2026-02-17,1349.0,,Oldham,Bristol Rvs,2.0,0.0,,,2.0,6.0,3.0,4.0,0.0,0.0,7.0,18.0,Desconocido
League 1,41,England,,False,2026-02-17,53,68,Reading,Bolton,1.0,1.0,,,4.0,6.0,4.0,1.0,0.0,0.0,6.0,16.0,P. Wright
National League,43.0,,,False,2026-02-17,1339.0,1340.0,Rochdale,Scunthorpe,1.0,1.0,,,,,0.0,4.0,0.0,0.0,,,Desconocido
League 2,,,,False,2026-02-17,,1367.0,Salford,Newport County,1.0,3.0,,,9.0,1.0,4.0,5.0,0.0,0.0,19.0,6.0,Desconocido
League 2,42,England,,False,2026-02-17,1352,1376,Shrewsbury,Notts County,1.0,0.0,,,6.0,7.0,0.0,4.0,0.0,0.0,10.0,13.0,W. Davis
Eredivisie,88.0,,,False,2026-02-17,426.0,,Sparta Rotterdam,Nijmegen,1.0,1.0,,,6.0,5.0,3.0,4.0,0.0,0.0,13.0,12.0,Desconocido
League 1,41,England,,False,2026-02-17,1368,1351,Stevenage,Port Vale,2.0,1.0,,,6.0,1.0,3.0,2.0,0.0,0.0,16.0,5.0,J. Durkin
League 2 Escocia,,,,False,2026-02-17,,6762.0,Stirling,Clyde,0.0,3.0,,,4.0,4.0,1.0,3.0,0.0,0.0,9.0,16.0,Desconocido
National League,43.0,,,False,2026-02-17,,1836.0,Sutton,Woking,2.0,1.0,,,,,3.0,2.0,1.0,0.0,,,Desconocido
League 2,,,,False,2026-02-17,1381.0,,Tranmere,Accrington,0.0,1.0,,,7.0,1.0,1.0,3.0,0.0,2.0,18.0,13.0,Desconocido
National League,43.0,,,False,2026-02-17,,,Yeovil,Aldershot,1.0,2.0,,,,,3.0,2.0,0.0,0.0,,,Desconocido
Super League Greece,197,Greece,,False,2026-02-16,12260,2099,Atromitos,Panserraikos,2.0,2.0,,,4.0,3.0,3.0,3.0,0.0,1.0,15.0,6.0,F. Polychronis
Ligue 2,62.0,,,False,2026-02-16,1305.0,,Bastia,Troyes,0.0,0.0,,,5.0,2.0,2.0,3.0,0.0,0.0,16.0,3.0,Desconocido
Serie A,71.0,,,False,2026-02-16,490.0,867.0,Cagliari,Lecce,0.0,2.0,,,8.0,2.0,0.0,0.0,0.0,0.0,11.0,13.0,Desconocido
Championship,407.0,,,False,2026-02-16,1346.0,70.0,Coventry,Middlesbrough,3.0,1.0,,,3.0,2.0,3.0,2.0,0.0,0.0,9.0,18.0,Desconocido
La Liga,140.0,,,False,2026-02-16,547.0,529.0,Girona,Barcelona,2.0,1.0,,,3.0,7.0,1.0,2.0,1.0,0.0,13.0,27.0,Desconocido
Turkey Super Lig,,,,False,2026-02-16,,,Kasimpasa,Karagumruk,3.0,2.0,,,2.0,3.0,5.0,2.0,0.0,0.0,12.0,11.0,Desconocido
Primeira Liga,94.0,,,False,2026-02-16,226.0,215.0,Rio Ave,Moreirense,1.0,2.0,,,7.0,1.0,1.0,3.0,0.0,0.0,18.0,6.0,Desconocido
La Liga 2,,,,False,2026-02-16,,535.0,Sociedad B,Malaga,2.0,1.0,,,5.0,1.0,5.0,4.0,1.0,0.0,13.0,17.0,Desconocido
Primeira Liga,94.0,,,False,2026-02-15,21595.0,230.0,AVS,Estoril,3.0,0.0,,,9.0,9.0,2.0,2.0,0.0,0.0,15.0,12.0,Desconocido
La Liga 2,,,,False,2026-02-15,722.0,,Albacete,Sp Gijon,1.0,1.0,,,4.0,2.0,1.0,0.0,0.0,0.0,9.0,9.0,Desconocido
Jupiler Pro League,144.0,,,False,2026-02-15,554.0,,Anderlecht,RAAL La Louviere,0.0,0.0,,,8.0,4.0,1.0,5.0,0.0,0.0,19.0,6.0,Desconocido
Jupiler Pro League,144.0,,,False,2026-02-15,740.0,,Antwerp,Westerlo,0.0,2.0,,,4.0,2.0,2.0,4.0,0.0,0.0,5.0,12.0,Desconocido
Bundesliga,218.0,,,False,2026-02-15,,,Augsburg,Heidenheim,1.0,0.0,,,4.0,5.0,1.0,2.0,0.0,0.0,12.0,16.0,Desconocido
Serie B,72.0,,,False,2026-02-15,528.0,525.0,Avellino,Pescara,0.0,1.0,,,6.0,4.0,4.0,4.0,0.0,0.0,11.0,16.0,Desconocido
Serie B,72.0,,,False,2026-02-15,508.0,1578.0,Bari,Sudtirol,1.0,2.0,,,3.0,5.0,0.0,3.0,0.0,0.0,12.0,18.0,Desconocido
Bundesliga 2,,,,False,2026-02-15,,,Bochum,Paderborn,0.0,0.0,,,4.0,6.0,2.0,3.0,0.0,0.0,22.0,7.0,Desconocido
Turkey Super Lig,,,,False,2026-02-15,,,Buyuksehyr,Besiktas,2.0,3.0,,,6.0,3.0,2.0,2.0,0.0,0.0,14.0,13.0,Desconocido
La Liga 2,,,,False,2026-02-15,,,Castellon,La Coruna,2.0,0.0,,,4.0,3.0,3.0,3.0,0.0,0.0,8.0,12.0,Desconocido
Jupiler Pro League,144.0,,,False,2026-02-15,741.0,,Cercle Brugge,Club Brugge,1.0,2.0,,,2.0,8.0,1.0,3.0,0.0,0.0,18.0,10.0,Desconocido
Serie A,71.0,,,False,2026-02-15,520.0,495.0,Cremonese,Genoa,0.0,0.0,,,6.0,11.0,2.0,0.0,0.0,0.0,19.0,19.0,Desconocido
La Liga 2,,,,False,2026-02-15,545.0,,Eibar,Santander,2.0,1.0,,,5.0,5.0,5.0,2.0,0.0,1.0,15.0,11.0,Desconocido
Serie B,72.0,,,False,2026-02-15,511.0,880.0,Empoli,Reggiana,1.0,1.0,,,12.0,1.0,4.0,2.0,0.0,0.0,19.0,5.0,Desconocido
Eredivisie,88.0,,,False,2026-02-15,209.0,,Feyenoord,Go Ahead Eagles,1.0,0.0,,,19.0,2.0,1.0,3.0,0.0,1.0,33.0,4.0,Desconocido
Turkey Super Lig,,,,False,2026-02-15,,1001.0,Goztep,Kayserispor,0.0,0.0,,,6.0,3.0,2.0,1.0,0.0,0.0,17.0,10.0,Desconocido
Eredivisie,88.0,,,False,2026-02-15,210.0,,Heerenveen,Zwolle,4.0,2.0,,,2.0,5.0,1.0,0.0,0.0,0.0,11.0,12.0,Desconocido
Bundesliga 2,,,,False,2026-02-15,191.0,,Holstein Kiel,Schalke 04,1.0,2.0,,,9.0,6.0,3.0,1.0,0.0,0.0,10.0,21.0,Desconocido
La Liga 2,,,,False,2026-02-15,726.0,,Huesca,Ceuta,2.0,0.0,,,2.0,5.0,2.0,1.0,0.0,1.0,10.0,11.0,Desconocido
Super League Greece,,,,False,2026-02-15,5050.0,,Kifisia,OFI Crete,2.0,2.0,,,4.0,2.0,3.0,2.0,0.0,0.0,25.0,6.0,Desconocido
Premiership Escocia,179,Scotland,,False,2026-02-15,250,247,Kilmarnock,Celtic,2.0,3.0,,,6.0,7.0,1.0,3.0,0.0,0.0,17.0,24.0,D. Nicolson
Turkey Super Lig,,,,False,2026-02-15,7411.0,,Kocaelispor,Gaziantep,3.0,0.0,,,4.0,2.0,3.0,5.0,0.0,1.0,14.0,7.0,Desconocido
Ligue 1,61.0,,,False,2026-02-15,111.0,96.0,Le Havre,Toulouse,2.0,1.0,,,1.0,10.0,1.0,4.0,1.0,0.0,5.0,25.0,Desconocido
La Liga,140.0,,,False,2026-02-15,539.0,532.0,Levante,Valencia,0.0,2.0,,,3.0,2.0,3.0,2.0,1.0,0.0,9.0,5.0,Desconocido
Ligue 1,61.0,,,False,2026-02-15,97.0,77.0,Lorient,Angers,2.0,0.0,,,3.0,2.0,0.0,0.0,0.0,0.0,8.0,10.0,Desconocido
Ligue 1,61.0,,,False,2026-02-15,80.0,84.0,Lyon,Nice,2.0,0.0,,,8.0,5.0,3.0,1.0,0.0,0.0,9.0,10.0,Desconocido
Bundesliga 2,,,,False,2026-02-15,,,Magdeburg,Bielefeld,0.0,2.0,,,4.0,4.0,2.0,2.0,0.0,0.0,19.0,14.0,Desconocido
La Liga,140.0,,,False,2026-02-15,798.0,,Mallorca,Betis,1.0,2.0,,,7.0,3.0,4.0,3.0,0.0,0.0,14.0,17.0,Desconocido
Ligue 1,61.0,,,False,2026-02-15,112.0,108.0,Metz,Auxerre,1.0,3.0,,,4.0,3.0,2.0,3.0,0.0,0.0,13.0,14.0,Desconocido
La Liga 2,141,Spain,,False,2026-02-15,799,534,Mirandes,Las Palmas,1.0,1.0,,,3.0,5.0,3.0,1.0,0.0,0.0,6.0,17.0,G. Etayo
Serie B,72.0,,,False,2026-02-15,1579.0,863.0,Monza,Juve Stabia,2.0,1.0,,,5.0,7.0,0.0,0.0,0.0,0.0,13.0,14.0,Desconocido
Premiership Escocia,179,Scotland,,False,2026-02-15,256,252,Motherwell,Aberdeen,2.0,0.0,,,4.0,2.0,1.0,6.0,0.0,0.0,18.0,10.0,D. Dickinson
Primeira Liga,94.0,,,False,2026-02-15,225.0,,Nacional,Porto,0.0,1.0,,,5.0,8.0,4.0,0.0,0.0,0.0,9.0,8.0,Desconocido
Serie A,71.0,,,False,2026-02-15,492.0,,Napoli,Roma,2.0,2.0,,,2.0,1.0,1.0,1.0,0.0,0.0,11.0,9.0,Desconocido
La Liga,140.0,,,False,2026-02-15,718.0,,Oviedo,Ath Bilbao,1.0,2.0,,,2.0,3.0,2.0,3.0,0.0,0.0,7.0,13.0,Desconocido
Super League Greece,,,,False,2026-02-15,619.0,,PAOK,AEK,0.0,0.0,,,7.0,5.0,4.0,4.0,0.0,0.0,8.0,12.0,Desconocido
Super League Greece,197,Greece,,False,2026-02-15,617,953,Panathinaikos,Larisa,1.0,1.0,,,4.0,1.0,3.0,2.0,0.0,0.0,16.0,8.0,D. Moschou
Serie A,71.0,,,False,2026-02-15,523.0,,Parma,Verona,2.0,1.0,,,12.0,1.0,2.0,1.0,0.0,1.0,27.0,4.0,Desconocido
Bundesliga,218.0,,,False,2026-02-15,173.0,,RB Leipzig,Wolfsburg,2.0,2.0,,,6.0,2.0,1.0,2.0,0.0,0.0,20.0,10.0,Desconocido
Premiership Escocia,,,,False,2026-02-15,257.0,,Rangers,Hearts,4.0,2.0,,,7.0,3.0,4.0,3.0,0.0,0.0,19.0,7.0,Desconocido
Primeira Liga,94.0,,,False,2026-02-15,,242.0,Sp Lisbon,Famalicao,1.0,0.0,,,14.0,1.0,3.0,2.0,0.0,0.0,22.0,2.0,Desconocido
Serie B,72.0,,,False,2026-02-15,515.0,512.0,Spezia,Frosinone,0.0,2.0,,,2.0,11.0,4.0,2.0,0.0,0.0,6.0,15.0,Desconocido
Jupiler Pro League,144.0,,,False,2026-02-15,,,St Truiden,Waregem,3.0,2.0,,,7.0,6.0,3.0,3.0,0.0,1.0,17.0,12.0,Desconocido
Eredivisie,88.0,,,False,2026-02-15,427.0,415.0,Telstar,Twente,1.0,1.0,,,3.0,6.0,1.0,1.0,0.0,0.0,14.0,20.0,Desconocido
Serie A,71.0,,,False,2026-02-15,503.0,500.0,Torino,Bologna,1.0,2.0,,,4.0,2.0,3.0,1.0,0.0,0.0,7.0,14.0,Desconocido
Serie A,71.0,,,False,2026-02-15,494.0,488.0,Udinese,Sassuolo,1.0,2.0,,,7.0,6.0,3.0,3.0,0.0,0.0,8.0,10.0,Desconocido
La Liga,140.0,,,False,2026-02-15,,,Vallecano,Ath Madrid,3.0,0.0,,,4.0,8.0,1.0,3.0,0.0,0.0,13.0,9.0,Desconocido
Eredivisie,88.0,,,False,2026-02-14,194.0,,Ajax,For Sittard,4.0,1.0,,,4.0,0.0,0.0,0.0,0.0,0.0,20.0,8.0,Desconocido
Turkey Super Lig,203,Turkey,,False,2026-02-14,996,607,Alanyaspor,Konyaspor,2.0,1.0,,,4.0,3.0,2.0,4.0,0.0,0.0,19.0,9.0,A. Yilmaz
League 2 Escocia,184,Scotland,,False,2026-02-14,6757,6765,Annan Athletic,East Kilbride,2.0,4.0,,,7.0,1.0,2.0,3.0,1.0,0.0,8.0,12.0,Desconocido
League 2,42,England,,False,2026-02-14,1369,1372,Barnet,Cheltenham,0.0,0.0,,,9.0,0.0,4.0,1.0,0.0,1.0,13.0,5.0,S. Mulhall
League 1,41,England,,False,2026-02-14,747,1333,Barnsley,AFC Wimbledon,3.0,3.0,,,10.0,5.0,2.0,0.0,0.0,0.0,18.0,9.0,C. Breakspear
League 2,42,England,,False,2026-02-14,1819,1361,Barrow,Colchester,1.0,0.0,,,2.0,10.0,2.0,3.0,0.0,0.0,5.0,9.0,P. Wright
League 1,41,England,,False,2026-02-14,1356,1357,Blackpool,Plymouth,0.0,4.0,,,4.0,6.0,1.0,3.0,1.0,0.0,5.0,22.0,P. Howard
League 1,,,,False,2026-02-14,1343.0,,Bradford,Peterboro,2.0,0.0,,,10.0,5.0,3.0,3.0,0.0,0.0,29.0,4.0,Desconocido
National League,43.0,,,False,2026-02-14,,,Braintree Town,Solihull,0.0,0.0,,,,,1.0,4.0,0.0,0.0,,,Desconocido
Bundesliga 2,,,,False,2026-02-14,,,Braunschweig,Darmstadt,2.0,2.0,,,6.0,7.0,1.0,1.0,0.0,0.0,15.0,12.0,Desconocido
League 2,42,England,,False,2026-02-14,1832,1376,Bromley,Notts County,1.0,1.0,,,3.0,7.0,0.0,1.0,0.0,1.0,11.0,8.0,D. Drysdale
La Liga 2,141,Spain,,False,2026-02-14,9580,724,Burgos,Cadiz,1.0,1.0,,,6.0,0.0,1.0,2.0,0.0,0.0,21.0,5.0,M. H. De Aza
League 2,,,,False,2026-02-14,,,Cambridge,Bristol Rvs,3.0,1.0,,,6.0,2.0,1.0,4.0,0.0,0.0,10.0,9.0,Desconocido
League 1,41,England,,False,2026-02-14,43,1359,Cardiff,Luton,3.0,1.0,,,7.0,3.0,3.0,2.0,0.0,0.0,18.0,3.0,O. Yates
Primeira Liga,94.0,,,False,2026-02-14,4716.0,240.0,Casa Pia,Arouca,3.0,2.0,,,2.0,3.0,5.0,2.0,0.0,0.0,11.0,8.0,Desconocido
Serie B,72.0,,,False,2026-02-14,1687.0,1693.0,Catanzaro,Mantova,2.0,0.0,,,2.0,11.0,0.0,1.0,0.0,0.0,4.0,18.0,Desconocido
Serie B,72.0,,,False,2026-02-14,509.0,517.0,Cesena,Venezia,0.0,4.0,,,5.0,5.0,3.0,1.0,0.0,0.0,11.0,14.0,Desconocido
Jupiler Pro League,144.0,,,False,2026-02-14,736.0,631.0,Charleroi,Gent,2.0,3.0,,,12.0,4.0,0.0,3.0,0.0,0.0,25.0,11.0,Desconocido
League 2,,,,False,2026-02-14,1345.0,,Chesterfield,Harrogate,1.0,1.0,,,3.0,6.0,1.0,2.0,1.0,0.0,15.0,11.0,Desconocido
Serie A,71.0,,,False,2026-02-14,895.0,502.0,Como,Fiorentina,1.0,2.0,,,4.0,2.0,4.0,2.0,1.0,0.0,16.0,7.0,Desconocido
La Liga 2,141,Spain,,False,2026-02-14,713,537,Cordoba,Leganes,2.0,1.0,,,7.0,4.0,1.0,1.0,0.0,0.0,22.0,17.0,A. Morilla
League 2,42,England,,False,2026-02-14,1363,1347,Crewe,Gillingham,1.0,0.0,,,2.0,8.0,0.0,1.0,0.0,0.0,7.0,20.0,M. Coy
La Liga 2,141,Spain,,False,2026-02-14,725,732,Cultural Leonesa,Zaragoza,0.0,0.0,,,1.0,8.0,1.0,3.0,0.0,0.0,13.0,12.0,J. A. Gonzalez Esteban
Championship,407.0,,,False,2026-02-14,69.0,76.0,Derby,Swansea,2.0,0.0,,,6.0,2.0,2.0,2.0,0.0,0.0,11.0,15.0,Desconocido
Bundesliga 2,,,,False,2026-02-14,,,Dresden,Elversberg,1.0,2.0,,,5.0,6.0,3.0,3.0,0.0,0.0,14.0,12.0,Desconocido
Premiership Escocia,179,Scotland,,False,2026-02-14,253,255,Dundee,Livingston,2.0,2.0,,,10.0,2.0,2.0,2.0,0.0,0.0,16.0,16.0,N. Walsh
League 1 Escocia,183,Scotland,,False,2026-02-14,6764,6763,East Fife,Cove Rangers,2.0,1.0,,,9.0,6.0,1.0,0.0,0.0,0.0,9.0,8.0,Desconocido
National League,43.0,,,False,2026-02-14,1822.0,1830.0,Eastleigh,Boreham Wood,2.0,2.0,,,,,2.0,0.0,0.0,0.0,,,Desconocido
Bundesliga,218.0,,,False,2026-02-14,,,Ein Frankfurt,M'gladbach,3.0,0.0,,,2.0,8.0,3.0,2.0,0.0,0.0,12.0,20.0,Desconocido
La Liga,140.0,,,False,2026-02-14,,,Espanol,Celta,2.0,2.0,,,2.0,2.0,1.0,0.0,0.0,0.0,9.0,14.0,Desconocido
Eredivisie,88.0,,,False,2026-02-14,196.0,201.0,Excelsior,AZ Alkmaar,1.0,2.0,,,7.0,5.0,1.0,2.0,0.0,0.0,11.0,16.0,Desconocido
League 1,,,,False,2026-02-14,,1337.0,Exeter,Northampton,0.0,0.0,,,11.0,1.0,0.0,1.0,0.0,0.0,17.0,3.0,Desconocido
Premiership Escocia,,,,False,2026-02-14,1389.0,,Falkirk,Dundee United,2.0,3.0,,,4.0,5.0,0.0,3.0,1.0,0.0,10.0,14.0,Desconocido
National League,43.0,,,False,2026-02-14,1378.0,1371.0,Forest Green,Carlisle,1.0,3.0,,,,,2.0,3.0,0.0,0.0,,,Desconocido
National League,43.0,,,False,2026-02-14,1823.0,4701.0,Gateshead,Brackley Town,1.0,2.0,,,,,1.0,0.0,0.0,0.0,,,Desconocido
Turkey Super Lig,,,,False,2026-02-14,,1007.0,Genclerbirligi,Rizespor,2.0,2.0,,,4.0,11.0,3.0,4.0,0.0,0.0,12.0,15.0,Desconocido
La Liga,140.0,,,False,2026-02-14,546.0,533.0,Getafe,Villarreal,2.0,1.0,,,3.0,4.0,2.0,3.0,0.0,0.0,5.0,8.0,Desconocido
Primeira Liga,94.0,,,False,2026-02-14,,,Gil Vicente,Sp Braga,2.0,1.0,,,5.0,6.0,2.0,1.0,0.0,0.0,15.0,11.0,Desconocido
La Liga 2,,,,False,2026-02-14,22018.0,720.0,Granada,Valladolid,5.0,1.0,,,4.0,2.0,1.0,3.0,0.0,1.0,22.0,8.0,Desconocido
Ligue 2,62.0,,,False,2026-02-14,101.0,93.0,Grenoble,Reims,0.0,0.0,,,3.0,12.0,1.0,2.0,0.0,0.0,10.0,25.0,Desconocido
Eredivisie,88.0,,,False,2026-02-14,202.0,207.0,Groningen,Utrecht,1.0,2.0,,,2.0,8.0,0.0,1.0,0.0,0.0,11.0,15.0,Desconocido
Primeira Liga,94.0,,,False,2026-02-14,224.0,15130.0,Guimaraes,Estrela,2.0,1.0,,,9.0,2.0,3.0,2.0,0.0,0.0,20.0,7.0,Desconocido
Ligue 2,62.0,,,False,2026-02-14,90.0,,Guingamp,St Etienne,1.0,2.0,,,6.0,3.0,2.0,1.0,0.0,0.0,12.0,12.0,Desconocido
National League,43.0,,,False,2026-02-14,,,Halifax,Truro,1.0,0.0,,,,,1.0,0.0,0.0,0.0,,,Desconocido
Bundesliga,218.0,,,False,2026-02-14,,182.0,Hamburg,Union Berlin,3.0,2.0,,,6.0,3.0,3.0,0.0,0.0,0.0,13.0,12.0,Desconocido
League 1 Escocia,,,,False,2026-02-14,,,Hamilton,Inverness C,0.0,1.0,,,5.0,9.0,0.0,0.0,0.0,0.0,8.0,8.0,Desconocido
Eredivisie,88.0,,,False,2026-02-14,206.0,203.0,Heracles,NAC Breda,0.0,1.0,,,4.0,3.0,0.0,1.0,0.0,0.0,14.0,13.0,Desconocido
Bundesliga 2,,,,False,2026-02-14,,,Hertha,Hannover,2.0,3.0,,,5.0,6.0,1.0,0.0,0.0,0.0,15.0,12.0,Desconocido
Premiership Escocia,,,,False,2026-02-14,249.0,,Hibernian,St Mirren,2.0,0.0,,,6.0,8.0,0.0,3.0,0.0,0.0,13.0,7.0,Desconocido
Bundesliga,218.0,,,False,2026-02-14,,,Hoffenheim,Freiburg,3.0,0.0,,,6.0,6.0,3.0,1.0,0.0,0.0,25.0,13.0,Desconocido
Serie A,71.0,,,False,2026-02-14,505.0,10019.0,Inter,Juventus,3.0,2.0,,,4.0,1.0,4.0,2.0,0.0,1.0,21.0,11.0,Desconocido
Bundesliga 2,,,,False,2026-02-14,,,Kaiserslautern,Greuther Furth,1.0,0.0,,,1.0,6.0,2.0,3.0,0.0,0.0,13.0,14.0,Desconocido
League 1 Escocia,183,Scotland,,False,2026-02-14,6773,6777,Kelty Hearts,Peterhead,1.0,1.0,,,4.0,6.0,3.0,2.0,0.0,0.0,10.0,7.0,Desconocido
Serie A,71.0,,,False,2026-02-14,487.0,499.0,Lazio,Atalanta,0.0,2.0,,,5.0,4.0,1.0,4.0,0.0,0.0,18.0,12.0,Desconocido
Super League Greece,,,,False,2026-02-14,,3415.0,Levadeiakos,Olympiakos,0.0,0.0,,,2.0,8.0,3.0,1.0,1.0,0.0,3.0,23.0,Desconocido
Bundesliga,218.0,,,False,2026-02-14,,,Leverkusen,St Pauli,4.0,0.0,,,8.0,3.0,0.0,1.0,0.0,0.0,12.0,11.0,Desconocido
Ligue 1,61.0,,,False,2026-02-14,79.0,,Lille,Brest,1.0,1.0,,,13.0,1.0,0.0,1.0,0.0,0.0,20.0,11.0,Desconocido
League 1,41,England,,False,2026-02-14,1379,68,Lincoln,Bolton,1.0,1.0,,,4.0,3.0,2.0,5.0,0.0,0.0,22.0,8.0,W. Finnie
Ligue 1,61.0,,,False,2026-02-14,81.0,95.0,Marseille,Strasbourg,2.0,2.0,,,5.0,5.0,4.0,2.0,0.0,0.0,10.0,12.0,Desconocido
League 2,42,England,,False,2026-02-14,1348,1367,Milton Keynes Dons,Newport County,1.0,0.0,,,6.0,2.0,1.0,2.0,0.0,0.0,20.0,3.0,H. Blair
Serie B,72.0,,,False,2026-02-14,899.0,1581.0,Modena,Carrarese,2.0,0.0,,,6.0,5.0,5.0,5.0,0.0,0.0,13.0,13.0,Desconocido
Ligue 2,62.0,,,False,2026-02-14,82.0,1298.0,Montpellier,Le Mans,4.0,2.0,,,4.0,6.0,0.0,2.0,0.0,0.0,7.0,13.0,Desconocido
Championship Escocia,,,,False,2026-02-14,1383.0,,Morton,Raith Rvs,0.0,0.0,,,8.0,1.0,4.0,4.0,0.0,0.0,8.0,4.0,Desconocido
League 2,42,England,,False,2026-02-14,1349,1336,Oldham,Fleetwood Town,1.0,1.0,,,7.0,7.0,0.0,2.0,0.0,0.0,12.0,14.0,A. Dale
Jupiler Pro League,144.0,,,False,2026-02-14,,6215.0,Oud-Heverlee Leuven,Dender,3.0,2.0,,,10.0,7.0,2.0,1.0,0.0,0.0,20.0,13.0,Desconocido
Serie B,72.0,,,False,2026-02-14,522.0,527.0,Palermo,Virtus Entella,3.0,0.0,,,3.0,8.0,0.0,0.0,0.0,0.0,8.0,21.0,Desconocido
Super League Greece,197,Greece,,False,2026-02-14,949,955,Panetolikos,Asteras Tripolis,3.0,1.0,,,6.0,2.0,2.0,2.0,0.0,0.0,16.0,7.0,A. Evangelou
Ligue 1,61.0,,,False,2026-02-14,114.0,116.0,Paris FC,Lens,0.0,5.0,,,3.0,5.0,2.0,1.0,0.0,0.0,11.0,17.0,Desconocido
Championship,407.0,,,False,2026-02-14,1355.0,,Portsmouth,Sheffield United,0.0,1.0,,,11.0,4.0,1.0,4.0,0.0,0.0,23.0,11.0,Desconocido
Championship,407.0,,,False,2026-02-14,59.0,38.0,Preston,Watford,2.0,2.0,,,9.0,7.0,1.0,1.0,0.0,0.0,8.0,20.0,Desconocido
Championship,407.0,,,False,2026-02-14,72.0,67.0,QPR,Blackburn,1.0,3.0,,,8.0,1.0,2.0,3.0,0.0,0.0,21.0,7.0,Desconocido
League 1 Escocia,,,,False,2026-02-14,,,Queen of Sth,Alloa,1.0,2.0,,,4.0,2.0,2.0,2.0,0.0,0.0,18.0,11.0,Desconocido
League 1,41,England,,False,2026-02-14,53,1358,Reading,Wycombe,3.0,2.0,,,1.0,8.0,3.0,2.0,0.0,0.0,7.0,24.0,M. Woods
La Liga,140.0,,,False,2026-02-14,541.0,,Real Madrid,Sociedad,4.0,1.0,,,4.0,6.0,1.0,1.0,0.0,0.0,11.0,13.0,Desconocido
Championship Escocia,,,,False,2026-02-14,902.0,,Ross County,Queens Park,0.0,1.0,,,4.0,2.0,2.0,2.0,0.0,0.0,8.0,11.0,Desconocido
Serie B,72.0,,,False,2026-02-14,498.0,870.0,Sampdoria,Padova,1.0,0.0,,,5.0,1.0,2.0,1.0,0.0,0.0,12.0,5.0,Desconocido
National League,43.0,,,False,2026-02-14,1340.0,,Scunthorpe,Boston Utd,3.0,6.0,,,,,2.0,4.0,0.0,0.0,,,Desconocido
La Liga,140.0,,,False,2026-02-14,536.0,542.0,Sevilla,Alaves,1.0,1.0,,,0.0,3.0,5.0,0.0,2.0,0.0,4.0,12.0,Desconocido
Championship,407.0,,,False,2026-02-14,,58.0,Sheffield Weds,Millwall,1.0,2.0,,,3.0,11.0,3.0,2.0,0.0,0.0,11.0,20.0,Desconocido
League 2,,,,False,2026-02-14,1352.0,,Shrewsbury,Swindon,3.0,1.0,,,5.0,4.0,3.0,3.0,0.0,0.0,19.0,10.0,Desconocido
National League,43.0,,,False,2026-02-14,1341.0,1375.0,Southend,Morecambe,5.0,1.0,,,,,1.0,1.0,0.0,0.0,,,Desconocido
League 2 Escocia,184,Scotland,,False,2026-02-14,6781,6766,Spartans,Edinburgh City,0.0,0.0,,,9.0,1.0,2.0,0.0,0.0,0.0,13.0,6.0,Desconocido
Jupiler Pro League,144.0,,,False,2026-02-14,,,Standard,St. Gilloise,1.0,1.0,,,3.0,5.0,4.0,4.0,0.0,0.0,7.0,16.0,Desconocido
League 1 Escocia,183,Scotland,,False,2026-02-14,6784,4251,Stenhousemuir,Montrose,2.0,2.0,,,5.0,7.0,1.0,1.0,0.0,0.0,11.0,14.0,Desconocido
League 1,41,England,,False,2026-02-14,1368,37,Stevenage,Huddersfield,1.0,0.0,,,3.0,4.0,3.0,3.0,0.0,0.0,8.0,5.0,N. Hair
Bundesliga,218.0,,,False,2026-02-14,,,Stuttgart,FC Koln,3.0,1.0,,,2.0,5.0,4.0,1.0,0.0,0.0,13.0,10.0,Desconocido
National League,43.0,,,False,2026-02-14,7752.0,,Tamworth,Aldershot,1.0,1.0,,,,,1.0,1.0,1.0,1.0,,,Desconocido
Turkey Super Lig,,,,False,2026-02-14,998.0,,Trabzonspor,Fenerbahce,2.0,3.0,,,7.0,7.0,4.0,5.0,0.0,0.0,17.0,9.0,Desconocido
League 2,42,England,,False,2026-02-14,1381,1362,Tranmere,Crawley Town,2.0,0.0,,,5.0,15.0,4.0,1.0,0.0,0.0,9.0,16.0,A. Humphries
Super League Greece,,,,False,2026-02-14,2110.0,3408.0,Volos NFC,Aris,1.0,1.0,,,4.0,1.0,2.0,3.0,0.0,1.0,16.0,4.0,Desconocido
National League,43.0,,,False,2026-02-14,8663.0,1828.0,Wealdstone,York,0.0,3.0,,,,,1.0,0.0,1.0,0.0,,,Desconocido
Bundesliga,218.0,,,False,2026-02-14,162.0,,Werder Bremen,Bayern Munich,0.0,3.0,,,2.0,4.0,3.0,1.0,0.0,0.0,14.0,11.0,Desconocido
National League,43.0,,,False,2026-02-14,,1339.0,Yeovil,Rochdale,1.0,1.0,,,,,0.0,0.0,1.0,0.0,,,Desconocido
Championship Escocia,,,,False,2026-02-13,,,Airdrie Utd,St Johnstone,0.0,1.0,,,8.0,6.0,2.0,3.0,0.0,0.0,13.0,6.0,Desconocido
La Liga 2,,,,False,2026-02-13,723.0,1110.0,Almeria,Andorra,3.0,2.0,,,6.0,5.0,2.0,4.0,0.0,0.0,15.0,15.0,Desconocido
Ligue 2,62.0,,,False,2026-02-13,87.0,1304.0,Amiens,Dunkerque,1.0,4.0,,,5.0,4.0,1.0,1.0,0.0,0.0,14.0,13.0,Desconocido
Turkey Super Lig,203,Turkey,,False,2026-02-13,1005,3603,Antalyaspor,Samsunspor,3.0,1.0,,,4.0,10.0,5.0,1.0,0.0,0.0,13.0,13.0,A. D. Kayatepe
Ligue 2,62.0,,,False,2026-02-13,,1301.0,Clermont,Rodez,1.0,2.0,,,3.0,5.0,2.0,3.0,0.0,0.0,15.0,7.0,Desconocido
Bundesliga,218.0,,,False,2026-02-13,,,Dortmund,Mainz,4.0,0.0,,,7.0,2.0,3.0,2.0,0.0,0.0,14.0,10.0,Desconocido
La Liga,140.0,,,False,2026-02-13,797.0,727.0,Elche,Osasuna,0.0,0.0,,,10.0,3.0,2.0,4.0,0.0,0.0,17.0,6.0,Desconocido
Bundesliga 2,,,,False,2026-02-13,,1313.0,Fortuna Dusseldorf,Preußen Münster,0.0,0.0,,,2.0,2.0,3.0,4.0,0.0,0.0,12.0,6.0,Desconocido
Turkey Super Lig,,,,False,2026-02-13,645.0,,Galatasaray,Eyupspor,5.0,1.0,,,12.0,4.0,0.0,2.0,0.0,1.0,21.0,6.0,Desconocido
Ligue 2,62.0,,,False,2026-02-13,433.0,3012.0,Laval,Annecy,2.0,2.0,,,4.0,6.0,3.0,1.0,0.0,0.0,9.0,12.0,Desconocido
Jupiler Pro League,144.0,,,False,2026-02-13,,742.0,Mechelen,Genk,2.0,3.0,,,2.0,4.0,2.0,3.0,0.0,0.0,13.0,12.0,Desconocido
Ligue 1,61.0,,,False,2026-02-13,91.0,83.0,Monaco,Nantes,3.0,1.0,,,9.0,3.0,5.0,2.0,1.0,0.0,12.0,13.0,Desconocido
Bundesliga 2,,,,False,2026-02-13,,,Nurnberg,Karlsruhe,5.0,1.0,,,4.0,6.0,1.0,3.0,0.0,0.0,12.0,12.0,Desconocido
Ligue 2,62.0,,,False,2026-02-13,,1299.0,Pau FC,Boulogne,1.0,2.0,,,5.0,3.0,1.0,4.0,1.0,0.0,10.0,9.0,Desconocido
Serie A,71.0,,,False,2026-02-13,801.0,,Pisa,Milan,1.0,2.0,,,3.0,1.0,1.0,3.0,0.0,1.0,7.0,7.0,Desconocido
Ligue 2,62.0,,,False,2026-02-13,,102.0,Red Star,Nancy,2.0,1.0,,,8.0,2.0,3.0,1.0,0.0,0.0,16.0,4.0,Desconocido
Ligue 1,61.0,,,False,2026-02-13,94.0,,Rennes,Paris SG,3.0,1.0,,,5.0,8.0,0.0,0.0,0.0,0.0,13.0,22.0,Desconocido
Primeira Liga,94.0,,,False,2026-02-13,227.0,211.0,Santa Clara,Benfica,1.0,2.0,,,1.0,7.0,6.0,2.0,1.0,0.0,9.0,11.0,Desconocido
Primeira Liga,94.0,,,False,2026-02-13,218.0,4724.0,Tondela,Alverca,1.0,1.0,,,11.0,5.0,5.0,5.0,0.0,1.0,18.0,10.0,Desconocido
Eredivisie,88.0,,,False,2026-02-13,,197.0,Volendam,PSV Eindhoven,2.0,1.0,,,4.0,8.0,1.0,1.0,0.0,0.0,12.0,19.0,Desconocido
Premier League,569.0,,,False,2026-02-12,55.0,9419.0,Brentford,Arsenal,1.0,1.0,,,6.0,4.0,3.0,2.0,0.0,0.0,12.0,7.0,Desconocido
Premier League,569.0,,,False,2026-02-11,66.0,51.0,Aston Villa,Brighton,1.0,0.0,,,7.0,5.0,2.0,3.0,0.0,0.0,15.0,9.0,Desconocido
Serie B,72.0,,,False,2026-02-11,528.0,512.0,Avellino,Frosinone,1.0,3.0,,,6.0,4.0,2.0,1.0,0.0,0.0,15.0,16.0,Desconocido
Serie B,72.0,,,False,2026-02-11,508.0,515.0,Bari,Spezia,0.0,0.0,,,5.0,10.0,0.0,1.0,0.0,0.0,21.0,18.0,Desconocido
National League,43.0,,,False,2026-02-11,1830.0,,Boreham Wood,Yeovil,3.0,2.0,,,,,0.0,1.0,0.0,1.0,,,Desconocido
National League,43.0,,,False,2026-02-11,4701.0,,Brackley Town,Halifax,1.0,1.0,,,,,4.0,2.0,0.0,0.0,,,Desconocido
Premiership Escocia,179,Scotland,,False,2026-02-11,247,255,Celtic,Livingston,2.0,1.0,,,10.0,3.0,2.0,3.0,0.0,0.0,29.0,4.0,C. Scott
Championship,407.0,,,False,2026-02-11,1335.0,,Charlton,Stoke,1.0,0.0,,,6.0,5.0,2.0,4.0,0.0,0.0,17.0,6.0,Desconocido
Premier League,569.0,,,False,2026-02-11,52.0,44.0,Crystal Palace,Burnley,2.0,3.0,,,8.0,2.0,2.0,1.0,0.0,0.0,21.0,8.0,Desconocido
Serie B,72.0,,,False,2026-02-11,511.0,863.0,Empoli,Juve Stabia,1.0,2.0,,,5.0,3.0,1.0,0.0,0.0,0.0,12.0,9.0,Desconocido
Premiership Escocia,179,Scotland,,False,2026-02-11,1389,253,Falkirk,Dundee,1.0,0.0,,,4.0,4.0,3.0,1.0,0.0,0.0,16.0,15.0,D. Dickinson
Eredivisie,88.0,,,False,2026-02-11,,210.0,Go Ahead Eagles,Heerenveen,1.0,3.0,,,8.0,4.0,1.0,0.0,0.0,0.0,13.0,19.0,Desconocido
League 2,,,,False,2026-02-11,1365.0,,Grimsby,Accrington,1.0,0.0,,,8.0,4.0,1.0,2.0,0.0,1.0,29.0,10.0,Desconocido
Premiership Escocia,,,,False,2026-02-11,250.0,,Kilmarnock,St Mirren,4.0,3.0,,,9.0,4.0,1.0,3.0,0.0,0.0,20.0,15.0,Desconocido
Premier League,569.0,,,False,2026-02-11,,36.0,Man City,Fulham,3.0,0.0,,,4.0,4.0,3.0,1.0,0.0,0.0,13.0,14.0,Desconocido
Premiership Escocia,179,Scotland,,False,2026-02-11,256,257,Motherwell,Rangers,1.0,1.0,,,6.0,3.0,2.0,5.0,0.0,0.0,18.0,10.0,S. McLean
Eredivisie,88.0,,,False,2026-02-11,,207.0,Nijmegen,Utrecht,1.0,3.0,,,5.0,0.0,3.0,2.0,0.0,0.0,24.0,11.0,Desconocido
Premier League,569.0,,,False,2026-02-11,,39.0,Nott'm Forest,Wolves,0.0,0.0,,,8.0,2.0,0.0,2.0,0.0,0.0,35.0,7.0,Desconocido
National League,43.0,,,False,2026-02-11,1339.0,1378.0,Rochdale,Forest Green,2.0,1.0,,,,,1.0,1.0,0.0,0.0,,,Desconocido
Serie B,72.0,,,False,2026-02-11,1578.0,1579.0,Sudtirol,Monza,0.0,0.0,,,5.0,3.0,2.0,1.0,0.0,0.0,10.0,7.0,Desconocido
Premier League,569.0,,,False,2026-02-11,746.0,40.0,Sunderland,Liverpool,0.0,1.0,,,3.0,11.0,1.0,0.0,0.0,0.0,11.0,23.0,Desconocido
National League,43.0,,,False,2026-02-11,,,Sutton,Braintree Town,1.0,1.0,,,,,4.0,2.0,1.0,0.0,,,Desconocido
League 2,,,,False,2026-02-11,,1367.0,Swindon,Newport County,2.0,0.0,,,9.0,0.0,0.0,0.0,0.0,0.0,7.0,8.0,Desconocido
National League,43.0,,,False,2026-02-11,1828.0,1366.0,York,Hartlepool,3.0,2.0,,,,,4.0,1.0,0.0,0.0,,,Desconocido
National League,43.0,,,False,2026-02-10,4700.0,8663.0,Altrincham,Wealdstone,1.0,0.0,,,,,2.0,0.0,0.0,0.0,,,Desconocido
League 2 Escocia,184,Scotland,,False,2026-02-10,6757,1382,Annan Athletic,Dumbarton,1.0,0.0,,,7.0,2.0,0.0,1.0,0.0,0.0,6.0,8.0,Desconocido
Championship,407.0,,,False,2026-02-10,54.0,60.0,Birmingham,West Brom,0.0,0.0,,,11.0,3.0,1.0,5.0,0.0,0.0,16.0,9.0,Desconocido
National League,43.0,,,False,2026-02-10,,1823.0,Boston Utd,Gateshead,1.0,0.0,,,,,1.0,1.0,0.0,0.0,,,Desconocido
National League,43.0,,,False,2026-02-10,1371.0,1340.0,Carlisle,Scunthorpe,3.0,2.0,,,,,3.0,2.0,0.0,0.0,,,Desconocido
Premier League,569.0,,,False,2026-02-10,49.0,63.0,Chelsea,Leeds,2.0,2.0,,,4.0,1.0,4.0,4.0,0.0,0.0,19.0,4.0,Desconocido
League 2 Escocia,,,,False,2026-02-10,6762.0,,Clyde,Elgin,1.0,1.0,,,8.0,3.0,1.0,1.0,0.0,0.0,10.0,12.0,Desconocido
League 2,,,,False,2026-02-10,1362.0,,Crawley Town,Cambridge,0.0,3.0,,,2.0,9.0,3.0,0.0,0.0,0.0,7.0,15.0,Desconocido
Premier League,569.0,,,False,2026-02-10,45.0,35.0,Everton,Bournemouth,1.0,2.0,,,7.0,2.0,1.0,3.0,1.0,0.0,16.0,11.0,Desconocido
Premiership Escocia,,,,False,2026-02-10,,249.0,Hearts,Hibernian,1.0,0.0,,,4.0,8.0,0.0,3.0,0.0,0.0,11.0,5.0,Desconocido
Championship,407.0,,,False,2026-02-10,46.0,41.0,Leicester,Southampton,3.0,4.0,,,3.0,9.0,0.0,1.0,0.0,0.0,8.0,16.0,Desconocido
League 1,,,,False,2026-02-10,,,Mansfield,Peterboro,1.0,2.0,,,19.0,0.0,2.0,2.0,0.0,0.0,26.0,7.0,Desconocido
League 1 Escocia,183,Scotland,,False,2026-02-10,4251,6777,Montrose,Peterhead,1.0,1.0,,,2.0,6.0,2.0,2.0,0.0,0.0,4.0,13.0,Desconocido
National League,43.0,,,False,2026-02-10,1375.0,7752.0,Morecambe,Tamworth,2.0,2.0,,,,,3.0,1.0,0.0,0.0,,,Desconocido
Championship,407.0,,,False,2026-02-10,,71.0,Oxford,Norwich,0.0,3.0,,,2.0,4.0,1.0,1.0,0.0,0.0,7.0,8.0,Desconocido
Serie B,72.0,,,False,2026-02-10,870.0,1581.0,Padova,Carrarese,1.0,0.0,,,3.0,8.0,2.0,3.0,0.0,0.0,13.0,22.0,Desconocido
Serie B,72.0,,,False,2026-02-10,525.0,1687.0,Pescara,Catanzaro,0.0,2.0,,,7.0,3.0,3.0,3.0,0.0,0.0,20.0,14.0,Desconocido
Serie B,72.0,,,False,2026-02-10,880.0,1693.0,Reggiana,Mantova,1.0,0.0,,,5.0,3.0,4.0,3.0,0.0,0.0,11.0,11.0,Desconocido
Serie B,72.0,,,False,2026-02-10,498.0,522.0,Sampdoria,Palermo,3.0,3.0,,,3.0,4.0,3.0,4.0,0.0,0.0,13.0,15.0,Desconocido
League 2,42,England,,False,2026-02-10,1352,1819,Shrewsbury,Barrow,2.0,1.0,,,5.0,4.0,2.0,1.0,0.0,0.0,13.0,11.0,M. Corlett
National League,43.0,,,False,2026-02-10,,1822.0,Solihull,Eastleigh,2.0,3.0,,,,,1.0,0.0,0.0,0.0,,,Desconocido
Premier League,569.0,,,False,2026-02-10,47.0,34.0,Tottenham,Newcastle,1.0,2.0,,,2.0,12.0,3.0,2.0,0.0,0.0,16.0,21.0,Desconocido
National League,43.0,,,False,2026-02-10,,1836.0,Truro,Woking,0.0,2.0,,,,,1.0,1.0,0.0,0.0,,,Desconocido
Serie B,72.0,,,False,2026-02-10,517.0,899.0,Venezia,Modena,0.0,2.0,,,1.0,5.0,2.0,3.0,0.0,0.0,17.0,13.0,Desconocido
Serie B,72.0,,,False,2026-02-10,527.0,509.0,Virtus Entella,Cesena,3.0,1.0,,,5.0,5.0,2.0,3.0,0.0,0.0,11.0,17.0,Desconocido
Premier League,569.0,,,False,2026-02-10,48.0,,West Ham,Man United,1.0,1.0,,,5.0,3.0,1.0,1.0,0.0,0.0,7.0,9.0,Desconocido
League 1,41,England,,False,2026-02-10,61,53,Wigan,Reading,1.0,2.0,,,3.0,4.0,1.0,1.0,0.0,0.0,11.0,13.0,L. Swabey
Ligue 2,62.0,,,False,2026-02-09,87.0,,Amiens,Clermont,4.0,3.0,,,7.0,4.0,2.0,1.0,0.0,0.0,9.0,20.0,Desconocido
Serie A,71.0,,,False,2026-02-09,499.0,520.0,Atalanta,Cremonese,2.0,1.0,,,13.0,2.0,2.0,0.0,0.0,0.0,29.0,12.0,Desconocido
Primeira Liga,94.0,,,False,2026-02-09,242.0,21595.0,Famalicao,AVS,3.0,1.0,,,7.0,2.0,3.0,2.0,0.0,0.0,14.0,7.0,Desconocido
Turkey Super Lig,,,,False,2026-02-09,,,Fenerbahce,Genclerbirligi,3.0,1.0,,,7.0,9.0,2.0,2.0,0.0,0.0,19.0,13.0,Desconocido
Turkey Super Lig,,,,False,2026-02-09,,,Gaziantep,Kasimpasa,2.0,1.0,,,1.0,7.0,3.0,2.0,1.0,0.0,4.0,9.0,Desconocido
Turkey Super Lig,203,Turkey,,False,2026-02-09,1001,7411,Kayserispor,Kocaelispor,1.0,2.0,,,8.0,2.0,4.0,1.0,0.0,0.0,20.0,10.0,K. Saglam
Primeira Liga,94.0,,,False,2026-02-09,,,Porto,Sp Lisbon,1.0,1.0,,,1.0,8.0,3.0,5.0,0.0,0.0,8.0,11.0,Desconocido
Serie A,71.0,,,False,2026-02-09,,490.0,Roma,Cagliari,2.0,0.0,,,7.0,1.0,2.0,4.0,0.0,0.0,15.0,3.0,Desconocido
La Liga 2,,,,False,2026-02-09,,799.0,Santander,Mirandes,1.0,0.0,,,7.0,3.0,4.0,6.0,1.0,1.0,19.0,8.0,Desconocido
Championship,407.0,,,False,2026-02-09,,70.0,Sheffield United,Middlesbrough,1.0,2.0,,,8.0,8.0,3.0,2.0,1.0,0.0,13.0,19.0,Desconocido
La Liga,140.0,,,False,2026-02-09,533.0,,Villarreal,Espanol,4.0,1.0,,,5.0,8.0,3.0,3.0,0.0,0.0,10.0,9.0,Desconocido
Eredivisie,88.0,,,False,2026-02-08,201.0,194.0,AZ Alkmaar,Ajax,1.0,1.0,,,2.0,4.0,3.0,0.0,0.0,0.0,13.0,11.0,Desconocido
La Liga,140.0,,,False,2026-02-08,542.0,546.0,Alaves,Getafe,0.0,2.0,,,6.0,3.0,2.0,5.0,0.0,0.0,13.0,17.0,Desconocido
Ligue 1,61.0,,,False,2026-02-08,77.0,96.0,Angers,Toulouse,1.0,0.0,,,3.0,5.0,3.0,2.0,0.0,0.0,12.0,12.0,Desconocido
Super League Greece,,,,False,2026-02-08,3408.0,619.0,Aris,PAOK,0.0,0.0,,,4.0,4.0,4.0,3.0,0.0,0.0,8.0,13.0,Desconocido
La Liga,140.0,,,False,2026-02-08,,539.0,Ath Bilbao,Levante,4.0,2.0,,,4.0,3.0,2.0,1.0,0.0,1.0,22.0,6.0,Desconocido
La Liga,140.0,,,False,2026-02-08,,,Ath Madrid,Betis,0.0,1.0,,,7.0,3.0,3.0,1.0,0.0,0.0,10.0,8.0,Desconocido
Ligue 1,61.0,,,False,2026-02-08,108.0,114.0,Auxerre,Paris FC,0.0,0.0,,,7.0,4.0,1.0,4.0,0.0,0.0,12.0,8.0,Desconocido
Bundesliga,218.0,,,False,2026-02-08,,,Bayern Munich,Hoffenheim,5.0,1.0,,,8.0,3.0,2.0,2.0,0.0,1.0,27.0,9.0,Desconocido
Primeira Liga,94.0,,,False,2026-02-08,211.0,4724.0,Benfica,Alverca,2.0,1.0,,,9.0,1.0,3.0,2.0,0.0,0.0,29.0,6.0,Desconocido
Turkey Super Lig,,,,False,2026-02-08,,996.0,Besiktas,Alanyaspor,2.0,2.0,,,3.0,3.0,2.0,4.0,0.0,0.0,20.0,7.0,Desconocido
Bundesliga 2,,,,False,2026-02-08,,,Bielefeld,Braunschweig,3.0,2.0,,,9.0,1.0,1.0,3.0,0.0,0.0,20.0,10.0,Desconocido
Serie A,71.0,,,False,2026-02-08,500.0,523.0,Bologna,Parma,0.0,1.0,,,4.0,5.0,1.0,3.0,1.0,1.0,16.0,5.0,Desconocido
Premier League,569.0,,,False,2026-02-08,51.0,52.0,Brighton,Crystal Palace,0.0,1.0,,,3.0,4.0,1.0,3.0,0.0,0.0,7.0,7.0,Desconocido
La Liga 2,141,Spain,,False,2026-02-08,724,723,Cadiz,Almeria,1.0,2.0,,,6.0,4.0,4.0,2.0,0.0,0.0,19.0,14.0,A. Fuentes
Jupiler Pro League,144.0,,,False,2026-02-08,,,Club Brugge,Standard,3.0,0.0,,,7.0,0.0,0.0,2.0,0.0,0.0,22.0,5.0,Desconocido
Turkey Super Lig,,,,False,2026-02-08,,,Eyupspor,Buyuksehyr,1.0,2.0,,,0.0,7.0,1.0,1.0,0.0,0.0,6.0,26.0,Desconocido
Bundesliga,218.0,,,False,2026-02-08,,173.0,FC Koln,RB Leipzig,1.0,2.0,,,4.0,3.0,1.0,4.0,0.0,0.0,10.0,19.0,Desconocido
Jupiler Pro League,144.0,,,False,2026-02-08,742.0,554.0,Genk,Anderlecht,2.0,0.0,,,5.0,7.0,2.0,1.0,0.0,0.0,18.0,11.0,Desconocido
Eredivisie,88.0,,,False,2026-02-08,,427.0,Go Ahead Eagles,Telstar,1.0,1.0,,,13.0,2.0,1.0,0.0,0.0,0.0,23.0,12.0,Desconocido
Eredivisie,88.0,,,False,2026-02-08,202.0,197.0,Groningen,PSV Eindhoven,1.0,2.0,,,6.0,11.0,1.0,1.0,0.0,0.0,8.0,15.0,Desconocido
Bundesliga 2,,,,False,2026-02-08,,191.0,Hannover,Holstein Kiel,3.0,1.0,,,10.0,4.0,0.0,3.0,0.0,0.0,20.0,8.0,Desconocido
Serie A,71.0,,,False,2026-02-08,10019.0,487.0,Juventus,Lazio,2.0,2.0,,,8.0,1.0,0.0,2.0,0.0,0.0,34.0,9.0,Desconocido
Bundesliga 2,,,,False,2026-02-08,,,Karlsruhe,Fortuna Dusseldorf,1.0,1.0,,,3.0,3.0,1.0,2.0,0.0,0.0,6.0,19.0,Desconocido
Turkey Super Lig,,,,False,2026-02-08,607.0,,Konyaspor,Goztep,0.0,0.0,,,4.0,3.0,2.0,4.0,0.0,0.0,11.0,7.0,Desconocido
La Liga 2,,,,False,2026-02-08,,722.0,La Coruna,Albacete,2.0,1.0,,,4.0,1.0,3.0,2.0,0.0,0.0,12.0,16.0,Desconocido
Ligue 1,61.0,,,False,2026-02-08,111.0,95.0,Le Havre,Strasbourg,2.0,1.0,,,9.0,3.0,2.0,1.0,0.0,1.0,15.0,10.0,Desconocido
Serie A,71.0,,,False,2026-02-08,867.0,494.0,Lecce,Udinese,2.0,1.0,,,7.0,0.0,1.0,2.0,0.0,0.0,16.0,6.0,Desconocido
Premier League,569.0,,,False,2026-02-08,40.0,,Liverpool,Man City,1.0,2.0,,,5.0,4.0,2.0,4.0,1.0,0.0,15.0,17.0,Desconocido
La Liga 2,141,Spain,,False,2026-02-08,535,725,Malaga,Cultural Leonesa,2.0,1.0,,,8.0,2.0,2.0,6.0,0.0,0.0,18.0,4.0,A. de Ena Wolf
Jupiler Pro League,144.0,,,False,2026-02-08,,740.0,Mechelen,Antwerp,2.0,0.0,,,3.0,6.0,1.0,1.0,0.0,0.0,8.0,16.0,Desconocido
Serie B,72.0,,,False,2026-02-08,1579.0,528.0,Monza,Avellino,2.0,1.0,,,15.0,2.0,0.0,3.0,0.0,0.0,33.0,3.0,Desconocido
Primeira Liga,94.0,,,False,2026-02-08,225.0,4716.0,Nacional,Casa Pia,0.0,0.0,,,12.0,1.0,2.0,3.0,0.0,0.0,21.0,9.0,Desconocido
Ligue 1,61.0,,,False,2026-02-08,84.0,91.0,Nice,Monaco,0.0,0.0,,,8.0,6.0,2.0,2.0,0.0,0.0,13.0,10.0,Desconocido
Super League Greece,,,,False,2026-02-08,,,OFI Crete,Levadeiakos,3.0,2.0,,,3.0,6.0,1.0,2.0,0.0,0.0,11.0,9.0,Desconocido
Super League Greece,,,,False,2026-02-08,3415.0,617.0,Olympiakos,Panathinaikos,0.0,1.0,,,2.0,2.0,1.0,3.0,0.0,0.0,12.0,7.0,Desconocido
Super League Greece,,,,False,2026-02-08,2099.0,,Panserraikos,AEK,0.0,4.0,,,0.0,9.0,4.0,3.0,1.0,0.0,3.0,20.0,Desconocido
Ligue 1,61.0,,,False,2026-02-08,,81.0,Paris SG,Marseille,5.0,0.0,,,5.0,2.0,2.0,2.0,0.0,0.0,22.0,9.0,Desconocido
Turkey Super Lig,203,Turkey,,False,2026-02-08,1007,645,Rizespor,Galatasaray,0.0,3.0,,,3.0,3.0,1.0,1.0,0.0,0.0,15.0,19.0,O. Ergun
Serie A,71.0,,,False,2026-02-08,488.0,505.0,Sassuolo,Inter,0.0,5.0,,,5.0,6.0,2.0,1.0,1.0,0.0,7.0,23.0,Desconocido
La Liga,140.0,,,False,2026-02-08,536.0,547.0,Sevilla,Girona,1.0,1.0,,,5.0,7.0,3.0,3.0,0.0,0.0,11.0,15.0,Desconocido
Primeira Liga,94.0,,,False,2026-02-08,,226.0,Sp Braga,Rio Ave,3.0,0.0,,,9.0,1.0,1.0,1.0,0.0,0.0,15.0,7.0,Desconocido
La Liga 2,,,,False,2026-02-08,,726.0,Sp Gijon,Huesca,2.0,1.0,,,6.0,4.0,4.0,1.0,0.0,0.0,12.0,9.0,Desconocido
Jupiler Pro League,144.0,,,False,2026-02-08,,,St. Gilloise,RAAL La Louviere,2.0,1.0,,,9.0,1.0,4.0,4.0,0.0,0.0,16.0,6.0,Desconocido
Championship,407.0,,,False,2026-02-08,76.0,,Swansea,Sheffield Weds,4.0,0.0,,,8.0,2.0,2.0,2.0,0.0,0.0,22.0,3.0,Desconocido
Eredivisie,88.0,,,False,2026-02-08,207.0,209.0,Utrecht,Feyenoord,0.0,1.0,,,2.0,7.0,3.0,4.0,1.0,0.0,6.0,10.0,Desconocido
La Liga,140.0,,,False,2026-02-08,532.0,541.0,Valencia,Real Madrid,0.0,2.0,,,5.0,8.0,1.0,1.0,0.0,0.0,7.0,11.0,Desconocido
La Liga 2,,,,False,2026-02-08,720.0,,Valladolid,Castellon,0.0,4.0,,,3.0,3.0,1.0,2.0,0.0,0.0,9.0,12.0,Desconocido
League 1,41,England,,False,2026-02-07,1333,53,AFC Wimbledon,Reading,3.0,2.0,,,6.0,3.0,0.0,1.0,0.0,0.0,15.0,10.0,D. Baines
National League,43.0,,,False,2026-02-07,,,Aldershot,Halifax,3.0,2.0,,,,,3.0,3.0,1.0,0.0,,,Desconocido
National League,43.0,,,False,2026-02-07,4700.0,,Altrincham,Yeovil,0.0,1.0,,,,,4.0,2.0,0.0,0.0,,,Desconocido
La Liga 2,,,,False,2026-02-07,1110.0,,Andorra,Sociedad B,1.0,2.0,,,2.0,3.0,4.0,5.0,0.0,0.0,14.0,7.0,Desconocido
Primeira Liga,94.0,,,False,2026-02-07,240.0,224.0,Arouca,Guimaraes,3.0,2.0,,,1.0,6.0,1.0,4.0,0.0,0.0,10.0,14.0,Desconocido
Premier League,569.0,,,False,2026-02-07,9419.0,746.0,Arsenal,Sunderland,3.0,0.0,,,5.0,2.0,1.0,2.0,0.0,0.0,16.0,5.0,Desconocido
Super League Greece,197,Greece,,False,2026-02-07,955,2110,Asteras Tripolis,Volos NFC,2.0,0.0,,,11.0,5.0,1.0,3.0,0.0,0.0,9.0,12.0,A. Tsakalidis
La Liga,140.0,,,False,2026-02-07,529.0,798.0,Barcelona,Mallorca,3.0,0.0,,,12.0,3.0,0.0,0.0,0.0,0.0,24.0,9.0,Desconocido
Championship,407.0,,,False,2026-02-07,54.0,46.0,Birmingham,Leicester,2.0,1.0,,,10.0,1.0,0.0,2.0,0.0,1.0,22.0,7.0,Desconocido
League 1,41,England,,False,2026-02-07,68,747,Bolton,Barnsley,3.0,2.0,,,11.0,1.0,3.0,2.0,0.0,0.0,23.0,10.0,S. Oldham
National League,43.0,,,False,2026-02-07,,,Boston Utd,Sutton,1.0,0.0,,,,,1.0,2.0,0.0,0.0,,,Desconocido
Premier League,569.0,,,False,2026-02-07,35.0,66.0,Bournemouth,Aston Villa,1.0,1.0,,,11.0,4.0,1.0,1.0,0.0,0.0,20.0,7.0,Desconocido
Ligue 1,61.0,,,False,2026-02-07,,97.0,Brest,Lorient,2.0,0.0,,,7.0,7.0,2.0,0.0,0.0,0.0,11.0,13.0,Desconocido
League 2,,,,False,2026-02-07,,1345.0,Bristol Rvs,Chesterfield,2.0,3.0,,,6.0,6.0,3.0,2.0,0.0,0.0,13.0,15.0,Desconocido
Premier League,569.0,,,False,2026-02-07,44.0,48.0,Burnley,West Ham,0.0,2.0,,,5.0,2.0,3.0,1.0,0.0,0.0,18.0,6.0,Desconocido
Serie B,72.0,,,False,2026-02-07,1581.0,1578.0,Carrarese,Sudtirol,0.0,0.0,,,5.0,6.0,2.0,2.0,0.0,0.0,15.0,10.0,Desconocido
Serie B,72.0,,,False,2026-02-07,1687.0,880.0,Catanzaro,Reggiana,2.0,0.0,,,2.0,10.0,1.0,3.0,0.0,0.0,14.0,15.0,Desconocido
Jupiler Pro League,144.0,,,False,2026-02-07,736.0,741.0,Charleroi,Cercle Brugge,3.0,4.0,,,6.0,3.0,3.0,3.0,1.0,1.0,28.0,11.0,Desconocido
League 2,42,England,,False,2026-02-07,1372,1348,Cheltenham,Milton Keynes Dons,2.0,3.0,,,7.0,8.0,1.0,4.0,0.0,0.0,14.0,19.0,C. Brook
League 2,42,England,,False,2026-02-07,1361,1352,Colchester,Shrewsbury,2.0,0.0,,,0.0,2.0,4.0,2.0,0.0,0.0,6.0,15.0,J. Oldham
League 1 Escocia,,,,False,2026-02-07,6763.0,,Cove Rangers,Queen of Sth,1.0,1.0,,,9.0,7.0,5.0,4.0,0.0,0.0,12.0,11.0,Desconocido
Championship,407.0,,,False,2026-02-07,1346.0,,Coventry,Oxford,0.0,0.0,,,10.0,0.0,1.0,6.0,0.0,1.0,24.0,4.0,Desconocido
League 2,42,England,,False,2026-02-07,1362,1363,Crawley Town,Crewe,0.0,1.0,,,3.0,7.0,2.0,0.0,0.0,0.0,9.0,17.0,B. Speedie
Bundesliga 2,,,,False,2026-02-07,,,Darmstadt,Kaiserslautern,4.0,0.0,,,6.0,6.0,1.0,2.0,0.0,0.0,15.0,16.0,Desconocido
Championship,407.0,,,False,2026-02-07,69.0,57.0,Derby,Ipswich,1.0,2.0,,,3.0,7.0,1.0,4.0,1.0,0.0,9.0,13.0,Desconocido
National League,43.0,,,False,2026-02-07,1822.0,8663.0,Eastleigh,Wealdstone,2.0,2.0,,,,,2.0,2.0,0.0,0.0,,,Desconocido
League 2 Escocia,184,Scotland,,False,2026-02-07,6766,6765,Edinburgh City,East Kilbride,0.0,2.0,,,7.0,3.0,3.0,3.0,0.0,0.0,8.0,7.0,Desconocido
Bundesliga 2,,,,False,2026-02-07,,,Elversberg,Hertha,0.0,3.0,,,7.0,5.0,1.0,2.0,0.0,0.0,20.0,6.0,Desconocido
Primeira Liga,94.0,,,False,2026-02-07,230.0,218.0,Estoril,Tondela,2.0,2.0,,,5.0,4.0,1.0,0.0,0.0,0.0,15.0,6.0,Desconocido
Primeira Liga,94.0,,,False,2026-02-07,15130.0,227.0,Estrela,Santa Clara,1.0,0.0,,,3.0,6.0,4.0,1.0,0.0,0.0,12.0,17.0,Desconocido
Serie A,71.0,,,False,2026-02-07,502.0,503.0,Fiorentina,Torino,2.0,2.0,,,9.0,4.0,2.0,5.0,0.0,0.0,21.0,12.0,Desconocido
League 2,42,England,,False,2026-02-07,1336,1832,Fleetwood Town,Bromley,1.0,2.0,,,2.0,2.0,2.0,2.0,0.0,0.0,11.0,11.0,N. Hair
Eredivisie,88.0,,,False,2026-02-07,,426.0,For Sittard,Sparta Rotterdam,2.0,2.0,,,3.0,13.0,3.0,1.0,0.0,0.0,11.0,16.0,Desconocido
League 2 Escocia,,,,False,2026-02-07,,1382.0,Forfar,Dumbarton,2.0,0.0,,,3.0,4.0,1.0,1.0,0.0,0.0,8.0,6.0,Desconocido
Bundesliga,218.0,,,False,2026-02-07,,162.0,Freiburg,Werder Bremen,1.0,0.0,,,4.0,8.0,0.0,1.0,1.0,0.0,7.0,17.0,Desconocido
Serie B,72.0,,,False,2026-02-07,512.0,517.0,Frosinone,Venezia,1.0,2.0,,,6.0,2.0,1.0,2.0,0.0,0.0,20.0,14.0,Desconocido
Premier League,569.0,,,False,2026-02-07,36.0,45.0,Fulham,Everton,1.0,2.0,,,6.0,6.0,1.0,5.0,0.0,0.0,13.0,16.0,Desconocido
Serie A,71.0,,,False,2026-02-07,495.0,492.0,Genoa,Napoli,2.0,3.0,,,4.0,3.0,2.0,4.0,0.0,1.0,12.0,14.0,Desconocido
Jupiler Pro League,144.0,,,False,2026-02-07,631.0,,Gent,Oud-Heverlee Leuven,1.0,3.0,,,6.0,5.0,2.0,5.0,0.0,0.0,22.0,13.0,Desconocido
League 2,42,England,,False,2026-02-07,1347,1381,Gillingham,Tranmere,2.0,1.0,,,8.0,8.0,0.0,0.0,0.0,0.0,15.0,18.0,C. Hicks
League 2,,,,False,2026-02-07,,,Harrogate,Cambridge,2.0,1.0,,,1.0,4.0,4.0,0.0,0.0,0.0,10.0,14.0,Desconocido
Bundesliga,218.0,,,False,2026-02-07,,,Heidenheim,Hamburg,0.0,2.0,,,10.0,8.0,0.0,2.0,0.0,0.0,20.0,14.0,Desconocido
League 1,41,England,,False,2026-02-07,37,1356,Huddersfield,Blackpool,2.0,2.0,,,4.0,6.0,2.0,5.0,0.0,0.0,9.0,8.0,R. Joyce
Championship,407.0,,,False,2026-02-07,,56.0,Hull,Bristol City,2.0,3.0,,,2.0,4.0,2.0,0.0,0.0,0.0,10.0,11.0,Desconocido
League 1 Escocia,,,,False,2026-02-07,,6764.0,Inverness C,East Fife,3.0,0.0,,,13.0,1.0,1.0,0.0,0.0,0.0,27.0,3.0,Desconocido
Serie B,72.0,,,False,2026-02-07,863.0,870.0,Juve Stabia,Padova,3.0,3.0,,,1.0,4.0,2.0,3.0,0.0,0.0,13.0,8.0,Desconocido
Turkey Super Lig,,,,False,2026-02-07,,1005.0,Karagumruk,Antalyaspor,1.0,0.0,,,9.0,4.0,2.0,5.0,0.0,0.0,16.0,9.0,Desconocido
Super League Greece,197,Greece,,False,2026-02-07,5050,12260,Kifisia,Atromitos,0.0,1.0,,,4.0,4.0,0.0,2.0,0.0,0.0,11.0,7.0,A. Papapetrou
Super League Greece,197,Greece,,False,2026-02-07,953,949,Larisa,Panetolikos,1.0,4.0,,,5.0,2.0,4.0,2.0,0.0,0.0,11.0,8.0,C. Vergetis
La Liga 2,141,Spain,,False,2026-02-07,534,9580,Las Palmas,Burgos,0.0,0.0,,,8.0,2.0,5.0,3.0,0.0,0.0,16.0,5.0,R. Sanchez
Ligue 2,62.0,,,False,2026-02-07,1298.0,433.0,Le Mans,Laval,1.0,1.0,,,10.0,4.0,3.0,3.0,0.0,0.0,9.0,8.0,Desconocido
Ligue 1,61.0,,,False,2026-02-07,116.0,94.0,Lens,Rennes,3.0,1.0,,,4.0,4.0,4.0,2.0,1.0,0.0,10.0,14.0,Desconocido
League 1,41,England,,False,2026-02-07,1359,1343,Luton,Bradford,2.0,1.0,,,5.0,5.0,2.0,2.0,0.0,0.0,17.0,10.0,R. Eley
Bundesliga,218.0,,,False,2026-02-07,,,M'gladbach,Leverkusen,1.0,1.0,,,2.0,2.0,2.0,3.0,0.0,0.0,9.0,10.0,Desconocido
Bundesliga,218.0,,,False,2026-02-07,,,Mainz,Augsburg,2.0,0.0,,,6.0,4.0,2.0,2.0,0.0,0.0,10.0,14.0,Desconocido
Premier League,569.0,,,False,2026-02-07,,47.0,Man United,Tottenham,2.0,0.0,,,7.0,0.0,1.0,2.0,0.0,1.0,23.0,7.0,Desconocido
League 1,,,,False,2026-02-07,,,Mansfield,Exeter,0.0,0.0,,,4.0,4.0,1.0,4.0,0.0,0.0,13.0,8.0,Desconocido
Serie B,72.0,,,False,2026-02-07,1693.0,508.0,Mantova,Bari,2.0,1.0,,,7.0,1.0,4.0,2.0,0.0,0.0,16.0,3.0,Desconocido
Serie B,72.0,,,False,2026-02-07,899.0,498.0,Modena,Sampdoria,1.0,2.0,,,4.0,1.0,1.0,5.0,0.0,0.0,19.0,9.0,Desconocido
National League,43.0,,,False,2026-02-07,1375.0,,Morecambe,Truro,1.0,2.0,,,,,2.0,2.0,0.0,0.0,,,Desconocido
Primeira Liga,94.0,,,False,2026-02-07,215.0,,Moreirense,Gil Vicente,1.0,2.0,,,3.0,6.0,3.0,1.0,1.0,0.0,3.0,15.0,Desconocido
Ligue 2,62.0,,,False,2026-02-07,102.0,,Nancy,Troyes,2.0,1.0,,,4.0,7.0,3.0,2.0,0.0,0.0,10.0,12.0,Desconocido
Ligue 1,61.0,,,False,2026-02-07,83.0,80.0,Nantes,Lyon,0.0,1.0,,,5.0,4.0,4.0,2.0,0.0,1.0,13.0,10.0,Desconocido
Premier League,569.0,,,False,2026-02-07,34.0,55.0,Newcastle,Brentford,2.0,3.0,,,9.0,3.0,2.0,2.0,0.0,0.0,16.0,11.0,Desconocido
League 2,42,England,,False,2026-02-07,1367,1365,Newport County,Grimsby,0.0,0.0,,,8.0,12.0,1.0,2.0,0.0,0.0,10.0,13.0,D. Bourne
Eredivisie,88.0,,,False,2026-02-07,,206.0,Nijmegen,Heracles,4.0,1.0,,,3.0,6.0,0.0,2.0,0.0,0.0,15.0,10.0,Desconocido
League 1,41,England,,False,2026-02-07,1337,1368,Northampton,Stevenage,3.0,1.0,,,7.0,3.0,4.0,3.0,0.0,0.0,11.0,14.0,O. Yates
Championship,407.0,,,False,2026-02-07,71.0,67.0,Norwich,Blackburn,2.0,0.0,,,5.0,4.0,2.0,2.0,0.0,0.0,12.0,6.0,Desconocido
League 2,42,England,,False,2026-02-07,1376,1819,Notts County,Barrow,2.0,1.0,,,7.0,4.0,1.0,3.0,0.0,0.0,13.0,7.0,M. Barlow
Bundesliga 2,,,,False,2026-02-07,,,Paderborn,Nurnberg,2.0,1.0,,,6.0,5.0,2.0,3.0,0.0,1.0,15.0,7.0,Desconocido
Serie B,72.0,,,False,2026-02-07,522.0,511.0,Palermo,Empoli,3.0,2.0,,,3.0,5.0,2.0,4.0,0.0,0.0,12.0,17.0,Desconocido
League 1,,,,False,2026-02-07,,61.0,Peterboro,Wigan,6.0,1.0,,,3.0,10.0,1.0,3.0,0.0,0.0,11.0,11.0,Desconocido
League 1,41,England,,False,2026-02-07,1357,1379,Plymouth,Lincoln,1.0,4.0,,,5.0,8.0,2.0,4.0,0.0,0.0,11.0,12.0,S. Martin
League 1,,,,False,2026-02-07,1351.0,,Port Vale,Burton,2.0,2.0,,,5.0,6.0,2.0,3.0,0.0,0.0,14.0,13.0,Desconocido
Championship,407.0,,,False,2026-02-07,59.0,1355.0,Preston,Portsmouth,1.0,0.0,,,2.0,14.0,3.0,1.0,0.0,0.0,7.0,12.0,Desconocido
National League,43.0,,,False,2026-02-07,1339.0,1371.0,Rochdale,Carlisle,1.0,0.0,,,,,1.0,2.0,0.0,0.0,,,Desconocido
League 1,41,England,,False,2026-02-07,73,43,Rotherham,Cardiff,0.0,3.0,,,5.0,5.0,3.0,3.0,0.0,1.0,10.0,15.0,S. Stockbridge
Turkey Super Lig,203,Turkey,,False,2026-02-07,3603,998,Samsunspor,Trabzonspor,0.0,3.0,,,8.0,1.0,2.0,1.0,0.0,0.0,11.0,17.0,A. Akarsu
Bundesliga 2,,,,False,2026-02-07,,,Schalke 04,Dresden,2.0,2.0,,,7.0,1.0,2.0,2.0,0.0,0.0,16.0,9.0,Desconocido
National League,43.0,,,False,2026-02-07,1340.0,1341.0,Scunthorpe,Southend,1.0,0.0,,,,,2.0,1.0,0.0,0.0,,,Desconocido
La Liga,140.0,,,False,2026-02-07,,797.0,Sociedad,Elche,3.0,1.0,,,2.0,4.0,0.0,4.0,0.0,0.0,11.0,11.0,Desconocido
Championship,407.0,,,False,2026-02-07,41.0,38.0,Southampton,Watford,1.0,0.0,,,3.0,9.0,3.0,1.0,0.0,0.0,6.0,11.0,Desconocido
Serie B,72.0,,,False,2026-02-07,515.0,527.0,Spezia,Virtus Entella,1.0,1.0,,,6.0,6.0,2.0,3.0,0.0,1.0,11.0,11.0,Desconocido
Ligue 2,62.0,,,False,2026-02-07,,82.0,St Etienne,Montpellier,1.0,0.0,,,3.0,6.0,1.0,2.0,0.0,0.0,10.0,5.0,Desconocido
Bundesliga,218.0,,,False,2026-02-07,,,St Pauli,Stuttgart,2.0,1.0,,,5.0,5.0,0.0,2.0,0.0,0.0,15.0,7.0,Desconocido
League 1,,,,False,2026-02-07,,1373.0,Stockport,Leyton Orient,0.0,0.0,,,4.0,2.0,1.0,2.0,1.0,0.0,19.0,8.0,Desconocido
League 2 Escocia,184,Scotland,,False,2026-02-07,6785,6757,Stranraer,Annan Athletic,0.0,0.0,,,2.0,4.0,3.0,2.0,0.0,0.0,15.0,13.0,Desconocido
League 2,,,,False,2026-02-07,,1349.0,Swindon,Oldham,3.0,0.0,,,4.0,3.0,3.0,2.0,0.0,0.0,10.0,13.0,Desconocido
National League,43.0,,,False,2026-02-07,7752.0,1366.0,Tamworth,Hartlepool,1.0,1.0,,,,,2.0,2.0,0.0,0.0,,,Desconocido
Eredivisie,88.0,,,False,2026-02-07,415.0,210.0,Twente,Heerenveen,5.0,0.0,,,7.0,0.0,1.0,3.0,0.0,0.0,29.0,7.0,Desconocido
League 2,42,England,,False,2026-02-07,1342,1369,Walsall,Barnet,1.0,3.0,,,1.0,9.0,5.0,1.0,0.0,0.0,8.0,15.0,P. Marsden
Jupiler Pro League,144.0,,,False,2026-02-07,,6215.0,Waregem,Dender,1.0,0.0,,,6.0,1.0,1.0,4.0,0.0,0.0,12.0,8.0,Desconocido
Championship,407.0,,,False,2026-02-07,60.0,,West Brom,Stoke,0.0,0.0,,,2.0,2.0,1.0,1.0,0.0,0.0,10.0,8.0,Desconocido
Bundesliga,218.0,,,False,2026-02-07,,,Wolfsburg,Dortmund,1.0,2.0,,,4.0,8.0,1.0,1.0,0.0,0.0,12.0,21.0,Desconocido
Premier League,569.0,,,False,2026-02-07,39.0,49.0,Wolves,Chelsea,1.0,3.0,,,3.0,4.0,1.0,1.0,0.0,0.0,11.0,15.0,Desconocido
Championship,407.0,,,False,2026-02-07,1837.0,58.0,Wrexham,Millwall,0.0,2.0,,,5.0,4.0,1.0,3.0,0.0,0.0,16.0,7.0,Desconocido
League 1,41,England,,False,2026-02-07,1358,1354,Wycombe,Doncaster,4.0,0.0,,,8.0,1.0,1.0,1.0,0.0,0.0,22.0,5.0,K. Dowle
National League,43.0,,,False,2026-02-07,1828.0,1378.0,York,Forest Green,2.0,1.0,,,,,4.0,1.0,0.0,0.0,,,Desconocido
La Liga 2,141,Spain,,False,2026-02-07,732,545,Zaragoza,Eibar,1.0,1.0,,,5.0,7.0,1.0,4.0,1.0,0.0,12.0,4.0,L. Bestard Servera
Eredivisie,88.0,,,False,2026-02-07,,,Zwolle,Volendam,1.0,2.0,,,6.0,5.0,3.0,0.0,0.0,0.0,14.0,15.0,Desconocido
Ligue 2,62.0,,,False,2026-02-06,3012.0,101.0,Annecy,Grenoble,1.0,1.0,,,7.0,0.0,4.0,2.0,0.0,1.0,14.0,6.0,Desconocido
Ligue 2,62.0,,,False,2026-02-06,1299.0,1301.0,Boulogne,Rodez,1.0,2.0,,,4.0,2.0,4.0,2.0,0.0,0.0,10.0,8.0,Desconocido
La Liga,140.0,,,False,2026-02-06,,727.0,Celta,Osasuna,1.0,2.0,,,7.0,3.0,2.0,2.0,0.0,0.0,18.0,8.0,Desconocido
Serie B,72.0,,,False,2026-02-06,509.0,525.0,Cesena,Pescara,2.0,0.0,,,5.0,6.0,5.0,1.0,0.0,0.0,15.0,20.0,Desconocido
Championship,407.0,,,False,2026-02-06,1335.0,72.0,Charlton,QPR,0.0,0.0,,,7.0,5.0,2.0,1.0,0.0,0.0,16.0,18.0,Desconocido
Ligue 2,62.0,,,False,2026-02-06,1304.0,90.0,Dunkerque,Guingamp,0.0,0.0,,,5.0,4.0,1.0,2.0,1.0,0.0,14.0,17.0,Desconocido
Bundesliga 2,,,,False,2026-02-06,,,Greuther Furth,Magdeburg,4.0,5.0,,,9.0,1.0,1.0,2.0,0.0,0.0,14.0,13.0,Desconocido
Premier League,569.0,,,False,2026-02-06,63.0,,Leeds,Nott'm Forest,3.0,1.0,,,5.0,10.0,1.0,1.0,0.0,0.0,14.0,16.0,Desconocido
La Liga 2,,,,False,2026-02-06,537.0,22018.0,Leganes,Granada,1.0,0.0,,,3.0,5.0,1.0,2.0,0.0,1.0,12.0,6.0,Desconocido
Ligue 1,61.0,,,False,2026-02-06,112.0,79.0,Metz,Lille,0.0,0.0,,,1.0,6.0,1.0,1.0,0.0,0.0,6.0,16.0,Desconocido
Eredivisie,88.0,,,False,2026-02-06,203.0,196.0,NAC Breda,Excelsior,0.0,2.0,,,8.0,3.0,2.0,2.0,1.0,0.0,15.0,9.0,Desconocido
Bundesliga 2,,,,False,2026-02-06,1313.0,,Preußen Münster,Bochum,1.0,1.0,,,3.0,6.0,2.0,2.0,0.0,0.0,9.0,15.0,Desconocido
Ligue 2,62.0,,,False,2026-02-06,,,Red Star,Pau FC,0.0,3.0,,,8.0,1.0,3.0,2.0,0.0,0.0,18.0,9.0,Desconocido
Ligue 2,62.0,,,False,2026-02-06,93.0,1305.0,Reims,Bastia,0.0,0.0,,,7.0,2.0,1.0,3.0,0.0,0.0,13.0,5.0,Desconocido
Bundesliga,218.0,,,False,2026-02-06,182.0,,Union Berlin,Ein Frankfurt,1.0,1.0,,,5.0,2.0,4.0,3.0,0.0,1.0,11.0,3.0,Desconocido
Serie A,71.0,,,False,2026-02-06,,801.0,Verona,Pisa,0.0,0.0,,,8.0,4.0,1.0,2.0,0.0,0.0,4.0,11.0,Desconocido
Jupiler Pro League,144.0,,,False,2026-02-06,,,Westerlo,St Truiden,0.0,4.0,,,6.0,5.0,3.0,1.0,1.0,0.0,8.0,17.0,Desconocido
League 2,,,,False,2026-02-05,,,Accrington,Salford,1.0,0.0,,,2.0,5.0,1.0,1.0,0.0,0.0,13.0,15.0,Desconocido
Super League Greece,,,,False,2026-02-04,955.0,3415.0,Asteras Tripolis,Olympiakos,0.0,3.0,,,0.0,7.0,1.0,2.0,0.0,0.0,3.0,20.0,Desconocido
Premiership Escocia,,,,False,2026-02-04,249.0,,Hibernian,Dundee United,3.0,2.0,,,4.0,6.0,2.0,0.0,0.0,0.0,20.0,16.0,Desconocido
Premiership Escocia,179,Scotland,,False,2026-02-04,255,1389,Livingston,Falkirk,1.0,2.0,,,6.0,4.0,3.0,4.0,0.0,0.0,10.0,16.0,M. MacDermid
Premiership Escocia,179,Scotland,,False,2026-02-04,257,250,Rangers,Kilmarnock,5.0,1.0,,,10.0,1.0,1.0,1.0,0.0,0.0,28.0,8.0,D. Dickinson
National League,43.0,,,False,2026-02-03,4700.0,1375.0,Altrincham,Morecambe,1.0,1.0,,,,,2.0,1.0,0.0,0.0,,,Desconocido
League 2,42,England,,False,2026-02-03,1369,1363,Barnet,Crewe,1.0,1.0,,,8.0,2.0,0.0,3.0,0.0,0.0,15.0,8.0,P. Wright
League 1,41,England,,False,2026-02-03,747,1337,Barnsley,Northampton,2.0,2.0,,,6.0,7.0,2.0,1.0,0.0,0.0,22.0,14.0,T. Parsons
Championship,407.0,,,False,2026-02-03,67.0,,Blackburn,Sheffield Weds,1.0,0.0,,,8.0,2.0,4.0,2.0,0.0,0.0,9.0,2.0,Desconocido
Serie A,71.0,,,False,2026-02-03,500.0,,Bologna,Milan,0.0,3.0,,,5.0,0.0,3.0,0.0,0.0,0.0,13.0,10.0,Desconocido
League 2,,,,False,2026-02-03,,1342.0,Bristol Rvs,Walsall,2.0,0.0,,,5.0,5.0,1.0,1.0,0.0,0.0,10.0,14.0,Desconocido
League 1,,,,False,2026-02-03,,1354.0,Burton,Doncaster,1.0,2.0,,,20.0,7.0,1.0,2.0,0.0,0.0,20.0,13.0,Desconocido
National League,43.0,,,False,2026-02-03,1378.0,1836.0,Forest Green,Woking,4.0,2.0,,,,,0.0,2.0,0.0,0.0,,,Desconocido
League 2,,,,False,2026-02-03,,,Harrogate,Swindon,0.0,1.0,,,7.0,9.0,1.0,1.0,0.0,0.0,21.0,18.0,Desconocido
Championship,407.0,,,False,2026-02-03,,38.0,Hull,Watford,0.0,0.0,,,7.0,5.0,4.0,3.0,0.0,0.0,6.0,16.0,Desconocido
League 2,42,England,,False,2026-02-03,1376,1347,Notts County,Gillingham,1.0,0.0,,,4.0,3.0,1.0,3.0,0.0,0.0,14.0,12.0,A. Byrne
League 1,41,England,,False,2026-02-03,1351,1333,Port Vale,AFC Wimbledon,0.0,1.0,,,10.0,1.0,3.0,2.0,0.0,0.0,10.0,10.0,B. Toner
Championship Escocia,,,,False,2026-02-03,,902.0,Queens Park,Ross County,0.0,1.0,,,4.0,3.0,0.0,3.0,0.0,0.0,7.0,8.0,Desconocido
National League,43.0,,,False,2026-02-03,1339.0,1830.0,Rochdale,Boreham Wood,4.0,1.0,,,,,1.0,1.0,0.0,0.0,,,Desconocido
Championship,407.0,,,False,2026-02-03,,,Sheffield United,Oxford,3.0,1.0,,,10.0,2.0,3.0,4.0,0.0,0.0,11.0,6.0,Desconocido
Premiership Escocia,,,,False,2026-02-03,,,St Mirren,Hearts,1.0,0.0,,,7.0,2.0,1.0,1.0,0.0,1.0,21.0,5.0,Desconocido
Primeira Liga,94.0,,,False,2026-02-02,21595.0,,AVS,Sp Braga,0.0,4.0,,,1.0,4.0,0.0,1.0,0.0,0.0,8.0,10.0,Desconocido
Primeira Liga,94.0,,,False,2026-02-02,4716.0,,Casa Pia,Porto,2.0,1.0,,,0.0,10.0,3.0,2.0,0.0,1.0,6.0,15.0,Desconocido
Turkey Super Lig,,,,False,2026-02-02,7411.0,,Kocaelispor,Fenerbahce,0.0,2.0,,,8.0,3.0,2.0,3.0,0.0,0.0,12.0,9.0,Desconocido
La Liga,140.0,,,False,2026-02-02,798.0,536.0,Mallorca,Sevilla,4.0,1.0,,,4.0,8.0,1.0,1.0,0.0,0.0,11.0,15.0,Desconocido
La Liga 2,141,Spain,,False,2026-02-02,799,535,Mirandes,Malaga,2.0,1.0,,,7.0,6.0,4.0,3.0,0.0,0.0,21.0,16.0,A. Moreno
Premier League,569.0,,,False,2026-02-02,746.0,44.0,Sunderland,Burnley,3.0,0.0,,,1.0,2.0,1.0,4.0,0.0,0.0,14.0,5.0,Desconocido
Serie A,71.0,,,False,2026-02-02,494.0,,Udinese,Roma,1.0,0.0,,,4.0,7.0,5.0,4.0,0.0,0.0,8.0,10.0,Desconocido
Super League Greece,,,,False,2026-02-01,,3415.0,AEK,Olympiakos,1.0,1.0,,,3.0,1.0,3.0,5.0,0.0,0.0,9.0,11.0,Desconocido
La Liga 2,,,,False,2026-02-01,723.0,,Almeria,Ceuta,4.0,2.0,,,5.0,2.0,2.0,3.0,0.0,0.0,16.0,16.0,Desconocido
Ligue 1,61.0,,,False,2026-02-01,77.0,112.0,Angers,Metz,1.0,0.0,,,4.0,3.0,2.0,2.0,0.0,1.0,17.0,5.0,Desconocido
Premier League,569.0,,,False,2026-02-01,66.0,55.0,Aston Villa,Brentford,0.0,1.0,,,12.0,1.0,0.0,3.0,0.0,0.0,27.0,6.0,Desconocido
La Liga,140.0,,,False,2026-02-01,,,Ath Bilbao,Sociedad,1.0,1.0,,,6.0,3.0,4.0,2.0,0.0,1.0,19.0,9.0,Desconocido
La Liga,140.0,,,False,2026-02-01,,532.0,Betis,Valencia,2.0,1.0,,,3.0,5.0,0.0,4.0,0.0,0.0,14.0,15.0,Desconocido
La Liga 2,,,,False,2026-02-01,,1110.0,Castellon,Andorra,2.0,0.0,,,6.0,6.0,3.0,4.0,0.0,0.0,18.0,10.0,Desconocido
Premiership Escocia,179,Scotland,,False,2026-02-01,247,1389,Celtic,Falkirk,2.0,0.0,,,9.0,4.0,0.0,2.0,0.0,0.0,10.0,14.0,D. Dickinson
Serie A,71.0,,,False,2026-02-01,895.0,499.0,Como,Atalanta,0.0,0.0,,,7.0,1.0,4.0,3.0,0.0,1.0,28.0,6.0,Desconocido
Serie A,71.0,,,False,2026-02-01,520.0,505.0,Cremonese,Inter,0.0,2.0,,,1.0,6.0,3.0,0.0,0.0,0.0,9.0,15.0,Desconocido
Jupiler Pro League,144.0,,,False,2026-02-01,6215.0,742.0,Dender,Genk,1.0,2.0,,,8.0,2.0,5.0,1.0,0.0,0.0,22.0,8.0,Desconocido
Bundesliga,218.0,,,False,2026-02-01,,,Dortmund,Heidenheim,3.0,2.0,,,12.0,3.0,2.0,2.0,0.0,0.0,19.0,12.0,Desconocido
Bundesliga 2,,,,False,2026-02-01,,,Dresden,Bielefeld,1.0,1.0,,,3.0,5.0,2.0,3.0,1.0,0.0,12.0,17.0,Desconocido
La Liga 2,,,,False,2026-02-01,545.0,,Eibar,Sp Gijon,1.0,0.0,,,8.0,3.0,3.0,2.0,0.0,1.0,10.0,9.0,Desconocido
Eredivisie,88.0,,,False,2026-02-01,196.0,194.0,Excelsior,Ajax,2.0,2.0,,,4.0,1.0,1.0,0.0,0.0,0.0,11.0,9.0,Desconocido
Bundesliga 2,,,,False,2026-02-01,,,Fortuna Dusseldorf,Paderborn,2.0,1.0,,,7.0,1.0,2.0,3.0,0.0,1.0,8.0,10.0,Desconocido
Turkey Super Lig,203,Turkey,,False,2026-02-01,645,1001,Galatasaray,Kayserispor,4.0,0.0,,,6.0,4.0,2.0,5.0,0.0,0.0,23.0,9.0,A. D. Kayatepe
Turkey Super Lig,,,,False,2026-02-01,,,Genclerbirligi,Gaziantep,2.0,1.0,,,3.0,2.0,6.0,1.0,0.0,0.0,13.0,14.0,Desconocido
La Liga,140.0,,,False,2026-02-01,546.0,,Getafe,Celta,0.0,0.0,,,5.0,3.0,1.0,2.0,0.0,0.0,9.0,5.0,Desconocido
Primeira Liga,94.0,,,False,2026-02-01,,242.0,Gil Vicente,Famalicao,5.0,0.0,,,3.0,1.0,1.0,1.0,0.0,1.0,17.0,4.0,Desconocido
La Liga 2,,,,False,2026-02-01,22018.0,,Granada,Santander,1.0,0.0,,,5.0,4.0,5.0,4.0,0.0,0.0,13.0,6.0,Desconocido
Eredivisie,88.0,,,False,2026-02-01,210.0,207.0,Heerenveen,Utrecht,1.0,1.0,,,5.0,6.0,1.0,2.0,0.0,0.0,19.0,11.0,Desconocido
Eredivisie,88.0,,,False,2026-02-01,206.0,,Heracles,For Sittard,2.0,1.0,,,4.0,5.0,2.0,3.0,0.0,0.0,11.0,12.0,Desconocido
Bundesliga 2,,,,False,2026-02-01,,,Hertha,Darmstadt,2.0,2.0,,,4.0,6.0,0.0,4.0,1.0,0.0,13.0,15.0,Desconocido
Premiership Escocia,179,Scotland,,False,2026-02-01,249,257,Hibernian,Rangers,0.0,0.0,,,9.0,8.0,3.0,2.0,0.0,0.0,17.0,11.0,M. MacDermid
La Liga 2,141,Spain,,False,2026-02-01,726,724,Huesca,Cadiz,1.0,0.0,,,5.0,4.0,3.0,3.0,0.0,1.0,12.0,11.0,D. Arcediano
Super League Greece,,,,False,2026-02-01,,955.0,Levadeiakos,Asteras Tripolis,3.0,1.0,,,3.0,6.0,3.0,4.0,0.0,0.0,10.0,18.0,Desconocido
Ligue 1,61.0,,,False,2026-02-01,80.0,79.0,Lyon,Lille,1.0,0.0,,,2.0,7.0,1.0,4.0,0.0,0.0,4.0,11.0,Desconocido
Premier League,569.0,,,False,2026-02-01,,36.0,Man United,Fulham,3.0,2.0,,,3.0,7.0,2.0,1.0,0.0,0.0,13.0,14.0,Desconocido
Ligue 1,61.0,,,False,2026-02-01,84.0,,Nice,Brest,2.0,2.0,,,6.0,5.0,5.0,3.0,0.0,0.0,15.0,12.0,Desconocido
Premier League,569.0,,,False,2026-02-01,,52.0,Nott'm Forest,Crystal Palace,1.0,1.0,,,5.0,7.0,1.0,3.0,0.0,0.0,9.0,14.0,Desconocido
Jupiler Pro League,144.0,,,False,2026-02-01,,,Oud-Heverlee Leuven,Mechelen,2.0,2.0,,,7.0,5.0,3.0,6.0,0.0,0.0,16.0,13.0,Desconocido
Super League Greece,197,Greece,,False,2026-02-01,619,2099,PAOK,Panserraikos,4.0,1.0,,,6.0,1.0,0.0,0.0,0.0,0.0,13.0,5.0,M. Matsoukas
Eredivisie,88.0,,,False,2026-02-01,197.0,209.0,PSV Eindhoven,Feyenoord,3.0,0.0,,,8.0,3.0,1.0,3.0,0.0,1.0,14.0,8.0,Desconocido
Serie B,72.0,,,False,2026-02-01,870.0,1579.0,Padova,Monza,1.0,2.0,,,3.0,9.0,3.0,1.0,0.0,0.0,19.0,19.0,Desconocido
Super League Greece,197,Greece,,False,2026-02-01,617,5050,Panathinaikos,Kifisia,3.0,0.0,,,4.0,5.0,2.0,7.0,0.0,1.0,14.0,7.0,I. Papadopoulos
Serie A,71.0,,,False,2026-02-01,523.0,10019.0,Parma,Juventus,1.0,4.0,,,5.0,3.0,1.0,3.0,0.0,0.0,10.0,15.0,Desconocido
La Liga,140.0,,,False,2026-02-01,541.0,,Real Madrid,Vallecano,2.0,1.0,,,9.0,4.0,2.0,8.0,0.0,2.0,16.0,11.0,Desconocido
Serie B,72.0,,,False,2026-02-01,880.0,863.0,Reggiana,Juve Stabia,1.0,1.0,,,4.0,5.0,2.0,1.0,0.0,0.0,10.0,11.0,Desconocido
Primeira Liga,94.0,,,False,2026-02-01,,225.0,Sp Lisbon,Nacional,2.0,1.0,,,11.0,0.0,0.0,3.0,0.0,0.0,16.0,6.0,Desconocido
Jupiler Pro League,144.0,,,False,2026-02-01,,,St. Gilloise,Club Brugge,1.0,0.0,,,5.0,5.0,3.0,2.0,0.0,0.0,13.0,8.0,Desconocido
Jupiler Pro League,144.0,,,False,2026-02-01,,554.0,Standard,Anderlecht,2.0,0.0,,,9.0,4.0,2.0,4.0,0.0,0.0,9.0,15.0,Desconocido
Ligue 1,61.0,,,False,2026-02-01,95.0,,Strasbourg,Paris SG,1.0,2.0,,,5.0,6.0,1.0,0.0,0.0,1.0,9.0,13.0,Desconocido
Bundesliga,218.0,,,False,2026-02-01,,,Stuttgart,Freiburg,1.0,0.0,,,6.0,2.0,3.0,1.0,0.0,0.0,18.0,11.0,Desconocido
Primeira Liga,94.0,,,False,2026-02-01,218.0,211.0,Tondela,Benfica,0.0,0.0,,,1.0,13.0,5.0,0.0,0.0,0.0,7.0,23.0,Desconocido
Serie A,71.0,,,False,2026-02-01,503.0,867.0,Torino,Lecce,1.0,0.0,,,3.0,8.0,2.0,2.0,0.0,0.0,17.0,14.0,Desconocido
Premier League,569.0,,,False,2026-02-01,47.0,,Tottenham,Man City,2.0,2.0,,,3.0,4.0,3.0,3.0,0.0,0.0,12.0,15.0,Desconocido
Ligue 1,61.0,,,False,2026-02-01,96.0,108.0,Toulouse,Auxerre,0.0,0.0,,,5.0,4.0,1.0,2.0,0.0,0.0,12.0,8.0,Desconocido
Eredivisie,88.0,,,False,2026-02-01,,,Volendam,Go Ahead Eagles,1.0,1.0,,,6.0,5.0,4.0,6.0,0.0,1.0,20.0,13.0,Desconocido
