League,LeagueId,Country,Round,EsEliminatoria,Date,HomeTeamId,AwayTeamId,HomeTeam,AwayTeam,FTHG,FTAG,HTHG,HTAG,HC,AC,HY,AY,HR,AR,HS,AS,Referee
Ligue 2,62.0,,,False,2025-02-28,3012.0,114.0,Annecy,Paris FC,2.0,3.0,,,1.0,5.0,2.0,1.0,2.0,0.0,5.0,15.0,Desconocido
La Liga 2,,,,False,2025-02-28,,545.0,Cartagena,Eibar,0.0,2.0,,,9.0,6.0,3.0,0.0,0.0,0.0,7.0,12.0,Desconocido
Jupiler Pro League,144.0,,,False,2025-02-28,736.0,742.0,Charleroi,Genk,1.0,1.0,,,3.0,4.0,3.0,1.0,0.0,0.0,11.0,12.0,Desconocido
Ligue 2,62.0,,,False,2025-02-28,,88.0,Clermont,Caen,0.0,1.0,,,4.0,5.0,1.0,2.0,0.0,0.0,6.0,16.0,Desconocido
Serie A,71.0,,,False,2025-02-28,502.0,867.0,Fiorentina,Lecce,1.0,0.0,,,5.0,2.0,3.0,2.0,0.0,0.0,10.0,8.0,Desconocido
Bundesliga 2,,,,False,2025-02-28,,,Fortuna Dusseldorf,Greuther Furth,1.0,2.0,,,6.0,4.0,3.0,1.0,0.0,0.0,8.0,11.0,Desconocido
Ligue 2,62.0,,,False,2025-02-28,433.0,,Laval,Martigues,0.0,1.0,,,4.0,4.0,2.0,2.0,0.0,0.0,11.0,8.0,Desconocido
Ligue 1,61.0,,,False,2025-02-28,91.0,93.0,Monaco,Reims,3.0,0.0,,,7.0,2.0,0.0,0.0,0.0,0.0,23.0,9.0,Desconocido
Championship Escocia,180,Scotland,,False,2025-02-28,901,255,Partick,Livingston,1.0,1.0,,,2.0,4.0,3.0,4.0,0.0,0.0,9.0,8.0,R. Lee
Ligue 2,62.0,,,False,2025-02-28,,101.0,Pau FC,Grenoble,1.0,0.0,,,15.0,4.0,1.0,0.0,0.0,1.0,22.0,7.0,Desconocido
Bundesliga 2,,,,False,2025-02-28,,1313.0,Schalke 04,Preußen Münster,1.0,0.0,,,10.0,7.0,1.0,1.0,0.0,0.0,16.0,13.0,Desconocido
Championship,407.0,,,False,2025-02-28,,746.0,Sheffield Weds,Sunderland,1.0,2.0,,,5.0,9.0,1.0,1.0,0.0,0.0,9.0,11.0,Desconocido
Bundesliga,218.0,,,False,2025-02-28,,,Stuttgart,Bayern Munich,1.0,3.0,,,4.0,6.0,5.0,3.0,0.0,0.0,12.0,17.0,Desconocido
Serie B,72.0,,,False,2025-02-28,1578.0,515.0,Sudtirol,Spezia,1.0,1.0,,,2.0,6.0,1.0,3.0,0.0,0.0,14.0,24.0,Desconocido
Ligue 2,62.0,,,False,2025-02-28,,1305.0,Troyes,Bastia,2.0,0.0,,,4.0,6.0,3.0,3.0,0.0,0.0,13.0,11.0,Desconocido
La Liga,140.0,,,False,2025-02-28,720.0,534.0,Valladolid,Las Palmas,1.0,1.0,,,13.0,4.0,2.0,1.0,0.0,1.0,23.0,4.0,Desconocido
Eredivisie,88.0,,,False,2025-02-28,417.0,,Waalwijk,For Sittard,1.0,2.0,,,8.0,1.0,1.0,4.0,0.0,0.0,20.0,7.0,Desconocido
League 2,42,England,,False,2025-02-27,1819,1371,Barrow,Carlisle,0.0,1.0,,,4.0,1.0,2.0,2.0,0.0,0.0,19.0,8.0,A. Herczeg
Serie A,71.0,,,False,2025-02-27,500.0,,Bologna,Milan,2.0,1.0,,,4.0,5.0,1.0,2.0,0.0,0.0,14.0,8.0,Desconocido
Premier League,569.0,,,False,2025-02-27,48.0,46.0,West Ham,Leicester,2.0,0.0,,,3.0,3.0,0.0,0.0,0.0,0.0,8.0,10.0,Desconocido
Premier League,569.0,,,False,2025-02-26,55.0,45.0,Brentford,Everton,1.0,1.0,,,2.0,5.0,2.0,1.0,0.0,0.0,12.0,14.0,Desconocido
Premiership Escocia,,,,False,2025-02-26,,249.0,Dundee United,Hibernian,1.0,3.0,,,1.0,10.0,1.0,2.0,0.0,0.0,8.0,9.0,Desconocido
Premiership Escocia,,,,False,2025-02-26,,,Hearts,St Mirren,3.0,1.0,,,5.0,6.0,0.0,4.0,0.0,0.0,10.0,11.0,Desconocido
Premiership Escocia,179,Scotland,,False,2025-02-26,250,257,Kilmarnock,Rangers,2.0,4.0,,,6.0,4.0,2.0,4.0,0.0,0.0,11.0,14.0,D. Robertson
Premier League,569.0,,,False,2025-02-26,40.0,34.0,Liverpool,Newcastle,2.0,0.0,,,4.0,2.0,0.0,1.0,0.0,0.0,12.0,3.0,Desconocido
Premier League,569.0,,,False,2025-02-26,,57.0,Man United,Ipswich,3.0,2.0,,,5.0,6.0,4.0,4.0,1.0,0.0,10.0,12.0,Desconocido
Premiership Escocia,179,Scotland,,False,2025-02-26,256,253,Motherwell,Dundee,2.0,1.0,,,5.0,10.0,1.0,0.0,0.0,0.0,14.0,9.0,L. Wilson
Premier League,569.0,,,False,2025-02-26,,9419.0,Nott'm Forest,Arsenal,0.0,0.0,,,3.0,11.0,1.0,1.0,0.0,0.0,6.0,13.0,Desconocido
Premiership Escocia,,,,False,2025-02-26,,902.0,St Johnstone,Ross County,1.0,0.0,,,12.0,3.0,2.0,0.0,0.0,0.0,14.0,5.0,Desconocido
Premier League,569.0,,,False,2025-02-26,47.0,,Tottenham,Man City,0.0,1.0,,,8.0,3.0,3.0,0.0,0.0,0.0,11.0,12.0,Desconocido
Championship Escocia,,,,False,2025-02-25,,,Airdrie Utd,Raith Rvs,1.0,0.0,,,2.0,4.0,1.0,3.0,0.0,0.0,8.0,8.0,Desconocido
National League,43.0,,,False,2025-02-25,,,Aldershot,Solihull,3.0,1.0,,,,,2.0,0.0,0.0,1.0,,,Desconocido
League 1 Escocia,183,Scotland,,False,2025-02-25,4249,6773,Arbroath,Kelty Hearts,2.0,1.0,,,0.0,2.0,1.0,1.0,0.0,0.0,11.0,5.0,D. Nicolson
League 1,41,England,,False,2025-02-25,54,1373,Birmingham,Leyton Orient,2.0,0.0,,,8.0,3.0,1.0,1.0,0.0,1.0,27.0,3.0,M. Woods
Premier League,569.0,,,False,2025-02-25,51.0,35.0,Brighton,Bournemouth,2.0,1.0,,,1.0,9.0,2.0,1.0,0.0,0.0,11.0,19.0,Desconocido
League 2,42,England,,False,2025-02-25,1832,1343,Bromley,Bradford,0.0,1.0,,,1.0,5.0,3.0,2.0,0.0,0.0,4.0,15.0,J. O'Connor
Championship,407.0,,,False,2025-02-25,43.0,,Cardiff,Hull,1.0,0.0,,,5.0,3.0,2.0,2.0,0.0,0.0,8.0,4.0,Desconocido
Premiership Escocia,179,Scotland,,False,2025-02-25,247,252,Celtic,Aberdeen,5.0,1.0,,,4.0,3.0,1.0,0.0,0.0,0.0,16.0,8.0,J. Beaton
Premier League,569.0,,,False,2025-02-25,49.0,41.0,Chelsea,Southampton,4.0,0.0,,,4.0,2.0,1.0,2.0,0.0,0.0,19.0,7.0,Desconocido
League 2,42,England,,False,2025-02-25,1372,1342,Cheltenham,Walsall,2.0,2.0,,,3.0,5.0,0.0,2.0,0.0,0.0,15.0,11.0,M. Barlow
Premier League,569.0,,,False,2025-02-25,52.0,66.0,Crystal Palace,Aston Villa,4.0,1.0,,,3.0,8.0,3.0,1.0,0.0,0.0,19.0,6.0,Desconocido
National League,43.0,,,False,2025-02-25,1822.0,1823.0,Eastleigh,Gateshead,1.0,1.0,,,,,1.0,3.0,0.0,0.0,,,Desconocido
League 2,42,England,,False,2025-02-25,1347,1336,Gillingham,Fleetwood Town,1.0,2.0,,,4.0,4.0,0.0,3.0,0.0,0.0,14.0,14.0,A. Young
Championship Escocia,,,,False,2025-02-25,,1388.0,Hamilton,Dunfermline,1.0,0.0,,,7.0,6.0,3.0,2.0,0.0,0.0,14.0,9.0,Desconocido
Championship Escocia,180,Scotland,,False,2025-02-25,255,1383,Livingston,Morton,3.0,2.0,,,8.0,8.0,1.0,0.0,0.0,0.0,10.0,6.0,G. Grainger
National League,43.0,,,False,2025-02-25,1838.0,1828.0,Maidenhead,York,1.0,3.0,,,,,1.0,2.0,0.0,0.0,,,Desconocido
League 1,41,England,,False,2025-02-25,1337,747,Northampton,Barnsley,1.0,2.0,,,5.0,3.0,1.0,3.0,0.0,1.0,14.0,9.0,D. Bourne
League 2 Escocia,,,,False,2025-02-25,6781.0,,Spartans,Forfar,1.0,1.0,,,6.0,0.0,3.0,5.0,0.0,0.0,7.0,2.0,Desconocido
Championship,407.0,,,False,2025-02-25,,70.0,Stoke,Middlesbrough,1.0,3.0,,,5.0,1.0,2.0,2.0,0.0,0.0,12.0,16.0,Desconocido
National League,43.0,,,False,2025-02-25,7752.0,1339.0,Tamworth,Rochdale,1.0,1.0,,,,,2.0,0.0,0.0,0.0,,,Desconocido
League 2,,,,False,2025-02-25,1381.0,,Tranmere,Accrington,0.0,1.0,,,4.0,1.0,1.0,3.0,0.0,0.0,18.0,10.0,Desconocido
League 1,41,England,,False,2025-02-25,61,37,Wigan,Huddersfield,2.0,1.0,,,6.0,4.0,1.0,2.0,0.0,0.0,8.0,9.0,R. Joyce
Premier League,569.0,,,False,2025-02-25,39.0,36.0,Wolves,Fulham,1.0,2.0,,,7.0,5.0,1.0,3.0,0.0,0.0,18.0,11.0,Desconocido
Turkey Super Lig,,,,False,2025-02-24,645.0,,Galatasaray,Fenerbahce,0.0,0.0,,,0.0,5.0,5.0,2.0,0.0,0.0,4.0,10.0,Desconocido
Primeira Liga,94.0,,,False,2025-02-24,,224.0,Porto,Guimaraes,1.0,1.0,,,6.0,7.0,2.0,2.0,0.0,0.0,13.0,11.0,Desconocido
Serie A,71.0,,,False,2025-02-24,,1579.0,Roma,Monza,4.0,0.0,,,6.0,3.0,0.0,1.0,0.0,0.0,23.0,5.0,Desconocido
La Liga,140.0,,,False,2025-02-24,536.0,798.0,Sevilla,Mallorca,1.0,1.0,,,4.0,4.0,1.0,3.0,0.0,0.0,19.0,13.0,Desconocido
Championship,407.0,,,False,2025-02-24,,63.0,Sheffield United,Leeds,1.0,3.0,,,3.0,5.0,1.0,1.0,0.0,0.0,10.0,18.0,Desconocido
Primeira Liga,94.0,,,False,2025-02-23,21595.0,,AVS,Sp Lisbon,2.0,2.0,,,4.0,5.0,5.0,5.0,0.0,1.0,11.0,9.0,Desconocido
Eredivisie,88.0,,,False,2025-02-23,201.0,,AZ Alkmaar,For Sittard,1.0,0.0,,,9.0,1.0,2.0,3.0,0.0,0.0,14.0,9.0,Desconocido
Eredivisie,88.0,,,False,2025-02-23,194.0,,Ajax,Go Ahead Eagles,2.0,0.0,,,3.0,3.0,2.0,2.0,0.0,1.0,21.0,6.0,Desconocido
Turkey Super Lig,,,,False,2025-02-23,996.0,,Alanyaspor,Ad. Demirspor,3.0,2.0,,,10.0,1.0,5.0,2.0,0.0,0.0,25.0,7.0,Desconocido
La Liga 2,141,Spain,,False,2025-02-23,722,9692,Albacete,Eldense,0.0,1.0,,,4.0,7.0,1.0,3.0,1.0,0.0,11.0,14.0,Manuel Orellana
Jupiler Pro League,144.0,,,False,2025-02-23,554.0,,Anderlecht,St. Gilloise,0.0,2.0,,,7.0,2.0,3.0,2.0,0.0,0.0,10.0,6.0,Desconocido
Super League Greece,,,,False,2025-02-23,3408.0,949.0,Aris,Panetolikos,2.0,1.0,,,4.0,6.0,1.0,3.0,0.0,0.0,23.0,7.0,Desconocido
Primeira Liga,94.0,,,False,2025-02-23,240.0,231.0,Arouca,Farense,2.0,2.0,,,4.0,9.0,2.0,3.0,0.0,0.0,12.0,17.0,Desconocido
Super League Greece,,,,False,2025-02-23,955.0,,Asteras Tripolis,AEK,0.0,3.0,,,0.0,2.0,1.0,1.0,1.0,0.0,2.0,15.0,Desconocido
La Liga,140.0,,,False,2025-02-23,,720.0,Ath Bilbao,Valladolid,7.0,1.0,,,4.0,4.0,2.0,3.0,0.0,1.0,29.0,5.0,Desconocido
Bundesliga,218.0,,,False,2025-02-23,,,Bayern Munich,Ein Frankfurt,4.0,0.0,,,4.0,1.0,1.0,1.0,0.0,0.0,19.0,7.0,Desconocido
Serie B,136,Italy,,False,2025-02-23,518,1578,Brescia,Sudtirol,0.0,0.0,,,5.0,5.0,0.0,2.0,0.0,0.0,26.0,7.0,A. Giua
La Liga 2,,,,False,2025-02-23,724.0,,Cadiz,Castellon,0.0,0.0,,,6.0,3.0,1.0,1.0,0.0,0.0,11.0,8.0,Desconocido
Serie A,71.0,,,False,2025-02-23,490.0,10019.0,Cagliari,Juventus,0.0,1.0,,,3.0,4.0,0.0,1.0,0.0,0.0,8.0,14.0,Desconocido
Jupiler Pro League,144.0,,,False,2025-02-23,,,Club Brugge,Standard,1.0,2.0,,,7.0,8.0,3.0,4.0,1.0,0.0,13.0,11.0,Desconocido
Serie A,71.0,,,False,2025-02-23,895.0,492.0,Como,Napoli,2.0,1.0,,,4.0,6.0,1.0,3.0,0.0,0.0,8.0,13.0,Desconocido
Serie B,72.0,,,False,2025-02-23,10137.0,522.0,Cosenza,Palermo,0.0,3.0,,,11.0,2.0,2.0,2.0,0.0,0.0,17.0,11.0,Desconocido
Bundesliga 2,,,,False,2025-02-23,,,Darmstadt,Schalke 04,2.0,0.0,,,3.0,11.0,4.0,5.0,0.0,1.0,12.0,5.0,Desconocido
La Liga 2,,,,False,2025-02-23,797.0,,Elche,Cartagena,2.0,1.0,,,10.0,3.0,2.0,3.0,0.0,0.0,19.0,9.0,Desconocido
Serie A,71.0,,,False,2025-02-23,511.0,499.0,Empoli,Atalanta,0.0,5.0,,,3.0,4.0,0.0,1.0,0.0,0.0,10.0,14.0,Desconocido
Primeira Liga,94.0,,,False,2025-02-23,15130.0,227.0,Estrela,Santa Clara,0.0,0.0,,,5.0,2.0,3.0,1.0,0.0,0.0,10.0,4.0,Desconocido
Bundesliga 2,,,,False,2025-02-23,,,FC Koln,Fortuna Dusseldorf,1.0,1.0,,,7.0,0.0,2.0,4.0,0.0,0.0,16.0,10.0,Desconocido
Primeira Liga,94.0,,,False,2025-02-23,242.0,215.0,Famalicao,Moreirense,2.0,0.0,,,3.0,1.0,3.0,3.0,0.0,0.0,17.0,8.0,Desconocido
Jupiler Pro League,144.0,,,False,2025-02-23,742.0,631.0,Genk,Gent,0.0,0.0,,,7.0,5.0,2.0,2.0,0.0,0.0,18.0,11.0,Desconocido
La Liga,140.0,,,False,2025-02-23,546.0,,Getafe,Betis,1.0,2.0,,,2.0,5.0,3.0,0.0,1.0,1.0,10.0,13.0,Desconocido
Bundesliga 2,,,,False,2025-02-23,,,Greuther Furth,Braunschweig,3.0,0.0,,,3.0,5.0,4.0,3.0,0.0,0.0,19.0,8.0,Desconocido
Bundesliga,218.0,,,False,2025-02-23,,,Hoffenheim,Stuttgart,1.0,1.0,,,4.0,8.0,0.0,0.0,0.0,0.0,9.0,14.0,Desconocido
Turkey Super Lig,,,,False,2025-02-23,1001.0,,Kayserispor,Goztep,1.0,0.0,,,5.0,3.0,1.0,2.0,0.0,0.0,10.0,15.0,Desconocido
Jupiler Pro League,144.0,,,False,2025-02-23,734.0,741.0,Kortrijk,Cercle Brugge,1.0,1.0,,,5.0,3.0,4.0,2.0,0.0,0.0,11.0,4.0,Desconocido
La Liga 2,,,,False,2025-02-23,,726.0,La Coruna,Huesca,0.0,0.0,,,7.0,0.0,1.0,4.0,0.0,0.0,15.0,4.0,Desconocido
Super League Greece,197,Greece,,False,2025-02-23,956,617,Lamia,Panathinaikos,3.0,1.0,,,5.0,6.0,2.0,4.0,0.0,0.0,8.0,21.0,A. Evangelou
Ligue 1,61.0,,,False,2025-02-23,111.0,96.0,Le Havre,Toulouse,1.0,4.0,,,5.0,3.0,0.0,2.0,1.0,0.0,11.0,11.0,Desconocido
La Liga 2,141,Spain,,False,2025-02-23,539,799,Levante,Mirandes,1.0,0.0,,,5.0,5.0,4.0,0.0,1.0,1.0,11.0,11.0,Carlos Muñiz
Ligue 1,61.0,,,False,2025-02-23,80.0,,Lyon,Paris SG,2.0,3.0,,,5.0,4.0,1.0,1.0,0.0,0.0,14.0,15.0,Desconocido
Premier League,569.0,,,False,2025-02-23,,40.0,Man City,Liverpool,0.0,2.0,,,7.0,5.0,0.0,0.0,0.0,0.0,16.0,8.0,Desconocido
League 1,,,,False,2025-02-23,,1837.0,Mansfield,Wrexham,1.0,2.0,,,0.0,3.0,4.0,0.0,0.0,0.0,11.0,9.0,Desconocido
Ligue 1,61.0,,,False,2025-02-23,83.0,116.0,Nantes,Lens,3.0,1.0,,,2.0,11.0,2.0,4.0,0.0,1.0,17.0,14.0,Desconocido
Premier League,569.0,,,False,2025-02-23,34.0,,Newcastle,Nott'm Forest,4.0,3.0,,,7.0,6.0,1.0,4.0,0.0,0.0,13.0,17.0,Desconocido
Ligue 1,61.0,,,False,2025-02-23,84.0,82.0,Nice,Montpellier,2.0,0.0,,,8.0,5.0,1.0,1.0,0.0,0.0,16.0,13.0,Desconocido
Super League Greece,,,,False,2025-02-23,3415.0,619.0,Olympiakos,PAOK,2.0,1.0,,,2.0,3.0,2.0,2.0,0.0,0.0,18.0,8.0,Desconocido
Bundesliga,218.0,,,False,2025-02-23,173.0,,RB Leipzig,Heidenheim,2.0,2.0,,,7.0,4.0,3.0,3.0,0.0,0.0,17.0,4.0,Desconocido
La Liga,140.0,,,False,2025-02-23,541.0,547.0,Real Madrid,Girona,2.0,0.0,,,11.0,5.0,0.0,2.0,0.0,0.0,22.0,6.0,Desconocido
Serie B,72.0,,,False,2025-02-23,514.0,512.0,Salernitana,Frosinone,1.0,1.0,,,3.0,3.0,1.0,5.0,0.0,2.0,16.0,9.0,Desconocido
La Liga,140.0,,,False,2025-02-23,,537.0,Sociedad,Leganes,3.0,0.0,,,3.0,3.0,3.0,3.0,0.0,0.0,12.0,8.0,Desconocido
Serie B,72.0,,,False,2025-02-23,515.0,1687.0,Spezia,Catanzaro,0.0,1.0,,,4.0,1.0,5.0,4.0,1.0,1.0,20.0,11.0,Desconocido
Premiership Escocia,,,,False,2025-02-23,,,St Johnstone,Hearts,1.0,2.0,,,3.0,6.0,0.0,3.0,0.0,0.0,7.0,12.0,Desconocido
Ligue 1,61.0,,,False,2025-02-23,95.0,,Strasbourg,Brest,0.0,0.0,,,1.0,8.0,3.0,1.0,0.0,0.0,3.0,12.0,Desconocido
Turkey Super Lig,,,,False,2025-02-23,998.0,,Trabzonspor,Gaziantep,3.0,2.0,,,1.0,6.0,1.0,1.0,0.0,0.0,20.0,17.0,Desconocido
Eredivisie,88.0,,,False,2025-02-23,415.0,,Twente,Nijmegen,2.0,0.0,,,2.0,4.0,1.0,2.0,0.0,0.0,13.0,11.0,Desconocido
Serie A,71.0,,,False,2025-02-23,,502.0,Verona,Fiorentina,1.0,0.0,,,4.0,1.0,3.0,3.0,0.0,0.0,7.0,8.0,Desconocido
Championship,407.0,,,False,2025-02-23,38.0,1359.0,Watford,Luton,2.0,0.0,,,4.0,6.0,2.0,2.0,0.0,0.0,10.0,10.0,Desconocido
Premiership Escocia,179,Scotland,,False,2025-02-22,252,250,Aberdeen,Kilmarnock,1.0,0.0,,,8.0,5.0,2.0,3.0,0.0,0.0,10.0,9.0,N. Walsh
League 2,,,,False,2025-02-22,,1354.0,Accrington,Doncaster,1.0,2.0,,,4.0,3.0,5.0,3.0,0.0,1.0,8.0,7.0,Desconocido
La Liga,140.0,,,False,2025-02-22,542.0,,Alaves,Espanol,0.0,1.0,,,7.0,0.0,2.0,2.0,0.0,0.0,15.0,9.0,Desconocido
National League,43.0,,,False,2025-02-22,,1366.0,Aldershot,Hartlepool,3.0,2.0,,,,,1.0,2.0,0.0,0.0,,,Desconocido
National League,43.0,,,False,2025-02-22,4700.0,,Altrincham,Fylde,1.0,2.0,,,,,1.0,1.0,0.0,0.0,,,Desconocido
League 1 Escocia,,,,False,2025-02-22,6757.0,,Annan Athletic,Alloa,3.0,4.0,,,5.0,6.0,1.0,2.0,0.0,0.0,13.0,7.0,Desconocido
Turkey Super Lig,,,,False,2025-02-22,1005.0,,Antalyaspor,Kasimpasa,2.0,1.0,,,4.0,6.0,1.0,2.0,0.0,0.0,9.0,11.0,Desconocido
Jupiler Pro League,144.0,,,False,2025-02-22,740.0,,Antwerp,Oud-Heverlee Leuven,2.0,2.0,,,7.0,4.0,3.0,3.0,0.0,0.0,22.0,10.0,Desconocido
Premier League,569.0,,,False,2025-02-22,9419.0,48.0,Arsenal,West Ham,0.0,1.0,,,2.0,0.0,1.0,3.0,1.0,0.0,20.0,5.0,Desconocido
Premier League,569.0,,,False,2025-02-22,66.0,49.0,Aston Villa,Chelsea,2.0,1.0,,,2.0,3.0,1.0,3.0,0.0,0.0,12.0,15.0,Desconocido
Super League Greece,,,,False,2025-02-22,,,Athens Kallithea,OFI Crete,1.0,3.0,,,10.0,3.0,1.0,4.0,0.0,0.0,18.0,9.0,Desconocido
Super League Greece,197,Greece,,False,2025-02-22,12260,2099,Atromitos,Panserraikos,1.0,0.0,,,6.0,4.0,1.0,1.0,0.0,0.0,15.0,8.0,P. Tsiaras
Ligue 1,61.0,,,False,2025-02-22,108.0,81.0,Auxerre,Marseille,3.0,0.0,,,2.0,5.0,1.0,3.0,0.0,1.0,9.0,8.0,Desconocido
Championship Escocia,,,,False,2025-02-22,,255.0,Ayr,Livingston,1.0,2.0,,,2.0,4.0,1.0,2.0,0.0,0.0,4.0,9.0,Desconocido
Primeira Liga,94.0,,,False,2025-02-22,211.0,,Benfica,Boavista,3.0,0.0,,,13.0,2.0,0.0,3.0,0.0,1.0,31.0,6.0,Desconocido
League 1,41,England,,False,2025-02-22,1356,1362,Blackpool,Crawley Town,3.0,1.0,,,5.0,2.0,1.0,1.0,1.0,0.0,9.0,14.0,T. Reeves
League 1,41,England,,False,2025-02-22,68,1373,Bolton,Leyton Orient,2.0,1.0,,,5.0,7.0,2.0,3.0,0.0,0.0,10.0,13.0,S. Purkiss
League 2 Escocia,,,,False,2025-02-22,,,Bonnyrigg Rose,Forfar,0.0,2.0,,,3.0,5.0,3.0,3.0,0.0,0.0,10.0,3.0,Desconocido
National League,43.0,,,False,2025-02-22,,1822.0,Boston Utd,Eastleigh,1.0,2.0,,,,,0.0,2.0,0.0,0.0,,,Desconocido
Premier League,569.0,,,False,2025-02-22,35.0,39.0,Bournemouth,Wolves,0.0,1.0,,,6.0,7.0,3.0,3.0,1.0,0.0,8.0,13.0,Desconocido
League 2,42,England,,False,2025-02-22,1343,1348,Bradford,Milton Keynes Dons,2.0,0.0,,,3.0,4.0,3.0,1.0,0.0,0.0,14.0,5.0,S. Stockbridge
League 2,,,,False,2025-02-22,1832.0,,Bromley,Harrogate,2.0,0.0,,,5.0,4.0,0.0,3.0,0.0,0.0,7.0,14.0,Desconocido
La Liga 2,141,Spain,,False,2025-02-22,9580,718,Burgos,Oviedo,1.0,2.0,,,4.0,2.0,2.0,1.0,0.0,0.0,8.0,8.0,José Guzmán
Ligue 2,62.0,,,False,2025-02-22,88.0,,Caen,Pau FC,2.0,2.0,,,5.0,2.0,5.0,4.0,1.0,1.0,12.0,10.0,Desconocido
League 1,,,,False,2025-02-22,,,Cambridge,Stockport,2.0,0.0,,,0.0,5.0,1.0,0.0,0.0,1.0,4.0,18.0,Desconocido
League 2,42,England,,False,2025-02-22,1371,1347,Carlisle,Gillingham,0.0,0.0,,,6.0,3.0,2.0,2.0,0.0,0.0,15.0,14.0,S. Jackson
Primeira Liga,94.0,,,False,2025-02-22,4716.0,,Casa Pia,Gil Vicente,1.0,0.0,,,2.0,5.0,1.0,2.0,0.0,0.0,10.0,4.0,Desconocido
League 1,,,,False,2025-02-22,1335.0,,Charlton,Exeter,3.0,0.0,,,6.0,2.0,3.0,3.0,0.0,0.0,11.0,6.0,Desconocido
Serie B,72.0,,,False,2025-02-22,510.0,899.0,Cittadella,Modena,0.0,2.0,,,5.0,2.0,1.0,2.0,0.0,0.0,13.0,16.0,Desconocido
League 2 Escocia,184,Scotland,,False,2025-02-22,6762,6781,Clyde,Spartans,0.0,2.0,,,5.0,5.0,4.0,2.0,0.0,0.0,8.0,5.0,G. Soutar
League 2,42,England,,False,2025-02-22,1361,1333,Colchester,AFC Wimbledon,1.0,1.0,,,3.0,3.0,2.0,6.0,1.0,0.0,10.0,9.0,R. Eley
League 1 Escocia,183,Scotland,,False,2025-02-22,6763,1382,Cove Rangers,Dumbarton,2.0,1.0,,,12.0,4.0,0.0,2.0,0.0,0.0,18.0,3.0,S. Kirkland
Championship,407.0,,,False,2025-02-22,1346.0,59.0,Coventry,Preston,2.0,1.0,,,10.0,3.0,0.0,1.0,0.0,0.0,17.0,7.0,Desconocido
Serie B,72.0,,,False,2025-02-22,520.0,509.0,Cremonese,Cesena,1.0,2.0,,,4.0,6.0,4.0,1.0,0.0,0.0,13.0,11.0,Desconocido
League 2,42,England,,False,2025-02-22,1363,1819,Crewe,Barrow,3.0,0.0,,,5.0,5.0,0.0,3.0,0.0,0.0,11.0,9.0,D. Rock
National League,43.0,,,False,2025-02-22,,1349.0,Dag and Red,Oldham,2.0,2.0,,,,,1.0,0.0,0.0,0.0,,,Desconocido
Jupiler Pro League,144.0,,,False,2025-02-22,6215.0,263.0,Dender,Beerschot VA,0.0,0.0,,,1.0,9.0,4.0,1.0,1.0,0.0,8.0,18.0,Desconocido
Championship,407.0,,,False,2025-02-22,69.0,58.0,Derby,Millwall,0.0,1.0,,,4.0,4.0,2.0,0.0,0.0,0.0,9.0,11.0,Desconocido
Bundesliga,218.0,,,False,2025-02-22,,182.0,Dortmund,Union Berlin,6.0,0.0,,,5.0,3.0,2.0,2.0,0.0,0.0,24.0,6.0,Desconocido
Premiership Escocia,,,,False,2025-02-22,,256.0,Dundee United,Motherwell,1.0,0.0,,,2.0,7.0,0.0,2.0,0.0,0.0,10.0,10.0,Desconocido
Championship Escocia,,,,False,2025-02-22,1388.0,,Dunfermline,Queens Park,0.0,0.0,,,4.0,2.0,1.0,0.0,0.0,0.0,10.0,3.0,Desconocido
League 2 Escocia,184,Scotland,,False,2025-02-22,6764,6777,East Fife,Peterhead,0.0,0.0,,,6.0,2.0,4.0,3.0,0.0,0.0,4.0,5.0,G. Grainger
La Liga 2,,,,False,2025-02-22,545.0,,Eibar,Santander,2.0,2.0,,,2.0,3.0,4.0,1.0,0.0,0.0,9.0,14.0,Desconocido
League 2 Escocia,,,,False,2025-02-22,,6766.0,Elgin,Edinburgh City,1.0,2.0,,,2.0,7.0,4.0,2.0,0.0,0.0,6.0,12.0,Desconocido
Primeira Liga,94.0,,,False,2025-02-22,230.0,226.0,Estoril,Rio Ave,2.0,1.0,,,0.0,4.0,2.0,1.0,0.0,0.0,11.0,9.0,Desconocido
Premier League,569.0,,,False,2025-02-22,45.0,,Everton,Man United,2.0,2.0,,,7.0,9.0,4.0,1.0,0.0,0.0,9.0,9.0,Desconocido
La Liga 2,,,,False,2025-02-22,,713.0,Ferrol,Cordoba,0.0,1.0,,,4.0,2.0,2.0,4.0,1.0,0.0,4.0,13.0,Desconocido
Eredivisie,88.0,,,False,2025-02-22,209.0,,Feyenoord,Almere City,2.0,1.0,,,7.0,2.0,0.0,1.0,0.0,0.0,18.0,13.0,Desconocido
National League,43.0,,,False,2025-02-22,1378.0,1836.0,Forest Green,Woking,1.0,1.0,,,,,2.0,1.0,0.0,1.0,,,Desconocido
Premier League,569.0,,,False,2025-02-22,36.0,52.0,Fulham,Crystal Palace,0.0,2.0,,,7.0,7.0,1.0,3.0,0.0,0.0,10.0,10.0,Desconocido
La Liga 2,,,,False,2025-02-22,22018.0,732.0,Granada,Zaragoza,2.0,2.0,,,4.0,7.0,0.0,0.0,0.0,0.0,8.0,12.0,Desconocido
League 2,42,England,,False,2025-02-22,1365,1336,Grimsby,Fleetwood Town,2.0,1.0,,,7.0,3.0,1.0,6.0,0.0,0.0,11.0,9.0,S. Tallis
Bundesliga 2,,,,False,2025-02-22,,,Hannover,Paderborn,1.0,1.0,,,4.0,6.0,3.0,0.0,1.0,0.0,7.0,17.0,Desconocido
Premiership Escocia,179,Scotland,,False,2025-02-22,249,247,Hibernian,Celtic,2.0,1.0,,,5.0,10.0,3.0,2.0,0.0,0.0,8.0,14.0,S. McLean
Bundesliga,218.0,,,False,2025-02-22,191.0,,Holstein Kiel,Leverkusen,0.0,2.0,,,5.0,11.0,4.0,1.0,0.0,0.0,4.0,18.0,Desconocido
League 1,,,,False,2025-02-22,37.0,,Huddersfield,Peterboro,0.0,1.0,,,8.0,5.0,1.0,3.0,0.0,0.0,12.0,11.0,Desconocido
Serie A,71.0,,,False,2025-02-22,505.0,495.0,Inter,Genoa,1.0,0.0,,,6.0,7.0,0.0,2.0,0.0,0.0,18.0,11.0,Desconocido
Premier League,569.0,,,False,2025-02-22,57.0,47.0,Ipswich,Tottenham,1.0,4.0,,,4.0,4.0,2.0,1.0,0.0,0.0,17.0,10.0,Desconocido
Bundesliga 2,,,,False,2025-02-22,,,Karlsruhe,Magdeburg,3.0,1.0,,,3.0,6.0,1.0,4.0,0.0,1.0,7.0,14.0,Desconocido
League 1 Escocia,,,,False,2025-02-22,6773.0,,Kelty Hearts,Inverness C,0.0,1.0,,,4.0,4.0,2.0,2.0,0.0,0.0,11.0,6.0,Desconocido
La Liga,140.0,,,False,2025-02-22,534.0,529.0,Las Palmas,Barcelona,0.0,2.0,,,5.0,3.0,1.0,1.0,0.0,0.0,10.0,15.0,Desconocido
Ligue 1,61.0,,,False,2025-02-22,79.0,91.0,Lille,Monaco,2.0,1.0,,,1.0,6.0,4.0,2.0,0.0,0.0,9.0,13.0,Desconocido
League 1,,,,False,2025-02-22,1379.0,,Lincoln,Burton,0.0,1.0,,,4.0,4.0,3.0,2.0,0.0,0.0,7.0,8.0,Desconocido
Ligue 2,62.0,,,False,2025-02-22,97.0,433.0,Lorient,Laval,0.0,1.0,,,4.0,3.0,2.0,4.0,0.0,0.0,17.0,7.0,Desconocido
Bundesliga,218.0,,,False,2025-02-22,,,M'gladbach,Augsburg,0.0,3.0,,,2.0,4.0,3.0,2.0,1.0,0.0,8.0,17.0,Desconocido
National League,43.0,,,False,2025-02-22,1838.0,,Maidenhead,Yeovil,0.0,2.0,,,,,3.0,2.0,0.0,0.0,,,Desconocido
Bundesliga,218.0,,,False,2025-02-22,,,Mainz,St Pauli,2.0,0.0,,,6.0,5.0,3.0,3.0,0.0,0.0,10.0,12.0,Desconocido
Serie B,72.0,,,False,2025-02-22,1693.0,508.0,Mantova,Bari,0.0,1.0,,,1.0,9.0,3.0,3.0,0.0,0.0,7.0,14.0,Desconocido
Ligue 2,62.0,,,False,2025-02-22,112.0,,Metz,Ajaccio,0.0,1.0,,,4.0,2.0,4.0,1.0,0.0,0.0,18.0,6.0,Desconocido
League 1 Escocia,,,,False,2025-02-22,4251.0,,Montrose,Queen of Sth,0.0,3.0,,,0.0,1.0,2.0,2.0,0.0,0.0,1.0,8.0,Desconocido
League 2,42,England,,False,2025-02-22,1375,1342,Morecambe,Walsall,0.0,2.0,,,3.0,7.0,0.0,0.0,1.0,0.0,17.0,13.0,B. Speedie
League 2,42,England,,False,2025-02-22,1367,1372,Newport County,Cheltenham,0.0,3.0,,,5.0,5.0,1.0,1.0,1.0,0.0,11.0,10.0,J. Simpson
League 1,,,,False,2025-02-22,1337.0,,Northampton,Bristol Rvs,2.0,1.0,,,8.0,4.0,2.0,2.0,0.0,0.0,8.0,8.0,Desconocido
Championship,407.0,,,False,2025-02-22,71.0,,Norwich,Stoke,4.0,2.0,,,4.0,4.0,0.0,1.0,0.0,0.0,16.0,7.0,Desconocido
League 2,42,England,,False,2025-02-22,1376,1381,Notts County,Tranmere,2.0,1.0,,,5.0,8.0,2.0,4.0,0.0,0.0,13.0,20.0,J. Miles
Serie A,71.0,,,False,2025-02-22,523.0,500.0,Parma,Bologna,2.0,0.0,,,0.0,4.0,2.0,1.0,0.0,0.0,4.0,16.0,Desconocido
Championship Escocia,,,,False,2025-02-22,901.0,,Partick,Airdrie Utd,1.0,1.0,,,2.0,5.0,4.0,3.0,0.0,0.0,11.0,8.0,Desconocido
Serie B,72.0,,,False,2025-02-22,801.0,863.0,Pisa,Juve Stabia,3.0,1.0,,,4.0,0.0,2.0,2.0,0.0,1.0,12.0,6.0,Desconocido
Championship,407.0,,,False,2025-02-22,1357.0,43.0,Plymouth,Cardiff,1.0,1.0,,,0.0,6.0,4.0,3.0,0.0,1.0,14.0,11.0,Desconocido
League 2,,,,False,2025-02-22,1351.0,,Port Vale,Salford,2.0,1.0,,,6.0,5.0,0.0,2.0,1.0,0.0,9.0,11.0,Desconocido
Championship,407.0,,,False,2025-02-22,1355.0,72.0,Portsmouth,QPR,2.0,1.0,,,5.0,1.0,3.0,2.0,0.0,0.0,7.0,9.0,Desconocido
Bundesliga 2,,,,False,2025-02-22,1313.0,,Preußen Münster,Regensburg,2.0,0.0,,,4.0,3.0,6.0,3.0,0.0,0.0,14.0,8.0,Desconocido
Championship Escocia,,,,False,2025-02-22,,,Raith Rvs,Hamilton,2.0,0.0,,,5.0,0.0,1.0,2.0,0.0,0.0,9.0,0.0,Desconocido
Premiership Escocia,,,,False,2025-02-22,257.0,,Rangers,St Mirren,0.0,2.0,,,11.0,3.0,1.0,2.0,0.0,0.0,17.0,10.0,Desconocido
League 1,41,England,,False,2025-02-22,53,54,Reading,Birmingham,0.0,0.0,,,4.0,7.0,1.0,1.0,0.0,0.0,8.0,12.0,A. Chilowicz
Serie B,72.0,,,False,2025-02-22,880.0,1581.0,Reggiana,Carrarese,2.0,2.0,,,5.0,4.0,2.0,3.0,0.0,0.0,11.0,10.0,Desconocido
National League,43.0,,,False,2025-02-22,1339.0,1369.0,Rochdale,Barnet,0.0,4.0,,,,,0.0,0.0,0.0,0.0,,,Desconocido
Premiership Escocia,179,Scotland,,False,2025-02-22,902,253,Ross County,Dundee,3.0,1.0,,,9.0,6.0,0.0,2.0,0.0,0.0,20.0,11.0,M. McDermid
League 1,41,England,,False,2025-02-22,73,747,Rotherham,Barnsley,0.0,1.0,,,11.0,3.0,1.0,1.0,0.0,0.0,10.0,10.0,O. Yates
Turkey Super Lig,203,Turkey,,False,2025-02-22,3603,1007,Samsunspor,Rizespor,2.0,3.0,,,1.0,5.0,1.0,2.0,0.0,0.0,9.0,13.0,H. Meler
League 1,41,England,,False,2025-02-22,1352,1368,Shrewsbury,Stevenage,0.0,1.0,,,5.0,5.0,0.0,0.0,0.0,0.0,10.0,6.0,M. Barlow
Turkey Super Lig,203,Turkey,,False,2025-02-22,1002,607,Sivasspor,Konyaspor,1.0,1.0,,,4.0,2.0,2.0,4.0,1.0,0.0,11.0,9.0,Z. Küçük
National League,43.0,,,False,2025-02-22,,1823.0,Solihull,Gateshead,1.0,3.0,,,,,1.0,3.0,0.0,0.0,,,Desconocido
Premier League,569.0,,,False,2025-02-22,41.0,51.0,Southampton,Brighton,0.0,4.0,,,5.0,6.0,2.0,0.0,0.0,0.0,6.0,18.0,Desconocido
La Liga 2,,,,False,2025-02-22,,723.0,Sp Gijon,Almeria,1.0,1.0,,,10.0,4.0,2.0,4.0,0.0,1.0,14.0,20.0,Desconocido
Ligue 1,61.0,,,False,2025-02-22,,77.0,St Etienne,Angers,3.0,3.0,,,4.0,3.0,3.0,0.0,0.0,0.0,19.0,13.0,Desconocido
League 1 Escocia,183,Scotland,,False,2025-02-22,6784,4249,Stenhousemuir,Arbroath,2.0,0.0,,,11.0,5.0,1.0,2.0,0.0,0.0,13.0,7.0,C. Steven
League 2 Escocia,,,,False,2025-02-22,6785.0,,Stranraer,Stirling,3.0,0.0,,,4.0,4.0,0.0,3.0,0.0,0.0,12.0,12.0,Desconocido
Championship,407.0,,,False,2025-02-22,746.0,,Sunderland,Hull,0.0,1.0,,,5.0,3.0,0.0,3.0,0.0,0.0,17.0,8.0,Desconocido
National League,43.0,,,False,2025-02-22,,,Sutton,Braintree Town,1.0,1.0,,,,,1.0,1.0,1.0,0.0,,,Desconocido
Championship,407.0,,,False,2025-02-22,76.0,67.0,Swansea,Blackburn,3.0,0.0,,,5.0,7.0,0.0,2.0,0.0,0.0,14.0,6.0,Desconocido
League 2,,,,False,2025-02-22,,1345.0,Swindon,Chesterfield,1.0,0.0,,,7.0,8.0,3.0,2.0,0.0,0.0,10.0,4.0,Desconocido
National League,43.0,,,False,2025-02-22,7752.0,1341.0,Tamworth,Southend,1.0,1.0,,,,,2.0,1.0,0.0,0.0,,,Desconocido
Serie A,71.0,,,False,2025-02-22,503.0,,Torino,Milan,2.0,1.0,,,4.0,11.0,1.0,1.0,0.0,0.0,9.0,26.0,Desconocido
Bundesliga 2,,,,False,2025-02-22,,,Ulm,Elversberg,0.0,0.0,,,4.0,4.0,4.0,3.0,0.0,0.0,14.0,11.0,Desconocido
La Liga,140.0,,,False,2025-02-22,532.0,,Valencia,Ath Madrid,0.0,3.0,,,7.0,0.0,1.0,3.0,0.0,0.0,18.0,11.0,Desconocido
La Liga,140.0,,,False,2025-02-22,,533.0,Vallecano,Villarreal,0.0,1.0,,,3.0,5.0,1.0,4.0,1.0,0.0,10.0,10.0,Desconocido
Serie A,71.0,,,False,2025-02-22,517.0,487.0,Venezia,Lazio,0.0,0.0,,,6.0,6.0,4.0,2.0,0.0,0.0,9.0,9.0,Desconocido
Super League Greece,,,,False,2025-02-22,2110.0,,Volos NFC,Levadeiakos,1.0,2.0,,,4.0,2.0,5.0,2.0,0.0,0.0,8.0,10.0,Desconocido
National League,43.0,,,False,2025-02-22,8663.0,,Wealdstone,Ebbsfleet,4.0,2.0,,,,,3.0,1.0,0.0,1.0,,,Desconocido
Championship,407.0,,,False,2025-02-22,60.0,,West Brom,Oxford,2.0,0.0,,,13.0,2.0,2.0,3.0,0.0,0.0,22.0,5.0,Desconocido
Jupiler Pro League,144.0,,,False,2025-02-22,,736.0,Westerlo,Charleroi,1.0,3.0,,,2.0,9.0,1.0,1.0,0.0,0.0,6.0,11.0,Desconocido
Bundesliga,218.0,,,False,2025-02-22,,,Wolfsburg,Bochum,1.0,1.0,,,3.0,5.0,2.0,3.0,0.0,0.0,13.0,11.0,Desconocido
League 1,41,England,,False,2025-02-22,1358,61,Wycombe,Wigan,0.0,0.0,,,6.0,2.0,3.0,1.0,0.0,0.0,12.0,4.0,L. Doughty
National League,43.0,,,False,2025-02-22,1828.0,,York,Halifax,2.0,2.0,,,,,2.0,3.0,1.0,0.0,,,Desconocido
Ligue 2,62.0,,,False,2025-02-21,1305.0,,Bastia,Red Star,1.0,0.0,,,1.0,2.0,4.0,1.0,0.0,0.0,15.0,5.0,Desconocido
Turkey Super Lig,,,,False,2025-02-21,,3575.0,Bodrumspor,Hatayspor,1.0,0.0,,,9.0,6.0,1.0,2.0,0.0,0.0,10.0,8.0,Desconocido
Championship,407.0,,,False,2025-02-21,56.0,70.0,Bristol City,Middlesbrough,2.0,1.0,,,4.0,1.0,0.0,2.0,0.0,0.0,21.0,11.0,Desconocido
Championship,407.0,,,False,2025-02-21,44.0,,Burnley,Sheffield Weds,4.0,0.0,,,4.0,9.0,3.0,4.0,0.0,0.0,7.0,11.0,Desconocido
La Liga,140.0,,,False,2025-02-21,,727.0,Celta,Osasuna,1.0,0.0,,,5.0,4.0,1.0,0.0,0.0,0.0,12.0,18.0,Desconocido
Ligue 2,62.0,,,False,2025-02-21,1304.0,,Dunkerque,Clermont,3.0,0.0,,,9.0,4.0,2.0,1.0,0.0,0.0,15.0,7.0,Desconocido
Turkey Super Lig,,,,False,2025-02-21,,,Eyupspor,Besiktas,1.0,3.0,,,4.0,2.0,2.0,1.0,0.0,0.0,7.0,18.0,Desconocido
Bundesliga,218.0,,,False,2025-02-21,,162.0,Freiburg,Werder Bremen,5.0,0.0,,,3.0,7.0,3.0,0.0,0.0,0.0,13.0,9.0,Desconocido
Ligue 2,62.0,,,False,2025-02-21,101.0,90.0,Grenoble,Guingamp,1.0,1.0,,,1.0,6.0,1.0,1.0,0.0,0.0,9.0,24.0,Desconocido
Bundesliga 2,,,,False,2025-02-21,,,Hamburg,Kaiserslautern,3.0,0.0,,,11.0,2.0,1.0,1.0,0.0,0.0,15.0,13.0,Desconocido
Bundesliga 2,,,,False,2025-02-21,,,Hertha,Nurnberg,0.0,0.0,,,6.0,4.0,2.0,2.0,0.0,0.0,16.0,4.0,Desconocido
Serie A,71.0,,,False,2025-02-21,867.0,494.0,Lecce,Udinese,0.0,1.0,,,11.0,8.0,1.0,3.0,0.0,0.0,10.0,12.0,Desconocido
Premier League,569.0,,,False,2025-02-21,46.0,55.0,Leicester,Brentford,0.0,4.0,,,5.0,6.0,4.0,0.0,0.0,0.0,8.0,14.0,Desconocido
La Liga 2,141,Spain,,False,2025-02-21,535,719,Malaga,Tenerife,1.0,0.0,,,9.0,0.0,2.0,3.0,0.0,0.0,12.0,6.0,Salvador Lax
Ligue 2,62,France,,False,2025-02-21,3200,3012,Martigues,Annecy,2.0,0.0,,,2.0,1.0,3.0,1.0,0.0,0.0,12.0,12.0,G. Kubler
Jupiler Pro League,144.0,,,False,2025-02-21,,,Mechelen,St Truiden,1.0,1.0,,,4.0,0.0,2.0,2.0,0.0,0.0,5.0,11.0,Desconocido
Championship Escocia,180,Scotland,,False,2025-02-21,1383,1389,Morton,Falkirk,0.0,2.0,,,2.0,10.0,3.0,1.0,0.0,0.0,2.0,12.0,D. McFarlane
Ligue 2,62.0,,,False,2025-02-21,114.0,,Paris FC,Troyes,1.0,0.0,,,3.0,5.0,4.0,1.0,0.0,0.0,9.0,11.0,Desconocido
Ligue 1,61.0,,,False,2025-02-21,94.0,93.0,Rennes,Reims,1.0,0.0,,,9.0,2.0,1.0,2.0,0.0,2.0,26.0,3.0,Desconocido
Ligue 2,62.0,,,False,2025-02-21,1301.0,87.0,Rodez,Amiens,1.0,1.0,,,13.0,3.0,2.0,4.0,0.0,0.0,17.0,5.0,Desconocido
Serie B,72.0,,,False,2025-02-21,498.0,488.0,Sampdoria,Sassuolo,0.0,0.0,,,5.0,3.0,5.0,3.0,0.0,0.0,4.0,5.0,Desconocido
Primeira Liga,94.0,,,False,2025-02-21,,225.0,Sp Braga,Nacional,1.0,0.0,,,7.0,6.0,1.0,2.0,0.0,0.0,20.0,8.0,Desconocido
Premier League,569.0,,,False,2025-02-19,66.0,40.0,Aston Villa,Liverpool,2.0,2.0,,,6.0,8.0,1.0,0.0,0.0,0.0,9.0,17.0,Desconocido
National League,43.0,,,False,2025-02-19,,8663.0,Braintree Town,Wealdstone,1.0,2.0,,,,,1.0,2.0,1.0,0.0,,,Desconocido
National League,43.0,,,False,2025-02-19,1822.0,,Eastleigh,Dag and Red,3.0,0.0,,,,,0.0,2.0,0.0,0.0,,,Desconocido
National League,43.0,,,False,2025-02-19,,1339.0,Halifax,Rochdale,0.0,0.0,,,,,0.0,2.0,0.0,0.0,,,Desconocido
Championship,407.0,,,False,2025-02-19,1359.0,1357.0,Luton,Plymouth,1.0,1.0,,,10.0,2.0,0.0,2.0,0.0,0.0,17.0,3.0,Desconocido
National League,43.0,,,False,2025-02-19,1836.0,,Woking,Solihull,1.0,0.0,,,,,0.0,1.0,0.0,0.0,,,Desconocido
National League,43.0,,,False,2025-02-18,1369.0,1828.0,Barnet,York,3.0,1.0,,,,,4.0,2.0,0.0,0.0,,,Desconocido
League 1,41,England,,False,2025-02-18,1362,61,Crawley Town,Wigan,1.0,1.0,,,3.0,17.0,1.0,2.0,0.0,0.0,11.0,27.0,R. Eley
National League,43.0,,,False,2025-02-18,,1378.0,Ebbsfleet,Forest Green,0.0,0.0,,,,,1.0,2.0,0.0,0.0,,,Desconocido
League 2,42,England,,False,2025-02-18,1336,1333,Fleetwood Town,AFC Wimbledon,0.0,0.0,,,16.0,2.0,2.0,0.0,0.0,0.0,19.0,5.0,P. Howard
National League,43.0,,,False,2025-02-18,,,Fylde,Boston Utd,1.0,2.0,,,,,1.0,0.0,0.0,0.0,,,Desconocido
National League,43.0,,,False,2025-02-18,1823.0,,Gateshead,Sutton,4.0,3.0,,,,,1.0,2.0,0.0,0.0,,,Desconocido
National League,43.0,,,False,2025-02-18,1366.0,4700.0,Hartlepool,Altrincham,1.0,2.0,,,,,3.0,1.0,0.0,0.0,,,Desconocido
League 1,,,,False,2025-02-18,,1379.0,Mansfield,Lincoln,0.0,3.0,,,3.0,8.0,2.0,3.0,0.0,0.0,11.0,10.0,Desconocido
League 2,42,England,,False,2025-02-18,1375,1354,Morecambe,Doncaster,0.0,1.0,,,4.0,9.0,2.0,2.0,0.0,1.0,15.0,10.0,O. Yates
Championship Escocia,,,,False,2025-02-18,1383.0,,Morton,Hamilton,2.0,0.0,,,14.0,14.0,0.0,1.0,0.0,0.0,5.0,5.0,Desconocido
League 2,42,England,,False,2025-02-18,1376,1361,Notts County,Colchester,1.0,1.0,,,8.0,3.0,1.0,2.0,0.0,0.0,14.0,11.0,S. Jackson
National League,43.0,,,False,2025-02-18,1349.0,1838.0,Oldham,Maidenhead,0.0,1.0,,,,,1.0,6.0,0.0,0.0,,,Desconocido
Championship,407.0,,,False,2025-02-18,59.0,58.0,Preston,Millwall,1.0,1.0,,,7.0,4.0,0.0,4.0,0.0,0.0,16.0,9.0,Desconocido
League 1,41,England,,False,2025-02-18,1352,37,Shrewsbury,Huddersfield,0.0,1.0,,,8.0,6.0,4.0,2.0,0.0,0.0,8.0,14.0,J. Oldham
National League,43.0,,,False,2025-02-18,1341.0,,Southend,Aldershot,2.0,1.0,,,,,1.0,3.0,0.0,0.0,,,Desconocido
League 1,,,,False,2025-02-18,1368.0,,Stevenage,Burton,0.0,1.0,,,11.0,3.0,0.0,3.0,0.0,1.0,16.0,8.0,Desconocido
League 1,41,England,,False,2025-02-18,1837,1373,Wrexham,Leyton Orient,1.0,2.0,,,7.0,5.0,1.0,2.0,0.0,1.0,19.0,11.0,D. Drysdale
League 1,,,,False,2025-02-18,1358.0,,Wycombe,Bristol Rvs,2.0,0.0,,,6.0,1.0,1.0,1.0,0.0,1.0,14.0,3.0,Desconocido
National League,43.0,,,False,2025-02-18,,7752.0,Yeovil,Tamworth,2.0,1.0,,,,,1.0,1.0,0.0,0.0,,,Desconocido
La Liga 2,141,Spain,,False,2025-02-17,723,797,Almeria,Elche,1.0,1.0,,,4.0,3.0,4.0,1.0,1.0,0.0,6.0,10.0,Jon González
Ligue 2,62.0,,,False,2025-02-17,3012.0,88.0,Annecy,Caen,1.0,0.0,,,7.0,9.0,2.0,0.0,0.0,0.0,13.0,6.0,Desconocido
La Liga,140.0,,,False,2025-02-17,529.0,,Barcelona,Vallecano,1.0,0.0,,,4.0,5.0,2.0,3.0,0.0,0.0,14.0,9.0,Desconocido
Serie A,71.0,,,False,2025-02-17,495.0,517.0,Genoa,Venezia,2.0,0.0,,,4.0,5.0,1.0,1.0,0.0,0.0,14.0,7.0,Desconocido
Primeira Liga,94.0,,,False,2025-02-17,,242.0,Gil Vicente,Famalicao,0.0,2.0,,,5.0,11.0,2.0,2.0,0.0,0.0,14.0,20.0,Desconocido
Championship,407.0,,,False,2025-02-17,63.0,746.0,Leeds,Sunderland,2.0,1.0,,,10.0,0.0,3.0,6.0,0.0,0.0,21.0,6.0,Desconocido
Turkey Super Lig,203,Turkey,,False,2025-02-17,1007,645,Rizespor,Galatasaray,1.0,2.0,,,3.0,7.0,3.0,2.0,0.0,0.0,16.0,18.0,Z. Küçük
Eredivisie,88.0,,,False,2025-02-16,194.0,206.0,Ajax,Heracles,4.0,0.0,,,5.0,4.0,0.0,0.0,0.0,0.0,11.0,8.0,Desconocido
La Liga,140.0,,,False,2025-02-16,,,Betis,Sociedad,3.0,0.0,,,5.0,5.0,0.0,2.0,0.0,2.0,24.0,5.0,Desconocido
Jupiler Pro League,144.0,,,False,2025-02-16,741.0,,Cercle Brugge,Westerlo,1.0,1.0,,,8.0,1.0,1.0,2.0,0.0,0.0,24.0,8.0,Desconocido
Serie B,72.0,,,False,2025-02-16,509.0,801.0,Cesena,Pisa,1.0,1.0,,,1.0,2.0,4.0,4.0,1.0,0.0,3.0,14.0,Desconocido
Jupiler Pro League,144.0,,,False,2025-02-16,736.0,554.0,Charleroi,Anderlecht,0.0,1.0,,,3.0,6.0,1.0,3.0,0.0,0.0,13.0,5.0,Desconocido
Bundesliga,218.0,,,False,2025-02-16,,191.0,Ein Frankfurt,Holstein Kiel,3.0,1.0,,,4.0,6.0,2.0,0.0,0.0,0.0,20.0,10.0,Desconocido
La Liga 2,,,,False,2025-02-16,9692.0,,Eldense,La Coruna,2.0,0.0,,,8.0,1.0,0.0,1.0,0.0,0.0,20.0,9.0,Desconocido
La Liga,140.0,,,False,2025-02-16,,,Espanol,Ath Bilbao,1.0,1.0,,,2.0,7.0,1.0,1.0,0.0,0.0,12.0,14.0,Desconocido
Turkey Super Lig,,,,False,2025-02-16,,1001.0,Eyupspor,Kayserispor,1.0,1.0,,,4.0,6.0,3.0,3.0,0.0,0.0,6.0,9.0,Desconocido
Primeira Liga,94.0,,,False,2025-02-16,231.0,,Farense,Porto,0.0,1.0,,,2.0,4.0,4.0,2.0,1.0,0.0,8.0,11.0,Desconocido
Turkey Super Lig,,,,False,2025-02-16,,,Fenerbahce,Kasimpasa,3.0,1.0,,,1.0,3.0,1.0,1.0,0.0,0.0,13.0,13.0,Desconocido
Serie A,71.0,,,False,2025-02-16,502.0,895.0,Fiorentina,Como,0.0,2.0,,,2.0,1.0,3.0,2.0,0.0,0.0,5.0,8.0,Desconocido
Serie B,72.0,,,False,2025-02-16,512.0,880.0,Frosinone,Reggiana,1.0,1.0,,,8.0,3.0,2.0,3.0,0.0,0.0,17.0,10.0,Desconocido
Jupiler Pro League,144.0,,,False,2025-02-16,631.0,263.0,Gent,Beerschot VA,3.0,2.0,,,8.0,6.0,0.0,4.0,0.0,1.0,19.0,15.0,Desconocido
Primeira Liga,94.0,,,False,2025-02-16,224.0,,Guimaraes,Sp Braga,0.0,0.0,,,7.0,4.0,5.0,3.0,0.0,0.0,16.0,6.0,Desconocido
Turkey Super Lig,203,Turkey,,False,2025-02-16,3575,996,Hatayspor,Alanyaspor,1.0,0.0,,,3.0,6.0,5.0,3.0,0.0,1.0,14.0,16.0,A. Kayatepe
Premiership Escocia,,,,False,2025-02-16,,257.0,Hearts,Rangers,1.0,3.0,,,10.0,7.0,1.0,1.0,0.0,0.0,21.0,15.0,Desconocido
Bundesliga,218.0,,,False,2025-02-16,,,Heidenheim,Mainz,0.0,2.0,,,8.0,4.0,1.0,3.0,0.0,0.0,12.0,6.0,Desconocido
La Liga 2,,,,False,2025-02-16,726.0,22018.0,Huesca,Granada,1.0,1.0,,,3.0,7.0,2.0,2.0,0.0,1.0,10.0,7.0,Desconocido
Serie B,72.0,,,False,2025-02-16,863.0,10137.0,Juve Stabia,Cosenza,3.0,0.0,,,4.0,5.0,3.0,4.0,0.0,0.0,7.0,16.0,Desconocido
Serie A,71.0,,,False,2025-02-16,10019.0,505.0,Juventus,Inter,1.0,0.0,,,7.0,5.0,1.0,1.0,0.0,0.0,16.0,17.0,Desconocido
Turkey Super Lig,203,Turkey,,False,2025-02-16,607,3603,Konyaspor,Samsunspor,0.0,1.0,,,7.0,5.0,4.0,6.0,0.0,0.0,9.0,10.0,Y. Kol
Ligue 1,61.0,,,False,2025-02-16,111.0,84.0,Le Havre,Nice,1.0,3.0,,,6.0,2.0,2.0,2.0,0.0,1.0,14.0,9.0,Desconocido
Ligue 1,61.0,,,False,2025-02-16,116.0,95.0,Lens,Strasbourg,0.0,2.0,,,7.0,3.0,4.0,2.0,1.0,0.0,7.0,13.0,Desconocido
Super League Greece,,,,False,2025-02-16,,3408.0,Levadeiakos,Aris,4.0,1.0,,,6.0,3.0,0.0,0.0,0.0,0.0,13.0,8.0,Desconocido
La Liga 2,,,,False,2025-02-16,539.0,,Levante,Sp Gijon,0.0,0.0,,,8.0,2.0,3.0,2.0,0.0,0.0,14.0,5.0,Desconocido
Premier League,569.0,,,False,2025-02-16,40.0,39.0,Liverpool,Wolves,2.0,1.0,,,4.0,3.0,2.0,2.0,0.0,0.0,10.0,16.0,Desconocido
La Liga,140.0,,,False,2025-02-16,798.0,534.0,Mallorca,Las Palmas,3.0,1.0,,,3.0,5.0,1.0,4.0,0.0,0.0,14.0,9.0,Desconocido
Ligue 1,61.0,,,False,2025-02-16,82.0,80.0,Montpellier,Lyon,1.0,4.0,,,7.0,4.0,3.0,1.0,0.0,0.0,11.0,9.0,Desconocido
Serie A,71.0,,,False,2025-02-16,1579.0,867.0,Monza,Lecce,0.0,0.0,,,3.0,7.0,2.0,2.0,0.0,0.0,8.0,19.0,Desconocido
Eredivisie,88.0,,,False,2025-02-16,,,Nijmegen,Almere City,2.0,2.0,,,4.0,7.0,1.0,3.0,0.0,0.0,9.0,13.0,Desconocido
Bundesliga 2,,,,False,2025-02-16,,,Nurnberg,Ulm,2.0,0.0,,,11.0,5.0,0.0,0.0,0.0,0.0,18.0,7.0,Desconocido
La Liga 2,141,Spain,,False,2025-02-16,718,722,Oviedo,Albacete,1.0,0.0,,,7.0,2.0,1.0,0.0,0.0,0.0,17.0,9.0,Rubén Ávalos
Super League Greece,197,Greece,,False,2025-02-16,619,956,PAOK,Lamia,7.0,0.0,,,8.0,3.0,1.0,1.0,0.0,0.0,18.0,5.0,K. Katikos
Serie B,72.0,,,False,2025-02-16,522.0,1693.0,Palermo,Mantova,2.0,2.0,,,6.0,9.0,1.0,4.0,1.0,0.0,14.0,17.0,Desconocido
Super League Greece,197,Greece,,False,2025-02-16,617,2110,Panathinaikos,Volos NFC,2.0,1.0,,,6.0,3.0,3.0,3.0,0.0,0.0,18.0,6.0,A. Tsakalidis
Super League Greece,,,,False,2025-02-16,949.0,,Panetolikos,Athens Kallithea,2.0,0.0,,,6.0,3.0,1.0,2.0,0.0,0.0,14.0,10.0,Desconocido
Super League Greece,,,,False,2025-02-16,2099.0,3415.0,Panserraikos,Olympiakos,0.0,4.0,,,0.0,7.0,0.0,1.0,0.0,0.0,5.0,20.0,Desconocido
Serie A,71.0,,,False,2025-02-16,523.0,,Parma,Roma,0.0,1.0,,,1.0,10.0,0.0,0.0,0.0,0.0,5.0,16.0,Desconocido
Bundesliga 2,,,,False,2025-02-16,,,Regensburg,Hamburg,1.0,1.0,,,9.0,7.0,1.0,5.0,0.0,1.0,15.0,14.0,Desconocido
Ligue 1,61.0,,,False,2025-02-16,93.0,77.0,Reims,Angers,0.0,1.0,,,1.0,4.0,2.0,1.0,0.0,0.0,16.0,10.0,Desconocido
Ligue 1,61.0,,,False,2025-02-16,94.0,79.0,Rennes,Lille,0.0,2.0,,,4.0,8.0,2.0,1.0,1.0,0.0,4.0,18.0,Desconocido
Primeira Liga,94.0,,,False,2025-02-16,226.0,21595.0,Rio Ave,AVS,1.0,1.0,,,2.0,4.0,0.0,0.0,0.0,0.0,16.0,11.0,Desconocido
Bundesliga 2,,,,False,2025-02-16,,,Schalke 04,Karlsruhe,2.0,1.0,,,7.0,4.0,1.0,1.0,0.0,0.0,20.0,14.0,Desconocido
Premiership Escocia,,,,False,2025-02-16,,249.0,St Mirren,Hibernian,0.0,0.0,,,4.0,3.0,4.0,2.0,0.0,1.0,14.0,8.0,Desconocido
Jupiler Pro League,144.0,,,False,2025-02-16,,,St. Gilloise,Mechelen,0.0,1.0,,,9.0,5.0,4.0,1.0,0.0,0.0,18.0,11.0,Desconocido
Premier League,569.0,,,False,2025-02-16,47.0,,Tottenham,Man United,1.0,0.0,,,10.0,5.0,1.0,2.0,0.0,0.0,22.0,16.0,Desconocido
Eredivisie,88.0,,,False,2025-02-16,415.0,417.0,Twente,Waalwijk,2.0,0.0,,,8.0,2.0,0.0,2.0,0.0,0.0,15.0,12.0,Desconocido
Serie A,71.0,,,False,2025-02-16,494.0,511.0,Udinese,Empoli,3.0,0.0,,,9.0,5.0,0.0,0.0,0.0,0.0,17.0,16.0,Desconocido
La Liga,140.0,,,False,2025-02-16,720.0,536.0,Valladolid,Sevilla,0.0,4.0,,,3.0,2.0,4.0,2.0,0.0,0.0,7.0,11.0,Desconocido
Bundesliga,218.0,,,False,2025-02-16,162.0,,Werder Bremen,Hoffenheim,1.0,3.0,,,6.0,4.0,2.0,3.0,0.0,0.0,14.0,16.0,Desconocido
La Liga 2,141,Spain,,False,2025-02-16,732,9580,Zaragoza,Burgos,0.0,1.0,,,2.0,3.0,3.0,3.0,1.0,0.0,6.0,10.0,José Sánchez
Eredivisie,88.0,,,False,2025-02-16,,210.0,Zwolle,Heerenveen,1.0,1.0,,,3.0,3.0,0.0,0.0,0.0,0.0,8.0,12.0,Desconocido
Super League Greece,,,,False,2025-02-15,,12260.0,AEK,Atromitos,2.0,1.0,,,6.0,0.0,3.0,3.0,0.0,0.0,22.0,7.0,Desconocido
League 2,,,,False,2025-02-15,1333.0,,AFC Wimbledon,Salford,1.0,0.0,,,7.0,6.0,4.0,3.0,0.0,0.0,16.0,6.0,Desconocido
League 1 Escocia,,,,False,2025-02-15,,6773.0,Alloa,Kelty Hearts,2.0,0.0,,,4.0,4.0,2.0,2.0,1.0,0.0,8.0,7.0,Desconocido
Jupiler Pro League,144.0,,,False,2025-02-15,740.0,734.0,Antwerp,Kortrijk,2.0,1.0,,,4.0,5.0,0.0,1.0,0.0,0.0,15.0,15.0,Desconocido
Premier League,569.0,,,False,2025-02-15,66.0,57.0,Aston Villa,Ipswich,1.0,1.0,,,16.0,1.0,0.0,3.0,0.0,1.0,25.0,4.0,Desconocido
Serie A,71.0,,,False,2025-02-15,499.0,490.0,Atalanta,Cagliari,0.0,0.0,,,8.0,2.0,1.0,1.0,0.0,0.0,9.0,3.0,Desconocido
La Liga,140.0,,,False,2025-02-15,,,Ath Madrid,Celta,1.0,1.0,,,2.0,7.0,3.0,5.0,1.0,0.0,9.0,11.0,Desconocido
Serie B,72.0,,,False,2025-02-15,508.0,520.0,Bari,Cremonese,1.0,1.0,,,3.0,5.0,2.0,4.0,0.0,0.0,13.0,18.0,Desconocido
National League,43.0,,,False,2025-02-15,1369.0,,Barnet,Solihull,3.0,1.0,,,,,1.0,3.0,0.0,0.0,,,Desconocido
League 1,41,England,,False,2025-02-15,747,37,Barnsley,Huddersfield,1.0,2.0,,,2.0,5.0,3.0,2.0,0.0,0.0,10.0,18.0,D. Rock
Turkey Super Lig,,,,False,2025-02-15,,998.0,Besiktas,Trabzonspor,2.0,1.0,,,8.0,1.0,2.0,1.0,0.0,0.0,12.0,6.0,Desconocido
League 1,41,England,,False,2025-02-15,54,1335,Birmingham,Charlton,1.0,0.0,,,6.0,1.0,5.0,4.0,0.0,0.0,9.0,8.0,S. Stockbridge
Championship,407.0,,,False,2025-02-15,67.0,1357.0,Blackburn,Plymouth,2.0,0.0,,,6.0,3.0,0.0,2.0,0.0,0.0,17.0,7.0,Desconocido
League 1,,,,False,2025-02-15,1356.0,,Blackpool,Mansfield,3.0,3.0,,,8.0,7.0,0.0,0.0,0.0,0.0,12.0,20.0,Desconocido
Bundesliga,218.0,,,False,2025-02-15,,,Bochum,Dortmund,2.0,0.0,,,2.0,8.0,1.0,0.0,0.0,0.0,18.0,17.0,Desconocido
National League,43.0,,,False,2025-02-15,,1378.0,Braintree Town,Forest Green,2.0,0.0,,,,,2.0,1.0,0.0,0.0,,,Desconocido
Bundesliga 2,,,,False,2025-02-15,,,Braunschweig,Darmstadt,1.0,0.0,,,3.0,1.0,3.0,7.0,0.0,1.0,12.0,12.0,Desconocido
League 1,,,,False,2025-02-15,,,Bristol Rvs,Burton,3.0,1.0,,,4.0,9.0,2.0,2.0,0.0,0.0,9.0,11.0,Desconocido
League 2,42,England,,False,2025-02-15,1832,1336,Bromley,Fleetwood Town,1.0,0.0,,,4.0,6.0,1.0,2.0,0.0,0.0,7.0,13.0,M. Russell
Turkey Super Lig,,,,False,2025-02-15,,,Buyuksehyr,Bodrumspor,0.0,1.0,,,1.0,1.0,4.0,1.0,1.0,0.0,14.0,7.0,Desconocido
League 1,,,,False,2025-02-15,,,Cambridge,Exeter,0.0,1.0,,,7.0,2.0,1.0,4.0,0.0,0.0,9.0,9.0,Desconocido
Championship,407.0,,,False,2025-02-15,43.0,56.0,Cardiff,Bristol City,1.0,1.0,,,4.0,5.0,2.0,2.0,0.0,0.0,13.0,11.0,Desconocido
League 2,42,England,,False,2025-02-15,1371,1361,Carlisle,Colchester,0.0,0.0,,,7.0,5.0,2.0,2.0,0.0,0.0,12.0,7.0,J. Simpson
Serie B,72.0,,,False,2025-02-15,1581.0,514.0,Carrarese,Salernitana,3.0,2.0,,,1.0,9.0,1.0,2.0,0.0,0.0,16.0,18.0,Desconocido
La Liga 2,,,,False,2025-02-15,,535.0,Cartagena,Malaga,0.0,1.0,,,6.0,5.0,0.0,0.0,0.0,0.0,10.0,15.0,Desconocido
La Liga 2,,,,False,2025-02-15,,545.0,Castellon,Eibar,2.0,0.0,,,2.0,3.0,1.0,4.0,0.0,0.0,12.0,10.0,Desconocido
Premiership Escocia,,,,False,2025-02-15,247.0,,Celtic,Dundee United,3.0,0.0,,,15.0,0.0,0.0,3.0,0.0,0.0,21.0,6.0,Desconocido
League 2,42,England,,False,2025-02-15,1372,1819,Cheltenham,Barrow,3.0,2.0,,,7.0,2.0,1.0,1.0,0.0,0.0,14.0,6.0,G. Rollason
League 1 Escocia,183,Scotland,,False,2025-02-15,6763,6757,Cove Rangers,Annan Athletic,3.0,1.0,,,5.0,6.0,2.0,0.0,0.0,0.0,6.0,3.0,D. McFarlane
League 1,41,England,,False,2025-02-15,1362,1358,Crawley Town,Wycombe,1.0,1.0,,,4.0,7.0,1.0,2.0,0.0,0.0,7.0,12.0,F. Hallam
Premier League,569.0,,,False,2025-02-15,52.0,45.0,Crystal Palace,Everton,1.0,2.0,,,6.0,2.0,0.0,1.0,0.0,0.0,17.0,11.0,Desconocido
League 2,42,England,,False,2025-02-15,1354,1365,Doncaster,Grimsby,1.0,2.0,,,3.0,5.0,1.0,1.0,0.0,0.0,17.0,6.0,M. Coy
League 1 Escocia,183,Scotland,,False,2025-02-15,1382,4251,Dumbarton,Montrose,2.0,3.0,,,2.0,3.0,0.0,3.0,0.0,0.0,13.0,7.0,D. Graves
Premiership Escocia,179,Scotland,,False,2025-02-15,253,252,Dundee,Aberdeen,1.0,2.0,,,8.0,7.0,2.0,1.0,0.0,0.0,22.0,13.0,G. Irvine
Ligue 2,62.0,,,False,2025-02-15,1304.0,114.0,Dunkerque,Paris FC,1.0,0.0,,,5.0,3.0,1.0,2.0,0.0,0.0,6.0,7.0,Desconocido
League 2 Escocia,,,,False,2025-02-15,6764.0,,East Fife,Bonnyrigg Rose,1.0,1.0,,,6.0,6.0,1.0,3.0,0.0,0.0,11.0,7.0,Desconocido
National League,43.0,,,False,2025-02-15,1822.0,,Eastleigh,Aldershot,2.0,0.0,,,,,3.0,2.0,0.0,0.0,,,Desconocido
National League,43.0,,,False,2025-02-15,,1828.0,Ebbsfleet,York,0.0,2.0,,,,,4.0,1.0,0.0,0.0,,,Desconocido
League 2 Escocia,184,Scotland,,False,2025-02-15,6766,6781,Edinburgh City,Spartans,5.0,0.0,,,2.0,4.0,5.0,1.0,0.0,0.0,10.0,8.0,J. Kennedy
Bundesliga 2,,,,False,2025-02-15,,,Elversberg,Greuther Furth,2.0,0.0,,,6.0,3.0,2.0,2.0,1.0,0.0,10.0,9.0,Desconocido
Championship Escocia,,,,False,2025-02-15,1389.0,,Falkirk,Ayr,2.0,2.0,,,4.0,3.0,2.0,1.0,0.0,0.0,10.0,7.0,Desconocido
Bundesliga 2,,,,False,2025-02-15,,,Fortuna Dusseldorf,Hertha,2.0,1.0,,,4.0,7.0,1.0,0.0,0.0,0.0,9.0,21.0,Desconocido
Premier League,569.0,,,False,2025-02-15,36.0,,Fulham,Nott'm Forest,2.0,1.0,,,8.0,4.0,0.0,0.0,0.0,0.0,24.0,8.0,Desconocido
National League,43.0,,,False,2025-02-15,,,Fylde,Dag and Red,1.0,1.0,,,,,2.0,1.0,0.0,0.0,,,Desconocido
National League,43.0,,,False,2025-02-15,1823.0,4700.0,Gateshead,Altrincham,0.0,1.0,,,,,2.0,4.0,0.0,0.0,,,Desconocido
Turkey Super Lig,,,,False,2025-02-15,,1002.0,Gaziantep,Sivasspor,2.0,1.0,,,6.0,2.0,4.0,5.0,0.0,0.0,12.0,10.0,Desconocido
League 2,42,England,,False,2025-02-15,1347,1363,Gillingham,Crewe,0.0,0.0,,,8.0,2.0,2.0,2.0,0.0,1.0,19.0,9.0,J. O'Connor
Ligue 2,62.0,,,False,2025-02-15,90.0,112.0,Guingamp,Metz,0.0,3.0,,,9.0,2.0,1.0,1.0,0.0,0.0,15.0,14.0,Desconocido
National League,43.0,,,False,2025-02-15,,,Halifax,Boston Utd,1.0,0.0,,,,,1.0,1.0,0.0,0.0,,,Desconocido
League 2,,,,False,2025-02-15,,,Harrogate,Swindon,1.0,0.0,,,4.0,8.0,0.0,0.0,0.0,0.0,15.0,16.0,Desconocido
National League,43.0,,,False,2025-02-15,1366.0,1838.0,Hartlepool,Maidenhead,0.0,0.0,,,,,4.0,4.0,0.0,0.0,,,Desconocido
Championship,407.0,,,False,2025-02-15,,71.0,Hull,Norwich,1.0,1.0,,,5.0,3.0,1.0,2.0,0.0,0.0,12.0,15.0,Desconocido
Bundesliga 2,,,,False,2025-02-15,,,Kaiserslautern,Hannover,0.0,0.0,,,2.0,9.0,2.0,2.0,0.0,0.0,17.0,24.0,Desconocido
Premiership Escocia,,,,False,2025-02-15,250.0,,Kilmarnock,St Johnstone,3.0,1.0,,,7.0,5.0,1.0,1.0,0.0,0.0,13.0,11.0,Desconocido
Serie A,71.0,,,False,2025-02-15,487.0,492.0,Lazio,Napoli,2.0,2.0,,,7.0,1.0,2.0,2.0,0.0,0.0,12.0,6.0,Desconocido
La Liga,140.0,,,False,2025-02-15,537.0,542.0,Leganes,Alaves,3.0,3.0,,,3.0,2.0,4.0,5.0,1.0,0.0,8.0,16.0,Desconocido
Premier League,569.0,,,False,2025-02-15,46.0,9419.0,Leicester,Arsenal,0.0,2.0,,,3.0,7.0,2.0,1.0,0.0,0.0,6.0,11.0,Desconocido
Bundesliga,218.0,,,False,2025-02-15,,,Leverkusen,Bayern Munich,0.0,0.0,,,6.0,0.0,2.0,3.0,0.0,0.0,15.0,2.0,Desconocido
League 1,41,England,,False,2025-02-15,1373,1379,Leyton Orient,Lincoln,3.0,2.0,,,7.0,2.0,0.0,2.0,0.0,0.0,15.0,9.0,M. Corlett
Championship Escocia,180,Scotland,,False,2025-02-15,255,1388,Livingston,Dunfermline,0.0,0.0,,,8.0,6.0,3.0,3.0,0.0,0.0,5.0,8.0,D. Nicolson
Championship,407.0,,,False,2025-02-15,1359.0,,Luton,Sheffield United,0.0,1.0,,,5.0,3.0,1.0,3.0,0.0,0.0,14.0,12.0,Desconocido
Premier League,569.0,,,False,2025-02-15,,34.0,Man City,Newcastle,4.0,0.0,,,7.0,4.0,0.0,1.0,0.0,0.0,11.0,3.0,Desconocido
Ligue 1,61.0,,,False,2025-02-15,81.0,,Marseille,St Etienne,5.0,1.0,,,14.0,3.0,1.0,1.0,0.0,0.0,28.0,7.0,Desconocido
Championship,407.0,,,False,2025-02-15,70.0,38.0,Middlesbrough,Watford,0.0,1.0,,,8.0,5.0,2.0,2.0,0.0,0.0,13.0,14.0,Desconocido
Serie A,71.0,,,False,2025-02-15,,,Milan,Verona,1.0,0.0,,,10.0,7.0,0.0,0.0,0.0,0.0,18.0,7.0,Desconocido
Championship,407.0,,,False,2025-02-15,58.0,60.0,Millwall,West Brom,1.0,1.0,,,5.0,2.0,1.0,2.0,0.0,0.0,11.0,7.0,Desconocido
Serie B,72.0,,,False,2025-02-15,899.0,515.0,Modena,Spezia,1.0,1.0,,,4.0,4.0,0.0,0.0,0.0,0.0,8.0,20.0,Desconocido
Ligue 1,61.0,,,False,2025-02-15,91.0,83.0,Monaco,Nantes,7.0,1.0,,,9.0,1.0,1.0,1.0,0.0,1.0,22.0,6.0,Desconocido
League 2,,,,False,2025-02-15,1375.0,,Morecambe,Accrington,2.0,0.0,,,3.0,8.0,0.0,3.0,0.0,0.0,8.0,15.0,Desconocido
Primeira Liga,94.0,,,False,2025-02-15,215.0,4716.0,Moreirense,Casa Pia,3.0,2.0,,,4.0,5.0,0.0,0.0,0.0,0.0,10.0,15.0,Desconocido
Championship Escocia,,,,False,2025-02-15,1383.0,,Morton,Airdrie Utd,2.0,2.0,,,3.0,10.0,2.0,4.0,0.0,0.0,5.0,11.0,Desconocido
Premiership Escocia,179,Scotland,,False,2025-02-15,256,902,Motherwell,Ross County,0.0,3.0,,,6.0,3.0,1.0,3.0,0.0,0.0,18.0,13.0,I. Snedden
Eredivisie,88.0,,,False,2025-02-15,203.0,209.0,NAC Breda,Feyenoord,0.0,0.0,,,6.0,5.0,0.0,0.0,0.0,0.0,11.0,23.0,Desconocido
Primeira Liga,94.0,,,False,2025-02-15,225.0,230.0,Nacional,Estoril,2.0,2.0,,,7.0,3.0,3.0,3.0,0.0,0.0,18.0,7.0,Desconocido
League 2,42,England,,False,2025-02-15,1367,1343,Newport County,Bradford,0.0,0.0,,,8.0,4.0,0.0,3.0,0.0,1.0,10.0,15.0,A. Humphries
League 1,41,England,,False,2025-02-15,1337,1837,Northampton,Wrexham,0.0,2.0,,,3.0,5.0,2.0,1.0,0.0,0.0,5.0,14.0,T. Reeves
Super League Greece,,,,False,2025-02-15,,955.0,OFI Crete,Asteras Tripolis,2.0,1.0,,,4.0,4.0,5.0,4.0,1.0,1.0,19.0,4.0,Desconocido
National League,43.0,,,False,2025-02-15,1349.0,,Oldham,Sutton,0.0,0.0,,,,,2.0,2.0,0.0,0.0,,,Desconocido
La Liga,140.0,,,False,2025-02-15,727.0,541.0,Osasuna,Real Madrid,1.0,1.0,,,6.0,2.0,3.0,1.0,0.0,1.0,11.0,17.0,Desconocido
Jupiler Pro League,144.0,,,False,2025-02-15,,6215.0,Oud-Heverlee Leuven,Dender,3.0,2.0,,,2.0,8.0,2.0,2.0,0.0,0.0,14.0,19.0,Desconocido
Championship,407.0,,,False,2025-02-15,,1355.0,Oxford,Portsmouth,0.0,2.0,,,4.0,5.0,0.0,2.0,0.0,0.0,10.0,13.0,Desconocido
Eredivisie,88.0,,,False,2025-02-15,197.0,207.0,PSV Eindhoven,Utrecht,2.0,2.0,,,9.0,5.0,2.0,2.0,0.0,0.0,34.0,10.0,Desconocido
League 2 Escocia,184,Scotland,,False,2025-02-15,6777,6762,Peterhead,Clyde,2.0,2.0,,,7.0,3.0,2.0,1.0,0.0,0.0,9.0,10.0,P. Stuart
Championship,407.0,,,False,2025-02-15,59.0,44.0,Preston,Burnley,0.0,0.0,,,2.0,6.0,2.0,3.0,0.0,0.0,5.0,11.0,Desconocido
League 1 Escocia,,,,False,2025-02-15,,4249.0,Queen of Sth,Arbroath,0.0,3.0,,,6.0,4.0,4.0,2.0,0.0,0.0,7.0,8.0,Desconocido
Championship Escocia,,,,False,2025-02-15,,,Queens Park,Hamilton,1.0,2.0,,,6.0,6.0,0.0,1.0,0.0,0.0,11.0,9.0,Desconocido
Championship Escocia,,,,False,2025-02-15,,901.0,Raith Rvs,Partick,3.0,0.0,,,6.0,2.0,2.0,4.0,0.0,0.0,7.0,0.0,Desconocido
League 1,41,England,,False,2025-02-15,53,73,Reading,Rotherham,2.0,1.0,,,8.0,5.0,1.0,3.0,0.0,0.0,21.0,10.0,T. Parsons
Primeira Liga,94.0,,,False,2025-02-15,227.0,211.0,Santa Clara,Benfica,0.0,1.0,,,2.0,5.0,6.0,3.0,1.0,0.0,10.0,17.0,Desconocido
La Liga 2,,,,False,2025-02-15,,724.0,Santander,Cadiz,2.0,3.0,,,5.0,3.0,3.0,5.0,0.0,0.0,11.0,16.0,Desconocido
Serie B,72.0,,,False,2025-02-15,488.0,,Sassuolo,Brescia,2.0,0.0,,,2.0,2.0,2.0,2.0,0.0,0.0,7.0,7.0,Desconocido
Championship,407.0,,,False,2025-02-15,,1346.0,Sheffield Weds,Coventry,1.0,2.0,,,10.0,1.0,0.0,1.0,0.0,0.0,22.0,9.0,Desconocido
League 1,41,England,,False,2025-02-15,1352,68,Shrewsbury,Bolton,2.0,3.0,,,5.0,3.0,2.0,3.0,0.0,0.0,15.0,11.0,J. Durkin
Premier League,569.0,,,False,2025-02-15,41.0,35.0,Southampton,Bournemouth,1.0,3.0,,,4.0,6.0,1.0,3.0,0.0,0.0,11.0,14.0,Desconocido
National League,43.0,,,False,2025-02-15,1341.0,1339.0,Southend,Rochdale,1.0,1.0,,,,,3.0,3.0,0.0,0.0,,,Desconocido
Primeira Liga,94.0,,,False,2025-02-15,,240.0,Sp Lisbon,Arouca,2.0,2.0,,,9.0,9.0,3.0,3.0,1.0,0.0,21.0,15.0,Desconocido
Bundesliga,218.0,,,False,2025-02-15,,,St Pauli,Freiburg,0.0,1.0,,,2.0,6.0,1.0,0.0,0.0,0.0,5.0,6.0,Desconocido
Jupiler Pro League,144.0,,,False,2025-02-15,,,St Truiden,Club Brugge,2.0,2.0,,,3.0,14.0,2.0,2.0,0.0,0.0,6.0,23.0,Desconocido
League 1,,,,False,2025-02-15,1368.0,,Stevenage,Peterboro,1.0,1.0,,,3.0,3.0,1.0,2.0,0.0,0.0,12.0,9.0,Desconocido
League 2 Escocia,,,,False,2025-02-15,,,Stirling,Forfar,3.0,1.0,,,4.0,1.0,2.0,2.0,0.0,0.0,14.0,8.0,Desconocido
Championship,407.0,,,False,2025-02-15,,76.0,Stoke,Swansea,3.0,1.0,,,1.0,6.0,3.0,1.0,0.0,0.0,8.0,7.0,Desconocido
League 2 Escocia,,,,False,2025-02-15,6785.0,,Stranraer,Elgin,1.0,0.0,,,3.0,9.0,1.0,4.0,0.0,0.0,6.0,10.0,Desconocido
Bundesliga,218.0,,,False,2025-02-15,,,Stuttgart,Wolfsburg,1.0,2.0,,,7.0,5.0,3.0,4.0,0.0,0.0,10.0,7.0,Desconocido
Serie B,72.0,,,False,2025-02-15,1578.0,498.0,Sudtirol,Sampdoria,2.0,1.0,,,6.0,6.0,0.0,0.0,0.0,0.0,18.0,11.0,Desconocido
La Liga 2,141,Spain,,False,2025-02-15,719,713,Tenerife,Cordoba,2.0,3.0,,,3.0,4.0,3.0,3.0,0.0,0.0,12.0,18.0,Eder Mallo
Ligue 1,61.0,,,False,2025-02-15,96.0,,Toulouse,Paris SG,0.0,1.0,,,5.0,2.0,2.0,0.0,0.0,0.0,14.0,20.0,Desconocido
League 2,42,England,,False,2025-02-15,1381,1348,Tranmere,Milton Keynes Dons,1.0,1.0,,,7.0,3.0,0.0,3.0,0.0,0.0,11.0,7.0,S. Parkinson
Bundesliga,218.0,,,False,2025-02-15,182.0,,Union Berlin,M'gladbach,1.0,2.0,,,4.0,5.0,0.0,1.0,0.0,0.0,18.0,9.0,Desconocido
La Liga,140.0,,,False,2025-02-15,533.0,532.0,Villarreal,Valencia,1.0,1.0,,,4.0,5.0,0.0,5.0,0.0,0.0,13.0,12.0,Desconocido
League 2,42,England,,False,2025-02-15,1342,1345,Walsall,Chesterfield,3.0,1.0,,,6.0,3.0,2.0,2.0,0.0,0.0,8.0,8.0,S. Gill
Premier League,569.0,,,False,2025-02-15,48.0,55.0,West Ham,Brentford,0.0,1.0,,,9.0,2.0,1.0,1.0,0.0,0.0,13.0,14.0,Desconocido
League 1,,,,False,2025-02-15,61.0,,Wigan,Stockport,0.0,2.0,,,8.0,10.0,1.0,2.0,0.0,0.0,11.0,11.0,Desconocido
Eredivisie,88.0,,,False,2025-02-15,195.0,202.0,Willem II,Groningen,1.0,3.0,,,5.0,5.0,1.0,0.0,0.0,0.0,15.0,17.0,Desconocido
National League,43.0,,,False,2025-02-15,1836.0,7752.0,Woking,Tamworth,1.0,1.0,,,,,3.0,3.0,0.0,0.0,,,Desconocido
National League,43.0,,,False,2025-02-15,,8663.0,Yeovil,Wealdstone,1.0,2.0,,,,,2.0,6.0,0.0,0.0,,,Desconocido
Turkey Super Lig,,,,False,2025-02-14,,1005.0,Ad. Demirspor,Antalyaspor,1.0,1.0,,,0.0,9.0,3.0,6.0,0.0,0.0,5.0,17.0,Desconocido
Ligue 2,62,France,,False,2025-02-14,98,433,Ajaccio,Laval,3.0,0.0,,,4.0,5.0,2.0,3.0,0.0,0.0,9.0,12.0,H. Ben El Hadj
Ligue 2,62.0,,,False,2025-02-14,87.0,101.0,Amiens,Grenoble,1.0,4.0,,,8.0,5.0,0.0,0.0,0.0,0.0,16.0,13.0,Desconocido
Bundesliga,218.0,,,False,2025-02-14,,173.0,Augsburg,RB Leipzig,0.0,0.0,,,8.0,9.0,2.0,1.0,0.0,0.0,11.0,14.0,Desconocido
Primeira Liga,94,Portugal,,False,2025-02-14,222,15130,Boavista,Estrela,0.0,1.0,,,7.0,4.0,2.0,2.0,0.0,0.0,14.0,9.0,Luís Godinho
Serie A,71.0,,,False,2025-02-14,500.0,503.0,Bologna,Torino,3.0,2.0,,,8.0,2.0,0.0,4.0,0.0,0.0,23.0,8.0,Desconocido
Ligue 1,61.0,,,False,2025-02-14,,108.0,Brest,Auxerre,2.0,2.0,,,6.0,4.0,2.0,2.0,0.0,0.0,18.0,11.0,Desconocido
Premier League,569.0,,,False,2025-02-14,51.0,49.0,Brighton,Chelsea,3.0,0.0,,,2.0,9.0,1.0,2.0,0.0,0.0,13.0,8.0,Desconocido
Serie B,72.0,,,False,2025-02-14,1687.0,510.0,Catanzaro,Cittadella,1.0,0.0,,,5.0,2.0,1.0,0.0,0.0,0.0,12.0,5.0,Desconocido
Ligue 2,62.0,,,False,2025-02-14,,1305.0,Clermont,Bastia,1.0,1.0,,,7.0,3.0,0.0,0.0,0.0,0.0,14.0,11.0,Desconocido
La Liga,140.0,,,False,2025-02-14,547.0,546.0,Girona,Getafe,1.0,2.0,,,3.0,3.0,2.0,3.0,1.0,0.0,14.0,10.0,Desconocido
Eredivisie,88.0,,,False,2025-02-14,,426.0,Go Ahead Eagles,Sparta Rotterdam,1.0,0.0,,,8.0,3.0,0.0,3.0,0.0,0.0,14.0,15.0,Desconocido
Bundesliga 2,,,,False,2025-02-14,,,Magdeburg,FC Koln,3.0,0.0,,,3.0,14.0,0.0,2.0,0.0,0.0,10.0,14.0,Desconocido
La Liga 2,,,,False,2025-02-14,799.0,,Mirandes,Ferrol,4.0,1.0,,,7.0,3.0,2.0,4.0,0.0,0.0,21.0,9.0,Desconocido
Bundesliga 2,,,,False,2025-02-14,,1313.0,Paderborn,Preußen Münster,2.0,0.0,,,9.0,1.0,1.0,3.0,0.0,0.0,15.0,10.0,Desconocido
Ligue 2,62.0,,,False,2025-02-14,,1301.0,Pau FC,Rodez,0.0,5.0,,,5.0,3.0,2.0,2.0,0.0,0.0,16.0,16.0,Desconocido
Championship,407.0,,,False,2025-02-14,72.0,69.0,QPR,Derby,4.0,0.0,,,2.0,3.0,0.0,2.0,0.0,0.0,12.0,7.0,Desconocido
Ligue 2,62.0,,,False,2025-02-14,,,Red Star,Martigues,1.0,0.0,,,3.0,4.0,2.0,2.0,0.0,0.0,18.0,10.0,Desconocido
Jupiler Pro League,144.0,,,False,2025-02-14,,742.0,Standard,Genk,1.0,2.0,,,6.0,4.0,1.0,3.0,0.0,1.0,9.0,15.0,Desconocido
Ligue 2,62.0,,,False,2025-02-14,,97.0,Troyes,Lorient,0.0,1.0,,,4.0,4.0,1.0,0.0,0.0,0.0,11.0,9.0,Desconocido
Friendly,,,,False,2025-02-13,1552.0,,Oman,Sudan,0.0,0.0,,,,,,,,,,,Desconocido
League 2,42,England,,False,2025-02-13,1351,1376,Port Vale,Notts County,1.0,0.0,,,4.0,3.0,0.0,0.0,0.0,0.0,7.0,11.0,R. Ricardo
Championship,407.0,,,False,2025-02-12,56.0,,Bristol City,Stoke,2.0,0.0,,,2.0,1.0,2.0,2.0,0.0,0.0,10.0,5.0,Desconocido
Championship,407.0,,,False,2025-02-12,44.0,,Burnley,Hull,2.0,0.0,,,9.0,3.0,0.0,1.0,0.0,0.0,16.0,9.0,Desconocido
Premier League,569.0,,,False,2025-02-12,45.0,40.0,Everton,Liverpool,2.0,2.0,,,2.0,3.0,2.0,2.0,1.0,1.0,10.0,6.0,Desconocido
Championship,407.0,,,False,2025-02-12,1357.0,58.0,Plymouth,Millwall,5.0,1.0,,,2.0,6.0,1.0,0.0,0.0,0.0,13.0,13.0,Desconocido
Championship,407.0,,,False,2025-02-12,,70.0,Sheffield United,Middlesbrough,3.0,1.0,,,10.0,4.0,2.0,3.0,0.0,0.0,18.0,10.0,Desconocido
Championship,407.0,,,False,2025-02-12,746.0,1359.0,Sunderland,Luton,2.0,0.0,,,6.0,1.0,0.0,2.0,0.0,0.0,13.0,4.0,Desconocido
Championship,407.0,,,False,2025-02-12,76.0,,Swansea,Sheffield Weds,0.0,1.0,,,1.0,7.0,0.0,2.0,0.0,0.0,4.0,10.0,Desconocido
Championship,407.0,,,False,2025-02-12,60.0,67.0,West Brom,Blackburn,0.0,2.0,,,11.0,1.0,0.0,1.0,0.0,0.0,13.0,6.0,Desconocido
League 2,42,England,,False,2025-02-11,1333,1363,AFC Wimbledon,Crewe,3.0,0.0,,,1.0,3.0,0.0,4.0,0.0,1.0,13.0,4.0,A. Humphries
League 2,42,England,,False,2025-02-11,1819,1348,Barrow,Milton Keynes Dons,2.0,1.0,,,4.0,3.0,1.0,2.0,0.0,0.0,13.0,7.0,S. Mather
League 1,,,,False,2025-02-11,54.0,,Birmingham,Cambridge,4.0,0.0,,,11.0,3.0,1.0,3.0,0.0,0.0,24.0,2.0,Desconocido
League 1,41,England,,False,2025-02-11,1356,73,Blackpool,Rotherham,0.0,0.0,,,4.0,9.0,1.0,2.0,0.0,0.0,17.0,17.0,S. Stockbridge
League 2,,,,False,2025-02-11,1343.0,,Bradford,Accrington,1.0,0.0,,,8.0,3.0,4.0,1.0,0.0,0.0,5.0,6.0,Desconocido
League 1,,,,False,2025-02-11,,,Bristol Rvs,Stockport,1.0,1.0,,,2.0,7.0,2.0,2.0,0.0,0.0,6.0,10.0,Desconocido
League 1,,,,False,2025-02-11,1335.0,,Charlton,Peterboro,2.0,1.0,,,8.0,0.0,3.0,2.0,0.0,1.0,19.0,5.0,Desconocido
League 1 Escocia,183,Scotland,,False,2025-02-11,6763,4251,Cove Rangers,Montrose,1.0,1.0,,,5.0,4.0,1.0,2.0,0.0,0.0,12.0,5.0,G. Calder
Championship,407.0,,,False,2025-02-11,1346.0,72.0,Coventry,QPR,1.0,0.0,,,10.0,9.0,3.0,2.0,0.0,0.0,10.0,12.0,Desconocido
League 1,41,England,,False,2025-02-11,1362,1368,Crawley Town,Stevenage,3.0,1.0,,,2.0,8.0,1.0,4.0,0.0,0.0,20.0,8.0,S. Purkiss
National League,43.0,,,False,2025-02-11,,1836.0,Dag and Red,Woking,1.0,2.0,,,,,0.0,4.0,0.0,0.0,,,Desconocido
Championship,407.0,,,False,2025-02-11,69.0,,Derby,Oxford,0.0,0.0,,,3.0,4.0,1.0,0.0,0.0,0.0,14.0,6.0,Desconocido
National League,43.0,,,False,2025-02-11,1366.0,7752.0,Hartlepool,Tamworth,2.0,2.0,,,,,1.0,2.0,0.0,0.0,,,Desconocido
League 1,,,,False,2025-02-11,1373.0,,Leyton Orient,Mansfield,3.0,0.0,,,5.0,3.0,2.0,6.0,0.0,0.0,10.0,7.0,Desconocido
League 2,42,England,,False,2025-02-11,1367,1371,Newport County,Carlisle,1.0,0.0,,,3.0,10.0,1.0,4.0,0.0,0.0,8.0,17.0,P. Howard
Championship,407.0,,,False,2025-02-11,71.0,59.0,Norwich,Preston,0.0,1.0,,,8.0,3.0,1.0,3.0,0.0,0.0,11.0,8.0,Desconocido
National League,43.0,,,False,2025-02-11,1349.0,4700.0,Oldham,Altrincham,2.0,2.0,,,,,2.0,4.0,0.0,0.0,,,Desconocido
Championship,407.0,,,False,2025-02-11,1355.0,43.0,Portsmouth,Cardiff,2.0,1.0,,,10.0,4.0,2.0,2.0,0.0,0.0,19.0,12.0,Desconocido
League 1,41,England,,False,2025-02-11,53,1352,Reading,Shrewsbury,1.0,1.0,,,1.0,7.0,1.0,1.0,0.0,0.0,8.0,13.0,A. Byrne
National League,43.0,,,False,2025-02-11,1341.0,,Southend,Halifax,3.0,1.0,,,,,1.0,2.0,0.0,0.0,,,Desconocido
League 2,42,England,,False,2025-02-11,1381,1336,Tranmere,Fleetwood Town,0.0,0.0,,,2.0,0.0,1.0,3.0,0.0,0.0,13.0,7.0,A. Herczeg
League 2,42,England,,False,2025-02-11,1342,1347,Walsall,Gillingham,1.0,1.0,,,8.0,1.0,4.0,2.0,0.0,0.0,11.0,12.0,T. Parsons
Championship,407.0,,,False,2025-02-11,38.0,63.0,Watford,Leeds,0.0,4.0,,,7.0,7.0,0.0,0.0,0.0,0.0,6.0,20.0,Desconocido
Primeira Liga,94.0,,,False,2025-02-10,240.0,226.0,Arouca,Rio Ave,1.0,1.0,,,6.0,3.0,0.0,1.0,0.0,0.0,16.0,12.0,Desconocido
Super League Greece,,,,False,2025-02-10,12260.0,,Atromitos,Athens Kallithea,1.0,2.0,,,10.0,6.0,4.0,5.0,0.0,0.0,17.0,11.0,Desconocido
Turkey Super Lig,,,,False,2025-02-10,,,Bodrumspor,Goztep,0.0,0.0,,,4.0,5.0,0.0,1.0,0.0,0.0,8.0,14.0,Desconocido
Ligue 2,62.0,,,False,2025-02-10,88.0,1304.0,Caen,Dunkerque,0.0,2.0,,,0.0,3.0,5.0,4.0,1.0,0.0,4.0,20.0,Desconocido
Serie A,71.0,,,False,2025-02-10,505.0,502.0,Inter,Fiorentina,2.0,1.0,,,8.0,1.0,4.0,3.0,0.0,0.0,22.0,7.0,Desconocido
Friendly,,,,False,2025-02-10,,5168.0,Jamaica,Trinidad and Tobago,1.0,1.0,,,,,,,,,,,Desconocido
Super League Greece,,,,False,2025-02-10,,,Lamia,Levadeiakos,0.0,2.0,,,9.0,5.0,5.0,4.0,0.0,0.0,17.0,9.0,Desconocido
La Liga,140.0,,,False,2025-02-10,798.0,727.0,Mallorca,Osasuna,1.0,1.0,,,7.0,11.0,1.0,4.0,0.0,0.0,10.0,19.0,Desconocido
La Liga 2,141,Spain,,False,2025-02-10,718,9692,Oviedo,Eldense,0.0,0.0,,,8.0,0.0,2.0,5.0,0.0,0.0,10.0,5.0,Dámaso Arcediano
Turkey Super Lig,,,,False,2025-02-10,998.0,,Trabzonspor,Eyupspor,1.0,0.0,,,6.0,4.0,0.0,1.0,0.0,0.0,13.0,14.0,Desconocido
Super League Greece,,,,False,2025-02-09,,2099.0,AEK,Panserraikos,5.0,0.0,,,10.0,1.0,2.0,3.0,0.0,0.0,27.0,10.0,Desconocido
Eredivisie,88.0,,,False,2025-02-09,201.0,,AZ Alkmaar,Zwolle,2.0,0.0,,,3.0,3.0,0.0,0.0,0.0,0.0,11.0,12.0,Desconocido
Turkey Super Lig,,,,False,2025-02-09,996.0,,Alanyaspor,Fenerbahce,0.0,2.0,,,2.0,3.0,4.0,4.0,0.0,0.0,12.0,8.0,Desconocido
La Liga,140.0,,,False,2025-02-09,542.0,546.0,Alaves,Getafe,0.0,1.0,,,8.0,3.0,2.0,6.0,0.0,0.0,12.0,4.0,Desconocido
Jupiler Pro League,144.0,,,False,2025-02-09,554.0,740.0,Anderlecht,Antwerp,2.0,0.0,,,9.0,2.0,0.0,0.0,0.0,0.0,15.0,9.0,Desconocido
Ligue 1,61.0,,,False,2025-02-09,77.0,81.0,Angers,Marseille,0.0,2.0,,,1.0,7.0,1.0,2.0,0.0,0.0,5.0,18.0,Desconocido
Turkey Super Lig,,,,False,2025-02-09,1005.0,,Antalyaspor,Buyuksehyr,0.0,0.0,,,3.0,2.0,3.0,4.0,0.0,0.0,14.0,5.0,Desconocido
Super League Greece,,,,False,2025-02-09,3408.0,617.0,Aris,Panathinaikos,2.0,0.0,,,5.0,7.0,3.0,1.0,0.0,0.0,13.0,11.0,Desconocido
Ligue 1,61.0,,,False,2025-02-09,108.0,96.0,Auxerre,Toulouse,2.0,2.0,,,3.0,5.0,1.0,1.0,0.0,0.0,9.0,7.0,Desconocido
Jupiler Pro League,144.0,,,False,2025-02-09,263.0,736.0,Beerschot VA,Charleroi,1.0,1.0,,,4.0,5.0,2.0,1.0,0.0,0.0,12.0,9.0,Desconocido
Championship,407.0,,,False,2025-02-09,56.0,76.0,Bristol City,Swansea,0.0,1.0,,,11.0,3.0,0.0,0.0,0.0,0.0,19.0,9.0,Desconocido
La Liga 2,,,,False,2025-02-09,9580.0,,Burgos,Santander,2.0,1.0,,,3.0,3.0,6.0,5.0,0.0,1.0,10.0,7.0,Desconocido
La Liga 2,,,,False,2025-02-09,724.0,,Cadiz,Cartagena,5.0,2.0,,,3.0,1.0,0.0,3.0,0.0,0.0,18.0,4.0,Desconocido
Serie A,71.0,,,False,2025-02-09,490.0,523.0,Cagliari,Parma,2.0,1.0,,,7.0,6.0,0.0,0.0,0.0,0.0,14.0,9.0,Desconocido
Primeira Liga,94.0,,,False,2025-02-09,4716.0,15130.0,Casa Pia,Estrela,1.0,0.0,,,5.0,2.0,4.0,4.0,0.0,0.0,15.0,13.0,Desconocido
La Liga 2,141,Spain,,False,2025-02-09,713,726,Cordoba,Huesca,1.0,2.0,,,4.0,6.0,2.0,4.0,0.0,0.0,16.0,9.0,Germán Cid
Serie B,72.0,,,False,2025-02-09,520.0,1578.0,Cremonese,Sudtirol,3.0,1.0,,,4.0,4.0,2.0,1.0,0.0,0.0,17.0,5.0,Desconocido
La Liga 2,141,Spain,,False,2025-02-09,797,719,Elche,Tenerife,2.0,0.0,,,3.0,6.0,1.0,0.0,0.0,0.0,8.0,11.0,Miguel González
Primeira Liga,94.0,,,False,2025-02-09,230.0,,Estoril,Boavista,2.0,1.0,,,5.0,3.0,2.0,1.0,0.0,0.0,13.0,9.0,Desconocido
Bundesliga 2,,,,False,2025-02-09,,,FC Koln,Schalke 04,1.0,0.0,,,4.0,4.0,3.0,0.0,0.0,0.0,12.0,11.0,Desconocido
Primeira Liga,94.0,,,False,2025-02-09,231.0,225.0,Farense,Nacional,0.0,2.0,,,12.0,3.0,1.0,4.0,1.0,1.0,21.0,11.0,Desconocido
Eredivisie,88.0,,,False,2025-02-09,,194.0,For Sittard,Ajax,0.0,2.0,,,5.0,4.0,2.0,3.0,0.0,0.0,8.0,9.0,Desconocido
Turkey Super Lig,,,,False,2025-02-09,645.0,,Galatasaray,Ad. Demirspor,3.0,0.0,,,,,,,,,,,Desconocido
Bundesliga 2,,,,False,2025-02-09,,,Hannover,Fortuna Dusseldorf,1.0,1.0,,,6.0,1.0,1.0,3.0,0.0,0.0,16.0,5.0,Desconocido
Eredivisie,88.0,,,False,2025-02-09,210.0,415.0,Heerenveen,Twente,3.0,3.0,,,9.0,2.0,1.0,3.0,0.0,1.0,22.0,9.0,Desconocido
Bundesliga,218.0,,,False,2025-02-09,191.0,,Holstein Kiel,Bochum,2.0,2.0,,,3.0,5.0,2.0,2.0,0.0,0.0,10.0,21.0,Desconocido
Serie B,72.0,,,False,2025-02-09,863.0,508.0,Juve Stabia,Bari,3.0,1.0,,,4.0,5.0,2.0,4.0,0.0,0.0,14.0,14.0,Desconocido
Bundesliga 2,,,,False,2025-02-09,,,Karlsruhe,Braunschweig,0.0,2.0,,,10.0,5.0,0.0,0.0,0.0,0.0,28.0,12.0,Desconocido
Turkey Super Lig,,,,False,2025-02-09,,1007.0,Kasimpasa,Rizespor,3.0,2.0,,,4.0,11.0,2.0,5.0,0.0,0.0,12.0,10.0,Desconocido
Jupiler Pro League,144.0,,,False,2025-02-09,734.0,,Kortrijk,St. Gilloise,1.0,2.0,,,7.0,5.0,2.0,2.0,0.0,0.0,11.0,16.0,Desconocido
La Liga 2,,,,False,2025-02-09,,723.0,La Coruna,Almeria,3.0,1.0,,,3.0,8.0,2.0,3.0,0.0,0.0,11.0,22.0,Desconocido
Serie A,71.0,,,False,2025-02-09,487.0,1579.0,Lazio,Monza,5.0,1.0,,,8.0,1.0,0.0,1.0,0.0,0.0,26.0,3.0,Desconocido
Serie A,71.0,,,False,2025-02-09,867.0,500.0,Lecce,Bologna,0.0,0.0,,,6.0,5.0,0.0,2.0,0.0,0.0,6.0,8.0,Desconocido
Ligue 1,61.0,,,False,2025-02-09,80.0,93.0,Lyon,Reims,4.0,0.0,,,6.0,6.0,0.0,0.0,0.0,0.0,15.0,9.0,Desconocido
Serie A,71.0,,,False,2025-02-09,492.0,494.0,Napoli,Udinese,1.0,1.0,,,6.0,6.0,0.0,1.0,0.0,0.0,18.0,8.0,Desconocido
Super League Greece,,,,False,2025-02-09,3415.0,955.0,Olympiakos,Asteras Tripolis,1.0,1.0,,,12.0,0.0,3.0,6.0,0.0,0.0,24.0,4.0,Desconocido
Bundesliga,218.0,,,False,2025-02-09,173.0,,RB Leipzig,St Pauli,2.0,0.0,,,5.0,4.0,2.0,2.0,1.0,0.0,11.0,7.0,Desconocido
Serie B,72.0,,,False,2025-02-09,880.0,509.0,Reggiana,Cesena,0.0,1.0,,,3.0,2.0,3.0,3.0,0.0,0.0,9.0,11.0,Desconocido
La Liga,140.0,,,False,2025-02-09,536.0,529.0,Sevilla,Barcelona,1.0,4.0,,,5.0,6.0,5.0,2.0,0.0,1.0,8.0,10.0,Desconocido
La Liga,140.0,,,False,2025-02-09,,,Sociedad,Espanol,2.0,1.0,,,6.0,0.0,1.0,2.0,0.0,0.0,13.0,4.0,Desconocido
Primeira Liga,94.0,,,False,2025-02-09,,,Sp Braga,Gil Vicente,2.0,0.0,,,4.0,2.0,0.0,0.0,0.0,1.0,14.0,6.0,Desconocido
Serie B,72.0,,,False,2025-02-09,515.0,522.0,Spezia,Palermo,2.0,2.0,,,13.0,3.0,1.0,4.0,0.0,0.0,31.0,7.0,Desconocido
Ligue 1,61.0,,,False,2025-02-09,95.0,82.0,Strasbourg,Montpellier,2.0,0.0,,,6.0,2.0,1.0,4.0,0.0,0.0,22.0,11.0,Desconocido
Eredivisie,88.0,,,False,2025-02-09,207.0,,Utrecht,Almere City,0.0,1.0,,,8.0,5.0,1.0,5.0,0.0,0.0,15.0,15.0,Desconocido
La Liga,140.0,,,False,2025-02-09,532.0,537.0,Valencia,Leganes,2.0,0.0,,,9.0,3.0,1.0,1.0,0.0,0.0,18.0,12.0,Desconocido
Serie A,71.0,,,False,2025-02-09,517.0,,Venezia,Roma,0.0,1.0,,,4.0,6.0,2.0,3.0,0.0,0.0,12.0,13.0,Desconocido
Eredivisie,88.0,,,False,2025-02-09,417.0,203.0,Waalwijk,NAC Breda,5.0,0.0,,,7.0,5.0,0.0,1.0,0.0,0.0,20.0,14.0,Desconocido
Jupiler Pro League,144.0,,,False,2025-02-09,,,Westerlo,Standard,4.0,2.0,,,5.0,4.0,2.0,1.0,0.0,0.0,21.0,12.0,Desconocido
Primeira Liga,94.0,,,False,2025-02-08,21595.0,227.0,AVS,Santa Clara,1.0,2.0,,,2.0,3.0,0.0,0.0,0.0,0.0,9.0,8.0,Desconocido
League 2,,,,False,2025-02-08,,1333.0,Accrington,AFC Wimbledon,0.0,0.0,,,9.0,2.0,1.0,3.0,0.0,0.0,9.0,9.0,Desconocido
Ligue 2,62,France,,False,2025-02-08,98,90,Ajaccio,Guingamp,0.0,3.0,,,4.0,5.0,1.0,1.0,0.0,0.0,8.0,13.0,A. Kherradji
National League,43.0,,,False,2025-02-08,4700.0,,Altrincham,Braintree Town,3.0,1.0,,,,,2.0,0.0,1.0,0.0,,,Desconocido
League 1 Escocia,183,Scotland,,False,2025-02-08,6757,1382,Annan Athletic,Dumbarton,2.0,1.0,,,8.0,10.0,0.0,0.0,0.0,0.0,11.0,13.0,P. Stuart
League 1 Escocia,,,,False,2025-02-08,4249.0,,Arbroath,Inverness C,3.0,0.0,,,2.0,4.0,0.0,2.0,0.0,0.0,8.0,11.0,Desconocido
La Liga,140.0,,,False,2025-02-08,,547.0,Ath Bilbao,Girona,3.0,0.0,,,11.0,2.0,0.0,4.0,0.0,0.0,23.0,3.0,Desconocido
League 2,42,England,,False,2025-02-08,1819,1347,Barrow,Gillingham,3.0,0.0,,,5.0,1.0,1.0,1.0,0.0,0.0,14.0,8.0,R. Joyce
Primeira Liga,94.0,,,False,2025-02-08,211.0,215.0,Benfica,Moreirense,3.0,2.0,,,6.0,6.0,0.0,1.0,0.0,0.0,11.0,8.0,Desconocido
League 1,41,England,,False,2025-02-08,68,1362,Bolton,Crawley Town,4.0,3.0,,,4.0,5.0,1.0,3.0,0.0,1.0,17.0,11.0,A. Chilowicz
League 2 Escocia,,,,False,2025-02-08,,6777.0,Bonnyrigg Rose,Peterhead,3.0,4.0,,,2.0,5.0,1.0,1.0,0.0,0.0,6.0,11.0,Desconocido
National League,43.0,,,False,2025-02-08,,1369.0,Boston Utd,Barnet,0.0,0.0,,,,,1.0,2.0,0.0,1.0,,,Desconocido
League 2,,,,False,2025-02-08,1343.0,,Bradford,Harrogate,1.0,0.0,,,2.0,2.0,1.0,2.0,0.0,0.0,9.0,10.0,Desconocido
League 1,,,,False,2025-02-08,,1356.0,Burton,Blackpool,1.0,1.0,,,2.0,7.0,2.0,0.0,0.0,0.0,11.0,16.0,Desconocido
La Liga,140.0,,,False,2025-02-08,,,Celta,Betis,3.0,2.0,,,4.0,7.0,3.0,5.0,0.0,0.0,14.0,12.0,Desconocido
League 1,41,England,,False,2025-02-08,1335,1368,Charlton,Stevenage,2.0,0.0,,,10.0,1.0,1.0,2.0,0.0,0.0,15.0,3.0,J. Smith
Friendly,10,World,,False,2025-02-08,2383,11,Chile,Panama,6.0,1.0,,,,,,,,,,,D. Herrera
Jupiler Pro League,144.0,,,False,2025-02-08,,,Club Brugge,Oud-Heverlee Leuven,1.0,0.0,,,8.0,1.0,0.0,0.0,0.0,0.0,17.0,7.0,Desconocido
League 2 Escocia,184,Scotland,,False,2025-02-08,6762,6785,Clyde,Stranraer,2.0,0.0,,,1.0,2.0,2.0,1.0,0.0,0.0,14.0,11.0,A. Grieve
League 2,42,England,,False,2025-02-08,1361,1342,Colchester,Walsall,2.0,1.0,,,5.0,2.0,4.0,2.0,0.0,1.0,9.0,8.0,L. Swabey
Serie B,72.0,,,False,2025-02-08,10137.0,1581.0,Cosenza,Carrarese,1.0,0.0,,,6.0,6.0,2.0,2.0,0.0,0.0,8.0,10.0,Desconocido
League 2,42,England,,False,2025-02-08,1363,1367,Crewe,Newport County,0.0,3.0,,,14.0,4.0,1.0,3.0,0.0,0.0,19.0,6.0,J. Oldham
National League,43.0,,,False,2025-02-08,,,Dag and Red,Yeovil,1.0,1.0,,,,,2.0,4.0,0.0,0.0,,,Desconocido
Bundesliga 2,,,,False,2025-02-08,,,Darmstadt,Elversberg,0.0,3.0,,,2.0,5.0,2.0,3.0,1.0,0.0,13.0,12.0,Desconocido
Jupiler Pro League,144.0,,,False,2025-02-08,6215.0,,Dender,St Truiden,2.0,1.0,,,3.0,5.0,0.0,0.0,0.0,0.0,14.0,9.0,Desconocido
Bundesliga,218.0,,,False,2025-02-08,,,Dortmund,Stuttgart,1.0,2.0,,,9.0,4.0,5.0,2.0,1.0,0.0,16.0,4.0,Desconocido
Serie A,71.0,,,False,2025-02-08,511.0,,Empoli,Milan,0.0,2.0,,,2.0,6.0,2.0,4.0,1.0,1.0,8.0,16.0,Desconocido
Championship Escocia,180,Scotland,,False,2025-02-08,1389,901,Falkirk,Partick,5.0,2.0,,,9.0,3.0,0.0,2.0,0.0,1.0,20.0,5.0,R. Hardie
Primeira Liga,94.0,,,False,2025-02-08,242.0,224.0,Famalicao,Guimaraes,0.0,0.0,,,4.0,11.0,3.0,2.0,0.0,0.0,8.0,7.0,Desconocido
La Liga 2,,,,False,2025-02-08,,,Ferrol,Castellon,1.0,3.0,,,6.0,3.0,0.0,0.0,0.0,0.0,12.0,10.0,Desconocido
Eredivisie,88.0,,,False,2025-02-08,209.0,426.0,Feyenoord,Sparta Rotterdam,3.0,0.0,,,6.0,2.0,0.0,0.0,0.0,0.0,17.0,14.0,Desconocido
League 2,42,England,,False,2025-02-08,1336,1372,Fleetwood Town,Cheltenham,2.0,0.0,,,5.0,4.0,3.0,1.0,0.0,0.0,15.0,8.0,A. Bannister
National League,43.0,,,False,2025-02-08,1378.0,1822.0,Forest Green,Eastleigh,2.0,1.0,,,,,0.0,0.0,0.0,0.0,,,Desconocido
League 2 Escocia,,,,False,2025-02-08,,6766.0,Forfar,Edinburgh City,0.0,1.0,,,4.0,5.0,3.0,2.0,0.0,0.0,6.0,7.0,Desconocido
Bundesliga,218.0,,,False,2025-02-08,,,Freiburg,Heidenheim,1.0,0.0,,,6.0,3.0,3.0,1.0,0.0,0.0,9.0,11.0,Desconocido
Serie B,72.0,,,False,2025-02-08,512.0,1687.0,Frosinone,Catanzaro,1.0,1.0,,,7.0,4.0,0.0,0.0,0.0,0.0,16.0,11.0,Desconocido
Jupiler Pro League,144.0,,,False,2025-02-08,742.0,741.0,Genk,Cercle Brugge,2.0,1.0,,,2.0,3.0,0.0,2.0,0.0,1.0,16.0,11.0,Desconocido
La Liga 2,,,,False,2025-02-08,22018.0,799.0,Granada,Mirandes,0.0,0.0,,,6.0,4.0,0.0,0.0,0.0,0.0,12.0,11.0,Desconocido
League 2,42,England,,False,2025-02-08,1365,1371,Grimsby,Carlisle,2.0,1.0,,,12.0,4.0,1.0,5.0,0.0,0.0,26.0,6.0,Z. Kennard-Kettle
Eredivisie,88.0,,,False,2025-02-08,202.0,,Groningen,Nijmegen,2.0,1.0,,,7.0,6.0,1.0,0.0,1.0,0.0,17.0,14.0,Desconocido
Eredivisie,88.0,,,False,2025-02-08,206.0,,Heracles,Go Ahead Eagles,4.0,2.0,,,11.0,5.0,0.0,0.0,0.0,0.0,24.0,11.0,Desconocido
Bundesliga 2,,,,False,2025-02-08,,,Hertha,Kaiserslautern,0.0,1.0,,,6.0,7.0,0.0,0.0,0.0,0.0,16.0,13.0,Desconocido
Bundesliga,218.0,,,False,2025-02-08,,182.0,Hoffenheim,Union Berlin,0.0,4.0,,,8.0,4.0,2.0,1.0,0.0,0.0,16.0,22.0,Desconocido
League 1,41,England,,False,2025-02-08,37,53,Huddersfield,Reading,0.0,0.0,,,6.0,0.0,2.0,3.0,0.0,0.0,16.0,10.0,S. Tallis
Turkey Super Lig,203,Turkey,,False,2025-02-08,1001,607,Kayserispor,Konyaspor,3.0,2.0,,,4.0,7.0,3.0,3.0,0.0,1.0,14.0,18.0,Ç. Altay
La Liga,140.0,,,False,2025-02-08,534.0,533.0,Las Palmas,Villarreal,1.0,2.0,,,6.0,5.0,6.0,3.0,0.0,0.0,20.0,9.0,Desconocido
Ligue 1,61.0,,,False,2025-02-08,79.0,111.0,Lille,Le Havre,1.0,2.0,,,8.0,10.0,2.0,1.0,0.0,0.0,14.0,14.0,Desconocido
League 1,,,,False,2025-02-08,1379.0,,Lincoln,Cambridge,1.0,1.0,,,4.0,3.0,4.0,1.0,1.0,0.0,13.0,8.0,Desconocido
Ligue 2,62.0,,,False,2025-02-08,97.0,87.0,Lorient,Amiens,3.0,1.0,,,9.0,1.0,1.0,1.0,0.0,0.0,24.0,3.0,Desconocido
Bundesliga,218.0,,,False,2025-02-08,,,M'gladbach,Ein Frankfurt,1.0,1.0,,,6.0,1.0,3.0,3.0,0.0,0.0,8.0,15.0,Desconocido
Bundesliga 2,,,,False,2025-02-08,,,Magdeburg,Nurnberg,3.0,4.0,,,10.0,2.0,1.0,3.0,0.0,0.0,22.0,10.0,Desconocido
National League,43.0,,,False,2025-02-08,1838.0,1341.0,Maidenhead,Southend,1.0,0.0,,,,,2.0,1.0,0.0,0.0,,,Desconocido
Bundesliga,218.0,,,False,2025-02-08,,,Mainz,Augsburg,0.0,0.0,,,1.0,3.0,3.0,3.0,0.0,0.0,9.0,9.0,Desconocido
La Liga 2,141,Spain,,False,2025-02-08,535,539,Malaga,Levante,1.0,1.0,,,8.0,5.0,1.0,2.0,1.0,0.0,12.0,13.0,Iosu Galech
Serie B,72.0,,,False,2025-02-08,1693.0,488.0,Mantova,Sassuolo,0.0,3.0,,,3.0,3.0,0.0,3.0,0.0,0.0,8.0,10.0,Desconocido
Ligue 2,62.0,,,False,2025-02-08,112.0,,Metz,Clermont,3.0,1.0,,,6.0,3.0,0.0,1.0,0.0,0.0,18.0,12.0,Desconocido
League 2,42,England,,False,2025-02-08,1348,1832,Milton Keynes Dons,Bromley,0.0,1.0,,,11.0,5.0,5.0,1.0,0.0,0.0,13.0,11.0,J. Durkin
League 1 Escocia,,,,False,2025-02-08,4251.0,,Montrose,Alloa,2.0,2.0,,,4.0,3.0,1.0,3.0,0.0,0.0,9.0,12.0,Desconocido
Ligue 1,61.0,,,False,2025-02-08,84.0,116.0,Nice,Lens,2.0,0.0,,,7.0,3.0,1.0,4.0,0.0,1.0,16.0,12.0,Desconocido
Championship,407.0,,,False,2025-02-08,71.0,69.0,Norwich,Derby,1.0,1.0,,,2.0,4.0,2.0,2.0,0.0,0.0,8.0,6.0,Desconocido
League 2,42,England,,False,2025-02-08,1376,1375,Notts County,Morecambe,2.0,0.0,,,4.0,5.0,1.0,5.0,0.0,0.0,16.0,13.0,P. Marsden
Super League Greece,,,,False,2025-02-08,,619.0,OFI Crete,PAOK,0.0,5.0,,,4.0,5.0,2.0,3.0,1.0,0.0,6.0,23.0,Desconocido
Eredivisie,88.0,,,False,2025-02-08,197.0,195.0,PSV Eindhoven,Willem II,1.0,1.0,,,6.0,2.0,0.0,2.0,0.0,0.0,15.0,8.0,Desconocido
Serie B,72.0,,,False,2025-02-08,801.0,510.0,Pisa,Cittadella,0.0,1.0,,,11.0,1.0,1.0,3.0,0.0,0.0,11.0,5.0,Desconocido
La Liga,140.0,,,False,2025-02-08,541.0,,Real Madrid,Ath Madrid,1.0,1.0,,,6.0,1.0,1.0,3.0,0.0,0.0,23.0,10.0,Desconocido
National League,43.0,,,False,2025-02-08,1339.0,,Rochdale,Ebbsfleet,0.0,0.0,,,,,0.0,0.0,0.0,0.0,,,Desconocido
League 1,41,England,,False,2025-02-08,73,1352,Rotherham,Shrewsbury,1.0,2.0,,,8.0,1.0,1.0,0.0,0.0,0.0,8.0,4.0,D. Baines
League 2,,,,False,2025-02-08,,1381.0,Salford,Tranmere,2.0,0.0,,,2.0,6.0,2.0,2.0,0.0,0.0,15.0,9.0,Desconocido
Serie B,72.0,,,False,2025-02-08,498.0,899.0,Sampdoria,Modena,1.0,0.0,,,7.0,4.0,4.0,3.0,0.0,0.0,19.0,11.0,Desconocido
Championship,407.0,,,False,2025-02-08,,1355.0,Sheffield United,Portsmouth,2.0,1.0,,,5.0,5.0,4.0,1.0,0.0,0.0,11.0,16.0,Desconocido
Turkey Super Lig,,,,False,2025-02-08,1002.0,,Sivasspor,Besiktas,0.0,2.0,,,5.0,5.0,0.0,0.0,0.0,0.0,7.0,13.0,Desconocido
National League,43.0,,,False,2025-02-08,,1349.0,Solihull,Oldham,0.0,1.0,,,,,2.0,2.0,0.0,0.0,,,Desconocido
La Liga 2,,,,False,2025-02-08,,545.0,Sp Gijon,Eibar,0.0,0.0,,,7.0,2.0,2.0,5.0,0.0,1.0,10.0,12.0,Desconocido
League 2 Escocia,184,Scotland,,False,2025-02-08,6781,6764,Spartans,East Fife,0.0,1.0,,,7.0,4.0,2.0,0.0,0.0,0.0,10.0,14.0,R. Lee
Ligue 1,61.0,,,False,2025-02-08,,94.0,St Etienne,Rennes,0.0,2.0,,,2.0,4.0,1.0,5.0,0.0,0.0,9.0,21.0,Desconocido
League 1 Escocia,,,,False,2025-02-08,6784.0,,Stenhousemuir,Queen of Sth,2.0,1.0,,,2.0,6.0,2.0,2.0,0.0,0.0,7.0,13.0,Desconocido
League 2 Escocia,,,,False,2025-02-08,,,Stirling,Elgin,3.0,1.0,,,2.0,8.0,2.0,1.0,0.0,0.0,11.0,12.0,Desconocido
League 1,,,,False,2025-02-08,,747.0,Stockport,Barnsley,2.0,1.0,,,2.0,3.0,0.0,0.0,0.0,0.0,10.0,12.0,Desconocido
Championship,407.0,,,False,2025-02-08,746.0,38.0,Sunderland,Watford,2.0,2.0,,,7.0,3.0,5.0,1.0,0.0,0.0,14.0,11.0,Desconocido
National League,43.0,,,False,2025-02-08,,1366.0,Sutton,Hartlepool,1.0,2.0,,,,,1.0,2.0,0.0,0.0,,,Desconocido
League 2,,,,False,2025-02-08,,1351.0,Swindon,Port Vale,3.0,3.0,,,4.0,5.0,1.0,3.0,0.0,0.0,9.0,14.0,Desconocido
National League,43.0,,,False,2025-02-08,7752.0,,Tamworth,Halifax,1.0,2.0,,,,,1.0,3.0,0.0,0.0,,,Desconocido
Serie A,71.0,,,False,2025-02-08,503.0,495.0,Torino,Genoa,1.0,1.0,,,4.0,2.0,2.0,2.0,0.0,0.0,10.0,6.0,Desconocido
Bundesliga 2,,,,False,2025-02-08,,,Ulm,Paderborn,0.0,2.0,,,4.0,5.0,1.0,4.0,1.0,0.0,7.0,9.0,Desconocido
Serie A,71.0,,,False,2025-02-08,,499.0,Verona,Atalanta,0.0,5.0,,,7.0,2.0,2.0,1.0,0.0,0.0,18.0,17.0,Desconocido
Super League Greece,197,Greece,,False,2025-02-08,2110,949,Volos NFC,Panetolikos,0.0,1.0,,,7.0,1.0,0.0,0.0,0.0,0.0,13.0,7.0,A. Papapetrou
National League,43.0,,,False,2025-02-08,8663.0,1823.0,Wealdstone,Gateshead,0.0,4.0,,,,,4.0,1.0,0.0,0.0,,,Desconocido
Championship,407.0,,,False,2025-02-08,60.0,,West Brom,Sheffield Weds,2.0,1.0,,,12.0,2.0,2.0,3.0,1.0,0.0,15.0,15.0,Desconocido
Bundesliga,218.0,,,False,2025-02-08,,,Wolfsburg,Leverkusen,0.0,0.0,,,3.0,9.0,2.0,3.0,0.0,0.0,13.0,15.0,Desconocido
National League,43.0,,,False,2025-02-08,1828.0,1836.0,York,Woking,3.0,0.0,,,,,0.0,2.0,0.0,0.0,,,Desconocido
La Liga 2,141,Spain,,False,2025-02-07,722,732,Albacete,Zaragoza,2.0,1.0,,,6.0,2.0,4.0,3.0,0.0,0.0,14.0,11.0,José Guzmán
Bundesliga,218.0,,,False,2025-02-07,,162.0,Bayern Munich,Werder Bremen,3.0,0.0,,,5.0,2.0,1.0,3.0,0.0,0.0,21.0,2.0,Desconocido
Serie B,136,Italy,,False,2025-02-07,518,514,Brescia,Salernitana,0.0,0.0,,,3.0,2.0,1.0,0.0,0.0,0.0,10.0,7.0,A. Santoro
Serie A,71.0,,,False,2025-02-07,895.0,10019.0,Como,Juventus,1.0,2.0,,,9.0,1.0,3.0,1.0,0.0,0.0,16.0,8.0,Desconocido
Ligue 2,62.0,,,False,2025-02-07,101.0,,Grenoble,Red Star,0.0,0.0,,,4.0,4.0,1.0,1.0,0.0,0.0,10.0,10.0,Desconocido
Bundesliga 2,,,,False,2025-02-07,,,Greuther Furth,Regensburg,2.0,1.0,,,9.0,3.0,1.0,3.0,0.0,0.0,19.0,12.0,Desconocido
Friendly,,,,False,2025-02-07,,5168.0,Jamaica,Trinidad and Tobago,1.0,0.0,,,,,,,,,,,Desconocido
Ligue 2,62.0,,,False,2025-02-07,433.0,3012.0,Laval,Annecy,0.0,1.0,,,5.0,2.0,2.0,3.0,0.0,0.0,9.0,7.0,Desconocido
League 1,,,,False,2025-02-07,,1337.0,Mansfield,Northampton,0.0,1.0,,,4.0,3.0,3.0,2.0,0.0,0.0,20.0,10.0,Desconocido
Ligue 2,62.0,,,False,2025-02-07,,,Martigues,Troyes,1.0,2.0,,,1.0,5.0,2.0,3.0,1.0,0.0,8.0,16.0,Desconocido
Jupiler Pro League,144.0,,,False,2025-02-07,,631.0,Mechelen,Gent,3.0,3.0,,,9.0,2.0,0.0,1.0,0.0,0.0,16.0,15.0,Desconocido
Ligue 1,61.0,,,False,2025-02-07,83.0,,Nantes,Brest,0.0,2.0,,,12.0,4.0,3.0,2.0,0.0,0.0,15.0,10.0,Desconocido
Ligue 2,62.0,,,False,2025-02-07,114.0,,Paris FC,Pau FC,3.0,1.0,,,4.0,6.0,2.0,2.0,0.0,0.0,8.0,13.0,Desconocido
Ligue 1,61.0,,,False,2025-02-07,,91.0,Paris SG,Monaco,4.0,1.0,,,1.0,1.0,1.0,0.0,0.0,0.0,16.0,9.0,Desconocido
Primeira Liga,94.0,,,False,2025-02-07,,,Porto,Sp Lisbon,1.0,1.0,,,6.0,3.0,3.0,4.0,0.0,2.0,17.0,13.0,Desconocido
Bundesliga 2,,,,False,2025-02-07,1313.0,,Preußen Münster,Hamburg,1.0,2.0,,,3.0,7.0,3.0,2.0,0.0,0.0,5.0,14.0,Desconocido
Ligue 2,62.0,,,False,2025-02-07,1301.0,1305.0,Rodez,Bastia,0.0,2.0,,,9.0,2.0,5.0,2.0,0.0,0.0,9.0,13.0,Desconocido
Turkey Super Lig,203,Turkey,,False,2025-02-07,3603,3575,Samsunspor,Hatayspor,2.0,0.0,,,4.0,7.0,1.0,2.0,0.0,0.0,16.0,14.0,A. Akarsu
La Liga,140.0,,,False,2025-02-07,,720.0,Vallecano,Valladolid,1.0,0.0,,,4.0,2.0,2.0,2.0,0.0,0.0,20.0,8.0,Desconocido
League 2,42,England,,False,2025-02-06,1345,1354,Chesterfield,Doncaster,5.0,2.0,,,7.0,7.0,2.0,4.0,0.0,0.0,10.0,21.0,G. Rollason
Serie A,71.0,,,False,2025-02-06,502.0,505.0,Fiorentina,Inter,3.0,0.0,,,1.0,8.0,0.0,0.0,0.0,0.0,10.0,11.0,Desconocido
Premiership Escocia,179,Scotland,,False,2025-02-05,247,253,Celtic,Dundee,6.0,0.0,,,6.0,3.0,1.0,4.0,0.0,0.0,18.0,5.0,C. Steven
Championship,407.0,,,False,2025-02-05,1346.0,63.0,Coventry,Leeds,0.0,2.0,,,3.0,8.0,2.0,1.0,0.0,0.0,9.0,20.0,Desconocido
Championship,407.0,,,False,2025-02-04,44.0,,Burnley,Oxford,1.0,0.0,,,12.0,3.0,2.0,2.0,0.0,0.0,15.0,7.0,Desconocido
National League,43.0,,,False,2025-02-04,,1378.0,Dag and Red,Forest Green,0.0,2.0,,,,,2.0,1.0,0.0,0.0,,,Desconocido
League 2 Escocia,,,,False,2025-02-04,,,Elgin,Bonnyrigg Rose,3.0,0.0,,,3.0,6.0,2.0,4.0,0.0,0.0,7.0,6.0,Desconocido
National League,43.0,,,False,2025-02-04,,,Halifax,Fylde,1.0,2.0,,,,,2.0,4.0,0.0,0.0,,,Desconocido
League 2,42,England,,False,2025-02-04,1367,1375,Newport County,Morecambe,2.0,1.0,,,5.0,11.0,1.0,1.0,0.0,0.0,12.0,26.0,C. Brook
Championship,407.0,,,False,2025-02-04,72.0,67.0,QPR,Blackburn,2.0,1.0,,,11.0,2.0,0.0,0.0,0.0,0.0,17.0,10.0,Desconocido
National League,43.0,,,False,2025-02-04,1339.0,1349.0,Rochdale,Oldham,0.0,1.0,,,,,0.0,1.0,0.0,0.0,,,Desconocido
League 2,,,,False,2025-02-04,,1832.0,Salford,Bromley,3.0,3.0,,,4.0,3.0,1.0,3.0,0.0,0.0,19.0,7.0,Desconocido
League 2 Escocia,,,,False,2025-02-04,,6781.0,Stirling,Spartans,1.0,3.0,,,5.0,5.0,3.0,0.0,0.0,0.0,8.0,11.0,Desconocido
National League,43.0,,,False,2025-02-04,8663.0,7752.0,Wealdstone,Tamworth,0.0,1.0,,,,,1.0,1.0,1.0,0.0,,,Desconocido
Super League Greece,197,Greece,,False,2025-02-03,955,956,Asteras Tripolis,Lamia,1.0,0.0,,,3.0,4.0,2.0,4.0,1.0,1.0,11.0,9.0,P. Tsagarakis
Serie A,71.0,,,False,2025-02-03,490.0,487.0,Cagliari,Lazio,1.0,2.0,,,7.0,7.0,0.0,0.0,0.0,0.0,15.0,11.0,Desconocido
Premier League,569.0,,,False,2025-02-03,49.0,48.0,Chelsea,West Ham,2.0,1.0,,,4.0,3.0,3.0,1.0,0.0,0.0,22.0,14.0,Desconocido
Turkey Super Lig,,,,False,2025-02-03,,645.0,Gaziantep,Galatasaray,0.0,1.0,,,7.0,8.0,4.0,5.0,0.0,0.0,17.0,16.0,Desconocido
La Liga,140.0,,,False,2025-02-03,547.0,534.0,Girona,Las Palmas,2.0,1.0,,,11.0,3.0,2.0,2.0,0.0,0.0,12.0,10.0,Desconocido
La Liga 2,,,,False,2025-02-03,539.0,,Levante,Ferrol,0.0,1.0,,,11.0,2.0,1.0,1.0,0.0,0.0,22.0,6.0,Desconocido
Championship,407.0,,,False,2025-02-03,70.0,746.0,Middlesbrough,Sunderland,2.0,3.0,,,1.0,5.0,2.0,3.0,0.0,0.0,12.0,12.0,Desconocido
Primeira Liga,94.0,,,False,2025-02-03,215.0,,Moreirense,Sp Braga,1.0,2.0,,,1.0,9.0,2.0,1.0,0.0,0.0,10.0,13.0,Desconocido
Primeira Liga,94.0,,,False,2025-02-03,226.0,,Rio Ave,Porto,2.0,2.0,,,3.0,5.0,1.0,3.0,1.0,0.0,9.0,23.0,Desconocido
Turkey Super Lig,,,,False,2025-02-02,,,Ad. Demirspor,Kasimpasa,3.0,5.0,,,5.0,4.0,2.0,2.0,0.0,0.0,11.0,14.0,Desconocido
Eredivisie,88.0,,,False,2025-02-02,194.0,209.0,Ajax,Feyenoord,2.0,1.0,,,7.0,5.0,0.0,0.0,0.0,0.0,16.0,12.0,Desconocido
Eredivisie,88.0,,,False,2025-02-02,,417.0,Almere City,Waalwijk,1.0,4.0,,,5.0,10.0,0.0,2.0,1.0,0.0,15.0,28.0,Desconocido
Ligue 1,61.0,,,False,2025-02-02,77.0,111.0,Angers,Le Havre,1.0,1.0,,,4.0,2.0,2.0,4.0,1.0,1.0,17.0,13.0,Desconocido
Jupiler Pro League,144.0,,,False,2025-02-02,740.0,,Antwerp,Club Brugge,2.0,1.0,,,3.0,6.0,2.0,2.0,0.0,0.0,7.0,19.0,Desconocido
Premier League,569.0,,,False,2025-02-02,9419.0,,Arsenal,Man City,5.0,1.0,,,5.0,2.0,2.0,0.0,0.0,0.0,12.0,7.0,Desconocido
Super League Greece,,,,False,2025-02-02,,3408.0,Athens Kallithea,Aris,0.0,1.0,,,10.0,4.0,4.0,3.0,0.0,0.0,16.0,11.0,Desconocido
La Liga,140.0,,,False,2025-02-02,529.0,542.0,Barcelona,Alaves,1.0,0.0,,,5.0,2.0,5.0,2.0,0.0,0.0,11.0,3.0,Desconocido
Serie B,72.0,,,False,2025-02-02,508.0,512.0,Bari,Frosinone,2.0,1.0,,,3.0,6.0,2.0,4.0,0.0,0.0,9.0,20.0,Desconocido
La Liga,140.0,,,False,2025-02-02,,,Betis,Ath Bilbao,2.0,2.0,,,3.0,7.0,3.0,1.0,0.0,0.0,10.0,12.0,Desconocido
Premier League,569.0,,,False,2025-02-02,55.0,47.0,Brentford,Tottenham,0.0,2.0,,,10.0,3.0,0.0,1.0,0.0,0.0,20.0,13.0,Desconocido
League 1,,,,False,2025-02-02,,,Bristol Rvs,Peterboro,3.0,1.0,,,8.0,6.0,2.0,3.0,0.0,0.0,13.0,19.0,Desconocido
Serie B,72.0,,,False,2025-02-02,1581.0,,Carrarese,Brescia,1.0,2.0,,,5.0,2.0,2.0,3.0,0.0,0.0,12.0,15.0,Desconocido
La Liga 2,,,,False,2025-02-02,,713.0,Cartagena,Cordoba,0.0,1.0,,,8.0,6.0,1.0,3.0,0.0,0.0,8.0,19.0,Desconocido
La Liga 2,,,,False,2025-02-02,,726.0,Castellon,Huesca,0.0,1.0,,,7.0,7.0,5.0,0.0,0.0,0.0,17.0,8.0,Desconocido
La Liga 2,,,,False,2025-02-02,545.0,,Eibar,La Coruna,0.0,1.0,,,12.0,1.0,1.0,0.0,0.0,0.0,22.0,8.0,Desconocido
Bundesliga,218.0,,,False,2025-02-02,,,Ein Frankfurt,Wolfsburg,1.0,1.0,,,9.0,1.0,1.0,3.0,0.0,0.0,16.0,11.0,Desconocido
Primeira Liga,94.0,,,False,2025-02-02,15130.0,211.0,Estrela,Benfica,2.0,3.0,,,0.0,7.0,3.0,2.0,0.0,0.0,7.0,14.0,Desconocido
Turkey Super Lig,,,,False,2025-02-02,,1007.0,Fenerbahce,Rizespor,3.0,2.0,,,10.0,1.0,4.0,6.0,0.0,2.0,36.0,6.0,Desconocido
Serie A,71.0,,,False,2025-02-02,502.0,495.0,Fiorentina,Genoa,2.0,1.0,,,1.0,8.0,3.0,1.0,0.0,0.0,7.0,17.0,Desconocido
Jupiler Pro League,144.0,,,False,2025-02-02,631.0,554.0,Gent,Anderlecht,1.0,0.0,,,9.0,6.0,4.0,4.0,1.0,1.0,12.0,12.0,Desconocido
Eredivisie,88.0,,,False,2025-02-02,,415.0,Go Ahead Eagles,Twente,2.0,2.0,,,4.0,8.0,0.0,0.0,0.0,0.0,9.0,17.0,Desconocido
Turkey Super Lig,,,,False,2025-02-02,,996.0,Goztep,Alanyaspor,0.0,1.0,,,7.0,3.0,3.0,2.0,0.0,0.0,25.0,8.0,Desconocido
Bundesliga 2,,,,False,2025-02-02,,,Hamburg,Hannover,2.0,2.0,,,6.0,3.0,4.0,2.0,0.0,0.0,19.0,16.0,Desconocido
Serie A,71.0,,,False,2025-02-02,10019.0,511.0,Juventus,Empoli,4.0,1.0,,,8.0,6.0,0.0,3.0,0.0,1.0,23.0,10.0,Desconocido
Bundesliga 2,,,,False,2025-02-02,,1313.0,Kaiserslautern,Preußen Münster,2.0,1.0,,,4.0,4.0,1.0,6.0,0.0,0.0,14.0,18.0,Desconocido
Jupiler Pro League,144.0,,,False,2025-02-02,734.0,,Kortrijk,Westerlo,1.0,2.0,,,5.0,6.0,4.0,6.0,1.0,1.0,9.0,14.0,Desconocido
Super League Greece,,,,False,2025-02-02,,3415.0,Levadeiakos,Olympiakos,0.0,1.0,,,3.0,6.0,4.0,1.0,0.0,0.0,7.0,14.0,Desconocido
Bundesliga,218.0,,,False,2025-02-02,,,Leverkusen,Hoffenheim,3.0,1.0,,,3.0,3.0,4.0,3.0,1.0,0.0,9.0,16.0,Desconocido
Premier League,569.0,,,False,2025-02-02,,52.0,Man United,Crystal Palace,0.0,2.0,,,11.0,0.0,3.0,1.0,0.0,0.0,17.0,11.0,Desconocido
Ligue 1,61.0,,,False,2025-02-02,81.0,80.0,Marseille,Lyon,3.0,2.0,,,6.0,2.0,4.0,1.0,0.0,0.0,20.0,10.0,Desconocido
Serie A,71.0,,,False,2025-02-02,,505.0,Milan,Inter,1.0,1.0,,,8.0,11.0,0.0,2.0,0.0,0.0,10.0,16.0,Desconocido
Premiership Escocia,179,Scotland,,False,2025-02-02,256,247,Motherwell,Celtic,1.0,3.0,,,3.0,10.0,0.0,0.0,0.0,0.0,2.0,18.0,N. Walsh
La Liga,140.0,,,False,2025-02-02,727.0,,Osasuna,Sociedad,2.0,1.0,,,3.0,5.0,3.0,3.0,0.0,0.0,11.0,13.0,Desconocido
Super League Greece,,,,False,2025-02-02,619.0,,PAOK,AEK,1.0,2.0,,,3.0,3.0,3.0,8.0,0.0,0.0,10.0,15.0,Desconocido
Bundesliga 2,,,,False,2025-02-02,,,Paderborn,Greuther Furth,1.0,2.0,,,6.0,6.0,3.0,2.0,1.0,0.0,16.0,10.0,Desconocido
Super League Greece,197,Greece,,False,2025-02-02,949,12260,Panetolikos,Atromitos,0.0,1.0,,,0.0,5.0,3.0,2.0,1.0,0.0,4.0,20.0,A. Katsikogiannis
Premiership Escocia,179,Scotland,,False,2025-02-02,257,902,Rangers,Ross County,4.0,0.0,,,8.0,3.0,0.0,1.0,0.0,0.0,28.0,2.0,S. McLean
Ligue 1,61.0,,,False,2025-02-02,93.0,83.0,Reims,Nantes,1.0,2.0,,,9.0,3.0,3.0,3.0,1.0,0.0,13.0,11.0,Desconocido
Ligue 1,61.0,,,False,2025-02-02,94.0,95.0,Rennes,Strasbourg,1.0,0.0,,,6.0,2.0,3.0,3.0,0.0,0.0,13.0,7.0,Desconocido
Serie A,71.0,,,False,2025-02-02,,492.0,Roma,Napoli,1.0,1.0,,,2.0,3.0,2.0,1.0,0.0,0.0,12.0,5.0,Desconocido
Serie B,72.0,,,False,2025-02-02,514.0,520.0,Salernitana,Cremonese,1.0,0.0,,,1.0,11.0,4.0,4.0,0.0,0.0,12.0,19.0,Desconocido
Primeira Liga,94.0,,,False,2025-02-02,,231.0,Sp Lisbon,Farense,3.0,1.0,,,9.0,1.0,1.0,0.0,0.0,0.0,21.0,6.0,Desconocido
Eredivisie,88.0,,,False,2025-02-02,426.0,202.0,Sparta Rotterdam,Groningen,1.0,0.0,,,4.0,2.0,0.0,1.0,0.0,0.0,8.0,7.0,Desconocido
Jupiler Pro League,144.0,,,False,2025-02-02,,,St. Gilloise,St Truiden,2.0,1.0,,,6.0,6.0,3.0,5.0,0.0,0.0,16.0,8.0,Desconocido
Serie B,72.0,,,False,2025-02-02,1578.0,880.0,Sudtirol,Reggiana,2.0,0.0,,,8.0,6.0,0.0,0.0,0.0,0.0,9.0,15.0,Desconocido
La Liga 2,141,Spain,,False,2025-02-02,719,722,Tenerife,Albacete,3.0,1.0,,,3.0,2.0,2.0,1.0,1.0,0.0,15.0,7.0,Sergiu Muresan
Ligue 1,61.0,,,False,2025-02-02,96.0,84.0,Toulouse,Nice,1.0,1.0,,,7.0,2.0,2.0,2.0,0.0,0.0,15.0,13.0,Desconocido
La Liga,140.0,,,False,2025-02-02,532.0,,Valencia,Celta,2.0,1.0,,,5.0,2.0,1.0,2.0,0.0,0.0,8.0,3.0,Desconocido
Eredivisie,88.0,,,False,2025-02-02,195.0,201.0,Willem II,AZ Alkmaar,0.0,2.0,,,1.0,10.0,4.0,0.0,1.0,0.0,3.0,17.0,Desconocido
La Liga 2,141,Spain,,False,2025-02-02,732,724,Zaragoza,Cadiz,0.0,0.0,,,4.0,2.0,6.0,3.0,1.0,0.0,9.0,9.0,Jon González
League 2,42,England,,False,2025-02-01,1333,1343,AFC Wimbledon,Bradford,1.0,0.0,,,3.0,5.0,3.0,1.0,0.0,0.0,15.0,5.0,S. Mather
Championship Escocia,,,,False,2025-02-01,,,Airdrie Utd,Queens Park,2.0,1.0,,,12.0,6.0,3.0,1.0,0.0,1.0,13.0,8.0,Desconocido
La Liga 2,141,Spain,,False,2025-02-01,723,718,Almeria,Oviedo,1.0,1.0,,,1.0,3.0,3.0,5.0,0.0,0.0,11.0,9.0,Saúl Ais
Serie A,71.0,,,False,2025-02-01,499.0,503.0,Atalanta,Torino,1.0,1.0,,,8.0,0.0,0.0,3.0,0.0,0.0,22.0,5.0,Desconocido
La Liga,140.0,,,False,2025-02-01,,798.0,Ath Madrid,Mallorca,2.0,0.0,,,10.0,4.0,2.0,3.0,0.0,0.0,17.0,10.0,Desconocido
League 1,,,,False,2025-02-01,747.0,,Barnsley,Burton,0.0,0.0,,,6.0,4.0,1.0,2.0,0.0,0.0,19.0,4.0,Desconocido
Bundesliga,218.0,,,False,2025-02-01,,191.0,Bayern Munich,Holstein Kiel,4.0,3.0,,,12.0,1.0,1.0,1.0,0.0,0.0,29.0,10.0,Desconocido
League 1,41,England,,False,2025-02-01,54,73,Birmingham,Rotherham,2.0,1.0,,,8.0,3.0,2.0,3.0,0.0,0.0,23.0,7.0,F. Hallam
League 1,41,England,,False,2025-02-01,1356,1335,Blackpool,Charlton,2.0,2.0,,,6.0,3.0,2.0,3.0,0.0,0.0,15.0,13.0,T. Parsons
Bundesliga,218.0,,,False,2025-02-01,,,Bochum,Freiburg,0.0,1.0,,,9.0,7.0,3.0,2.0,0.0,0.0,22.0,13.0,Desconocido
Serie A,71.0,,,False,2025-02-01,500.0,895.0,Bologna,Como,2.0,0.0,,,4.0,2.0,3.0,4.0,0.0,1.0,15.0,8.0,Desconocido
League 2 Escocia,,,,False,2025-02-01,,6762.0,Bonnyrigg Rose,Clyde,2.0,1.0,,,2.0,4.0,4.0,1.0,0.0,0.0,12.0,6.0,Desconocido
Premier League,569.0,,,False,2025-02-01,35.0,40.0,Bournemouth,Liverpool,0.0,2.0,,,3.0,3.0,2.0,3.0,0.0,0.0,14.0,19.0,Desconocido
National League,43.0,,,False,2025-02-01,,1366.0,Braintree Town,Hartlepool,1.0,1.0,,,,,2.0,2.0,0.0,0.0,,,Desconocido
Bundesliga 2,,,,False,2025-02-01,,,Braunschweig,FC Koln,1.0,2.0,,,10.0,4.0,4.0,2.0,0.0,0.0,14.0,14.0,Desconocido
Ligue 1,61.0,,,False,2025-02-01,,,Brest,Paris SG,2.0,5.0,,,4.0,7.0,1.0,0.0,0.0,0.0,14.0,14.0,Desconocido
League 2,42,England,,False,2025-02-01,1832,1365,Bromley,Grimsby,0.0,2.0,,,12.0,4.0,1.0,4.0,0.0,1.0,12.0,14.0,S. Mulhall
Turkey Super Lig,,,,False,2025-02-01,,3603.0,Buyuksehyr,Samsunspor,4.0,0.0,,,4.0,6.0,2.0,2.0,0.0,0.0,16.0,8.0,Desconocido
League 1,,,,False,2025-02-01,,1358.0,Cambridge,Wycombe,1.0,1.0,,,5.0,2.0,3.0,0.0,0.0,1.0,14.0,10.0,Desconocido
League 2,,,,False,2025-02-01,1371.0,,Carlisle,Swindon,1.0,5.0,,,11.0,7.0,0.0,2.0,1.0,0.0,16.0,14.0,Desconocido
Serie B,72.0,,,False,2025-02-01,1687.0,509.0,Catanzaro,Cesena,4.0,2.0,,,1.0,4.0,2.0,3.0,0.0,0.0,8.0,12.0,Desconocido
Jupiler Pro League,144.0,,,False,2025-02-01,741.0,,Cercle Brugge,Standard,1.0,1.0,,,4.0,6.0,1.0,2.0,0.0,0.0,14.0,13.0,Desconocido
Jupiler Pro League,144.0,,,False,2025-02-01,736.0,6215.0,Charleroi,Dender,5.0,0.0,,,1.0,3.0,0.0,0.0,0.0,0.0,19.0,3.0,Desconocido
League 2,42,England,,False,2025-02-01,1372,1345,Cheltenham,Chesterfield,1.0,0.0,,,2.0,8.0,2.0,3.0,0.0,0.0,10.0,17.0,J. Miles
Serie B,72.0,,,False,2025-02-01,510.0,515.0,Cittadella,Spezia,0.0,2.0,,,4.0,1.0,3.0,1.0,0.0,0.0,11.0,14.0,Desconocido
League 1 Escocia,183,Scotland,,False,2025-02-01,6763,4249,Cove Rangers,Arbroath,2.0,1.0,,,6.0,4.0,1.0,1.0,0.0,0.0,8.0,11.0,G. Duncan
League 1,41,England,,False,2025-02-01,1362,1837,Crawley Town,Wrexham,1.0,2.0,,,7.0,6.0,1.0,1.0,0.0,0.0,16.0,8.0,P. Howard
Championship,407.0,,,False,2025-02-01,69.0,,Derby,Sheffield United,0.0,1.0,,,2.0,2.0,1.0,1.0,0.0,0.0,10.0,6.0,Desconocido
League 2,42,England,,False,2025-02-01,1354,1348,Doncaster,Milton Keynes Dons,2.0,1.0,,,5.0,4.0,0.0,3.0,0.0,0.0,16.0,9.0,Z. Kennard-Kettle
League 1 Escocia,,,,False,2025-02-01,1382.0,,Dumbarton,Alloa,1.0,1.0,,,5.0,10.0,2.0,1.0,0.0,0.0,6.0,6.0,Desconocido
Premiership Escocia,,,,False,2025-02-01,253.0,,Dundee,Hearts,0.0,6.0,,,3.0,9.0,1.0,0.0,0.0,0.0,7.0,16.0,Desconocido
Championship Escocia,,,,False,2025-02-01,1388.0,,Dunfermline,Raith Rvs,3.0,1.0,,,4.0,1.0,1.0,2.0,0.0,0.0,6.0,9.0,Desconocido
League 2 Escocia,,,,False,2025-02-01,6766.0,,Edinburgh City,Stirling,4.0,3.0,,,0.0,6.0,1.0,3.0,0.0,0.0,12.0,10.0,Desconocido
League 2 Escocia,,,,False,2025-02-01,,6764.0,Elgin,East Fife,1.0,0.0,,,5.0,6.0,0.0,4.0,0.0,0.0,18.0,6.0,Desconocido
La Liga,140.0,,,False,2025-02-01,,541.0,Espanol,Real Madrid,1.0,0.0,,,1.0,8.0,2.0,0.0,0.0,0.0,5.0,21.0,Desconocido
Premier League,569.0,,,False,2025-02-01,45.0,46.0,Everton,Leicester,4.0,0.0,,,5.0,6.0,0.0,0.0,0.0,0.0,13.0,9.0,Desconocido
Bundesliga 2,,,,False,2025-02-01,,,Fortuna Dusseldorf,Ulm,3.0,2.0,,,0.0,4.0,4.0,4.0,0.0,0.0,10.0,21.0,Desconocido
National League,43.0,,,False,2025-02-01,,1349.0,Fylde,Oldham,1.0,2.0,,,,,3.0,2.0,0.0,0.0,,,Desconocido
Jupiler Pro League,144.0,,,False,2025-02-01,742.0,263.0,Genk,Beerschot VA,1.0,0.0,,,7.0,2.0,1.0,2.0,0.0,1.0,17.0,5.0,Desconocido
La Liga,140.0,,,False,2025-02-01,546.0,536.0,Getafe,Sevilla,0.0,0.0,,,6.0,5.0,4.0,6.0,0.0,0.0,7.0,13.0,Desconocido
Primeira Liga,94.0,,,False,2025-02-01,,230.0,Gil Vicente,Estoril,1.0,2.0,,,3.0,3.0,0.0,1.0,1.0,0.0,9.0,19.0,Desconocido
League 2,42,England,,False,2025-02-01,1347,1376,Gillingham,Notts County,1.0,2.0,,,2.0,4.0,5.0,4.0,0.0,0.0,15.0,10.0,T. Reeves
Primeira Liga,94.0,,,False,2025-02-01,224.0,21595.0,Guimaraes,AVS,2.0,0.0,,,8.0,2.0,1.0,5.0,0.0,1.0,14.0,4.0,Desconocido
Ligue 2,62.0,,,False,2025-02-01,90.0,114.0,Guingamp,Paris FC,0.0,1.0,,,4.0,3.0,0.0,0.0,0.0,0.0,4.0,12.0,Desconocido
National League,43.0,,,False,2025-02-01,,,Halifax,Ebbsfleet,2.0,0.0,,,,,2.0,3.0,0.0,0.0,,,Desconocido
Championship Escocia,,,,False,2025-02-01,,,Hamilton,Ayr,0.0,2.0,,,2.0,7.0,0.0,1.0,0.0,0.0,3.0,7.0,Desconocido
League 2,,,,False,2025-02-01,,1363.0,Harrogate,Crewe,1.0,1.0,,,4.0,4.0,1.0,0.0,0.0,0.0,10.0,9.0,Desconocido
Turkey Super Lig,203,Turkey,,False,2025-02-01,3575,1005,Hatayspor,Antalyaspor,2.0,3.0,,,5.0,2.0,1.0,1.0,0.0,0.0,6.0,14.0,D. Tonusluoğlu
Eredivisie,88.0,,,False,2025-02-01,210.0,,Heerenveen,For Sittard,2.0,2.0,,,12.0,1.0,0.0,3.0,0.0,0.0,26.0,6.0,Desconocido
Bundesliga,218.0,,,False,2025-02-01,,,Heidenheim,Dortmund,1.0,2.0,,,4.0,5.0,0.0,0.0,0.0,0.0,11.0,16.0,Desconocido
Premiership Escocia,179,Scotland,,False,2025-02-01,249,252,Hibernian,Aberdeen,2.0,0.0,,,2.0,8.0,0.0,0.0,0.0,0.0,8.0,7.0,D. Robertson
Championship,407.0,,,False,2025-02-01,,,Hull,Stoke,1.0,2.0,,,8.0,4.0,1.0,1.0,0.0,0.0,22.0,11.0,Desconocido
League 1 Escocia,,,,False,2025-02-01,,,Inverness C,Queen of Sth,1.0,0.0,,,5.0,3.0,3.0,3.0,0.0,1.0,5.0,3.0,Desconocido
Premier League,569.0,,,False,2025-02-01,57.0,41.0,Ipswich,Southampton,1.0,2.0,,,1.0,2.0,0.0,3.0,0.0,0.0,15.0,9.0,Desconocido
Turkey Super Lig,203,Turkey,,False,2025-02-01,1001,998,Kayserispor,Trabzonspor,0.0,0.0,,,4.0,4.0,4.0,3.0,0.0,1.0,11.0,9.0,A. Şansalan
League 1 Escocia,183,Scotland,,False,2025-02-01,6773,6757,Kelty Hearts,Annan Athletic,1.0,3.0,,,5.0,2.0,2.0,1.0,0.0,0.0,4.0,10.0,R. Lee
Premiership Escocia,,,,False,2025-02-01,250.0,,Kilmarnock,Dundee United,1.0,0.0,,,3.0,4.0,1.0,2.0,0.0,0.0,11.0,15.0,Desconocido
Championship,407.0,,,False,2025-02-01,63.0,43.0,Leeds,Cardiff,7.0,0.0,,,14.0,1.0,0.0,2.0,0.0,0.0,29.0,2.0,Desconocido
League 1,,,,False,2025-02-01,1373.0,,Leyton Orient,Stockport,0.0,1.0,,,4.0,6.0,1.0,2.0,0.0,0.0,8.0,10.0,Desconocido
Ligue 1,61.0,,,False,2025-02-01,79.0,,Lille,St Etienne,4.0,1.0,,,7.0,1.0,1.0,1.0,0.0,1.0,29.0,9.0,Desconocido
Championship,407.0,,,False,2025-02-01,58.0,72.0,Millwall,QPR,2.0,1.0,,,2.0,11.0,1.0,2.0,0.0,0.0,7.0,13.0,Desconocido
La Liga 2,141,Spain,,False,2025-02-01,799,797,Mirandes,Elche,3.0,0.0,,,4.0,3.0,2.0,8.0,0.0,1.0,17.0,12.0,José Sánchez
Serie B,72.0,,,False,2025-02-01,899.0,1693.0,Modena,Mantova,3.0,1.0,,,1.0,5.0,0.0,4.0,0.0,0.0,8.0,26.0,Desconocido
Ligue 1,61.0,,,False,2025-02-01,91.0,108.0,Monaco,Auxerre,4.0,2.0,,,5.0,4.0,2.0,2.0,0.0,0.0,11.0,12.0,Desconocido
League 1 Escocia,183,Scotland,,False,2025-02-01,4251,6784,Montrose,Stenhousemuir,0.0,3.0,,,7.0,3.0,2.0,2.0,0.0,0.0,12.0,14.0,C. Whyte
Serie A,71.0,,,False,2025-02-01,1579.0,,Monza,Verona,0.0,1.0,,,7.0,3.0,2.0,3.0,0.0,0.0,9.0,12.0,Desconocido
League 2,42,England,,False,2025-02-01,1375,1336,Morecambe,Fleetwood Town,4.0,2.0,,,2.0,4.0,2.0,4.0,0.0,0.0,16.0,10.0,E. Duckworth
Primeira Liga,94.0,,,False,2025-02-01,225.0,240.0,Nacional,Arouca,1.0,2.0,,,3.0,3.0,5.0,1.0,0.0,1.0,19.0,11.0,Desconocido
Premier League,569.0,,,False,2025-02-01,34.0,36.0,Newcastle,Fulham,1.0,2.0,,,4.0,7.0,4.0,4.0,0.0,0.0,11.0,15.0,Desconocido
League 2,42,England,,False,2025-02-01,1367,1819,Newport County,Barrow,1.0,0.0,,,0.0,9.0,0.0,2.0,0.0,0.0,4.0,15.0,S. Tallis
Eredivisie,88.0,,,False,2025-02-01,,197.0,Nijmegen,PSV Eindhoven,3.0,3.0,,,4.0,5.0,1.0,1.0,0.0,0.0,10.0,15.0,Desconocido
League 1,41,England,,False,2025-02-01,1337,37,Northampton,Huddersfield,3.0,2.0,,,4.0,6.0,1.0,2.0,0.0,0.0,11.0,14.0,B. Speedie
Premier League,569.0,,,False,2025-02-01,,51.0,Nott'm Forest,Brighton,7.0,0.0,,,4.0,6.0,1.0,3.0,0.0,0.0,14.0,10.0,Desconocido
Championship,407.0,,,False,2025-02-01,,56.0,Oxford,Bristol City,1.0,1.0,,,5.0,3.0,4.0,2.0,0.0,2.0,20.0,7.0,Desconocido
Super League Greece,,,,False,2025-02-01,617.0,,Panathinaikos,OFI Crete,3.0,2.0,,,13.0,1.0,0.0,0.0,0.0,0.0,20.0,8.0,Desconocido
Super League Greece,197,Greece,,False,2025-02-01,2099,2110,Panserraikos,Volos NFC,1.0,1.0,,,4.0,4.0,6.0,5.0,0.0,0.0,8.0,13.0,A. Tzilos
Championship Escocia,180,Scotland,,False,2025-02-01,901,1383,Partick,Morton,2.0,2.0,,,7.0,2.0,2.0,3.0,0.0,0.0,12.0,6.0,C. Graham
League 2 Escocia,,,,False,2025-02-01,6777.0,,Peterhead,Forfar,2.0,2.0,,,6.0,5.0,3.0,3.0,0.0,0.0,7.0,8.0,Desconocido
Championship,407.0,,,False,2025-02-01,1357.0,60.0,Plymouth,West Brom,2.0,1.0,,,2.0,5.0,0.0,1.0,0.0,0.0,8.0,11.0,Desconocido
League 2,,,,False,2025-02-01,1351.0,,Port Vale,Accrington,2.0,1.0,,,4.0,5.0,3.0,2.0,1.0,0.0,9.0,16.0,Desconocido
Championship,407.0,,,False,2025-02-01,1355.0,44.0,Portsmouth,Burnley,0.0,0.0,,,3.0,3.0,3.0,1.0,0.0,0.0,18.0,14.0,Desconocido
League 1,41,England,,False,2025-02-01,53,68,Reading,Bolton,1.0,0.0,,,2.0,4.0,1.0,3.0,0.0,0.0,10.0,11.0,A. Backhouse
Ligue 2,62.0,,,False,2025-02-01,,97.0,Red Star,Lorient,1.0,2.0,,,2.0,3.0,0.0,1.0,0.0,0.0,5.0,14.0,Desconocido
Bundesliga 2,,,,False,2025-02-01,,,Regensburg,Hertha,2.0,0.0,,,4.0,12.0,0.0,0.0,0.0,0.0,11.0,13.0,Desconocido
Serie B,72.0,,,False,2025-02-01,498.0,10137.0,Sampdoria,Cosenza,1.0,0.0,,,4.0,8.0,4.0,4.0,1.0,0.0,10.0,20.0,Desconocido
Primeira Liga,94.0,,,False,2025-02-01,227.0,4716.0,Santa Clara,Casa Pia,2.0,1.0,,,5.0,2.0,2.0,2.0,0.0,0.0,16.0,5.0,Desconocido
La Liga 2,,,,False,2025-02-01,,535.0,Santander,Malaga,2.0,1.0,,,8.0,4.0,4.0,4.0,0.0,0.0,21.0,9.0,Desconocido
Serie B,72.0,,,False,2025-02-01,488.0,863.0,Sassuolo,Juve Stabia,2.0,0.0,,,5.0,3.0,2.0,2.0,0.0,0.0,8.0,8.0,Desconocido
Bundesliga 2,,,,False,2025-02-01,,,Schalke 04,Magdeburg,2.0,5.0,,,5.0,6.0,4.0,1.0,0.0,0.0,18.0,18.0,Desconocido
Championship,407.0,,,False,2025-02-01,,1359.0,Sheffield Weds,Luton,1.0,1.0,,,9.0,5.0,1.0,1.0,0.0,0.0,17.0,8.0,Desconocido
League 1,,,,False,2025-02-01,1352.0,,Shrewsbury,Mansfield,2.0,1.0,,,7.0,7.0,1.0,1.0,1.0,0.0,8.0,21.0,Desconocido
La Liga 2,,,,False,2025-02-01,,9580.0,Sp Gijon,Burgos,2.0,0.0,,,3.0,3.0,2.0,4.0,0.0,0.0,9.0,9.0,Desconocido
Premiership Escocia,,,,False,2025-02-01,,,St Mirren,St Johnstone,0.0,1.0,,,5.0,3.0,1.0,2.0,0.0,0.0,9.0,6.0,Desconocido
Bundesliga,218.0,,,False,2025-02-01,,,St Pauli,Augsburg,1.0,1.0,,,3.0,1.0,1.0,3.0,0.0,0.0,5.0,2.0,Desconocido
League 1,,,,False,2025-02-01,1368.0,,Stevenage,Exeter,4.0,1.0,,,4.0,4.0,3.0,1.0,0.0,0.0,15.0,6.0,Desconocido
League 2 Escocia,184,Scotland,,False,2025-02-01,6785,6781,Stranraer,Spartans,2.0,0.0,,,7.0,1.0,4.0,1.0,0.0,0.0,11.0,10.0,G. Calder
Bundesliga,218.0,,,False,2025-02-01,,,Stuttgart,M'gladbach,1.0,2.0,,,2.0,0.0,2.0,2.0,0.0,0.0,10.0,12.0,Desconocido
Championship,407.0,,,False,2025-02-01,76.0,1346.0,Swansea,Coventry,0.0,2.0,,,8.0,2.0,2.0,0.0,0.0,0.0,6.0,16.0,Desconocido
National League,43.0,,,False,2025-02-01,7752.0,1369.0,Tamworth,Barnet,0.0,1.0,,,,,3.0,4.0,1.0,0.0,,,Desconocido
League 2,42,England,,False,2025-02-01,1381,1361,Tranmere,Colchester,1.0,3.0,,,5.0,2.0,2.0,3.0,0.0,0.0,11.0,13.0,S. Oldham
Ligue 2,62.0,,,False,2025-02-01,,88.0,Troyes,Caen,3.0,0.0,,,3.0,3.0,1.0,2.0,0.0,0.0,16.0,11.0,Desconocido
Serie A,71.0,,,False,2025-02-01,494.0,517.0,Udinese,Venezia,3.0,2.0,,,4.0,6.0,3.0,3.0,0.0,0.0,13.0,14.0,Desconocido
Bundesliga,218.0,,,False,2025-02-01,182.0,173.0,Union Berlin,RB Leipzig,0.0,0.0,,,4.0,5.0,3.0,2.0,0.0,0.0,21.0,6.0,Desconocido
La Liga,140.0,,,False,2025-02-01,533.0,720.0,Villarreal,Valladolid,5.0,1.0,,,3.0,6.0,1.0,2.0,0.0,0.0,22.0,8.0,Desconocido
League 2,,,,False,2025-02-01,1342.0,,Walsall,Salford,2.0,2.0,,,15.0,1.0,3.0,2.0,0.0,0.0,16.0,5.0,Desconocido
Championship,407.0,,,False,2025-02-01,38.0,71.0,Watford,Norwich,0.0,1.0,,,4.0,6.0,3.0,0.0,1.0,0.0,9.0,16.0,Desconocido
National League,43.0,,,False,2025-02-01,8663.0,,Wealdstone,Solihull,1.0,1.0,,,,,1.0,1.0,0.0,0.0,,,Desconocido
League 1,41,England,,False,2025-02-01,61,1379,Wigan,Lincoln,1.0,1.0,,,4.0,6.0,5.0,2.0,0.0,0.0,10.0,9.0,J. Mulligan
Premier League,569.0,,,False,2025-02-01,39.0,66.0,Wolves,Aston Villa,2.0,0.0,,,5.0,8.0,2.0,3.0,0.0,0.0,8.0,10.0,Desconocido
National League,43.0,,,False,2025-02-01,1828.0,,York,Dag and Red,2.0,1.0,,,,,1.0,3.0,1.0,0.0,,,Desconocido
Eredivisie,88.0,,,False,2025-02-01,,207.0,Zwolle,Utrecht,3.0,3.0,,,5.0,3.0,2.0,0.0,0.0,0.0,12.0,17.0,Desconocido
