League,LeagueId,Country,Date,HomeTeamId,AwayTeamId,HomeTeam,AwayTeam,FTHG,FTAG,HC,AC,HY,AY,HR,AR,HS,AS
UEFA Champions League,,,2026-07-29,340,611,Gornik Zabrze,Fenerbahçe,1.0,1.0,,,,,,,,
Liga Profesional Argentina,,Argentina,2026-07-29,2432,463,Barracas Central,Aldosivi,1.0,0.0,,,,,,,,
Liga Profesional Argentina,,Argentina,2026-07-29,442,476,Defensa Y Justicia,Deportivo Riestra,2.0,1.0,,,,,,,,
Liga Profesional Argentina,,Argentina,2026-07-29,434,435,Gimnasia L.P.,River Plate,1.0,0.0,,,,,,,,
Liga Profesional Argentina,,Argentina,2026-07-29,478,1064,Instituto Cordoba,Platense,2.0,1.0,,,,,,,,
Capital Territory NPL,,Australia,2026-07-29,23516,23519,Brindabella,Queanbeyan City,2.0,0.0,,,,,,,,
Premier League,,Bhutan,2026-07-29,5592,5590,Thimphu City,Tensung,7.0,1.0,,,,,,,,
Catarinense U20,,Brazil,2026-07-29,18329,12995,Concórdia U20,Chapecoense U20,0.0,2.0,,,,,,,,
Goiano - 2,,Brazil,2026-07-29,7873,26500,Goianésia,Crixás EC,3.0,2.0,,,,,,,,
Goiano - 2,,Brazil,2026-07-29,10674,13127,Goiânia,Grêmio Anápolis,2.0,1.0,,,,,,,,
Goiano - 2,,Brazil,2026-07-29,18297,26499,Morrinhos,Bom Jesus EC,1.0,2.0,,,,,,,,
Goiano - 2,,Brazil,2026-07-29,24771,24773,Rio Verde,Tupy FC,1.0,0.0,,,,,,,,
Goiano - 2,,Brazil,2026-07-29,23307,24769,Trindade,Mineiros,2.0,2.0,,,,,,,,
Serie A,,Brazil,2026-07-29,124,118,Fluminense,Bahia,0.0,0.0,,,,,,,,
Serie A,,Brazil,2026-07-29,119,127,Internacional,Flamengo,1.0,1.0,,,,,,,,
Serie A,,Brazil,2026-07-29,7848,1198,Mirassol,Remo,2.0,1.0,,,,,,,,
Serie A,,Brazil,2026-07-29,136,121,Vitoria,Palmeiras,0.0,4.0,,,,,,,,
League Two,,China,2026-07-29,5647,19319,BIT,Nantong Haimen Codion,1.0,2.0,,,,,,,,
League Two,,China,2026-07-29,21328,19321,Rizhao Yuqi,Tai'an Tiankuang,2.0,2.0,,,,,,,,
League Two,,China,2026-07-29,25840,27622,Wuhan Three Towns II,Xiamen Feilu,2.0,1.0,,,,,,,,
Copa Colombia,,Colombia,2026-07-29,1466,1135,Barranquilla,Junior,3.0,3.0,,,,,,,,
Copa Colombia,,Colombia,2026-07-29,23326,1134,Internacional Palmira,Internacional de Bogota,1.0,2.0,,,,,,,,
Copa Colombia,,Colombia,2026-07-29,1459,1138,Real Cartagena,America de Cali,1.0,1.0,,,,,,,,
Cup,,Czech-Republic,2026-07-29,7362,7292,Stará Říše,Havlíčkův Brod,0.0,4.0,,,,,,,,
Copa Ecuador,,Ecuador,2026-07-29,1986,1155,Gualaceo SC,Macara,1.0,1.0,,,,,,,,
Copa Ecuador,,Ecuador,2026-07-29,1153,1980,Independiente del Valle,Manta FC,1.0,0.0,,,,,,,,
Liga Pro Serie B,,Ecuador,2026-07-29,21103,23310,Cuniburo,San Antonio,0.0,1.0,,,,,,,,
Liga Pro Serie B,,Ecuador,2026-07-29,19414,10111,Dep. Santo Domingo,9 de Octubre,0.0,0.0,,,,,,,,
Primera Division,,El-Salvador,2026-07-29,4303,22157,Firpo,Fuerte San Francisco,4.0,0.0,,,,,,,,
Primera Division,,El-Salvador,2026-07-29,4306,28019,Municipal Limeño,Inca Aruba,2.0,0.0,,,,,,,,
Premier League - Summer Series,,England,2026-07-29,40,1837,Liverpool,Wrexham,1.0,0.0,,,,,,,,
Cup,,Estonia,2026-07-29,14288,14322,Flora III,Põhja-Tallinna JK Volta,6.0,3.0,,,,,,,,
Ykkösliiga,,Finland,2026-07-29,9175,9187,MP,KäPa,2.0,1.0,,,,,,,,
1. Deild,,Iceland,2026-07-29,267,4166,Fylkir,Völsungur,3.0,1.0,,,,,,,,
1. Deild,,Iceland,2026-07-29,277,2114,Grindavik,Leiknir R.,1.0,0.0,,,,,,,,
1. Deild,,Iceland,2026-07-29,829,3514,Throttur Reykjavik,Afturelding,4.0,1.0,,,,,,,,
2. Deild,,Iceland,2026-07-29,2118,4173,Haukar,KFG,2.0,1.0,,,,,,,,
2. Deild,,Iceland,2026-07-29,4170,6093,Kári,Kormákur / Hvöt,1.0,1.0,,,,,,,,
2. Deild,,Iceland,2026-07-29,2124,18366,Magni,Fjardabyggd / Leiknir,3.0,0.0,,,,,,,,
2. Deild,,Iceland,2026-07-29,2115,4172,Selfoss,Dalvík / Reynir,2.0,1.0,,,,,,,,
2. Deild,,Iceland,2026-07-29,4171,6085,Thróttur Vogar,Hvíti riddarinn,3.0,1.0,,,,,,,,
2. Deild,,Iceland,2026-07-29,828,273,Vikingur Olafsiik,Fjolnir,2.0,2.0,,,,,,,,
Piala Presiden,,Indonesia,2026-07-29,2446,2447,Persebaya Surabaya,PSMS Medan,1.0,0.0,,,,,,,,
Piala Presiden,,Indonesia,2026-07-29,2789,10134,Port FC,Persija,2.0,2.0,,,,,,,,
Toto Cup Ligat Al,,Israel,2026-07-29,4489,4488,Hapoel Ramat Gan,Hapoel Petah Tikva,2.0,1.0,,,,,,,,
Toto Cup Ligat Al,,Israel,2026-07-29,4495,4505,Maccabi Petah Tikva,Maccabi Netanya,1.0,2.0,,,,,,,,
Cup,,Kazakhstan,2026-07-29,4562,16611,Kaisar,Zhenys,3.0,1.0,,,,,,,,
Division 1,,Kuwait,2026-07-29,3542,3545,Al Sahel,Khaitan,1.0,1.0,,,,,,,,
Division 1,,Kuwait,2026-07-29,3543,26629,Al Sulaibikhat,Shamiya,3.0,0.0,,,,,,,,
Division 1,,Kuwait,2026-07-29,3544,26631,Burgan,Al Jazira,0.0,2.0,,,,,,,,
Division 1,,Kuwait,2026-07-29,26630,3546,Sporty,Yarmouk,1.0,2.0,,,,,,,,
Premier League,,Lebanon,2026-07-29,22812,4577,Reyady Abaseya,Tadamon Sour,2.0,1.0,,,,,,,,
Nasjonal U19 Champions League,,Norway,2026-07-29,27414,16563,Fredrikstad FK U19,Stabæk U19,2.0,1.0,,,,,,,,
Nasjonal U19 Champions League,,Norway,2026-07-29,16565,16566,Strømsgodset U19,Tromsø U19,1.0,1.0,,,,,,,,
Division Profesional - Clausura,,Paraguay,2026-07-29,1175,1182,Nacional Asuncion,Olimpia,2.0,0.0,,,,,,,,
Division Profesional - Clausura,,Paraguay,2026-07-29,1183,1187,Sportivo Luqueno,Sportivo Trinidense,1.0,4.0,,,,,,,,
Cupa României,,Romania,2026-07-29,2593,7467,Aerostar Bacau,CSM FC Vaslui,3.0,1.0,,,,,,,,
Cupa României,,Romania,2026-07-29,24359,6847,Agigea,Axiopolis,2.0,3.0,,,,,,,,
Cupa României,,Romania,2026-07-29,28040,26208,Berca,Valenii de Munte,5.0,2.0,,,,,,,,
Cupa României,,Romania,2026-07-29,24362,7490,Bihorul Beiuş,Sânmartin,0.0,1.0,,,,,,,,
Cupa României,,Romania,2026-07-29,28039,24361,Bolintin Vale,Axi Adunații-Copăceni,3.0,2.0,,,,,,,,
Cupa României,,Romania,2026-07-29,28038,6850,Bradul Putna,Bucovina Rădăuţi,9.0,0.0,,,,,,,,
Cupa României,,Romania,2026-07-29,26679,21684,CSM Targu Jiu,Vulturii Fărcăşeşti,3.0,2.0,,,,,,,,
Cupa României,,Romania,2026-07-29,28041,6865,Caransebes,Ghiroda şi Giarmata Vii,2.0,1.0,,,,,,,,
Cupa României,,Romania,2026-07-29,28042,14593,Chiesd,Sighetu Marmaţiei,1.0,4.0,,,,,,,,
Cupa României,,Romania,2026-07-29,16291,22202,Corona Braşov,ARO Muscelul Câmpulung,2.0,1.0,,,,,,,,
Cupa României,,Romania,2026-07-29,19172,6917,Crişul Sântandrei,Unirea Tășnad,2.0,1.0,,,,,,,,
Cupa României,,Romania,2026-07-29,28037,6912,Domnesti IF,Unirea Bascov,3.0,2.0,,,,,,,,
Cupa României,,Romania,2026-07-29,14582,6842,Dunărea 2020 Giurgiu,Alexandria,3.0,0.0,,,,,,,,
Cupa României,,Romania,2026-07-29,7473,6883,Gheorgheni,Odorheiu Secuiesc,1.0,0.0,,,,,,,,
Cupa României,,Romania,2026-07-29,14584,26201,Gilortul,Păușești,1.0,2.0,,,,,,,,
Cupa României,,Romania,2026-07-29,21430,2582,Gloria Băneasa,Dunarea Calarasi,1.0,3.0,,,,,,,,
Cupa României,,Romania,2026-07-29,26680,6876,Hidro Mecanica Sugag,Metalurgistul Cugir,0.0,10.0,,,,,,,,
Cupa României,,Romania,2026-07-29,26845,22208,Inter Sibiu,ACS Mediaş 2022,0.0,2.0,,,,,,,,
Cupa României,,Romania,2026-07-29,19179,26204,Oltul Curtişoara,Academica Balș,1.0,0.0,,,,,,,,
Cupa României,,Romania,2026-07-29,16293,24839,Plopeni,Baicoi,1.0,2.0,,,,,,,,
Cupa României,,Romania,2026-07-29,26677,23382,Progresul Mogosoaia,LPS HD Clinceni,3.0,0.0,,,,,,,,
Cupa României,,Romania,2026-07-29,6892,19180,Progresul Spartac,Progresul Fundulea,2.0,0.0,,,,,,,,
Cupa României,,Romania,2026-07-29,6893,22203,Pucioasa,Tricolorul Breaza,1.0,0.0,,,,,,,,
Cupa României,,Romania,2026-07-29,6894,7461,Păuleşti,Blejoi,6.0,2.0,,,,,,,,
Cupa României,,Romania,2026-07-29,14592,6932,Recolta Gheorghe Doja,Înainte Modelu,0.0,6.0,,,,,,,,
Cupa României,,Romania,2026-07-29,6897,21665,Râmnicu Sărat,CSM Adjud,0.0,3.0,,,,,,,,
Cupa României,,Romania,2026-07-29,6905,16292,Săcele,Kids Tâmpa Braşov,3.0,2.0,,,,,,,,
Cupa României,,Romania,2026-07-29,24842,7483,Timişul Şag,Progresul Pecica,1.0,0.0,,,,,,,,
Cupa României,,Romania,2026-07-29,6910,6861,U Craiova 1948,Filiaşi,0.0,5.0,,,,,,,,
Cupa României,,Romania,2026-07-29,21678,2610,USV Iaşi,Stiinta Miroslava,1.0,0.0,,,,,,,,
Cupa României,,Romania,2026-07-29,26681,14586,Unirea DMO,Jiul Petroşani,0.0,4.0,,,,,,,,
Cupa României,,Romania,2026-07-29,6914,19851,Unirea Dej,Viitorul Cluj,1.0,2.0,,,,,,,,
Cupa României,,Romania,2026-07-29,26682,21680,Unirea Sântana,Viitorul Arad,4.0,0.0,,,,,,,,
Cupa României,,Romania,2026-07-29,14596,24841,Universitatea Alba Iulia,CIL Blaj,3.0,4.0,,,,,,,,
Cupa României,,Romania,2026-07-29,24379,26678,Urban Titu,Voința Crevedia,1.0,3.0,,,,,,,,
Cupa României,,Romania,2026-07-29,6919,19186,Victoria Traian,Unirea Braniştea,0.0,7.0,,,,,,,,
Cup,,Russia,2026-07-29,16872,27882,Ilpar,Metallurg Asha,1.0,0.0,,,,,,,,
Cup,,Russia,2026-07-29,21870,1086,Kirovets Voskhozhdenie,FC Tosno,0.0,3.0,,,,,,,,
Cup,,Russia,2026-07-29,24451,14121,Kristall,Znamya Noginsk,2.0,3.0,,,,,,,,
Cup,,Russia,2026-07-29,6824,16866,SKA Rostov,Zenit Penza,2.0,2.0,,,,,,,,
Football League - Lowland League,,Scotland,2026-07-29,21900,17768,Beith,Cumnock Juniors,2.0,2.0,,,,,,,,
Football League - Lowland League,,Scotland,2026-07-29,15598,6745,Dunipace,Lochee United,1.0,2.0,,,,,,,,
Football League - Lowland League,,Scotland,2026-07-29,7439,1390,East Stirlingshire,Brechin,3.0,3.0,,,,,,,,
Football League - Lowland League,731,Scotland,2026-07-29,26605,27926,Johnstone Burgh,Troon FC,2.0,0.0,,,,,,,,
Football League - Lowland League,,Scotland,2026-07-29,27925,19794,Renfrew,Pollok,1.0,4.0,,,,,,,,
FA Cup,,South-Korea,2026-07-29,2753,7105,Asan Mugunghwa,Siheung Citizen,2.0,1.0,,,,,,,,
FA Cup,,South-Korea,2026-07-29,2745,7098,Bucheon FC 1995,Paju Citizen,3.0,0.0,,,,,,,,
FA Cup,,South-Korea,2026-07-29,2752,2766,Busan I Park,FC Seoul,2.0,0.0,,,,,,,,
FA Cup,,South-Korea,2026-07-29,7056,16452,Busan Transportation,Jinju Citizen,1.0,1.0,,,,,,,,
FA Cup,,South-Korea,2026-07-29,7061,2748,Cheongju,FC Anyang,1.0,3.0,,,,,,,,
FA Cup,,South-Korea,2026-07-29,2768,2756,Gimcheon Sangmu FC,Suwon City FC,2.0,1.0,,,,,,,,
FA Cup,,South-Korea,2026-07-29,7076,2757,Gimhae City,Seongnam FC,0.0,1.0,,,,,,,,
FA Cup,,South-Korea,2026-07-29,7078,2763,Gimpo Citizen,Incheon United,1.0,0.0,,,,,,,,
FA Cup,,South-Korea,2026-07-29,2759,7060,Gwangju FC,Cheonan City,1.0,0.0,,,,,,,,
FA Cup,,South-Korea,2026-07-29,2761,7087,Jeju United FC,Hwaseong,3.0,3.0,,,,,,,,
FA Cup,,South-Korea,2026-07-29,7108,2767,Ulsan Citizen,Ulsan Hyundai FC,1.0,0.0,,,,,,,,
FA Cup,,South-Korea,2026-07-29,7112,18653,Yeoju Sejong,Dangjin Citizen,0.0,1.0,,,,,,,,
MLS All-Star,,USA,2026-07-29,17665,17664,MLS All-Stars,Liga MX All-Stars,4.0,3.0,,,,,,,,
NWSL Women,,USA,2026-07-29,16487,16488,Kansas City W,Racing Louisville W,5.0,1.0,,,,,,,,
USL Championship,,USA,2026-07-29,4000,3989,Louisville City,Birmingham Legion,2.0,1.0,,,,,,,,
USL Championship,,USA,2026-07-29,4010,4022,Pittsburgh Riverhounds,FC Tulsa,0.0,1.0,,,,,,,,
USL League One,,USA,2026-07-29,9025,9016,Forward Madison,Chattanooga Red Wolves,5.0,2.0,,,,,,,,
USL League One,,USA,2026-07-29,9026,27251,Greenville Triumph,Boise,3.0,2.0,,,,,,,,
Super League,,Uzbekistan,2026-07-29,4224,4212,Dinamo Samarqand,Kokand-1912,3.0,2.0,,,,,,,,
Segunda División,,Venezuela,2026-07-29,2832,2812,Atletico el Vigia FC,Deportivo Lara,2.0,1.0,,,,,,,,
Segunda División,,Venezuela,2026-07-29,27528,2847,Club Atletico Barinas,Real Frontera,3.0,1.0,,,,,,,,
Segunda División,,Venezuela,2026-07-29,10091,2841,Fundación Lara Deportiva,Zamora FC B,2.0,1.0,,,,,,,,
Segunda División,,Venezuela,2026-07-29,2816,25902,Urena SC,Puerto Cabello II,1.0,0.0,,,,,,,,
CECAFA Club Cup,,World,2026-07-29,8103,5237,KVZ,Al Hilal Omdurman,0.0,4.0,,,,,,,,
CECAFA Club Cup,,World,2026-07-29,2475,5323,Tusker,Rayon Sports,0.0,1.0,,,,,,,,
CONCACAF Central American Cup,,World,2026-07-29,20788,816,UMECIT,Deportivo Saprissa,1.0,2.0,,,,,,,,
CONCACAF U20,,World,2026-07-29,10992,10288,Canada U20,Honduras U20,1.0,1.0,,,,,,,,
CONCACAF U20,,World,2026-07-29,11004,10297,Jamaica U20,Panama U20,2.0,2.0,,,,,,,,
CONMEBOL Sudamericana,,World,2026-07-29,2562,446,Cienciano,Lanus,4.0,0.0,,,,,,,,
CONMEBOL Sudamericana,,World,2026-07-29,794,2546,RB Bragantino,Sporting Cristal,1.0,0.0,,,,,,,,
CONMEBOL Sudamericana,,World,2026-07-29,133,1128,Vasco DA Gama,Independiente Medellin,1.0,0.0,,,,,,,,
Friendlies Clubs,,World,2026-07-29,167,191,1899 Hoffenheim,Holstein Kiel,3.0,1.0,,,,,,,,
Friendlies Clubs,,World,2026-07-29,575,3603,AEK Athens FC,Samsunspor,1.0,2.0,,,,,,,,
Friendlies Clubs,,World,2026-07-29,739,5747,AS Eupen,Aywaille,8.0,0.0,,,,,,,,
Friendlies Clubs,,World,2026-07-29,2932,906,Al-Hilal Saudi FC,MC Alger,0.0,2.0,,,,,,,,
Friendlies Clubs,,World,2026-07-29,876,879,Arezzo,Albinoleffe,1.0,3.0,,,,,,,,
Friendlies Clubs,,World,2026-07-29,530,546,Atletico Madrid,Getafe,4.0,1.0,,,,,,,,
Friendlies Clubs,,World,2026-07-29,168,742,Bayer Leverkusen,Genk,4.0,0.0,,,,,,,,
Friendlies Clubs,,World,2026-07-29,8146,1365,Boston United,Grimsby,0.0,0.0,,,,,,,,
Friendlies Clubs,,World,2026-07-29,1343,59,Bradford,Preston,3.0,2.0,,,,,,,,
Friendlies Clubs,,World,2026-07-29,56,34,Bristol City,Newcastle,4.0,1.0,,,,,,,,
Friendlies Clubs,,World,2026-07-29,44,540,Burnley,Espanyol,2.0,2.0,,,,,,,,
Friendlies Clubs,,World,2026-07-29,724,10139,Cadiz,AD Ceuta FC,1.0,3.0,,,,,,,,
Friendlies Clubs,,World,2026-07-29,1687,12717,Catanzaro,Paradiso,3.0,1.0,,,,,,,,
Friendlies Clubs,,World,2026-07-29,538,238,Celta Vigo,Academico Viseu,2.0,2.0,,,,,,,,
Friendlies Clubs,,World,2026-07-29,291,165,Cerezo Osaka,Borussia Dortmund,1.0,0.0,,,,,,,,
Friendlies Clubs,,World,2026-07-29,520,510,Cremonese,Cittadella,1.0,1.0,,,,,,,,
Friendlies Clubs,,World,2026-07-29,544,716,Deportivo La Coruna,Lugo,1.0,0.0,,,,,,,,
Friendlies Clubs,,World,2026-07-29,17820,1707,Dolomiti Bellunesi,Virtus Verona,1.0,1.0,,,,,,,,
Friendlies Clubs,,World,2026-07-29,1354,39,Doncaster,Wolves,0.0,2.0,,,,,,,,
Friendlies Clubs,,World,2026-07-29,15130,216,Estrela,Portimonense,1.0,1.0,,,,,,,,
Friendlies Clubs,,World,2026-07-29,7715,1355,Farnborough,Portsmouth,1.0,1.0,,,,,,,,
Friendlies Clubs,,World,2026-07-29,1378,56,Forest Green,Bristol City,3.0,2.0,,,,,,,,
Friendlies Clubs,,World,2026-07-29,512,871,Frosinone,Sambenedettese,1.0,1.0,,,,,,,,
Friendlies Clubs,,World,2026-07-29,547,5254,Girona,Castellón,3.0,3.0,,,,,,,,
Friendlies Clubs,,World,2026-07-29,715,723,Granada CF,Almeria,2.0,0.0,,,,,,,,
Friendlies Clubs,,World,2026-07-29,9499,9502,Grosseto,San Donato Tavarnelle,1.0,2.0,,,,,,,,
Friendlies Clubs,,World,2026-07-29,866,9505,Gubbio,Sporting Trestina,2.0,0.0,,,,,,,,
Friendlies Clubs,,World,2026-07-29,5832,5872,Huy,Meux,3.0,3.0,,,,,,,,
Friendlies Clubs,,World,2026-07-29,57,727,Ipswich,Osasuna,1.0,2.0,,,,,,,,
Friendlies Clubs,,World,2026-07-29,261,5050,KVC Westerlo,Kifisia,1.0,1.0,,,,,,,,
Friendlies Clubs,,World,2026-07-29,1628,172,Kickers Offenbach,VfB Stuttgart,1.0,8.0,,,,,,,,
Friendlies Clubs,,World,2026-07-29,7309,19641,Kolín,Chrudim II,4.0,2.0,,,,,,,,
Friendlies Clubs,,World,2026-07-29,4375,5722,Krka,Segesta Sisak,1.0,4.0,,,,,,,,
Friendlies Clubs,,World,2026-07-29,867,6718,Lecce,Bistrica,5.0,2.0,,,,,,,,
Friendlies Clubs,,World,2026-07-29,4757,6358,Leça,Lusitânia Lourosa,0.0,0.0,,,,,,,,
Friendlies Clubs,,World,2026-07-29,6358,243,Lusitânia Lourosa,FC Porto B,3.0,3.0,,,,,,,,
Friendlies Clubs,,World,2026-07-29,9401,9632,Marino de Luanco,Real Avilés,1.0,0.0,,,,,,,,
Friendlies Clubs,,World,2026-07-29,7319,7356,Motorlet Praha,Sokol Zápy,1.0,1.0,,,,,,,,
Friendlies Clubs,,World,2026-07-29,6256,8580,Orijent 1919,Grobničan Čavle,1.0,1.0,,,,,,,,
Friendlies Clubs,,World,2026-07-29,718,4907,Oviedo,Ponferradina,4.0,0.0,,,,,,,,
Friendlies Clubs,,World,2026-07-29,522,17991,Palermo,Iraklis 1908,1.0,1.0,,,,,,,,
Friendlies Clubs,,World,2026-07-29,4665,531,Racing Santander,Athletic Club,0.0,3.0,,,,,,,,
Friendlies Clubs,,World,2026-07-29,543,80,Real Betis,Lyon,4.0,0.0,,,,,,,,
Friendlies Clubs,,World,2026-07-29,9585,545,Real Sociedad II,Eibar,0.0,1.0,,,,,,,,
Friendlies Clubs,,World,2026-07-29,1063,1014,Saint Etienne,Lausanne,4.0,0.0,,,,,,,,
Friendlies Clubs,,World,2026-07-29,7349,24194,Sokol Brozany,Ústí nad Labem II,1.0,0.0,,,,,,,,
Friendlies Clubs,,World,2026-07-29,15128,237,Tirsense,Varzim,0.0,1.0,,,,,,,,
Friendlies Clubs,,World,2026-07-29,218,6367,Tondela,São João Ver,1.0,1.0,,,,,,,,
Friendlies Clubs,,World,2026-07-29,47,943,Tottenham,Sydney,1.0,1.0,,,,,,,,
Friendlies Clubs,,World,2026-07-29,2260,1688,Tre Fiori,Forli,1.0,3.0,,,,,,,,
Friendlies Clubs,,World,2026-07-29,5281,9580,Unionistas de Salamanca,Burgos,0.0,1.0,,,,,,,,
Friendlies Clubs,,World,2026-07-29,720,9827,Valladolid,CD Coria,4.0,1.0,,,,,,,,
Friendlies Clubs,,World,2026-07-29,5282,9384,Villanovense,Cacereño,0.0,2.0,,,,,,,,
Friendlies Clubs,,World,2026-07-29,3339,2256,Vllaznia Shkodër,Laci,3.0,0.0,,,,,,,,
Friendlies Clubs,,World,2026-07-29,417,6222,Waalwijk,Patro Eisden,1.0,2.0,,,,,,,,
Friendlies Clubs,,World,2026-07-29,38,502,Watford,Fiorentina,0.0,1.0,,,,,,,,
Friendlies Clubs,,World,2026-07-29,14540,12790,Wulfrath,Hilden,0.0,4.0,,,,,,,,
UEFA Champions League,,World,2026-07-29,598,5354,FK Crvena Zvezda,Larne,5.0,0.0,,,,,,,,
UEFA Champions League,,World,2026-07-29,,,Gornik Zabrze,Fenerbahce,1.0,1.0,,,,,,,,
UEFA Champions League,,World,2026-07-29,563,278,Hapoel Beer Sheva,Vikingur Reykjavik,2.0,0.0,,,,,,,,
UEFA Champions League,,World,2026-07-29,664,3402,Kairat Almaty,Omonia Nicosia,1.0,0.0,,,,,,,,
UEFA Champions League,,World,2026-07-29,3872,701,Kauno Žalgiris,KI Klaksvik,1.0,0.0,,,,,,,,
UEFA Champions League,,World,2026-07-29,347,406,Lech Poznan,Aarhus,1.0,4.0,,,,,,,,
UEFA Champions League,,World,2026-07-29,656,3502,Slovan Bratislava,Saburtalo,1.0,1.0,,,,,,,,
UEFA Champions League,,World,2026-07-29,632,646,Universitatea Craiova,Levski Sofia,2.0,2.0,,,,,,,,
UEFA Europa Conference League,,World,2026-07-29,14393,606,Dukagjini,FC Lugano,1.0,5.0,,,,,,,,
UEFA Europa Conference League,,World,2026-07-29,400,6496,FC Copenhagen,Polessya,2.0,1.0,,,,,,,,
UEFA Europa Conference League,,World,2026-07-29,781,591,Rapid Vienna,FC Santa Coloma,6.0,2.0,,,,,,,,
Friendlies Clubs,,World,2026-07-19,17398,16263,Kluczevia Stargard,Warta Gorzów,3.0,0.0,,,,,,,,
Friendlies Clubs,,,2026-07-17,569,210,Club Brugge KV,Heerenveen,2.0,3.0,,,,,,,,
Friendlies Clubs,,,2026-07-17,539,62,Levante,Sheffield Utd,1.0,2.0,,,,,,,,
Copa Argentina,,Argentina,2026-07-17,435,463,River Plate,Aldosivi,1.0,3.0,,,,,,,,
Copa Argentina,,Argentina,2026-07-17,460,476,San Lorenzo,Deportivo Riestra,1.0,1.0,,,,,,,,
Primera C,,Argentina,2026-07-17,8392,1955,Defensores de Cambaceres,General Lamadrid,0.0,0.0,,,,,,,,
Primera C,,Argentina,2026-07-17,8381,1964,Deportivo Español,Victoriano Arenas,1.0,0.0,,,,,,,,
Primera C,,Argentina,2026-07-17,8396,1931,Lugano,Sportivo Barracas,3.0,2.0,,,,,,,,
Primera C,,Argentina,2026-07-17,8397,8374,Puerto Nuevo,Fénix,0.0,1.0,,,,,,,,
Primera C,,Argentina,2026-07-17,8398,8389,Yupanqui,Argentino Rosario,1.0,1.0,,,,,,,,
Primera Nacional,,Argentina,2026-07-17,8375,1936,Almirante Brown,CA Estudiantes,0.0,0.0,,,,,,,,
Primera Nacional,,Argentina,2026-07-17,466,1957,Atletico Mitre,Racing Cordoba,1.0,0.0,,,,,,,,
Primera Nacional,,Argentina,2026-07-17,16612,464,Ciudad de Bolívar,All Boys,0.0,0.0,,,,,,,,
Primera Nacional,,Argentina,2026-07-17,1954,485,Deportivo Maipu,San Martin Tucuman,0.0,0.0,,,,,,,,
Primera Nacional,,Argentina,2026-07-17,470,448,Ferro Carril Oeste,Colon Santa Fe,2.0,0.0,,,,,,,,
Primera Nacional,,Argentina,2026-07-17,484,462,Nueva Chicago,Agropecuario,1.0,1.0,,,,,,,,
Primera Nacional,,Argentina,2026-07-17,454,465,Temperley,Atletico DE Rafaela,2.0,0.0,,,,,,,,
Torneo Promocional Amateur,,Argentina,2026-07-17,23096,27785,Belgrano Zarate,Alumni Los Hornos,2.0,1.0,,,,,,,,
New South Wales NPL,,Australia,2026-07-17,3773,3767,Sydney FC U23,Manly United,0.0,0.0,,,,,,,,
New South Wales NPL 2,,Australia,2026-07-17,27462,20793,Hurstville FC,Dulwich Hill,3.0,1.0,,,,,,,,
New South Wales NPL 2,,Australia,2026-07-17,27463,20796,Prospect United,Macarthur Rams,1.0,2.0,,,,,,,,
Npl Nsw U20,,Australia,2026-07-17,27811,27803,Sydney FC U20,Manly Utd U20,2.0,2.0,,,,,,,,
South Australia NPL,,Australia,2026-07-17,3791,3786,Campbelltown City,Adelaide Comets,1.0,0.0,,,,,,,,
South Australia NPL,,Australia,2026-07-17,16769,3794,West Torrens Birkalla,Para Hills Knights,11.0,0.0,,,,,,,,
Victoria NPL,,Australia,2026-07-17,3799,3800,Bentleigh Greens,Dandenong City,2.0,1.0,,,,,,,,
Victoria NPL,,Australia,2026-07-17,3802,3801,Green Gully,Dandenong Thunder,3.0,1.0,,,,,,,,
Victoria NPL 2,,Australia,2026-07-17,3807,16780,Melbourne Knights,Brunswick City,2.0,0.0,,,,,,,,
Victoria NPL 2,,Australia,2026-07-17,16788,16784,Northcote City,Manningham United Blues,3.0,3.0,,,,,,,,
Victoria Premier League 2,,Australia,2026-07-17,27695,27693,Box Hill,Altona City,3.0,1.0,,,,,,,,
Victoria Premier League 2,,Australia,2026-07-17,9977,27694,Eastern Lions,Bayside Argonauts,1.0,1.0,,,,,,,,
Victoria Premier League 2,,Australia,2026-07-17,27699,26150,Springvale,Nunawading,0.0,2.0,,,,,,,,
Victoria Premier League 2,,Australia,2026-07-17,27700,27696,Whittlesea United,Essendon Royals SC,1.0,1.0,,,,,,,,
Western Australia NPL,,Australia,2026-07-17,3819,23196,Perth,Western Knights,3.0,3.0,,,,,,,,
Primera División,,Bolivia,2026-07-17,3702,3704,Bolívar,Guabirá,4.0,0.0,,,,,,,,
Brasileiro Women,,Brazil,2026-07-17,3828,16497,Vitória BA W,Botafogo W,2.0,0.0,,,,,,,,
Capixaba B,,Brazil,2026-07-17,15608,23568,Pinheiros,Sport Brasil ES,0.0,1.0,,,,,,,,
Catarinense U20,,Brazil,2026-07-17,20755,23325,Figueirense U20,Nação U20,2.0,0.0,,,,,,,,
Copa Paulista,,Brazil,2026-07-17,10035,20713,Marília,Grêmio Prudente,1.0,0.0,,,,,,,,
Mineiro U20,,Brazil,2026-07-17,23643,27643,Athletic Club MG U20,Nacional de Muriae U20,0.0,1.0,,,,,,,,
Mineiro U20,,Brazil,2026-07-17,23645,12981,Boston City U20,América Mineiro U20,2.0,0.0,,,,,,,,
Mineiro U20,,Brazil,2026-07-17,22833,23644,Coimbra U20,Betim U20,3.0,1.0,,,,,,,,
Mineiro U20,,Brazil,2026-07-17,25889,27641,Itabirito U20,Social U20,2.0,0.0,,,,,,,,
Paulista - U20,,Brazil,2026-07-17,23466,13033,Bandeirante U20,Novorizontino U20,0.0,0.0,,,,,,,,
Paulista - U20,,Brazil,2026-07-17,12993,23485,Capivariano U20,Referencia U20,2.0,0.0,,,,,,,,
Paulista - U20,,Brazil,2026-07-17,13003,18356,Desportivo Brasil U20,União São João U20,2.0,0.0,,,,,,,,
Paulista - U20,,Brazil,2026-07-17,18336,12987,Ibrachina U20,Botafogo SP U20,4.0,2.0,,,,,,,,
Paulista - U20,,Brazil,2026-07-17,13015,27289,Itapirense U20,América-SP U20,3.0,2.0,,,,,,,,
Paulista - U20,,Brazil,2026-07-17,13016,13026,Ituano U20,Mauá U20,1.0,1.0,,,,,,,,
Paulista - U20,,Brazil,2026-07-17,23478,18344,Jabaquara U20,Portuguesa Santista U20,0.0,0.0,,,,,,,,
Paulista - U20,,Brazil,2026-07-17,13037,13012,Osasco Audax U20,Guarani U20,1.0,4.0,,,,,,,,
Paulista - U20,,Brazil,2026-07-17,27797,13034,SC Paulinense SP U20,Oeste U20,1.0,0.0,,,,,,,,
Paulista - U20,,Brazil,2026-07-17,13061,13005,São Caetano U20,EC São Bernardo U20,2.0,0.0,,,,,,,,
Paulista - U20,,Brazil,2026-07-17,13063,22848,Tanabi SP U20,Sfera U20,0.0,3.0,,,,,,,,
Paulista - U20,,Brazil,2026-07-17,20775,13045,União Suzano U20,Portuguesa U20,0.0,2.0,,,,,,,,
Paulista - U20,,Brazil,2026-07-17,13077,23465,XV de Piracicaba U20,Aguai U20,3.0,0.0,,,,,,,,
Serie A,,Brazil,2026-07-17,118,132,Bahia,Chapecoense-sc,2.0,0.0,,,,,,,,
Serie A,,Brazil,2026-07-17,124,794,Fluminense,RB Bragantino,1.0,1.0,,,,,,,,
Serie A,,Brazil,2026-07-17,7848,130,Mirassol,Gremio,2.0,1.0,,,,,,,,
Serie B,,Brazil,2026-07-17,125,129,America Mineiro,Ceara,1.0,1.0,,,,,,,,
Serie B,,Brazil,2026-07-17,154,7834,Fortaleza EC,Novorizontino,1.0,0.0,,,,,,,,
Serie B,,Brazil,2026-07-17,152,1193,Juventude,Cuiaba,2.0,0.0,,,,,,,,
Serie B,,Brazil,2026-07-17,148,2618,Londrina,Botafogo SP,0.0,0.0,,,,,,,,
Serie B,,Brazil,2026-07-17,7865,145,São Bernardo,Avai,1.0,1.0,,,,,,,,
First League,,Bulgaria,2026-07-17,646,683,Levski Sofia,Dunav Ruse,2.0,1.0,,,,,,,,
First League,,Bulgaria,2026-07-17,4660,1426,Spartak Varna,CSKA 1948,2.0,2.0,,,,,,,,
Canadian Premier League,,Canada,2026-07-17,10169,2623,Atlético Ottawa,York United,1.0,1.0,,,,,,,,
Canadian Premier League,,Canada,2026-07-17,27461,20881,Supra du Quebec,Vancouver FC,1.0,5.0,,,,,,,,
League One,,China,2026-07-17,834,17269,Changchun Yatai,Wuxi Wugou,1.0,5.0,,,,,,,,
League One,,China,2026-07-17,17263,2626,Dongguan United,Nantong Zhiyun,1.0,2.0,,,,,,,,
League One,,China,2026-07-17,17264,17271,Hebei Kungfu,Yanbian Longding,0.0,0.0,,,,,,,,
League One,,China,2026-07-17,5688,23265,Suzhou Dongwu,Shenzhen Juniors,0.0,0.0,,,,,,,,
Super League,,China,2026-07-17,830,5684,Beijing Guoan,Shenyang Urban,1.0,1.0,,,,,,,,
Super League,,China,2026-07-17,840,1431,Henan Jianye,Qingdao Jonoon,5.0,1.0,,,,,,,,
Super League,,China,2026-07-17,17265,5648,Qingdao Youth Island,Chengdu Better City,1.0,1.0,,,,,,,,
Super League,,China,2026-07-17,21265,836,Yunnan Yukun,SHANGHAI SIPG,2.0,2.0,,,,,,,,
Liga Pro,,Ecuador,2026-07-17,1149,1155,Delfin SC,Macara,2.0,1.0,,,,,,,,
Liga Pro Serie B,,Ecuador,2026-07-17,1988,2238,LDU Portoviejo,Ind. Juniors,0.0,1.0,,,,,,,,
Meistriliiga,,Estonia,2026-07-17,687,10059,Flora Tallinn,Nõmme United,1.0,2.0,,,,,,,,
Kakkonen - Lohko B,,Finland,2026-07-17,2079,13494,GrIFK,ÅIFK,0.0,1.0,,,,,,,,
Kakkonen - Lohko C,,Finland,2026-07-17,9201,22980,Vaajakoski,Huima / Urho,0.0,1.0,,,,,,,,
Ykkösliiga,,Finland,2026-07-17,2085,2080,Klubi-04,Haka,2.0,2.0,,,,,,,,
Ykkösliiga,,Finland,2026-07-17,9187,9198,KäPa,SJK Akatemia,2.0,2.0,,,,,,,,
Oberliga - Bayern Süd,,Germany,2026-07-17,12724,26068,1860 München II,TuS Geretsried,5.0,1.0,,,,,,,,
1. Deild,,Iceland,2026-07-17,267,2123,Fylkir,Njardvik,4.0,1.0,,,,,,,,
2. Deild,,Iceland,2026-07-17,2118,4171,Haukar,Thróttur Vogar,2.0,1.0,,,,,,,,
2. Deild,,Iceland,2026-07-17,6085,828,Hvíti riddarinn,Vikingur Olafsiik,0.0,2.0,,,,,,,,
2. Deild,,Iceland,2026-07-17,4173,4170,KFG,Kári,1.0,5.0,,,,,,,,
Calcutta Premier Division,,India,2026-07-17,22001,15585,Aryan,Mohammedan,1.0,3.0,,,,,,,,
Calcutta Premier Division,,India,2026-07-17,24101,21614,Kalighat Club,Police,0.0,3.0,,,,,,,,
Calcutta Premier Division,,India,2026-07-17,24102,24103,Measurers,NA Suruchi Sangha,2.0,2.0,,,,,,,,
Calcutta Premier Division,,India,2026-07-17,21608,28009,Peerless,Coal India,0.0,3.0,,,,,,,,
Calcutta Premier Division,,India,2026-07-17,21215,21612,Rainbow,Wari,2.0,1.0,,,,,,,,
Azadegan League,,Iran,2026-07-17,2719,20801,Nassaji Mazandaran,Ario Eslamshahr,1.0,2.0,,,,,,,,
FAI Cup,,Ireland,2026-07-17,3846,20814,Athlone Town,Midleton,3.0,0.0,,,,,,,,
FAI Cup,,Ireland,2026-07-17,3850,6123,Drogheda United,Lucan United,4.0,0.0,,,,,,,,
FAI Cup,,Ireland,2026-07-17,3841,3847,Finn Harps,Bray Wanderers,0.0,1.0,,,,,,,,
FAI Cup,,Ireland,2026-07-17,3851,6118,Galway United,Crumlin United,4.0,0.0,,,,,,,,
FAI Cup,,Ireland,2026-07-17,11328,3854,Kerry,Shelbourne,2.0,2.0,,,,,,,,
FAI Cup,,Ireland,2026-07-17,652,653,Shamrock Rovers,Cork City,4.0,1.0,,,,,,,,
FAI Cup,,Ireland,2026-07-17,14528,584,St Mochta&apos;s,Dundalk,1.0,3.0,,,,,,,,
FAI Cup,,Ireland,2026-07-17,3843,3855,St Patrick's Athl.,Wexford,2.0,1.0,,,,,,,,
FAI Cup,,Ireland,2026-07-17,16498,3844,Treaty United,UCD,1.0,2.0,,,,,,,,
FAI Cup,,Ireland,2026-07-17,3845,3849,Waterford,Cobh Ramblers,2.0,1.0,,,,,,,,
1. Division,,Kazakhstan,2026-07-17,4548,27561,Astana II,Jaiyq,1.0,0.0,,,,,,,,
1. Division,,Kazakhstan,2026-07-17,4556,27633,Sport Academy Kairat,Kaspij Aktau 2,6.0,0.0,,,,,,,,
1. Division,,Kazakhstan,2026-07-17,27634,4545,Tobol 2,Akademiya Ontustik,2.0,3.0,,,,,,,,
Premier League,,Lebanon,2026-07-17,4577,22812,Tadamon Sour,Reyady Abaseya,0.0,0.0,,,,,,,,
Liga MX,,Mexico,2026-07-17,2314,2295,Atletico San Luis,Cruz Azul,2.0,3.0,,,,,,,,
Liga MX,,Mexico,2026-07-17,2289,2283,Leon,Atlas,2.0,3.0,,,,,,,,
Liga MX U21,,Mexico,2026-07-17,26827,26832,Atl. San Luis U21,Cruz Azul U21,2.0,2.0,,,,,,,,
Liga MX U21,,Mexico,2026-07-17,26830,26828,Club Leon U21,Atlas U21,1.0,0.0,,,,,,,,
Liga MX U21,,Mexico,2026-07-17,26834,26839,Juarez U21,Puebla U21,0.0,2.0,,,,,,,,
Botola Pro,,Morocco,2026-07-17,3451,14806,El Massira,UTS Rabat,1.0,1.0,,,,,,,,
Primera Division,,Nicaragua,2026-07-17,4641,23311,Diriangén,San Marcos,1.0,1.0,,,,,,,,
Primera Division,,Nicaragua,2026-07-17,4645,4647,Real Estelí,UNAN Managua,1.0,1.0,,,,,,,,
Eliteserien,,Norway,2026-07-17,327,2149,Bodo/Glimt,Fredrikstad,1.0,0.0,,,,,,,,
Division Intermedia,,Paraguay,2026-07-17,23154,1181,12 de Junio VH,General Caballero,1.0,0.0,,,,,,,,
Primera División,,Peru,2026-07-17,2562,2554,Cienciano,FBC Melgar,1.0,3.0,,,,,,,,
Primera División,,Peru,2026-07-17,22543,22479,FC Cajamarca,Juan Pablo II College,2.0,2.0,,,,,,,,
Primera División,,Peru,2026-07-17,2546,20960,Sporting Cristal,Deportivo Garcilaso,1.0,0.0,,,,,,,,
Liga I,,Romania,2026-07-17,2578,2581,FC Voluntari,FC Botosani,2.0,2.0,,,,,,,,
Liga I,,Romania,2026-07-17,559,2592,FCSB,Arges Pitesti,2.0,0.0,,,,,,,,
Supreme Division Women,,Russia,2026-07-17,14131,16490,CSKA Moskva W,Rostov W,2.0,0.0,,,,,,,,
Youth Championship,,Russia,2026-07-17,15175,27237,Akademiya Konoplev U20,Rodina Moscow U19,1.0,4.0,,,,,,,,
Youth Championship,,Russia,2026-07-17,27473,27236,Almaz Antey U19,Dynamo Makhachkala U19,2.0,0.0,,,,,,,,
Youth Championship,,Russia,2026-07-17,19295,7941,Fakel U19,Zenit U19,1.0,2.0,,,,,,,,
Youth Championship,,Russia,2026-07-17,7985,7951,Krasnodar U19,CSKA Moskva U19,4.0,2.0,,,,,,,,
Youth Championship,,Russia,2026-07-17,16595,15176,Rostov U19,Chertanovo U20,2.0,2.0,,,,,,,,
Youth Championship,,Russia,2026-07-17,9226,17151,Rubin Kazan U20,Nizhny Novgorod U19,2.0,0.0,,,,,,,,
Youth Championship,,Russia,2026-07-17,7996,7910,Spartak Moskva U19,Lokomotiv Moskva U19,1.0,4.0,,,,,,,,
Youth Championship,,Russia,2026-07-17,9231,16594,Ural U20,Dinamo Moskva U19,0.0,3.0,,,,,,,,
Super Liga,,Serbia,2026-07-17,598,2637,FK Crvena Zvezda,Macva,5.0,0.0,,,,,,,,
Super Liga,,Serbia,2026-07-17,12360,2254,Železničar Pančevo,Radnicki NIS,2.0,1.0,,,,,,,,
1. SNL,,Slovenia,2026-07-17,4360,4197,Celje,Mura,2.0,2.0,,,,,,,,
1. SNL,,Slovenia,2026-07-17,4376,4374,Nafta,Koper,0.0,2.0,,,,,,,,
WK-League,,South-Korea,2026-07-17,14379,14376,Suwon FMC W,Hwacheon KSPO W,0.0,0.0,,,,,,,,
Allsvenskan,,Sweden,2026-07-17,366,371,IFK Goteborg,IF Brommapojkarna,2.0,1.0,,,,,,,,
Allsvenskan,,Sweden,2026-07-17,2240,2241,Mjallby AIF,Vasteras SK FK,0.0,0.0,,,,,,,,
MLS Next Pro,,USA,2026-07-17,4025,18812,Toronto II,FC Cincinnati II,3.0,1.0,,,,,,,,
Major League Soccer,,USA,2026-07-17,9569,1608,Nashville SC,Atlanta United FC,1.0,0.0,,,,,,,,
NWSL Women,,USA,2026-07-17,16487,18451,Kansas City W,San Diego Wave W,2.0,2.0,,,,,,,,
USL League One,,USA,2026-07-17,27251,25486,Boise,Portland Hearts of Pine,2.0,1.0,,,,,,,,
USL League Two,,USA,2026-07-17,10096,20961,Charlotte Independence 2,Appalachian,0.0,2.0,,,,,,,,
USL League Two,,USA,2026-07-17,4052,17019,Flint City Bucks,Buffalo,2.0,0.0,,,,,,,,
USL League Two,,USA,2026-07-17,4061,10094,Lionsbridge,Asheville City,2.0,3.0,,,,,,,,
USL League Two,,USA,2026-07-17,4068,18894,Ocean City Nor'easters,FC Motown II,2.0,0.0,,,,,,,,
USL League Two,,USA,2026-07-17,23227,25945,Steel City,Northern Indiana,1.0,0.0,,,,,,,,
USL League Two,,USA,2026-07-17,4093,18908,Ventura County Fusion,Project 51O,1.0,0.0,,,,,,,,
USL League Two,,USA,2026-07-17,18912,21283,Vermont Green,Ironbound,4.0,0.0,,,,,,,,
Primera División - Apertura,,Uruguay,2026-07-17,2378,2353,Albion FC,Juventud,0.0,1.0,,,,,,,,
Primera División - Apertura,,Uruguay,2026-07-17,2356,2360,Club Nacional,Wanderers,1.0,2.0,,,,,,,,
Super League,,Uzbekistan,2026-07-17,4213,4212,Mash'al,Kokand-1912,1.0,0.0,,,,,,,,
Super League,,Uzbekistan,2026-07-17,4216,4219,Navbahor,Olmaliq,2.0,3.0,,,,,,,,
Super League,,Uzbekistan,2026-07-17,4220,3695,Pakhtakor,Lokomotiv,1.0,1.0,,,,,,,,
Friendlies Clubs,,World,2026-07-17,2590,2604,ASA Targu Mures,Metaloglobus,2.0,1.0,,,,,,,,
Friendlies Clubs,,World,2026-07-17,402,2073,Aalborg,Silkeborg,1.0,2.0,,,,,,,,
Friendlies Clubs,,World,2026-07-17,1360,1343,Accrington ST,Bradford,1.0,0.0,,,,,,,,
Friendlies Clubs,,World,2026-07-17,4677,69,Alfreton Town,Derby,0.0,2.0,,,,,,,,
Friendlies Clubs,,World,2026-07-17,4724,17692,Alverca,CF Os Belenenses,2.0,1.0,,,,,,,,
Friendlies Clubs,,World,2026-07-17,10015,2276,Aragvi Dusheti,FC Urartu,4.0,3.0,,,,,,,,
Friendlies Clubs,,World,2026-07-17,601,2390,Austria Vienna,Paks,4.0,1.0,,,,,,,,
Friendlies Clubs,,World,2026-07-17,2860,1402,Austria Vienna (Am),SV Lafnitz,5.0,0.0,,,,,,,,
Friendlies Clubs,,World,2026-07-17,1636,9351,BFC Dynamo,BAK '07,2.0,0.0,,,,,,,,
Friendlies Clubs,,World,2026-07-17,9325,1325,Bayreuth,FC Carl Zeiss Jena,1.0,1.0,,,,,,,,
Friendlies Clubs,,World,2026-07-17,211,533,Benfica,Villarreal,2.0,0.0,,,,,,,,
Friendlies Clubs,,World,2026-07-17,9366,12790,Bergisch Gladbach,Hilden,4.0,1.0,,,,,,,,
Friendlies Clubs,,World,2026-07-17,8709,4692,Bishop's Cleeve,Hereford,2.0,0.0,,,,,,,,
Friendlies Clubs,,World,2026-07-17,21941,1627,Bitburg,Eintracht Trier,0.0,3.0,,,,,,,,
Friendlies Clubs,,World,2026-07-17,,,Club Brugge,Heerenveen,2.0,3.0,,,,,,,,
Friendlies Clubs,,World,2026-07-17,199,427,De Graafschap,Telstar,3.0,6.0,,,,,,,,
Friendlies Clubs,,World,2026-07-17,2257,68,Dunajska Streda,Bolton,2.0,1.0,,,,,,,,
Friendlies Clubs,,World,2026-07-17,9692,58,Eldense,Millwall,1.0,2.0,,,,,,,,
Friendlies Clubs,,World,2026-07-17,1009,1007,Erzurumspor FK,Rizespor,0.0,0.0,,,,,,,,
Friendlies Clubs,,World,2026-07-17,1634,9365,FC 08 Homburg,Pirmasens,1.0,0.0,,,,,,,,
Friendlies Clubs,,World,2026-07-17,1626,181,FC Astoria Walldorf,SV Darmstadt 98,1.0,4.0,,,,,,,,
Friendlies Clubs,,World,2026-07-17,606,660,FC Lugano,FC Vaduz,1.0,2.0,,,,,,,,
Friendlies Clubs,,World,2026-07-17,397,405,FC Midtjylland,Odense,4.0,1.0,,,,,,,,
Friendlies Clubs,,World,2026-07-17,398,336,FC Nordsjaelland,Jagiellonia,1.0,2.0,,,,,,,,
Friendlies Clubs,,World,2026-07-17,398,628,FC Nordsjaelland,Sparta Praha,5.0,1.0,,,,,,,,
Friendlies Clubs,,World,2026-07-17,2235,287,FC Ryukyu,Urawa,5.0,4.0,,,,,,,,
Friendlies Clubs,,World,2026-07-17,1011,71,FC ST. Gallen,Norwich,0.0,3.0,,,,,,,,
Friendlies Clubs,,World,2026-07-17,1620,1660,FC Viktoria Köln,SV Elversberg,2.0,1.0,,,,,,,,
Friendlies Clubs,,World,2026-07-17,2180,182,FC Winterthur,Union Berlin,1.0,1.0,,,,,,,,
Friendlies Clubs,,World,2026-07-17,164,745,FSV Mainz 05,1. FC Kaiserslautern,4.0,1.0,,,,,,,,
Friendlies Clubs,,World,2026-07-17,812,12657,Falkenbergs FF,Laholm,6.0,0.0,,,,,,,,
Friendlies Clubs,,World,2026-07-17,209,736,Feyenoord,Charleroi,3.0,1.0,,,,,,,,
Friendlies Clubs,,World,2026-07-17,127,1182,Flamengo,Olimpia,4.0,2.0,,,,,,,,
Friendlies Clubs,,World,2026-07-17,546,53,Getafe,Reading,1.0,0.0,,,,,,,,
Friendlies Clubs,,World,2026-07-17,4941,4996,Gloggnitz,Weiz,3.0,2.0,,,,,,,,
Friendlies Clubs,,World,2026-07-17,254,728,Heart Of Midlothian,Rayo Vallecano,2.0,1.0,,,,,,,,
Friendlies Clubs,,World,2026-07-17,4693,1361,Heybridge Swifts,Colchester,0.0,4.0,,,,,,,,
Friendlies Clubs,,World,2026-07-17,14068,3492,Humenné,Sandecja Nowy Sącz,1.0,4.0,,,,,,,,
Friendlies Clubs,,World,2026-07-17,1016,1348,Istra 1961,Milton Keynes Dons,2.0,1.0,,,,,,,,
Friendlies Clubs,,World,2026-07-17,418,425,Jong AZ,Jong Ajax,3.0,0.0,,,,,,,,
Friendlies Clubs,,World,2026-07-17,3627,21953,Kolos Kovalivka,Kudrivka,2.0,0.0,,,,,,,,
Friendlies Clubs,,World,2026-07-17,346,3487,Korona Kielce,Nieciecza,0.0,2.0,,,,,,,,
Friendlies Clubs,,World,2026-07-17,25119,1404,Krems / Rehberg,SKU Amstetten,0.0,2.0,,,,,,,,
Friendlies Clubs,,World,2026-07-17,302,284,Kyoto Sanga,Shonan Bellmare,1.0,4.0,,,,,,,,
Friendlies Clubs,,World,2026-07-17,111,87,Le Havre,Amiens,1.0,2.0,,,,,,,,
Friendlies Clubs,,World,2026-07-17,537,722,Leganes,Albacete,0.0,0.0,,,,,,,,
Friendlies Clubs,,World,2026-07-17,,,Levante,Sheffield United,1.0,2.0,,,,,,,,
Friendlies Clubs,,World,2026-07-17,1379,1373,Lincoln,Leyton Orient,0.0,2.0,,,,,,,,
Friendlies Clubs,,World,2026-07-17,9355,1316,Lokomotive Leipzig,Hallescher FC,2.0,0.0,,,,,,,,
Friendlies Clubs,,World,2026-07-17,8859,7632,Longridge Town,Clitheroe,1.0,4.0,,,,,,,,
Friendlies Clubs,,World,2026-07-17,112,10244,Metz,Seraing United,6.0,0.0,,,,,,,,
Friendlies Clubs,,World,2026-07-17,16749,2658,Mladost DG,FK Vozdovac,3.0,3.0,,,,,,,,
Friendlies Clubs,,World,2026-07-17,82,3069,Montpellier,Le Puy Foot,5.0,2.0,,,,,,,,
Friendlies Clubs,,World,2026-07-17,256,742,Motherwell,Genk,3.0,4.0,,,,,,,,
Friendlies Clubs,,World,2026-07-17,14562,4486,Motor Lublin,Hapoel Katamon,2.0,0.0,,,,,,,,
Friendlies Clubs,,World,2026-07-17,1017,3617,NK Lokomotiva Zagreb,Karpaty,0.0,0.0,,,,,,,,
Friendlies Clubs,,World,2026-07-17,553,205,Olympiakos Piraeus,Fortuna Sittard,3.0,1.0,,,,,,,,
Friendlies Clubs,,World,2026-07-17,5894,14130,Oudenaarde,Club Brugge II,2.0,2.0,,,,,,,,
Friendlies Clubs,,World,2026-07-17,1350,10513,Peterborough,NEOM,0.0,0.0,,,,,,,,
Friendlies Clubs,,World,2026-07-17,14750,3497,Pogoń Grod. Mazowiecki,Wigry Suwałki,0.0,2.0,,,,,,,,
Friendlies Clubs,,World,2026-07-17,3725,1395,Prostějov,Floridsdorfer AC,2.0,1.0,,,,,,,,
Friendlies Clubs,,World,2026-07-17,7740,1352,Radcliffe,Shrewsbury,4.0,2.0,,,,,,,,
Friendlies Clubs,,World,2026-07-17,4248,6944,Radomiak Radom,Legia Warszawa II,2.0,1.0,,,,,,,,
Friendlies Clubs,,World,2026-07-17,2185,6621,Rapperswil,Cham,3.0,1.0,,,,,,,,
Friendlies Clubs,,World,2026-07-17,94,90,Rennes,Guingamp,3.0,1.0,,,,,,,,
Friendlies Clubs,,World,2026-07-17,1028,1621,Ried,Rot-Weiß Essen,3.0,0.0,,,,,,,,
Friendlies Clubs,,World,2026-07-17,414,263,Roda,Beerschot VA,1.0,0.0,,,,,,,,
Friendlies Clubs,,World,2026-07-17,1301,9932,Rodez,Cannes,4.0,1.0,,,,,,,,
Friendlies Clubs,,World,2026-07-17,1027,782,SKN ST. Polten,Slovan Liberec,1.0,3.0,,,,,,,,
Friendlies Clubs,,World,2026-07-17,1655,1313,SSV Jeddeloh,Preußen Münster,0.0,3.0,,,,,,,,
Friendlies Clubs,,World,2026-07-17,3492,10550,Sandecja Nowy Sącz,Tatran Prešov,0.0,0.0,,,,,,,,
Friendlies Clubs,,World,2026-07-17,2250,2895,Sigma Olomouc,Al Sadd,2.0,1.0,,,,,,,,
Friendlies Clubs,,World,2026-07-17,396,4676,Sonderjyske,Kolding IF,1.0,0.0,,,,,,,,
Friendlies Clubs,,World,2026-07-17,14864,2276,Spaeri,FC Urartu,2.0,3.0,,,,,,,,
Friendlies Clubs,,World,2026-07-17,8619,1315,Sparta Praha II,FSV Zwickau,3.0,2.0,,,,,,,,
Friendlies Clubs,,World,2026-07-17,4686,56,Stockport County,Bristol City,2.0,0.0,,,,,,,,
Friendlies Clubs,,World,2026-07-17,16257,16255,Unia Swarzędz,Sokół Kleczew,1.0,7.0,,,,,,,,
Friendlies Clubs,,World,2026-07-17,207,285,Utrecht,V-varen Nagasaki,0.0,2.0,,,,,,,,
Friendlies Clubs,,World,2026-07-17,2070,6004,Viborg,Aarhus Fremad,1.0,0.0,,,,,,,,
Friendlies Clubs,,World,2026-07-17,3729,7271,Viktoria Žižkov,Baník Souš,3.0,2.0,,,,,,,,
Friendlies Clubs,,World,2026-07-17,9337,9324,Wacker Burghausen,Augsburg II,1.0,1.0,,,,,,,,
Friendlies Clubs,,World,2026-07-17,60,1832,West Brom,Bromley,4.0,1.0,,,,,,,,
Friendlies Clubs,,World,2026-07-17,341,3498,Wisla Plock,ŁKS Łódź,3.0,0.0,,,,,,,,
Friendlies Clubs,,World,2026-07-17,1025,1401,Wolfsberger AC,SV Kapfenberg,6.0,1.0,,,,,,,,
Friendlies Clubs,,World,2026-07-17,345,3714,Zaglebie Lubin,Bohemians 1905,0.0,2.0,,,,,,,,
Friendlies Clubs,,World,2026-07-17,2414,14434,Zalaegerszegi TE,Epitsentr Dunayivtsi,1.0,0.0,,,,,,,,
Friendlies Clubs,,World,2026-07-17,3733,3548,Zbrojovka Brno,Podbrezová,2.0,0.0,,,,,,,,
Friendlies Clubs,,World,2026-07-17,6001,14128,Zelzate,Lokeren-Temse,0.0,2.0,,,,,,,,
Friendlies Clubs,,World,2026-07-17,3735,3715,Ústí nad Labem,Dukla Praha,2.0,2.0,,,,,,,,
Friendlies Clubs,,World,2026-07-17,3577,645,Ümraniyespor,Galatasaray,1.0,5.0,,,,,,,,
Friendlies Clubs,,World,2026-07-17,12902,6959,Świt Skolwin,Stargard Szczeciński,0.0,1.0,,,,,,,,
Friendlies Clubs,,,2026-07-14,1334,46,Bristol Rovers,Leicester,1.0,2.0,,,,,,,,
Friendlies Clubs,,,2026-07-14,1026,611,Lask Linz,Fenerbahçe,1.0,2.0,,,,,,,,
Primera B Metropolitana,,Argentina,2026-07-14,8376,459,Argentino Quilmes,Arsenal Sarandi,1.0,0.0,,,,,,,,
Primera B Metropolitana,,Argentina,2026-07-14,468,1924,Brown DE Adrogue,Deportivo Laferrere,0.0,1.0,,,,,,,,
Primera B Metropolitana,,Argentina,2026-07-14,8008,481,Comunicaciones,Villa Dalmine,0.0,0.0,,,,,,,,
Primera B Metropolitana,,Argentina,2026-07-14,1945,8385,Defensores Unidos,Excursionistas,0.0,2.0,,,,,,,,
Primera B Metropolitana,,Argentina,2026-07-14,2427,1927,Deportivo Armenio,Talleres Remedios,2.0,1.0,,,,,,,,
Primera B Metropolitana,,Argentina,2026-07-14,3943,8395,Deportivo Camioneros,Liniers,1.0,0.0,,,,,,,,
Primera B Metropolitana,,Argentina,2026-07-14,8383,2422,Deportivo Merlo,Real Pilar,3.0,2.0,,,,,,,,
Primera B Metropolitana,,Argentina,2026-07-14,2429,1956,Dock Sud,UAI Urquiza,0.0,0.0,,,,,,,,
Primera B Metropolitana,,Argentina,2026-07-14,471,2430,Flandria,Argentino de Merlo,1.0,0.0,,,,,,,,
Primera B Metropolitana,,Argentina,2026-07-14,8386,8387,Ituzaingó,San Martín Burzaco,1.0,2.0,,,,,,,,
Primera B Metropolitana,,Argentina,2026-07-14,8388,8380,Sportivo Italiano,Villa San Carlos,1.0,0.0,,,,,,,,
Reserve League,,Argentina,2026-07-14,18678,18676,Atlético Tucumán Res.,Aldosivi Res.,2.0,1.0,,,,,,,,
Reserve League,,Argentina,2026-07-14,18685,18683,Estudiantes La Plata Res,Colón Res.,2.0,0.0,,,,,,,,
Reserve League,,Argentina,2026-07-14,18696,18697,Rosario Central Res.,San Lorenzo Res.,0.0,0.0,,,,,,,,
Reserve League,,Argentina,2026-07-14,18701,18686,Unión Santa Fe Res.,Gimnasia La Plata Res.,0.0,0.0,,,,,,,,
Torneo Promocional Amateur,,Argentina,2026-07-14,27786,23102,Buenos Aires City,Ezeiza,1.0,2.0,,,,,,,,
Torneo Promocional Amateur,,Argentina,2026-07-14,23103,23105,Juventud de Bernal,Provincial,0.0,4.0,,,,,,,,
Australia Cup,,Australia,2026-07-14,3764,10221,APIA Leichhardt Tigers,Peninsula Power,2.0,1.0,,,,,,,,
Australia Cup,,Australia,2026-07-14,11182,16777,Rochedale Rovers,SD Raiders,1.0,2.0,,,,,,,,
Premier League,,Bhutan,2026-07-14,5433,27725,Bhutan U19,Drukpa,2.0,2.0,,,,,,,,
Primera División,,Bolivia,2026-07-14,3701,22266,Blooming,Gualberto Villarroel SJ,1.0,1.0,,,,,,,,
Primera División,,Bolivia,2026-07-14,20252,3700,Real Oruro,Always Ready,0.0,6.0,,,,,,,,
Brasileiro U17,,Brazil,2026-07-14,24470,24476,Atletico GO U17,Cruzeiro U17,0.0,3.0,,,,,,,,
Brasileiro U17,,Brazil,2026-07-14,24471,24469,Atlético Mineiro U17,Athletico PR U17,2.0,3.0,,,,,,,,
Brasileiro U17,,Brazil,2026-07-14,24473,24480,Botafogo U17,Fortaleza U17,6.0,3.0,,,,,,,,
Brasileiro U17,,Brazil,2026-07-14,24479,24482,Fluminense U17,Gremio U17,3.0,0.0,,,,,,,,
Brasileiro U17,,Brazil,2026-07-14,24483,24472,Internacional U17,Bahia U17,1.0,0.0,,,,,,,,
Brasileiro U17,,Brazil,2026-07-14,24484,24478,Palmeiras U17,Flamengo RJ U17,1.0,2.0,,,,,,,,
Brasileiro U17,,Brazil,2026-07-14,24485,25797,RB Bragantino U17,Juventude U17,6.0,0.0,,,,,,,,
Brasileiro U17,,Brazil,2026-07-14,24486,24468,Santos U17,America MG U17,1.0,0.0,,,,,,,,
Brasileiro U17,,Brazil,2026-07-14,27733,24487,Vitoria U17,Sao Paulo U17,1.0,3.0,,,,,,,,
Brasileiro U20 A,,Brazil,2026-07-14,12979,13000,Vasco da Gama U20,Cruzeiro U20,2.0,0.0,,,,,,,,
Super League,,China,2026-07-14,848,1431,Hangzhou Greentown,Qingdao Jonoon,3.0,2.0,,,,,,,,
Liga Pro,,Ecuador,2026-07-14,1155,1162,Macara,Mushuc Runa SC,2.0,1.0,,,,,,,,
Liga Pro,,Ecuador,2026-07-14,1980,1149,Manta FC,Delfin SC,0.0,1.0,,,,,,,,
Kakkonen - Lohko B,,Finland,2026-07-14,9185,2079,Ilves II,GrIFK,6.0,2.0,,,,,,,,
1. Deild,,Iceland,2026-07-14,2121,277,Grotta,Grindavik,1.0,2.0,,,,,,,,
1. Deild,,Iceland,2026-07-14,2113,2122,HK Kopavogur,IR Reykjavik,5.0,1.0,,,,,,,,
Premier League,,Kyrgyzstan,2026-07-14,21167,25765,Muras United,Bars,3.0,2.0,,,,,,,,
League Cup,,Scotland,2026-07-14,6757,253,Annan Athletic,Dundee,0.0,5.0,,,,,,,,
League Cup,,Scotland,2026-07-14,1390,255,Brechin,Livingston,0.0,2.0,,,,,,,,
League Cup,,Scotland,2026-07-14,6760,252,Brora Rangers,Aberdeen,0.0,2.0,,,,,,,,
League Cup,,Scotland,2026-07-14,6762,4668,Clyde,Airdrie United,1.0,0.0,,,,,,,,
League Cup,,Scotland,2026-07-14,6763,6765,Cove Rangers,East Kilbride,3.0,2.0,,,,,,,,
League Cup,,Scotland,2026-07-14,1388,1382,Dunfermline,Dumbarton,4.0,1.0,,,,,,,,
League Cup,,Scotland,2026-07-14,6764,1383,East Fife,Morton,2.0,0.0,,,,,,,,
League Cup,,Scotland,2026-07-14,6766,1391,Edinburgh City,Alloa Athletic,2.0,0.0,,,,,,,,
League Cup,,Scotland,2026-07-14,6767,6777,Elgin City,Peterhead,1.0,3.0,,,,,,,,
League Cup,,Scotland,2026-07-14,1389,1387,Falkirk,Ayr Utd,0.0,1.0,,,,,,,,
League Cup,,Scotland,2026-07-14,4250,901,Forfar Athletic,Partick,0.0,4.0,,,,,,,,
League Cup,,Scotland,2026-07-14,6773,6778,Kelty Hearts,Queen's Park,0.0,2.0,,,,,,,,
League Cup,,Scotland,2026-07-14,250,1385,Kilmarnock,Raith Rovers,0.0,0.0,,,,,,,,
League Cup,,Scotland,2026-07-14,6744,258,Linlithgow Rose,ST Johnstone,0.0,2.0,,,,,,,,
League Cup,,Scotland,2026-07-14,4251,1386,Montrose,Dundee Utd,1.0,0.0,,,,,,,,
League Cup,,Scotland,2026-07-14,6781,4669,Spartans,Stirling Albion,1.0,3.0,,,,,,,,
USL League Two,,USA,2026-07-14,10094,13192,Asheville City,Virginia Beach City,1.0,0.0,,,,,,,,
USL League Two,,USA,2026-07-14,4060,20961,Lehigh Valley United,Appalachian,0.0,1.0,,,,,,,,
USL League Two,,USA,2026-07-14,26064,21283,New England FC,Ironbound,0.0,3.0,,,,,,,,
Friendlies Clubs,,World,2026-07-14,2060,811,AB Copenhagen,Helsingborg,2.0,0.0,,,,,,,,
Friendlies Clubs,,World,2026-07-14,11936,73,AFC Emley,Rotherham,1.0,1.0,,,,,,,,
Friendlies Clubs,,World,2026-07-14,7690,20095,AFC Hornchurch,Millwall U21,3.0,0.0,,,,,,,,
Friendlies Clubs,,World,2026-07-14,2590,6891,ASA Targu Mures,Popești-Leordeni,1.0,1.0,,,,,,,,
Friendlies Clubs,,World,2026-07-14,4677,8146,Alfreton Town,Boston United,1.0,2.0,,,,,,,,
Friendlies Clubs,,World,2026-07-14,7207,1840,Aveley,Ebbsfleet United,1.0,4.0,,,,,,,,
Friendlies Clubs,,World,2026-07-14,1369,38,Barnet,Watford,2.0,2.0,,,,,,,,
Friendlies Clubs,,World,2026-07-14,361,11310,Barry Town,Trethomas Bluebirds,5.0,1.0,,,,,,,,
Friendlies Clubs,,World,2026-07-14,8657,20016,Bath City,Cardiff City U21,0.0,2.0,,,,,,,,
Friendlies Clubs,,World,2026-07-14,7212,4708,Bedfont Sports,St Albans City,1.0,4.0,,,,,,,,
Friendlies Clubs,,World,2026-07-14,7616,7618,Bedford Town,Biggleswade,2.0,0.0,,,,,,,,
Friendlies Clubs,,World,2026-07-14,,,Bristol Rvs,Leicester,1.0,2.0,,,,,,,,
Friendlies Clubs,,World,2026-07-14,9326,2875,Buchbach,Al Wahda FC,2.0,2.0,,,,,,,,
Friendlies Clubs,,World,2026-07-14,6486,14437,Bukovyna,Metal Kharkiv,1.0,1.0,,,,,,,,
Friendlies Clubs,,World,2026-07-14,2266,11117,Cliftonville FC,Moyola Park,3.0,0.0,,,,,,,,
Friendlies Clubs,,World,2026-07-14,653,43,Cork City,Cardiff,1.0,6.0,,,,,,,,
Friendlies Clubs,,World,2026-07-14,7711,7716,Cray Wanderers,Folkestone Invicta,3.0,1.0,,,,,,,,
Friendlies Clubs,,World,2026-07-14,4972,8325,Deutschlandsberger SC,Lebring,2.0,5.0,,,,,,,,
Friendlies Clubs,,World,2026-07-14,620,17161,Dinamo Zagreb,LNZ Cherkasy,0.0,0.0,,,,,,,,
Friendlies Clubs,,World,2026-07-14,1354,3843,Doncaster,St Patrick's Athl.,4.0,2.0,,,,,,,,
Friendlies Clubs,,World,2026-07-14,409,9367,Dordrecht,Borussia Dortmund II,4.0,1.0,,,,,,,,
Friendlies Clubs,,World,2026-07-14,1829,1347,Dover,Gillingham,0.0,3.0,,,,,,,,
Friendlies Clubs,,World,2026-07-14,10533,4501,Dukla Banská Bystrica,Hapoel Tel Aviv,0.0,0.0,,,,,,,,
Friendlies Clubs,,World,2026-07-14,744,9342,Eintracht Braunschweig,Havelse,2.0,1.0,,,,,,,,
Friendlies Clubs,,World,2026-07-14,12759,12809,Eintracht Mahlsdorf,Luckenwalde,1.0,1.0,,,,,,,,
Friendlies Clubs,,World,2026-07-14,14663,1323,Eintracht Rheine,Sportfreunde Lotte,0.0,1.0,,,,,,,,
Friendlies Clubs,,World,2026-07-14,7640,9010,Evesham United,Worcester City,1.0,0.0,,,,,,,,
Friendlies Clubs,,World,2026-07-14,1841,1345,FC Halifax Town,Chesterfield,3.0,2.0,,,,,,,,
Friendlies Clubs,,World,2026-07-14,2180,10587,FC Winterthur,Brühl,1.0,1.0,,,,,,,,
Friendlies Clubs,,World,2026-07-14,8366,8247,Fach-Donaufeld,Rapid Wien II,1.0,6.0,,,,,,,,
Friendlies Clubs,,World,2026-07-14,6021,6065,HIK,Vanløse,1.0,1.0,,,,,,,,
Friendlies Clubs,,World,2026-07-14,8804,74,Hallam,Sheffield Wednesday,0.0,0.0,,,,,,,,
Friendlies Clubs,,World,2026-07-14,4488,1418,Hapoel Petah Tikva,Spartak Pleven,2.0,0.0,,,,,,,,
Friendlies Clubs,,World,2026-07-14,7646,9009,Harlow Town,Woodford Town,0.0,5.0,,,,,,,,
Friendlies Clubs,,World,2026-07-14,8822,1823,Hebburn Town,Gateshead,3.0,3.0,,,,,,,,
Friendlies Clubs,,World,2026-07-14,12782,9347,Heeslinger SC,VfB Oldenburg,1.0,3.0,,,,,,,,
Friendlies Clubs,,World,2026-07-14,11993,1838,Holyport,Maidenhead,1.0,4.0,,,,,,,,
Friendlies Clubs,,World,2026-07-14,4694,1839,Hyde United,AFC Fylde,1.0,3.0,,,,,,,,
Friendlies Clubs,,World,2026-07-14,14709,188,Imst,Arminia Bielefeld,0.0,10.0,,,,,,,,
Friendlies Clubs,,World,2026-07-14,7446,6755,Keith,Aberdeen U21,2.0,0.0,,,,,,,,
Friendlies Clubs,,World,2026-07-14,14500,12880,Kilia Kiel,Todesfelde,1.0,1.0,,,,,,,,
Friendlies Clubs,,World,2026-07-14,346,6957,Korona Kielce,Stal Rzeszów,0.0,0.0,,,,,,,,
Friendlies Clubs,,World,2026-07-14,,,Lask Linz,Fenerbahce,1.0,2.0,,,,,,,,
Friendlies Clubs,,World,2026-07-14,7239,1380,Leek Town,Macclesfield,1.0,1.0,,,,,,,,
Friendlies Clubs,,World,2026-07-14,339,4248,Legia Warszawa,Radomiak Radom,3.0,1.0,,,,,,,,
Friendlies Clubs,,World,2026-07-14,17162,13223,Livyi Bereh,Viktoriya Mykolaivka,1.0,1.0,,,,,,,,
Friendlies Clubs,,World,2026-07-14,362,5623,Llandudno,Rhyl,2.0,0.0,,,,,,,,
Friendlies Clubs,,World,2026-07-14,597,555,Lokomotiv,CSKA Moscow,1.0,0.0,,,,,,,,
Friendlies Clubs,,World,2026-07-14,2637,19839,Macva,Naftagas,1.0,2.0,,,,,,,,
Friendlies Clubs,,World,2026-07-14,14058,549,Malženice,Beşiktaş,1.0,1.0,,,,,,,,
Friendlies Clubs,,World,2026-07-14,7656,5611,Marine,Colwyn Bay,2.0,0.0,,,,,,,,
Friendlies Clubs,,World,2026-07-14,214,21595,Maritimo,AVS,2.0,0.0,,,,,,,,
Friendlies Clubs,,World,2026-07-14,7732,1377,Merthyr Town,Yeovil Town,2.0,2.0,,,,,,,,
Friendlies Clubs,,World,2026-07-14,13847,2276,Meshakhte,FC Urartu,2.0,4.0,,,,,,,,
Friendlies Clubs,,World,2026-07-14,413,285,NEC Nijmegen,V-varen Nagasaki,3.0,1.0,,,,,,,,
Friendlies Clubs,,World,2026-07-14,1018,282,NK Slaven Belupo,Sanfrecce Hiroshima,1.0,3.0,,,,,,,,
Friendlies Clubs,,World,2026-07-14,7448,902,Nairn County,Ross County,2.0,2.0,,,,,,,,
Friendlies Clubs,,World,2026-07-14,4955,2860,Parndorf,Austria Vienna (Am),2.0,0.0,,,,,,,,
Friendlies Clubs,,World,2026-07-14,7246,1828,Pickering Town,York,4.0,2.0,,,,,,,,
Friendlies Clubs,,World,2026-07-14,12833,1315,Plauen,FSV Zwickau,3.0,7.0,,,,,,,,
Friendlies Clubs,,World,2026-07-14,567,6496,Plzen,Polessya,2.0,0.0,,,,,,,,
Friendlies Clubs,,World,2026-07-14,6496,283,Polessya,Shimizu S-pulse,1.0,3.0,,,,,,,,
Friendlies Clubs,,World,2026-07-14,7738,1822,Poole Town,Eastleigh,2.0,0.0,,,,,,,,
Friendlies Clubs,,World,2026-07-14,1351,7752,Port Vale,Tamworth,5.0,0.0,,,,,,,,
Friendlies Clubs,,World,2026-07-14,59,7695,Preston,Bamber Bridge,4.0,1.0,,,,,,,,
Friendlies Clubs,,World,2026-07-14,401,1376,Randers FC,Notts County,3.0,1.0,,,,,,,,
Friendlies Clubs,,World,2026-07-14,21712,1830,Real Bedford,Boreham Wood,2.0,8.0,,,,,,,,
Friendlies Clubs,,World,2026-07-14,16994,1366,Redcar Athletic,Hartlepool,2.0,4.0,,,,,,,,
Friendlies Clubs,,World,2026-07-14,1652,9324,SSV Ulm 1846,Augsburg II,1.0,2.0,,,,,,,,
Friendlies Clubs,,World,2026-07-14,181,1634,SV Darmstadt 98,FC 08 Homburg,5.0,1.0,,,,,,,,
Friendlies Clubs,,World,2026-07-14,1319,310,SV Wehen,Fagiano Okayama,2.0,0.0,,,,,,,,
Friendlies Clubs,,World,2026-07-14,10244,412,Seraing United,MVV,0.0,0.0,,,,,,,,
Friendlies Clubs,,World,2026-07-14,3842,669,Sligo Rovers,Coleraine FC,1.0,2.0,,,,,,,,
Friendlies Clubs,,World,2026-07-14,4685,7615,Slough Town,Basingstoke Town,2.0,4.0,,,,,,,,
Friendlies Clubs,,World,2026-07-14,8940,7266,South Normanton Athletic,Worksop Town,3.0,4.0,,,,,,,,
Friendlies Clubs,,World,2026-07-14,1341,1370,Southend,Cambridge United,2.0,1.0,,,,,,,,
Friendlies Clubs,,World,2026-07-14,1120,549,Spartak Trnava,Beşiktaş,3.0,2.0,,,,,,,,
Friendlies Clubs,,World,2026-07-14,228,247,Sporting CP,Celtic,4.0,1.0,,,,,,,,
Friendlies Clubs,,World,2026-07-14,7748,1352,Stafford Rangers,Shrewsbury,0.0,0.0,,,,,,,,
Friendlies Clubs,,World,2026-07-14,8961,4690,Sutton Athletic,Dartford,1.0,2.0,,,,,,,,
Friendlies Clubs,,World,2026-07-14,1353,8147,Swindon Town,Chippenham Town,0.0,1.0,,,,,,,,
Friendlies Clubs,,World,2026-07-14,8662,1835,Tonbridge Angels,Sutton Utd,0.0,2.0,,,,,,,,
Friendlies Clubs,,World,2026-07-14,7754,1339,United of Manchester,Rochdale,2.0,0.0,,,,,,,,
Friendlies Clubs,,World,2026-07-14,8663,20085,Wealdstone,Queens Park Rangers U21,2.0,4.0,,,,,,,,
Friendlies Clubs,,World,2026-07-14,4996,19241,Weiz,Ilzer SV,2.0,4.0,,,,,,,,
Friendlies Clubs,,World,2026-07-14,8664,1831,Welling United,Braintree,3.0,2.0,,,,,,,,
Friendlies Clubs,,World,2026-07-14,341,3714,Wisla Plock,Bohemians 1905,2.0,0.0,,,,,,,,
Friendlies Clubs,,World,2026-07-14,1836,1355,Woking,Portsmouth,1.0,2.0,,,,,,,,
UEFA Champions League,,World,2026-07-14,14281,3872,Drita,Kauno Žalgiris,2.0,3.0,,,,,,,,
UEFA Champions League,,World,2026-07-14,2402,278,Gyori ETO FC,Vikingur Reykjavik,2.0,2.0,,,,,,,,
UEFA Champions League,,World,2026-07-14,3342,667,Inter Club d'Escaldes,Lincoln Red Imps FC,1.0,1.0,,,,,,,,
UEFA Champions League,,World,2026-07-14,1165,574,KuPS,Vardar Skopje,2.0,3.0,,,,,,,,
UEFA Champions League,,World,2026-07-14,5354,2260,Larne,Tre Fiori,2.0,1.0,,,,,,,,
UEFA Champions League,,World,2026-07-14,646,3364,Levski Sofia,Borac Banja Luka,4.0,0.0,,,,,,,,
UEFA Champions League,,World,2026-07-14,10124,3683,Riga,Ararat-Armenia,3.0,2.0,,,,,,,,
UEFA Champions League,,World,2026-07-14,3502,687,Saburtalo,Flora Tallinn,2.0,2.0,,,,,,,,
UEFA Champions League,,World,2026-07-14,652,4625,Shamrock Rovers,Floriana,5.0,1.0,,,,,,,,
UEFA Champions League,,World,2026-07-14,354,13976,The New Saints,Sabah FA,1.0,2.0,,,,,,,,
UEFA Europa Conference League,,World,2026-07-14,2249,2036,La Fiorita,UNA Strassen,0.0,2.0,,,,,,,,
World Cup,,World,2026-07-14,2,9,France,Spain,0.0,2.0,,,,,,,,
Primera C,,Argentina,2026-07-13,8391,27282,Claypole,Leones de Rosario,1.0,1.0,,,,,,,,
Primera C,,Argentina,2026-07-13,8374,1931,Fénix,Sportivo Barracas,2.0,1.0,,,,,,,,
Primera Nacional,,Argentina,2026-07-13,1948,8377,Atlanta,Colegiales,1.0,0.0,,,,,,,,
Reserve League,,Argentina,2026-07-13,27271,18684,Estudiantes Rio Cuarto 2,Defensa y Justicia Res.,1.0,0.0,,,,,,,,
Reserve League,,Argentina,2026-07-13,26250,18690,Ferro 2,Lanús Res.,2.0,1.0,,,,,,,,
Reserve League,,Argentina,2026-07-13,27272,18698,Gimnasia Mendoza 2,Sarmiento Res.,0.0,1.0,,,,,,,,
Reserve League,,Argentina,2026-07-13,27413,18682,Quilmes 2,Central Córdoba SdE Res.,1.0,0.0,,,,,,,,
Torneo Federal A,,Argentina,2026-07-13,21040,2426,9 de Julio Rafaela,Defensores de Belgrano VR,1.0,2.0,,,,,,,,
South Australia State League 1,,Australia,2026-07-13,3784,10010,Adelaide Blue Eagles,Modbury Jets,3.0,1.0,,,,,,,,
Victoria NPL 2,,Australia,2026-07-13,16781,16780,Bulleen Lions,Brunswick City,1.0,1.0,,,,,,,,
Premier League,,Bhutan,2026-07-13,19007,5593,Ugyen Academy,Transport United,0.0,1.0,,,,,,,,
Paulista - U20,,Brazil,2026-07-13,13077,13003,XV de Piracicaba U20,Desportivo Brasil U20,1.0,0.0,,,,,,,,
Serie B,,Brazil,2026-07-13,125,148,America Mineiro,Londrina,1.0,1.0,,,,,,,,
Serie B,,Brazil,2026-07-13,129,13975,Ceara,Athletic Club,0.0,0.0,,,,,,,,
Serie C,,Brazil,2026-07-13,2204,1211,AO Itabaiana,Brusque,1.0,0.0,,,,,,,,
Serie C,,Brazil,2026-07-13,137,7814,Figueirense,Volta Redonda,0.0,0.0,,,,,,,,
Serie D,,Brazil,2026-07-13,2233,7868,America-RN,Trem,2.0,1.0,,,,,,,,
Serie D,,Brazil,2026-07-13,150,12277,CSA,Ipatinga,4.0,0.0,,,,,,,,
Canadian Championship,,Canada,2026-07-13,2619,1603,Cavalry FC,Vancouver Whitecaps,1.0,1.0,,,,,,,,
League One,,China,2026-07-13,27556,17263,Ningbo Professional,Dongguan United,1.0,0.0,,,,,,,,
Esiliiga A,,Estonia,2026-07-13,3527,3524,Maardu,Tartu Welco,1.0,8.0,,,,,,,,
Kakkonen - Lohko B,,Finland,2026-07-13,1169,9209,Honka,HJS Akatemia,1.0,1.0,,,,,,,,
1. Deild,,Iceland,2026-07-13,4165,267,Vestri,Fylkir,2.0,5.0,,,,,,,,
Úrvalsdeild,,Iceland,2026-07-13,276,269,Breidablik,Keflavik,2.0,1.0,,,,,,,,
Premier League,,Lebanon,2026-07-13,22812,4572,Reyady Abaseya,Racing,4.0,0.0,,,,,,,,
Division Intermedia,,Paraguay,2026-07-13,1180,10474,Deportivo Capiata,Atlético Tembetary,1.0,3.0,,,,,,,,
Division Intermedia,,Paraguay,2026-07-13,1186,10491,Independiente F.b.c.,Tacuary,2.0,2.0,,,,,,,,
First League,,Russia,2026-07-13,1077,3984,Arsenal Tula,Tekstilshchik,2.0,1.0,,,,,,,,
First League,,Russia,2026-07-13,6790,1087,Chelyabinsk,Ska-khabarovsk,3.0,1.0,,,,,,,,
First League,,Russia,2026-07-13,1084,3985,Ural,Torpedo Moskva,0.0,1.0,,,,,,,,
Allsvenskan,,Sweden,2026-07-13,364,766,Djurgardens IF,Halmstad,3.0,0.0,,,,,,,,
Primera División - Apertura,,Uruguay,2026-07-13,2369,2350,Cerro Largo,Defensor Sporting,1.0,1.0,,,,,,,,
Segunda División,,Uruguay,2026-07-13,18295,2374,La Luz,Tacuarembo,2.0,0.0,,,,,,,,
Segunda División,,Uruguay,2026-07-13,19410,2357,Paysandu,Fenix,1.0,0.0,,,,,,,,
Asean Championship Women,,World,2026-07-13,26046,21022,Cambodia W,Timor-Leste W,3.0,1.0,,,,,,,,
Friendlies,,World,2026-07-13,1542,2746,Vietnam,Gangwon FC,2.0,1.0,,,,,,,,
Friendlies Clubs,,World,2026-07-13,8711,7692,Boldmere St. Michaels,Alvechurch,2.0,3.0,,,,,,,,
Friendlies Clubs,,World,2026-07-13,8651,7667,Bradford (Park Avenue),Sheffield,2.0,1.0,,,,,,,,
Friendlies Clubs,,World,2026-07-13,10586,19605,Breitenrain,Besa Biel/Bienne,3.0,1.0,,,,,,,,
Friendlies Clubs,,World,2026-07-13,1068,994,HNK Gorica,Göztepe,0.0,2.0,,,,,,,,
Friendlies Clubs,,World,2026-07-13,2163,2066,IFK Varnamo,Naestved,0.0,2.0,,,,,,,,
Friendlies Clubs,,World,2026-07-13,1017,14434,NK Lokomotiva Zagreb,Epitsentr Dunayivtsi,3.0,1.0,,,,,,,,
Friendlies Clubs,,World,2026-07-13,2270,616,Neftchi Baku,NK Osijek,0.0,1.0,,,,,,,,
Friendlies Clubs,,World,2026-07-13,2250,2870,Sigma Olomouc,Shabab Al Ahli Dubai,2.0,0.0,,,,,,,,
Friendlies Clubs,,World,2026-07-13,12709,17484,Solothurn,Prishtina Bern,2.0,4.0,,,,,,,,
Friendlies Clubs,,World,2026-07-13,1073,3720,Wacker Innsbruck,Teplice,0.0,3.0,,,,,,,,
Friendlies Clubs,,World,2026-07-13,1025,3723,Wolfsberger AC,Hradec Králové,1.0,1.0,,,,,,,,
Friendlies Clubs,,World,2026-07-13,596,6813,Zenit,Dinamo Makhachkala,1.0,1.0,,,,,,,,
Primera C,,Argentina,2026-07-12,1967,1955,Central Ballester,General Lamadrid,3.0,0.0,,,,,,,,
Primera C,,Argentina,2026-07-12,8378,8390,JJ Urquiza,Centro Español,0.0,0.0,,,,,,,,
Primera C,,Argentina,2026-07-12,486,8396,Juventud Unida,Lugano,0.0,0.0,,,,,,,,
Primera C,,Argentina,2026-07-12,1940,8389,Leandro N. Alem,Argentino Rosario,2.0,0.0,,,,,,,,
Primera C,,Argentina,2026-07-12,8397,23099,Puerto Nuevo,Estrella Del Sur,1.0,0.0,,,,,,,,
Torneo Federal A,,Argentina,2026-07-12,8399,1941,Circulo Deportivo,Sol de Mayo,3.0,1.0,,,,,,,,
Torneo Federal A,,Argentina,2026-07-12,21041,1960,El Linqueño,Independiente De Chivilcoy,2.0,1.0,,,,,,,,
Torneo Federal A,,Argentina,2026-07-12,27574,21042,Fundacion Amigos,San Martín Mendoza,0.0,0.0,,,,,,,,
Torneo Federal A,,Argentina,2026-07-12,3982,467,Sol de América,Boca Unidos,3.0,2.0,,,,,,,,
Torneo Federal A,,Argentina,2026-07-12,1950,1966,Sportivo Las Parejas,Sportivo Belgrano,0.0,0.0,,,,,,,,
Torneo Federal A,,Argentina,2026-07-12,1938,472,Villa Mitre,Guillermo Brown,3.0,0.0,,,,,,,,
Torneo Promocional Amateur,,Argentina,2026-07-12,23094,23098,Atletico Pilar,Deportivo Metalurgico,1.0,1.0,,,,,,,,
New South Wales NPL,,Australia,2026-07-12,3768,14025,Marconi Stallions,Western Sydney Wanderers U23,3.0,0.0,,,,,,,,
New South Wales NPL,,Australia,2026-07-12,3776,3770,Sydney United,Rockdale City Suns,1.0,0.0,,,,,,,,
New South Wales NPL 2,,Australia,2026-07-12,16772,16771,Central Coast II,Blacktown Spartans,0.0,2.0,,,,,,,,
Northern NSW NPL,,Australia,2026-07-12,10202,10205,Broadmeadow Magic,Hamilton Olympic,2.0,1.0,,,,,,,,
Npl Nsw U20,,Australia,2026-07-12,27804,27815,Marconi S. U20,WS Wanderers U20,3.0,1.0,,,,,,,,
Npl Nsw U20,,Australia,2026-07-12,27813,27806,Sydney Utd U20,Rockdale Ilinden U20,6.0,0.0,,,,,,,,
Queensland NPL,,Australia,2026-07-12,10215,10211,Gold Coast Knights,Brisbane City,0.0,0.0,,,,,,,,
Queensland NPL,,Australia,2026-07-12,10216,10220,Gold Coast United,Olympic,3.0,0.0,,,,,,,,
Queensland NPL,,Australia,2026-07-12,10217,2531,Lions,Eastern Suburbs,1.0,0.0,,,,,,,,
Queensland Premier League,,Australia,2026-07-12,10223,10213,SC Wanderers,Brisbane Strikers,0.0,2.0,,,,,,,,
Victoria NPL,,Australia,2026-07-12,9978,21921,St. Albans Saints,Sunshine Georgies,2.0,2.0,,,,,,,,
1. Division,,Belarus,2026-07-12,23433,7802,Gomel II,Bumprom,1.0,1.0,,,,,,,,
1. Division,,Belarus,2026-07-12,3395,392,Volna,Shakhter Soligorsk,2.0,4.0,,,,,,,,
Premier League,,Belarus,2026-07-12,9419,382,Arsenal,FC Vitebsk,0.0,3.0,,,,,,,,
Baiano - 2,,Brazil,2026-07-12,27727,1200,Feira FC,Fluminense De Feira,0.0,0.0,,,,,,,,
Brasiliense U20,,Brazil,2026-07-12,23609,25930,Brasiliense U20,ARUC U20,6.0,0.0,,,,,,,,
Carioca C,,Brazil,2026-07-12,25962,23635,Búzios,EC Resende,1.0,1.0,,,,,,,,
Catarinense - 2,,Brazil,2026-07-12,12912,12283,Juventus SC,Guarani de Palhoça,1.0,0.0,,,,,,,,
Catarinense - 2,,Brazil,2026-07-12,1204,7860,Tubarao,Metropolitano,2.0,3.0,,,,,,,,
Copa Gaúcha,,Brazil,2026-07-12,25079,141,Gramadense,Brasil DE Pelotas,1.0,0.0,,,,,,,,
Mineiro U20,,Brazil,2026-07-12,27641,12952,Social U20,Atlético Mineiro U20,1.0,0.0,,,,,,,,
Paulista - U20,,Brazil,2026-07-12,13045,12998,Portuguesa U20,Corinthians U20,0.0,2.0,,,,,,,,
Paulista - U20,,Brazil,2026-07-12,13076,18345,XV de Jaú U20,RB Bragantino U20,1.0,7.0,,,,,,,,
Paulista - U20,,Brazil,2026-07-12,13078,23483,Água Santa U20,Porto Football U20,1.0,0.0,,,,,,,,
Paulista Série B,,Brazil,2026-07-12,27690,22948,Sporting Paulinense,Independente SP,0.0,1.0,,,,,,,,
Serie B,,Brazil,2026-07-12,1223,7834,Operario-PR,Novorizontino,2.0,1.0,,,,,,,,
Serie C,,Brazil,2026-07-12,18271,753,Barra,Santa Cruz,1.0,2.0,,,,,,,,
Serie C,,Brazil,2026-07-12,1201,10862,Inter De Limeira,Amazonas,1.0,0.0,,,,,,,,
Copa Chile,,Chile,2026-07-12,2327,2331,Antofagasta,Cobresal,1.0,0.0,,,,,,,,
Copa Chile,,Chile,2026-07-12,2332,2341,Cobreloa,D. La Serena,1.0,0.0,,,,,,,,
League One,,China,2026-07-12,23265,1445,Shenzhen Juniors,Heilongjiang Lava Spring,3.0,3.0,,,,,,,,
League Two,,China,2026-07-12,27620,27619,Dalian Kewei,Shanghai Second,1.0,1.0,,,,,,,,
League Two,,China,2026-07-12,25774,23270,Guangzhou Dandelion,Langfang Glory City,1.0,1.0,,,,,,,,
League Two,,China,2026-07-12,5679,23288,Qingdao Red Lions,Shandong Taishan II,0.0,1.0,,,,,,,,
Liga Pro,,Ecuador,2026-07-12,1158,18762,LDU de Quito,Libertad,0.0,0.0,,,,,,,,
Esiliiga A,,Estonia,2026-07-12,25755,3518,Nõmme United II,Flora II,1.0,1.0,,,,,,,,
Esiliiga B,,Estonia,2026-07-12,24237,25403,Johvi Phoenix,Parnu JK Vaprus U21,4.0,2.0,,,,,,,,
Esiliiga B,,Estonia,2026-07-12,7906,3522,Levadia U19,Tallinna Kalev II,4.0,1.0,,,,,,,,
Esiliiga B,,Estonia,2026-07-12,10168,24236,Luunja,Narva U21,2.0,1.0,,,,,,,,
Esiliiga B,,Estonia,2026-07-12,16962,13152,Tartu Kalev,Legion,10.0,2.0,,,,,,,,
Kakkonen - Lohko A,,Finland,2026-07-12,9179,1172,Reipas,HIFK Helsinki,1.0,1.0,,,,,,,,
Kakkonen - Lohko C,,Finland,2026-07-12,9213,9200,Kraft,VPS II,3.0,2.0,,,,,,,,
Kakkonen - Lohko C,,Finland,2026-07-12,18609,9214,SJK-juniorit,TP-47,0.0,0.0,,,,,,,,
Kakkonen - Lohko C,,Finland,2026-07-12,9201,27701,Vaajakoski,Jaro 2,5.0,2.0,,,,,,,,
2. Deild,,Iceland,2026-07-12,4172,273,Dalvík / Reynir,Fjolnir,1.0,4.0,,,,,,,,
2. Deild,,Iceland,2026-07-12,6093,828,Kormákur / Hvöt,Vikingur Olafsiik,0.0,0.0,,,,,,,,
2. Deild,,Iceland,2026-07-12,4170,18366,Kári,Fjardabyggd / Leiknir,2.0,2.0,,,,,,,,
2. Deild,,Iceland,2026-07-12,2124,2118,Magni,Haukar,2.0,5.0,,,,,,,,
2. Deild,,Iceland,2026-07-12,4171,4173,Thróttur Vogar,KFG,5.0,1.0,,,,,,,,
Úrvalsdeild,,Iceland,2026-07-12,2117,2116,Fram Reykjavik,Thor Akureyri,6.0,1.0,,,,,,,,
Úrvalsdeild,,Iceland,2026-07-12,272,827,KA Akureyri,IA Akranes,3.0,2.0,,,,,,,,
Úrvalsdeild,,Iceland,2026-07-12,271,268,KR Reykjavik,IBV Vestmannaeyjar,5.0,2.0,,,,,,,,
Premier League,,Kazakhstan,2026-07-12,562,4563,FC Astana,Aktobe,3.0,2.0,,,,,,,,
Premier League,,Kazakhstan,2026-07-12,2259,4558,FK Tobol Kostanay,Okzhetpes,3.0,1.0,,,,,,,,
Premier League,,Kazakhstan,2026-07-12,21010,4562,Ulytau,Kaisar,1.0,0.0,,,,,,,,
Cup,,Latvia,2026-07-12,14366,4138,Mārupe,Grobiņa,0.0,1.0,,,,,,,,
Cup,,Latvia,2026-07-12,4160,18834,Rīgas FS,FS Jelgava,2.0,0.0,,,,,,,,
Cup,,Latvia,2026-07-12,4153,18936,Valmiera / BSS,Ogre United,2.0,4.0,,,,,,,,
Premier League,,Lebanon,2026-07-12,4569,4567,Al Ansar,Al Ahed,3.0,3.0,,,,,,,,
A Lyga,,Lithuania,2026-07-12,18878,3858,TransINVEST Vilnius,Banga,1.0,3.0,,,,,,,,
Super Liga,,Moldova,2026-07-12,691,5375,Milsami Orhei,Dacia-Buiucani,0.0,1.0,,,,,,,,
Super Liga,,Moldova,2026-07-12,568,4633,Sheriff Tiraspol,Zimbru,4.0,2.0,,,,,,,,
Eliteserien,,Norway,2026-07-12,319,334,Brann,Start,2.0,1.0,,,,,,,,
Eliteserien,,Norway,2026-07-12,2143,327,KFUM Oslo,Bodo/Glimt,0.0,2.0,,,,,,,,
Eliteserien,,Norway,2026-07-12,331,320,Rosenborg,Kristiansund BK,3.0,0.0,,,,,,,,
Eliteserien,,Norway,2026-07-12,332,2159,Sandefjord,Ham-Kam,2.0,2.0,,,,,,,,
Eliteserien,,Norway,2026-07-12,333,759,Sarpsborg 08 FF,Viking,1.0,0.0,,,,,,,,
Division Intermedia,,Paraguay,2026-07-12,2138,23154,Guairena FC,12 de Junio VH,0.0,1.0,,,,,,,,
Division Intermedia,,Paraguay,2026-07-12,1177,17183,SOL DE America,Benjamín Aceval,1.0,1.0,,,,,,,,
Supercupa,,Romania,2026-07-12,632,2599,Universitatea Craiova,Universitatea Cluj,1.0,1.0,,,,,,,,
First League,,Russia,2026-07-12,2011,2010,Nizhny Novgorod,Rotor Volgograd,4.0,2.0,,,,,,,,
First League,,Russia,2026-07-12,1998,2012,Shinnik Yaroslavl,FC Sochi,2.0,2.0,,,,,,,,
First League,,Russia,2026-07-12,19449,6801,Spartak Kostroma,KAMAZ,3.0,1.0,,,,,,,,
Second League - Group 4,,Russia,2026-07-12,25866,27651,Chelyabinsk II,Pobeda Nizhniy Novgorod,0.0,1.0,,,,,,,,
Second League - Group 4,,Russia,2026-07-12,25867,6818,KDV,Nosta,3.0,0.0,,,,,,,,
Second League - Group 4,,Russia,2026-07-12,16858,21535,Khimik Dzerzhinsk,Akron II,2.0,0.0,,,,,,,,
Second League - Group 4,,Russia,2026-07-12,14140,12887,Krylya Sovetov II,Ural II,2.0,2.0,,,,,,,,
Second League - Group 4,,Russia,2026-07-12,14141,21032,Orenburg II,Rubin Kazan 2,0.0,0.0,,,,,,,,
K League 1,,South-Korea,2026-07-12,2766,2746,FC Seoul,Gangwon FC,0.0,0.0,,,,,,,,
K League 1,,South-Korea,2026-07-12,2763,2748,Incheon United,FC Anyang,0.0,1.0,,,,,,,,
K League 1,,South-Korea,2026-07-12,2761,2750,Jeju United FC,Daejeon Citizen,0.0,0.0,,,,,,,,
K League 2,,South-Korea,2026-07-12,2753,2751,Asan Mugunghwa,Gyeongnam FC,1.0,1.0,,,,,,,,
K League 2,,South-Korea,2026-07-12,2752,7078,Busan I Park,Gimpo Citizen,2.0,0.0,,,,,,,,
K3 League,,South-Korea,2026-07-12,7059,7064,Changwon City,Chuncheon,1.0,1.0,,,,,,,,
K3 League,,South-Korea,2026-07-12,7111,25717,Yangpyeong,Jeonbuk Motors II,5.0,2.0,,,,,,,,
K4 League,,South-Korea,2026-07-12,23089,27859,Namyangju,Haman,2.0,1.0,,,,,,,,
K4 League,,South-Korea,2026-07-12,7101,27865,Pyeongtaek Citizen,Seosan Pioneer,0.0,5.0,,,,,,,,
Allsvenskan,,Sweden,2026-07-12,2170,372,Gais,IF Elfsborg,1.0,0.0,,,,,,,,
Allsvenskan,,Sweden,2026-07-12,363,374,Hammarby FF,Kalmar FF,2.0,0.0,,,,,,,,
Allsvenskan,,Sweden,2026-07-12,371,370,IF Brommapojkarna,Sirius,1.0,2.0,,,,,,,,
Allsvenskan,,Sweden,2026-07-12,375,366,Malmo FF,IFK Goteborg,4.0,0.0,,,,,,,,
Allsvenskan,,Sweden,2026-07-12,2241,2172,Vasteras SK FK,Degerfors IF,2.0,0.0,,,,,,,,
Ligi kuu Bara,,Tanzania,2026-07-12,12199,12202,Polisi Tanzania,Tanzania Prisons,4.0,0.0,,,,,,,,
Primera División - Apertura,,Uruguay,2026-07-12,2361,2368,Boston River,Central Espanol,0.0,0.0,,,,,,,,
Primera División - Apertura,,Uruguay,2026-07-12,2358,2362,Liverpool Montevideo,Cerro,1.0,2.0,,,,,,,,
Segunda División,,Uruguay,2026-07-12,2364,2371,Atenas,Rentistas,1.0,3.0,,,,,,,,
Segunda División,,Uruguay,2026-07-12,2367,2373,Cerrito,Miramar,1.0,0.0,,,,,,,,
Segunda División,,Uruguay,2026-07-12,16740,2376,Uruguay Montevideo,Oriental,1.0,1.0,,,,,,,,
Friendlies Clubs,,World,2026-07-12,9349,12759,Altglienicke,Eintracht Mahlsdorf,3.0,0.0,,,,,,,,
Friendlies Clubs,,World,2026-07-12,1651,179,BSG Chemie Leipzig,1. FC Magdeburg,1.0,4.0,,,,,,,,
Friendlies Clubs,,World,2026-07-12,9361,9336,Bayern Alzenau,Viktoria Aschaffenburg,2.0,2.0,,,,,,,,
Friendlies Clubs,,World,2026-07-12,20033,1483,Bihor Oradea,NK Varazdin,1.0,3.0,,,,,,,,
Friendlies Clubs,,World,2026-07-12,634,857,Botev Plovdiv,Beroe,4.0,0.0,,,,,,,,
Friendlies Clubs,,World,2026-07-12,199,575,De Graafschap,AEK Athens FC,1.0,2.0,,,,,,,,
Friendlies Clubs,,World,2026-07-12,13947,16072,Eimsbütteler TV,Lübeck II,6.0,1.0,,,,,,,,
Friendlies Clubs,,World,2026-07-12,19668,14621,Essingen,Ansbach,4.0,0.0,,,,,,,,
Friendlies Clubs,,World,2026-07-12,1325,182,FC Carl Zeiss Jena,Union Berlin,2.0,0.0,,,,,,,,
Friendlies Clubs,,World,2026-07-12,423,187,FC OSS,MSV Duisburg,0.0,1.0,,,,,,,,
Friendlies Clubs,,World,2026-07-12,1620,412,FC Viktoria Köln,MVV,1.0,4.0,,,,,,,,
Friendlies Clubs,,World,2026-07-12,1122,1324,FK Jablonec,VfL Osnabrück,1.0,0.0,,,,,,,,
Friendlies Clubs,,World,2026-07-12,1332,16102,FSV Frankfurt,Rot-Weiß Walldorf,8.0,0.0,,,,,,,,
Friendlies Clubs,,World,2026-07-12,336,3403,Jagiellonia,Pafos,1.0,0.0,,,,,,,,
Friendlies Clubs,,World,2026-07-12,14726,12880,Mecklenburg Schwerin,Todesfelde,0.0,1.0,,,,,,,,
Friendlies Clubs,,World,2026-07-12,4323,7127,Parceiro Nagano,Iwaki,1.0,3.0,,,,,,,,
Friendlies Clubs,,World,2026-07-12,14754,9354,RSV Eintracht,Lichtenberg,3.0,1.0,,,,,,,,
Friendlies Clubs,,World,2026-07-12,6593,2769,Roi Et,BG Pathum United,0.0,5.0,,,,,,,,
Friendlies Clubs,,World,2026-07-12,560,3549,Slavia Praha,Ružomberok,3.0,0.0,,,,,,,,
Friendlies Clubs,,World,2026-07-12,1314,18386,SpVgg Unterhaching,Holzkirchen,2.0,9.0,,,,,,,,
Friendlies Clubs,,World,2026-07-12,9346,19721,St. Pauli II,Verden 04,5.0,5.0,,,,,,,,
Friendlies Clubs,,World,2026-07-12,12868,4674,Stuttgarter Kickers,Bayern München II,4.0,0.0,,,,,,,,
Friendlies Clubs,,World,2026-07-12,399,6068,Vendsyssel FF,Vejgaard B,3.0,1.0,,,,,,,,
Friendlies Clubs,,World,2026-07-12,22213,781,WSPG Wels,Rapid Vienna,1.0,2.0,,,,,,,,
Friendlies Clubs,,World,2026-07-12,1649,4676,Weiche Flensburg,Kolding IF,0.0,6.0,,,,,,,,
Friendlies Clubs,,World,2026-07-12,338,3489,Wisla Krakow,Podbeskidzie,0.0,1.0,,,,,,,,
Friendlies Clubs,,World,2026-07-12,6653,630,Yverdon Sport,FC Sion,1.0,3.0,,,,,,,,
Friendlies Clubs,,World,2026-07-12,596,598,Zenit,FK Crvena Zvezda,3.0,1.0,,,,,,,,
Premier Soccer League,,Zimbabwe,2026-07-12,27273,5232,Agama,Triangle United,1.0,0.0,,,,,,,,
Premier Soccer League,,Zimbabwe,2026-07-12,5223,27274,Herentals,Hardrock,0.0,2.0,,,,,,,,
Premier Soccer League,,Zimbabwe,2026-07-12,25734,5221,MWOS,Dynamos,0.0,2.0,,,,,,,,
Copa Chile,,,2026-07-11,2322,2994,San Luis,U. Catolica,4.0,0.0,,,,,,,,
Division Intermedia,,,2026-07-11,1181,23155,General Caballero,Encarnación,1.0,0.0,,,,,,,,
Friendlies Clubs,,,2026-07-11,201,419,AZ Alkmaar,Almere City FC,2.0,1.0,,,,,,,,
Friendlies Clubs,,,2026-07-11,1345,62,Chesterfield,Sheffield Utd,0.0,0.0,,,,,,,,
Friendlies Clubs,,,2026-07-11,6763,258,Cove Rangers,ST Johnstone,2.0,4.0,,,,,,,,
Friendlies Clubs,,,2026-07-11,611,348,Fenerbahçe,Pogon Szczecin,4.0,0.0,,,,,,,,
Friendlies Clubs,,,2026-07-11,209,569,Feyenoord,Club Brugge KV,3.0,1.0,,,,,,,,
Friendlies Clubs,,,2026-07-11,410,602,GO Ahead Eagles,Apollon Limassol,0.0,3.0,,,,,,,,
Friendlies Clubs,,,2026-07-11,14128,5902,Lokeren-Temse,RAAL La Louvière,2.0,3.0,,,,,,,,
Friendlies Clubs,,,2026-07-11,7744,1334,Salisbury,Bristol Rovers,2.0,3.0,,,,,,,,
Primera C,,Argentina,2026-07-11,790,1937,Central Cordoba,Atletico Atlas,0.0,1.0,,,,,,,,
Primera C,,Argentina,2026-07-11,8392,1942,Defensores de Cambaceres,Sacachispas,0.0,2.0,,,,,,,,
Primera C,,Argentina,2026-07-11,8381,1947,Deportivo Español,Canuelas,0.0,1.0,,,,,,,,
Primera C,,Argentina,2026-07-11,8394,8382,Deportivo Paraguayo,Berazategui,0.0,1.0,,,,,,,,
Primera C,,Argentina,2026-07-11,8384,1958,El Porvenir,Lujan,0.0,0.0,,,,,,,,
Primera C,,Argentina,2026-07-11,8398,8393,Yupanqui,Deportivo Muñiz,0.0,1.0,,,,,,,,
Primera Nacional,,Argentina,2026-07-11,464,8375,All Boys,Almirante Brown,1.0,1.0,,,,,,,,
Primera Nacional,,Argentina,2026-07-11,465,1954,Atletico DE Rafaela,Deportivo Maipu,1.0,3.0,,,,,,,,
Primera Nacional,,Argentina,2026-07-11,1936,466,CA Estudiantes,Atletico Mitre,3.0,0.0,,,,,,,,
Primera Nacional,,Argentina,2026-07-11,469,1929,Deportivo Moron,Deportivo Madryn,2.0,2.0,,,,,,,,
Primera Nacional,,Argentina,2026-07-11,483,16612,Los Andes,Ciudad de Bolívar,3.0,1.0,,,,,,,,
Primera Nacional,,Argentina,2026-07-11,8379,470,San Miguel,Ferro Carril Oeste,0.0,1.0,,,,,,,,
Primera Nacional,,Argentina,2026-07-11,1932,1946,San Telmo,Chaco For Ever,1.0,3.0,,,,,,,,
Primera Nacional,,Argentina,2026-07-11,1965,484,Tristan Suarez,Nueva Chicago,1.0,0.0,,,,,,,,
Torneo Federal A,,Argentina,2026-07-11,27571,789,Atletico Escobar,Douglas Haig,2.0,1.0,,,,,,,,
Torneo Federal A,,Argentina,2026-07-11,3947,1949,Juventud Unida Univ.,Cipolletti,0.0,1.0,,,,,,,,
Torneo Federal A,,Argentina,2026-07-11,475,1962,Santamarina,Alvarado,0.0,0.0,,,,,,,,
Torneo Promocional Amateur,,Argentina,2026-07-11,23106,23100,SAT Moreno,Estrella de Berisso,4.0,0.0,,,,,,,,
Torneo Promocional Amateur,,Argentina,2026-07-11,27796,27785,Uribelarrea,Alumni Los Hornos,0.0,1.0,,,,,,,,
Capital Territory NPL,,Australia,2026-07-11,1448,23516,Canberra FC,Brindabella,2.0,0.0,,,,,,,,
Capital Territory NPL,,Australia,2026-07-11,23517,18419,Canberra Juventus,O'Connor Knights,2.0,0.0,,,,,,,,
Capital Territory NPL,,Australia,2026-07-11,1450,23518,Canberra Olympic,Canberra White Eagles,2.0,1.0,,,,,,,,
Capital Territory NPL,,Australia,2026-07-11,1452,23519,Cooma Tigers FC,Queanbeyan City,2.0,2.0,,,,,,,,
Capital Territory NPL,,Australia,2026-07-11,1447,1449,Tuggeranong United,Belconnen United,1.0,0.0,,,,,,,,
NNSW League 1,,Australia,2026-07-11,23501,25461,Cessnock City Hornets,Dudley Redhead United,2.0,1.0,,,,,,,,
NNSW League 1,,Australia,2026-07-11,27618,10206,Newcastle Croatia FC,Lake Macquarie,1.0,2.0,,,,,,,,
NNSW League 1,,Australia,2026-07-11,23503,11194,Singleton Strikers,South Cardiff,1.0,0.0,,,,,,,,
NNSW League 1,,Australia,2026-07-11,23505,23506,Toronto Awaba Stags,Wallsend Red Devils,2.0,2.0,,,,,,,,
New South Wales NPL,,Australia,2026-07-11,3764,3773,APIA Leichhardt Tigers,Sydney FC U23,2.0,1.0,,,,,,,,
New South Wales NPL,,Australia,2026-07-11,3767,3771,Manly United,Sutherland Sharks,2.0,1.0,,,,,,,,
New South Wales NPL,,Australia,2026-07-11,16775,16779,NWS Spirit,St. George Saints,3.0,1.0,,,,,,,,
New South Wales NPL,,Australia,2026-07-11,16777,3765,SD Raiders,Blacktown City,1.0,3.0,,,,,,,,
New South Wales NPL,,Australia,2026-07-11,16778,22854,St George City FA,UNSW,0.0,2.0,,,,,,,,
New South Wales NPL,,Australia,2026-07-11,3774,3777,Sydney Olympic,Wollongong Wolves,3.0,2.0,,,,,,,,
New South Wales NPL 2,,Australia,2026-07-11,20791,27463,Canterbury Bankstown,Prospect United,2.0,1.0,,,,,,,,
New South Wales NPL 2,,Australia,2026-07-11,20793,20798,Dulwich Hill,Bulls Academy,3.0,5.0,,,,,,,,
New South Wales NPL 2,,Australia,2026-07-11,3766,27462,Hakoah Sydney City,Hurstville FC,1.0,1.0,,,,,,,,
New South Wales NPL 2,,Australia,2026-07-11,20795,16773,Inter Lions,Hills Brumbies,2.0,2.0,,,,,,,,
New South Wales NPL 2,,Australia,2026-07-11,16776,11187,Northern Tigers,Newcastle Jets II,2.0,2.0,,,,,,,,
New South Wales NPL 2,,Australia,2026-07-11,20797,3769,Rydalmere Lions,Mt Druitt Town,1.0,0.0,,,,,,,,
Northern NSW NPL,,Australia,2026-07-11,18313,10203,Cooks Hill United,Charlestown City Blues,4.0,0.0,,,,,,,,
Northern NSW NPL,,Australia,2026-07-11,10208,10201,Maitland,Adamstown Rosebuds,3.0,1.0,,,,,,,,
Northern NSW NPL,,Australia,2026-07-11,10209,23502,Valentine,Kahibah,3.0,2.0,,,,,,,,
Northern NSW NPL,,Australia,2026-07-11,10210,10207,Weston Bears,Lambton Jaffas,3.0,2.0,,,,,,,,
Npl Nsw U20,,Australia,2026-07-11,27801,27811,APIA Leichhardt U20,Sydney FC U20,3.0,2.0,,,,,,,,
Npl Nsw U20,,Australia,2026-07-11,27803,27810,Manly Utd U20,Sutherland Sharks U20,1.0,2.0,,,,,,,,
Npl Nsw U20,,Australia,2026-07-11,27805,27808,NWS Spirit U20,St George Saints U20,5.0,1.0,,,,,,,,
Npl Nsw U20,,Australia,2026-07-11,27807,27802,SD Raiders U20,Blacktown City U20,1.0,2.0,,,,,,,,
Npl Nsw U20,,Australia,2026-07-11,27809,27814,St. George City U20,UNSW U20,2.0,2.0,,,,,,,,
Npl Nsw U20,,Australia,2026-07-11,27812,27816,Sydney Olympic U20,Wollongong Wolves U20,0.0,5.0,,,,,,,,
Queensland NPL,,Australia,2026-07-11,22916,25449,Moreton City Excelsior,Magic United,4.0,3.0,,,,,,,,
Queensland Premier League,,Australia,2026-07-11,20850,3756,Broadbeach United,Caboolture,1.0,1.0,,,,,,,,
Queensland Premier League,,Australia,2026-07-11,11180,22895,Logan Lightning,Ipswich,3.0,2.0,,,,,,,,
Queensland Premier League,,Australia,2026-07-11,10222,10214,Redlands United,Capalaba,1.0,1.0,,,,,,,,
Queensland Premier League,,Australia,2026-07-11,9993,27512,St George Willawong,Robina City,0.0,2.0,,,,,,,,
Tasmania NPL,,Australia,2026-07-11,14099,14103,Clarence Zebras,Launceston City,1.0,2.0,,,,,,,,
Tasmania NPL,,Australia,2026-07-11,14100,27675,Devonport City,South East Utd.,2.0,0.0,,,,,,,,
Tasmania NPL,,Australia,2026-07-11,14106,23514,South Hobart,Ulverstone,2.0,0.0,,,,,,,,
Tasmania Northern Championship,,Australia,2026-07-11,23508,27750,Devonport U21,Ulverstone U21,3.0,1.0,,,,,,,,
Tasmania Northern Championship,,Australia,2026-07-11,23510,23507,Launceston United U21,Burnie Utd.,3.0,3.0,,,,,,,,
Tasmania Northern Championship,,Australia,2026-07-11,23511,23509,Northern Rangers,Launceston U21,5.0,0.0,,,,,,,,
Tasmania Northern Championship,,Australia,2026-07-11,23513,23512,Somerset,Riverside Olympic U21,1.0,0.0,,,,,,,,
Tasmania Southern Championship,,Australia,2026-07-11,23524,23523,Hobart Utd.,Hobart City,1.0,3.0,,,,,,,,
Victoria NPL,,Australia,2026-07-11,3801,3799,Dandenong Thunder,Bentleigh Greens,2.0,1.0,,,,,,,,
Victoria NPL,,Australia,2026-07-11,20783,3803,Melbourne City II,Heidelberg United,2.0,2.0,,,,,,,,
Victoria NPL 2,,Australia,2026-07-11,27511,16787,Eltham Redbacks FC,North Geelong Warriors,3.0,1.0,,,,,,,,
Victoria NPL 2,,Australia,2026-07-11,24077,16784,Melbourne Srbija,Manningham United Blues,0.0,1.0,,,,,,,,
Victoria NPL 2,,Australia,2026-07-11,3810,25418,Port Melbourne,North Sunshine Eagles,0.0,5.0,,,,,,,,
Victoria Premier League 2,,Australia,2026-07-11,27694,27693,Bayside Argonauts,Altona City,1.0,0.0,,,,,,,,
Victoria Premier League 2,,Australia,2026-07-11,27697,27698,Keilor Park,Malvern,1.0,0.0,,,,,,,,
Victoria Premier League 2,,Australia,2026-07-11,16785,27699,Moreland City,Springvale,0.0,1.0,,,,,,,,
Victoria Premier League 2,,Australia,2026-07-11,26150,16782,Nunawading,Goulburn Valley Suns,0.0,1.0,,,,,,,,
Western Australia NPL,,Australia,2026-07-11,20890,18732,Olympic Kingsway,Perth RedStar,1.0,2.0,,,,,,,,
Western Australia NPL,,Australia,2026-07-11,3823,21025,Sorrento,Fremantle City,0.0,2.0,,,,,,,,
Western Australia State League 1,,Australia,2026-07-11,3815,23531,Cockburn City,Kingsley Westside,0.0,2.0,,,,,,,,
Western Australia State League 1,,Australia,2026-07-11,25700,3817,Curtin University,Floreat Athena,0.0,4.0,,,,,,,,
Western Australia State League 1,,Australia,2026-07-11,10093,3818,Gwelup Croatia,Inglewood United,2.0,1.0,,,,,,,,
Western Australia State League 1,,Australia,2026-07-11,25701,22493,Joondalup City,Mandurah City,1.0,2.0,,,,,,,,
Western Australia State League 1,,Australia,2026-07-11,27636,23533,Quinns FC,UWA Nedlands,2.0,1.0,,,,,,,,
Western Australia State League 1,,Australia,2026-07-11,21034,23532,Subiaco,Murdoch Melville,1.0,1.0,,,,,,,,
1. Division,,Belarus,2026-07-11,23272,3387,BATE II,Lida,1.0,4.0,,,,,,,,
1. Division,,Belarus,2026-07-11,11266,379,Dinamo Minsk II,FC Slutsk,0.0,2.0,,,,,,,,
1. Division,,Belarus,2026-07-11,7798,11249,Molodechno-DYuSSh 4,Minsk II,2.0,3.0,,,,,,,,
1. Division,,Belarus,2026-07-11,3390,3393,Orsha,Smorgon,1.0,1.0,,,,,,,,
1. Division,,Belarus,2026-07-11,18857,4273,Uni Minsk,Osipovichy,1.0,0.0,,,,,,,,
Premier League,,Belarus,2026-07-11,3383,385,Baranovichi,Torpedo Zhodino,1.0,0.0,,,,,,,,
Premier League,,Belarus,2026-07-11,386,751,Dinamo Brest,Slavia Mozyr,4.0,1.0,,,,,,,,
Premier League,,Belarus,2026-07-11,389,387,FC Gomel,Neman,1.0,1.0,,,,,,,,
Premier League,,Bhutan,2026-07-11,21277,19005,Tsirang,RTC,3.0,3.0,,,,,,,,
Primera División,,Bolivia,2026-07-11,20252,22266,Real Oruro,Gualberto Villarroel SJ,3.0,1.0,,,,,,,,
Baiano - 2,,Brazil,2026-07-11,27726,23592,Barreiras FC,SSA,2.0,1.0,,,,,,,,
Baiano U20,,Brazil,2026-07-11,18326,12954,Camaçariense U20,Bahia U20,1.0,6.0,,,,,,,,
Baiano U20,,Brazil,2026-07-11,25813,13072,Fluminense de Feira U20,Vitória U20,1.0,0.0,,,,,,,,
Brasiliense U20,,Brazil,2026-07-11,18346,16737,Real Brasília U20,Planaltina DF U20,2.0,0.0,,,,,,,,
Brasiliense U20,,Brazil,2026-07-11,23616,23610,Samambaia U20,CFZ Brasilia U20,6.0,0.0,,,,,,,,
Brasiliense U20,,Brazil,2026-07-11,25933,23613,Sobradinho U20,Legiao U20,1.0,1.0,,,,,,,,
Capixaba B,,Brazil,2026-07-11,25011,15608,Tupy,Pinheiros,1.0,0.0,,,,,,,,
Catarinense U20,,Brazil,2026-07-11,12953,12999,Avaí U20,Criciuma U20,0.0,0.0,,,,,,,,
Catarinense U20,,Brazil,2026-07-11,23322,13019,Brusque U20,Joinville U20,0.0,1.0,,,,,,,,
Catarinense U20,,Brazil,2026-07-11,12995,20755,Chapecoense U20,Figueirense U20,5.0,0.0,,,,,,,,
Catarinense U20,,Brazil,2026-07-11,23325,18329,Nação U20,Concórdia U20,2.0,1.0,,,,,,,,
Cearense U20,,Brazil,2026-07-11,27677,13009,Tiangua CE U20,Fortaleza U20,0.0,3.0,,,,,,,,
Estadual Junior U20,,Brazil,2026-07-11,12962,13020,Internacional U20,Juventude U20,1.0,1.0,,,,,,,,
Maranhense - 2,,Brazil,2026-07-11,7773,27738,Cordino,Araioses,1.0,1.0,,,,,,,,
Maranhense - 2,,Brazil,2026-07-11,25044,26642,Expressinho,Lago Verde,0.0,1.0,,,,,,,,
Maranhense - 2,,Brazil,2026-07-11,12918,25045,Pinheiro,Sao Luis,1.0,1.0,,,,,,,,
Maranhense - 2,,Brazil,2026-07-11,25129,15607,Tupan,Timon MA,0.0,1.0,,,,,,,,
Mineiro - 2,,Brazil,2026-07-11,12277,13129,Ipatinga,Coimbra,3.0,2.0,,,,,,,,
Mineiro U20,,Brazil,2026-07-11,12981,23643,América Mineiro U20,Athletic Club MG U20,1.0,2.0,,,,,,,,
Mineiro U20,,Brazil,2026-07-11,23644,25889,Betim U20,Itabirito U20,3.0,1.0,,,,,,,,
Mineiro U20,,Brazil,2026-07-11,23649,27642,Minas Boca U20,Sao Joao del Rei U20,0.0,0.0,,,,,,,,
Mineiro U20,,Brazil,2026-07-11,27643,22833,Nacional de Muriae U20,Coimbra U20,1.0,2.0,,,,,,,,
Paulista - U20,,Brazil,2026-07-11,13005,12973,EC São Bernardo U20,São Paulo U20,1.0,3.0,,,,,,,,
Paulista - U20,,Brazil,2026-07-11,12968,12993,Palmeiras U20,Capivariano U20,2.0,2.0,,,,,,,,
Paulista - U20,,Brazil,2026-07-11,13055,20775,Santos U20,União Suzano U20,6.0,0.0,,,,,,,,
Paulista - U20,,Brazil,2026-07-11,13057,13015,Sertãozinho U20,Itapirense U20,2.0,1.0,,,,,,,,
Paulista Série B,,Brazil,2026-07-11,22945,27687,America SP,José Bonifácio,0.0,0.0,,,,,,,,
Paulista Série B,,Brazil,2026-07-11,18303,23575,Matonense,Flamengo SP,0.0,1.0,,,,,,,,
Paulista Série B,,Brazil,2026-07-11,23583,27686,Uniao Mogi,Itaquá Athletico Clube,1.0,4.0,,,,,,,,
Serie C,,Brazil,2026-07-11,7770,7774,Caxias,Floresta,0.0,0.0,,,,,,,,
Serie D,,Brazil,2026-07-11,1214,10677,Portuguesa,Marcílio Dias,2.0,0.0,,,,,,,,
Serie D,,Brazil,2026-07-11,7870,1194,XV de Piracicaba,Cianorte,0.0,0.0,,,,,,,,
Copa Chile,,Chile,2026-07-11,2343,2325,Deportes Copiapo,Everton de Vina,0.0,1.0,,,,,,,,
Copa Chile,,Chile,2026-07-11,2336,2329,Magallanes,A. Italiano,0.0,1.0,,,,,,,,
Copa Chile,,Chile,2026-07-11,2318,2346,Palestino,Deportes Santa Cruz,3.0,2.0,,,,,,,,
Copa Chile,,Chile,2026-07-11,,,San Luis,Universidad Católica,4.0,0.0,,,,,,,,
Segunda División,,Chile,2026-07-11,21114,21117,Concón National,Santiago City,4.0,2.0,,,,,,,,
Segunda División,,Chile,2026-07-11,5646,18775,Trasandino,Municipal Salamanca,1.0,2.0,,,,,,,,
League One,,China,2026-07-11,5652,16619,Dalian Huayi,Nanjing City,2.0,0.0,,,,,,,,
League One,,China,2026-07-11,23269,17264,Guangzhou E-Power,Hebei Kungfu,2.0,0.0,,,,,,,,
League One,,China,2026-07-11,23286,1439,Shaanxi Union,Meizhou Kejia,4.0,0.0,,,,,,,,
League One,,China,2026-07-11,17271,5688,Yanbian Longding,Suzhou Dongwu,3.0,1.0,,,,,,,,
League Two,,China,2026-07-11,25773,25779,Guangdong Mingtu,Shenzhen 2028,2.0,2.0,,,,,,,,
League Two,,China,2026-07-11,19320,25839,Shangyu Pterosaur,Chengdu Rongcheng II,1.0,1.0,,,,,,,,
Super League,,China,2026-07-11,5648,21262,Chengdu Better City,Chongqing Tongliang Long,1.0,1.0,,,,,,,,
Super League,,China,2026-07-11,5686,17265,Sichuan Jiuniu,Qingdao Youth Island,3.0,0.0,,,,,,,,
Liga Pro,,Ecuador,2026-07-11,1159,1149,Guayaquil City FC,Delfin SC,2.0,1.0,,,,,,,,
Liga Pro,,Ecuador,2026-07-11,1980,1992,Manta FC,Orense SC,0.0,0.0,,,,,,,,
Liga Pro,,Ecuador,2026-07-11,1162,1153,Mushuc Runa SC,Independiente del Valle,1.0,4.0,,,,,,,,
Liga Pro Serie B,,Ecuador,2026-07-11,25736,21103,22 de Julio,Cuniburo,0.0,1.0,,,,,,,,
Liga Pro Serie B,,Ecuador,2026-07-11,10111,1986,9 de Octubre,Gualaceo SC,0.0,0.0,,,,,,,,
Liga Pro Serie B,,Ecuador,2026-07-11,2238,27548,Ind. Juniors,Atletico FC,0.0,0.0,,,,,,,,
Liga Pro Serie B,,Ecuador,2026-07-11,23310,19414,San Antonio,Santo Domingo,1.0,1.0,,,,,,,,
Esiliiga A,,Estonia,2026-07-11,14287,3516,FC Tallinn,Elva,0.0,3.0,,,,,,,,
Esiliiga A,,Estonia,2026-07-11,3517,3529,FCI Levadia II,Tallinna Kalev,3.0,2.0,,,,,,,,
Esiliiga A,,Estonia,2026-07-11,14340,13826,Viimsi,Nõmme Kalju II,2.0,2.0,,,,,,,,
Esiliiga B,,Estonia,2026-07-11,16718,3531,JK Tabasalu,Tulevik,2.0,0.0,,,,,,,,
Meistriliiga,,Estonia,2026-07-11,10059,3526,Nõmme United,Kuressaare,3.0,2.0,,,,,,,,
Meistriliiga,,Estonia,2026-07-11,3525,3530,Vaprus,Tammeka,5.0,1.0,,,,,,,,
Kakkonen - Lohko A,,Finland,2026-07-11,2243,18667,MyPa,Union Plaani,2.0,0.0,,,,,,,,
Kakkonen - Lohko A,,Finland,2026-07-11,9178,13517,PEPO,HPS,2.0,0.0,,,,,,,,
Kakkonen - Lohko A,,Finland,2026-07-11,18596,13508,PuiU Helsinki,PPJ,4.0,1.0,,,,,,,,
Kakkonen - Lohko B,,Finland,2026-07-11,9182,9188,EPS,P-Iirot,2.0,0.0,,,,,,,,
Kakkonen - Lohko B,,Finland,2026-07-11,9177,13552,NJS,EBK,1.0,3.0,,,,,,,,
Kakkonen - Lohko C,,Finland,2026-07-11,22980,6073,Huima / Urho,JS Hercules,0.0,0.0,,,,,,,,
Veikkausliiga,,Finland,2026-07-11,2082,587,Gnistan,Mariehamn,4.0,2.0,,,,,,,,
Veikkausliiga,,Finland,2026-07-11,1166,649,Lahti,HJK Helsinki,2.0,0.0,,,,,,,,
Veikkausliiga,,Finland,2026-07-11,1168,2077,Turku PS,AC Oulu,3.0,0.0,,,,,,,,
Ykkönen,,Finland,2026-07-11,1171,18758,JJK,KuPS Akatemia,4.0,4.0,,,,,,,,
Ykkönen,,Finland,2026-07-11,10199,2244,KPV-j,TPV,1.0,3.0,,,,,,,,
Ykkönen,,Finland,2026-07-11,9203,2074,PKKU,FC jazz,2.0,1.0,,,,,,,,
Ykkönen,,Finland,2026-07-11,6075,9195,VJS,OLS,4.0,3.0,,,,,,,,
Ykkösliiga,,Finland,2026-07-11,2080,2078,Haka,EIF,3.0,1.0,,,,,,,,
Ykkösliiga,,Finland,2026-07-11,2085,9172,Klubi-04,JIPPO,0.0,2.0,,,,,,,,
Ykkösliiga,,Finland,2026-07-11,9198,9175,SJK Akatemia,MP,1.0,1.0,,,,,,,,
1. Deild,,Iceland,2026-07-11,4166,3514,Völsungur,Afturelding,1.0,6.0,,,,,,,,
2. Deild,,Iceland,2026-07-11,2115,6085,Selfoss,Hvíti riddarinn,2.0,2.0,,,,,,,,
Azadegan League,,Iran,2026-07-11,20801,22890,Ario Eslamshahr,Shenavarsazi Qeshm,1.0,1.0,,,,,,,,
Azadegan League,,Iran,2026-07-11,25364,2719,Fard Alborz,Nassaji Mazandaran,0.0,1.0,,,,,,,,
Azadegan League,,Iran,2026-07-11,15541,10399,Havadar,Naft Gachsaran,2.0,2.0,,,,,,,,
Azadegan League,,Iran,2026-07-11,10388,22236,Mes Shahr-e Babak,Mes Soongoun,0.0,0.0,,,,,,,,
Azadegan League,,Iran,2026-07-11,2726,2736,Navad Urmia,Saipa,0.0,2.0,,,,,,,,
Azadegan League,,Iran,2026-07-11,2702,7500,Pars Jonoubi JAM,Damash Gilanian,4.0,0.0,,,,,,,,
Azadegan League,,Iran,2026-07-11,2743,2718,Sanat Naft,Mes Kerman,1.0,0.0,,,,,,,,
Azadegan League,,Iran,2026-07-11,18302,7502,Shahrdari Noshahr,Niroye Zamini,1.0,1.0,,,,,,,,
Premier Division,,Ireland,2026-07-11,3851,3842,Galway United,Sligo Rovers,3.0,2.0,,,,,,,,
Premier League,,Kazakhstan,2026-07-11,4565,16611,Irtysh,Zhenys,0.0,1.0,,,,,,,,
Premier League,,Kazakhstan,2026-07-11,4552,692,Kaspiy,Ordabasy,3.0,2.0,,,,,,,,
Premier League,,Kazakhstan,2026-07-11,4560,4544,Zhetysu,Altay,0.0,1.0,,,,,,,,
1. Liga,,Latvia,2026-07-11,16835,21202,Skanste,JFK Ventspils,0.0,3.0,,,,,,,,
Cup,,Latvia,2026-07-11,4135,661,Auda,FK Liepaja,1.0,0.0,,,,,,,,
Cup,,Latvia,2026-07-11,25785,4149,Riga Mariners,BFC Daugavpils,3.0,3.0,,,,,,,,
Cup,,Latvia,2026-07-11,4144,4143,Tukums,Super Nova,1.0,2.0,,,,,,,,
A Lyga,,Lithuania,2026-07-11,3872,3874,Kauno Žalgiris,Panevėžys,3.0,0.0,,,,,,,,
Super Liga,,Moldova,2026-07-11,14008,2271,CSF Bălți,Petrocub,1.0,1.0,,,,,,,,
Super Liga,,Moldova,2026-07-11,5379,26115,Sireți,Politehnica UTM,1.0,2.0,,,,,,,,
Copa Nicaragua,,Nicaragua,2026-07-11,4644,24510,Managua,Rancho Santana,2.0,0.0,,,,,,,,
Copa Nicaragua,,Nicaragua,2026-07-11,4645,27908,Real Estelí,Xilotepelt,2.0,0.0,,,,,,,,
Eliteserien,,Norway,2026-07-11,757,329,Aalesund,Molde,2.0,2.0,,,,,,,,
Eliteserien,,Norway,2026-07-11,2149,321,Fredrikstad,Lillestrom,0.0,2.0,,,,,,,,
Eliteserien,,Norway,2026-07-11,325,326,Tromso,Valerenga,4.0,0.0,,,,,,,,
Division Intermedia,,Paraguay,2026-07-11,21374,1189,3 de Noviembre,Deportivo Santani,0.0,4.0,,,,,,,,
Division Intermedia,,Paraguay,2026-07-11,,,General Caballero,Encarnacion,1.0,0.0,,,,,,,,
Copa De La Liga,,Peru,2026-07-11,2555,2572,Sport Huancayo,Club Deportivo Los Chankas,3.0,1.0,,,,,,,,
Copa De La Liga,,Peru,2026-07-11,2546,22462,Sporting Cristal,Bentín Tacna Heroica,1.0,1.0,,,,,,,,
First League,,Russia,2026-07-11,1078,6811,FC UFA,Leningradets,3.0,0.0,,,,,,,,
First League,,Russia,2026-07-11,2001,6833,FK Neftekhimik,Veles,0.0,1.0,,,,,,,,
First League,,Russia,2026-07-11,6834,1089,Volga Ulyanovsk,Enisey,1.0,2.0,,,,,,,,
Supreme Division Women,,Russia,2026-07-11,14131,23214,CSKA Moskva W,Spartak Moskva W,3.0,1.0,,,,,,,,
Supreme Division Women,,Russia,2026-07-11,21119,16491,Krylya Sovetov W,Rubin Kazan W,2.0,0.0,,,,,,,,
Supreme Division Women,,Russia,2026-07-11,16490,14132,Rostov W,Lokomotiv Moskva W,0.0,0.0,,,,,,,,
Supreme Division Women,,Russia,2026-07-11,10921,21118,Ryazan W,Dinamo Moskva W,1.0,2.0,,,,,,,,
Supreme Division Women,,Russia,2026-07-11,14134,14133,Zenit W,Yenisey W,4.0,0.0,,,,,,,,
Supreme Division Women,,Russia,2026-07-11,16492,14135,Zvezda Perm W,Krasnodar W,2.0,1.0,,,,,,,,
League Cup,,Scotland,2026-07-11,6757,902,Annan Athletic,Ross County,1.0,4.0,,,,,,,,
League Cup,,Scotland,2026-07-11,1382,251,Dumbarton,ST Mirren,0.0,4.0,,,,,,,,
League Cup,,Scotland,2026-07-11,253,4668,Dundee,Airdrie United,4.0,2.0,,,,,,,,
League Cup,,Scotland,2026-07-11,6765,1388,East Kilbride,Dunfermline,3.0,0.0,,,,,,,,
League Cup,,Scotland,2026-07-11,6766,1389,Edinburgh City,Falkirk,0.0,5.0,,,,,,,,
League Cup,,Scotland,2026-07-11,903,6764,Inverness CT,East Fife,1.0,1.0,,,,,,,,
League Cup,,Scotland,2026-07-11,1383,6744,Morton,Linlithgow Rose,0.0,1.0,,,,,,,,
League Cup,,Scotland,2026-07-11,901,1390,Partick,Brechin,6.0,0.0,,,,,,,,
League Cup,,Scotland,2026-07-11,6777,248,Peterhead,Hamilton Academical,0.0,1.0,,,,,,,,
League Cup,,Scotland,2026-07-11,1384,6773,Queen of the South,Kelty Hearts,1.0,1.0,,,,,,,,
League Cup,,Scotland,2026-07-11,6778,6760,Queen's Park,Brora Rangers,3.0,1.0,,,,,,,,
League Cup,,Scotland,2026-07-11,1385,6767,Raith Rovers,Elgin City,3.0,1.0,,,,,,,,
League Cup,,Scotland,2026-07-11,6781,4249,Spartans,Arbroath,1.0,2.0,,,,,,,,
League Cup,,Scotland,2026-07-11,6784,4250,Stenhousemuir,Forfar Athletic,2.0,0.0,,,,,,,,
League Cup,,Scotland,2026-07-11,4669,1386,Stirling Albion,Dundee Utd,0.0,1.0,,,,,,,,
League Cup,,Scotland,2026-07-11,6785,1387,Stranraer,Ayr Utd,2.0,3.0,,,,,,,,
K League 1,,South-Korea,2026-07-11,2768,2745,Gimcheon Sangmu FC,Bucheon FC 1995,1.0,1.0,,,,,,,,
K League 1,,South-Korea,2026-07-11,2759,2764,Gwangju FC,Pohang Steelers,0.0,3.0,,,,,,,,
K League 1,,South-Korea,2026-07-11,2767,2762,Ulsan Hyundai FC,Jeonbuk Motors,1.0,3.0,,,,,,,,
K League 2,,South-Korea,2026-07-11,2758,2765,Ansan Greeners,Suwon Bluewings,2.0,1.0,,,,,,,,
K League 2,,South-Korea,2026-07-11,2747,2757,Daegu FC,Seongnam FC,3.0,2.0,,,,,,,,
K League 2,,South-Korea,2026-07-11,7087,7098,Hwaseong,Paju Citizen,1.0,2.0,,,,,,,,
K League 2,,South-Korea,2026-07-11,9171,7061,Yongin City,Cheongju,1.0,1.0,,,,,,,,
K3 League,,South-Korea,2026-07-11,7068,7083,Daejeon Korail,Gyeongju HNP,0.0,1.0,,,,,,,,
K3 League,,South-Korea,2026-07-11,18653,7099,Dangjin Citizen,Pocheon,1.0,1.0,,,,,,,,
K3 League,,South-Korea,2026-07-11,7096,7075,Mokpo City,Gangneung City,2.0,1.0,,,,,,,,
K3 League,,South-Korea,2026-07-11,7105,7056,Siheung Citizen,Busan Transportation,0.0,2.0,,,,,,,,
K4 League,,South-Korea,2026-07-11,27860,27858,Jecheon Citizen,Geumsan Insam,1.0,2.0,,,,,,,,
K4 League,,South-Korea,2026-07-11,7092,25719,Jungnang Chorus Mustang,Gijang United,3.0,0.0,,,,,,,,
K4 League,,South-Korea,2026-07-11,18656,18654,Pyeongchang United,Geoje Citizen,1.0,3.0,,,,,,,,
K4 League,,South-Korea,2026-07-11,25720,27863,Sejong SA,Jincheon,4.0,1.0,,,,,,,,
WK-League,,South-Korea,2026-07-11,14375,14377,Gyeongju W,Incheon Red Angels W,2.0,1.0,,,,,,,,
WK-League,,South-Korea,2026-07-11,14376,14373,Hwacheon KSPO W,Changnyeong W,5.0,1.0,,,,,,,,
Allsvenskan,,Sweden,2026-07-11,2240,377,Mjallby AIF,AIK Stockholm,1.0,2.0,,,,,,,,
Allsvenskan,,Sweden,2026-07-11,2166,367,Orgryte IS,BK Hacken,4.0,3.0,,,,,,,,
MLS Next Pro,,USA,2026-07-11,3986,10280,Atlanta United II,Inter Miami II,4.0,1.0,,,,,,,,
MLS Next Pro,,USA,2026-07-11,4102,10282,Colorado Rapids II,North Texas,1.0,0.0,,,,,,,,
MLS Next Pro,,USA,2026-07-11,21139,18815,Crown Legacy,New York City II,0.0,3.0,,,,,,,,
MLS Next Pro,,USA,2026-07-11,18813,18740,Houston Dynamo FC II,St. Louis City II,2.0,1.0,,,,,,,,
MLS Next Pro,,USA,2026-07-11,21141,4011,Los Angeles FC II,Portland Timbers II,0.0,0.0,,,,,,,,
MLS Next Pro,,USA,2026-07-11,4012,4028,Real Monarchs,Vancouver Whitecaps II,2.0,1.0,,,,,,,,
NWSL Women,,USA,2026-07-11,2999,3005,North Carolina Courage W,Washington Spirit W,0.0,2.0,,,,,,,,
NWSL Women,,USA,2026-07-11,18451,18450,San Diego Wave W,Angel City W,0.0,2.0,,,,,,,,
USL League One Cup,,USA,2026-07-11,25838,4009,Alta,Phoenix Rising,2.0,1.0,,,,,,,,
USL League One Cup,,USA,2026-07-11,3989,4022,Birmingham Legion,FC Tulsa,3.0,1.0,,,,,,,,
USL League One Cup,,USA,2026-07-11,27251,4015,Boise,Sacramento Republic,2.0,0.0,,,,,,,,
USL League One Cup,,USA,2026-07-11,3990,3991,Charleston Battery,Charlotte Independence,2.0,2.0,,,,,,,,
USL League One Cup,,USA,2026-07-11,4043,18905,Corpus Christi,One Knoxville,1.0,1.0,,,,,,,,
USL League One Cup,,USA,2026-07-11,3993,4003,El Paso Locomotive,New Mexico United,0.0,2.0,,,,,,,,
USL League One Cup,,USA,2026-07-11,16679,9043,Fort Wayne,Detroit City,1.0,2.0,,,,,,,,
USL League One Cup,,USA,2026-07-11,9025,10283,Forward Madison,Union Omaha,4.0,3.0,,,,,,,,
USL League One Cup,,USA,2026-07-11,9026,4024,Greenville Triumph,Richmond Kickers,1.0,2.0,,,,,,,,
USL League One Cup,,USA,2026-07-11,3995,25488,Hartford Athletic,Westchester SC,2.0,1.0,,,,,,,,
USL League One Cup,,USA,2026-07-11,4000,20808,Louisville City,Lexington,4.0,2.0,,,,,,,,
USL League One Cup,,USA,2026-07-11,18375,3998,Monterey Bay,Las Vegas Lights,2.0,3.0,,,,,,,,
USL League One Cup,,USA,2026-07-11,10874,22785,Oakland Roots,Spokane Velocity,1.0,3.0,,,,,,,,
USL League One Cup,,USA,2026-07-11,4007,3992,Orange County SC,Colorado Springs,0.0,3.0,,,,,,,,
USL League One Cup,,USA,2026-07-11,4010,3999,Pittsburgh Riverhounds,Loudoun United,2.0,0.0,,,,,,,,
USL League One Cup,,USA,2026-07-11,25486,9033,Portland Hearts of Pine,NY Cosmos,1.0,1.0,,,,,,,,
USL League One Cup,,USA,2026-07-11,22855,27252,Rhode Island,Brooklyn,1.0,1.0,,,,,,,,
USL League One Cup,,USA,2026-07-11,4017,9016,San Antonio,Chattanooga Red Wolves,2.0,0.0,,,,,,,,
USL League One Cup,,USA,2026-07-11,21289,9030,Sarasota Paradise,Miami FC,0.0,5.0,,,,,,,,
USL League One Cup,,USA,2026-07-11,4021,25485,Tampa Bay Rowdies,Naples,2.0,0.0,,,,,,,,
USL League Two,,USA,2026-07-11,9065,16680,AFC Ann Arbor,Kalamazoo FC,3.0,2.0,,,,,,,,
USL League Two,,USA,2026-07-11,4032,4056,AHFC Royals,Houston FC,3.0,3.0,,,,,,,,
USL League Two,,USA,2026-07-11,23107,4083,AMSG,Seahorses,1.0,2.0,,,,,,,,
USL League Two,,USA,2026-07-11,23109,18893,Almaden,Davis Legacy,6.0,0.0,,,,,,,,
USL League Two,,USA,2026-07-11,23971,27513,Annapolis Blues,Bethesda SC,4.0,1.0,,,,,,,,
USL League Two,,USA,2026-07-11,23111,25944,Birmingham Legion II,Montgomery United,3.0,2.0,,,,,,,,
USL League Two,,USA,2026-07-11,4034,9071,Black Rock,Boston City,1.0,1.0,,,,,,,,
USL League Two,,USA,2026-07-11,4035,18884,Boston Bolts,Blackwatch Rush,2.0,1.0,,,,,,,,
USL League Two,,USA,2026-07-11,17019,23970,Buffalo,Akron City,2.0,3.0,,,,,,,,
USL League Two,,USA,2026-07-11,10096,4067,Charlotte Independence 2,North Carolina II,3.0,1.0,,,,,,,,
USL League Two,,USA,2026-07-11,25954,23108,Colorado Storm,Albion Colorado,4.0,0.0,,,,,,,,
USL League Two,,USA,2026-07-11,23979,10097,Columbus United,East Atlanta,4.0,1.0,,,,,,,,
USL League Two,,USA,2026-07-11,10066,9047,Denton Diablos,Fort Worth Vaqueros,1.0,0.0,,,,,,,,
USL League Two,,USA,2026-07-11,4047,25950,Des Moines Menace,St. Louis Ambush,3.0,1.0,,,,,,,,
USL League Two,,USA,2026-07-11,23116,23216,Dothan United,Apotheos,3.0,0.0,,,,,,,,
USL League Two,,USA,2026-07-11,4052,23125,Flint City Bucks,Union Macomb,4.0,1.0,,,,,,,,
USL League Two,,USA,2026-07-11,23993,10094,Hickory,Asheville City,0.0,0.0,,,,,,,,
USL League Two,,USA,2026-07-11,27516,21293,Hill City,Virginia Marauders,3.0,0.0,,,,,,,,
USL League Two,,USA,2026-07-11,18896,27525,Houston Sur,San Antonio FC 2,1.0,4.0,,,,,,,,
USL League Two,,USA,2026-07-11,18897,4038,Hudson Valley Hammers,Cedar Stars Rush,2.0,2.0,,,,,,,,
USL League Two,,USA,2026-07-11,21283,4063,Ironbound,Manhattan,1.0,1.0,,,,,,,,
USL League Two,,USA,2026-07-11,4061,23114,Lionsbridge,Charlottesville Blues,1.0,2.0,,,,,,,,
USL League Two,,USA,2026-07-11,16728,16686,Lone Star II,Real Central New Jersey,0.0,1.0,,,,,,,,
USL League Two,,USA,2026-07-11,27519,23227,Lorain County Leviathan,Steel City,0.0,1.0,,,,,,,,
USL League Two,,USA,2026-07-11,27520,4049,Loudoun 2,Evergreen,2.0,1.0,,,,,,,,
USL League Two,,USA,2026-07-11,23224,24018,Lubbock Matadors,West Texas,0.0,2.0,,,,,,,,
USL League Two,,USA,2026-07-11,25943,25487,McKinney Chupacabras,Texoma,1.0,2.0,,,,,,,,
USL League Two,,USA,2026-07-11,4001,27517,Memphis 901,Jackson Boom,4.0,2.0,,,,,,,,
USL League Two,,USA,2026-07-11,9086,4099,New Jersey Copa,Westchester Flames,2.0,1.0,,,,,,,,
USL League Two,,USA,2026-07-11,18903,23119,Nona,Inter Gainesville,2.0,2.0,,,,,,,,
USL League Two,,USA,2026-07-11,4066,4097,North Carolina Fusion,Wake,1.0,0.0,,,,,,,,
USL League Two,,USA,2026-07-11,4068,27756,Ocean City Nor'easters,Eagle FC,2.0,0.0,,,,,,,,
USL League Two,,USA,2026-07-11,23825,9037,PA Classics,West Chester United,1.0,0.0,,,,,,,,
USL League Two,,USA,2026-07-11,18907,13192,Patuxent,Virginia Beach City,0.0,4.0,,,,,,,,
USL League Two,,USA,2026-07-11,10101,25949,Peoria,Springfield,5.0,1.0,,,,,,,,
USL League Two,,USA,2026-07-11,4075,4060,Reading United,Lehigh Valley United,1.0,1.0,,,,,,,,
USL League Two,,USA,2026-07-11,25946,4064,Red River,Mississippi Brilla,1.0,5.0,,,,,,,,
USL League Two,,USA,2026-07-11,21287,4093,Redlands,Ventura County Fusion,1.0,1.0,,,,,,,,
USL League Two,,USA,2026-07-11,4079,18908,San Francisco City,Project 51O,1.0,0.0,,,,,,,,
USL League Two,,USA,2026-07-11,4082,4031,Seacoast United Phantoms,AC Connecticut,0.0,1.0,,,,,,,,
USL League Two,,USA,2026-07-11,18910,27526,St. Croix,Rockford Raptors,3.0,0.0,,,,,,,,
USL League Two,,USA,2026-07-11,25951,20963,Stars FC,Capo,3.0,3.0,,,,,,,,
USL League Two,,USA,2026-07-11,23122,16682,Staten Island Athletic,Morris Elite,2.0,2.0,,,,,,,,
USL League Two,,USA,2026-07-11,23123,18889,Sueno,Chicago Dutch Lions,4.0,1.0,,,,,,,,
USL League Two,,USA,2026-07-11,4089,26805,Tobacco Road,Port City,2.0,3.0,,,,,,,,
Primera División - Apertura,,Uruguay,2026-07-11,2352,2356,Danubio,Club Nacional,0.0,0.0,,,,,,,,
Primera División - Apertura,,Uruguay,2026-07-11,2353,2365,Juventud,Atletico Torque,1.0,3.0,,,,,,,,
Primera División - Apertura,,Uruguay,2026-07-11,2360,2363,Wanderers,Progreso,2.0,0.0,,,,,,,,
Segunda División,,Uruguay,2026-07-11,2351,2355,CA River Plate,Plaza Colonia,3.0,2.0,,,,,,,,
Segunda División,,Uruguay,2026-07-11,2377,15628,Sportivo Huracan,Colón,0.0,2.0,,,,,,,,
Friendlies,,World,2026-07-11,21449,12516,China PR U17,Nigeria U17,1.0,1.0,,,,,,,,
Friendlies,,World,2026-07-11,25822,12501,Tanzania U17,Australia U17,5.0,3.0,,,,,,,,
Friendlies Clubs,,World,2026-07-11,1839,1356,AFC Fylde,Blackpool,2.0,3.0,,,,,,,,
Friendlies Clubs,,World,2026-07-11,7612,1835,AFC Totton,Sutton Utd,2.0,2.0,,,,,,,,
Friendlies Clubs,,World,2026-07-11,21595,223,AVS,Chaves,0.0,1.0,,,,,,,,
Friendlies Clubs,,World,2026-07-11,,,AZ Alkmaar,Almere City,2.0,1.0,,,,,,,,
Friendlies Clubs,,World,2026-07-11,1360,67,Accrington ST,Blackburn,0.0,0.0,,,,,,,,
Friendlies Clubs,,World,2026-07-11,6786,1993,Akron,Fakel,1.0,1.0,,,,,,,,
Friendlies Clubs,,World,2026-07-11,4677,748,Alfreton Town,Burton Albion,0.0,0.0,,,,,,,,
Friendlies Clubs,,World,2026-07-11,9349,12831,Altglienicke,Phönix Lübeck,3.0,2.0,,,,,,,,
Friendlies Clubs,,World,2026-07-11,7692,1834,Alvechurch,Solihull Moors,1.0,1.0,,,,,,,,
Friendlies Clubs,,World,2026-07-11,87,9238,Amiens,Gobelins,2.0,4.0,,,,,,,,
Friendlies Clubs,,World,2026-07-11,14619,9325,Ammerthal,Bayreuth,1.0,9.0,,,,,,,,
Friendlies Clubs,,World,2026-07-11,554,413,Anderlecht,NEC Nijmegen,3.0,2.0,,,,,,,,
Friendlies Clubs,,World,2026-07-11,14621,171,Ansbach,1. FC Nürnberg,1.0,5.0,,,,,,,,
Friendlies Clubs,,World,2026-07-11,3682,6286,Ararat,Van,2.0,2.0,,,,,,,,
Friendlies Clubs,,World,2026-07-11,344,4247,Arka Gdynia,Olimpia Grudziądz,2.0,4.0,,,,,,,,
Friendlies Clubs,,World,2026-07-11,7270,7334,Arsenal Česká Lípa,Písek,2.0,2.0,,,,,,,,
Friendlies Clubs,,World,2026-07-11,4260,9342,Atlas Delmenhorst,Havelse,2.0,3.0,,,,,,,,
Friendlies Clubs,,World,2026-07-11,9323,12735,Aubstadt,Barockstadt Fulda-Lehn.,3.0,0.0,,,,,,,,
Friendlies Clubs,,World,2026-07-11,1405,8332,Austria Klagenfurt,Voitsberg,0.0,3.0,,,,,,,,
Friendlies Clubs,,World,2026-07-11,5000,9337,Austria Salzburg,Wacker Burghausen,2.0,0.0,,,,,,,,
Friendlies Clubs,,World,2026-07-11,316,805,Avispa Fukuoka,Kitakyushu,1.0,2.0,,,,,,,,
Friendlies Clubs,,World,2026-07-11,5071,2409,BVSC,Csakvar,0.0,0.0,,,,,,,,
Friendlies Clubs,,World,2026-07-11,12699,6640,Baden,Rotkreuz,2.0,2.0,,,,,,,,
Friendlies Clubs,,World,2026-07-11,5340,668,Ballyclare Comrades,Ballymena United,0.0,2.0,,,,,,,,
Friendlies Clubs,,World,2026-07-11,19025,11118,Ballymacash Rangers,Newington Youth,1.0,2.0,,,,,,,,
Friendlies Clubs,,World,2026-07-11,7695,1336,Bamber Bridge,Fleetwood Town,0.0,5.0,,,,,,,,
Friendlies Clubs,,World,2026-07-11,14942,7291,Baník Lehota p.Vtáčnikom,Hanácká,1.0,3.0,,,,,,,,
Friendlies Clubs,,World,2026-07-11,1819,7265,Barrow,Workington,2.0,0.0,,,,,,,,
Friendlies Clubs,,World,2026-07-11,24785,14143,Barycz Sułów,Lechia Zielona Góra,1.0,2.0,,,,,,,,
Friendlies Clubs,,World,2026-07-11,7616,7214,Bedford Town,Berkhamsted,2.0,0.0,,,,,,,,
Friendlies Clubs,,World,2026-07-11,211,127,Benfica,Flamengo,1.0,2.0,,,,,,,,
Friendlies Clubs,,World,2026-07-11,229,4796,Benfica B,Sintrense,0.0,0.0,,,,,,,,
Friendlies Clubs,,World,2026-07-11,4246,14145,Bełchatów,Polonia Nysa,1.0,2.0,,,,,,,,
Friendlies Clubs,,World,2026-07-11,24426,12764,Biemenhorst,FC Bocholt,0.0,6.0,,,,,,,,
Friendlies Clubs,,World,2026-07-11,7701,4689,Bishop's Stortford,Chelmsford City,1.0,3.0,,,,,,,,
Friendlies Clubs,,World,2026-07-11,16114,1317,Bissingen,SG Sonnenhof Grossaspach,0.0,7.0,,,,,,,,
Friendlies Clubs,,World,2026-07-11,1830,38,Boreham Wood,Watford,2.0,1.0,,,,,,,,
Friendlies Clubs,,World,2026-07-11,8146,1379,Boston United,Lincoln,0.0,1.0,,,,,,,,
Friendlies Clubs,,World,2026-07-11,4359,3617,Bravo,Karpaty,0.0,1.0,,,,,,,,
Friendlies Clubs,,World,2026-07-11,1630,9338,Bremer SV,Altona 93,1.0,1.0,,,,,,,,
Friendlies Clubs,,World,2026-07-11,7704,1831,Brightlingsea Regent,Braintree,2.0,2.0,,,,,,,,
Friendlies Clubs,,World,2026-07-11,407,405,Brondby,Odense,4.0,0.0,,,,,,,,
Friendlies Clubs,,World,2026-07-11,6731,17025,Broxburn Athletic,Clydebank,1.0,2.0,,,,,,,,
Friendlies Clubs,,World,2026-07-11,6012,2065,Brønshøj,Fremad Amager,2.0,2.0,,,,,,,,
Friendlies Clubs,,World,2026-07-11,6618,6646,Bulle,Stade Nyonnais,4.0,4.0,,,,,,,,
Friendlies Clubs,,World,2026-07-11,19657,12790,Büderich,Hilden,7.0,2.0,,,,,,,,
Friendlies Clubs,,World,2026-07-11,2608,7466,CS Afumati,CSA Steaua Bucureşti,5.0,4.0,,,,,,,,
Friendlies Clubs,,World,2026-07-11,7218,1370,Cambridge City,Cambridge United,1.0,3.0,,,,,,,,
Friendlies Clubs,,World,2026-07-11,43,397,Cardiff,FC Midtjylland,0.0,6.0,,,,,,,,
Friendlies Clubs,,World,2026-07-11,20016,7738,Cardiff City U21,Poole Town,1.0,1.0,,,,,,,,
Friendlies Clubs,,World,2026-07-11,7707,4680,Carshalton Athletic,Hampton & Richmond,0.0,1.0,,,,,,,,
Friendlies Clubs,,World,2026-07-11,741,259,Cercle Brugge,Lommel United,1.0,1.0,,,,,,,,
Friendlies Clubs,,World,2026-07-11,736,93,Charleroi,Reims,2.0,2.0,,,,,,,,
Friendlies Clubs,,World,2026-07-11,1328,1635,Chemnitzer FC,FC Schweinfurt 05,4.0,0.0,,,,,,,,
Friendlies Clubs,,World,2026-07-11,851,683,Cherno More Varna,Dunav Ruse,1.0,1.0,,,,,,,,
Friendlies Clubs,,World,2026-07-11,,,Chesterfield,Sheffield United,0.0,0.0,,,,,,,,
Friendlies Clubs,,World,2026-07-11,4679,1344,Chorley,Bury,1.0,2.0,,,,,,,,
Friendlies Clubs,,World,2026-07-11,3483,3496,Chrobry Głogów,Warta Poznań,3.0,1.0,,,,,,,,
Friendlies Clubs,,World,2026-07-11,7631,1365,Cleethorpes Town,Grimsby,0.0,0.0,,,,,,,,
Friendlies Clubs,,World,2026-07-11,99,103,Clermont Foot,Orleans,1.0,0.0,,,,,,,,
Friendlies Clubs,,World,2026-07-11,669,11119,Coleraine FC,Portstewart,3.0,0.0,,,,,,,,
Friendlies Clubs,,World,2026-07-11,5611,4700,Colwyn Bay,Altrincham,2.0,2.0,,,,,,,,
Friendlies Clubs,,World,2026-07-11,1300,97,Concarneau,Lorient,1.0,2.0,,,,,,,,
Friendlies Clubs,,World,2026-07-11,,,Cove Rangers,St Johnstone,2.0,4.0,,,,,,,,
Friendlies Clubs,,World,2026-07-11,697,5355,Crusaders FC,Warrenpoint Town,2.0,0.0,,,,,,,,
Friendlies Clubs,,World,2026-07-11,1277,204,De Treffers,VVV Venlo,2.0,2.0,,,,,,,,
Friendlies Clubs,,World,2026-07-11,421,1272,Den Bosch,Quick Boys,3.0,1.0,,,,,,,,
Friendlies Clubs,,World,2026-07-11,635,2596,Dinamo Bucuresti,Farul Constanta,1.0,3.0,,,,,,,,
Friendlies Clubs,,World,2026-07-11,2393,2255,Diosgyori VTK,Ujpest,2.0,2.0,,,,,,,,
Friendlies Clubs,,World,2026-07-11,409,196,Dordrecht,Excelsior,0.0,2.0,,,,,,,,
Friendlies Clubs,,World,2026-07-11,10533,10536,Dukla Banská Bystrica,Liptovský Mikuláš,0.0,4.0,,,,,,,,
Friendlies Clubs,,World,2026-07-11,3715,8619,Dukla Praha,Sparta Praha II,4.0,2.0,,,,,,,,
Friendlies Clubs,,World,2026-07-11,2257,4501,Dunajska Streda,Hapoel Tel Aviv,0.0,1.0,,,,,,,,
Friendlies Clubs,,World,2026-07-11,5351,5353,Dungannon Swifts,Institute,3.0,1.0,,,,,,,,
Friendlies Clubs,,World,2026-07-11,183,12788,Dynamo Dresden,Hessen Kassel,3.0,0.0,,,,,,,,
Friendlies Clubs,,World,2026-07-11,14548,21511,Einheit Rudolstadt,Coburg,2.0,2.0,,,,,,,,
Friendlies Clubs,,World,2026-07-11,12757,178,Eintracht Bamberg,SpVgg Greuther Fürth,1.0,3.0,,,,,,,,
Friendlies Clubs,,World,2026-07-11,1627,1637,Eintracht Trier,Bonner SC,0.0,4.0,,,,,,,,
Friendlies Clubs,,World,2026-07-11,16108,164,Eisbachtal,FSV Mainz 05,0.0,10.0,,,,,,,,
Friendlies Clubs,,World,2026-07-11,190,7307,Erzgebirge Aue,Kladno,2.0,0.0,,,,,,,,
Friendlies Clubs,,World,2026-07-11,403,245,Esbjerg,Mafra,0.0,2.0,,,,,,,,
Friendlies Clubs,,World,2026-07-11,230,4872,Estoril,Atlético CP,3.0,0.0,,,,,,,,
Friendlies Clubs,,World,2026-07-11,7640,5610,Evesham United,Caerau (Ely),2.0,0.0,,,,,,,,
Friendlies Clubs,,World,2026-07-11,578,4715,F91 Dudelange,Excelsior Virton,4.0,0.0,,,,,,,,
Friendlies Clubs,,World,2026-07-11,551,2180,FC Basel 1893,FC Winterthur,2.0,2.0,,,,,,,,
Friendlies Clubs,,World,2026-07-11,400,404,FC Copenhagen,AC Horsens,3.0,2.0,,,,,,,,
Friendlies Clubs,,World,2026-07-11,14485,174,FC Gutersloh,FC Schalke 04,2.0,1.0,,,,,,,,
Friendlies Clubs,,World,2026-07-11,1841,1343,FC Halifax Town,Bradford,1.0,6.0,,,,,,,,
Friendlies Clubs,,World,2026-07-11,2062,8634,FC Helsingor,FA 2000,3.0,0.0,,,,,,,,
Friendlies Clubs,,World,2026-07-11,621,779,FC Krasnodar,FC Rostov,3.0,3.0,,,,,,,,
Friendlies Clubs,,World,2026-07-11,1400,1122,FC Liefering,FK Jablonec,3.0,1.0,,,,,,,,
Friendlies Clubs,,World,2026-07-11,1080,555,FC Orenburg,CSKA Moscow,2.0,0.0,,,,,,,,
Friendlies Clubs,,World,2026-07-11,1329,1331,FC Rot-Weiß Erfurt,FSV Mainz 05 II,0.0,3.0,,,,,,,,
Friendlies Clubs,,World,2026-07-11,1012,1660,FC Thun,SV Elversberg,1.0,1.0,,,,,,,,
Friendlies Clubs,,World,2026-07-11,1012,4268,FC Thun,Waldhof Mannheim,1.0,2.0,,,,,,,,
Friendlies Clubs,,World,2026-07-11,783,4269,FC Zurich,Stade Lausanne-Ouchy,1.0,2.0,,,,,,,,
Friendlies Clubs,,World,2026-07-11,1315,3735,FSV Zwickau,Ústí nad Labem,6.0,3.0,,,,,,,,
Friendlies Clubs,,World,2026-07-11,1624,9363,FV Ravensburg,Freiburg II,0.0,2.0,,,,,,,,
Friendlies Clubs,,World,2026-07-11,812,2176,Falkenbergs FF,Landskrona BoIS,1.0,2.0,,,,,,,,
Friendlies Clubs,,World,2026-07-11,242,15464,Famalicao,Famalicão U23,5.0,0.0,,,,,,,,
Friendlies Clubs,,World,2026-07-11,7715,53,Farnborough,Reading,1.0,2.0,,,,,,,,
Friendlies Clubs,,World,2026-07-11,,,Fenerbahce,Pogon Szczecin,4.0,0.0,,,,,,,,
Friendlies Clubs,,World,2026-07-11,,,Feyenoord,Club Brugge,3.0,1.0,,,,,,,,
Friendlies Clubs,,World,2026-07-11,4990,72,First Vienna,QPR,0.0,0.0,,,,,,,,
Friendlies Clubs,,World,2026-07-11,8786,1818,Fleet Town,Aldershot Town,0.0,2.0,,,,,,,,
Friendlies Clubs,,World,2026-07-11,3179,83,Fleury 91,Nantes,0.0,5.0,,,,,,,,
Friendlies Clubs,,World,2026-07-11,7716,4690,Folkestone Invicta,Dartford,0.0,0.0,,,,,,,,
Friendlies Clubs,,World,2026-07-11,205,742,Fortuna Sittard,Genk,2.0,1.0,,,,,,,,
Friendlies Clubs,,World,2026-07-11,3484,6957,GKS Katowice,Stal Rzeszów,3.0,1.0,,,,,,,,
Friendlies Clubs,,World,2026-07-11,3505,2276,Gagra,FC Urartu,2.0,2.0,,,,,,,,
Friendlies Clubs,,World,2026-07-11,7443,19794,Gala Fairydean Rovers,Pollok,3.0,1.0,,,,,,,,
Friendlies Clubs,,World,2026-07-11,631,738,Gent,SK Beveren,4.0,0.0,,,,,,,,
Friendlies Clubs,,World,2026-07-11,8653,1367,Gloucester City,Newport County,2.0,1.0,,,,,,,,
Friendlies Clubs,,World,2026-07-11,,,Go Ahead Eagles,Apollon Limassol,0.0,3.0,,,,,,,,
Friendlies Clubs,,World,2026-07-11,16259,21659,Goczałkowice Zdrój,Unia Turza Śląska,0.0,1.0,,,,,,,,
Friendlies Clubs,,World,2026-07-11,4256,1401,Grazer AK,SV Kapfenberg,1.0,0.0,,,,,,,,
Friendlies Clubs,,World,2026-07-11,16118,12820,Greifswalder FC,Neustrelitz,5.0,3.0,,,,,,,,
Friendlies Clubs,,World,2026-07-11,16118,1625,Greifswalder FC,VfB Lübeck,0.0,0.0,,,,,,,,
Friendlies Clubs,,World,2026-07-11,101,430,Grenoble,Bourg-en-bresse 01,0.0,0.0,,,,,,,,
Friendlies Clubs,,World,2026-07-11,202,208,Groningen,Emmen,3.0,2.0,,,,,,,,
Friendlies Clubs,,World,2026-07-11,224,4744,Guimaraes,Felgueiras 1932,3.0,1.0,,,,,,,,
Friendlies Clubs,,World,2026-07-11,1824,1842,Guiseley AFC,Harrogate Town,1.0,2.0,,,,,,,,
Friendlies Clubs,,World,2026-07-11,2398,4714,Gyirmot SE,Ajka,2.0,0.0,,,,,,,,
Friendlies Clubs,,World,2026-07-11,9132,21657,Górnik Polkowice,Noteć Czarnków,2.0,0.0,,,,,,,,
Friendlies Clubs,,World,2026-07-11,6941,6936,Górnik Łęczna,Chełmianka Chełm,4.0,1.0,,,,,,,,
Friendlies Clubs,,World,2026-07-11,2063,2067,HB Koge,Roskilde,1.0,0.0,,,,,,,,
Friendlies Clubs,,World,2026-07-11,9341,24431,Hannover 96 II,Verl II,8.0,0.0,,,,,,,,
Friendlies Clubs,,World,2026-07-11,1321,2072,Hansa Rostock,Hvidovre,2.0,2.0,,,,,,,,
Friendlies Clubs,,World,2026-07-11,11986,1823,Heaton Stannington,Gateshead,1.0,1.0,,,,,,,,
Friendlies Clubs,,World,2026-07-11,8660,1369,Hemel Hempstead Town,Barnet,1.0,2.0,,,,,,,,
Friendlies Clubs,,World,2026-07-11,19553,4692,Hereford Pegasus,Hereford,1.0,1.0,,,,,,,,
Friendlies Clubs,,World,2026-07-11,9353,9356,Hertha BSC II,Optik Rathenow,3.0,0.0,,,,,,,,
Friendlies Clubs,,World,2026-07-11,12786,1636,Hertha Zehlendorf,BFC Dynamo,0.0,5.0,,,,,,,,
Friendlies Clubs,,World,2026-07-11,4682,1359,Hitchin Town,Luton,0.0,5.0,,,,,,,,
Friendlies Clubs,,World,2026-07-11,408,6042,Hobro,Middelfart,4.0,0.0,,,,,,,,
Friendlies Clubs,,World,2026-07-11,1600,1051,Houston Dynamo,CD Olimpia,3.0,0.0,,,,,,,,
Friendlies Clubs,,World,2026-07-11,14495,15132,Hradec Králové II,Dukla Praha II,3.0,2.0,,,,,,,,
Friendlies Clubs,,World,2026-07-11,14068,10534,Humenné,FK Košice,0.0,1.0,,,,,,,,
Friendlies Clubs,,World,2026-07-11,6942,24323,Hutnik Kraków,Pogoń-Sokół Lubaczów,3.0,1.0,,,,,,,,
Friendlies Clubs,,World,2026-07-11,12316,1085,IMT Novi Beograd,Akhmat,0.0,1.0,,,,,,,,
Friendlies Clubs,,World,2026-07-11,10547,14943,Inter Bratislava,Baník Prievidza,4.0,0.0,,,,,,,,
Friendlies Clubs,,World,2026-07-11,7445,6755,Inverurie Loco Works,Aberdeen U21,3.0,1.0,,,,,,,,
Friendlies Clubs,,World,2026-07-11,20830,26185,Jarosław,Sokół Kolb.,1.0,1.0,,,,,,,,
Friendlies Clubs,,World,2026-07-11,418,416,Jong AZ,FC Volendam,3.0,1.0,,,,,,,,
Friendlies Clubs,,World,2026-07-11,6943,17403,KSZO 1929,Czarni Połaniec,1.0,1.0,,,,,,,,
Friendlies Clubs,,World,2026-07-11,5844,19045,Kabouters Opglabbeek,KRC Genk II,0.0,7.0,,,,,,,,
Friendlies Clubs,,World,2026-07-11,1237,10320,Katwijk,Sparta Rotterdam II,1.0,1.0,,,,,,,,
Friendlies Clubs,,World,2026-07-11,1628,26166,Kickers Offenbach,Karlsruhe II,2.0,1.0,,,,,,,,
Friendlies Clubs,,World,2026-07-11,2394,2410,Kisvarda FC,Kazincbarcikai,1.0,0.0,,,,,,,,
Friendlies Clubs,,World,2026-07-11,12806,12901,Kluczbork,Ślęza Wrocław,5.0,1.0,,,,,,,,
Friendlies Clubs,,World,2026-07-11,17398,12815,Kluczevia Stargard,Miedź Legnica II,1.0,2.0,,,,,,,,
Friendlies Clubs,,World,2026-07-11,10535,4134,Komárno,Pohronie,5.0,0.0,,,,,,,,
Friendlies Clubs,,World,2026-07-11,12807,9331,Kottern,Memmingen,0.0,1.0,,,,,,,,
Friendlies Clubs,,World,2026-07-11,1242,417,Kozakken Boys,Waalwijk,0.0,0.0,,,,,,,,
Friendlies Clubs,,World,2026-07-11,9371,9362,Köln II,FC Gießen,6.0,1.0,,,,,,,,
Friendlies Clubs,,World,2026-07-11,2256,3340,Laci,Vora,4.0,1.0,,,,,,,,
Friendlies Clubs,,World,2026-07-11,14717,9330,Landsberg,Illertissen,3.0,2.0,,,,,,,,
Friendlies Clubs,,World,2026-07-11,1014,10586,Lausanne,Breitenrain,2.0,1.0,,,,,,,,
Friendlies Clubs,,World,2026-07-11,1014,1015,Lausanne,Neuchatel Xamax FC,1.0,2.0,,,,,,,,
Friendlies Clubs,,World,2026-07-11,3069,89,Le Puy Foot,Dijon,1.0,1.0,,,,,,,,
Friendlies Clubs,,World,2026-07-11,8656,1342,Leamington,Walsall,0.0,0.0,,,,,,,,
Friendlies Clubs,,World,2026-07-11,4696,8659,Leatherhead,Dorking Wanderers,3.0,2.0,,,,,,,,
Friendlies Clubs,,World,2026-07-11,347,3714,Lech Poznan,Bohemians 1905,4.0,0.0,,,,,,,,
Friendlies Clubs,,World,2026-07-11,16238,21660,Lechia T. Mazowiecki,Star Starachowice,1.0,3.0,,,,,,,,
Friendlies Clubs,,World,2026-07-11,46,1337,Leicester,Northampton,3.0,0.0,,,,,,,,
Friendlies Clubs,,World,2026-07-11,539,537,Levante,Leganes,2.0,1.0,,,,,,,,
Friendlies Clubs,,World,2026-07-11,11114,5339,Limavady United,Ballinamallard United,0.0,0.0,,,,,,,,
Friendlies Clubs,,World,2026-07-11,583,252,Linfield,Aberdeen,0.0,2.0,,,,,,,,
Friendlies Clubs,,World,2026-07-11,17162,21953,Livyi Bereh,Kudrivka,4.0,0.0,,,,,,,,
Friendlies Clubs,,World,2026-07-11,,,Lokeren-Temse,RAAL La Louviere,2.0,3.0,,,,,,,,
Friendlies Clubs,,World,2026-07-11,597,6786,Lokomotiv,Akron,3.0,0.0,,,,,,,,
Friendlies Clubs,,World,2026-07-11,597,558,Lokomotiv,Spartak Moscow,2.0,0.0,,,,,,,,
Friendlies Clubs,,World,2026-07-11,1420,1418,Lokomotiv G. Oryahovitsa,Spartak Pleven,2.0,1.0,,,,,,,,
Friendlies Clubs,,World,2026-07-11,1416,3320,Lokomotiv Sofia,Teuta Durrës,0.0,0.0,,,,,,,,
Friendlies Clubs,,World,2026-07-11,9355,159,Lokomotive Leipzig,Hertha BSC,1.0,3.0,,,,,,,,
Friendlies Clubs,,World,2026-07-11,10549,14122,Lokomotíva Košice,Kisvárda II,0.0,0.0,,,,,,,,
Friendlies Clubs,,World,2026-07-11,8856,7741,Long Eaton United,Redditch United,2.0,2.0,,,,,,,,
Friendlies Clubs,,World,2026-07-11,8859,68,Longridge Town,Bolton,0.0,4.0,,,,,,,,
Friendlies Clubs,,World,2026-07-11,1605,2287,Los Angeles Galaxy,Club America,1.0,0.0,,,,,,,,
Friendlies Clubs,,World,2026-07-11,12323,2637,Loznica,Macva,0.0,0.0,,,,,,,,
Friendlies Clubs,,World,2026-07-11,80,1011,Lyon,FC ST. Gallen,6.0,3.0,,,,,,,,
Friendlies Clubs,,World,2026-07-11,2396,4374,MTK Budapest,Koper,1.0,3.0,,,,,,,,
Friendlies Clubs,,World,2026-07-11,2396,17161,MTK Budapest,LNZ Cherkasy,0.0,4.0,,,,,,,,
Friendlies Clubs,,World,2026-07-11,21525,9339,Magdeburg II,HSC Hannover,1.0,1.0,,,,,,,,
Friendlies Clubs,,World,2026-07-11,1825,8664,Maidstone Utd,Welling United,4.0,1.0,,,,,,,,
Friendlies Clubs,,World,2026-07-11,7241,1377,Melksham Town,Yeovil Town,1.0,4.0,,,,,,,,
Friendlies Clubs,,World,2026-07-11,112,2030,Metz,Racing FC Union Luxembourg,2.0,1.0,,,,,,,,
Friendlies Clubs,,World,2026-07-11,112,3131,Metz,Versailles,1.0,1.0,,,,,,,,
Friendlies Clubs,,World,2026-07-11,2389,2403,Mezokovesd-zsory,Nyiregyhaza,0.0,2.0,,,,,,,,
Friendlies Clubs,,World,2026-07-11,640,3726,Mlada Boleslav,Táborsko,3.0,0.0,,,,,,,,
Friendlies Clubs,,World,2026-07-11,2411,576,Monori Se,Budapest Honved,0.0,6.0,,,,,,,,
Friendlies Clubs,,World,2026-07-11,82,9930,Montpellier,Aubagne,3.0,2.0,,,,,,,,
Friendlies Clubs,,World,2026-07-11,27390,26184,Moravia Morawica,Naprzód,1.0,1.0,,,,,,,,
Friendlies Clubs,,World,2026-07-11,7660,7740,Mossley,Radcliffe,1.0,0.0,,,,,,,,
Friendlies Clubs,,World,2026-07-11,14562,16239,Motor Lublin,Polonia Warszawa,2.0,1.0,,,,,,,,
Friendlies Clubs,,World,2026-07-11,19618,16234,Mławianka Mława,Błonianka Błonie,5.0,2.0,,,,,,,,
Friendlies Clubs,,World,2026-07-11,4376,573,Nafta,FK Partizan,1.0,4.0,,,,,,,,
Friendlies Clubs,,World,2026-07-11,102,110,Nancy,Estac Troyes,1.0,3.0,,,,,,,,
Friendlies Clubs,,World,2026-07-11,2655,3359,Napredak,Radnik Bijeljina,0.0,1.0,,,,,,,,
Friendlies Clubs,,World,2026-07-11,22538,669,Newbuildings United,Coleraine FC,2.0,5.0,,,,,,,,
Friendlies Clubs,,World,2026-07-11,19257,1327,Normannia Gmünd,VfR Aalen,1.0,2.0,,,,,,,,
Friendlies Clubs,,World,2026-07-11,71,1361,Norwich,Colchester,0.0,0.0,,,,,,,,
Friendlies Clubs,,World,2026-07-11,14061,3553,Nové Zámky,Zlaté Moravce,1.0,1.0,,,,,,,,
Friendlies Clubs,,World,2026-07-11,6945,18385,Olimpia Elbląg,Gedania Gdansk,4.0,0.0,,,,,,,,
Friendlies Clubs,,World,2026-07-11,14588,2604,Olimpic Zărneşti,Metaloglobus,2.0,3.0,,,,,,,,
Friendlies Clubs,,World,2026-07-11,677,17161,Olimpija Ljubljana,LNZ Cherkasy,0.0,1.0,,,,,,,,
Friendlies Clubs,,World,2026-07-11,553,260,Olympiakos Piraeus,OH Leuven,1.0,1.0,,,,,,,,
Friendlies Clubs,,World,2026-07-11,3717,12835,Opava,Polonia Bytom,3.0,2.0,,,,,,,,
Friendlies Clubs,,World,2026-07-11,376,365,Ostersunds FK,Orebro SK,2.0,4.0,,,,,,,,
Friendlies Clubs,,World,2026-07-11,6886,22000,Oţelul,FC Bacau,3.0,1.0,,,,,,,,
Friendlies Clubs,,World,2026-07-11,619,415,PAOK,Twente,2.0,3.0,,,,,,,,
Friendlies Clubs,,World,2026-07-11,193,2871,PEC Zwolle,Al-Jazira,0.0,1.0,,,,,,,,
Friendlies Clubs,,World,2026-07-11,197,3491,PSV Eindhoven,Raków Częstochowa,3.0,2.0,,,,,,,,
Friendlies Clubs,,World,2026-07-11,2390,2420,Paks,Kozarmisleny FC,0.0,3.0,,,,,,,,
Friendlies Clubs,,World,2026-07-11,617,1013,Panathinaikos,Grasshoppers,3.0,0.0,,,,,,,,
Friendlies Clubs,,World,2026-07-11,12829,16239,Pelikan Łowicz,Polonia Warszawa,0.0,1.0,,,,,,,,
Friendlies Clubs,,World,2026-07-11,8899,1357,Plymouth Parkway,Plymouth,1.0,4.0,,,,,,,,
Friendlies Clubs,,World,2026-07-11,3548,10538,Podbrezová,Petržalka,0.0,3.0,,,,,,,,
Friendlies Clubs,,World,2026-07-11,14750,6947,Pogoń Grod. Mazowiecki,Pogoń Siedlce,2.0,2.0,,,,,,,,
Friendlies Clubs,,World,2026-07-11,24326,16250,Polonia Słubice,Mieszko Gniezno,3.0,1.0,,,,,,,,
Friendlies Clubs,,World,2026-07-11,658,22039,Progres Niederkorn,Thionville Lusitanos,0.0,5.0,,,,,,,,
Friendlies Clubs,,World,2026-07-11,2391,1394,Puskas Academy,FC BW Linz,1.0,1.0,,,,,,,,
Friendlies Clubs,,World,2026-07-11,6473,362,Pwllheli,Llandudno,0.0,2.0,,,,,,,,
Friendlies Clubs,,World,2026-07-11,5349,11112,Queen's University,Bangor,5.0,2.0,,,,,,,,
Friendlies Clubs,,World,2026-07-11,794,134,RB Bragantino,Atletico Paranaense,2.0,1.0,,,,,,,,
Friendlies Clubs,,World,2026-07-11,14754,12876,RSV Eintracht,Tennis Borussia,3.0,1.0,,,,,,,,
Friendlies Clubs,,World,2026-07-11,548,1297,Real Sociedad,PAU,0.0,1.0,,,,,,,,
Friendlies Clubs,,World,2026-07-11,8908,7690,Redbridge,AFC Hornchurch,0.0,3.0,,,,,,,,
Friendlies Clubs,,World,2026-07-11,6950,19728,Rekord Bielsko-Biała,Wiślanie Jaśkowice,1.0,1.0,,,,,,,,
Friendlies Clubs,,World,2026-07-11,6951,16267,Resovia Rzeszów,Korona Kielce II,5.0,0.0,,,,,,,,
Friendlies Clubs,,World,2026-07-11,8547,1415,Rilski Sportist,CSKA Sofia II,0.0,2.0,,,,,,,,
Friendlies Clubs,,World,2026-07-11,226,240,Rio Ave,Arouca,2.0,1.0,,,,,,,,
Friendlies Clubs,,World,2026-07-11,1621,14523,Rot-Weiß Essen,SW Essen,5.0,1.0,,,,,,,,
Friendlies Clubs,,World,2026-07-11,1658,9340,Rot-weiss Oberhausen,Hamburger SV II,5.0,2.0,,,,,,,,
Friendlies Clubs,,World,2026-07-11,1083,1079,Rubin,Krylia Sovetov,2.0,0.0,,,,,,,,
Friendlies Clubs,,World,2026-07-11,7666,7754,Runcorn Linnets,United of Manchester,0.0,4.0,,,,,,,,
Friendlies Clubs,,World,2026-07-11,2186,12708,SC Kriens,Schötz,3.0,1.0,,,,,,,,
Friendlies Clubs,,World,2026-07-11,2186,6652,SC Kriens,YF Juventus,1.0,1.0,,,,,,,,
Friendlies Clubs,,World,2026-07-11,12846,9364,SGV Freiberg,Hoffenheim II,1.0,6.0,,,,,,,,
Friendlies Clubs,,World,2026-07-11,1622,186,SV Babelsberg 03,FC St. Pauli,1.0,4.0,,,,,,,,
Friendlies Clubs,,World,2026-07-11,1623,12890,SV Drochtersen/Assel,Victoria Hamburg,4.0,0.0,,,,,,,,
Friendlies Clubs,,World,2026-07-11,1646,1631,SV Eichede,Eintracht Norderstedt,0.0,5.0,,,,,,,,
Friendlies Clubs,,World,2026-07-11,1063,12700,Saint Etienne,Biel-Bienne,2.0,2.0,,,,,,,,
Friendlies Clubs,,World,2026-07-11,,,Salisbury,Bristol Rvs,2.0,3.0,,,,,,,,
Friendlies Clubs,,World,2026-07-11,3492,3487,Sandecja Nowy Sącz,Nieciecza,1.0,2.0,,,,,,,,
Friendlies Clubs,,World,2026-07-11,26198,20087,Sardarapat,Syunik,1.0,1.0,,,,,,,,
Friendlies Clubs,,World,2026-07-11,8259,4945,Schwarz-Weiß Bregenz,Hohenems,1.0,0.0,,,,,,,,
Friendlies Clubs,,World,2026-07-11,19475,161,Schöningen,VfL Wolfsburg,2.0,8.0,,,,,,,,
Friendlies Clubs,,World,2026-07-11,2184,6654,Servette FC,Étoile Carouge,1.0,2.0,,,,,,,,
Friendlies Clubs,,World,2026-07-11,536,15359,Sevilla,Juventud Torremolinos,1.0,0.0,,,,,,,,
Friendlies Clubs,,World,2026-07-11,74,60,Sheffield Wednesday,West Brom,0.0,3.0,,,,,,,,
Friendlies Clubs,,World,2026-07-11,7668,1836,Sholing,Woking,1.0,2.0,,,,,,,,
Friendlies Clubs,,World,2026-07-11,2073,2069,Silkeborg,Thisted FC,6.0,0.0,,,,,,,,
Friendlies Clubs,,World,2026-07-11,337,3488,Slask Wroclaw,Odra Opole,0.0,0.0,,,,,,,,
Friendlies Clubs,,World,2026-07-11,560,656,Slavia Praha,Slovan Bratislava,0.0,1.0,,,,,,,,
Friendlies Clubs,,World,2026-07-11,8618,12900,Slavia Praha II,Śląsk Wrocław II,2.0,1.0,,,,,,,,
Friendlies Clubs,,World,2026-07-11,854,1424,Slavia Sofia,Montana,7.0,2.0,,,,,,,,
Friendlies Clubs,,World,2026-07-11,3719,2414,Slovácko,Zalaegerszegi TE,3.0,3.0,,,,,,,,
Friendlies Clubs,,World,2026-07-11,628,293,Sparta Praha,Gamba Osaka,3.0,0.0,,,,,,,,
Friendlies Clubs,,World,2026-07-11,426,427,Sparta Rotterdam,Telstar,1.0,0.0,,,,,,,,
Friendlies Clubs,,World,2026-07-11,4660,1427,Spartak Varna,Dobrudzha,7.0,3.0,,,,,,,,
Friendlies Clubs,,World,2026-07-11,10555,10537,Spišská Nová Ves,Partizán Bardejov,0.0,2.0,,,,,,,,
Friendlies Clubs,,World,2026-07-11,20870,1314,Sportfreunde Schwaig,SpVgg Unterhaching,2.0,0.0,,,,,,,,
Friendlies Clubs,,World,2026-07-11,13935,1648,Sportfreunde Siegen,TuS Koblenz,0.0,1.0,,,,,,,,
Friendlies Clubs,,World,2026-07-11,5931,266,Sporting Hasselt,KV Mechelen,1.0,2.0,,,,,,,,
Friendlies Clubs,,World,2026-07-11,8550,5025,Sportist Svoge,Vihren,0.0,2.0,,,,,,,,
Friendlies Clubs,,World,2026-07-11,3493,3490,Stal Mielec,Puszcza Niepołomice,1.0,4.0,,,,,,,,
Friendlies Clubs,,World,2026-07-11,6958,16264,Stal Stalowa Wola,Avia Świdnik,2.0,2.0,,,,,,,,
Friendlies Clubs,,World,2026-07-11,733,5805,Standard Liege,Francs Borains,1.0,0.0,,,,,,,,
Friendlies Clubs,,World,2026-07-11,637,282,Sturm Graz,Sanfrecce Hiroshima,4.0,1.0,,,,,,,,
Friendlies Clubs,,World,2026-07-11,1656,1326,TSV Steinbach,Fortuna Köln,3.0,2.0,,,,,,,,
Friendlies Clubs,,World,2026-07-11,7752,8986,Tamworth,Walton & Hersham,2.0,1.0,,,,,,,,
Friendlies Clubs,,World,2026-07-11,8662,7618,Tonbridge Angels,Biggleswade,1.0,0.0,,,,,,,,
Friendlies Clubs,,World,2026-07-11,15602,6728,Tranent Juniors,Auchinleck Talbot,0.0,3.0,,,,,,,,
Friendlies Clubs,,World,2026-07-11,3495,8622,Tychy 71,Sigma Olomouc II,2.0,1.0,,,,,,,,
Friendlies Clubs,,World,2026-07-11,3727,7368,Třinec,Unie Hlubina,2.0,3.0,,,,,,,,
Friendlies Clubs,,World,2026-07-11,22912,12809,Union Klosterfelde,Luckenwalde,3.0,2.0,,,,,,,,
Friendlies Clubs,,World,2026-07-11,1393,406,Union St. Gilloise,Aarhus,2.0,1.0,,,,,,,,
Friendlies Clubs,,World,2026-07-11,2540,1125,Universitario,Millonarios,2.0,0.0,,,,,,,,
Friendlies Clubs,,World,2026-07-11,16375,12712,Uzwil,Dietikon,3.0,4.0,,,,,,,,
Friendlies Clubs,,World,2026-07-11,6065,2064,Vanløse,Nykobing FC,1.0,2.0,,,,,,,,
Friendlies Clubs,,World,2026-07-11,2171,2173,Varbergs BoIS FC,Norrby IF,4.0,2.0,,,,,,,,
Friendlies Clubs,,World,2026-07-11,675,5111,Vasas,Kecskeméti TE,5.0,1.0,,,,,,,,
Friendlies Clubs,,World,2026-07-11,8981,1820,Vauxhall Motors,Chester,0.0,2.0,,,,,,,,
Friendlies Clubs,,World,2026-07-11,395,6026,Vejle,Hillerød,1.0,1.0,,,,,,,,
Friendlies Clubs,,World,2026-07-11,9347,12897,VfB Oldenburg,Wiedenbrück,1.0,0.0,,,,,,,,
Friendlies Clubs,,World,2026-07-11,176,740,VfL Bochum,Antwerp,1.0,0.0,,,,,,,,
Friendlies Clubs,,World,2026-07-11,2070,1376,Viborg,Notts County,2.0,0.0,,,,,,,,
Friendlies Clubs,,World,2026-07-11,3729,7269,Viktoria Žižkov,Aritma Praha,1.0,0.0,,,,,,,,
Friendlies Clubs,,World,2026-07-11,12893,19228,Vilzing,Gebenbach,1.0,2.0,,,,,,,,
Friendlies Clubs,,World,2026-07-11,200,9367,Vitesse,Borussia Dortmund II,1.0,0.0,,,,,,,,
Friendlies Clubs,,World,2026-07-11,3730,7312,Vlašim,Králův Dvůr,4.0,0.0,,,,,,,,
Friendlies Clubs,,World,2026-07-11,3731,7376,Vysočina Jihlava,Vrchovina,8.0,0.0,,,,,,,,
Friendlies Clubs,,World,2026-07-11,16263,17401,Warta Gorzów,Carina Gubin,1.0,1.0,,,,,,,,
Friendlies Clubs,,World,2026-07-11,19619,6938,Warta Sieradz,Elana Toruń,3.0,4.0,,,,,,,,
Friendlies Clubs,,World,2026-07-11,14148,739,Wegberg-Beeck,AS Eupen,0.0,1.0,,,,,,,,
Friendlies Clubs,,World,2026-07-11,26178,8621,Widzew II,Baník Ostrava II,1.0,4.0,,,,,,,,
Friendlies Clubs,,World,2026-07-11,13941,1655,Wilhelmshaven,SSV Jeddeloh,1.0,5.0,,,,,,,,
Friendlies Clubs,,World,2026-07-11,195,422,Willem II,FC Eindhoven,2.0,2.0,,,,,,,,
Friendlies Clubs,,World,2026-07-11,338,1837,Wisla Krakow,Wrexham,0.0,0.0,,,,,,,,
Friendlies Clubs,,World,2026-07-11,341,3713,Wisla Plock,Baník Ostrava,2.0,2.0,,,,,,,,
Friendlies Clubs,,World,2026-07-11,24324,12834,Wisła Kraków II,Podhale Nowy Targ,2.0,0.0,,,,,,,,
Friendlies Clubs,,World,2026-07-11,23046,6934,Wisła Płock II,Chemik Bydgoszcz,0.0,1.0,,,,,,,,
Friendlies Clubs,,World,2026-07-11,16274,6955,Wisłoka Dębica,Siarka Tarnobrzeg,0.0,0.0,,,,,,,,
Friendlies Clubs,,World,2026-07-11,7760,1363,Witton Albion,Crewe,2.0,3.0,,,,,,,,
Friendlies Clubs,,World,2026-07-11,7266,7236,Worksop Town,Ilkeston Town,3.0,1.0,,,,,,,,
Friendlies Clubs,,World,2026-07-11,1358,1840,Wycombe,Ebbsfleet United,4.0,0.0,,,,,,,,
Friendlies Clubs,,World,2026-07-11,784,1629,Würzburger Kickers,SG Wattenscheid 09,4.0,1.0,,,,,,,,
Friendlies Clubs,,World,2026-07-11,7762,361,Yate Town,Barry Town,0.0,1.0,,,,,,,,
Friendlies Clubs,,World,2026-07-11,1828,747,York,Barnsley,2.0,1.0,,,,,,,,
Friendlies Clubs,,World,2026-07-11,9358,1618,ZFC Meuselwitz,BFC Preussen,1.0,0.0,,,,,,,,
Friendlies Clubs,,World,2026-07-11,342,12801,Zaglebie Sosnowiec,Kalisz,3.0,0.0,,,,,,,,
Friendlies Clubs,,World,2026-07-11,6963,17402,Zagłębie Lubin II,Karkonosze Jelenia Góra,0.0,4.0,,,,,,,,
Friendlies Clubs,,World,2026-07-11,13843,17397,Zawisza Bydgoszcz,ŁKS Łódź II,2.0,1.0,,,,,,,,
Friendlies Clubs,,World,2026-07-11,3552,6486,Zemplín Michalovce,Bukovyna,1.0,1.0,,,,,,,,
Friendlies Clubs,,World,2026-07-11,600,6489,Zulte Waregem,Kryvbas KR,2.0,1.0,,,,,,,,
Friendlies Clubs,,World,2026-07-11,24194,7282,Ústí nad Labem II,Chomutov,1.0,5.0,,,,,,,,
Friendlies Clubs,,World,2026-07-11,3498,6961,ŁKS Łódź,Unia Skierniewice,2.0,2.0,,,,,,,,
Friendlies Clubs,,World,2026-07-11,12902,16246,Świt Skolwin,Flota Świnoujście,3.0,2.0,,,,,,,,
Friendlies Clubs,,World,2026-07-11,10546,15134,Žilina II,Karviná II,3.0,0.0,,,,,,,,
Friendlies Women,,World,2026-07-11,19417,18262,Egypt W,Senegal W,1.0,0.0,,,,,,,,
UEFA U19 Championship,,World,2026-07-11,10349,10336,Spain U19,Germany U19,2.0,0.0,,,,,,,,
World Cup,,World,2026-07-11,26,15,Argentina,Switzerland,3.0,1.0,,,,,,,,
World Cup,,World,2026-07-11,1090,10,Norway,England,1.0,2.0,,,,,,,,
Premier Soccer League,,Zimbabwe,2026-07-11,5218,5229,CAPS United,Ngezi Platinum,0.0,0.0,,,,,,,,
Premier Soccer League,,Zimbabwe,2026-07-11,5220,5227,Chicken Inn,Manica Diamonds,2.0,1.0,,,,,,,,
Premier Soccer League,,Zimbabwe,2026-07-11,5226,27275,Kariba,Hunters,1.0,1.0,,,,,,,,
Premier Soccer League,,Zimbabwe,2026-07-11,5230,5224,Platinum,Highlanders,1.0,1.0,,,,,,,,
Premier Soccer League,,Zimbabwe,2026-07-11,21055,5217,Simba Bhora,Bulawayo Chiefs,2.0,0.0,,,,,,,,
Liga Pro,,,2026-07-10,,,Técnico Universitario,Macara,0.0,2.0,,,,,,,,
Primera B Metropolitana,,Argentina,2026-07-10,2430,8376,Argentino de Merlo,Argentino Quilmes,3.0,0.0,,,,,,,,
Primera B Metropolitana,,Argentina,2026-07-10,459,1945,Arsenal Sarandi,Defensores Unidos,3.0,1.0,,,,,,,,
Primera B Metropolitana,,Argentina,2026-07-10,468,8386,Brown DE Adrogue,Ituzaingó,0.0,0.0,,,,,,,,
Primera B Metropolitana,,Argentina,2026-07-10,1924,2427,Deportivo Laferrere,Deportivo Armenio,1.0,1.0,,,,,,,,
Primera B Metropolitana,,Argentina,2026-07-10,8385,8008,Excursionistas,Comunicaciones,1.0,2.0,,,,,,,,
Primera B Metropolitana,,Argentina,2026-07-10,8395,8388,Liniers,Sportivo Italiano,0.0,1.0,,,,,,,,
Primera B Metropolitana,,Argentina,2026-07-10,2422,3943,Real Pilar,Deportivo Camioneros,2.0,1.0,,,,,,,,
Primera B Metropolitana,,Argentina,2026-07-10,1927,471,Talleres Remedios,Flandria,1.0,1.0,,,,,,,,
Primera B Metropolitana,,Argentina,2026-07-10,1956,8383,UAI Urquiza,Deportivo Merlo,0.0,0.0,,,,,,,,
Primera B Metropolitana,,Argentina,2026-07-10,481,2429,Villa Dalmine,Dock Sud,2.0,1.0,,,,,,,,
Primera B Metropolitana,,Argentina,2026-07-10,8380,8387,Villa San Carlos,San Martín Burzaco,0.0,0.0,,,,,,,,
Reserve League,,Argentina,2026-07-10,18695,18694,River Plate Res.,Racing Club Res.,1.0,2.0,,,,,,,,
Torneo Promocional Amateur,,Argentina,2026-07-10,23104,23097,Nautico Hacoaj,Defensores Glew,0.0,0.0,,,,,,,,
New South Wales NPL 2,,Australia,2026-07-10,20796,20790,Macarthur Rams,Bankstown City Lions,1.0,1.0,,,,,,,,
Queensland NPL,,Australia,2026-07-10,10212,11182,Brisbane Roar II,Rochedale Rovers,4.0,1.0,,,,,,,,
Queensland NPL,,Australia,2026-07-10,10221,11184,Peninsula Power,WDSC Wolves,0.0,0.0,,,,,,,,
Queensland Premier League,,Australia,2026-07-10,11178,9992,Holland Park Hawks,North Star,0.0,0.0,,,,,,,,
Tasmania NPL,,Australia,2026-07-10,14101,14102,Glenorchy Knights,Kingborough Lions,0.0,2.0,,,,,,,,
Tasmania NPL,,Australia,2026-07-10,21047,14105,Launceston United,Riverside,0.0,1.0,,,,,,,,
Tasmania Southern Championship,,Australia,2026-07-10,23522,14104,Glenorchy Knights U21,Olympia Warriors,0.0,3.0,,,,,,,,
Tasmania Southern Championship,,Australia,2026-07-10,23525,23527,New Town,South Hobart II,0.0,3.0,,,,,,,,
Victoria NPL,,Australia,2026-07-10,3800,3811,Dandenong City,South Melbourne,0.0,2.0,,,,,,,,
Victoria NPL,,Australia,2026-07-10,3802,3797,Green Gully,Altona Magic,1.0,3.0,,,,,,,,
Victoria NPL,,Australia,2026-07-10,3808,3798,Oakleigh Cannons,Avondale,2.0,0.0,,,,,,,,
Victoria NPL,,Australia,2026-07-10,19705,3804,Preston Lions,Hume City,2.0,1.0,,,,,,,,
Victoria NPL 2,,Australia,2026-07-10,27510,20784,Brunswick Juventus FC,Western United II,5.0,4.0,,,,,,,,
Victoria NPL 2,,Australia,2026-07-10,16783,22823,Langwarrin,Melbourne Victory II,3.0,3.0,,,,,,,,
Victoria NPL 2,,Australia,2026-07-10,16788,3807,Northcote City,Melbourne Knights,0.0,1.0,,,,,,,,
Victoria Premier League 2,,Australia,2026-07-10,9977,16789,Eastern Lions,Werribee City,2.0,1.0,,,,,,,,
Victoria Premier League 2,,Australia,2026-07-10,27696,27695,Essendon Royals SC,Box Hill,3.0,2.0,,,,,,,,
Victoria Premier League 2,,Australia,2026-07-10,27700,3806,Whittlesea United,Kingston City,1.0,1.0,,,,,,,,
1. Division,,Belarus,2026-07-10,13149,2433,Ostrovets FC,FC Energetik-Bgu Minsk,1.0,1.0,,,,,,,,
1. Division,,Belarus,2026-07-10,3392,16656,Slonim,Niva,2.0,2.0,,,,,,,,
Premier League,,Belarus,2026-07-10,384,380,FC Dnepr Mogilev,FC Minsk,1.0,2.0,,,,,,,,
Cearense U20,,Brazil,2026-07-10,16471,23727,Floresta CE U20,Horizonte U20,2.0,1.0,,,,,,,,
Mineiro U20,,Brazil,2026-07-10,20758,25892,Inter de Minas U20,Villa Real U20,3.0,1.0,,,,,,,,
Paulista - U20,,Brazil,2026-07-10,12987,27797,Botafogo SP U20,SC Paulinense SP U20,1.0,1.0,,,,,,,,
Paulista - U20,,Brazil,2026-07-10,13012,13026,Guarani U20,Mauá U20,2.0,1.0,,,,,,,,
Paulista - U20,,Brazil,2026-07-10,13016,23475,Ituano U20,Gremio Prudente U20,0.0,3.0,,,,,,,,
Paulista - U20,,Brazil,2026-07-10,13021,13059,Juventus U20,São Bento U20,3.0,1.0,,,,,,,,
Paulista - U20,,Brazil,2026-07-10,13027,18344,Mirassol U20,Portuguesa Santista U20,1.0,1.0,,,,,,,,
Paulista - U20,,Brazil,2026-07-10,13044,13006,Ponte Preta U20,Ferroviária U20,0.0,2.0,,,,,,,,
Paulista - U20,,Brazil,2026-07-10,13054,23466,Santo André U20,Bandeirante U20,2.0,1.0,,,,,,,,
Paulista - U20,,Brazil,2026-07-10,22848,13007,Sfera U20,Flamengo SP U20,5.0,0.0,,,,,,,,
Paulista - U20,,Brazil,2026-07-10,13063,13037,Tanabi SP U20,Osasco Audax U20,0.0,3.0,,,,,,,,
Paulista - U20,,Brazil,2026-07-10,18356,23465,União São João U20,Aguai U20,1.0,2.0,,,,,,,,
Paulista - U20,,Brazil,2026-07-10,13069,13061,Velo Clube U20,São Caetano U20,2.0,2.0,,,,,,,,
Serie B,,Brazil,2026-07-10,152,142,Juventude,Vila Nova,1.0,0.0,,,,,,,,
Serie B,,Brazil,2026-07-10,123,2618,Sport Recife,Botafogo SP,3.0,3.0,,,,,,,,
Super League,,China,2026-07-10,844,21265,Shandong Luneng,Yunnan Yukun,4.0,3.0,,,,,,,,
Liga Pro,,Ecuador,2026-07-10,19034,1157,Leones del Norte,Universidad Catolica,1.0,0.0,,,,,,,,
Liga Pro,,Ecuador,2026-07-10,1151,1155,Tecnico Universitario,Macara,0.0,2.0,,,,,,,,
Meistriliiga,,Estonia,2026-07-10,18657,2274,Laagri,Trans Narva,3.0,0.0,,,,,,,,
Kakkonen - Lohko A,,Finland,2026-07-10,10667,9174,Atlantis,Kiffen,3.0,5.0,,,,,,,,
Kakkonen - Lohko B,,Finland,2026-07-10,13494,9185,ÅIFK,Ilves II,1.0,1.0,,,,,,,,
Kakkonen - Lohko C,,Finland,2026-07-10,9191,9192,GBK,JBK,2.0,0.0,,,,,,,,
Veikkausliiga,,Finland,2026-07-10,650,689,VPS,SJK,1.0,0.0,,,,,,,,
Ykkönen,,Finland,2026-07-10,18518,1167,Inter Turku II,Rops,0.0,2.0,,,,,,,,
Ykkönen,,Finland,2026-07-10,9190,9189,Tampere United,SalPa,0.0,1.0,,,,,,,,
Ykkösliiga,,Finland,2026-07-10,2076,9173,Kooteepee,JäPS,4.0,1.0,,,,,,,,
Ykkösliiga,,Finland,2026-07-10,10669,9187,PK-35,KäPa,3.0,1.0,,,,,,,,
1. Deild,,Iceland,2026-07-10,2122,829,IR Reykjavik,Throttur Reykjavik,1.0,1.0,,,,,,,,
1. Deild,,Iceland,2026-07-10,2114,2121,Leiknir R.,Grotta,0.0,1.0,,,,,,,,
1. Deild,,Iceland,2026-07-10,2123,277,Njardvik,Grindavik,5.0,4.0,,,,,,,,
1. Deild,,Iceland,2026-07-10,4167,2113,Ægir,HK Kopavogur,3.0,4.0,,,,,,,,
First Division,,Ireland,2026-07-10,3846,3849,Athlone Town,Cobh Ramblers,2.0,0.0,,,,,,,,
First Division,,Ireland,2026-07-10,3847,3844,Bray Wanderers,UCD,6.0,0.0,,,,,,,,
First Division,,Ireland,2026-07-10,653,3853,Cork City,Longford Town,3.0,4.0,,,,,,,,
First Division,,Ireland,2026-07-10,3841,16498,Finn Harps,Treaty United,0.0,1.0,,,,,,,,
First Division,,Ireland,2026-07-10,3855,11328,Wexford,Kerry,2.0,2.0,,,,,,,,
Premier Division,,Ireland,2026-07-10,584,3850,Dundalk,Drogheda United,1.0,2.0,,,,,,,,
Premier Division,,Ireland,2026-07-10,3845,3843,Waterford,St Patrick's Athl.,1.0,1.0,,,,,,,,
1. Division,,Kazakhstan,2026-07-10,4551,4556,Ekibastuz,Sport Academy Kairat,2.0,4.0,,,,,,,,
1. Division,,Kazakhstan,2026-07-10,27633,4559,Kaspij Aktau 2,Taraz,1.0,0.0,,,,,,,,
1. Division,,Kazakhstan,2026-07-10,4566,21502,Shakhter Karagandy,Turan Turkistan,1.0,0.0,,,,,,,,
1. Division,,Kazakhstan,2026-07-10,27635,4548,Yelimay Semey 2,Astana II,2.0,1.0,,,,,,,,
Premier League,,Kyrgyzstan,2026-07-10,8022,27550,Alay,Toktogul,1.0,0.0,,,,,,,,
Premier League,,Kyrgyzstan,2026-07-10,25764,25765,Asiagoal,Bars,3.0,7.0,,,,,,,,
Premier League,,Kyrgyzstan,2026-07-10,25766,21167,Bishkek City,Muras United,1.0,5.0,,,,,,,,
Premier League,,Kyrgyzstan,2026-07-10,12236,25767,Ilbirs,Ozgon,0.0,1.0,,,,,,,,
Cup,,Latvia,2026-07-10,23266,10124,Leevon / PPK,Riga,2.0,3.0,,,,,,,,
Cup,,Latvia,2026-07-10,4159,16836,Metta / LU,Spēks,3.0,1.0,,,,,,,,
Premier League,,Lebanon,2026-07-10,4572,4577,Racing,Tadamon Sour,1.0,3.0,,,,,,,,
Premiership Women,,Northern-Ireland,2026-07-10,21486,23261,Cliftonville W,Lisburn Ladies W,3.0,4.0,,,,,,,,
Premiership Women,,Northern-Ireland,2026-07-10,10918,16840,Linfield W,Glentoran BU W,2.0,2.0,,,,,,,,
Division Intermedia,,Paraguay,2026-07-10,2130,27627,Fernando De La Mora,Paraguari AC,2.0,2.0,,,,,,,,
Division Intermedia,,Paraguay,2026-07-10,2135,20786,Resistencia,Sportivo Carapeguá,1.0,1.0,,,,,,,,
Copa De La Liga,,Peru,2026-07-10,2560,2556,Alianza Atletico,Molinos El Pirata,3.0,2.0,,,,,,,,
Copa De La Liga,,Peru,2026-07-10,2562,10492,Cienciano,ADT,2.0,3.0,,,,,,,,
Copa De La Liga,,Peru,2026-07-10,2544,10494,Sport Boys,Comerciantes,1.0,0.0,,,,,,,,
Youth Championship,,Russia,2026-07-10,27473,7996,Almaz Antey U19,Spartak Moskva U19,3.0,3.0,,,,,,,,
Youth Championship,,Russia,2026-07-10,7951,7941,CSKA Moskva U19,Zenit U19,1.0,0.0,,,,,,,,
Youth Championship,,Russia,2026-07-10,15176,7985,Chertanovo U20,Krasnodar U19,1.0,3.0,,,,,,,,
Youth Championship,,Russia,2026-07-10,19295,9231,Fakel U19,Ural U20,3.0,2.0,,,,,,,,
Youth Championship,,Russia,2026-07-10,7910,15175,Lokomotiv Moskva U19,Akademiya Konoplev U20,1.0,1.0,,,,,,,,
Youth Championship,,Russia,2026-07-10,17151,27236,Nizhny Novgorod U19,Dynamo Makhachkala U19,3.0,2.0,,,,,,,,
Youth Championship,,Russia,2026-07-10,27237,16595,Rodina Moscow U19,Rostov U19,5.0,1.0,,,,,,,,
Youth Championship,,Russia,2026-07-10,9226,16594,Rubin Kazan U20,Dinamo Moskva U19,1.0,3.0,,,,,,,,
K League 2,,South-Korea,2026-07-10,7060,7076,Cheonan City,Gimhae City,0.0,1.0,,,,,,,,
K League 2,,South-Korea,2026-07-10,2756,2760,Suwon City FC,Jeonnam Dragons,5.0,0.0,,,,,,,,
K3 League,,South-Korea,2026-07-10,7108,7112,Ulsan Citizen,Yeoju Sejong,1.0,0.0,,,,,,,,
WK-League,,South-Korea,2026-07-10,14374,14372,Gumi Sportstoto W,Boeun Sangmu W,0.0,1.0,,,,,,,,
WK-League,,South-Korea,2026-07-10,14378,14379,Seoul W,Suwon FMC W,0.0,3.0,,,,,,,,
NWSL Women,,USA,2026-07-10,27377,2997,Boston Legacy W,Chicago Red Stars W,2.0,0.0,,,,,,,,
NWSL Women,,USA,2026-07-10,3000,16487,Orlando Pride W,Kansas City W,3.0,0.0,,,,,,,,
NWSL Women,,USA,2026-07-10,16488,22943,Racing Louisville W,Bay FC W,0.0,2.0,,,,,,,,
NWSL Women,,USA,2026-07-10,3004,3003,Utah Royals W,NJ/NY Gotham FC W,1.0,3.0,,,,,,,,
USL League Two,,USA,2026-07-10,4051,27518,FC Miami City,Lakeland United,0.0,2.0,,,,,,,,
USL League Two,,USA,2026-07-10,18894,4062,FC Motown II,Long Island Rough Riders,4.0,2.0,,,,,,,,
USL League Two,,USA,2026-07-10,23117,9029,Hattiesburg,Little Rock Rangers,2.0,2.0,,,,,,,,
USL League Two,,USA,2026-07-10,10100,18901,Oakland County,Midwest United,2.0,5.0,,,,,,,,
USL League Two,,USA,2026-07-10,25947,24029,Santafé Wanderers,Sunflower State,3.0,2.0,,,,,,,,
USL League Two,,USA,2026-07-10,4109,20963,Tucson,Capo,2.0,1.0,,,,,,,,
USL League Two,,USA,2026-07-10,23128,25948,West Seattle Junction,Snohomish United,3.0,5.0,,,,,,,,
USL League Two,,USA,2026-07-10,4100,18912,Western Mass Pioneers,Vermont Green,2.0,4.0,,,,,,,,
Primera División - Apertura,,Uruguay,2026-07-10,2370,2378,Deportivo Maldonado,Albion FC,1.0,1.0,,,,,,,,
Friendlies Clubs,,World,2026-07-10,180,606,1. FC Heidenheim,FC Lugano,0.0,1.0,,,,,,,,
Friendlies Clubs,,World,2026-07-10,20000,7761,AFC Bournemouth U21,Worthing,2.0,2.0,,,,,,,,
Friendlies Clubs,,World,2026-07-10,7691,16990,AFC Rushden & Diamonds,Milton Keynes Irish,2.0,2.0,,,,,,,,
Friendlies Clubs,,World,2026-07-10,194,614,Ajax,AEK Larnaca,1.0,0.0,,,,,,,,
Friendlies Clubs,,World,2026-07-10,2592,2616,Arges Pitesti,CSM Ramnicu Valcea,1.0,1.0,,,,,,,,
Friendlies Clubs,,World,2026-07-10,11110,2266,Armagh City,Cliftonville FC,0.0,1.0,,,,,,,,
Friendlies Clubs,,World,2026-07-10,2312,2281,Atlante FC,Toluca,3.0,3.0,,,,,,,,
Friendlies Clubs,,World,2026-07-10,2283,2291,Atlas,Puebla,3.0,4.0,,,,,,,,
Friendlies Clubs,,World,2026-07-10,2314,2299,Atletico San Luis,Mineros de Zacatecas,4.0,0.0,,,,,,,,
Friendlies Clubs,,World,2026-07-10,1399,2177,Austria Lustenau,FC Aarau,1.0,0.0,,,,,,,,
Friendlies Clubs,,World,2026-07-10,7207,7727,Aveley,Leiston,2.0,4.0,,,,,,,,
Friendlies Clubs,,World,2026-07-10,7698,8670,Basford United,AFC Mansfield,2.0,2.0,,,,,,,,
Friendlies Clubs,,World,2026-07-10,54,37,Birmingham,Huddersfield,3.0,1.0,,,,,,,,
Friendlies Clubs,,World,2026-07-10,859,1430,Botev Vratsa,Arda Kardzhali,1.0,0.0,,,,,,,,
Friendlies Clubs,,World,2026-07-10,8719,7757,Bridlington Town,Whitby Town,2.0,2.0,,,,,,,,
Friendlies Clubs,,World,2026-07-10,7706,7693,Buxton,Ashton United,1.0,0.0,,,,,,,,
Friendlies Clubs,,World,2026-07-10,420,414,Cambuur,Roda,2.0,1.0,,,,,,,,
Friendlies Clubs,,World,2026-07-10,3615,3625,Chornomorets,Inhulets,1.0,0.0,,,,,,,,
Friendlies Clubs,,World,2026-07-10,8745,4687,Clevedon Town,Weston-super-Mare,1.0,1.0,,,,,,,,
Friendlies Clubs,,World,2026-07-10,13947,16083,Eimsbütteler TV,Sasel,6.0,4.0,,,,,,,,
Friendlies Clubs,,World,2026-07-10,7714,1373,Enfield Town,Leyton Orient,1.0,4.0,,,,,,,,
Friendlies Clubs,,World,2026-07-10,8776,7680,Erith & Belvedere,Whitstable Town,1.0,4.0,,,,,,,,
Friendlies Clubs,,World,2026-07-10,12764,27324,FC Bocholt,TuS Hordel,4.0,0.0,,,,,,,,
Friendlies Clubs,,World,2026-07-10,2242,44,FC Cincinnati,Burnley,3.0,1.0,,,,,,,,
Friendlies Clubs,,World,2026-07-10,398,340,FC Nordsjaelland,Gornik Zabrze,0.0,2.0,,,,,,,,
Friendlies Clubs,,World,2026-07-10,398,3723,FC Nordsjaelland,Hradec Králové,0.0,3.0,,,,,,,,
Friendlies Clubs,,World,2026-07-10,1329,9332,FC Rot-Weiß Erfurt,Nürnberg II,0.0,0.0,,,,,,,,
Friendlies Clubs,,World,2026-07-10,2179,644,FC WIL 1900,FC Luzern,0.0,2.0,,,,,,,,
Friendlies Clubs,,World,2026-07-10,783,115,FC Zurich,Sochaux,1.0,2.0,,,,,,,,
Friendlies Clubs,,World,2026-07-10,8366,2860,Fach-Donaufeld,Austria Vienna (Am),1.0,1.0,,,,,,,,
Friendlies Clubs,,World,2026-07-10,610,2395,Fehérvár FC,Szombathelyi Haladas,3.0,0.0,,,,,,,,
Friendlies Clubs,,World,2026-07-10,5805,5770,Francs Borains,Crossing Schaerbeek,5.0,2.0,,,,,,,,
Friendlies Clubs,,World,2026-07-10,4940,8367,Gleisdorf 09,Favoritner AC,2.0,5.0,,,,,,,,
Friendlies Clubs,,World,2026-07-10,7646,19549,Harlow Town,Buckhurst Hill,0.0,2.0,,,,,,,,
Friendlies Clubs,,World,2026-07-10,191,396,Holstein Kiel,Sonderjyske,2.0,1.0,,,,,,,,
Friendlies Clubs,,World,2026-07-10,7723,1822,Horsham,Eastleigh,3.0,2.0,,,,,,,,
Friendlies Clubs,,World,2026-07-10,3716,14062,Karviná,Považská Bystrica,2.0,0.0,,,,,,,,
Friendlies Clubs,,World,2026-07-10,12804,1313,Kickers Emden,Preußen Münster,1.0,5.0,,,,,,,,
Friendlies Clubs,,World,2026-07-10,21953,26190,Kudrivka,Rebel,2.0,1.0,,,,,,,,
Friendlies Clubs,,World,2026-07-10,339,655,Legia Warszawa,AS Trencin,1.0,0.0,,,,,,,,
Friendlies Clubs,,World,2026-07-10,4951,1395,Leobendorf,Floridsdorfer AC,1.0,3.0,,,,,,,,
Friendlies Clubs,,World,2026-07-10,7652,1379,Lincoln United,Lincoln,2.0,1.0,,,,,,,,
Friendlies Clubs,,World,2026-07-10,255,254,Livingston,Heart Of Midlothian,2.0,1.0,,,,,,,,
Friendlies Clubs,,World,2026-07-10,566,856,Ludogorets,Septemvri Sofia,1.0,0.0,,,,,,,,
Friendlies Clubs,,World,2026-07-10,566,3320,Ludogorets,Teuta Durrës,1.0,0.0,,,,,,,,
Friendlies Clubs,,World,2026-07-10,19693,24786,Luzino,Grom Nowy Staw,0.0,2.0,,,,,,,,
Friendlies Clubs,,World,2026-07-10,1838,1348,Maidenhead,Milton Keynes Dons,1.0,4.0,,,,,,,,
Friendlies Clubs,,World,2026-07-10,4952,8247,Mannsdorf-Großenzersdorf,Rapid Wien II,2.0,2.0,,,,,,,,
Friendlies Clubs,,World,2026-07-10,552,1335,Maribor,Charlton,1.0,1.0,,,,,,,,
Friendlies Clubs,,World,2026-07-10,7732,2202,Merthyr Town,Cambrian & Clydach,4.0,2.0,,,,,,,,
Friendlies Clubs,,World,2026-07-10,6875,2582,Metalul Buzău,Dunarea Calarasi,0.0,0.0,,,,,,,,
Friendlies Clubs,,World,2026-07-10,8873,7622,Mildenhall Town,Bury Town,1.0,4.0,,,,,,,,
Friendlies Clubs,,World,2026-07-10,11117,668,Moyola Park,Ballymena United,1.0,3.0,,,,,,,,
Friendlies Clubs,,World,2026-07-10,1017,573,NK Lokomotiva Zagreb,FK Partizan,2.0,2.0,,,,,,,,
Friendlies Clubs,,World,2026-07-10,1018,2392,NK Slaven Belupo,Debreceni VSC,0.0,1.0,,,,,,,,
Friendlies Clubs,,World,2026-07-10,3630,21957,Obolon'-Brovar,UCSA,0.0,0.0,,,,,,,,
Friendlies Clubs,,World,2026-07-10,2174,625,Osters IF,Lyngby,0.0,3.0,,,,,,,,
Friendlies Clubs,,World,2026-07-10,12013,73,Parkgate,Rotherham,0.0,1.0,,,,,,,,
Friendlies Clubs,,World,2026-07-10,7244,8147,Paulton Rovers,Chippenham Town,1.0,2.0,,,,,,,,
Friendlies Clubs,,World,2026-07-10,2598,2590,Petrolul Ploiesti,ASA Targu Mures,1.0,1.0,,,,,,,,
Friendlies Clubs,,World,2026-07-10,15023,7363,Piešťany,Strání,4.0,3.0,,,,,,,,
Friendlies Clubs,,World,2026-07-10,567,565,Plzen,BSC Young Boys,3.0,5.0,,,,,,,,
Friendlies Clubs,,World,2026-07-10,16269,14144,Podlasie Biała Podlaska,Orlęta Radzyń Podlaski,5.0,1.0,,,,,,,,
Friendlies Clubs,,World,2026-07-10,2254,2270,Radnicki NIS,Neftchi Baku,0.0,3.0,,,,,,,,
Friendlies Clubs,,World,2026-07-10,4248,572,Radomiak Radom,Dynamo Kyiv,2.0,4.0,,,,,,,,
Friendlies Clubs,,World,2026-07-10,4378,1483,Radomlje,NK Varazdin,0.0,1.0,,,,,,,,
Friendlies Clubs,,World,2026-07-10,1028,564,Ried,Başakşehir,1.0,1.0,,,,,,,,
Friendlies Clubs,,World,2026-07-10,1301,1305,Rodez,Bastia,5.0,3.0,,,,,,,,
Friendlies Clubs,,World,2026-07-10,618,660,SCR Altach,FC Vaduz,1.0,0.0,,,,,,,,
Friendlies Clubs,,World,2026-07-10,1404,4257,SKU Amstetten,Artis,2.0,2.0,,,,,,,,
Friendlies Clubs,,World,2026-07-10,1655,1318,SSV Jeddeloh,SV Meppen,1.0,4.0,,,,,,,,
Friendlies Clubs,,World,2026-07-10,1652,4262,SSV Ulm 1846,Eichstätt,4.0,3.0,,,,,,,,
Friendlies Clubs,,World,2026-07-10,16087,4259,SV Breinig,Alemannia Aachen,0.0,5.0,,,,,,,,
Friendlies Clubs,,World,2026-07-10,189,745,SV Sandhausen,1. FC Kaiserslautern,3.0,5.0,,,,,,,,
Friendlies Clubs,,World,2026-07-10,22910,7288,Sparta Katowice,Frýdek-Místek,2.0,0.0,,,,,,,,
Friendlies Clubs,,World,2026-07-10,1120,7291,Spartak Trnava,Hanácká,1.0,3.0,,,,,,,,
Friendlies Clubs,,World,2026-07-10,1120,10545,Spartak Trnava,Šamorín,2.0,2.0,,,,,,,,
Friendlies Clubs,,World,2026-07-10,75,217,Stoke City,SC Braga,0.0,1.0,,,,,,,,
Friendlies Clubs,,World,2026-07-10,8251,4366,Sturm Graz II,Beltinci,2.0,3.0,,,,,,,,
Friendlies Clubs,,World,2026-07-10,16257,17399,Unia Swarzędz,Pogoń Nowe Skalmierzyce,2.0,0.0,,,,,,,,
Friendlies Clubs,,World,2026-07-10,6501,3627,Veres Rivne,Kolos Kovalivka,2.0,3.0,,,,,,,,
Friendlies Clubs,,World,2026-07-10,12889,4268,VfR Mannheim,Waldhof Mannheim,0.0,2.0,,,,,,,,
Friendlies Clubs,,World,2026-07-10,1398,6496,WSG Wattens,Polessya,1.0,2.0,,,,,,,,
Friendlies Clubs,,World,2026-07-10,4996,19310,Weiz,Köflach,1.0,1.0,,,,,,,,
Friendlies Clubs,,World,2026-07-10,6962,549,Widzew Łódź,Beşiktaş,2.0,0.0,,,,,,,,
Friendlies Clubs,,World,2026-07-10,17115,6953,Wieczysta Kraków,Ruch Chorzów,2.0,0.0,,,,,,,,
Friendlies Clubs,,World,2026-07-10,4966,1406,Wiener Viktoria,SK Vorwarts Steyr,1.0,1.0,,,,,,,,
Friendlies Clubs,,World,2026-07-10,1025,3628,Wolfsberger AC,Metalist 1925 Kharkiv,3.0,3.0,,,,,,,,
Friendlies Clubs,,World,2026-07-10,9010,8870,Worcester City,Malvern Town,0.0,0.0,,,,,,,,
Friendlies Clubs,,World,2026-07-10,8528,21836,Yantra 2019,Fratria,1.0,1.0,,,,,,,,
Friendlies Clubs,,World,2026-07-10,603,10533,Zlin,Dukla Banská Bystrica,2.0,1.0,,,,,,,,
Friendlies Clubs,,World,2026-07-10,6964,3482,Znicz Pruszków,Chojniczanka Chojnice,1.0,2.0,,,,,,,,
UEFA U19 Championship - Women,,World,2026-07-10,19063,19066,Germany U19 W,Spain U19 W,0.0,1.0,,,,,,,,
World Cup,,World,2026-07-10,9,1,Spain,Belgium,2.0,1.0,,,,,,,,
Premier Soccer League,,Zimbabwe,2026-07-10,25735,5231,Scotland Mabvuku,TelOne,2.0,0.0,,,,,,,,
World Cup,,,2026-07-09,,,France,Morocco,2.0,0.0,5.0,5.0,0.0,1.0,0.0,0.0,22.0,5.0
World Cup,,,2026-07-07,,,Argentina,Egypt,3.0,2.0,6.0,1.0,0.0,4.0,0.0,0.0,19.0,5.0
World Cup,,,2026-07-07,,,Switzerland,Colombia,1.0,0.0,3.0,7.0,3.0,2.0,0.0,0.0,7.0,15.0
World Cup,,,2026-07-07,,,USA,Belgium,1.0,4.0,3.0,5.0,2.0,0.0,0.0,0.0,7.0,15.0
World Cup,,,2026-07-06,,,Mexico,England,2.0,3.0,12.0,2.0,2.0,4.0,0.0,1.0,20.0,6.0
World Cup,,,2026-07-06,,,Portugal,Spain,0.0,1.0,3.0,7.0,2.0,1.0,0.0,0.0,10.0,15.0
World Cup,,,2026-07-05,,,Brazil,Norway,1.0,2.0,5.0,5.0,1.0,0.0,0.0,0.0,14.0,9.0
World Cup,,,2026-07-04,,,Canada,Morocco,0.0,3.0,11.0,1.0,4.0,4.0,0.0,0.0,10.0,5.0
World Cup,,,2026-07-04,,,Colombia,Ghana,1.0,0.0,3.0,2.0,2.0,3.0,0.0,0.0,20.0,8.0
World Cup,,,2026-07-04,,,Paraguay,France,0.0,1.0,2.0,12.0,0.0,3.0,0.0,0.0,5.0,15.0
World Cup,,,2026-07-03,,,Argentina,Cape Verde,1.0,1.0,8.0,8.0,1.0,1.0,0.0,0.0,22.0,16.0
World Cup,,,2026-07-03,,,Australia,Egypt,1.0,1.0,4.0,7.0,0.0,2.0,0.0,0.0,16.0,14.0
World Cup,,,2026-07-03,,,Portugal,Croatia,2.0,1.0,9.0,5.0,1.0,2.0,0.0,0.0,15.0,13.0
World Cup,,,2026-07-03,,,Switzerland,Algeria,2.0,0.0,4.0,2.0,0.0,2.0,0.0,0.0,11.0,8.0
World Cup,,,2026-07-02,,,Spain,Austria,3.0,0.0,9.0,0.0,0.0,1.0,0.0,0.0,23.0,5.0
World Cup,,,2026-07-02,,,USA,Bosnia & Herzegovina,2.0,0.0,4.0,3.0,0.0,1.0,1.0,0.0,8.0,10.0
World Cup,,,2026-07-01,,,Belgium,Senegal,2.0,2.0,4.0,2.0,1.0,1.0,0.0,0.0,19.0,19.0
World Cup,,,2026-07-01,,,England,D.R. Congo,2.0,1.0,5.0,3.0,1.0,1.0,0.0,0.0,16.0,7.0
World Cup,,,2026-07-01,,,Mexico,Ecuador,2.0,0.0,3.0,8.0,0.0,3.0,0.0,1.0,15.0,7.0
