League,LeagueId,Country,Round,EsEliminatoria,Date,HomeTeamId,AwayTeamId,HomeTeam,AwayTeam,FTHG,FTAG,HTHG,HTAG,HC,AC,HY,AY,HR,AR,HS,AS,Referee
Serie A,71.0,,,False,2024-10-31,895.0,487.0,Como,Lazio,1.0,5.0,,,3.0,5.0,2.0,5.0,1.0,1.0,14.0,14.0,Desconocido
Serie A,71.0,,,False,2024-10-31,495.0,502.0,Genoa,Fiorentina,0.0,1.0,,,4.0,4.0,4.0,2.0,0.0,0.0,14.0,12.0,Desconocido
Serie A,71.0,,,False,2024-10-31,,503.0,Roma,Torino,1.0,0.0,,,3.0,5.0,2.0,2.0,0.0,0.0,10.0,4.0,Desconocido
Premiership Escocia,179,Scotland,,False,2024-10-30,252,257,Aberdeen,Rangers,2.0,1.0,,,4.0,6.0,5.0,3.0,0.0,0.0,19.0,17.0,J. Beaton
Serie A,71.0,,,False,2024-10-30,499.0,1579.0,Atalanta,Monza,2.0,0.0,,,5.0,1.0,2.0,3.0,0.0,0.0,16.0,4.0,Desconocido
Premiership Escocia,179,Scotland,,False,2024-10-30,247,253,Celtic,Dundee,2.0,0.0,,,7.0,2.0,1.0,2.0,0.0,0.0,24.0,3.0,R. Hardie
Serie B,72.0,,,False,2024-10-30,510.0,498.0,Cittadella,Sampdoria,0.0,0.0,,,3.0,5.0,3.0,1.0,0.0,0.0,7.0,6.0,Desconocido
Premiership Escocia,,,,False,2024-10-30,,256.0,Dundee United,Motherwell,1.0,2.0,,,11.0,3.0,3.0,4.0,0.0,0.0,17.0,9.0,Desconocido
Serie A,71.0,,,False,2024-10-30,511.0,505.0,Empoli,Inter,0.0,3.0,,,1.0,4.0,1.0,1.0,1.0,0.0,6.0,15.0,Desconocido
Eredivisie,88.0,,,False,2024-10-30,209.0,194.0,Feyenoord,Ajax,0.0,2.0,,,3.0,4.0,4.0,2.0,0.0,0.0,15.0,8.0,Desconocido
Premiership Escocia,,,,False,2024-10-30,,250.0,Hearts,Kilmarnock,1.0,2.0,,,10.0,1.0,1.0,3.0,0.0,0.0,18.0,15.0,Desconocido
Serie A,71.0,,,False,2024-10-30,10019.0,523.0,Juventus,Parma,2.0,2.0,,,10.0,6.0,2.0,0.0,0.0,0.0,24.0,13.0,Desconocido
Serie B,72.0,,,False,2024-10-30,1693.0,522.0,Mantova,Palermo,0.0,0.0,,,4.0,4.0,1.0,3.0,0.0,0.0,6.0,13.0,Desconocido
Serie B,72.0,,,False,2024-10-30,801.0,1687.0,Pisa,Catanzaro,0.0,0.0,,,7.0,3.0,4.0,2.0,0.0,1.0,20.0,7.0,Desconocido
Premiership Escocia,179,Scotland,,False,2024-10-30,902,249,Ross County,Hibernian,0.0,0.0,,,4.0,2.0,1.0,1.0,0.0,0.0,13.0,12.0,G. Irvine
Premiership Escocia,,,,False,2024-10-30,,,St Mirren,St Johnstone,3.0,1.0,,,9.0,2.0,2.0,1.0,0.0,0.0,17.0,5.0,Desconocido
Serie B,72.0,,,False,2024-10-30,1578.0,512.0,Sudtirol,Frosinone,1.0,1.0,,,4.0,5.0,2.0,2.0,0.0,0.0,12.0,6.0,Desconocido
Serie A,71.0,,,False,2024-10-30,517.0,494.0,Venezia,Udinese,3.0,2.0,,,2.0,6.0,3.0,4.0,0.0,1.0,18.0,15.0,Desconocido
Ligue 2,62.0,,,False,2024-10-29,87.0,114.0,Amiens,Paris FC,0.0,0.0,,,6.0,2.0,1.0,2.0,0.0,0.0,15.0,14.0,Desconocido
Serie B,72.0,,,False,2024-10-29,508.0,1581.0,Bari,Carrarese,0.0,0.0,,,3.0,3.0,3.0,3.0,0.0,0.0,14.0,9.0,Desconocido
Ligue 2,62.0,,,False,2024-10-29,1305.0,1301.0,Bastia,Rodez,2.0,2.0,,,4.0,7.0,2.0,2.0,0.0,0.0,17.0,14.0,Desconocido
Serie B,136,Italy,,False,2024-10-29,518,515,Brescia,Spezia,1.0,1.0,,,1.0,3.0,5.0,4.0,0.0,1.0,11.0,11.0,G. Manganiello
Serie A,71.0,,,False,2024-10-29,490.0,500.0,Cagliari,Bologna,0.0,2.0,,,7.0,2.0,2.0,2.0,0.0,0.0,14.0,11.0,Desconocido
Championship Escocia,180,Scotland,,False,2024-10-29,1388,255,Dunfermline,Livingston,3.0,0.0,,,6.0,5.0,2.0,3.0,0.0,0.0,15.0,6.0,D. McFarlane
League 2,,,,False,2024-10-29,1336.0,,Fleetwood Town,Salford,2.0,2.0,,,2.0,2.0,3.0,6.0,0.0,0.0,18.0,11.0,Desconocido
Ligue 2,62.0,,,False,2024-10-29,101.0,3012.0,Grenoble,Annecy,0.0,0.0,,,2.0,3.0,0.0,2.0,0.0,0.0,7.0,16.0,Desconocido
Ligue 2,62.0,,,False,2024-10-29,90.0,,Guingamp,Ajaccio,1.0,0.0,,,2.0,2.0,1.0,1.0,0.0,0.0,11.0,6.0,Desconocido
Serie B,72.0,,,False,2024-10-29,863.0,488.0,Juve Stabia,Sassuolo,2.0,2.0,,,3.0,3.0,0.0,1.0,0.0,1.0,16.0,12.0,Desconocido
Ligue 2,62.0,,,False,2024-10-29,433.0,,Laval,Clermont,1.0,2.0,,,3.0,4.0,1.0,2.0,0.0,0.0,14.0,9.0,Desconocido
Serie A,71.0,,,False,2024-10-29,867.0,,Lecce,Verona,1.0,0.0,,,3.0,4.0,1.0,3.0,0.0,2.0,14.0,7.0,Desconocido
League 1,41,England,,False,2024-10-29,1379,1337,Lincoln,Northampton,2.0,1.0,,,9.0,1.0,3.0,4.0,0.0,1.0,12.0,9.0,O. Yates
Ligue 2,62.0,,,False,2024-10-29,97.0,1304.0,Lorient,Dunkerque,4.0,2.0,,,4.0,1.0,0.0,3.0,0.0,1.0,11.0,9.0,Desconocido
Ligue 2,62,France,,False,2024-10-29,3200,88,Martigues,Caen,0.0,3.0,,,7.0,4.0,2.0,3.0,1.0,0.0,10.0,15.0,E. Rosier
Serie A,71.0,,,False,2024-10-29,,492.0,Milan,Napoli,0.0,2.0,,,5.0,1.0,0.0,1.0,0.0,0.0,13.0,9.0,Desconocido
Serie B,72.0,,,False,2024-10-29,899.0,520.0,Modena,Cremonese,2.0,2.0,,,8.0,5.0,2.0,4.0,0.0,0.0,19.0,13.0,Desconocido
Championship Escocia,,,,False,2024-10-29,1383.0,,Morton,Queens Park,0.0,1.0,,,8.0,3.0,4.0,2.0,1.0,0.0,13.0,9.0,Desconocido
Championship Escocia,,,,False,2024-10-29,,,Raith Rvs,Airdrie Utd,1.0,0.0,,,3.0,3.0,1.0,1.0,0.0,0.0,6.0,5.0,Desconocido
Ligue 2,62.0,,,False,2024-10-29,,112.0,Red Star,Metz,1.0,0.0,,,0.0,13.0,2.0,1.0,0.0,0.0,6.0,16.0,Desconocido
Serie B,72.0,,,False,2024-10-29,880.0,10137.0,Reggiana,Cosenza,0.0,1.0,,,3.0,1.0,4.0,6.0,0.0,0.0,12.0,7.0,Desconocido
Serie B,72.0,,,False,2024-10-29,514.0,509.0,Salernitana,Cesena,1.0,1.0,,,3.0,3.0,3.0,3.0,1.0,0.0,10.0,5.0,Desconocido
League 1,41,England,,False,2024-10-29,1368,68,Stevenage,Bolton,1.0,4.0,,,10.0,4.0,3.0,4.0,0.0,0.0,16.0,12.0,C. Brook
League 1,,,,False,2024-10-29,,53.0,Stockport,Reading,4.0,1.0,,,4.0,2.0,1.0,1.0,0.0,0.0,16.0,2.0,Desconocido
Ligue 2,62.0,,,False,2024-10-29,,,Troyes,Pau FC,3.0,0.0,,,2.0,5.0,1.0,3.0,0.0,0.0,18.0,9.0,Desconocido
Primeira Liga,94.0,,,False,2024-10-28,21595.0,,AVS,Porto,0.0,5.0,,,2.0,3.0,2.0,1.0,0.0,0.0,5.0,12.0,Desconocido
League 1,41,England,,False,2024-10-28,1356,61,Blackpool,Wigan,2.0,2.0,,,2.0,4.0,2.0,3.0,0.0,0.0,22.0,11.0,F. Hallam
Turkey Super Lig,,,,False,2024-10-28,,,Buyuksehyr,Eyupspor,1.0,1.0,,,8.0,5.0,2.0,1.0,0.0,0.0,14.0,8.0,Desconocido
La Liga 2,,,,False,2024-10-28,,719.0,Ferrol,Tenerife,1.0,1.0,,,9.0,2.0,3.0,2.0,1.0,0.0,8.0,10.0,Desconocido
Turkey Super Lig,,,,False,2024-10-28,645.0,,Galatasaray,Besiktas,2.0,1.0,,,8.0,5.0,4.0,3.0,0.0,0.0,17.0,8.0,Desconocido
La Liga,140.0,,,False,2024-10-28,798.0,,Mallorca,Ath Bilbao,0.0,0.0,,,1.0,14.0,5.0,1.0,1.0,0.0,4.0,20.0,Desconocido
Eredivisie,88.0,,,False,2024-10-27,201.0,,AZ Alkmaar,Go Ahead Eagles,2.0,2.0,,,4.0,6.0,3.0,2.0,0.0,0.0,13.0,10.0,Desconocido
Eredivisie,88.0,,,False,2024-10-27,194.0,195.0,Ajax,Willem II,1.0,0.0,,,4.0,1.0,1.0,0.0,0.0,0.0,11.0,3.0,Desconocido
Turkey Super Lig,203,Turkey,,False,2024-10-27,996,1005,Alanyaspor,Antalyaspor,1.0,2.0,,,7.0,3.0,2.0,1.0,0.0,0.0,16.0,7.0,Y. Kol
La Liga 2,,,,False,2024-10-27,722.0,,Albacete,Sp Gijon,3.0,3.0,,,12.0,5.0,2.0,3.0,0.0,0.0,25.0,11.0,Desconocido
Jupiler Pro League,144.0,,,False,2024-10-27,740.0,,Antwerp,Standard,3.0,0.0,,,2.0,3.0,2.0,2.0,0.0,0.0,15.0,12.0,Desconocido
Premier League,569.0,,,False,2024-10-27,9419.0,40.0,Arsenal,Liverpool,2.0,2.0,,,1.0,3.0,2.0,2.0,0.0,0.0,9.0,9.0,Desconocido
Super League Greece,,,,False,2024-10-27,955.0,3415.0,Asteras Tripolis,Olympiakos,1.0,0.0,,,3.0,8.0,4.0,1.0,0.0,0.0,8.0,19.0,Desconocido
Super League Greece,,,,False,2024-10-27,,12260.0,Athens Kallithea,Atromitos,0.0,3.0,,,4.0,7.0,2.0,4.0,0.0,0.0,6.0,13.0,Desconocido
Primeira Liga,94.0,,,False,2024-10-27,211.0,226.0,Benfica,Rio Ave,5.0,0.0,,,8.0,2.0,1.0,1.0,0.0,0.0,29.0,4.0,Desconocido
La Liga,140.0,,,False,2024-10-27,,,Betis,Ath Madrid,1.0,0.0,,,3.0,10.0,3.0,2.0,0.0,0.0,24.0,10.0,Desconocido
Bundesliga,218.0,,,False,2024-10-27,,,Bochum,Bayern Munich,0.0,5.0,,,2.0,5.0,1.0,1.0,0.0,0.0,6.0,17.0,Desconocido
Bundesliga 2,,,,False,2024-10-27,,1313.0,Braunschweig,Preußen Münster,1.0,1.0,,,2.0,4.0,2.0,2.0,0.0,0.0,9.0,8.0,Desconocido
Serie B,72.0,,,False,2024-10-27,1687.0,1578.0,Catanzaro,Sudtirol,3.0,0.0,,,0.0,8.0,1.0,2.0,0.0,0.0,10.0,11.0,Desconocido
Premier League,569.0,,,False,2024-10-27,49.0,34.0,Chelsea,Newcastle,2.0,1.0,,,7.0,4.0,6.0,3.0,0.0,0.0,17.0,11.0,Desconocido
Jupiler Pro League,144.0,,,False,2024-10-27,,554.0,Club Brugge,Anderlecht,2.0,1.0,,,8.0,2.0,0.0,3.0,0.0,0.0,20.0,7.0,Desconocido
Premier League,569.0,,,False,2024-10-27,52.0,47.0,Crystal Palace,Tottenham,1.0,0.0,,,8.0,8.0,4.0,4.0,0.0,0.0,14.0,11.0,Desconocido
Bundesliga 2,,,,False,2024-10-27,,,Darmstadt,Ulm,1.0,1.0,,,4.0,2.0,2.0,3.0,0.0,0.0,15.0,5.0,Desconocido
La Liga 2,141,Spain,,False,2024-10-27,797,9580,Elche,Burgos,1.0,0.0,,,12.0,3.0,2.0,2.0,0.0,0.0,21.0,6.0,Miguel Sesma
Primeira Liga,94.0,,,False,2024-10-27,15130.0,224.0,Estrela,Guimaraes,2.0,2.0,,,3.0,4.0,2.0,3.0,0.0,0.0,7.0,10.0,Desconocido
Turkey Super Lig,,,,False,2024-10-27,,,Fenerbahce,Bodrumspor,2.0,0.0,,,9.0,1.0,2.0,1.0,0.0,0.0,19.0,8.0,Desconocido
Serie A,71.0,,,False,2024-10-27,502.0,,Fiorentina,Roma,5.0,1.0,,,6.0,2.0,2.0,5.0,0.0,1.0,21.0,14.0,Desconocido
Serie B,72.0,,,False,2024-10-27,512.0,801.0,Frosinone,Pisa,0.0,0.0,,,4.0,13.0,3.0,3.0,1.0,0.0,11.0,20.0,Desconocido
Turkey Super Lig,,,,False,2024-10-27,,607.0,Gaziantep,Konyaspor,3.0,1.0,,,8.0,3.0,2.0,2.0,0.0,0.0,14.0,8.0,Desconocido
Jupiler Pro League,144.0,,,False,2024-10-27,631.0,742.0,Gent,Genk,0.0,2.0,,,1.0,6.0,2.0,2.0,0.0,0.0,5.0,17.0,Desconocido
La Liga,140.0,,,False,2024-10-27,546.0,532.0,Getafe,Valencia,1.0,1.0,,,8.0,2.0,3.0,7.0,0.0,0.0,15.0,2.0,Desconocido
La Liga 2,,,,False,2024-10-27,22018.0,539.0,Granada,Levante,1.0,2.0,,,3.0,7.0,1.0,0.0,0.0,0.0,18.0,13.0,Desconocido
Bundesliga,218.0,,,False,2024-10-27,,,Heidenheim,Hoffenheim,0.0,0.0,,,7.0,3.0,1.0,2.0,0.0,0.0,17.0,12.0,Desconocido
Premiership Escocia,,,,False,2024-10-27,249.0,,Hibernian,Hearts,1.0,1.0,,,1.0,6.0,2.0,3.0,0.0,0.0,12.0,11.0,Desconocido
La Liga 2,141,Spain,,False,2024-10-27,726,723,Huesca,Almeria,2.0,2.0,,,1.0,7.0,2.0,2.0,1.0,0.0,9.0,25.0,Dámaso Arcediano
Serie A,71.0,,,False,2024-10-27,505.0,10019.0,Inter,Juventus,4.0,4.0,,,13.0,5.0,2.0,1.0,0.0,0.0,18.0,10.0,Desconocido
La Liga 2,,,,False,2024-10-27,,,La Coruna,Santander,1.0,2.0,,,10.0,3.0,2.0,0.0,0.0,0.0,16.0,12.0,Desconocido
Serie A,71.0,,,False,2024-10-27,487.0,495.0,Lazio,Genoa,3.0,0.0,,,7.0,4.0,3.0,1.0,0.0,0.0,18.0,6.0,Desconocido
La Liga,140.0,,,False,2024-10-27,537.0,,Leganes,Celta,3.0,0.0,,,4.0,2.0,2.0,2.0,0.0,0.0,7.0,18.0,Desconocido
Ligue 1,61.0,,,False,2024-10-27,80.0,108.0,Lyon,Auxerre,2.0,2.0,,,5.0,4.0,0.0,4.0,0.0,0.0,12.0,17.0,Desconocido
Bundesliga 2,,,,False,2024-10-27,,,Magdeburg,Hannover,0.0,3.0,,,10.0,3.0,3.0,3.0,0.0,0.0,20.0,12.0,Desconocido
La Liga 2,141,Spain,,False,2024-10-27,535,545,Malaga,Eibar,1.0,0.0,,,0.0,6.0,1.0,4.0,0.0,0.0,10.0,16.0,Manuel Pérez
Ligue 1,61.0,,,False,2024-10-27,81.0,,Marseille,Paris SG,0.0,3.0,,,1.0,2.0,1.0,0.0,1.0,0.0,5.0,19.0,Desconocido
Ligue 1,61.0,,,False,2024-10-27,82.0,96.0,Montpellier,Toulouse,0.0,3.0,,,1.0,3.0,1.0,2.0,1.0,0.0,9.0,15.0,Desconocido
Serie A,71.0,,,False,2024-10-27,1579.0,517.0,Monza,Venezia,2.0,2.0,,,4.0,3.0,4.0,2.0,1.0,0.0,13.0,6.0,Desconocido
Premiership Escocia,179,Scotland,,False,2024-10-27,256,247,Motherwell,Celtic,0.0,3.0,,,3.0,10.0,1.0,2.0,1.0,0.0,9.0,21.0,D. Dickinson
Ligue 1,61.0,,,False,2024-10-27,84.0,91.0,Nice,Monaco,2.0,1.0,,,6.0,6.0,2.0,5.0,0.0,1.0,17.0,11.0,Desconocido
Championship,407.0,,,False,2024-10-27,71.0,70.0,Norwich,Middlesbrough,3.0,3.0,,,3.0,2.0,2.0,3.0,1.0,0.0,9.0,14.0,Desconocido
Super League Greece,,,,False,2024-10-27,619.0,,PAOK,OFI Crete,1.0,2.0,,,5.0,4.0,4.0,4.0,0.0,0.0,11.0,9.0,Desconocido
Super League Greece,,,,False,2024-10-27,617.0,3408.0,Panathinaikos,Aris,1.0,1.0,,,5.0,2.0,2.0,3.0,0.0,0.0,10.0,8.0,Desconocido
Serie A,71.0,,,False,2024-10-27,523.0,511.0,Parma,Empoli,1.0,1.0,,,9.0,3.0,4.0,5.0,0.0,0.0,17.0,6.0,Desconocido
Premiership Escocia,,,,False,2024-10-27,257.0,,Rangers,St Mirren,2.0,1.0,,,7.0,3.0,2.0,2.0,0.0,0.0,16.0,8.0,Desconocido
Serie B,72.0,,,False,2024-10-27,498.0,1693.0,Sampdoria,Mantova,1.0,0.0,,,3.0,5.0,2.0,3.0,0.0,0.0,20.0,11.0,Desconocido
La Liga,140.0,,,False,2024-10-27,,727.0,Sociedad,Osasuna,0.0,2.0,,,14.0,4.0,3.0,4.0,0.0,0.0,19.0,10.0,Desconocido
Primeira Liga,94.0,,,False,2024-10-27,,231.0,Sp Braga,Farense,2.0,0.0,,,10.0,3.0,1.0,2.0,0.0,0.0,18.0,4.0,Desconocido
Jupiler Pro League,144.0,,,False,2024-10-27,,741.0,St. Gilloise,Cercle Brugge,1.0,3.0,,,8.0,9.0,2.0,3.0,0.0,0.0,18.0,7.0,Desconocido
Ligue 1,61.0,,,False,2024-10-27,95.0,83.0,Strasbourg,Nantes,3.0,1.0,,,5.0,4.0,2.0,3.0,0.0,0.0,9.0,8.0,Desconocido
Eredivisie,88.0,,,False,2024-10-27,415.0,206.0,Twente,Heracles,5.0,0.0,,,5.0,2.0,0.0,0.0,0.0,0.0,21.0,4.0,Desconocido
Bundesliga,218.0,,,False,2024-10-27,182.0,,Union Berlin,Ein Frankfurt,1.0,1.0,,,4.0,5.0,5.0,3.0,0.0,1.0,13.0,17.0,Desconocido
Eredivisie,88.0,,,False,2024-10-27,207.0,209.0,Utrecht,Feyenoord,0.0,2.0,,,2.0,8.0,3.0,2.0,0.0,0.0,4.0,13.0,Desconocido
Premier League,569.0,,,False,2024-10-27,48.0,,West Ham,Man United,2.0,1.0,,,6.0,5.0,5.0,1.0,0.0,0.0,12.0,18.0,Desconocido
Premiership Escocia,,,,False,2024-10-26,252.0,,Aberdeen,Dundee United,1.0,0.0,,,8.0,2.0,1.0,3.0,0.0,0.0,12.0,8.0,Desconocido
League 2,,,,False,2024-10-26,,1342.0,Accrington,Walsall,0.0,0.0,,,3.0,11.0,1.0,0.0,0.0,0.0,4.0,15.0,Desconocido
Championship Escocia,,,,False,2024-10-26,,,Airdrie Utd,Ayr,0.0,1.0,,,6.0,7.0,3.0,2.0,0.0,0.0,7.0,6.0,Desconocido
League 1 Escocia,,,,False,2024-10-26,,4249.0,Alloa,Arbroath,0.0,1.0,,,4.0,10.0,0.0,1.0,2.0,0.0,5.0,10.0,Desconocido
Ligue 1,61.0,,,False,2024-10-26,77.0,,Angers,St Etienne,4.0,2.0,,,2.0,3.0,1.0,3.0,0.0,0.0,13.0,19.0,Desconocido
League 1 Escocia,,,,False,2024-10-26,6757.0,,Annan Athletic,Queen of Sth,1.0,0.0,,,5.0,5.0,4.0,3.0,0.0,0.0,6.0,12.0,Desconocido
Premier League,569.0,,,False,2024-10-26,66.0,35.0,Aston Villa,Bournemouth,1.0,1.0,,,9.0,7.0,7.0,6.0,0.0,0.0,18.0,11.0,Desconocido
Serie A,71.0,,,False,2024-10-26,499.0,,Atalanta,Verona,6.0,1.0,,,4.0,2.0,0.0,1.0,0.0,0.0,19.0,4.0,Desconocido
Bundesliga,218.0,,,False,2024-10-26,,,Augsburg,Dortmund,2.0,1.0,,,3.0,5.0,3.0,3.0,0.0,1.0,12.0,11.0,Desconocido
National League,43.0,,,False,2024-10-26,1369.0,1339.0,Barnet,Rochdale,2.0,1.0,,,,,2.0,2.0,0.0,0.0,,,Desconocido
Primeira Liga,94,Portugal,,False,2024-10-26,222,215,Boavista,Moreirense,0.0,2.0,,,4.0,3.0,1.0,3.0,0.0,0.0,10.0,17.0,André Narciso
League 1,,,,False,2024-10-26,68.0,,Bolton,Peterboro,1.0,0.0,,,15.0,3.0,3.0,4.0,0.0,0.0,25.0,11.0,Desconocido
League 2,42,England,,False,2024-10-26,1343,1354,Bradford,Doncaster,1.0,2.0,,,6.0,13.0,3.0,5.0,0.0,0.0,15.0,20.0,R. Ricardo
National League,43.0,,,False,2024-10-26,,,Braintree Town,Sutton,0.0,1.0,,,,,1.0,1.0,0.0,0.0,,,Desconocido
Premier League,569.0,,,False,2024-10-26,55.0,57.0,Brentford,Ipswich,4.0,3.0,,,5.0,5.0,0.0,1.0,0.0,1.0,20.0,11.0,Desconocido
Premier League,569.0,,,False,2024-10-26,51.0,39.0,Brighton,Wolves,2.0,2.0,,,9.0,6.0,3.0,3.0,0.0,0.0,19.0,14.0,Desconocido
Championship,407.0,,,False,2024-10-26,56.0,63.0,Bristol City,Leeds,0.0,0.0,,,7.0,6.0,1.0,3.0,0.0,0.0,4.0,17.0,Desconocido
League 2,42,England,,False,2024-10-26,1832,1819,Bromley,Barrow,1.0,1.0,,,5.0,4.0,2.0,4.0,0.0,0.0,8.0,12.0,D. Middleton
Championship,407.0,,,False,2024-10-26,44.0,72.0,Burnley,QPR,0.0,0.0,,,16.0,1.0,0.0,1.0,0.0,0.0,22.0,2.0,Desconocido
La Liga 2,141,Spain,,False,2024-10-26,724,718,Cadiz,Oviedo,2.0,0.0,,,3.0,7.0,0.0,2.0,0.0,0.0,11.0,4.0,Iosu Galech
Ligue 2,62.0,,,False,2024-10-26,88.0,,Caen,Troyes,0.0,1.0,,,4.0,2.0,2.0,2.0,0.0,1.0,14.0,10.0,Desconocido
League 1,,,,False,2024-10-26,,,Cambridge,Burton,1.0,0.0,,,4.0,3.0,2.0,3.0,0.0,0.0,12.0,15.0,Desconocido
League 2,42,England,,False,2024-10-26,1371,1372,Carlisle,Cheltenham,0.0,1.0,,,5.0,5.0,4.0,3.0,0.0,0.0,9.0,14.0,S. Jackson
Serie B,72.0,,,False,2024-10-26,1581.0,510.0,Carrarese,Cittadella,3.0,0.0,,,4.0,8.0,0.0,1.0,0.0,0.0,9.0,20.0,Desconocido
Serie B,72.0,,,False,2024-10-26,509.0,,Cesena,Brescia,2.0,0.0,,,5.0,7.0,5.0,1.0,0.0,0.0,15.0,17.0,Desconocido
Jupiler Pro League,144.0,,,False,2024-10-26,736.0,,Charleroi,Oud-Heverlee Leuven,0.0,2.0,,,9.0,5.0,0.0,2.0,0.0,0.0,19.0,7.0,Desconocido
League 1,41,England,,False,2024-10-26,1335,1837,Charlton,Wrexham,2.0,2.0,,,6.0,2.0,3.0,4.0,0.0,0.0,18.0,14.0,S. Purkiss
League 2,,,,False,2024-10-26,1361.0,,Colchester,Salford,1.0,2.0,,,5.0,3.0,0.0,0.0,0.0,0.0,11.0,12.0,Desconocido
La Liga 2,141,Spain,,False,2024-10-26,713,9692,Cordoba,Eldense,2.0,0.0,,,2.0,6.0,1.0,2.0,0.0,1.0,18.0,7.0,Carlos Muñiz
Serie B,72.0,,,False,2024-10-26,10137.0,863.0,Cosenza,Juve Stabia,1.0,1.0,,,7.0,5.0,4.0,2.0,1.0,0.0,13.0,10.0,Desconocido
Championship,407.0,,,False,2024-10-26,1346.0,1359.0,Coventry,Luton,3.0,2.0,,,11.0,5.0,2.0,3.0,0.0,1.0,26.0,9.0,Desconocido
Serie B,72.0,,,False,2024-10-26,520.0,514.0,Cremonese,Salernitana,2.0,1.0,,,0.0,3.0,4.0,2.0,0.0,0.0,9.0,6.0,Desconocido
League 2,42,England,,False,2024-10-26,1363,1381,Crewe,Tranmere,3.0,1.0,,,6.0,3.0,3.0,3.0,0.0,0.0,13.0,12.0,J. Durkin
Jupiler Pro League,144.0,,,False,2024-10-26,6215.0,,Dender,Mechelen,2.0,5.0,,,5.0,4.0,0.0,0.0,0.0,0.0,8.0,21.0,Desconocido
Championship,407.0,,,False,2024-10-26,69.0,,Derby,Hull,1.0,1.0,,,5.0,3.0,1.0,4.0,0.0,0.0,14.0,11.0,Desconocido
League 1 Escocia,,,,False,2024-10-26,1382.0,,Dumbarton,Inverness C,3.0,1.0,,,1.0,4.0,1.0,2.0,0.0,0.0,10.0,10.0,Desconocido
Premiership Escocia,,,,False,2024-10-26,253.0,,Dundee,St Johnstone,1.0,2.0,,,2.0,3.0,3.0,2.0,0.0,0.0,8.0,20.0,Desconocido
National League,43.0,,,False,2024-10-26,1822.0,,Eastleigh,Boston Utd,1.0,1.0,,,,,2.0,5.0,1.0,0.0,,,Desconocido
National League,43.0,,,False,2024-10-26,,8663.0,Ebbsfleet,Wealdstone,2.0,2.0,,,,,2.0,3.0,0.0,0.0,,,Desconocido
Bundesliga 2,,,,False,2024-10-26,,,Elversberg,Hamburg,4.0,2.0,,,6.0,3.0,0.0,0.0,0.0,0.0,18.0,9.0,Desconocido
Primeira Liga,94.0,,,False,2024-10-26,230.0,240.0,Estoril,Arouca,4.0,1.0,,,6.0,9.0,4.0,2.0,0.0,0.0,12.0,13.0,Desconocido
Premier League,569.0,,,False,2024-10-26,45.0,36.0,Everton,Fulham,1.0,1.0,,,4.0,2.0,1.0,0.0,0.0,0.0,10.0,14.0,Desconocido
Championship Escocia,180,Scotland,,False,2024-10-26,1389,1388,Falkirk,Dunfermline,2.0,1.0,,,6.0,4.0,2.0,4.0,0.0,0.0,12.0,8.0,C. Graham
Primeira Liga,94.0,,,False,2024-10-26,242.0,,Famalicao,Sp Lisbon,0.0,3.0,,,4.0,8.0,1.0,1.0,0.0,0.0,6.0,33.0,Desconocido
Eredivisie,88.0,,,False,2024-10-26,,202.0,For Sittard,Groningen,1.0,0.0,,,6.0,3.0,1.0,3.0,0.0,0.0,9.0,8.0,Desconocido
Bundesliga 2,,,,False,2024-10-26,,,Fortuna Dusseldorf,Kaiserslautern,3.0,4.0,,,4.0,3.0,2.0,3.0,0.0,0.0,14.0,12.0,Desconocido
National League,43.0,,,False,2024-10-26,,4700.0,Fylde,Altrincham,0.0,5.0,,,,,4.0,2.0,0.0,0.0,,,Desconocido
National League,43.0,,,False,2024-10-26,1823.0,,Gateshead,Solihull,1.0,0.0,,,,,1.0,1.0,0.0,0.0,,,Desconocido
Turkey Super Lig,,,,False,2024-10-26,,998.0,Goztep,Trabzonspor,2.0,1.0,,,3.0,4.0,1.0,3.0,1.0,0.0,18.0,16.0,Desconocido
League 2,42,England,,False,2024-10-26,1365,1348,Grimsby,Milton Keynes Dons,1.0,3.0,,,2.0,1.0,2.0,3.0,0.0,0.0,15.0,12.0,S. Oldham
National League,43.0,,,False,2024-10-26,,1828.0,Halifax,York,1.0,2.0,,,,,1.0,4.0,0.0,0.0,,,Desconocido
Championship Escocia,,,,False,2024-10-26,,1383.0,Hamilton,Morton,3.0,0.0,,,9.0,4.0,0.0,3.0,0.0,0.0,9.0,5.0,Desconocido
National League,43.0,,,False,2024-10-26,1366.0,,Hartlepool,Aldershot,2.0,0.0,,,,,2.0,4.0,0.0,0.0,,,Desconocido
Turkey Super Lig,203,Turkey,,False,2024-10-26,3575,1001,Hatayspor,Kayserispor,0.0,1.0,,,6.0,6.0,0.0,1.0,0.0,0.0,12.0,14.0,Z. Küçük
Eredivisie,88.0,,,False,2024-10-26,210.0,426.0,Heerenveen,Sparta Rotterdam,2.0,0.0,,,6.0,4.0,4.0,1.0,0.0,0.0,13.0,8.0,Desconocido
League 1,,,,False,2024-10-26,37.0,,Huddersfield,Exeter,2.0,0.0,,,7.0,4.0,0.0,0.0,0.0,0.0,7.0,4.0,Desconocido
Bundesliga 2,,,,False,2024-10-26,,,Karlsruhe,Hertha,1.0,3.0,,,7.0,2.0,6.0,4.0,0.0,0.0,13.0,10.0,Desconocido
Turkey Super Lig,,,,False,2024-10-26,,3603.0,Kasimpasa,Samsunspor,1.0,4.0,,,0.0,5.0,0.0,0.0,0.0,0.0,10.0,15.0,Desconocido
La Liga,140.0,,,False,2024-10-26,534.0,547.0,Las Palmas,Girona,1.0,0.0,,,3.0,5.0,4.0,5.0,0.0,1.0,12.0,8.0,Desconocido
Ligue 1,61.0,,,False,2024-10-26,116.0,79.0,Lens,Lille,0.0,2.0,,,8.0,2.0,4.0,4.0,0.0,0.0,11.0,11.0,Desconocido
Super League Greece,,,,False,2024-10-26,,,Levadeiakos,Lamia,2.0,2.0,,,3.0,2.0,3.0,1.0,0.0,0.0,9.0,12.0,Desconocido
League 1,,,,False,2024-10-26,1379.0,,Lincoln,Stockport,2.0,1.0,,,11.0,4.0,1.0,0.0,0.0,0.0,12.0,6.0,Desconocido
Championship Escocia,,,,False,2024-10-26,255.0,,Livingston,Raith Rvs,2.0,1.0,,,5.0,5.0,1.0,1.0,1.0,1.0,8.0,10.0,Desconocido
Premier League,569.0,,,False,2024-10-26,,41.0,Man City,Southampton,1.0,0.0,,,12.0,1.0,1.0,3.0,0.0,0.0,22.0,5.0,Desconocido
League 1,,,,False,2024-10-26,,54.0,Mansfield,Birmingham,1.0,1.0,,,3.0,6.0,2.0,1.0,0.0,0.0,10.0,19.0,Desconocido
La Liga 2,,,,False,2024-10-26,799.0,,Mirandes,Cartagena,3.0,1.0,,,4.0,4.0,0.0,1.0,0.0,0.0,12.0,11.0,Desconocido
League 1 Escocia,183,Scotland,,False,2024-10-26,4251,6763,Montrose,Cove Rangers,0.0,2.0,,,12.0,2.0,4.0,2.0,0.0,0.0,9.0,12.0,D. Nicolson
League 2,42,England,,False,2024-10-26,1375,1345,Morecambe,Chesterfield,2.0,5.0,,,5.0,3.0,4.0,2.0,0.0,0.0,15.0,9.0,T. Reeves
Eredivisie,88.0,,,False,2024-10-26,203.0,417.0,NAC Breda,Waalwijk,4.0,1.0,,,6.0,2.0,2.0,3.0,0.0,1.0,21.0,8.0,Desconocido
Serie A,71.0,,,False,2024-10-26,492.0,867.0,Napoli,Lecce,1.0,0.0,,,16.0,5.0,3.0,2.0,0.0,0.0,24.0,11.0,Desconocido
League 2,42,England,,False,2024-10-26,1367,1336,Newport County,Fleetwood Town,0.0,0.0,,,6.0,4.0,1.0,3.0,0.0,0.0,10.0,14.0,D. Rock
League 1,41,England,,False,2024-10-26,1337,1362,Northampton,Crawley Town,3.0,0.0,,,8.0,9.0,1.0,2.0,0.0,0.0,13.0,13.0,T. Kirk
League 2,,,,False,2024-10-26,1376.0,,Notts County,Harrogate,1.0,0.0,,,5.0,3.0,1.0,2.0,0.0,0.0,24.0,5.0,Desconocido
National League,43.0,,,False,2024-10-26,1349.0,,Oldham,Dag and Red,1.0,0.0,,,,,2.0,2.0,1.0,1.0,,,Desconocido
Eredivisie,88.0,,,False,2024-10-26,197.0,,PSV Eindhoven,Zwolle,6.0,0.0,,,9.0,4.0,0.0,0.0,0.0,1.0,21.0,4.0,Desconocido
Serie B,72.0,,,False,2024-10-26,522.0,880.0,Palermo,Reggiana,2.0,0.0,,,5.0,4.0,1.0,2.0,0.0,0.0,19.0,6.0,Desconocido
Super League Greece,197,Greece,,False,2024-10-26,949,2110,Panetolikos,Volos NFC,0.0,1.0,,,2.0,5.0,7.0,4.0,1.0,0.0,8.0,15.0,K. Tsetsilas
Super League Greece,,,,False,2024-10-26,2099.0,,Panserraikos,AEK,1.0,0.0,,,2.0,11.0,2.0,3.0,1.0,0.0,3.0,11.0,Desconocido
Ligue 2,62.0,,,False,2024-10-26,114.0,101.0,Paris FC,Grenoble,2.0,1.0,,,6.0,5.0,2.0,3.0,0.0,0.0,18.0,8.0,Desconocido
Championship,407.0,,,False,2024-10-26,1357.0,59.0,Plymouth,Preston,3.0,3.0,,,2.0,1.0,0.0,3.0,0.0,0.0,12.0,16.0,Desconocido
League 2,42,England,,False,2024-10-26,1351,1333,Port Vale,AFC Wimbledon,3.0,2.0,,,2.0,6.0,5.0,1.0,0.0,0.0,10.0,21.0,A. Bannister
Championship Escocia,,,,False,2024-10-26,,901.0,Queens Park,Partick,0.0,1.0,,,5.0,3.0,1.0,1.0,0.0,0.0,9.0,8.0,Desconocido
Bundesliga,218.0,,,False,2024-10-26,173.0,,RB Leipzig,Freiburg,3.0,1.0,,,3.0,3.0,3.0,2.0,0.0,0.0,12.0,15.0,Desconocido
League 1,,,,False,2024-10-26,53.0,,Reading,Bristol Rvs,1.0,0.0,,,4.0,10.0,1.0,3.0,0.0,1.0,14.0,14.0,Desconocido
La Liga,140.0,,,False,2024-10-26,541.0,529.0,Real Madrid,Barcelona,0.0,4.0,,,10.0,3.0,2.0,5.0,0.0,0.0,9.0,15.0,Desconocido
Ligue 1,61.0,,,False,2024-10-26,93.0,,Reims,Brest,1.0,2.0,,,7.0,3.0,3.0,2.0,0.0,0.0,11.0,13.0,Desconocido
Premiership Escocia,179,Scotland,,False,2024-10-26,902,250,Ross County,Kilmarnock,2.0,1.0,,,5.0,5.0,1.0,2.0,0.0,1.0,14.0,9.0,M. McDermid
League 1,41,England,,False,2024-10-26,73,1368,Rotherham,Stevenage,2.0,0.0,,,5.0,3.0,3.0,3.0,0.0,0.0,13.0,5.0,S. Gill
Serie B,72.0,,,False,2024-10-26,488.0,899.0,Sassuolo,Modena,2.0,0.0,,,5.0,6.0,2.0,0.0,0.0,0.0,12.0,14.0,Desconocido
Bundesliga 2,,,,False,2024-10-26,,,Schalke 04,Greuther Furth,3.0,4.0,,,6.0,5.0,6.0,3.0,1.0,0.0,21.0,18.0,Desconocido
Championship,407.0,,,False,2024-10-26,,,Sheffield United,Stoke,2.0,0.0,,,5.0,3.0,4.0,2.0,0.0,0.0,19.0,7.0,Desconocido
League 1,41,England,,False,2024-10-26,1352,747,Shrewsbury,Barnsley,0.0,2.0,,,4.0,8.0,1.0,1.0,0.0,0.0,5.0,10.0,A. Herczeg
National League,43.0,,,False,2024-10-26,1341.0,7752.0,Southend,Tamworth,2.0,0.0,,,,,1.0,1.0,0.0,0.0,,,Desconocido
Bundesliga,218.0,,,False,2024-10-26,,,St Pauli,Wolfsburg,0.0,0.0,,,7.0,6.0,0.0,3.0,0.0,0.0,14.0,10.0,Desconocido
Jupiler Pro League,144.0,,,False,2024-10-26,,,St Truiden,Westerlo,2.0,0.0,,,8.0,6.0,2.0,3.0,0.0,0.0,20.0,20.0,Desconocido
League 1 Escocia,183,Scotland,,False,2024-10-26,6784,6773,Stenhousemuir,Kelty Hearts,2.0,1.0,,,13.0,6.0,3.0,3.0,0.0,0.0,14.0,6.0,G. Calder
Bundesliga,218.0,,,False,2024-10-26,,191.0,Stuttgart,Holstein Kiel,2.0,1.0,,,9.0,5.0,3.0,6.0,1.0,1.0,16.0,9.0,Desconocido
Championship,407.0,,,False,2024-10-26,746.0,,Sunderland,Oxford,2.0,0.0,,,8.0,2.0,2.0,2.0,0.0,0.0,13.0,5.0,Desconocido
Championship,407.0,,,False,2024-10-26,76.0,58.0,Swansea,Millwall,0.0,1.0,,,10.0,6.0,1.0,4.0,0.0,0.0,17.0,6.0,Desconocido
League 2,,,,False,2024-10-26,,1347.0,Swindon,Gillingham,1.0,1.0,,,3.0,3.0,1.0,2.0,1.0,0.0,8.0,13.0,Desconocido
La Liga,140.0,,,False,2024-10-26,720.0,533.0,Valladolid,Villarreal,1.0,2.0,,,4.0,6.0,4.0,3.0,0.0,0.0,7.0,21.0,Desconocido
La Liga,140.0,,,False,2024-10-26,,542.0,Vallecano,Alaves,1.0,0.0,,,6.0,2.0,2.0,4.0,1.0,0.0,16.0,15.0,Desconocido
Championship,407.0,,,False,2024-10-26,38.0,67.0,Watford,Blackburn,1.0,0.0,,,6.0,3.0,5.0,4.0,0.0,0.0,10.0,12.0,Desconocido
Bundesliga,218.0,,,False,2024-10-26,162.0,,Werder Bremen,Leverkusen,2.0,2.0,,,3.0,5.0,1.0,1.0,0.0,0.0,13.0,15.0,Desconocido
Championship,407.0,,,False,2024-10-26,60.0,43.0,West Brom,Cardiff,0.0,0.0,,,12.0,1.0,4.0,3.0,0.0,0.0,19.0,5.0,Desconocido
National League,43.0,,,False,2024-10-26,1836.0,1378.0,Woking,Forest Green,1.0,1.0,,,,,2.0,1.0,0.0,1.0,,,Desconocido
League 1,41,England,,False,2024-10-26,1358,1373,Wycombe,Leyton Orient,3.0,0.0,,,2.0,6.0,0.0,2.0,0.0,0.0,14.0,3.0,S. Martin
National League,43.0,,,False,2024-10-26,,1838.0,Yeovil,Maidenhead,3.0,1.0,,,,,2.0,1.0,0.0,0.0,,,Desconocido
La Liga 2,,,,False,2024-10-26,732.0,,Zaragoza,Castellon,1.0,2.0,,,2.0,5.0,3.0,4.0,0.0,0.0,10.0,13.0,Desconocido
Turkey Super Lig,,,,False,2024-10-25,,1002.0,Ad. Demirspor,Sivasspor,2.0,4.0,,,4.0,6.0,1.0,3.0,0.0,0.0,12.0,10.0,Desconocido
Eredivisie,88.0,,,False,2024-10-25,,,Almere City,Nijmegen,1.0,0.0,,,4.0,8.0,1.0,1.0,0.0,0.0,11.0,15.0,Desconocido
Ligue 2,62.0,,,False,2024-10-25,3012.0,433.0,Annecy,Laval,2.0,0.0,,,6.0,5.0,3.0,2.0,0.0,0.0,14.0,13.0,Desconocido
Primeira Liga,94.0,,,False,2024-10-25,4716.0,225.0,Casa Pia,Nacional,1.0,0.0,,,7.0,7.0,3.0,3.0,0.0,0.0,14.0,19.0,Desconocido
Ligue 2,62.0,,,False,2024-10-25,,,Clermont,Martigues,0.0,1.0,,,4.0,3.0,2.0,4.0,0.0,0.0,10.0,10.0,Desconocido
Ligue 2,62.0,,,False,2024-10-25,1304.0,,Dunkerque,Red Star,2.0,0.0,,,5.0,5.0,0.0,2.0,0.0,0.0,13.0,7.0,Desconocido
La Liga,140.0,,,False,2024-10-25,,536.0,Espanol,Sevilla,0.0,2.0,,,13.0,2.0,2.0,0.0,0.0,0.0,16.0,6.0,Desconocido
Bundesliga 2,,,,False,2024-10-25,,,FC Koln,Paderborn,1.0,2.0,,,6.0,3.0,1.0,4.0,0.0,0.0,12.0,9.0,Desconocido
Jupiler Pro League,144.0,,,False,2024-10-25,734.0,263.0,Kortrijk,Beerschot VA,1.0,0.0,,,1.0,1.0,1.0,4.0,0.0,0.0,10.0,11.0,Desconocido
Premier League,569.0,,,False,2024-10-25,46.0,,Leicester,Nott'm Forest,1.0,3.0,,,6.0,7.0,5.0,2.0,0.0,0.0,11.0,20.0,Desconocido
Bundesliga,218.0,,,False,2024-10-25,,,Mainz,M'gladbach,1.0,1.0,,,2.0,4.0,3.0,2.0,0.0,0.0,23.0,9.0,Desconocido
Ligue 2,62.0,,,False,2024-10-25,112.0,90.0,Metz,Guingamp,1.0,0.0,,,3.0,8.0,0.0,0.0,0.0,0.0,14.0,10.0,Desconocido
Bundesliga 2,,,,False,2024-10-25,,,Nurnberg,Regensburg,8.0,3.0,,,3.0,3.0,0.0,3.0,0.0,0.0,20.0,16.0,Desconocido
Ligue 2,62.0,,,False,2024-10-25,,87.0,Pau FC,Amiens,0.0,2.0,,,5.0,2.0,1.0,0.0,0.0,0.0,11.0,10.0,Desconocido
Championship,407.0,,,False,2024-10-25,1355.0,,Portsmouth,Sheffield Weds,1.0,2.0,,,7.0,7.0,1.0,3.0,0.0,0.0,9.0,9.0,Desconocido
Ligue 1,61.0,,,False,2024-10-25,94.0,111.0,Rennes,Le Havre,1.0,0.0,,,14.0,0.0,2.0,4.0,0.0,1.0,20.0,5.0,Desconocido
Ligue 2,62.0,,,False,2024-10-25,1301.0,97.0,Rodez,Lorient,3.0,3.0,,,5.0,6.0,0.0,2.0,0.0,0.0,15.0,13.0,Desconocido
Primeira Liga,94.0,,,False,2024-10-25,227.0,,Santa Clara,Gil Vicente,2.0,1.0,,,6.0,4.0,2.0,4.0,0.0,0.0,15.0,10.0,Desconocido
Serie B,72.0,,,False,2024-10-25,515.0,508.0,Spezia,Bari,0.0,0.0,,,5.0,1.0,2.0,3.0,0.0,0.0,16.0,4.0,Desconocido
Serie A,71.0,,,False,2024-10-25,503.0,895.0,Torino,Como,1.0,0.0,,,1.0,3.0,3.0,3.0,0.0,0.0,8.0,20.0,Desconocido
Serie A,71.0,,,False,2024-10-25,494.0,490.0,Udinese,Cagliari,2.0,0.0,,,2.0,4.0,2.0,3.0,0.0,1.0,13.0,3.0,Desconocido
La Liga 2,141,Spain,,False,2024-10-24,723,722,Almeria,Albacete,3.0,1.0,,,2.0,5.0,4.0,0.0,0.0,0.0,25.0,15.0,Rubén Ávalos
La Liga 2,,,,False,2024-10-24,9580.0,,Burgos,Ferrol,1.0,1.0,,,2.0,5.0,0.0,2.0,0.0,0.0,15.0,11.0,Desconocido
La Liga 2,,,,False,2024-10-24,539.0,,Levante,La Coruna,2.0,1.0,,,6.0,5.0,2.0,2.0,0.0,0.0,14.0,14.0,Desconocido
La Liga 2,,,,False,2024-10-24,,726.0,Sp Gijon,Huesca,2.0,1.0,,,6.0,2.0,0.0,3.0,0.0,0.0,15.0,10.0,Desconocido
La Liga 2,141,Spain,,False,2024-10-24,719,535,Tenerife,Malaga,0.0,0.0,,,5.0,4.0,5.0,3.0,0.0,0.0,14.0,5.0,Saúl Ais
National League,43.0,,,False,2024-10-23,,1341.0,Aldershot,Southend,0.0,0.0,,,,,0.0,1.0,0.0,0.0,,,Desconocido
National League,43.0,,,False,2024-10-23,4700.0,1366.0,Altrincham,Hartlepool,1.0,1.0,,,,,1.0,2.0,0.0,0.0,,,Desconocido
Championship,407.0,,,False,2024-10-23,67.0,60.0,Blackburn,West Brom,0.0,0.0,,,4.0,4.0,2.0,0.0,0.0,0.0,8.0,9.0,Desconocido
National League,43.0,,,False,2024-10-23,,,Boston Utd,Fylde,1.0,2.0,,,,,3.0,1.0,0.0,0.0,,,Desconocido
La Liga 2,,,,False,2024-10-23,,797.0,Cartagena,Elche,0.0,0.0,,,3.0,5.0,1.0,0.0,0.0,0.0,6.0,16.0,Desconocido
La Liga 2,141,Spain,,False,2024-10-23,545,724,Eibar,Cadiz,1.0,0.0,,,5.0,5.0,4.0,6.0,0.0,0.0,11.0,12.0,Salvador Lax
La Liga 2,141,Spain,,False,2024-10-23,9692,732,Eldense,Zaragoza,2.0,3.0,,,4.0,2.0,1.0,3.0,0.0,0.0,21.0,9.0,Dámaso Arcediano
Championship,407.0,,,False,2024-10-23,,44.0,Hull,Burnley,1.0,1.0,,,4.0,8.0,0.0,1.0,0.0,0.0,11.0,11.0,Desconocido
Championship,407.0,,,False,2024-10-23,1359.0,746.0,Luton,Sunderland,1.0,2.0,,,10.0,3.0,2.0,4.0,0.0,0.0,19.0,9.0,Desconocido
Championship,407.0,,,False,2024-10-23,70.0,,Middlesbrough,Sheffield United,1.0,0.0,,,8.0,6.0,0.0,1.0,0.0,0.0,18.0,9.0,Desconocido
Championship,407.0,,,False,2024-10-23,58.0,1357.0,Millwall,Plymouth,1.0,0.0,,,6.0,2.0,5.0,1.0,0.0,0.0,13.0,9.0,Desconocido
La Liga 2,,,,False,2024-10-23,,713.0,Santander,Cordoba,2.0,0.0,,,7.0,2.0,2.0,5.0,0.0,1.0,20.0,13.0,Desconocido
National League,43.0,,,False,2024-10-23,,1836.0,Solihull,Woking,2.0,1.0,,,,,2.0,3.0,0.0,0.0,,,Desconocido
National League,43.0,,,False,2024-10-23,,1823.0,Sutton,Gateshead,0.0,1.0,,,,,3.0,4.0,0.0,0.0,,,Desconocido
National League,43.0,,,False,2024-10-23,8663.0,,Wealdstone,Braintree Town,3.0,2.0,,,,,2.0,2.0,0.0,0.0,,,Desconocido
League 2,42,England,,False,2024-10-22,1333,1375,AFC Wimbledon,Morecambe,3.0,0.0,,,10.0,1.0,1.0,1.0,0.0,0.0,19.0,4.0,M. Russell
League 1,41,England,,False,2024-10-22,747,1335,Barnsley,Charlton,2.0,2.0,,,11.0,5.0,3.0,1.0,0.0,0.0,20.0,8.0,L. Smith
League 2,42,England,,False,2024-10-22,1819,1376,Barrow,Notts County,1.0,1.0,,,4.0,4.0,3.0,4.0,0.0,0.0,12.0,11.0,A. Kitchen
League 1,41,England,,False,2024-10-22,54,68,Birmingham,Bolton,2.0,0.0,,,6.0,1.0,1.0,4.0,0.0,0.0,18.0,8.0,S. Martin
League 1,,,,False,2024-10-22,,1352.0,Bristol Rvs,Shrewsbury,1.0,0.0,,,5.0,10.0,4.0,1.0,0.0,0.0,14.0,15.0,Desconocido
League 1,,,,False,2024-10-22,,1358.0,Burton,Wycombe,2.0,3.0,,,5.0,6.0,1.0,4.0,0.0,0.0,10.0,14.0,Desconocido
Championship,407.0,,,False,2024-10-22,43.0,1355.0,Cardiff,Portsmouth,2.0,0.0,,,12.0,5.0,2.0,2.0,0.0,0.0,24.0,8.0,Desconocido
La Liga 2,,,,False,2024-10-22,,22018.0,Castellon,Granada,2.0,3.0,,,6.0,1.0,2.0,6.0,0.0,1.0,11.0,11.0,Desconocido
League 2,42,England,,False,2024-10-22,1372,1343,Cheltenham,Bradford,1.0,1.0,,,7.0,10.0,3.0,1.0,0.0,0.0,9.0,15.0,J. O'Connor
League 2,42,England,,False,2024-10-22,1345,1361,Chesterfield,Colchester,1.0,1.0,,,17.0,0.0,2.0,3.0,0.0,0.0,24.0,4.0,D. Baines
League 1,41,England,,False,2024-10-22,1362,1379,Crawley Town,Lincoln,3.0,0.0,,,0.0,10.0,2.0,2.0,0.0,0.0,8.0,8.0,C. Brook
National League,43.0,,,False,2024-10-22,,1822.0,Dag and Red,Eastleigh,2.0,2.0,,,,,2.0,3.0,0.0,1.0,,,Desconocido
League 2,42,England,,False,2024-10-22,1354,1832,Doncaster,Bromley,0.0,1.0,,,11.0,8.0,1.0,4.0,0.0,0.0,22.0,12.0,Z. Kennard-Kettle
League 1,,,,False,2024-10-22,,53.0,Exeter,Reading,1.0,2.0,,,8.0,5.0,1.0,1.0,0.0,0.0,18.0,11.0,Desconocido
League 2,42,England,,False,2024-10-22,1336,1363,Fleetwood Town,Crewe,0.0,1.0,,,8.0,5.0,0.0,2.0,0.0,0.0,15.0,7.0,S. Stockbridge
National League,43.0,,,False,2024-10-22,1378.0,,Forest Green,Ebbsfleet,3.0,1.0,,,,,1.0,1.0,0.0,0.0,,,Desconocido
League 2,42,England,,False,2024-10-22,1347,1367,Gillingham,Newport County,0.0,2.0,,,9.0,0.0,2.0,2.0,0.0,0.0,25.0,4.0,F. Hallam
League 2,,,,False,2024-10-22,,1351.0,Harrogate,Port Vale,0.0,1.0,,,5.0,9.0,1.0,2.0,0.0,0.0,12.0,20.0,Desconocido
Championship,407.0,,,False,2024-10-22,63.0,38.0,Leeds,Watford,2.0,1.0,,,10.0,4.0,2.0,1.0,0.0,0.0,24.0,9.0,Desconocido
League 1,41,England,,False,2024-10-22,1373,73,Leyton Orient,Rotherham,1.0,0.0,,,3.0,8.0,2.0,1.0,0.0,0.0,12.0,11.0,A. Chilowicz
National League,43.0,,,False,2024-10-22,1838.0,1349.0,Maidenhead,Oldham,2.0,2.0,,,,,1.0,3.0,0.0,0.0,,,Desconocido
League 2,,,,False,2024-10-22,1348.0,,Milton Keynes Dons,Accrington,2.0,1.0,,,1.0,5.0,4.0,6.0,0.0,0.0,5.0,14.0,Desconocido
La Liga 2,141,Spain,,False,2024-10-22,718,799,Oviedo,Mirandes,4.0,1.0,,,5.0,3.0,1.0,3.0,0.0,0.0,16.0,5.0,Álvaro Moreno
Championship,407.0,,,False,2024-10-22,,69.0,Oxford,Derby,1.0,1.0,,,1.0,6.0,1.0,5.0,0.0,0.0,11.0,17.0,Desconocido
Ligue 2,62.0,,,False,2024-10-22,,1305.0,Pau FC,Bastia,1.0,1.0,,,6.0,3.0,2.0,2.0,0.0,0.0,8.0,10.0,Desconocido
League 1,,,,False,2024-10-22,,1356.0,Peterboro,Blackpool,5.0,1.0,,,2.0,3.0,1.0,1.0,0.0,0.0,8.0,11.0,Desconocido
Championship,407.0,,,False,2024-10-22,59.0,71.0,Preston,Norwich,2.0,2.0,,,5.0,2.0,2.0,3.0,0.0,0.0,8.0,9.0,Desconocido
Championship,407.0,,,False,2024-10-22,72.0,1346.0,QPR,Coventry,1.0,1.0,,,7.0,3.0,2.0,1.0,0.0,0.0,16.0,8.0,Desconocido
National League,43.0,,,False,2024-10-22,1339.0,,Rochdale,Halifax,2.0,1.0,,,,,2.0,1.0,0.0,0.0,,,Desconocido
League 2,,,,False,2024-10-22,,,Salford,Swindon,2.0,1.0,,,6.0,1.0,2.0,1.0,0.0,0.0,16.0,6.0,Desconocido
Championship,407.0,,,False,2024-10-22,,76.0,Sheffield Weds,Swansea,0.0,0.0,,,9.0,6.0,0.0,4.0,0.0,0.0,8.0,9.0,Desconocido
League 1,,,,False,2024-10-22,1368.0,,Stevenage,Cambridge,0.0,2.0,,,4.0,3.0,2.0,2.0,0.0,0.0,10.0,12.0,Desconocido
League 1,,,,False,2024-10-22,,1337.0,Stockport,Northampton,1.0,1.0,,,6.0,1.0,1.0,4.0,0.0,0.0,17.0,7.0,Desconocido
Championship,407.0,,,False,2024-10-22,,56.0,Stoke,Bristol City,2.0,2.0,,,6.0,13.0,3.0,1.0,0.0,0.0,10.0,28.0,Desconocido
National League,43.0,,,False,2024-10-22,7752.0,,Tamworth,Yeovil,0.0,0.0,,,,,0.0,2.0,0.0,1.0,,,Desconocido
League 2,42,England,,False,2024-10-22,1381,1365,Tranmere,Grimsby,0.0,1.0,,,4.0,2.0,6.0,2.0,0.0,0.0,18.0,10.0,B. Toner
League 2,42,England,,False,2024-10-22,1342,1371,Walsall,Carlisle,3.0,1.0,,,5.0,2.0,2.0,2.0,0.0,0.0,10.0,7.0,S. Oldham
League 1,,,,False,2024-10-22,61.0,,Wigan,Mansfield,1.0,2.0,,,4.0,1.0,0.0,3.0,0.0,0.0,22.0,4.0,Desconocido
League 1,41,England,,False,2024-10-22,1837,37,Wrexham,Huddersfield,0.0,0.0,,,5.0,3.0,1.0,3.0,0.0,0.0,5.0,10.0,A. Herczeg
National League,43.0,,,False,2024-10-22,1828.0,1369.0,York,Barnet,3.0,1.0,,,,,2.0,0.0,0.0,0.0,,,Desconocido
La Liga 2,141,Spain,,False,2024-10-21,722,9580,Albacete,Burgos,2.0,0.0,,,2.0,7.0,0.0,1.0,0.0,0.0,18.0,9.0,Carlos Muñiz
Turkey Super Lig,,,,False,2024-10-21,,1007.0,Bodrumspor,Rizespor,0.0,1.0,,,5.0,0.0,2.0,2.0,0.0,0.0,13.0,6.0,Desconocido
Premier League,569.0,,,False,2024-10-21,,52.0,Nott'm Forest,Crystal Palace,1.0,0.0,,,6.0,6.0,2.0,3.0,0.0,0.0,20.0,20.0,Desconocido
Ligue 2,62.0,,,False,2024-10-21,,114.0,Troyes,Paris FC,0.0,3.0,,,6.0,3.0,1.0,3.0,0.0,0.0,11.0,11.0,Desconocido
La Liga,140.0,,,False,2024-10-21,532.0,534.0,Valencia,Las Palmas,2.0,3.0,,,11.0,2.0,4.0,9.0,1.0,0.0,14.0,11.0,Desconocido
Serie A,71.0,,,False,2024-10-21,,1579.0,Verona,Monza,0.0,3.0,,,9.0,6.0,3.0,2.0,0.0,0.0,16.0,10.0,Desconocido
Super League Greece,,,,False,2024-10-20,,619.0,AEK,PAOK,1.0,1.0,,,5.0,2.0,2.0,1.0,0.0,0.0,7.0,4.0,Desconocido
Turkey Super Lig,,,,False,2024-10-20,996.0,,Alanyaspor,Kasimpasa,1.0,2.0,,,7.0,2.0,4.0,1.0,0.0,0.0,13.0,10.0,Desconocido
Super League Greece,,,,False,2024-10-20,3408.0,,Aris,Athens Kallithea,2.0,0.0,,,10.0,0.0,0.0,0.0,0.0,0.0,19.0,4.0,Desconocido
La Liga,140.0,,,False,2024-10-20,,537.0,Ath Madrid,Leganes,3.0,1.0,,,8.0,2.0,5.0,1.0,0.0,0.0,24.0,5.0,Desconocido
Ligue 1,61.0,,,False,2024-10-20,108.0,93.0,Auxerre,Reims,2.0,1.0,,,5.0,9.0,2.0,3.0,0.0,0.0,10.0,15.0,Desconocido
La Liga,140.0,,,False,2024-10-20,529.0,536.0,Barcelona,Sevilla,5.0,1.0,,,5.0,5.0,1.0,2.0,0.0,0.0,21.0,7.0,Desconocido
Turkey Super Lig,,,,False,2024-10-20,,607.0,Besiktas,Konyaspor,2.0,0.0,,,9.0,5.0,2.0,4.0,0.0,0.0,16.0,11.0,Desconocido
La Liga 2,,,,False,2024-10-20,724.0,,Cadiz,Santander,0.0,1.0,,,4.0,9.0,6.0,3.0,0.0,0.0,16.0,14.0,Desconocido
Serie A,71.0,,,False,2024-10-20,490.0,503.0,Cagliari,Torino,3.0,2.0,,,9.0,12.0,1.0,3.0,0.0,0.0,18.0,17.0,Desconocido
Serie B,72.0,,,False,2024-10-20,1581.0,1693.0,Carrarese,Mantova,1.0,1.0,,,5.0,3.0,1.0,4.0,0.0,0.0,16.0,9.0,Desconocido
Serie B,72.0,,,False,2024-10-20,509.0,498.0,Cesena,Sampdoria,3.0,5.0,,,3.0,5.0,3.0,2.0,1.0,0.0,10.0,14.0,Desconocido
La Liga 2,,,,False,2024-10-20,797.0,,Elche,Sp Gijon,2.0,1.0,,,4.0,4.0,0.0,7.0,0.0,0.0,12.0,9.0,Desconocido
Serie A,71.0,,,False,2024-10-20,511.0,492.0,Empoli,Napoli,0.0,1.0,,,7.0,7.0,2.0,2.0,0.0,0.0,11.0,9.0,Desconocido
La Liga 2,,,,False,2024-10-20,,726.0,Ferrol,Huesca,0.0,0.0,,,8.0,3.0,3.0,2.0,1.0,0.0,13.0,10.0,Desconocido
Jupiler Pro League,144.0,,,False,2024-10-20,742.0,,Genk,St Truiden,3.0,2.0,,,9.0,1.0,1.0,4.0,0.0,2.0,19.0,13.0,Desconocido
Bundesliga 2,,,,False,2024-10-20,,,Greuther Furth,Nurnberg,0.0,4.0,,,3.0,3.0,3.0,2.0,0.0,0.0,9.0,13.0,Desconocido
Eredivisie,88.0,,,False,2024-10-20,202.0,207.0,Groningen,Utrecht,0.0,1.0,,,4.0,5.0,2.0,4.0,0.0,0.0,15.0,10.0,Desconocido
Bundesliga 2,,,,False,2024-10-20,,,Hamburg,Magdeburg,3.0,1.0,,,4.0,7.0,2.0,2.0,1.0,0.0,13.0,14.0,Desconocido
Eredivisie,88.0,,,False,2024-10-20,206.0,194.0,Heracles,Ajax,3.0,4.0,,,3.0,0.0,2.0,4.0,1.0,0.0,14.0,18.0,Desconocido
Bundesliga,218.0,,,False,2024-10-20,191.0,182.0,Holstein Kiel,Union Berlin,0.0,2.0,,,7.0,3.0,2.0,1.0,0.0,0.0,12.0,14.0,Desconocido
Championship,407.0,,,False,2024-10-20,,746.0,Hull,Sunderland,0.0,1.0,,,4.0,4.0,1.0,1.0,0.0,0.0,8.0,10.0,Desconocido
Serie B,72.0,,,False,2024-10-20,863.0,520.0,Juve Stabia,Cremonese,1.0,2.0,,,6.0,2.0,0.0,3.0,0.0,0.0,15.0,16.0,Desconocido
Premiership Escocia,179,Scotland,,False,2024-10-20,250,257,Kilmarnock,Rangers,1.0,0.0,,,1.0,6.0,1.0,3.0,0.0,0.0,10.0,15.0,S. McLean
Ligue 1,61.0,,,False,2024-10-20,111.0,80.0,Le Havre,Lyon,0.0,4.0,,,4.0,6.0,3.0,4.0,0.0,0.0,7.0,16.0,Desconocido
Serie A,71.0,,,False,2024-10-20,867.0,502.0,Lecce,Fiorentina,0.0,6.0,,,1.0,3.0,0.0,5.0,1.0,0.0,5.0,19.0,Desconocido
Premier League,569.0,,,False,2024-10-20,40.0,49.0,Liverpool,Chelsea,2.0,1.0,,,1.0,6.0,4.0,3.0,0.0,0.0,9.0,12.0,Desconocido
La Liga,140.0,,,False,2024-10-20,798.0,,Mallorca,Vallecano,1.0,0.0,,,9.0,2.0,1.0,1.0,0.0,0.0,19.0,10.0,Desconocido
Jupiler Pro League,144.0,,,False,2024-10-20,,734.0,Mechelen,Kortrijk,3.0,0.0,,,5.0,4.0,5.0,1.0,0.0,0.0,14.0,11.0,Desconocido
Ligue 1,61.0,,,False,2024-10-20,82.0,81.0,Montpellier,Marseille,0.0,5.0,,,3.0,2.0,1.0,3.0,1.0,0.0,13.0,21.0,Desconocido
Ligue 1,61.0,,,False,2024-10-20,83.0,84.0,Nantes,Nice,1.0,1.0,,,4.0,8.0,2.0,1.0,0.0,0.0,11.0,13.0,Desconocido
Super League Greece,,,,False,2024-10-20,,617.0,OFI Crete,Panathinaikos,0.0,1.0,,,3.0,4.0,3.0,3.0,0.0,0.0,8.0,6.0,Desconocido
Super League Greece,,,,False,2024-10-20,3415.0,,Olympiakos,Levadeiakos,2.0,2.0,,,7.0,2.0,1.0,7.0,0.0,0.0,13.0,3.0,Desconocido
Jupiler Pro League,144.0,,,False,2024-10-20,,740.0,Oud-Heverlee Leuven,Antwerp,1.0,1.0,,,10.0,5.0,0.0,0.0,0.0,0.0,15.0,7.0,Desconocido
Serie B,72.0,,,False,2024-10-20,880.0,512.0,Reggiana,Frosinone,2.0,0.0,,,0.0,8.0,4.0,2.0,0.0,0.0,8.0,13.0,Desconocido
Serie A,71.0,,,False,2024-10-20,,505.0,Roma,Inter,0.0,1.0,,,3.0,3.0,2.0,3.0,0.0,0.0,14.0,11.0,Desconocido
Turkey Super Lig,,,,False,2024-10-20,3603.0,,Samsunspor,Fenerbahce,2.0,2.0,,,4.0,2.0,5.0,5.0,0.0,0.0,11.0,9.0,Desconocido
Turkey Super Lig,203,Turkey,,False,2024-10-20,1002,3575,Sivasspor,Hatayspor,3.0,2.0,,,8.0,7.0,1.0,1.0,0.0,0.0,14.0,9.0,M. Türkmen
Jupiler Pro League,144.0,,,False,2024-10-20,,736.0,Standard,Charleroi,2.0,1.0,,,5.0,5.0,2.0,2.0,0.0,0.0,14.0,13.0,Desconocido
Ligue 1,61.0,,,False,2024-10-20,96.0,77.0,Toulouse,Angers,1.0,1.0,,,8.0,2.0,2.0,4.0,0.0,0.0,18.0,8.0,Desconocido
Bundesliga 2,,,,False,2024-10-20,,,Ulm,Karlsruhe,0.0,1.0,,,5.0,12.0,3.0,3.0,0.0,0.0,11.0,16.0,Desconocido
Serie A,71.0,,,False,2024-10-20,517.0,499.0,Venezia,Atalanta,0.0,2.0,,,2.0,5.0,1.0,1.0,0.0,0.0,12.0,16.0,Desconocido
La Liga,140.0,,,False,2024-10-20,533.0,546.0,Villarreal,Getafe,1.0,1.0,,,5.0,5.0,4.0,3.0,0.0,0.0,10.0,21.0,Desconocido
Eredivisie,88.0,,,False,2024-10-20,195.0,,Willem II,For Sittard,0.0,0.0,,,2.0,10.0,1.0,1.0,0.0,0.0,5.0,22.0,Desconocido
Bundesliga,218.0,,,False,2024-10-20,,162.0,Wolfsburg,Werder Bremen,2.0,4.0,,,4.0,4.0,1.0,1.0,1.0,0.0,14.0,15.0,Desconocido
Premier League,569.0,,,False,2024-10-20,39.0,,Wolves,Man City,1.0,2.0,,,1.0,18.0,4.0,1.0,0.0,0.0,3.0,22.0,Desconocido
La Liga 2,141,Spain,,False,2024-10-20,732,723,Zaragoza,Almeria,1.0,2.0,,,8.0,1.0,2.0,6.0,0.0,0.0,15.0,13.0,Sergiu Muresan
Eredivisie,88.0,,,False,2024-10-20,,203.0,Zwolle,NAC Breda,1.0,2.0,,,7.0,4.0,1.0,2.0,0.0,0.0,10.0,12.0,Desconocido
Eredivisie,88.0,,,False,2024-10-19,201.0,197.0,AZ Alkmaar,PSV Eindhoven,1.0,2.0,,,0.0,3.0,0.0,0.0,1.0,0.0,5.0,17.0,Desconocido
League 2,,,,False,2024-10-19,,1819.0,Accrington,Barrow,1.0,0.0,,,2.0,9.0,4.0,1.0,0.0,0.0,6.0,12.0,Desconocido
National League,43.0,,,False,2024-10-19,,1822.0,Aldershot,Eastleigh,2.0,1.0,,,,,3.0,5.0,0.0,0.0,,,Desconocido
National League,43.0,,,False,2024-10-19,4700.0,1823.0,Altrincham,Gateshead,2.0,2.0,,,,,3.0,1.0,0.0,0.0,,,Desconocido
Ligue 2,62.0,,,False,2024-10-19,87.0,,Amiens,Ajaccio,3.0,1.0,,,4.0,4.0,1.0,2.0,0.0,0.0,15.0,14.0,Desconocido
Turkey Super Lig,203,Turkey,,False,2024-10-19,1005,645,Antalyaspor,Galatasaray,0.0,3.0,,,5.0,7.0,2.0,4.0,0.0,0.0,12.0,14.0,A. Şansalan
League 1 Escocia,183,Scotland,,False,2024-10-19,4249,1382,Arbroath,Dumbarton,1.0,3.0,,,3.0,6.0,2.0,4.0,0.0,0.0,4.0,11.0,G. Soutar
La Liga,140.0,,,False,2024-10-19,,,Ath Bilbao,Espanol,4.0,1.0,,,5.0,5.0,2.0,3.0,0.0,0.0,10.0,5.0,Desconocido
Super League Greece,197,Greece,,False,2024-10-19,12260,949,Atromitos,Panetolikos,0.0,2.0,,,8.0,2.0,1.0,0.0,0.0,0.0,15.0,8.0,A. Evangelou
Championship Escocia,,,,False,2024-10-19,,255.0,Ayr,Livingston,1.0,2.0,,,9.0,1.0,3.0,4.0,0.0,0.0,19.0,5.0,Desconocido
Bundesliga,218.0,,,False,2024-10-19,,,Bayern Munich,Stuttgart,4.0,0.0,,,7.0,3.0,0.0,2.0,0.0,0.0,22.0,4.0,Desconocido
Championship,407.0,,,False,2024-10-19,67.0,76.0,Blackburn,Swansea,1.0,0.0,,,3.0,8.0,1.0,2.0,0.0,0.0,8.0,14.0,Desconocido
League 1,41,England,,False,2024-10-19,1356,747,Blackpool,Barnsley,1.0,2.0,,,4.0,6.0,2.0,1.0,0.0,0.0,18.0,10.0,P. Howard
League 1,,,,False,2024-10-19,68.0,,Bolton,Burton,2.0,1.0,,,8.0,4.0,2.0,3.0,0.0,0.0,18.0,8.0,Desconocido
League 2 Escocia,,,,False,2024-10-19,,6766.0,Bonnyrigg Rose,Edinburgh City,2.0,0.0,,,8.0,3.0,2.0,2.0,0.0,0.0,12.0,7.0,Desconocido
National League,43.0,,,False,2024-10-19,,,Boston Utd,Halifax,0.0,1.0,,,,,4.0,2.0,0.0,1.0,,,Desconocido
Premier League,569.0,,,False,2024-10-19,35.0,9419.0,Bournemouth,Arsenal,2.0,0.0,,,7.0,4.0,1.0,1.0,0.0,1.0,13.0,6.0,Desconocido
League 2,42,England,,False,2024-10-19,1343,1347,Bradford,Gillingham,2.0,1.0,,,8.0,4.0,5.0,4.0,0.0,0.0,16.0,6.0,R. Joyce
Serie B,136,Italy,,False,2024-10-19,518,488,Brescia,Sassuolo,2.0,5.0,,,3.0,3.0,2.0,3.0,0.0,0.0,20.0,21.0,A. Prontera
Ligue 1,61.0,,,False,2024-10-19,,94.0,Brest,Rennes,1.0,1.0,,,2.0,4.0,2.0,2.0,0.0,0.0,12.0,6.0,Desconocido
League 2,42,England,,False,2024-10-19,1832,1381,Bromley,Tranmere,1.0,2.0,,,9.0,6.0,1.0,5.0,0.0,0.0,25.0,11.0,S. Tallis
League 1,,,,False,2024-10-19,,61.0,Cambridge,Wigan,2.0,0.0,,,0.0,4.0,5.0,2.0,0.0,0.0,11.0,7.0,Desconocido
Championship,407.0,,,False,2024-10-19,43.0,1357.0,Cardiff,Plymouth,5.0,0.0,,,9.0,1.0,3.0,1.0,0.0,1.0,25.0,6.0,Desconocido
League 2,,,,False,2024-10-19,1371.0,,Carlisle,Harrogate,1.0,1.0,,,2.0,1.0,2.0,0.0,0.0,0.0,23.0,4.0,Desconocido
La Liga 2,,,,False,2024-10-19,,539.0,Castellon,Levante,2.0,0.0,,,4.0,6.0,2.0,3.0,0.0,0.0,15.0,12.0,Desconocido
La Liga,140.0,,,False,2024-10-19,,541.0,Celta,Real Madrid,1.0,2.0,,,6.0,2.0,2.0,1.0,0.0,0.0,13.0,10.0,Desconocido
Premiership Escocia,179,Scotland,,False,2024-10-19,247,252,Celtic,Aberdeen,2.0,2.0,,,19.0,2.0,1.0,5.0,0.0,0.0,32.0,8.0,N. Walsh
Jupiler Pro League,144.0,,,False,2024-10-19,741.0,6215.0,Cercle Brugge,Dender,0.0,0.0,,,5.0,3.0,1.0,4.0,0.0,1.0,13.0,4.0,Desconocido
League 1,,,,False,2024-10-19,1335.0,,Charlton,Stockport,1.0,1.0,,,12.0,2.0,1.0,4.0,0.0,1.0,15.0,8.0,Desconocido
Serie B,72.0,,,False,2024-10-19,510.0,10137.0,Cittadella,Cosenza,0.0,0.0,,,9.0,5.0,4.0,3.0,0.0,1.0,21.0,10.0,Desconocido
League 2,42,England,,False,2024-10-19,1361,1372,Colchester,Cheltenham,1.0,2.0,,,5.0,3.0,1.0,1.0,0.0,0.0,20.0,6.0,B. Speedie
Serie A,71.0,,,False,2024-10-19,895.0,523.0,Como,Parma,1.0,1.0,,,7.0,4.0,1.0,2.0,0.0,0.0,11.0,9.0,Desconocido
League 1 Escocia,,,,False,2024-10-19,6763.0,,Cove Rangers,Queen of Sth,2.0,0.0,,,3.0,5.0,0.0,0.0,0.0,0.0,9.0,5.0,Desconocido
League 2,,,,False,2024-10-19,1363.0,,Crewe,Salford,1.0,1.0,,,8.0,4.0,0.0,3.0,0.0,0.0,7.0,11.0,Desconocido
National League,43.0,,,False,2024-10-19,,,Dag and Red,Fylde,4.0,0.0,,,,,0.0,2.0,0.0,0.0,,,Desconocido
Premiership Escocia,,,,False,2024-10-19,,249.0,Dundee United,Hibernian,3.0,2.0,,,5.0,5.0,2.0,2.0,0.0,1.0,8.0,8.0,Desconocido
Championship Escocia,180,Scotland,,False,2024-10-19,1388,1383,Dunfermline,Morton,0.0,0.0,,,6.0,0.0,3.0,1.0,0.0,0.0,12.0,7.0,R. Lee
Turkey Super Lig,,,,False,2024-10-19,,,Eyupspor,Goztep,1.0,0.0,,,4.0,3.0,0.0,2.0,0.0,0.0,9.0,10.0,Desconocido
National League,43.0,,,False,2024-10-19,1378.0,,Forest Green,Braintree Town,2.0,1.0,,,,,1.0,2.0,0.0,0.0,,,Desconocido
League 2 Escocia,,,,False,2024-10-19,,6764.0,Forfar,East Fife,0.0,0.0,,,2.0,7.0,2.0,2.0,0.0,0.0,6.0,5.0,Desconocido
Bundesliga,218.0,,,False,2024-10-19,,,Freiburg,Augsburg,3.0,1.0,,,5.0,4.0,1.0,1.0,0.0,0.0,15.0,9.0,Desconocido
Premier League,569.0,,,False,2024-10-19,36.0,66.0,Fulham,Aston Villa,1.0,3.0,,,6.0,11.0,3.0,3.0,1.0,1.0,10.0,14.0,Desconocido
Serie A,71.0,,,False,2024-10-19,495.0,500.0,Genoa,Bologna,2.0,2.0,,,1.0,7.0,2.0,0.0,0.0,0.0,10.0,12.0,Desconocido
La Liga,140.0,,,False,2024-10-19,547.0,,Girona,Sociedad,0.0,1.0,,,6.0,6.0,2.0,1.0,0.0,0.0,8.0,14.0,Desconocido
Eredivisie,88.0,,,False,2024-10-19,,209.0,Go Ahead Eagles,Feyenoord,1.0,5.0,,,2.0,6.0,1.0,2.0,0.0,0.0,8.0,23.0,Desconocido
La Liga 2,,,,False,2024-10-19,22018.0,719.0,Granada,Tenerife,4.0,0.0,,,7.0,1.0,3.0,2.0,0.0,0.0,18.0,6.0,Desconocido
League 2,42,England,,False,2024-10-19,1365,1342,Grimsby,Walsall,1.0,4.0,,,4.0,6.0,2.0,0.0,0.0,0.0,8.0,14.0,S. Jackson
Bundesliga 2,,,,False,2024-10-19,,,Hannover,Schalke 04,1.0,0.0,,,7.0,2.0,0.0,4.0,0.0,0.0,15.0,7.0,Desconocido
Premiership Escocia,,,,False,2024-10-19,,,Hearts,St Mirren,4.0,0.0,,,1.0,6.0,0.0,5.0,0.0,0.0,12.0,5.0,Desconocido
Bundesliga,218.0,,,False,2024-10-19,,,Hoffenheim,Bochum,3.0,1.0,,,4.0,2.0,1.0,1.0,0.0,0.0,12.0,13.0,Desconocido
League 1,,,,False,2024-10-19,37.0,,Huddersfield,Bristol Rvs,3.0,1.0,,,9.0,1.0,1.0,2.0,0.0,0.0,16.0,3.0,Desconocido
League 1 Escocia,,,,False,2024-10-19,,6757.0,Inverness C,Annan Athletic,1.0,0.0,,,5.0,1.0,3.0,3.0,0.0,0.0,7.0,2.0,Desconocido
Premier League,569.0,,,False,2024-10-19,57.0,45.0,Ipswich,Everton,0.0,2.0,,,5.0,8.0,1.0,1.0,0.0,0.0,13.0,11.0,Desconocido
Serie A,71.0,,,False,2024-10-19,10019.0,487.0,Juventus,Lazio,1.0,0.0,,,7.0,1.0,4.0,2.0,0.0,1.0,16.0,2.0,Desconocido
Bundesliga 2,,,,False,2024-10-19,,,Kaiserslautern,Paderborn,3.0,0.0,,,5.0,5.0,3.0,3.0,0.0,1.0,13.0,13.0,Desconocido
Turkey Super Lig,,,,False,2024-10-19,1001.0,,Kayserispor,Gaziantep,2.0,2.0,,,13.0,0.0,3.0,1.0,0.0,0.0,14.0,8.0,Desconocido
League 1 Escocia,183,Scotland,,False,2024-10-19,6773,4251,Kelty Hearts,Montrose,0.0,2.0,,,3.0,6.0,2.0,2.0,1.0,0.0,2.0,7.0,G. Duncan
La Liga 2,,,,False,2024-10-19,,9692.0,La Coruna,Eldense,1.0,1.0,,,16.0,4.0,3.0,4.0,0.0,0.0,26.0,6.0,Desconocido
Super League Greece,197,Greece,,False,2024-10-19,956,955,Lamia,Asteras Tripolis,0.0,0.0,,,6.0,5.0,2.0,3.0,0.0,0.0,8.0,6.0,K. Katikos
Bundesliga,218.0,,,False,2024-10-19,,,Leverkusen,Ein Frankfurt,2.0,1.0,,,8.0,3.0,2.0,1.0,0.0,0.0,27.0,9.0,Desconocido
League 1,41,England,,False,2024-10-19,1379,54,Lincoln,Birmingham,1.0,3.0,,,8.0,5.0,0.0,3.0,0.0,0.0,8.0,7.0,S. Mather
Ligue 2,62.0,,,False,2024-10-19,97.0,3012.0,Lorient,Annecy,4.0,2.0,,,6.0,1.0,1.0,2.0,0.0,0.0,19.0,9.0,Desconocido
Championship,407.0,,,False,2024-10-19,1359.0,38.0,Luton,Watford,3.0,0.0,,,11.0,4.0,3.0,2.0,0.0,0.0,13.0,9.0,Desconocido
Bundesliga,218.0,,,False,2024-10-19,,,M'gladbach,Heidenheim,3.0,2.0,,,6.0,3.0,3.0,3.0,0.0,0.0,20.0,19.0,Desconocido
National League,43.0,,,False,2024-10-19,1838.0,1366.0,Maidenhead,Hartlepool,1.0,1.0,,,,,2.0,0.0,0.0,0.0,,,Desconocido
Bundesliga,218.0,,,False,2024-10-19,,173.0,Mainz,RB Leipzig,0.0,2.0,,,5.0,3.0,1.0,3.0,0.0,0.0,16.0,11.0,Desconocido
La Liga 2,141,Spain,,False,2024-10-19,535,718,Malaga,Oviedo,0.0,0.0,,,6.0,6.0,2.0,3.0,0.0,1.0,12.0,20.0,Miguel Sesma
Premier League,569.0,,,False,2024-10-19,,55.0,Man United,Brentford,2.0,1.0,,,9.0,2.0,2.0,2.0,0.0,0.0,23.0,8.0,Desconocido
League 1,,,,False,2024-10-19,,1368.0,Mansfield,Stevenage,0.0,1.0,,,9.0,2.0,2.0,1.0,0.0,0.0,15.0,10.0,Desconocido
Championship,407.0,,,False,2024-10-19,70.0,56.0,Middlesbrough,Bristol City,0.0,2.0,,,7.0,0.0,5.0,3.0,0.0,0.0,20.0,9.0,Desconocido
Serie A,71.0,,,False,2024-10-19,,494.0,Milan,Udinese,1.0,0.0,,,8.0,4.0,2.0,3.0,1.0,0.0,10.0,13.0,Desconocido
Championship,407.0,,,False,2024-10-19,58.0,69.0,Millwall,Derby,1.0,1.0,,,9.0,5.0,2.0,0.0,0.0,0.0,16.0,5.0,Desconocido
La Liga 2,141,Spain,,False,2024-10-19,799,545,Mirandes,Eibar,1.0,0.0,,,4.0,3.0,2.0,5.0,0.0,1.0,8.0,7.0,Andrés Fuentes
Serie B,72.0,,,False,2024-10-19,899.0,522.0,Modena,Palermo,2.0,2.0,,,7.0,6.0,3.0,2.0,0.0,0.0,16.0,12.0,Desconocido
League 2,42,England,,False,2024-10-19,1375,1348,Morecambe,Milton Keynes Dons,1.0,3.0,,,9.0,4.0,0.0,3.0,0.0,0.0,18.0,16.0,W. Finnie
Premiership Escocia,179,Scotland,,False,2024-10-19,256,253,Motherwell,Dundee,0.0,1.0,,,3.0,5.0,0.0,2.0,0.0,0.0,10.0,15.0,E. Anderson
Premier League,569.0,,,False,2024-10-19,34.0,51.0,Newcastle,Brighton,0.0,1.0,,,9.0,4.0,2.0,2.0,0.0,0.0,21.0,10.0,Desconocido
Eredivisie,88.0,,,False,2024-10-19,,210.0,Nijmegen,Heerenveen,3.0,0.0,,,4.0,4.0,0.0,3.0,0.0,0.0,12.0,8.0,Desconocido
League 1,41,England,,False,2024-10-19,1337,1373,Northampton,Leyton Orient,1.0,0.0,,,0.0,4.0,3.0,3.0,0.0,0.0,7.0,5.0,O. Mackey
League 2,42,England,,False,2024-10-19,1376,1333,Notts County,AFC Wimbledon,1.0,0.0,,,3.0,1.0,3.0,2.0,0.0,0.0,12.0,16.0,G. Eltringham
La Liga,140.0,,,False,2024-10-19,727.0,,Osasuna,Betis,1.0,2.0,,,10.0,2.0,2.0,1.0,0.0,1.0,19.0,11.0,Desconocido
Championship,407.0,,,False,2024-10-19,,60.0,Oxford,West Brom,1.0,1.0,,,5.0,8.0,3.0,1.0,0.0,0.0,12.0,14.0,Desconocido
Ligue 1,61.0,,,False,2024-10-19,,95.0,Paris SG,Strasbourg,4.0,2.0,,,5.0,5.0,2.0,2.0,0.0,0.0,18.0,16.0,Desconocido
Championship Escocia,,,,False,2024-10-19,901.0,,Partick,Airdrie Utd,2.0,1.0,,,7.0,1.0,2.0,0.0,0.0,1.0,11.0,3.0,Desconocido
League 2,42,England,,False,2024-10-19,1351,1336,Port Vale,Fleetwood Town,3.0,1.0,,,8.0,4.0,0.0,4.0,0.0,0.0,8.0,6.0,J. Mulligan
Championship,407.0,,,False,2024-10-19,59.0,1346.0,Preston,Coventry,1.0,0.0,,,9.0,9.0,4.0,0.0,0.0,0.0,18.0,12.0,Desconocido
Bundesliga 2,,,,False,2024-10-19,1313.0,,Preußen Münster,Elversberg,1.0,1.0,,,3.0,8.0,4.0,2.0,0.0,0.0,5.0,17.0,Desconocido
Championship,407.0,,,False,2024-10-19,72.0,1355.0,QPR,Portsmouth,1.0,2.0,,,3.0,5.0,1.0,3.0,0.0,0.0,15.0,11.0,Desconocido
Championship Escocia,,,,False,2024-10-19,,,Raith Rvs,Queens Park,1.0,1.0,,,10.0,7.0,3.0,1.0,1.0,0.0,11.0,4.0,Desconocido
League 1,41,England,,False,2024-10-19,53,1362,Reading,Crawley Town,4.0,1.0,,,2.0,13.0,1.0,2.0,0.0,0.0,13.0,18.0,E. Duckworth
Bundesliga 2,,,,False,2024-10-19,,,Regensburg,Fortuna Dusseldorf,0.0,3.0,,,4.0,8.0,4.0,1.0,2.0,0.0,10.0,15.0,Desconocido
National League,43.0,,,False,2024-10-19,1339.0,1341.0,Rochdale,Southend,0.0,1.0,,,,,2.0,3.0,0.0,0.0,,,Desconocido
League 1,41,England,,False,2024-10-19,73,1837,Rotherham,Wrexham,0.0,1.0,,,8.0,4.0,1.0,3.0,0.0,0.0,17.0,13.0,B. Atkinson
Serie B,72.0,,,False,2024-10-19,514.0,515.0,Salernitana,Spezia,0.0,2.0,,,5.0,9.0,4.0,1.0,0.0,0.0,18.0,14.0,Desconocido
Championship,407.0,,,False,2024-10-19,,44.0,Sheffield Weds,Burnley,0.0,2.0,,,10.0,3.0,1.0,2.0,0.0,0.0,13.0,14.0,Desconocido
National League,43.0,,,False,2024-10-19,,1369.0,Solihull,Barnet,4.0,3.0,,,,,5.0,2.0,0.0,0.0,,,Desconocido
Premier League,569.0,,,False,2024-10-19,41.0,46.0,Southampton,Leicester,2.0,3.0,,,10.0,6.0,5.0,3.0,1.0,0.0,14.0,18.0,Desconocido
Eredivisie,88.0,,,False,2024-10-19,426.0,,Sparta Rotterdam,Almere City,2.0,2.0,,,5.0,3.0,2.0,3.0,1.0,0.0,19.0,9.0,Desconocido
League 2 Escocia,,,,False,2024-10-19,6781.0,,Spartans,Elgin,1.0,3.0,,,10.0,2.0,3.0,2.0,0.0,0.0,10.0,8.0,Desconocido
Ligue 1,61.0,,,False,2024-10-19,,116.0,St Etienne,Lens,0.0,2.0,,,2.0,7.0,1.0,2.0,0.0,0.0,15.0,13.0,Desconocido
Premiership Escocia,,,,False,2024-10-19,,902.0,St Johnstone,Ross County,3.0,0.0,,,5.0,3.0,1.0,0.0,0.0,2.0,18.0,7.0,Desconocido
Jupiler Pro League,144.0,,,False,2024-10-19,,631.0,St. Gilloise,Gent,0.0,0.0,,,5.0,3.0,2.0,4.0,0.0,0.0,20.0,11.0,Desconocido
League 1 Escocia,,,,False,2024-10-19,6784.0,,Stenhousemuir,Alloa,0.0,1.0,,,6.0,7.0,2.0,1.0,0.0,0.0,17.0,12.0,Desconocido
League 2 Escocia,,,,False,2024-10-19,,6762.0,Stirling,Clyde,3.0,1.0,,,9.0,4.0,0.0,3.0,0.0,0.0,13.0,7.0,Desconocido
Championship,407.0,,,False,2024-10-19,,71.0,Stoke,Norwich,1.0,1.0,,,8.0,7.0,0.0,1.0,0.0,0.0,14.0,12.0,Desconocido
League 2 Escocia,184,Scotland,,False,2024-10-19,6785,6777,Stranraer,Peterhead,0.0,0.0,,,2.0,5.0,3.0,4.0,0.0,0.0,8.0,12.0,D. Graves
Serie B,72.0,,,False,2024-10-19,1578.0,801.0,Sudtirol,Pisa,1.0,2.0,,,3.0,2.0,1.0,3.0,0.0,0.0,7.0,11.0,Desconocido
National League,43.0,,,False,2024-10-19,,1349.0,Sutton,Oldham,1.0,3.0,,,,,2.0,2.0,0.0,0.0,,,Desconocido
League 2,,,,False,2024-10-19,,1354.0,Swindon,Doncaster,1.0,2.0,,,3.0,12.0,3.0,2.0,0.0,0.0,8.0,14.0,Desconocido
National League,43.0,,,False,2024-10-19,7752.0,1836.0,Tamworth,Woking,3.0,2.0,,,,,0.0,5.0,0.0,0.0,,,Desconocido
Premier League,569.0,,,False,2024-10-19,47.0,48.0,Tottenham,West Ham,4.0,1.0,,,13.0,5.0,1.0,3.0,0.0,1.0,22.0,11.0,Desconocido
Turkey Super Lig,,,,False,2024-10-19,998.0,,Trabzonspor,Buyuksehyr,1.0,0.0,,,8.0,1.0,0.0,4.0,0.0,0.0,15.0,6.0,Desconocido
Super League Greece,197,Greece,,False,2024-10-19,2110,2099,Volos NFC,Panserraikos,0.0,1.0,,,8.0,5.0,3.0,4.0,0.0,0.0,11.0,12.0,A. Katsikogiannis
Eredivisie,88.0,,,False,2024-10-19,417.0,415.0,Waalwijk,Twente,2.0,2.0,,,3.0,10.0,1.0,2.0,0.0,0.0,9.0,16.0,Desconocido
National League,43.0,,,False,2024-10-19,8663.0,,Wealdstone,Yeovil,0.0,3.0,,,,,4.0,1.0,0.0,0.0,,,Desconocido
Jupiler Pro League,144.0,,,False,2024-10-19,,,Westerlo,Club Brugge,1.0,2.0,,,3.0,2.0,5.0,1.0,1.0,0.0,13.0,15.0,Desconocido
League 1,,,,False,2024-10-19,1358.0,,Wycombe,Peterboro,3.0,1.0,,,4.0,1.0,1.0,3.0,0.0,1.0,18.0,10.0,Desconocido
National League,43.0,,,False,2024-10-19,1828.0,,York,Ebbsfleet,4.0,0.0,,,,,3.0,2.0,0.0,0.0,,,Desconocido
La Liga,140.0,,,False,2024-10-18,542.0,720.0,Alaves,Valladolid,2.0,3.0,,,5.0,6.0,6.0,2.0,1.0,0.0,10.0,12.0,Desconocido
Serie B,72.0,,,False,2024-10-18,508.0,1687.0,Bari,Catanzaro,1.0,1.0,,,2.0,5.0,3.0,3.0,0.0,0.0,16.0,18.0,Desconocido
Ligue 2,62.0,,,False,2024-10-18,1305.0,,Bastia,Clermont,0.0,0.0,,,11.0,5.0,2.0,4.0,0.0,1.0,20.0,6.0,Desconocido
Jupiler Pro League,144.0,,,False,2024-10-18,263.0,554.0,Beerschot VA,Anderlecht,2.0,1.0,,,4.0,9.0,4.0,0.0,0.0,0.0,10.0,26.0,Desconocido
La Liga 2,,,,False,2024-10-18,713.0,,Cordoba,Cartagena,2.0,1.0,,,7.0,2.0,4.0,3.0,0.0,0.0,21.0,6.0,Desconocido
Bundesliga 2,,,,False,2024-10-18,,,Darmstadt,FC Koln,5.0,1.0,,,3.0,6.0,2.0,3.0,0.0,0.0,11.0,15.0,Desconocido
Bundesliga,218.0,,,False,2024-10-18,,,Dortmund,St Pauli,2.0,1.0,,,7.0,1.0,2.0,1.0,0.0,0.0,20.0,10.0,Desconocido
Ligue 2,62.0,,,False,2024-10-18,101.0,112.0,Grenoble,Metz,2.0,0.0,,,3.0,10.0,0.0,2.0,0.0,0.0,13.0,13.0,Desconocido
Ligue 2,62.0,,,False,2024-10-18,90.0,,Guingamp,Pau FC,0.0,1.0,,,6.0,5.0,2.0,3.0,0.0,0.0,15.0,13.0,Desconocido
Championship Escocia,,,,False,2024-10-18,,1389.0,Hamilton,Falkirk,1.0,3.0,,,1.0,4.0,7.0,3.0,0.0,0.0,7.0,13.0,Desconocido
Bundesliga 2,,,,False,2024-10-18,,,Hertha,Braunschweig,3.0,1.0,,,7.0,5.0,4.0,1.0,0.0,1.0,16.0,5.0,Desconocido
Ligue 2,62.0,,,False,2024-10-18,433.0,1304.0,Laval,Dunkerque,3.0,2.0,,,0.0,3.0,1.0,2.0,0.0,0.0,3.0,14.0,Desconocido
Championship,407.0,,,False,2024-10-18,63.0,,Leeds,Sheffield United,2.0,0.0,,,7.0,3.0,1.0,2.0,0.0,0.0,13.0,5.0,Desconocido
Ligue 2,62,France,,False,2024-10-18,3200,1301,Martigues,Rodez,0.0,2.0,,,4.0,4.0,2.0,1.0,0.0,0.0,12.0,12.0,R. Landry
Ligue 1,61.0,,,False,2024-10-18,91.0,79.0,Monaco,Lille,0.0,0.0,,,6.0,1.0,1.0,5.0,1.0,0.0,14.0,3.0,Desconocido
League 2,42,England,,False,2024-10-18,1367,1345,Newport County,Chesterfield,0.0,3.0,,,6.0,7.0,3.0,2.0,0.0,0.0,10.0,8.0,T. Parsons
Ligue 2,62.0,,,False,2024-10-18,,88.0,Red Star,Caen,2.0,2.0,,,10.0,7.0,2.0,1.0,0.0,0.0,17.0,10.0,Desconocido
League 1,,,,False,2024-10-17,1352.0,,Shrewsbury,Exeter,0.0,2.0,,,3.0,4.0,0.0,1.0,0.0,0.0,13.0,9.0,Desconocido
FIFA World Cup qualification,34,World,,False,2024-10-15,26,2381,Argentina,Bolivia,6.0,0.0,,,,,,,,,,,K. Ortega
CONCACAF Nations League,536,World,,False,2024-10-15,5527,5157,Barbados,Bahamas,6.0,2.0,,,,,,,,,,,M. Akangou
UEFA Nations League,5,World,,False,2024-10-15,1100,1102,Belarus,Luxembourg,1.0,1.0,,,,,,,,,,,"Atilla Karaoglan, Türkiye"
CONCACAF Nations League,536,World,,False,2024-10-15,5528,5169,Belize,Turks and Caicos Islands,3.0,0.0,,,,,,,,,,,V. Rivas
CONCACAF Nations League,536.0,,,False,2024-10-15,,5531.0,Bermuda,Dominica,3.0,2.0,,,,,,,,,,,Desconocido
African Cup of Nations qualification,,,,False,2024-10-15,1520.0,,Botswana,Cape Verde,1.0,0.0,,,,,,,,,,,Desconocido
FIFA World Cup qualification,34,World,,False,2024-10-15,6,30,Brazil,Peru,4.0,0.0,,,,,,,,,,,E. Ostojich
Friendly,10,World,,False,2024-10-15,5529,11,Canada,Panama,2.0,1.0,,,,,,,,,,,T. Penso
African Cup of Nations qualification,36,World,,False,2024-10-15,1523,1507,Chad,Zambia,0.0,1.0,,,,,,,,,,,K. Waweru
FIFA World Cup qualification,30,World,,False,2024-10-15,1566,1571,China,Indonesia,2.0,1.0,,,,,,,,,,,O. Al Ali
FIFA World Cup qualification,34,World,,False,2024-10-15,8,2383,Colombia,Chile,4.0,0.0,,,,,,,,,,,J. Valenzuela
African Cup of Nations qualification,36,World,,False,2024-10-15,1524,28,Comoros,Tunisia,1.0,1.0,,,,,,,,,,,T. Teklu
African Cup of Nations qualification,36,World,,False,2024-10-15,1517,1531,Congo,South Africa,1.0,1.0,,,,,,,,,,,Mahmood Ismail
CONCACAF Nations League,536.0,,,False,2024-10-15,29.0,,Costa Rica,Guatemala,3.0,0.0,,,,,,,,,,,Desconocido
CONCACAF Nations League,536.0,,,False,2024-10-15,5532.0,5526.0,Dominican Republic,Antigua and Barbuda,5.0,0.0,,,,,,,,,,,Desconocido
African Cup of Nations qualification,36,World,,False,2024-10-15,1506,1509,Ethiopia,Guinea,0.0,3.0,,,,,,,,,,,M. Ghorbal
CONCACAF Nations League,536.0,,,False,2024-10-15,,,Guadeloupe,Martinique,0.0,0.0,,,,,,,,,,,Desconocido
African Cup of Nations qualification,36,World,,False,2024-10-15,1513,1500,Guinea-Bissau,Mali,0.0,0.0,,,,,,,,,,,J. Ouattara
Friendly,10,World,,False,2024-10-15,4460,1543,Hong Kong,Cambodia,3.0,0.0,,,,,,,,,,,Desconocido
FIFA World Cup qualification,30,World,,False,2024-10-15,22,1569,Iran,Qatar,4.0,1.0,,,,,,,,,,,Y. Araki
FIFA World Cup qualification,30,World,,False,2024-10-15,12,20,Japan,Australia,1.0,1.0,,,,,,,,,,,A. Al Ali
FIFA World Cup qualification,30,World,,False,2024-10-15,1548,1552,Jordan,Oman,4.0,0.0,,,,,,,,,,,K. Al Turais
UEFA Nations League,5.0,,,False,2024-10-15,1111.0,,Kosovo,Cyprus,3.0,0.0,,,,,,,,,,,Desconocido
FIFA World Cup qualification,30,World,,False,2024-10-15,1554,1561,Kyrgyzstan,North Korea,1.0,0.0,,,,,,,,,,,M. Al Hoaish
African Cup of Nations qualification,36,World,,False,2024-10-15,1518,1503,Lesotho,Gabon,0.0,2.0,,,,,,,,,,,D. Laryea
UEFA Nations League,5.0,,,False,2024-10-15,1097.0,,Lithuania,Romania,1.0,2.0,,,,,,,,,,,Desconocido
African Cup of Nations qualification,36,World,,False,2024-10-15,1495,13,Malawi,Senegal,0.0,1.0,,,,,,,,,,,B. Tessema
African Cup of Nations qualification,36,World,,False,2024-10-15,1491,32,Mauritania,Egypt,0.0,1.0,,,,,,,,,,,A. Heeralall
Friendly,,,,False,2024-10-15,,,Mexico,United States,2.0,0.0,,,,,,,,,,,Desconocido
African Cup of Nations qualification,,,,False,2024-10-15,,1527.0,Morocco,Central African Republic,4.0,0.0,,,,,,,,,,,Desconocido
African Cup of Nations qualification,36,World,,False,2024-10-15,1505,1529,Niger,Angola,0.0,1.0,,,,,,,,,,,A. Diouf
UEFA Nations League,5,World,,False,2024-10-15,771,1103,Northern Ireland,Bulgaria,5.0,0.0,,,,,,,,,,,"Jérôme Brisard, France"
FIFA World Cup qualification,30,World,,False,2024-10-15,1562,1570,Palestine,Kuwait,2.0,2.0,,,,,,,,,,,A. Al Jassim
FIFA World Cup qualification,34,World,,False,2024-10-15,2380,2379,Paraguay,Venezuela,2.0,1.0,,,,,,,,,,,P. Maza
UEFA Nations League,5,World,,False,2024-10-15,24,3,Poland,Croatia,3.0,3.0,,,,,,,,,,,"Alejandro Hernandez, Spain"
African Cup of Nations qualification,36,World,,False,2024-10-15,1514,1516,Rwanda,Benin,2.0,1.0,,,,,,,,,,,A. Rakotojaona
CONCACAF Nations League,536.0,,,False,2024-10-15,,8169.0,Saint Kitts and Nevis,Cayman Islands,1.0,1.0,,,,,,,,,,,Desconocido
FIFA World Cup qualification,30,World,,False,2024-10-15,23,1547,Saudi Arabia,Bahrain,0.0,0.0,,,,,,,,,,,S. A. Falahi
UEFA Nations League,5,World,,False,2024-10-15,1108,27,Scotland,Portugal,0.0,0.0,,,,,,,,,,,"Lawrence Visser, Belgium"
African Cup of Nations qualification,36,World,,False,2024-10-15,1499,1501,Sierra Leone,Ivory Coast,1.0,0.0,,,,,,,,,,,J. Bito
FIFA World Cup qualification,30,World,,False,2024-10-15,17,1567,South Korea,Iraq,3.0,2.0,,,,,,,,,,,R. Lutfullin
African Cup of Nations qualification,36,World,,False,2024-10-15,1496,1519,South Sudan,Uganda,1.0,2.0,,,,,,,,,,,Ahmed Ghandour
UEFA Nations League,5.0,,,False,2024-10-15,9.0,14.0,Spain,Serbia,3.0,0.0,,,,,,,,,,,Desconocido
African Cup of Nations qualification,36,World,,False,2024-10-15,1510,1504,Sudan,Ghana,2.0,0.0,,,,,,,,,,,M. Malki
CONCACAF Nations League,536,World,,False,2024-10-15,8171,5162,Suriname,Guyana,5.0,1.0,,,,,,,,,,,S. Dewar
UEFA Nations League,5.0,,,False,2024-10-15,15.0,21.0,Switzerland,Denmark,2.0,2.0,,,,,,,,,,,Desconocido
African Cup of Nations qualification,,,,False,2024-10-15,,,Tanzania,DR Congo,0.0,2.0,,,,,,,,,,,Desconocido
ASEAN Championship qualification,24,World,,False,2024-10-15,5537,5538,Timor-Leste,Brunei,0.0,0.0,,,,,,,,,,,T. Somsingha
FIFA World Cup qualification,34,World,,False,2024-10-15,7,2382,Uruguay,Ecuador,0.0,0.0,,,,,,,,,,,C. Garay
FIFA World Cup qualification,30,World,,False,2024-10-15,1568,1563,Uzbekistan,United Arab Emirates,1.0,0.0,,,,,,,,,,,Ma Ning
CONCACAF Nations League,536.0,,,False,2024-10-14,8167.0,2386.0,Aruba,Haiti,3.0,5.0,,,,,,,,,,,Desconocido
UEFA Nations League,5.0,,,False,2024-10-14,1096.0,,Azerbaijan,Slovakia,1.0,3.0,,,,,,,,,,,Desconocido
UEFA Nations League,5.0,,,False,2024-10-14,1.0,2.0,Belgium,France,1.0,2.0,,,,,,,,,,,Desconocido
UEFA Nations League,5.0,,,False,2024-10-14,,,Bosnia and Herzegovina,Hungary,0.0,2.0,,,,,,,,,,,Desconocido
CONCACAF Nations League,536.0,,,False,2024-10-14,5530.0,,Curaçao,Grenada,1.0,0.0,,,,,,,,,,,Desconocido
UEFA Nations League,5,World,,False,2024-10-14,1101,5,Estonia,Sweden,0.0,3.0,,,,,,,,,,,"Juxhin Xhaja, Albania"
African Cup of Nations qualification,36,World,,False,2024-10-14,2995,1512,Eswatini,Mozambique,0.0,3.0,,,,,,,,,,,A. Malong
African Cup of Nations qualification,36,World,,False,2024-10-14,1492,1490,Gambia,Madagascar,1.0,0.0,,,,,,,,,,,B. Karboubi
UEFA Nations League,5,World,,False,2024-10-14,1104,778,Georgia,Albania,0.0,1.0,,,,,,,,,,,"Danny Makkelie, Netherlands"
UEFA Nations League,5.0,,,False,2024-10-14,25.0,1118.0,Germany,Netherlands,1.0,0.0,,,,,,,,,,,Desconocido
UEFA Nations League,5.0,,,False,2024-10-14,,,Iceland,Turkey,2.0,4.0,,,,,,,,,,,Desconocido
UEFA Nations League,5,World,,False,2024-10-14,768,1116,Italy,Israel,4.0,1.0,,,,,,,,,,,"Ricardo De Burgos Bengoetxea, Spain"
CONCACAF Nations League,536,World,,False,2024-10-14,2385,4672,Jamaica,Honduras,0.0,0.0,,,,,,,,,,,A. Villarreal
African Cup of Nations qualification,36,World,,False,2024-10-14,1511,1530,Kenya,Cameroon,0.0,1.0,,,,,,,,,,,Houngnandande
African Cup of Nations qualification,36,World,,False,2024-10-14,1525,1521,Liberia,Equatorial Guinea,1.0,2.0,,,,,,,,,,,B. Sadou Ali
Friendly,10,World,,False,2024-10-14,4673,1538,New Zealand,Malaysia,4.0,0.0,,,,,,,,,,,J. Morgan
CONCACAF Nations League,536.0,,,False,2024-10-14,5164.0,,Nicaragua,French Guiana,3.0,2.0,,,,,,,,,,,Desconocido
CONCACAF Nations League,536.0,,,False,2024-10-14,5539.0,,Puerto Rico,Sint Maarten,2.0,1.0,,,,,,,,,,,Desconocido
CONCACAF Nations League,536.0,,,False,2024-10-14,,10984.0,Saint Lucia,Saint Martin,0.0,4.0,,,,,,,,,,,Desconocido
La Liga 2,,,,False,2024-10-14,,,Sp Gijon,Castellon,2.0,1.0,,,7.0,4.0,3.0,2.0,0.0,0.0,19.0,11.0,Desconocido
King's Cup,504.0,,,False,2024-10-14,1536.0,1555.0,Tajikistan,Philippines,0.0,3.0,,,,,,,,,,,Desconocido
King's Cup,504.0,,,False,2024-10-14,1564.0,,Thailand,Syria,2.0,1.0,,,,,,,,,,,Desconocido
African Cup of Nations qualification,36,World,,False,2024-10-14,1534,1532,Togo,Algeria,0.0,1.0,,,,,,,,,,,J. Ndala
CONCACAF Nations League,536.0,,,False,2024-10-14,5168.0,,Trinidad and Tobago,Cuba,3.0,1.0,,,,,,,,,,,Desconocido
UEFA Nations League,5.0,,,False,2024-10-14,,,Ukraine,Czech Republic,1.0,1.0,,,,,,,,,,,Desconocido
UEFA Nations League,5.0,,,False,2024-10-14,767.0,,Wales,Montenegro,1.0,0.0,,,,,,,,,,,Desconocido
African Cup of Nations qualification,36,World,,False,2024-10-14,1522,1493,Zimbabwe,Namibia,3.0,1.0,,,,,,,,,,,Y. Malala
Friendly,10,World,,False,2024-10-13,1110,1115,Andorra,San Marino,2.0,0.0,,,,,,,,,,,Juan Martínez
UEFA Nations League,5.0,,,False,2024-10-13,,,Armenia,North Macedonia,0.0,2.0,,,,,,,,,,,Desconocido
UEFA Nations League,5.0,,,False,2024-10-13,775.0,1090.0,Austria,Norway,5.0,1.0,,,,,,,,,,,Desconocido
La Liga 2,141,Spain,,False,2024-10-13,9580,799,Burgos,Mirandes,0.0,1.0,,,5.0,6.0,5.0,4.0,0.0,0.0,9.0,11.0,Daniel Palencia
African Cup of Nations qualification,36,World,,False,2024-10-13,1528,1502,Burundi,Burkina Faso,0.0,2.0,,,,,,,,,,,M. Athoumani
La Liga 2,,,,False,2024-10-13,797.0,,Elche,La Coruna,0.0,0.0,,,4.0,3.0,2.0,2.0,0.0,0.0,13.0,10.0,Desconocido
UEFA Nations League,5,World,,False,2024-10-13,1098,1092,Faroe Islands,Latvia,1.0,1.0,,,,,,,,,,,"Philip Farrugia, Malta"
UEFA Nations League,5,World,,False,2024-10-13,1099,10,Finland,England,1.0,3.0,,,,,,,,,,,"Giorgi Kruashvili, Georgia"
La Liga 2,,,,False,2024-10-13,22018.0,713.0,Granada,Cordoba,1.0,0.0,,,5.0,4.0,0.0,2.0,0.0,1.0,18.0,8.0,Desconocido
UEFA Nations League,5.0,,,False,2024-10-13,1117.0,,Greece,Republic of Ireland,2.0,0.0,,,,,,,,,,,Desconocido
La Liga 2,141,Spain,,False,2024-10-13,726,722,Huesca,Albacete,2.0,2.0,,,6.0,5.0,3.0,5.0,0.0,0.0,9.0,5.0,Germán Cid
UEFA Nations League,5,World,,False,2024-10-13,1095,1091,Kazakhstan,Slovenia,0.0,1.0,,,,,,,,,,,"Craig Pawson, England"
UEFA Nations League,5.0,,,False,2024-10-13,1107.0,1093.0,Liechtenstein,Gibraltar,0.0,0.0,,,,,,,,,,,Desconocido
UEFA Nations League,5.0,,,False,2024-10-13,1112.0,,Malta,Moldova,1.0,0.0,,,,,,,,,,,Desconocido
CONCACAF Nations League,536.0,,,False,2024-10-13,8170.0,,Montserrat,Bonaire,0.0,1.0,,,,,,,,,,,Desconocido
Friendly,10,World,,False,2024-10-13,1556,5166,Myanmar,Sri Lanka,0.0,0.0,,,,,,,,,,,Desconocido
La Liga 2,141,Spain,,False,2024-10-13,718,723,Oviedo,Almeria,3.0,2.0,,,6.0,0.0,2.0,3.0,0.0,2.0,24.0,8.0,Marta Huerta
CONCACAF Nations League,536.0,,,False,2024-10-13,,,Saint Vincent and the Grenadines,El Salvador,2.0,1.0,,,,,,,,,,,Desconocido
La Liga 2,,,,False,2024-10-13,,539.0,Santander,Levante,1.0,0.0,,,7.0,3.0,2.0,4.0,0.0,0.0,16.0,6.0,Desconocido
League 2,42,England,,False,2024-10-12,1333,1371,AFC Wimbledon,Carlisle,4.0,0.0,,,6.0,2.0,2.0,2.0,0.0,0.0,13.0,3.0,N. Hair
CONCACAF Nations League,536.0,,,False,2024-10-12,5526.0,5532.0,Antigua and Barbuda,Dominican Republic,0.0,5.0,,,,,,,,,,,Desconocido
CONCACAF Nations League,536.0,,,False,2024-10-12,5157.0,,Bahamas,United States Virgin Islands,3.0,1.0,,,,,,,,,,,Desconocido
League 2,42,England,,False,2024-10-12,1819,1375,Barrow,Morecambe,0.0,1.0,,,3.0,4.0,1.0,4.0,0.0,0.0,10.0,7.0,B. Speedie
UEFA Nations League,5,World,,False,2024-10-12,1100,771,Belarus,Northern Ireland,0.0,0.0,,,,,,,,,,,"Henrik Nalbandyan, Armenia"
CONCACAF Nations League,536.0,,,False,2024-10-12,,5531.0,Bermuda,Dominica,6.0,1.0,,,,,,,,,,,Desconocido
UEFA Nations League,5,World,,False,2024-10-12,1103,1102,Bulgaria,Luxembourg,0.0,0.0,,,,,,,,,,,"David Smajc, Slovenia"
La Liga 2,141,Spain,,False,2024-10-12,724,535,Cadiz,Malaga,2.0,2.0,,,6.0,4.0,1.0,0.0,0.0,0.0,16.0,13.0,Álvaro Moreno
La Liga 2,,,,False,2024-10-12,,,Cartagena,Ferrol,0.0,1.0,,,3.0,1.0,3.0,0.0,0.0,0.0,7.0,5.0,Desconocido
CONCACAF Nations League,536.0,,,False,2024-10-12,8169.0,,Cayman Islands,British Virgin Islands,1.0,0.0,,,,,,,,,,,Desconocido
League 2,,,,False,2024-10-12,1372.0,,Cheltenham,Swindon,2.0,3.0,,,1.0,2.0,2.0,5.0,0.0,0.0,15.0,11.0,Desconocido
League 2,42,England,,False,2024-10-12,1345,1376,Chesterfield,Notts County,2.0,2.0,,,5.0,9.0,3.0,3.0,0.0,0.0,13.0,15.0,M. Corlett
League 1,41,England,,False,2024-10-12,1362,1352,Crawley Town,Shrewsbury,3.0,5.0,,,4.0,6.0,3.0,4.0,1.0,0.0,15.0,18.0,R. Ricardo
UEFA Nations League,5,World,,False,2024-10-12,3,1108,Croatia,Scotland,2.0,1.0,,,,,,,,,,,"Istvan Kovacs, Romania"
UEFA Nations League,5,World,,False,2024-10-12,1106,774,Cyprus,Romania,0.0,3.0,,,,,,,,,,,"Sascha Stegemann, Germany"
League 2,42,England,,False,2024-10-12,1354,1363,Doncaster,Crewe,1.0,1.0,,,9.0,2.0,0.0,3.0,0.0,0.0,20.0,9.0,B. Atkinson
League 2 Escocia,184,Scotland,,False,2024-10-12,6766,6781,Edinburgh City,Spartans,2.0,0.0,,,2.0,8.0,3.0,2.0,0.0,1.0,9.0,3.0,D. Williams
La Liga 2,141,Spain,,False,2024-10-12,545,9692,Eibar,Eldense,1.0,0.0,,,6.0,6.0,1.0,0.0,0.0,0.0,16.0,14.0,Eder Mallo
League 2,,,,False,2024-10-12,1347.0,,Gillingham,Accrington,1.0,2.0,,,4.0,3.0,1.0,3.0,0.0,0.0,8.0,14.0,Desconocido
African Cup of Nations qualification,36,World,,False,2024-10-12,1509,1506,Guinea,Ethiopia,4.0,1.0,,,,,,,,,,,C. Kpan
League 2,,,,False,2024-10-12,,1367.0,Harrogate,Newport County,1.0,0.0,,,7.0,5.0,0.0,1.0,0.0,0.0,7.0,8.0,Desconocido
UEFA Nations League,5.0,,,False,2024-10-12,1097.0,1111.0,Lithuania,Kosovo,1.0,2.0,,,,,,,,,,,Desconocido
League 2,42,England,,False,2024-10-12,1348,1351,Milton Keynes Dons,Port Vale,0.0,1.0,,,9.0,5.0,1.0,3.0,0.0,0.0,8.0,12.0,D. Rock
African Cup of Nations qualification,36,World,,False,2024-10-12,31,1527,Morocco,Central African Republic,5.0,0.0,,,,,,,,,,,A. Bass
Championship Escocia,180,Scotland,,False,2024-10-12,901,1389,Partick,Falkirk,1.0,1.0,,,4.0,13.0,2.0,0.0,0.0,0.0,7.0,20.0,S. McLean
League 1,,,,False,2024-10-12,,73.0,Peterboro,Rotherham,3.0,3.0,,,8.0,3.0,3.0,1.0,0.0,0.0,13.0,11.0,Desconocido
UEFA Nations League,5,World,,False,2024-10-12,24,27,Poland,Portugal,1.0,3.0,,,,,,,,,,,"Serdar Gozubuyuk, Netherlands"
League 2,,,,False,2024-10-12,,1365.0,Salford,Grimsby,1.0,2.0,,,9.0,1.0,3.0,4.0,0.0,0.0,26.0,6.0,Desconocido
UEFA Nations League,5.0,,,False,2024-10-12,14.0,15.0,Serbia,Switzerland,2.0,0.0,,,,,,,,,,,Desconocido
UEFA Nations League,5.0,,,False,2024-10-12,9.0,21.0,Spain,Denmark,1.0,0.0,,,,,,,,,,,Desconocido
League 2,42,England,,False,2024-10-12,1381,1343,Tranmere,Bradford,0.0,2.0,,,8.0,2.0,1.0,3.0,0.0,0.0,13.0,8.0,S. Gill
CONCACAF Nations League,536.0,,,False,2024-10-12,5169.0,8150.0,Turks and Caicos Islands,Anguilla,2.0,1.0,,,,,,,,,,,Desconocido
Friendly,,,,False,2024-10-12,,,United States,Panama,2.0,0.0,,,,,,,,,,,Desconocido
FIFA World Cup qualification,33,World,,False,2024-10-12,5170,8176,Vanuatu,Samoa,4.0,1.0,,,,,,,,,,,B. Aukwai
Friendly,10,World,,False,2024-10-12,1542,1537,Vietnam,India,1.0,1.0,,,,,,,,,,,Choi Hyun-Jae
African Cup of Nations qualification,36,World,,False,2024-10-11,1529,1505,Angola,Niger,2.0,0.0,,,,,,,,,,,P. Atcho
CONCACAF Nations League,536.0,,,False,2024-10-11,8167.0,2386.0,Aruba,Haiti,1.0,3.0,,,,,,,,,,,Desconocido
African Cup of Nations qualification,36,World,,False,2024-10-11,1516,1514,Benin,Rwanda,3.0,0.0,,,,,,,,,,,L. Bekouassa
UEFA Nations League,5.0,,,False,2024-10-11,,25.0,Bosnia and Herzegovina,Germany,1.0,2.0,,,,,,,,,,,Desconocido
Friendly,,,,False,2024-10-11,1543.0,,Cambodia,Taiwan,3.0,2.0,,,,,,,,,,,Desconocido
African Cup of Nations qualification,36,World,,False,2024-10-11,1530,1511,Cameroon,Kenya,4.0,1.0,,,,,,,,,,,I. Sy
UEFA Nations League,5.0,,,False,2024-10-11,,,Czech Republic,Albania,2.0,0.0,,,,,,,,,,,Desconocido
African Cup of Nations qualification,36,World,,False,2024-10-11,32,1491,Egypt,Mauritania,2.0,0.0,,,,,,,,,,,A. Mahamat
African Cup of Nations qualification,36,World,,False,2024-10-11,1521,1525,Equatorial Guinea,Liberia,1.0,0.0,,,,,,,,,,,A. Arajiga
UEFA Nations League,5,World,,False,2024-10-11,1101,1096,Estonia,Azerbaijan,3.0,1.0,,,,,,,,,,,"Robert Harvey, Ireland"
African Cup of Nations qualification,36,World,,False,2024-10-11,1503,1518,Gabon,Lesotho,0.0,0.0,,,,,,,,,,,A. Ligali
CONCACAF Nations League,536,World,,False,2024-10-11,5533,5530,Grenada,Curaçao,0.0,0.0,,,,,,,,,,,J. Freemon
CONCACAF Nations League,536,World,,False,2024-10-11,10983,8117,Guadeloupe,Martinique,0.0,1.0,,,,,,,,,,,S. Brown
CONCACAF Nations League,536.0,,,False,2024-10-11,5162.0,,Guyana,Guatemala,1.0,3.0,,,,,,,,,,,Desconocido
UEFA Nations League,5,World,,False,2024-10-11,769,1118,Hungary,Netherlands,1.0,1.0,,,,,,,,,,,"Lukas Fahndrich, Switzerland"
UEFA Nations League,5,World,,False,2024-10-11,18,767,Iceland,Wales,2.0,2.0,,,,,,,,,,,"Antoni Bandić, Bosnia & Herzegovina"
African Cup of Nations qualification,36,World,,False,2024-10-11,1501,1499,Ivory Coast,Sierra Leone,4.0,1.0,,,,,,,,,,,A. Tom
African Cup of Nations qualification,36,World,,False,2024-10-11,1490,1492,Madagascar,Gambia,1.0,1.0,,,,,,,,,,,C. Sabila
African Cup of Nations qualification,36,World,,False,2024-10-11,1500,1513,Mali,Guinea-Bissau,1.0,0.0,,,,,,,,,,,S. Uwikunda
African Cup of Nations qualification,36,World,,False,2024-10-11,1512,2995,Mozambique,Eswatini,1.0,1.0,,,,,,,,,,,P. Nguiene
FIFA World Cup qualification,,,,False,2024-10-11,4673.0,,New Zealand,Tahiti,3.0,0.0,,,,,,,,,,,Desconocido
African Cup of Nations qualification,36,World,,False,2024-10-11,19,1526,Nigeria,Libya,1.0,0.0,,,,,,,,,,,G. Nkhakananga
FIFA World Cup qualification,34,World,,False,2024-10-11,30,7,Peru,Uruguay,1.0,0.0,,,,,,,,,,,F. Tello
CONCACAF Nations League,536.0,,,False,2024-10-11,,10984.0,Saint Lucia,Saint Martin,2.0,1.0,,,,,,,,,,,Desconocido
African Cup of Nations qualification,36,World,,False,2024-10-11,13,1495,Senegal,Malawi,4.0,0.0,,,,,,,,,,,A. Gnama
CONCACAF Nations League,536,World,,False,2024-10-11,10985,5539,Sint Maarten,Puerto Rico,3.0,2.0,,,,,,,,,,,B. Pineda
UEFA Nations League,5,World,,False,2024-10-11,773,5,Slovakia,Sweden,2.0,2.0,,,,,,,,,,,"Maurizio Mariani, Italy"
African Cup of Nations qualification,36,World,,False,2024-10-11,1531,1517,South Africa,Congo,5.0,0.0,,,,,,,,,,,D. Beida
CONCACAF Nations League,536,World,,False,2024-10-11,8171,29,Suriname,Costa Rica,1.0,1.0,,,,,,,,,,,A. Escobedo
King's Cup,1038,World,,False,2024-10-11,1565,1536,Syria,Tajikistan,1.0,0.0,,,,,,,,,,,W. Jumpaoon
La Liga 2,141,Spain,,False,2024-10-11,719,732,Tenerife,Zaragoza,2.0,3.0,,,3.0,7.0,4.0,3.0,1.0,0.0,9.0,18.0,José Lax
King's Cup,504.0,,,False,2024-10-11,1564.0,1555.0,Thailand,Philippines,3.0,1.0,,,,,,,,,,,Desconocido
African Cup of Nations qualification,36,World,,False,2024-10-11,28,1524,Tunisia,Comoros,0.0,1.0,,,,,,,,,,,J. Ogabor
UEFA Nations League,5.0,,,False,2024-10-11,,,Turkey,Montenegro,1.0,0.0,,,,,,,,,,,Desconocido
African Cup of Nations qualification,36,World,,False,2024-10-11,1519,1496,Uganda,South Sudan,1.0,0.0,,,,,,,,,,,K. Traore
UEFA Nations League,5,World,,False,2024-10-11,772,1104,Ukraine,Georgia,1.0,0.0,,,,,,,,,,,"Julian Weinberger, Austria"
African Cup of Nations qualification,36,World,,False,2024-10-11,1507,1523,Zambia,Chad,0.0,0.0,,,,,,,,,,,Mahmoud El Banna
African Cup of Nations qualification,36,World,,False,2024-10-10,1532,1534,Algeria,Togo,5.0,1.0,,,,,,,,,,,B. Traoré
FIFA World Cup qualification,30,World,,False,2024-10-10,20,1566,Australia,China,3.0,1.0,,,,,,,,,,,M. Nasaruddin
UEFA Nations League,5.0,,,False,2024-10-10,775.0,,Austria,Kazakhstan,4.0,0.0,,,,,,,,,,,Desconocido
FIFA World Cup qualification,30,World,,False,2024-10-10,1547,1571,Bahrain,Indonesia,2.0,2.0,,,,,,,,,,,Al Kaf Ahmed
FIFA World Cup qualification,34,World,,False,2024-10-10,2381,8,Bolivia,Colombia,1.0,0.0,,,,,,,,,,,W. Sampaio
CONCACAF Nations League,536,World,,False,2024-10-10,10982,8170,Bonaire,Montserrat,0.0,1.0,,,,,,,,,,,H. Harvey
African Cup of Nations qualification,36,World,,False,2024-10-10,1502,1528,Burkina Faso,Burundi,4.0,1.0,,,,,,,,,,,Abdulrazg Ahmed
African Cup of Nations qualification,,,,False,2024-10-10,,1520.0,Cape Verde,Botswana,0.0,1.0,,,,,,,,,,,Desconocido
FIFA World Cup qualification,34,World,,False,2024-10-10,2383,6,Chile,Brazil,1.0,2.0,,,,,,,,,,,D. Herrera
CONCACAF Nations League,536,World,,False,2024-10-10,2388,5168,Cuba,Trinidad and Tobago,2.0,2.0,,,,,,,,,,,S. Reyna
African Cup of Nations qualification,,,,False,2024-10-10,,,DR Congo,Tanzania,1.0,0.0,,,,,,,,,,,Desconocido
FIFA World Cup qualification,34,World,,False,2024-10-10,2382,2380,Ecuador,Paraguay,0.0,0.0,,,,,,,,,,,R. Claus
UEFA Nations League,5.0,,,False,2024-10-10,10.0,1117.0,England,Greece,1.0,2.0,,,,,,,,,,,Desconocido
UEFA Nations League,5,World,,False,2024-10-10,1098,1094,Faroe Islands,Armenia,2.0,2.0,,,,,,,,,,,"Oleksiy Derevinskyi, Ukraine"
FIFA World Cup qualification,,,,False,2024-10-10,5160.0,5165.0,Fiji,Solomon Islands,1.0,0.0,,,,,,,,,,,Desconocido
UEFA Nations League,5.0,,,False,2024-10-10,,,Finland,Republic of Ireland,1.0,2.0,,,,,,,,,,,Desconocido
CONCACAF Nations League,536.0,,,False,2024-10-10,,,French Guiana,Honduras,2.0,3.0,,,,,,,,,,,Desconocido
African Cup of Nations qualification,36,World,,False,2024-10-10,1504,1510,Ghana,Sudan,0.0,0.0,,,,,,,,,,,P. Milazare
UEFA Nations League,5.0,,,False,2024-10-10,1093.0,,Gibraltar,San Marino,1.0,0.0,,,,,,,,,,,Desconocido
FIFA World Cup qualification,30,World,,False,2024-10-10,1567,1562,Iraq,Palestine,1.0,0.0,,,,,,,,,,,A. Al Naqbi
UEFA Nations League,5.0,,,False,2024-10-10,1116.0,2.0,Israel,France,1.0,4.0,,,,,,,,,,,Desconocido
UEFA Nations League,5,World,,False,2024-10-10,768,1,Italy,Belgium,2.0,2.0,,,,,,,,,,,"Espen Eskas, Norway"
FIFA World Cup qualification,30,World,,False,2024-10-10,1548,17,Jordan,South Korea,0.0,2.0,,,,,,,,,,,H. Kimura
UEFA Nations League,5.0,,,False,2024-10-10,,,Latvia,North Macedonia,0.0,3.0,,,,,,,,,,,Desconocido
Friendly,10,World,,False,2024-10-10,1107,4460,Liechtenstein,Hong Kong,1.0,0.0,,,,,,,,,,,D. Grundbacher
UEFA Nations League,5,World,,False,2024-10-10,1114,1110,Moldova,Andorra,2.0,0.0,,,,,,,,,,,"Milos Milanovic, Serbia"
Friendly,10,World,,False,2024-10-10,1556,5166,Myanmar,Sri Lanka,2.0,0.0,,,,,,,,,,,Desconocido
African Cup of Nations qualification,36,World,,False,2024-10-10,1493,1522,Namibia,Zimbabwe,0.0,1.0,,,,,,,,,,,P. Mebiame
CONCACAF Nations League,536.0,,,False,2024-10-10,5164.0,,Nicaragua,Jamaica,0.0,2.0,,,,,,,,,,,Desconocido
UEFA Nations League,5.0,,,False,2024-10-10,1090.0,,Norway,Slovenia,3.0,0.0,,,,,,,,,,,Desconocido
FIFA World Cup qualification,30,World,,False,2024-10-10,1552,1570,Oman,Kuwait,4.0,0.0,,,,,,,,,,,A. Faghani
FIFA World Cup qualification,,,,False,2024-10-10,8175.0,5163.0,Papua New Guinea,New Caledonia,1.0,3.0,,,,,,,,,,,Desconocido
FIFA World Cup qualification,30,World,,False,2024-10-10,1569,1554,Qatar,Kyrgyzstan,3.0,1.0,,,,,,,,,,,M. T. Aljaafari
CONCACAF Nations League,536.0,,,False,2024-10-10,,,Saint Vincent and the Grenadines,El Salvador,2.0,3.0,,,,,,,,,,,Desconocido
FIFA World Cup qualification,30,World,,False,2024-10-10,23,12,Saudi Arabia,Japan,0.0,2.0,,,,,,,,,,,K. Jong-Hyeok
FIFA World Cup qualification,30,World,,False,2024-10-10,1563,1561,United Arab Emirates,North Korea,1.0,1.0,,,,,,,,,,,A. Makhadmeh
FIFA World Cup qualification,30,World,,False,2024-10-10,1568,22,Uzbekistan,Iran,0.0,0.0,,,,,,,,,,,S. Evans
FIFA World Cup qualification,34,World,,False,2024-10-10,2379,26,Venezuela,Argentina,1.0,1.0,,,,,,,,,,,G. Tejera
CONCACAF Nations League,536.0,,,False,2024-10-09,,,Barbados,United States Virgin Islands,5.0,0.0,,,,,,,,,,,Desconocido
CONCACAF Nations League,536.0,,,False,2024-10-09,,8150.0,Belize,Anguilla,1.0,0.0,,,,,,,,,,,Desconocido
CONCACAF Nations League,536.0,,,False,2024-10-09,,,Saint Kitts and Nevis,British Virgin Islands,3.0,1.0,,,,,,,,,,,Desconocido
ASEAN Championship qualification,24,World,,False,2024-10-08,5538,5537,Brunei,Timor-Leste,0.0,1.0,,,,,,,,,,,T. Alkatiri
Championship Escocia,180,Scotland,,False,2024-10-08,1389,255,Falkirk,Livingston,0.0,0.0,,,8.0,5.0,3.0,1.0,0.0,0.0,10.0,3.0,E. Anderson
National League,43.0,,,False,2024-10-08,7752.0,1823.0,Tamworth,Gateshead,2.0,1.0,,,,,5.0,1.0,0.0,0.0,,,Desconocido
League 2,42,England,,False,2024-10-07,1343,1367,Bradford,Newport County,3.0,1.0,,,3.0,2.0,2.0,3.0,0.0,0.0,9.0,9.0,B. Toner
Premiership Escocia,,,,False,2024-10-06,252.0,,Aberdeen,Hearts,3.0,2.0,,,2.0,5.0,1.0,4.0,0.0,1.0,11.0,11.0,Desconocido
Turkey Super Lig,,,,False,2024-10-06,,3603.0,Ad. Demirspor,Samsunspor,1.0,3.0,,,5.0,5.0,3.0,3.0,0.0,0.0,15.0,6.0,Desconocido
Eredivisie,88.0,,,False,2024-10-06,194.0,202.0,Ajax,Groningen,3.0,1.0,,,5.0,2.0,3.0,2.0,0.0,0.0,17.0,12.0,Desconocido
La Liga,140.0,,,False,2024-10-06,542.0,529.0,Alaves,Barcelona,0.0,3.0,,,11.0,3.0,2.0,2.0,0.0,0.0,11.0,14.0,Desconocido
La Liga 2,141,Spain,,False,2024-10-06,722,713,Albacete,Cordoba,1.0,1.0,,,8.0,3.0,1.0,2.0,0.0,0.0,19.0,11.0,Miguel González
Jupiler Pro League,144.0,,,False,2024-10-06,554.0,,Anderlecht,Standard,3.0,0.0,,,4.0,7.0,2.0,1.0,0.0,0.0,10.0,18.0,Desconocido
Jupiler Pro League,144.0,,,False,2024-10-06,740.0,741.0,Antwerp,Cercle Brugge,3.0,0.0,,,4.0,7.0,1.0,3.0,0.0,0.0,14.0,16.0,Desconocido
Premier League,569.0,,,False,2024-10-06,66.0,,Aston Villa,Man United,0.0,0.0,,,6.0,3.0,1.0,5.0,0.0,0.0,11.0,10.0,Desconocido
Super League Greece,,,,False,2024-10-06,,955.0,Athens Kallithea,Asteras Tripolis,1.0,3.0,,,1.0,1.0,2.0,4.0,1.0,0.0,5.0,9.0,Desconocido
Serie A,71.0,,,False,2024-10-06,500.0,523.0,Bologna,Parma,0.0,0.0,,,13.0,6.0,1.0,0.0,0.0,1.0,19.0,13.0,Desconocido
Bundesliga 2,,,,False,2024-10-06,,,Braunschweig,Hannover,2.0,0.0,,,6.0,8.0,2.0,4.0,0.0,0.0,22.0,17.0,Desconocido
Ligue 1,61.0,,,False,2024-10-06,,111.0,Brest,Le Havre,2.0,0.0,,,1.0,9.0,4.0,0.0,1.0,1.0,8.0,14.0,Desconocido
Premier League,569.0,,,False,2024-10-06,51.0,47.0,Brighton,Tottenham,3.0,2.0,,,4.0,7.0,2.0,2.0,0.0,0.0,11.0,13.0,Desconocido
Championship,407.0,,,False,2024-10-06,56.0,43.0,Bristol City,Cardiff,1.0,1.0,,,4.0,6.0,2.0,1.0,0.0,0.0,16.0,15.0,Desconocido
Serie B,72.0,,,False,2024-10-06,1687.0,899.0,Catanzaro,Modena,2.0,2.0,,,5.0,8.0,2.0,2.0,0.0,0.0,9.0,7.0,Desconocido
Premier League,569.0,,,False,2024-10-06,49.0,,Chelsea,Nott'm Forest,1.0,1.0,,,11.0,3.0,6.0,2.0,0.0,1.0,22.0,16.0,Desconocido
Jupiler Pro League,144.0,,,False,2024-10-06,,,Club Brugge,St. Gilloise,1.0,1.0,,,5.0,1.0,1.0,6.0,0.0,0.0,13.0,9.0,Desconocido
Serie B,72.0,,,False,2024-10-06,10137.0,1578.0,Cosenza,Sudtirol,0.0,2.0,,,8.0,0.0,2.0,1.0,0.0,1.0,32.0,10.0,Desconocido
Serie B,72.0,,,False,2024-10-06,520.0,508.0,Cremonese,Bari,1.0,1.0,,,2.0,4.0,3.0,3.0,0.0,0.0,19.0,14.0,Desconocido
Bundesliga,218.0,,,False,2024-10-06,,,Ein Frankfurt,Bayern Munich,3.0,3.0,,,0.0,11.0,1.0,1.0,0.0,0.0,5.0,22.0,Desconocido
La Liga 2,,,,False,2024-10-06,9692.0,,Eldense,Castellon,2.0,3.0,,,8.0,1.0,2.0,1.0,0.0,0.0,14.0,13.0,Desconocido
Primeira Liga,94.0,,,False,2024-10-06,231.0,230.0,Farense,Estoril,1.0,0.0,,,5.0,4.0,4.0,3.0,0.0,0.0,15.0,7.0,Desconocido
Eredivisie,88.0,,,False,2024-10-06,209.0,415.0,Feyenoord,Twente,2.0,1.0,,,5.0,6.0,2.0,2.0,0.0,0.0,8.0,7.0,Desconocido
Serie A,71.0,,,False,2024-10-06,502.0,,Fiorentina,Milan,2.0,1.0,,,0.0,7.0,2.0,3.0,0.0,1.0,12.0,16.0,Desconocido
Eredivisie,88.0,,,False,2024-10-06,,201.0,For Sittard,AZ Alkmaar,1.0,0.0,,,2.0,5.0,4.0,2.0,0.0,0.0,9.0,10.0,Desconocido
Bundesliga 2,,,,False,2024-10-06,,,Fortuna Dusseldorf,Hamburg,0.0,3.0,,,10.0,3.0,2.0,2.0,1.0,0.0,22.0,18.0,Desconocido
Turkey Super Lig,203,Turkey,,False,2024-10-06,645,996,Galatasaray,Alanyaspor,1.0,0.0,,,10.0,3.0,2.0,3.0,0.0,0.0,12.0,4.0,M. Türkmen
Turkey Super Lig,,,,False,2024-10-06,,,Gaziantep,Besiktas,1.0,1.0,,,4.0,4.0,4.0,2.0,0.0,0.0,11.0,13.0,Desconocido
La Liga,140.0,,,False,2024-10-06,547.0,,Girona,Ath Bilbao,2.0,1.0,,,6.0,1.0,4.0,3.0,0.0,1.0,14.0,13.0,Desconocido
Eredivisie,88.0,,,False,2024-10-06,,206.0,Go Ahead Eagles,Heracles,4.0,1.0,,,3.0,5.0,1.0,2.0,0.0,0.0,18.0,7.0,Desconocido
Primeira Liga,94.0,,,False,2024-10-06,224.0,,Guimaraes,Boavista,2.0,2.0,,,6.0,5.0,4.0,5.0,0.0,0.0,12.0,8.0,Desconocido
Eredivisie,88.0,,,False,2024-10-06,210.0,,Heerenveen,Zwolle,1.0,1.0,,,8.0,2.0,2.0,2.0,0.0,0.0,15.0,6.0,Desconocido
Bundesliga,218.0,,,False,2024-10-06,,173.0,Heidenheim,RB Leipzig,0.0,1.0,,,3.0,2.0,2.0,2.0,0.0,0.0,15.0,12.0,Desconocido
Serie A,71.0,,,False,2024-10-06,10019.0,490.0,Juventus,Cagliari,1.0,1.0,,,8.0,3.0,5.0,2.0,1.0,0.0,21.0,9.0,Desconocido
Turkey Super Lig,,,,False,2024-10-06,607.0,,Konyaspor,Eyupspor,2.0,1.0,,,5.0,2.0,5.0,2.0,0.0,0.0,12.0,7.0,Desconocido
La Liga 2,,,,False,2024-10-06,,535.0,La Coruna,Malaga,0.0,0.0,,,5.0,5.0,0.0,1.0,0.0,0.0,22.0,13.0,Desconocido
Serie A,71.0,,,False,2024-10-06,487.0,511.0,Lazio,Empoli,2.0,1.0,,,5.0,3.0,2.0,4.0,0.0,0.0,16.0,7.0,Desconocido
Super League Greece,,,,False,2024-10-06,,619.0,Levadeiakos,PAOK,0.0,2.0,,,3.0,3.0,5.0,5.0,0.0,0.0,7.0,7.0,Desconocido
La Liga 2,141,Spain,,False,2024-10-06,539,718,Levante,Oviedo,0.0,0.0,,,1.0,9.0,3.0,3.0,0.0,0.0,8.0,12.0,Dámaso Arcediano
Ligue 1,61.0,,,False,2024-10-06,80.0,83.0,Lyon,Nantes,2.0,0.0,,,6.0,9.0,1.0,2.0,0.0,0.0,17.0,11.0,Desconocido
Bundesliga 2,,,,False,2024-10-06,,,Magdeburg,Greuther Furth,2.0,2.0,,,5.0,7.0,3.0,0.0,0.0,0.0,15.0,18.0,Desconocido
Serie B,72.0,,,False,2024-10-06,1693.0,,Mantova,Brescia,1.0,1.0,,,4.0,3.0,2.0,2.0,0.0,0.0,21.0,10.0,Desconocido
Serie A,71.0,,,False,2024-10-06,1579.0,,Monza,Roma,1.0,1.0,,,1.0,3.0,3.0,1.0,0.0,0.0,3.0,15.0,Desconocido
Ligue 1,61.0,,,False,2024-10-06,84.0,,Nice,Paris SG,1.0,1.0,,,5.0,15.0,1.0,2.0,0.0,0.0,9.0,19.0,Desconocido
Serie B,72.0,,,False,2024-10-06,522.0,514.0,Palermo,Salernitana,0.0,1.0,,,4.0,2.0,2.0,5.0,0.0,0.0,16.0,9.0,Desconocido
Super League Greece,,,,False,2024-10-06,617.0,3415.0,Panathinaikos,Olympiakos,0.0,0.0,,,6.0,7.0,3.0,4.0,0.0,0.0,14.0,13.0,Desconocido
Super League Greece,,,,False,2024-10-06,2099.0,,Panserraikos,OFI Crete,2.0,3.0,,,7.0,4.0,3.0,2.0,0.0,0.0,15.0,13.0,Desconocido
Primeira Liga,94.0,,,False,2024-10-06,,,Porto,Sp Braga,2.0,1.0,,,1.0,5.0,2.0,2.0,0.0,0.0,6.0,17.0,Desconocido
Premiership Escocia,,,,False,2024-10-06,257.0,,Rangers,St Johnstone,2.0,0.0,,,7.0,3.0,1.0,1.0,0.0,0.0,21.0,10.0,Desconocido
Ligue 1,61.0,,,False,2024-10-06,93.0,82.0,Reims,Montpellier,4.0,2.0,,,4.0,4.0,3.0,5.0,0.0,0.0,18.0,10.0,Desconocido
Premiership Escocia,179,Scotland,,False,2024-10-06,902,247,Ross County,Celtic,1.0,2.0,,,1.0,9.0,3.0,1.0,0.0,0.0,8.0,23.0,K. Clancy
La Liga,140.0,,,False,2024-10-06,536.0,,Sevilla,Betis,1.0,0.0,,,4.0,1.0,6.0,3.0,1.0,0.0,14.0,11.0,Desconocido
La Liga,140.0,,,False,2024-10-06,,,Sociedad,Ath Madrid,1.0,1.0,,,5.0,1.0,0.0,2.0,0.0,0.0,16.0,4.0,Desconocido
Jupiler Pro League,144.0,,,False,2024-10-06,,631.0,St Truiden,Gent,1.0,1.0,,,9.0,5.0,1.0,3.0,0.0,0.0,30.0,14.0,Desconocido
Ligue 1,61.0,,,False,2024-10-06,95.0,116.0,Strasbourg,Lens,2.0,2.0,,,3.0,5.0,2.0,4.0,0.0,0.0,8.0,12.0,Desconocido
Bundesliga,218.0,,,False,2024-10-06,,,Stuttgart,Hoffenheim,1.0,1.0,,,10.0,5.0,1.0,4.0,0.0,0.0,18.0,7.0,Desconocido
League 2,,,,False,2024-10-05,,1375.0,Accrington,Morecambe,2.0,1.0,,,5.0,7.0,3.0,0.0,0.0,0.0,12.0,8.0,Desconocido
Championship Escocia,,,,False,2024-10-05,,1388.0,Airdrie Utd,Dunfermline,1.0,1.0,,,6.0,4.0,4.0,3.0,0.0,0.0,12.0,10.0,Desconocido
Ligue 2,62,France,,False,2024-10-05,98,3200,Ajaccio,Martigues,1.0,1.0,,,1.0,0.0,3.0,4.0,2.0,0.0,7.0,8.0,M. Leleu
League 1 Escocia,,,,False,2024-10-05,,6763.0,Alloa,Cove Rangers,0.0,2.0,,,2.0,3.0,1.0,2.0,1.0,0.0,1.0,8.0,Desconocido
La Liga 2,141,Spain,,False,2024-10-05,723,9580,Almeria,Burgos,2.0,0.0,,,5.0,8.0,3.0,2.0,1.0,0.0,20.0,17.0,Andrés Fuentes
League 1 Escocia,183,Scotland,,False,2024-10-05,6757,4251,Annan Athletic,Montrose,1.0,0.0,,,4.0,0.0,1.0,2.0,0.0,0.0,10.0,4.0,L. Wilson
League 1 Escocia,,,,False,2024-10-05,4249.0,,Arbroath,Inverness C,1.0,0.0,,,3.0,3.0,0.0,1.0,1.0,0.0,4.0,11.0,Desconocido
Super League Greece,,,,False,2024-10-05,3408.0,,Aris,Lamia,2.0,0.0,,,4.0,1.0,1.0,3.0,0.0,0.0,9.0,7.0,Desconocido
Primeira Liga,94.0,,,False,2024-10-05,240.0,21595.0,Arouca,AVS,1.0,1.0,,,5.0,7.0,3.0,2.0,0.0,0.0,10.0,16.0,Desconocido
Premier League,569.0,,,False,2024-10-05,9419.0,41.0,Arsenal,Southampton,3.0,1.0,,,13.0,1.0,0.0,3.0,0.0,0.0,29.0,8.0,Desconocido
Serie A,71.0,,,False,2024-10-05,499.0,495.0,Atalanta,Genoa,5.0,1.0,,,4.0,2.0,0.0,0.0,0.0,0.0,23.0,7.0,Desconocido
Super League Greece,197,Greece,,False,2024-10-05,12260,2110,Atromitos,Volos NFC,1.0,2.0,,,5.0,1.0,1.0,6.0,1.0,1.0,9.0,4.0,A. Sidiropoulos
National League,43.0,,,False,2024-10-05,1369.0,,Barnet,Boston Utd,3.0,1.0,,,,,2.0,1.0,0.0,0.0,,,Desconocido
League 2,42,England,,False,2024-10-05,1819,1372,Barrow,Cheltenham,2.0,1.0,,,0.0,1.0,2.0,1.0,0.0,0.0,10.0,7.0,S. Mather
Bundesliga,218.0,,,False,2024-10-05,,,Bochum,Wolfsburg,1.0,3.0,,,7.0,6.0,1.0,2.0,0.0,0.0,17.0,15.0,Desconocido
League 1,41,England,,False,2024-10-05,68,1352,Bolton,Shrewsbury,2.0,2.0,,,8.0,3.0,0.0,5.0,0.0,0.0,19.0,7.0,D. Bourne
National League,43.0,,,False,2024-10-05,,4700.0,Braintree Town,Altrincham,2.0,0.0,,,,,3.0,2.0,0.0,0.0,,,Desconocido
Premier League,569.0,,,False,2024-10-05,55.0,39.0,Brentford,Wolves,5.0,3.0,,,10.0,3.0,2.0,3.0,0.0,0.0,19.0,17.0,Desconocido
Championship,407.0,,,False,2024-10-05,44.0,59.0,Burnley,Preston,0.0,0.0,,,2.0,3.0,3.0,4.0,0.0,0.0,9.0,9.0,Desconocido
League 1,,,,False,2024-10-05,,,Burton,Bristol Rvs,1.0,3.0,,,0.0,5.0,3.0,2.0,1.0,0.0,11.0,15.0,Desconocido
Turkey Super Lig,,,,False,2024-10-05,,1001.0,Buyuksehyr,Kayserispor,1.0,1.0,,,3.0,3.0,1.0,1.0,0.0,0.0,16.0,11.0,Desconocido
Ligue 2,62.0,,,False,2024-10-05,88.0,97.0,Caen,Lorient,1.0,2.0,,,0.0,4.0,2.0,0.0,0.0,0.0,4.0,14.0,Desconocido
League 1,41,England,,False,2024-10-05,1335,54,Charlton,Birmingham,1.0,0.0,,,5.0,5.0,3.0,1.0,0.0,0.0,6.0,3.0,B. Speedie
League 2,42,England,,False,2024-10-05,1345,1342,Chesterfield,Walsall,2.0,2.0,,,1.0,7.0,0.0,0.0,0.0,0.0,11.0,17.0,S. Stockbridge
Ligue 2,62.0,,,False,2024-10-05,,90.0,Clermont,Guingamp,4.0,1.0,,,3.0,10.0,4.0,3.0,0.0,0.0,9.0,23.0,Desconocido
League 2 Escocia,184,Scotland,,False,2024-10-05,6762,6781,Clyde,Spartans,1.0,1.0,,,3.0,7.0,1.0,1.0,0.0,0.0,5.0,8.0,G. Calder
League 2,42,England,,False,2024-10-05,1361,1371,Colchester,Carlisle,0.0,0.0,,,5.0,7.0,2.0,3.0,0.0,0.0,14.0,9.0,T. Parsons
Championship,407.0,,,False,2024-10-05,1346.0,,Coventry,Sheffield Weds,1.0,2.0,,,6.0,6.0,4.0,3.0,0.0,0.0,13.0,13.0,Desconocido
League 2,42,England,,False,2024-10-05,1363,1347,Crewe,Gillingham,2.0,0.0,,,3.0,5.0,3.0,0.0,0.0,0.0,9.0,18.0,A. Backhouse
Premier League,569.0,,,False,2024-10-05,52.0,40.0,Crystal Palace,Liverpool,0.0,1.0,,,3.0,8.0,4.0,2.0,0.0,0.0,9.0,16.0,Desconocido
Jupiler Pro League,144.0,,,False,2024-10-05,6215.0,736.0,Dender,Charleroi,1.0,0.0,,,0.0,7.0,2.0,2.0,0.0,0.0,7.0,21.0,Desconocido
Championship,407.0,,,False,2024-10-05,69.0,72.0,Derby,QPR,2.0,0.0,,,6.0,9.0,1.0,1.0,0.0,0.0,10.0,11.0,Desconocido
League 1 Escocia,183,Scotland,,False,2024-10-05,1382,6784,Dumbarton,Stenhousemuir,1.0,3.0,,,3.0,12.0,0.0,0.0,1.0,0.0,7.0,20.0,S. McLean
Premiership Escocia,179,Scotland,,False,2024-10-05,253,250,Dundee,Kilmarnock,2.0,3.0,,,2.0,10.0,1.0,1.0,1.0,0.0,10.0,25.0,G. Irvine
League 2 Escocia,,,,False,2024-10-05,6764.0,,East Fife,Bonnyrigg Rose,5.0,0.0,,,11.0,3.0,2.0,2.0,0.0,1.0,12.0,5.0,Desconocido
National League,43.0,,,False,2024-10-05,1822.0,1378.0,Eastleigh,Forest Green,1.0,3.0,,,,,1.0,1.0,0.0,0.0,,,Desconocido
National League,43.0,,,False,2024-10-05,,1339.0,Ebbsfleet,Rochdale,2.0,2.0,,,,,2.0,0.0,0.0,0.0,,,Desconocido
League 2 Escocia,184,Scotland,,False,2024-10-05,6766,6785,Edinburgh City,Stranraer,1.0,2.0,,,5.0,3.0,4.0,2.0,0.0,0.0,16.0,9.0,J. Kennedy
La Liga 2,,,,False,2024-10-05,545.0,,Eibar,Sp Gijon,1.0,3.0,,,2.0,5.0,4.0,4.0,0.0,0.0,15.0,11.0,Desconocido
Bundesliga 2,,,,False,2024-10-05,,,Elversberg,Kaiserslautern,1.0,0.0,,,6.0,5.0,3.0,2.0,0.0,0.0,13.0,16.0,Desconocido
La Liga,140.0,,,False,2024-10-05,,798.0,Espanol,Mallorca,2.0,1.0,,,4.0,6.0,1.0,5.0,0.0,0.0,8.0,11.0,Desconocido
Premier League,569.0,,,False,2024-10-05,45.0,34.0,Everton,Newcastle,0.0,0.0,,,0.0,10.0,1.0,2.0,0.0,0.0,8.0,14.0,Desconocido
League 1,,,,False,2024-10-05,,,Exeter,Cambridge,1.0,0.0,,,7.0,4.0,2.0,2.0,0.0,0.0,11.0,12.0,Desconocido
Bundesliga 2,,,,False,2024-10-05,,,FC Koln,Ulm,2.0,0.0,,,7.0,4.0,4.0,1.0,0.0,1.0,21.0,3.0,Desconocido
Championship Escocia,,,,False,2024-10-05,1389.0,,Falkirk,Ayr,2.0,0.0,,,6.0,2.0,0.0,0.0,0.0,0.0,13.0,6.0,Desconocido
La Liga 2,,,,False,2024-10-05,,797.0,Ferrol,Elche,1.0,0.0,,,5.0,5.0,4.0,4.0,0.0,0.0,7.0,10.0,Desconocido
League 2,42,England,,False,2024-10-05,1336,1832,Fleetwood Town,Bromley,0.0,0.0,,,6.0,4.0,0.0,1.0,0.0,0.0,16.0,13.0,M. Coy
Serie B,72.0,,,False,2024-10-05,512.0,1581.0,Frosinone,Carrarese,0.0,1.0,,,6.0,5.0,3.0,3.0,0.0,0.0,15.0,4.0,Desconocido
National League,43.0,,,False,2024-10-05,,,Fylde,Aldershot,5.0,2.0,,,,,2.0,3.0,0.0,0.0,,,Desconocido
National League,43.0,,,False,2024-10-05,1823.0,8663.0,Gateshead,Wealdstone,1.0,0.0,,,,,1.0,3.0,0.0,0.0,,,Desconocido
La Liga,140.0,,,False,2024-10-05,546.0,727.0,Getafe,Osasuna,1.0,1.0,,,4.0,2.0,2.0,4.0,0.0,0.0,11.0,6.0,Desconocido
Primeira Liga,94.0,,,False,2024-10-05,,15130.0,Gil Vicente,Estrela,3.0,0.0,,,0.0,8.0,2.0,1.0,0.0,0.0,6.0,11.0,Desconocido
Turkey Super Lig,,,,False,2024-10-05,,1002.0,Goztep,Sivasspor,3.0,2.0,,,4.0,4.0,3.0,2.0,0.0,0.0,12.0,10.0,Desconocido
League 2,42,England,,False,2024-10-05,1365,1354,Grimsby,Doncaster,0.0,3.0,,,4.0,4.0,2.0,0.0,1.0,0.0,10.0,8.0,E. Duckworth
National League,43.0,,,False,2024-10-05,,7752.0,Halifax,Tamworth,3.0,2.0,,,,,1.0,0.0,0.0,0.0,,,Desconocido
National League,43.0,,,False,2024-10-05,1366.0,,Hartlepool,Sutton,4.0,3.0,,,,,4.0,3.0,0.0,0.0,,,Desconocido
Turkey Super Lig,203,Turkey,,False,2024-10-05,3575,998,Hatayspor,Trabzonspor,1.0,1.0,,,4.0,7.0,4.0,6.0,0.0,0.0,13.0,15.0,K. Sağlam
Premiership Escocia,179,Scotland,,False,2024-10-05,249,256,Hibernian,Motherwell,1.0,2.0,,,10.0,5.0,3.0,3.0,1.0,0.0,17.0,11.0,M. McDermid
League 1,41,England,,False,2024-10-05,37,747,Huddersfield,Barnsley,2.0,0.0,,,17.0,4.0,4.0,2.0,0.0,0.0,17.0,11.0,D. Rock
Serie A,71.0,,,False,2024-10-05,505.0,503.0,Inter,Torino,3.0,2.0,,,14.0,0.0,1.0,2.0,0.0,1.0,29.0,7.0,Desconocido
Turkey Super Lig,,,,False,2024-10-05,,,Kasimpasa,Bodrumspor,0.0,0.0,,,5.0,0.0,0.0,4.0,0.0,1.0,20.0,4.0,Desconocido
Jupiler Pro League,144.0,,,False,2024-10-05,734.0,742.0,Kortrijk,Genk,2.0,1.0,,,3.0,9.0,3.0,1.0,0.0,0.0,8.0,18.0,Desconocido
La Liga,140.0,,,False,2024-10-05,534.0,,Las Palmas,Celta,0.0,1.0,,,11.0,2.0,3.0,8.0,0.0,2.0,24.0,8.0,Desconocido
Premier League,569.0,,,False,2024-10-05,46.0,35.0,Leicester,Bournemouth,1.0,0.0,,,0.0,9.0,4.0,1.0,0.0,0.0,6.0,17.0,Desconocido
Bundesliga,218.0,,,False,2024-10-05,,191.0,Leverkusen,Holstein Kiel,2.0,2.0,,,12.0,3.0,2.0,2.0,0.0,0.0,24.0,8.0,Desconocido
Ligue 1,61.0,,,False,2024-10-05,79.0,96.0,Lille,Toulouse,2.0,1.0,,,4.0,6.0,3.0,2.0,0.0,0.0,10.0,9.0,Desconocido
League 1,41,England,,False,2024-10-05,1379,1373,Lincoln,Leyton Orient,2.0,1.0,,,3.0,7.0,4.0,3.0,0.0,0.0,10.0,11.0,R. Joyce
Premier League,569.0,,,False,2024-10-05,,36.0,Man City,Fulham,3.0,2.0,,,8.0,3.0,2.0,1.0,0.0,0.0,20.0,11.0,Desconocido
League 1,,,,False,2024-10-05,,1356.0,Mansfield,Blackpool,2.0,0.0,,,10.0,3.0,4.0,1.0,0.0,0.0,6.0,9.0,Desconocido
Jupiler Pro League,144.0,,,False,2024-10-05,,,Mechelen,Oud-Heverlee Leuven,5.0,0.0,,,4.0,6.0,1.0,2.0,0.0,1.0,15.0,8.0,Desconocido
Ligue 2,62.0,,,False,2024-10-05,112.0,87.0,Metz,Amiens,3.0,2.0,,,2.0,1.0,3.0,2.0,0.0,0.0,15.0,6.0,Desconocido
League 2,42,England,,False,2024-10-05,1348,1381,Milton Keynes Dons,Tranmere,1.0,1.0,,,5.0,5.0,2.0,1.0,0.0,0.0,10.0,8.0,C. Hicks
La Liga 2,,,,False,2024-10-05,799.0,22018.0,Mirandes,Granada,0.0,1.0,,,8.0,1.0,1.0,5.0,0.0,0.0,12.0,5.0,Desconocido
Primeira Liga,94.0,,,False,2024-10-05,215.0,227.0,Moreirense,Santa Clara,1.0,0.0,,,1.0,7.0,0.0,0.0,0.0,0.0,11.0,12.0,Desconocido
Championship Escocia,,,,False,2024-10-05,1383.0,,Morton,Raith Rvs,2.0,0.0,,,5.0,10.0,3.0,1.0,0.0,0.0,9.0,10.0,Desconocido
Eredivisie,88.0,,,False,2024-10-05,203.0,,NAC Breda,Nijmegen,1.0,0.0,,,8.0,3.0,2.0,1.0,1.0,0.0,18.0,12.0,Desconocido
Championship,407.0,,,False,2024-10-05,71.0,,Norwich,Hull,4.0,0.0,,,4.0,7.0,3.0,4.0,0.0,0.0,19.0,16.0,Desconocido
League 2,42,England,,False,2024-10-05,1376,1351,Notts County,Port Vale,0.0,1.0,,,6.0,3.0,3.0,4.0,0.0,0.0,15.0,8.0,S. Purkiss
Bundesliga 2,,,,False,2024-10-05,,1313.0,Nurnberg,Preußen Münster,3.0,2.0,,,7.0,3.0,1.0,3.0,0.0,0.0,17.0,15.0,Desconocido
National League,43.0,,,False,2024-10-05,1349.0,,Oldham,Solihull,2.0,3.0,,,,,3.0,2.0,0.0,0.0,,,Desconocido
Eredivisie,88.0,,,False,2024-10-05,197.0,426.0,PSV Eindhoven,Sparta Rotterdam,2.0,1.0,,,3.0,8.0,0.0,2.0,1.0,0.0,16.0,14.0,Desconocido
Super League Greece,,,,False,2024-10-05,949.0,,Panetolikos,AEK,1.0,0.0,,,4.0,4.0,4.0,4.0,0.0,0.0,9.0,16.0,Desconocido
Championship Escocia,180,Scotland,,False,2024-10-05,901,255,Partick,Livingston,0.0,0.0,,,9.0,5.0,3.0,2.0,0.0,0.0,12.0,9.0,R. Lee
League 1,,,,False,2024-10-05,,1368.0,Peterboro,Stevenage,2.0,1.0,,,8.0,9.0,3.0,2.0,0.0,0.0,12.0,17.0,Desconocido
League 2 Escocia,,,,False,2024-10-05,6777.0,,Peterhead,Elgin,0.0,1.0,,,6.0,5.0,4.0,5.0,0.0,0.0,14.0,5.0,Desconocido
Serie B,72.0,,,False,2024-10-05,801.0,509.0,Pisa,Cesena,3.0,1.0,,,5.0,7.0,3.0,1.0,0.0,0.0,14.0,6.0,Desconocido
Championship,407.0,,,False,2024-10-05,1357.0,67.0,Plymouth,Blackburn,2.0,1.0,,,5.0,5.0,4.0,3.0,0.0,0.0,17.0,7.0,Desconocido
Championship,407.0,,,False,2024-10-05,1355.0,,Portsmouth,Oxford,1.0,1.0,,,11.0,4.0,0.0,1.0,0.0,0.0,21.0,13.0,Desconocido
League 1 Escocia,,,,False,2024-10-05,,6773.0,Queen of Sth,Kelty Hearts,1.0,5.0,,,5.0,6.0,3.0,1.0,1.0,0.0,7.0,11.0,Desconocido
Championship Escocia,,,,False,2024-10-05,,,Queens Park,Hamilton,1.0,0.0,,,3.0,2.0,1.0,1.0,0.0,0.0,17.0,11.0,Desconocido
La Liga,140.0,,,False,2024-10-05,541.0,533.0,Real Madrid,Villarreal,2.0,0.0,,,2.0,5.0,0.0,1.0,0.0,0.0,11.0,10.0,Desconocido
Ligue 1,61.0,,,False,2024-10-05,94.0,91.0,Rennes,Monaco,1.0,2.0,,,10.0,4.0,2.0,4.0,0.0,0.0,14.0,5.0,Desconocido
League 1,41,England,,False,2024-10-05,73,53,Rotherham,Reading,2.0,1.0,,,9.0,5.0,3.0,3.0,0.0,1.0,17.0,10.0,B. Toner
League 2,,,,False,2024-10-05,,1333.0,Salford,AFC Wimbledon,1.0,0.0,,,4.0,6.0,4.0,4.0,0.0,0.0,9.0,6.0,Desconocido
Serie B,72.0,,,False,2024-10-05,488.0,510.0,Sassuolo,Cittadella,6.0,1.0,,,3.0,3.0,0.0,4.0,0.0,0.0,19.0,11.0,Desconocido
Bundesliga 2,,,,False,2024-10-05,,,Schalke 04,Hertha,2.0,2.0,,,2.0,6.0,4.0,4.0,0.0,0.0,14.0,17.0,Desconocido
Championship,407.0,,,False,2024-10-05,,1359.0,Sheffield United,Luton,2.0,0.0,,,5.0,6.0,2.0,1.0,0.0,0.0,15.0,8.0,Desconocido
National League,43.0,,,False,2024-10-05,1341.0,1838.0,Southend,Maidenhead,0.0,2.0,,,,,3.0,1.0,0.0,0.0,,,Desconocido
Primeira Liga,94.0,,,False,2024-10-05,,4716.0,Sp Lisbon,Casa Pia,2.0,0.0,,,5.0,3.0,1.0,2.0,0.0,0.0,22.0,5.0,Desconocido
Serie B,72.0,,,False,2024-10-05,515.0,880.0,Spezia,Reggiana,1.0,0.0,,,1.0,3.0,4.0,2.0,0.0,0.0,12.0,15.0,Desconocido
Ligue 1,61.0,,,False,2024-10-05,,108.0,St Etienne,Auxerre,3.0,1.0,,,5.0,4.0,3.0,1.0,0.0,0.0,13.0,11.0,Desconocido
Premiership Escocia,,,,False,2024-10-05,,,St Mirren,Dundee United,0.0,1.0,,,3.0,3.0,0.0,3.0,0.0,0.0,16.0,12.0,Desconocido
Bundesliga,218.0,,,False,2024-10-05,,,St Pauli,Mainz,0.0,3.0,,,2.0,2.0,0.0,3.0,0.0,0.0,17.0,8.0,Desconocido
League 2 Escocia,,,,False,2024-10-05,,,Stirling,Forfar,2.0,1.0,,,5.0,6.0,1.0,2.0,1.0,0.0,7.0,9.0,Desconocido
League 1,,,,False,2024-10-05,,61.0,Stockport,Wigan,0.0,0.0,,,1.0,2.0,3.0,3.0,0.0,0.0,13.0,3.0,Desconocido
Championship,407.0,,,False,2024-10-05,76.0,,Swansea,Stoke,0.0,0.0,,,5.0,9.0,0.0,4.0,0.0,0.0,19.0,10.0,Desconocido
League 2,,,,False,2024-10-05,,,Swindon,Harrogate,0.0,0.0,,,6.0,2.0,1.0,1.0,0.0,0.0,13.0,7.0,Desconocido
La Liga 2,,,,False,2024-10-05,719.0,,Tenerife,Cartagena,2.0,0.0,,,3.0,7.0,2.0,1.0,0.0,0.0,19.0,4.0,Desconocido
Serie A,71.0,,,False,2024-10-05,494.0,867.0,Udinese,Lecce,1.0,0.0,,,5.0,0.0,2.0,2.0,0.0,0.0,13.0,9.0,Desconocido
Bundesliga,218.0,,,False,2024-10-05,182.0,,Union Berlin,Dortmund,2.0,1.0,,,3.0,3.0,4.0,4.0,0.0,0.0,13.0,9.0,Desconocido
Eredivisie,88.0,,,False,2024-10-05,207.0,417.0,Utrecht,Waalwijk,3.0,2.0,,,7.0,0.0,1.0,0.0,0.0,1.0,23.0,3.0,Desconocido
La Liga,140.0,,,False,2024-10-05,720.0,,Valladolid,Vallecano,1.0,2.0,,,5.0,13.0,4.0,2.0,0.0,0.0,13.0,17.0,Desconocido
Championship,407.0,,,False,2024-10-05,38.0,70.0,Watford,Middlesbrough,2.0,1.0,,,7.0,5.0,3.0,1.0,0.0,0.0,9.0,11.0,Desconocido
Bundesliga,218.0,,,False,2024-10-05,162.0,,Werder Bremen,Freiburg,0.0,1.0,,,7.0,5.0,1.0,2.0,0.0,0.0,11.0,13.0,Desconocido
Championship,407.0,,,False,2024-10-05,60.0,58.0,West Brom,Millwall,0.0,0.0,,,5.0,2.0,2.0,3.0,0.0,0.0,13.0,6.0,Desconocido
Premier League,569.0,,,False,2024-10-05,48.0,57.0,West Ham,Ipswich,4.0,1.0,,,5.0,5.0,0.0,1.0,0.0,0.0,23.0,9.0,Desconocido
National League,43.0,,,False,2024-10-05,1836.0,1828.0,Woking,York,1.0,1.0,,,,,2.0,0.0,0.0,0.0,,,Desconocido
League 1,41,England,,False,2024-10-05,1837,1337,Wrexham,Northampton,4.0,1.0,,,4.0,5.0,1.0,1.0,0.0,0.0,15.0,14.0,G. Eltringham
League 1,41,England,,False,2024-10-05,1358,1362,Wycombe,Crawley Town,1.0,0.0,,,7.0,2.0,1.0,6.0,0.0,0.0,9.0,8.0,N. Hair
National League,43.0,,,False,2024-10-05,,,Yeovil,Dag and Red,1.0,0.0,,,,,0.0,2.0,0.0,0.0,,,Desconocido
La Liga 2,,,,False,2024-10-05,732.0,,Zaragoza,Santander,2.0,3.0,,,11.0,1.0,3.0,6.0,0.0,1.0,19.0,14.0,Desconocido
Eredivisie,88.0,,,False,2024-10-04,,195.0,Almere City,Willem II,0.0,1.0,,,6.0,5.0,1.0,3.0,0.0,0.0,22.0,4.0,Desconocido
Ligue 2,62.0,,,False,2024-10-04,3012.0,,Annecy,Red Star,1.0,0.0,,,3.0,5.0,0.0,2.0,0.0,0.0,13.0,9.0,Desconocido
Bundesliga,218.0,,,False,2024-10-04,,,Augsburg,M'gladbach,2.0,1.0,,,6.0,5.0,2.0,4.0,0.0,0.0,13.0,11.0,Desconocido
Ligue 2,62.0,,,False,2024-10-04,1304.0,,Dunkerque,Troyes,2.0,1.0,,,5.0,8.0,1.0,3.0,0.0,1.0,12.0,22.0,Desconocido
La Liga 2,141,Spain,,False,2024-10-04,726,724,Huesca,Cadiz,3.0,1.0,,,2.0,4.0,4.0,5.0,1.0,0.0,6.0,12.0,Manuel Pérez
Bundesliga 2,,,,False,2024-10-04,,,Karlsruhe,Darmstadt,3.0,3.0,,,3.0,6.0,4.0,1.0,0.0,0.0,13.0,18.0,Desconocido
La Liga,140.0,,,False,2024-10-04,537.0,532.0,Leganes,Valencia,0.0,0.0,,,1.0,2.0,2.0,2.0,0.0,0.0,8.0,6.0,Desconocido
Ligue 1,61.0,,,False,2024-10-04,81.0,77.0,Marseille,Angers,1.0,1.0,,,9.0,3.0,4.0,0.0,1.0,1.0,13.0,8.0,Desconocido
Serie A,71.0,,,False,2024-10-04,492.0,895.0,Napoli,Como,3.0,1.0,,,4.0,1.0,1.0,1.0,0.0,0.0,9.0,11.0,Desconocido
Bundesliga 2,,,,False,2024-10-04,,,Paderborn,Regensburg,3.0,0.0,,,9.0,6.0,2.0,3.0,0.0,0.0,22.0,10.0,Desconocido
Ligue 2,62.0,,,False,2024-10-04,114.0,433.0,Paris FC,Laval,1.0,0.0,,,11.0,4.0,0.0,1.0,0.0,0.0,21.0,6.0,Desconocido
Primeira Liga,94.0,,,False,2024-10-04,226.0,242.0,Rio Ave,Famalicao,1.0,1.0,,,11.0,7.0,4.0,3.0,0.0,0.0,15.0,8.0,Desconocido
Turkey Super Lig,203,Turkey,,False,2024-10-04,1007,1005,Rizespor,Antalyaspor,2.0,1.0,,,3.0,3.0,6.0,2.0,0.0,0.0,7.0,16.0,B. Pakkan
Ligue 2,62.0,,,False,2024-10-04,1301.0,101.0,Rodez,Grenoble,2.0,1.0,,,6.0,0.0,3.0,3.0,0.0,0.0,12.0,4.0,Desconocido
Serie B,72.0,,,False,2024-10-04,498.0,863.0,Sampdoria,Juve Stabia,1.0,2.0,,,2.0,1.0,3.0,5.0,0.0,0.0,16.0,7.0,Desconocido
Championship,407.0,,,False,2024-10-04,746.0,63.0,Sunderland,Leeds,2.0,2.0,,,8.0,1.0,3.0,3.0,0.0,0.0,14.0,15.0,Desconocido
Serie A,71.0,,,False,2024-10-04,,517.0,Verona,Venezia,2.0,1.0,,,13.0,6.0,3.0,0.0,0.0,0.0,13.0,11.0,Desconocido
Jupiler Pro League,144.0,,,False,2024-10-04,,263.0,Westerlo,Beerschot VA,2.0,2.0,,,13.0,4.0,1.0,3.0,0.0,0.0,25.0,7.0,Desconocido
Championship,407.0,,,False,2024-10-02,56.0,,Bristol City,Sheffield Weds,0.0,0.0,,,6.0,5.0,2.0,1.0,0.0,0.0,10.0,8.0,Desconocido
Championship,407.0,,,False,2024-10-02,59.0,38.0,Preston,Watford,3.0,0.0,,,7.0,5.0,2.0,0.0,0.0,0.0,15.0,10.0,Desconocido
Championship,407.0,,,False,2024-10-02,,76.0,Sheffield United,Swansea,1.0,0.0,,,5.0,5.0,3.0,2.0,0.0,0.0,15.0,7.0,Desconocido
Championship,407.0,,,False,2024-10-02,,1355.0,Stoke,Portsmouth,6.0,1.0,,,3.0,5.0,2.0,1.0,0.0,0.0,20.0,9.0,Desconocido
League 1,41,England,,False,2024-10-01,747,1358,Barnsley,Wycombe,2.0,2.0,,,14.0,7.0,1.0,3.0,0.0,0.0,17.0,13.0,R. Joyce
League 1,41,England,,False,2024-10-01,54,37,Birmingham,Huddersfield,1.0,0.0,,,5.0,3.0,4.0,1.0,0.0,0.0,20.0,7.0,B. Toner
League 1,41,England,,False,2024-10-01,1356,1379,Blackpool,Lincoln,1.0,1.0,,,7.0,5.0,0.0,3.0,0.0,1.0,14.0,9.0,L. Smith
League 1,,,,False,2024-10-01,,1335.0,Bristol Rvs,Charlton,3.0,2.0,,,4.0,7.0,1.0,2.0,0.0,0.0,9.0,12.0,Desconocido
League 2,42,England,,False,2024-10-01,1832,1345,Bromley,Chesterfield,2.0,2.0,,,7.0,5.0,0.0,1.0,0.0,0.0,14.0,12.0,C. Hicks
Championship,407.0,,,False,2024-10-01,44.0,1357.0,Burnley,Plymouth,1.0,0.0,,,7.0,1.0,1.0,0.0,0.0,0.0,11.0,7.0,Desconocido
League 1,,,,False,2024-10-01,,73.0,Cambridge,Rotherham,0.0,1.0,,,7.0,2.0,4.0,1.0,0.0,0.0,10.0,8.0,Desconocido
Championship,407.0,,,False,2024-10-01,43.0,58.0,Cardiff,Millwall,1.0,0.0,,,5.0,6.0,1.0,3.0,0.0,0.0,10.0,11.0,Desconocido
League 2,42,England,,False,2024-10-01,1371,1376,Carlisle,Notts County,0.0,2.0,,,14.0,3.0,1.0,3.0,0.0,0.0,21.0,7.0,Z. Kennard-Kettle
League 2,,,,False,2024-10-01,1372.0,,Cheltenham,Accrington,2.0,1.0,,,4.0,7.0,3.0,2.0,0.0,0.0,11.0,10.0,Desconocido
Championship,407.0,,,False,2024-10-01,1346.0,67.0,Coventry,Blackburn,3.0,0.0,,,5.0,1.0,1.0,3.0,0.0,0.0,18.0,10.0,Desconocido
League 1,,,,False,2024-10-01,1362.0,,Crawley Town,Mansfield,0.0,2.0,,,8.0,9.0,6.0,3.0,0.0,0.0,14.0,9.0,Desconocido
League 2,42,England,,False,2024-10-01,1354,1819,Doncaster,Barrow,1.0,0.0,,,5.0,4.0,0.0,2.0,0.0,0.0,13.0,5.0,F. Hallam
League 2,42,England,,False,2024-10-01,1347,1365,Gillingham,Grimsby,0.0,1.0,,,6.0,3.0,1.0,6.0,0.0,0.0,13.0,6.0,C. Brook
League 2,,,,False,2024-10-01,,1348.0,Harrogate,Milton Keynes Dons,1.0,5.0,,,3.0,5.0,0.0,0.0,0.0,0.0,10.0,14.0,Desconocido
League 1,,,,False,2024-10-01,1373.0,,Leyton Orient,Exeter,0.0,1.0,,,4.0,6.0,2.0,3.0,0.0,1.0,14.0,9.0,Desconocido
Championship,407.0,,,False,2024-10-01,1359.0,,Luton,Oxford,2.0,2.0,,,5.0,6.0,3.0,3.0,1.0,0.0,12.0,19.0,Desconocido
League 2,42,England,,False,2024-10-01,1375,1343,Morecambe,Bradford,1.0,1.0,,,5.0,10.0,1.0,0.0,0.0,0.0,14.0,13.0,E. Bell
League 2,,,,False,2024-10-01,1367.0,,Newport County,Salford,3.0,1.0,,,3.0,2.0,1.0,4.0,0.0,0.0,17.0,10.0,Desconocido
League 1,41,England,,False,2024-10-01,1337,68,Northampton,Bolton,2.0,4.0,,,4.0,5.0,4.0,4.0,0.0,0.0,10.0,14.0,M. Corlett
Championship,407.0,,,False,2024-10-01,71.0,63.0,Norwich,Leeds,1.0,1.0,,,9.0,6.0,2.0,4.0,0.0,0.0,7.0,14.0,Desconocido
League 2,42,England,,False,2024-10-01,1351,1361,Port Vale,Colchester,1.0,1.0,,,3.0,3.0,2.0,4.0,0.0,0.0,16.0,11.0,S. Mather
Championship,407.0,,,False,2024-10-01,72.0,,QPR,Hull,1.0,3.0,,,5.0,6.0,1.0,3.0,0.0,0.0,21.0,15.0,Desconocido
League 1,,,,False,2024-10-01,53.0,,Reading,Burton,3.0,1.0,,,4.0,5.0,2.0,2.0,0.0,0.0,15.0,7.0,Desconocido
League 1,,,,False,2024-10-01,1352.0,,Shrewsbury,Stockport,0.0,2.0,,,5.0,5.0,2.0,6.0,0.0,0.0,7.0,12.0,Desconocido
League 1,41,England,,False,2024-10-01,1368,1837,Stevenage,Wrexham,1.0,0.0,,,2.0,3.0,2.0,3.0,0.0,0.0,8.0,7.0,W. Finnie
Championship,407.0,,,False,2024-10-01,746.0,69.0,Sunderland,Derby,2.0,0.0,,,1.0,8.0,2.0,2.0,0.0,0.0,9.0,13.0,Desconocido
League 2,,,,False,2024-10-01,1381.0,,Tranmere,Swindon,1.0,1.0,,,4.0,6.0,0.0,2.0,0.0,0.0,15.0,16.0,Desconocido
League 2,42,England,,False,2024-10-01,1342,1336,Walsall,Fleetwood Town,2.0,6.0,,,5.0,5.0,0.0,2.0,0.0,0.0,17.0,12.0,D. Baines
Championship,407.0,,,False,2024-10-01,60.0,70.0,West Brom,Middlesbrough,0.0,1.0,,,5.0,4.0,2.0,1.0,0.0,0.0,11.0,15.0,Desconocido
League 1,,,,False,2024-10-01,61.0,,Wigan,Peterboro,3.0,0.0,,,3.0,8.0,3.0,4.0,0.0,0.0,9.0,11.0,Desconocido
