League,LeagueId,Country,Round,EsEliminatoria,Date,HomeTeamId,AwayTeamId,HomeTeam,AwayTeam,FTHG,FTAG,HTHG,HTAG,HC,AC,HY,AY,HR,AR,HS,AS,Referee
La Liga 2,,,,False,2025-03-31,724.0,545.0,Cadiz,Eibar,0.0,0.0,,,3.0,3.0,0.0,4.0,0.0,0.0,9.0,10.0,Desconocido
La Liga,140.0,,,False,2025-03-31,,534.0,Celta,Las Palmas,1.0,1.0,,,4.0,2.0,3.0,0.0,0.0,0.0,19.0,4.0,Desconocido
Turkey Super Lig,,,,False,2025-03-31,,,Eyupspor,Buyuksehyr,1.0,3.0,,,4.0,3.0,1.0,1.0,0.0,0.0,11.0,12.0,Desconocido
Serie A,71.0,,,False,2025-03-31,487.0,503.0,Lazio,Torino,1.0,1.0,,,5.0,3.0,3.0,4.0,0.0,0.0,16.0,7.0,Desconocido
Ligue 2,62.0,,,False,2025-03-31,114.0,88.0,Paris FC,Caen,4.0,2.0,,,2.0,3.0,1.0,3.0,0.0,0.0,16.0,16.0,Desconocido
Serie A,71.0,,,False,2025-03-31,,523.0,Verona,Parma,0.0,0.0,,,5.0,5.0,2.0,1.0,0.0,0.0,6.0,10.0,Desconocido
Super League Greece,,,,False,2025-03-30,,619.0,AEK,PAOK,2.0,3.0,,,3.0,1.0,0.0,5.0,0.0,0.0,12.0,8.0,Desconocido
La Liga 2,,,,False,2025-03-30,722.0,799.0,Albacete,Mirandes,3.0,2.0,,,5.0,6.0,2.0,2.0,1.0,0.0,10.0,12.0,Desconocido
Ligue 1,61.0,,,False,2025-03-30,77.0,94.0,Angers,Rennes,0.0,3.0,,,6.0,5.0,1.0,0.0,0.0,0.0,9.0,14.0,Desconocido
La Liga,140.0,,,False,2025-03-30,,727.0,Ath Bilbao,Osasuna,0.0,0.0,,,3.0,4.0,1.0,1.0,0.0,0.0,11.0,5.0,Desconocido
Ligue 1,61.0,,,False,2025-03-30,108.0,82.0,Auxerre,Montpellier,1.0,0.0,,,10.0,6.0,3.0,1.0,0.0,0.0,21.0,12.0,Desconocido
La Liga,140.0,,,False,2025-03-30,529.0,547.0,Barcelona,Girona,4.0,1.0,,,10.0,2.0,0.0,1.0,0.0,0.0,21.0,4.0,Desconocido
La Liga,140.0,,,False,2025-03-30,,536.0,Betis,Sevilla,2.0,1.0,,,2.0,2.0,4.0,4.0,0.0,0.0,11.0,6.0,Desconocido
Serie A,71.0,,,False,2025-03-30,490.0,1579.0,Cagliari,Monza,3.0,0.0,,,4.0,6.0,2.0,2.0,0.0,0.0,11.0,12.0,Desconocido
Serie B,72.0,,,False,2025-03-30,1581.0,508.0,Carrarese,Bari,2.0,1.0,,,7.0,7.0,2.0,4.0,0.0,0.0,11.0,21.0,Desconocido
Serie B,72.0,,,False,2025-03-30,509.0,863.0,Cesena,Juve Stabia,1.0,2.0,,,8.0,1.0,2.0,4.0,0.0,0.0,11.0,8.0,Desconocido
Jupiler Pro League,144.0,,,False,2025-03-30,,554.0,Club Brugge,Anderlecht,2.0,0.0,,,7.0,2.0,0.0,2.0,0.0,0.0,19.0,4.0,Desconocido
La Liga 2,,,,False,2025-03-30,713.0,797.0,Cordoba,Elche,1.0,2.0,,,11.0,2.0,5.0,0.0,0.0,1.0,17.0,8.0,Desconocido
Jupiler Pro League,144.0,,,False,2025-03-30,6215.0,,Dender,Westerlo,1.0,0.0,,,8.0,8.0,0.0,3.0,0.0,0.0,20.0,13.0,Desconocido
Bundesliga,218.0,,,False,2025-03-30,,,Dortmund,Mainz,3.0,1.0,,,6.0,4.0,2.0,0.0,0.0,0.0,18.0,12.0,Desconocido
Primeira Liga,94.0,,,False,2025-03-30,230.0,,Estoril,Porto,1.0,2.0,,,1.0,6.0,4.0,2.0,0.0,0.0,3.0,14.0,Desconocido
Primeira Liga,94.0,,,False,2025-03-30,242.0,21595.0,Famalicao,AVS,4.0,1.0,,,4.0,2.0,2.0,2.0,0.0,0.0,16.0,6.0,Desconocido
Eredivisie,88.0,,,False,2025-03-30,209.0,,Feyenoord,Go Ahead Eagles,3.0,2.0,,,2.0,4.0,1.0,0.0,0.0,0.0,17.0,13.0,Desconocido
Serie A,71.0,,,False,2025-03-30,502.0,499.0,Fiorentina,Atalanta,1.0,0.0,,,2.0,4.0,0.0,3.0,0.0,0.0,12.0,9.0,Desconocido
Bundesliga,218.0,,,False,2025-03-30,,182.0,Freiburg,Union Berlin,1.0,2.0,,,3.0,3.0,3.0,4.0,0.0,0.0,9.0,10.0,Desconocido
Jupiler Pro League,144.0,,,False,2025-03-30,742.0,631.0,Genk,Gent,4.0,0.0,,,4.0,5.0,1.0,0.0,0.0,0.0,15.0,11.0,Desconocido
La Liga,140.0,,,False,2025-03-30,546.0,533.0,Getafe,Villarreal,1.0,2.0,,,3.0,1.0,1.0,4.0,0.0,0.0,11.0,9.0,Desconocido
Bundesliga 2,,,,False,2025-03-30,,,Greuther Furth,Schalke 04,3.0,3.0,,,4.0,6.0,2.0,3.0,0.0,0.0,13.0,12.0,Desconocido
Eredivisie,88.0,,,False,2025-03-30,206.0,415.0,Heracles,Twente,2.0,1.0,,,1.0,6.0,5.0,2.0,0.0,0.0,7.0,13.0,Desconocido
La Liga 2,,,,False,2025-03-30,726.0,,Huesca,Sp Gijon,3.0,2.0,,,8.0,2.0,3.0,3.0,0.0,0.0,24.0,11.0,Desconocido
Serie A,71.0,,,False,2025-03-30,505.0,494.0,Inter,Udinese,2.0,1.0,,,2.0,4.0,2.0,0.0,0.0,0.0,13.0,11.0,Desconocido
Jupiler Pro League,144.0,,,False,2025-03-30,734.0,741.0,Kortrijk,Cercle Brugge,2.0,2.0,,,2.0,4.0,2.0,3.0,1.0,1.0,5.0,13.0,Desconocido
Ligue 1,61.0,,,False,2025-03-30,111.0,83.0,Le Havre,Nantes,3.0,2.0,,,3.0,4.0,1.0,2.0,0.0,0.0,16.0,7.0,Desconocido
Ligue 1,61.0,,,False,2025-03-30,79.0,116.0,Lille,Lens,1.0,0.0,,,6.0,2.0,1.0,3.0,0.0,0.0,11.0,5.0,Desconocido
Primeira Liga,94.0,,,False,2025-03-30,215.0,224.0,Moreirense,Guimaraes,2.0,2.0,,,2.0,3.0,2.0,2.0,0.0,0.0,11.0,11.0,Desconocido
Serie A,71.0,,,False,2025-03-30,492.0,,Napoli,Milan,2.0,1.0,,,2.0,6.0,2.0,2.0,0.0,0.0,8.0,17.0,Desconocido
Super League Greece,,,,False,2025-03-30,3415.0,617.0,Olympiakos,Panathinaikos,4.0,2.0,,,3.0,0.0,1.0,3.0,0.0,1.0,11.0,8.0,Desconocido
La Liga 2,,,,False,2025-03-30,718.0,535.0,Oviedo,Malaga,2.0,1.0,,,4.0,8.0,1.0,0.0,0.0,0.0,15.0,9.0,Desconocido
Eredivisie,88.0,,,False,2025-03-30,197.0,194.0,PSV Eindhoven,Ajax,0.0,2.0,,,5.0,2.0,1.0,2.0,0.0,0.0,17.0,11.0,Desconocido
Super League Greece,,,,False,2025-03-30,2099.0,,Panserraikos,Lamia,1.0,1.0,,,8.0,3.0,1.0,6.0,0.0,0.0,15.0,10.0,Desconocido
Bundesliga 2,,,,False,2025-03-30,1313.0,,Preußen Münster,Braunschweig,1.0,1.0,,,4.0,3.0,4.0,2.0,0.0,0.0,14.0,9.0,Desconocido
Bundesliga 2,,,,False,2025-03-30,,,Regensburg,Nurnberg,2.0,1.0,,,3.0,6.0,3.0,3.0,0.0,0.0,8.0,13.0,Desconocido
Premiership Escocia,,,,False,2025-03-30,902.0,,Ross County,Dundee United,0.0,1.0,,,4.0,9.0,1.0,2.0,0.0,0.0,5.0,20.0,Desconocido
Serie B,72.0,,,False,2025-03-30,514.0,522.0,Salernitana,Palermo,1.0,2.0,,,3.0,2.0,3.0,1.0,0.0,0.0,14.0,11.0,Desconocido
Primeira Liga,94.0,,,False,2025-03-30,227.0,225.0,Santa Clara,Nacional,1.0,0.0,,,3.0,4.0,3.0,3.0,0.0,1.0,13.0,9.0,Desconocido
Ligue 1,61.0,,,False,2025-03-30,96.0,,Toulouse,Brest,2.0,4.0,,,10.0,3.0,0.0,5.0,0.0,0.0,17.0,10.0,Desconocido
Eredivisie,88.0,,,False,2025-03-30,207.0,210.0,Utrecht,Heerenveen,2.0,0.0,,,4.0,5.0,1.0,1.0,0.0,0.0,12.0,10.0,Desconocido
La Liga,140.0,,,False,2025-03-30,532.0,798.0,Valencia,Mallorca,1.0,0.0,,,4.0,5.0,5.0,5.0,0.0,0.0,8.0,8.0,Desconocido
Premiership Escocia,,,,False,2025-03-29,252.0,256.0,Aberdeen,Motherwell,4.0,1.0,,,9.0,4.0,1.0,2.0,0.0,0.0,15.0,10.0,Desconocido
League 2,,,,False,2025-03-29,,1343.0,Accrington,Bradford,0.0,0.0,,,2.0,7.0,2.0,4.0,0.0,0.0,10.0,6.0,Desconocido
La Liga,140.0,,,False,2025-03-29,542.0,,Alaves,Vallecano,0.0,2.0,,,8.0,5.0,3.0,5.0,0.0,0.0,12.0,11.0,Desconocido
League 1 Escocia,,,,False,2025-03-29,,1382.0,Alloa,Dumbarton,2.0,3.0,,,2.0,6.0,1.0,1.0,0.0,0.0,10.0,12.0,Desconocido
La Liga 2,,,,False,2025-03-29,723.0,539.0,Almeria,Levante,1.0,0.0,,,10.0,4.0,1.0,5.0,0.0,0.0,14.0,9.0,Desconocido
League 1 Escocia,,,,False,2025-03-29,6757.0,6773.0,Annan Athletic,Kelty Hearts,2.0,1.0,,,8.0,3.0,0.0,0.0,0.0,0.0,12.0,2.0,Desconocido
League 1 Escocia,,,,False,2025-03-29,4249.0,6763.0,Arbroath,Cove Rangers,1.0,0.0,,,4.0,4.0,2.0,0.0,0.0,1.0,6.0,4.0,Desconocido
Super League Greece,,,,False,2025-03-29,955.0,3408.0,Asteras Tripolis,Aris,0.0,2.0,,,3.0,3.0,1.0,4.0,1.0,0.0,5.0,15.0,Desconocido
Super League Greece,,,,False,2025-03-29,,2110.0,Athens Kallithea,Volos NFC,1.0,1.0,,,4.0,4.0,7.0,3.0,1.0,0.0,9.0,7.0,Desconocido
Championship Escocia,,,,False,2025-03-29,,1388.0,Ayr,Dunfermline,3.0,0.0,,,3.0,4.0,1.0,1.0,0.0,1.0,11.0,2.0,Desconocido
National League,43.0,,,False,2025-03-29,1369.0,1823.0,Barnet,Gateshead,3.0,1.0,,,,,1.0,2.0,0.0,0.0,,,Desconocido
League 2,,,,False,2025-03-29,1819.0,1345.0,Barrow,Chesterfield,0.0,1.0,,,0.0,4.0,3.0,1.0,0.0,0.0,5.0,4.0,Desconocido
Bundesliga,218.0,,,False,2025-03-29,,,Bayern Munich,St Pauli,3.0,2.0,,,5.0,4.0,3.0,0.0,0.0,0.0,19.0,10.0,Desconocido
Jupiler Pro League,144.0,,,False,2025-03-29,263.0,,Beerschot VA,St Truiden,0.0,1.0,,,0.0,9.0,1.0,2.0,1.0,0.0,5.0,28.0,Desconocido
Turkey Super Lig,,,,False,2025-03-29,,645.0,Besiktas,Galatasaray,2.0,1.0,,,9.0,3.0,3.0,3.0,1.0,1.0,20.0,9.0,Desconocido
League 1,,,,False,2025-03-29,54.0,1352.0,Birmingham,Shrewsbury,4.0,1.0,,,7.0,1.0,0.0,1.0,0.0,0.0,15.0,2.0,Desconocido
League 1,,,,False,2025-03-29,1356.0,68.0,Blackpool,Bolton,2.0,1.0,,,2.0,6.0,3.0,1.0,0.0,1.0,7.0,16.0,Desconocido
League 2 Escocia,,,,False,2025-03-29,,,Bonnyrigg Rose,Elgin,0.0,1.0,,,9.0,3.0,2.0,0.0,0.0,0.0,5.0,6.0,Desconocido
National League,43.0,,,False,2025-03-29,,,Boston Utd,Sutton,2.0,1.0,,,,,3.0,4.0,0.0,0.0,,,Desconocido
League 1,,,,False,2025-03-29,,,Bristol Rvs,Mansfield,1.0,2.0,,,6.0,2.0,0.0,4.0,0.0,0.0,16.0,11.0,Desconocido
League 2,,,,False,2025-03-29,1832.0,,Bromley,Salford,2.0,3.0,,,9.0,4.0,2.0,3.0,0.0,0.0,16.0,7.0,Desconocido
Championship,407.0,,,False,2025-03-29,44.0,56.0,Burnley,Bristol City,1.0,0.0,,,7.0,2.0,0.0,0.0,0.0,0.0,14.0,4.0,Desconocido
League 1,,,,False,2025-03-29,,1337.0,Cambridge,Northampton,1.0,1.0,,,7.0,3.0,2.0,0.0,0.0,0.0,4.0,11.0,Desconocido
Championship,407.0,,,False,2025-03-29,43.0,,Cardiff,Sheffield Weds,1.0,1.0,,,9.0,1.0,2.0,1.0,0.0,0.0,14.0,9.0,Desconocido
La Liga 2,,,,False,2025-03-29,,,Cartagena,Castellon,2.0,2.0,,,1.0,8.0,2.0,1.0,0.0,0.0,5.0,22.0,Desconocido
Primeira Liga,94.0,,,False,2025-03-29,4716.0,226.0,Casa Pia,Rio Ave,2.0,1.0,,,7.0,4.0,5.0,1.0,0.0,0.0,11.0,12.0,Desconocido
Premiership Escocia,,,,False,2025-03-29,247.0,,Celtic,Hearts,3.0,0.0,,,6.0,1.0,0.0,1.0,0.0,0.0,12.0,7.0,Desconocido
League 1,,,,False,2025-03-29,1335.0,37.0,Charlton,Huddersfield,4.0,0.0,,,5.0,4.0,0.0,1.0,0.0,0.0,18.0,8.0,Desconocido
Serie A,71.0,,,False,2025-03-29,895.0,511.0,Como,Empoli,1.0,1.0,,,4.0,1.0,2.0,5.0,0.0,1.0,16.0,14.0,Desconocido
Serie B,72.0,,,False,2025-03-29,10137.0,801.0,Cosenza,Pisa,0.0,3.0,,,0.0,5.0,3.0,1.0,2.0,0.0,1.0,14.0,Desconocido
Serie B,72.0,,,False,2025-03-29,520.0,510.0,Cremonese,Cittadella,2.0,2.0,,,9.0,1.0,2.0,1.0,0.0,0.0,16.0,3.0,Desconocido
League 2,,,,False,2025-03-29,1363.0,1351.0,Crewe,Port Vale,0.0,1.0,,,6.0,4.0,4.0,3.0,0.0,0.0,15.0,17.0,Desconocido
National League,43.0,,,False,2025-03-29,,1838.0,Dag and Red,Maidenhead,1.0,0.0,,,,,1.0,0.0,0.0,0.0,,,Desconocido
League 2,,,,False,2025-03-29,1354.0,1371.0,Doncaster,Carlisle,3.0,0.0,,,5.0,4.0,2.0,0.0,0.0,0.0,12.0,8.0,Desconocido
Premiership Escocia,,,,False,2025-03-29,253.0,257.0,Dundee,Rangers,3.0,4.0,,,7.0,3.0,1.0,2.0,0.0,0.0,15.0,22.0,Desconocido
League 2 Escocia,,,,False,2025-03-29,6764.0,6781.0,East Fife,Spartans,4.0,2.0,,,8.0,1.0,1.0,4.0,0.0,0.0,6.0,2.0,Desconocido
National League,43.0,,,False,2025-03-29,,4700.0,Ebbsfleet,Altrincham,2.0,2.0,,,,,0.0,4.0,0.0,0.0,,,Desconocido
Bundesliga,218.0,,,False,2025-03-29,,,Ein Frankfurt,Stuttgart,1.0,0.0,,,6.0,10.0,1.0,3.0,0.0,1.0,19.0,8.0,Desconocido
La Liga 2,,,,False,2025-03-29,9692.0,9580.0,Eldense,Burgos,0.0,0.0,,,6.0,3.0,3.0,2.0,0.0,0.0,18.0,5.0,Desconocido
La Liga,140.0,,,False,2025-03-29,,,Espanol,Ath Madrid,1.0,1.0,,,4.0,3.0,2.0,1.0,0.0,0.0,8.0,13.0,Desconocido
Primeira Liga,94.0,,,False,2025-03-29,15130.0,,Estrela,Sp Lisbon,0.0,3.0,,,3.0,2.0,7.0,1.0,2.0,0.0,7.0,13.0,Desconocido
League 1,,,,False,2025-03-29,,1837.0,Exeter,Wrexham,0.0,2.0,,,6.0,4.0,1.0,0.0,0.0,0.0,8.0,8.0,Desconocido
La Liga 2,,,,False,2025-03-29,,,Ferrol,La Coruna,0.0,1.0,,,7.0,3.0,4.0,1.0,0.0,0.0,10.0,6.0,Desconocido
Eredivisie,88.0,,,False,2025-03-29,,426.0,For Sittard,Sparta Rotterdam,0.0,3.0,,,2.0,4.0,3.0,1.0,0.0,0.0,15.0,15.0,Desconocido
National League,43.0,,,False,2025-03-29,1378.0,,Forest Green,Solihull,1.0,0.0,,,,,3.0,3.0,0.0,0.0,,,Desconocido
League 2 Escocia,,,,False,2025-03-29,,6777.0,Forfar,Peterhead,0.0,0.0,,,6.0,2.0,3.0,2.0,0.0,1.0,5.0,3.0,Desconocido
Ligue 2,62.0,,,False,2025-03-29,101.0,97.0,Grenoble,Lorient,1.0,2.0,,,2.0,5.0,0.0,0.0,0.0,0.0,4.0,20.0,Desconocido
Ligue 2,62.0,,,False,2025-03-29,90.0,433.0,Guingamp,Laval,2.0,0.0,,,8.0,3.0,0.0,4.0,0.0,1.0,21.0,6.0,Desconocido
National League,43.0,,,False,2025-03-29,,1366.0,Halifax,Hartlepool,0.0,1.0,,,,,3.0,2.0,0.0,0.0,,,Desconocido
Championship Escocia,,,,False,2025-03-29,,,Hamilton,Raith Rvs,0.0,3.0,,,5.0,2.0,2.0,2.0,0.0,0.0,8.0,12.0,Desconocido
Bundesliga 2,,,,False,2025-03-29,,,Hannover,Magdeburg,0.0,0.0,,,12.0,4.0,0.0,2.0,0.0,0.0,14.0,13.0,Desconocido
League 2,,,,False,2025-03-29,,1347.0,Harrogate,Gillingham,1.0,1.0,,,3.0,3.0,2.0,5.0,0.0,0.0,13.0,11.0,Desconocido
Bundesliga 2,,,,False,2025-03-29,,,Hertha,Karlsruhe,3.0,1.0,,,4.0,5.0,3.0,5.0,0.0,0.0,14.0,12.0,Desconocido
Premiership Escocia,,,,False,2025-03-29,249.0,,Hibernian,St Johnstone,3.0,0.0,,,5.0,2.0,1.0,3.0,0.0,0.0,14.0,1.0,Desconocido
Bundesliga,218.0,,,False,2025-03-29,,,Hoffenheim,Augsburg,1.0,1.0,,,2.0,2.0,1.0,2.0,0.0,0.0,13.0,11.0,Desconocido
Bundesliga,218.0,,,False,2025-03-29,191.0,162.0,Holstein Kiel,Werder Bremen,0.0,3.0,,,3.0,4.0,4.0,1.0,0.0,0.0,11.0,14.0,Desconocido
Championship,407.0,,,False,2025-03-29,,1359.0,Hull,Luton,0.0,1.0,,,10.0,4.0,0.0,0.0,0.0,0.0,14.0,8.0,Desconocido
Serie A,71.0,,,False,2025-03-29,10019.0,495.0,Juventus,Genoa,1.0,0.0,,,4.0,3.0,3.0,2.0,0.0,0.0,9.0,9.0,Desconocido
Bundesliga 2,,,,False,2025-03-29,,,Kaiserslautern,Fortuna Dusseldorf,3.0,1.0,,,5.0,5.0,2.0,5.0,0.0,0.0,13.0,8.0,Desconocido
Serie A,71.0,,,False,2025-03-29,867.0,,Lecce,Roma,0.0,1.0,,,6.0,6.0,1.0,3.0,0.0,0.0,17.0,16.0,Desconocido
Championship,407.0,,,False,2025-03-29,63.0,76.0,Leeds,Swansea,2.0,2.0,,,5.0,4.0,3.0,4.0,0.0,0.0,15.0,9.0,Desconocido
Bundesliga,218.0,,,False,2025-03-29,,173.0,M'gladbach,RB Leipzig,1.0,0.0,,,5.0,8.0,2.0,2.0,0.0,0.0,16.0,19.0,Desconocido
Serie B,72.0,,,False,2025-03-29,1693.0,1578.0,Mantova,Sudtirol,2.0,0.0,,,2.0,7.0,2.0,3.0,0.0,0.0,15.0,16.0,Desconocido
Championship,407.0,,,False,2025-03-29,70.0,,Middlesbrough,Oxford,2.0,1.0,,,11.0,5.0,0.0,2.0,0.0,0.0,24.0,9.0,Desconocido
League 2,,,,False,2025-03-29,1348.0,1336.0,Milton Keynes Dons,Fleetwood Town,2.0,4.0,,,6.0,3.0,0.0,2.0,0.0,0.0,10.0,14.0,Desconocido
Serie B,72.0,,,False,2025-03-29,899.0,1687.0,Modena,Catanzaro,2.0,1.0,,,6.0,4.0,4.0,1.0,0.0,0.0,11.0,12.0,Desconocido
Ligue 1,61.0,,,False,2025-03-29,91.0,84.0,Monaco,Nice,2.0,1.0,,,7.0,4.0,2.0,4.0,0.0,1.0,17.0,9.0,Desconocido
League 2,,,,False,2025-03-29,1375.0,,Morecambe,Swindon,1.0,0.0,,,3.0,2.0,1.0,1.0,0.0,0.0,10.0,7.0,Desconocido
Championship Escocia,,,,False,2025-03-29,1383.0,901.0,Morton,Partick,0.0,1.0,,,5.0,2.0,2.0,1.0,0.0,0.0,15.0,9.0,Desconocido
Eredivisie,88.0,,,False,2025-03-29,203.0,202.0,NAC Breda,Groningen,1.0,1.0,,,3.0,2.0,3.0,4.0,0.0,1.0,13.0,6.0,Desconocido
League 2,,,,False,2025-03-29,1367.0,1376.0,Newport County,Notts County,0.0,2.0,,,3.0,4.0,1.0,2.0,0.0,0.0,6.0,16.0,Desconocido
Eredivisie,88.0,,,False,2025-03-29,,201.0,Nijmegen,AZ Alkmaar,3.0,3.0,,,5.0,7.0,3.0,2.0,0.0,0.0,15.0,9.0,Desconocido
Championship,407.0,,,False,2025-03-29,71.0,60.0,Norwich,West Brom,1.0,0.0,,,3.0,6.0,1.0,0.0,0.0,0.0,9.0,16.0,Desconocido
Super League Greece,,,,False,2025-03-29,,12260.0,OFI Crete,Atromitos,1.0,2.0,,,7.0,2.0,1.0,3.0,0.0,1.0,14.0,13.0,Desconocido
Bundesliga 2,,,,False,2025-03-29,,,Paderborn,FC Koln,1.0,2.0,,,6.0,6.0,3.0,1.0,0.0,0.0,23.0,18.0,Desconocido
Super League Greece,,,,False,2025-03-29,949.0,,Panetolikos,Levadeiakos,1.0,2.0,,,2.0,4.0,3.0,1.0,0.0,0.0,5.0,19.0,Desconocido
Championship,407.0,,,False,2025-03-29,1355.0,67.0,Portsmouth,Blackburn,1.0,0.0,,,2.0,5.0,4.0,2.0,0.0,0.0,3.0,9.0,Desconocido
League 1 Escocia,,,,False,2025-03-29,,,Queen of Sth,Inverness C,4.0,1.0,,,7.0,1.0,1.0,1.0,0.0,0.0,9.0,6.0,Desconocido
League 1,,,,False,2025-03-29,53.0,,Reading,Peterboro,3.0,1.0,,,5.0,1.0,1.0,3.0,0.0,0.0,12.0,15.0,Desconocido
La Liga,140.0,,,False,2025-03-29,541.0,537.0,Real Madrid,Leganes,3.0,2.0,,,8.0,3.0,1.0,4.0,0.0,0.0,24.0,10.0,Desconocido
Ligue 1,61.0,,,False,2025-03-29,93.0,81.0,Reims,Marseille,3.0,1.0,,,0.0,12.0,0.0,0.0,0.0,0.0,7.0,20.0,Desconocido
National League,43.0,,,False,2025-03-29,1339.0,,Rochdale,Aldershot,4.0,0.0,,,,,0.0,1.0,0.0,0.0,,,Desconocido
League 1,,,,False,2025-03-29,73.0,1362.0,Rotherham,Crawley Town,0.0,4.0,,,6.0,2.0,3.0,1.0,0.0,0.0,13.0,17.0,Desconocido
Serie B,72.0,,,False,2025-03-29,498.0,512.0,Sampdoria,Frosinone,0.0,3.0,,,5.0,6.0,2.0,2.0,0.0,0.0,12.0,23.0,Desconocido
Turkey Super Lig,,,,False,2025-03-29,3603.0,,Samsunspor,Kasimpasa,0.0,2.0,,,2.0,2.0,1.0,3.0,0.0,0.0,13.0,9.0,Desconocido
La Liga 2,,,,False,2025-03-29,,732.0,Santander,Zaragoza,2.0,0.0,,,9.0,4.0,3.0,4.0,1.0,0.0,22.0,5.0,Desconocido
Serie B,72.0,,,False,2025-03-29,488.0,880.0,Sassuolo,Reggiana,5.0,1.0,,,3.0,2.0,2.0,3.0,0.0,0.0,14.0,10.0,Desconocido
Turkey Super Lig,,,,False,2025-03-29,1002.0,,Sivasspor,Ad. Demirspor,5.0,1.0,,,3.0,6.0,3.0,1.0,0.0,0.0,12.0,7.0,Desconocido
La Liga,140.0,,,False,2025-03-29,,720.0,Sociedad,Valladolid,2.0,1.0,,,3.0,6.0,2.0,3.0,0.0,0.0,12.0,12.0,Desconocido
National League,43.0,,,False,2025-03-29,1341.0,1349.0,Southend,Oldham,1.0,0.0,,,,,1.0,2.0,0.0,0.0,,,Desconocido
Primeira Liga,94.0,,,False,2025-03-29,,240.0,Sp Braga,Arouca,2.0,1.0,,,7.0,1.0,2.0,2.0,0.0,0.0,14.0,8.0,Desconocido
Ligue 1,61.0,,,False,2025-03-29,,,St Etienne,Paris SG,1.0,6.0,,,3.0,6.0,2.0,0.0,0.0,0.0,11.0,22.0,Desconocido
Premiership Escocia,,,,False,2025-03-29,,250.0,St Mirren,Kilmarnock,5.0,1.0,,,4.0,7.0,0.0,2.0,0.0,0.0,9.0,5.0,Desconocido
Jupiler Pro League,144.0,,,False,2025-03-29,,740.0,St. Gilloise,Antwerp,5.0,1.0,,,5.0,4.0,2.0,2.0,0.0,1.0,15.0,6.0,Desconocido
Jupiler Pro League,144.0,,,False,2025-03-29,,,Standard,Mechelen,2.0,2.0,,,8.0,5.0,0.0,1.0,0.0,0.0,10.0,13.0,Desconocido
League 1 Escocia,,,,False,2025-03-29,6784.0,4251.0,Stenhousemuir,Montrose,2.0,3.0,,,6.0,2.0,3.0,2.0,0.0,0.0,12.0,12.0,Desconocido
League 2 Escocia,,,,False,2025-03-29,,6766.0,Stirling,Edinburgh City,2.0,1.0,,,5.0,6.0,2.0,1.0,0.0,0.0,4.0,15.0,Desconocido
League 1,,,,False,2025-03-29,,,Stockport,Burton,2.0,1.0,,,0.0,7.0,2.0,3.0,1.0,0.0,6.0,12.0,Desconocido
Championship,407.0,,,False,2025-03-29,,72.0,Stoke,QPR,3.0,1.0,,,3.0,2.0,1.0,3.0,0.0,0.0,11.0,9.0,Desconocido
League 2 Escocia,,,,False,2025-03-29,6785.0,6762.0,Stranraer,Clyde,1.0,2.0,,,1.0,7.0,4.0,2.0,1.0,0.0,2.0,6.0,Desconocido
Championship,407.0,,,False,2025-03-29,746.0,58.0,Sunderland,Millwall,1.0,0.0,,,6.0,1.0,4.0,3.0,0.0,0.0,13.0,5.0,Desconocido
National League,43.0,,,False,2025-03-29,7752.0,1822.0,Tamworth,Eastleigh,2.0,0.0,,,,,0.0,3.0,0.0,1.0,,,Desconocido
Turkey Super Lig,,,,False,2025-03-29,998.0,,Trabzonspor,Goztep,1.0,1.0,,,7.0,1.0,1.0,2.0,0.0,0.0,12.0,6.0,Desconocido
Serie A,71.0,,,False,2025-03-29,517.0,500.0,Venezia,Bologna,0.0,1.0,,,2.0,3.0,4.0,1.0,0.0,0.0,6.0,13.0,Desconocido
League 2,,,,False,2025-03-29,1342.0,1333.0,Walsall,AFC Wimbledon,1.0,1.0,,,3.0,3.0,1.0,3.0,0.0,0.0,14.0,9.0,Desconocido
Championship,407.0,,,False,2025-03-29,38.0,1357.0,Watford,Plymouth,0.0,0.0,,,14.0,5.0,1.0,3.0,0.0,0.0,17.0,7.0,Desconocido
League 1,,,,False,2025-03-29,61.0,747.0,Wigan,Barnsley,1.0,1.0,,,6.0,1.0,3.0,2.0,0.0,0.0,12.0,8.0,Desconocido
Eredivisie,88.0,,,False,2025-03-29,195.0,,Willem II,Almere City,0.0,2.0,,,8.0,5.0,2.0,2.0,1.0,0.0,14.0,19.0,Desconocido
National League,43.0,,,False,2025-03-29,1836.0,,Woking,Braintree Town,2.0,1.0,,,,,6.0,6.0,0.0,0.0,,,Desconocido
Bundesliga,218.0,,,False,2025-03-29,,,Wolfsburg,Heidenheim,0.0,1.0,,,4.0,5.0,2.0,4.0,0.0,0.0,11.0,11.0,Desconocido
League 1,,,,False,2025-03-29,1358.0,1379.0,Wycombe,Lincoln,1.0,0.0,,,1.0,2.0,1.0,2.0,0.0,1.0,11.0,5.0,Desconocido
National League,43.0,,,False,2025-03-29,,,Yeovil,Fylde,1.0,0.0,,,,,1.0,5.0,0.0,0.0,,,Desconocido
National League,43.0,,,False,2025-03-29,1828.0,8663.0,York,Wealdstone,3.0,0.0,,,,,1.0,0.0,0.0,0.0,,,Desconocido
Eredivisie,88.0,,,False,2025-03-29,,417.0,Zwolle,Waalwijk,2.0,0.0,,,11.0,3.0,1.0,2.0,0.0,1.0,25.0,6.0,Desconocido
Turkey Super Lig,,,,False,2025-03-28,1005.0,996.0,Antalyaspor,Alanyaspor,2.0,1.0,,,4.0,3.0,3.0,2.0,0.0,0.0,11.0,4.0,Desconocido
Ligue 2,62.0,,,False,2025-03-28,1305.0,1304.0,Bastia,Dunkerque,2.0,0.0,,,3.0,4.0,3.0,3.0,0.0,0.0,14.0,11.0,Desconocido
Turkey Super Lig,,,,False,2025-03-28,,,Bodrumspor,Fenerbahce,2.0,4.0,,,4.0,1.0,2.0,1.0,0.0,0.0,14.0,16.0,Desconocido
Ligue 2,62.0,,,False,2025-03-28,,87.0,Clermont,Amiens,1.0,1.0,,,5.0,9.0,3.0,2.0,1.0,0.0,11.0,17.0,Desconocido
League 2,,,,False,2025-03-28,1361.0,1365.0,Colchester,Grimsby,1.0,2.0,,,4.0,3.0,2.0,2.0,0.0,0.0,7.0,16.0,Desconocido
Primeira Liga,94.0,,,False,2025-03-28,,211.0,Gil Vicente,Benfica,0.0,3.0,,,5.0,2.0,4.0,2.0,0.0,0.0,7.0,18.0,Desconocido
Bundesliga 2,,,,False,2025-03-28,,,Hamburg,Elversberg,0.0,0.0,,,8.0,4.0,0.0,3.0,0.0,0.0,15.0,14.0,Desconocido
Turkey Super Lig,,,,False,2025-03-28,1001.0,3575.0,Kayserispor,Hatayspor,5.0,0.0,,,8.0,3.0,1.0,2.0,0.0,0.0,20.0,14.0,Desconocido
Turkey Super Lig,,,,False,2025-03-28,607.0,,Konyaspor,Gaziantep,1.0,0.0,,,2.0,2.0,4.0,4.0,0.0,0.0,14.0,6.0,Desconocido
Bundesliga,218.0,,,False,2025-03-28,,,Leverkusen,Bochum,3.0,1.0,,,3.0,2.0,0.0,1.0,0.0,0.0,14.0,8.0,Desconocido
Ligue 2,62.0,,,False,2025-03-28,,,Martigues,Ajaccio,2.0,0.0,,,0.0,10.0,1.0,2.0,0.0,0.0,10.0,18.0,Desconocido
Ligue 2,62.0,,,False,2025-03-28,112.0,,Metz,Troyes,2.0,1.0,,,5.0,1.0,2.0,0.0,1.0,0.0,8.0,10.0,Desconocido
Jupiler Pro League,144.0,,,False,2025-03-28,,736.0,Oud-Heverlee Leuven,Charleroi,0.0,0.0,,,4.0,8.0,4.0,2.0,1.0,0.0,8.0,24.0,Desconocido
Ligue 2,62.0,,,False,2025-03-28,,3012.0,Pau FC,Annecy,1.0,0.0,,,2.0,6.0,1.0,4.0,0.0,0.0,5.0,7.0,Desconocido
Ligue 2,62.0,,,False,2025-03-28,,1301.0,Red Star,Rodez,1.0,1.0,,,2.0,8.0,1.0,2.0,0.0,0.0,10.0,12.0,Desconocido
Championship,407.0,,,False,2025-03-28,,1346.0,Sheffield United,Coventry,3.0,1.0,,,8.0,2.0,1.0,2.0,0.0,0.0,16.0,11.0,Desconocido
Serie B,72.0,,,False,2025-03-28,515.0,,Spezia,Brescia,0.0,1.0,,,16.0,2.0,4.0,3.0,1.0,0.0,25.0,13.0,Desconocido
Ligue 1,61.0,,,False,2025-03-28,95.0,80.0,Strasbourg,Lyon,4.0,2.0,,,6.0,5.0,2.0,2.0,0.0,0.0,14.0,16.0,Desconocido
La Liga 2,,,,False,2025-03-28,719.0,22018.0,Tenerife,Granada,2.0,1.0,,,7.0,4.0,1.0,5.0,0.0,1.0,14.0,8.0,Desconocido
League 2,,,,False,2025-03-28,1381.0,1372.0,Tranmere,Cheltenham,2.0,0.0,,,9.0,1.0,1.0,3.0,0.0,0.0,14.0,7.0,Desconocido
Bundesliga 2,,,,False,2025-03-28,,,Ulm,Darmstadt,2.0,1.0,,,5.0,4.0,5.0,1.0,0.0,0.0,12.0,19.0,Desconocido
La Liga,140.0,,,False,2025-03-27,529.0,727.0,Barcelona,Osasuna,3.0,0.0,,,8.0,4.0,1.0,3.0,0.0,0.0,19.0,4.0,Desconocido
League 1,,,,False,2025-03-27,1373.0,1368.0,Leyton Orient,Stevenage,1.0,0.0,,,5.0,4.0,0.0,0.0,0.0,0.0,3.0,11.0,Desconocido
FIFA World Cup qualification,,,,False,2025-03-25,,,Algeria,Mozambique,5.0,1.0,,,,,,,,,,,Desconocido
National League,43.0,,,False,2025-03-25,4700.0,,Altrincham,Solihull,1.0,1.0,,,,,3.0,3.0,1.0,0.0,,,Desconocido
FIFA World Cup qualification,,,,False,2025-03-25,,,Angola,Cape Verde,1.0,2.0,,,,,,,,,,,Desconocido
FIFA World Cup qualification,,,,False,2025-03-25,26.0,,Argentina,Brazil,4.0,1.0,,,,,,,,,,,Desconocido
Friendly,,,,False,2025-03-25,1096.0,,Azerbaijan,Belarus,0.0,2.0,,,,,,,,,,,Desconocido
FIFA World Cup qualification,,,,False,2025-03-25,,,Benin,South Africa,0.0,2.0,,,,,,,,,,,Desconocido
AFC Asian Cup qualification,,,,False,2025-03-25,,1550.0,Bhutan,Yemen,0.0,0.0,,,,,,,,,,,Desconocido
FIFA World Cup qualification,,,,False,2025-03-25,,7.0,Bolivia,Uruguay,0.0,0.0,,,,,,,,,,,Desconocido
National League,43.0,,,False,2025-03-25,,1341.0,Boston Utd,Southend,3.0,0.0,,,,,3.0,0.0,0.0,0.0,,,Desconocido
FIFA World Cup qualification,,,,False,2025-03-25,1520.0,,Botswana,Somalia,2.0,0.0,,,,,,,,,,,Desconocido
FIFA World Cup qualification,,,,False,2025-03-25,,,Burundi,Seychelles,5.0,0.0,,,,,,,,,,,Desconocido
Friendly,,,,False,2025-03-25,1543.0,8167.0,Cambodia,Aruba,1.0,2.0,,,,,,,,,,,Desconocido
FIFA World Cup qualification,,,,False,2025-03-25,1530.0,1526.0,Cameroon,Libya,3.0,1.0,,,,,,,,,,,Desconocido
League 2,,,,False,2025-03-25,1371.0,1348.0,Carlisle,Milton Keynes Dons,2.0,2.0,,,7.0,2.0,1.0,1.0,0.0,0.0,11.0,8.0,Desconocido
FIFA World Cup qualification,,,,False,2025-03-25,,2382.0,Chile,Ecuador,0.0,0.0,,,,,,,,,,,Desconocido
FIFA World Cup qualification,,,,False,2025-03-25,1566.0,,China,Australia,0.0,2.0,,,,,,,,,,,Desconocido
FIFA World Cup qualification,,,,False,2025-03-25,,,Colombia,Paraguay,2.0,2.0,,,,,,,,,,,Desconocido
FIFA World Cup qualification,,,,False,2025-03-25,1524.0,,Comoros,Chad,1.0,0.0,,,,,,,,,,,Desconocido
Gold Cup qualification,,,,False,2025-03-25,29.0,,Costa Rica,Belize,6.0,1.0,,,,,,,,,,,Desconocido
Friendly,,,,False,2025-03-25,5532.0,5539.0,Dominican Republic,Puerto Rico,2.0,0.0,,,,,,,,,,,Desconocido
FIFA World Cup qualification,,,,False,2025-03-25,,1499.0,Egypt,Sierra Leone,1.0,0.0,,,,,,,,,,,Desconocido
FIFA World Cup qualification,,,,False,2025-03-25,1093.0,,Gibraltar,Czech Republic,0.0,4.0,,,,,,,,,,,Desconocido
Gold Cup qualification,,,,False,2025-03-25,,5162.0,Guatemala,Guyana,2.0,0.0,,,,,,,,,,,Desconocido
Gold Cup qualification,,,,False,2025-03-25,,,Honduras,Bermuda,2.0,0.0,,,,,,,,,,,Desconocido
AFC Asian Cup qualification,,,,False,2025-03-25,,,India,Bangladesh,0.0,0.0,,,,,,,,,,,Desconocido
FIFA World Cup qualification,,,,False,2025-03-25,1571.0,1547.0,Indonesia,Bahrain,1.0,0.0,,,,,,,,,,,Desconocido
FIFA World Cup qualification,,,,False,2025-03-25,22.0,1568.0,Iran,Uzbekistan,2.0,2.0,,,,,,,,,,,Desconocido
FIFA World Cup qualification,,,,False,2025-03-25,1116.0,1090.0,Israel,Norway,2.0,4.0,,,,,,,,,,,Desconocido
Gold Cup qualification,,,,False,2025-03-25,,,Jamaica,Saint Vincent and the Grenadines,3.0,0.0,,,,,,,,,,,Desconocido
FIFA World Cup qualification,,,,False,2025-03-25,12.0,23.0,Japan,Saudi Arabia,0.0,0.0,,,,,,,,,,,Desconocido
FIFA World Cup qualification,,,,False,2025-03-25,1570.0,1552.0,Kuwait,Oman,0.0,1.0,,,,,,,,,,,Desconocido
FIFA World Cup qualification,,,,False,2025-03-25,,1569.0,Kyrgyzstan,Qatar,3.0,1.0,,,,,,,,,,,Desconocido
AFC Asian Cup qualification,,,,False,2025-03-25,,5538.0,Lebanon,Brunei,5.0,0.0,,,,,,,,,,,Desconocido
FIFA World Cup qualification,,,,False,2025-03-25,1107.0,,Liechtenstein,Kazakhstan,0.0,2.0,,,,,,,,,,,Desconocido
Championship Escocia,,,,False,2025-03-25,255.0,1389.0,Livingston,Falkirk,1.0,0.0,,,1.0,4.0,3.0,3.0,0.0,0.0,8.0,8.0,Desconocido
AFC Asian Cup qualification,,,,False,2025-03-25,1538.0,,Malaysia,Nepal,2.0,0.0,,,,,,,,,,,Desconocido
Gold Cup qualification,,,,False,2025-03-25,,,Martinique,Suriname,0.0,1.0,,,,,,,,,,,Desconocido
FIFA World Cup qualification,,,,False,2025-03-25,1491.0,,Mauritania,DR Congo,0.0,2.0,,,,,,,,,,,Desconocido
FIFA World Cup qualification,,,,False,2025-03-25,,,Moldova,Estonia,2.0,3.0,,,,,,,,,,,Desconocido
FIFA World Cup qualification,,,,False,2025-03-25,,,Montenegro,Faroe Islands,1.0,0.0,,,,,,,,,,,Desconocido
FIFA World Cup qualification,,,,False,2025-03-25,,,Morocco,Tanzania,2.0,0.0,,,,,,,,,,,Desconocido
Championship Escocia,,,,False,2025-03-25,1383.0,,Morton,Raith Rvs,3.0,3.0,,,4.0,1.0,3.0,3.0,0.0,0.0,7.0,13.0,Desconocido
AFC Asian Cup qualification,,,,False,2025-03-25,1556.0,,Myanmar,Afghanistan,2.0,1.0,,,,,,,,,,,Desconocido
Gold Cup qualification,,,,False,2025-03-25,5164.0,,Nicaragua,Guadeloupe,0.0,1.0,,,,,,,,,,,Desconocido
Friendly,,,,False,2025-03-25,,,Niger,Bonaire,6.0,0.0,,,,,,,,,,,Desconocido
FIFA World Cup qualification,,,,False,2025-03-25,,1522.0,Nigeria,Zimbabwe,1.0,1.0,,,,,,,,,,,Desconocido
FIFA World Cup qualification,,,,False,2025-03-25,,1563.0,North Korea,United Arab Emirates,1.0,2.0,,,,,,,,,,,Desconocido
FIFA World Cup qualification,,,,False,2025-03-25,,767.0,North Macedonia,Wales,1.0,1.0,,,,,,,,,,,Desconocido
FIFA World Cup qualification,,,,False,2025-03-25,1562.0,1567.0,Palestine,Iraq,2.0,1.0,,,,,,,,,,,Desconocido
AFC Asian Cup qualification,,,,False,2025-03-25,1555.0,1549.0,Philippines,Maldives,4.0,1.0,,,,,,,,,,,Desconocido
League 2,,,,False,2025-03-25,1351.0,1819.0,Port Vale,Barrow,0.0,1.0,,,5.0,4.0,0.0,0.0,0.0,0.0,14.0,8.0,Desconocido
National League,43.0,,,False,2025-03-25,1339.0,1828.0,Rochdale,York,0.0,4.0,,,,,1.0,2.0,0.0,0.0,,,Desconocido
Friendly,,,,False,2025-03-25,,,Russia,Zambia,5.0,0.0,,,,,,,,,,,Desconocido
FIFA World Cup qualification,,,,False,2025-03-25,,,Rwanda,Lesotho,1.0,1.0,,,,,,,,,,,Desconocido
FIFA World Cup qualification,,,,False,2025-03-25,,,Senegal,Togo,2.0,0.0,,,,,,,,,,,Desconocido
AFC Asian Cup qualification,,,,False,2025-03-25,1546.0,,Singapore,Hong Kong,0.0,0.0,,,,,,,,,,,Desconocido
FIFA World Cup qualification,,,,False,2025-03-25,17.0,,South Korea,Jordan,1.0,1.0,,,,,,,,,,,Desconocido
FIFA World Cup qualification,,,,False,2025-03-25,,,Sudan,South Sudan,1.0,1.0,,,,,,,,,,,Desconocido
Friendly,,,,False,2025-03-25,,,Sweden,Northern Ireland,5.0,1.0,,,,,,,,,,,Desconocido
Friendly,,,,False,2025-03-25,15.0,,Switzerland,Luxembourg,3.0,1.0,,,,,,,,,,,Desconocido
AFC Asian Cup qualification,,,,False,2025-03-25,,,Syria,Pakistan,2.0,0.0,,,,,,,,,,,Desconocido
AFC Asian Cup qualification,,,,False,2025-03-25,,,Taiwan,Turkmenistan,1.0,2.0,,,,,,,,,,,Desconocido
AFC Asian Cup qualification,,,,False,2025-03-25,1536.0,5537.0,Tajikistan,Timor-Leste,1.0,0.0,,,,,,,,,,,Desconocido
AFC Asian Cup qualification,,,,False,2025-03-25,1564.0,,Thailand,Sri Lanka,1.0,0.0,,,,,,,,,,,Desconocido
Gold Cup qualification,,,,False,2025-03-25,5168.0,,Trinidad and Tobago,Cuba,4.0,0.0,,,,,,,,,,,Desconocido
FIFA World Cup qualification,,,,False,2025-03-25,1519.0,,Uganda,Guinea,1.0,0.0,,,,,,,,,,,Desconocido
FIFA World Cup qualification,,,,False,2025-03-25,,,Venezuela,Peru,1.0,0.0,,,,,,,,,,,Desconocido
AFC Asian Cup qualification,,,,False,2025-03-25,1542.0,1558.0,Vietnam,Laos,5.0,0.0,,,,,,,,,,,Desconocido
National League,43.0,,,False,2025-03-25,8663.0,,Wealdstone,Aldershot,1.0,3.0,,,,,3.0,3.0,0.0,0.0,,,Desconocido
National League,43.0,,,False,2025-03-25,1836.0,,Woking,Halifax,0.0,0.0,,,,,3.0,3.0,0.0,0.0,,,Desconocido
FIFA World Cup qualification,,,,False,2025-03-24,,1110.0,Albania,Andorra,3.0,0.0,,,,,,,,,,,Desconocido
FIFA World Cup qualification,,,,False,2025-03-24,,,Bosnia and Herzegovina,Cyprus,2.0,1.0,,,,,,,,,,,Desconocido
FIFA World Cup qualification,,,,False,2025-03-24,1527.0,,Central African Republic,Mali,0.0,0.0,,,,,,,,,,,Desconocido
FIFA World Cup qualification,,,,False,2025-03-24,10.0,,England,Latvia,3.0,0.0,,,,,,,,,,,Desconocido
FIFA World Cup qualification,,,,False,2025-03-24,,,Ethiopia,Djibouti,6.0,1.0,,,,,,,,,,,Desconocido
FIFA World Cup qualification,,,,False,2025-03-24,,,Guinea-Bissau,Burkina Faso,1.0,2.0,,,,,,,,,,,Desconocido
FIFA World Cup qualification,,,,False,2025-03-24,1501.0,,Ivory Coast,Gambia,1.0,0.0,,,,,,,,,,,Desconocido
FIFA World Cup qualification,,,,False,2025-03-24,,,Liberia,São Tomé and Príncipe,2.0,1.0,,,,,,,,,,,Desconocido
FIFA World Cup qualification,,,,False,2025-03-24,1097.0,,Lithuania,Finland,2.0,2.0,,,,,,,,,,,Desconocido
FIFA World Cup qualification,,,,False,2025-03-24,,1504.0,Madagascar,Ghana,0.0,3.0,,,,,,,,,,,Desconocido
FIFA World Cup qualification,,,,False,2025-03-24,1493.0,1521.0,Namibia,Equatorial Guinea,1.0,1.0,,,,,,,,,,,Desconocido
FIFA World Cup qualification,,,,False,2025-03-24,4673.0,5163.0,New Zealand,New Caledonia,3.0,0.0,,,,,,,,,,,Desconocido
FIFA World Cup qualification,,,,False,2025-03-24,,1112.0,Poland,Malta,2.0,0.0,,,,,,,,,,,Desconocido
FIFA World Cup qualification,,,,False,2025-03-24,,,San Marino,Romania,1.0,5.0,,,,,,,,,,,Desconocido
FIFA World Cup qualification,,,,False,2025-03-24,28.0,,Tunisia,Malawi,2.0,0.0,,,,,,,,,,,Desconocido
La Liga 2,,,,False,2025-03-24,732.0,713.0,Zaragoza,Cordoba,1.0,1.0,,,4.0,5.0,5.0,6.0,0.0,0.0,13.0,7.0,Desconocido
UEFA Nations League,5.0,,,False,2025-03-23,1.0,,Belgium,Ukraine,3.0,0.0,,,,,,,,,,,Desconocido
La Liga 2,,,,False,2025-03-23,545.0,726.0,Eibar,Huesca,2.0,1.0,,,4.0,0.0,1.0,0.0,0.0,0.0,17.0,5.0,Desconocido
FIFA World Cup qualification,,,,False,2025-03-23,,,Eswatini,Mauritius,3.0,3.0,,,,,,,,,,,Desconocido
UEFA Nations League,5.0,,,False,2025-03-23,2.0,,France,Croatia,2.0,0.0,,,,,,,,,,,Desconocido
UEFA Nations League,5.0,,,False,2025-03-23,,,Georgia,Armenia,6.0,1.0,,,,,,,,,,,Desconocido
UEFA Nations League,5.0,,,False,2025-03-23,25.0,,Germany,Italy,3.0,3.0,,,,,,,,,,,Desconocido
UEFA Nations League,5.0,,,False,2025-03-23,,,Hungary,Turkey,0.0,3.0,,,,,,,,,,,Desconocido
UEFA Nations League,5.0,,,False,2025-03-23,,1111.0,Iceland,Kosovo,1.0,3.0,,,,,,,,,,,Desconocido
FIFA World Cup qualification,,,,False,2025-03-23,,,Kenya,Gabon,1.0,2.0,,,,,,,,,,,Desconocido
La Liga 2,,,,False,2025-03-23,,,La Coruna,Cartagena,2.0,2.0,,,2.0,6.0,1.0,3.0,1.0,0.0,10.0,12.0,Desconocido
La Liga 2,,,,False,2025-03-23,539.0,,Levante,Castellon,3.0,2.0,,,4.0,3.0,0.0,4.0,0.0,0.0,12.0,13.0,Desconocido
CONCACAF Nations League,536.0,,,False,2025-03-23,,,Panama,Mexico,1.0,2.0,,,,,,,,,,,Desconocido
UEFA Nations League,5.0,,,False,2025-03-23,27.0,21.0,Portugal,Denmark,5.0,2.0,,,,,,,,,,,Desconocido
UEFA Nations League,5.0,,,False,2025-03-23,,,Republic of Ireland,Bulgaria,2.0,1.0,,,,,,,,,,,Desconocido
UEFA Nations League,5.0,,,False,2025-03-23,,1117.0,Scotland,Greece,0.0,3.0,,,,,,,,,,,Desconocido
UEFA Nations League,5.0,,,False,2025-03-23,14.0,775.0,Serbia,Austria,2.0,0.0,,,,,,,,,,,Desconocido
UEFA Nations League,5.0,,,False,2025-03-23,,,Slovenia,Slovakia,1.0,0.0,,,,,,,,,,,Desconocido
La Liga 2,,,,False,2025-03-23,,722.0,Sp Gijon,Albacete,0.0,2.0,,,9.0,6.0,3.0,0.0,2.0,1.0,14.0,16.0,Desconocido
UEFA Nations League,5.0,,,False,2025-03-23,9.0,1118.0,Spain,Netherlands,3.0,3.0,,,,,,,,,,,Desconocido
La Liga 2,,,,False,2025-03-23,719.0,724.0,Tenerife,Cadiz,2.0,1.0,,,6.0,3.0,3.0,1.0,0.0,0.0,11.0,16.0,Desconocido
CONCACAF Nations League,536.0,,,False,2025-03-23,,,United States,Canada,1.0,2.0,,,,,,,,,,,Desconocido
League 2,,,,False,2025-03-22,1333.0,1819.0,AFC Wimbledon,Barrow,2.0,2.0,,,7.0,5.0,2.0,0.0,0.0,0.0,13.0,12.0,Desconocido
National League,43.0,,,False,2025-03-22,,,Aldershot,Ebbsfleet,3.0,3.0,,,,,0.0,2.0,0.0,0.0,,,Desconocido
National League,43.0,,,False,2025-03-22,4700.0,1369.0,Altrincham,Barnet,0.0,1.0,,,,,2.0,5.0,0.0,0.0,,,Desconocido
Championship Escocia,,,,False,2025-03-22,,,Ayr,Hamilton,1.0,1.0,,,9.0,5.0,2.0,5.0,0.0,0.0,14.0,11.0,Desconocido
Friendly,,,,False,2025-03-22,1096.0,2386.0,Azerbaijan,Haiti,0.0,3.0,,,,,,,,,,,Desconocido
League 1,,,,False,2025-03-22,747.0,,Barnsley,Cambridge,1.0,1.0,,,5.0,4.0,3.0,4.0,0.0,0.0,17.0,4.0,Desconocido
League 2,,,,False,2025-03-22,1343.0,1361.0,Bradford,Colchester,4.0,1.0,,,6.0,2.0,0.0,0.0,0.0,0.0,21.0,10.0,Desconocido
National League,43.0,,,False,2025-03-22,,1828.0,Braintree Town,York,2.0,1.0,,,,,1.0,1.0,0.0,0.0,,,Desconocido
League 2,,,,False,2025-03-22,1371.0,1832.0,Carlisle,Bromley,2.0,1.0,,,7.0,6.0,4.0,3.0,0.0,0.0,20.0,12.0,Desconocido
League 2,,,,False,2025-03-22,1372.0,1348.0,Cheltenham,Milton Keynes Dons,0.0,1.0,,,5.0,6.0,1.0,0.0,0.0,0.0,7.0,18.0,Desconocido
League 2,,,,False,2025-03-22,1345.0,,Chesterfield,Harrogate,0.0,0.0,,,6.0,3.0,0.0,1.0,0.0,0.0,19.0,8.0,Desconocido
League 2 Escocia,,,,False,2025-03-22,6762.0,,Clyde,Bonnyrigg Rose,3.0,1.0,,,6.0,4.0,1.0,4.0,0.0,0.0,14.0,7.0,Desconocido
League 1 Escocia,,,,False,2025-03-22,6763.0,6784.0,Cove Rangers,Stenhousemuir,0.0,0.0,,,3.0,1.0,2.0,1.0,0.0,0.0,7.0,7.0,Desconocido
League 1,,,,False,2025-03-22,1362.0,,Crawley Town,Bristol Rvs,1.0,0.0,,,1.0,1.0,2.0,1.0,0.0,0.0,10.0,7.0,Desconocido
FIFA World Cup qualification,,,,False,2025-03-22,,,Czech Republic,Faroe Islands,2.0,1.0,,,,,,,,,,,Desconocido
League 1 Escocia,,,,False,2025-03-22,1382.0,,Dumbarton,Queen of Sth,0.0,0.0,,,4.0,5.0,1.0,2.0,0.0,0.0,9.0,11.0,Desconocido
National League,43.0,,,False,2025-03-22,1822.0,1341.0,Eastleigh,Southend,1.0,2.0,,,,,2.0,1.0,0.0,0.0,,,Desconocido
League 2 Escocia,,,,False,2025-03-22,6766.0,6764.0,Edinburgh City,East Fife,5.0,2.0,,,2.0,6.0,3.0,3.0,0.0,0.0,9.0,9.0,Desconocido
La Liga 2,,,,False,2025-03-22,797.0,9692.0,Elche,Eldense,2.0,0.0,,,5.0,4.0,0.0,2.0,0.0,0.0,14.0,6.0,Desconocido
Championship Escocia,,,,False,2025-03-22,1389.0,,Falkirk,Airdrie Utd,2.0,0.0,,,9.0,2.0,3.0,2.0,0.0,0.0,13.0,10.0,Desconocido
League 2,,,,False,2025-03-22,1336.0,1381.0,Fleetwood Town,Tranmere,0.0,0.0,,,1.0,4.0,1.0,1.0,0.0,0.0,11.0,8.0,Desconocido
National League,43.0,,,False,2025-03-22,,1378.0,Fylde,Forest Green,3.0,0.0,,,,,0.0,4.0,0.0,0.0,,,Desconocido
National League,43.0,,,False,2025-03-22,1823.0,7752.0,Gateshead,Tamworth,0.0,2.0,,,,,0.0,3.0,0.0,0.0,,,Desconocido
League 2,,,,False,2025-03-22,1347.0,1342.0,Gillingham,Walsall,0.0,0.0,,,1.0,2.0,1.0,2.0,0.0,0.0,12.0,15.0,Desconocido
La Liga 2,,,,False,2025-03-22,22018.0,718.0,Granada,Oviedo,1.0,0.0,,,5.0,5.0,1.0,3.0,0.0,0.0,12.0,10.0,Desconocido
League 2,,,,False,2025-03-22,1365.0,1367.0,Grimsby,Newport County,1.0,0.0,,,10.0,1.0,2.0,3.0,0.0,0.0,16.0,7.0,Desconocido
National League,43.0,,,False,2025-03-22,1366.0,,Hartlepool,Boston Utd,4.0,1.0,,,,,0.0,2.0,0.0,0.0,,,Desconocido
League 1 Escocia,,,,False,2025-03-22,,,Inverness C,Alloa,1.0,1.0,,,5.0,3.0,0.0,3.0,1.0,0.0,14.0,5.0,Desconocido
FIFA World Cup qualification,,,,False,2025-03-22,1116.0,,Israel,Estonia,2.0,1.0,,,,,,,,,,,Desconocido
League 1 Escocia,,,,False,2025-03-22,6773.0,4249.0,Kelty Hearts,Arbroath,1.0,1.0,,,6.0,6.0,0.0,0.0,0.0,0.0,10.0,8.0,Desconocido
FIFA World Cup qualification,,,,False,2025-03-22,1107.0,,Liechtenstein,North Macedonia,0.0,3.0,,,,,,,,,,,Desconocido
League 1,,,,False,2025-03-22,1379.0,,Lincoln,Exeter,0.0,0.0,,,10.0,1.0,2.0,4.0,0.0,0.0,18.0,3.0,Desconocido
Friendly,,,,False,2025-03-22,,,Luxembourg,Sweden,1.0,0.0,,,,,,,,,,,Desconocido
National League,43.0,,,False,2025-03-22,1838.0,1339.0,Maidenhead,Rochdale,1.0,1.0,,,,,2.0,1.0,0.0,0.0,,,Desconocido
La Liga 2,,,,False,2025-03-22,535.0,,Malaga,Ferrol,2.0,0.0,,,2.0,2.0,3.0,2.0,0.0,0.0,8.0,13.0,Desconocido
La Liga 2,,,,False,2025-03-22,799.0,,Mirandes,Santander,2.0,1.0,,,6.0,2.0,4.0,4.0,0.0,0.0,16.0,7.0,Desconocido
FIFA World Cup qualification,,,,False,2025-03-22,,1090.0,Moldova,Norway,0.0,5.0,,,,,,,,,,,Desconocido
FIFA World Cup qualification,,,,False,2025-03-22,,1093.0,Montenegro,Gibraltar,3.0,1.0,,,,,,,,,,,Desconocido
League 1 Escocia,,,,False,2025-03-22,4251.0,6757.0,Montrose,Annan Athletic,3.0,1.0,,,2.0,10.0,3.0,2.0,0.0,0.0,9.0,10.0,Desconocido
Championship Escocia,,,,False,2025-03-22,1383.0,,Morton,Queens Park,2.0,1.0,,,8.0,4.0,2.0,4.0,0.0,0.0,16.0,7.0,Desconocido
League 1,,,,False,2025-03-22,1337.0,1356.0,Northampton,Blackpool,0.0,2.0,,,3.0,8.0,2.0,1.0,0.0,0.0,12.0,8.0,Desconocido
League 2,,,,False,2025-03-22,1376.0,1363.0,Notts County,Crewe,0.0,0.0,,,5.0,4.0,3.0,1.0,0.0,0.0,16.0,4.0,Desconocido
National League,43.0,,,False,2025-03-22,1349.0,,Oldham,Halifax,2.0,0.0,,,,,0.0,1.0,0.0,0.0,,,Desconocido
League 1,,,,False,2025-03-22,,1335.0,Peterboro,Charlton,3.0,0.0,,,2.0,10.0,2.0,2.0,0.0,0.0,16.0,25.0,Desconocido
League 2,,,,False,2025-03-22,1351.0,1375.0,Port Vale,Morecambe,1.0,0.0,,,3.0,5.0,2.0,3.0,0.0,0.0,15.0,8.0,Desconocido
National League,43.0,,,False,2025-03-22,,,Solihull,Yeovil,0.0,3.0,,,,,2.0,2.0,0.0,0.0,,,Desconocido
League 2 Escocia,,,,False,2025-03-22,6781.0,,Spartans,Elgin,1.0,2.0,,,5.0,1.0,1.0,1.0,0.0,0.0,12.0,7.0,Desconocido
League 2 Escocia,,,,False,2025-03-22,,6777.0,Stirling,Peterhead,1.0,2.0,,,3.0,7.0,3.0,2.0,0.0,0.0,5.0,15.0,Desconocido
League 2 Escocia,,,,False,2025-03-22,6785.0,,Stranraer,Forfar,0.0,1.0,,,8.0,3.0,1.0,1.0,0.0,0.0,4.0,13.0,Desconocido
FIFA World Cup qualification,,,,False,2025-03-22,,,Sudan,Senegal,0.0,0.0,,,,,,,,,,,Desconocido
National League,43.0,,,False,2025-03-22,,,Sutton,Dag and Red,1.0,1.0,,,,,4.0,3.0,0.0,0.0,,,Desconocido
League 2,,,,False,2025-03-22,,,Swindon,Accrington,0.0,0.0,,,7.0,3.0,3.0,2.0,0.0,0.0,14.0,5.0,Desconocido
FIFA World Cup qualification,,,,False,2025-03-22,,1491.0,Togo,Mauritania,2.0,2.0,,,,,,,,,,,Desconocido
FIFA World Cup qualification,,,,False,2025-03-22,767.0,,Wales,Kazakhstan,3.0,1.0,,,,,,,,,,,Desconocido
National League,43.0,,,False,2025-03-22,8663.0,1836.0,Wealdstone,Woking,1.0,0.0,,,,,2.0,3.0,0.0,0.0,,,Desconocido
League 1,,,,False,2025-03-22,1837.0,,Wrexham,Stockport,1.0,0.0,,,2.0,3.0,7.0,1.0,0.0,1.0,6.0,11.0,Desconocido
FIFA World Cup qualification,,,,False,2025-03-21,1110.0,,Andorra,Latvia,0.0,1.0,,,,,,,,,,,Desconocido
Gold Cup qualification,,,,False,2025-03-21,,29.0,Belize,Costa Rica,0.0,7.0,,,,,,,,,,,Desconocido
Gold Cup qualification,,,,False,2025-03-21,,,Bermuda,Honduras,3.0,5.0,,,,,,,,,,,Desconocido
FIFA World Cup qualification,,,,False,2025-03-21,1520.0,,Botswana,Algeria,1.0,3.0,,,,,,,,,,,Desconocido
La Liga 2,,,,False,2025-03-21,9580.0,723.0,Burgos,Almeria,3.0,1.0,,,1.0,3.0,4.0,5.0,0.0,0.0,7.0,11.0,Desconocido
FIFA World Cup qualification,,,,False,2025-03-21,,,Burkina Faso,Djibouti,4.0,1.0,,,,,,,,,,,Desconocido
FIFA World Cup qualification,,,,False,2025-03-21,,1501.0,Burundi,Ivory Coast,0.0,1.0,,,,,,,,,,,Desconocido
Gold Cup qualification,,,,False,2025-03-21,,5168.0,Cuba,Trinidad and Tobago,1.0,2.0,,,,,,,,,,,Desconocido
FIFA World Cup qualification,,,,False,2025-03-21,,,Cyprus,San Marino,2.0,0.0,,,,,,,,,,,Desconocido
FIFA World Cup qualification,,,,False,2025-03-21,,,DR Congo,South Sudan,1.0,0.0,,,,,,,,,,,Desconocido
FIFA World Cup qualification,,,,False,2025-03-21,2382.0,,Ecuador,Venezuela,2.0,1.0,,,,,,,,,,,Desconocido
FIFA World Cup qualification,,,,False,2025-03-21,10.0,,England,Albania,2.0,0.0,,,,,,,,,,,Desconocido
FIFA World Cup qualification,,,,False,2025-03-21,1521.0,,Equatorial Guinea,São Tomé and Príncipe,2.0,0.0,,,,,,,,,,,Desconocido
FIFA World Cup qualification,,,,False,2025-03-21,,,Ethiopia,Egypt,0.0,2.0,,,,,,,,,,,Desconocido
FIFA World Cup qualification,,,,False,2025-03-21,1504.0,,Ghana,Chad,5.0,0.0,,,,,,,,,,,Desconocido
Gold Cup qualification,,,,False,2025-03-21,,5164.0,Guadeloupe,Nicaragua,1.0,0.0,,,,,,,,,,,Desconocido
FIFA World Cup qualification,,,,False,2025-03-21,,,Guinea,Somalia,0.0,0.0,,,,,,,,,,,Desconocido
Gold Cup qualification,,,,False,2025-03-21,5162.0,,Guyana,Guatemala,3.0,2.0,,,,,,,,,,,Desconocido
FIFA World Cup qualification,,,,False,2025-03-21,1112.0,,Malta,Finland,0.0,1.0,,,,,,,,,,,Desconocido
FIFA World Cup qualification,,,,False,2025-03-21,,,Morocco,Niger,2.0,1.0,,,,,,,,,,,Desconocido
FIFA World Cup qualification,,,,False,2025-03-21,5163.0,,New Caledonia,Tahiti,3.0,0.0,,,,,,,,,,,Desconocido
FIFA World Cup qualification,,,,False,2025-03-21,4673.0,5160.0,New Zealand,Fiji,7.0,0.0,,,,,,,,,,,Desconocido
Friendly,,,,False,2025-03-21,,15.0,Northern Ireland,Switzerland,1.0,1.0,,,,,,,,,,,Desconocido
Championship Escocia,,,,False,2025-03-21,901.0,,Partick,Raith Rvs,0.0,0.0,,,9.0,2.0,3.0,2.0,0.0,0.0,8.0,3.0,Desconocido
FIFA World Cup qualification,,,,False,2025-03-21,,1097.0,Poland,Lithuania,1.0,0.0,,,,,,,,,,,Desconocido
Friendly,,,,False,2025-03-21,5539.0,5532.0,Puerto Rico,Dominican Republic,2.0,2.0,,,,,,,,,,,Desconocido
FIFA World Cup qualification,,,,False,2025-03-21,,,Romania,Bosnia and Herzegovina,0.0,1.0,,,,,,,,,,,Desconocido
FIFA World Cup qualification,,,,False,2025-03-21,,,Rwanda,Nigeria,0.0,2.0,,,,,,,,,,,Desconocido
Gold Cup qualification,,,,False,2025-03-21,,,Saint Vincent and the Grenadines,Jamaica,1.0,1.0,,,,,,,,,,,Desconocido
Friendly,,,,False,2025-03-21,1546.0,,Singapore,Nepal,0.0,1.0,,,,,,,,,,,Desconocido
FIFA World Cup qualification,,,,False,2025-03-21,,,South Africa,Lesotho,0.0,3.0,,,,,,,,,,,Desconocido
Gold Cup qualification,,,,False,2025-03-21,,,Suriname,Martinique,1.0,0.0,,,,,,,,,,,Desconocido
Friendly,,,,False,2025-03-21,1564.0,,Thailand,Afghanistan,2.0,0.0,,,,,,,,,,,Desconocido
FIFA World Cup qualification,,,,False,2025-03-21,7.0,26.0,Uruguay,Argentina,0.0,1.0,,,,,,,,,,,Desconocido
UEFA Nations League,5.0,,,False,2025-03-20,,,Armenia,Georgia,0.0,3.0,,,,,,,,,,,Desconocido
FIFA World Cup qualification,,,,False,2025-03-20,,1571.0,Australia,Indonesia,5.0,1.0,,,,,,,,,,,Desconocido
UEFA Nations League,5.0,,,False,2025-03-20,775.0,14.0,Austria,Serbia,1.0,1.0,,,,,,,,,,,Desconocido
FIFA World Cup qualification,,,,False,2025-03-20,,,Brazil,Colombia,2.0,1.0,,,,,,,,,,,Desconocido
UEFA Nations League,5.0,,,False,2025-03-20,,,Bulgaria,Republic of Ireland,1.0,2.0,,,,,,,,,,,Desconocido
CONCACAF Nations League,536.0,,,False,2025-03-20,,,Canada,Mexico,0.0,2.0,,,,,,,,,,,Desconocido
FIFA World Cup qualification,,,,False,2025-03-20,,,Cape Verde,Mauritius,1.0,0.0,,,,,,,,,,,Desconocido
FIFA World Cup qualification,,,,False,2025-03-20,1524.0,,Comoros,Mali,0.0,3.0,,,,,,,,,,,Desconocido
UEFA Nations League,5.0,,,False,2025-03-20,,2.0,Croatia,France,2.0,0.0,,,,,,,,,,,Desconocido
UEFA Nations League,5.0,,,False,2025-03-20,21.0,27.0,Denmark,Portugal,1.0,0.0,,,,,,,,,,,Desconocido
FIFA World Cup qualification,,,,False,2025-03-20,,,Gabon,Seychelles,3.0,0.0,,,,,,,,,,,Desconocido
FIFA World Cup qualification,,,,False,2025-03-20,,,Gambia,Kenya,3.0,3.0,,,,,,,,,,,Desconocido
UEFA Nations League,5.0,,,False,2025-03-20,1117.0,,Greece,Scotland,0.0,1.0,,,,,,,,,,,Desconocido
FIFA World Cup qualification,,,,False,2025-03-20,22.0,1563.0,Iran,United Arab Emirates,2.0,0.0,,,,,,,,,,,Desconocido
FIFA World Cup qualification,,,,False,2025-03-20,1567.0,1570.0,Iraq,Kuwait,2.0,2.0,,,,,,,,,,,Desconocido
UEFA Nations League,5.0,,,False,2025-03-20,,25.0,Italy,Germany,1.0,2.0,,,,,,,,,,,Desconocido
FIFA World Cup qualification,,,,False,2025-03-20,12.0,1547.0,Japan,Bahrain,2.0,0.0,,,,,,,,,,,Desconocido
FIFA World Cup qualification,,,,False,2025-03-20,,1562.0,Jordan,Palestine,3.0,1.0,,,,,,,,,,,Desconocido
UEFA Nations League,5.0,,,False,2025-03-20,1111.0,,Kosovo,Iceland,2.0,1.0,,,,,,,,,,,Desconocido
Friendly,,,,False,2025-03-20,1558.0,,Laos,Sri Lanka,1.0,2.0,,,,,,,,,,,Desconocido
Friendly,,,,False,2025-03-20,,5537.0,Lebanon,Timor-Leste,4.0,0.0,,,,,,,,,,,Desconocido
FIFA World Cup qualification,,,,False,2025-03-20,1526.0,,Libya,Angola,1.0,1.0,,,,,,,,,,,Desconocido
FIFA World Cup qualification,,,,False,2025-03-20,,1493.0,Malawi,Namibia,0.0,1.0,,,,,,,,,,,Desconocido
FIFA World Cup qualification,,,,False,2025-03-20,,1519.0,Mozambique,Uganda,3.0,1.0,,,,,,,,,,,Desconocido
UEFA Nations League,5.0,,,False,2025-03-20,1118.0,9.0,Netherlands,Spain,2.0,2.0,,,,,,,,,,,Desconocido
FIFA World Cup qualification,,,,False,2025-03-20,,,Paraguay,Chile,1.0,0.0,,,,,,,,,,,Desconocido
FIFA World Cup qualification,,,,False,2025-03-20,,,Peru,Bolivia,3.0,1.0,,,,,,,,,,,Desconocido
FIFA World Cup qualification,,,,False,2025-03-20,1569.0,,Qatar,North Korea,5.0,1.0,,,,,,,,,,,Desconocido
FIFA World Cup qualification,,,,False,2025-03-20,23.0,1566.0,Saudi Arabia,China,1.0,0.0,,,,,,,,,,,Desconocido
FIFA World Cup qualification,,,,False,2025-03-20,1499.0,,Sierra Leone,Guinea-Bissau,3.0,1.0,,,,,,,,,,,Desconocido
UEFA Nations League,5.0,,,False,2025-03-20,,,Slovakia,Slovenia,0.0,0.0,,,,,,,,,,,Desconocido
FIFA World Cup qualification,,,,False,2025-03-20,17.0,1552.0,South Korea,Oman,1.0,1.0,,,,,,,,,,,Desconocido
Friendly,,,,False,2025-03-20,1536.0,,Tajikistan,Belarus,0.0,5.0,,,,,,,,,,,Desconocido
UEFA Nations League,5.0,,,False,2025-03-20,,,Turkey,Hungary,3.0,1.0,,,,,,,,,,,Desconocido
UEFA Nations League,5.0,,,False,2025-03-20,,1.0,Ukraine,Belgium,3.0,1.0,,,,,,,,,,,Desconocido
CONCACAF Nations League,536.0,,,False,2025-03-20,,,United States,Panama,0.0,1.0,,,,,,,,,,,Desconocido
FIFA World Cup qualification,,,,False,2025-03-20,1568.0,,Uzbekistan,Kyrgyzstan,1.0,0.0,,,,,,,,,,,Desconocido
FIFA World Cup qualification,,,,False,2025-03-20,1522.0,,Zimbabwe,Benin,2.0,2.0,,,,,,,,,,,Desconocido
FIFA World Cup qualification,,,,False,2025-03-19,1527.0,,Central African Republic,Madagascar,1.0,4.0,,,,,,,,,,,Desconocido
FIFA World Cup qualification,,,,False,2025-03-19,,1530.0,Eswatini,Cameroon,0.0,0.0,,,,,,,,,,,Desconocido
Friendly,,,,False,2025-03-19,,,Hong Kong,Macau,2.0,0.0,,,,,,,,,,,Desconocido
Friendly,,,,False,2025-03-19,,1549.0,India,Maldives,3.0,0.0,,,,,,,,,,,Desconocido
Friendly,,,,False,2025-03-19,,5530.0,Kazakhstan,Curaçao,2.0,0.0,,,,,,,,,,,Desconocido
FIFA World Cup qualification,,,,False,2025-03-19,,28.0,Liberia,Tunisia,0.0,1.0,,,,,,,,,,,Desconocido
Friendly,,,,False,2025-03-19,,,Russia,Grenada,5.0,0.0,,,,,,,,,,,Desconocido
Friendly,,,,False,2025-03-19,1542.0,1543.0,Vietnam,Cambodia,2.0,1.0,,,,,,,,,,,Desconocido
National League,43.0,,,False,2025-03-18,4700.0,8663.0,Altrincham,Wealdstone,0.0,1.0,,,,,1.0,2.0,0.0,0.0,,,Desconocido
National League,43.0,,,False,2025-03-18,,,Fylde,Sutton,1.0,2.0,,,,,2.0,1.0,0.0,0.0,,,Desconocido
National League,43.0,,,False,2025-03-18,1823.0,,Gateshead,Braintree Town,1.0,3.0,,,,,1.0,3.0,0.0,0.0,,,Desconocido
National League,43.0,,,False,2025-03-18,,,Halifax,Dag and Red,0.0,1.0,,,,,0.0,3.0,0.0,0.0,,,Desconocido
National League,43.0,,,False,2025-03-18,1838.0,,Maidenhead,Aldershot,0.0,1.0,,,,,0.0,2.0,1.0,0.0,,,Desconocido
National League,43.0,,,False,2025-03-18,1339.0,,Rochdale,Boston Utd,2.0,3.0,,,,,1.0,2.0,0.0,0.0,,,Desconocido
League 1,,,,False,2025-03-18,73.0,1358.0,Rotherham,Wycombe,2.0,3.0,,,5.0,3.0,0.0,2.0,0.0,0.0,11.0,10.0,Desconocido
La Liga 2,,,,False,2025-03-17,,,Castellon,La Coruna,2.0,2.0,,,4.0,2.0,4.0,1.0,0.0,0.0,18.0,6.0,Desconocido
Eredivisie,88.0,,,False,2025-03-16,194.0,201.0,Ajax,AZ Alkmaar,2.0,2.0,,,3.0,3.0,1.0,3.0,1.0,1.0,17.0,6.0,Desconocido
Jupiler Pro League,144.0,,,False,2025-03-16,554.0,741.0,Anderlecht,Cercle Brugge,3.0,0.0,,,7.0,7.0,2.0,5.0,0.0,0.0,19.0,17.0,Desconocido
Primeira Liga,94.0,,,False,2025-03-16,240.0,230.0,Arouca,Estoril,1.0,1.0,,,3.0,4.0,0.0,1.0,0.0,0.0,3.0,12.0,Desconocido
Premier League,569.0,,,False,2025-03-16,9419.0,49.0,Arsenal,Chelsea,1.0,0.0,,,5.0,4.0,3.0,3.0,0.0,0.0,12.0,8.0,Desconocido
Serie A,71.0,,,False,2025-03-16,499.0,505.0,Atalanta,Inter,0.0,2.0,,,2.0,6.0,3.0,3.0,1.0,1.0,16.0,14.0,Desconocido
La Liga,140.0,,,False,2025-03-16,,529.0,Ath Madrid,Barcelona,2.0,4.0,,,6.0,6.0,1.0,3.0,0.0,0.0,7.0,13.0,Desconocido
Jupiler Pro League,144.0,,,False,2025-03-16,263.0,,Beerschot VA,Westerlo,1.0,2.0,,,6.0,4.0,2.0,3.0,0.0,0.0,16.0,11.0,Desconocido
Bundesliga,218.0,,,False,2025-03-16,,,Bochum,Ein Frankfurt,1.0,3.0,,,8.0,3.0,4.0,1.0,0.0,0.0,17.0,18.0,Desconocido
Serie A,71.0,,,False,2025-03-16,500.0,487.0,Bologna,Lazio,5.0,0.0,,,7.0,1.0,2.0,3.0,0.0,0.0,13.0,7.0,Desconocido
Bundesliga 2,,,,False,2025-03-16,,,Braunschweig,Hertha,1.0,5.0,,,4.0,3.0,0.0,1.0,0.0,0.0,14.0,14.0,Desconocido
Ligue 1,61.0,,,False,2025-03-16,,93.0,Brest,Reims,0.0,0.0,,,4.0,4.0,1.0,3.0,1.0,0.0,11.0,12.0,Desconocido
La Liga 2,,,,False,2025-03-16,724.0,22018.0,Cadiz,Granada,1.0,0.0,,,6.0,6.0,2.0,0.0,0.0,0.0,15.0,7.0,Desconocido
Serie B,72.0,,,False,2025-03-16,1687.0,10137.0,Catanzaro,Cosenza,4.0,0.0,,,1.0,1.0,1.0,1.0,0.0,0.0,9.0,10.0,Desconocido
Premiership Escocia,,,,False,2025-03-16,247.0,257.0,Celtic,Rangers,2.0,3.0,,,7.0,6.0,0.0,3.0,0.0,0.0,14.0,10.0,Desconocido
Jupiler Pro League,144.0,,,False,2025-03-16,,736.0,Club Brugge,Charleroi,4.0,2.0,,,2.0,3.0,0.0,1.0,0.0,0.0,25.0,8.0,Desconocido
Premiership Escocia,,,,False,2025-03-16,,253.0,Dundee United,Dundee,2.0,4.0,,,2.0,4.0,2.0,2.0,1.0,0.0,12.0,14.0,Desconocido
La Liga 2,,,,False,2025-03-16,9692.0,799.0,Eldense,Mirandes,2.0,2.0,,,2.0,3.0,2.0,4.0,0.0,0.0,5.0,4.0,Desconocido
Turkey Super Lig,,,,False,2025-03-16,,3603.0,Fenerbahce,Samsunspor,0.0,0.0,,,10.0,2.0,1.0,6.0,0.0,1.0,28.0,2.0,Desconocido
Serie A,71.0,,,False,2025-03-16,502.0,10019.0,Fiorentina,Juventus,3.0,0.0,,,1.0,6.0,2.0,3.0,0.0,0.0,9.0,11.0,Desconocido
Premier League,569.0,,,False,2025-03-16,36.0,47.0,Fulham,Tottenham,2.0,0.0,,,6.0,5.0,0.0,0.0,0.0,0.0,13.0,12.0,Desconocido
Jupiler Pro League,144.0,,,False,2025-03-16,631.0,734.0,Gent,Kortrijk,1.0,2.0,,,4.0,3.0,1.0,4.0,0.0,1.0,10.0,7.0,Desconocido
Eredivisie,88.0,,,False,2025-03-16,,195.0,Go Ahead Eagles,Willem II,1.0,0.0,,,11.0,1.0,1.0,2.0,0.0,0.0,22.0,4.0,Desconocido
Turkey Super Lig,,,,False,2025-03-16,,,Goztep,Eyupspor,1.0,1.0,,,4.0,4.0,4.0,6.0,0.0,1.0,13.0,7.0,Desconocido
Eredivisie,88.0,,,False,2025-03-16,202.0,,Groningen,For Sittard,1.0,0.0,,,9.0,1.0,0.0,4.0,0.0,0.0,7.0,4.0,Desconocido
Primeira Liga,94.0,,,False,2025-03-16,224.0,15130.0,Guimaraes,Estrela,2.0,0.0,,,8.0,2.0,1.0,2.0,0.0,0.0,12.0,9.0,Desconocido
Turkey Super Lig,,,,False,2025-03-16,3575.0,1002.0,Hatayspor,Sivasspor,3.0,2.0,,,8.0,9.0,3.0,2.0,1.0,0.0,15.0,22.0,Desconocido
Bundesliga,218.0,,,False,2025-03-16,,191.0,Heidenheim,Holstein Kiel,3.0,1.0,,,3.0,5.0,1.0,3.0,0.0,0.0,14.0,16.0,Desconocido
Friendly,,,,False,2025-03-16,,,Honduras,Guatemala,1.0,2.0,,,,,,,,,,,Desconocido
La Liga 2,,,,False,2025-03-16,726.0,539.0,Huesca,Levante,1.0,2.0,,,4.0,3.0,4.0,2.0,0.0,0.0,7.0,9.0,Desconocido
Bundesliga 2,,,,False,2025-03-16,,,Karlsruhe,Ulm,0.0,0.0,,,4.0,2.0,1.0,3.0,0.0,0.0,17.0,14.0,Desconocido
La Liga,140.0,,,False,2025-03-16,537.0,,Leganes,Betis,2.0,3.0,,,3.0,7.0,2.0,1.0,0.0,0.0,10.0,21.0,Desconocido
Premier League,569.0,,,False,2025-03-16,46.0,,Leicester,Man United,0.0,3.0,,,6.0,4.0,2.0,0.0,0.0,0.0,11.0,18.0,Desconocido
Ligue 1,61.0,,,False,2025-03-16,80.0,111.0,Lyon,Le Havre,4.0,2.0,,,4.0,1.0,2.0,3.0,0.0,0.0,16.0,14.0,Desconocido
Jupiler Pro League,144.0,,,False,2025-03-16,,6215.0,Mechelen,Dender,2.0,1.0,,,5.0,5.0,1.0,1.0,0.0,0.0,17.0,19.0,Desconocido
Ligue 1,61.0,,,False,2025-03-16,82.0,,Montpellier,St Etienne,0.0,2.0,,,4.0,6.0,1.0,3.0,0.0,1.0,13.0,11.0,Desconocido
Primeira Liga,94.0,,,False,2025-03-16,215.0,,Moreirense,Boavista,1.0,0.0,,,6.0,3.0,4.0,6.0,0.0,1.0,21.0,9.0,Desconocido
Primeira Liga,94.0,,,False,2025-03-16,225.0,4716.0,Nacional,Casa Pia,3.0,1.0,,,2.0,5.0,2.0,1.0,0.0,0.0,14.0,10.0,Desconocido
Bundesliga 2,,,,False,2025-03-16,,,Nurnberg,Greuther Furth,3.0,0.0,,,1.0,6.0,3.0,2.0,0.0,0.0,6.0,7.0,Desconocido
La Liga,140.0,,,False,2025-03-16,727.0,546.0,Osasuna,Getafe,1.0,2.0,,,3.0,2.0,2.0,3.0,0.0,1.0,12.0,7.0,Desconocido
Jupiler Pro League,144.0,,,False,2025-03-16,,,Oud-Heverlee Leuven,St Truiden,3.0,2.0,,,5.0,2.0,3.0,6.0,0.0,1.0,13.0,6.0,Desconocido
Ligue 1,61.0,,,False,2025-03-16,,81.0,Paris SG,Marseille,3.0,1.0,,,5.0,5.0,1.0,0.0,0.0,0.0,16.0,11.0,Desconocido
Serie B,72.0,,,False,2025-03-16,801.0,1693.0,Pisa,Mantova,3.0,1.0,,,9.0,1.0,2.0,1.0,0.0,1.0,21.0,7.0,Desconocido
Serie B,72.0,,,False,2025-03-16,880.0,498.0,Reggiana,Sampdoria,2.0,2.0,,,2.0,8.0,2.0,3.0,0.0,1.0,13.0,14.0,Desconocido
Primeira Liga,94.0,,,False,2025-03-16,226.0,211.0,Rio Ave,Benfica,2.0,3.0,,,3.0,11.0,3.0,1.0,1.0,0.0,7.0,20.0,Desconocido
Turkey Super Lig,,,,False,2025-03-16,1007.0,,Rizespor,Bodrumspor,0.0,2.0,,,5.0,7.0,4.0,3.0,1.0,0.0,6.0,14.0,Desconocido
Serie A,71.0,,,False,2025-03-16,,490.0,Roma,Cagliari,1.0,0.0,,,8.0,3.0,0.0,2.0,0.0,0.0,13.0,11.0,Desconocido
La Liga 2,,,,False,2025-03-16,,719.0,Santander,Tenerife,2.0,1.0,,,4.0,7.0,3.0,7.0,0.0,1.0,8.0,15.0,Desconocido
La Liga,140.0,,,False,2025-03-16,536.0,,Sevilla,Ath Bilbao,0.0,1.0,,,4.0,6.0,4.0,2.0,0.0,0.0,11.0,9.0,Desconocido
Championship,407.0,,,False,2025-03-16,,,Sheffield Weds,Sheffield United,0.0,1.0,,,7.0,2.0,3.0,3.0,0.0,0.0,14.0,9.0,Desconocido
Jupiler Pro League,144.0,,,False,2025-03-16,,740.0,Standard,Antwerp,0.0,0.0,,,5.0,3.0,1.0,4.0,0.0,0.0,13.0,7.0,Desconocido
Ligue 1,61.0,,,False,2025-03-16,95.0,96.0,Strasbourg,Toulouse,2.0,1.0,,,4.0,3.0,0.0,2.0,0.0,0.0,10.0,11.0,Desconocido
Bundesliga,218.0,,,False,2025-03-16,,,Stuttgart,Leverkusen,3.0,4.0,,,1.0,10.0,3.0,2.0,0.0,0.0,11.0,16.0,Desconocido
Serie B,72.0,,,False,2025-03-16,1578.0,1581.0,Sudtirol,Carrarese,2.0,2.0,,,4.0,7.0,3.0,5.0,1.0,0.0,12.0,9.0,Desconocido
Eredivisie,88.0,,,False,2025-03-16,415.0,209.0,Twente,Feyenoord,2.0,6.0,,,2.0,5.0,2.0,3.0,0.0,0.0,9.0,15.0,Desconocido
La Liga,140.0,,,False,2025-03-16,,,Vallecano,Sociedad,2.0,2.0,,,4.0,4.0,3.0,2.0,0.0,0.0,10.0,8.0,Desconocido
Serie A,71.0,,,False,2025-03-16,517.0,492.0,Venezia,Napoli,0.0,0.0,,,3.0,8.0,2.0,1.0,0.0,0.0,13.0,15.0,Desconocido
League 2,,,,False,2025-03-15,,1347.0,Accrington,Gillingham,1.0,1.0,,,2.0,5.0,7.0,2.0,0.0,0.0,9.0,10.0,Desconocido
Championship Escocia,,,,False,2025-03-15,,255.0,Airdrie Utd,Livingston,3.0,3.0,,,3.0,6.0,2.0,2.0,0.0,0.0,9.0,11.0,Desconocido
La Liga 2,,,,False,2025-03-15,722.0,535.0,Albacete,Malaga,2.0,0.0,,,3.0,8.0,2.0,2.0,2.0,1.0,11.0,21.0,Desconocido
La Liga 2,,,,False,2025-03-15,723.0,732.0,Almeria,Zaragoza,4.0,1.0,,,8.0,3.0,1.0,1.0,0.0,1.0,17.0,5.0,Desconocido
National League,43.0,,,False,2025-03-15,4700.0,,Altrincham,Aldershot,1.0,2.0,,,,,2.0,3.0,0.0,0.0,,,Desconocido
Ligue 1,61.0,,,False,2025-03-15,77.0,91.0,Angers,Monaco,0.0,2.0,,,0.0,9.0,1.0,2.0,0.0,0.0,6.0,16.0,Desconocido
League 1 Escocia,,,,False,2025-03-15,4249.0,1382.0,Arbroath,Dumbarton,1.0,1.0,,,4.0,0.0,0.0,3.0,0.0,0.0,11.0,8.0,Desconocido
Bundesliga,218.0,,,False,2025-03-15,,,Augsburg,Wolfsburg,1.0,0.0,,,1.0,4.0,1.0,2.0,0.0,0.0,9.0,13.0,Desconocido
Serie B,72.0,,,False,2025-03-15,508.0,514.0,Bari,Salernitana,0.0,0.0,,,8.0,4.0,3.0,0.0,0.0,0.0,11.0,12.0,Desconocido
Championship,407.0,,,False,2025-03-15,67.0,43.0,Blackburn,Cardiff,1.0,2.0,,,3.0,1.0,0.0,1.0,0.0,0.0,8.0,10.0,Desconocido
League 1,,,,False,2025-03-15,1356.0,1373.0,Blackpool,Leyton Orient,1.0,2.0,,,5.0,5.0,1.0,2.0,0.0,0.0,22.0,11.0,Desconocido
League 1,,,,False,2025-03-15,68.0,,Bolton,Stockport,0.0,1.0,,,6.0,4.0,2.0,4.0,0.0,0.0,16.0,7.0,Desconocido
League 2 Escocia,,,,False,2025-03-15,,,Bonnyrigg Rose,Stirling,1.0,1.0,,,4.0,1.0,1.0,3.0,0.0,0.0,19.0,7.0,Desconocido
Premier League,569.0,,,False,2025-03-15,35.0,55.0,Bournemouth,Brentford,1.0,2.0,,,4.0,3.0,3.0,0.0,0.0,0.0,17.0,10.0,Desconocido
League 2,,,,False,2025-03-15,1343.0,1381.0,Bradford,Tranmere,0.0,1.0,,,4.0,2.0,3.0,1.0,0.0,0.0,16.0,3.0,Desconocido
National League,43.0,,,False,2025-03-15,,,Braintree Town,Boston Utd,0.0,1.0,,,,,1.0,0.0,0.0,0.0,,,Desconocido
Turkey Super Lig,,,,False,2025-03-15,,998.0,Buyuksehyr,Trabzonspor,0.0,3.0,,,4.0,2.0,4.0,2.0,1.0,0.0,13.0,9.0,Desconocido
League 1,,,,False,2025-03-15,,,Cambridge,Peterboro,0.0,1.0,,,6.0,4.0,2.0,3.0,0.0,1.0,10.0,8.0,Desconocido
League 2,,,,False,2025-03-15,1371.0,1333.0,Carlisle,AFC Wimbledon,1.0,2.0,,,5.0,2.0,1.0,2.0,0.0,0.0,10.0,10.0,Desconocido
La Liga 2,,,,False,2025-03-15,,9580.0,Cartagena,Burgos,0.0,1.0,,,2.0,2.0,3.0,5.0,0.0,1.0,9.0,6.0,Desconocido
Serie B,72.0,,,False,2025-03-15,509.0,515.0,Cesena,Spezia,0.0,0.0,,,8.0,7.0,2.0,2.0,0.0,0.0,11.0,18.0,Desconocido
League 1,,,,False,2025-03-15,1335.0,61.0,Charlton,Wigan,2.0,1.0,,,5.0,3.0,0.0,2.0,0.0,0.0,10.0,5.0,Desconocido
Serie B,72.0,,,False,2025-03-15,510.0,488.0,Cittadella,Sassuolo,1.0,2.0,,,3.0,5.0,3.0,2.0,0.0,0.0,14.0,18.0,Desconocido
League 2,,,,False,2025-03-15,1361.0,1336.0,Colchester,Fleetwood Town,3.0,0.0,,,1.0,6.0,1.0,1.0,0.0,0.0,12.0,13.0,Desconocido
La Liga 2,,,,False,2025-03-15,713.0,,Cordoba,Sp Gijon,1.0,1.0,,,5.0,1.0,1.0,3.0,0.0,0.0,18.0,7.0,Desconocido
Championship,407.0,,,False,2025-03-15,1346.0,746.0,Coventry,Sunderland,3.0,0.0,,,6.0,1.0,1.0,2.0,0.0,0.0,21.0,6.0,Desconocido
League 2,,,,False,2025-03-15,1363.0,1354.0,Crewe,Doncaster,1.0,1.0,,,5.0,10.0,0.0,1.0,0.0,0.0,9.0,18.0,Desconocido
National League,43.0,,,False,2025-03-15,,7752.0,Dag and Red,Tamworth,1.0,3.0,,,,,3.0,0.0,1.0,0.0,,,Desconocido
Ligue 2,62.0,,,False,2025-03-15,1304.0,112.0,Dunkerque,Metz,2.0,3.0,,,8.0,6.0,2.0,2.0,0.0,0.0,12.0,10.0,Desconocido
League 2 Escocia,,,,False,2025-03-15,6764.0,6785.0,East Fife,Stranraer,0.0,3.0,,,5.0,6.0,1.0,2.0,0.0,0.0,9.0,7.0,Desconocido
National League,43.0,,,False,2025-03-15,,,Ebbsfleet,Fylde,1.0,0.0,,,,,0.0,2.0,0.0,0.0,,,Desconocido
League 2 Escocia,,,,False,2025-03-15,,6762.0,Elgin,Clyde,2.0,0.0,,,3.0,6.0,2.0,4.0,0.0,0.0,12.0,13.0,Desconocido
Bundesliga 2,,,,False,2025-03-15,,1313.0,Elversberg,Preußen Münster,0.0,1.0,,,4.0,2.0,0.0,3.0,0.0,0.0,17.0,6.0,Desconocido
Premier League,569.0,,,False,2025-03-15,45.0,48.0,Everton,West Ham,1.0,1.0,,,6.0,5.0,1.0,2.0,0.0,0.0,13.0,10.0,Desconocido
Bundesliga 2,,,,False,2025-03-15,,,FC Koln,Darmstadt,2.0,1.0,,,6.0,3.0,1.0,3.0,0.0,1.0,20.0,9.0,Desconocido
Primeira Liga,94.0,,,False,2025-03-15,231.0,,Farense,Sp Braga,0.0,1.0,,,12.0,4.0,2.0,1.0,0.0,0.0,11.0,10.0,Desconocido
La Liga 2,,,,False,2025-03-15,,545.0,Ferrol,Eibar,0.0,0.0,,,4.0,3.0,3.0,3.0,0.0,0.0,8.0,12.0,Desconocido
National League,43.0,,,False,2025-03-15,1378.0,1341.0,Forest Green,Southend,2.0,2.0,,,,,1.0,2.0,0.0,0.0,,,Desconocido
League 2 Escocia,,,,False,2025-03-15,,6781.0,Forfar,Spartans,0.0,2.0,,,4.0,2.0,2.0,2.0,0.0,0.0,11.0,5.0,Desconocido
Bundesliga 2,,,,False,2025-03-15,,,Fortuna Dusseldorf,Regensburg,1.0,0.0,,,5.0,4.0,1.0,1.0,0.0,0.0,17.0,10.0,Desconocido
Serie B,72.0,,,False,2025-03-15,512.0,,Frosinone,Brescia,2.0,1.0,,,5.0,11.0,3.0,3.0,0.0,0.0,13.0,18.0,Desconocido
National League,43.0,,,False,2025-03-15,1823.0,1838.0,Gateshead,Maidenhead,0.0,2.0,,,,,3.0,0.0,0.0,0.0,,,Desconocido
Turkey Super Lig,,,,False,2025-03-15,,1001.0,Gaziantep,Kayserispor,1.0,0.0,,,3.0,4.0,2.0,1.0,0.0,0.0,14.0,15.0,Desconocido
Jupiler Pro League,144.0,,,False,2025-03-15,742.0,,Genk,St. Gilloise,2.0,1.0,,,4.0,5.0,1.0,0.0,0.0,0.0,21.0,10.0,Desconocido
Primeira Liga,94.0,,,False,2025-03-15,,227.0,Gil Vicente,Santa Clara,0.0,1.0,,,5.0,0.0,2.0,2.0,0.0,0.0,12.0,3.0,Desconocido
La Liga,140.0,,,False,2025-03-15,547.0,532.0,Girona,Valencia,1.0,1.0,,,9.0,4.0,2.0,1.0,0.0,0.0,14.0,12.0,Desconocido
League 2,,,,False,2025-03-15,1365.0,,Grimsby,Salford,0.0,1.0,,,2.0,9.0,0.0,4.0,0.0,0.0,8.0,12.0,Desconocido
Championship Escocia,,,,False,2025-03-15,,1383.0,Hamilton,Morton,0.0,2.0,,,7.0,5.0,0.0,1.0,0.0,0.0,11.0,7.0,Desconocido
National League,43.0,,,False,2025-03-15,1366.0,,Hartlepool,Solihull,1.0,1.0,,,,,1.0,1.0,0.0,0.0,,,Desconocido
Premiership Escocia,,,,False,2025-03-15,,902.0,Hearts,Ross County,2.0,0.0,,,6.0,6.0,0.0,2.0,0.0,0.0,9.0,5.0,Desconocido
Eredivisie,88.0,,,False,2025-03-15,210.0,206.0,Heerenveen,Heracles,1.0,1.0,,,10.0,1.0,0.0,2.0,0.0,0.0,19.0,6.0,Desconocido
League 1,,,,False,2025-03-15,37.0,1362.0,Huddersfield,Crawley Town,5.0,1.0,,,9.0,7.0,2.0,3.0,0.0,0.0,23.0,13.0,Desconocido
League 1 Escocia,,,,False,2025-03-15,,6757.0,Inverness C,Annan Athletic,0.0,1.0,,,9.0,3.0,1.0,3.0,0.0,0.0,17.0,2.0,Desconocido
Premier League,569.0,,,False,2025-03-15,57.0,,Ipswich,Nott'm Forest,2.0,4.0,,,6.0,3.0,1.0,1.0,0.0,0.0,11.0,11.0,Desconocido
Serie B,72.0,,,False,2025-03-15,863.0,899.0,Juve Stabia,Modena,2.0,1.0,,,7.0,5.0,1.0,2.0,0.0,0.0,14.0,9.0,Desconocido
Turkey Super Lig,,,,False,2025-03-15,,996.0,Kasimpasa,Alanyaspor,2.0,1.0,,,2.0,6.0,1.0,1.0,0.0,0.0,11.0,15.0,Desconocido
Premiership Escocia,,,,False,2025-03-15,250.0,249.0,Kilmarnock,Hibernian,1.0,1.0,,,4.0,5.0,2.0,0.0,0.0,0.0,11.0,16.0,Desconocido
Turkey Super Lig,,,,False,2025-03-15,607.0,,Konyaspor,Besiktas,1.0,0.0,,,4.0,12.0,3.0,2.0,2.0,0.0,7.0,26.0,Desconocido
Ligue 2,62.0,,,False,2025-03-15,433.0,114.0,Laval,Paris FC,3.0,0.0,,,5.0,8.0,2.0,2.0,0.0,0.0,14.0,16.0,Desconocido
Ligue 1,61.0,,,False,2025-03-15,116.0,94.0,Lens,Rennes,1.0,0.0,,,5.0,4.0,1.0,1.0,0.0,0.0,9.0,12.0,Desconocido
League 1,,,,False,2025-03-15,1379.0,,Lincoln,Bristol Rvs,5.0,0.0,,,7.0,5.0,0.0,1.0,0.0,0.0,23.0,3.0,Desconocido
Ligue 2,62.0,,,False,2025-03-15,97.0,1305.0,Lorient,Bastia,4.0,0.0,,,2.0,1.0,3.0,1.0,0.0,0.0,10.0,9.0,Desconocido
Championship,407.0,,,False,2025-03-15,1359.0,70.0,Luton,Middlesbrough,0.0,0.0,,,9.0,3.0,2.0,3.0,0.0,0.0,19.0,7.0,Desconocido
Bundesliga,218.0,,,False,2025-03-15,,,Mainz,Freiburg,2.0,2.0,,,1.0,4.0,1.0,2.0,1.0,0.0,9.0,24.0,Desconocido
La Liga,140.0,,,False,2025-03-15,798.0,,Mallorca,Espanol,2.0,1.0,,,6.0,2.0,0.0,2.0,0.0,0.0,20.0,2.0,Desconocido
Premier League,569.0,,,False,2025-03-15,,51.0,Man City,Brighton,2.0,2.0,,,4.0,5.0,2.0,5.0,0.0,0.0,11.0,15.0,Desconocido
League 1,,,,False,2025-03-15,,747.0,Mansfield,Barnsley,2.0,1.0,,,5.0,5.0,0.0,0.0,0.0,0.0,18.0,8.0,Desconocido
Serie A,71.0,,,False,2025-03-15,,895.0,Milan,Como,2.0,1.0,,,0.0,5.0,3.0,3.0,0.0,1.0,9.0,15.0,Desconocido
Championship,407.0,,,False,2025-03-15,58.0,,Millwall,Stoke,1.0,0.0,,,7.0,5.0,2.0,5.0,0.0,0.0,11.0,5.0,Desconocido
League 1 Escocia,,,,False,2025-03-15,4251.0,6763.0,Montrose,Cove Rangers,2.0,2.0,,,5.0,2.0,2.0,3.0,0.0,0.0,12.0,10.0,Desconocido
Serie A,71.0,,,False,2025-03-15,1579.0,523.0,Monza,Parma,1.0,1.0,,,6.0,3.0,0.0,3.0,0.0,0.0,12.0,14.0,Desconocido
League 2,,,,False,2025-03-15,1375.0,1819.0,Morecambe,Barrow,2.0,2.0,,,1.0,13.0,2.0,3.0,1.0,0.0,4.0,26.0,Desconocido
Premiership Escocia,,,,False,2025-03-15,256.0,,Motherwell,St Mirren,2.0,2.0,,,0.0,7.0,3.0,3.0,0.0,1.0,5.0,11.0,Desconocido
Ligue 1,61.0,,,False,2025-03-15,83.0,79.0,Nantes,Lille,1.0,0.0,,,3.0,5.0,2.0,3.0,1.0,0.0,10.0,13.0,Desconocido
League 2,,,,False,2025-03-15,1367.0,,Newport County,Harrogate,3.0,0.0,,,10.0,10.0,0.0,0.0,0.0,0.0,12.0,20.0,Desconocido
League 1,,,,False,2025-03-15,1337.0,54.0,Northampton,Birmingham,1.0,1.0,,,1.0,4.0,1.0,1.0,0.0,0.0,14.0,13.0,Desconocido
League 2,,,,False,2025-03-15,1376.0,1345.0,Notts County,Chesterfield,1.0,2.0,,,6.0,4.0,0.0,0.0,0.0,0.0,13.0,10.0,Desconocido
National League,43.0,,,False,2025-03-15,1349.0,1339.0,Oldham,Rochdale,1.0,1.0,,,,,2.0,0.0,0.0,0.0,,,Desconocido
Championship,407.0,,,False,2025-03-15,,38.0,Oxford,Watford,1.0,0.0,,,4.0,5.0,1.0,1.0,0.0,1.0,8.0,16.0,Desconocido
Bundesliga 2,,,,False,2025-03-15,,,Paderborn,Kaiserslautern,5.0,3.0,,,4.0,5.0,3.0,2.0,0.0,0.0,12.0,14.0,Desconocido
Championship Escocia,,,,False,2025-03-15,901.0,,Partick,Ayr,2.0,0.0,,,3.0,5.0,5.0,1.0,0.0,0.0,5.0,4.0,Desconocido
League 2 Escocia,,,,False,2025-03-15,6777.0,6766.0,Peterhead,Edinburgh City,2.0,0.0,,,4.0,2.0,3.0,3.0,0.0,1.0,10.0,4.0,Desconocido
Championship,407.0,,,False,2025-03-15,1357.0,69.0,Plymouth,Derby,2.0,3.0,,,7.0,3.0,0.0,3.0,0.0,0.0,11.0,9.0,Desconocido
League 2,,,,False,2025-03-15,1351.0,1348.0,Port Vale,Milton Keynes Dons,3.0,0.0,,,4.0,6.0,0.0,2.0,0.0,0.0,20.0,5.0,Desconocido
Primeira Liga,94.0,,,False,2025-03-15,,21595.0,Porto,AVS,2.0,0.0,,,4.0,3.0,3.0,4.0,0.0,1.0,20.0,8.0,Desconocido
Championship,407.0,,,False,2025-03-15,59.0,1355.0,Preston,Portsmouth,2.0,1.0,,,6.0,5.0,1.0,1.0,1.0,0.0,14.0,9.0,Desconocido
Championship,407.0,,,False,2025-03-15,72.0,63.0,QPR,Leeds,2.0,2.0,,,1.0,8.0,3.0,2.0,1.0,0.0,8.0,10.0,Desconocido
League 1 Escocia,,,,False,2025-03-15,,,Queen of Sth,Alloa,3.0,2.0,,,6.0,6.0,3.0,3.0,0.0,0.0,10.0,10.0,Desconocido
Championship Escocia,,,,False,2025-03-15,,1389.0,Queens Park,Falkirk,0.0,4.0,,,0.0,9.0,3.0,1.0,0.0,0.0,1.0,23.0,Desconocido
Bundesliga,218.0,,,False,2025-03-15,173.0,,RB Leipzig,Dortmund,2.0,0.0,,,3.0,12.0,3.0,3.0,0.0,0.0,15.0,25.0,Desconocido
League 1,,,,False,2025-03-15,53.0,1368.0,Reading,Stevenage,1.0,1.0,,,6.0,3.0,2.0,0.0,0.0,0.0,7.0,19.0,Desconocido
League 1,,,,False,2025-03-15,73.0,,Rotherham,Exeter,1.0,1.0,,,7.0,8.0,0.0,1.0,0.0,0.0,24.0,12.0,Desconocido
League 1,,,,False,2025-03-15,1352.0,,Shrewsbury,Burton,0.0,2.0,,,5.0,7.0,2.0,1.0,0.0,0.0,15.0,12.0,Desconocido
Premier League,569.0,,,False,2025-03-15,41.0,39.0,Southampton,Wolves,1.0,2.0,,,5.0,1.0,0.0,0.0,0.0,0.0,10.0,5.0,Desconocido
Primeira Liga,94.0,,,False,2025-03-15,,242.0,Sp Lisbon,Famalicao,3.0,1.0,,,11.0,4.0,4.0,1.0,1.0,0.0,18.0,9.0,Desconocido
Eredivisie,88.0,,,False,2025-03-15,426.0,,Sparta Rotterdam,Zwolle,1.0,1.0,,,1.0,4.0,0.0,0.0,0.0,0.0,14.0,8.0,Desconocido
Premiership Escocia,,,,False,2025-03-15,,252.0,St Johnstone,Aberdeen,0.0,0.0,,,1.0,6.0,0.0,0.0,0.0,0.0,8.0,11.0,Desconocido
League 1 Escocia,,,,False,2025-03-15,6784.0,6773.0,Stenhousemuir,Kelty Hearts,0.0,0.0,,,6.0,3.0,2.0,3.0,0.0,0.0,6.0,7.0,Desconocido
National League,43.0,,,False,2025-03-15,,,Sutton,Halifax,0.0,3.0,,,,,0.0,1.0,0.0,0.0,,,Desconocido
Championship,407.0,,,False,2025-03-15,76.0,44.0,Swansea,Burnley,0.0,2.0,,,4.0,4.0,1.0,0.0,0.0,0.0,5.0,12.0,Desconocido
League 2,,,,False,2025-03-15,,1372.0,Swindon,Cheltenham,3.0,3.0,,,7.0,2.0,2.0,3.0,0.0,1.0,15.0,6.0,Desconocido
Serie A,71.0,,,False,2025-03-15,503.0,511.0,Torino,Empoli,1.0,0.0,,,5.0,5.0,1.0,0.0,0.0,0.0,13.0,16.0,Desconocido
Serie A,71.0,,,False,2025-03-15,494.0,,Udinese,Verona,0.0,1.0,,,2.0,1.0,5.0,2.0,0.0,0.0,11.0,7.0,Desconocido
Bundesliga,218.0,,,False,2025-03-15,182.0,,Union Berlin,Bayern Munich,1.0,1.0,,,2.0,14.0,1.0,2.0,0.0,0.0,7.0,18.0,Desconocido
Eredivisie,88.0,,,False,2025-03-15,207.0,,Utrecht,Nijmegen,0.0,1.0,,,6.0,5.0,0.0,3.0,0.0,0.0,19.0,13.0,Desconocido
La Liga,140.0,,,False,2025-03-15,720.0,,Valladolid,Celta,0.0,1.0,,,3.0,4.0,3.0,3.0,0.0,0.0,5.0,10.0,Desconocido
La Liga,140.0,,,False,2025-03-15,533.0,541.0,Villarreal,Real Madrid,1.0,2.0,,,11.0,4.0,2.0,1.0,0.0,0.0,23.0,9.0,Desconocido
Eredivisie,88.0,,,False,2025-03-15,417.0,197.0,Waalwijk,PSV Eindhoven,0.0,3.0,,,1.0,5.0,2.0,0.0,0.0,0.0,5.0,17.0,Desconocido
National League,43.0,,,False,2025-03-15,8663.0,1822.0,Wealdstone,Eastleigh,3.0,3.0,,,,,2.0,3.0,0.0,0.0,,,Desconocido
Bundesliga,218.0,,,False,2025-03-15,162.0,,Werder Bremen,M'gladbach,2.0,4.0,,,4.0,1.0,1.0,2.0,0.0,1.0,23.0,13.0,Desconocido
Championship,407.0,,,False,2025-03-15,60.0,,West Brom,Hull,1.0,1.0,,,6.0,5.0,1.0,5.0,0.0,0.0,16.0,7.0,Desconocido
National League,43.0,,,False,2025-03-15,1836.0,1369.0,Woking,Barnet,0.0,1.0,,,,,1.0,3.0,0.0,0.0,,,Desconocido
League 1,,,,False,2025-03-15,1358.0,1837.0,Wycombe,Wrexham,0.0,1.0,,,2.0,2.0,0.0,2.0,0.0,0.0,10.0,5.0,Desconocido
National League,43.0,,,False,2025-03-15,,1828.0,Yeovil,York,0.0,1.0,,,,,1.0,3.0,0.0,0.0,,,Desconocido
Ligue 2,62.0,,,False,2025-03-14,,,Ajaccio,Red Star,2.0,1.0,,,6.0,7.0,1.0,2.0,0.0,0.0,14.0,9.0,Desconocido
Eredivisie,88.0,,,False,2025-03-14,,203.0,Almere City,NAC Breda,1.0,1.0,,,3.0,6.0,1.0,0.0,0.0,0.0,13.0,12.0,Desconocido
Ligue 2,62.0,,,False,2025-03-14,87.0,88.0,Amiens,Caen,2.0,1.0,,,2.0,4.0,3.0,1.0,0.0,0.0,9.0,11.0,Desconocido
Ligue 2,62.0,,,False,2025-03-14,3012.0,1301.0,Annecy,Rodez,1.0,1.0,,,3.0,2.0,1.0,3.0,0.0,0.0,10.0,8.0,Desconocido
Championship,407.0,,,False,2025-03-14,56.0,71.0,Bristol City,Norwich,2.0,1.0,,,5.0,3.0,4.0,1.0,0.0,0.0,13.0,20.0,Desconocido
Ligue 2,62.0,,,False,2025-03-14,,101.0,Clermont,Grenoble,0.0,0.0,,,1.0,2.0,2.0,3.0,0.0,0.0,18.0,13.0,Desconocido
Turkey Super Lig,,,,False,2025-03-14,645.0,1005.0,Galatasaray,Antalyaspor,4.0,0.0,,,7.0,4.0,0.0,3.0,0.0,0.0,23.0,6.0,Desconocido
Serie A,71.0,,,False,2025-03-14,495.0,867.0,Genoa,Lecce,2.0,1.0,,,3.0,3.0,3.0,2.0,0.0,0.0,8.0,15.0,Desconocido
Friendly,,,,False,2025-03-14,,,Jordan,North Korea,1.0,1.0,,,,,,,,,,,Desconocido
La Liga,140.0,,,False,2025-03-14,534.0,542.0,Las Palmas,Alaves,2.0,2.0,,,4.0,5.0,5.0,5.0,0.0,0.0,14.0,9.0,Desconocido
Bundesliga 2,,,,False,2025-03-14,,,Magdeburg,Hamburg,0.0,3.0,,,3.0,3.0,1.0,2.0,0.0,0.0,16.0,14.0,Desconocido
Ligue 2,62.0,,,False,2025-03-14,,,Martigues,Pau FC,2.0,2.0,,,4.0,3.0,0.0,4.0,0.0,0.0,10.0,14.0,Desconocido
Ligue 1,61.0,,,False,2025-03-14,84.0,108.0,Nice,Auxerre,1.0,1.0,,,7.0,3.0,1.0,3.0,1.0,0.0,20.0,10.0,Desconocido
La Liga 2,,,,False,2025-03-14,718.0,797.0,Oviedo,Elche,1.0,1.0,,,4.0,3.0,1.0,2.0,0.0,0.0,13.0,15.0,Desconocido
Serie B,72.0,,,False,2025-03-14,522.0,520.0,Palermo,Cremonese,2.0,3.0,,,1.0,7.0,5.0,2.0,0.0,0.0,10.0,19.0,Desconocido
Championship Escocia,,,,False,2025-03-14,,1388.0,Raith Rvs,Dunfermline,2.0,0.0,,,4.0,4.0,0.0,3.0,0.0,0.0,6.0,6.0,Desconocido
Bundesliga 2,,,,False,2025-03-14,,,Schalke 04,Hannover,1.0,2.0,,,5.0,7.0,2.0,3.0,0.0,0.0,10.0,12.0,Desconocido
Bundesliga,218.0,,,False,2025-03-14,,,St Pauli,Hoffenheim,1.0,0.0,,,11.0,2.0,0.0,1.0,0.0,0.0,10.0,4.0,Desconocido
Ligue 2,62.0,,,False,2025-03-14,,90.0,Troyes,Guingamp,0.0,1.0,,,5.0,3.0,2.0,0.0,0.0,0.0,15.0,7.0,Desconocido
League 2,,,,False,2025-03-13,1832.0,1342.0,Bromley,Walsall,2.0,2.0,,,7.0,2.0,0.0,3.0,0.0,0.0,6.0,10.0,Desconocido
Friendly,,,,False,2025-03-13,1552.0,,Oman,Sudan,0.0,0.0,,,,,,,,,,,Desconocido
Championship,407.0,,,False,2025-03-12,,,Hull,Oxford,2.0,1.0,,,4.0,6.0,2.0,1.0,1.0,0.0,14.0,12.0,Desconocido
Championship,407.0,,,False,2025-03-12,63.0,58.0,Leeds,Millwall,2.0,0.0,,,4.0,3.0,0.0,0.0,0.0,0.0,18.0,4.0,Desconocido
Championship,407.0,,,False,2025-03-12,1355.0,1357.0,Portsmouth,Plymouth,1.0,2.0,,,7.0,0.0,2.0,1.0,0.0,1.0,16.0,6.0,Desconocido
Championship,407.0,,,False,2025-03-12,,67.0,Stoke,Blackburn,1.0,0.0,,,3.0,4.0,2.0,2.0,0.0,0.0,8.0,10.0,Desconocido
Championship,407.0,,,False,2025-03-12,38.0,76.0,Watford,Swansea,1.0,0.0,,,1.0,6.0,3.0,2.0,0.0,0.0,9.0,12.0,Desconocido
League 2,,,,False,2025-03-11,1333.0,1372.0,AFC Wimbledon,Cheltenham,1.0,2.0,,,6.0,5.0,1.0,0.0,0.0,0.0,17.0,8.0,Desconocido
League 2,,,,False,2025-03-11,,1367.0,Accrington,Newport County,5.0,0.0,,,2.0,4.0,2.0,2.0,0.0,0.0,19.0,8.0,Desconocido
League 1,,,,False,2025-03-11,54.0,1368.0,Birmingham,Stevenage,2.0,1.0,,,8.0,4.0,4.0,1.0,0.0,0.0,10.0,11.0,Desconocido
League 1,,,,False,2025-03-11,1356.0,,Blackpool,Cambridge,2.0,1.0,,,6.0,7.0,1.0,1.0,0.0,0.0,13.0,13.0,Desconocido
League 1,,,,False,2025-03-11,,68.0,Bristol Rvs,Bolton,3.0,2.0,,,2.0,10.0,2.0,0.0,0.0,0.0,12.0,9.0,Desconocido
Championship,407.0,,,False,2025-03-11,44.0,60.0,Burnley,West Brom,1.0,1.0,,,6.0,2.0,0.0,2.0,1.0,0.0,8.0,7.0,Desconocido
Championship,407.0,,,False,2025-03-11,43.0,1359.0,Cardiff,Luton,1.0,2.0,,,4.0,3.0,1.0,1.0,0.0,0.0,12.0,9.0,Desconocido
League 2,,,,False,2025-03-11,1361.0,1351.0,Colchester,Port Vale,2.0,1.0,,,4.0,3.0,2.0,2.0,0.0,0.0,11.0,8.0,Desconocido
League 1,,,,False,2025-03-11,1362.0,1335.0,Crawley Town,Charlton,0.0,1.0,,,7.0,4.0,2.0,2.0,0.0,0.0,10.0,14.0,Desconocido
Championship,407.0,,,False,2025-03-11,69.0,1346.0,Derby,Coventry,2.0,0.0,,,4.0,8.0,2.0,1.0,0.0,0.0,6.0,13.0,Desconocido
League 2 Escocia,,,,False,2025-03-11,,6781.0,Elgin,Spartans,0.0,2.0,,,9.0,1.0,2.0,1.0,0.0,0.0,13.0,3.0,Desconocido
League 1,,,,False,2025-03-11,,,Exeter,Mansfield,2.0,0.0,,,5.0,1.0,1.0,1.0,0.0,0.0,10.0,5.0,Desconocido
National League,43.0,,,False,2025-03-11,1378.0,,Forest Green,Sutton,2.0,1.0,,,,,2.0,2.0,0.0,0.0,,,Desconocido
League 2,,,,False,2025-03-11,1365.0,1376.0,Grimsby,Notts County,0.0,2.0,,,4.0,4.0,1.0,0.0,0.0,0.0,13.0,16.0,Desconocido
League 1 Escocia,,,,False,2025-03-11,,6784.0,Inverness C,Stenhousemuir,4.0,1.0,,,7.0,5.0,1.0,1.0,0.0,0.0,8.0,9.0,Desconocido
League 1 Escocia,,,,False,2025-03-11,6773.0,6763.0,Kelty Hearts,Cove Rangers,0.0,4.0,,,5.0,7.0,1.0,1.0,0.0,0.0,4.0,10.0,Desconocido
Championship,407.0,,,False,2025-03-11,70.0,72.0,Middlesbrough,QPR,2.0,1.0,,,4.0,4.0,0.0,0.0,0.0,0.0,16.0,9.0,Desconocido
Championship,407.0,,,False,2025-03-11,71.0,,Norwich,Sheffield Weds,2.0,3.0,,,9.0,3.0,0.0,4.0,0.0,0.0,10.0,15.0,Desconocido
National League,43.0,,,False,2025-03-11,1349.0,1822.0,Oldham,Eastleigh,2.0,0.0,,,,,1.0,1.0,0.0,1.0,,,Desconocido
Championship Escocia,,,,False,2025-03-11,,901.0,Queens Park,Partick,0.0,2.0,,,2.0,6.0,0.0,4.0,0.0,0.0,6.0,7.0,Desconocido
League 1,,,,False,2025-03-11,53.0,1837.0,Reading,Wrexham,2.0,0.0,,,2.0,3.0,2.0,0.0,1.0,0.0,12.0,15.0,Desconocido
National League,43.0,,,False,2025-03-11,1339.0,4700.0,Rochdale,Altrincham,3.0,0.0,,,,,2.0,2.0,0.0,0.0,,,Desconocido
League 2,,,,False,2025-03-11,,1345.0,Salford,Chesterfield,0.0,4.0,,,3.0,7.0,1.0,0.0,1.0,0.0,7.0,26.0,Desconocido
Championship,407.0,,,False,2025-03-11,,56.0,Sheffield United,Bristol City,1.0,1.0,,,5.0,4.0,1.0,3.0,0.0,0.0,13.0,23.0,Desconocido
Championship,407.0,,,False,2025-03-11,746.0,59.0,Sunderland,Preston,1.0,1.0,,,7.0,2.0,1.0,3.0,0.0,0.0,20.0,15.0,Desconocido
National League,43.0,,,False,2025-03-11,,,Yeovil,Boston Utd,0.0,3.0,,,,,2.0,1.0,0.0,0.0,,,Desconocido
Turkey Super Lig,,,,False,2025-03-10,,,Besiktas,Gaziantep,1.0,2.0,,,5.0,3.0,2.0,8.0,0.0,1.0,18.0,10.0,Desconocido
La Liga 2,,,,False,2025-03-10,9580.0,722.0,Burgos,Albacete,1.0,0.0,,,3.0,7.0,1.0,2.0,0.0,0.0,9.0,16.0,Desconocido
La Liga,140.0,,,False,2025-03-10,,547.0,Espanol,Girona,1.0,1.0,,,4.0,9.0,3.0,3.0,0.0,0.0,7.0,18.0,Desconocido
Primeira Liga,94.0,,,False,2025-03-10,242.0,226.0,Famalicao,Rio Ave,1.0,0.0,,,5.0,1.0,1.0,2.0,0.0,0.0,16.0,13.0,Desconocido
Serie A,71.0,,,False,2025-03-10,487.0,494.0,Lazio,Udinese,1.0,1.0,,,4.0,9.0,2.0,4.0,0.0,0.0,10.0,15.0,Desconocido
Ligue 2,62.0,,,False,2025-03-10,1301.0,1304.0,Rodez,Dunkerque,5.0,1.0,,,4.0,3.0,1.0,2.0,0.0,1.0,18.0,10.0,Desconocido
Premier League,569.0,,,False,2025-03-10,48.0,34.0,West Ham,Newcastle,0.0,1.0,,,3.0,4.0,0.0,1.0,0.0,0.0,9.0,9.0,Desconocido
Turkey Super Lig,,,,False,2025-03-09,996.0,645.0,Alanyaspor,Galatasaray,1.0,2.0,,,3.0,4.0,2.0,7.0,0.0,1.0,10.0,18.0,Desconocido
Jupiler Pro League,144.0,,,False,2025-03-09,740.0,631.0,Antwerp,Gent,0.0,1.0,,,8.0,4.0,1.0,0.0,0.0,0.0,12.0,13.0,Desconocido
Super League Greece,,,,False,2025-03-09,3408.0,,Aris,AEK,0.0,0.0,,,4.0,3.0,2.0,3.0,0.0,1.0,5.0,12.0,Desconocido
Super League Greece,,,,False,2025-03-09,955.0,2099.0,Asteras Tripolis,Panserraikos,1.0,2.0,,,6.0,1.0,1.0,4.0,0.0,0.0,11.0,8.0,Desconocido
La Liga,140.0,,,False,2025-03-09,,798.0,Ath Bilbao,Mallorca,1.0,1.0,,,3.0,3.0,1.0,3.0,0.0,0.0,8.0,9.0,Desconocido
Super League Greece,,,,False,2025-03-09,,619.0,Athens Kallithea,PAOK,2.0,1.0,,,5.0,7.0,3.0,0.0,0.0,0.0,16.0,12.0,Desconocido
Super League Greece,,,,False,2025-03-09,12260.0,617.0,Atromitos,Panathinaikos,1.0,1.0,,,2.0,3.0,3.0,3.0,0.0,0.0,11.0,14.0,Desconocido
La Liga,140.0,,,False,2025-03-09,,534.0,Betis,Las Palmas,1.0,0.0,,,11.0,1.0,2.0,8.0,0.0,1.0,14.0,8.0,Desconocido
Primeira Liga,94.0,,,False,2025-03-09,,224.0,Boavista,Guimaraes,1.0,2.0,,,2.0,7.0,2.0,1.0,0.0,0.0,7.0,19.0,Desconocido
Ligue 1,61.0,,,False,2025-03-09,,77.0,Brest,Angers,2.0,0.0,,,6.0,6.0,1.0,1.0,0.0,0.0,19.0,7.0,Desconocido
Primeira Liga,94.0,,,False,2025-03-09,4716.0,,Casa Pia,Sp Lisbon,1.0,3.0,,,4.0,4.0,4.0,3.0,0.0,0.0,10.0,17.0,Desconocido
Jupiler Pro League,144.0,,,False,2025-03-09,741.0,,Cercle Brugge,Club Brugge,1.0,3.0,,,9.0,4.0,2.0,3.0,0.0,0.0,15.0,15.0,Desconocido
Premier League,569.0,,,False,2025-03-09,49.0,46.0,Chelsea,Leicester,1.0,0.0,,,12.0,2.0,1.0,0.0,0.0,0.0,20.0,3.0,Desconocido
Serie B,72.0,,,False,2025-03-09,510.0,1578.0,Cittadella,Sudtirol,1.0,5.0,,,3.0,4.0,2.0,2.0,0.0,0.0,9.0,19.0,Desconocido
Bundesliga,218.0,,,False,2025-03-09,,182.0,Ein Frankfurt,Union Berlin,1.0,2.0,,,1.0,5.0,3.0,0.0,0.0,0.0,14.0,11.0,Desconocido
Serie A,71.0,,,False,2025-03-09,511.0,,Empoli,Roma,0.0,1.0,,,1.0,9.0,0.0,0.0,0.0,0.0,3.0,16.0,Desconocido
Turkey Super Lig,,,,False,2025-03-09,,607.0,Eyupspor,Konyaspor,2.0,1.0,,,5.0,5.0,6.0,2.0,1.0,0.0,7.0,10.0,Desconocido
La Liga,140.0,,,False,2025-03-09,546.0,,Getafe,Ath Madrid,2.0,1.0,,,4.0,4.0,6.0,2.0,0.0,1.0,11.0,4.0,Desconocido
La Liga 2,,,,False,2025-03-09,22018.0,,Granada,Ferrol,3.0,0.0,,,8.0,6.0,1.0,1.0,0.0,0.0,11.0,9.0,Desconocido
Bundesliga 2,,,,False,2025-03-09,,,Hannover,Braunschweig,1.0,1.0,,,5.0,10.0,2.0,3.0,0.0,0.0,15.0,13.0,Desconocido
Bundesliga,218.0,,,False,2025-03-09,,,Hoffenheim,Heidenheim,1.0,1.0,,,6.0,4.0,2.0,3.0,0.0,0.0,16.0,23.0,Desconocido
Serie A,71.0,,,False,2025-03-09,10019.0,499.0,Juventus,Atalanta,0.0,4.0,,,2.0,5.0,1.0,1.0,0.0,0.0,9.0,19.0,Desconocido
Super League Greece,,,,False,2025-03-09,,2110.0,Lamia,Volos NFC,1.0,0.0,,,0.0,8.0,3.0,2.0,0.0,0.0,3.0,17.0,Desconocido
Ligue 1,61.0,,,False,2025-03-09,111.0,,Le Havre,St Etienne,1.0,1.0,,,5.0,6.0,2.0,3.0,0.0,0.0,13.0,12.0,Desconocido
La Liga 2,,,,False,2025-03-09,539.0,,Levante,Cartagena,3.0,0.0,,,3.0,4.0,1.0,3.0,0.0,0.0,17.0,11.0,Desconocido
La Liga 2,,,,False,2025-03-09,535.0,724.0,Malaga,Cadiz,0.0,2.0,,,6.0,4.0,0.0,2.0,0.0,0.0,6.0,6.0,Desconocido
Premier League,569.0,,,False,2025-03-09,,9419.0,Man United,Arsenal,1.0,1.0,,,2.0,9.0,0.0,1.0,0.0,0.0,10.0,17.0,Desconocido
Ligue 1,61.0,,,False,2025-03-09,83.0,95.0,Nantes,Strasbourg,0.0,1.0,,,3.0,9.0,1.0,1.0,0.0,0.0,11.0,9.0,Desconocido
Serie A,71.0,,,False,2025-03-09,492.0,502.0,Napoli,Fiorentina,2.0,1.0,,,4.0,4.0,1.0,2.0,0.0,0.0,19.0,7.0,Desconocido
Ligue 1,61.0,,,False,2025-03-09,84.0,80.0,Nice,Lyon,0.0,2.0,,,9.0,2.0,1.0,2.0,0.0,0.0,18.0,8.0,Desconocido
Eredivisie,88.0,,,False,2025-03-09,,,Nijmegen,Go Ahead Eagles,2.0,3.0,,,3.0,15.0,2.0,1.0,1.0,0.0,10.0,27.0,Desconocido
Super League Greece,,,,False,2025-03-09,3415.0,,Olympiakos,OFI Crete,1.0,0.0,,,9.0,1.0,0.0,3.0,0.0,1.0,23.0,5.0,Desconocido
Super League Greece,,,,False,2025-03-09,949.0,,Panetolikos,Levadeiakos,0.0,0.0,,,4.0,4.0,2.0,3.0,0.0,0.0,19.0,14.0,Desconocido
Championship,407.0,,,False,2025-03-09,1355.0,63.0,Portsmouth,Leeds,1.0,0.0,,,7.0,6.0,2.0,0.0,0.0,0.0,13.0,13.0,Desconocido
Bundesliga 2,,,,False,2025-03-09,1313.0,,Preußen Münster,Nurnberg,0.0,1.0,,,5.0,3.0,4.0,1.0,0.0,0.0,22.0,14.0,Desconocido
La Liga,140.0,,,False,2025-03-09,541.0,,Real Madrid,Vallecano,2.0,1.0,,,4.0,6.0,3.0,1.0,0.0,0.0,10.0,20.0,Desconocido
Bundesliga 2,,,,False,2025-03-09,,,Regensburg,Paderborn,0.0,0.0,,,3.0,10.0,3.0,2.0,0.0,0.0,5.0,13.0,Desconocido
Ligue 1,61.0,,,False,2025-03-09,93.0,108.0,Reims,Auxerre,0.0,2.0,,,6.0,12.0,1.0,1.0,0.0,0.0,18.0,13.0,Desconocido
Friendly,,,,False,2025-03-09,,,Saint Vincent and the Grenadines,Grenada,1.0,1.0,,,,,,,,,,,Desconocido
Turkey Super Lig,,,,False,2025-03-09,3603.0,,Samsunspor,Ad. Demirspor,3.0,2.0,,,8.0,2.0,1.0,2.0,0.0,0.0,20.0,7.0,Desconocido
Primeira Liga,94.0,,,False,2025-03-09,227.0,215.0,Santa Clara,Moreirense,1.0,1.0,,,4.0,3.0,1.0,2.0,0.0,0.0,13.0,9.0,Desconocido
Serie B,72.0,,,False,2025-03-09,488.0,508.0,Sassuolo,Bari,1.0,1.0,,,5.0,4.0,2.0,4.0,0.0,0.0,10.0,10.0,Desconocido
Turkey Super Lig,,,,False,2025-03-09,1002.0,,Sivasspor,Goztep,3.0,1.0,,,2.0,5.0,4.0,5.0,0.0,1.0,15.0,10.0,Desconocido
La Liga,140.0,,,False,2025-03-09,,536.0,Sociedad,Sevilla,0.0,1.0,,,6.0,3.0,2.0,1.0,0.0,0.0,7.0,9.0,Desconocido
Serie B,72.0,,,False,2025-03-09,515.0,801.0,Spezia,Pisa,3.0,2.0,,,2.0,0.0,2.0,4.0,0.0,0.0,9.0,9.0,Desconocido
Jupiler Pro League,144.0,,,False,2025-03-09,,,St. Gilloise,Standard,3.0,0.0,,,1.0,4.0,2.0,3.0,0.0,1.0,9.0,6.0,Desconocido
La Liga 2,,,,False,2025-03-09,719.0,726.0,Tenerife,Huesca,2.0,0.0,,,6.0,4.0,0.0,1.0,0.0,0.0,19.0,7.0,Desconocido
Premier League,569.0,,,False,2025-03-09,47.0,35.0,Tottenham,Bournemouth,2.0,2.0,,,3.0,6.0,3.0,3.0,0.0,0.0,12.0,17.0,Desconocido
Eredivisie,88.0,,,False,2025-03-09,415.0,,Twente,Almere City,1.0,0.0,,,4.0,3.0,0.0,2.0,0.0,0.0,15.0,7.0,Desconocido
Serie A,71.0,,,False,2025-03-09,,500.0,Verona,Bologna,1.0,2.0,,,1.0,3.0,2.0,1.0,1.0,0.0,7.0,12.0,Desconocido
Jupiler Pro League,144.0,,,False,2025-03-09,,554.0,Westerlo,Anderlecht,2.0,0.0,,,7.0,9.0,1.0,0.0,0.0,0.0,15.0,17.0,Desconocido
Eredivisie,88.0,,,False,2025-03-09,195.0,207.0,Willem II,Utrecht,2.0,3.0,,,4.0,5.0,0.0,2.0,0.0,0.0,13.0,15.0,Desconocido
Eredivisie,88.0,,,False,2025-03-09,,194.0,Zwolle,Ajax,0.0,1.0,,,3.0,3.0,1.0,0.0,0.0,0.0,9.0,14.0,Desconocido
League 2,,,,False,2025-03-08,1333.0,1376.0,AFC Wimbledon,Notts County,2.0,0.0,,,5.0,1.0,1.0,1.0,0.0,0.0,15.0,7.0,Desconocido
Primeira Liga,94.0,,,False,2025-03-08,21595.0,240.0,AVS,Arouca,0.0,1.0,,,1.0,7.0,1.0,1.0,0.0,0.0,9.0,20.0,Desconocido
Championship Escocia,,,,False,2025-03-08,,,Airdrie Utd,Hamilton,2.0,1.0,,,7.0,8.0,2.0,1.0,0.0,0.0,10.0,10.0,Desconocido
La Liga,140.0,,,False,2025-03-08,542.0,533.0,Alaves,Villarreal,1.0,0.0,,,1.0,6.0,3.0,1.0,2.0,0.0,5.0,24.0,Desconocido
National League,43.0,,,False,2025-03-08,,1823.0,Aldershot,Gateshead,3.0,1.0,,,,,1.0,0.0,0.0,1.0,,,Desconocido
League 1 Escocia,,,,False,2025-03-08,,4249.0,Alloa,Arbroath,2.0,3.0,,,7.0,12.0,0.0,3.0,0.0,0.0,8.0,8.0,Desconocido
League 1 Escocia,,,,False,2025-03-08,6757.0,6784.0,Annan Athletic,Stenhousemuir,0.0,2.0,,,2.0,5.0,1.0,2.0,0.0,0.0,6.0,11.0,Desconocido
Turkey Super Lig,,,,False,2025-03-08,1005.0,1007.0,Antalyaspor,Rizespor,2.0,1.0,,,4.0,1.0,1.0,2.0,0.0,0.0,17.0,8.0,Desconocido
National League,43.0,,,False,2025-03-08,1369.0,,Barnet,Dag and Red,1.0,0.0,,,,,1.0,4.0,0.0,0.0,,,Desconocido
League 1,,,,False,2025-03-08,747.0,1356.0,Barnsley,Blackpool,0.0,3.0,,,5.0,4.0,0.0,0.0,0.0,0.0,16.0,18.0,Desconocido
League 2,,,,False,2025-03-08,1819.0,,Barrow,Accrington,2.0,0.0,,,8.0,4.0,1.0,1.0,0.0,0.0,12.0,6.0,Desconocido
Bundesliga,218.0,,,False,2025-03-08,,,Bayern Munich,Bochum,2.0,3.0,,,9.0,3.0,0.0,6.0,1.0,0.0,14.0,8.0,Desconocido
Primeira Liga,94.0,,,False,2025-03-08,211.0,225.0,Benfica,Nacional,3.0,0.0,,,5.0,3.0,0.0,3.0,0.0,0.0,18.0,12.0,Desconocido
League 1,,,,False,2025-03-08,54.0,1379.0,Birmingham,Lincoln,1.0,0.0,,,7.0,2.0,3.0,1.0,0.0,0.0,13.0,6.0,Desconocido
League 2 Escocia,,,,False,2025-03-08,,6766.0,Bonnyrigg Rose,Edinburgh City,0.0,1.0,,,5.0,1.0,0.0,1.0,2.0,1.0,8.0,14.0,Desconocido
National League,43.0,,,False,2025-03-08,,1836.0,Boston Utd,Woking,2.0,2.0,,,,,2.0,3.0,0.0,0.0,,,Desconocido
Premier League,569.0,,,False,2025-03-08,55.0,66.0,Brentford,Aston Villa,0.0,1.0,,,6.0,5.0,2.0,2.0,0.0,0.0,13.0,12.0,Desconocido
Serie B,72.0,,,False,2025-03-08,,509.0,Brescia,Cesena,1.0,1.0,,,3.0,3.0,3.0,3.0,0.0,0.0,11.0,12.0,Desconocido
Premier League,569.0,,,False,2025-03-08,51.0,36.0,Brighton,Fulham,2.0,1.0,,,3.0,7.0,0.0,2.0,0.0,0.0,9.0,6.0,Desconocido
Championship,407.0,,,False,2025-03-08,56.0,,Bristol City,Hull,1.0,1.0,,,14.0,1.0,1.0,3.0,0.0,1.0,26.0,5.0,Desconocido
League 1,,,,False,2025-03-08,,37.0,Bristol Rvs,Huddersfield,1.0,0.0,,,1.0,10.0,1.0,2.0,0.0,0.0,11.0,13.0,Desconocido
Championship,407.0,,,False,2025-03-08,44.0,1359.0,Burnley,Luton,4.0,0.0,,,6.0,4.0,3.0,2.0,0.0,1.0,16.0,3.0,Desconocido
League 1,,,,False,2025-03-08,,68.0,Burton,Bolton,1.0,2.0,,,8.0,6.0,4.0,2.0,0.0,0.0,12.0,9.0,Desconocido
Serie B,72.0,,,False,2025-03-08,1581.0,512.0,Carrarese,Frosinone,0.0,1.0,,,4.0,5.0,2.0,1.0,0.0,0.0,17.0,13.0,Desconocido
La Liga,140.0,,,False,2025-03-08,,537.0,Celta,Leganes,2.0,1.0,,,2.0,5.0,3.0,2.0,0.0,0.0,7.0,12.0,Desconocido
Jupiler Pro League,144.0,,,False,2025-03-08,736.0,,Charleroi,Mechelen,0.0,1.0,,,6.0,3.0,1.0,2.0,0.0,0.0,12.0,11.0,Desconocido
League 2,,,,False,2025-03-08,1372.0,1361.0,Cheltenham,Colchester,0.0,1.0,,,2.0,3.0,1.0,3.0,0.0,0.0,12.0,11.0,Desconocido
League 2,,,,False,2025-03-08,1345.0,1367.0,Chesterfield,Newport County,2.0,1.0,,,9.0,3.0,2.0,0.0,0.0,0.0,18.0,4.0,Desconocido
League 2 Escocia,,,,False,2025-03-08,6762.0,6764.0,Clyde,East Fife,1.0,2.0,,,8.0,3.0,2.0,4.0,0.0,0.0,8.0,9.0,Desconocido
Serie A,71.0,,,False,2025-03-08,895.0,517.0,Como,Venezia,1.0,1.0,,,3.0,5.0,2.0,3.0,0.0,0.0,12.0,11.0,Desconocido
League 1 Escocia,,,,False,2025-03-08,6763.0,,Cove Rangers,Queen of Sth,3.0,1.0,,,4.0,5.0,1.0,1.0,0.0,0.0,11.0,12.0,Desconocido
Championship,407.0,,,False,2025-03-08,1346.0,,Coventry,Stoke,3.0,2.0,,,7.0,5.0,1.0,3.0,0.0,0.0,13.0,11.0,Desconocido
League 1,,,,False,2025-03-08,1362.0,53.0,Crawley Town,Reading,1.0,1.0,,,2.0,4.0,3.0,1.0,0.0,0.0,7.0,5.0,Desconocido
Serie B,72.0,,,False,2025-03-08,520.0,1687.0,Cremonese,Catanzaro,4.0,0.0,,,7.0,1.0,1.0,1.0,0.0,0.0,24.0,8.0,Desconocido
Premier League,569.0,,,False,2025-03-08,52.0,57.0,Crystal Palace,Ipswich,1.0,0.0,,,5.0,4.0,4.0,3.0,0.0,0.0,19.0,15.0,Desconocido
Jupiler Pro League,144.0,,,False,2025-03-08,6215.0,742.0,Dender,Genk,0.0,1.0,,,2.0,6.0,1.0,0.0,0.0,0.0,13.0,14.0,Desconocido
Championship,407.0,,,False,2025-03-08,69.0,67.0,Derby,Blackburn,2.0,1.0,,,2.0,4.0,3.0,3.0,0.0,0.0,9.0,13.0,Desconocido
League 2,,,,False,2025-03-08,1354.0,,Doncaster,Swindon,2.0,2.0,,,9.0,0.0,1.0,1.0,0.0,0.0,16.0,10.0,Desconocido
Bundesliga,218.0,,,False,2025-03-08,,,Dortmund,Augsburg,0.0,1.0,,,12.0,3.0,1.0,4.0,0.0,0.0,14.0,6.0,Desconocido
League 1 Escocia,,,,False,2025-03-08,1382.0,,Dumbarton,Inverness C,0.0,1.0,,,3.0,8.0,3.0,2.0,0.0,0.0,11.0,15.0,Desconocido
National League,43.0,,,False,2025-03-08,1822.0,1366.0,Eastleigh,Hartlepool,1.0,1.0,,,,,1.0,2.0,0.0,0.0,,,Desconocido
La Liga 2,,,,False,2025-03-08,797.0,,Elche,Castellon,3.0,1.0,,,2.0,7.0,1.0,1.0,0.0,0.0,9.0,14.0,Desconocido
League 2 Escocia,,,,False,2025-03-08,,,Elgin,Forfar,0.0,1.0,,,4.0,8.0,3.0,3.0,1.0,1.0,1.0,15.0,Desconocido
Primeira Liga,94.0,,,False,2025-03-08,230.0,231.0,Estoril,Farense,2.0,2.0,,,4.0,7.0,2.0,1.0,0.0,0.0,13.0,14.0,Desconocido
League 1,,,,False,2025-03-08,,1352.0,Exeter,Shrewsbury,2.0,0.0,,,4.0,6.0,4.0,3.0,0.0,0.0,15.0,8.0,Desconocido
Championship Escocia,,,,False,2025-03-08,1389.0,1388.0,Falkirk,Dunfermline,1.0,0.0,,,6.0,1.0,2.0,1.0,0.0,0.0,9.0,3.0,Desconocido
League 2,,,,False,2025-03-08,1336.0,1351.0,Fleetwood Town,Port Vale,1.0,1.0,,,2.0,3.0,0.0,0.0,0.0,0.0,12.0,11.0,Desconocido
Eredivisie,88.0,,,False,2025-03-08,,206.0,For Sittard,Heracles,1.0,0.0,,,2.0,6.0,0.0,2.0,0.0,0.0,12.0,5.0,Desconocido
Bundesliga,218.0,,,False,2025-03-08,,173.0,Freiburg,RB Leipzig,0.0,0.0,,,2.0,6.0,0.0,3.0,0.0,0.0,10.0,18.0,Desconocido
National League,43.0,,,False,2025-03-08,,,Fylde,Braintree Town,0.0,2.0,,,,,2.0,1.0,1.0,0.0,,,Desconocido
League 2,,,,False,2025-03-08,1347.0,1343.0,Gillingham,Bradford,1.0,0.0,,,7.0,2.0,5.0,2.0,0.0,0.0,10.0,9.0,Desconocido
Bundesliga 2,,,,False,2025-03-08,,,Greuther Furth,Magdeburg,1.0,1.0,,,1.0,9.0,2.0,2.0,0.0,0.0,9.0,12.0,Desconocido
National League,43.0,,,False,2025-03-08,,,Halifax,Yeovil,1.0,0.0,,,,,1.0,2.0,0.0,0.0,,,Desconocido
Bundesliga 2,,,,False,2025-03-08,,,Hamburg,Fortuna Dusseldorf,4.0,1.0,,,8.0,3.0,1.0,4.0,0.0,0.0,18.0,9.0,Desconocido
League 2,,,,False,2025-03-08,,1371.0,Harrogate,Carlisle,1.0,0.0,,,8.0,5.0,2.0,4.0,0.0,0.0,16.0,13.0,Desconocido
Bundesliga 2,,,,False,2025-03-08,,,Hertha,Schalke 04,1.0,2.0,,,3.0,5.0,2.0,3.0,0.0,0.0,15.0,8.0,Desconocido
Bundesliga,218.0,,,False,2025-03-08,191.0,,Holstein Kiel,Stuttgart,2.0,2.0,,,3.0,1.0,1.0,2.0,1.0,0.0,17.0,5.0,Desconocido
Serie A,71.0,,,False,2025-03-08,505.0,1579.0,Inter,Monza,3.0,2.0,,,13.0,1.0,0.0,1.0,0.0,0.0,30.0,8.0,Desconocido
Turkey Super Lig,,,,False,2025-03-08,1001.0,,Kayserispor,Buyuksehyr,3.0,1.0,,,4.0,7.0,2.0,2.0,0.0,0.0,11.0,11.0,Desconocido
League 1 Escocia,,,,False,2025-03-08,6773.0,4251.0,Kelty Hearts,Montrose,0.0,0.0,,,1.0,12.0,2.0,1.0,0.0,0.0,5.0,6.0,Desconocido
Jupiler Pro League,144.0,,,False,2025-03-08,734.0,,Kortrijk,Oud-Heverlee Leuven,2.0,0.0,,,5.0,4.0,1.0,4.0,0.0,1.0,20.0,9.0,Desconocido
Serie A,71.0,,,False,2025-03-08,867.0,,Lecce,Milan,2.0,3.0,,,2.0,7.0,2.0,1.0,0.0,0.0,11.0,16.0,Desconocido
Bundesliga,218.0,,,False,2025-03-08,,162.0,Leverkusen,Werder Bremen,0.0,2.0,,,10.0,3.0,4.0,4.0,0.0,0.0,18.0,11.0,Desconocido
League 1,,,,False,2025-03-08,1373.0,1337.0,Leyton Orient,Northampton,1.0,2.0,,,4.0,6.0,1.0,0.0,0.0,0.0,8.0,16.0,Desconocido
Ligue 1,61.0,,,False,2025-03-08,79.0,82.0,Lille,Montpellier,1.0,0.0,,,7.0,1.0,2.0,3.0,0.0,0.0,18.0,10.0,Desconocido
Premier League,569.0,,,False,2025-03-08,40.0,41.0,Liverpool,Southampton,3.0,1.0,,,6.0,4.0,2.0,1.0,0.0,0.0,28.0,6.0,Desconocido
National League,43.0,,,False,2025-03-08,1838.0,,Maidenhead,Sutton,0.0,1.0,,,,,1.0,1.0,0.0,0.0,,,Desconocido
Serie B,72.0,,,False,2025-03-08,1693.0,863.0,Mantova,Juve Stabia,1.0,1.0,,,4.0,4.0,3.0,3.0,0.0,0.0,6.0,7.0,Desconocido
Ligue 1,61.0,,,False,2025-03-08,81.0,116.0,Marseille,Lens,0.0,1.0,,,7.0,0.0,3.0,1.0,0.0,0.0,15.0,3.0,Desconocido
Ligue 2,62.0,,,False,2025-03-08,112.0,3012.0,Metz,Annecy,5.0,1.0,,,4.0,3.0,2.0,2.0,0.0,0.0,10.0,8.0,Desconocido
League 2,,,,False,2025-03-08,1348.0,1375.0,Milton Keynes Dons,Morecambe,2.0,1.0,,,8.0,2.0,3.0,1.0,0.0,0.0,16.0,5.0,Desconocido
La Liga 2,,,,False,2025-03-08,799.0,718.0,Mirandes,Oviedo,1.0,0.0,,,3.0,3.0,3.0,3.0,0.0,0.0,13.0,9.0,Desconocido
Championship Escocia,,,,False,2025-03-08,1383.0,,Morton,Ayr,2.0,1.0,,,5.0,8.0,2.0,2.0,1.0,0.0,10.0,10.0,Desconocido
Premier League,569.0,,,False,2025-03-08,,,Nott'm Forest,Man City,1.0,0.0,,,3.0,2.0,3.0,2.0,0.0,0.0,9.0,14.0,Desconocido
Eredivisie,88.0,,,False,2025-03-08,197.0,210.0,PSV Eindhoven,Heerenveen,2.0,1.0,,,8.0,4.0,2.0,1.0,0.0,0.0,25.0,8.0,Desconocido
Ligue 2,62.0,,,False,2025-03-08,114.0,97.0,Paris FC,Lorient,3.0,2.0,,,1.0,7.0,4.0,2.0,0.0,0.0,11.0,15.0,Desconocido
Serie A,71.0,,,False,2025-03-08,523.0,503.0,Parma,Torino,2.0,2.0,,,7.0,4.0,4.0,2.0,0.0,0.0,12.0,6.0,Desconocido
League 1,,,,False,2025-03-08,,1358.0,Peterboro,Wycombe,1.0,1.0,,,3.0,2.0,1.0,0.0,0.0,0.0,9.0,13.0,Desconocido
Championship,407.0,,,False,2025-03-08,1357.0,,Plymouth,Sheffield Weds,0.0,3.0,,,2.0,2.0,3.0,5.0,0.0,0.0,4.0,7.0,Desconocido
Ligue 1,61.0,,,False,2025-03-08,94.0,,Rennes,Paris SG,1.0,4.0,,,3.0,2.0,2.0,3.0,0.0,0.0,13.0,19.0,Desconocido
National League,43.0,,,False,2025-03-08,1339.0,8663.0,Rochdale,Wealdstone,4.0,1.0,,,,,1.0,2.0,0.0,0.0,,,Desconocido
Serie B,72.0,,,False,2025-03-08,514.0,899.0,Salernitana,Modena,1.0,0.0,,,5.0,1.0,1.0,4.0,0.0,0.0,14.0,8.0,Desconocido
League 2,,,,False,2025-03-08,,1363.0,Salford,Crewe,1.0,1.0,,,6.0,1.0,4.0,4.0,0.0,0.0,19.0,21.0,Desconocido
Serie B,72.0,,,False,2025-03-08,498.0,522.0,Sampdoria,Palermo,1.0,1.0,,,6.0,8.0,1.0,1.0,1.0,0.0,14.0,23.0,Desconocido
Championship,407.0,,,False,2025-03-08,,59.0,Sheffield United,Preston,1.0,0.0,,,8.0,3.0,1.0,4.0,0.0,0.0,11.0,8.0,Desconocido
National League,43.0,,,False,2025-03-08,,,Solihull,Ebbsfleet,2.0,1.0,,,,,2.0,3.0,0.0,1.0,,,Desconocido
National League,43.0,,,False,2025-03-08,1341.0,4700.0,Southend,Altrincham,2.0,1.0,,,,,1.0,1.0,0.0,0.0,,,Desconocido
Primeira Liga,94.0,,,False,2025-03-08,,,Sp Braga,Porto,1.0,0.0,,,7.0,3.0,2.0,4.0,1.0,0.0,7.0,7.0,Desconocido
La Liga 2,,,,False,2025-03-08,,,Sp Gijon,Santander,1.0,1.0,,,6.0,6.0,4.0,3.0,0.0,0.0,13.0,13.0,Desconocido
League 2 Escocia,,,,False,2025-03-08,6781.0,,Spartans,Stirling,0.0,0.0,,,9.0,7.0,1.0,2.0,0.0,0.0,9.0,7.0,Desconocido
League 1,,,,False,2025-03-08,1368.0,,Stevenage,Mansfield,1.0,1.0,,,3.0,5.0,1.0,3.0,0.0,0.0,6.0,8.0,Desconocido
League 1,,,,False,2025-03-08,,1335.0,Stockport,Charlton,0.0,0.0,,,8.0,0.0,0.0,1.0,0.0,0.0,12.0,4.0,Desconocido
League 2 Escocia,,,,False,2025-03-08,6785.0,6777.0,Stranraer,Peterhead,0.0,0.0,,,4.0,3.0,2.0,3.0,0.0,1.0,5.0,13.0,Desconocido
Championship,407.0,,,False,2025-03-08,746.0,43.0,Sunderland,Cardiff,2.0,1.0,,,4.0,3.0,1.0,2.0,0.0,0.0,19.0,6.0,Desconocido
Championship,407.0,,,False,2025-03-08,76.0,70.0,Swansea,Middlesbrough,1.0,0.0,,,5.0,6.0,1.0,1.0,0.0,0.0,13.0,9.0,Desconocido
National League,43.0,,,False,2025-03-08,7752.0,1349.0,Tamworth,Oldham,1.0,1.0,,,,,0.0,5.0,0.0,0.0,,,Desconocido
Turkey Super Lig,,,,False,2025-03-08,998.0,3575.0,Trabzonspor,Hatayspor,1.0,2.0,,,7.0,1.0,2.0,5.0,0.0,0.0,23.0,4.0,Desconocido
League 2,,,,False,2025-03-08,1381.0,1832.0,Tranmere,Bromley,2.0,1.0,,,5.0,3.0,2.0,2.0,0.0,0.0,12.0,4.0,Desconocido
Bundesliga 2,,,,False,2025-03-08,,,Ulm,FC Koln,0.0,1.0,,,3.0,7.0,0.0,1.0,0.0,0.0,15.0,13.0,Desconocido
La Liga,140.0,,,False,2025-03-08,532.0,720.0,Valencia,Valladolid,2.0,1.0,,,5.0,4.0,1.0,3.0,0.0,0.0,17.0,11.0,Desconocido
League 2,,,,False,2025-03-08,1342.0,1365.0,Walsall,Grimsby,1.0,3.0,,,8.0,2.0,3.0,3.0,0.0,0.0,9.0,10.0,Desconocido
Championship,407.0,,,False,2025-03-08,38.0,58.0,Watford,Millwall,1.0,2.0,,,11.0,4.0,0.0,1.0,0.0,0.0,14.0,11.0,Desconocido
Championship,407.0,,,False,2025-03-08,60.0,72.0,West Brom,QPR,1.0,0.0,,,3.0,4.0,4.0,4.0,1.0,0.0,2.0,10.0,Desconocido
League 1,,,,False,2025-03-08,61.0,,Wigan,Cambridge,1.0,0.0,,,5.0,9.0,2.0,3.0,0.0,0.0,7.0,12.0,Desconocido
Bundesliga,218.0,,,False,2025-03-08,,,Wolfsburg,St Pauli,1.0,1.0,,,6.0,6.0,1.0,0.0,0.0,0.0,16.0,14.0,Desconocido
Premier League,569.0,,,False,2025-03-08,39.0,45.0,Wolves,Everton,1.0,1.0,,,5.0,5.0,2.0,2.0,0.0,0.0,11.0,12.0,Desconocido
League 1,,,,False,2025-03-08,1837.0,73.0,Wrexham,Rotherham,1.0,0.0,,,2.0,7.0,0.0,1.0,0.0,0.0,9.0,11.0,Desconocido
National League,43.0,,,False,2025-03-08,1828.0,1378.0,York,Forest Green,1.0,1.0,,,,,1.0,2.0,0.0,0.0,,,Desconocido
La Liga 2,,,,False,2025-03-08,732.0,9692.0,Zaragoza,Eldense,2.0,4.0,,,5.0,8.0,3.0,3.0,0.0,0.0,25.0,10.0,Desconocido
Ligue 2,62.0,,,False,2025-03-07,1305.0,,Bastia,Martigues,1.0,0.0,,,7.0,1.0,3.0,2.0,0.0,0.0,18.0,6.0,Desconocido
Turkey Super Lig,,,,False,2025-03-07,,,Bodrumspor,Kasimpasa,1.0,0.0,,,3.0,4.0,1.0,0.0,0.0,0.0,15.0,14.0,Desconocido
Ligue 2,62.0,,,False,2025-03-07,88.0,433.0,Caen,Laval,0.0,1.0,,,0.0,1.0,3.0,2.0,0.0,0.0,11.0,10.0,Desconocido
Serie A,71.0,,,False,2025-03-07,490.0,495.0,Cagliari,Genoa,1.0,1.0,,,2.0,5.0,2.0,2.0,0.0,0.0,9.0,8.0,Desconocido
Serie B,72.0,,,False,2025-03-07,10137.0,880.0,Cosenza,Reggiana,1.0,0.0,,,5.0,6.0,5.0,3.0,0.0,0.0,7.0,11.0,Desconocido
Bundesliga 2,,,,False,2025-03-07,,,Darmstadt,Karlsruhe,3.0,0.0,,,2.0,3.0,0.0,2.0,0.0,0.0,24.0,7.0,Desconocido
La Liga 2,,,,False,2025-03-07,545.0,723.0,Eibar,Almeria,1.0,0.0,,,5.0,6.0,1.0,3.0,0.0,0.0,10.0,13.0,Desconocido
Primeira Liga,94.0,,,False,2025-03-07,15130.0,,Estrela,Gil Vicente,1.0,1.0,,,7.0,7.0,5.0,2.0,0.0,0.0,8.0,10.0,Desconocido
Ligue 2,62.0,,,False,2025-03-07,101.0,,Grenoble,Ajaccio,2.0,2.0,,,10.0,5.0,3.0,1.0,0.0,0.0,16.0,9.0,Desconocido
Ligue 2,62.0,,,False,2025-03-07,90.0,,Guingamp,Clermont,3.0,1.0,,,10.0,0.0,2.0,4.0,0.0,0.0,18.0,4.0,Desconocido
Bundesliga 2,,,,False,2025-03-07,,,Kaiserslautern,Elversberg,1.0,1.0,,,7.0,3.0,4.0,2.0,0.0,0.0,12.0,14.0,Desconocido
La Liga 2,,,,False,2025-03-07,,713.0,La Coruna,Cordoba,1.0,1.0,,,4.0,3.0,1.0,3.0,0.0,0.0,14.0,12.0,Desconocido
Bundesliga,218.0,,,False,2025-03-07,,,M'gladbach,Mainz,1.0,3.0,,,4.0,3.0,0.0,1.0,0.0,0.0,12.0,16.0,Desconocido
Eredivisie,88.0,,,False,2025-03-07,203.0,426.0,NAC Breda,Sparta Rotterdam,1.0,1.0,,,5.0,7.0,0.0,2.0,1.0,0.0,11.0,17.0,Desconocido
Championship,407.0,,,False,2025-03-07,71.0,,Norwich,Oxford,1.0,1.0,,,12.0,1.0,0.0,2.0,0.0,0.0,15.0,3.0,Desconocido
Ligue 2,62.0,,,False,2025-03-07,,,Pau FC,Troyes,0.0,2.0,,,1.0,6.0,3.0,1.0,0.0,0.0,9.0,14.0,Desconocido
Ligue 2,62.0,,,False,2025-03-07,,87.0,Red Star,Amiens,2.0,0.0,,,5.0,5.0,2.0,2.0,0.0,0.0,18.0,6.0,Desconocido
Jupiler Pro League,144.0,,,False,2025-03-07,,263.0,St Truiden,Beerschot VA,2.0,0.0,,,4.0,8.0,2.0,2.0,0.0,1.0,15.0,11.0,Desconocido
Ligue 1,61.0,,,False,2025-03-07,96.0,91.0,Toulouse,Monaco,1.0,1.0,,,3.0,5.0,1.0,3.0,0.0,0.0,8.0,13.0,Desconocido
La Liga 2,,,,False,2025-03-05,,9580.0,Ferrol,Burgos,0.0,1.0,,,4.0,6.0,1.0,1.0,0.0,0.0,7.0,9.0,Desconocido
Championship Escocia,,,,False,2025-03-05,255.0,,Livingston,Raith Rvs,0.0,0.0,,,3.0,2.0,1.0,1.0,0.0,0.0,5.0,4.0,Desconocido
League 2,,,,False,2025-03-04,,1348.0,Accrington,Milton Keynes Dons,2.0,0.0,,,2.0,7.0,2.0,3.0,0.0,0.0,10.0,4.0,Desconocido
Championship Escocia,,,,False,2025-03-04,,1389.0,Airdrie Utd,Falkirk,0.0,3.0,,,3.0,13.0,1.0,0.0,0.0,0.0,9.0,18.0,Desconocido
National League,43.0,,,False,2025-03-04,,,Aldershot,Dag and Red,0.0,0.0,,,,,0.0,1.0,0.0,0.0,,,Desconocido
National League,43.0,,,False,2025-03-04,1369.0,,Barnet,Yeovil,5.0,0.0,,,,,0.0,2.0,0.0,0.0,,,Desconocido
League 1,,,,False,2025-03-04,1356.0,,Blackpool,Peterboro,0.0,0.0,,,2.0,9.0,1.0,2.0,0.0,0.0,11.0,11.0,Desconocido
League 1,,,,False,2025-03-04,68.0,54.0,Bolton,Birmingham,3.0,1.0,,,6.0,3.0,5.0,3.0,0.0,0.0,14.0,7.0,Desconocido
National League,43.0,,,False,2025-03-04,,1349.0,Boston Utd,Oldham,0.0,0.0,,,,,3.0,1.0,0.0,0.0,,,Desconocido
League 2,,,,False,2025-03-04,1343.0,1372.0,Bradford,Cheltenham,3.0,0.0,,,2.0,6.0,3.0,3.0,0.0,0.0,25.0,8.0,Desconocido
League 2,,,,False,2025-03-04,1832.0,1354.0,Bromley,Doncaster,1.0,0.0,,,3.0,14.0,1.0,3.0,0.0,0.0,8.0,33.0,Desconocido
League 1,,,,False,2025-03-04,,1368.0,Cambridge,Stevenage,0.0,1.0,,,4.0,6.0,2.0,2.0,0.0,0.0,1.0,9.0,Desconocido
Championship,407.0,,,False,2025-03-04,43.0,44.0,Cardiff,Burnley,1.0,2.0,,,5.0,6.0,0.0,3.0,0.0,0.0,9.0,12.0,Desconocido
League 2,,,,False,2025-03-04,1371.0,1342.0,Carlisle,Walsall,1.0,1.0,,,4.0,6.0,3.0,0.0,0.0,0.0,7.0,18.0,Desconocido
League 1,,,,False,2025-03-04,1335.0,747.0,Charlton,Barnsley,1.0,0.0,,,4.0,3.0,1.0,0.0,0.0,0.0,8.0,11.0,Desconocido
League 2,,,,False,2025-03-04,1361.0,1345.0,Colchester,Chesterfield,1.0,0.0,,,9.0,1.0,0.0,3.0,0.0,1.0,14.0,6.0,Desconocido
League 2,,,,False,2025-03-04,1363.0,1336.0,Crewe,Fleetwood Town,1.0,4.0,,,5.0,4.0,1.0,0.0,0.0,0.0,13.0,12.0,Desconocido
League 1 Escocia,,,,False,2025-03-04,1382.0,4249.0,Dumbarton,Arbroath,1.0,2.0,,,2.0,12.0,0.0,0.0,0.0,0.0,4.0,13.0,Desconocido
National League,43.0,,,False,2025-03-04,1822.0,,Eastleigh,Ebbsfleet,2.0,0.0,,,,,0.0,3.0,0.0,0.0,,,Desconocido
National League,43.0,,,False,2025-03-04,,1366.0,Fylde,Hartlepool,2.0,1.0,,,,,4.0,2.0,0.0,0.0,,,Desconocido
League 2,,,,False,2025-03-04,1365.0,1381.0,Grimsby,Tranmere,1.0,1.0,,,4.0,2.0,1.0,1.0,0.0,0.0,9.0,7.0,Desconocido
National League,43.0,,,False,2025-03-04,,1378.0,Halifax,Forest Green,2.0,1.0,,,,,0.0,4.0,0.0,0.0,,,Desconocido
League 1,,,,False,2025-03-04,37.0,1837.0,Huddersfield,Wrexham,0.0,1.0,,,5.0,4.0,0.0,2.0,0.0,0.0,13.0,8.0,Desconocido
Championship,407.0,,,False,2025-03-04,,1357.0,Hull,Plymouth,2.0,0.0,,,7.0,4.0,1.0,3.0,0.0,0.0,11.0,3.0,Desconocido
League 1,,,,False,2025-03-04,1379.0,1362.0,Lincoln,Crawley Town,4.0,1.0,,,7.0,2.0,0.0,1.0,0.0,0.0,17.0,8.0,Desconocido
National League,43.0,,,False,2025-03-04,1838.0,,Maidenhead,Braintree Town,3.0,3.0,,,,,3.0,3.0,0.0,1.0,,,Desconocido
League 1,,,,False,2025-03-04,,61.0,Mansfield,Wigan,0.0,0.0,,,5.0,4.0,0.0,2.0,0.0,0.0,21.0,4.0,Desconocido
Championship,407.0,,,False,2025-03-04,58.0,56.0,Millwall,Bristol City,0.0,2.0,,,4.0,6.0,0.0,0.0,0.0,0.0,13.0,11.0,Desconocido
League 2,,,,False,2025-03-04,1375.0,1333.0,Morecambe,AFC Wimbledon,1.0,0.0,,,3.0,9.0,1.0,2.0,0.0,0.0,14.0,13.0,Desconocido
League 2,,,,False,2025-03-04,1367.0,1347.0,Newport County,Gillingham,3.0,1.0,,,1.0,9.0,4.0,6.0,0.0,0.0,18.0,15.0,Desconocido
League 1,,,,False,2025-03-04,1337.0,,Northampton,Stockport,1.0,1.0,,,3.0,3.0,3.0,1.0,0.0,0.0,4.0,6.0,Desconocido
League 2,,,,False,2025-03-04,1376.0,1819.0,Notts County,Barrow,1.0,2.0,,,8.0,2.0,3.0,0.0,0.0,0.0,14.0,6.0,Desconocido
League 2,,,,False,2025-03-04,1351.0,,Port Vale,Harrogate,0.0,0.0,,,10.0,6.0,0.0,2.0,0.0,0.0,14.0,7.0,Desconocido
Championship,407.0,,,False,2025-03-04,59.0,76.0,Preston,Swansea,0.0,0.0,,,6.0,1.0,0.0,0.0,0.0,0.0,20.0,8.0,Desconocido
Championship Escocia,,,,False,2025-03-04,,,Queens Park,Ayr,2.0,3.0,,,4.0,6.0,3.0,2.0,0.0,0.0,6.0,11.0,Desconocido
League 1,,,,False,2025-03-04,53.0,,Reading,Exeter,0.0,0.0,,,6.0,4.0,0.0,5.0,0.0,0.0,10.0,11.0,Desconocido
National League,43.0,,,False,2025-03-04,1339.0,1823.0,Rochdale,Gateshead,1.0,0.0,,,,,0.0,1.0,0.0,0.0,,,Desconocido
League 1,,,,False,2025-03-04,73.0,1373.0,Rotherham,Leyton Orient,1.0,0.0,,,5.0,5.0,1.0,1.0,0.0,0.0,11.0,16.0,Desconocido
League 1,,,,False,2025-03-04,1352.0,,Shrewsbury,Bristol Rvs,0.0,0.0,,,3.0,8.0,3.0,2.0,0.0,0.0,14.0,16.0,Desconocido
National League,43.0,,,False,2025-03-04,,,Solihull,Sutton,1.0,1.0,,,,,2.0,3.0,0.0,0.0,,,Desconocido
National League,43.0,,,False,2025-03-04,1341.0,1836.0,Southend,Woking,2.0,2.0,,,,,1.0,5.0,0.0,0.0,,,Desconocido
League 2 Escocia,,,,False,2025-03-04,6785.0,,Stranraer,Forfar,1.0,2.0,,,6.0,1.0,4.0,3.0,0.0,1.0,5.0,2.0,Desconocido
League 2,,,,False,2025-03-04,,,Swindon,Salford,2.0,2.0,,,6.0,2.0,0.0,1.0,0.0,0.0,16.0,12.0,Desconocido
National League,43.0,,,False,2025-03-04,7752.0,8663.0,Tamworth,Wealdstone,4.0,1.0,,,,,2.0,3.0,0.0,1.0,,,Desconocido
League 1,,,,False,2025-03-04,1358.0,,Wycombe,Burton,2.0,0.0,,,7.0,3.0,1.0,1.0,0.0,0.0,19.0,12.0,Desconocido
National League,43.0,,,False,2025-03-04,1828.0,4700.0,York,Altrincham,1.0,2.0,,,,,2.0,3.0,0.0,0.0,,,Desconocido
Ligue 2,62.0,,,False,2025-03-03,,1304.0,Ajaccio,Dunkerque,1.0,2.0,,,4.0,3.0,4.0,0.0,1.0,0.0,11.0,9.0,Desconocido
Turkey Super Lig,,,,False,2025-03-03,,1002.0,Buyuksehyr,Sivasspor,1.0,0.0,,,6.0,2.0,2.0,2.0,0.0,0.0,11.0,7.0,Desconocido
Turkey Super Lig,,,,False,2025-03-03,,,Gaziantep,Eyupspor,3.0,1.0,,,4.0,1.0,1.0,5.0,0.0,1.0,20.0,13.0,Desconocido
Turkey Super Lig,,,,False,2025-03-03,,3603.0,Goztep,Samsunspor,2.0,2.0,,,1.0,2.0,4.0,1.0,0.0,0.0,13.0,8.0,Desconocido
Serie A,71.0,,,False,2025-03-03,10019.0,,Juventus,Verona,2.0,0.0,,,6.0,0.0,1.0,0.0,0.0,0.0,27.0,5.0,Desconocido
Turkey Super Lig,,,,False,2025-03-03,607.0,998.0,Konyaspor,Trabzonspor,1.0,0.0,,,5.0,4.0,3.0,5.0,0.0,0.0,13.0,10.0,Desconocido
La Liga 2,,,,False,2025-03-03,799.0,719.0,Mirandes,Tenerife,2.0,0.0,,,3.0,0.0,0.0,0.0,0.0,0.0,12.0,11.0,Desconocido
Primeira Liga,94.0,,,False,2025-03-03,,230.0,Sp Lisbon,Estoril,3.0,1.0,,,6.0,6.0,1.0,1.0,0.0,1.0,13.0,8.0,Desconocido
Super League Greece,,,,False,2025-03-02,,3415.0,AEK,Olympiakos,0.0,1.0,,,1.0,0.0,2.0,4.0,0.0,0.0,6.0,6.0,Desconocido
Premiership Escocia,,,,False,2025-03-02,252.0,,Aberdeen,Dundee United,2.0,2.0,,,14.0,5.0,1.0,2.0,0.0,0.0,20.0,11.0,Desconocido
La Liga 2,,,,False,2025-03-02,722.0,724.0,Albacete,Cadiz,3.0,0.0,,,4.0,2.0,1.0,3.0,0.0,1.0,12.0,5.0,Desconocido
Eredivisie,88.0,,,False,2025-03-02,,194.0,Almere City,Ajax,0.0,1.0,,,3.0,0.0,1.0,0.0,0.0,0.0,14.0,5.0,Desconocido
Ligue 1,61.0,,,False,2025-03-02,77.0,96.0,Angers,Toulouse,0.0,4.0,,,4.0,9.0,3.0,3.0,0.0,0.0,5.0,19.0,Desconocido
Bundesliga,218.0,,,False,2025-03-02,,,Augsburg,Freiburg,0.0,0.0,,,5.0,2.0,1.0,1.0,0.0,0.0,13.0,7.0,Desconocido
Ligue 1,61.0,,,False,2025-03-02,108.0,95.0,Auxerre,Strasbourg,0.0,1.0,,,5.0,3.0,1.0,3.0,0.0,1.0,14.0,6.0,Desconocido
La Liga,140.0,,,False,2025-03-02,529.0,,Barcelona,Sociedad,4.0,0.0,,,12.0,0.0,0.0,0.0,0.0,1.0,33.0,0.0,Desconocido
Serie B,72.0,,,False,2025-03-02,508.0,498.0,Bari,Sampdoria,1.0,1.0,,,4.0,6.0,2.0,3.0,0.0,0.0,5.0,20.0,Desconocido
Jupiler Pro League,144.0,,,False,2025-03-02,263.0,,Beerschot VA,Mechelen,1.0,0.0,,,4.0,9.0,2.0,5.0,1.0,0.0,14.0,12.0,Desconocido
Primeira Liga,94.0,,,False,2025-03-02,,227.0,Boavista,Santa Clara,1.0,0.0,,,9.0,5.0,4.0,3.0,0.0,0.0,12.0,11.0,Desconocido
Serie A,71.0,,,False,2025-03-02,500.0,490.0,Bologna,Cagliari,2.0,1.0,,,4.0,1.0,1.0,2.0,0.0,0.0,15.0,2.0,Desconocido
Serie B,72.0,,,False,2025-03-02,1687.0,880.0,Catanzaro,Reggiana,1.0,1.0,,,9.0,3.0,3.0,3.0,0.0,0.0,21.0,11.0,Desconocido
La Liga 2,,,,False,2025-03-02,713.0,22018.0,Cordoba,Granada,5.0,0.0,,,3.0,7.0,4.0,2.0,0.0,0.0,17.0,15.0,Desconocido
La Liga 2,,,,False,2025-03-02,9692.0,539.0,Eldense,Levante,1.0,2.0,,,5.0,7.0,4.0,1.0,0.0,0.0,14.0,15.0,Desconocido
Bundesliga 2,,,,False,2025-03-02,,,Elversberg,Hertha,4.0,0.0,,,7.0,6.0,0.0,1.0,0.0,0.0,11.0,7.0,Desconocido
Primeira Liga,94.0,,,False,2025-03-02,231.0,21595.0,Farense,AVS,0.0,1.0,,,7.0,1.0,2.0,2.0,0.0,0.0,17.0,6.0,Desconocido
Turkey Super Lig,,,,False,2025-03-02,,1005.0,Fenerbahce,Antalyaspor,3.0,0.0,,,8.0,5.0,0.0,0.0,0.0,0.0,15.0,4.0,Desconocido
Serie A,71.0,,,False,2025-03-02,495.0,511.0,Genoa,Empoli,1.0,1.0,,,3.0,6.0,1.0,3.0,0.0,0.0,5.0,7.0,Desconocido
Eredivisie,88.0,,,False,2025-03-02,210.0,201.0,Heerenveen,AZ Alkmaar,3.0,1.0,,,3.0,6.0,2.0,3.0,0.0,0.0,10.0,10.0,Desconocido
Eredivisie,88.0,,,False,2025-03-02,206.0,,Heracles,Zwolle,4.0,2.0,,,7.0,1.0,1.0,2.0,0.0,0.0,16.0,5.0,Desconocido
Premiership Escocia,,,,False,2025-03-02,249.0,,Hibernian,Hearts,2.0,1.0,,,4.0,6.0,1.0,1.0,0.0,0.0,11.0,10.0,Desconocido
Turkey Super Lig,,,,False,2025-03-02,,645.0,Kasimpasa,Galatasaray,3.0,3.0,,,10.0,3.0,3.0,2.0,0.0,0.0,14.0,18.0,Desconocido
La Liga,140.0,,,False,2025-03-02,537.0,546.0,Leganes,Getafe,1.0,0.0,,,2.0,6.0,1.0,1.0,0.0,0.0,5.0,9.0,Desconocido
Super League Greece,,,,False,2025-03-02,,12260.0,Levadeiakos,Atromitos,1.0,2.0,,,7.0,2.0,2.0,4.0,0.0,0.0,12.0,7.0,Desconocido
Ligue 1,61.0,,,False,2025-03-02,80.0,,Lyon,Brest,2.0,1.0,,,2.0,5.0,2.0,1.0,0.0,0.0,10.0,15.0,Desconocido
Bundesliga 2,,,,False,2025-03-02,,,Magdeburg,Darmstadt,4.0,1.0,,,12.0,4.0,1.0,4.0,0.0,0.0,17.0,14.0,Desconocido
La Liga,140.0,,,False,2025-03-02,798.0,542.0,Mallorca,Alaves,1.0,1.0,,,3.0,9.0,0.0,2.0,0.0,0.0,15.0,19.0,Desconocido
Ligue 1,61.0,,,False,2025-03-02,81.0,83.0,Marseille,Nantes,2.0,0.0,,,3.0,2.0,1.0,2.0,0.0,0.0,21.0,8.0,Desconocido
Serie A,71.0,,,False,2025-03-02,,487.0,Milan,Lazio,1.0,2.0,,,3.0,5.0,2.0,1.0,1.0,0.0,15.0,21.0,Desconocido
Serie B,72.0,,,False,2025-03-02,899.0,10137.0,Modena,Cosenza,1.0,1.0,,,4.0,1.0,3.0,1.0,0.0,0.0,16.0,13.0,Desconocido
Ligue 1,61.0,,,False,2025-03-02,82.0,94.0,Montpellier,Rennes,0.0,4.0,,,6.0,5.0,2.0,1.0,0.0,0.0,16.0,15.0,Desconocido
Serie A,71.0,,,False,2025-03-02,1579.0,503.0,Monza,Torino,0.0,2.0,,,1.0,4.0,2.0,2.0,0.0,0.0,9.0,13.0,Desconocido
Primeira Liga,94.0,,,False,2025-03-02,215.0,15130.0,Moreirense,Estrela,1.0,1.0,,,4.0,1.0,2.0,4.0,0.0,0.0,11.0,7.0,Desconocido
Super League Greece,,,,False,2025-03-02,,,OFI Crete,Lamia,3.0,0.0,,,5.0,3.0,0.0,1.0,0.0,0.0,17.0,13.0,Desconocido
La Liga,140.0,,,False,2025-03-02,727.0,532.0,Osasuna,Valencia,3.0,3.0,,,3.0,3.0,2.0,1.0,0.0,0.0,12.0,12.0,Desconocido
Jupiler Pro League,144.0,,,False,2025-03-02,,,Oud-Heverlee Leuven,Westerlo,0.0,0.0,,,2.0,9.0,2.0,1.0,0.0,0.0,8.0,18.0,Desconocido
La Liga 2,,,,False,2025-03-02,718.0,,Oviedo,La Coruna,1.0,2.0,,,6.0,7.0,3.0,2.0,0.0,0.0,6.0,10.0,Desconocido
Super League Greece,,,,False,2025-03-02,619.0,955.0,PAOK,Asteras Tripolis,2.0,0.0,,,5.0,6.0,0.0,3.0,0.0,0.0,13.0,5.0,Desconocido
Bundesliga 2,,,,False,2025-03-02,,,Paderborn,Hamburg,2.0,0.0,,,9.0,3.0,2.0,1.0,0.0,0.0,15.0,15.0,Desconocido
Serie B,72.0,,,False,2025-03-02,522.0,,Palermo,Brescia,1.0,0.0,,,8.0,6.0,4.0,3.0,0.0,0.0,26.0,8.0,Desconocido
Primeira Liga,94.0,,,False,2025-03-02,226.0,,Rio Ave,Sp Braga,2.0,1.0,,,2.0,5.0,2.0,5.0,0.0,0.0,13.0,14.0,Desconocido
Turkey Super Lig,,,,False,2025-03-02,1007.0,996.0,Rizespor,Alanyaspor,3.0,1.0,,,5.0,5.0,2.0,1.0,0.0,0.0,10.0,12.0,Desconocido
Serie A,71.0,,,False,2025-03-02,,895.0,Roma,Como,2.0,1.0,,,1.0,2.0,2.0,7.0,0.0,1.0,11.0,10.0,Desconocido
La Liga 2,,,,False,2025-03-02,,797.0,Santander,Elche,2.0,0.0,,,5.0,9.0,3.0,2.0,0.0,0.0,12.0,10.0,Desconocido
Eredivisie,88.0,,,False,2025-03-02,426.0,195.0,Sparta Rotterdam,Willem II,4.0,0.0,,,9.0,5.0,1.0,1.0,0.0,0.0,22.0,9.0,Desconocido
Jupiler Pro League,144.0,,,False,2025-03-02,,554.0,Standard,Anderlecht,0.0,2.0,,,3.0,4.0,0.0,3.0,0.0,0.0,11.0,7.0,Desconocido
Bundesliga,218.0,,,False,2025-03-02,182.0,191.0,Union Berlin,Holstein Kiel,0.0,1.0,,,11.0,3.0,4.0,0.0,0.0,0.0,14.0,10.0,Desconocido
League 2,,,,False,2025-03-01,1333.0,1832.0,AFC Wimbledon,Bromley,0.0,1.0,,,8.0,3.0,1.0,2.0,0.0,0.0,17.0,10.0,Desconocido
Turkey Super Lig,,,,False,2025-03-01,,,Ad. Demirspor,Bodrumspor,0.0,0.0,,,3.0,6.0,0.0,0.0,0.0,0.0,11.0,13.0,Desconocido
League 1 Escocia,,,,False,2025-03-01,,6763.0,Alloa,Cove Rangers,2.0,1.0,,,7.0,9.0,1.0,1.0,1.0,0.0,11.0,15.0,Desconocido
La Liga 2,,,,False,2025-03-01,723.0,535.0,Almeria,Malaga,2.0,2.0,,,7.0,3.0,1.0,4.0,0.0,0.0,19.0,9.0,Desconocido
Ligue 2,62.0,,,False,2025-03-01,87.0,112.0,Amiens,Metz,1.0,2.0,,,5.0,8.0,0.0,1.0,0.0,0.0,13.0,17.0,Desconocido
League 1 Escocia,,,,False,2025-03-01,4249.0,6757.0,Arbroath,Annan Athletic,3.0,0.0,,,8.0,3.0,1.0,2.0,0.0,1.0,13.0,1.0,Desconocido
Primeira Liga,94.0,,,False,2025-03-01,240.0,,Arouca,Porto,0.0,2.0,,,4.0,2.0,2.0,2.0,0.0,0.0,6.0,9.0,Desconocido
Serie A,71.0,,,False,2025-03-01,499.0,517.0,Atalanta,Venezia,0.0,0.0,,,3.0,2.0,1.0,2.0,0.0,0.0,18.0,8.0,Desconocido
La Liga,140.0,,,False,2025-03-01,,,Ath Madrid,Ath Bilbao,1.0,0.0,,,6.0,2.0,2.0,3.0,0.0,0.0,12.0,15.0,Desconocido
Championship Escocia,,,,False,2025-03-01,,,Ayr,Airdrie Utd,4.0,1.0,,,9.0,8.0,1.0,2.0,0.0,0.0,18.0,10.0,Desconocido
League 1,,,,False,2025-03-01,747.0,1379.0,Barnsley,Lincoln,4.0,3.0,,,2.0,6.0,1.0,1.0,0.0,0.0,5.0,12.0,Desconocido
Turkey Super Lig,,,,False,2025-03-01,,1001.0,Besiktas,Kayserispor,2.0,0.0,,,4.0,5.0,0.0,2.0,0.0,0.0,13.0,8.0,Desconocido
La Liga,140.0,,,False,2025-03-01,,541.0,Betis,Real Madrid,2.0,1.0,,,9.0,2.0,3.0,4.0,0.0,0.0,18.0,9.0,Desconocido
League 1,,,,False,2025-03-01,54.0,1358.0,Birmingham,Wycombe,1.0,0.0,,,5.0,3.0,0.0,1.0,0.0,1.0,14.0,6.0,Desconocido
Championship,407.0,,,False,2025-03-01,67.0,71.0,Blackburn,Norwich,1.0,1.0,,,5.0,2.0,0.0,1.0,1.0,0.0,10.0,11.0,Desconocido
Bundesliga,218.0,,,False,2025-03-01,,,Bochum,Hoffenheim,0.0,1.0,,,8.0,5.0,0.0,1.0,0.0,0.0,12.0,10.0,Desconocido
National League,43.0,,,False,2025-03-01,,1822.0,Braintree Town,Eastleigh,1.0,0.0,,,,,1.0,4.0,1.0,0.0,,,Desconocido
Bundesliga 2,,,,False,2025-03-01,,,Braunschweig,Ulm,1.0,1.0,,,8.0,4.0,2.0,4.0,0.0,0.0,18.0,11.0,Desconocido
League 1,,,,False,2025-03-01,,73.0,Bristol Rvs,Rotherham,2.0,3.0,,,6.0,8.0,3.0,0.0,0.0,0.0,12.0,14.0,Desconocido
League 1,,,,False,2025-03-01,,,Burton,Mansfield,1.0,1.0,,,1.0,3.0,2.0,2.0,0.0,0.0,7.0,21.0,Desconocido
Serie B,72.0,,,False,2025-03-01,1581.0,520.0,Carrarese,Cremonese,2.0,2.0,,,0.0,7.0,4.0,4.0,0.0,0.0,6.0,19.0,Desconocido
La Liga 2,,,,False,2025-03-01,,9580.0,Castellon,Burgos,2.0,1.0,,,7.0,4.0,3.0,4.0,1.0,0.0,15.0,16.0,Desconocido
Jupiler Pro League,144.0,,,False,2025-03-01,741.0,740.0,Cercle Brugge,Antwerp,0.0,0.0,,,2.0,5.0,1.0,2.0,1.0,0.0,19.0,8.0,Desconocido
Serie B,72.0,,,False,2025-03-01,509.0,514.0,Cesena,Salernitana,2.0,0.0,,,9.0,2.0,4.0,1.0,0.0,0.0,17.0,9.0,Desconocido
League 2,,,,False,2025-03-01,1372.0,1365.0,Cheltenham,Grimsby,1.0,1.0,,,4.0,9.0,1.0,3.0,0.0,0.0,9.0,20.0,Desconocido
League 2,,,,False,2025-03-01,1345.0,1363.0,Chesterfield,Crewe,1.0,3.0,,,4.0,5.0,3.0,1.0,0.0,0.0,18.0,16.0,Desconocido
League 1,,,,False,2025-03-01,1362.0,,Crawley Town,Cambridge,0.0,2.0,,,6.0,7.0,2.0,3.0,1.0,1.0,17.0,11.0,Desconocido
National League,43.0,,,False,2025-03-01,,,Dag and Red,Boston Utd,1.0,3.0,,,,,0.0,3.0,0.0,0.0,,,Desconocido
League 2,,,,False,2025-03-01,1354.0,1367.0,Doncaster,Newport County,3.0,0.0,,,9.0,3.0,0.0,1.0,0.0,0.0,26.0,4.0,Desconocido
League 1 Escocia,,,,False,2025-03-01,1382.0,6784.0,Dumbarton,Stenhousemuir,1.0,3.0,,,2.0,4.0,5.0,2.0,0.0,0.0,12.0,11.0,Desconocido
Premiership Escocia,,,,False,2025-03-01,253.0,,Dundee,St Johnstone,1.0,1.0,,,4.0,4.0,2.0,0.0,0.0,0.0,14.0,10.0,Desconocido
Championship Escocia,,,,False,2025-03-01,1388.0,1383.0,Dunfermline,Morton,2.0,1.0,,,2.0,10.0,4.0,2.0,1.0,0.0,10.0,6.0,Desconocido
National League,43.0,,,False,2025-03-01,,7752.0,Ebbsfleet,Tamworth,2.0,3.0,,,,,4.0,1.0,0.0,0.0,,,Desconocido
League 2 Escocia,,,,False,2025-03-01,6766.0,6785.0,Edinburgh City,Stranraer,0.0,1.0,,,4.0,6.0,0.0,3.0,0.0,0.0,10.0,5.0,Desconocido
Bundesliga,218.0,,,False,2025-03-01,,,Ein Frankfurt,Leverkusen,1.0,4.0,,,2.0,6.0,1.0,1.0,0.0,0.0,7.0,20.0,Desconocido
League 1,,,,False,2025-03-01,,1337.0,Exeter,Northampton,1.0,1.0,,,4.0,4.0,3.0,2.0,0.0,0.0,8.0,11.0,Desconocido
Eredivisie,88.0,,,False,2025-03-01,209.0,,Feyenoord,Nijmegen,0.0,0.0,,,10.0,3.0,1.0,4.0,0.0,0.0,17.0,5.0,Desconocido
League 2,,,,False,2025-03-01,1336.0,1376.0,Fleetwood Town,Notts County,2.0,2.0,,,4.0,7.0,2.0,5.0,0.0,0.0,17.0,15.0,Desconocido
National League,43.0,,,False,2025-03-01,1378.0,1838.0,Forest Green,Maidenhead,2.0,0.0,,,,,2.0,0.0,0.0,0.0,,,Desconocido
League 2 Escocia,,,,False,2025-03-01,,6762.0,Forfar,Clyde,0.0,1.0,,,3.0,5.0,1.0,2.0,0.0,0.0,6.0,3.0,Desconocido
Serie B,72.0,,,False,2025-03-01,512.0,1693.0,Frosinone,Mantova,2.0,1.0,,,3.0,9.0,3.0,3.0,0.0,0.0,11.0,19.0,Desconocido
National League,43.0,,,False,2025-03-01,1823.0,,Gateshead,Fylde,1.0,1.0,,,,,1.0,5.0,0.0,0.0,,,Desconocido
Jupiler Pro League,144.0,,,False,2025-03-01,631.0,,Gent,Club Brugge,1.0,1.0,,,6.0,7.0,2.0,1.0,0.0,0.0,19.0,12.0,Desconocido
League 2,,,,False,2025-03-01,1347.0,1375.0,Gillingham,Morecambe,1.0,0.0,,,7.0,1.0,3.0,2.0,0.0,0.0,13.0,3.0,Desconocido
La Liga,140.0,,,False,2025-03-01,547.0,,Girona,Celta,2.0,2.0,,,4.0,2.0,0.0,0.0,0.0,0.0,9.0,10.0,Desconocido
Eredivisie,88.0,,,False,2025-03-01,,197.0,Go Ahead Eagles,PSV Eindhoven,3.0,2.0,,,2.0,5.0,1.0,2.0,0.0,0.0,7.0,16.0,Desconocido
Eredivisie,88.0,,,False,2025-03-01,202.0,415.0,Groningen,Twente,1.0,1.0,,,2.0,3.0,2.0,0.0,0.0,0.0,6.0,12.0,Desconocido
Primeira Liga,94.0,,,False,2025-03-01,224.0,4716.0,Guimaraes,Casa Pia,1.0,0.0,,,7.0,2.0,3.0,1.0,0.0,0.0,18.0,10.0,Desconocido
Championship Escocia,,,,False,2025-03-01,,1389.0,Hamilton,Falkirk,2.0,2.0,,,2.0,13.0,2.0,1.0,0.0,0.0,11.0,14.0,Desconocido
League 2,,,,False,2025-03-01,,,Harrogate,Accrington,2.0,1.0,,,6.0,4.0,3.0,4.0,0.0,0.0,8.0,6.0,Desconocido
National League,43.0,,,False,2025-03-01,1366.0,1828.0,Hartlepool,York,0.0,1.0,,,,,3.0,2.0,0.0,0.0,,,Desconocido
Bundesliga,218.0,,,False,2025-03-01,,,Heidenheim,M'gladbach,0.0,3.0,,,6.0,2.0,2.0,3.0,0.0,0.0,20.0,13.0,Desconocido
La Liga 2,,,,False,2025-03-01,726.0,,Huesca,Ferrol,3.0,1.0,,,4.0,6.0,2.0,1.0,0.0,0.0,9.0,8.0,Desconocido
League 1 Escocia,,,,False,2025-03-01,,4251.0,Inverness C,Montrose,1.0,1.0,,,7.0,1.0,1.0,1.0,0.0,0.0,16.0,6.0,Desconocido
Serie B,72.0,,,False,2025-03-01,863.0,510.0,Juve Stabia,Cittadella,0.0,1.0,,,8.0,4.0,1.0,4.0,0.0,0.0,12.0,12.0,Desconocido
Bundesliga 2,,,,False,2025-03-01,,,Kaiserslautern,Regensburg,3.0,0.0,,,7.0,7.0,1.0,4.0,0.0,0.0,18.0,17.0,Desconocido
Bundesliga 2,,,,False,2025-03-01,,,Karlsruhe,FC Koln,1.0,0.0,,,3.0,2.0,4.0,3.0,0.0,0.0,6.0,11.0,Desconocido
Championship,407.0,,,False,2025-03-01,63.0,60.0,Leeds,West Brom,1.0,1.0,,,10.0,3.0,0.0,0.0,0.0,0.0,15.0,7.0,Desconocido
Ligue 1,61.0,,,False,2025-03-01,116.0,111.0,Lens,Le Havre,3.0,4.0,,,9.0,2.0,2.0,2.0,0.0,0.0,20.0,8.0,Desconocido
League 1,,,,False,2025-03-01,1373.0,1335.0,Leyton Orient,Charlton,1.0,2.0,,,7.0,9.0,0.0,0.0,0.0,0.0,17.0,19.0,Desconocido
Ligue 2,62.0,,,False,2025-03-01,97.0,1301.0,Lorient,Rodez,3.0,1.0,,,10.0,5.0,0.0,2.0,0.0,0.0,23.0,6.0,Desconocido
Championship,407.0,,,False,2025-03-01,1359.0,1355.0,Luton,Portsmouth,1.0,0.0,,,2.0,7.0,2.0,4.0,0.0,0.0,10.0,7.0,Desconocido
Championship,407.0,,,False,2025-03-01,70.0,69.0,Middlesbrough,Derby,1.0,0.0,,,5.0,3.0,1.0,2.0,0.0,0.0,18.0,5.0,Desconocido
League 2,,,,False,2025-03-01,1348.0,1361.0,Milton Keynes Dons,Colchester,0.0,1.0,,,1.0,7.0,2.0,2.0,1.0,0.0,5.0,14.0,Desconocido
Primeira Liga,94.0,,,False,2025-03-01,225.0,242.0,Nacional,Famalicao,2.0,1.0,,,1.0,6.0,3.0,4.0,0.0,0.0,15.0,15.0,Desconocido
Serie A,71.0,,,False,2025-03-01,492.0,505.0,Napoli,Inter,1.0,1.0,,,12.0,3.0,1.0,0.0,0.0,0.0,19.0,6.0,Desconocido
Bundesliga 2,,,,False,2025-03-01,,,Nurnberg,Hannover,1.0,2.0,,,4.0,2.0,2.0,5.0,0.0,0.0,9.0,12.0,Desconocido
National League,43.0,,,False,2025-03-01,1349.0,1369.0,Oldham,Barnet,0.0,3.0,,,,,1.0,1.0,0.0,0.0,,,Desconocido
Championship,407.0,,,False,2025-03-01,,1346.0,Oxford,Coventry,2.0,3.0,,,3.0,11.0,3.0,3.0,0.0,0.0,10.0,18.0,Desconocido
Super League Greece,,,,False,2025-03-01,617.0,949.0,Panathinaikos,Panetolikos,2.0,0.0,,,5.0,4.0,3.0,1.0,0.0,0.0,19.0,10.0,Desconocido
Super League Greece,,,,False,2025-03-01,2099.0,,Panserraikos,Athens Kallithea,2.0,1.0,,,7.0,3.0,3.0,5.0,0.0,1.0,16.0,12.0,Desconocido
Ligue 1,61.0,,,False,2025-03-01,,79.0,Paris SG,Lille,4.0,1.0,,,9.0,3.0,0.0,1.0,0.0,0.0,26.0,6.0,Desconocido
League 1,,,,False,2025-03-01,,1352.0,Peterboro,Shrewsbury,3.0,1.0,,,9.0,4.0,2.0,1.0,0.0,1.0,19.0,12.0,Desconocido
League 2 Escocia,,,,False,2025-03-01,6777.0,,Peterhead,Elgin,2.0,0.0,,,2.0,3.0,3.0,4.0,0.0,0.0,9.0,4.0,Desconocido
Championship,407.0,,,False,2025-03-01,72.0,,QPR,Sheffield United,1.0,2.0,,,6.0,2.0,3.0,3.0,0.0,0.0,16.0,8.0,Desconocido
League 1 Escocia,,,,False,2025-03-01,,6773.0,Queen of Sth,Kelty Hearts,0.0,1.0,,,7.0,3.0,2.0,0.0,0.0,0.0,6.0,6.0,Desconocido
Bundesliga,218.0,,,False,2025-03-01,173.0,,RB Leipzig,Mainz,1.0,2.0,,,7.0,1.0,1.0,1.0,0.0,0.0,13.0,15.0,Desconocido
Championship Escocia,,,,False,2025-03-01,,,Raith Rvs,Queens Park,0.0,4.0,,,4.0,0.0,0.0,2.0,0.0,0.0,3.0,7.0,Desconocido
Premiership Escocia,,,,False,2025-03-01,257.0,256.0,Rangers,Motherwell,1.0,2.0,,,12.0,3.0,2.0,2.0,0.0,0.0,22.0,6.0,Desconocido
Ligue 2,62.0,,,False,2025-03-01,,90.0,Red Star,Guingamp,3.0,1.0,,,2.0,5.0,2.0,1.0,0.0,0.0,10.0,8.0,Desconocido
Premiership Escocia,,,,False,2025-03-01,902.0,250.0,Ross County,Kilmarnock,1.0,0.0,,,5.0,6.0,1.0,0.0,0.0,0.0,5.0,18.0,Desconocido
League 2,,,,False,2025-03-01,,1343.0,Salford,Bradford,1.0,2.0,,,3.0,2.0,2.0,1.0,0.0,0.0,12.0,15.0,Desconocido
Serie B,72.0,,,False,2025-03-01,488.0,801.0,Sassuolo,Pisa,1.0,0.0,,,8.0,10.0,1.0,0.0,0.0,0.0,14.0,8.0,Desconocido
League 2 Escocia,,,,False,2025-03-01,6781.0,,Spartans,Bonnyrigg Rose,3.0,1.0,,,5.0,6.0,2.0,3.0,0.0,0.0,9.0,15.0,Desconocido
Ligue 1,61.0,,,False,2025-03-01,,84.0,St Etienne,Nice,1.0,3.0,,,3.0,4.0,2.0,1.0,0.0,0.0,12.0,16.0,Desconocido
Premiership Escocia,,,,False,2025-03-01,,247.0,St Mirren,Celtic,2.0,5.0,,,3.0,3.0,3.0,0.0,0.0,0.0,14.0,18.0,Desconocido
Bundesliga,218.0,,,False,2025-03-01,,,St Pauli,Dortmund,0.0,2.0,,,7.0,1.0,1.0,2.0,0.0,0.0,7.0,14.0,Desconocido
Jupiler Pro League,144.0,,,False,2025-03-01,,734.0,St Truiden,Kortrijk,4.0,2.0,,,3.0,4.0,1.0,1.0,0.0,0.0,9.0,14.0,Desconocido
Jupiler Pro League,144.0,,,False,2025-03-01,,6215.0,St. Gilloise,Dender,4.0,1.0,,,2.0,5.0,1.0,2.0,0.0,0.0,20.0,4.0,Desconocido
League 1,,,,False,2025-03-01,1368.0,37.0,Stevenage,Huddersfield,1.0,2.0,,,3.0,5.0,0.0,3.0,0.0,0.0,13.0,8.0,Desconocido
League 2 Escocia,,,,False,2025-03-01,,6764.0,Stirling,East Fife,1.0,0.0,,,6.0,4.0,1.0,0.0,0.0,0.0,11.0,9.0,Desconocido
League 1,,,,False,2025-03-01,,1356.0,Stockport,Blackpool,2.0,1.0,,,4.0,3.0,3.0,2.0,0.0,0.0,11.0,7.0,Desconocido
Championship,407.0,,,False,2025-03-01,,38.0,Stoke,Watford,0.0,0.0,,,4.0,5.0,1.0,2.0,0.0,0.0,8.0,8.0,Desconocido
League 2,,,,False,2025-03-01,1381.0,1351.0,Tranmere,Port Vale,1.0,1.0,,,9.0,3.0,2.0,2.0,1.0,0.0,11.0,7.0,Desconocido
Serie A,71.0,,,False,2025-03-01,494.0,523.0,Udinese,Parma,1.0,0.0,,,7.0,7.0,1.0,1.0,0.0,0.0,20.0,9.0,Desconocido
Eredivisie,88.0,,,False,2025-03-01,207.0,203.0,Utrecht,NAC Breda,1.0,0.0,,,6.0,2.0,1.0,3.0,0.0,0.0,19.0,8.0,Desconocido
La Liga,140.0,,,False,2025-03-01,,536.0,Vallecano,Sevilla,1.0,1.0,,,6.0,6.0,1.0,0.0,0.0,0.0,20.0,10.0,Desconocido
Super League Greece,,,,False,2025-03-01,2110.0,3408.0,Volos NFC,Aris,1.0,1.0,,,8.0,4.0,3.0,3.0,0.0,0.0,8.0,10.0,Desconocido
League 2,,,,False,2025-03-01,1342.0,,Walsall,Swindon,0.0,1.0,,,7.0,5.0,1.0,3.0,0.0,0.0,12.0,12.0,Desconocido
Bundesliga,218.0,,,False,2025-03-01,162.0,,Werder Bremen,Wolfsburg,1.0,2.0,,,8.0,2.0,2.0,0.0,0.0,0.0,15.0,9.0,Desconocido
League 1,,,,False,2025-03-01,61.0,53.0,Wigan,Reading,1.0,2.0,,,8.0,7.0,0.0,1.0,0.0,0.0,7.0,19.0,Desconocido
League 1,,,,False,2025-03-01,1837.0,68.0,Wrexham,Bolton,0.0,0.0,,,5.0,6.0,2.0,3.0,0.0,0.0,15.0,14.0,Desconocido
National League,43.0,,,False,2025-03-01,,1341.0,Yeovil,Southend,2.0,2.0,,,,,0.0,1.0,0.0,0.0,,,Desconocido
La Liga 2,,,,False,2025-03-01,732.0,,Zaragoza,Sp Gijon,1.0,1.0,,,6.0,4.0,4.0,2.0,0.0,0.0,17.0,11.0,Desconocido
