League,LeagueId,Country,Round,EsEliminatoria,Date,HomeTeamId,AwayTeamId,HomeTeam,AwayTeam,FTHG,FTAG,HTHG,HTAG,HC,AC,HY,AY,HR,AR,HS,AS,Referee
National League,43.0,,,False,2025-09-30,,,Aldershot,Braintree Town,1.0,1.0,,,,,0.0,1.0,0.0,1.0,,,Desconocido
Championship,407.0,,,False,2025-09-30,54.0,,Birmingham,Sheffield Weds,2.0,2.0,,,10.0,4.0,3.0,2.0,0.0,0.0,20.0,5.0,Desconocido
Championship,407.0,,,False,2025-09-30,67.0,76.0,Blackburn,Swansea,1.0,2.0,,,7.0,3.0,3.0,2.0,0.0,0.0,14.0,7.0,Desconocido
League 1,41,England,,False,2025-09-30,1356,1359,Blackpool,Luton,2.0,2.0,,,3.0,8.0,2.0,1.0,0.0,0.0,11.0,15.0,"Martin Woods, England"
National League,43.0,,,False,2025-09-30,1830.0,1341.0,Boreham Wood,Southend,1.0,1.0,,,,,4.0,2.0,0.0,0.0,,,Desconocido
Championship,407.0,,,False,2025-09-30,56.0,57.0,Bristol City,Ipswich,1.0,1.0,,,3.0,6.0,4.0,2.0,0.0,0.0,13.0,15.0,Desconocido
League 1,,,,False,2025-09-30,43.0,,Cardiff,Burton,0.0,1.0,,,8.0,3.0,2.0,4.0,0.0,0.0,20.0,9.0,Desconocido
Championship,407.0,,,False,2025-09-30,69.0,1335.0,Derby,Charlton,1.0,1.0,,,5.0,2.0,2.0,0.0,0.0,0.0,18.0,11.0,Desconocido
Serie B,72.0,,,False,2025-09-30,512.0,509.0,Frosinone,Cesena,3.0,1.0,,,7.0,3.0,1.0,1.0,1.0,0.0,17.0,11.0,Desconocido
Championship,407.0,,,False,2025-09-30,,59.0,Hull,Preston,2.0,2.0,,,5.0,3.0,0.0,1.0,0.0,0.0,10.0,13.0,Desconocido
Serie B,72.0,,,False,2025-09-30,863.0,1693.0,Juve Stabia,Mantova,2.0,1.0,,,4.0,4.0,2.0,3.0,0.0,0.0,10.0,15.0,Desconocido
Championship,407.0,,,False,2025-09-30,46.0,1837.0,Leicester,Wrexham,1.0,1.0,,,7.0,1.0,3.0,1.0,0.0,0.0,16.0,9.0,Desconocido
Championship,407.0,,,False,2025-09-30,70.0,,Middlesbrough,Stoke,0.0,0.0,,,5.0,8.0,2.0,0.0,0.0,0.0,12.0,18.0,Desconocido
National League,43.0,,,False,2025-09-30,1375.0,1823.0,Morecambe,Gateshead,2.0,5.0,,,,,1.0,1.0,0.0,0.0,,,Desconocido
Serie B,72.0,,,False,2025-09-30,870.0,528.0,Padova,Avellino,2.0,2.0,,,4.0,1.0,2.0,1.0,0.0,0.0,11.0,12.0,Desconocido
Serie B,72.0,,,False,2025-09-30,522.0,517.0,Palermo,Venezia,0.0,0.0,,,4.0,3.0,5.0,2.0,1.0,0.0,3.0,11.0,Desconocido
Championship Escocia,,,,False,2025-09-30,,901.0,Queens Park,Partick,0.0,1.0,,,5.0,5.0,4.0,3.0,0.0,0.0,6.0,7.0,Desconocido
Serie B,72.0,,,False,2025-09-30,880.0,515.0,Reggiana,Spezia,1.0,1.0,,,2.0,5.0,5.0,1.0,0.0,1.0,14.0,3.0,Desconocido
Championship,407.0,,,False,2025-09-30,,41.0,Sheffield United,Southampton,1.0,2.0,,,4.0,5.0,3.0,4.0,0.0,0.0,8.0,12.0,Desconocido
National League,43.0,,,False,2025-09-30,,1836.0,Solihull,Woking,0.0,3.0,,,,,2.0,2.0,0.0,0.0,,,Desconocido
National League,43.0,,,False,2025-09-30,,,Sutton,Yeovil,1.0,2.0,,,,,2.0,2.0,0.0,0.0,,,Desconocido
National League,43.0,,,False,2025-09-30,,1822.0,Truro,Eastleigh,0.0,2.0,,,,,2.0,3.0,0.0,0.0,,,Desconocido
La Liga,140.0,,,False,2025-09-30,532.0,718.0,Valencia,Oviedo,1.0,2.0,,,5.0,4.0,1.0,4.0,0.0,1.0,16.0,10.0,Desconocido
Serie B,72.0,,,False,2025-09-30,527.0,508.0,Virtus Entella,Bari,2.0,2.0,,,4.0,2.0,6.0,1.0,0.0,0.0,18.0,9.0,Desconocido
Primeira Liga,94.0,,,False,2025-09-29,240.0,,Arouca,Porto,0.0,4.0,,,5.0,8.0,5.0,3.0,0.0,1.0,13.0,16.0,Desconocido
Super League Greece,197,Greece,,False,2025-09-29,12260,953,Atromitos,Larisa,1.0,1.0,,,2.0,3.0,1.0,6.0,0.0,1.0,14.0,6.0,"Michail Matsoukas, Greece"
Turkey Super Lig,,,,False,2025-09-29,,7411.0,Besiktas,Kocaelispor,3.0,1.0,,,3.0,6.0,1.0,4.0,0.0,0.0,13.0,6.0,Desconocido
Ligue 2,62.0,,,False,2025-09-29,1299.0,,Boulogne,Red Star,1.0,2.0,,,7.0,3.0,1.0,0.0,0.0,0.0,16.0,8.0,Desconocido
Premier League,569.0,,,False,2025-09-29,45.0,48.0,Everton,West Ham,1.0,1.0,,,3.0,5.0,3.0,4.0,0.0,0.0,12.0,14.0,Desconocido
Serie A,71.0,,,False,2025-09-29,495.0,487.0,Genoa,Lazio,0.0,3.0,,,6.0,0.0,5.0,1.0,0.0,0.0,17.0,10.0,Desconocido
La Liga 2,,,,False,2025-09-29,537.0,,Leganes,Castellon,0.0,1.0,,,6.0,2.0,4.0,2.0,0.0,0.0,7.0,10.0,Desconocido
Serie A,71.0,,,False,2025-09-29,523.0,503.0,Parma,Torino,2.0,1.0,,,4.0,3.0,3.0,3.0,0.0,0.0,13.0,15.0,Desconocido
Super League Greece,,,,False,2025-09-28,,2110.0,AEK,Volos NFC,1.0,0.0,,,2.0,1.0,3.0,2.0,0.0,0.0,14.0,3.0,Desconocido
Primeira Liga,94.0,,,False,2025-09-28,4724.0,224.0,Alverca,Guimaraes,2.0,0.0,,,1.0,5.0,3.0,0.0,1.0,0.0,11.0,19.0,Desconocido
Ligue 1,61.0,,,False,2025-09-28,77.0,,Angers,Brest,0.0,2.0,,,11.0,4.0,1.0,1.0,0.0,0.0,11.0,7.0,Desconocido
Super League Greece,197,Greece,,False,2025-09-28,955,619,Asteras Tripolis,PAOK,3.0,3.0,,,4.0,4.0,7.0,4.0,1.0,0.0,9.0,14.0,"Stavros Tsimenteridis, Greece"
Premier League,569.0,,,False,2025-09-28,66.0,36.0,Aston Villa,Fulham,3.0,1.0,,,2.0,8.0,1.0,4.0,0.0,0.0,9.0,11.0,Desconocido
La Liga,140.0,,,False,2025-09-28,529.0,,Barcelona,Sociedad,2.0,1.0,,,12.0,1.0,1.0,2.0,0.0,0.0,22.0,7.0,Desconocido
La Liga,140.0,,,False,2025-09-28,,727.0,Betis,Osasuna,2.0,0.0,,,5.0,5.0,0.0,1.0,0.0,0.0,12.0,12.0,Desconocido
La Liga 2,141,Spain,,False,2025-09-28,9580,535,Burgos,Malaga,2.0,1.0,,,0.0,3.0,5.0,4.0,0.0,1.0,7.0,6.0,"Daniel Palencia Caballero, Spain"
La Liga 2,,,,False,2025-09-28,724.0,,Cadiz,Ceuta,0.0,0.0,,,1.0,1.0,2.0,2.0,0.0,0.0,9.0,11.0,Desconocido
Jupiler Pro League,144.0,,,False,2025-09-28,741.0,631.0,Cercle Brugge,Gent,2.0,4.0,,,10.0,2.0,2.0,3.0,0.0,0.0,23.0,11.0,Desconocido
Jupiler Pro League,144.0,,,False,2025-09-28,736.0,,Charleroi,Mechelen,0.0,2.0,,,5.0,3.0,0.0,4.0,0.0,0.0,13.0,5.0,Desconocido
Jupiler Pro League,144.0,,,False,2025-09-28,6215.0,,Dender,RAAL La Louviere,0.0,0.0,,,4.0,2.0,1.0,3.0,0.0,0.0,10.0,10.0,Desconocido
La Liga,140.0,,,False,2025-09-28,797.0,,Elche,Celta,2.0,1.0,,,7.0,2.0,3.0,3.0,0.0,0.0,17.0,8.0,Desconocido
Serie B,72.0,,,False,2025-09-28,511.0,1581.0,Empoli,Carrarese,2.0,2.0,,,2.0,3.0,2.0,3.0,0.0,0.0,13.0,9.0,Desconocido
Bundesliga,218.0,,,False,2025-09-28,,,FC Koln,Stuttgart,1.0,2.0,,,8.0,8.0,2.0,2.0,0.0,0.0,14.0,15.0,Desconocido
Primeira Liga,94.0,,,False,2025-09-28,242.0,226.0,Famalicao,Rio Ave,0.0,0.0,,,11.0,6.0,4.0,5.0,0.0,0.0,28.0,6.0,Desconocido
Turkey Super Lig,,,,False,2025-09-28,,1005.0,Fenerbahce,Antalyaspor,2.0,0.0,,,5.0,3.0,4.0,6.0,0.0,0.0,19.0,4.0,Desconocido
Bundesliga,218.0,,,False,2025-09-28,,,Freiburg,Hoffenheim,1.0,1.0,,,6.0,8.0,3.0,1.0,0.0,0.0,6.0,15.0,Desconocido
Eredivisie,88.0,,,False,2025-09-28,202.0,209.0,Groningen,Feyenoord,0.0,1.0,,,3.0,4.0,2.0,2.0,1.0,0.0,12.0,11.0,Desconocido
Bundesliga 2,,,,False,2025-09-28,,,Hannover,Bielefeld,3.0,1.0,,,4.0,2.0,2.0,1.0,0.0,0.0,13.0,11.0,Desconocido
La Liga 2,,,,False,2025-09-28,726.0,22018.0,Huesca,Granada,0.0,1.0,,,13.0,2.0,1.0,1.0,0.0,0.0,15.0,9.0,Desconocido
Turkey Super Lig,,,,False,2025-09-28,1001.0,,Kayserispor,Genclerbirligi,1.0,1.0,,,10.0,0.0,4.0,3.0,0.0,2.0,23.0,2.0,Desconocido
Turkey Super Lig,,,,False,2025-09-28,607.0,,Konyaspor,Buyuksehyr,2.0,1.0,,,2.0,11.0,4.0,0.0,1.0,0.0,13.0,17.0,Desconocido
Serie A,71.0,,,False,2025-09-28,867.0,500.0,Lecce,Bologna,2.0,2.0,,,3.0,9.0,4.0,2.0,0.0,0.0,12.0,14.0,Desconocido
Ligue 1,61.0,,,False,2025-09-28,79.0,80.0,Lille,Lyon,0.0,1.0,,,3.0,4.0,4.0,4.0,1.0,0.0,14.0,5.0,Desconocido
Premiership Escocia,179,Scotland,,False,2025-09-28,255,257,Livingston,Rangers,1.0,2.0,,,4.0,8.0,4.0,1.0,0.0,0.0,9.0,15.0,"John Beaton, Scotland"
Ligue 1,61.0,,,False,2025-09-28,112.0,111.0,Metz,Le Havre,0.0,0.0,,,4.0,6.0,2.0,2.0,0.0,0.0,7.0,11.0,Desconocido
Serie A,71.0,,,False,2025-09-28,,492.0,Milan,Napoli,2.0,1.0,,,1.0,7.0,1.0,0.0,1.0,0.0,6.0,19.0,Desconocido
Serie B,72.0,,,False,2025-09-28,899.0,525.0,Modena,Pescara,2.0,1.0,,,4.0,0.0,3.0,3.0,0.0,0.0,15.0,6.0,Desconocido
Premier League,569.0,,,False,2025-09-28,34.0,9419.0,Newcastle,Arsenal,1.0,2.0,,,7.0,12.0,2.0,1.0,0.0,0.0,8.0,20.0,Desconocido
Ligue 1,61.0,,,False,2025-09-28,84.0,114.0,Nice,Paris FC,1.0,1.0,,,5.0,5.0,1.0,1.0,0.0,0.0,11.0,13.0,Desconocido
Eredivisie,88.0,,,False,2025-09-28,,201.0,Nijmegen,AZ Alkmaar,2.0,1.0,,,5.0,4.0,1.0,6.0,0.0,1.0,14.0,7.0,Desconocido
Bundesliga 2,,,,False,2025-09-28,,,Nurnberg,Hertha,0.0,3.0,,,6.0,1.0,2.0,3.0,0.0,0.0,12.0,14.0,Desconocido
Super League Greece,,,,False,2025-09-28,,5050.0,OFI Crete,Kifisia,1.0,3.0,,,3.0,6.0,2.0,6.0,1.0,0.0,6.0,22.0,Desconocido
Super League Greece,197,Greece,,False,2025-09-28,949,617,Panetolikos,Panathinaikos,1.0,2.0,,,2.0,5.0,2.0,3.0,0.0,0.0,8.0,12.0,"Alexandros Tsakalidis, Greece"
Serie A,71.0,,,False,2025-09-28,801.0,502.0,Pisa,Fiorentina,0.0,0.0,,,4.0,6.0,0.0,1.0,0.0,0.0,11.0,14.0,Desconocido
Bundesliga 2,,,,False,2025-09-28,1313.0,,Preußen Münster,Braunschweig,3.0,1.0,,,3.0,9.0,3.0,4.0,0.0,0.0,11.0,12.0,Desconocido
Ligue 1,61.0,,,False,2025-09-28,94.0,116.0,Rennes,Lens,0.0,0.0,,,8.0,4.0,3.0,2.0,0.0,1.0,14.0,13.0,Desconocido
Turkey Super Lig,,,,False,2025-09-28,1007.0,,Rizespor,Kasimpasa,1.0,2.0,,,1.0,4.0,1.0,2.0,0.0,0.0,13.0,8.0,Desconocido
Serie A,71.0,,,False,2025-09-28,,,Roma,Verona,2.0,0.0,,,8.0,1.0,0.0,4.0,0.0,0.0,10.0,12.0,Desconocido
Serie A,71.0,,,False,2025-09-28,488.0,494.0,Sassuolo,Udinese,3.0,1.0,,,1.0,5.0,0.0,3.0,0.0,0.0,11.0,12.0,Desconocido
La Liga 2,,,,False,2025-09-28,,713.0,Sociedad B,Cordoba,1.0,1.0,,,8.0,5.0,4.0,5.0,0.0,0.0,10.0,13.0,Desconocido
Primeira Liga,94.0,,,False,2025-09-28,,225.0,Sp Braga,Nacional,0.0,1.0,,,6.0,3.0,0.0,2.0,0.0,0.0,9.0,13.0,Desconocido
La Liga 2,,,,False,2025-09-28,,722.0,Sp Gijon,Albacete,3.0,4.0,,,2.0,8.0,1.0,2.0,0.0,0.0,11.0,11.0,Desconocido
Jupiler Pro League,144.0,,,False,2025-09-28,,742.0,St Truiden,Genk,1.0,2.0,,,3.0,6.0,4.0,2.0,1.0,0.0,15.0,15.0,Desconocido
Eredivisie,88.0,,,False,2025-09-28,427.0,,Telstar,Go Ahead Eagles,4.0,2.0,,,8.0,3.0,2.0,0.0,0.0,0.0,20.0,13.0,Desconocido
Bundesliga,218.0,,,False,2025-09-28,182.0,,Union Berlin,Hamburg,0.0,0.0,,,5.0,3.0,2.0,2.0,0.0,1.0,11.0,16.0,Desconocido
Eredivisie,88.0,,,False,2025-09-28,207.0,210.0,Utrecht,Heerenveen,2.0,2.0,,,5.0,3.0,2.0,2.0,0.0,0.0,14.0,10.0,Desconocido
La Liga 2,141,Spain,,False,2025-09-28,720,725,Valladolid,Cultural Leonesa,0.0,1.0,,,2.0,2.0,3.0,3.0,0.0,0.0,18.0,9.0,"Alvaro Moreno Aragon, Spain"
La Liga,140.0,,,False,2025-09-28,,536.0,Vallecano,Sevilla,0.0,1.0,,,12.0,4.0,3.0,2.0,1.0,0.0,18.0,4.0,Desconocido
League 1,41,England,,False,2025-09-27,1333,1358,AFC Wimbledon,Wycombe,2.0,1.0,,,0.0,7.0,0.0,0.0,0.0,0.0,6.0,12.0,"Scott Jackson, England"
League 2,,,,False,2025-09-27,,1342.0,Accrington,Walsall,1.0,3.0,,,8.0,3.0,0.0,1.0,0.0,0.0,19.0,8.0,Desconocido
Eredivisie,88.0,,,False,2025-09-27,194.0,203.0,Ajax,NAC Breda,2.0,1.0,,,2.0,7.0,2.0,4.0,0.0,1.0,12.0,17.0,Desconocido
League 2 Escocia,184,Scotland,,False,2025-09-27,6757,6765,Annan Athletic,East Kilbride,3.0,1.0,,,2.0,10.0,4.0,3.0,0.0,1.0,9.0,6.0,Desconocido
Super League Greece,,,,False,2025-09-27,3408.0,2099.0,Aris,Panserraikos,1.0,1.0,,,10.0,1.0,2.0,4.0,0.0,0.0,25.0,8.0,Desconocido
La Liga,140.0,,,False,2025-09-27,,541.0,Ath Madrid,Real Madrid,5.0,2.0,,,7.0,2.0,5.0,4.0,0.0,0.0,13.0,6.0,Desconocido
Serie B,72.0,,,False,2025-09-27,528.0,527.0,Avellino,Virtus Entella,2.0,0.0,,,3.0,8.0,1.0,2.0,0.0,0.0,12.0,10.0,Desconocido
Championship Escocia,,,,False,2025-09-27,,,Ayr,Airdrie Utd,4.0,2.0,,,4.0,4.0,1.0,1.0,0.0,0.0,13.0,4.0,Desconocido
Serie B,72.0,,,False,2025-09-27,508.0,498.0,Bari,Sampdoria,1.0,1.0,,,3.0,2.0,3.0,4.0,0.0,0.0,13.0,14.0,Desconocido
League 1,41,England,,False,2025-09-27,747,1351,Barnsley,Port Vale,0.0,2.0,,,4.0,3.0,1.0,2.0,0.0,0.0,13.0,13.0,"James Linington, England"
Bundesliga 2,,,,False,2025-09-27,,,Bochum,Fortuna Dusseldorf,0.0,1.0,,,4.0,3.0,5.0,3.0,0.0,0.0,23.0,7.0,Desconocido
National League,43.0,,,False,2025-09-27,1830.0,1836.0,Boreham Wood,Woking,1.0,0.0,,,,,0.0,1.0,0.0,0.0,,,Desconocido
League 1,41,England,,False,2025-09-27,1343,1356,Bradford,Blackpool,1.0,0.0,,,3.0,5.0,3.0,0.0,0.0,0.0,15.0,10.0,"Ben Atkinson, England"
National League,43.0,,,False,2025-09-27,,1823.0,Braintree Town,Gateshead,1.0,2.0,,,,,0.0,2.0,0.0,0.0,,,Desconocido
Premier League,569.0,,,False,2025-09-27,55.0,,Brentford,Man United,3.0,1.0,,,4.0,2.0,2.0,2.0,0.0,0.0,10.0,14.0,Desconocido
League 2,,,,False,2025-09-27,,,Bristol Rvs,Salford,2.0,1.0,,,2.0,5.0,1.0,4.0,0.0,1.0,7.0,18.0,Desconocido
League 1,,,,False,2025-09-27,,1357.0,Burton,Plymouth,0.0,4.0,,,6.0,5.0,0.0,1.0,0.0,0.0,12.0,15.0,Desconocido
Serie A,71.0,,,False,2025-09-27,490.0,505.0,Cagliari,Inter,0.0,2.0,,,4.0,4.0,0.0,2.0,0.0,0.0,6.0,20.0,Desconocido
National League,43.0,,,False,2025-09-27,1371.0,1339.0,Carlisle,Rochdale,0.0,2.0,,,,,2.0,2.0,0.0,0.0,,,Desconocido
Premiership Escocia,179,Scotland,,False,2025-09-27,247,249,Celtic,Hibernian,0.0,0.0,,,7.0,2.0,2.0,1.0,0.0,0.0,26.0,4.0,"Don Robertson, Scotland"
Serie B,72.0,,,False,2025-09-27,509.0,522.0,Cesena,Palermo,1.0,1.0,,,2.0,1.0,2.0,1.0,0.0,0.0,13.0,10.0,Desconocido
Championship,407.0,,,False,2025-09-27,1335.0,67.0,Charlton,Blackburn,3.0,0.0,,,3.0,3.0,4.0,2.0,0.0,0.0,16.0,9.0,Desconocido
Premier League,569.0,,,False,2025-09-27,49.0,51.0,Chelsea,Brighton,1.0,3.0,,,5.0,7.0,3.0,5.0,1.0,0.0,13.0,12.0,Desconocido
League 2,42,England,,False,2025-09-27,1345,1367,Chesterfield,Newport County,4.0,1.0,,,4.0,3.0,3.0,2.0,0.0,0.0,12.0,10.0,"Stephen Parkinson, England"
Serie A,71.0,,,False,2025-09-27,895.0,520.0,Como,Cremonese,1.0,1.0,,,4.0,3.0,3.0,4.0,1.0,0.0,14.0,9.0,Desconocido
League 1 Escocia,183,Scotland,,False,2025-09-27,6763,6773,Cove Rangers,Kelty Hearts,0.0,2.0,,,8.0,1.0,3.0,4.0,0.0,0.0,18.0,4.0,Desconocido
Championship,407.0,,,False,2025-09-27,1346.0,54.0,Coventry,Birmingham,3.0,0.0,,,3.0,4.0,1.0,2.0,0.0,1.0,14.0,5.0,Desconocido
League 2,42,England,,False,2025-09-27,1362,1819,Crawley Town,Barrow,1.0,2.0,,,12.0,7.0,3.0,3.0,0.0,0.0,20.0,18.0,"Matthew Corlett, England"
League 2,42,England,,False,2025-09-27,1363,1376,Crewe,Notts County,2.0,1.0,,,8.0,5.0,3.0,4.0,0.0,0.0,9.0,17.0,"Paul Tierney, England"
Premier League,569.0,,,False,2025-09-27,52.0,40.0,Crystal Palace,Liverpool,2.0,1.0,,,2.0,6.0,1.0,3.0,0.0,0.0,16.0,20.0,Desconocido
League 2 Escocia,184,Scotland,,False,2025-09-27,1382,6785,Dumbarton,Stranraer,1.0,2.0,,,9.0,3.0,1.0,3.0,0.0,0.0,10.0,10.0,Desconocido
Premiership Escocia,,,,False,2025-09-27,,250.0,Dundee United,Kilmarnock,0.0,2.0,,,9.0,6.0,4.0,2.0,0.0,0.0,18.0,17.0,Desconocido
Championship Escocia,180,Scotland,,False,2025-09-27,1388,901,Dunfermline,Partick,0.0,2.0,,,5.0,6.0,2.0,2.0,1.0,0.0,4.0,11.0,Desconocido
Ligue 2,62.0,,,False,2025-09-27,1304.0,87.0,Dunkerque,Amiens,6.0,2.0,,,5.0,2.0,3.0,1.0,0.0,0.0,18.0,6.0,Desconocido
League 2 Escocia,,,,False,2025-09-27,6766.0,,Edinburgh City,Forfar,1.0,1.0,,,6.0,1.0,3.0,4.0,0.0,1.0,19.0,3.0,Desconocido
La Liga 2,,,,False,2025-09-27,545.0,,Eibar,La Coruna,1.0,1.0,,,6.0,2.0,4.0,5.0,0.0,0.0,23.0,9.0,Desconocido
League 2 Escocia,,,,False,2025-09-27,,6781.0,Elgin,Spartans,2.0,3.0,,,3.0,4.0,1.0,4.0,0.0,0.0,6.0,9.0,Desconocido
Bundesliga 2,,,,False,2025-09-27,,191.0,Elversberg,Holstein Kiel,1.0,0.0,,,9.0,4.0,4.0,2.0,0.0,0.0,19.0,12.0,Desconocido
Primeira Liga,94.0,,,False,2025-09-27,230.0,,Estoril,Sp Lisbon,0.0,1.0,,,3.0,9.0,4.0,2.0,0.0,0.0,7.0,9.0,Desconocido
Primeira Liga,94.0,,,False,2025-09-27,15130.0,21595.0,Estrela,AVS,3.0,0.0,,,6.0,6.0,3.0,2.0,1.0,1.0,11.0,11.0,Desconocido
Eredivisie,88.0,,,False,2025-09-27,196.0,197.0,Excelsior,PSV Eindhoven,1.0,2.0,,,3.0,2.0,0.0,0.0,0.0,0.0,18.0,18.0,Desconocido
League 1,,,,False,2025-09-27,,37.0,Exeter,Huddersfield,0.0,1.0,,,5.0,8.0,3.0,1.0,0.0,0.0,12.0,22.0,Desconocido
Turkey Super Lig,,,,False,2025-09-27,,,Eyupspor,Goztep,0.0,0.0,,,6.0,3.0,2.0,1.0,0.0,0.0,6.0,17.0,Desconocido
League 2,42,England,,False,2025-09-27,1336,1361,Fleetwood Town,Colchester,4.0,2.0,,,4.0,1.0,0.0,0.0,0.0,0.0,18.0,12.0,"Edward Duckworth, England"
National League,43.0,,,False,2025-09-27,1378.0,1828.0,Forest Green,York,1.0,1.0,,,,,1.0,1.0,0.0,0.0,,,Desconocido
Turkey Super Lig,,,,False,2025-09-27,,3603.0,Gaziantep,Samsunspor,2.0,2.0,,,13.0,7.0,3.0,6.0,0.0,1.0,30.0,9.0,Desconocido
La Liga,140.0,,,False,2025-09-27,546.0,539.0,Getafe,Levante,1.0,1.0,,,6.0,2.0,4.0,3.0,0.0,0.0,11.0,11.0,Desconocido
League 2,,,,False,2025-09-27,1347.0,,Gillingham,Harrogate,0.0,1.0,,,12.0,1.0,1.0,1.0,0.0,0.0,18.0,7.0,Desconocido
League 2,42,England,,False,2025-09-27,1365,1372,Grimsby,Cheltenham,7.0,1.0,,,8.0,1.0,0.0,2.0,0.0,2.0,27.0,3.0,"Carl Brook, England"
National League,43.0,,,False,2025-09-27,,,Halifax,Aldershot,4.0,2.0,,,,,3.0,3.0,0.0,0.0,,,Desconocido
League 1 Escocia,,,,False,2025-09-27,,6784.0,Hamilton,Stenhousemuir,2.0,0.0,,,2.0,4.0,1.0,3.0,0.0,0.0,8.0,8.0,Desconocido
National League,43.0,,,False,2025-09-27,1366.0,7752.0,Hartlepool,Tamworth,1.0,1.0,,,,,3.0,2.0,0.0,0.0,,,Desconocido
Premiership Escocia,,,,False,2025-09-27,,1389.0,Hearts,Falkirk,3.0,0.0,,,9.0,5.0,0.0,1.0,0.0,0.0,20.0,10.0,Desconocido
Bundesliga,218.0,,,False,2025-09-27,,,Heidenheim,Augsburg,2.0,1.0,,,3.0,2.0,1.0,6.0,0.0,0.0,11.0,8.0,Desconocido
Eredivisie,88.0,,,False,2025-09-27,206.0,426.0,Heracles,Sparta Rotterdam,3.0,0.0,,,5.0,4.0,2.0,4.0,0.0,0.0,12.0,18.0,Desconocido
League 1 Escocia,,,,False,2025-09-27,,6764.0,Inverness C,East Fife,4.0,1.0,,,4.0,3.0,0.0,0.0,0.0,0.0,20.0,6.0,Desconocido
Championship,407.0,,,False,2025-09-27,57.0,1355.0,Ipswich,Portsmouth,2.0,1.0,,,5.0,4.0,1.0,2.0,0.0,0.0,14.0,8.0,Desconocido
Serie A,71.0,,,False,2025-09-27,10019.0,499.0,Juventus,Atalanta,1.0,1.0,,,14.0,5.0,0.0,3.0,0.0,1.0,24.0,12.0,Desconocido
Turkey Super Lig,,,,False,2025-09-27,,998.0,Karagumruk,Trabzonspor,3.0,4.0,,,1.0,7.0,4.0,1.0,0.0,0.0,13.0,22.0,Desconocido
Bundesliga 2,,,,False,2025-09-27,,,Karlsruhe,Magdeburg,1.0,0.0,,,8.0,5.0,1.0,6.0,0.0,0.0,16.0,21.0,Desconocido
La Liga 2,141,Spain,,False,2025-09-27,534,723,Las Palmas,Almeria,0.0,1.0,,,5.0,1.0,2.0,4.0,1.0,1.0,9.0,13.0,"Carlos Muniz Munoz, Spain"
Ligue 2,62.0,,,False,2025-09-27,433.0,82.0,Laval,Montpellier,0.0,1.0,,,11.0,5.0,0.0,5.0,0.0,0.0,18.0,11.0,Desconocido
Premier League,569.0,,,False,2025-09-27,63.0,35.0,Leeds,Bournemouth,2.0,2.0,,,7.0,4.0,2.0,2.0,0.0,0.0,19.0,12.0,Desconocido
League 1,41,England,,False,2025-09-27,1373,1368,Leyton Orient,Stevenage,2.0,3.0,,,6.0,7.0,0.0,1.0,0.0,0.0,5.0,11.0,"Andrew Humphries, England"
Ligue 1,61.0,,,False,2025-09-27,97.0,91.0,Lorient,Monaco,3.0,1.0,,,2.0,4.0,2.0,3.0,0.0,1.0,19.0,5.0,Desconocido
League 1,41,England,,False,2025-09-27,1359,1354,Luton,Doncaster,1.0,0.0,,,6.0,3.0,2.0,1.0,0.0,0.0,8.0,9.0,"Tim Robinson, England"
Bundesliga,218.0,,,False,2025-09-27,,,M'gladbach,Ein Frankfurt,4.0,6.0,,,4.0,6.0,1.0,2.0,0.0,0.0,11.0,21.0,Desconocido
Bundesliga,218.0,,,False,2025-09-27,,,Mainz,Dortmund,0.0,2.0,,,7.0,5.0,2.0,1.0,1.0,0.0,8.0,10.0,Desconocido
La Liga,140.0,,,False,2025-09-27,798.0,542.0,Mallorca,Alaves,1.0,0.0,,,4.0,8.0,2.0,3.0,0.0,0.0,12.0,12.0,Desconocido
Premier League,569.0,,,False,2025-09-27,,44.0,Man City,Burnley,5.0,1.0,,,10.0,2.0,1.0,3.0,0.0,0.0,21.0,9.0,Desconocido
League 1,,,,False,2025-09-27,,73.0,Mansfield,Rotherham,2.0,1.0,,,4.0,2.0,3.0,4.0,0.0,0.0,15.0,8.0,Desconocido
Serie B,72.0,,,False,2025-09-27,1693.0,512.0,Mantova,Frosinone,1.0,5.0,,,6.0,4.0,2.0,4.0,0.0,0.0,28.0,22.0,Desconocido
League 1 Escocia,,,,False,2025-09-27,4251.0,,Montrose,Queen of Sth,2.0,1.0,,,4.0,4.0,4.0,2.0,0.0,0.0,12.0,8.0,Desconocido
Serie B,72.0,,,False,2025-09-27,1579.0,870.0,Monza,Padova,0.0,1.0,,,7.0,3.0,1.0,2.0,0.0,0.0,13.0,13.0,Desconocido
Primeira Liga,94.0,,,False,2025-09-27,215.0,4716.0,Moreirense,Casa Pia,2.0,1.0,,,6.0,8.0,5.0,4.0,0.0,0.0,12.0,20.0,Desconocido
Championship Escocia,180,Scotland,,False,2025-09-27,1383,902,Morton,Ross County,1.0,1.0,,,8.0,5.0,3.0,4.0,0.0,0.0,16.0,9.0,Desconocido
Premiership Escocia,179,Scotland,,False,2025-09-27,256,252,Motherwell,Aberdeen,2.0,0.0,,,3.0,4.0,0.0,3.0,0.0,0.0,10.0,10.0,"Ryan Lee, Scotland"
League 1,41,England,,False,2025-09-27,1337,68,Northampton,Bolton,2.0,0.0,,,4.0,10.0,2.0,1.0,0.0,0.0,10.0,19.0,"Scott Oldham, England"
Premier League,569.0,,,False,2025-09-27,,746.0,Nott'm Forest,Sunderland,0.0,1.0,,,7.0,4.0,4.0,2.0,0.0,0.0,22.0,11.0,Desconocido
League 2,42,England,,False,2025-09-27,1349,1369,Oldham,Barnet,1.0,1.0,,,4.0,6.0,2.0,3.0,0.0,0.0,13.0,13.0,"Sebastian Stockbridge, England"
Super League Greece,,,,False,2025-09-27,3415.0,,Olympiakos,Levadeiakos,3.0,2.0,,,10.0,3.0,2.0,5.0,0.0,0.0,19.0,6.0,Desconocido
Championship,407.0,,,False,2025-09-27,,,Oxford,Sheffield United,0.0,1.0,,,3.0,5.0,1.0,1.0,0.0,0.0,14.0,6.0,Desconocido
Bundesliga 2,,,,False,2025-09-27,,,Paderborn,Kaiserslautern,2.0,0.0,,,8.0,2.0,2.0,0.0,0.0,1.0,25.0,9.0,Desconocido
Ligue 1,61.0,,,False,2025-09-27,,108.0,Paris SG,Auxerre,2.0,0.0,,,5.0,5.0,1.0,2.0,0.0,0.0,15.0,12.0,Desconocido
League 1,,,,False,2025-09-27,,1379.0,Peterboro,Lincoln,0.0,3.0,,,1.0,0.0,0.0,2.0,0.0,0.0,9.0,7.0,Desconocido
League 1 Escocia,,,,False,2025-09-27,6777.0,,Peterhead,Alloa,2.0,1.0,,,3.0,7.0,3.0,2.0,0.0,0.0,10.0,8.0,Desconocido
Championship,407.0,,,False,2025-09-27,59.0,56.0,Preston,Bristol City,0.0,0.0,,,2.0,9.0,4.0,1.0,0.0,0.0,7.0,19.0,Desconocido
Championship Escocia,,,,False,2025-09-27,,,Queens Park,St Johnstone,1.0,2.0,,,1.0,4.0,2.0,3.0,0.0,0.0,6.0,6.0,Desconocido
Championship Escocia,,,,False,2025-09-27,,4249.0,Raith Rvs,Arbroath,3.0,0.0,,,7.0,5.0,3.0,0.0,0.0,0.0,10.0,4.0,Desconocido
Primeira Liga,94.0,,,False,2025-09-27,227.0,218.0,Santa Clara,Tondela,1.0,2.0,,,3.0,4.0,2.0,7.0,0.0,0.0,11.0,12.0,Desconocido
La Liga 2,,,,False,2025-09-27,,1110.0,Santander,Andorra,1.0,2.0,,,15.0,3.0,3.0,3.0,0.0,0.0,18.0,14.0,Desconocido
Championship,407.0,,,False,2025-09-27,,72.0,Sheffield Weds,QPR,1.0,1.0,,,5.0,4.0,2.0,2.0,0.0,0.0,14.0,14.0,Desconocido
League 2,42,England,,False,2025-09-27,1352,1348,Shrewsbury,Milton Keynes Dons,1.0,2.0,,,7.0,1.0,2.0,0.0,0.0,0.0,11.0,7.0,"Martin Coy, England"
National League,43.0,,,False,2025-09-27,,4701.0,Solihull,Brackley Town,1.0,0.0,,,,,2.0,1.0,0.0,0.0,,,Desconocido
Championship,407.0,,,False,2025-09-27,41.0,70.0,Southampton,Middlesbrough,1.0,1.0,,,6.0,3.0,2.0,6.0,0.0,0.0,14.0,7.0,Desconocido
National League,43.0,,,False,2025-09-27,1341.0,1340.0,Southend,Scunthorpe,0.0,2.0,,,,,2.0,2.0,0.0,0.0,,,Desconocido
Ligue 2,62.0,,,False,2025-09-27,,90.0,St Etienne,Guingamp,2.0,3.0,,,5.0,4.0,3.0,2.0,1.0,0.0,13.0,12.0,Desconocido
Premiership Escocia,,,,False,2025-09-27,,253.0,St Mirren,Dundee,1.0,0.0,,,5.0,5.0,3.0,2.0,0.0,0.0,10.0,11.0,Desconocido
Bundesliga,218.0,,,False,2025-09-27,,,St Pauli,Leverkusen,1.0,2.0,,,13.0,1.0,3.0,5.0,0.0,0.0,13.0,5.0,Desconocido
Jupiler Pro League,144.0,,,False,2025-09-27,,,St. Gilloise,Westerlo,2.0,0.0,,,9.0,2.0,3.0,2.0,0.0,0.0,19.0,7.0,Desconocido
Jupiler Pro League,144.0,,,False,2025-09-27,,,Standard,Club Brugge,1.0,2.0,,,7.0,8.0,4.0,2.0,1.0,0.0,18.0,15.0,Desconocido
League 2 Escocia,,,,False,2025-09-27,,6762.0,Stirling,Clyde,2.0,4.0,,,2.0,3.0,1.0,1.0,0.0,0.0,12.0,16.0,Desconocido
League 1,,,,False,2025-09-27,,53.0,Stockport,Reading,1.0,1.0,,,5.0,3.0,1.0,1.0,0.0,0.0,16.0,8.0,Desconocido
Championship,407.0,,,False,2025-09-27,,71.0,Stoke,Norwich,1.0,1.0,,,12.0,2.0,0.0,3.0,0.0,0.0,23.0,6.0,Desconocido
Serie B,72.0,,,False,2025-09-27,1578.0,880.0,Sudtirol,Reggiana,3.0,1.0,,,10.0,4.0,1.0,0.0,0.0,0.0,29.0,12.0,Desconocido
National League,43.0,,,False,2025-09-27,,,Sutton,Boston Utd,1.0,1.0,,,,,5.0,4.0,0.0,0.0,,,Desconocido
Championship,407.0,,,False,2025-09-27,76.0,58.0,Swansea,Millwall,1.0,1.0,,,6.0,4.0,1.0,2.0,0.0,0.0,13.0,11.0,Desconocido
League 2,,,,False,2025-09-27,,1832.0,Swindon,Bromley,2.0,0.0,,,6.0,4.0,2.0,1.0,0.0,0.0,11.0,15.0,Desconocido
Premier League,569.0,,,False,2025-09-27,47.0,39.0,Tottenham,Wolves,1.0,1.0,,,10.0,9.0,3.0,2.0,0.0,0.0,10.0,9.0,Desconocido
Ligue 1,61.0,,,False,2025-09-27,96.0,83.0,Toulouse,Nantes,2.0,2.0,,,1.0,4.0,2.0,3.0,0.0,0.0,20.0,12.0,Desconocido
League 2,,,,False,2025-09-27,1381.0,,Tranmere,Cambridge,0.0,0.0,,,1.0,7.0,1.0,2.0,0.0,0.0,4.0,12.0,Desconocido
National League,43.0,,,False,2025-09-27,,1375.0,Truro,Morecambe,5.0,0.0,,,,,1.0,1.0,0.0,1.0,,,Desconocido
Serie B,72.0,,,False,2025-09-27,517.0,515.0,Venezia,Spezia,2.0,0.0,,,7.0,2.0,1.0,2.0,0.0,1.0,11.0,5.0,Desconocido
La Liga,140.0,,,False,2025-09-27,533.0,,Villarreal,Ath Bilbao,1.0,0.0,,,6.0,5.0,2.0,0.0,0.0,0.0,14.0,16.0,Desconocido
Eredivisie,88.0,,,False,2025-09-27,,,Volendam,Zwolle,2.0,1.0,,,3.0,5.0,2.0,3.0,0.0,0.0,15.0,14.0,Desconocido
Jupiler Pro League,144.0,,,False,2025-09-27,,740.0,Waregem,Antwerp,2.0,0.0,,,4.0,4.0,0.0,1.0,0.0,0.0,17.0,8.0,Desconocido
Championship,407.0,,,False,2025-09-27,38.0,,Watford,Hull,2.0,1.0,,,6.0,6.0,1.0,5.0,0.0,0.0,21.0,11.0,Desconocido
National League,43.0,,,False,2025-09-27,8663.0,1822.0,Wealdstone,Eastleigh,0.0,0.0,,,,,3.0,2.0,0.0,1.0,,,Desconocido
League 1,41,England,,False,2025-09-27,61,43,Wigan,Cardiff,0.0,2.0,,,7.0,5.0,1.0,1.0,1.0,0.0,6.0,15.0,"Darren Drysdale, England"
Bundesliga,218.0,,,False,2025-09-27,,173.0,Wolfsburg,RB Leipzig,0.0,1.0,,,6.0,11.0,2.0,2.0,0.0,0.0,22.0,20.0,Desconocido
Championship,407.0,,,False,2025-09-27,1837.0,69.0,Wrexham,Derby,1.0,1.0,,,4.0,3.0,1.0,5.0,0.0,0.0,10.0,5.0,Desconocido
National League,43.0,,,False,2025-09-27,,4700.0,Yeovil,Altrincham,1.0,0.0,,,,,2.0,2.0,0.0,0.0,,,Desconocido
Turkey Super Lig,203,Turkey,,False,2025-09-26,996,645,Alanyaspor,Galatasaray,0.0,1.0,,,6.0,0.0,2.0,1.0,0.0,0.0,22.0,7.0,"Zorbay Kucuk, Türkiye"
Bundesliga,218.0,,,False,2025-09-26,,162.0,Bayern Munich,Werder Bremen,4.0,0.0,,,7.0,6.0,2.0,0.0,0.0,0.0,26.0,9.0,Desconocido
Primeira Liga,94.0,,,False,2025-09-26,211.0,,Benfica,Gil Vicente,2.0,1.0,,,0.0,7.0,3.0,4.0,0.0,1.0,10.0,16.0,Desconocido
Serie B,72.0,,,False,2025-09-26,1687.0,863.0,Catanzaro,Juve Stabia,2.0,2.0,,,7.0,0.0,2.0,6.0,0.0,2.0,19.0,4.0,Desconocido
Ligue 2,62.0,,,False,2025-09-26,,1298.0,Clermont,Le Mans,1.0,1.0,,,2.0,13.0,2.0,2.0,0.0,0.0,8.0,24.0,Desconocido
Bundesliga 2,,,,False,2025-09-26,,,Darmstadt,Dresden,2.0,0.0,,,6.0,4.0,2.0,1.0,0.0,0.0,11.0,12.0,Desconocido
La Liga,140.0,,,False,2025-09-26,547.0,,Girona,Espanol,0.0,0.0,,,8.0,4.0,0.0,1.0,0.0,0.0,12.0,20.0,Desconocido
Ligue 2,62.0,,,False,2025-09-26,101.0,1305.0,Grenoble,Bastia,0.0,0.0,,,5.0,2.0,3.0,2.0,0.0,1.0,10.0,5.0,Desconocido
La Liga 2,141,Spain,,False,2025-09-26,799,732,Mirandes,Zaragoza,0.0,1.0,,,4.0,2.0,3.0,4.0,0.0,0.0,14.0,10.0,"Manuel Jesus Orellana Cid, Spain"
Ligue 2,62.0,,,False,2025-09-26,102.0,93.0,Nancy,Reims,0.0,1.0,,,8.0,1.0,4.0,1.0,0.0,0.0,19.0,8.0,Desconocido
Jupiler Pro League,144.0,,,False,2025-09-26,,554.0,Oud-Heverlee Leuven,Anderlecht,1.0,1.0,,,2.0,5.0,4.0,3.0,0.0,0.0,17.0,10.0,Desconocido
Ligue 2,62.0,,,False,2025-09-26,1301.0,,Rodez,Pau FC,1.0,2.0,,,3.0,10.0,1.0,3.0,0.0,0.0,10.0,22.0,Desconocido
Bundesliga 2,,,,False,2025-09-26,,,Schalke 04,Greuther Furth,1.0,0.0,,,10.0,6.0,2.0,2.0,0.0,0.0,24.0,7.0,Desconocido
Ligue 1,61.0,,,False,2025-09-26,95.0,81.0,Strasbourg,Marseille,1.0,2.0,,,5.0,4.0,2.0,4.0,0.0,0.0,9.0,16.0,Desconocido
Ligue 2,62.0,,,False,2025-09-26,,3012.0,Troyes,Annecy,3.0,1.0,,,2.0,2.0,2.0,1.0,0.0,0.0,9.0,12.0,Desconocido
Eredivisie,88.0,,,False,2025-09-26,415.0,,Twente,For Sittard,3.0,2.0,,,4.0,5.0,1.0,2.0,0.0,0.0,18.0,8.0,Desconocido
Championship,407.0,,,False,2025-09-26,60.0,46.0,West Brom,Leicester,1.0,1.0,,,3.0,3.0,2.0,5.0,0.0,0.0,11.0,13.0,Desconocido
La Liga,140.0,,,False,2025-09-25,727.0,797.0,Osasuna,Elche,1.0,1.0,,,2.0,3.0,2.0,2.0,0.0,0.0,9.0,12.0,Desconocido
La Liga,140.0,,,False,2025-09-25,718.0,529.0,Oviedo,Barcelona,1.0,3.0,,,6.0,9.0,1.0,0.0,0.0,0.0,7.0,22.0,Desconocido
Eredivisie,88.0,,,False,2025-09-24,201.0,,AZ Alkmaar,Zwolle,2.0,2.0,,,9.0,1.0,1.0,2.0,0.0,0.0,28.0,8.0,Desconocido
National League,43.0,,,False,2025-09-24,,,Aldershot,Yeovil,1.0,4.0,,,,,1.0,2.0,0.0,0.0,,,Desconocido
La Liga,140.0,,,False,2025-09-24,,,Ath Madrid,Vallecano,3.0,2.0,,,8.0,6.0,3.0,4.0,0.0,0.0,20.0,9.0,Desconocido
National League,43.0,,,False,2025-09-24,,,Boston Utd,Braintree Town,2.0,0.0,,,,,2.0,3.0,0.0,0.0,,,Desconocido
Jupiler Pro League,144.0,,,False,2025-09-24,,,Club Brugge,Westerlo,5.0,5.0,,,5.0,4.0,1.0,3.0,0.0,0.0,17.0,21.0,Desconocido
National League,43.0,,,False,2025-09-24,1822.0,1341.0,Eastleigh,Southend,2.0,1.0,,,,,0.0,1.0,0.0,0.0,,,Desconocido
La Liga,140.0,,,False,2025-09-24,546.0,542.0,Getafe,Alaves,1.0,1.0,,,2.0,7.0,2.0,3.0,0.0,0.0,7.0,10.0,Desconocido
Turkey Super Lig,,,,False,2025-09-24,1001.0,,Kayserispor,Besiktas,0.0,4.0,,,4.0,5.0,4.0,2.0,0.0,0.0,6.0,13.0,Desconocido
National League,43.0,,,False,2025-09-24,1375.0,,Morecambe,Halifax,1.0,2.0,,,,,0.0,0.0,0.0,0.0,,,Desconocido
National League,43.0,,,False,2025-09-24,1340.0,1830.0,Scunthorpe,Boreham Wood,1.0,1.0,,,,,2.0,0.0,0.0,0.0,,,Desconocido
La Liga,140.0,,,False,2025-09-24,,798.0,Sociedad,Mallorca,1.0,0.0,,,11.0,2.0,2.0,2.0,0.0,0.0,17.0,7.0,Desconocido
National League,43.0,,,False,2025-09-24,7752.0,8663.0,Tamworth,Wealdstone,1.0,1.0,,,,,2.0,3.0,0.0,0.0,,,Desconocido
Championship Escocia,,,,False,2025-09-23,,,Airdrie Utd,St Johnstone,1.0,2.0,,,5.0,10.0,5.0,1.0,1.0,1.0,6.0,17.0,Desconocido
National League,43.0,,,False,2025-09-23,4700.0,1378.0,Altrincham,Forest Green,1.0,2.0,,,,,1.0,3.0,1.0,0.0,,,Desconocido
Ligue 2,62.0,,,False,2025-09-23,87.0,,Amiens,St Etienne,0.0,1.0,,,3.0,9.0,2.0,2.0,0.0,0.0,10.0,23.0,Desconocido
Jupiler Pro League,144.0,,,False,2025-09-23,554.0,631.0,Anderlecht,Gent,1.0,0.0,,,8.0,2.0,3.0,3.0,0.0,0.0,17.0,8.0,Desconocido
Ligue 2,62.0,,,False,2025-09-23,3012.0,102.0,Annecy,Nancy,1.0,2.0,,,4.0,3.0,4.0,3.0,0.0,0.0,11.0,12.0,Desconocido
La Liga,140.0,,,False,2025-09-23,,547.0,Ath Bilbao,Girona,1.0,1.0,,,8.0,1.0,0.0,2.0,0.0,0.0,17.0,6.0,Desconocido
Ligue 2,62.0,,,False,2025-09-23,1305.0,1301.0,Bastia,Rodez,2.0,3.0,,,7.0,6.0,1.0,1.0,0.0,0.0,20.0,10.0,Desconocido
Primeira Liga,94.0,,,False,2025-09-23,211.0,226.0,Benfica,Rio Ave,1.0,1.0,,,11.0,2.0,3.0,2.0,0.0,0.0,19.0,4.0,Desconocido
National League,43.0,,,False,2025-09-23,4701.0,,Brackley Town,Truro,1.0,0.0,,,,,2.0,1.0,0.0,0.0,,,Desconocido
Premiership Escocia,,,,False,2025-09-23,,252.0,Dundee United,Aberdeen,2.0,0.0,,,11.0,3.0,2.0,1.0,0.0,0.0,15.0,16.0,Desconocido
Championship Escocia,,,,False,2025-09-23,1388.0,,Dunfermline,Ayr,0.0,1.0,,,6.0,3.0,2.0,2.0,1.0,1.0,7.0,8.0,Desconocido
La Liga,140.0,,,False,2025-09-23,,532.0,Espanol,Valencia,2.0,2.0,,,8.0,3.0,1.0,4.0,0.0,0.0,21.0,5.0,Desconocido
Premiership Escocia,179,Scotland,,False,2025-09-23,1389,249,Falkirk,Hibernian,2.0,2.0,,,5.0,5.0,2.0,0.0,0.0,0.0,7.0,16.0,"Calum Scott, Scotland"
National League,43.0,,,False,2025-09-23,1823.0,1366.0,Gateshead,Hartlepool,0.0,1.0,,,,,0.0,0.0,0.0,0.0,,,Desconocido
Ligue 2,62.0,,,False,2025-09-23,90.0,1304.0,Guingamp,Dunkerque,2.0,1.0,,,4.0,4.0,2.0,3.0,0.0,0.0,10.0,13.0,Desconocido
Ligue 2,62.0,,,False,2025-09-23,1298.0,101.0,Le Mans,Grenoble,1.0,0.0,,,5.0,5.0,4.0,2.0,1.0,0.0,7.0,11.0,Desconocido
La Liga,140.0,,,False,2025-09-23,539.0,541.0,Levante,Real Madrid,1.0,4.0,,,1.0,7.0,1.0,1.0,0.0,0.0,11.0,24.0,Desconocido
Ligue 2,62.0,,,False,2025-09-23,82.0,1299.0,Montpellier,Boulogne,1.0,3.0,,,4.0,5.0,0.0,3.0,1.0,0.0,6.0,24.0,Desconocido
Ligue 2,62.0,,,False,2025-09-23,,433.0,Pau FC,Laval,1.0,0.0,,,4.0,4.0,3.0,1.0,0.0,0.0,17.0,5.0,Desconocido
Ligue 2,62.0,,,False,2025-09-23,,,Red Star,Troyes,1.0,3.0,,,2.0,4.0,0.0,3.0,0.0,0.0,12.0,15.0,Desconocido
Ligue 2,62.0,,,False,2025-09-23,93.0,,Reims,Clermont,4.0,1.0,,,3.0,1.0,3.0,0.0,0.0,1.0,18.0,7.0,Desconocido
National League,43.0,,,False,2025-09-23,1339.0,,Rochdale,Solihull,4.0,1.0,,,,,3.0,2.0,0.0,0.0,,,Desconocido
La Liga,140.0,,,False,2025-09-23,536.0,533.0,Sevilla,Villarreal,1.0,2.0,,,3.0,3.0,2.0,3.0,0.0,0.0,16.0,12.0,Desconocido
National League,43.0,,,False,2025-09-23,1836.0,,Woking,Sutton,1.0,1.0,,,,,0.0,3.0,0.0,0.0,,,Desconocido
National League,43.0,,,False,2025-09-23,1828.0,1371.0,York,Carlisle,5.0,0.0,,,,,4.0,5.0,0.0,0.0,,,Desconocido
La Liga 2,,,,False,2025-09-22,9580.0,22018.0,Burgos,Granada,1.0,1.0,,,6.0,1.0,1.0,3.0,0.0,0.0,16.0,7.0,Desconocido
Turkey Super Lig,203,Turkey,,False,2025-09-22,645,607,Galatasaray,Konyaspor,3.0,1.0,,,4.0,6.0,1.0,0.0,0.0,0.0,13.0,14.0,"Yasin Kol, Türkiye"
Ligue 1,61.0,,,False,2025-09-22,81.0,,Marseille,Paris SG,1.0,0.0,,,5.0,3.0,3.0,0.0,0.0,0.0,9.0,12.0,Desconocido
Championship,407.0,,,False,2025-09-22,58.0,38.0,Millwall,Watford,1.0,0.0,,,7.0,4.0,1.0,0.0,0.0,0.0,9.0,11.0,Desconocido
Serie A,71.0,,,False,2025-09-22,492.0,801.0,Napoli,Pisa,3.0,2.0,,,5.0,3.0,1.0,2.0,0.0,0.0,18.0,15.0,Desconocido
Primeira Liga,94.0,,,False,2025-09-22,,215.0,Sp Lisbon,Moreirense,3.0,0.0,,,6.0,4.0,1.0,1.0,0.0,0.0,25.0,4.0,Desconocido
Eredivisie,88.0,,,False,2025-09-21,201.0,209.0,AZ Alkmaar,Feyenoord,3.0,3.0,,,4.0,11.0,4.0,5.0,0.0,1.0,9.0,19.0,Desconocido
La Liga 2,141,Spain,,False,2025-09-21,722,720,Albacete,Valladolid,2.0,0.0,,,2.0,6.0,3.0,3.0,0.0,0.0,19.0,15.0,"Saul Ais Reig, Spain"
Premier League,569.0,,,False,2025-09-21,9419.0,,Arsenal,Man City,1.0,1.0,,,11.0,2.0,1.0,2.0,0.0,0.0,12.0,5.0,Desconocido
Ligue 1,61.0,,,False,2025-09-21,108.0,96.0,Auxerre,Toulouse,1.0,0.0,,,3.0,4.0,1.0,6.0,1.0,0.0,6.0,13.0,Desconocido
La Liga,140.0,,,False,2025-09-21,529.0,546.0,Barcelona,Getafe,3.0,0.0,,,3.0,2.0,2.0,4.0,0.0,0.0,16.0,3.0,Desconocido
Premier League,569.0,,,False,2025-09-21,35.0,34.0,Bournemouth,Newcastle,0.0,0.0,,,5.0,2.0,2.0,1.0,0.0,0.0,11.0,4.0,Desconocido
Championship,407.0,,,False,2025-09-21,56.0,,Bristol City,Oxford,1.0,3.0,,,8.0,5.0,4.0,1.0,0.0,0.0,12.0,18.0,Desconocido
Turkey Super Lig,,,,False,2025-09-21,,996.0,Buyuksehyr,Alanyaspor,1.0,1.0,,,7.0,4.0,3.0,3.0,0.0,0.0,13.0,13.0,Desconocido
Serie B,72.0,,,False,2025-09-21,1581.0,528.0,Carrarese,Avellino,3.0,4.0,,,9.0,2.0,1.0,5.0,0.0,1.0,20.0,5.0,Desconocido
Primeira Liga,94.0,,,False,2025-09-21,4716.0,242.0,Casa Pia,Famalicao,1.0,1.0,,,5.0,3.0,1.0,2.0,0.0,0.0,10.0,11.0,Desconocido
La Liga 2,,,,False,2025-09-21,,732.0,Ceuta,Zaragoza,1.0,0.0,,,6.0,5.0,5.0,2.0,0.0,0.0,7.0,12.0,Desconocido
Jupiler Pro League,144.0,,,False,2025-09-21,,,Club Brugge,St Truiden,2.0,0.0,,,5.0,0.0,1.0,2.0,0.0,0.0,20.0,7.0,Desconocido
La Liga 2,,,,False,2025-09-21,713.0,,Cordoba,Santander,2.0,2.0,,,12.0,1.0,2.0,3.0,1.0,0.0,24.0,9.0,Desconocido
Serie A,71.0,,,False,2025-09-21,520.0,523.0,Cremonese,Parma,0.0,0.0,,,3.0,3.0,1.0,0.0,0.0,0.0,3.0,15.0,Desconocido
Bundesliga,218.0,,,False,2025-09-21,,,Dortmund,Wolfsburg,1.0,0.0,,,9.0,3.0,1.0,0.0,0.0,0.0,12.0,10.0,Desconocido
Bundesliga 2,,,,False,2025-09-21,,,Dresden,Hannover,2.0,2.0,,,5.0,8.0,3.0,1.0,1.0,0.0,8.0,17.0,Desconocido
La Liga 2,,,,False,2025-09-21,545.0,,Eibar,Sociedad B,2.0,1.0,,,2.0,3.0,2.0,2.0,0.0,0.0,12.0,16.0,Desconocido
Bundesliga,218.0,,,False,2025-09-21,,182.0,Ein Frankfurt,Union Berlin,3.0,4.0,,,5.0,1.0,3.0,2.0,0.0,0.0,19.0,11.0,Desconocido
La Liga,140.0,,,False,2025-09-21,797.0,718.0,Elche,Oviedo,1.0,0.0,,,3.0,3.0,2.0,2.0,0.0,0.0,15.0,12.0,Desconocido
Serie A,71.0,,,False,2025-09-21,502.0,895.0,Fiorentina,Como,1.0,2.0,,,2.0,6.0,4.0,3.0,0.0,0.0,8.0,19.0,Desconocido
Bundesliga 2,,,,False,2025-09-21,,,Fortuna Dusseldorf,Darmstadt,0.0,3.0,,,6.0,6.0,0.0,0.0,0.0,0.0,11.0,18.0,Desconocido
Jupiler Pro League,144.0,,,False,2025-09-21,742.0,,Genk,St. Gilloise,1.0,2.0,,,8.0,5.0,2.0,4.0,0.0,0.0,15.0,11.0,Desconocido
Primeira Liga,94.0,,,False,2025-09-21,,230.0,Gil Vicente,Estoril,2.0,0.0,,,4.0,0.0,2.0,2.0,0.0,0.0,16.0,7.0,Desconocido
Eredivisie,88.0,,,False,2025-09-21,210.0,,Heerenveen,Nijmegen,3.0,2.0,,,6.0,6.0,1.0,1.0,0.0,1.0,14.0,11.0,Desconocido
Bundesliga 2,,,,False,2025-09-21,191.0,,Holstein Kiel,Karlsruhe,3.0,0.0,,,4.0,5.0,5.0,3.0,0.0,0.0,11.0,13.0,Desconocido
Serie A,71.0,,,False,2025-09-21,505.0,488.0,Inter,Sassuolo,2.0,1.0,,,7.0,3.0,2.0,1.0,0.0,0.0,20.0,9.0,Desconocido
Turkey Super Lig,,,,False,2025-09-21,,,Kasimpasa,Fenerbahce,1.0,1.0,,,5.0,8.0,3.0,1.0,1.0,0.0,17.0,9.0,Desconocido
Turkey Super Lig,203,Turkey,,False,2025-09-21,7411,1007,Kocaelispor,Rizespor,1.0,1.0,,,8.0,3.0,4.0,4.0,0.0,0.0,16.0,8.0,"Umit Ozturk, Türkiye"
Super League Greece,,,,False,2025-09-21,953.0,,Larisa,AEK,1.0,1.0,,,4.0,6.0,4.0,0.0,0.0,0.0,14.0,24.0,Desconocido
Serie A,71.0,,,False,2025-09-21,487.0,,Lazio,Roma,0.0,1.0,,,3.0,6.0,1.0,1.0,2.0,0.0,10.0,13.0,Desconocido
Ligue 1,61.0,,,False,2025-09-21,111.0,97.0,Le Havre,Lorient,1.0,1.0,,,6.0,2.0,3.0,6.0,0.0,0.0,13.0,8.0,Desconocido
Super League Greece,,,,False,2025-09-21,,,Levadeiakos,OFI Crete,4.0,0.0,,,7.0,3.0,1.0,3.0,0.0,2.0,17.0,5.0,Desconocido
Bundesliga,218.0,,,False,2025-09-21,,,Leverkusen,M'gladbach,1.0,1.0,,,3.0,4.0,5.0,5.0,0.0,0.0,13.0,13.0,Desconocido
La Liga 2,141,Spain,,False,2025-09-21,535,724,Malaga,Cadiz,0.0,1.0,,,5.0,2.0,1.0,2.0,0.0,0.0,17.0,7.0,"Jon Ander Gonzalez Esteban, Spain"
La Liga,140.0,,,False,2025-09-21,798.0,,Mallorca,Ath Madrid,1.0,1.0,,,3.0,6.0,0.0,0.0,0.0,1.0,8.0,12.0,Desconocido
Jupiler Pro League,144.0,,,False,2025-09-21,,741.0,Mechelen,Cercle Brugge,0.0,0.0,,,7.0,7.0,1.0,3.0,0.0,0.0,13.0,16.0,Desconocido
Ligue 1,61.0,,,False,2025-09-21,91.0,112.0,Monaco,Metz,5.0,2.0,,,4.0,5.0,1.0,0.0,0.0,0.0,16.0,8.0,Desconocido
Eredivisie,88.0,,,False,2025-09-21,197.0,194.0,PSV Eindhoven,Ajax,2.0,2.0,,,9.0,5.0,2.0,5.0,0.0,0.0,16.0,14.0,Desconocido
Serie B,72.0,,,False,2025-09-21,870.0,527.0,Padova,Virtus Entella,2.0,1.0,,,5.0,8.0,0.0,5.0,0.0,1.0,10.0,11.0,Desconocido
Super League Greece,,,,False,2025-09-21,617.0,3415.0,Panathinaikos,Olympiakos,1.0,1.0,,,1.0,4.0,4.0,4.0,0.0,0.0,6.0,9.0,Desconocido
Ligue 1,61.0,,,False,2025-09-21,114.0,95.0,Paris FC,Strasbourg,2.0,3.0,,,4.0,2.0,1.0,5.0,0.0,0.0,18.0,8.0,Desconocido
Serie B,72.0,,,False,2025-09-21,525.0,511.0,Pescara,Empoli,4.0,0.0,,,6.0,5.0,1.0,2.0,0.0,0.0,18.0,8.0,Desconocido
Turkey Super Lig,,,,False,2025-09-21,3603.0,,Samsunspor,Karagumruk,3.0,2.0,,,6.0,5.0,2.0,2.0,0.0,0.0,14.0,11.0,Desconocido
Premier League,569.0,,,False,2025-09-21,746.0,66.0,Sunderland,Aston Villa,1.0,1.0,,,6.0,5.0,2.0,1.0,1.0,0.0,14.0,12.0,Desconocido
Primeira Liga,94.0,,,False,2025-09-21,218.0,15130.0,Tondela,Estrela,0.0,0.0,,,5.0,2.0,4.0,3.0,1.0,0.0,17.0,8.0,Desconocido
Serie A,71.0,,,False,2025-09-21,503.0,499.0,Torino,Atalanta,0.0,3.0,,,1.0,0.0,0.0,0.0,0.0,0.0,11.0,9.0,Desconocido
La Liga,140.0,,,False,2025-09-21,,,Vallecano,Celta,1.0,1.0,,,5.0,7.0,1.0,1.0,0.0,0.0,15.0,9.0,Desconocido
Jupiler Pro League,144.0,,,False,2025-09-21,,,Westerlo,Standard,0.0,2.0,,,7.0,1.0,0.0,5.0,0.0,0.0,17.0,6.0,Desconocido
Eredivisie,88.0,,,False,2025-09-21,,,Zwolle,Go Ahead Eagles,0.0,2.0,,,3.0,7.0,1.0,2.0,1.0,0.0,8.0,20.0,Desconocido
Primeira Liga,94.0,,,False,2025-09-20,21595.0,211.0,AVS,Benfica,0.0,3.0,,,2.0,1.0,1.0,1.0,0.0,0.0,8.0,19.0,Desconocido
Championship Escocia,,,,False,2025-09-20,,,Airdrie Utd,Raith Rvs,0.0,0.0,,,5.0,11.0,2.0,1.0,0.0,0.0,9.0,9.0,Desconocido
La Liga,140.0,,,False,2025-09-20,542.0,536.0,Alaves,Sevilla,1.0,2.0,,,4.0,4.0,1.0,7.0,0.0,0.0,8.0,9.0,Desconocido
National League,43.0,,,False,2025-09-20,,1366.0,Aldershot,Hartlepool,1.0,0.0,,,,,5.0,2.0,0.0,0.0,,,Desconocido
League 1 Escocia,,,,False,2025-09-20,,6763.0,Alloa,Cove Rangers,2.0,1.0,,,3.0,4.0,1.0,2.0,0.0,0.0,10.0,6.0,Desconocido
La Liga 2,,,,False,2025-09-20,723.0,,Almeria,Sp Gijon,2.0,1.0,,,6.0,1.0,4.0,8.0,0.0,2.0,24.0,9.0,Desconocido
National League,43.0,,,False,2025-09-20,4700.0,1371.0,Altrincham,Carlisle,1.0,2.0,,,,,1.0,4.0,1.0,1.0,,,Desconocido
Jupiler Pro League,144.0,,,False,2025-09-20,554.0,740.0,Anderlecht,Antwerp,0.0,0.0,,,8.0,2.0,3.0,2.0,0.0,0.0,18.0,6.0,Desconocido
La Liga 2,,,,False,2025-09-20,1110.0,799.0,Andorra,Mirandes,1.0,1.0,,,8.0,4.0,2.0,5.0,0.0,0.0,18.0,7.0,Desconocido
Turkey Super Lig,203,Turkey,,False,2025-09-20,1005,1001,Antalyaspor,Kayserispor,1.0,1.0,,,10.0,4.0,3.0,3.0,0.0,0.0,13.0,14.0,"Kadir Saglam, Türkiye"
Championship Escocia,180,Scotland,,False,2025-09-20,4249,1383,Arbroath,Morton,1.0,1.0,,,6.0,7.0,1.0,0.0,0.0,0.0,7.0,8.0,Iain Snedden
Bundesliga,218.0,,,False,2025-09-20,,,Augsburg,Mainz,1.0,4.0,,,6.0,6.0,1.0,2.0,0.0,1.0,18.0,12.0,Desconocido
League 2,42,England,,False,2025-09-20,1369,1365,Barnet,Grimsby,3.0,0.0,,,9.0,4.0,2.0,0.0,0.0,0.0,19.0,7.0,"Ben Atkinson, England"
League 2,42,England,,False,2025-09-20,1819,1363,Barrow,Crewe,1.0,0.0,,,2.0,8.0,2.0,2.0,0.0,0.0,8.0,11.0,"James Oldham, England"
Championship,407.0,,,False,2025-09-20,54.0,76.0,Birmingham,Swansea,1.0,0.0,,,7.0,2.0,5.0,4.0,0.0,0.0,23.0,9.0,Desconocido
League 1,41,England,,False,2025-09-20,1356,747,Blackpool,Barnsley,1.0,0.0,,,7.0,3.0,2.0,1.0,0.0,0.0,10.0,10.0,"Martin Coy, England"
Serie A,71.0,,,False,2025-09-20,500.0,495.0,Bologna,Genoa,2.0,1.0,,,8.0,2.0,1.0,5.0,0.0,0.0,14.0,7.0,Desconocido
League 1,41,England,,False,2025-09-20,68,61,Bolton,Wigan,4.0,1.0,,,4.0,16.0,0.0,1.0,0.0,0.0,13.0,9.0,"Benjamin Speedie, England"
National League,43.0,,,False,2025-09-20,,1830.0,Boston Utd,Boreham Wood,0.0,2.0,,,,,3.0,0.0,0.0,0.0,,,Desconocido
National League,43.0,,,False,2025-09-20,4701.0,,Brackley Town,Sutton,1.0,0.0,,,,,3.0,2.0,0.0,0.0,,,Desconocido
Bundesliga 2,,,,False,2025-09-20,,,Braunschweig,Elversberg,1.0,4.0,,,4.0,9.0,4.0,6.0,1.0,0.0,10.0,22.0,Desconocido
Ligue 1,61.0,,,False,2025-09-20,,84.0,Brest,Nice,4.0,1.0,,,2.0,7.0,1.0,3.0,0.0,0.0,11.0,21.0,Desconocido
Premier League,569.0,,,False,2025-09-20,51.0,47.0,Brighton,Tottenham,2.0,2.0,,,2.0,10.0,1.0,2.0,0.0,0.0,12.0,11.0,Desconocido
League 2,42,England,,False,2025-09-20,1832,1345,Bromley,Chesterfield,2.0,2.0,,,10.0,4.0,2.0,3.0,0.0,0.0,15.0,9.0,"Carl Brook, England"
Premier League,569.0,,,False,2025-09-20,44.0,,Burnley,Nott'm Forest,1.0,1.0,,,4.0,5.0,1.0,1.0,0.0,0.0,12.0,17.0,Desconocido
League 2,,,,False,2025-09-20,,1336.0,Cambridge,Fleetwood Town,2.0,1.0,,,10.0,1.0,1.0,0.0,0.0,0.0,23.0,9.0,Desconocido
League 1,41,England,,False,2025-09-20,43,1343,Cardiff,Bradford,1.0,3.0,,,4.0,7.0,4.0,4.0,0.0,0.0,15.0,16.0,"Martin Woods, England"
Jupiler Pro League,144.0,,,False,2025-09-20,736.0,,Charleroi,Waregem,1.0,2.0,,,6.0,11.0,3.0,1.0,1.0,0.0,9.0,19.0,Desconocido
League 2,42,England,,False,2025-09-20,1372,1349,Cheltenham,Oldham,0.0,3.0,,,6.0,7.0,3.0,0.0,0.0,0.0,9.0,22.0,"Paul Tierney, England"
League 2 Escocia,184,Scotland,,False,2025-09-20,6762,6766,Clyde,Edinburgh City,2.0,1.0,,,3.0,5.0,4.0,3.0,0.0,0.0,8.0,10.0,Connor Ashwood
League 2,,,,False,2025-09-20,1361.0,,Colchester,Bristol Rvs,1.0,1.0,,,4.0,2.0,2.0,5.0,0.0,0.0,10.0,10.0,Desconocido
La Liga 2,,,,False,2025-09-20,725.0,,Cultural Leonesa,Castellon,1.0,3.0,,,1.0,4.0,2.0,6.0,1.0,0.0,10.0,13.0,Desconocido
Championship,407.0,,,False,2025-09-20,69.0,59.0,Derby,Preston,0.0,1.0,,,3.0,4.0,2.0,2.0,0.0,0.0,7.0,10.0,Desconocido
League 1,41,England,,False,2025-09-20,1354,1333,Doncaster,AFC Wimbledon,1.0,2.0,,,2.0,6.0,1.0,2.0,0.0,0.0,12.0,9.0,"Peter Wright, England"
Premiership Escocia,179,Scotland,,False,2025-09-20,253,255,Dundee,Livingston,3.0,2.0,,,8.0,3.0,1.0,3.0,0.0,0.0,11.0,10.0,"Ross Hardie, Scotland"
League 1 Escocia,183,Scotland,,False,2025-09-20,6764,4251,East Fife,Montrose,1.0,1.0,,,5.0,2.0,2.0,2.0,0.0,0.0,17.0,7.0,Sean Murdoch
League 2 Escocia,184,Scotland,,False,2025-09-20,6765,1382,East Kilbride,Dumbarton,1.0,1.0,,,9.0,5.0,2.0,1.0,0.0,0.0,14.0,9.0,Duncan Williams
National League,43.0,,,False,2025-09-20,1822.0,,Eastleigh,Braintree Town,1.0,3.0,,,,,3.0,4.0,0.0,0.0,,,Desconocido
Eredivisie,88.0,,,False,2025-09-20,,207.0,For Sittard,Utrecht,1.0,0.0,,,1.0,11.0,4.0,2.0,0.0,0.0,8.0,14.0,Desconocido
League 2 Escocia,,,,False,2025-09-20,,6757.0,Forfar,Annan Athletic,1.0,0.0,,,5.0,6.0,2.0,3.0,0.0,0.0,11.0,4.0,Desconocido
Premier League,569.0,,,False,2025-09-20,36.0,55.0,Fulham,Brentford,3.0,1.0,,,2.0,10.0,4.0,1.0,0.0,0.0,14.0,8.0,Desconocido
National League,43.0,,,False,2025-09-20,1823.0,,Gateshead,Halifax,1.0,2.0,,,,,2.0,2.0,0.0,0.0,,,Desconocido
Turkey Super Lig,,,,False,2025-09-20,,,Genclerbirligi,Eyupspor,1.0,0.0,,,2.0,4.0,3.0,2.0,0.0,0.0,11.0,20.0,Desconocido
La Liga,140.0,,,False,2025-09-20,547.0,539.0,Girona,Levante,0.0,4.0,,,5.0,4.0,4.0,3.0,2.0,0.0,7.0,14.0,Desconocido
Eredivisie,88.0,,,False,2025-09-20,202.0,427.0,Groningen,Telstar,2.0,0.0,,,7.0,2.0,1.0,2.0,0.0,0.0,16.0,7.0,Desconocido
Primeira Liga,94.0,,,False,2025-09-20,224.0,,Guimaraes,Sp Braga,1.0,1.0,,,3.0,5.0,2.0,3.0,0.0,0.0,11.0,17.0,Desconocido
Bundesliga,218.0,,,False,2025-09-20,,,Hamburg,Heidenheim,2.0,1.0,,,1.0,12.0,5.0,1.0,0.0,0.0,22.0,20.0,Desconocido
League 2,,,,False,2025-09-20,,1352.0,Harrogate,Shrewsbury,2.0,0.0,,,4.0,5.0,3.0,3.0,0.0,0.0,13.0,16.0,Desconocido
Bundesliga 2,,,,False,2025-09-20,,,Hertha,Paderborn,0.0,2.0,,,7.0,4.0,4.0,1.0,0.0,0.0,9.0,17.0,Desconocido
Bundesliga,218.0,,,False,2025-09-20,,,Hoffenheim,Bayern Munich,1.0,4.0,,,5.0,5.0,1.0,2.0,0.0,0.0,12.0,18.0,Desconocido
League 1,,,,False,2025-09-20,37.0,,Huddersfield,Burton,0.0,0.0,,,15.0,5.0,0.0,1.0,0.0,0.0,13.0,9.0,Desconocido
Championship,407.0,,,False,2025-09-20,,41.0,Hull,Southampton,3.0,1.0,,,1.0,6.0,5.0,3.0,0.0,0.0,11.0,14.0,Desconocido
League 1 Escocia,,,,False,2025-09-20,6773.0,,Kelty Hearts,Hamilton,0.0,4.0,,,0.0,10.0,2.0,1.0,1.0,0.0,7.0,13.0,Desconocido
Super League Greece,,,,False,2025-09-20,5050.0,3408.0,Kifisia,Aris,0.0,1.0,,,2.0,4.0,1.0,3.0,1.0,0.0,7.0,15.0,Desconocido
La Liga 2,141,Spain,,False,2025-09-20,537,534,Leganes,Las Palmas,0.0,1.0,,,2.0,4.0,7.0,5.0,1.0,0.0,8.0,3.0,"Jose Antonio Sanchez Villalobos, Spain"
Championship,407.0,,,False,2025-09-20,46.0,1346.0,Leicester,Coventry,0.0,0.0,,,10.0,3.0,0.0,3.0,0.0,0.0,17.0,11.0,Desconocido
Ligue 1,61.0,,,False,2025-09-20,116.0,79.0,Lens,Lille,3.0,0.0,,,4.0,10.0,1.0,3.0,0.0,0.0,15.0,17.0,Desconocido
League 1,41,England,,False,2025-09-20,1379,1359,Lincoln,Luton,3.0,1.0,,,2.0,7.0,1.0,5.0,0.0,0.0,15.0,13.0,"Sebastian Stockbridge, England"
Premier League,569.0,,,False,2025-09-20,40.0,45.0,Liverpool,Everton,2.0,1.0,,,5.0,4.0,2.0,3.0,0.0,0.0,11.0,9.0,Desconocido
Bundesliga 2,,,,False,2025-09-20,,,Magdeburg,Schalke 04,0.0,2.0,,,3.0,2.0,2.0,1.0,0.0,0.0,8.0,10.0,Desconocido
Premier League,569.0,,,False,2025-09-20,,49.0,Man United,Chelsea,2.0,1.0,,,5.0,5.0,0.0,5.0,1.0,1.0,11.0,5.0,Desconocido
Serie B,72.0,,,False,2025-09-20,1693.0,899.0,Mantova,Modena,1.0,3.0,,,4.0,10.0,3.0,3.0,0.0,0.0,12.0,22.0,Desconocido
League 2,,,,False,2025-09-20,1348.0,,Milton Keynes Dons,Accrington,1.0,2.0,,,3.0,5.0,3.0,2.0,1.0,0.0,7.0,15.0,Desconocido
Ligue 2,62.0,,,False,2025-09-20,82.0,1305.0,Montpellier,Bastia,2.0,0.0,,,2.0,9.0,3.0,3.0,0.0,0.0,8.0,13.0,Desconocido
Serie B,72.0,,,False,2025-09-20,1579.0,498.0,Monza,Sampdoria,1.0,0.0,,,2.0,1.0,1.0,2.0,1.0,1.0,7.0,11.0,Desconocido
National League,43.0,,,False,2025-09-20,1375.0,8663.0,Morecambe,Wealdstone,4.0,3.0,,,,,2.0,1.0,0.0,0.0,,,Desconocido
Eredivisie,88.0,,,False,2025-09-20,203.0,206.0,NAC Breda,Heracles,2.0,1.0,,,10.0,4.0,1.0,2.0,0.0,0.0,17.0,14.0,Desconocido
Primeira Liga,94.0,,,False,2025-09-20,225.0,240.0,Nacional,Arouca,1.0,2.0,,,3.0,5.0,2.0,2.0,1.0,1.0,15.0,10.0,Desconocido
Ligue 1,61.0,,,False,2025-09-20,83.0,94.0,Nantes,Rennes,2.0,2.0,,,4.0,4.0,3.0,1.0,0.0,0.0,16.0,8.0,Desconocido
League 2,42,England,,False,2025-09-20,1367,1347,Newport County,Gillingham,1.0,3.0,,,5.0,5.0,2.0,4.0,0.0,0.0,15.0,12.0,"Leigh Doughty, England"
Championship,407.0,,,False,2025-09-20,71.0,1837.0,Norwich,Wrexham,2.0,3.0,,,2.0,3.0,1.0,3.0,0.0,0.0,14.0,11.0,Desconocido
League 2,42,England,,False,2025-09-20,1376,1362,Notts County,Crawley Town,4.0,0.0,,,6.0,1.0,0.0,2.0,0.0,0.0,12.0,7.0,"James Durkin, England"
Bundesliga 2,,,,False,2025-09-20,,,Nurnberg,Bochum,2.0,1.0,,,8.0,5.0,1.0,5.0,0.0,0.0,20.0,13.0,Desconocido
Jupiler Pro League,144.0,,,False,2025-09-20,,,Oud-Heverlee Leuven,RAAL La Louviere,1.0,2.0,,,2.0,1.0,4.0,3.0,0.0,0.0,8.0,5.0,Desconocido
Super League Greece,197,Greece,,False,2025-09-20,619,949,PAOK,Panetolikos,0.0,0.0,,,12.0,1.0,1.0,5.0,0.0,1.0,24.0,3.0,"Anastasios Sidiropoulos, Greece"
Super League Greece,197,Greece,,False,2025-09-20,2099,12260,Panserraikos,Atromitos,1.0,1.0,,,3.0,7.0,5.0,3.0,0.0,0.0,15.0,11.0,"Stavros Tsimenteridis, Greece"
League 1,,,,False,2025-09-20,1357.0,,Plymouth,Peterboro,0.0,1.0,,,7.0,1.0,3.0,2.0,0.0,0.0,19.0,8.0,Desconocido
League 1,,,,False,2025-09-20,1351.0,,Port Vale,Mansfield,2.0,1.0,,,7.0,0.0,2.0,1.0,0.0,1.0,19.0,2.0,Desconocido
Championship,407.0,,,False,2025-09-20,1355.0,,Portsmouth,Sheffield Weds,0.0,2.0,,,11.0,5.0,1.0,5.0,0.0,0.0,25.0,13.0,Desconocido
Championship,407.0,,,False,2025-09-20,72.0,,QPR,Stoke,1.0,0.0,,,3.0,6.0,5.0,3.0,0.0,0.0,14.0,7.0,Desconocido
League 1 Escocia,,,,False,2025-09-20,,,Queen of Sth,Inverness C,0.0,2.0,,,1.0,7.0,2.0,5.0,0.0,0.0,8.0,23.0,Desconocido
Bundesliga,218.0,,,False,2025-09-20,173.0,,RB Leipzig,FC Koln,3.0,1.0,,,9.0,5.0,1.0,1.0,0.0,0.0,18.0,13.0,Desconocido
League 1,41,England,,False,2025-09-20,53,1373,Reading,Leyton Orient,2.0,1.0,,,2.0,6.0,5.0,3.0,0.0,0.0,12.0,17.0,"Oliver Yates, England"
La Liga,140.0,,,False,2025-09-20,541.0,,Real Madrid,Espanol,2.0,0.0,,,5.0,3.0,2.0,0.0,0.0,0.0,16.0,8.0,Desconocido
Serie B,72.0,,,False,2025-09-20,880.0,1687.0,Reggiana,Catanzaro,2.0,2.0,,,3.0,3.0,1.0,2.0,0.0,0.0,12.0,18.0,Desconocido
Championship Escocia,,,,False,2025-09-20,902.0,,Ross County,Queens Park,1.0,2.0,,,3.0,2.0,2.0,3.0,1.0,0.0,13.0,9.0,Desconocido
League 1,,,,False,2025-09-20,73.0,,Rotherham,Stockport,0.0,1.0,,,1.0,4.0,3.0,2.0,0.0,0.0,7.0,11.0,Desconocido
League 2,,,,False,2025-09-20,,,Salford,Swindon,3.0,2.0,,,6.0,10.0,1.0,2.0,0.0,0.0,11.0,11.0,Desconocido
Primeira Liga,94.0,,,False,2025-09-20,227.0,4724.0,Santa Clara,Alverca,2.0,1.0,,,7.0,0.0,6.0,4.0,0.0,0.0,14.0,3.0,Desconocido
National League,43.0,,,False,2025-09-20,1340.0,,Scunthorpe,Truro,4.0,0.0,,,,,3.0,3.0,0.0,0.0,,,Desconocido
Championship,407.0,,,False,2025-09-20,,1335.0,Sheffield United,Charlton,0.0,1.0,,,6.0,1.0,1.0,3.0,0.0,0.0,13.0,13.0,Desconocido
League 2 Escocia,,,,False,2025-09-20,6781.0,,Spartans,Stirling,1.0,3.0,,,7.0,2.0,1.0,3.0,0.0,0.0,15.0,7.0,Desconocido
Serie B,72.0,,,False,2025-09-20,515.0,863.0,Spezia,Juve Stabia,1.0,3.0,,,6.0,3.0,0.0,3.0,0.0,0.0,8.0,11.0,Desconocido
Ligue 2,62.0,,,False,2025-09-20,,93.0,St Etienne,Reims,3.0,2.0,,,1.0,6.0,0.0,4.0,0.0,0.0,16.0,17.0,Desconocido
League 1 Escocia,183,Scotland,,False,2025-09-20,6784,6777,Stenhousemuir,Peterhead,3.0,1.0,,,3.0,4.0,4.0,3.0,0.0,0.0,6.0,7.0,Daniel Graves
League 1,,,,False,2025-09-20,1368.0,,Stevenage,Exeter,2.0,1.0,,,6.0,3.0,1.0,1.0,0.0,0.0,17.0,12.0,Desconocido
League 2 Escocia,,,,False,2025-09-20,6785.0,,Stranraer,Elgin,1.0,1.0,,,5.0,7.0,1.0,2.0,0.0,0.0,6.0,16.0,Desconocido
National League,43.0,,,False,2025-09-20,7752.0,,Tamworth,Yeovil,1.0,0.0,,,,,2.0,1.0,0.0,0.0,,,Desconocido
Turkey Super Lig,,,,False,2025-09-20,998.0,,Trabzonspor,Gaziantep,1.0,1.0,,,4.0,5.0,2.0,4.0,0.0,0.0,27.0,4.0,Desconocido
Ligue 2,62.0,,,False,2025-09-20,,90.0,Troyes,Guingamp,5.0,2.0,,,1.0,3.0,0.0,0.0,0.0,0.0,18.0,8.0,Desconocido
Serie A,71.0,,,False,2025-09-20,494.0,,Udinese,Milan,0.0,3.0,,,1.0,4.0,2.0,0.0,0.0,0.0,10.0,13.0,Desconocido
La Liga,140.0,,,False,2025-09-20,532.0,,Valencia,Ath Bilbao,2.0,0.0,,,5.0,6.0,1.0,1.0,0.0,1.0,13.0,11.0,Desconocido
Serie B,72.0,,,False,2025-09-20,517.0,509.0,Venezia,Cesena,1.0,2.0,,,2.0,3.0,3.0,2.0,1.0,0.0,17.0,13.0,Desconocido
Serie A,71.0,,,False,2025-09-20,,10019.0,Verona,Juventus,1.0,1.0,,,5.0,3.0,3.0,3.0,0.0,0.0,14.0,10.0,Desconocido
La Liga,140.0,,,False,2025-09-20,533.0,727.0,Villarreal,Osasuna,2.0,1.0,,,7.0,0.0,2.0,3.0,0.0,1.0,26.0,6.0,Desconocido
Eredivisie,88.0,,,False,2025-09-20,,196.0,Volendam,Excelsior,1.0,2.0,,,5.0,3.0,3.0,2.0,0.0,0.0,14.0,15.0,Desconocido
Super League Greece,197,Greece,,False,2025-09-20,2110,955,Volos NFC,Asteras Tripolis,2.0,1.0,,,7.0,3.0,3.0,4.0,0.0,0.0,16.0,11.0,"Fotios Polychronis, Greece"
League 2,42,England,,False,2025-09-20,1342,1381,Walsall,Tranmere,4.0,2.0,,,8.0,8.0,0.0,1.0,0.0,0.0,15.0,17.0,"Edward Duckworth, England"
Bundesliga,218.0,,,False,2025-09-20,162.0,,Werder Bremen,Freiburg,0.0,3.0,,,2.0,0.0,5.0,2.0,0.0,0.0,12.0,10.0,Desconocido
Premier League,569.0,,,False,2025-09-20,48.0,52.0,West Ham,Crystal Palace,1.0,2.0,,,8.0,8.0,3.0,3.0,0.0,0.0,8.0,18.0,Desconocido
National League,43.0,,,False,2025-09-20,1836.0,1378.0,Woking,Forest Green,0.0,2.0,,,,,0.0,0.0,0.0,0.0,,,Desconocido
Premier League,569.0,,,False,2025-09-20,39.0,63.0,Wolves,Leeds,1.0,3.0,,,4.0,0.0,1.0,1.0,0.0,0.0,16.0,6.0,Desconocido
League 1,41,England,,False,2025-09-20,1358,1337,Wycombe,Northampton,2.0,0.0,,,6.0,3.0,1.0,1.0,0.0,0.0,20.0,7.0,"Andy Madley, England"
National League,43.0,,,False,2025-09-20,1828.0,,York,Solihull,0.0,1.0,,,,,3.0,0.0,0.0,2.0,,,Desconocido
La Liga,140.0,,,False,2025-09-19,,,Betis,Sociedad,3.0,1.0,,,3.0,5.0,3.0,7.0,0.0,0.0,21.0,11.0,Desconocido
Bundesliga 2,,,,False,2025-09-19,,,Bielefeld,Greuther Furth,1.0,3.0,,,6.0,3.0,2.0,1.0,0.0,0.0,15.0,11.0,Desconocido
Ligue 2,62.0,,,False,2025-09-19,1299.0,,Boulogne,Pau FC,0.0,3.0,,,6.0,0.0,3.0,2.0,0.0,0.0,5.0,10.0,Desconocido
Ligue 2,62.0,,,False,2025-09-19,1304.0,1298.0,Dunkerque,Le Mans,2.0,2.0,,,7.0,3.0,1.0,3.0,1.0,1.0,14.0,8.0,Desconocido
Serie B,72.0,,,False,2025-09-19,512.0,1578.0,Frosinone,Sudtirol,2.0,2.0,,,5.0,4.0,2.0,2.0,0.0,0.0,21.0,14.0,Desconocido
Jupiler Pro League,144.0,,,False,2025-09-19,631.0,6215.0,Gent,Dender,3.0,0.0,,,2.0,5.0,1.0,1.0,0.0,0.0,15.0,15.0,Desconocido
Turkey Super Lig,,,,False,2025-09-19,,,Goztep,Besiktas,3.0,0.0,,,6.0,5.0,2.0,1.0,0.0,0.0,13.0,13.0,Desconocido
Ligue 2,62.0,,,False,2025-09-19,101.0,3012.0,Grenoble,Annecy,1.0,3.0,,,4.0,10.0,0.0,1.0,0.0,0.0,5.0,12.0,Desconocido
Bundesliga 2,,,,False,2025-09-19,,1313.0,Kaiserslautern,Preußen Münster,4.0,1.0,,,4.0,0.0,3.0,4.0,0.0,0.0,15.0,14.0,Desconocido
La Liga 2,,,,False,2025-09-19,,726.0,La Coruna,Huesca,4.0,0.0,,,6.0,3.0,1.0,2.0,0.0,0.0,16.0,6.0,Desconocido
Ligue 2,62.0,,,False,2025-09-19,433.0,87.0,Laval,Amiens,0.0,3.0,,,8.0,6.0,2.0,2.0,0.0,0.0,17.0,14.0,Desconocido
Serie A,71.0,,,False,2025-09-19,867.0,490.0,Lecce,Cagliari,1.0,2.0,,,4.0,7.0,2.0,3.0,0.0,0.0,11.0,15.0,Desconocido
Ligue 1,61.0,,,False,2025-09-19,80.0,77.0,Lyon,Angers,1.0,0.0,,,7.0,4.0,2.0,2.0,0.0,0.0,16.0,10.0,Desconocido
Championship,407.0,,,False,2025-09-19,70.0,60.0,Middlesbrough,West Brom,2.0,1.0,,,2.0,3.0,0.0,0.0,0.0,0.0,9.0,15.0,Desconocido
Ligue 2,62.0,,,False,2025-09-19,102.0,,Nancy,Red Star,0.0,1.0,,,3.0,4.0,2.0,3.0,1.0,0.0,4.0,15.0,Desconocido
Serie B,72.0,,,False,2025-09-19,522.0,508.0,Palermo,Bari,2.0,0.0,,,6.0,1.0,0.0,3.0,0.0,0.0,24.0,8.0,Desconocido
Primeira Liga,94.0,,,False,2025-09-19,226.0,,Rio Ave,Porto,0.0,3.0,,,2.0,10.0,2.0,1.0,0.0,0.0,7.0,19.0,Desconocido
Ligue 2,62.0,,,False,2025-09-19,1301.0,,Rodez,Clermont,0.0,1.0,,,7.0,2.0,2.0,1.0,0.0,1.0,20.0,7.0,Desconocido
Eredivisie,88.0,,,False,2025-09-19,426.0,415.0,Sparta Rotterdam,Twente,1.0,5.0,,,1.0,6.0,0.0,1.0,0.0,0.0,7.0,23.0,Desconocido
Championship Escocia,,,,False,2025-09-19,,1388.0,St Johnstone,Dunfermline,2.0,1.0,,,13.0,4.0,1.0,2.0,0.0,0.0,11.0,10.0,Desconocido
Bundesliga,218.0,,,False,2025-09-19,,,Stuttgart,St Pauli,2.0,0.0,,,8.0,4.0,0.0,2.0,0.0,0.0,17.0,9.0,Desconocido
Turkey Super Lig,,,,False,2025-09-17,,996.0,Fenerbahce,Alanyaspor,2.0,2.0,,,8.0,0.0,1.0,2.0,0.0,0.0,19.0,5.0,Desconocido
Eredivisie,88.0,,,False,2025-09-17,209.0,,Feyenoord,For Sittard,2.0,0.0,,,13.0,0.0,0.0,1.0,0.0,0.0,19.0,5.0,Desconocido
Jupiler Pro League,144.0,,,False,2025-09-17,742.0,736.0,Genk,Charleroi,0.0,1.0,,,4.0,3.0,0.0,2.0,0.0,0.0,16.0,9.0,Desconocido
Turkey Super Lig,,,,False,2025-09-17,,,Karagumruk,Buyuksehyr,0.0,2.0,,,3.0,4.0,2.0,2.0,0.0,0.0,6.0,4.0,Desconocido
Turkey Super Lig,,,,False,2025-09-17,3603.0,,Samsunspor,Kasimpasa,0.0,0.0,,,5.0,4.0,4.0,3.0,0.0,0.0,10.0,17.0,Desconocido
Ligue 2,62.0,,,False,2025-09-16,1299.0,1305.0,Boulogne,Bastia,1.0,0.0,,,2.0,4.0,3.0,4.0,0.0,0.0,6.0,11.0,Desconocido
Serie A,71.0,,,False,2025-09-15,895.0,495.0,Como,Genoa,1.0,1.0,,,0.0,8.0,2.0,2.0,1.0,0.0,13.0,13.0,Desconocido
La Liga,140.0,,,False,2025-09-15,,798.0,Espanol,Mallorca,3.0,2.0,,,3.0,9.0,2.0,1.0,1.0,0.0,9.0,24.0,Desconocido
Ligue 2,62.0,,,False,2025-09-15,90.0,82.0,Guingamp,Montpellier,1.0,0.0,,,5.0,6.0,1.0,3.0,0.0,0.0,11.0,14.0,Desconocido
Turkey Super Lig,,,,False,2025-09-15,1007.0,,Rizespor,Genclerbirligi,1.0,0.0,,,4.0,7.0,4.0,2.0,0.0,0.0,15.0,15.0,Desconocido
Serie A,71.0,,,False,2025-09-15,,520.0,Verona,Cremonese,0.0,0.0,,,10.0,1.0,2.0,1.0,0.0,0.0,20.0,6.0,Desconocido
La Liga 2,141,Spain,,False,2025-09-15,732,722,Zaragoza,Albacete,0.0,0.0,,,3.0,6.0,1.0,3.0,0.0,0.0,11.0,6.0,"Daniel Palencia Caballero, Spain"
Jupiler Pro League,144.0,,,False,2025-09-14,554.0,742.0,Anderlecht,Genk,1.0,1.0,,,3.0,7.0,2.0,3.0,1.0,0.0,9.0,18.0,Desconocido
La Liga 2,,,,False,2025-09-14,1110.0,713.0,Andorra,Cordoba,3.0,1.0,,,3.0,7.0,2.0,4.0,0.0,0.0,14.0,19.0,Desconocido
Jupiler Pro League,144.0,,,False,2025-09-14,740.0,631.0,Antwerp,Gent,1.0,2.0,,,5.0,1.0,4.0,2.0,0.0,1.0,22.0,9.0,Desconocido
Primeira Liga,94.0,,,False,2025-09-14,240.0,4716.0,Arouca,Casa Pia,0.0,2.0,,,7.0,6.0,2.0,7.0,0.0,0.0,8.0,9.0,Desconocido
Super League Greece,197,Greece,,False,2025-09-14,955,953,Asteras Tripolis,Larisa,2.0,2.0,,,4.0,2.0,4.0,4.0,0.0,0.0,10.0,16.0,"Georgios Kokkinos, Greece"
Serie A,71.0,,,False,2025-09-14,499.0,867.0,Atalanta,Lecce,4.0,1.0,,,8.0,2.0,0.0,0.0,0.0,0.0,19.0,12.0,Desconocido
La Liga,140.0,,,False,2025-09-14,529.0,532.0,Barcelona,Valencia,6.0,0.0,,,5.0,4.0,0.0,1.0,0.0,0.0,24.0,2.0,Desconocido
Ligue 1,61.0,,,False,2025-09-14,,114.0,Brest,Paris FC,1.0,2.0,,,6.0,1.0,0.0,2.0,0.0,1.0,23.0,7.0,Desconocido
Premier League,569.0,,,False,2025-09-14,44.0,40.0,Burnley,Liverpool,0.0,1.0,,,1.0,13.0,0.0,2.0,0.0,0.0,3.0,27.0,Desconocido
La Liga 2,,,,False,2025-09-14,,,Castellon,Ceuta,3.0,3.0,,,10.0,6.0,3.0,5.0,0.0,1.0,15.0,10.0,Desconocido
La Liga,140.0,,,False,2025-09-14,,547.0,Celta,Girona,1.0,1.0,,,10.0,3.0,0.0,3.0,0.0,0.0,21.0,13.0,Desconocido
Jupiler Pro League,144.0,,,False,2025-09-14,741.0,736.0,Cercle Brugge,Charleroi,2.0,3.0,,,4.0,3.0,1.0,2.0,0.0,0.0,8.0,9.0,Desconocido
Bundesliga 2,,,,False,2025-09-14,,,Elversberg,Dresden,2.0,2.0,,,7.0,5.0,0.0,4.0,0.0,0.0,23.0,11.0,Desconocido
Serie B,72.0,,,False,2025-09-14,511.0,515.0,Empoli,Spezia,1.0,1.0,,,2.0,7.0,3.0,2.0,0.0,0.0,12.0,13.0,Desconocido
Primeira Liga,94.0,,,False,2025-09-14,15130.0,224.0,Estrela,Guimaraes,0.0,2.0,,,3.0,2.0,2.0,0.0,0.0,0.0,10.0,14.0,Desconocido
Eredivisie,88.0,,,False,2025-09-14,196.0,426.0,Excelsior,Sparta Rotterdam,0.0,1.0,,,7.0,2.0,4.0,1.0,1.0,0.0,17.0,19.0,Desconocido
Turkey Super Lig,,,,False,2025-09-14,,998.0,Fenerbahce,Trabzonspor,1.0,0.0,,,9.0,0.0,4.0,3.0,0.0,1.0,29.0,1.0,Desconocido
Turkey Super Lig,,,,False,2025-09-14,,7411.0,Gaziantep,Kocaelispor,2.0,0.0,,,3.0,6.0,5.0,3.0,0.0,1.0,14.0,3.0,Desconocido
La Liga 2,,,,False,2025-09-14,22018.0,537.0,Granada,Leganes,0.0,2.0,,,5.0,1.0,2.0,3.0,0.0,0.0,13.0,5.0,Desconocido
Bundesliga 2,,,,False,2025-09-14,,,Greuther Furth,Kaiserslautern,0.0,3.0,,,4.0,5.0,1.0,6.0,1.0,0.0,8.0,14.0,Desconocido
Eredivisie,88.0,,,False,2025-09-14,206.0,201.0,Heracles,AZ Alkmaar,1.0,2.0,,,6.0,9.0,1.0,5.0,0.0,0.0,19.0,25.0,Desconocido
Turkey Super Lig,,,,False,2025-09-14,1001.0,,Kayserispor,Goztep,1.0,1.0,,,3.0,7.0,4.0,1.0,0.0,0.0,8.0,13.0,Desconocido
Super League Greece,197,Greece,,False,2025-09-14,5050,617,Kifisia,Panathinaikos,3.0,2.0,,,3.0,6.0,5.0,4.0,0.0,0.0,10.0,12.0,"Konstantinos Katikos, Greece"
Premiership Escocia,179,Scotland,,False,2025-09-14,250,247,Kilmarnock,Celtic,1.0,2.0,,,6.0,7.0,2.0,3.0,0.0,0.0,12.0,21.0,"John Beaton, Scotland"
Super League Greece,,,,False,2025-09-14,,,Levadeiakos,AEK,0.0,1.0,,,2.0,8.0,2.0,2.0,0.0,0.0,13.0,19.0,Desconocido
La Liga,140.0,,,False,2025-09-14,539.0,,Levante,Betis,2.0,2.0,,,4.0,12.0,3.0,2.0,0.0,0.0,5.0,28.0,Desconocido
Ligue 1,61.0,,,False,2025-09-14,79.0,96.0,Lille,Toulouse,2.0,1.0,,,7.0,6.0,2.0,3.0,0.0,1.0,20.0,9.0,Desconocido
Bundesliga,218.0,,,False,2025-09-14,,162.0,M'gladbach,Werder Bremen,0.0,4.0,,,9.0,4.0,1.0,0.0,0.0,0.0,19.0,12.0,Desconocido
Premier League,569.0,,,False,2025-09-14,,,Man City,Man United,3.0,0.0,,,2.0,4.0,0.0,0.0,0.0,0.0,13.0,12.0,Desconocido
Ligue 1,61.0,,,False,2025-09-14,112.0,77.0,Metz,Angers,1.0,1.0,,,4.0,3.0,0.0,1.0,0.0,0.0,9.0,11.0,Desconocido
Serie A,71.0,,,False,2025-09-14,,500.0,Milan,Bologna,1.0,0.0,,,7.0,4.0,3.0,2.0,0.0,0.0,14.0,5.0,Desconocido
Super League Greece,,,,False,2025-09-14,,619.0,OFI Crete,PAOK,1.0,2.0,,,5.0,2.0,2.0,1.0,0.0,0.0,7.0,14.0,Desconocido
La Liga,140.0,,,False,2025-09-14,727.0,,Osasuna,Vallecano,2.0,0.0,,,3.0,6.0,3.0,2.0,0.0,0.0,9.0,19.0,Desconocido
Ligue 1,61.0,,,False,2025-09-14,,116.0,Paris SG,Lens,2.0,0.0,,,4.0,3.0,1.0,2.0,0.0,0.0,14.0,11.0,Desconocido
Serie A,71.0,,,False,2025-09-14,801.0,494.0,Pisa,Udinese,0.0,1.0,,,8.0,6.0,1.0,2.0,0.0,0.0,12.0,13.0,Desconocido
Bundesliga 2,,,,False,2025-09-14,1313.0,,Preußen Münster,Fortuna Dusseldorf,1.0,2.0,,,8.0,2.0,3.0,2.0,0.0,0.0,21.0,10.0,Desconocido
Ligue 1,61.0,,,False,2025-09-14,94.0,80.0,Rennes,Lyon,3.0,1.0,,,5.0,4.0,2.0,2.0,0.0,1.0,23.0,8.0,Desconocido
Serie A,71.0,,,False,2025-09-14,,503.0,Roma,Torino,0.0,1.0,,,7.0,4.0,2.0,3.0,0.0,0.0,22.0,8.0,Desconocido
La Liga 2,,,,False,2025-09-14,,725.0,Santander,Cultural Leonesa,2.0,4.0,,,11.0,1.0,0.0,2.0,0.0,0.0,20.0,11.0,Desconocido
Serie A,71.0,,,False,2025-09-14,488.0,487.0,Sassuolo,Lazio,1.0,0.0,,,3.0,7.0,6.0,3.0,0.0,0.0,10.0,13.0,Desconocido
Championship,407.0,,,False,2025-09-14,41.0,1355.0,Southampton,Portsmouth,0.0,0.0,,,7.0,5.0,4.0,2.0,0.0,0.0,9.0,10.0,Desconocido
Primeira Liga,94.0,,,False,2025-09-14,,,Sp Braga,Gil Vicente,0.0,1.0,,,5.0,7.0,2.0,3.0,0.0,0.0,11.0,12.0,Desconocido
La Liga 2,,,,False,2025-09-14,,9580.0,Sp Gijon,Burgos,2.0,3.0,,,8.0,4.0,1.0,2.0,0.0,0.0,29.0,10.0,Desconocido
Bundesliga,218.0,,,False,2025-09-14,,,St Pauli,Augsburg,2.0,1.0,,,3.0,1.0,1.0,4.0,0.0,0.0,13.0,10.0,Desconocido
Jupiler Pro League,144.0,,,False,2025-09-14,,,St Truiden,Westerlo,0.0,3.0,,,8.0,3.0,1.0,2.0,0.0,0.0,17.0,12.0,Desconocido
Ligue 1,61.0,,,False,2025-09-14,95.0,111.0,Strasbourg,Le Havre,1.0,0.0,,,4.0,3.0,2.0,2.0,1.0,0.0,9.0,10.0,Desconocido
Serie B,72.0,,,False,2025-09-14,1578.0,522.0,Sudtirol,Palermo,0.0,2.0,,,7.0,3.0,2.0,3.0,0.0,0.0,16.0,12.0,Desconocido
Eredivisie,88.0,,,False,2025-09-14,427.0,,Telstar,For Sittard,1.0,3.0,,,10.0,1.0,1.0,0.0,0.0,0.0,18.0,9.0,Desconocido
Eredivisie,88.0,,,False,2025-09-14,207.0,202.0,Utrecht,Groningen,0.0,1.0,,,3.0,4.0,0.0,4.0,0.0,0.0,14.0,13.0,Desconocido
Serie B,72.0,,,False,2025-09-14,527.0,1693.0,Virtus Entella,Mantova,1.0,0.0,,,7.0,4.0,3.0,0.0,0.0,0.0,15.0,15.0,Desconocido
League 1,41,England,,False,2025-09-13,1333,73,AFC Wimbledon,Rotherham,2.0,1.0,,,5.0,5.0,2.0,3.0,0.0,0.0,10.0,7.0,"Lee Swabey, England"
Premiership Escocia,179,Scotland,,False,2025-09-13,252,255,Aberdeen,Livingston,0.0,0.0,,,6.0,6.0,4.0,3.0,0.0,0.0,16.0,6.0,"Nick Walsh, Scotland"
League 2,,,,False,2025-09-13,,1361.0,Accrington,Colchester,1.0,0.0,,,5.0,4.0,2.0,3.0,0.0,1.0,16.0,5.0,Desconocido
Eredivisie,88.0,,,False,2025-09-13,194.0,,Ajax,Zwolle,3.0,1.0,,,7.0,1.0,2.0,1.0,0.0,0.0,12.0,8.0,Desconocido
League 1 Escocia,,,,False,2025-09-13,,4251.0,Alloa,Montrose,0.0,1.0,,,7.0,6.0,0.0,4.0,0.0,0.0,10.0,8.0,Desconocido
League 2 Escocia,184,Scotland,,False,2025-09-13,6757,6762,Annan Athletic,Clyde,0.0,6.0,,,6.0,3.0,0.0,1.0,0.0,0.0,5.0,14.0,Jamie Wilkie
Ligue 2,62.0,,,False,2025-09-13,3012.0,93.0,Annecy,Reims,1.0,1.0,,,5.0,7.0,3.0,5.0,0.0,0.0,6.0,15.0,Desconocido
Championship Escocia,180,Scotland,,False,2025-09-13,4249,1388,Arbroath,Dunfermline,0.0,5.0,,,9.0,5.0,4.0,2.0,0.0,0.0,9.0,12.0,Lloyd Wilson
Premier League,569.0,,,False,2025-09-13,9419.0,,Arsenal,Nott'm Forest,3.0,0.0,,,8.0,4.0,1.0,1.0,0.0,0.0,16.0,5.0,Desconocido
La Liga,140.0,,,False,2025-09-13,,542.0,Ath Bilbao,Alaves,0.0,1.0,,,6.0,6.0,4.0,3.0,0.0,0.0,12.0,4.0,Desconocido
La Liga,140.0,,,False,2025-09-13,,533.0,Ath Madrid,Villarreal,2.0,0.0,,,8.0,3.0,2.0,4.0,0.0,0.0,8.0,8.0,Desconocido
Super League Greece,,,,False,2025-09-13,12260.0,3408.0,Atromitos,Aris,1.0,2.0,,,4.0,7.0,1.0,2.0,0.0,0.0,7.0,11.0,Desconocido
Ligue 1,61.0,,,False,2025-09-13,108.0,91.0,Auxerre,Monaco,1.0,2.0,,,5.0,8.0,3.0,6.0,1.0,0.0,9.0,13.0,Desconocido
Championship Escocia,,,,False,2025-09-13,,902.0,Ayr,Ross County,1.0,1.0,,,8.0,5.0,0.0,3.0,0.0,0.0,11.0,8.0,Desconocido
League 1,41,England,,False,2025-09-13,747,53,Barnsley,Reading,3.0,2.0,,,5.0,4.0,3.0,5.0,0.0,0.0,15.0,14.0,"Elliot Bell, England"
Bundesliga,218.0,,,False,2025-09-13,,,Bayern Munich,Hamburg,5.0,0.0,,,5.0,3.0,2.0,2.0,0.0,0.0,22.0,9.0,Desconocido
Turkey Super Lig,,,,False,2025-09-13,,,Besiktas,Buyuksehyr,2.0,1.0,,,10.0,5.0,3.0,4.0,1.0,1.0,21.0,11.0,Desconocido
National League,43.0,,,False,2025-09-13,1830.0,4700.0,Boreham Wood,Altrincham,3.0,1.0,,,,,2.0,2.0,0.0,1.0,,,Desconocido
Premier League,569.0,,,False,2025-09-13,35.0,51.0,Bournemouth,Brighton,2.0,1.0,,,4.0,4.0,4.0,4.0,0.0,0.0,13.0,6.0,Desconocido
League 1,41,England,,False,2025-09-13,1343,37,Bradford,Huddersfield,3.0,1.0,,,5.0,11.0,1.0,5.0,0.0,0.0,13.0,8.0,"Scott Oldham, England"
National League,43.0,,,False,2025-09-13,,1828.0,Braintree Town,York,2.0,3.0,,,,,4.0,1.0,0.0,0.0,,,Desconocido
Premier League,569.0,,,False,2025-09-13,55.0,49.0,Brentford,Chelsea,2.0,2.0,,,5.0,6.0,3.0,2.0,0.0,0.0,7.0,16.0,Desconocido
League 2,,,,False,2025-09-13,,1819.0,Bristol Rvs,Barrow,2.0,1.0,,,6.0,9.0,2.0,3.0,0.0,0.0,12.0,15.0,Desconocido
League 1,,,,False,2025-09-13,,1379.0,Burton,Lincoln,0.0,1.0,,,6.0,3.0,2.0,3.0,0.0,0.0,16.0,10.0,Desconocido
La Liga 2,141,Spain,,False,2025-09-13,724,545,Cadiz,Eibar,1.0,0.0,,,5.0,4.0,2.0,2.0,0.0,0.0,12.0,17.0,"Eder Mallo Fernandez, Spain"
Serie A,71.0,,,False,2025-09-13,490.0,523.0,Cagliari,Parma,2.0,0.0,,,4.0,5.0,3.0,1.0,0.0,0.0,12.0,17.0,Desconocido
National League,43.0,,,False,2025-09-13,1371.0,,Carlisle,Aldershot,2.0,0.0,,,,,1.0,1.0,0.0,0.0,,,Desconocido
Serie B,72.0,,,False,2025-09-13,1687.0,1581.0,Catanzaro,Carrarese,1.0,1.0,,,6.0,8.0,4.0,3.0,0.0,0.0,18.0,11.0,Desconocido
Championship,407.0,,,False,2025-09-13,1335.0,58.0,Charlton,Millwall,1.0,1.0,,,3.0,4.0,1.0,1.0,1.0,0.0,14.0,15.0,Desconocido
League 2,42,England,,False,2025-09-13,1345,1348,Chesterfield,Milton Keynes Dons,1.0,1.0,,,7.0,4.0,1.0,4.0,0.0,0.0,12.0,4.0,"Edward Duckworth, England"
Ligue 2,62.0,,,False,2025-09-13,,,Clermont,St Etienne,1.0,2.0,,,2.0,5.0,1.0,1.0,0.0,0.0,12.0,16.0,Desconocido
League 1 Escocia,,,,False,2025-09-13,6763.0,,Cove Rangers,Inverness C,0.0,1.0,,,4.0,6.0,4.0,2.0,0.0,0.0,9.0,9.0,Desconocido
Championship,407.0,,,False,2025-09-13,1346.0,71.0,Coventry,Norwich,1.0,1.0,,,11.0,2.0,2.0,6.0,0.0,0.0,28.0,4.0,Desconocido
League 2,42,England,,False,2025-09-13,1362,1372,Crawley Town,Cheltenham,2.0,0.0,,,7.0,4.0,2.0,1.0,0.0,0.0,17.0,11.0,"Tom Reeves, England"
League 2,42,England,,False,2025-09-13,1363,1369,Crewe,Barnet,1.0,2.0,,,5.0,6.0,0.0,4.0,0.0,0.0,11.0,12.0,"Declan Bourne, England"
Premier League,569.0,,,False,2025-09-13,52.0,746.0,Crystal Palace,Sunderland,0.0,0.0,,,5.0,3.0,1.0,1.0,0.0,0.0,14.0,6.0,Desconocido
Bundesliga 2,,,,False,2025-09-13,,,Darmstadt,Braunschweig,2.0,1.0,,,2.0,5.0,2.0,2.0,0.0,1.0,10.0,13.0,Desconocido
Jupiler Pro League,144.0,,,False,2025-09-13,6215.0,,Dender,St. Gilloise,0.0,1.0,,,1.0,6.0,0.0,0.0,0.0,0.0,5.0,18.0,Desconocido
Premiership Escocia,179,Scotland,,False,2025-09-13,253,256,Dundee,Motherwell,1.0,1.0,,,2.0,6.0,1.0,1.0,1.0,0.0,7.0,16.0,"Calum Scott, Scotland"
League 1 Escocia,,,,False,2025-09-13,6764.0,,East Fife,Queen of Sth,2.0,1.0,,,4.0,1.0,4.0,4.0,0.0,0.0,10.0,3.0,Desconocido
League 2 Escocia,184,Scotland,,False,2025-09-13,6766,6765,Edinburgh City,East Kilbride,2.0,2.0,,,3.0,6.0,4.0,6.0,0.0,0.0,11.0,8.0,Lewis Hogarth
League 2 Escocia,,,,False,2025-09-13,,,Elgin,Stirling,3.0,0.0,,,9.0,7.0,4.0,3.0,0.0,1.0,15.0,3.0,Desconocido
Primeira Liga,94.0,,,False,2025-09-13,230.0,21595.0,Estoril,AVS,3.0,1.0,,,1.0,5.0,5.0,2.0,0.0,0.0,15.0,12.0,Desconocido
Premier League,569.0,,,False,2025-09-13,45.0,66.0,Everton,Aston Villa,0.0,0.0,,,10.0,3.0,3.0,3.0,0.0,0.0,20.0,7.0,Desconocido
League 1,,,,False,2025-09-13,,1351.0,Exeter,Port Vale,0.0,2.0,,,8.0,2.0,1.0,2.0,0.0,0.0,11.0,5.0,Desconocido
Turkey Super Lig,,,,False,2025-09-13,,645.0,Eyupspor,Galatasaray,0.0,2.0,,,6.0,6.0,2.0,1.0,0.0,0.0,9.0,21.0,Desconocido
Premiership Escocia,,,,False,2025-09-13,1389.0,,Falkirk,St Mirren,1.0,2.0,,,4.0,2.0,1.0,2.0,0.0,0.0,10.0,13.0,Desconocido
Primeira Liga,94.0,,,False,2025-09-13,242.0,,Famalicao,Sp Lisbon,1.0,2.0,,,5.0,4.0,4.0,3.0,0.0,0.0,9.0,9.0,Desconocido
Eredivisie,88.0,,,False,2025-09-13,209.0,210.0,Feyenoord,Heerenveen,1.0,0.0,,,6.0,3.0,2.0,2.0,1.0,1.0,10.0,11.0,Desconocido
Serie A,71.0,,,False,2025-09-13,502.0,492.0,Fiorentina,Napoli,1.0,3.0,,,8.0,5.0,0.0,0.0,0.0,0.0,19.0,14.0,Desconocido
League 2,42,England,,False,2025-09-13,1336,1342,Fleetwood Town,Walsall,1.0,1.0,,,6.0,6.0,1.0,1.0,0.0,0.0,9.0,13.0,"Neil Hair, England"
National League,43.0,,,False,2025-09-13,1378.0,1340.0,Forest Green,Scunthorpe,1.0,1.0,,,,,2.0,1.0,0.0,0.0,,,Desconocido
League 2 Escocia,,,,False,2025-09-13,,1382.0,Forfar,Dumbarton,2.0,3.0,,,2.0,6.0,1.0,2.0,0.0,0.0,5.0,9.0,Desconocido
Bundesliga,218.0,,,False,2025-09-13,,,Freiburg,Stuttgart,3.0,1.0,,,7.0,1.0,1.0,1.0,1.0,0.0,14.0,7.0,Desconocido
Premier League,569.0,,,False,2025-09-13,36.0,63.0,Fulham,Leeds,1.0,0.0,,,3.0,3.0,1.0,2.0,0.0,0.0,5.0,10.0,Desconocido
La Liga,140.0,,,False,2025-09-13,546.0,718.0,Getafe,Oviedo,2.0,0.0,,,4.0,3.0,2.0,5.0,0.0,1.0,10.0,5.0,Desconocido
League 2,42,England,,False,2025-09-13,1347,1376,Gillingham,Notts County,1.0,0.0,,,2.0,4.0,4.0,1.0,0.0,0.0,7.0,8.0,"Sam Mulhall, England"
Eredivisie,88.0,,,False,2025-09-13,,,Go Ahead Eagles,Volendam,3.0,0.0,,,7.0,7.0,1.0,1.0,0.0,0.0,19.0,19.0,Desconocido
Ligue 2,62.0,,,False,2025-09-13,101.0,1304.0,Grenoble,Dunkerque,1.0,0.0,,,6.0,7.0,2.0,1.0,0.0,0.0,12.0,13.0,Desconocido
League 2,,,,False,2025-09-13,1365.0,,Grimsby,Cambridge,1.0,1.0,,,5.0,5.0,3.0,4.0,0.0,0.0,11.0,11.0,Desconocido
National League,43.0,,,False,2025-09-13,,1822.0,Halifax,Eastleigh,2.0,2.0,,,,,3.0,3.0,0.0,0.0,,,Desconocido
Bundesliga 2,,,,False,2025-09-13,,,Hannover,Hertha,0.0,3.0,,,15.0,0.0,2.0,5.0,0.0,0.0,21.0,9.0,Desconocido
National League,43.0,,,False,2025-09-13,1366.0,4701.0,Hartlepool,Brackley Town,0.0,0.0,,,,,1.0,1.0,0.0,0.0,,,Desconocido
Bundesliga,218.0,,,False,2025-09-13,,,Heidenheim,Dortmund,0.0,2.0,,,5.0,4.0,2.0,3.0,1.0,0.0,6.0,17.0,Desconocido
Premiership Escocia,,,,False,2025-09-13,249.0,,Hibernian,Dundee United,3.0,3.0,,,6.0,4.0,2.0,4.0,0.0,1.0,27.0,13.0,Desconocido
La Liga 2,141,Spain,,False,2025-09-13,726,535,Huesca,Malaga,1.0,0.0,,,4.0,3.0,4.0,2.0,0.0,0.0,12.0,7.0,"Gorka Etayo Herrera, Spain"
Serie B,72.0,,,False,2025-09-13,863.0,880.0,Juve Stabia,Reggiana,0.0,0.0,,,8.0,1.0,4.0,0.0,0.0,0.0,17.0,4.0,Desconocido
Serie A,71.0,,,False,2025-09-13,10019.0,505.0,Juventus,Inter,4.0,3.0,,,5.0,9.0,2.0,1.0,0.0,0.0,12.0,18.0,Desconocido
Turkey Super Lig,,,,False,2025-09-13,,,Karagumruk,Kasimpasa,0.0,1.0,,,6.0,4.0,0.0,4.0,0.0,1.0,14.0,8.0,Desconocido
Bundesliga 2,,,,False,2025-09-13,,,Karlsruhe,Nurnberg,2.0,1.0,,,6.0,10.0,2.0,1.0,0.0,0.0,10.0,24.0,Desconocido
League 1 Escocia,183,Scotland,,False,2025-09-13,6773,6784,Kelty Hearts,Stenhousemuir,0.0,1.0,,,4.0,10.0,2.0,3.0,0.0,0.0,3.0,16.0,Peter Stuart
Turkey Super Lig,203,Turkey,,False,2025-09-13,607,996,Konyaspor,Alanyaspor,1.0,2.0,,,6.0,1.0,5.0,3.0,0.0,0.0,13.0,7.0,H. U. Meler
League 1,41,England,,False,2025-09-13,1373,68,Leyton Orient,Bolton,1.0,1.0,,,3.0,8.0,3.0,2.0,0.0,0.0,6.0,11.0,"David Rock, England"
League 1,41,England,,False,2025-09-13,1359,1357,Luton,Plymouth,2.0,3.0,,,16.0,3.0,2.0,3.0,0.0,1.0,22.0,6.0,"Oliver Yates, England"
Bundesliga,218.0,,,False,2025-09-13,,173.0,Mainz,RB Leipzig,0.0,1.0,,,3.0,5.0,1.0,0.0,0.0,0.0,13.0,19.0,Desconocido
League 1,,,,False,2025-09-13,,1368.0,Mansfield,Stevenage,1.0,1.0,,,3.0,9.0,2.0,4.0,0.0,0.0,7.0,9.0,Desconocido
La Liga 2,,,,False,2025-09-13,799.0,,Mirandes,La Coruna,1.0,5.0,,,1.0,6.0,2.0,3.0,0.0,0.0,9.0,20.0,Desconocido
Serie B,72.0,,,False,2025-09-13,899.0,508.0,Modena,Bari,3.0,0.0,,,2.0,2.0,1.0,2.0,0.0,0.0,16.0,6.0,Desconocido
Primeira Liga,94.0,,,False,2025-09-13,215.0,226.0,Moreirense,Rio Ave,3.0,1.0,,,7.0,3.0,1.0,0.0,0.0,0.0,15.0,15.0,Desconocido
Premier League,569.0,,,False,2025-09-13,34.0,39.0,Newcastle,Wolves,1.0,0.0,,,10.0,4.0,1.0,4.0,0.0,0.0,16.0,8.0,Desconocido
Ligue 1,61.0,,,False,2025-09-13,84.0,83.0,Nice,Nantes,1.0,0.0,,,7.0,4.0,2.0,0.0,0.0,0.0,19.0,14.0,Desconocido
Eredivisie,88.0,,,False,2025-09-13,,197.0,Nijmegen,PSV Eindhoven,3.0,5.0,,,8.0,4.0,2.0,4.0,0.0,0.0,20.0,18.0,Desconocido
League 1,41,England,,False,2025-09-13,1337,1356,Northampton,Blackpool,1.0,0.0,,,5.0,5.0,1.0,1.0,0.0,0.0,9.0,15.0,"Sebastian Stockbridge, England"
League 2,42,England,,False,2025-09-13,1349,1832,Oldham,Bromley,1.0,0.0,,,8.0,8.0,2.0,1.0,0.0,0.0,16.0,14.0,"Richard Eley, England"
Super League Greece,,,,False,2025-09-13,3415.0,2099.0,Olympiakos,Panserraikos,5.0,0.0,,,11.0,0.0,0.0,3.0,0.0,1.0,29.0,2.0,Desconocido
Championship,407.0,,,False,2025-09-13,,46.0,Oxford,Leicester,2.0,2.0,,,4.0,4.0,1.0,2.0,0.0,1.0,19.0,8.0,Desconocido
Serie B,72.0,,,False,2025-09-13,870.0,512.0,Padova,Frosinone,0.0,1.0,,,6.0,4.0,1.0,2.0,0.0,0.0,10.0,14.0,Desconocido
Super League Greece,197,Greece,,False,2025-09-13,949,2110,Panetolikos,Volos NFC,1.0,2.0,,,7.0,3.0,5.0,6.0,0.0,0.0,7.0,10.0,"Athanasios Tzilos, Greece"
Serie B,72.0,,,False,2025-09-13,525.0,517.0,Pescara,Venezia,2.0,2.0,,,7.0,5.0,1.0,1.0,0.0,0.0,16.0,12.0,Desconocido
League 1,,,,False,2025-09-13,,1358.0,Peterboro,Wycombe,2.0,1.0,,,3.0,3.0,3.0,1.0,0.0,0.0,16.0,12.0,Desconocido
League 1 Escocia,,,,False,2025-09-13,6777.0,,Peterhead,Hamilton,2.0,2.0,,,7.0,8.0,3.0,4.0,0.0,0.0,13.0,10.0,Desconocido
Primeira Liga,94.0,,,False,2025-09-13,,225.0,Porto,Nacional,1.0,0.0,,,5.0,5.0,2.0,4.0,0.0,0.0,11.0,5.0,Desconocido
Championship,407.0,,,False,2025-09-13,59.0,70.0,Preston,Middlesbrough,2.0,2.0,,,3.0,4.0,1.0,3.0,0.0,0.0,7.0,14.0,Desconocido
Championship Escocia,,,,False,2025-09-13,,1383.0,Queens Park,Morton,0.0,0.0,,,2.0,8.0,2.0,4.0,0.0,0.0,7.0,11.0,Desconocido
Jupiler Pro League,144.0,,,False,2025-09-13,,,RAAL La Louviere,Club Brugge,1.0,0.0,,,5.0,6.0,0.0,1.0,0.0,0.0,13.0,21.0,Desconocido
Championship Escocia,,,,False,2025-09-13,,,Raith Rvs,St Johnstone,0.0,2.0,,,6.0,5.0,1.0,0.0,0.0,0.0,7.0,11.0,Desconocido
Premiership Escocia,,,,False,2025-09-13,257.0,,Rangers,Hearts,0.0,2.0,,,9.0,2.0,2.0,1.0,0.0,0.0,14.0,12.0,Desconocido
Serie B,72.0,,,False,2025-09-13,498.0,509.0,Sampdoria,Cesena,1.0,2.0,,,1.0,2.0,4.0,2.0,0.0,0.0,11.0,8.0,Desconocido
Turkey Super Lig,203,Turkey,,False,2025-09-13,3603,1005,Samsunspor,Antalyaspor,1.0,2.0,,,6.0,2.0,4.0,2.0,0.0,0.0,16.0,6.0,A. Kardesler
Bundesliga 2,,,,False,2025-09-13,,191.0,Schalke 04,Holstein Kiel,0.0,1.0,,,8.0,3.0,0.0,3.0,0.0,0.0,12.0,10.0,Desconocido
Championship,407.0,,,False,2025-09-13,,56.0,Sheffield Weds,Bristol City,0.0,3.0,,,4.0,1.0,2.0,0.0,0.0,0.0,6.0,9.0,Desconocido
League 2,,,,False,2025-09-13,1352.0,,Shrewsbury,Salford,1.0,3.0,,,7.0,4.0,1.0,2.0,0.0,0.0,17.0,11.0,Desconocido
La Liga,140.0,,,False,2025-09-13,,541.0,Sociedad,Real Madrid,1.0,2.0,,,12.0,4.0,2.0,1.0,0.0,1.0,23.0,16.0,Desconocido
National League,43.0,,,False,2025-09-13,,1375.0,Solihull,Morecambe,4.0,4.0,,,,,1.0,0.0,0.0,0.0,,,Desconocido
National League,43.0,,,False,2025-09-13,1341.0,,Southend,Boston Utd,1.0,1.0,,,,,0.0,4.0,0.0,0.0,,,Desconocido
League 1,,,,False,2025-09-13,,43.0,Stockport,Cardiff,1.0,1.0,,,7.0,2.0,0.0,1.0,0.0,0.0,14.0,4.0,Desconocido
Championship,407.0,,,False,2025-09-13,,54.0,Stoke,Birmingham,1.0,0.0,,,5.0,3.0,3.0,1.0,0.0,0.0,8.0,7.0,Desconocido
League 2 Escocia,184,Scotland,,False,2025-09-13,6785,6781,Stranraer,Spartans,0.0,2.0,,,5.0,6.0,2.0,2.0,1.0,0.0,6.0,18.0,Daniel Graves
National League,43.0,,,False,2025-09-13,,7752.0,Sutton,Tamworth,2.0,3.0,,,,,2.0,3.0,0.0,0.0,,,Desconocido
Championship,407.0,,,False,2025-09-13,76.0,,Swansea,Hull,2.0,2.0,,,5.0,2.0,1.0,1.0,0.0,0.0,9.0,15.0,Desconocido
League 2,,,,False,2025-09-13,,,Swindon,Harrogate,3.0,1.0,,,6.0,7.0,2.0,2.0,0.0,0.0,22.0,7.0,Desconocido
League 2,42,England,,False,2025-09-13,1381,1367,Tranmere,Newport County,1.0,1.0,,,3.0,2.0,2.0,3.0,0.0,0.0,14.0,11.0,"Alan Young, England"
National League,43.0,,,False,2025-09-13,,1339.0,Truro,Rochdale,0.0,1.0,,,,,2.0,2.0,0.0,0.0,,,Desconocido
Eredivisie,88.0,,,False,2025-09-13,415.0,203.0,Twente,NAC Breda,2.0,2.0,,,4.0,3.0,2.0,1.0,0.0,0.0,15.0,11.0,Desconocido
Bundesliga,218.0,,,False,2025-09-13,182.0,,Union Berlin,Hoffenheim,2.0,4.0,,,9.0,2.0,1.0,1.0,1.0,0.0,20.0,9.0,Desconocido
La Liga 2,141,Spain,,False,2025-09-13,720,723,Valladolid,Almeria,3.0,1.0,,,8.0,3.0,5.0,5.0,0.0,0.0,11.0,14.0,"Damaso Arcediano Monescillo, Spain"
Jupiler Pro League,144.0,,,False,2025-09-13,,,Waregem,Oud-Heverlee Leuven,2.0,0.0,,,2.0,6.0,3.0,4.0,0.0,0.0,12.0,25.0,Desconocido
Championship,407.0,,,False,2025-09-13,38.0,67.0,Watford,Blackburn,0.0,1.0,,,5.0,7.0,1.0,2.0,0.0,0.0,14.0,14.0,Desconocido
National League,43.0,,,False,2025-09-13,8663.0,1823.0,Wealdstone,Gateshead,2.0,2.0,,,,,2.0,2.0,0.0,0.0,,,Desconocido
Championship,407.0,,,False,2025-09-13,60.0,69.0,West Brom,Derby,0.0,1.0,,,11.0,0.0,1.0,2.0,0.0,0.0,18.0,4.0,Desconocido
Premier League,569.0,,,False,2025-09-13,48.0,47.0,West Ham,Tottenham,0.0,3.0,,,2.0,13.0,0.0,1.0,1.0,0.0,7.0,14.0,Desconocido
League 1,41,England,,False,2025-09-13,61,1354,Wigan,Doncaster,3.0,0.0,,,10.0,10.0,2.0,1.0,0.0,0.0,13.0,9.0,"Craig Hicks, England"
Bundesliga,218.0,,,False,2025-09-13,,,Wolfsburg,FC Koln,3.0,3.0,,,7.0,4.0,2.0,3.0,0.0,0.0,14.0,14.0,Desconocido
Championship,407.0,,,False,2025-09-13,1837.0,72.0,Wrexham,QPR,1.0,3.0,,,12.0,9.0,1.0,0.0,0.0,0.0,21.0,15.0,Desconocido
National League,43.0,,,False,2025-09-13,,1836.0,Yeovil,Woking,1.0,0.0,,,,,4.0,3.0,0.0,0.0,,,Desconocido
Primeira Liga,94.0,,,False,2025-09-12,4724.0,218.0,Alverca,Tondela,1.0,0.0,,,5.0,6.0,1.0,2.0,0.0,0.0,12.0,14.0,Desconocido
Ligue 2,62.0,,,False,2025-09-12,87.0,1305.0,Amiens,Bastia,0.0,0.0,,,5.0,3.0,0.0,1.0,0.0,0.0,4.0,7.0,Desconocido
Serie B,72.0,,,False,2025-09-12,528.0,1579.0,Avellino,Monza,2.0,1.0,,,2.0,3.0,2.0,0.0,0.0,0.0,11.0,9.0,Desconocido
Primeira Liga,94.0,,,False,2025-09-12,211.0,227.0,Benfica,Santa Clara,1.0,1.0,,,4.0,5.0,1.0,1.0,0.0,1.0,19.0,9.0,Desconocido
Bundesliga 2,,,,False,2025-09-12,,,Bielefeld,Magdeburg,2.0,0.0,,,5.0,5.0,1.0,2.0,0.0,0.0,13.0,17.0,Desconocido
Ligue 2,62.0,,,False,2025-09-12,1299.0,433.0,Boulogne,Laval,1.0,2.0,,,3.0,2.0,1.0,0.0,0.0,0.0,11.0,7.0,Desconocido
Championship,407.0,,,False,2025-09-12,57.0,,Ipswich,Sheffield United,5.0,0.0,,,3.0,5.0,0.0,2.0,0.0,0.0,21.0,10.0,Desconocido
La Liga 2,,,,False,2025-09-12,534.0,,Las Palmas,Sociedad B,2.0,1.0,,,4.0,2.0,1.0,6.0,0.0,0.0,16.0,3.0,Desconocido
Ligue 2,62.0,,,False,2025-09-12,1298.0,1301.0,Le Mans,Rodez,0.0,1.0,,,5.0,3.0,2.0,2.0,0.0,0.0,20.0,12.0,Desconocido
Bundesliga,218.0,,,False,2025-09-12,,,Leverkusen,Ein Frankfurt,3.0,1.0,,,4.0,8.0,5.0,3.0,2.0,0.0,18.0,13.0,Desconocido
Ligue 1,61.0,,,False,2025-09-12,81.0,97.0,Marseille,Lorient,4.0,0.0,,,10.0,0.0,3.0,2.0,0.0,1.0,15.0,4.0,Desconocido
Bundesliga 2,,,,False,2025-09-12,,,Paderborn,Bochum,1.0,0.0,,,3.0,7.0,1.0,4.0,0.0,0.0,20.0,15.0,Desconocido
Championship Escocia,,,,False,2025-09-12,901.0,,Partick,Airdrie Utd,2.0,1.0,,,12.0,4.0,2.0,3.0,0.0,0.0,9.0,7.0,Desconocido
Ligue 2,62.0,,,False,2025-09-12,,,Pau FC,Red Star,0.0,3.0,,,2.0,2.0,1.0,2.0,2.0,0.0,13.0,16.0,Desconocido
La Liga,140.0,,,False,2025-09-12,536.0,797.0,Sevilla,Elche,2.0,2.0,,,2.0,2.0,4.0,3.0,0.0,0.0,7.0,5.0,Desconocido
Jupiler Pro League,144.0,,,False,2025-09-12,,,Standard,Mechelen,1.0,1.0,,,12.0,5.0,3.0,3.0,0.0,0.0,11.0,14.0,Desconocido
Ligue 2,62.0,,,False,2025-09-12,,102.0,Troyes,Nancy,3.0,0.0,,,7.0,3.0,1.0,0.0,0.0,0.0,22.0,7.0,Desconocido
FIFA World Cup qualification,32,World,,False,2025-09-09,778,1092,Albania,Latvia,1.0,0.0,,,,,,,,,,,D. Sylwestrzak
FIFA World Cup qualification,29,World,,False,2025-09-09,1529,1497,Angola,Mauritius,3.0,1.0,,,,,,,,,,,T. Boubou
FIFA World Cup qualification,,,,False,2025-09-09,,,Armenia,Republic of Ireland,2.0,1.0,,,,,,,,,,,Desconocido
FIFA World Cup qualification,32,World,,False,2025-09-09,1096,772,Azerbaijan,Ukraine,1.0,1.0,,,,,,,,,,,V. Fotias
FIFA World Cup qualification,29,World,,False,2025-09-09,1516,1518,Benin,Lesotho,4.0,0.0,,,,,,,,,,,M. Ismail
FIFA World Cup qualification,34,World,,False,2025-09-09,2381,6,Bolivia,Brazil,1.0,0.0,,,,,,,,,,,"Cristian Garay, Chile"
FIFA World Cup qualification,,,,False,2025-09-09,,775.0,Bosnia and Herzegovina,Austria,1.0,2.0,,,,,,,,,,,Desconocido
FIFA World Cup qualification,29,World,,False,2025-09-09,1502,32,Burkina Faso,Egypt,0.0,0.0,,,,,,,,,,,M. J. Nkounkou
FIFA World Cup qualification,,,,False,2025-09-09,,1530.0,Cape Verde,Cameroon,1.0,0.0,,,,,,,,,,,Desconocido
FIFA World Cup qualification,34,World,,False,2025-09-09,2383,7,Chile,Uruguay,0.0,0.0,,,,,,,,,,,"Anderson Daronco, Brazil"
FIFA World Cup qualification,31,World,,False,2025-09-09,29,2386,Costa Rica,Haiti,3.0,3.0,,,,,,,,,,,T. Penso
FIFA World Cup qualification,31,World,,False,2025-09-09,5530,5158,Curaçao,Bermuda,3.0,2.0,,,,,,,,,,,A. Carrasco
FIFA World Cup qualification,32,World,,False,2025-09-09,1106,774,Cyprus,Romania,2.0,2.0,,,,,,,,,,,M. Jug
FIFA World Cup qualification,,,,False,2025-09-09,,,DR Congo,Senegal,2.0,3.0,,,,,,,,,,,Desconocido
FIFA World Cup qualification,34,World,,False,2025-09-09,2382,26,Ecuador,Argentina,1.0,0.0,,,,,,,,,,,"Wilmar Roldan, Colombia"
Friendly,10,World,,False,2025-09-09,1101,1110,Estonia,Andorra,0.0,0.0,,,,,,,,,,,Oliver Reitala
FIFA World Cup qualification,32,World,,False,2025-09-09,2,18,France,Iceland,2.0,1.0,,,,,,,,,,,A. Nobre
FIFA World Cup qualification,29,World,,False,2025-09-09,1503,1501,Gabon,Ivory Coast,0.0,0.0,,,,,,,,,,,A. Bouh
FIFA World Cup qualification,29,World,,False,2025-09-09,1492,1528,Gambia,Burundi,2.0,0.0,,,,,,,,,,,M. Maarouf Eid
FIFA World Cup qualification,31,World,,False,2025-09-09,4672,5164,Honduras,Nicaragua,2.0,0.0,,,,,,,,,,,A. Villarreal
FIFA World Cup qualification,32,World,,False,2025-09-09,769,27,Hungary,Portugal,2.0,3.0,,,,,,,,,,,E. Lambrechts
FIFA World Cup qualification,31,World,,False,2025-09-09,2385,5168,Jamaica,Trinidad and Tobago,2.0,0.0,,,,,,,,,,,M. Escobar
Friendly,10,World,,False,2025-09-09,1548,5532,Jordan,Dominican Republic,3.0,0.0,,,,,,,,,,,Feras Taweel
FIFA World Cup qualification,29,World,,False,2025-09-09,1511,1515,Kenya,Seychelles,5.0,0.0,,,,,,,,,,,J. Ogabor
Friendly,10,World,,False,2025-09-09,1112,1115,Malta,San Marino,3.0,1.0,,,,,,,,,,,Andrei Florin Chivulete
FIFA World Cup qualification,29,World,,False,2025-09-09,1491,1496,Mauritania,South Sudan,0.0,0.0,,,,,,,,,,,M. Melki
Friendly,10,World,,False,2025-09-09,16,17,Mexico,South Korea,2.0,2.0,,,,,,,,,,,"Guido Gonzalez, USA"
FIFA World Cup qualification,,,,False,2025-09-09,1493.0,,Namibia,São Tomé and Príncipe,3.0,0.0,,,,,,,,,,,Desconocido
Soccer Ashes,10,World,,False,2025-09-09,4673,20,New Zealand,Australia,1.0,3.0,,,,,,,,,,,Don Robertson
FIFA World Cup qualification,32,World,,False,2025-09-09,1090,1114,Norway,Moldova,11.0,1.0,,,,,,,,,,,B. Berke
FIFA World Cup qualification,34,World,,False,2025-09-09,30,2380,Peru,Paraguay,0.0,1.0,,,,,,,,,,,"Nicolas Ramirez, Argentina"
FIFA World Cup qualification,32,World,,False,2025-09-09,14,10,Serbia,England,0.0,5.0,,,,,,,,,,,C. Turpin
FIFA World Cup qualification,29,World,,False,2025-09-09,1499,1506,Sierra Leone,Ethiopia,2.0,0.0,,,,,,,,,,,Y. Malala
Friendly,10,World,,False,2025-09-09,1546,1556,Singapore,Myanmar,1.0,1.0,,,,,,,,,,,Desconocido
FIFA World Cup qualification,29,World,,False,2025-09-09,1531,19,South Africa,Nigeria,1.0,1.0,,,,,,,,,,,P. Atcho
Friendly,10,World,,False,2025-09-09,5166,1549,Sri Lanka,Maldives,1.0,1.0,,,,,,,,,,,Desconocido
FIFA World Cup qualification,29,World,,False,2025-09-09,1489,1505,Tanzania,Niger,0.0,1.0,,,,,,,,,,,M. Ghorbal
FIFA World Cup qualification,29,World,,False,2025-09-09,1534,1510,Togo,Sudan,1.0,0.0,,,,,,,,,,,A. Rakotojaona
Friendly,,,,False,2025-09-09,,12.0,United States,Japan,2.0,0.0,,,,,,,,,,,Desconocido
FIFA World Cup qualification,34,World,,False,2025-09-09,2379,8,Venezuela,Colombia,3.0,6.0,,,,,,,,,,,"Wilton Pereira Sampaio, Brazil"
Friendly,10,World,,False,2025-09-09,767,5529,Wales,Canada,0.0,1.0,,,,,,,,,,,Robert Jones
National League,43.0,,,False,2025-09-09,1828.0,7752.0,York,Tamworth,4.0,0.0,,,,,1.0,1.0,0.0,0.0,,,Desconocido
FIFA World Cup qualification,29,World,,False,2025-09-09,1522,1514,Zimbabwe,Rwanda,0.0,1.0,,,,,,,,,,,A. Mefire
FIFA World Cup qualification,32,World,,False,2025-09-08,1100,1108,Belarus,Scotland,0.0,2.0,,,,,,,,,,,N. Dabanovic
FIFA World Cup qualification,32,World,,False,2025-09-08,3,1109,Croatia,Montenegro,4.0,0.0,,,,,,,,,,,F. Zwayer
Friendly,,,,False,2025-09-08,,23.0,Czech Republic,Saudi Arabia,1.0,1.0,,,,,,,,,,,Desconocido
La Liga 2,,,,False,2025-09-08,545.0,1110.0,Eibar,Andorra,2.0,0.0,,,10.0,5.0,3.0,4.0,0.0,0.0,16.0,11.0,Desconocido
FIFA World Cup qualification,31,World,,False,2025-09-08,5159,8171,El Salvador,Suriname,1.0,2.0,,,,,,,,,,,A. Escobedo Gonzalez
FIFA World Cup qualification,29,World,,False,2025-09-08,1521,28,Equatorial Guinea,Tunisia,0.0,1.0,,,,,,,,,,,P. Milazare
FIFA World Cup qualification,29,World,,False,2025-09-08,1504,1500,Ghana,Mali,1.0,0.0,,,,,,,,,,,L. Badi
FIFA World Cup qualification,32,World,,False,2025-09-08,1093,1098,Gibraltar,Faroe Islands,0.0,1.0,,,,,,,,,,,M. Al-Hakim
FIFA World Cup qualification,32,World,,False,2025-09-08,1117,21,Greece,Denmark,0.0,3.0,,,,,,,,,,,D. Rumsas
FIFA World Cup qualification,29,World,,False,2025-09-08,1509,1532,Guinea,Algeria,0.0,0.0,,,,,,,,,,,S. Uwikunda
FIFA World Cup qualification,29,World,,False,2025-09-08,1513,1535,Guinea-Bissau,Djibouti,2.0,0.0,,,,,,,,,,,A. Gnama
Friendly,10,World,,False,2025-09-08,1571,1551,Indonesia,Lebanon,0.0,0.0,,,,,,,,,,,Hyung-Jin Ko
FIFA World Cup qualification,32,World,,False,2025-09-08,1116,768,Israel,Italy,4.0,5.0,,,,,,,,,,,S. Vincic
FIFA World Cup qualification,32,World,,False,2025-09-08,1111,5,Kosovo,Sweden,2.0,0.0,,,,,,,,,,,A. Lindhout
FIFA World Cup qualification,29,World,,False,2025-09-08,1526,2995,Libya,Eswatini,2.0,0.0,,,,,,,,,,,A. Diouf
FIFA World Cup qualification,29,World,,False,2025-09-08,1490,1523,Madagascar,Chad,3.0,1.0,,,,,,,,,,,F. Duarte
FIFA World Cup qualification,29,World,,False,2025-09-08,1495,1525,Malawi,Liberia,2.0,2.0,,,,,,,,,,,R. Akech Malong
Friendly,10,World,,False,2025-09-08,1538,1562,Malaysia,Palestine,1.0,0.0,,,,,,,,,,,Desconocido
FIFA World Cup qualification,29,World,,False,2025-09-08,1512,1520,Mozambique,Botswana,2.0,0.0,,,,,,,,,,,T. Bamlak
FIFA World Cup qualification,31,World,,False,2025-09-08,11,5161,Panama,Guatemala,1.0,1.0,,,,,,,,,,,H. Said Martinez
FIFA World Cup qualification,32,World,,False,2025-09-08,15,1091,Switzerland,Slovenia,3.0,0.0,,,,,,,,,,,F. Letexier
Friendly,10,World,,False,2025-09-08,1565,1570,Syria,Kuwait,2.0,2.0,,,,,,,,,,,Desconocido
FIFA World Cup qualification,29,World,,False,2025-09-08,1519,8050,Uganda,Somalia,2.0,0.0,,,,,,,,,,,K. Traore
Friendly,10,World,,False,2025-09-08,1563,1547,United Arab Emirates,Bahrain,1.0,0.0,,,,,,,,,,,Amin Mohamed Omar
FIFA World Cup qualification,29,World,,False,2025-09-08,1507,31,Zambia,Morocco,0.0,2.0,,,,,,,,,,,D. Houngnandande
La Liga 2,,,,False,2025-09-07,723.0,,Almeria,Santander,2.0,3.0,,,5.0,3.0,3.0,3.0,1.0,0.0,15.0,11.0,Desconocido
FIFA World Cup qualification,32,World,,False,2025-09-07,1,1095,Belgium,Kazakhstan,6.0,0.0,,,,,,,,,,,R. M. Petrescu
La Liga 2,141,Spain,,False,2025-09-07,9580,534,Burgos,Las Palmas,0.0,0.0,,,2.0,6.0,2.0,2.0,0.0,0.0,6.0,15.0,"Saul Ais Reig, Spain"
FIFA World Cup qualification,29,World,,False,2025-09-07,1527,1524,Central African Republic,Comoros,0.0,2.0,,,,,,,,,,,N. Hosni
La Liga 2,,,,False,2025-09-07,,726.0,Ceuta,Huesca,2.0,1.0,,,8.0,0.0,1.0,2.0,0.0,1.0,14.0,6.0,Desconocido
La Liga 2,141,Spain,,False,2025-09-07,725,537,Cultural Leonesa,Leganes,0.0,0.0,,,9.0,3.0,0.0,2.0,0.0,0.0,8.0,11.0,"Alonso De Ena Wolf, Spain"
King's Cup,504.0,,,False,2025-09-07,5160.0,,Fiji,Hong Kong,0.0,8.0,,,,,,,,,,,Desconocido
FIFA World Cup qualification,32,World,,False,2025-09-07,1104,1103,Georgia,Bulgaria,3.0,0.0,,,,,,,,,,,G. Nyberg
FIFA World Cup qualification,32,World,,False,2025-09-07,25,771,Germany,Northern Ireland,3.0,1.0,,,,,,,,,,,E. Eskas
FIFA World Cup qualification,32,World,,False,2025-09-07,1097,1118,Lithuania,Netherlands,2.0,3.0,,,,,,,,,,,E. Masiyev
FIFA World Cup qualification,32,World,,False,2025-09-07,1102,773,Luxembourg,Slovakia,0.0,1.0,,,,,,,,,,,N. Walsh
FIFA World Cup qualification,,,,False,2025-09-07,,1107.0,North Macedonia,Liechtenstein,5.0,0.0,,,,,,,,,,,Desconocido
FIFA World Cup qualification,32,World,,False,2025-09-07,24,1099,Poland,Finland,3.0,1.0,,,,,,,,,,,R. Obrenovic
Friendly,10,World,,False,2025-09-07,1569,4,Qatar,Russia,1.0,4.0,,,,,,,,,,,Yousif Saeed Hasan
La Liga 2,,,,False,2025-09-07,,724.0,Sociedad B,Cadiz,3.0,3.0,,,1.0,5.0,4.0,3.0,0.0,0.0,17.0,9.0,Desconocido
King's Cup,504.0,,,False,2025-09-07,1564.0,1567.0,Thailand,Iraq,0.0,1.0,,,,,,,,,,,Desconocido
FIFA World Cup qualification,,,,False,2025-09-07,,9.0,Turkey,Spain,0.0,6.0,,,,,,,,,,,Desconocido
National League,43.0,,,False,2025-09-06,,4701.0,Aldershot,Brackley Town,2.0,2.0,,,,,2.0,3.0,1.0,0.0,,,Desconocido
National League,43.0,,,False,2025-09-06,4700.0,,Altrincham,Sutton,2.0,1.0,,,,,0.0,6.0,0.0,0.0,,,Desconocido
FIFA World Cup qualification,32,World,,False,2025-09-06,1094,27,Armenia,Portugal,0.0,5.0,,,,,,,,,,,A. Taylor
FIFA World Cup qualification,32,World,,False,2025-09-06,775,1106,Austria,Cyprus,1.0,0.0,,,,,,,,,,,J. Kehlet
League 2,42,England,,False,2025-09-06,1369,1352,Barnet,Shrewsbury,1.0,3.0,,,6.0,3.0,1.0,5.0,0.0,0.0,15.0,11.0,Kirsty Dowle
League 2,,,,False,2025-09-06,1819.0,,Barrow,Swindon,1.0,3.0,,,8.0,2.0,1.0,3.0,0.0,0.0,14.0,8.0,Desconocido
League 1,41,England,,False,2025-09-06,68,1333,Bolton,AFC Wimbledon,3.0,0.0,,,8.0,2.0,2.0,1.0,0.0,2.0,24.0,9.0,Darren Drysdale
National League,43.0,,,False,2025-09-06,1830.0,1375.0,Boreham Wood,Morecambe,3.0,0.0,,,,,3.0,3.0,0.0,1.0,,,Desconocido
National League,43.0,,,False,2025-09-06,,,Boston Utd,Solihull,1.0,2.0,,,,,1.0,3.0,0.0,0.0,,,Desconocido
League 2,42,England,,False,2025-09-06,1832,1347,Bromley,Gillingham,2.0,2.0,,,5.0,7.0,2.0,2.0,0.0,0.0,16.0,15.0,James Durkin
League 2,,,,False,2025-09-06,,1349.0,Cambridge,Oldham,0.0,1.0,,,11.0,2.0,3.0,2.0,0.0,0.0,14.0,6.0,Desconocido
National League,43.0,,,False,2025-09-06,1371.0,,Carlisle,Truro,3.0,0.0,,,,,3.0,1.0,0.0,0.0,,,Desconocido
League 2,,,,False,2025-09-06,1372.0,,Cheltenham,Accrington,1.0,0.0,,,5.0,5.0,1.0,3.0,0.0,0.0,13.0,8.0,Desconocido
League 2,42,England,,False,2025-09-06,1361,1363,Colchester,Crewe,1.0,1.0,,,3.0,2.0,2.0,4.0,0.0,0.0,14.0,5.0,Greg Rollason
League 1,41,England,,False,2025-09-06,1354,1343,Doncaster,Bradford,3.0,1.0,,,3.0,7.0,0.0,2.0,0.0,0.0,15.0,7.0,Alex Chilowicz
FIFA World Cup qualification,32,World,,False,2025-09-06,10,1110,England,Andorra,2.0,0.0,,,,,,,,,,,M. Al-Emara
Primeira Liga,94.0,,,False,2025-09-06,230.0,227.0,Estoril,Santa Clara,0.0,1.0,,,5.0,7.0,4.0,1.0,0.0,0.0,15.0,16.0,Desconocido
National League,43.0,,,False,2025-09-06,1378.0,1366.0,Forest Green,Hartlepool,1.0,0.0,,,,,2.0,2.0,0.0,0.0,,,Desconocido
League 2,,,,False,2025-09-06,,1362.0,Harrogate,Crawley Town,0.0,1.0,,,5.0,7.0,1.0,3.0,0.0,1.0,21.0,13.0,Desconocido
League 1,,,,False,2025-09-06,37.0,,Huddersfield,Peterboro,3.0,2.0,,,1.0,3.0,1.0,1.0,0.0,0.0,11.0,5.0,Desconocido
La Liga 2,,,,False,2025-09-06,,,La Coruna,Sp Gijon,1.0,0.0,,,6.0,3.0,3.0,1.0,0.0,0.0,14.0,7.0,Desconocido
FIFA World Cup qualification,32,World,,False,2025-09-06,1092,14,Latvia,Serbia,0.0,1.0,,,,,,,,,,,J. Weinberger
League 1,41,England,,False,2025-09-06,1379,61,Lincoln,Wigan,2.0,2.0,,,7.0,11.0,3.0,0.0,1.0,1.0,12.0,14.0,Alan Young
La Liga 2,,,,False,2025-09-06,535.0,22018.0,Malaga,Granada,2.0,2.0,,,2.0,1.0,2.0,1.0,0.0,0.0,8.0,18.0,Desconocido
Friendly,10,World,,False,2025-09-06,16,12,Mexico,Japan,0.0,0.0,,,,,,,,,,,"Rubiel Vazquez, USA"
League 2,42,England,,False,2025-09-06,1348,1365,Milton Keynes Dons,Grimsby,2.0,3.0,,,6.0,5.0,2.0,1.0,1.0,0.0,8.0,13.0,Oliver Mackey
Championship Escocia,,,,False,2025-09-06,1383.0,,Morton,Raith Rvs,0.0,1.0,,,4.0,5.0,3.0,5.0,0.0,1.0,7.0,9.0,Desconocido
Friendly,10,World,,False,2025-09-06,1545,1560,Nepal,Bangladesh,0.0,0.0,,,,,,,,,,,Desconocido
League 2,,,,False,2025-09-06,1367.0,,Newport County,Bristol Rvs,2.0,3.0,,,1.0,3.0,1.0,3.0,0.0,0.0,11.0,12.0,Desconocido
FIFA World Cup qualification,29,World,,False,2025-09-06,19,1514,Nigeria,Rwanda,1.0,0.0,,,,,,,,,,,A. Mahamat
League 2,42,England,,False,2025-09-06,1376,1336,Notts County,Fleetwood Town,1.0,0.0,,,9.0,5.0,3.0,3.0,0.0,0.0,13.0,13.0,Stephen Parkinson
League 1,,,,False,2025-09-06,1357.0,,Plymouth,Stockport,4.0,2.0,,,8.0,7.0,2.0,1.0,0.0,0.0,10.0,9.0,Desconocido
League 1,41,England,,False,2025-09-06,1351,1373,Port Vale,Leyton Orient,2.0,3.0,,,5.0,2.0,1.0,3.0,0.0,0.0,16.0,11.0,Ross Joyce
FIFA World Cup qualification,,,,False,2025-09-06,,,Republic of Ireland,Hungary,2.0,2.0,,,,,,,,,,,Desconocido
National League,43.0,,,False,2025-09-06,1339.0,,Rochdale,Braintree Town,2.0,0.0,,,,,0.0,0.0,0.0,0.0,,,Desconocido
Championship Escocia,180,Scotland,,False,2025-09-06,902,4249,Ross County,Arbroath,1.0,2.0,,,15.0,3.0,2.0,4.0,0.0,0.0,13.0,10.0,Chris Graham
League 1,,,,False,2025-09-06,73.0,,Rotherham,Exeter,1.0,0.0,,,9.0,5.0,1.0,0.0,0.0,0.0,14.0,5.0,Desconocido
League 2,,,,False,2025-09-06,,1381.0,Salford,Tranmere,3.0,1.0,,,10.0,2.0,1.0,0.0,0.0,0.0,27.0,11.0,Desconocido
FIFA World Cup qualification,,,,False,2025-09-06,,,San Marino,Bosnia and Herzegovina,0.0,6.0,,,,,,,,,,,Desconocido
National League,43.0,,,False,2025-09-06,1340.0,8663.0,Scunthorpe,Wealdstone,2.0,1.0,,,,,1.0,2.0,0.0,0.0,,,Desconocido
National League,43.0,,,False,2025-09-06,1341.0,,Southend,Halifax,3.0,0.0,,,,,1.0,2.0,0.0,1.0,,,Desconocido
South Asian Super Cup,10,World,,False,2025-09-06,5166,1549,Sri Lanka,Maldives,0.0,3.0,,,,,,,,,,,Desconocido
National League,43.0,,,False,2025-09-06,7752.0,1822.0,Tamworth,Eastleigh,1.0,0.0,,,,,1.0,3.0,1.0,1.0,,,Desconocido
Friendly,,,,False,2025-09-06,,17.0,United States,South Korea,0.0,2.0,,,,,,,,,,,Desconocido
League 2,42,England,,False,2025-09-06,1342,1345,Walsall,Chesterfield,1.0,0.0,,,7.0,2.0,2.0,4.0,1.0,0.0,7.0,9.0,Zac Kennard-Kettle
National League,43.0,,,False,2025-09-06,1836.0,1823.0,Woking,Gateshead,5.0,0.0,,,,,0.0,1.0,0.0,0.0,,,Desconocido
League 1,,,,False,2025-09-06,1358.0,,Wycombe,Mansfield,2.0,0.0,,,7.0,5.0,3.0,3.0,0.0,0.0,10.0,11.0,Desconocido
National League,43.0,,,False,2025-09-06,,1828.0,Yeovil,York,1.0,3.0,,,,,2.0,1.0,0.0,0.0,,,Desconocido
La Liga 2,141,Spain,,False,2025-09-06,732,720,Zaragoza,Valladolid,1.0,1.0,,,1.0,7.0,5.0,4.0,0.0,0.0,8.0,10.0,J. Sanchez
La Liga 2,141,Spain,,False,2025-09-05,722,799,Albacete,Mirandes,1.0,4.0,,,5.0,2.0,2.0,1.0,1.0,0.0,18.0,13.0,A. Ojaos
Soccer Ashes,10,World,,False,2025-09-05,20,4673,Australia,New Zealand,1.0,0.0,,,,,,,,,,,Don Robertson
FIFA World Cup qualification,29,World,,False,2025-09-05,1516,1522,Benin,Zimbabwe,1.0,0.0,,,,,,,,,,,L. Jammeh
FIFA World Cup qualification,31,World,,False,2025-09-05,5158,2385,Bermuda,Jamaica,0.0,4.0,,,,,,,,,,,K. Herrera
FIFA World Cup qualification,29,World,,False,2025-09-05,1517,1489,Congo,Tanzania,1.0,1.0,,,,,,,,,,,T. Ketshabile
La Liga 2,,,,False,2025-09-05,713.0,,Cordoba,Castellon,2.0,1.0,,,4.0,4.0,2.0,0.0,0.0,0.0,10.0,6.0,Desconocido
FIFA World Cup qualification,32,World,,False,2025-09-05,21,1108,Denmark,Scotland,0.0,0.0,,,,,,,,,,,D. Siebert
FIFA World Cup qualification,29,World,,False,2025-09-05,1535,1502,Djibouti,Burkina Faso,0.0,6.0,,,,,,,,,,,Y. Camara
FIFA World Cup qualification,29,World,,False,2025-09-05,32,1506,Egypt,Ethiopia,2.0,0.0,,,,,,,,,,,A. Tom
FIFA World Cup qualification,32,World,,False,2025-09-05,1098,3,Faroe Islands,Croatia,0.0,1.0,,,,,,,,,,,K. Tohver
FIFA World Cup qualification,32,World,,False,2025-09-05,1117,1100,Greece,Belarus,5.0,1.0,,,,,,,,,,,J. Gillett
FIFA World Cup qualification,31,World,,False,2025-09-05,2386,4672,Haiti,Honduras,0.0,0.0,,,,,,,,,,,P. Lauziere
FIFA World Cup qualification,32,World,,False,2025-09-05,18,1096,Iceland,Azerbaijan,5.0,0.0,,,,,,,,,,,S. van der Eijk
Friendly,,,,False,2025-09-05,1571.0,,Indonesia,Taiwan,6.0,0.0,,,,,,,,,,,Desconocido
FIFA World Cup qualification,32,World,,False,2025-09-05,768,1101,Italy,Estonia,5.0,0.0,,,,,,,,,,,J. Pinheiro
FIFA World Cup qualification,29,World,,False,2025-09-05,1501,1528,Ivory Coast,Burundi,1.0,0.0,,,,,,,,,,,B. Karboubi
FIFA World Cup qualification,29,World,,False,2025-09-05,1511,1492,Kenya,Gambia,1.0,3.0,,,,,,,,,,,A. M. Omar
FIFA World Cup qualification,29,World,,False,2025-09-05,1491,1534,Mauritania,Togo,2.0,0.0,,,,,,,,,,,L. Kasalirwe
FIFA World Cup qualification,32,World,,False,2025-09-05,1114,1116,Moldova,Israel,0.0,4.0,,,,,,,,,,,J. Beaton
FIFA World Cup qualification,,,,False,2025-09-05,,,Montenegro,Czech Republic,0.0,2.0,,,,,,,,,,,Desconocido
FIFA World Cup qualification,29,World,,False,2025-09-05,31,1505,Morocco,Niger,5.0,0.0,,,,,,,,,,,J. Ndala
FIFA World Cup qualification,29,World,,False,2025-09-05,1493,1495,Namibia,Malawi,1.0,2.0,,,,,,,,,,,A. Mahamat
FIFA World Cup qualification,31,World,,False,2025-09-05,5164,29,Nicaragua,Costa Rica,1.0,1.0,,,,,,,,,,,M. Ortiz
Friendly,10,World,,False,2025-09-05,774,5529,Romania,Canada,0.0,3.0,,,,,,,,,,,"Lothar D'hondt, Belgium"
FIFA World Cup qualification,29,World,,False,2025-09-05,13,1510,Senegal,Sudan,2.0,0.0,,,,,,,,,,,A. Heeralall
FIFA World Cup qualification,32,World,,False,2025-09-05,1091,5,Slovenia,Sweden,2.0,2.0,,,,,,,,,,,J. Sanchez
FIFA World Cup qualification,29,World,,False,2025-09-05,8050,1509,Somalia,Guinea,0.0,3.0,,,,,,,,,,,P. T. Mebiame
FIFA World Cup qualification,,,,False,2025-09-05,,,South Africa,Lesotho,3.0,0.0,,,,,,,,,,,Desconocido
FIFA World Cup qualification,,,,False,2025-09-05,,,South Sudan,DR Congo,1.0,4.0,,,,,,,,,,,Desconocido
FIFA World Cup qualification,32,World,,False,2025-09-05,15,1111,Switzerland,Kosovo,4.0,0.0,,,,,,,,,,,S. Marciniak
FIFA World Cup qualification,31,World,,False,2025-09-05,5168,5530,Trinidad and Tobago,Curaçao,0.0,0.0,,,,,,,,,,,K. I. Garcia Mendoza
FIFA World Cup qualification,29,World,,False,2025-09-05,1519,1512,Uganda,Mozambique,4.0,0.0,,,,,,,,,,,V. Kabore
FIFA World Cup qualification,32,World,,False,2025-09-05,772,2,Ukraine,France,0.0,2.0,,,,,,,,,,,D. Makkelie
FIFA World Cup qualification,29,World,,False,2025-09-04,1532,1520,Algeria,Botswana,3.0,1.0,,,,,,,,,,,P. Ndabihawenimana
FIFA World Cup qualification,29,World,,False,2025-09-04,1529,1526,Angola,Libya,0.0,1.0,,,,,,,,,,,Jean Pierre Nguiene Bissila
FIFA World Cup qualification,34,World,,False,2025-09-04,26,2379,Argentina,Venezuela,3.0,0.0,,,,,,,,,,,"Piero Maza, Chile"
FIFA World Cup qualification,34,World,,False,2025-09-04,6,2383,Brazil,Chile,3.0,0.0,,,,,,,,,,,"Alexis Herrera, Venezuela"
FIFA World Cup qualification,32,World,,False,2025-09-04,1103,9,Bulgaria,Spain,0.0,3.0,,,,,,,,,,,S. Jovanovic
FIFA World Cup qualification,29,World,,False,2025-09-04,1530,2995,Cameroon,Eswatini,3.0,0.0,,,,,,,,,,,D. Beida
FIFA World Cup qualification,29,World,,False,2025-09-04,1523,1504,Chad,Ghana,1.0,1.0,,,,,,,,,,,Celso Armindo Alvação
FIFA World Cup qualification,34,World,,False,2025-09-04,8,2381,Colombia,Bolivia,3.0,0.0,,,,,,,,,,,"Dario Herrera, Argentina"
FIFA World Cup qualification,,,,False,2025-09-04,,,Georgia,Turkey,2.0,3.0,,,,,,,,,,,Desconocido
Friendly,10,World,,False,2025-09-04,1093,778,Gibraltar,Albania,0.0,1.0,,,,,,,,,,,"Aaron Wyn Jones, Wales"
FIFA World Cup qualification,31,World,,False,2025-09-04,5161,5159,Guatemala,El Salvador,0.0,1.0,,,,,,,,,,,J. Calderon
FIFA World Cup qualification,29,World,,False,2025-09-04,1513,1499,Guinea-Bissau,Sierra Leone,1.0,1.0,,,,,,,,,,,Clement Franklin Kpan
King's Cup,504.0,,,False,2025-09-04,1567.0,,Iraq,Hong Kong,2.0,1.0,,,,,,,,,,,Desconocido
FIFA World Cup qualification,32,World,,False,2025-09-04,1095,767,Kazakhstan,Wales,0.0,1.0,,,,,,,,,,,A. Hernandez
FIFA World Cup qualification,32,World,,False,2025-09-04,1107,1,Liechtenstein,Belgium,0.0,6.0,,,,,,,,,,,M. Krogh
FIFA World Cup qualification,32,World,,False,2025-09-04,1097,1112,Lithuania,Malta,1.0,1.0,,,,,,,,,,,G. Kruashvili
FIFA World Cup qualification,32,World,,False,2025-09-04,1102,771,Luxembourg,Northern Ireland,1.0,3.0,,,,,,,,,,,A. Treimanis
FIFA World Cup qualification,29,World,,False,2025-09-04,1490,1527,Madagascar,Central African Republic,2.0,0.0,,,,,,,,,,,Ahmed Arajiga
Friendly,10,World,,False,2025-09-04,1538,1546,Malaysia,Singapore,2.0,1.0,,,,,,,,,,,Desconocido
FIFA World Cup qualification,29,World,,False,2025-09-04,1500,1524,Mali,Comoros,3.0,0.0,,,,,,,,,,,J. Jayed
FIFA World Cup qualification,,,,False,2025-09-04,,,Mauritius,Cape Verde,0.0,2.0,,,,,,,,,,,Desconocido
FIFA World Cup qualification,32,World,,False,2025-09-04,1118,24,Netherlands,Poland,1.0,1.0,,,,,,,,,,,S. Sozza
Friendly,10,World,,False,2025-09-04,1090,1099,Norway,Finland,1.0,0.0,,,,,,,,,,,"Robert Hennessy, Ireland"
FIFA World Cup qualification,34,World,,False,2025-09-04,2380,2382,Paraguay,Ecuador,0.0,0.0,,,,,,,,,,,"Raphael Claus, Brazil"
Friendly,10,World,,False,2025-09-04,4,1548,Russia,Jordan,0.0,0.0,,,,,,,,,,,"Ilgiz Tantashev, Uzbekistan"
Friendly,,,,False,2025-09-04,23.0,,Saudi Arabia,North Macedonia,2.0,1.0,,,,,,,,,,,Desconocido
FIFA World Cup qualification,32,World,,False,2025-09-04,773,25,Slovakia,Germany,2.0,0.0,,,,,,,,,,,S. Gozubuyuk
FIFA World Cup qualification,31,World,,False,2025-09-04,8171,11,Suriname,Panama,0.0,0.0,,,,,,,,,,,K. Williams
FIFA World Cup qualification,,,,False,2025-09-04,,1521.0,São Tomé and Príncipe,Equatorial Guinea,2.0,3.0,,,,,,,,,,,Desconocido
King's Cup,504.0,,,False,2025-09-04,1564.0,5160.0,Thailand,Fiji,3.0,0.0,,,,,,,,,,,Desconocido
FIFA World Cup qualification,29,World,,False,2025-09-04,28,1525,Tunisia,Liberia,3.0,0.0,,,,,,,,,,,A. Ligali
Friendly,10,World,,False,2025-09-04,1563,1565,United Arab Emirates,Syria,3.0,1.0,,,,,,,,,,,Mohammed Khled Al Hoish
FIFA World Cup qualification,34,World,,False,2025-09-04,7,30,Uruguay,Peru,3.0,0.0,,,,,,,,,,,"Facundo Raul Tello Figueroa, Argentina"
National League,43.0,,,False,2025-09-03,4701.0,1371.0,Brackley Town,Carlisle,0.0,1.0,,,,,2.0,2.0,0.0,0.0,,,Desconocido
National League,43.0,,,False,2025-09-03,1823.0,4700.0,Gateshead,Altrincham,0.0,2.0,,,,,0.0,0.0,1.0,0.0,,,Desconocido
National League,43.0,,,False,2025-09-03,,1836.0,Halifax,Woking,1.0,1.0,,,,,3.0,2.0,0.0,0.0,,,Desconocido
National League,43.0,,,False,2025-09-03,1366.0,,Hartlepool,Boston Utd,1.0,1.0,,,,,2.0,2.0,0.0,0.0,,,Desconocido
Friendly,10,World,,False,2025-09-03,1569,1547,Qatar,Bahrain,2.0,2.0,,,,,,,,,,,Khalid Saleh Al Turais
FIFA World Cup qualification,29,World,,False,2025-09-03,1515,1503,Seychelles,Gabon,0.0,4.0,,,,,,,,,,,Jean Ouattara
National League,43.0,,,False,2025-09-03,,1830.0,Sutton,Boreham Wood,3.0,4.0,,,,,2.0,2.0,0.0,0.0,,,Desconocido
National League,43.0,,,False,2025-09-03,,,Truro,Aldershot,2.0,2.0,,,,,1.0,2.0,0.0,2.0,,,Desconocido
National League,43.0,,,False,2025-09-02,,7752.0,Braintree Town,Tamworth,1.0,2.0,,,,,2.0,0.0,0.0,0.0,,,Desconocido
National League,43.0,,,False,2025-09-02,1375.0,1378.0,Morecambe,Forest Green,1.0,3.0,,,,,2.0,1.0,0.0,0.0,,,Desconocido
National League,43.0,,,False,2025-09-02,,,Solihull,Yeovil,0.0,1.0,,,,,0.0,2.0,0.0,0.0,,,Desconocido
National League,43.0,,,False,2025-09-02,8663.0,1341.0,Wealdstone,Southend,3.0,2.0,,,,,4.0,4.0,0.0,0.0,,,Desconocido
La Liga 2,141,Spain,,False,2025-09-01,726,545,Huesca,Eibar,2.0,1.0,,,5.0,6.0,2.0,1.0,0.0,1.0,11.0,13.0,S. Muresan
La Liga 2,,,,False,2025-09-01,537.0,,Leganes,La Coruna,2.0,2.0,,,4.0,3.0,4.0,3.0,0.0,0.0,18.0,13.0,Desconocido
