League,LeagueId,Country,Round,EsEliminatoria,Date,HomeTeamId,AwayTeamId,HomeTeam,AwayTeam,FTHG,FTAG,HTHG,HTAG,HC,AC,HY,AY,HR,AR,HS,AS,Referee
Jupiler Pro League,,,,False,2025-11-30,,,Anderlecht,St. Gilloise,1.0,0.0,,,4.0,2.0,2.0,4.0,0.0,0.0,6.0,10.0,Desconocido
Ligue 1,,,,False,2025-11-30,,,Angers,Lens,1.0,2.0,,,2.0,8.0,1.0,1.0,0.0,0.0,7.0,17.0,Desconocido
Turkey Super Lig,,,,False,2025-11-30,,,Antalyaspor,Goztep,1.0,2.0,,,1.0,4.0,0.0,2.0,0.0,0.0,8.0,16.0,Desconocido
Premier League,,,,False,2025-11-30,,,Aston Villa,Wolves,1.0,0.0,,,7.0,3.0,0.0,4.0,0.0,0.0,16.0,9.0,Desconocido
Serie A,,,,False,2025-11-30,,,Atalanta,Fiorentina,2.0,0.0,,,4.0,5.0,1.0,3.0,0.0,0.0,21.0,15.0,Desconocido
Super League Greece,,,,False,2025-11-30,,,Atromitos,Asteras Tripolis,0.0,1.0,,,7.0,6.0,2.0,1.0,0.0,0.0,11.0,9.0,Desconocido
Bundesliga 2,,,,False,2025-11-30,,,Bielefeld,Preußen Münster,1.0,2.0,,,13.0,2.0,3.0,6.0,0.0,0.0,17.0,12.0,Desconocido
La Liga 2,,,,False,2025-11-30,,,Castellon,Las Palmas,1.0,0.0,,,3.0,3.0,3.0,2.0,0.0,0.0,18.0,10.0,Desconocido
La Liga,,,,False,2025-11-30,,,Celta,Espanol,0.0,1.0,,,4.0,3.0,1.0,2.0,0.0,0.0,11.0,9.0,Desconocido
Premier League,,,,False,2025-11-30,,,Chelsea,Arsenal,1.0,1.0,,,3.0,3.0,1.0,6.0,1.0,0.0,11.0,8.0,Desconocido
Jupiler Pro League,,,,False,2025-11-30,,,Club Brugge,Antwerp,0.0,1.0,,,9.0,4.0,0.0,3.0,0.0,0.0,27.0,12.0,Desconocido
La Liga 2,,,,False,2025-11-30,,,Cordoba,Cadiz,1.0,2.0,,,5.0,4.0,2.0,4.0,0.0,0.0,20.0,8.0,Desconocido
Premier League,,,,False,2025-11-30,,,Crystal Palace,Man United,1.0,2.0,,,4.0,4.0,3.0,2.0,0.0,0.0,14.0,14.0,Desconocido
Bundesliga 2,,,,False,2025-11-30,,,Dresden,Fortuna Dusseldorf,2.0,1.0,,,4.0,0.0,1.0,2.0,0.0,0.0,16.0,13.0,Desconocido
Bundesliga,,,,False,2025-11-30,,,Ein Frankfurt,Wolfsburg,1.0,1.0,,,14.0,1.0,1.0,4.0,0.0,0.0,15.0,10.0,Desconocido
Bundesliga 2,,,,False,2025-11-30,,,Elversberg,Darmstadt,0.0,0.0,,,6.0,5.0,0.0,1.0,0.0,0.0,14.0,11.0,Desconocido
Bundesliga,,,,False,2025-11-30,,,Freiburg,Mainz,4.0,0.0,,,6.0,2.0,0.0,2.0,0.0,1.0,23.0,1.0,Desconocido
Jupiler Pro League,,,,False,2025-11-30,,,Genk,Oud-Heverlee Leuven,2.0,1.0,,,10.0,2.0,0.0,3.0,0.0,0.0,23.0,11.0,Desconocido
Jupiler Pro League,,,,False,2025-11-30,,,Gent,St Truiden,1.0,2.0,,,5.0,6.0,2.0,2.0,0.0,0.0,19.0,14.0,Desconocido
La Liga,,,,False,2025-11-30,,,Girona,Real Madrid,1.0,1.0,,,2.0,5.0,3.0,0.0,0.0,0.0,10.0,25.0,Desconocido
Eredivisie,,,,False,2025-11-30,,,Go Ahead Eagles,Utrecht,2.0,2.0,,,4.0,3.0,2.0,2.0,0.0,0.0,11.0,17.0,Desconocido
Bundesliga,,,,False,2025-11-30,,,Hamburg,Stuttgart,2.0,1.0,,,4.0,6.0,2.0,4.0,1.0,0.0,9.0,14.0,Desconocido
Premiership Escocia,,,,False,2025-11-30,,,Hibernian,Celtic,1.0,2.0,,,4.0,3.0,3.0,3.0,0.0,0.0,9.0,6.0,Desconocido
Serie B,,,,False,2025-11-30,,,Juve Stabia,Monza,2.0,2.0,,,3.0,5.0,2.0,5.0,0.0,0.0,9.0,11.0,Desconocido
Turkey Super Lig,,,,False,2025-11-30,,,Karagumruk,Besiktas,0.0,2.0,,,2.0,9.0,3.0,0.0,0.0,0.0,7.0,27.0,Desconocido
Ligue 1,,,,False,2025-11-30,,,Le Havre,Lille,0.0,1.0,,,6.0,2.0,1.0,3.0,0.0,1.0,14.0,8.0,Desconocido
Serie A,,,,False,2025-11-30,,,Lecce,Torino,2.0,1.0,,,6.0,6.0,2.0,3.0,0.0,0.0,10.0,15.0,Desconocido
Super League Greece,,,,False,2025-11-30,,,Levadeiakos,PAOK,2.0,3.0,,,2.0,5.0,0.0,2.0,0.0,1.0,13.0,14.0,Desconocido
Premiership Escocia,,,,False,2025-11-30,,,Livingston,Aberdeen,0.0,1.0,,,7.0,4.0,1.0,1.0,0.0,0.0,15.0,14.0,Desconocido
Ligue 1,,,,False,2025-11-30,,,Lorient,Nice,3.0,1.0,,,3.0,7.0,1.0,2.0,0.0,0.0,18.0,9.0,Desconocido
Ligue 1,,,,False,2025-11-30,,,Lyon,Nantes,3.0,0.0,,,7.0,0.0,1.0,2.0,0.0,1.0,20.0,6.0,Desconocido
La Liga 2,,,,False,2025-11-30,,,Mirandes,Sociedad B,1.0,0.0,,,2.0,3.0,3.0,2.0,0.0,1.0,16.0,16.0,Desconocido
Premier League,,,,False,2025-11-30,,,Nott'm Forest,Brighton,0.0,2.0,,,9.0,2.0,0.0,1.0,0.0,0.0,19.0,17.0,Desconocido
Eredivisie,,,,False,2025-11-30,,,PSV Eindhoven,Volendam,3.0,0.0,,,5.0,2.0,0.0,0.0,0.0,0.0,19.0,11.0,Desconocido
Super League Greece,,,,False,2025-11-30,,,Panathinaikos,AEK,2.0,3.0,,,5.0,2.0,4.0,5.0,1.0,1.0,14.0,7.0,Desconocido
Super League Greece,,,,False,2025-11-30,,,Panetolikos,Olympiakos,0.0,1.0,,,3.0,9.0,0.0,0.0,0.0,0.0,7.0,24.0,Desconocido
Serie A,,,,False,2025-11-30,,,Pisa,Inter,0.0,2.0,,,4.0,6.0,2.0,1.0,0.0,0.0,10.0,14.0,Desconocido
Primeira Liga,,,,False,2025-11-30,,,Porto,Estoril,1.0,0.0,,,5.0,4.0,1.0,3.0,0.0,0.0,12.0,11.0,Desconocido
Premiership Escocia,,,,False,2025-11-30,,,Rangers,Falkirk,0.0,0.0,,,4.0,5.0,0.0,3.0,0.0,0.0,14.0,5.0,Desconocido
Primeira Liga,,,,False,2025-11-30,,,Rio Ave,Santa Clara,1.0,1.0,,,1.0,5.0,2.0,3.0,0.0,0.0,9.0,9.0,Desconocido
Serie A,,,,False,2025-11-30,,,Roma,Napoli,0.0,1.0,,,4.0,2.0,4.0,3.0,0.0,0.0,8.0,8.0,Desconocido
La Liga 2,,,,False,2025-11-30,,,Santander,Eibar,4.0,0.0,,,3.0,5.0,0.0,3.0,0.0,0.0,11.0,13.0,Desconocido
La Liga,,,,False,2025-11-30,,,Sevilla,Betis,0.0,2.0,,,6.0,4.0,2.0,3.0,1.0,0.0,9.0,9.0,Desconocido
La Liga,,,,False,2025-11-30,,,Sociedad,Villarreal,2.0,3.0,,,8.0,2.0,3.0,7.0,0.0,0.0,18.0,10.0,Desconocido
Primeira Liga,,,,False,2025-11-30,,,Sp Lisbon,Estrela,4.0,0.0,,,5.0,1.0,1.0,0.0,0.0,0.0,19.0,5.0,Desconocido
Serie B,,,,False,2025-11-30,,,Spezia,Sampdoria,1.0,0.0,,,3.0,9.0,2.0,3.0,0.0,0.0,10.0,9.0,Desconocido
Ligue 1,,,,False,2025-11-30,,,Strasbourg,Brest,1.0,2.0,,,5.0,0.0,0.0,3.0,0.0,0.0,14.0,7.0,Desconocido
Eredivisie,,,,False,2025-11-30,,,Telstar,Feyenoord,1.0,2.0,,,3.0,5.0,0.0,3.0,0.0,0.0,12.0,11.0,Desconocido
Eredivisie,,,,False,2025-11-30,,,Twente,AZ Alkmaar,1.0,0.0,,,2.0,3.0,2.0,4.0,0.0,0.0,7.0,7.0,Desconocido
Premier League,,,,False,2025-11-30,,,West Ham,Liverpool,0.0,2.0,,,7.0,2.0,1.0,0.0,1.0,0.0,7.0,9.0,Desconocido
La Liga 2,,,,False,2025-11-30,,,Zaragoza,Leganes,3.0,2.0,,,5.0,3.0,2.0,4.0,0.0,2.0,20.0,5.0,Desconocido
League 2,,,,False,2025-11-29,,,Accrington,Oldham,1.0,0.0,,,2.0,6.0,4.0,2.0,0.0,0.0,7.0,16.0,Desconocido
La Liga 2,,,,False,2025-11-29,,,Albacete,La Coruna,0.0,2.0,,,9.0,5.0,1.0,1.0,0.0,0.0,14.0,8.0,Desconocido
La Liga 2,,,,False,2025-11-29,,,Almeria,Huesca,0.0,0.0,,,13.0,1.0,1.0,0.0,0.0,0.0,24.0,5.0,Desconocido
National League,,,,False,2025-11-29,,,Altrincham,Scunthorpe,4.0,2.0,,,,,2.0,2.0,0.0,0.0,,,Desconocido
Super League Greece,,,,False,2025-11-29,,,Aris,Larisa,2.0,1.0,,,7.0,0.0,4.0,6.0,0.0,1.0,18.0,2.0,Desconocido
La Liga,,,,False,2025-11-29,,,Ath Madrid,Oviedo,2.0,0.0,,,7.0,2.0,0.0,1.0,0.0,0.0,14.0,12.0,Desconocido
La Liga,,,,False,2025-11-29,,,Barcelona,Alaves,3.0,1.0,,,5.0,4.0,2.0,3.0,0.0,0.0,18.0,9.0,Desconocido
League 2,,,,False,2025-11-29,,,Barnet,Harrogate,1.0,1.0,,,7.0,3.0,0.0,2.0,0.0,0.0,18.0,9.0,Desconocido
Bundesliga,,,,False,2025-11-29,,,Bayern Munich,St Pauli,3.0,1.0,,,10.0,2.0,1.0,1.0,0.0,0.0,19.0,10.0,Desconocido
League 1,,,,False,2025-11-29,,,Blackpool,Reading,0.0,3.0,,,2.0,5.0,1.0,0.0,0.0,0.0,14.0,15.0,Desconocido
National League,,,,False,2025-11-29,,,Boreham Wood,Halifax,2.0,1.0,,,,,2.0,0.0,0.0,0.0,,,Desconocido
League 1,,,,False,2025-11-29,,,Bradford,Exeter,1.0,0.0,,,7.0,7.0,3.0,2.0,0.0,0.0,11.0,19.0,Desconocido
National League,,,,False,2025-11-29,,,Braintree Town,Morecambe,1.0,0.0,,,,,3.0,3.0,0.0,0.0,,,Desconocido
Bundesliga 2,,,,False,2025-11-29,,,Braunschweig,Kaiserslautern,2.0,0.0,,,5.0,6.0,2.0,5.0,0.0,0.0,16.0,10.0,Desconocido
Premier League,,,,False,2025-11-29,,,Brentford,Burnley,3.0,1.0,,,5.0,6.0,0.0,2.0,0.0,0.0,14.0,6.0,Desconocido
League 2,,,,False,2025-11-29,,,Bristol Rvs,Notts County,0.0,1.0,,,9.0,2.0,2.0,5.0,0.0,1.0,17.0,5.0,Desconocido
League 1,,,,False,2025-11-29,,,Burton,Leyton Orient,0.0,4.0,,,2.0,6.0,3.0,0.0,0.0,0.0,5.0,14.0,Desconocido
League 2,,,,False,2025-11-29,,,Cambridge,Crewe,2.0,1.0,,,10.0,1.0,1.0,2.0,0.0,0.0,16.0,5.0,Desconocido
League 1,,,,False,2025-11-29,,,Cardiff,Mansfield,3.0,0.0,,,6.0,4.0,1.0,1.0,0.0,0.0,19.0,7.0,Desconocido
National League,,,,False,2025-11-29,,,Carlisle,Tamworth,2.0,1.0,,,,,2.0,3.0,0.0,0.0,,,Desconocido
Primeira Liga,,,,False,2025-11-29,,,Casa Pia,Alverca,0.0,2.0,,,6.0,4.0,4.0,4.0,1.0,0.0,5.0,10.0,Desconocido
Serie B,,,,False,2025-11-29,,,Catanzaro,Virtus Entella,3.0,2.0,,,8.0,2.0,4.0,3.0,0.0,0.0,17.0,13.0,Desconocido
La Liga 2,,,,False,2025-11-29,,,Ceuta,Burgos,1.0,0.0,,,10.0,7.0,5.0,3.0,0.0,0.0,14.0,9.0,Desconocido
Jupiler Pro League,,,,False,2025-11-29,,,Charleroi,RAAL La Louviere,0.0,0.0,,,6.0,5.0,0.0,1.0,0.0,0.0,17.0,6.0,Desconocido
League 2,,,,False,2025-11-29,,,Chesterfield,Swindon,1.0,2.0,,,7.0,3.0,1.0,3.0,0.0,1.0,13.0,11.0,Desconocido
League 2,,,,False,2025-11-29,,,Colchester,Cheltenham,2.0,0.0,,,1.0,1.0,1.0,2.0,0.0,0.0,9.0,9.0,Desconocido
Championship,,,,False,2025-11-29,,,Coventry,Charlton,3.0,1.0,,,6.0,3.0,1.0,1.0,0.0,0.0,26.0,9.0,Desconocido
La Liga 2,,,,False,2025-11-29,,,Cultural Leonesa,Granada,0.0,1.0,,,4.0,4.0,2.0,3.0,0.0,0.0,10.0,8.0,Desconocido
Jupiler Pro League,,,,False,2025-11-29,,,Dender,Westerlo,2.0,2.0,,,2.0,4.0,4.0,1.0,0.0,0.0,8.0,19.0,Desconocido
League 1,,,,False,2025-11-29,,,Doncaster,Peterboro,2.0,1.0,,,3.0,4.0,5.0,2.0,0.0,0.0,11.0,10.0,Desconocido
Premiership Escocia,,,,False,2025-11-29,,,Dundee,St Mirren,3.0,1.0,,,1.0,11.0,0.0,2.0,0.0,0.0,8.0,19.0,Desconocido
Serie B,,,,False,2025-11-29,,,Empoli,Bari,5.0,0.0,,,4.0,5.0,1.0,2.0,0.0,0.0,16.0,7.0,Desconocido
Premier League,,,,False,2025-11-29,,,Everton,Newcastle,1.0,4.0,,,8.0,7.0,0.0,0.0,0.0,0.0,10.0,13.0,Desconocido
Eredivisie,,,,False,2025-11-29,,,Excelsior,NAC Breda,1.0,0.0,,,1.0,6.0,4.0,1.0,0.0,0.0,6.0,22.0,Desconocido
Eredivisie,,,,False,2025-11-29,,,For Sittard,Heracles,1.0,1.0,,,11.0,3.0,3.0,5.0,0.0,0.0,23.0,6.0,Desconocido
National League,,,,False,2025-11-29,,,Forest Green,Southend,2.0,1.0,,,,,2.0,3.0,0.0,0.0,,,Desconocido
Turkey Super Lig,,,,False,2025-11-29,,,Gaziantep,Eyupspor,1.0,2.0,,,13.0,6.0,1.0,4.0,0.0,0.0,13.0,17.0,Desconocido
Serie A,,,,False,2025-11-29,,,Genoa,Verona,2.0,1.0,,,2.0,3.0,1.0,3.0,0.0,0.0,15.0,13.0,Desconocido
Primeira Liga,,,,False,2025-11-29,,,Gil Vicente,Tondela,0.0,1.0,,,12.0,3.0,2.0,0.0,0.0,0.0,15.0,5.0,Desconocido
Bundesliga 2,,,,False,2025-11-29,,,Greuther Furth,Bochum,0.0,3.0,,,6.0,9.0,2.0,0.0,0.0,0.0,10.0,14.0,Desconocido
National League,,,,False,2025-11-29,,,Hartlepool,Truro,3.0,1.0,,,,,1.0,1.0,0.0,0.0,,,Desconocido
Bundesliga,,,,False,2025-11-29,,,Hoffenheim,Augsburg,3.0,0.0,,,7.0,2.0,1.0,0.0,0.0,0.0,17.0,14.0,Desconocido
Bundesliga 2,,,,False,2025-11-29,,,Holstein Kiel,Hertha,0.0,1.0,,,8.0,3.0,2.0,6.0,0.0,0.0,9.0,10.0,Desconocido
League 1,,,,False,2025-11-29,,,Huddersfield,AFC Wimbledon,3.0,3.0,,,11.0,2.0,2.0,2.0,0.0,0.0,25.0,7.0,Desconocido
Serie A,,,,False,2025-11-29,,,Juventus,Cagliari,2.0,1.0,,,1.0,6.0,1.0,5.0,0.0,0.0,14.0,5.0,Desconocido
Turkey Super Lig,,,,False,2025-11-29,,,Kasimpasa,Buyuksehyr,1.0,3.0,,,12.0,3.0,4.0,5.0,0.0,1.0,16.0,11.0,Desconocido
Super League Greece,,,,False,2025-11-29,,,Kifisia,Panserraikos,3.0,0.0,,,4.0,4.0,2.0,3.0,1.0,1.0,21.0,6.0,Desconocido
Premiership Escocia,,,,False,2025-11-29,,,Kilmarnock,Dundee United,1.0,1.0,,,3.0,3.0,3.0,2.0,0.0,0.0,11.0,11.0,Desconocido
Championship,,,,False,2025-11-29,,,Leicester,Sheffield United,2.0,3.0,,,4.0,9.0,2.0,1.0,0.0,0.0,15.0,13.0,Desconocido
La Liga,,,,False,2025-11-29,,,Levante,Ath Bilbao,0.0,2.0,,,4.0,2.0,3.0,2.0,0.0,0.0,11.0,14.0,Desconocido
Bundesliga,,,,False,2025-11-29,,,Leverkusen,Dortmund,1.0,2.0,,,10.0,3.0,3.0,4.0,0.0,0.0,14.0,7.0,Desconocido
League 1,,,,False,2025-11-29,,,Lincoln,Port Vale,1.0,0.0,,,3.0,5.0,3.0,2.0,0.0,0.0,8.0,5.0,Desconocido
League 1,,,,False,2025-11-29,,,Luton,Bolton,1.0,1.0,,,13.0,2.0,1.0,1.0,0.0,1.0,19.0,8.0,Desconocido
Bundesliga 2,,,,False,2025-11-29,,,Magdeburg,Nurnberg,3.0,0.0,,,6.0,5.0,3.0,3.0,0.0,1.0,19.0,7.0,Desconocido
La Liga,,,,False,2025-11-29,,,Mallorca,Osasuna,2.0,2.0,,,2.0,8.0,3.0,4.0,0.0,0.0,7.0,14.0,Desconocido
Premier League,,,,False,2025-11-29,,,Man City,Leeds,3.0,2.0,,,8.0,1.0,4.0,1.0,0.0,0.0,18.0,9.0,Desconocido
Ligue 1,,,,False,2025-11-29,,,Marseille,Toulouse,2.0,2.0,,,9.0,1.0,2.0,1.0,0.0,0.0,20.0,6.0,Desconocido
Championship,,,,False,2025-11-29,,,Middlesbrough,Derby,2.0,1.0,,,9.0,8.0,0.0,2.0,0.0,0.0,21.0,6.0,Desconocido
Serie A,,,,False,2025-11-29,,,Milan,Lazio,1.0,0.0,,,1.0,4.0,3.0,3.0,0.0,0.0,16.0,9.0,Desconocido
Championship,,,,False,2025-11-29,,,Millwall,Southampton,3.0,2.0,,,9.0,6.0,1.0,2.0,0.0,0.0,21.0,11.0,Desconocido
League 2,,,,False,2025-11-29,,,Milton Keynes Dons,Fleetwood Town,2.0,1.0,,,6.0,2.0,2.0,0.0,0.0,0.0,19.0,8.0,Desconocido
Ligue 1,,,,False,2025-11-29,,,Monaco,Paris SG,1.0,0.0,,,4.0,4.0,3.0,1.0,1.0,0.0,10.0,17.0,Desconocido
Primeira Liga,,,,False,2025-11-29,,,Moreirense,Famalicao,2.0,2.0,,,5.0,4.0,4.0,5.0,1.0,0.0,11.0,17.0,Desconocido
Premiership Escocia,,,,False,2025-11-29,,,Motherwell,Hearts,0.0,0.0,,,3.0,4.0,2.0,4.0,0.0,0.0,9.0,9.0,Desconocido
Primeira Liga,,,,False,2025-11-29,,,Nacional,Benfica,1.0,2.0,,,2.0,11.0,4.0,2.0,0.0,0.0,6.0,31.0,Desconocido
League 2,,,,False,2025-11-29,,,Newport County,Barrow,2.0,2.0,,,2.0,2.0,0.0,1.0,0.0,0.0,10.0,13.0,Desconocido
Eredivisie,,,,False,2025-11-29,,,Nijmegen,Sparta Rotterdam,3.0,1.0,,,7.0,6.0,2.0,4.0,0.0,0.0,19.0,13.0,Desconocido
Championship,,,,False,2025-11-29,,,Norwich,QPR,3.0,1.0,,,9.0,6.0,2.0,2.0,0.0,0.0,17.0,12.0,Desconocido
Super League Greece,,,,False,2025-11-29,,,OFI Crete,Volos NFC,0.0,1.0,,,1.0,5.0,2.0,3.0,0.0,0.0,4.0,16.0,Desconocido
Serie B,,,,False,2025-11-29,,,Palermo,Carrarese,5.0,0.0,,,3.0,4.0,2.0,3.0,0.0,0.0,21.0,7.0,Desconocido
Ligue 1,,,,False,2025-11-29,,,Paris FC,Auxerre,1.0,1.0,,,4.0,3.0,2.0,1.0,0.0,0.0,11.0,11.0,Desconocido
Serie A,,,,False,2025-11-29,,,Parma,Udinese,0.0,2.0,,,5.0,9.0,1.0,2.0,1.0,1.0,17.0,14.0,Desconocido
Serie B,,,,False,2025-11-29,,,Pescara,Padova,0.0,1.0,,,12.0,5.0,0.0,5.0,0.0,0.0,25.0,12.0,Desconocido
League 1,,,,False,2025-11-29,,,Plymouth,Northampton,0.0,3.0,,,4.0,8.0,1.0,5.0,1.0,0.0,14.0,12.0,Desconocido
Championship,,,,False,2025-11-29,,,Portsmouth,Bristol City,0.0,1.0,,,4.0,4.0,3.0,0.0,0.0,0.0,13.0,15.0,Desconocido
Serie B,,,,False,2025-11-29,,,Reggiana,Frosinone,0.0,1.0,,,4.0,2.0,1.0,3.0,0.0,0.0,14.0,11.0,Desconocido
Turkey Super Lig,,,,False,2025-11-29,,,Rizespor,Kayserispor,0.0,1.0,,,5.0,5.0,2.0,3.0,0.0,0.0,16.0,10.0,Desconocido
National League,,,,False,2025-11-29,,,Rochdale,Eastleigh,2.0,0.0,,,,,0.0,1.0,0.0,0.0,,,Desconocido
League 1,,,,False,2025-11-29,,,Rotherham,Wycombe,1.0,1.0,,,6.0,5.0,3.0,2.0,0.0,0.0,14.0,10.0,Desconocido
League 2,,,,False,2025-11-29,,,Salford,Crawley Town,4.0,3.0,,,12.0,4.0,1.0,2.0,0.0,0.0,17.0,15.0,Desconocido
Championship,,,,False,2025-11-29,,,Sheffield Weds,Preston,2.0,3.0,,,3.0,3.0,1.0,1.0,0.0,0.0,12.0,7.0,Desconocido
League 2,,,,False,2025-11-29,,,Shrewsbury,Gillingham,3.0,3.0,,,1.0,9.0,2.0,2.0,0.0,0.0,17.0,16.0,Desconocido
National League,,,,False,2025-11-29,,,Solihull,Wealdstone,1.0,1.0,,,,,2.0,1.0,0.0,0.0,,,Desconocido
League 1,,,,False,2025-11-29,,,Stockport,Barnsley,1.0,1.0,,,4.0,6.0,0.0,1.0,0.0,0.0,10.0,11.0,Desconocido
Championship,,,,False,2025-11-29,,,Stoke,Hull,1.0,2.0,,,7.0,8.0,2.0,4.0,0.0,0.0,12.0,11.0,Desconocido
Serie B,,,,False,2025-11-29,,,Sudtirol,Avellino,0.0,1.0,,,10.0,2.0,4.0,1.0,0.0,0.0,20.0,6.0,Desconocido
Premier League,,,,False,2025-11-29,,,Sunderland,Bournemouth,3.0,2.0,,,6.0,3.0,5.0,5.0,0.0,1.0,12.0,18.0,Desconocido
National League,,,,False,2025-11-29,,,Sutton,Gateshead,4.0,2.0,,,,,2.0,1.0,0.0,0.0,,,Desconocido
Premier League,,,,False,2025-11-29,,,Tottenham,Fulham,1.0,2.0,,,8.0,2.0,3.0,2.0,0.0,0.0,14.0,7.0,Desconocido
Turkey Super Lig,,,,False,2025-11-29,,,Trabzonspor,Konyaspor,3.0,1.0,,,3.0,3.0,1.0,2.0,0.0,0.0,19.0,16.0,Desconocido
Bundesliga,,,,False,2025-11-29,,,Union Berlin,Heidenheim,1.0,2.0,,,5.0,5.0,3.0,2.0,0.0,0.0,9.0,10.0,Desconocido
La Liga 2,,,,False,2025-11-29,,,Valladolid,Malaga,1.0,1.0,,,7.0,2.0,5.0,2.0,1.0,0.0,21.0,5.0,Desconocido
Serie B,,,,False,2025-11-29,,,Venezia,Mantova,3.0,0.0,,,7.0,1.0,2.0,3.0,0.0,1.0,27.0,3.0,Desconocido
League 2,,,,False,2025-11-29,,,Walsall,Bromley,3.0,1.0,,,4.0,9.0,1.0,3.0,0.0,0.0,11.0,13.0,Desconocido
Jupiler Pro League,,,,False,2025-11-29,,,Waregem,Cercle Brugge,1.0,1.0,,,6.0,7.0,1.0,2.0,0.0,0.0,7.0,13.0,Desconocido
Bundesliga,,,,False,2025-11-29,,,Werder Bremen,FC Koln,1.0,1.0,,,4.0,0.0,2.0,4.0,1.0,0.0,17.0,10.0,Desconocido
Championship,,,,False,2025-11-29,,,West Brom,Swansea,3.0,2.0,,,7.0,1.0,1.0,2.0,0.0,0.0,26.0,3.0,Desconocido
League 1,,,,False,2025-11-29,,,Wigan,Stevenage,0.0,0.0,,,3.0,7.0,0.0,1.0,0.0,0.0,11.0,6.0,Desconocido
National League,,,,False,2025-11-29,,,Woking,Brackley Town,2.0,0.0,,,,,0.0,4.0,0.0,1.0,,,Desconocido
Championship,,,,False,2025-11-29,,,Wrexham,Blackburn,1.0,1.0,,,7.0,7.0,1.0,3.0,0.0,0.0,16.0,12.0,Desconocido
National League,,,,False,2025-11-29,,,Yeovil,Boston Utd,2.0,1.0,,,,,4.0,1.0,0.0,0.0,,,Desconocido
National League,,,,False,2025-11-29,,,York,Aldershot,5.0,1.0,,,,,0.0,2.0,0.0,1.0,,,Desconocido
Serie B,,,,False,2025-11-28,,,Cesena,Modena,1.0,0.0,,,7.0,8.0,1.0,1.0,0.0,0.0,14.0,18.0,Desconocido
Serie A,,,,False,2025-11-28,,,Como,Sassuolo,2.0,0.0,,,4.0,4.0,2.0,1.0,0.0,0.0,18.0,12.0,Desconocido
La Liga,,,,False,2025-11-28,,,Getafe,Elche,1.0,0.0,,,3.0,5.0,2.0,2.0,0.0,0.0,15.0,9.0,Desconocido
Primeira Liga,,,,False,2025-11-28,,,Guimaraes,AVS,4.0,0.0,,,7.0,3.0,0.0,1.0,0.0,0.0,11.0,9.0,Desconocido
Bundesliga 2,,,,False,2025-11-28,,,Hannover,Karlsruhe,3.0,0.0,,,4.0,1.0,2.0,1.0,0.0,0.0,18.0,9.0,Desconocido
Turkey Super Lig,,,,False,2025-11-28,,,Kocaelispor,Genclerbirligi,1.0,0.0,,,6.0,1.0,0.0,0.0,0.0,0.0,15.0,5.0,Desconocido
Bundesliga,,,,False,2025-11-28,,,M'gladbach,RB Leipzig,0.0,0.0,,,5.0,6.0,0.0,3.0,0.0,0.0,8.0,20.0,Desconocido
Jupiler Pro League,,,,False,2025-11-28,,,Mechelen,Standard,0.0,1.0,,,4.0,4.0,1.0,1.0,0.0,0.0,9.0,6.0,Desconocido
Ligue 1,,,,False,2025-11-28,,,Metz,Rennes,0.0,1.0,,,6.0,3.0,0.0,0.0,0.0,0.0,16.0,9.0,Desconocido
Championship,,,,False,2025-11-28,,,Oxford,Ipswich,2.0,1.0,,,3.0,6.0,0.0,0.0,0.0,0.0,13.0,17.0,Desconocido
Bundesliga 2,,,,False,2025-11-28,,,Schalke 04,Paderborn,2.0,1.0,,,3.0,3.0,2.0,4.0,0.0,0.0,14.0,8.0,Desconocido
La Liga 2,,,,False,2025-11-28,,,Sp Gijon,Andorra,1.0,1.0,,,8.0,5.0,3.0,3.0,0.0,0.0,23.0,10.0,Desconocido
Eredivisie,,,,False,2025-11-28,,,Zwolle,Heerenveen,2.0,1.0,,,3.0,9.0,3.0,2.0,0.0,0.0,11.0,19.0,Desconocido
League 2,,,,False,2025-11-27,,,Grimsby,Tranmere,1.0,2.0,,,5.0,1.0,0.0,4.0,0.0,0.0,13.0,6.0,Desconocido
Arab Cup qualification,,,,False,2025-11-26,,,Bahrain,Djibouti,1.0,0.0,,,,,,,,,,,Desconocido
Championship,,,,False,2025-11-26,,,Blackburn,QPR,0.0,1.0,,,6.0,4.0,3.0,0.0,0.0,0.0,9.0,10.0,Desconocido
La Liga 2,,,,False,2025-11-26,,,Ceuta,Almeria,3.0,2.0,,,2.0,2.0,3.0,5.0,0.0,0.0,10.0,15.0,Desconocido
Arab Cup qualification,,,,False,2025-11-26,,,Comoros,Yemen,4.0,4.0,,,,,,,,,,,Desconocido
Championship,,,,False,2025-11-26,,,Millwall,Sheffield Weds,1.0,0.0,,,9.0,5.0,0.0,3.0,0.0,0.0,24.0,11.0,Desconocido
Arab Cup qualification,,,,False,2025-11-26,,,Oman,Somalia,0.0,0.0,,,,,,,,,,,Desconocido
Championship,,,,False,2025-11-26,,,Sheffield United,Portsmouth,3.0,0.0,,,7.0,2.0,0.0,1.0,0.0,1.0,15.0,4.0,Desconocido
Arab Cup qualification,,,,False,2025-11-26,,,Sudan,Lebanon,2.0,1.0,,,,,,,,,,,Desconocido
Championship,,,,False,2025-11-26,,,West Brom,Birmingham,1.0,1.0,,,3.0,3.0,1.0,2.0,0.0,0.0,13.0,14.0,Desconocido
Championship,,,,False,2025-11-26,,,Wrexham,Bristol City,2.0,0.0,,,2.0,4.0,1.0,2.0,0.0,0.0,12.0,13.0,Desconocido
League 1 Escocia,,,,False,2025-11-25,,,Alloa,Inverness C,1.0,1.0,,,5.0,6.0,1.0,1.0,0.0,0.0,8.0,10.0,Desconocido
Ligue 2,,,,False,2025-11-25,,,Bastia,Laval,0.0,2.0,,,6.0,2.0,3.0,3.0,0.0,0.0,9.0,12.0,Desconocido
Championship,,,,False,2025-11-25,,,Hull,Ipswich,0.0,2.0,,,3.0,6.0,2.0,2.0,0.0,0.0,11.0,16.0,Desconocido
League 1,,,,False,2025-11-25,,,Luton,Huddersfield,2.0,1.0,,,12.0,7.0,0.0,1.0,0.0,0.0,13.0,6.0,Desconocido
Arab Cup qualification,,,,False,2025-11-25,,,Mauritania,Kuwait,0.0,2.0,,,,,,,,,,,Desconocido
Championship,,,,False,2025-11-25,,,Middlesbrough,Coventry,2.0,4.0,,,8.0,3.0,0.0,0.0,0.0,0.0,11.0,20.0,Desconocido
Premiership Escocia,,,,False,2025-11-25,,,Motherwell,Hibernian,2.0,0.0,,,0.0,2.0,0.0,1.0,0.0,1.0,16.0,2.0,Desconocido
Championship,,,,False,2025-11-25,,,Norwich,Oxford,1.0,1.0,,,8.0,4.0,1.0,0.0,0.0,0.0,15.0,12.0,Desconocido
Arab Cup qualification,,,,False,2025-11-25,,,Palestine,Libya,0.0,0.0,,,,,,,,,,,Desconocido
Championship Escocia,,,,False,2025-11-25,,,Partick,Dunfermline,1.0,0.0,,,3.0,4.0,2.0,3.0,0.0,0.0,12.0,7.0,Desconocido
League 1,,,,False,2025-11-25,,,Peterboro,Stevenage,0.0,1.0,,,4.0,3.0,3.0,2.0,0.0,0.0,12.0,7.0,Desconocido
Championship,,,,False,2025-11-25,,,Southampton,Leicester,3.0,0.0,,,11.0,3.0,1.0,0.0,0.0,1.0,18.0,7.0,Desconocido
Championship,,,,False,2025-11-25,,,Stoke,Charlton,3.0,0.0,,,5.0,0.0,1.0,1.0,0.0,0.0,15.0,4.0,Desconocido
Championship,,,,False,2025-11-25,,,Swansea,Derby,1.0,2.0,,,4.0,2.0,0.0,2.0,0.0,0.0,9.0,13.0,Desconocido
Arab Cup qualification,,,,False,2025-11-25,,,Syria,South Sudan,2.0,0.0,,,,,,,,,,,Desconocido
Championship,,,,False,2025-11-25,,,Watford,Preston,1.0,1.0,,,6.0,2.0,2.0,4.0,0.0,0.0,24.0,9.0,Desconocido
Turkey Super Lig,,,,False,2025-11-24,,,Buyuksehyr,Trabzonspor,3.0,4.0,,,1.0,10.0,2.0,2.0,1.0,0.0,9.0,22.0,Desconocido
La Liga,,,,False,2025-11-24,,,Espanol,Sevilla,2.0,1.0,,,4.0,13.0,4.0,1.0,0.0,0.0,8.0,22.0,Desconocido
Turkey Super Lig,,,,False,2025-11-24,,,Konyaspor,Antalyaspor,0.0,0.0,,,10.0,2.0,1.0,2.0,0.0,0.0,12.0,4.0,Desconocido
Super League Greece,,,,False,2025-11-24,,,Larisa,OFI Crete,1.0,2.0,,,6.0,3.0,4.0,3.0,0.0,0.0,18.0,8.0,Desconocido
Premier League,,,,False,2025-11-24,,,Man United,Everton,0.0,1.0,,,9.0,1.0,2.0,0.0,0.0,1.0,25.0,3.0,Desconocido
Ligue 2,,,,False,2025-11-24,,,Reims,Montpellier,2.0,0.0,,,5.0,4.0,2.0,3.0,0.0,0.0,15.0,12.0,Desconocido
Serie B,,,,False,2025-11-24,,,Sampdoria,Juve Stabia,1.0,0.0,,,4.0,4.0,1.0,5.0,0.0,1.0,16.0,10.0,Desconocido
Serie A,,,,False,2025-11-24,,,Sassuolo,Pisa,2.0,2.0,,,5.0,2.0,2.0,1.0,0.0,0.0,22.0,10.0,Desconocido
La Liga 2,,,,False,2025-11-24,,,Sociedad B,Valladolid,1.0,0.0,,,4.0,9.0,3.0,3.0,0.0,0.0,13.0,20.0,Desconocido
Serie A,,,,False,2025-11-24,,,Torino,Como,1.0,5.0,,,3.0,4.0,0.0,1.0,0.0,0.0,10.0,15.0,Desconocido
Super League Greece,,,,False,2025-11-24,,,Volos NFC,Levadeiakos,1.0,2.0,,,2.0,2.0,3.0,2.0,0.0,0.0,20.0,12.0,Desconocido
Super League Greece,,,,False,2025-11-23,,,AEK,Aris,1.0,0.0,,,10.0,1.0,3.0,2.0,0.0,0.0,27.0,6.0,Desconocido
Premiership Escocia,,,,False,2025-11-23,,,Aberdeen,Hearts,1.0,0.0,,,6.0,3.0,3.0,4.0,0.0,0.0,6.0,16.0,Desconocido
Turkey Super Lig,,,,False,2025-11-23,,,Alanyaspor,Kasimpasa,1.0,2.0,,,13.0,1.0,1.0,2.0,0.0,0.0,17.0,9.0,Desconocido
Jupiler Pro League,,,,False,2025-11-23,,,Antwerp,Dender,1.0,2.0,,,5.0,3.0,1.0,4.0,0.0,0.0,15.0,9.0,Desconocido
Premier League,,,,False,2025-11-23,,,Arsenal,Tottenham,4.0,1.0,,,4.0,1.0,1.0,3.0,0.0,0.0,17.0,3.0,Desconocido
Ligue 1,,,,False,2025-11-23,,,Auxerre,Lyon,0.0,0.0,,,7.0,11.0,1.0,3.0,0.0,0.0,12.0,16.0,Desconocido
Turkey Super Lig,,,,False,2025-11-23,,,Besiktas,Samsunspor,1.0,1.0,,,4.0,3.0,2.0,2.0,0.0,0.0,14.0,14.0,Desconocido
La Liga,,,,False,2025-11-23,,,Betis,Girona,1.0,1.0,,,8.0,0.0,3.0,4.0,1.0,0.0,23.0,11.0,Desconocido
Ligue 1,,,,False,2025-11-23,,,Brest,Metz,3.0,2.0,,,6.0,2.0,2.0,3.0,0.0,0.0,20.0,7.0,Desconocido
La Liga 2,,,,False,2025-11-23,,,Burgos,Santander,0.0,2.0,,,6.0,3.0,4.0,5.0,0.0,0.0,9.0,15.0,Desconocido
La Liga 2,,,,False,2025-11-23,,,Cadiz,Cultural Leonesa,1.0,2.0,,,11.0,6.0,1.0,1.0,0.0,0.0,16.0,14.0,Desconocido
Serie A,,,,False,2025-11-23,,,Cremonese,Roma,1.0,3.0,,,3.0,5.0,2.0,2.0,0.0,0.0,9.0,12.0,Desconocido
La Liga,,,,False,2025-11-23,,,Elche,Real Madrid,2.0,2.0,,,2.0,8.0,4.0,0.0,1.0,0.0,15.0,20.0,Desconocido
Eredivisie,,,,False,2025-11-23,,,Feyenoord,Nijmegen,2.0,4.0,,,7.0,6.0,1.0,0.0,0.0,0.0,19.0,22.0,Desconocido
Jupiler Pro League,,,,False,2025-11-23,,,Genk,Mechelen,0.0,1.0,,,6.0,3.0,0.0,5.0,0.0,0.0,20.0,11.0,Desconocido
La Liga,,,,False,2025-11-23,,,Getafe,Ath Madrid,0.0,1.0,,,6.0,7.0,2.0,3.0,0.0,0.0,9.0,13.0,Desconocido
Turkey Super Lig,,,,False,2025-11-23,,,Goztep,Kocaelispor,0.0,0.0,,,4.0,6.0,2.0,4.0,0.0,0.0,8.0,10.0,Desconocido
Eredivisie,,,,False,2025-11-23,,,Groningen,Zwolle,2.0,2.0,,,13.0,0.0,1.0,3.0,0.0,1.0,39.0,5.0,Desconocido
Eredivisie,,,,False,2025-11-23,,,Heerenveen,AZ Alkmaar,3.0,1.0,,,8.0,5.0,1.0,0.0,0.0,0.0,21.0,9.0,Desconocido
La Liga 2,,,,False,2025-11-23,,,Huesca,Sp Gijon,2.0,0.0,,,7.0,5.0,0.0,1.0,0.0,0.0,13.0,12.0,Desconocido
Serie A,,,,False,2025-11-23,,,Inter,Milan,0.0,1.0,,,9.0,1.0,1.0,2.0,0.0,0.0,20.0,7.0,Desconocido
Bundesliga 2,,,,False,2025-11-23,,,Kaiserslautern,Holstein Kiel,4.0,1.0,,,10.0,3.0,2.0,5.0,0.0,1.0,28.0,8.0,Desconocido
Bundesliga 2,,,,False,2025-11-23,,,Karlsruhe,Elversberg,2.0,3.0,,,4.0,9.0,3.0,1.0,0.0,0.0,11.0,26.0,Desconocido
La Liga 2,,,,False,2025-11-23,,,La Coruna,Ceuta,2.0,1.0,,,4.0,4.0,3.0,0.0,0.0,0.0,16.0,13.0,Desconocido
Serie A,,,,False,2025-11-23,,,Lazio,Lecce,2.0,0.0,,,8.0,2.0,1.0,1.0,0.0,0.0,19.0,5.0,Desconocido
Premier League,,,,False,2025-11-23,,,Leeds,Aston Villa,1.0,2.0,,,3.0,3.0,5.0,1.0,0.0,0.0,14.0,14.0,Desconocido
Ligue 1,,,,False,2025-11-23,,,Lille,Paris FC,4.0,2.0,,,9.0,4.0,1.0,2.0,0.0,0.0,17.0,6.0,Desconocido
La Liga 2,,,,False,2025-11-23,,,Malaga,Mirandes,3.0,2.0,,,2.0,1.0,1.0,3.0,0.0,0.0,18.0,14.0,Desconocido
Serie B,,,,False,2025-11-23,,,Mantova,Spezia,4.0,1.0,,,8.0,2.0,2.0,5.0,0.0,1.0,23.0,9.0,Desconocido
Serie B,,,,False,2025-11-23,,,Modena,Sudtirol,0.0,0.0,,,5.0,3.0,0.0,0.0,0.0,0.0,23.0,7.0,Desconocido
Serie B,,,,False,2025-11-23,,,Monza,Cesena,1.0,0.0,,,6.0,7.0,1.0,0.0,0.0,0.0,14.0,15.0,Desconocido
Ligue 1,,,,False,2025-11-23,,,Nantes,Lorient,1.0,1.0,,,1.0,1.0,1.0,1.0,0.0,0.0,9.0,7.0,Desconocido
Bundesliga 2,,,,False,2025-11-23,,,Nurnberg,Bielefeld,2.0,0.0,,,6.0,13.0,3.0,3.0,0.0,0.0,11.0,16.0,Desconocido
Jupiler Pro League,,,,False,2025-11-23,,,Oud-Heverlee Leuven,St Truiden,1.0,2.0,,,10.0,1.0,3.0,2.0,0.0,0.0,19.0,8.0,Desconocido
La Liga,,,,False,2025-11-23,,,Oviedo,Vallecano,0.0,0.0,,,5.0,6.0,1.0,2.0,1.0,1.0,8.0,11.0,Desconocido
Super League Greece,,,,False,2025-11-23,,,PAOK,Kifisia,3.0,0.0,,,8.0,4.0,1.0,7.0,0.0,1.0,19.0,6.0,Desconocido
Super League Greece,,,,False,2025-11-23,,,Panserraikos,Panathinaikos,0.0,3.0,,,3.0,8.0,2.0,1.0,0.0,0.0,10.0,18.0,Desconocido
MSG Prime Minister's Cup,,,,False,2025-11-23,,,Papua New Guinea,Vanuatu,2.0,2.0,,,,,,,,,,,Desconocido
Jupiler Pro League,,,,False,2025-11-23,,,RAAL La Louviere,Anderlecht,0.0,1.0,,,5.0,7.0,2.0,3.0,0.0,0.0,10.0,20.0,Desconocido
Bundesliga,,,,False,2025-11-23,,,RB Leipzig,Werder Bremen,2.0,0.0,,,13.0,7.0,1.0,2.0,0.0,0.0,22.0,15.0,Desconocido
Turkey Super Lig,,,,False,2025-11-23,,,Rizespor,Fenerbahce,2.0,5.0,,,5.0,9.0,3.0,1.0,1.0,0.0,6.0,28.0,Desconocido
Championship,,,,False,2025-11-23,,,Sheffield Weds,Sheffield United,0.0,3.0,,,4.0,7.0,3.0,0.0,0.0,0.0,5.0,11.0,Desconocido
Bundesliga,,,,False,2025-11-23,,,St Pauli,Union Berlin,0.0,1.0,,,8.0,2.0,1.0,1.0,0.0,0.0,12.0,8.0,Desconocido
Eredivisie,,,,False,2025-11-23,,,Telstar,Utrecht,1.0,1.0,,,1.0,8.0,2.0,2.0,0.0,0.0,11.0,17.0,Desconocido
Ligue 1,,,,False,2025-11-23,,,Toulouse,Angers,0.0,1.0,,,11.0,1.0,1.0,3.0,0.0,0.0,25.0,6.0,Desconocido
Serie A,,,,False,2025-11-23,,,Verona,Parma,1.0,2.0,,,4.0,4.0,4.0,3.0,0.0,0.0,10.0,15.0,Desconocido
League 1,,,,False,2025-11-22,,,AFC Wimbledon,Wigan,1.0,2.0,,,3.0,4.0,2.0,1.0,0.0,0.0,8.0,13.0,Desconocido
Championship Escocia,,,,False,2025-11-22,,,Airdrie Utd,Ayr,0.0,1.0,,,3.0,2.0,2.0,1.0,0.0,1.0,10.0,5.0,Desconocido
Eredivisie,,,,False,2025-11-22,,,Ajax,Excelsior,1.0,2.0,,,9.0,2.0,2.0,1.0,0.0,0.0,15.0,8.0,Desconocido
La Liga,,,,False,2025-11-22,,,Alaves,Celta,0.0,1.0,,,4.0,2.0,2.0,2.0,0.0,0.0,5.0,7.0,Desconocido
National League,,,,False,2025-11-22,,,Aldershot,Woking,1.0,2.0,,,,,5.0,4.0,0.0,0.0,,,Desconocido
Ligue 2,,,,False,2025-11-22,,,Amiens,Guingamp,1.0,2.0,,,8.0,9.0,4.0,2.0,0.0,0.0,14.0,17.0,Desconocido
La Liga 2,,,,False,2025-11-22,,,Andorra,Castellon,1.0,3.0,,,2.0,4.0,2.0,2.0,0.0,0.0,10.0,16.0,Desconocido
Championship Escocia,,,,False,2025-11-22,,,Arbroath,Raith Rvs,0.0,0.0,,,4.0,4.0,1.0,1.0,0.0,0.0,6.0,6.0,Desconocido
Super League Greece,,,,False,2025-11-22,,,Asteras Tripolis,Panetolikos,1.0,1.0,,,3.0,3.0,2.0,1.0,0.0,0.0,6.0,8.0,Desconocido
Bundesliga,,,,False,2025-11-22,,,Augsburg,Hamburg,1.0,0.0,,,4.0,3.0,2.0,3.0,1.0,0.0,13.0,15.0,Desconocido
Serie B,,,,False,2025-11-22,,,Avellino,Empoli,0.0,3.0,,,6.0,4.0,2.0,3.0,0.0,0.0,9.0,13.0,Desconocido
La Liga,,,,False,2025-11-22,,,Barcelona,Ath Bilbao,4.0,0.0,,,5.0,7.0,0.0,2.0,0.0,1.0,19.0,13.0,Desconocido
Serie B,,,,False,2025-11-22,,,Bari,Frosinone,2.0,3.0,,,4.0,9.0,2.0,3.0,0.0,0.0,10.0,28.0,Desconocido
League 1,,,,False,2025-11-22,,,Barnsley,Luton,5.0,0.0,,,2.0,4.0,2.0,2.0,0.0,0.0,14.0,6.0,Desconocido
League 2,,,,False,2025-11-22,,,Barrow,Cambridge,0.0,2.0,,,4.0,3.0,1.0,2.0,0.0,0.0,9.0,11.0,Desconocido
Bundesliga,,,,False,2025-11-22,,,Bayern Munich,Freiburg,6.0,2.0,,,3.0,5.0,1.0,0.0,0.0,0.0,22.0,8.0,Desconocido
Championship,,,,False,2025-11-22,,,Birmingham,Norwich,4.0,1.0,,,3.0,8.0,1.0,2.0,0.0,0.0,16.0,15.0,Desconocido
League 1,,,,False,2025-11-22,,,Bolton,Bradford,0.0,0.0,,,4.0,4.0,3.0,3.0,0.0,0.0,19.0,9.0,Desconocido
National League,,,,False,2025-11-22,,,Boston Utd,Carlisle,1.0,2.0,,,,,3.0,2.0,0.0,0.0,,,Desconocido
Premier League,,,,False,2025-11-22,,,Bournemouth,West Ham,2.0,2.0,,,9.0,2.0,3.0,2.0,0.0,0.0,28.0,5.0,Desconocido
National League,,,,False,2025-11-22,,,Brackley Town,York,2.0,3.0,,,,,1.0,1.0,0.0,0.0,,,Desconocido
Premier League,,,,False,2025-11-22,,,Brighton,Brentford,2.0,1.0,,,7.0,4.0,4.0,2.0,0.0,0.0,14.0,10.0,Desconocido
Championship,,,,False,2025-11-22,,,Bristol City,Swansea,3.0,0.0,,,5.0,6.0,2.0,0.0,0.0,0.0,15.0,17.0,Desconocido
League 2,,,,False,2025-11-22,,,Bromley,Salford,2.0,0.0,,,4.0,7.0,0.0,2.0,0.0,0.0,10.0,15.0,Desconocido
Premier League,,,,False,2025-11-22,,,Burnley,Chelsea,0.0,2.0,,,1.0,9.0,2.0,3.0,0.0,0.0,8.0,15.0,Desconocido
Serie A,,,,False,2025-11-22,,,Cagliari,Genoa,3.0,3.0,,,6.0,2.0,4.0,3.0,0.0,1.0,11.0,13.0,Desconocido
Serie B,,,,False,2025-11-22,,,Carrarese,Reggiana,0.0,0.0,,,5.0,5.0,1.0,5.0,0.0,0.0,11.0,16.0,Desconocido
Championship,,,,False,2025-11-22,,,Charlton,Southampton,1.0,5.0,,,3.0,4.0,4.0,0.0,0.0,0.0,12.0,23.0,Desconocido
League 2,,,,False,2025-11-22,,,Cheltenham,Bristol Rvs,1.0,0.0,,,6.0,7.0,4.0,1.0,0.0,0.0,4.0,17.0,Desconocido
Jupiler Pro League,,,,False,2025-11-22,,,Club Brugge,Charleroi,1.0,0.0,,,6.0,11.0,2.0,1.0,0.0,0.0,17.0,11.0,Desconocido
League 2 Escocia,,,,False,2025-11-22,,,Clyde,Annan Athletic,1.0,0.0,,,5.0,10.0,5.0,0.0,0.0,0.0,9.0,19.0,Desconocido
League 1 Escocia,,,,False,2025-11-22,,,Cove Rangers,Alloa,0.0,0.0,,,8.0,8.0,4.0,1.0,0.0,0.0,10.0,13.0,Desconocido
Championship,,,,False,2025-11-22,,,Coventry,West Brom,3.0,2.0,,,8.0,1.0,2.0,1.0,0.0,1.0,24.0,7.0,Desconocido
League 2,,,,False,2025-11-22,,,Crawley Town,Accrington,1.0,1.0,,,7.0,4.0,3.0,2.0,0.0,0.0,12.0,8.0,Desconocido
League 2,,,,False,2025-11-22,,,Crewe,Chesterfield,3.0,3.0,,,5.0,2.0,2.0,1.0,0.0,0.0,22.0,12.0,Desconocido
Bundesliga 2,,,,False,2025-11-22,,,Darmstadt,Greuther Furth,4.0,2.0,,,5.0,2.0,2.0,3.0,0.0,0.0,18.0,14.0,Desconocido
Championship,,,,False,2025-11-22,,,Derby,Watford,2.0,3.0,,,9.0,3.0,2.0,1.0,0.0,0.0,9.0,14.0,Desconocido
Bundesliga,,,,False,2025-11-22,,,Dortmund,Stuttgart,3.0,3.0,,,2.0,4.0,1.0,1.0,0.0,0.0,14.0,16.0,Desconocido
League 2 Escocia,,,,False,2025-11-22,,,Dumbarton,Forfar,1.0,4.0,,,4.0,3.0,2.0,1.0,0.0,0.0,4.0,10.0,Desconocido
Premiership Escocia,,,,False,2025-11-22,,,Dundee United,Falkirk,0.0,3.0,,,5.0,5.0,3.0,3.0,0.0,0.0,13.0,16.0,Desconocido
Championship Escocia,,,,False,2025-11-22,,,Dunfermline,Morton,1.0,0.0,,,8.0,7.0,1.0,1.0,0.0,0.0,8.0,6.0,Desconocido
League 2 Escocia,,,,False,2025-11-22,,,East Kilbride,Edinburgh City,1.0,1.0,,,8.0,6.0,3.0,1.0,0.0,0.0,10.0,7.0,Desconocido
National League,,,,False,2025-11-22,,,Eastleigh,Hartlepool,0.0,2.0,,,,,1.0,1.0,0.0,0.0,,,Desconocido
La Liga 2,,,,False,2025-11-22,,,Eibar,Zaragoza,1.0,2.0,,,7.0,0.0,6.0,4.0,0.0,1.0,23.0,3.0,Desconocido
Turkey Super Lig,,,,False,2025-11-22,,,Eyupspor,Karagumruk,1.0,1.0,,,5.0,6.0,1.0,2.0,0.0,0.0,12.0,9.0,Desconocido
Bundesliga,,,,False,2025-11-22,,,FC Koln,Ein Frankfurt,3.0,4.0,,,3.0,3.0,0.0,0.0,0.0,0.0,11.0,11.0,Desconocido
Serie A,,,,False,2025-11-22,,,Fiorentina,Juventus,1.0,1.0,,,7.0,3.0,2.0,3.0,0.0,0.0,11.0,17.0,Desconocido
League 2,,,,False,2025-11-22,,,Fleetwood Town,Shrewsbury,3.0,1.0,,,3.0,2.0,0.0,1.0,1.0,0.0,13.0,13.0,Desconocido
Bundesliga 2,,,,False,2025-11-22,,,Fortuna Dusseldorf,Magdeburg,2.0,1.0,,,3.0,11.0,4.0,1.0,0.0,0.0,11.0,25.0,Desconocido
Premier League,,,,False,2025-11-22,,,Fulham,Sunderland,1.0,0.0,,,7.0,4.0,3.0,3.0,0.0,0.0,24.0,4.0,Desconocido
Turkey Super Lig,,,,False,2025-11-22,,,Galatasaray,Genclerbirligi,3.0,2.0,,,4.0,2.0,3.0,3.0,1.0,1.0,28.0,11.0,Desconocido
National League,,,,False,2025-11-22,,,Gateshead,Boreham Wood,0.0,3.0,,,,,2.0,2.0,0.0,1.0,,,Desconocido
League 2,,,,False,2025-11-22,,,Gillingham,Barnet,1.0,1.0,,,2.0,7.0,4.0,3.0,0.0,0.0,11.0,13.0,Desconocido
La Liga 2,,,,False,2025-11-22,,,Granada,Cordoba,1.0,1.0,,,7.0,8.0,3.0,5.0,0.0,0.0,18.0,11.0,Desconocido
National League,,,,False,2025-11-22,,,Halifax,Solihull,3.0,0.0,,,,,1.0,3.0,1.0,1.0,,,Desconocido
League 1 Escocia,,,,False,2025-11-22,,,Hamilton,Kelty Hearts,3.0,1.0,,,1.0,7.0,3.0,2.0,0.0,0.0,7.0,10.0,Desconocido
League 2,,,,False,2025-11-22,,,Harrogate,Walsall,0.0,2.0,,,2.0,7.0,1.0,2.0,0.0,0.0,7.0,18.0,Desconocido
Bundesliga,,,,False,2025-11-22,,,Heidenheim,M'gladbach,0.0,3.0,,,4.0,5.0,2.0,0.0,0.0,0.0,7.0,16.0,Desconocido
Eredivisie,,,,False,2025-11-22,,,Heracles,Go Ahead Eagles,4.0,2.0,,,6.0,3.0,1.0,3.0,0.0,1.0,22.0,7.0,Desconocido
Premiership Escocia,,,,False,2025-11-22,,,Hibernian,Dundee,2.0,0.0,,,8.0,3.0,2.0,1.0,0.0,0.0,17.0,7.0,Desconocido
League 1 Escocia,,,,False,2025-11-22,,,Inverness C,Queen of Sth,4.0,0.0,,,6.0,1.0,1.0,2.0,0.0,0.0,14.0,1.0,Desconocido
Championship,,,,False,2025-11-22,,,Ipswich,Wrexham,0.0,0.0,,,5.0,2.0,2.0,3.0,0.0,0.0,19.0,2.0,Desconocido
Turkey Super Lig,,,,False,2025-11-22,,,Kayserispor,Gaziantep,0.0,3.0,,,3.0,0.0,1.0,1.0,0.0,0.0,15.0,6.0,Desconocido
Premiership Escocia,,,,False,2025-11-22,,,Kilmarnock,Motherwell,1.0,3.0,,,3.0,3.0,1.0,5.0,0.0,0.0,18.0,12.0,Desconocido
La Liga 2,,,,False,2025-11-22,,,Leganes,Almeria,0.0,3.0,,,5.0,0.0,1.0,4.0,0.0,0.0,22.0,7.0,Desconocido
Championship,,,,False,2025-11-22,,,Leicester,Stoke,2.0,1.0,,,0.0,10.0,6.0,2.0,0.0,0.0,6.0,11.0,Desconocido
Ligue 1,,,,False,2025-11-22,,,Lens,Strasbourg,1.0,0.0,,,3.0,1.0,2.0,3.0,1.0,1.0,13.0,7.0,Desconocido
League 1,,,,False,2025-11-22,,,Leyton Orient,Blackpool,1.0,1.0,,,3.0,9.0,3.0,3.0,1.0,0.0,12.0,10.0,Desconocido
Premier League,,,,False,2025-11-22,,,Liverpool,Nott'm Forest,0.0,3.0,,,8.0,6.0,2.0,0.0,0.0,0.0,21.0,15.0,Desconocido
League 1,,,,False,2025-11-22,,,Mansfield,Huddersfield,1.0,3.0,,,4.0,4.0,1.0,1.0,0.0,0.0,10.0,20.0,Desconocido
League 1 Escocia,,,,False,2025-11-22,,,Montrose,East Fife,2.0,1.0,,,5.0,6.0,0.0,2.0,0.0,0.0,9.0,8.0,Desconocido
National League,,,,False,2025-11-22,,,Morecambe,Yeovil,0.0,0.0,,,,,2.0,3.0,0.0,0.0,,,Desconocido
Eredivisie,,,,False,2025-11-22,,,NAC Breda,PSV Eindhoven,0.0,1.0,,,6.0,5.0,2.0,1.0,0.0,0.0,16.0,9.0,Desconocido
Serie A,,,,False,2025-11-22,,,Napoli,Atalanta,3.0,1.0,,,5.0,3.0,1.0,2.0,0.0,0.0,11.0,14.0,Desconocido
Premier League,,,,False,2025-11-22,,,Newcastle,Man City,2.0,1.0,,,5.0,9.0,1.0,3.0,0.0,0.0,9.0,17.0,Desconocido
League 1,,,,False,2025-11-22,,,Northampton,Cardiff,1.0,3.0,,,6.0,2.0,0.0,2.0,0.0,0.0,16.0,10.0,Desconocido
League 2,,,,False,2025-11-22,,,Notts County,Colchester,1.0,3.0,,,4.0,3.0,1.0,3.0,0.0,0.0,15.0,8.0,Desconocido
League 2,,,,False,2025-11-22,,,Oldham,Newport County,3.0,0.0,,,9.0,6.0,2.0,1.0,0.0,0.0,19.0,10.0,Desconocido
Super League Greece,,,,False,2025-11-22,,,Olympiakos,Atromitos,3.0,0.0,,,7.0,1.0,0.0,2.0,0.0,0.0,27.0,6.0,Desconocido
La Liga,,,,False,2025-11-22,,,Osasuna,Sociedad,1.0,3.0,,,3.0,3.0,3.0,2.0,1.0,0.0,14.0,19.0,Desconocido
Championship,,,,False,2025-11-22,,,Oxford,Middlesbrough,1.0,1.0,,,1.0,8.0,3.0,2.0,0.0,0.0,9.0,19.0,Desconocido
Bundesliga 2,,,,False,2025-11-22,,,Paderborn,Hannover,0.0,2.0,,,11.0,4.0,0.0,1.0,0.0,0.0,16.0,15.0,Desconocido
Serie B,,,,False,2025-11-22,,,Padova,Venezia,0.0,2.0,,,8.0,6.0,4.0,3.0,0.0,0.0,12.0,16.0,Desconocido
Ligue 1,,,,False,2025-11-22,,,Paris SG,Le Havre,3.0,0.0,,,6.0,4.0,2.0,1.0,0.0,0.0,31.0,12.0,Desconocido
Championship Escocia,,,,False,2025-11-22,,,Partick,St Johnstone,2.0,1.0,,,6.0,7.0,1.0,0.0,0.0,0.0,9.0,14.0,Desconocido
League 1 Escocia,,,,False,2025-11-22,,,Peterhead,Stenhousemuir,1.0,4.0,,,6.0,1.0,3.0,3.0,0.0,0.0,12.0,11.0,Desconocido
League 1,,,,False,2025-11-22,,,Port Vale,Plymouth,0.0,1.0,,,8.0,2.0,1.0,3.0,0.0,0.0,13.0,5.0,Desconocido
Championship,,,,False,2025-11-22,,,Portsmouth,Millwall,3.0,1.0,,,3.0,4.0,2.0,1.0,0.0,1.0,15.0,7.0,Desconocido
Bundesliga 2,,,,False,2025-11-22,,,Preußen Münster,Schalke 04,0.0,0.0,,,4.0,6.0,1.0,5.0,1.0,0.0,5.0,14.0,Desconocido
Championship,,,,False,2025-11-22,,,QPR,Hull,3.0,2.0,,,9.0,5.0,0.0,1.0,0.0,0.0,26.0,8.0,Desconocido
Premiership Escocia,,,,False,2025-11-22,,,Rangers,Livingston,2.0,1.0,,,2.0,1.0,2.0,4.0,0.0,0.0,9.0,9.0,Desconocido
League 1,,,,False,2025-11-22,,,Reading,Rotherham,1.0,1.0,,,4.0,3.0,2.0,3.0,0.0,0.0,11.0,8.0,Desconocido
Ligue 2,,,,False,2025-11-22,,,Red Star,Clermont,2.0,2.0,,,2.0,3.0,3.0,2.0,0.0,0.0,14.0,7.0,Desconocido
Ligue 1,,,,False,2025-11-22,,,Rennes,Monaco,4.0,1.0,,,4.0,6.0,0.0,1.0,0.0,1.0,17.0,13.0,Desconocido
National League,,,,False,2025-11-22,,,Scunthorpe,Braintree Town,1.0,1.0,,,,,2.0,1.0,0.0,0.0,,,Desconocido
National League,,,,False,2025-11-22,,,Southend,Altrincham,3.0,0.0,,,,,3.0,1.0,0.0,1.0,,,Desconocido
Eredivisie,,,,False,2025-11-22,,,Sparta Rotterdam,For Sittard,1.0,1.0,,,7.0,5.0,1.0,1.0,0.0,0.0,13.0,12.0,Desconocido
League 2 Escocia,,,,False,2025-11-22,,,Spartans,Stranraer,0.0,4.0,,,6.0,7.0,1.0,2.0,0.0,0.0,12.0,10.0,Desconocido
Ligue 2,,,,False,2025-11-22,,,St Etienne,Nancy,2.0,1.0,,,4.0,2.0,2.0,3.0,0.0,0.0,9.0,11.0,Desconocido
Premiership Escocia,,,,False,2025-11-22,,,St Mirren,Celtic,0.0,1.0,,,2.0,4.0,2.0,1.0,0.0,0.0,13.0,16.0,Desconocido
Jupiler Pro League,,,,False,2025-11-22,,,St. Gilloise,Cercle Brugge,2.0,0.0,,,7.0,4.0,2.0,4.0,0.0,0.0,17.0,8.0,Desconocido
League 1,,,,False,2025-11-22,,,Stevenage,Doncaster,0.0,0.0,,,4.0,4.0,1.0,2.0,0.0,0.0,5.0,9.0,Desconocido
League 2 Escocia,,,,False,2025-11-22,,,Stirling,Elgin,1.0,1.0,,,2.0,14.0,1.0,0.0,0.0,0.0,15.0,25.0,Desconocido
League 2,,,,False,2025-11-22,,,Swindon,Grimsby,2.0,2.0,,,6.0,8.0,2.0,2.0,0.0,0.0,14.0,15.0,Desconocido
National League,,,,False,2025-11-22,,,Tamworth,Rochdale,1.0,2.0,,,,,2.0,3.0,0.0,0.0,,,Desconocido
League 2,,,,False,2025-11-22,,,Tranmere,Milton Keynes Dons,2.0,2.0,,,1.0,8.0,2.0,1.0,0.0,1.0,10.0,15.0,Desconocido
National League,,,,False,2025-11-22,,,Truro,Sutton,2.0,3.0,,,,,2.0,0.0,0.0,0.0,,,Desconocido
Serie A,,,,False,2025-11-22,,,Udinese,Bologna,0.0,3.0,,,7.0,2.0,0.0,1.0,0.0,0.0,12.0,10.0,Desconocido
La Liga,,,,False,2025-11-22,,,Villarreal,Mallorca,2.0,1.0,,,3.0,1.0,2.0,2.0,0.0,0.0,14.0,9.0,Desconocido
Serie B,,,,False,2025-11-22,,,Virtus Entella,Palermo,1.0,1.0,,,7.0,7.0,1.0,1.0,0.0,0.0,18.0,17.0,Desconocido
Eredivisie,,,,False,2025-11-22,,,Volendam,Twente,1.0,1.0,,,4.0,4.0,0.0,3.0,0.0,0.0,11.0,18.0,Desconocido
National League,,,,False,2025-11-22,,,Wealdstone,Forest Green,1.0,1.0,,,,,2.0,2.0,0.0,0.0,,,Desconocido
Jupiler Pro League,,,,False,2025-11-22,,,Westerlo,Gent,0.0,0.0,,,9.0,2.0,3.0,3.0,0.0,0.0,20.0,10.0,Desconocido
Bundesliga,,,,False,2025-11-22,,,Wolfsburg,Leverkusen,1.0,3.0,,,9.0,1.0,2.0,1.0,0.0,0.0,21.0,7.0,Desconocido
Premier League,,,,False,2025-11-22,,,Wolves,Crystal Palace,0.0,2.0,,,1.0,4.0,2.0,3.0,0.0,0.0,8.0,10.0,Desconocido
League 1,,,,False,2025-11-22,,,Wycombe,Lincoln,3.0,2.0,,,1.0,7.0,2.0,1.0,0.0,0.0,11.0,12.0,Desconocido
Ligue 2,,,,False,2025-11-21,,,Annecy,Bastia,1.0,0.0,,,9.0,2.0,2.0,2.0,0.0,1.0,18.0,3.0,Desconocido
Bundesliga 2,,,,False,2025-11-21,,,Bochum,Dresden,1.0,2.0,,,13.0,8.0,0.0,3.0,0.0,0.0,23.0,10.0,Desconocido
Ligue 2,,,,False,2025-11-21,,,Boulogne,Grenoble,3.0,1.0,,,6.0,6.0,4.0,3.0,1.0,0.0,20.0,13.0,Desconocido
Serie B,,,,False,2025-11-21,,,Catanzaro,Pescara,3.0,3.0,,,7.0,4.0,5.0,3.0,0.0,0.0,19.0,8.0,Desconocido
Bundesliga 2,,,,False,2025-11-21,,,Hertha,Braunschweig,1.0,0.0,,,6.0,5.0,1.0,3.0,0.0,0.0,15.0,15.0,Desconocido
La Liga 2,,,,False,2025-11-21,,,Las Palmas,Albacete,2.0,1.0,,,5.0,3.0,1.0,5.0,0.0,0.0,10.0,10.0,Desconocido
Ligue 2,,,,False,2025-11-21,,,Laval,Troyes,0.0,1.0,,,3.0,7.0,4.0,3.0,0.0,0.0,12.0,15.0,Desconocido
Bundesliga,,,,False,2025-11-21,,,Mainz,Hoffenheim,1.0,1.0,,,7.0,4.0,3.0,2.0,1.0,0.0,17.0,19.0,Desconocido
Ligue 1,,,,False,2025-11-21,,,Nice,Marseille,1.0,5.0,,,8.0,6.0,2.0,2.0,0.0,0.0,15.0,13.0,Desconocido
Ligue 2,,,,False,2025-11-21,,,Pau FC,Le Mans,1.0,2.0,,,7.0,2.0,3.0,3.0,0.0,0.0,12.0,4.0,Desconocido
Championship,,,,False,2025-11-21,,,Preston,Blackburn,1.0,2.0,,,3.0,7.0,1.0,0.0,0.0,0.0,15.0,12.0,Desconocido
Ligue 2,,,,False,2025-11-21,,,Rodez,Dunkerque,1.0,1.0,,,6.0,5.0,2.0,0.0,0.0,0.0,11.0,6.0,Desconocido
Jupiler Pro League,,,,False,2025-11-21,,,Standard,Waregem,0.0,0.0,,,5.0,3.0,2.0,1.0,1.0,1.0,21.0,6.0,Desconocido
La Liga,,,,False,2025-11-21,,,Valencia,Levante,1.0,0.0,,,7.0,0.0,4.0,3.0,0.0,0.0,14.0,8.0,Desconocido
MSG Prime Minister's Cup,,,,False,2025-11-20,,,Papua New Guinea,Fiji,2.0,0.0,,,,,,,,,,,Desconocido
League 1,,,,False,2025-11-20,,,Peterboro,Stockport,3.0,0.0,,,3.0,6.0,1.0,1.0,0.0,0.0,11.0,11.0,Desconocido
MSG Prime Minister's Cup,,,,False,2025-11-20,,,Vanuatu,Solomon Islands,2.0,1.0,,,,,,,,,,,Desconocido
AFC Asian Cup qualification,,,,False,2025-11-19,,,Laos,Vietnam,0.0,2.0,,,,,,,,,,,Desconocido
Friendly,,,,False,2025-11-18,,,Angola,Zambia,3.0,2.0,,,,,,,,,,,Desconocido
CONCACAF Series,,,,False,2025-11-18,,,Antigua and Barbuda,Guyana,1.0,4.0,,,,,,,,,,,Desconocido
FIFA World Cup qualification,,,,False,2025-11-18,,,Austria,Bosnia and Herzegovina,1.0,1.0,,,,,,,,,,,Desconocido
AFC Asian Cup qualification,,,,False,2025-11-18,,,Bangladesh,India,1.0,0.0,,,,,,,,,,,Desconocido
FIFA World Cup qualification,,,,False,2025-11-18,,,Belarus,Greece,0.0,0.0,,,,,,,,,,,Desconocido
FIFA World Cup qualification,,,,False,2025-11-18,,,Belgium,Liechtenstein,7.0,0.0,,,,,,,,,,,Desconocido
Friendly,,,,False,2025-11-18,,,Benin,Burkina Faso,0.0,3.0,,,,,,,,,,,Desconocido
Friendly,,,,False,2025-11-18,,,Brazil,Tunisia,1.0,1.0,,,,,,,,,,,Desconocido
AFC Asian Cup qualification,,,,False,2025-11-18,,,Brunei,Lebanon,0.0,3.0,,,,,,,,,,,Desconocido
FIFA World Cup qualification,,,,False,2025-11-18,,,Bulgaria,Georgia,2.0,1.0,,,,,,,,,,,Desconocido
Friendly,,,,False,2025-11-18,,,Canada,Venezuela,2.0,0.0,,,,,,,,,,,Desconocido
Friendly,,,,False,2025-11-18,,,Chile,Peru,2.0,1.0,,,,,,,,,,,Desconocido
Friendly,,,,False,2025-11-18,,,Colombia,Australia,3.0,0.0,,,,,,,,,,,Desconocido
FIFA World Cup qualification,,,,False,2025-11-18,,,Costa Rica,Honduras,0.0,0.0,,,,,,,,,,,Desconocido
Friendly,,,,False,2025-11-18,,,Cyprus,Estonia,2.0,4.0,,,,,,,,,,,Desconocido
CONCACAF Series,,,,False,2025-11-18,,,Dominican Republic,Martinique,0.0,0.0,,,,,,,,,,,Desconocido
Friendly,,,,False,2025-11-18,,,Ecuador,New Zealand,2.0,0.0,,,,,,,,,,,Desconocido
Friendly,,,,False,2025-11-18,,,Faroe Islands,Kazakhstan,1.0,0.0,,,,,,,,,,,Desconocido
FIFA World Cup qualification,,,,False,2025-11-18,,,Guatemala,Suriname,3.0,1.0,,,,,,,,,,,Desconocido
Friendly,,,,False,2025-11-18,,,Guinea,Niger,1.0,1.0,,,,,,,,,,,Desconocido
FIFA World Cup qualification,,,,False,2025-11-18,,,Haiti,Nicaragua,2.0,0.0,,,,,,,,,,,Desconocido
AFC Asian Cup qualification,,,,False,2025-11-18,,,Hong Kong,Singapore,1.0,2.0,,,,,,,,,,,Desconocido
Al Ain International Cup,,,,False,2025-11-18,,,Iran,Uzbekistan,0.0,0.0,,,,,,,,,,,Desconocido
FIFA World Cup qualification,,,,False,2025-11-18,,,Iraq,United Arab Emirates,2.0,1.0,,,,,,,,,,,Desconocido
FIFA World Cup qualification,,,,False,2025-11-18,,,Jamaica,Curaçao,0.0,0.0,,,,,,,,,,,Desconocido
Kirin Cup,,,,False,2025-11-18,,,Japan,Bolivia,3.0,0.0,,,,,,,,,,,Desconocido
Friendly,,,,False,2025-11-18,,,Kenya,Senegal,0.0,8.0,,,,,,,,,,,Desconocido
FIFA World Cup qualification,,,,False,2025-11-18,,,Kosovo,Switzerland,1.0,1.0,,,,,,,,,,,Desconocido
Friendly,,,,False,2025-11-18,,,Kuwait,Gambia,2.0,2.0,,,,,,,,,,,Desconocido
Friendly,,,,False,2025-11-18,,,Lesotho,Malawi,0.0,1.0,,,,,,,,,,,Desconocido
AFC Asian Cup qualification,,,,False,2025-11-18,,,Malaysia,Nepal,1.0,0.0,,,,,,,,,,,Desconocido
AFC Asian Cup qualification,,,,False,2025-11-18,,,Maldives,Philippines,0.0,2.0,,,,,,,,,,,Desconocido
Friendly,,,,False,2025-11-18,,,Mali,Jordan,3.0,2.0,,,,,,,,,,,Desconocido
Friendly,,,,False,2025-11-18,,,Mexico,Paraguay,1.0,2.0,,,,,,,,,,,Desconocido
National League,,,,False,2025-11-18,,,Morecambe,Brackley Town,2.0,0.0,,,,,2.0,0.0,0.0,0.0,,,Desconocido
Friendly,,,,False,2025-11-18,,,Morocco,Uganda,4.0,0.0,,,,,,,,,,,Desconocido
Friendly,,,,False,2025-11-18,,,Oman,Ivory Coast,0.0,2.0,,,,,,,,,,,Desconocido
AFC Asian Cup qualification,,,,False,2025-11-18,,,Pakistan,Syria,0.0,5.0,,,,,,,,,,,Desconocido
FIFA World Cup qualification,,,,False,2025-11-18,,,Panama,El Salvador,3.0,0.0,,,,,,,,,,,Desconocido
FIFA World Cup qualification,,,,False,2025-11-18,,,Romania,San Marino,7.0,1.0,,,,,,,,,,,Desconocido
CONCACAF Series,,,,False,2025-11-18,,,Saint Kitts and Nevis,Belize,2.0,6.0,,,,,,,,,,,Desconocido
Friendly,,,,False,2025-11-18,,,Saudi Arabia,Algeria,0.0,2.0,,,,,,,,,,,Desconocido
FIFA World Cup qualification,,,,False,2025-11-18,,,Scotland,Denmark,4.0,2.0,,,,,,,,,,,Desconocido
Friendly,,,,False,2025-11-18,,,South Korea,Ghana,1.0,0.0,,,,,,,,,,,Desconocido
FIFA World Cup qualification,,,,False,2025-11-18,,,Spain,Turkey,2.0,2.0,,,,,,,,,,,Desconocido
AFC Asian Cup qualification,,,,False,2025-11-18,,,Sri Lanka,Thailand,0.0,4.0,,,,,,,,,,,Desconocido
FIFA World Cup qualification,,,,False,2025-11-18,,,Sweden,Slovenia,1.0,1.0,,,,,,,,,,,Desconocido
AFC Asian Cup qualification,,,,False,2025-11-18,,,Timor-Leste,Tajikistan,0.0,5.0,,,,,,,,,,,Desconocido
FIFA World Cup qualification,,,,False,2025-11-18,,,Trinidad and Tobago,Bermuda,2.0,2.0,,,,,,,,,,,Desconocido
AFC Asian Cup qualification,,,,False,2025-11-18,,,Turkmenistan,Taiwan,3.0,1.0,,,,,,,,,,,Desconocido
Friendly,,,,False,2025-11-18,,,United States,Uruguay,5.0,1.0,,,,,,,,,,,Desconocido
FIFA World Cup qualification,,,,False,2025-11-18,,,Wales,North Macedonia,7.0,1.0,,,,,,,,,,,Desconocido
AFC Asian Cup qualification,,,,False,2025-11-18,,,Yemen,Bhutan,7.0,1.0,,,,,,,,,,,Desconocido
Friendly,,,,False,2025-11-17,,,Bahrain,Somalia,1.0,2.0,,,,,,,,,,,Desconocido
Al Ain International Cup,,,,False,2025-11-17,,,Cape Verde,Egypt,1.0,1.0,,,,,,,,,,,Desconocido
Friendly,,,,False,2025-11-17,,,Comoros,Namibia,4.0,0.0,,,,,,,,,,,Desconocido
La Liga 2,,,,False,2025-11-17,,,Cultural Leonesa,Malaga,1.0,0.0,,,1.0,9.0,0.0,2.0,0.0,1.0,6.0,16.0,Desconocido
FIFA World Cup qualification,,,,False,2025-11-17,,,Czech Republic,Gibraltar,6.0,0.0,,,,,,,,,,,Desconocido
Friendly,,,,False,2025-11-17,,,Finland,Andorra,4.0,0.0,,,,,,,,,,,Desconocido
FIFA World Cup qualification,,,,False,2025-11-17,,,Germany,Slovakia,6.0,0.0,,,,,,,,,,,Desconocido
Friendly,,,,False,2025-11-17,,,Madagascar,Equatorial Guinea,2.0,0.0,,,,,,,,,,,Desconocido
FIFA World Cup qualification,,,,False,2025-11-17,,,Malta,Poland,2.0,3.0,,,,,,,,,,,Desconocido
FIFA World Cup qualification,,,,False,2025-11-17,,,Montenegro,Croatia,2.0,3.0,,,,,,,,,,,Desconocido
Friendly,,,,False,2025-11-17,,,Mozambique,Chad,2.0,2.0,,,,,,,,,,,Desconocido
FIFA World Cup qualification,,,,False,2025-11-17,,,Netherlands,Lithuania,4.0,0.0,,,,,,,,,,,Desconocido
FIFA World Cup qualification,,,,False,2025-11-17,,,Northern Ireland,Luxembourg,1.0,0.0,,,,,,,,,,,Desconocido
Friendly,,,,False,2025-11-17,,,Qatar,Zimbabwe,1.0,2.0,,,,,,,,,,,Desconocido
MSG Prime Minister's Cup,,,,False,2025-11-17,,,Vanuatu,Fiji,2.0,0.0,,,,,,,,,,,Desconocido
FIFA World Cup qualification,,,,False,2025-11-16,,,Albania,England,0.0,2.0,,,,,,,,,,,Desconocido
La Liga 2,,,,False,2025-11-16,,,Almeria,Cadiz,3.0,0.0,,,13.0,5.0,3.0,0.0,0.0,0.0,16.0,7.0,Desconocido
FIFA World Cup qualification,,,,False,2025-11-16,,,Azerbaijan,France,1.0,3.0,,,,,,,,,,,Desconocido
La Liga 2,,,,False,2025-11-16,,,Ceuta,Leganes,1.0,2.0,,,6.0,3.0,2.0,2.0,0.0,0.0,14.0,12.0,Desconocido
La Liga 2,,,,False,2025-11-16,,,Cordoba,La Coruna,1.0,3.0,,,6.0,5.0,5.0,5.0,1.0,0.0,22.0,9.0,Desconocido
FIFA World Cup qualification,,,,False,2025-11-16,,,Hungary,Republic of Ireland,2.0,3.0,,,,,,,,,,,Desconocido
FIFA World Cup qualification,,,,False,2025-11-16,,,Italy,Norway,1.0,4.0,,,,,,,,,,,Desconocido
La Liga 2,,,,False,2025-11-16,,,Mirandes,Burgos,0.0,2.0,,,7.0,4.0,4.0,1.0,0.0,0.0,12.0,6.0,Desconocido
FIFA World Cup qualification,,,,False,2025-11-16,,,Moldova,Israel,1.0,4.0,,,,,,,,,,,Desconocido
FIFA World Cup qualification,,,,False,2025-11-16,,,Nigeria,DR Congo,1.0,1.0,,,,,,,,,,,Desconocido
FIFA World Cup qualification,,,,False,2025-11-16,,,Portugal,Armenia,9.0,1.0,,,,,,,,,,,Desconocido
FIFA World Cup qualification,,,,False,2025-11-16,,,Serbia,Latvia,2.0,1.0,,,,,,,,,,,Desconocido
La Liga 2,,,,False,2025-11-16,,,Sp Gijon,Eibar,1.0,1.0,,,10.0,3.0,3.0,5.0,0.0,0.0,13.0,6.0,Desconocido
FIFA World Cup qualification,,,,False,2025-11-16,,,Ukraine,Iceland,2.0,0.0,,,,,,,,,,,Desconocido
La Liga 2,,,,False,2025-11-16,,,Zaragoza,Huesca,1.0,0.0,,,5.0,3.0,4.0,1.0,1.0,0.0,6.0,8.0,Desconocido
League 2,,,,False,2025-11-15,,,Accrington,Bristol Rvs,3.0,1.0,,,3.0,5.0,3.0,3.0,0.0,0.0,9.0,10.0,Desconocido
La Liga 2,,,,False,2025-11-15,,,Albacete,Andorra,1.0,0.0,,,4.0,2.0,1.0,1.0,0.0,0.0,17.0,17.0,Desconocido
National League,,,,False,2025-11-15,,,Altrincham,Brackley Town,2.0,1.0,,,,,2.0,4.0,0.0,0.0,,,Desconocido
League 2 Escocia,,,,False,2025-11-15,,,Annan Athletic,Edinburgh City,1.0,1.0,,,6.0,2.0,2.0,2.0,0.0,0.0,13.0,12.0,Desconocido
Championship Escocia,,,,False,2025-11-15,,,Ayr,Arbroath,1.0,1.0,,,3.0,3.0,4.0,2.0,0.0,0.0,9.0,7.0,Desconocido
CONCACAF Series,,,,False,2025-11-15,,,Bahamas,British Virgin Islands,0.0,6.0,,,,,,,,,,,Desconocido
CONCACAF Series,,,,False,2025-11-15,,,Barbados,Aruba,0.0,3.0,,,,,,,,,,,Desconocido
Friendly,,,,False,2025-11-15,,,Basque Country,Palestine,3.0,0.0,,,,,,,,,,,Desconocido
National League,,,,False,2025-11-15,,,Boreham Wood,Tamworth,1.0,2.0,,,,,2.0,0.0,0.0,0.0,,,Desconocido
FIFA World Cup qualification,,,,False,2025-11-15,,,Bosnia and Herzegovina,Romania,3.0,1.0,,,,,,,,,,,Desconocido
National League,,,,False,2025-11-15,,,Braintree Town,Truro,2.0,0.0,,,,,2.0,0.0,0.0,0.0,,,Desconocido
Friendly,,,,False,2025-11-15,,,Brazil,Senegal,2.0,0.0,,,,,,,,,,,Desconocido
League 2,,,,False,2025-11-15,,,Bromley,Barrow,2.0,1.0,,,4.0,1.0,1.0,2.0,0.0,0.0,15.0,7.0,Desconocido
League 1,,,,False,2025-11-15,,,Burton,Blackpool,1.0,0.0,,,7.0,5.0,3.0,4.0,0.0,0.0,9.0,11.0,Desconocido
League 2,,,,False,2025-11-15,,,Cambridge,Barnet,0.0,0.0,,,3.0,7.0,2.0,0.0,0.0,0.0,9.0,11.0,Desconocido
National League,,,,False,2025-11-15,,,Carlisle,Eastleigh,1.0,1.0,,,,,1.0,2.0,0.0,0.0,,,Desconocido
La Liga 2,,,,False,2025-11-15,,,Castellon,Sociedad B,5.0,4.0,,,14.0,1.0,3.0,1.0,0.0,0.0,23.0,19.0,Desconocido
CONCACAF Series,,,,False,2025-11-15,,,Cayman Islands,Anguilla,4.0,0.0,,,,,,,,,,,Desconocido
Friendly,,,,False,2025-11-15,,,Colombia,New Zealand,2.0,1.0,,,,,,,,,,,Desconocido
League 1 Escocia,,,,False,2025-11-15,,,Cove Rangers,Hamilton,2.0,1.0,,,2.0,7.0,1.0,0.0,0.0,0.0,9.0,14.0,Desconocido
FIFA World Cup qualification,,,,False,2025-11-15,,,Cyprus,Austria,0.0,2.0,,,,,,,,,,,Desconocido
FIFA World Cup qualification,,,,False,2025-11-15,,,Denmark,Belarus,2.0,2.0,,,,,,,,,,,Desconocido
CONCACAF Series,,,,False,2025-11-15,,,Dominica,Sint Maarten,2.0,3.0,,,,,,,,,,,Desconocido
League 1 Escocia,,,,False,2025-11-15,,,East Fife,Stenhousemuir,1.0,0.0,,,7.0,7.0,4.0,3.0,0.0,0.0,7.0,5.0,Desconocido
League 2 Escocia,,,,False,2025-11-15,,,Elgin,Dumbarton,2.0,0.0,,,2.0,1.0,0.0,0.0,0.0,0.0,16.0,8.0,Desconocido
League 2,,,,False,2025-11-15,,,Fleetwood Town,Swindon,1.0,1.0,,,9.0,6.0,0.0,3.0,0.0,0.0,12.0,15.0,Desconocido
National League,,,,False,2025-11-15,,,Forest Green,Gateshead,3.0,1.0,,,,,3.0,3.0,0.0,0.0,,,Desconocido
FIFA World Cup qualification,,,,False,2025-11-15,,,Georgia,Spain,0.0,4.0,,,,,,,,,,,Desconocido
League 2,,,,False,2025-11-15,,,Gillingham,Crawley Town,2.0,2.0,,,8.0,7.0,1.0,2.0,0.0,0.0,17.0,20.0,Desconocido
FIFA World Cup qualification,,,,False,2025-11-15,,,Greece,Scotland,3.0,2.0,,,,,,,,,,,Desconocido
League 2,,,,False,2025-11-15,,,Grimsby,Chesterfield,0.0,1.0,,,11.0,5.0,2.0,3.0,0.0,0.0,12.0,8.0,Desconocido
Friendly,,,,False,2025-11-15,,,Guinea,Liberia,2.0,0.0,,,,,,,,,,,Desconocido
CONCACAF Series,,,,False,2025-11-15,,,Guyana,Bonaire,2.0,1.0,,,,,,,,,,,Desconocido
National League,,,,False,2025-11-15,,,Hartlepool,Wealdstone,1.0,1.0,,,,,1.0,0.0,0.0,0.0,,,Desconocido
FIFA World Cup qualification,,,,False,2025-11-15,,,Kazakhstan,Belgium,1.0,1.0,,,,,,,,,,,Desconocido
League 1 Escocia,,,,False,2025-11-15,,,Kelty Hearts,Queen of Sth,1.0,1.0,,,7.0,9.0,3.0,3.0,0.0,0.0,9.0,11.0,Desconocido
Friendly,,,,False,2025-11-15,,,Kuwait,Tanzania,4.0,3.0,,,,,,,,,,,Desconocido
Friendly,,,,False,2025-11-15,,,Lesotho,Malawi,0.0,0.0,,,,,,,,,,,Desconocido
League 1,,,,False,2025-11-15,,,Leyton Orient,Exeter,2.0,1.0,,,10.0,3.0,3.0,2.0,0.0,0.0,12.0,6.0,Desconocido
Friendly,,,,False,2025-11-15,,,Libya,Mauritania,1.0,0.0,,,,,,,,,,,Desconocido
FIFA World Cup qualification,,,,False,2025-11-15,,,Liechtenstein,Wales,0.0,1.0,,,,,,,,,,,Desconocido
League 1,,,,False,2025-11-15,,,Lincoln,Doncaster,2.0,1.0,,,3.0,1.0,2.0,3.0,0.0,0.0,7.0,15.0,Desconocido
League 1,,,,False,2025-11-15,,,Luton,Rotherham,0.0,0.0,,,3.0,4.0,1.0,1.0,0.0,0.0,12.0,2.0,Desconocido
CONCACAF Series,,,,False,2025-11-15,,,Martinique,Cuba,0.0,2.0,,,,,,,,,,,Desconocido
Friendly,,,,False,2025-11-15,,,Mexico,Uruguay,0.0,0.0,,,,,,,,,,,Desconocido
League 2,,,,False,2025-11-15,,,Milton Keynes Dons,Salford,2.0,0.0,,,3.0,4.0,2.0,2.0,0.0,0.0,6.0,11.0,Desconocido
League 2,,,,False,2025-11-15,,,Notts County,Harrogate,1.0,1.0,,,11.0,1.0,0.0,2.0,0.0,0.0,15.0,3.0,Desconocido
League 2,,,,False,2025-11-15,,,Oldham,Crewe,0.0,0.0,,,5.0,6.0,2.0,1.0,0.0,0.0,16.0,15.0,Desconocido
League 1 Escocia,,,,False,2025-11-15,,,Peterhead,Montrose,1.0,1.0,,,5.0,4.0,1.0,4.0,0.0,0.0,13.0,8.0,Desconocido
League 1,,,,False,2025-11-15,,,Port Vale,Wycombe,0.0,0.0,,,7.0,6.0,6.0,1.0,0.0,0.0,15.0,18.0,Desconocido
Championship Escocia,,,,False,2025-11-15,,,Raith Rvs,Airdrie Utd,0.0,3.0,,,13.0,3.0,2.0,0.0,0.0,0.0,8.0,11.0,Desconocido
National League,,,,False,2025-11-15,,,Rochdale,Aldershot,1.0,0.0,,,,,1.0,3.0,0.0,0.0,,,Desconocido
Championship Escocia,,,,False,2025-11-15,,,Ross County,Morton,0.0,3.0,,,5.0,4.0,0.0,4.0,0.0,0.0,9.0,4.0,Desconocido
Friendly,,,,False,2025-11-15,,,Russia,Chile,0.0,2.0,,,,,,,,,,,Desconocido
CONCACAF Series,,,,False,2025-11-15,,,Saint Martin,Belize,0.0,1.0,,,,,,,,,,,Desconocido
CONCACAF Series,,,,False,2025-11-15,,,Saint Vincent and the Grenadines,Saint Lucia,3.0,1.0,,,,,,,,,,,Desconocido
La Liga 2,,,,False,2025-11-15,,,Santander,Granada,2.0,2.0,,,7.0,4.0,5.0,5.0,0.0,0.0,13.0,13.0,Desconocido
League 2,,,,False,2025-11-15,,,Shrewsbury,Newport County,1.0,0.0,,,8.0,4.0,4.0,2.0,0.0,0.0,19.0,10.0,Desconocido
FIFA World Cup qualification,,,,False,2025-11-15,,,Slovenia,Kosovo,0.0,2.0,,,,,,,,,,,Desconocido
National League,,,,False,2025-11-15,,,Solihull,Scunthorpe,3.0,0.0,,,,,0.0,1.0,1.0,0.0,,,Desconocido
Friendly,,,,False,2025-11-15,,,South Africa,Zambia,3.0,1.0,,,,,,,,,,,Desconocido
League 2 Escocia,,,,False,2025-11-15,,,Spartans,Clyde,1.0,1.0,,,3.0,4.0,2.0,4.0,0.0,0.0,6.0,14.0,Desconocido
Championship Escocia,,,,False,2025-11-15,,,St Johnstone,Queens Park,4.0,3.0,,,3.0,1.0,2.0,3.0,0.0,0.0,12.0,5.0,Desconocido
League 2 Escocia,,,,False,2025-11-15,,,Stirling,Forfar,0.0,4.0,,,3.0,5.0,2.0,1.0,0.0,0.0,7.0,10.0,Desconocido
League 2 Escocia,,,,False,2025-11-15,,,Stranraer,East Kilbride,1.0,3.0,,,4.0,6.0,2.0,4.0,0.0,0.0,8.0,14.0,Desconocido
National League,,,,False,2025-11-15,,,Sutton,Halifax,2.0,0.0,,,,,4.0,2.0,0.0,0.0,,,Desconocido
FIFA World Cup qualification,,,,False,2025-11-15,,,Switzerland,Sweden,4.0,1.0,,,,,,,,,,,Desconocido
League 2,,,,False,2025-11-15,,,Tranmere,Cheltenham,3.0,2.0,,,2.0,7.0,2.0,1.0,0.0,0.0,13.0,14.0,Desconocido
FIFA World Cup qualification,,,,False,2025-11-15,,,Turkey,Bulgaria,2.0,0.0,,,,,,,,,,,Desconocido
Friendly,,,,False,2025-11-15,,,United States,Paraguay,2.0,1.0,,,,,,,,,,,Desconocido
League 2,,,,False,2025-11-15,,,Walsall,Colchester,0.0,2.0,,,5.0,1.0,2.0,4.0,0.0,0.0,13.0,3.0,Desconocido
National League,,,,False,2025-11-15,,,Woking,Boston Utd,1.0,1.0,,,,,4.0,2.0,0.0,0.0,,,Desconocido
National League,,,,False,2025-11-15,,,Yeovil,Southend,0.0,1.0,,,,,5.0,3.0,0.0,0.0,,,Desconocido
National League,,,,False,2025-11-15,,,York,Morecambe,4.0,2.0,,,,,4.0,1.0,0.0,1.0,,,Desconocido
Friendly,,,,False,2025-11-14,,,Angola,Argentina,0.0,2.0,,,,,,,,,,,Desconocido
Friendly,,,,False,2025-11-14,,,Australia,Venezuela,0.0,1.0,,,,,,,,,,,Desconocido
Friendly,,,,False,2025-11-14,,,Burkina Faso,Niger,3.0,2.0,,,,,,,,,,,Desconocido
Friendly,,,,False,2025-11-14,,,Comoros,Namibia,1.0,0.0,,,,,,,,,,,Desconocido
FIFA World Cup qualification,,,,False,2025-11-14,,,Croatia,Faroe Islands,3.0,1.0,,,,,,,,,,,Desconocido
FIFA World Cup qualification,,,,False,2025-11-14,,,Finland,Malta,0.0,1.0,,,,,,,,,,,Desconocido
FIFA World Cup qualification,,,,False,2025-11-14,,,Gibraltar,Montenegro,1.0,2.0,,,,,,,,,,,Desconocido
Kirin Cup,,,,False,2025-11-14,,,Japan,Ghana,2.0,0.0,,,,,,,,,,,Desconocido
FIFA World Cup qualification,,,,False,2025-11-14,,,Luxembourg,Germany,0.0,2.0,,,,,,,,,,,Desconocido
Friendly,,,,False,2025-11-14,,,Morocco,Mozambique,1.0,0.0,,,,,,,,,,,Desconocido
Friendly,,,,False,2025-11-14,,,Oman,Sudan,2.0,0.0,,,,,,,,,,,Desconocido
FIFA World Cup qualification,,,,False,2025-11-14,,,Poland,Netherlands,1.0,1.0,,,,,,,,,,,Desconocido
Friendly,,,,False,2025-11-14,,,Saudi Arabia,Ivory Coast,1.0,0.0,,,,,,,,,,,Desconocido
FIFA World Cup qualification,,,,False,2025-11-14,,,Slovakia,Northern Ireland,1.0,0.0,,,,,,,,,,,Desconocido
Friendly,,,,False,2025-11-14,,,South Korea,Bolivia,2.0,0.0,,,,,,,,,,,Desconocido
Friendly,,,,False,2025-11-14,,,Tunisia,Jordan,3.0,2.0,,,,,,,,,,,Desconocido
Friendly,,,,False,2025-11-14,,,Uganda,Chad,2.0,1.0,,,,,,,,,,,Desconocido
Al Ain International Cup,,,,False,2025-11-14,,,Uzbekistan,Egypt,2.0,0.0,,,,,,,,,,,Desconocido
La Liga 2,,,,False,2025-11-14,,,Valladolid,Las Palmas,0.0,1.0,,,10.0,1.0,3.0,2.0,0.0,0.0,22.0,11.0,Desconocido
Friendly,,,,False,2025-11-13,,,Algeria,Zimbabwe,3.0,1.0,,,,,,,,,,,Desconocido
FIFA World Cup qualification,,,,False,2025-11-13,,,Andorra,Albania,0.0,1.0,,,,,,,,,,,Desconocido
FIFA World Cup qualification,,,,False,2025-11-13,,,Armenia,Hungary,0.0,1.0,,,,,,,,,,,Desconocido
FIFA World Cup qualification,,,,False,2025-11-13,,,Azerbaijan,Iceland,0.0,2.0,,,,,,,,,,,Desconocido
Friendly,,,,False,2025-11-13,,,Bangladesh,Nepal,2.0,2.0,,,,,,,,,,,Desconocido
FIFA World Cup qualification,,,,False,2025-11-13,,,Bermuda,Curaçao,0.0,7.0,,,,,,,,,,,Desconocido
FIFA World Cup qualification,,,,False,2025-11-13,,,Cameroon,DR Congo,0.0,1.0,,,,,,,,,,,Desconocido
Friendly,,,,False,2025-11-13,,,Canada,Ecuador,0.0,0.0,,,,,,,,,,,Desconocido
Friendly,,,,False,2025-11-13,,,Czech Republic,San Marino,1.0,0.0,,,,,,,,,,,Desconocido
FIFA World Cup qualification,,,,False,2025-11-13,,,England,Serbia,2.0,0.0,,,,,,,,,,,Desconocido
FIFA World Cup qualification,,,,False,2025-11-13,,,France,Ukraine,4.0,0.0,,,,,,,,,,,Desconocido
FIFA World Cup qualification,,,,False,2025-11-13,,,Guatemala,Panama,2.0,3.0,,,,,,,,,,,Desconocido
FIFA World Cup qualification,,,,False,2025-11-13,,,Haiti,Costa Rica,1.0,0.0,,,,,,,,,,,Desconocido
Friendly,,,,False,2025-11-13,,,Hong Kong,Cambodia,1.0,1.0,,,,,,,,,,,Desconocido
Al Ain International Cup,,,,False,2025-11-13,,,Iran,Cape Verde,0.0,0.0,,,,,,,,,,,Desconocido
Friendly,,,,False,2025-11-13,,,Lithuania,Israel,0.0,0.0,,,,,,,,,,,Desconocido
FIFA World Cup qualification,,,,False,2025-11-13,,,Moldova,Italy,0.0,2.0,,,,,,,,,,,Desconocido
FIFA World Cup qualification,,,,False,2025-11-13,,,Nicaragua,Honduras,2.0,0.0,,,,,,,,,,,Desconocido
FIFA World Cup qualification,,,,False,2025-11-13,,,Nigeria,Gabon,4.0,1.0,,,,,,,,,,,Desconocido
Friendly,,,,False,2025-11-13,,,North Macedonia,Latvia,0.0,0.0,,,,,,,,,,,Desconocido
FIFA World Cup qualification,,,,False,2025-11-13,,,Norway,Estonia,4.0,1.0,,,,,,,,,,,Desconocido
MSG Prime Minister's Cup,,,,False,2025-11-13,,,Papua New Guinea,Solomon Islands,1.0,0.0,,,,,,,,,,,Desconocido
FIFA World Cup qualification,,,,False,2025-11-13,,,Republic of Ireland,Portugal,2.0,0.0,,,,,,,,,,,Desconocido
FIFA World Cup qualification,,,,False,2025-11-13,,,Suriname,El Salvador,4.0,0.0,,,,,,,,,,,Desconocido
Friendly,,,,False,2025-11-13,,,Thailand,Singapore,3.0,2.0,,,,,,,,,,,Desconocido
FIFA World Cup qualification,,,,False,2025-11-13,,,Trinidad and Tobago,Jamaica,1.0,1.0,,,,,,,,,,,Desconocido
FIFA World Cup qualification,,,,False,2025-11-13,,,United Arab Emirates,Iraq,1.0,1.0,,,,,,,,,,,Desconocido
CONCACAF Series,,,,False,2025-11-12,,,Antigua and Barbuda,Aruba,0.0,0.0,,,,,,,,,,,Desconocido
CONCACAF Series,,,,False,2025-11-12,,,Bahamas,Anguilla,1.0,2.0,,,,,,,,,,,Desconocido
CONCACAF Series,,,,False,2025-11-12,,,Barbados,Bonaire,3.0,2.0,,,,,,,,,,,Desconocido
CONCACAF Series,,,,False,2025-11-12,,,Cayman Islands,British Virgin Islands,1.0,2.0,,,,,,,,,,,Desconocido
CONCACAF Series,,,,False,2025-11-12,,,Cuba,Saint Lucia,3.0,0.0,,,,,,,,,,,Desconocido
CONCACAF Series,,,,False,2025-11-12,,,Dominica,Saint Martin,1.0,2.0,,,,,,,,,,,Desconocido
CONCACAF Series,,,,False,2025-11-12,,,Dominican Republic,Saint Vincent and the Grenadines,2.0,0.0,,,,,,,,,,,Desconocido
Friendly,,,,False,2025-11-12,,,Russia,Peru,1.0,1.0,,,,,,,,,,,Desconocido
CONCACAF Series,,,,False,2025-11-12,,,Saint Kitts and Nevis,Sint Maarten,0.0,0.0,,,,,,,,,,,Desconocido
Friendly,,,,False,2025-11-12,,,Tunisia,Mauritania,1.0,1.0,,,,,,,,,,,Desconocido
National League,,,,False,2025-11-11,,,Forest Green,Tamworth,4.0,2.0,,,,,2.0,2.0,0.0,1.0,,,Desconocido
National League,,,,False,2025-11-11,,,York,Rochdale,4.0,1.0,,,,,0.0,2.0,0.0,0.0,,,Desconocido
La Liga 2,,,,False,2025-11-10,,,Burgos,Castellon,0.0,0.0,,,5.0,6.0,2.0,2.0,0.0,0.0,9.0,11.0,Desconocido
League 2,,,,False,2025-11-10,,,Cheltenham,Notts County,1.0,2.0,,,5.0,7.0,0.0,3.0,0.0,0.0,7.0,18.0,Desconocido
Primeira Liga,,,,False,2025-11-09,,,AVS,Gil Vicente,1.0,1.0,,,1.0,4.0,1.0,5.0,0.0,0.0,16.0,12.0,Desconocido
Eredivisie,,,,False,2025-11-09,,,AZ Alkmaar,PSV Eindhoven,1.0,5.0,,,4.0,6.0,2.0,1.0,0.0,0.0,8.0,15.0,Desconocido
Premiership Escocia,,,,False,2025-11-09,,,Aberdeen,Motherwell,1.0,1.0,,,4.0,6.0,3.0,1.0,0.0,0.0,6.0,10.0,Desconocido
Jupiler Pro League,,,,False,2025-11-09,,,Anderlecht,Club Brugge,1.0,0.0,,,6.0,5.0,5.0,4.0,0.0,0.0,16.0,11.0,Desconocido
Ligue 1,,,,False,2025-11-09,,,Angers,Auxerre,2.0,0.0,,,3.0,3.0,2.0,2.0,0.0,0.0,9.0,12.0,Desconocido
Super League Greece,,,,False,2025-11-09,,,Aris,Asteras Tripolis,0.0,0.0,,,4.0,6.0,2.0,6.0,1.0,0.0,6.0,12.0,Desconocido
Premier League,,,,False,2025-11-09,,,Aston Villa,Bournemouth,4.0,0.0,,,6.0,9.0,2.0,2.0,0.0,0.0,16.0,13.0,Desconocido
Serie A,,,,False,2025-11-09,,,Atalanta,Sassuolo,0.0,3.0,,,4.0,1.0,0.0,2.0,0.0,0.0,14.0,8.0,Desconocido
La Liga,,,,False,2025-11-09,,,Ath Bilbao,Oviedo,1.0,0.0,,,7.0,4.0,1.0,1.0,0.0,0.0,21.0,5.0,Desconocido
Super League Greece,,,,False,2025-11-09,,,Atromitos,Volos NFC,0.0,1.0,,,7.0,0.0,2.0,4.0,0.0,0.0,23.0,5.0,Desconocido
Primeira Liga,,,,False,2025-11-09,,,Benfica,Casa Pia,2.0,2.0,,,6.0,2.0,3.0,2.0,0.0,0.0,19.0,7.0,Desconocido
Serie A,,,,False,2025-11-09,,,Bologna,Napoli,2.0,0.0,,,5.0,4.0,1.0,3.0,0.0,0.0,11.0,4.0,Desconocido
Bundesliga 2,,,,False,2025-11-09,,,Braunschweig,Bochum,0.0,2.0,,,10.0,9.0,3.0,3.0,0.0,0.0,23.0,13.0,Desconocido
Premier League,,,,False,2025-11-09,,,Brentford,Newcastle,3.0,1.0,,,6.0,2.0,2.0,1.0,0.0,0.0,15.0,5.0,Desconocido
La Liga 2,,,,False,2025-11-09,,,Cadiz,Valladolid,0.0,0.0,,,2.0,4.0,6.0,1.0,0.0,0.0,7.0,11.0,Desconocido
La Liga,,,,False,2025-11-09,,,Celta,Barcelona,2.0,4.0,,,2.0,5.0,1.0,5.0,0.0,1.0,5.0,21.0,Desconocido
Premiership Escocia,,,,False,2025-11-09,,,Celtic,Kilmarnock,4.0,0.0,,,8.0,7.0,2.0,2.0,0.0,0.0,21.0,3.0,Desconocido
Serie B,,,,False,2025-11-09,,,Cesena,Avellino,3.0,0.0,,,5.0,4.0,4.0,4.0,0.0,0.0,11.0,13.0,Desconocido
Premier League,,,,False,2025-11-09,,,Crystal Palace,Brighton,0.0,0.0,,,4.0,8.0,1.0,4.0,0.0,0.0,10.0,7.0,Desconocido
Premiership Escocia,,,,False,2025-11-09,,,Dundee,Rangers,0.0,3.0,,,4.0,6.0,0.0,1.0,0.0,0.0,10.0,15.0,Desconocido
Bundesliga,,,,False,2025-11-09,,,Ein Frankfurt,Mainz,1.0,0.0,,,4.0,3.0,0.0,5.0,0.0,0.0,14.0,3.0,Desconocido
Primeira Liga,,,,False,2025-11-09,,,Estrela,Nacional,1.0,1.0,,,2.0,6.0,3.0,4.0,0.0,0.0,14.0,17.0,Desconocido
Primeira Liga,,,,False,2025-11-09,,,Famalicao,Porto,0.0,1.0,,,2.0,4.0,5.0,2.0,0.0,0.0,8.0,19.0,Desconocido
Turkey Super Lig,,,,False,2025-11-09,,,Fenerbahce,Kayserispor,4.0,2.0,,,8.0,2.0,1.0,3.0,0.0,0.0,28.0,5.0,Desconocido
Bundesliga,,,,False,2025-11-09,,,Freiburg,St Pauli,2.0,1.0,,,9.0,3.0,2.0,2.0,0.0,0.0,8.0,7.0,Desconocido
Serie A,,,,False,2025-11-09,,,Genoa,Fiorentina,2.0,2.0,,,3.0,7.0,2.0,3.0,0.0,0.0,10.0,7.0,Desconocido
Jupiler Pro League,,,,False,2025-11-09,,,Gent,Genk,1.0,1.0,,,6.0,2.0,2.0,1.0,0.0,0.0,18.0,14.0,Desconocido
Eredivisie,,,,False,2025-11-09,,,Go Ahead Eagles,Feyenoord,2.0,1.0,,,4.0,7.0,2.0,1.0,0.0,0.0,9.0,20.0,Desconocido
La Liga 2,,,,False,2025-11-09,,,Granada,Zaragoza,3.0,1.0,,,6.0,5.0,0.0,4.0,0.0,0.0,16.0,11.0,Desconocido
Premiership Escocia,,,,False,2025-11-09,,,Hearts,Dundee United,1.0,1.0,,,4.0,3.0,2.0,4.0,0.0,0.0,11.0,7.0,Desconocido
Bundesliga 2,,,,False,2025-11-09,,,Holstein Kiel,Fortuna Dusseldorf,1.0,0.0,,,3.0,5.0,1.0,3.0,0.0,0.0,13.0,17.0,Desconocido
Serie A,,,,False,2025-11-09,,,Inter,Lazio,2.0,0.0,,,3.0,1.0,3.0,1.0,0.0,0.0,8.0,8.0,Desconocido
Turkey Super Lig,,,,False,2025-11-09,,,Karagumruk,Konyaspor,2.0,0.0,,,4.0,7.0,2.0,2.0,0.0,0.0,10.0,12.0,Desconocido
Super League Greece,,,,False,2025-11-09,,,Kifisia,Olympiakos,1.0,3.0,,,1.0,10.0,5.0,1.0,1.0,0.0,9.0,18.0,Desconocido
Turkey Super Lig,,,,False,2025-11-09,,,Kocaelispor,Galatasaray,1.0,0.0,,,1.0,7.0,2.0,1.0,0.0,0.0,9.0,12.0,Desconocido
La Liga 2,,,,False,2025-11-09,,,Las Palmas,Santander,3.0,1.0,,,5.0,5.0,5.0,1.0,1.0,0.0,16.0,9.0,Desconocido
Super League Greece,,,,False,2025-11-09,,,Levadeiakos,Panserraikos,5.0,2.0,,,6.0,4.0,1.0,4.0,0.0,0.0,17.0,8.0,Desconocido
Ligue 1,,,,False,2025-11-09,,,Lorient,Toulouse,1.0,1.0,,,6.0,4.0,0.0,4.0,0.0,0.0,10.0,6.0,Desconocido
Ligue 1,,,,False,2025-11-09,,,Lyon,Paris SG,2.0,3.0,,,5.0,5.0,5.0,2.0,1.0,0.0,9.0,9.0,Desconocido
Bundesliga 2,,,,False,2025-11-09,,,Magdeburg,Paderborn,0.0,1.0,,,3.0,5.0,4.0,4.0,0.0,0.0,17.0,12.0,Desconocido
La Liga,,,,False,2025-11-09,,,Mallorca,Getafe,1.0,0.0,,,1.0,14.0,0.0,2.0,0.0,0.0,6.0,14.0,Desconocido
Premier League,,,,False,2025-11-09,,,Man City,Liverpool,3.0,0.0,,,7.0,7.0,2.0,4.0,0.0,0.0,14.0,7.0,Desconocido
Jupiler Pro League,,,,False,2025-11-09,,,Mechelen,St. Gilloise,1.0,1.0,,,4.0,10.0,4.0,2.0,0.0,0.0,7.0,19.0,Desconocido
Ligue 1,,,,False,2025-11-09,,,Metz,Nice,2.0,1.0,,,6.0,3.0,2.0,4.0,0.0,0.0,9.0,11.0,Desconocido
Eredivisie,,,,False,2025-11-09,,,Nijmegen,Groningen,2.0,0.0,,,9.0,3.0,1.0,1.0,0.0,0.0,13.0,10.0,Desconocido
Premier League,,,,False,2025-11-09,,,Nott'm Forest,Leeds,3.0,1.0,,,6.0,4.0,2.0,1.0,0.0,0.0,14.0,10.0,Desconocido
Super League Greece,,,,False,2025-11-09,,,OFI Crete,AEK,0.0,1.0,,,0.0,6.0,2.0,2.0,0.0,0.0,4.0,23.0,Desconocido
Super League Greece,,,,False,2025-11-09,,,Panathinaikos,PAOK,2.0,1.0,,,3.0,5.0,5.0,3.0,0.0,0.0,6.0,6.0,Desconocido
Serie B,,,,False,2025-11-09,,,Pescara,Monza,0.0,2.0,,,2.0,7.0,1.0,1.0,0.0,0.0,7.0,19.0,Desconocido
Serie A,,,,False,2025-11-09,,,Roma,Udinese,2.0,0.0,,,3.0,4.0,2.0,1.0,0.0,0.0,13.0,10.0,Desconocido
Turkey Super Lig,,,,False,2025-11-09,,,Samsunspor,Eyupspor,1.0,0.0,,,14.0,0.0,2.0,3.0,0.0,0.0,17.0,2.0,Desconocido
Primeira Liga,,,,False,2025-11-09,,,Sp Braga,Moreirense,2.0,1.0,,,5.0,3.0,3.0,2.0,0.0,0.0,11.0,11.0,Desconocido
Jupiler Pro League,,,,False,2025-11-09,,,St Truiden,Standard,1.0,0.0,,,9.0,1.0,0.0,1.0,0.0,0.0,16.0,4.0,Desconocido
Ligue 1,,,,False,2025-11-09,,,Strasbourg,Lille,2.0,0.0,,,1.0,4.0,4.0,3.0,0.0,1.0,5.0,7.0,Desconocido
Bundesliga,,,,False,2025-11-09,,,Stuttgart,Augsburg,3.0,2.0,,,4.0,4.0,2.0,3.0,0.0,0.0,17.0,17.0,Desconocido
Eredivisie,,,,False,2025-11-09,,,Utrecht,Ajax,2.0,1.0,,,6.0,4.0,1.0,0.0,0.0,0.0,16.0,10.0,Desconocido
La Liga,,,,False,2025-11-09,,,Valencia,Betis,1.0,1.0,,,7.0,2.0,3.0,3.0,0.0,0.0,17.0,9.0,Desconocido
La Liga,,,,False,2025-11-09,,,Vallecano,Real Madrid,0.0,0.0,,,5.0,8.0,3.0,2.0,0.0,0.0,13.0,21.0,Desconocido
National League,,,,False,2025-11-08,,,Aldershot,Forest Green,2.0,3.0,,,,,1.0,1.0,0.0,0.0,,,Desconocido
Primeira Liga,,,,False,2025-11-08,,,Alverca,Rio Ave,1.0,1.0,,,9.0,3.0,2.0,0.0,0.0,0.0,15.0,11.0,Desconocido
Turkey Super Lig,,,,False,2025-11-08,,,Antalyaspor,Besiktas,1.0,3.0,,,3.0,3.0,3.0,1.0,0.0,0.0,5.0,13.0,Desconocido
Jupiler Pro League,,,,False,2025-11-08,,,Antwerp,RAAL La Louviere,3.0,1.0,,,7.0,4.0,4.0,3.0,0.0,1.0,11.0,6.0,Desconocido
La Liga,,,,False,2025-11-08,,,Ath Madrid,Levante,3.0,1.0,,,21.0,4.0,3.0,1.0,0.0,0.0,25.0,6.0,Desconocido
League 2,,,,False,2025-11-08,,,Barnet,Milton Keynes Dons,2.0,2.0,,,6.0,2.0,1.0,4.0,0.0,0.0,12.0,7.0,Desconocido
League 2,,,,False,2025-11-08,,,Barrow,Grimsby,2.0,2.0,,,3.0,2.0,3.0,1.0,0.0,0.0,11.0,17.0,Desconocido
Bundesliga 2,,,,False,2025-11-08,,,Bielefeld,Karlsruhe,4.0,0.0,,,3.0,5.0,0.0,2.0,0.0,0.0,19.0,8.0,Desconocido
Championship,,,,False,2025-11-08,,,Blackburn,Derby,1.0,2.0,,,13.0,3.0,1.0,3.0,0.0,0.0,8.0,6.0,Desconocido
League 1,,,,False,2025-11-08,,,Blackpool,Cardiff,3.0,1.0,,,5.0,7.0,2.0,2.0,0.0,0.0,19.0,28.0,Desconocido
League 1,,,,False,2025-11-08,,,Bolton,Port Vale,4.0,0.0,,,7.0,5.0,1.0,2.0,0.0,0.0,15.0,8.0,Desconocido
National League,,,,False,2025-11-08,,,Boston Utd,Rochdale,1.0,3.0,,,,,2.0,0.0,0.0,0.0,,,Desconocido
National League,,,,False,2025-11-08,,,Brackley Town,Boreham Wood,1.0,3.0,,,,,0.0,0.0,0.0,0.0,,,Desconocido
League 1,,,,False,2025-11-08,,,Bradford,Burton,1.0,2.0,,,7.0,2.0,2.0,4.0,0.0,0.0,17.0,13.0,Desconocido
League 2,,,,False,2025-11-08,,,Bristol Rvs,Gillingham,0.0,1.0,,,12.0,3.0,1.0,4.0,0.0,0.0,17.0,7.0,Desconocido
Jupiler Pro League,,,,False,2025-11-08,,,Cercle Brugge,Oud-Heverlee Leuven,1.0,2.0,,,8.0,3.0,1.0,1.0,0.0,0.0,17.0,9.0,Desconocido
Jupiler Pro League,,,,False,2025-11-08,,,Charleroi,Westerlo,2.0,0.0,,,7.0,5.0,2.0,1.0,0.0,0.0,13.0,14.0,Desconocido
Premier League,,,,False,2025-11-08,,,Chelsea,Wolves,3.0,0.0,,,10.0,1.0,1.0,2.0,0.0,0.0,20.0,3.0,Desconocido
League 2,,,,False,2025-11-08,,,Chesterfield,Accrington,3.0,3.0,,,11.0,3.0,3.0,5.0,0.0,0.0,17.0,16.0,Desconocido
League 2 Escocia,,,,False,2025-11-08,,,Clyde,Stranraer,0.0,0.0,,,5.0,5.0,3.0,4.0,0.0,0.0,8.0,6.0,Desconocido
League 2,,,,False,2025-11-08,,,Colchester,Bromley,0.0,2.0,,,9.0,2.0,2.0,3.0,0.0,0.0,10.0,7.0,Desconocido
Serie A,,,,False,2025-11-08,,,Como,Cagliari,0.0,0.0,,,10.0,0.0,3.0,1.0,0.0,0.0,10.0,4.0,Desconocido
League 2,,,,False,2025-11-08,,,Crawley Town,Fleetwood Town,2.0,1.0,,,11.0,3.0,2.0,2.0,0.0,1.0,21.0,7.0,Desconocido
League 2,,,,False,2025-11-08,,,Crewe,Shrewsbury,3.0,1.0,,,7.0,4.0,2.0,4.0,0.0,0.0,21.0,16.0,Desconocido
League 1,,,,False,2025-11-08,,,Doncaster,Barnsley,1.0,2.0,,,5.0,8.0,1.0,3.0,0.0,0.0,18.0,10.0,Desconocido
League 2 Escocia,,,,False,2025-11-08,,,Dumbarton,Annan Athletic,2.0,1.0,,,5.0,1.0,3.0,4.0,0.0,0.0,10.0,4.0,Desconocido
Championship Escocia,,,,False,2025-11-08,,,Dunfermline,St Johnstone,2.0,2.0,,,7.0,8.0,2.0,3.0,0.0,0.0,4.0,12.0,Desconocido
League 2 Escocia,,,,False,2025-11-08,,,East Kilbride,Stirling,2.0,0.0,,,8.0,10.0,2.0,3.0,0.0,1.0,13.0,11.0,Desconocido
National League,,,,False,2025-11-08,,,Eastleigh,York,2.0,4.0,,,,,1.0,3.0,0.0,0.0,,,Desconocido
League 2 Escocia,,,,False,2025-11-08,,,Edinburgh City,Elgin,1.0,3.0,,,5.0,6.0,1.0,2.0,0.0,0.0,5.0,13.0,Desconocido
La Liga 2,,,,False,2025-11-08,,,Eibar,Albacete,3.0,2.0,,,4.0,3.0,1.0,3.0,0.0,0.0,22.0,17.0,Desconocido
Serie B,,,,False,2025-11-08,,,Empoli,Catanzaro,1.0,0.0,,,2.0,4.0,5.0,4.0,1.0,0.0,11.0,6.0,Desconocido
La Liga,,,,False,2025-11-08,,,Espanol,Villarreal,0.0,2.0,,,4.0,2.0,0.0,2.0,0.0,0.0,14.0,9.0,Desconocido
Premier League,,,,False,2025-11-08,,,Everton,Fulham,2.0,0.0,,,7.0,5.0,2.0,2.0,0.0,0.0,14.0,8.0,Desconocido
Eredivisie,,,,False,2025-11-08,,,Excelsior,Heracles,1.0,2.0,,,6.0,13.0,1.0,2.0,0.0,0.0,12.0,10.0,Desconocido
League 1,,,,False,2025-11-08,,,Exeter,Wigan,1.0,1.0,,,8.0,4.0,1.0,1.0,0.0,0.0,14.0,13.0,Desconocido
Premiership Escocia,,,,False,2025-11-08,,,Falkirk,Livingston,1.0,1.0,,,6.0,1.0,3.0,2.0,0.0,0.0,12.0,11.0,Desconocido
Eredivisie,,,,False,2025-11-08,,,For Sittard,Heerenveen,2.0,0.0,,,4.0,5.0,2.0,1.0,0.0,0.0,10.0,18.0,Desconocido
League 2 Escocia,,,,False,2025-11-08,,,Forfar,Spartans,1.0,1.0,,,1.0,10.0,3.0,3.0,0.0,0.0,2.0,9.0,Desconocido
Serie B,,,,False,2025-11-08,,,Frosinone,Modena,2.0,2.0,,,5.0,8.0,3.0,1.0,0.0,0.0,8.0,21.0,Desconocido
National League,,,,False,2025-11-08,,,Gateshead,Solihull,0.0,2.0,,,,,3.0,0.0,0.0,0.0,,,Desconocido
Turkey Super Lig,,,,False,2025-11-08,,,Gaziantep,Rizespor,2.0,2.0,,,3.0,2.0,2.0,2.0,0.0,0.0,15.0,11.0,Desconocido
La Liga,,,,False,2025-11-08,,,Girona,Alaves,1.0,0.0,,,6.0,1.0,0.0,3.0,0.0,0.0,10.0,14.0,Desconocido
Ligue 2,,,,False,2025-11-08,,,Guingamp,Pau FC,2.0,2.0,,,6.0,2.0,2.0,5.0,0.0,0.0,9.0,9.0,Desconocido
National League,,,,False,2025-11-08,,,Halifax,Hartlepool,0.0,1.0,,,,,1.0,4.0,0.0,0.0,,,Desconocido
Bundesliga,,,,False,2025-11-08,,,Hamburg,Dortmund,1.0,1.0,,,2.0,6.0,1.0,1.0,0.0,0.0,9.0,17.0,Desconocido
League 1 Escocia,,,,False,2025-11-08,,,Hamilton,Peterhead,3.0,0.0,,,3.0,2.0,1.0,2.0,0.0,0.0,14.0,7.0,Desconocido
Bundesliga 2,,,,False,2025-11-08,,,Hannover,Darmstadt,2.0,3.0,,,5.0,5.0,2.0,1.0,0.0,0.0,20.0,16.0,Desconocido
League 2,,,,False,2025-11-08,,,Harrogate,Oldham,0.0,1.0,,,8.0,6.0,2.0,1.0,0.0,1.0,9.0,14.0,Desconocido
Bundesliga,,,,False,2025-11-08,,,Hoffenheim,RB Leipzig,3.0,1.0,,,5.0,5.0,3.0,2.0,0.0,0.0,12.0,17.0,Desconocido
League 1,,,,False,2025-11-08,,,Huddersfield,Plymouth,3.0,1.0,,,11.0,3.0,2.0,6.0,0.0,0.0,20.0,8.0,Desconocido
La Liga 2,,,,False,2025-11-08,,,Huesca,Andorra,2.0,2.0,,,1.0,3.0,1.0,5.0,0.0,0.0,10.0,20.0,Desconocido
Championship,,,,False,2025-11-08,,,Hull,Portsmouth,3.0,2.0,,,5.0,5.0,1.0,3.0,0.0,0.0,13.0,13.0,Desconocido
League 1 Escocia,,,,False,2025-11-08,,,Inverness C,Cove Rangers,1.0,0.0,,,15.0,2.0,0.0,1.0,0.0,0.0,22.0,4.0,Desconocido
Serie B,,,,False,2025-11-08,,,Juve Stabia,Palermo,1.0,0.0,,,6.0,4.0,1.0,7.0,0.0,1.0,14.0,9.0,Desconocido
Serie A,,,,False,2025-11-08,,,Juventus,Torino,0.0,0.0,,,6.0,2.0,0.0,1.0,0.0,0.0,22.0,8.0,Desconocido
Bundesliga 2,,,,False,2025-11-08,,,Kaiserslautern,Hertha,0.0,1.0,,,7.0,4.0,2.0,3.0,0.0,0.0,16.0,9.0,Desconocido
Turkey Super Lig,,,,False,2025-11-08,,,Kasimpasa,Goztep,0.0,2.0,,,5.0,2.0,1.0,3.0,0.0,0.0,12.0,15.0,Desconocido
La Liga 2,,,,False,2025-11-08,,,La Coruna,Cultural Leonesa,3.0,0.0,,,1.0,1.0,1.0,0.0,0.0,0.0,9.0,11.0,Desconocido
Ligue 1,,,,False,2025-11-08,,,Le Havre,Nantes,1.0,1.0,,,8.0,3.0,3.0,3.0,0.0,0.0,17.0,5.0,Desconocido
Ligue 2,,,,False,2025-11-08,,,Le Mans,Red Star,0.0,0.0,,,5.0,6.0,0.0,0.0,0.0,0.0,9.0,8.0,Desconocido
Serie A,,,,False,2025-11-08,,,Lecce,Verona,0.0,0.0,,,7.0,2.0,1.0,4.0,0.0,0.0,11.0,5.0,Desconocido
Bundesliga,,,,False,2025-11-08,,,Leverkusen,Heidenheim,6.0,0.0,,,11.0,1.0,0.0,1.0,0.0,0.0,25.0,1.0,Desconocido
Bundesliga,,,,False,2025-11-08,,,M'gladbach,FC Koln,3.0,1.0,,,2.0,6.0,2.0,3.0,0.0,0.0,9.0,19.0,Desconocido
La Liga 2,,,,False,2025-11-08,,,Malaga,Cordoba,2.0,2.0,,,2.0,2.0,3.0,3.0,0.0,1.0,11.0,15.0,Desconocido
Serie B,,,,False,2025-11-08,,,Mantova,Padova,1.0,0.0,,,6.0,2.0,2.0,3.0,0.0,0.0,16.0,7.0,Desconocido
Ligue 1,,,,False,2025-11-08,,,Marseille,Brest,3.0,0.0,,,6.0,2.0,0.0,1.0,0.0,0.0,19.0,4.0,Desconocido
Championship,,,,False,2025-11-08,,,Middlesbrough,Birmingham,2.0,1.0,,,3.0,5.0,1.0,1.0,0.0,0.0,8.0,13.0,Desconocido
Championship,,,,False,2025-11-08,,,Millwall,Preston,1.0,1.0,,,10.0,6.0,2.0,2.0,0.0,0.0,14.0,8.0,Desconocido
Ligue 1,,,,False,2025-11-08,,,Monaco,Lens,1.0,4.0,,,5.0,4.0,1.0,2.0,1.0,0.0,16.0,20.0,Desconocido
League 1 Escocia,,,,False,2025-11-08,,,Montrose,Alloa,0.0,4.0,,,4.0,4.0,0.0,1.0,0.0,0.0,9.0,13.0,Desconocido
National League,,,,False,2025-11-08,,,Morecambe,Sutton,2.0,2.0,,,,,1.0,1.0,0.0,0.0,,,Desconocido
Championship Escocia,,,,False,2025-11-08,,,Morton,Arbroath,1.0,0.0,,,3.0,5.0,4.0,2.0,0.0,0.0,9.0,12.0,Desconocido
League 2,,,,False,2025-11-08,,,Newport County,Walsall,2.0,4.0,,,4.0,5.0,4.0,2.0,0.0,0.0,12.0,17.0,Desconocido
League 1,,,,False,2025-11-08,,,Northampton,Mansfield,2.0,1.0,,,5.0,4.0,1.0,0.0,0.0,0.0,11.0,12.0,Desconocido
Championship,,,,False,2025-11-08,,,Norwich,Leicester,1.0,2.0,,,6.0,3.0,1.0,1.0,0.0,0.0,8.0,14.0,Desconocido
Super League Greece,,,,False,2025-11-08,,,Panetolikos,Larisa,3.0,0.0,,,4.0,2.0,1.0,1.0,0.0,0.0,9.0,16.0,Desconocido
Serie A,,,,False,2025-11-08,,,Parma,Milan,2.0,2.0,,,4.0,3.0,1.0,1.0,0.0,0.0,14.0,10.0,Desconocido
League 1,,,,False,2025-11-08,,,Peterboro,AFC Wimbledon,5.0,0.0,,,3.0,5.0,2.0,1.0,0.0,0.0,13.0,11.0,Desconocido
League 1 Escocia,,,,False,2025-11-08,,,Queen of Sth,East Fife,3.0,0.0,,,1.0,4.0,0.0,4.0,0.0,0.0,12.0,10.0,Desconocido
Championship Escocia,,,,False,2025-11-08,,,Queens Park,Raith Rvs,2.0,1.0,,,2.0,11.0,3.0,2.0,0.0,0.0,6.0,12.0,Desconocido
Serie B,,,,False,2025-11-08,,,Reggiana,Virtus Entella,0.0,0.0,,,4.0,13.0,2.0,1.0,0.0,0.0,7.0,17.0,Desconocido
Championship Escocia,,,,False,2025-11-08,,,Ross County,Ayr,3.0,3.0,,,1.0,8.0,3.0,2.0,0.0,0.0,11.0,12.0,Desconocido
League 1,,,,False,2025-11-08,,,Rotherham,Lincoln,3.0,0.0,,,4.0,6.0,1.0,1.0,0.0,0.0,13.0,10.0,Desconocido
League 2,,,,False,2025-11-08,,,Salford,Cambridge,0.0,0.0,,,4.0,4.0,4.0,2.0,0.0,0.0,6.0,9.0,Desconocido
Primeira Liga,,,,False,2025-11-08,,,Santa Clara,Sp Lisbon,1.0,2.0,,,2.0,12.0,7.0,4.0,2.0,1.0,5.0,21.0,Desconocido
Bundesliga 2,,,,False,2025-11-08,,,Schalke 04,Elversberg,1.0,0.0,,,1.0,5.0,4.0,2.0,0.0,0.0,7.0,6.0,Desconocido
National League,,,,False,2025-11-08,,,Scunthorpe,Yeovil,1.0,0.0,,,,,1.0,2.0,0.0,0.0,,,Desconocido
La Liga,,,,False,2025-11-08,,,Sevilla,Osasuna,1.0,0.0,,,5.0,6.0,5.0,3.0,0.0,0.0,10.0,9.0,Desconocido
Championship,,,,False,2025-11-08,,,Sheffield United,QPR,0.0,0.0,,,14.0,5.0,0.0,2.0,0.0,0.0,20.0,13.0,Desconocido
La Liga 2,,,,False,2025-11-08,,,Sociedad B,Leganes,2.0,1.0,,,2.0,6.0,4.0,6.0,0.0,1.0,12.0,9.0,Desconocido
Championship,,,,False,2025-11-08,,,Southampton,Sheffield Weds,3.0,1.0,,,4.0,5.0,2.0,2.0,0.0,0.0,12.0,11.0,Desconocido
National League,,,,False,2025-11-08,,,Southend,Carlisle,1.0,2.0,,,,,1.0,3.0,0.0,0.0,,,Desconocido
Premiership Escocia,,,,False,2025-11-08,,,St Mirren,Hibernian,0.0,3.0,,,5.0,6.0,4.0,1.0,0.0,0.0,9.0,15.0,Desconocido
League 1 Escocia,,,,False,2025-11-08,,,Stenhousemuir,Kelty Hearts,2.0,2.0,,,5.0,5.0,3.0,3.0,0.0,0.0,9.0,10.0,Desconocido
League 1,,,,False,2025-11-08,,,Stockport,Luton,0.0,3.0,,,5.0,3.0,0.0,4.0,1.0,0.0,13.0,8.0,Desconocido
Championship,,,,False,2025-11-08,,,Stoke,Coventry,0.0,1.0,,,3.0,6.0,3.0,3.0,0.0,0.0,10.0,17.0,Desconocido
Serie B,,,,False,2025-11-08,,,Sudtirol,Carrarese,1.0,1.0,,,1.0,10.0,0.0,2.0,1.0,0.0,7.0,24.0,Desconocido
Premier League,,,,False,2025-11-08,,,Sunderland,Arsenal,2.0,2.0,,,2.0,2.0,2.0,1.0,0.0,0.0,6.0,17.0,Desconocido
Championship,,,,False,2025-11-08,,,Swansea,Ipswich,1.0,4.0,,,4.0,5.0,5.0,3.0,0.0,0.0,9.0,11.0,Desconocido
League 2,,,,False,2025-11-08,,,Swindon,Tranmere,2.0,1.0,,,8.0,3.0,3.0,3.0,0.0,0.0,18.0,8.0,Desconocido
National League,,,,False,2025-11-08,,,Tamworth,Woking,0.0,1.0,,,,,2.0,2.0,0.0,0.0,,,Desconocido
Primeira Liga,,,,False,2025-11-08,,,Tondela,Guimaraes,0.0,1.0,,,4.0,3.0,3.0,2.0,0.0,0.0,15.0,11.0,Desconocido
Premier League,,,,False,2025-11-08,,,Tottenham,Man United,2.0,2.0,,,5.0,3.0,5.0,1.0,0.0,0.0,10.0,5.0,Desconocido
Turkey Super Lig,,,,False,2025-11-08,,,Trabzonspor,Alanyaspor,1.0,1.0,,,1.0,7.0,1.0,3.0,0.0,0.0,16.0,24.0,Desconocido
Ligue 2,,,,False,2025-11-08,,,Troyes,St Etienne,2.0,3.0,,,6.0,0.0,4.0,1.0,0.0,0.0,21.0,7.0,Desconocido
National League,,,,False,2025-11-08,,,Truro,Altrincham,0.0,1.0,,,,,2.0,1.0,0.0,0.0,,,Desconocido
Bundesliga,,,,False,2025-11-08,,,Union Berlin,Bayern Munich,2.0,2.0,,,6.0,5.0,2.0,4.0,0.0,0.0,12.0,12.0,Desconocido
Serie B,,,,False,2025-11-08,,,Venezia,Sampdoria,3.0,1.0,,,3.0,6.0,1.0,5.0,0.0,0.0,18.0,8.0,Desconocido
Eredivisie,,,,False,2025-11-08,,,Volendam,NAC Breda,2.0,1.0,,,8.0,6.0,2.0,2.0,0.0,2.0,12.0,12.0,Desconocido
National League,,,,False,2025-11-08,,,Wealdstone,Braintree Town,1.0,0.0,,,,,2.0,2.0,1.0,0.0,,,Desconocido
Championship,,,,False,2025-11-08,,,West Brom,Oxford,2.0,1.0,,,11.0,5.0,0.0,0.0,0.0,0.0,26.0,9.0,Desconocido
Premier League,,,,False,2025-11-08,,,West Ham,Burnley,3.0,2.0,,,7.0,4.0,2.0,2.0,0.0,0.0,15.0,16.0,Desconocido
Championship,,,,False,2025-11-08,,,Wrexham,Charlton,1.0,0.0,,,8.0,2.0,1.0,4.0,0.0,0.0,18.0,11.0,Desconocido
League 1,,,,False,2025-11-08,,,Wycombe,Leyton Orient,4.0,1.0,,,5.0,5.0,3.0,3.0,0.0,0.0,14.0,13.0,Desconocido
Eredivisie,,,,False,2025-11-08,,,Zwolle,Sparta Rotterdam,1.0,0.0,,,3.0,6.0,2.0,4.0,0.0,1.0,11.0,14.0,Desconocido
Championship Escocia,,,,False,2025-11-07,,,Airdrie Utd,Partick,1.0,1.0,,,3.0,7.0,5.0,0.0,0.0,0.0,10.0,7.0,Desconocido
Ligue 2,,,,False,2025-11-07,,,Bastia,Reims,1.0,3.0,,,2.0,4.0,4.0,4.0,0.0,0.0,17.0,9.0,Desconocido
Ligue 2,,,,False,2025-11-07,,,Clermont,Amiens,2.0,1.0,,,11.0,4.0,2.0,5.0,0.0,0.0,17.0,9.0,Desconocido
Jupiler Pro League,,,,False,2025-11-07,,,Dender,Waregem,2.0,2.0,,,6.0,5.0,1.0,1.0,0.0,0.0,15.0,13.0,Desconocido
Bundesliga 2,,,,False,2025-11-07,,,Dresden,Nurnberg,1.0,2.0,,,5.0,5.0,3.0,3.0,0.0,0.0,9.0,9.0,Desconocido
Ligue 2,,,,False,2025-11-07,,,Dunkerque,Boulogne,1.0,1.0,,,3.0,7.0,4.0,1.0,0.0,0.0,12.0,11.0,Desconocido
La Liga,,,,False,2025-11-07,,,Elche,Sociedad,1.0,1.0,,,1.0,3.0,1.0,3.0,0.0,0.0,12.0,13.0,Desconocido
Primeira Liga,,,,False,2025-11-07,,,Estoril,Arouca,4.0,3.0,,,10.0,2.0,1.0,1.0,0.0,0.0,19.0,10.0,Desconocido
Turkey Super Lig,,,,False,2025-11-07,,,Genclerbirligi,Buyuksehyr,2.0,1.0,,,4.0,9.0,2.0,3.0,0.0,0.0,15.0,19.0,Desconocido
Ligue 2,,,,False,2025-11-07,,,Grenoble,Rodez,2.0,1.0,,,5.0,8.0,5.0,2.0,0.0,0.0,14.0,14.0,Desconocido
Bundesliga 2,,,,False,2025-11-07,,,Greuther Furth,Preußen Münster,1.0,0.0,,,4.0,7.0,1.0,4.0,0.0,0.0,7.0,12.0,Desconocido
La Liga 2,,,,False,2025-11-07,,,Mirandes,Sp Gijon,2.0,1.0,,,4.0,4.0,4.0,2.0,0.0,0.0,20.0,7.0,Desconocido
Ligue 2,,,,False,2025-11-07,,,Montpellier,Annecy,1.0,0.0,,,11.0,3.0,3.0,2.0,0.0,0.0,14.0,8.0,Desconocido
Ligue 2,,,,False,2025-11-07,,,Nancy,Laval,0.0,2.0,,,10.0,3.0,1.0,3.0,0.0,0.0,14.0,9.0,Desconocido
Ligue 1,,,,False,2025-11-07,,,Paris FC,Rennes,0.0,1.0,,,8.0,9.0,4.0,2.0,0.0,0.0,19.0,10.0,Desconocido
Serie A,,,,False,2025-11-07,,,Pisa,Cremonese,1.0,0.0,,,4.0,5.0,4.0,2.0,0.0,0.0,14.0,13.0,Desconocido
Serie B,,,,False,2025-11-07,,,Spezia,Bari,1.0,1.0,,,4.0,12.0,4.0,2.0,1.0,0.0,10.0,19.0,Desconocido
Eredivisie,,,,False,2025-11-07,,,Twente,Telstar,0.0,0.0,,,10.0,2.0,4.0,2.0,1.0,1.0,27.0,6.0,Desconocido
Championship,,,,False,2025-11-07,,,Watford,Bristol City,1.0,1.0,,,6.0,4.0,2.0,1.0,0.0,0.0,16.0,10.0,Desconocido
Bundesliga,,,,False,2025-11-07,,,Werder Bremen,Wolfsburg,2.0,1.0,,,13.0,3.0,2.0,0.0,0.0,0.0,20.0,7.0,Desconocido
League 1,,,,False,2025-11-06,,,Reading,Stevenage,1.0,0.0,,,4.0,7.0,3.0,4.0,0.0,0.0,11.0,10.0,Desconocido
National League,,,,False,2025-11-05,,,Altrincham,Boston Utd,1.0,0.0,,,,,2.0,2.0,0.0,0.0,,,Desconocido
National League,,,,False,2025-11-05,,,Braintree Town,Brackley Town,0.0,1.0,,,,,6.0,2.0,0.0,0.0,,,Desconocido
Championship,,,,False,2025-11-05,,,Portsmouth,Wrexham,0.0,0.0,,,10.0,3.0,3.0,3.0,0.0,0.0,19.0,8.0,Desconocido
Championship,,,,False,2025-11-05,,,Preston,Swansea,2.0,1.0,,,2.0,8.0,3.0,1.0,0.0,0.0,4.0,18.0,Desconocido
Championship,,,,False,2025-11-05,,,QPR,Southampton,1.0,2.0,,,12.0,1.0,1.0,3.0,0.0,0.0,20.0,9.0,Desconocido
Championship,,,,False,2025-11-05,,,Sheffield Weds,Norwich,1.0,1.0,,,9.0,4.0,0.0,4.0,0.0,0.0,15.0,13.0,Desconocido
La Liga 2,,,,False,2025-11-05,,,Sociedad B,Huesca,2.0,0.0,,,3.0,6.0,2.0,3.0,0.0,0.0,13.0,10.0,Desconocido
National League,,,,False,2025-11-05,,,Solihull,Truro,4.0,0.0,,,,,2.0,1.0,0.0,1.0,,,Desconocido
National League,,,,False,2025-11-05,,,Sutton,Eastleigh,2.0,1.0,,,,,4.0,2.0,0.0,0.0,,,Desconocido
National League,,,,False,2025-11-05,,,Woking,Southend,1.0,1.0,,,,,3.0,2.0,0.0,0.0,,,Desconocido
National League,,,,False,2025-11-05,,,York,Gateshead,4.0,0.0,,,,,1.0,1.0,0.0,0.0,,,Desconocido
Championship,,,,False,2025-11-04,,,Birmingham,Millwall,4.0,0.0,,,2.0,3.0,0.0,0.0,0.0,0.0,12.0,4.0,Desconocido
National League,,,,False,2025-11-04,,,Boreham Wood,Aldershot,1.0,0.0,,,,,0.0,1.0,0.0,0.0,,,Desconocido
Championship,,,,False,2025-11-04,,,Bristol City,Blackburn,0.0,1.0,,,6.0,3.0,0.0,3.0,0.0,0.0,12.0,16.0,Desconocido
National League,,,,False,2025-11-04,,,Carlisle,Halifax,2.0,0.0,,,,,1.0,1.0,0.0,0.0,,,Desconocido
Championship,,,,False,2025-11-04,,,Charlton,West Brom,1.0,0.0,,,4.0,3.0,0.0,0.0,0.0,0.0,11.0,13.0,Desconocido
Championship,,,,False,2025-11-04,,,Coventry,Sheffield United,3.0,1.0,,,6.0,13.0,3.0,2.0,0.0,0.0,17.0,11.0,Desconocido
Championship,,,,False,2025-11-04,,,Derby,Hull,2.0,1.0,,,6.0,5.0,1.0,0.0,0.0,0.0,9.0,8.0,Desconocido
National League,,,,False,2025-11-04,,,Hartlepool,Morecambe,1.0,1.0,,,,,1.0,1.0,0.0,0.0,,,Desconocido
Championship,,,,False,2025-11-04,,,Ipswich,Watford,1.0,1.0,,,2.0,5.0,1.0,2.0,0.0,0.0,16.0,4.0,Desconocido
Championship,,,,False,2025-11-04,,,Leicester,Middlesbrough,1.0,1.0,,,3.0,6.0,6.0,1.0,0.0,1.0,6.0,17.0,Desconocido
Championship,,,,False,2025-11-04,,,Oxford,Stoke,0.0,3.0,,,10.0,7.0,1.0,3.0,0.0,0.0,16.0,14.0,Desconocido
League 1,,,,False,2025-11-04,,,Rotherham,Burton,2.0,2.0,,,5.0,3.0,0.0,3.0,0.0,0.0,11.0,15.0,Desconocido
National League,,,,False,2025-11-04,,,Yeovil,Wealdstone,0.0,2.0,,,,,2.0,1.0,0.0,0.0,,,Desconocido
Turkey Super Lig,,,,False,2025-11-03,,,Alanyaspor,Gaziantep,0.0,0.0,,,4.0,4.0,3.0,0.0,0.0,0.0,8.0,13.0,Desconocido
Super League Greece,,,,False,2025-11-03,,,Asteras Tripolis,OFI Crete,3.0,0.0,,,10.0,1.0,2.0,4.0,0.0,1.0,21.0,7.0,Desconocido
Turkey Super Lig,,,,False,2025-11-03,,,Eyupspor,Antalyaspor,0.0,1.0,,,5.0,2.0,2.0,2.0,0.0,0.0,15.0,7.0,Desconocido
Primeira Liga,,,,False,2025-11-03,,,Gil Vicente,Santa Clara,1.0,0.0,,,2.0,0.0,2.0,3.0,0.0,0.0,9.0,15.0,Desconocido
Serie A,,,,False,2025-11-03,,,Lazio,Cagliari,2.0,0.0,,,7.0,5.0,0.0,2.0,0.0,0.0,8.0,17.0,Desconocido
La Liga,,,,False,2025-11-03,,,Oviedo,Osasuna,0.0,0.0,,,4.0,2.0,3.0,1.0,0.0,0.0,8.0,11.0,Desconocido
Ligue 2,,,,False,2025-11-03,,,Pau FC,Troyes,1.0,1.0,,,9.0,1.0,2.0,1.0,0.0,1.0,18.0,9.0,Desconocido
Turkey Super Lig,,,,False,2025-11-03,,,Rizespor,Karagumruk,1.0,0.0,,,4.0,4.0,3.0,3.0,0.0,0.0,13.0,14.0,Desconocido
Serie A,,,,False,2025-11-03,,,Sassuolo,Genoa,1.0,2.0,,,3.0,7.0,1.0,3.0,0.0,0.0,13.0,16.0,Desconocido
Premier League,,,,False,2025-11-03,,,Sunderland,Everton,1.0,1.0,,,4.0,1.0,3.0,2.0,0.0,0.0,17.0,8.0,Desconocido
La Liga 2,,,,False,2025-11-03,,,Valladolid,Granada,2.0,1.0,,,3.0,2.0,3.0,4.0,0.0,1.0,17.0,8.0,Desconocido
Super League Greece,,,,False,2025-11-02,,,AEK,Panetolikos,1.0,0.0,,,8.0,2.0,4.0,2.0,0.0,0.0,18.0,5.0,Desconocido
Primeira Liga,,,,False,2025-11-02,,,AVS,Tondela,2.0,2.0,,,5.0,3.0,4.0,4.0,0.0,0.0,15.0,10.0,Desconocido
La Liga,,,,False,2025-11-02,,,Alaves,Espanol,2.0,1.0,,,1.0,6.0,4.0,2.0,1.0,0.0,13.0,18.0,Desconocido
La Liga 2,,,,False,2025-11-02,,,Andorra,Cadiz,0.0,0.0,,,9.0,3.0,3.0,2.0,0.0,0.0,15.0,5.0,Desconocido
Primeira Liga,,,,False,2025-11-02,,,Arouca,Moreirense,0.0,2.0,,,5.0,2.0,3.0,2.0,0.0,0.0,11.0,6.0,Desconocido
La Liga,,,,False,2025-11-02,,,Barcelona,Elche,3.0,1.0,,,6.0,3.0,0.0,1.0,0.0,0.0,17.0,9.0,Desconocido
Serie B,,,,False,2025-11-02,,,Bari,Cesena,1.0,0.0,,,3.0,4.0,1.0,1.0,0.0,0.0,9.0,9.0,Desconocido
Turkey Super Lig,,,,False,2025-11-02,,,Besiktas,Fenerbahce,2.0,3.0,,,1.0,6.0,1.0,5.0,1.0,0.0,9.0,23.0,Desconocido
La Liga,,,,False,2025-11-02,,,Betis,Mallorca,3.0,0.0,,,4.0,5.0,0.0,3.0,0.0,0.0,15.0,14.0,Desconocido
Bundesliga 2,,,,False,2025-11-02,,,Bochum,Magdeburg,2.0,0.0,,,8.0,7.0,2.0,4.0,0.0,0.0,24.0,15.0,Desconocido
Ligue 1,,,,False,2025-11-02,,,Brest,Lyon,0.0,0.0,,,12.0,2.0,1.0,0.0,0.0,1.0,13.0,4.0,Desconocido
La Liga 2,,,,False,2025-11-02,,,Castellon,Malaga,2.0,1.0,,,7.0,4.0,6.0,3.0,1.0,0.0,19.0,9.0,Desconocido
Serie B,,,,False,2025-11-02,,,Catanzaro,Venezia,2.0,1.0,,,2.0,5.0,1.0,4.0,0.0,0.0,7.0,21.0,Desconocido
La Liga 2,,,,False,2025-11-02,,,Cordoba,Ceuta,2.0,0.0,,,4.0,5.0,2.0,4.0,0.0,0.0,12.0,12.0,Desconocido
Bundesliga,,,,False,2025-11-02,,,FC Koln,Hamburg,4.0,1.0,,,2.0,3.0,1.0,6.0,0.0,2.0,23.0,11.0,Desconocido
Serie A,,,,False,2025-11-02,,,Fiorentina,Lecce,0.0,1.0,,,4.0,4.0,4.0,1.0,0.0,0.0,15.0,11.0,Desconocido
Bundesliga 2,,,,False,2025-11-02,,,Fortuna Dusseldorf,Kaiserslautern,1.0,1.0,,,2.0,4.0,4.0,2.0,0.0,0.0,11.0,16.0,Desconocido
Eredivisie,,,,False,2025-11-02,,,Groningen,Twente,1.0,1.0,,,7.0,3.0,2.0,4.0,0.0,0.0,18.0,10.0,Desconocido
Eredivisie,,,,False,2025-11-02,,,Heracles,Zwolle,8.0,2.0,,,4.0,2.0,0.0,3.0,0.0,1.0,23.0,7.0,Desconocido
Turkey Super Lig,,,,False,2025-11-02,,,Kayserispor,Kasimpasa,3.0,2.0,,,4.0,6.0,3.0,1.0,0.0,0.0,11.0,11.0,Desconocido
Turkey Super Lig,,,,False,2025-11-02,,,Konyaspor,Samsunspor,1.0,3.0,,,9.0,5.0,1.0,2.0,0.0,0.0,23.0,12.0,Desconocido
Super League Greece,,,,False,2025-11-02,,,Larisa,Levadeiakos,0.0,2.0,,,3.0,11.0,3.0,4.0,0.0,0.0,15.0,12.0,Desconocido
Ligue 1,,,,False,2025-11-02,,,Lens,Lorient,3.0,0.0,,,7.0,6.0,2.0,2.0,0.0,0.0,9.0,12.0,Desconocido
La Liga,,,,False,2025-11-02,,,Levante,Celta,1.0,2.0,,,4.0,4.0,2.0,3.0,1.0,0.0,9.0,20.0,Desconocido
Ligue 1,,,,False,2025-11-02,,,Lille,Angers,1.0,0.0,,,9.0,2.0,1.0,0.0,0.0,0.0,15.0,6.0,Desconocido
Premier League,,,,False,2025-11-02,,,Man City,Bournemouth,3.0,1.0,,,10.0,4.0,2.0,2.0,0.0,0.0,15.0,8.0,Desconocido
Serie A,,,,False,2025-11-02,,,Milan,Roma,1.0,0.0,,,7.0,8.0,1.0,5.0,0.0,0.0,17.0,20.0,Desconocido
Serie B,,,,False,2025-11-02,,,Modena,Juve Stabia,3.0,0.0,,,3.0,7.0,1.0,3.0,0.0,0.0,9.0,7.0,Desconocido
Serie B,,,,False,2025-11-02,,,Monza,Spezia,1.0,0.0,,,8.0,1.0,3.0,2.0,1.0,0.0,16.0,4.0,Desconocido
Ligue 1,,,,False,2025-11-02,,,Nantes,Metz,0.0,2.0,,,8.0,5.0,1.0,3.0,0.0,0.0,16.0,14.0,Desconocido
Jupiler Pro League,,,,False,2025-11-02,,,Oud-Heverlee Leuven,Gent,4.0,0.0,,,0.0,9.0,4.0,2.0,0.0,1.0,10.0,14.0,Desconocido
Bundesliga 2,,,,False,2025-11-02,,,Paderborn,Greuther Furth,2.0,1.0,,,5.0,5.0,1.0,3.0,0.0,0.0,14.0,19.0,Desconocido
Super League Greece,,,,False,2025-11-02,,,Panserraikos,PAOK,0.0,5.0,,,2.0,4.0,0.0,0.0,0.0,0.0,7.0,16.0,Desconocido
Serie A,,,,False,2025-11-02,,,Parma,Bologna,1.0,3.0,,,1.0,5.0,3.0,2.0,1.0,0.0,7.0,22.0,Desconocido
Primeira Liga,,,,False,2025-11-02,,,Porto,Sp Braga,2.0,1.0,,,2.0,3.0,3.0,3.0,0.0,0.0,9.0,10.0,Desconocido
Jupiler Pro League,,,,False,2025-11-02,,,RAAL La Louviere,Cercle Brugge,2.0,1.0,,,1.0,5.0,3.0,1.0,0.0,0.0,8.0,14.0,Desconocido
Ligue 1,,,,False,2025-11-02,,,Rennes,Strasbourg,4.0,1.0,,,6.0,5.0,1.0,1.0,0.0,0.0,13.0,20.0,Desconocido
Serie B,,,,False,2025-11-02,,,Sampdoria,Mantova,0.0,1.0,,,11.0,6.0,2.0,0.0,0.0,0.0,14.0,8.0,Desconocido
La Liga 2,,,,False,2025-11-02,,,Sp Gijon,Las Palmas,0.0,0.0,,,2.0,3.0,2.0,2.0,0.0,0.0,5.0,8.0,Desconocido
Eredivisie,,,,False,2025-11-02,,,Sparta Rotterdam,AZ Alkmaar,0.0,1.0,,,6.0,9.0,1.0,1.0,0.0,0.0,10.0,20.0,Desconocido
Jupiler Pro League,,,,False,2025-11-02,,,St Truiden,Antwerp,1.0,0.0,,,6.0,4.0,3.0,2.0,0.0,1.0,22.0,5.0,Desconocido
Serie A,,,,False,2025-11-02,,,Torino,Pisa,2.0,2.0,,,4.0,2.0,2.0,1.0,0.0,0.0,15.0,11.0,Desconocido
Ligue 1,,,,False,2025-11-02,,,Toulouse,Le Havre,0.0,0.0,,,10.0,2.0,1.0,2.0,0.0,0.0,18.0,9.0,Desconocido
Eredivisie,,,,False,2025-11-02,,,Utrecht,Nijmegen,1.0,0.0,,,2.0,2.0,1.0,2.0,0.0,0.0,11.0,16.0,Desconocido
Serie A,,,,False,2025-11-02,,,Verona,Inter,1.0,2.0,,,4.0,8.0,2.0,1.0,0.0,0.0,8.0,21.0,Desconocido
Premier League,,,,False,2025-11-02,,,West Ham,Newcastle,3.0,1.0,,,7.0,6.0,1.0,2.0,0.0,0.0,15.0,12.0,Desconocido
Jupiler Pro League,,,,False,2025-11-02,,,Westerlo,Genk,0.0,1.0,,,4.0,4.0,0.0,1.0,0.0,0.0,17.0,7.0,Desconocido
Bundesliga,,,,False,2025-11-02,,,Wolfsburg,Hoffenheim,2.0,3.0,,,2.0,2.0,0.0,2.0,0.0,0.0,12.0,10.0,Desconocido
La Liga 2,,,,False,2025-11-02,,,Zaragoza,La Coruna,0.0,2.0,,,2.0,8.0,1.0,1.0,0.0,0.0,13.0,14.0,Desconocido
Eredivisie,,,,False,2025-11-01,,,Ajax,Heerenveen,1.0,1.0,,,5.0,4.0,0.0,2.0,0.0,0.0,9.0,17.0,Desconocido
La Liga 2,,,,False,2025-11-01,,,Albacete,Huesca,2.0,1.0,,,7.0,7.0,3.0,0.0,0.0,0.0,14.0,20.0,Desconocido
League 1 Escocia,,,,False,2025-11-01,,,Alloa,Kelty Hearts,3.0,0.0,,,3.0,3.0,5.0,7.0,0.0,0.0,10.0,5.0,Desconocido
La Liga 2,,,,False,2025-11-01,,,Almeria,Eibar,3.0,1.0,,,3.0,7.0,2.0,3.0,0.0,0.0,11.0,12.0,Desconocido
Ligue 2,,,,False,2025-11-01,,,Amiens,Grenoble,2.0,3.0,,,6.0,5.0,2.0,4.0,0.0,0.0,15.0,18.0,Desconocido
Jupiler Pro League,,,,False,2025-11-01,,,Anderlecht,Mechelen,3.0,1.0,,,9.0,2.0,1.0,1.0,0.0,0.0,19.0,7.0,Desconocido
Championship Escocia,,,,False,2025-11-01,,,Arbroath,Ross County,3.0,0.0,,,2.0,4.0,3.0,2.0,0.0,0.0,15.0,21.0,Desconocido
La Liga,,,,False,2025-11-01,,,Ath Madrid,Sevilla,3.0,0.0,,,9.0,4.0,0.0,3.0,0.0,0.0,15.0,10.0,Desconocido
Super League Greece,,,,False,2025-11-01,,,Atromitos,Kifisia,1.0,2.0,,,3.0,9.0,1.0,4.0,0.0,0.0,20.0,23.0,Desconocido
Ligue 1,,,,False,2025-11-01,,,Auxerre,Marseille,0.0,1.0,,,3.0,3.0,3.0,4.0,1.0,1.0,9.0,6.0,Desconocido
Serie B,,,,False,2025-11-01,,,Avellino,Reggiana,4.0,3.0,,,4.0,4.0,4.0,3.0,0.0,0.0,13.0,15.0,Desconocido
Bundesliga,,,,False,2025-11-01,,,Bayern Munich,Leverkusen,3.0,0.0,,,10.0,4.0,1.0,1.0,0.0,0.0,18.0,7.0,Desconocido
Championship,,,,False,2025-11-01,,,Birmingham,Portsmouth,4.0,0.0,,,9.0,5.0,1.0,2.0,0.0,0.0,19.0,5.0,Desconocido
Premier League,,,,False,2025-11-01,,,Brighton,Leeds,3.0,0.0,,,4.0,7.0,0.0,1.0,0.0,0.0,14.0,5.0,Desconocido
Premier League,,,,False,2025-11-01,,,Burnley,Arsenal,0.0,2.0,,,1.0,6.0,2.0,1.0,0.0,0.0,3.0,12.0,Desconocido
Serie B,,,,False,2025-11-01,,,Carrarese,Frosinone,0.0,2.0,,,5.0,2.0,5.0,3.0,0.0,1.0,16.0,15.0,Desconocido
Primeira Liga,,,,False,2025-11-01,,,Casa Pia,Estrela,3.0,5.0,,,5.0,2.0,2.0,3.0,0.0,0.0,10.0,12.0,Desconocido
Championship,,,,False,2025-11-01,,,Charlton,Swansea,1.0,1.0,,,4.0,7.0,0.0,0.0,0.0,0.0,11.0,11.0,Desconocido
Jupiler Pro League,,,,False,2025-11-01,,,Club Brugge,Dender,2.0,1.0,,,7.0,4.0,1.0,1.0,0.0,0.0,19.0,14.0,Desconocido
League 2 Escocia,,,,False,2025-11-01,,,Clyde,Dumbarton,3.0,1.0,,,3.0,4.0,1.0,1.0,0.0,0.0,12.0,10.0,Desconocido
League 1 Escocia,,,,False,2025-11-01,,,Cove Rangers,Peterhead,1.0,2.0,,,6.0,5.0,2.0,3.0,0.0,0.0,13.0,8.0,Desconocido
Serie A,,,,False,2025-11-01,,,Cremonese,Juventus,1.0,2.0,,,2.0,3.0,1.0,0.0,0.0,0.0,9.0,15.0,Desconocido
Premier League,,,,False,2025-11-01,,,Crystal Palace,Brentford,2.0,0.0,,,6.0,5.0,0.0,3.0,0.0,0.0,9.0,6.0,Desconocido
La Liga 2,,,,False,2025-11-01,,,Cultural Leonesa,Mirandes,3.0,2.0,,,6.0,2.0,0.0,3.0,0.0,0.0,18.0,11.0,Desconocido
Bundesliga 2,,,,False,2025-11-01,,,Darmstadt,Bielefeld,2.0,2.0,,,9.0,9.0,4.0,1.0,0.0,0.0,19.0,10.0,Desconocido
League 1 Escocia,,,,False,2025-11-01,,,East Fife,Hamilton,1.0,1.0,,,1.0,1.0,1.0,2.0,0.0,0.0,5.0,7.0,Desconocido
League 2 Escocia,,,,False,2025-11-01,,,Elgin,Annan Athletic,2.0,0.0,,,7.0,5.0,1.0,4.0,0.0,0.0,16.0,5.0,Desconocido
Premiership Escocia,,,,False,2025-11-01,,,Falkirk,Kilmarnock,3.0,1.0,,,2.0,6.0,0.0,1.0,0.0,0.0,12.0,9.0,Desconocido
Eredivisie,,,,False,2025-11-01,,,Feyenoord,Volendam,3.0,1.0,,,10.0,1.0,0.0,0.0,0.0,0.0,37.0,9.0,Desconocido
Premier League,,,,False,2025-11-01,,,Fulham,Wolves,3.0,0.0,,,10.0,1.0,1.0,3.0,0.0,1.0,19.0,5.0,Desconocido
Turkey Super Lig,,,,False,2025-11-01,,,Galatasaray,Trabzonspor,0.0,0.0,,,8.0,4.0,0.0,1.0,0.0,1.0,23.0,9.0,Desconocido
Turkey Super Lig,,,,False,2025-11-01,,,Goztep,Genclerbirligi,1.0,0.0,,,6.0,3.0,0.0,1.0,0.0,0.0,15.0,13.0,Desconocido
Primeira Liga,,,,False,2025-11-01,,,Guimaraes,Benfica,0.0,3.0,,,3.0,6.0,3.0,4.0,1.0,0.0,10.0,24.0,Desconocido
Premiership Escocia,,,,False,2025-11-01,,,Hearts,Dundee,4.0,0.0,,,6.0,2.0,0.0,2.0,0.0,0.0,17.0,5.0,Desconocido
Bundesliga,,,,False,2025-11-01,,,Heidenheim,Ein Frankfurt,1.0,1.0,,,2.0,8.0,0.0,2.0,0.0,0.0,9.0,16.0,Desconocido
Bundesliga 2,,,,False,2025-11-01,,,Hertha,Dresden,2.0,0.0,,,3.0,5.0,0.0,0.0,0.0,0.0,11.0,13.0,Desconocido
League 1 Escocia,,,,False,2025-11-01,,,Inverness C,Montrose,1.0,0.0,,,12.0,1.0,2.0,2.0,0.0,0.0,19.0,5.0,Desconocido
Bundesliga 2,,,,False,2025-11-01,,,Karlsruhe,Schalke 04,2.0,1.0,,,2.0,7.0,4.0,5.0,0.0,0.0,8.0,11.0,Desconocido
La Liga 2,,,,False,2025-11-01,,,Leganes,Burgos,1.0,2.0,,,9.0,4.0,3.0,3.0,0.0,0.0,13.0,6.0,Desconocido
Championship,,,,False,2025-11-01,,,Leicester,Blackburn,0.0,2.0,,,7.0,4.0,0.0,1.0,0.0,0.0,12.0,9.0,Desconocido
Premier League,,,,False,2025-11-01,,,Liverpool,Aston Villa,2.0,0.0,,,1.0,4.0,2.0,3.0,0.0,0.0,16.0,10.0,Desconocido
Premiership Escocia,,,,False,2025-11-01,,,Livingston,Hibernian,2.0,2.0,,,6.0,1.0,2.0,1.0,0.0,0.0,10.0,7.0,Desconocido
Bundesliga,,,,False,2025-11-01,,,Mainz,Werder Bremen,1.0,1.0,,,2.0,0.0,1.0,3.0,0.0,0.0,10.0,5.0,Desconocido
Ligue 1,,,,False,2025-11-01,,,Monaco,Paris FC,0.0,1.0,,,3.0,2.0,3.0,2.0,0.0,0.0,10.0,9.0,Desconocido
Eredivisie,,,,False,2025-11-01,,,NAC Breda,Go Ahead Eagles,1.0,0.0,,,2.0,2.0,4.0,2.0,0.0,0.0,8.0,7.0,Desconocido
Primeira Liga,,,,False,2025-11-01,,,Nacional,Famalicao,0.0,1.0,,,3.0,10.0,4.0,6.0,1.0,0.0,8.0,20.0,Desconocido
Serie A,,,,False,2025-11-01,,,Napoli,Como,0.0,0.0,,,4.0,2.0,3.0,2.0,0.0,0.0,13.0,13.0,Desconocido
Championship,,,,False,2025-11-01,,,Norwich,Hull,0.0,2.0,,,6.0,4.0,1.0,2.0,0.0,0.0,15.0,9.0,Desconocido
Premier League,,,,False,2025-11-01,,,Nott'm Forest,Man United,2.0,2.0,,,8.0,5.0,1.0,1.0,0.0,0.0,17.0,18.0,Desconocido
Bundesliga 2,,,,False,2025-11-01,,,Nurnberg,Braunschweig,2.0,1.0,,,1.0,9.0,2.0,3.0,0.0,1.0,5.0,12.0,Desconocido
Super League Greece,,,,False,2025-11-01,,,Olympiakos,Aris,2.0,1.0,,,5.0,7.0,2.0,1.0,1.0,0.0,12.0,12.0,Desconocido
Championship,,,,False,2025-11-01,,,Oxford,Millwall,2.0,2.0,,,5.0,8.0,0.0,0.0,0.0,0.0,14.0,11.0,Desconocido
Serie B,,,,False,2025-11-01,,,Padova,Sudtirol,1.0,1.0,,,1.0,8.0,4.0,3.0,0.0,0.0,11.0,14.0,Desconocido
Serie B,,,,False,2025-11-01,,,Palermo,Pescara,5.0,0.0,,,6.0,5.0,3.0,2.0,0.0,0.0,17.0,10.0,Desconocido
Ligue 1,,,,False,2025-11-01,,,Paris SG,Nice,1.0,0.0,,,11.0,1.0,3.0,1.0,0.0,0.0,28.0,5.0,Desconocido
Championship Escocia,,,,False,2025-11-01,,,Partick,Queens Park,5.0,0.0,,,6.0,3.0,2.0,2.0,0.0,0.0,25.0,5.0,Desconocido
Championship,,,,False,2025-11-01,,,QPR,Ipswich,1.0,4.0,,,3.0,2.0,4.0,0.0,0.0,0.0,12.0,12.0,Desconocido
League 1 Escocia,,,,False,2025-11-01,,,Queen of Sth,Stenhousemuir,1.0,1.0,,,5.0,10.0,4.0,3.0,0.0,0.0,14.0,10.0,Desconocido
Bundesliga,,,,False,2025-11-01,,,RB Leipzig,Stuttgart,3.0,1.0,,,5.0,5.0,1.0,2.0,0.0,0.0,16.0,14.0,Desconocido
Championship Escocia,,,,False,2025-11-01,,,Raith Rvs,Morton,1.0,1.0,,,4.0,7.0,2.0,1.0,0.0,0.0,5.0,10.0,Desconocido
La Liga,,,,False,2025-11-01,,,Real Madrid,Valencia,4.0,0.0,,,7.0,1.0,1.0,1.0,0.0,0.0,21.0,4.0,Desconocido
Ligue 2,,,,False,2025-11-01,,,Red Star,St Etienne,2.0,1.0,,,0.0,5.0,1.0,1.0,0.0,0.0,11.0,15.0,Desconocido
Ligue 2,,,,False,2025-11-01,,,Reims,Dunkerque,1.0,2.0,,,3.0,0.0,4.0,2.0,0.0,0.0,10.0,5.0,Desconocido
Primeira Liga,,,,False,2025-11-01,,,Rio Ave,Estoril,0.0,4.0,,,0.0,6.0,2.0,1.0,1.0,0.0,2.0,24.0,Desconocido
Championship,,,,False,2025-11-01,,,Sheffield United,Derby,1.0,3.0,,,9.0,4.0,2.0,1.0,0.0,0.0,15.0,12.0,Desconocido
La Liga,,,,False,2025-11-01,,,Sociedad,Ath Bilbao,3.0,2.0,,,6.0,2.0,2.0,3.0,0.0,0.0,9.0,11.0,Desconocido
Championship,,,,False,2025-11-01,,,Southampton,Preston,0.0,2.0,,,8.0,2.0,1.0,3.0,0.0,0.0,10.0,12.0,Desconocido
League 2 Escocia,,,,False,2025-11-01,,,Spartans,East Kilbride,2.0,1.0,,,1.0,4.0,1.0,1.0,0.0,0.0,10.0,7.0,Desconocido
Championship Escocia,,,,False,2025-11-01,,,St Johnstone,Airdrie Utd,3.0,0.0,,,5.0,3.0,2.0,4.0,0.0,0.0,17.0,3.0,Desconocido
Bundesliga,,,,False,2025-11-01,,,St Pauli,M'gladbach,0.0,4.0,,,8.0,1.0,4.0,0.0,0.0,0.0,16.0,15.0,Desconocido
League 2 Escocia,,,,False,2025-11-01,,,Stirling,Edinburgh City,0.0,1.0,,,6.0,5.0,2.0,2.0,0.0,0.0,4.0,17.0,Desconocido
Championship,,,,False,2025-11-01,,,Stoke,Bristol City,5.0,1.0,,,4.0,10.0,3.0,0.0,0.0,0.0,13.0,16.0,Desconocido
League 2 Escocia,,,,False,2025-11-01,,,Stranraer,Forfar,3.0,1.0,,,8.0,4.0,2.0,2.0,0.0,0.0,19.0,13.0,Desconocido
Eredivisie,,,,False,2025-11-01,,,Telstar,Excelsior,2.0,2.0,,,3.0,5.0,0.0,2.0,0.0,0.0,17.0,21.0,Desconocido
Premier League,,,,False,2025-11-01,,,Tottenham,Chelsea,0.0,1.0,,,6.0,5.0,4.0,2.0,0.0,0.0,3.0,15.0,Desconocido
Serie A,,,,False,2025-11-01,,,Udinese,Atalanta,1.0,0.0,,,5.0,4.0,1.0,3.0,0.0,0.0,11.0,5.0,Desconocido
Bundesliga,,,,False,2025-11-01,,,Union Berlin,Freiburg,0.0,0.0,,,5.0,5.0,6.0,1.0,0.0,0.0,11.0,13.0,Desconocido
La Liga,,,,False,2025-11-01,,,Villarreal,Vallecano,4.0,0.0,,,3.0,5.0,1.0,1.0,0.0,0.0,16.0,13.0,Desconocido
Serie B,,,,False,2025-11-01,,,Virtus Entella,Empoli,1.0,0.0,,,11.0,2.0,2.0,2.0,0.0,0.0,22.0,5.0,Desconocido
Super League Greece,,,,False,2025-11-01,,,Volos NFC,Panathinaikos,1.0,0.0,,,0.0,5.0,5.0,1.0,0.0,0.0,5.0,15.0,Desconocido
Jupiler Pro League,,,,False,2025-11-01,,,Waregem,St. Gilloise,1.0,4.0,,,2.0,5.0,1.0,4.0,0.0,0.0,10.0,20.0,Desconocido
Championship,,,,False,2025-11-01,,,Watford,Middlesbrough,3.0,0.0,,,1.0,7.0,2.0,1.0,0.0,0.0,9.0,14.0,Desconocido
Championship,,,,False,2025-11-01,,,West Brom,Sheffield Weds,0.0,0.0,,,8.0,3.0,1.0,1.0,0.0,0.0,13.0,5.0,Desconocido
