League,LeagueId,Country,Round,EsEliminatoria,Date,HomeTeamId,AwayTeamId,HomeTeam,AwayTeam,FTHG,FTAG,HTHG,HTAG,HC,AC,HY,AY,HR,AR,HS,AS,Referee
1. Division,388,Kazakhstan,Regular Season - 16,False,2025-07-31,4546,4544,Aktobe Jas,Altay,0,6,0.0,2.0,,,,,,,,,Desconocido
1. Division,388,Kazakhstan,Regular Season - 16,False,2025-07-31,4551,4556,Ekibastuz,Sport Academy Kairat,2,3,2.0,1.0,,,,,,,,,Desconocido
1. Division,388,Kazakhstan,Regular Season - 16,False,2025-07-31,18805,21009,Khan Tengri,AKAS,0,2,0.0,0.0,,,,,,,,,Desconocido
Brasileiro U20 A,740,Brazil,Quarter-finals,True,2025-07-31,12984,12979,Athletico PR U20,Vasco da Gama U20,4,2,1.0,0.0,,,,,,,,,Desconocido
Brasileiro U20 A,740,Brazil,Quarter-finals,True,2025-07-31,12968,13020,Palmeiras U20,Juventude U20,3,1,2.0,0.0,,,,,,,,,Desconocido
Brasileiro U20 A,740,Brazil,Quarter-finals,True,2025-07-31,18345,13009,RB Bragantino U20,Fortaleza U20,3,2,1.0,1.0,,,,,,,,,Desconocido
CONCACAF Central American Cup,1028,World,Group Stage - 1,False,2025-07-31,4641,3665,Diriangén,Municipal,1,1,1.0,0.0,,,,,,,,,Desconocido
CONCACAF Central American Cup,1028,World,Group Stage - 1,False,2025-07-31,822,2883,LD Alajuelense,Plaza Amador,1,2,1.0,0.0,,,,,,,,,Desconocido
Catarinense - 2,936,Brazil,Play-offs,True,2025-07-31,1204,7860,Tubarao,Metropolitano,0,0,0.0,0.0,,,,,,,,,Desconocido
Catarinense U20,1076,Brazil,1st Phase - 18,True,2025-07-31,23325,12953,Nação U20,Avaí U20,3,3,0.0,2.0,,,,,,,,,Desconocido
Copa Argentina,130,Argentina,Round of 16,True,2025-07-31,463,458,Aldosivi,Argentinos JRS,1,2,1.0,0.0,,,,,,,,,Fernando Espinoza
Copa Colombia,241,Colombia,Play-offs,True,2025-07-31,1128,1133,Independiente Medellin,Jaguares,1,1,0.0,0.0,,,,,,,,,Wilmar Hernando Montaño Guevara
Copa Colombia,241,Colombia,Play-offs,True,2025-07-31,1125,1459,Millonarios,Real Cartagena,3,1,2.0,0.0,,,,,,,,,Luis Alfredo Delgado Hurtado
Copa Do Brasil,73,Brazil,Round of 16,True,2025-07-31,127,1062,Flamengo,Atletico-MG,0,1,0.0,0.0,,,,,,,,,"Raphael Claus, Brazil"
Copa Do Brasil,73,Brazil,Round of 16,True,2025-07-31,126,134,Sao Paulo,Atletico Paranaense,2,1,1.0,0.0,,,,,,,,,Desconocido
Copa Ecuador,917,Ecuador,Round of 32,True,2025-07-31,19039,1157,Río Aguarico,Universidad Catolica,0,1,0.0,0.0,,,,,,,,,Desconocido
Cup,237,Russia,Group Stage - 1,False,2025-07-31,1083,1080,Rubin,FC Orenburg,2,0,1.0,0.0,,,,,,,,,Yuri Karpov
Cup,657,Estonia,Round of 64,True,2025-07-31,14329,14302,Saku Sporting,Kompanii Marjamaa,3,2,2.0,1.0,,,,,,,,,Martin Altmets
Division Profesional - Clausura,252,Paraguay,Clausura - 5,True,2025-07-31,1174,10487,Club Guarani,Sportivo Ameliano,4,1,2.0,1.0,,,,,,,,,"Juan Gabriel Benitez, Paraguay"
Division Profesional - Clausura,252,Paraguay,Clausura - 5,True,2025-07-31,1179,10474,Libertad Asuncion,Atlético Tembetary,3,1,0.0,1.0,,,,,,,,,"Blas Romero, Paraguay"
Friendlies Clubs,667,World,Club Friendlies 1,True,2025-07-31,42,47,Arsenal,Tottenham,0,1,0.0,1.0,,,,,,,,,Lau Fong Hei
Friendlies Clubs,667,World,Club Friendlies 1,True,2025-07-31,2766,529,FC Seoul,Barcelona,3,7,2.0,3.0,,,,,,,,,Dae-Yong Kim
Gaúcho - 2,478,Brazil,Quarter-finals,True,2025-07-31,10052,7767,Lajeadense,Aimoré,0,1,0.0,0.0,,,,,,,,,Desconocido
Gaúcho - 2,478,Brazil,Quarter-finals,True,2025-07-31,10057,10053,Veranópolis,Passo Fundo,2,1,0.0,0.0,,,,,,,,,Desconocido
League,387,Jordan,Regular Season - 1,False,2025-07-31,4530,17469,Al Buqa'a,Sama Al Sarhan,2,0,0.0,0.0,,,,,,,,,Desconocido
League,387,Jordan,Regular Season - 1,False,2025-07-31,4535,4539,Al Salt,Shabab Al Ordon,0,0,0.0,0.0,,,,,,,,,Desconocido
Leagues Cup,772,World,Group Stage - 1,False,2025-07-31,18310,2298,Charlotte,FC Juarez,1,4,1.0,3.0,,,,,,,,,Natalie Simon
Leagues Cup,772,World,Group Stage - 1,False,2025-07-31,1610,2285,Colorado Rapids,Santos Laguna,2,1,0.0,0.0,,,,,,,,,"Kwinsi Williams, Trinidad and Tobago"
Leagues Cup,772,World,Group Stage - 1,False,2025-07-31,2295,1595,Cruz Azul,Seattle Sounders,0,7,0.0,0.0,,,,,,,,,Víctor Alfonso Cáceres Hernández
Leagues Cup,772,World,Group Stage - 1,False,2025-07-31,2278,1602,Guadalajara Chivas,New York Red Bulls,0,1,0.0,0.0,,,,,,,,,Lukasz Szpala
Leagues Cup,772,World,Group Stage - 1,False,2025-07-31,1605,2280,Los Angeles Galaxy,Club Tijuana,5,2,2.0,1.0,,,,,,,,,"Mario Escobar, Guatemala"
Leagues Cup,772,World,Group Stage - 1,False,2025-07-31,2282,2242,Monterrey,FC Cincinnati,2,3,1.0,1.0,,,,,,,,,Katia Itzel García
Liga MX Femenil,673,Mexico,Apertura - 3,True,2025-07-31,14876,14869,Guadalajara W,Juárez W,1,0,0.0,0.0,,,,,,,,,Desconocido
Liga MX Femenil,673,Mexico,Apertura - 2,True,2025-07-31,14881,14870,Pachuca W,Pumas UNAM W,1,1,1.0,1.0,,,,,,,,,Desconocido
Liga MX Femenil,673,Mexico,Apertura - 4,True,2025-07-31,14872,14873,Tijuana W,Atlas W,2,2,1.0,1.0,,,,,,,,,Desconocido
Liga Pro Serie B,243,Ecuador,Regular Season - 20,False,2025-07-31,25737,1986,Atlético Vinotinto,Gualaceo SC,1,2,0.0,1.0,,,,,,,,,Jordan Adahilton Montece Bustamante
Liga Pro Serie B,243,Ecuador,Regular Season - 20,False,2025-07-31,10112,10111,Chacaritas,9 de Octubre,1,1,1.0,0.0,,,,,,,,,Patricio Parra León
MLS Next Pro,909,USA,Regular Season - 27,False,2025-07-31,18811,4004,Columbus Crew II,New York RB II,1,2,0.0,1.0,,,,,,,,,William Hale
MLS Next Pro,909,USA,Regular Season - 27,False,2025-07-31,4028,4019,Vancouver Whitecaps II,Sporting KC II,2,3,2.0,0.0,,,,,,,,,Nivin Raizada
Matogrossense 2,1096,Brazil,Final,True,2025-07-31,26048,10688,Chapada,Operário MT,1,0,1.0,0.0,,,,,,,,,Desconocido
Premier League,569,Kyrgyzstan,Regular Season - 15,False,2025-07-31,25767,18731,Ozgon,Talant,2,0,2.0,0.0,,,,,,,,,Desconocido
Primera División,281,Peru,Clausura - 3,True,2025-07-31,10492,2548,ADT,Alianza Universidad,0,3,0.0,1.0,,,,,,,,,"Edwin Ordonez, Peru"
Primera División,281,Peru,Clausura - 3,True,2025-07-31,10013,2550,Cusco,Deportivo Binacional,2,0,1.0,0.0,,,,,,,,,"Jesus Cartagena, Peru"
Primera División,281,Peru,Clausura - 3,True,2025-07-31,22479,2553,Juan Pablo II College,Alianza Lima,1,2,1.0,1.0,,,,,,,,,"Pablo Lopez Ramos, Peru"
Primera División,281,Peru,Clausura - 3,True,2025-07-31,2540,2564,Universitario,Atletico Grau,3,1,2.0,0.0,,,,,,,,,"Jordi Espinoza, Peru"
Regionalliga - Nordost,85,Germany,Nordost - 2,True,2025-07-31,21525,1316,Magdeburg II,Hallescher FC,0,1,0.0,1.0,,,,,,,,,Florian Markhoff
Regionalliga - West,223,Austria,West - 1,True,2025-07-31,8260,4948,Bischofshofen,Kufstein,2,1,0.0,0.0,,,,,,,,,Marina Zechner
Reserve League,906,Argentina,2nd Phase - 3,True,2025-07-31,18677,18683,Argentinos Juniors Res.,Colón Res.,0,1,0.0,0.0,,,,,,,,,Desconocido
Reserve League,906,Argentina,2nd Phase - 3,True,2025-07-31,18682,18684,Central Córdoba SdE Res.,Defensa y Justicia Res.,2,1,1.0,1.0,,,,,,,,,Desconocido
Reserve League,906,Argentina,2nd Phase - 3,True,2025-07-31,22937,18678,Deportivo Riestra Res.,Atlético Tucumán Res.,1,2,0.0,2.0,,,,,,,,,Desconocido
Reserve League,906,Argentina,2nd Phase - 3,True,2025-07-31,22938,20817,Independiente Riva. Res.,Belgrano Córdoba Res.,1,3,0.0,2.0,,,,,,,,,Desconocido
Serie B,72,Brazil,Regular Season - 20,False,2025-07-31,142,147,Vila Nova,Coritiba,1,2,1.0,2.0,,,,,,,,,Gustavo Ervino Bauermann
Super Cup,550,Portugal,Final,True,2025-07-31,228,211,Sporting CP,Benfica,0,1,0.0,0.0,,,,,,,,,Fábio José Costa Veríssimo
Super League,391,Malawi,Regular Season - 13,False,2025-07-31,11126,4599,Ekwendeni Hammers,Nyasa Big Bullets,0,2,0.0,0.0,,,,,,,,,Desconocido
Tasmania Southern Championship,1093,Australia,Regular Season - 15,False,2025-07-31,23527,23529,South Hobart II,University of Tasmania,3,1,1.0,0.0,,,,,,,,,Desconocido
U19 League,1065,Ukraine,Regular Season - 1,False,2025-07-31,23075,23076,Kolos Kovalivka U19,Kryvbas 2020 U19,3,0,1.0,0.0,,,,,,,,,Desconocido
U19 League,1065,Ukraine,Regular Season - 1,False,2025-07-31,20240,26237,Rukh Vynnyky U19,SK Poltava U19,4,0,1.0,0.0,,,,,,,,,Desconocido
UEFA Europa Conference League,848,World,2nd Qualifying Round,True,2025-07-31,377,3528,AIK Stockholm,Paide,6,0,3.0,0.0,,,,,,,,,"Helgi Mikael Jonasson, Iceland"
UEFA Europa Conference League,848,World,2nd Qualifying Round,True,2025-07-31,201,1163,AZ Alkmaar,Ilves,5,0,4.0,0.0,,,,,,,,,"Ivar Orri Kristjansson, Iceland"
UEFA Europa Conference League,848,World,2nd Qualifying Round,True,2025-07-31,1123,11238,Aris Thessalonikis,Araz,2,2,0.0,2.0,,,,,,,,,David Dickinson
UEFA Europa Conference League,848,World,2nd Qualifying Round,True,2025-07-31,3858,331,Banga,Rosenborg,0,2,0.0,0.0,,,,,,,,,Jovan Kachevski
UEFA Europa Conference League,848,World,2nd Qualifying Round,True,2025-07-31,564,851,Başakşehir,Cherno More Varna,4,0,3.0,0.0,,,,,,,,,"Viktor Kopievskiy, Ukraine"
UEFA Europa Conference League,848,World,2nd Qualifying Round,True,2025-07-31,657,673,Beitar Jerusalem,Sutjeska,5,2,2.0,2.0,,,,,,,,,"Ishmael Barbara, Malta"
UEFA Europa Conference League,848,World,2nd Qualifying Round,True,2025-07-31,407,4133,Brondby,HB Torshavn,1,0,1.0,0.0,,,,,,,,,"Robert Hennessy, Ireland"
UEFA Europa Conference League,848,World,2nd Qualifying Round,True,2025-07-31,736,363,Charleroi,Hammarby FF,1,2,0.0,1.0,,,,,,,,,"Vitalijs Spasjonnikovs, Latvia"
UEFA Europa Conference League,848,World,2nd Qualifying Round,True,2025-07-31,3499,10124,Dila,Riga,3,3,1.0,1.0,,,,,,,,,"Mohammad Usman Aslam, Norway"
UEFA Europa Conference League,848,World,2nd Qualifying Round,True,2025-07-31,3326,3345,Dinamo Tirana,Atlètic Club d'Escaldes,1,1,1.0,0.0,,,,,,,,,Jasmin Šabotić
UEFA Europa Conference League,848,World,2nd Qualifying Round,True,2025-07-31,5351,660,Dungannon Swifts,FC Vaduz,0,3,0.0,0.0,,,,,,,,,Kristoffer Karlsson
UEFA Europa Conference League,848,World,2nd Qualifying Round,True,2025-07-31,3327,394,Egnatia Rrogozhinë,Dinamo Minsk,1,0,0.0,0.0,,,,,,,,,Kevin O'Sullivan
UEFA Europa Conference League,848,World,2nd Qualifying Round,True,2025-07-31,591,6496,FC Santa Coloma,Polessya,1,4,0.0,1.0,,,,,,,,,"Ben McMaster, Northern Ireland"
UEFA Europa Conference League,848,World,2nd Qualifying Round,True,2025-07-31,573,3619,FK Partizan,Oleksandria,4,0,3.0,0.0,,,,,,,,,"Henrik Nalbandyan, Armenia"
UEFA Europa Conference League,848,World,2nd Qualifying Round,True,2025-07-31,4625,12733,Floriana,Ballkani,1,1,1.0,1.0,,,,,,,,,"Dario Bel, Croatia"
UEFA Europa Conference League,848,World,2nd Qualifying Round,True,2025-07-31,2402,709,Gyori ETO FC,Pyunik Yerevan,3,1,1.0,0.0,,,,,,,,,Mervan Bejtullahu
UEFA Europa Conference League,848,World,2nd Qualifying Round,True,2025-07-31,649,1430,HJK Helsinki,Arda Kardzhali,2,2,1.0,1.0,,,,,,,,,"Iwan Griffith, Wales"
UEFA Europa Conference League,848,World,2nd Qualifying Round,True,2025-07-31,608,648,HNK Hajduk Split,Zira,2,1,1.0,0.0,,,,,,,,,Luca Pairetto
UEFA Europa Conference League,848,World,2nd Qualifying Round,True,2025-07-31,563,575,Hapoel Beer Sheva,AEK Athens FC,0,0,0.0,0.0,,,,,,,,,"Urs Schnyder, Switzerland"
UEFA Europa Conference League,848,World,2nd Qualifying Round,True,2025-07-31,336,2643,Jagiellonia,Novi Pazar,3,1,0.0,0.0,,,,,,,,,"Atilla Karaoglan, Türkiye"
UEFA Europa Conference League,848,World,2nd Qualifying Round,True,2025-07-31,272,2073,KA Akureyri,Silkeborg,2,3,1.0,0.0,,,,,,,,,"Peiman Simani, Finland"
UEFA Europa Conference League,848,World,2nd Qualifying Round,True,2025-07-31,701,2644,KI Klaksvik,Radnicki 1923,1,0,1.0,0.0,,,,,,,,,"Roman Jitari, Moldova"
UEFA Europa Conference League,848,World,2nd Qualifying Round,True,2025-07-31,662,3843,Kalju Nomme,St Patrick's Athl.,2,2,1.0,0.0,,,,,,,,,"Menelaos Antoniou, Cyprus"
UEFA Europa Conference League,848,World,2nd Qualifying Round,True,2025-07-31,4374,759,Koper,Viking,3,5,2.0,1.0,,,,,,,,,"Claudio Filipe Ruivo Pereira, Portugal"
UEFA Europa Conference League,848,World,2nd Qualifying Round,True,2025-07-31,1014,574,Lausanne,Vardar Skopje,5,0,3.0,0.0,,,,,,,,,"Snir Levy, Israel"
UEFA Europa Conference League,848,World,2nd Qualifying Round,True,2025-07-31,583,586,Linfield,FK Zalgiris Vilnius,2,0,2.0,0.0,,,,,,,,,"Edgars Malcevs, Latvia"
UEFA Europa Conference League,848,World,2nd Qualifying Round,True,2025-07-31,4195,385,Maccabi Haifa,Torpedo Zhodino,3,0,2.0,0.0,,,,,,,,,"Samuel Barrott, England"
UEFA Europa Conference League,848,World,2nd Qualifying Round,True,2025-07-31,552,2390,Maribor,Paks,1,1,1.0,0.0,,,,,,,,,"Dennis Higler, Netherlands"
UEFA Europa Conference League,848,World,2nd Qualifying Round,True,2025-07-31,691,579,Milsami Orhei,Buducnost Podgorica,2,1,0.0,0.0,,,,,,,,,"Alessandro Dudic, Switzerland"
UEFA Europa Conference League,848,World,2nd Qualifying Round,True,2025-07-31,387,10534,Neman,FK Košice,1,1,0.0,0.0,,,,,,,,,"Walter Altmann, Austria"
UEFA Europa Conference League,848,World,2nd Qualifying Round,True,2025-07-31,680,5354,Prishtina,Larne,1,1,1.0,0.0,,,,,,,,,"Kyriakos Athanasiou, Cyprus"
UEFA Europa Conference League,848,World,2nd Qualifying Round,True,2025-07-31,2391,3408,Puskas Academy,Aris,0,2,0.0,0.0,,,,,,,,,"Robertas Valikonis, Lithuania"
UEFA Europa Conference League,848,World,2nd Qualifying Round,True,2025-07-31,781,3745,Rapid Vienna,Dečić,4,2,2.0,0.0,,,,,,,,,"Dumitru Muntean, Moldova"
UEFA Europa Conference League,848,World,2nd Qualifying Round,True,2025-07-31,13976,2271,Sabah FA,Petrocub,4,1,4.0,1.0,,,,,,,,,"Danilo Nikolic, Serbia"
UEFA Europa Conference League,848,World,2nd Qualifying Round,True,2025-07-31,227,1483,Santa Clara,NK Varazdin,2,0,1.0,0.0,,,,,,,,,"Jasper Vergoote, Belgium"
UEFA Europa Conference League,848,World,2nd Qualifying Round,True,2025-07-31,652,698,Shamrock Rovers,St Joseph S Fc,0,0,0.0,0.0,,,,,,,,,"Granit Maqedonci, Sweden"
UEFA Europa Conference League,848,World,2nd Qualifying Round,True,2025-07-31,14864,601,Spaeri,Austria Vienna,0,5,0.0,3.0,,,,,,,,,Ashot Ghaltakchyan
UEFA Europa Conference League,848,World,2nd Qualifying Round,True,2025-07-31,628,4563,Sparta Praha,Aktobe,4,0,0.0,0.0,,,,,,,,,"Daniele Chiffi, Italy"
UEFA Europa Conference League,848,World,2nd Qualifying Round,True,2025-07-31,1120,3884,Spartak Trnava,Hibernians,5,1,2.0,1.0,,,,,,,,,"Pavle Ilic, Serbia"
UEFA Europa Conference League,848,World,2nd Qualifying Round,True,2025-07-31,685,3402,Torpedo Kutaisi,Omonia Nicosia,0,4,0.0,1.0,,,,,,,,,"Mikkel Redder, Denmark"
UEFA Europa Conference League,848,World,2nd Qualifying Round,True,2025-07-31,2036,1386,UNA Strassen,Dundee Utd,0,1,0.0,0.0,,,,,,,,,"Vilhjalmur Alvar Thorarinsson, Iceland"
UEFA Europa Conference League,848,World,2nd Qualifying Round,True,2025-07-31,2599,3683,Universitatea Cluj,Ararat-Armenia,1,2,1.0,0.0,,,,,,,,,"David Fuxman, Israel"
UEFA Europa Conference League,848,World,2nd Qualifying Round,True,2025-07-31,632,679,Universitatea Craiova,FK Sarajevo,4,0,0.0,0.0,,,,,,,,,"Daniyar Sakhi, Kazakhstan"
UEFA Europa Conference League,848,World,2nd Qualifying Round,True,2025-07-31,274,3872,Valur Reykjavik,Kauno Žalgiris,1,2,1.0,1.0,,,,,,,,,"Dalibor Cerny, Czechia"
UEFA Europa Conference League,848,World,2nd Qualifying Round,True,2025-07-31,278,3339,Vikingur Reykjavik,Vllaznia Shkodër,4,2,1.0,1.0,,,,,,,,,"Mihaly Kapraly, Hungary"
UEFA Europa Conference League,848,World,2nd Qualifying Round,True,2025-07-31,4633,562,Zimbru,FC Astana,0,2,0.0,2.0,,,,,,,,,"Bram Van Driessche, Belgium"
UEFA Europa Conference League,848,World,2nd Qualifying Round,True,2025-07-31,3554,3491,Žilina,Raków Częstochowa,1,3,1.0,1.0,,,,,,,,,"Genc Nuza, Kosovo"
UEFA Europa League,3,World,2nd Qualifying Round,True,2025-07-31,614,4360,AEK Larnaca,Celje,2,1,1.0,0.0,,,,,,,,,"Chris Kavanagh, England"
UEFA Europa League,3,World,2nd Qualifying Round,True,2025-07-31,367,554,BK Hacken,Anderlecht,2,1,1.0,0.0,,,,,,,,,"Patrik Kolarić, Croatia"
UEFA Europa League,3,World,2nd Qualifying Round,True,2025-07-31,2246,606,CFR 1907 Cluj,FC Lugano,1,0,0.0,0.0,,,,,,,,,"Allard Lindhout, Netherlands"
UEFA Europa League,3,World,2nd Qualifying Round,True,2025-07-31,249,397,Hibernian,FC Midtjylland,1,2,0.0,0.0,,,,,,,,,"Gustavo Correia, Portugal"
UEFA Europa League,3,World,2nd Qualifying Round,True,2025-07-31,339,3713,Legia Warszawa,Baník Ostrava,2,1,0.0,1.0,,,,,,,,,"Simovic Novak, Serbia"
UEFA Europa League,3,World,2nd Qualifying Round,True,2025-07-31,217,646,SC Braga,Levski Sofia,1,0,0.0,0.0,,,,,,,,,"Lothar D'hondt, Belgium"
UEFA Europa League,3,World,2nd Qualifying Round,True,2025-07-31,550,549,Shakhtar Donetsk,Beşiktaş,2,0,2.0,0.0,,,,,,,,,"Juan Martinez Munuera, Spain"
UEFA Europa League,3,World,2nd Qualifying Round,True,2025-07-31,207,568,Utrecht,Sheriff Tiraspol,4,1,1.0,0.0,,,,,,,,,"Chrysovalantis Theouli, Cyprus"
1. Deild,165,Iceland,Regular Season - 15,False,2025-07-30,273,4166,Fjolnir,Völsungur,1,1,0.0,0.0,,,,,,,,,Jens Elvar Sævarsson
1. Deild,165,Iceland,Regular Season - 15,False,2025-07-30,2115,2122,Selfoss,IR Reykjavik,0,1,0.0,1.0,,,,,,,,,Arnar Þór Stefánsson
1. Division,104,Norway,Regular Season - 15,False,2025-07-30,2144,334,Kongsvinger,Start,0,3,0.0,2.0,,,,,,,,,Steinar Hauge
1. Division,104,Norway,Regular Season - 15,False,2025-07-30,321,2153,Lillestrom,Raufoss,2,1,1.0,0.0,,,,,,,,,Ole-Alexander Ekeli Valen
1. Division,104,Norway,Regular Season - 15,False,2025-07-30,7006,757,Lyn,Aalesund,2,2,0.0,2.0,,,,,,,,,Johan William Grundt
1. Division,104,Norway,Regular Season - 15,False,2025-07-30,2152,2148,Mjondalen,Asane,2,0,1.0,0.0,,,,,,,,,Ali Al-Hatem
1. Division,104,Norway,Regular Season - 15,False,2025-07-30,7012,758,Moss,Sogndal,3,1,2.0,0.0,,,,,,,,,Anders Bodding
1. Division,104,Norway,Regular Season - 15,False,2025-07-30,330,323,ODD Ballklubb,Stabaek,2,0,0.0,0.0,,,,,,,,,Ajdin Medic
1. Division,104,Norway,Regular Season - 15,False,2025-07-30,2239,322,Skeid,Ranheim,0,0,0.0,0.0,,,,,,,,,Mischa Huru Kellerhals
1. Division,104,Norway,Regular Season - 15,False,2025-07-30,2150,6976,hodd,Egersund,1,0,0.0,0.0,,,,,,,,,Jørgen Haugen
2. Deild,166,Iceland,Regular Season - 15,False,2025-07-30,4172,2121,Dalvík / Reynir,Grotta,0,1,0.0,1.0,,,,,,,,,Desconocido
2. Deild,166,Iceland,Regular Season - 15,False,2025-07-30,18366,2118,Fjardabyggd / Leiknir,Haukar,3,2,3.0,1.0,,,,,,,,,Desconocido
2. Deild,166,Iceland,Regular Season - 15,False,2025-07-30,4173,4171,KFG,Thróttur Vogar,4,3,2.0,2.0,,,,,,,,,Desconocido
2. Deild,166,Iceland,Regular Season - 15,False,2025-07-30,4170,6093,Kári,Kormákur / Hvöt,2,3,0.0,2.0,,,,,,,,,Desconocido
2. Deild,166,Iceland,Regular Season - 15,False,2025-07-30,4169,6087,Vídir,Höttur / Huginn,2,2,2.0,0.0,,,,,,,,,Desconocido
2. Deild,166,Iceland,Regular Season - 15,False,2025-07-30,4167,828,Ægir,Vikingur Olafsiik,4,2,1.0,1.0,,,,,,,,,Desconocido
Australia Cup,874,Australia,Round of 32,True,2025-07-30,3764,945,APIA Leichhardt Tigers,Melbourne City,2,0,1.0,0.0,,,,,,,,,Nathan Shakespear
Australia Cup,874,Australia,Round of 32,True,2025-07-30,10211,10220,Brisbane City,Olympic,2,0,0.0,0.0,,,,,,,,,Zac Keenan
Australia Cup,874,Australia,Round of 32,True,2025-07-30,1448,3793,Canberra FC,MetroStars,0,4,0.0,2.0,,,,,,,,,Georgia Ghirardello
Australia Cup,874,Australia,Round of 32,True,2025-07-30,946,948,Newcastle Jets,Adelaide United,2,1,1.0,1.0,,,,,,,,,Joseph Attard
Brasileiro U17,1128,Brazil,1st Phase - 12,True,2025-07-30,24468,24478,America MG U17,Flamengo RJ U17,0,3,0.0,3.0,,,,,,,,,Desconocido
Brasileiro U17,1128,Brazil,1st Phase - 12,True,2025-07-30,24470,24483,Atletico GO U17,Internacional U17,1,1,1.0,0.0,,,,,,,,,Desconocido
Brasileiro U17,1128,Brazil,1st Phase - 12,True,2025-07-30,24471,25797,Atlético Mineiro U17,Juventude U17,6,0,3.0,0.0,,,,,,,,,Desconocido
Brasileiro U17,1128,Brazil,1st Phase - 12,True,2025-07-30,24480,24477,Fortaleza U17,Cuiaba U17,2,0,1.0,0.0,,,,,,,,,Desconocido
Brasileiro U17,1128,Brazil,1st Phase - 12,True,2025-07-30,25807,24486,Vasco U17,Santos U17,3,1,3.0,0.0,,,,,,,,,Desconocido
Brasileiro U20 A,740,Brazil,Quarter-finals,True,2025-07-30,11054,13000,Flamengo U20,Cruzeiro U20,1,1,0.0,1.0,,,,,,,,,Desconocido
CONCACAF Central American Cup,1028,World,Group Stage - 1,False,2025-07-30,1051,4645,CD Olimpia,Real Estelí,3,0,1.0,0.0,,,,,,,,,Desconocido
CONCACAF Central American Cup,1028,World,Group Stage - 1,False,2025-07-30,815,1058,CS Herediano,Real Espana,4,2,2.0,0.0,,,,,,,,,Desconocido
CONCACAF Central American Cup,1028,World,Group Stage - 1,False,2025-07-30,26156,3667,Hércules,Xelajú,0,2,0.0,0.0,,,,,,,,,Desconocido
COTIF Tournament,940,World,Final,True,2025-07-30,10284,19926,Argentina U20,Valencia U20,2,0,2.0,0.0,,,,,,,,,Desconocido
Catarinense - 2,936,Brazil,Play-offs,True,2025-07-30,18272,12912,Camboriú,Juventus SC,1,1,1.0,1.0,,,,,,,,,Desconocido
Cearense U20,1112,Brazil,1st Phase - 6,True,2025-07-30,12956,23731,Ceará U20,Itarema U20,5,1,5.0,1.0,,,,,,,,,Desconocido
Copa Argentina,130,Argentina,Round of 16,True,2025-07-30,473,790,Independ. Rivadavia,Central Cordoba,2,1,1.0,1.0,,,,,,,,,Pablo Echavarría
Copa Colombia,241,Colombia,Play-offs,True,2025-07-30,1136,1140,Once Caldas,Patriotas,6,0,2.0,0.0,,,,,,,,,Álvaro José Meléndez Panneflek
Copa Do Brasil,73,Brazil,Round of 16,True,2025-07-30,118,13098,Bahia,Retrô,3,2,2.0,1.0,,,,,,,,,Desconocido
Copa Do Brasil,73,Brazil,Round of 16,True,2025-07-30,150,133,CSA,Vasco DA Gama,0,0,0.0,0.0,,,,,,,,,Desconocido
Copa Do Brasil,73,Brazil,Round of 16,True,2025-07-30,131,121,Corinthians,Palmeiras,1,0,0.0,0.0,,,,,,,,,"Wilton Pereira Sampaio, Brazil"
Copa Do Brasil,73,Brazil,Round of 16,True,2025-07-30,135,146,Cruzeiro,CRB,0,0,0.0,0.0,,,,,,,,,Desconocido
Copa Do Brasil,73,Brazil,Round of 16,True,2025-07-30,119,124,Internacional,Fluminense,1,2,1.0,2.0,,,,,,,,,"Rodrigo Jose Pereira de Lima, Brazil"
Copa Ecuador,917,Ecuador,Round of 32,True,2025-07-30,24065,1156,Ecuagenera,Aucas,0,0,0.0,0.0,,,,,,,,,Desconocido
Copa Ecuador,917,Ecuador,Round of 32,True,2025-07-30,26039,1148,Miguel Iturralde,Emelec,1,1,1.0,0.0,,,,,,,,,Desconocido
Copa Paulista,742,Brazil,1st Round - 8,True,2025-07-30,10021,7846,Monte Azul,Linense,2,0,0.0,0.0,,,,,,,,,Caio Carvalho Pereira
Copa Paulista,742,Brazil,1st Round - 7,True,2025-07-30,22852,16058,União São João,Botafogo SP B,2,2,0.0,1.0,,,,,,,,,Gabriel Henrique Meira Bispo
Copa Rio,1035,Brazil,Round of 16,True,2025-07-30,13104,13107,América RJ,Audax Rio,0,0,0.0,0.0,,,,,,,,,Desconocido
Copa Rio,1035,Brazil,Round of 16,True,2025-07-30,10672,2206,Cabofriense,Boavista SC,0,0,0.0,0.0,,,,,,,,,Desconocido
Copa Rio,1035,Brazil,Round of 16,True,2025-07-30,13087,7854,Campo Grande,Bangu,0,1,0.0,0.0,,,,,,,,,Desconocido
Copa Rio,1035,Brazil,Round of 16,True,2025-07-30,12278,7780,Duque de Caxias,Madureira,0,2,0.0,1.0,,,,,,,,,Desconocido
Copa Rio,1035,Brazil,Round of 16,True,2025-07-30,13114,7782,Olaria,Nova Iguaçu,0,0,0.0,0.0,,,,,,,,,Desconocido
Copa Rio,1035,Brazil,Round of 16,True,2025-07-30,23262,14000,Petrópolis,CFRJ / Maricá,0,3,0.0,3.0,,,,,,,,,Desconocido
Copa Rio,1035,Brazil,Round of 16,True,2025-07-30,4857,7835,Resende,Portuguesa RJ,2,3,1.0,1.0,,,,,,,,,Desconocido
Copa Venezuela,1113,Venezuela,Round of 16,True,2025-07-30,10091,2840,Fundación Lara Deportiva,UCV,0,1,0.0,0.0,,,,,,,,,Yember Eduardo Mora Leal
Copa de la División Profesional,964,Bolivia,Copa Bolivia - 2,True,2025-07-30,17760,3637,San Antonio Bulo Bulo,Aurora,5,2,3.0,2.0,,,,,,,,,C. Garcia
Cup,237,Russia,Group Stage - 1,False,2025-07-30,1085,596,Akhmat,Zenit,1,2,0.0,2.0,,,,,,,,,Mikhail Cheremnykh
Cup,680,Slovakia,1st Round,True,2025-07-30,14038,21757,Bernolákovo,Malinovo,1,1,0.0,1.0,,,,,,,,,Desconocido
Cup,237,Russia,Group Stage - 1,False,2025-07-30,555,597,CSKA Moscow,Lokomotiv,2,1,1.0,0.0,,,,,,,,,Rafael Shafeev
Cup,237,Russia,Group Stage - 1,False,2025-07-30,6813,2011,Dinamo Makhachkala,Nizhny Novgorod,1,0,0.0,0.0,,,,,,,,,Anton Frolov
Cup,657,Estonia,Round of 64,True,2025-07-30,3516,13152,Elva,Legion,3,0,1.0,0.0,,,,,,,,,Karl Kena
Cup,237,Russia,Group Stage - 1,False,2025-07-30,779,558,FC Rostov,Spartak Moscow,0,2,0.0,2.0,,,,,,,,,Evgeni Bulanov
Cup,680,Slovakia,1st Round,True,2025-07-30,26769,15063,FK Budmerice,Svätý Jur,2,8,1.0,5.0,,,,,,,,,Desconocido
Cup,657,Estonia,Round of 64,True,2025-07-30,21393,3518,Flora IV,Flora II,1,12,1.0,6.0,,,,,,,,,Neeme Neemlaid
Cup,680,Slovakia,1st Round,True,2025-07-30,26773,15002,Kozmos,Limbach,0,4,0.0,1.0,,,,,,,,,Desconocido
Cup,680,Slovakia,1st Round,True,2025-07-30,21756,14042,MFK Záhorská Bystrica,Lokomotíva DNV,3,4,2.0,3.0,,,,,,,,,Desconocido
Cup,680,Slovakia,1st Round,True,2025-07-30,19397,24415,Spišský Štvrtok,Starý Smokovec,1,6,0.0,4.0,,,,,,,,,Desconocido
Cup,657,Estonia,Round of 64,True,2025-07-30,3525,3531,Vaprus,Tulevik,13,0,9.0,0.0,,,,,,,,,Denis Nõmm
Cup,657,Estonia,Round of 64,True,2025-07-30,16725,14304,Vigri Maarjamäe,Kristiine JK,0,4,0.0,1.0,,,,,,,,,Jakob Mägi
Cup,680,Slovakia,1st Round,True,2025-07-30,19407,14051,Šenkvice,Slovan Most,1,0,1.0,0.0,,,,,,,,,Desconocido
Cupa României,285,Romania,1st Round,True,2025-07-30,7459,7483,Avântul Periam,Progresul Pecica,2,4,0.0,1.0,,,,,,,,,Desconocido
Cupa României,285,Romania,1st Round,True,2025-07-30,24361,14582,Axi Adunații-Copăceni,Dunărea 2020 Giurgiu,2,1,1.0,1.0,,,,,,,,,Desconocido
Cupa României,285,Romania,1st Round,True,2025-07-30,6847,21430,Axiopolis,Gloria Băneasa,1,5,1.0,1.0,,,,,,,,,Desconocido
Cupa României,285,Romania,1st Round,True,2025-07-30,24841,6906,CIL Blaj,Sănătatea Cluj,0,2,0.0,0.0,,,,,,,,,Desconocido
Cupa României,285,Romania,1st Round,True,2025-07-30,7467,14579,CSM FC Vaslui,CSM Bacău,15,0,6.0,0.0,,,,,,,,,Desconocido
Cupa României,285,Romania,1st Round,True,2025-07-30,19847,6841,CSM Fetești,Agricola Borcea,0,4,0.0,3.0,,,,,,,,,Desconocido
Cupa României,285,Romania,1st Round,True,2025-07-30,19171,22208,Codlea,ACS Mediaş 2022,0,4,0.0,2.0,,,,,,,,,Desconocido
Cupa României,285,Romania,1st Round,True,2025-07-30,6862,24379,Flacăra Moreni,Urban Titu,2,0,1.0,0.0,,,,,,,,,Desconocido
Cupa României,285,Romania,1st Round,True,2025-07-30,14584,14586,Gilortul,Jiul Petroşani,1,3,0.0,2.0,,,,,,,,,Desconocido
Cupa României,285,Romania,1st Round,True,2025-07-30,6868,21680,Gloria Lunca Teuz Cermei,Viitorul Arad,1,2,0.0,0.0,,,,,,,,,Desconocido
Cupa României,285,Romania,1st Round,True,2025-07-30,23382,6842,LPS HD Clinceni,Alexandria,1,0,0.0,0.0,,,,,,,,,Desconocido
Cupa României,285,Romania,1st Round,True,2025-07-30,6876,14596,Metalurgistul Cugir,Universitatea Alba Iulia,1,2,0.0,1.0,,,,,,,,,Desconocido
Cupa României,285,Romania,1st Round,True,2025-07-30,2609,14593,Olimpia Satu Mare,Sighetu Marmaţiei,0,2,0.0,2.0,,,,,,,,,Desconocido
Cupa României,285,Romania,1st Round,True,2025-07-30,6887,21678,Paşcani,USV Iaşi,5,2,3.0,2.0,,,,,,,,,Desconocido
Cupa României,285,Romania,1st Round,True,2025-07-30,16297,19179,Petrolul Potcoava,Oltul Curtişoara,2,3,1.0,1.0,,,,,,,,,Desconocido
Cupa României,285,Romania,1st Round,True,2025-07-30,19180,14592,Progresul Fundulea,Recolta Gheorghe Doja,3,2,2.0,1.0,,,,,,,,,Desconocido
Cupa României,285,Romania,1st Round,True,2025-07-30,6893,22203,Pucioasa,Tricolorul Breaza,3,2,2.0,2.0,,,,,,,,,Desconocido
Cupa României,285,Romania,1st Round,True,2025-07-30,6894,16293,Păuleşti,Plopeni,1,2,0.0,1.0,,,,,,,,,Desconocido
Cupa României,285,Romania,1st Round,True,2025-07-30,26201,14598,Păușești,Viitorul Dăești,2,0,1.0,0.0,,,,,,,,,Desconocido
Cupa României,285,Romania,1st Round,True,2025-07-30,24845,21686,Sport Team Bucureşti,Ştefăneşti,0,7,0.0,4.0,,,,,,,,,Desconocido
Cupa României,285,Romania,1st Round,True,2025-07-30,6900,19174,Sporting Roşiori,Cetatea,1,3,0.0,1.0,,,,,,,,,Desconocido
Cupa României,285,Romania,1st Round,True,2025-07-30,26202,6865,Sânandrei,Ghiroda şi Giarmata Vii,3,1,1.0,0.0,,,,,,,,,Desconocido
Cupa României,285,Romania,1st Round,True,2025-07-30,7490,19172,Sânmartin,Crişul Sântandrei,2,1,1.0,0.0,,,,,,,,,Desconocido
Cupa României,285,Romania,1st Round,True,2025-07-30,6905,14588,Săcele,Olimpic Zărneşti,4,2,2.0,0.0,,,,,,,,,Desconocido
Cupa României,285,Romania,1st Round,True,2025-07-30,24842,22206,Timişul Şag,Peciu Nou,10,0,5.0,0.0,,,,,,,,,Desconocido
Cupa României,285,Romania,1st Round,True,2025-07-30,6912,7493,Unirea Bascov,Vediţa Coloneşti,1,2,0.0,1.0,,,,,,,,,Desconocido
Cupa României,285,Romania,1st Round,True,2025-07-30,6923,2593,Viitorul Onesti,Aerostar Bacau,1,0,0.0,0.0,,,,,,,,,Desconocido
Cupa României,285,Romania,1st Round,True,2025-07-30,26203,6914,Voinţa Livezile,Unirea Dej,4,1,0.0,0.0,,,,,,,,,Desconocido
Cupa României,285,Romania,1st Round,True,2025-07-30,21684,6861,Vulturii Fărcăşeşti,Filiaşi,9,0,3.0,0.0,,,,,,,,,Desconocido
Cupa României,285,Romania,1st Round,True,2025-07-30,6932,2582,Înainte Modelu,Dunarea Calarasi,0,2,0.0,1.0,,,,,,,,,Desconocido
Division Profesional - Clausura,252,Paraguay,Clausura - 5,True,2025-07-30,1176,2140,Cerro Porteno,2 de Mayo,3,2,1.0,1.0,,,,,,,,,"Mario Diaz De Vivar, Paraguay"
Division Profesional - Clausura,252,Paraguay,Clausura - 5,True,2025-07-30,1182,10476,Olimpia,Deportivo Recoleta,1,0,0.0,0.0,,,,,,,,,"Derlis Lopez, Paraguay"
Eliteserien,103,Norway,Regular Season - 6,False,2025-07-30,327,324,Bodo/Glimt,Stromsgodset,1,0,1.0,0.0,,,,,,,,,"Tore Hansen, Norway"
FNL,346,Czech-Republic,Regular Season - 3,False,2025-07-30,4257,3731,Artis,Vysočina Jihlava,0,3,0.0,1.0,,,,,,,,,M. Kubecka
FNL,346,Czech-Republic,Regular Season - 3,False,2025-07-30,3722,3729,Chrudim,Viktoria Žižkov,3,2,0.0,1.0,,,,,,,,,L. Glogar
FNL,346,Czech-Republic,Regular Season - 3,False,2025-07-30,7291,3735,Hanácká,Ústí nad Labem,2,3,2.0,2.0,,,,,,,,,F. Kotala
FNL,346,Czech-Republic,Regular Season - 3,False,2025-07-30,3725,3717,Prostějov,Opava,0,0,0.0,0.0,,,,,,,,,S. Vejtasa
FNL,346,Czech-Republic,Regular Season - 3,False,2025-07-30,3718,3733,Příbram,Zbrojovka Brno,2,7,0.0,2.0,,,,,,,,,J. Vsetecka
FNL,346,Czech-Republic,Regular Season - 3,False,2025-07-30,8619,8618,Sparta Praha II,Slavia Praha II,1,0,1.0,0.0,,,,,,,,,D. Vokoun
FNL,346,Czech-Republic,Regular Season - 3,False,2025-07-30,3726,3730,Táborsko,Vlašim,3,1,2.0,1.0,,,,,,,,,J. Wulkan
FNL,346,Czech-Republic,Regular Season - 3,False,2025-07-30,3736,8621,České Budějovice,Baník Ostrava II,2,2,0.0,1.0,,,,,,,,,A. Bohata
Football League - Highland League,730,Scotland,Highland League - 2,True,2025-07-30,6760,7441,Brora Rangers,Forres Mechanics,5,0,0.0,0.0,,,,,,,,,Ewan Pow
Football League - Highland League,730,Scotland,Highland League - 2,True,2025-07-30,7435,7454,Clachnacuddin,Wick Academy,1,0,1.0,0.0,,,,,,,,,Stuart Randall
Football League - Highland League,730,Scotland,Highland League - 2,True,2025-07-30,6768,7445,Formartine United,Inverurie Loco Works,1,0,1.0,0.0,,,,,,,,,Owen Lawrence
Football League - Highland League,730,Scotland,Highland League - 2,True,2025-07-30,7521,6769,Huntly,Fraserburgh,4,0,4.0,0.0,,,,,,,,,Mark Bolton
Football League - Highland League,730,Scotland,Highland League - 2,True,2025-07-30,7446,1390,Keith,Brechin,0,5,0.0,2.0,,,,,,,,,Harry Bruce
Football League - Highland League,730,Scotland,Highland League - 2,True,2025-07-30,7447,6729,Lossiemouth,Banks O' Dee,1,0,1.0,0.0,,,,,,,,,Scott Leslie
Football League - Highland League,730,Scotland,Highland League - 2,True,2025-07-30,7448,7438,Nairn County,Deveronvale,1,1,0.0,1.0,,,,,,,,,David Alexander
Football League - Highland League,730,Scotland,Highland League - 2,True,2025-07-30,7449,7451,Rothes,Strathspey Thistle,3,4,1.0,1.0,,,,,,,,,Alex Ross
Football League - Highland League,730,Scotland,Highland League - 2,True,2025-07-30,7452,7432,Turriff United,Buckie Thistle,0,4,0.0,2.0,,,,,,,,,Lewis Brown
Football League - Lowland League,731,Scotland,Lowland League - 2,True,2025-07-30,7443,7431,Gala Fairydean Rovers,Bonnyrigg Rose Athletic,0,3,0.0,2.0,,,,,,,,,David Gallagher
Football League - Lowland League,731,Scotland,Lowland League - 2,True,2025-07-30,7444,6771,Gretna 2008,Hearts U21,4,4,1.0,2.0,,,,,,,,,Michael Williamson
Football League - Lowland League,731,Scotland,Lowland League - 2,True,2025-07-30,7450,6744,Stirling University,Linlithgow Rose,1,4,1.0,3.0,,,,,,,,,Euan Birch
Friendlies Clubs,667,World,Club Friendlies 1,True,2025-07-30,611,487,Fenerbahçe,Lazio,1,0,0.0,0.0,,,,,,,,,Zorbay Küçük
Friendlies Clubs,667,World,Club Friendlies 1,True,2025-07-30,197,422,PSV Eindhoven,FC Eindhoven,3,2,3.0,2.0,,,,,,,,,Sander van der Eijk
Friendlies Clubs,667,World,Club Friendlies 2,True,2025-07-30,3602,3588,Sakaryaspor,Eyüpspor,1,2,1.0,1.0,,,,,,,,,Desconocido
Friendlies Clubs,667,World,Club Friendlies 1,True,2025-07-30,13935,165,Sportfreunde Siegen,Borussia Dortmund,1,8,1.0,6.0,,,,,,,,,Leonidas Exuzidis
Friendlies Clubs,667,World,Club Friendlies 3,True,2025-07-30,20787,66,St. Louis City,Aston Villa,1,2,0.0,1.0,,,,,,,,,Desconocido
Friendlies Clubs,667,World,Club Friendlies 1,True,2025-07-30,296,40,Yokohama F. Marinos,Liverpool,1,3,0.0,0.0,,,,,,,,,Desconocido
Gaúcho - 2,478,Brazil,Quarter-finals,True,2025-07-30,10044,10051,Bagé,Inter Santa Maria,0,0,0.0,0.0,,,,,,,,,Desconocido
Gaúcho - 2,478,Brazil,Quarter-finals,True,2025-07-30,25079,1199,Gramadense,Novo Hamburgo,0,0,,,,,,,,,,,Desconocido
Goiano - 2,1030,Brazil,Regular Season - 14,False,2025-07-30,7829,24771,Iporá,Rio Verde,2,2,2.0,1.0,,,,,,,,,Desconocido
Goiano - 2,1030,Brazil,Regular Season - 14,False,2025-07-30,18297,13127,Morrinhos,Grêmio Anápolis,2,2,1.0,1.0,,,,,,,,,Desconocido
Goiano - 2,1030,Brazil,Regular Season - 14,False,2025-07-30,23307,24773,Trindade,Tupy FC,1,1,0.0,1.0,,,,,,,,,Desconocido
League 1 Ontario,923,Canada,Regular Season - 10,False,2025-07-30,19111,19108,St. Catharines Wolves,Scrosoppi,2,2,1.0,2.0,,,,,,,,,Desconocido
Leagues Cup,772,World,Group Stage - 1,False,2025-07-30,2287,1606,Club America,Real Salt Lake,2,2,1.0,2.0,,,,,,,,,Hector Martinez
Leagues Cup,772,World,Group Stage - 1,False,2025-07-30,9568,2283,Inter Miami,Atlas,2,1,0.0,0.0,,,,,,,,,"Juan Calderon, Costa Rica"
Leagues Cup,772,World,Group Stage - 1,False,2025-07-30,1612,2290,Minnesota United FC,Club Queretaro,4,1,2.0,0.0,,,,,,,,,David Gómez
Leagues Cup,772,World,Group Stage - 1,False,2025-07-30,2288,1608,Necaxa,Atlanta United FC,3,1,1.0,1.0,,,,,,,,,"Marco Antonio Ortiz Nava, Mexico"
Leagues Cup,772,World,Group Stage - 1,False,2025-07-30,1617,2314,Portland Timbers,Atletico San Luis,4,0,1.0,0.0,,,,,,,,,Ismael Alexander Cornejo Meléndez
Leagues Cup,772,World,Group Stage - 1,False,2025-07-30,2286,1598,U.N.A.M. - Pumas,Orlando City SC,1,1,0.0,1.0,,,,,,,,,Adonai Escobedo González
Liga Nacional,234,Honduras,Apertura - 1,True,2025-07-30,1053,1057,Juticalpa,Platense FC,1,0,0.0,0.0,,,,,,,,,Ángel David Cruz Hernández
Liga Pro Serie B,243,Ecuador,Regular Season - 20,False,2025-07-30,1159,16476,Guayaquil City FC,Cumbayá,1,0,1.0,0.0,,,,,,,,,Gorky Araujo Zambrano
Liga Pro Serie B,243,Ecuador,Regular Season - 20,False,2025-07-30,2238,1983,Ind. Juniors,Imbabura,2,1,0.0,1.0,,,,,,,,,Santiago Jahir Guamanzara Reyes
MLS Next Pro,909,USA,Regular Season - 27,False,2025-07-30,23063,3988,Carolina Core,Philadelphia Union II,3,2,2.0,2.0,,,,,,,,,Promise Adebayo-Ige
MLS Next Pro,909,USA,Regular Season - 27,False,2025-07-30,10281,3986,New England II,Atlanta United II,3,0,3.0,0.0,,,,,,,,,Andrew Porada
NNSW League 1,1090,Australia,Regular Season - 17,False,2025-07-30,23506,25461,Wallsend Red Devils,Dudley Redhead United,3,1,,,,,,,,,,,Desconocido
National League - Northern,956,New-Zealand,Northern League - 15,True,2025-07-30,2537,20650,Auckland City,Birkenhead United,2,1,0.0,0.0,,,,,,,,,Desconocido
Northern NSW NPL,481,Australia,Regular Season - 12,False,2025-07-30,18313,10205,Cooks Hill United,Hamilton Olympic,1,4,1.0,2.0,,,,,,,,,Desconocido
Northern NSW NPL,481,Australia,Regular Season - 12,False,2025-07-30,10210,10203,Weston Bears,Charlestown City Blues,2,1,0.0,1.0,,,,,,,,,Desconocido
Oberliga - Bayern Süd,939,Germany,Bayern Süd - 3,True,2025-07-30,9329,12724,Heimstetten,1860 München II,1,1,1.0,1.0,,,,,,,,,Desconocido
Premier League - Summer Series,1022,England,Regular Season - 2,False,2025-07-30,33,35,Manchester United,Bournemouth,4,1,2.0,0.0,,,,,,,,,Lewis Smith
Premier League - Summer Series,1022,England,Regular Season - 2,False,2025-07-30,48,45,West Ham,Everton,2,1,1.0,1.0,,,,,,,,,Rosendo Mendoza
Primera División,281,Peru,Clausura - 3,True,2025-07-30,2542,2544,Ayacucho FC,Sport Boys,0,0,0.0,0.0,,,,,,,,,"Joel Alarcon, Peru"
Primera División,281,Peru,Clausura - 3,True,2025-07-30,2546,2555,Sporting Cristal,Sport Huancayo,5,0,2.0,0.0,,,,,,,,,"Roberto Perez Gutierrez, Peru"
Primera Nacional,129,Argentina,Regular Season - 20,False,2025-07-30,1067,1932,Defensores De Belgrano,San Telmo,1,2,0.0,1.0,,,,,,,,,Juan Pablo Loustau
Primera Nacional,129,Argentina,Regular Season - 20,False,2025-07-30,1929,480,Deportivo Madryn,Quilmes,3,1,2.0,0.0,,,,,,,,,Fabricio Llobet
Queensland NPL,482,Australia,Regular Season - 7,False,2025-07-30,22916,10223,Moreton City Excelsior,SC Wanderers,3,0,2.0,0.0,,,,,,,,,Desconocido
Regionalliga - West,223,Austria,West - 1,True,2025-07-30,8361,8256,Lustenau,Rheindorf Altach II,0,1,0.0,1.0,,,,,,,,,Matthias Gächter
Reserve League,906,Argentina,2nd Phase - 3,True,2025-07-30,18676,18691,Aldosivi Res.,Newell's Old Boys Res.,0,1,0.0,1.0,,,,,,,,,Desconocido
Reserve League,906,Argentina,2nd Phase - 3,True,2025-07-30,18688,18681,Huracán Res.,Boca Juniors Res.,2,0,1.0,0.0,,,,,,,,,Desconocido
Reserve League,906,Argentina,2nd Phase - 3,True,2025-07-30,18694,18685,Racing Club Res.,Estudiantes La Plata Res,4,3,1.0,1.0,,,,,,,,,Desconocido
Reserve League,906,Argentina,2nd Phase - 3,True,2025-07-30,18696,25592,Rosario Central Res.,San Martín San Juan Res.,0,4,0.0,2.0,,,,,,,,,Desconocido
Reserve League,906,Argentina,2nd Phase - 3,True,2025-07-30,18701,18700,Unión Santa Fe Res.,Tigre Res.,3,2,3.0,1.0,,,,,,,,,Desconocido
Reserve League,906,Argentina,2nd Phase - 3,True,2025-07-30,18702,20818,Vélez Sársfield Res.,Instituto Res.,0,0,0.0,0.0,,,,,,,,,Desconocido
Second League - Group 4,653,Russia,Group 4 - 15,False,2025-07-30,25867,12887,KDV,Ural II,0,3,0.0,1.0,,,,,,,,,Desconocido
Super League,391,Malawi,Regular Season - 8,False,2025-07-30,4597,18747,Silver Strikers,Dedza Dynamos,2,1,1.0,1.0,,,,,,,,,Desconocido
Svenska Cupen - Women,737,Sweden,2nd Round,True,2025-07-30,16013,21692,Gefle W,Brage W,2,1,1.0,0.0,,,,,,,,,Alek Melake Tsegai
Toto Cup Ligat Al,385,Israel,Group Stage - 3,False,2025-07-30,2253,4481,Hapoel Haifa,Bnei Sakhnin,1,0,0.0,0.0,,,,,,,,,G. Levi
Toto Cup Ligat Al,385,Israel,Group Stage - 3,False,2025-07-30,4510,6186,Ironi Kiryat Shmona,Maccabi Bnei Raina,1,2,1.0,0.0,,,,,,,,,A. Klein
UEFA Champions League,2,World,2nd Qualifying Round,True,2025-07-30,276,347,Breidablik,Lech Poznan,0,1,0.0,1.0,,,,,,,,,A. Ladeback
UEFA Champions League,2,World,2nd Qualifying Round,True,2025-07-30,559,609,FCSB,Shkendija,1,2,1.0,1.0,,,,,,,,,O. Derevinskyi
UEFA Champions League,2,World,2nd Qualifying Round,True,2025-07-30,651,3684,Ferencvarosi TC,FC Noah,4,3,2.0,2.0,,,,,,,,,R. Jones
UEFA Champions League,2,World,2nd Qualifying Round,True,2025-07-30,566,561,Ludogorets,HNK Rijeka,3,1,1.0,0.0,,,,,,,,,J. Beaton
UEFA Champions League,2,World,2nd Qualifying Round,True,2025-07-30,604,3403,Maccabi Tel Aviv,Pafos,0,1,0.0,1.0,,,,,,,,,R. M. Petrescu
UEFA Champions League,2,World,2nd Qualifying Round,True,2025-07-30,375,4160,Malmo FF,Rīgas FS,1,0,1.0,0.0,,,,,,,,,J. Kooij
UEFA Champions League,2,World,2nd Qualifying Round,True,2025-07-30,617,257,Panathinaikos,Rangers,1,1,0.0,0.0,,,,,,,,,S. Sozza
UEFA Champions League,2,World,2nd Qualifying Round,True,2025-07-30,556,3854,Qarabag,Shelbourne,1,0,1.0,0.0,,,,,,,,,A. Colombo
UEFA Champions League,2,World,2nd Qualifying Round,True,2025-07-30,571,319,Red Bull Salzburg,Brann,1,1,1.0,1.0,,,,,,,,,R. Obrenovic
UEFA Champions League,2,World,2nd Qualifying Round,True,2025-07-30,2184,567,Servette FC,Plzen,1,3,1.0,2.0,,,,,,,,,A. Ruiz
UEFA Champions League Women,525,World,1st Qualifying Round - Semi-Finals,True,2025-07-30,10879,26163,Anenii Noi W,Swieqi Utd W,0,5,0.0,0.0,,,,,,,,,Eglantina Pjetrushaj
UEFA Champions League Women,525,World,1st Qualifying Round - Semi-Finals,True,2025-07-30,15412,21484,Cardiff City W,Athlone WFC W,0,4,0.0,3.0,,,,,,,,,Karoline Marie Jensen
UEFA Champions League Women,525,World,1st Qualifying Round - Semi-Finals,True,2025-07-30,10889,26162,Flora W,Riga W,1,4,1.0,3.0,,,,,,,,,Joanna Vassallo
UEFA Champions League Women,525,World,1st Qualifying Round - Semi-Finals,True,2025-07-30,21582,24207,Fomget Gençlik W,Neftçi Bakı,2,0,1.0,0.0,,,,,,,,,Hanna Laajanen
UEFA Champions League Women,525,World,1st Qualifying Round - Semi-Finals,True,2025-07-30,19836,26161,Ljuboten W,NSÍ W,4,1,3.0,1.0,,,,,,,,,Charlotte Carpenter
UEFA Champions League Women,525,World,1st Qualifying Round - Semi-Finals,True,2025-07-30,10896,21486,Mitrovica W,Cliftonville W,1,3,1.0,0.0,,,,,,,,,Melek Dakan
UEFA Champions League Women,525,World,1st Qualifying Round - Semi-Finals,True,2025-07-30,10897,24208,NSA Sofia W,Pyunik W,0,1,0.0,0.0,,,,,,,,,Satu Miettunen
UEFA Champions League Women,525,World,1st Qualifying Round - Semi-Finals,True,2025-07-30,15536,26158,Racing W,AEK Athens W,5,3,0.0,0.0,,,,,,,,,Mzevinari Sharashanidze
UEFA Champions League Women,525,World,1st Qualifying Round - Semi-Finals,True,2025-07-30,15982,26160,Spartak Myjava W,Budućnost W,3,0,1.0,0.0,,,,,,,,,Ugnė Šmitaitė
USL Championship,255,USA,Regular Season - 21,False,2025-07-30,3995,4003,Hartford Athletic,New Mexico United,4,0,3.0,0.0,,,,,,,,,Elton Garcia
USL Championship,255,USA,Regular Season - 21,False,2025-07-30,4007,4009,Orange County SC,Phoenix Rising,4,1,1.0,0.0,,,,,,,,,Brandon Stevis
USL League One,489,USA,Regular Season - 12,False,2025-07-30,18905,3991,One Knoxville,Charlotte Independence,2,2,1.0,1.0,,,,,,,,,Amin Hadzic
1. Deild,165,Iceland,Regular Season - 15,False,2025-07-29,2114,269,Leiknir R.,Keflavik,0,2,0.0,1.0,,,,,,,,,Gunnar Freyr Róbertsson
1. Deild,165,Iceland,Regular Season - 15,False,2025-07-29,2123,2113,Njardvik,HK Kopavogur,3,0,1.0,0.0,,,,,,,,,Sveinn Arnarsson
1. Deild,165,Iceland,Regular Season - 15,False,2025-07-29,2116,277,Thor Akureyri,Grindavik,2,0,0.0,0.0,,,,,,,,,Twana Khalid Ahmed
1. Deild,165,Iceland,Regular Season - 15,False,2025-07-29,829,267,Throttur Reykjavik,Fylkir,2,1,1.0,0.0,,,,,,,,,Hreinn Magnusson
ASEAN Championship U23,908,World,Final,True,2025-07-29,10964,10936,Vietnam U23,Indonesia U23,1,0,1.0,0.0,,,,,,,,,Koji Takasaki
Australia Cup,874,Australia,Round of 32,True,2025-07-29,10215,24608,Gold Coast Knights,Auckland,0,4,0.0,3.0,,,,,,,,,Lara Christie Lee
Australia Cup,874,Australia,Round of 32,True,2025-07-29,20890,944,Olympic Kingsway,Melbourne Victory,4,3,1.0,2.0,,,,,,,,,Sam Kelly
Australia Cup,874,Australia,Round of 32,True,2025-07-29,16777,15550,SD Raiders,Macarthur,0,5,0.0,2.0,,,,,,,,,Jake Rose
Australia Cup,874,Australia,Round of 32,True,2025-07-29,7573,943,Western United,Sydney,0,1,0.0,0.0,,,,,,,,,Jack Morgan
Brasileiro U17,1128,Brazil,1st Phase - 12,True,2025-07-29,24475,24473,Corinthians U17,Botafogo U17,4,2,3.0,1.0,,,,,,,,,Desconocido
Brasileiro U17,1128,Brazil,1st Phase - 12,True,2025-07-29,24479,24469,Fluminense U17,Athletico PR U17,3,2,2.0,1.0,,,,,,,,,Desconocido
Brasileiro U17,1128,Brazil,1st Phase - 12,True,2025-07-29,24482,24472,Gremio U17,Bahia U17,3,0,2.0,0.0,,,,,,,,,Desconocido
Brasileiro U17,1128,Brazil,1st Phase - 12,True,2025-07-29,24484,24476,Palmeiras U17,Cruzeiro U17,3,2,2.0,1.0,,,,,,,,,Desconocido
Brasileiro U17,1128,Brazil,1st Phase - 12,True,2025-07-29,24487,24485,Sao Paulo U17,RB Bragantino U17,2,4,1.0,3.0,,,,,,,,,Desconocido
CONCACAF Caribbean Club Shield,534,World,Group Stage - 2,False,2025-07-29,3436,12560,Arnett Gardens,Ath­let­ic Club,1,4,0.0,1.0,,,,,,,,,Desconocido
CONCACAF Caribbean Club Shield,534,World,Group Stage - 2,False,2025-07-29,3258,10973,Club Franciscain,Scholars International,1,0,0.0,0.0,,,,,,,,,Desconocido
CONCACAF Caribbean Club Shield,534,World,Group Stage - 2,False,2025-07-29,24052,26421,Dublanc,Doc's United FC,2,1,0.0,0.0,,,,,,,,,Desconocido
CONCACAF Caribbean Club Shield,534,World,Group Stage - 2,False,2025-07-29,12559,9422,Police,Eagles,6,1,2.0,0.0,,,,,,,,,Desconocido
CONCACAF Caribbean Club Shield,534,World,Group Stage - 2,False,2025-07-29,12219,22791,Transvaal,All Saints United,0,0,0.0,0.0,,,,,,,,,Desconocido
CONCACAF Caribbean Club Shield,534,World,Group Stage - 2,False,2025-07-29,8410,26424,Weymouth Wales,Wolues FC,8,0,3.0,0.0,,,,,,,,,Desconocido
CONCACAF Central American Cup,1028,World,Group Stage - 1,False,2025-07-29,816,820,Deportivo Saprissa,CS Cartagines,2,0,1.0,0.0,,,,,,,,,Desconocido
CONCACAF Central American Cup,1028,World,Group Stage - 1,False,2025-07-29,4644,3656,Managua,Antigua GFC,1,4,0.0,1.0,,,,,,,,,Desconocido
CONCACAF Central American Cup,1028,World,Group Stage - 1,False,2025-07-29,5475,1055,Verdes,CD Motagua,1,4,0.0,2.0,,,,,,,,,Desconocido
Calcutta Premier Division,1020,India,Regular Season - 4,False,2025-07-29,21597,3463,BSS Sporting,East Bengal,0,6,0.0,3.0,,,,,,,,,Desconocido
Canadian Premier League,479,Canada,Regular Season - 17,False,2025-07-29,3831,2619,Valour,Cavalry FC,2,1,1.0,0.0,,,,,,,,,Amir Saman Soltani
Copa America Femenina,926,World,Semi-finals,True,2025-07-29,1726,16944,Brazil W,Uruguay W,5,1,3.0,0.0,,,,,,,,,Zulma Quiñónez
Copa Colombia,241,Colombia,Play-offs,True,2025-07-29,1138,1145,America de Cali,Tigres FC,5,0,2.0,0.0,,,,,,,,,Sebastián Toro Gómez
Copa Colombia,241,Colombia,Play-offs,True,2025-07-29,1137,1470,Atletico Nacional,Cucuta,1,0,1.0,0.0,,,,,,,,,Edwin Ferney Trujillo Castro
Copa Colombia,241,Colombia,Play-offs,True,2025-07-29,1142,22099,Deportes Tolima,Real Cundinamarca,1,2,0.0,1.0,,,,,,,,,Yahir Alexis Cárdenas Peralta
Copa Colombia,241,Colombia,Play-offs,True,2025-07-29,1135,1130,Junior,Huila,2,2,1.0,1.0,,,,,,,,,Esnaider Pontón Cano
Copa Colombia,241,Colombia,Play-offs,True,2025-07-29,1139,23326,Santa Fe,Internacional Palmira,2,0,2.0,0.0,,,,,,,,,Héctor Alexander Rivera González
Copa Do Brasil,73,Brazil,Round of 16,True,2025-07-29,120,794,Botafogo,RB Bragantino,2,0,2.0,0.0,,,,,,,,,Desconocido
Copa Espírito Santo,1097,Brazil,Semi-finals,True,2025-07-29,20717,7856,Porto Vitória,Desportiva ES,2,1,2.0,1.0,,,,,,,,,Desconocido
Copa Paulista,742,Brazil,1st Round - 7,True,2025-07-29,1201,22946,Inter De Limeira,Francana,1,1,1.0,1.0,,,,,,,,,Leonardo Delfino de Abreu Lima
Copa Venezuela,1113,Venezuela,Round of 16,True,2025-07-29,2808,2825,Caracas FC,Metropolitanos FC,2,0,0.0,0.0,,,,,,,,,Yeferzon Miranda Martínez
Copa Venezuela,1113,Venezuela,Round of 16,True,2025-07-29,2858,2810,Dinamo de Puerto La Cruz,Carabobo FC,0,1,0.0,1.0,,,,,,,,,Gabriel Velásquez Coraspe
Copa Venezuela,1113,Venezuela,Round of 16,True,2025-07-29,2818,2814,Estudiantes de Merida FC,Portuguesa FC,2,2,1.0,0.0,,,,,,,,,Alexis Herrera
Copa Venezuela,1113,Venezuela,Round of 16,True,2025-07-29,21208,18806,Marítimo,Anzoátegui FC,0,0,0.0,0.0,,,,,,,,,Jesús Valenzuela Sáez
Copa Venezuela,1113,Venezuela,Round of 16,True,2025-07-29,2811,2827,Monagas SC,Puerto Cabello,2,0,0.0,0.0,,,,,,,,,Reyes Soto Aular
Copa Venezuela,1113,Venezuela,Round of 16,True,2025-07-29,16847,2807,Rayo Zuliano,Deportivo Tachira FC,0,2,0.0,0.0,,,,,,,,,Miguel Rosales Yeneres
Copa Venezuela,1113,Venezuela,Round of 16,True,2025-07-29,2847,2813,Real Frontera,Deportivo La Guaira,0,1,0.0,0.0,,,,,,,,,Rafael Torres Orozco
Cup,237,Russia,Group Stage - 1,False,2025-07-29,6786,2006,Akron,Baltika,2,1,1.0,1.0,,,,,,,,,Maksim Perezva
Cup,347,Czech-Republic,2nd Preliminary Round,True,2025-07-29,16875,7311,Bílovec,Kozlovice,1,3,1.0,2.0,,,,,,,,,Desconocido
Cup,237,Russia,Group Stage - 1,False,2025-07-29,1088,2012,Dynamo,FC Sochi,3,2,1.0,2.0,,,,,,,,,Ivan Saraev
Cup,237,Russia,Group Stage - 1,False,2025-07-29,621,1079,FC Krasnodar,Krylia Sovetov,1,2,1.0,2.0,,,,,,,,,Sergey Tsyganok
Cup,657,Estonia,Round of 64,True,2025-07-29,14287,23685,FC Tallinn,Zealot Sporting,7,1,2.0,1.0,,,,,,,,,Mark-Julius Pikat
Cup,680,Slovakia,1st Round,True,2025-07-29,14992,14055,Kolárovo,Imeľ,2,3,1.0,2.0,,,,,,,,,Desconocido
Cup,347,Czech-Republic,2nd Preliminary Round,True,2025-07-29,26241,19689,Ráječko,Kuřim,2,2,1.0,0.0,,,,,,,,,Desconocido
Cupa României,285,Romania,1st Round,True,2025-07-29,7473,6909,Gheorgheni,Târgu Secuiesc,3,2,1.0,1.0,,,,,,,,,Desconocido
DBU Pokalen,121,Denmark,1st Round,True,2025-07-29,2072,2063,Hvidovre,HB Koge,4,3,1.0,0.0,,,,,,,,,Mathias Lykke
Division Profesional - Clausura,252,Paraguay,Clausura - 5,True,2025-07-29,1181,1187,General Caballero,Sportivo Trinidense,0,0,0.0,0.0,,,,,,,,,"David Ojeda, Paraguay"
Division Profesional - Clausura,252,Paraguay,Clausura - 5,True,2025-07-29,1183,1175,Sportivo Luqueno,Nacional Asuncion,2,1,0.0,0.0,,,,,,,,,"Giancarlos Juliadoza, Paraguay"
Football League - Lowland League,731,Scotland,Lowland League - 2,True,2025-07-29,6731,7433,Broxburn Athletic,Caledonian Braves,0,2,0.0,0.0,,,,,,,,,George Calder
Football League - Lowland League,731,Scotland,Lowland League - 2,True,2025-07-29,7434,16845,Civil Service Strollers,Celtic II,3,3,0.0,0.0,,,,,,,,,Lewis Hogarth
Football League - Lowland League,731,Scotland,Lowland League - 2,True,2025-07-29,4667,15597,Cowdenbeath,Bo'ness United,1,0,1.0,0.0,,,,,,,,,Stewart Luke
Football League - Lowland League,731,Scotland,Lowland League - 2,True,2025-07-29,7436,17025,Cumbernauld Colts,Clydebank,1,2,1.0,1.0,,,,,,,,,Jordan Curran
Football League - Lowland League,731,Scotland,Lowland League - 2,True,2025-07-29,7439,6756,East Stirlingshire,Albion Rovers,1,2,1.0,0.0,,,,,,,,,Colin Whyte
Football League - Lowland League,731,Scotland,Lowland League - 2,True,2025-07-29,15602,6759,Tranent Juniors,Berwick Rangers,0,0,0.0,0.0,,,,,,,,,Daniel Graves
Friendlies Clubs,667,World,Club Friendlies 3,True,2025-07-29,4700,1351,Altrincham,Port Vale,1,1,1.0,0.0,,,,,,,,,Desconocido
Friendlies Clubs,667,World,Club Friendlies 3,True,2025-07-29,1831,1361,Braintree,Colchester,1,1,1.0,1.0,,,,,,,,,Desconocido
Friendlies Clubs,667,World,Club Friendlies 3,True,2025-07-29,7705,1834,Bromsgrove Sporting,Solihull Moors,4,1,4.0,0.0,,,,,,,,,Desconocido
Friendlies Clubs,667,World,Club Friendlies 3,True,2025-07-29,1843,1355,Havant & Wville,Portsmouth,0,0,0.0,0.0,,,,,,,,,Desconocido
Friendlies Clubs,667,World,Club Friendlies 3,True,2025-07-29,4000,169,Louisville City,Eintracht Frankfurt,2,5,0.0,1.0,,,,,,,,,Malik Badawi
Friendlies Clubs,667,World,Club Friendlies 3,True,2025-07-29,7731,1374,Matlock Town,Mansfield Town,1,1,1.0,1.0,,,,,,,,,Desconocido
Friendlies Clubs,667,World,Club Friendlies 3,True,2025-07-29,7668,1818,Sholing,Aldershot Town,3,1,1.0,1.0,,,,,,,,,Desconocido
Friendlies Clubs,667,World,Club Friendlies 3,True,2025-07-29,1835,58,Sutton Utd,Millwall,2,6,1.0,3.0,,,,,,,,,Desconocido
Friendlies Clubs,667,World,Club Friendlies 3,True,2025-07-29,7759,1830,Wingate & Finchley,Boreham Wood,0,2,0.0,0.0,,,,,,,,,Desconocido
Kakkonen - Lohko C,249,Finland,Group C - 15,False,2025-07-29,18609,9199,SJK-juniorit,VIFK,6,0,2.0,0.0,,,,,,,,,Kasper Halonen
Kansallinen Liiga,640,Finland,Regular Season - 12,False,2025-07-29,25564,13993,VIFK W,PK-35 Helsinki W,2,2,1.0,2.0,,,,,,,,,Mikko Juusola
League Cup,48,England,Preliminary Round,True,2025-07-29,1369,1367,Barnet,Newport County,2,2,0.0,2.0,,,,,,,,,"Darren Drysdale, England"
Leagues Cup,772,World,Group Stage - 1,False,2025-07-29,1614,2289,CF Montreal,Leon,1,1,0.0,1.0,,,,,,,,,"Pierre-Luc Lauziere, USA"
Leagues Cup,772,World,Group Stage - 1,False,2025-07-29,2292,25484,CF Pachuca,San Diego,3,2,2.0,0.0,,,,,,,,,"Ekaterina Koroleva, USA"
Leagues Cup,772,World,Group Stage - 1,False,2025-07-29,1616,14002,Los Angeles FC,Mazatlán,1,1,1.0,1.0,,,,,,,,,"Fernando Hernandez, Mexico"
Leagues Cup,772,World,Group Stage - 1,False,2025-07-29,1604,2291,New York City FC,Puebla,0,3,0.0,2.0,,,,,,,,,"Iván Barton, El Salvador"
Leagues Cup,772,World,Group Stage - 1,False,2025-07-29,2279,1600,Tigres UANL,Houston Dynamo,4,1,1.0,0.0,,,,,,,,,"Walter Lopez, Guatemala"
Leagues Cup,772,World,Group Stage - 1,False,2025-07-29,2281,1613,Toluca,Columbus Crew,2,2,0.0,1.0,,,,,,,,,"Oshane Nation, Jamaica"
Liga Pro Serie B,243,Ecuador,Regular Season - 20,False,2025-07-29,25736,19034,22 de Julio,Leones del Norte,1,0,0.0,0.0,,,,,,,,,Alexander Fabricio Barrigas Izurieta
Liga Pro Serie B,243,Ecuador,Regular Season - 20,False,2025-07-29,23310,19042,San Antonio,Vargas Torres,1,0,1.0,0.0,,,,,,,,,Patricia Michelle Robles Romero
Premier League,584,Libya,Final Round - 2,True,2025-07-29,12423,8097,Al Ahli Benghazi,Al Hilal,1,2,0.0,2.0,,,,,,,,,Desconocido
Premier League,584,Libya,Final Round - 2,True,2025-07-29,12427,12424,Al-Akhdar,Al Ahli Tripoli,0,0,0.0,0.0,,,,,,,,,Desconocido
Premier League,584,Libya,Final Round - 2,True,2025-07-29,8053,12436,Al-Ittihad,Asswehly,3,2,2.0,1.0,,,,,,,,,Desconocido
Primera División,344,Bolivia,Apertura - 10,True,2025-07-29,17743,15702,ABB,Independiente Petrolero,1,2,0.0,2.0,,,,,,,,,Ivo Nigel Méndez Chávez
Primera División,344,Bolivia,Apertura - 6,True,2025-07-29,3706,3707,Nacional Potosí,Oriente Petrolero,4,1,2.0,0.0,,,,,,,,,Gery Anthony Vargas Carreño
Queensland Premier League,833,Australia,Regular Season - 10,False,2025-07-29,11178,20850,Holland Park Hawks,Broadbeach United,1,3,0.0,1.0,,,,,,,,,Desconocido
Queensland Premier League,833,Australia,Regular Season - 7,False,2025-07-29,25449,11182,Magic United,Rochedale Rovers,2,1,1.0,1.0,,,,,,,,,Desconocido
Reserve League,906,Argentina,2nd Phase - 3,True,2025-07-29,18679,18680,Banfield Res.,Barracas Central Res.,0,1,0.0,0.0,,,,,,,,,Desconocido
Reserve League,906,Argentina,2nd Phase - 3,True,2025-07-29,26250,18693,Ferro 2,Platense Res.,3,1,2.0,0.0,,,,,,,,,Desconocido
Reserve League,906,Argentina,2nd Phase - 3,True,2025-07-29,18686,18689,Gimnasia La Plata Res.,Independiente Res.,1,0,0.0,0.0,,,,,,,,,Desconocido
Reserve League,906,Argentina,2nd Phase - 3,True,2025-07-29,18695,18697,River Plate Res.,San Lorenzo Res.,2,2,2.0,0.0,,,,,,,,,Desconocido
Reserve League,906,Argentina,2nd Phase - 3,True,2025-07-29,18698,18690,Sarmiento Res.,Lanús Res.,1,0,0.0,0.0,,,,,,,,,Desconocido
Reserve League,906,Argentina,2nd Phase - 3,True,2025-07-29,18699,18687,Talleres Córdoba Res.,Godoy Cruz Res.,1,0,1.0,0.0,,,,,,,,,Desconocido
Second League,173,Bulgaria,Regular Season - 1,False,2025-07-29,6392,8540,FK Minyor Pernik,Belasitsa,1,1,0.0,1.0,,,,,,,,,Ivaylo Nenkov
Serie A,71,Brazil,Regular Season - 14,False,2025-07-29,130,154,Gremio,Fortaleza EC,2,1,2.0,1.0,,,,,,,,,"Alex Gomes Stefano, Brazil"
Serie B,72,Brazil,Regular Season - 19,False,2025-07-29,140,1193,Criciuma,Cuiaba,1,0,1.0,0.0,,,,,,,,,"Lucas Guimarães Rechatiko Horn, Brazil"
Serie B,72,Brazil,Regular Season - 19,False,2025-07-29,151,1198,Goias,Remo,1,1,0.0,1.0,,,,,,,,,"Felipe Fernandes de Lima, Brazil"
Toppserien,725,Norway,Regular Season - 9,False,2025-07-29,15952,18379,Kolbotn W,Røa W,2,0,0.0,0.0,,,,,,,,,Andreas Flückiger
Toto Cup Ligat Al,385,Israel,Group Stage - 3,False,2025-07-29,4488,4505,Hapoel Petah Tikva,Maccabi Netanya,2,3,1.0,0.0,,,,,,,,,A. Shiloach
Toto Cup Ligat Al,385,Israel,Group Stage - 3,False,2025-07-29,4501,4486,Hapoel Tel Aviv,Hapoel Katamon,3,0,3.0,0.0,,,,,,,,,I. Frid
UEFA Champions League,2,World,2nd Qualifying Round,True,2025-07-29,14281,400,Drita,FC Copenhagen,0,1,0.0,1.0,,,,,,,,,M. Nogueira
UEFA Champions League,2,World,2nd Qualifying Round,True,2025-07-29,572,4626,Dynamo Kyiv,Hamrun Spartans,3,0,2.0,0.0,,,,,,,,,J. Sundberg
UEFA Champions League,2,World,2nd Qualifying Round,True,2025-07-29,598,667,FK Crvena Zvezda,Lincoln Red Imps FC,5,1,4.0,0.0,,,,,,,,,A. Nobre
UEFA Champions League,2,World,2nd Qualifying Round,True,2025-07-29,664,1165,Kairat Almaty,KuPS,3,0,3.0,0.0,,,,,,,,,R. Gidzhenov
UEFA Champions League,2,World,2nd Qualifying Round,True,2025-07-29,588,656,Zrinjski,Slovan Bratislava,2,2,0.0,0.0,,,,,,,,,A. Kardesler
UEFA Europa Conference League,848,World,2nd Qualifying Round,True,2025-07-29,684,354,FC Differdange 03,The New Saints,1,0,0.0,0.0,,,,,,,,,"Sigurd Smehus Kringstad, Norway"
UEFA Europa Conference League,848,World,2nd Qualifying Round,True,2025-07-29,3502,2273,FC Iberia 1999,FC Levadia Tallinn,2,2,1.0,0.0,,,,,,,,,"Kamal Umudlu, Azerbaijan"
UEFA Europa Conference League,848,World,2nd Qualifying Round,True,2025-07-29,3342,677,Inter Club d'Escaldes,Olimpija Ljubljana,1,1,0.0,1.0,,,,,,,,,"Lukasz Kuzma, Poland"
USL Championship,255,USA,Regular Season - 21,False,2025-07-29,4010,9030,Pittsburgh Riverhounds,Miami FC,1,1,0.0,0.0,,,,,,,,,John C. Griggs
Ykkönen,245,Finland,Regular Season - 16,False,2025-07-29,9175,9203,MP,PKKU,3,1,0.0,1.0,,,,,,,,,Henrik Sandmark
1. Division,117,Belarus,Regular Season - 17,False,2025-07-28,384,23272,FC Dnepr Mogilev,BATE II,1,1,0.0,1.0,,,,,,,,,Evgeni Yasenovich
1. SNL,373,Slovenia,Regular Season - 2,False,2025-07-28,4374,14007,Koper,Primorje,2,0,1.0,0.0,,,,,,,,,D. Novarlic
3. Division - Girone 4,777,Norway,Group 4 - 13,False,2025-07-28,12825,21418,Os,Sandefjord II,6,3,0.0,1.0,,,,,,,,,Desconocido
3. Division - Girone 5,778,Norway,Group 5 - 13,False,2025-07-28,18439,7009,Haugesund II,Madla,1,4,0.0,1.0,,,,,,,,,Desconocido
3. Division - Girone 5,778,Norway,Group 5 - 13,False,2025-07-28,6997,7046,Hinna,Vidar,0,4,0.0,1.0,,,,,,,,,Desconocido
3. Division - Girone 6,779,Norway,Group 6 - 13,False,2025-07-28,16212,7005,Fredrikstad II,Lokomotiv Oslo,3,1,1.0,1.0,,,,,,,,,Desconocido
3. Division - Girone 6,779,Norway,Group 6 - 13,False,2025-07-28,16215,25501,Sarpsborg 08 II,Pors Grenland II,2,1,0.0,1.0,,,,,,,,,Desconocido
A Lyga,362,Lithuania,Regular Season - 22,False,2025-07-28,3861,638,Hegelmann Litauen,FK Trakai,3,0,1.0,0.0,,,,,,,,,Robertas Valikonis
A Lyga,362,Lithuania,Regular Season - 25,False,2025-07-28,3870,3859,Šiauliai,Dainava,3,1,1.0,1.0,,,,,,,,,Robertas Šmitas
ASEAN Championship U23,908,World,3rd Place Final,True,2025-07-28,10953,10960,Philippines U23,Thailand U23,1,3,0.0,1.0,,,,,,,,,Naufal Adya Fairuski
Alagoano U20,1110,Brazil,2nd Phase - 4,True,2025-07-28,18330,23695,Desportiva Aliança U20,Guarani Paripueira U20,0,1,0.0,1.0,,,,,,,,,Desconocido
Allsvenskan,113,Sweden,Regular Season - 17,False,2025-07-28,372,366,IF Elfsborg,IFK Goteborg,4,3,1.0,3.0,,,,,,,,,"Glenn Nyberg, Sweden"
CONCACAF Caribbean Club Shield,534,World,Group Stage - 2,False,2025-07-28,26419,26422,AS Capoise,La Clery FL,0,3,,,,,,,,,,,Desconocido
CONCACAF Caribbean Club Shield,534,World,Group Stage - 2,False,2025-07-28,26420,10971,Academia Quintana,Real Rincon,3,0,1.0,0.0,,,,,,,,,Desconocido
CONCACAF Caribbean Club Shield,534,World,Group Stage - 2,False,2025-07-28,26227,26423,Academy Eagles,Rovers SC,5,0,2.0,0.0,,,,,,,,,Desconocido
CONCACAF Caribbean Club Shield,534,World,Group Stage - 2,False,2025-07-28,8234,16592,Britannia,St. Pauls United,2,0,0.0,0.0,,,,,,,,,Desconocido
CONCACAF Caribbean Club Shield,534,World,Group Stage - 2,False,2025-07-28,3048,23373,Etoile Matoury,Paradise,2,4,2.0,0.0,,,,,,,,,Desconocido
CONCACAF Caribbean Club Shield,534,World,Group Stage - 2,False,2025-07-28,16617,24053,Moca,Guyana Defence Force,1,0,1.0,0.0,,,,,,,,,Desconocido
COTIF Tournament,940,World,Semi-finals,True,2025-07-28,10284,19922,Argentina U20,Alboraya U20,3,0,1.0,0.0,,,,,,,,,Desconocido
COTIF Tournament,940,World,Semi-finals,True,2025-07-28,11038,19926,Mauritania U20,Valencia U20,2,3,0.0,1.0,,,,,,,,,Desconocido
Calcutta Premier Division,1020,India,Regular Season - 7,False,2025-07-28,21614,24102,Police,Measurers,2,1,2.0,0.0,,,,,,,,,Desconocido
Carioca C,1106,Brazil,1st Phase - 11,True,2025-07-28,25961,25964,Barcelona RJ,Juventus RJ,0,3,,,,,,,,,,,Desconocido
Carioca C,1106,Brazil,1st Phase - 11,True,2025-07-28,25962,23642,Búzios,Uniao Central,1,7,0.0,3.0,,,,,,,,,Desconocido
Copa America Femenina,926,World,Semi-finals,True,2025-07-28,1782,1737,Argentina W,Colombia W,0,0,0.0,0.0,,,,,,,,,Ivana Projkovska
Copa America Femenina,926,World,5th Place Final,True,2025-07-28,1977,16941,Chile W,Paraguay W,0,1,0.0,0.0,,,,,,,,,Emikar Caldera Barrera
Copa Paulista,742,Brazil,1st Round - 7,True,2025-07-28,16059,10039,Guarani B,Primavera SP,0,3,0.0,1.0,,,,,,,,,Marianna Nanni Batalha
Copa Paulista,742,Brazil,1st Round - 7,True,2025-07-28,143,10023,Oeste,Portuguesa Santista,3,1,1.0,0.0,,,,,,,,,Rodrigo Gomes Paes Domingues
Division Intermedia,251,Paraguay,Regular Season - 19,False,2025-07-28,2125,1186,Club Sp. San Lorenzo,Independiente F.b.c.,3,1,1.0,1.0,,,,,,,,,Aldo Javier Quiñonez Sanchez
Division Intermedia,251,Paraguay,Regular Season - 19,False,2025-07-28,20786,1177,Sportivo Carapeguá,SOL DE America,1,5,1.0,1.0,,,,,,,,,Gedidias Ezequiel Zacarías González
Ekstraklasa,106,Poland,Regular Season - 2,False,2025-07-28,3484,345,GKS Katowice,Zaglebie Lubin,2,2,0.0,2.0,,,,,,,,,M. Szczerbowicz
Esiliiga A,328,Estonia,Regular Season - 21,False,2025-07-28,3524,10059,Tartu Welco,Nõmme United,1,3,0.0,2.0,,,,,,,,,Kristo Külljastinen
Esiliiga A,328,Estonia,Regular Season - 21,False,2025-07-28,14340,3522,Viimsi,Tallinna Kalev II,1,0,0.0,0.0,,,,,,,,,Kristo Tohver
First League,172,Bulgaria,Regular Season - 2,False,2025-07-28,1427,854,Dobrudzha,Slavia Sofia,2,1,1.0,1.0,,,,,,,,,V. Minev
First League,172,Bulgaria,Regular Season - 2,False,2025-07-28,1424,858,Montana,Lokomotiv Plovdiv,1,1,1.0,1.0,,,,,,,,,M. Velikov
First League,236,Russia,Regular Season - 2,False,2025-07-28,1084,6791,Ural,Chernomorets,3,2,2.0,1.0,,,,,,,,,A. Mashlyakevich
Friendlies Women,666,World,Friendlies,True,2025-07-28,27201,26281,Thailand U20 W,Hong Kong U20 W,4,0,1.0,0.0,,,,,,,,,Desconocido
I Liga,107,Poland,Regular Season - 2,False,2025-07-28,3488,335,Odra Opole,Miedz Legnica,2,1,2.0,1.0,,,,,,,,,P. Malec
Liga I,283,Romania,Regular Season - 3,False,2025-07-28,2581,6916,FC Botosani,Unirea Slobozia,4,0,2.0,0.0,,,,,,,,,O. Robu
Liga I,283,Romania,Regular Season - 3,False,2025-07-28,632,2599,Universitatea Craiova,Universitatea Cluj,2,1,0.0,1.0,,,,,,,,,M. Birsan
Liga MX Femenil,673,Mexico,Apertura - 3,True,2025-07-28,14875,14874,Cruz Azul W,Atlético San Luis W,0,1,0.0,0.0,,,,,,,,,Desconocido
Liga MX Femenil,673,Mexico,Apertura - 3,True,2025-07-28,14878,14881,Mazatlán W,Pachuca W,0,9,0.0,3.0,,,,,,,,,Desconocido
Liga MX Femenil,673,Mexico,Apertura - 3,True,2025-07-28,14883,14884,Santos Laguna W,Tigres UANL W,0,2,0.0,0.0,,,,,,,,,Desconocido
Liga Panameña de Fútbol,304,Panama,Clausura - 2,True,2025-07-28,20788,2882,UMECIT,CD Arabe Unido,1,0,0.0,0.0,,,,,,,,,Jorge Negrón Marciales
Liga Profesional Argentina,128,Argentina,2nd Phase - 3,True,2025-07-28,449,2432,Banfield,Barracas Central,1,3,1.0,3.0,,,,,,,,,"Carlos Andres Gariano, Argentina"
Liga Profesional Argentina,128,Argentina,2nd Phase - 3,True,2025-07-28,1065,442,Central Cordoba de Santiago,Defensa Y Justicia,2,1,1.0,0.0,,,,,,,,,"Pablo Echavarria, Argentina"
Liga Profesional Argentina,128,Argentina,2nd Phase - 3,True,2025-07-28,476,455,Deportivo Riestra,Atletico Tucuman,1,0,0.0,0.0,,,,,,,,,"Andres Merlos, Argentina"
Meistaradeildin,367,Faroe-Islands,Regular Season - 17,False,2025-07-28,678,4192,B36 Torshavn,TB,0,2,0.0,0.0,,,,,,,,,Jóhan Hendrik Ellefsen
Mineiro U20,1107,Brazil,1st Phase - 10,True,2025-07-28,23646,23643,Contagem U20,Athletic Club MG U20,0,3,0.0,2.0,,,,,,,,,Desconocido
NB II,272,Hungary,Regular Season - 1,False,2025-07-28,610,576,Fehérvár FC,Budapest Honved,0,3,0.0,2.0,,,,,,,,,Bence Csonka
Premier League,1031,Bhutan,Regular Season,False,2025-07-28,9426,19005,Paro,RTC,2,1,0.0,1.0,,,,,,,,,Desconocido
Premier Soccer League,401,Zimbabwe,Regular Season - 23,False,2025-07-28,25735,5233,Scotland Mabvuku,Yadah,1,0,0.0,0.0,,,,,,,,,Desconocido
Primera A,239,Colombia,Clausura - 4,True,2025-07-28,1131,1127,Bucaramanga,Deportivo Cali,2,3,0.0,2.0,,,,,,,,,"Wilmar Roldan, Colombia"
Primera A,239,Colombia,Clausura - 4,True,2025-07-28,1125,1464,Millonarios,Llaneros,0,1,0.0,0.0,,,,,,,,,"Nolberto Ararat Mora, Colombia"
Primera B,266,Chile,Regular Season - 18,False,2025-07-28,2345,2336,San Marcos de Arica,Magallanes,2,2,0.0,1.0,,,,,,,,,Matías Humberto Assadi Quintana
Primera C,132,Argentina,Regular Season - 19,False,2025-07-28,8390,8389,Centro Español,Argentino Rosario,3,0,0.0,0.0,,,,,,,,,Desconocido
Primera C,132,Argentina,Regular Season - 19,False,2025-07-28,1931,1947,Sportivo Barracas,Canuelas,1,0,0.0,0.0,,,,,,,,,Desconocido
Primera División,265,Chile,Regular Season - 17,False,2025-07-28,2326,2323,Union La Calera,Universidad de Chile,0,4,0.0,3.0,,,,,,,,,"Franco Esteban Jimenez Lazo, Chile"
Primera Nacional,129,Argentina,Regular Season - 24,False,2025-07-28,1948,1957,Atlanta,Racing Cordoba,2,0,2.0,0.0,,,,,,,,,Juan Cruz Robledo
Second League A - Division A Gold,1025,Russia,Fall Season Gold - 2,True,2025-07-28,14139,21538,Dinamo Moskva II,Dinamo Kirov,2,2,1.0,2.0,,,,,,,,,Matvey Zaika
Serie B,72,Brazil,Regular Season - 19,False,2025-07-28,145,2618,Avai,Botafogo SP,5,0,4.0,0.0,,,,,,,,,"Paulo Belence Alves Dos Prazeres Filho, Brazil"
Serie B,72,Brazil,Regular Season - 19,False,2025-07-28,149,13975,Paysandu,Athletic Club,1,1,1.0,1.0,,,,,,,,,Lucas Paulo Torezin
Serie C,75,Brazil,Regular Season - 14,False,2025-07-28,1197,1211,Botafogo PB,Brusque,1,3,1.0,2.0,,,,,,,,,Murilo Ugolini Klein
Serie C,75,Brazil,Regular Season - 14,False,2025-07-28,2227,7833,Tombense,Maringá,1,1,0.0,0.0,,,,,,,,,Daniel Alejandro Hidalgo Blanco
South Australia NPL,194,Australia,Regular Season - 19,False,2025-07-28,16770,3786,FK Beograd,Adelaide Comets,2,2,1.0,2.0,,,,,,,,,Desconocido
South Australia State League 1,834,Australia,Regular Season - 19,False,2025-07-28,3784,25458,Adelaide Blue Eagles,Pontian Eagles,3,0,2.0,0.0,,,,,,,,,Desconocido
Superettan,114,Sweden,Regular Season - 16,False,2025-07-28,811,2171,Helsingborg,Varbergs BoIS FC,1,2,0.0,0.0,,,,,,,,,"Rinon Hasani, Sweden"
Superettan,114,Sweden,Regular Season - 16,False,2025-07-28,2241,369,Vasteras SK FK,Trelleborg,3,0,1.0,0.0,,,,,,,,,"Jasmin Svraka, Sweden"
Superliga,119,Denmark,Regular Season - 2,False,2025-07-28,397,396,FC Midtjylland,Sonderjyske,6,2,3.0,1.0,,,,,,,,,A. Uslu
Torneo Federal A,134,Argentina,Lower Table Round - 2,True,2025-07-28,25756,2426,Bartolomé Mitre,Defensores de Belgrano VR,2,1,0.0,0.0,,,,,,,,,Mauricio Martín
Torneo Federal A,134,Argentina,Lower Table Round - 2,True,2025-07-28,21041,3945,El Linqueño,Gimnasia Concepción,0,0,0.0,0.0,,,,,,,,,Luis Martínez
Veikkausliiga,244,Finland,Regular Season - 17,False,2025-07-28,2082,649,Gnistan,HJK Helsinki,2,4,0.0,1.0,,,,,,,,,"Dennis Antamo, Finland"
Ykkönen,245,Finland,Regular Season - 16,False,2025-07-28,9195,2074,OLS,FC jazz,2,1,2.0,0.0,,,,,,,,,Tatu Korkalainen
Ykkösliiga,1087,Finland,Regular Season - 17,False,2025-07-28,2085,9187,Klubi-04,KäPa,1,1,0.0,0.0,,,,,,,,,Desconocido
Ykkösliiga,1087,Finland,Regular Season - 17,False,2025-07-28,9198,9189,SJK Akatemia,SalPa,3,0,1.0,0.0,,,,,,,,,Desconocido
Úrvalsdeild,164,Iceland,Regular Season - 16,False,2025-07-28,275,3514,Stjarnan,Afturelding,4,1,0.0,1.0,,,,,,,,,Sigurður Hjörtur Þrastarson
1 Lyga,361,Lithuania,Regular Season - 17,False,2025-07-27,3856,23156,Atmosfera,Hegelmann II,2,2,1.0,0.0,,,,,,,,,Desconocido
1 Lyga,361,Lithuania,Regular Season - 17,False,2025-07-27,16747,18878,Be1 NFA,TransINVEST Vilnius,1,5,0.0,2.0,,,,,,,,,Desconocido
1 Lyga,361,Lithuania,Regular Season - 17,False,2025-07-27,10696,13971,Ekranas,Kauno Žalgiris II,1,4,1.0,3.0,,,,,,,,,Desconocido
1 Lyga,361,Lithuania,Regular Season - 17,False,2025-07-27,14384,3864,Neptūną Klaipėda,Minija,0,1,0.0,1.0,,,,,,,,,Desconocido
1. Division,117,Belarus,Regular Season - 17,False,2025-07-27,3384,18857,Belshina,Uni Minsk,3,0,1.0,0.0,,,,,,,,,Denis Tarasyuk
1. Division,120,Denmark,Regular Season - 2,False,2025-07-27,408,6042,Hobro,Middelfart,0,0,0.0,0.0,,,,,,,,,Frederik Veis Svendsen
1. Liga,364,Latvia,Regular Season - 14,False,2025-07-27,4142,4139,Smiltene,JDFS Alberts,2,4,1.0,2.0,,,,,,,,,Desconocido
1. Liga,364,Latvia,Regular Season - 14,False,2025-07-27,18837,14366,Tukums II,Mārupe,1,2,1.0,0.0,,,,,,,,,Desconocido
1. SNL,373,Slovenia,Regular Season - 2,False,2025-07-27,4360,4378,Celje,Radomlje,2,0,1.0,0.0,,,,,,,,,Z. Jazbec
1. SNL,373,Slovenia,Regular Season - 2,False,2025-07-27,615,552,NK Domzale,Maribor,1,2,1.0,1.0,,,,,,,,,A. Bubek
2. Division - Group 2,474,Norway,Group 2 - 13,False,2025-07-27,6978,6965,Eidsvold,Alta,2,2,1.0,1.0,,,,,,,,,Freek van Herk
2. Division - Group 2,474,Norway,Group 2 - 13,False,2025-07-27,2158,2154,Tromsdalen Uil,Ull/Kisa,3,2,1.0,2.0,,,,,,,,,Michael Wikestad Pedersen
3. Division - Girone 4,777,Norway,Group 4 - 13,False,2025-07-27,18435,10114,Førde,Vålerenga II,3,3,1.0,2.0,,,,,,,,,Desconocido
3. Division - Girone 4,777,Norway,Group 4 - 13,False,2025-07-27,22871,22870,Åsane II,Askøy,1,2,1.0,0.0,,,,,,,,,Desconocido
3. Division - Girone 6,779,Norway,Group 6 - 13,False,2025-07-27,9975,7018,Odd II,Oppsal,0,1,0.0,0.0,,,,,,,,,Desconocido
3. Division - Girone 6,779,Norway,Group 6 - 13,False,2025-07-27,16231,6999,Stabæk II,IF Ready,5,1,2.0,0.0,,,,,,,,,Desconocido
A Lyga,362,Lithuania,Regular Season - 22,False,2025-07-27,612,3860,Suduva Marijampole,Džiugas Telšiai,2,3,0.0,2.0,,,,,,,,,Orestas Abramavičius
Alagoano U20,1110,Brazil,2nd Phase - 4,True,2025-07-27,12989,18325,CRB U20,CSE U20,2,0,0.0,0.0,,,,,,,,,Desconocido
Allsvenskan,113,Sweden,Regular Season - 17,False,2025-07-27,377,2174,AIK Stockholm,Osters IF,0,0,0.0,0.0,,,,,,,,,"Victor Wolf, Sweden"
Allsvenskan,113,Sweden,Regular Season - 17,False,2025-07-27,367,364,BK Hacken,Djurgardens IF,1,6,0.0,4.0,,,,,,,,,"Richard Sundell, Sweden"
Allsvenskan,113,Sweden,Regular Season - 17,False,2025-07-27,2163,363,IFK Varnamo,Hammarby FF,2,3,2.0,1.0,,,,,,,,,"Joakim Ostling, Sweden"
Allsvenskan,113,Sweden,Regular Season - 17,False,2025-07-27,2240,370,Mjallby AIF,Sirius,2,1,0.0,1.0,,,,,,,,,"Mohammed Al-Hakim, Sweden"
Australia Cup,874,Australia,Round of 32,True,2025-07-27,940,942,Perth Glory,Wellington Phoenix,1,1,0.0,1.0,,,,,,,,,Liam Barclay
Baiano - 2,613,Brazil,Finals,True,2025-07-27,7822,12935,Bahia de Feira,Galícia,2,2,1.0,0.0,,,,,,,,,Desconocido
Brasiliense U20,1100,Brazil,Semi-finals,True,2025-07-27,25932,25933,Santa Maria U20,Sobradinho U20,1,2,0.0,0.0,,,,,,,,,Desconocido
CONCACAF Caribbean Club Shield,534,World,Group Stage - 1,False,2025-07-27,22791,9422,All Saints United,Eagles,3,1,3.0,0.0,,,,,,,,,Desconocido
CONCACAF Caribbean Club Shield,534,World,Group Stage - 1,False,2025-07-27,3436,24052,Arnett Gardens,Dublanc,4,0,3.0,0.0,,,,,,,,,Desconocido
CONCACAF Caribbean Club Shield,534,World,Group Stage - 1,False,2025-07-27,3258,26421,Club Franciscain,Doc's United FC,6,1,3.0,0.0,,,,,,,,,Desconocido
CONCACAF Caribbean Club Shield,534,World,Group Stage - 1,False,2025-07-27,12559,8410,Police,Weymouth Wales,1,3,1.0,2.0,,,,,,,,,Desconocido
CONCACAF Caribbean Club Shield,534,World,Group Stage - 1,False,2025-07-27,10973,12560,Scholars International,Ath­let­ic Club,1,2,0.0,1.0,,,,,,,,,Desconocido
CONCACAF Caribbean Club Shield,534,World,Group Stage - 1,False,2025-07-27,12219,26424,Transvaal,Wolues FC,3,0,1.0,0.0,,,,,,,,,Desconocido
COTIF Tournament,940,World,5th Place Final,True,2025-07-27,10314,16201,Venezuela U20,Chile U20,2,1,1.0,1.0,,,,,,,,,Desconocido
Calcutta Premier Division,1020,India,Regular Season - 4,False,2025-07-27,21605,21607,Kalighat,Patha Chakra,0,0,0.0,0.0,,,,,,,,,Desconocido
Capital Territory NPL,189,Australia,Regular Season - 15,False,2025-07-27,1447,1456,Tuggeranong United,Gungahlin United,2,1,1.0,0.0,,,,,,,,,Desconocido
Capital Territory NPL,189,Australia,Regular Season - 15,False,2025-07-27,22866,23519,Yoogali CT,Queanbeyan City,0,1,0.0,1.0,,,,,,,,,Desconocido
Carioca C,1106,Brazil,1st Phase - 11,True,2025-07-27,13105,23640,Angra dos Reis,Santa Cruz RJ,3,2,1.0,0.0,,,,,,,,,Desconocido
Carioca C,1106,Brazil,1st Phase - 11,True,2025-07-27,23638,23635,Paraty,EC Resende,4,1,1.0,1.0,,,,,,,,,Desconocido
Carioca C,1106,Brazil,1st Phase - 11,True,2025-07-27,23639,23634,Riostrense,CAAC Brasil,6,1,4.0,0.0,,,,,,,,,Desconocido
Catarinense - 2,936,Brazil,Regular Season - 9,False,2025-07-27,18272,19636,Camboriú,Carlos Renaux,0,2,0.0,1.0,,,,,,,,,Desconocido
Catarinense - 2,936,Brazil,Regular Season - 9,False,2025-07-27,25115,25116,FC Porto,Fluminense-SC,0,2,0.0,0.0,,,,,,,,,Desconocido
Catarinense - 2,936,Brazil,Regular Season - 9,False,2025-07-27,12912,7860,Juventus SC,Metropolitano,0,0,0.0,0.0,,,,,,,,,Desconocido
Catarinense - 2,936,Brazil,Regular Season - 9,False,2025-07-27,19637,1204,Nação,Tubarao,1,2,0.0,1.0,,,,,,,,,Desconocido
Cearense - 3,1124,Brazil,1st Phase - 5,True,2025-07-27,20778,13088,Crateús,Esporte Limoeiro,2,0,1.0,0.0,,,,,,,,,Desconocido
Challenge League,208,Switzerland,Regular Season - 1,False,2025-07-27,660,6653,FC Vaduz,Yverdon Sport,2,1,1.0,0.0,,,,,,,,,M. Turkes
Copa Paulista,742,Brazil,1st Round - 7,True,2025-07-27,15622,7786,São José EC,São Caetano,1,2,0.0,2.0,,,,,,,,,Fabiano Monteiro dos Santos
Copa de la División Profesional,964,Bolivia,Copa Bolivia - 6,True,2025-07-27,3702,3705,Bolívar,Jorge Wilstermann,1,2,1.0,0.0,,,,,,,,,G. Vargas
Copa de la División Profesional,964,Bolivia,Copa Bolivia - 6,True,2025-07-27,15708,3711,Real Tomayapo,The Strongest,3,3,2.0,1.0,,,,,,,,,D. Rodriguez
Copa de la División Profesional,964,Bolivia,Copa Bolivia - 6,True,2025-07-27,17760,22266,San Antonio Bulo Bulo,Gualberto Villarroel SJ,0,1,0.0,0.0,,,,,,,,,R. Castillo
Coppa,486,Belarus,Round of 16,True,2025-07-27,9419,7798,Arsenal,Molodechno-DYuSSh 4,1,0,0.0,0.0,,,,,,,,,Ilya Lyashuk
Coppa,486,Belarus,Round of 16,True,2025-07-27,751,389,Slavia Mozyr,FC Gomel,1,0,0.0,0.0,,,,,,,,,Igor Shumilov
Cup,680,Slovakia,1st Round,True,2025-07-27,19362,24400,Bacúch,Jelšava,3,1,1.0,0.0,,,,,,,,,Desconocido
Cup,347,Czech-Republic,2nd Preliminary Round,True,2025-07-27,7277,7332,Bospor Bohumín,Polanka nad Odrou,1,1,0.0,1.0,,,,,,,,,Desconocido
Cup,347,Czech-Republic,2nd Preliminary Round,True,2025-07-27,7279,8624,Brumov,Uherský Brod,0,0,0.0,0.0,,,,,,,,,Desconocido
Cup,680,Slovakia,1st Round,True,2025-07-27,16880,3551,Báb,Sereď,1,1,0.0,0.0,,,,,,,,,Desconocido
Cup,347,Czech-Republic,2nd Preliminary Round,True,2025-07-27,19421,7369,Břidličná,Uničov,2,6,1.0,4.0,,,,,,,,,Desconocido
Cup,347,Czech-Republic,2nd Preliminary Round,True,2025-07-27,26124,7388,Chotebor,Ždírec nad Doubravou,3,2,2.0,1.0,,,,,,,,,Desconocido
Cup,680,Slovakia,1st Round,True,2025-07-27,24395,14947,Cifer,Blava 1928,0,3,0.0,1.0,,,,,,,,,Desconocido
Cup,680,Slovakia,1st Round,True,2025-07-27,26318,21928,Dolné Kočkovce,Košeca,1,3,0.0,2.0,,,,,,,,,Desconocido
Cup,680,Slovakia,1st Round,True,2025-07-27,21854,15094,Dolné Krškany,Šoporňa,2,1,2.0,0.0,,,,,,,,,Desconocido
Cup,680,Slovakia,1st Round,True,2025-07-27,14958,3547,Družstevník Bešeňov,Nitra,0,5,0.0,2.0,,,,,,,,,Desconocido
Cup,680,Slovakia,1st Round,True,2025-07-27,21964,21766,Družstevník Hlboké,Slovan Šaštín-Stráže,7,0,4.0,0.0,,,,,,,,,Desconocido
Cup,680,Slovakia,1st Round,True,2025-07-27,21741,24412,Družstevník Odorín,Slovan Kendice,1,4,0.0,1.0,,,,,,,,,Desconocido
Cup,680,Slovakia,1st Round,True,2025-07-27,21744,14964,Družstevník Topoľníky,Družstevník Trstice,2,3,1.0,2.0,,,,,,,,,Desconocido
Cup,680,Slovakia,1st Round,True,2025-07-27,14967,15055,Dvorníky-Včeláre,Spartak Medzev,2,0,0.0,0.0,,,,,,,,,Desconocido
Cup,347,Czech-Republic,2nd Preliminary Round,True,2025-07-27,19424,7376,Dálnice Speřice,Vrchovina,0,3,0.0,1.0,,,,,,,,,Desconocido
Cup,680,Slovakia,1st Round,True,2025-07-27,21927,14988,Geča,Kechnec,2,0,1.0,0.0,,,,,,,,,Desconocido
Cup,680,Slovakia,1st Round,True,2025-07-27,14974,15033,Harichovce,Rudňany,1,0,0.0,0.0,,,,,,,,,Desconocido
Cup,680,Slovakia,1st Round,True,2025-07-27,14978,14948,Horná Krupá,Boleráz,0,0,0.0,0.0,,,,,,,,,Desconocido
Cup,680,Slovakia,1st Round,True,2025-07-27,21748,24394,Horné Saliby,AC Nitra,1,5,1.0,2.0,,,,,,,,,Desconocido
Cup,680,Slovakia,1st Round,True,2025-07-27,26319,14075,Hraň,Snina,0,5,0.0,1.0,,,,,,,,,Desconocido
Cup,347,Czech-Republic,2nd Preliminary Round,True,2025-07-27,7301,24190,Humpolec,FS Třebíč,0,1,0.0,1.0,,,,,,,,,Desconocido
Cup,680,Slovakia,1st Round,True,2025-07-27,21750,26316,Jamník,Chmeľov,1,0,0.0,0.0,,,,,,,,,Desconocido
Cup,680,Slovakia,1st Round,True,2025-07-27,14983,19373,Jasenov,Nacina Ves,4,1,1.0,1.0,,,,,,,,,Desconocido
Cup,680,Slovakia,1st Round,True,2025-07-27,16884,14994,Jelka,Kostolné Kračany,0,0,0.0,0.0,,,,,,,,,Desconocido
Cup,347,Czech-Republic,2nd Preliminary Round,True,2025-07-27,7305,7322,Jiskra Rýmařov,Nové Sady,3,5,2.0,2.0,,,,,,,,,Desconocido
Cup,680,Slovakia,1st Round,True,2025-07-27,14987,16897,Kanianka,Partizán Domaniža,2,1,1.0,1.0,,,,,,,,,Desconocido
Cup,680,Slovakia,1st Round,True,2025-07-27,14997,19379,Košická Nová Ves,Perín,4,3,3.0,2.0,,,,,,,,,Desconocido
Cup,680,Slovakia,1st Round,True,2025-07-27,24405,14972,Kľušov,Gerlachov,2,9,1.0,4.0,,,,,,,,,Desconocido
Cup,680,Slovakia,1st Round,True,2025-07-27,15000,15043,Levoča,Slovan Sabinov,0,4,0.0,2.0,,,,,,,,,Desconocido
Cup,680,Slovakia,1st Round,True,2025-07-27,15005,26320,Láb,Jakubov,1,1,1.0,1.0,,,,,,,,,Desconocido
Cup,680,Slovakia,1st Round,True,2025-07-27,15016,15088,Nižný Hrušov,Čaňa,1,1,1.0,1.0,,,,,,,,,Desconocido
Cup,680,Slovakia,1st Round,True,2025-07-27,10537,14951,Partizán Bardejov,Busov Gaboltov,2,2,2.0,1.0,,,,,,,,,Desconocido
Cup,347,Czech-Republic,2nd Preliminary Round,True,2025-07-27,21619,7288,Petřvald na Moravě,Frýdek-Místek,0,4,0.0,1.0,,,,,,,,,Desconocido
Cup,220,Austria,Round of 64,True,2025-07-27,4980,8258,Pinzgau Saalfelden,Röthis,1,2,0.0,0.0,,,,,,,,,Edis Skalic
Cup,680,Slovakia,1st Round,True,2025-07-27,26786,14961,Priehrada,Družstevník Jacovce,2,4,1.0,2.0,,,,,,,,,Desconocido
Cup,347,Czech-Republic,2nd Preliminary Round,True,2025-07-27,7341,7361,Skaštice,Start Brno,0,8,0.0,6.0,,,,,,,,,Desconocido
Cup,680,Slovakia,1st Round,True,2025-07-27,15039,14057,Slovan Brvnište,Lednické Rovne,1,1,0.0,1.0,,,,,,,,,Desconocido
Cup,680,Slovakia,1st Round,True,2025-07-27,16904,16905,Slovan Dudince,Slovan Tomášovce,3,2,1.0,1.0,,,,,,,,,Desconocido
Cup,680,Slovakia,1st Round,True,2025-07-27,15042,16901,Slovan Poproč,Rožňava,0,2,0.0,0.0,,,,,,,,,Desconocido
Cup,680,Slovakia,1st Round,True,2025-07-27,15047,14045,Slovenský Grob,Pezinok,1,1,1.0,0.0,,,,,,,,,Desconocido
Cup,680,Slovakia,1st Round,True,2025-07-27,26791,15018,Snaha Zborov,Oravan,1,2,1.0,1.0,,,,,,,,,Desconocido
Cup,680,Slovakia,1st Round,True,2025-07-27,21768,10548,Sokol Brezovička,Lipany,2,4,0.0,2.0,,,,,,,,,Desconocido
Cup,680,Slovakia,1st Round,True,2025-07-27,19394,15070,Sokol Liesek,Tvrdošín,0,3,0.0,1.0,,,,,,,,,Desconocido
Cup,347,Czech-Republic,2nd Preliminary Round,True,2025-07-27,7355,8631,Sokol Tasovice,Břeclav,0,0,0.0,0.0,,,,,,,,,Desconocido
Cup,680,Slovakia,1st Round,True,2025-07-27,15054,10532,Spartak Kvašov,Dubnica,0,3,0.0,2.0,,,,,,,,,Desconocido
Cup,680,Slovakia,1st Round,True,2025-07-27,15059,15017,Strojár Krupina,Olováry,1,3,0.0,1.0,,,,,,,,,Desconocido
Cup,680,Slovakia,1st Round,True,2025-07-27,24417,14991,Svaty Peter,Kmeťovo,1,0,0.0,0.0,,,,,,,,,Desconocido
Cup,680,Slovakia,1st Round,True,2025-07-27,21934,19393,Svodín,Slovan Šahy,3,1,1.0,1.0,,,,,,,,,Desconocido
Cup,680,Slovakia,1st Round,True,2025-07-27,26767,10553,TJ Slovan Kosecke Podhradie,Nové Mesto nad Váhom,5,2,3.0,0.0,,,,,,,,,Desconocido
Cup,657,Estonia,Round of 64,True,2025-07-27,14334,26139,Tallinna Wolves,Joker,3,4,1.0,2.0,,,,,,,,,Denis Nõmm
Cup,680,Slovakia,1st Round,True,2025-07-27,24419,21770,Tatran Huncovce,Spišský Štiavnik,0,3,0.0,0.0,,,,,,,,,Desconocido
Cup,680,Slovakia,1st Round,True,2025-07-27,15071,15077,Veľká Lomnica,Vikartovce,2,6,1.0,3.0,,,,,,,,,Desconocido
Cup,680,Slovakia,1st Round,True,2025-07-27,15072,21932,Veľké Lovce,Sokol Starý Tekov,4,2,2.0,1.0,,,,,,,,,Desconocido
Cup,220,Austria,Round of 64,True,2025-07-27,8332,601,Voitsberg,Austria Vienna,3,2,1.0,1.0,,,,,,,,,Achim Untergasser
Cup,680,Slovakia,1st Round,True,2025-07-27,15082,15069,Vrbové,Trebatice,2,4,0.0,1.0,,,,,,,,,Desconocido
Cup,220,Austria,Round of 64,True,2025-07-27,1073,781,Wacker Innsbruck,Rapid Vienna,0,1,0.0,0.0,,,,,,,,,Desconocido
Cup,347,Czech-Republic,2nd Preliminary Round,True,2025-07-27,26129,7387,Zabreh,Šumperk,2,1,1.0,1.0,,,,,,,,,Desconocido
Cup,680,Slovakia,1st Round,True,2025-07-27,26761,26328,Zahorak,Veľké Leváre,1,3,1.0,2.0,,,,,,,,,Desconocido
Cup,680,Slovakia,1st Round,True,2025-07-27,21773,17774,Zalužice,Sobrance Sobranecko,2,3,1.0,3.0,,,,,,,,,Desconocido
Cup,680,Slovakia,1st Round,True,2025-07-27,15096,21937,Šurany,Tvrdošovce,3,1,1.0,0.0,,,,,,,,,Desconocido
Czech Liga,345,Czech-Republic,Regular Season - 2,False,2025-07-27,782,3724,Slovan Liberec,Pardubice,2,1,0.0,0.0,,,,,,,,,"Marek Radina, Czechia"
Czech Liga,345,Czech-Republic,Regular Season - 2,False,2025-07-27,628,640,Sparta Praha,Mlada Boleslav,3,2,1.0,1.0,,,,,,,,,"Karel Roucek, Czechia"
David Kipiani Cup,672,Georgia,Round of 16,True,2025-07-27,14863,3501,FC Iberia 1999 II,Rustavi,1,1,0.0,0.0,,,,,,,,,Sandro Nonikashvili
David Kipiani Cup,672,Georgia,Round of 16,True,2025-07-27,10017,3499,Samgurali,Dila,0,0,0.0,0.0,,,,,,,,,Irakli Kvirikashvili
David Kipiani Cup,672,Georgia,Round of 16,True,2025-07-27,3503,705,Sioni,Dinamo Batumi,1,1,0.0,0.0,,,,,,,,,Bakur Ninua
Division Intermedia,251,Paraguay,Regular Season - 19,False,2025-07-27,18311,25590,Pastoreo,Guaraní de Fram,2,1,1.0,0.0,,,,,,,,,Jose Rodrigo Armoa Gimenez
Division Intermedia,251,Paraguay,Regular Season - 19,False,2025-07-27,10491,23154,Tacuary,12 de Junio VH,1,1,0.0,1.0,,,,,,,,,Alipio Colman
Division Profesional - Clausura,252,Paraguay,Clausura - 4,True,2025-07-27,10474,1174,Atlético Tembetary,Club Guarani,0,1,0.0,1.0,,,,,,,,,"Carlos P. Benitez, Paraguay"
Division Profesional - Clausura,252,Paraguay,Clausura - 4,True,2025-07-27,10487,1182,Sportivo Ameliano,Olimpia,1,1,0.0,1.0,,,,,,,,,"Blas Romero, Paraguay"
Druha Liga,336,Ukraine,Regular Season - 1,False,2025-07-27,3624,17167,Hirnyk-Sport,Trostianets,0,3,0.0,1.0,,,,,,,,,Desconocido
Druha Liga,336,Ukraine,Regular Season - 1,False,2025-07-27,26740,24585,Livyi Bereg 2,Kolos Kovalivka II,0,1,0.0,0.0,,,,,,,,,Desconocido
Druha Liga,336,Ukraine,Regular Season - 1,False,2025-07-27,24588,6487,Oleksandria II,Dinaz Vyshhorod,1,0,1.0,0.0,,,,,,,,,Desconocido
Ekstraklasa,106,Poland,Regular Season - 2,False,2025-07-27,336,6962,Jagiellonia,Widzew Łódź,3,2,1.0,1.0,,,,,,,,,W. Myc
Ekstraklasa,106,Poland,Regular Season - 2,False,2025-07-27,346,339,Korona Kielce,Legia Warszawa,0,2,0.0,1.0,,,,,,,,,S. Marciniak
Ekstraklasa,106,Poland,Regular Season - 2,False,2025-07-27,3491,341,Raków Częstochowa,Wisla Plock,1,2,1.0,1.0,,,,,,,,,P. Raczkowski
Eliteserien,103,Norway,Regular Season - 15,False,2025-07-27,2142,759,Bryne,Viking,1,3,0.0,1.0,,,,,,,,,"Espen Eskas, Norway"
Eliteserien,103,Norway,Regular Season - 15,False,2025-07-27,331,325,Rosenborg,Tromso,4,1,2.0,0.0,,,,,,,,,"Marius Lien, Norway"
Elitettan,736,Sweden,Regular Season - 11,False,2025-07-27,11077,11081,Eskilstuna United W,Umeå W,0,1,0.0,0.0,,,,,,,,,Adli Assali
Elitettan,736,Sweden,Regular Season - 11,False,2025-07-27,16032,16007,Gamla Upsala W,Mallbacken W,6,1,2.0,1.0,,,,,,,,,Oscar Forsberg
Elitettan,736,Sweden,Regular Season - 11,False,2025-07-27,19018,20820,Sunnanå W,Häcken II W,1,2,0.0,1.0,,,,,,,,,Andreas Eriksson
Elitettan,736,Sweden,Regular Season - 11,False,2025-07-27,17639,16028,Trelleborg W,Örebro SK W,1,0,0.0,0.0,,,,,,,,,Bobby Sjögren-Engels
Esiliiga B,1126,Estonia,Regular Season - 21,False,2025-07-27,3527,24236,Maardu,Narva U21,11,1,5.0,0.0,,,,,,,,,Desconocido
FAW Championship,111,Wales,South - 1,True,2025-07-27,20358,2192,Baglan Dragons,Pontypridd Town,3,0,2.0,0.0,,,,,,,,,Desconocido
FNL,346,Czech-Republic,Regular Season - 2,False,2025-07-27,8618,4257,Slavia Praha II,Artis,1,2,1.0,0.0,,,,,,,,,J. Wulkan
FNL,346,Czech-Republic,Regular Season - 2,False,2025-07-27,3729,3718,Viktoria Žižkov,Příbram,2,0,2.0,0.0,,,,,,,,,J. Machalek
First League,172,Bulgaria,Regular Season - 2,False,2025-07-27,1430,1416,Arda Kardzhali,Lokomotiv Sofia,1,1,1.0,0.0,,,,,,,,,V. Chinkov
First League,172,Bulgaria,Regular Season - 2,False,2025-07-27,851,634,Cherno More Varna,Botev Plovdiv,2,1,2.0,0.0,,,,,,,,,M. Grebencharski
First League,236,Russia,Regular Season - 2,False,2025-07-27,1089,1087,Enisey,Ska-khabarovsk,1,2,1.0,2.0,,,,,,,,,N. Voloshin
First League,236,Russia,Regular Season - 2,False,2025-07-27,2001,3985,FK Neftekhimik,Torpedo Moskva,0,0,0.0,0.0,,,,,,,,,I. Kaplenkov
First League,236,Russia,Regular Season - 2,False,2025-07-27,1993,1078,Fakel,FC UFA,1,0,0.0,0.0,,,,,,,,,R. Safyan
First League,236,Russia,Regular Season - 2,False,2025-07-27,6822,19449,Rodina Moskva,Spartak Kostroma,1,3,1.0,0.0,,,,,,,,,I. Zakharov
First League,172,Bulgaria,Regular Season - 2,False,2025-07-27,856,646,Septemvri Sofia,Levski Sofia,1,2,1.0,0.0,,,,,,,,,S. Trenchev
Friendlies,10,World,Friendlies 3,True,2025-07-27,1509,1527,Guinea,Central African Republic,1,1,0.0,1.0,,,,,,,,,Desconocido
Friendlies,10,World,Friendlies 1,True,2025-07-27,1489,13,Tanzania,Senegal,2,1,0.0,1.0,,,,,,,,,Desconocido
Friendlies Clubs,667,World,Club Friendlies 5,True,2025-07-27,765,6708,AFC Eskilstuna,Vasalund,2,2,1.0,1.0,,,,,,,,,Desconocido
Friendlies Clubs,667,World,Club Friendlies 5,True,2025-07-27,723,2871,Almeria,Al-Jazira,1,0,1.0,0.0,,,,,,,,,Desconocido
Friendlies Clubs,667,World,Club Friendlies 5,True,2025-07-27,19753,3340,Aresimi,Vora,0,1,,,,,,,,,,,Desconocido
Friendlies Clubs,667,World,Club Friendlies 1,True,2025-07-27,42,34,Arsenal,Newcastle,3,2,2.0,1.0,,,,,,,,,Clarence Leow Hong Wei
Friendlies Clubs,667,World,Club Friendlies 5,True,2025-07-27,19754,4328,Detonit Plachkovica,Belasica,1,2,1.0,0.0,,,,,,,,,Desconocido
Friendlies Clubs,667,World,Club Friendlies 5,True,2025-07-27,1634,1660,FC 08 Homburg,SV Elversberg,3,0,1.0,0.0,,,,,,,,,Desconocido
Friendlies Clubs,667,World,Club Friendlies 5,True,2025-07-27,1619,9360,FC 08 Villingen,Balingen,4,1,0.0,1.0,,,,,,,,,Desconocido
Friendlies Clubs,667,World,Club Friendlies 5,True,2025-07-27,504,1707,Hellas Verona,Virtus Verona,6,0,3.0,0.0,,,,,,,,,Desconocido
Friendlies Clubs,667,World,Club Friendlies 5,True,2025-07-27,12790,14527,Hilden,Sprockhovel,2,0,1.0,0.0,,,,,,,,,Desconocido
Friendlies Clubs,667,World,Club Friendlies 5,True,2025-07-27,8645,6065,Ishøj,Vanløse,0,2,0.0,0.0,,,,,,,,,Desconocido
Friendlies Clubs,667,World,Club Friendlies 5,True,2025-07-27,764,11661,Jonkopings Sodra,Sylvia,2,0,0.0,0.0,,,,,,,,,Desconocido
Friendlies Clubs,667,World,Club Friendlies 5,True,2025-07-27,6219,5751,K. Lierse S.K.,Berchem Sport,0,1,0.0,0.0,,,,,,,,,Desconocido
Friendlies Clubs,667,World,Club Friendlies 5,True,2025-07-27,259,2110,Lommel United,Volos NFC,3,3,1.0,2.0,,,,,,,,,Desconocido
Friendlies Clubs,667,World,Club Friendlies 5,True,2025-07-27,798,2870,Mallorca,Shabab Al Ahli Dubai,2,1,0.0,1.0,,,,,,,,,Desconocido
Friendlies Clubs,667,World,Club Friendlies 5,True,2025-07-27,1693,876,Mantova,Arezzo,1,2,0.0,1.0,,,,,,,,,Desconocido
Friendlies Clubs,667,World,Club Friendlies 5,True,2025-07-27,522,9430,Palermo,Bra,1,0,1.0,0.0,,,,,,,,,Desconocido
Friendlies Clubs,667,World,Club Friendlies 5,True,2025-07-27,801,526,Pisa,PRO Vercelli,1,0,1.0,0.0,,,,,,,,,Desconocido
Friendlies Clubs,667,World,Club Friendlies 5,True,2025-07-27,515,867,Spezia,Lecce,1,2,1.0,1.0,,,,,,,,,Desconocido
Friendlies Clubs,667,World,Club Friendlies 5,True,2025-07-27,22422,714,Valencia U21,Gimnastic,1,2,0.0,1.0,,,,,,,,,Desconocido
Friendlies Clubs,667,World,Club Friendlies 5,True,2025-07-27,517,9534,Venezia,Torres,5,0,4.0,0.0,,,,,,,,,Desconocido
Friendlies Clubs,667,World,Club Friendlies 5,True,2025-07-27,14242,1230,Venray,Gemert,3,5,1.0,1.0,,,,,,,,,Desconocido
Friendlies Clubs,667,World,Club Friendlies 5,True,2025-07-27,176,168,VfL Bochum,Bayer Leverkusen,0,2,0.0,2.0,,,,,,,,,Desconocido
Friendlies Clubs,667,World,Club Friendlies 1,True,2025-07-27,289,529,Vissel Kobe,Barcelona,1,3,1.0,1.0,,,,,,,,,Desconocido
Friendlies Clubs,667,World,Club Friendlies 5,True,2025-07-27,11906,739,Wiltz,AS Eupen,2,1,2.0,0.0,,,,,,,,,Desconocido
Gaúcho - 2,478,Brazil,1st Phase - 15,True,2025-07-27,10052,10149,Lajeadense,Real,0,0,0.0,0.0,,,,,,,,,Desconocido
Gaúcho - 2,478,Brazil,1st Phase - 15,True,2025-07-27,1199,25079,Novo Hamburgo,Gramadense,4,0,3.0,0.0,,,,,,,,,Desconocido
Gaúcho - 2,478,Brazil,1st Phase - 15,True,2025-07-27,10053,10047,Passo Fundo,Glória,3,0,2.0,0.0,,,,,,,,,Desconocido
Gaúcho - 2,478,Brazil,1st Phase - 15,True,2025-07-27,16479,10044,Santa Cruz RS,Bagé,1,0,0.0,0.0,,,,,,,,,Desconocido
Gaúcho - 2,478,Brazil,1st Phase - 15,True,2025-07-27,10057,10051,Veranópolis,Inter Santa Maria,0,1,0.0,0.0,,,,,,,,,Desconocido
Goiano - 2,1030,Brazil,Regular Season - 13,False,2025-07-27,24771,18297,Rio Verde,Morrinhos,1,1,1.0,1.0,,,,,,,,,Desconocido
Goiano - 2,1030,Brazil,Regular Season - 13,False,2025-07-27,24773,7820,Tupy FC,Anapolina,0,1,0.0,0.0,,,,,,,,,Desconocido
I Liga,107,Poland,Regular Season - 2,False,2025-07-27,16239,3495,Polonia Warszawa,Tychy 71,1,2,1.0,1.0,,,,,,,,,J. Malyszek
I Liga,107,Poland,Regular Season - 2,False,2025-07-27,6953,6941,Ruch Chorzów,Górnik Łęczna,2,1,1.0,0.0,,,,,,,,,L. Szczech
I Liga,107,Poland,Regular Season - 2,False,2025-07-27,17115,6947,Wieczysta Kraków,Pogoń Siedlce,2,1,2.0,1.0,,,,,,,,,F. Kaliszewski
II Liga - East,109,Poland,Regular Season - 1,False,2025-07-27,6951,3482,Resovia Rzeszów,Chojniczanka Chojnice,1,1,1.0,0.0,,,,,,,,,Desconocido
II Liga - East,109,Poland,Regular Season - 1,False,2025-07-27,16255,342,Sokół Kleczew,Zaglebie Sosnowiec,1,2,1.0,1.0,,,,,,,,,Desconocido
II Liga - East,109,Poland,Regular Season - 1,False,2025-07-27,6961,3496,Unia Skierniewice,Warta Poznań,2,1,0.0,1.0,,,,,,,,,Desconocido
J1 League,98,Japan,Regular Season - 23,False,2025-07-27,287,316,Urawa,Avispa Fukuoka,0,0,0.0,0.0,,,,,,,,,"Koichiro Fukushima, Japan"
Japan Football League,497,Japan,Regular Season - 18,False,2025-07-27,7117,4327,Biwako Shiga,YSCC,2,0,0.0,0.0,,,,,,,,,Desconocido
Japan Football League,497,Japan,Regular Season - 18,False,2025-07-27,4321,16695,Grulla Morioka,Porvenir Asuka,1,1,0.0,0.0,,,,,,,,,Desconocido
Japan Football League,497,Japan,Regular Season - 18,False,2025-07-27,7137,10405,Okinawa SV,Maruyasu Okazaki,0,1,0.0,1.0,,,,,,,,,Desconocido
Japan Football League,497,Japan,Regular Season - 18,False,2025-07-27,10406,7123,Reinmeer Aomori,Honda,2,2,2.0,0.0,,,,,,,,,Desconocido
Japan Football League,497,Japan,Regular Season - 18,False,2025-07-27,10408,7124,Suzuka Unlimited,Honda Lock,1,2,1.0,1.0,,,,,,,,,Desconocido
Japan Football League,497,Japan,Regular Season - 18,False,2025-07-27,7150,7151,Veertien Mie,Verspah Oita,0,0,0.0,0.0,,,,,,,,,Desconocido
Jupiler Pro League,144,Belgium,Regular Season - 1,False,2025-07-27,554,261,Anderlecht,KVC Westerlo,5,2,2.0,0.0,,,,,,,,,"Simon Bourdeaud'hui, Belgium"
Jupiler Pro League,144,Belgium,Regular Season - 1,False,2025-07-27,569,742,Club Brugge KV,Genk,2,1,0.0,1.0,,,,,,,,,J. Vergoote
Jupiler Pro League,144,Belgium,Regular Season - 1,False,2025-07-27,260,736,OH Leuven,Charleroi,2,2,1.0,0.0,,,,,,,,,N. Verboomen
Jupiler Pro League,144,Belgium,Regular Season - 1,False,2025-07-27,735,631,St. Truiden,Gent,3,1,0.0,0.0,,,,,,,,,B. Put
K League 1,292,South-Korea,Regular Season - 24,False,2025-07-27,2747,2764,Daegu FC,Pohang Steelers,0,1,0.0,0.0,,,,,,,,,"Dong Jun Lee, South Korea"
K League 1,292,South-Korea,Regular Season - 24,False,2025-07-27,2750,2766,Daejeon Citizen,FC Seoul,0,1,0.0,0.0,,,,,,,,,"Dae-Yong Kim, South Korea"
K League 1,292,South-Korea,Regular Season - 24,False,2025-07-27,2746,2767,Gangwon FC,Ulsan Hyundai FC,2,2,0.0,1.0,,,,,,,,,"Sang-Hyeop Chae, South Korea"
K League 2,293,South-Korea,Regular Season - 22,False,2025-07-27,2763,2758,Incheon United,Ansan Greeners,4,2,2.0,0.0,,,,,,,,,Cheol-Jun Choi
K League 2,293,South-Korea,Regular Season - 22,False,2025-07-27,2757,2760,Seongnam FC,Jeonnam Dragons,2,2,0.0,0.0,,,,,,,,,Hyeon-Jeong Oh
K League 2,293,South-Korea,Regular Season - 22,False,2025-07-27,2765,2749,Suwon Bluewings,Seoul E-Land FC,0,2,0.0,1.0,,,,,,,,,Gwang-Ho Choi
K3 League,295,South-Korea,Regular Season - 19,False,2025-07-27,7056,7096,Busan Transportation,Mokpo City,2,1,1.0,0.0,,,,,,,,,Hyo-Young Yoo
K3 League,295,South-Korea,Regular Season - 19,False,2025-07-27,7059,7111,Changwon City,Yangpyeong,1,0,0.0,0.0,,,,,,,,,Yeong-Rok Park
K3 League,295,South-Korea,Regular Season - 19,False,2025-07-27,25717,7064,Jeonbuk Motors II,Chuncheon,2,1,0.0,1.0,,,,,,,,,Yu-Jeong Kim
Kakkonen - Lohko B,248,Finland,Group B - 15,False,2025-07-27,9185,13508,Ilves II,PPJ,1,0,0.0,0.0,,,,,,,,,Aapo Kyllönen
Kansallinen Liiga,640,Finland,Regular Season - 12,False,2025-07-27,13995,13997,Åland United W,KuPS W,1,0,1.0,0.0,,,,,,,,,Jasmine Kaur
League 1 Ontario,923,Canada,Regular Season - 10,False,2025-07-27,19109,19110,Sigma,Simcoe County Rovers,1,3,0.0,1.0,,,,,,,,,Desconocido
League 1 Ontario,923,Canada,Regular Season - 10,False,2025-07-27,19114,2620,Woodbridge Strikers,Vaughan Azzurri,3,0,0.0,0.0,,,,,,,,,Desconocido
League Cup,185,Scotland,Group Stage - 5,False,2025-07-27,251,1387,ST Mirren,Ayr Utd,2,1,2.0,0.0,,,,,,,,,Euan Anderson
League One,170,China,Regular Season - 18,False,2025-07-27,5652,5679,Dalian Huayi,Qingdao Red Lions,2,1,0.0,0.0,,,,,,,,,Ning Jiang
League One,170,China,Regular Season - 18,False,2025-07-27,5657,5688,Guangxi Baoyun,Suzhou Dongwu,0,0,0.0,0.0,,,,,,,,,Haoheng Zhang
League One,170,China,Regular Season - 18,False,2025-07-27,23269,1445,Guangzhou E-Power,Heilongjiang Lava Spring,0,1,0.0,0.0,,,,,,,,,Wei Li
League One,170,China,Regular Season - 18,False,2025-07-27,2626,16619,Nantong Zhiyun,Nanjing City,0,1,0.0,1.0,,,,,,,,,Lei Han
League Two,929,China,Regular Season - 21,False,2025-07-27,25839,17272,Chengdu Rongcheng II,Yichun Grand Tiger,3,0,1.0,0.0,,,,,,,,,Zhikai Yin
League Two,929,China,Regular Season - 21,False,2025-07-27,25773,19317,Guangdong Mingtu,Hainan Star,1,1,1.0,0.0,,,,,,,,,Xinyao Wang
League Two,929,China,Regular Season - 21,False,2025-07-27,23268,25774,Guangxi Hengchen,Guangzhou Dandelion,1,0,0.0,0.0,,,,,,,,,Chenguang Ji
League Two,929,China,Regular Season - 21,False,2025-07-27,25775,25779,Guizhou Zhucheng,Shenzhen 2028,0,1,0.0,0.0,,,,,,,,,Zi Jiao
League Two,929,China,Regular Season - 21,False,2025-07-27,17266,21264,Quanzhou Yassin,Guangxi Lanhang,1,0,0.0,0.0,,,,,,,,,Shiwei Wen
League Two,929,China,Regular Season - 21,False,2025-07-27,19320,25840,Shangyu Pterosaur,Wuhan Three Towns II,1,0,0.0,0.0,,,,,,,,,Senwei Wang
Liga I,283,Romania,Regular Season - 3,False,2025-07-27,2246,2592,CFR 1907 Cluj,Arges Pitesti,0,2,0.0,1.0,,,,,,,,,A. Cojocaru
Liga I,283,Romania,Regular Season - 3,False,2025-07-27,6886,635,Oţelul,Dinamo Bucuresti,2,1,1.0,0.0,,,,,,,,,K. Szabolcs
Liga MX Femenil,673,Mexico,Apertura - 3,True,2025-07-27,14877,14868,León W,América W,0,3,0.0,2.0,,,,,,,,,Desconocido
Liga MX Femenil,673,Mexico,Apertura - 3,True,2025-07-27,14870,14880,Pumas UNAM W,Necaxa W,1,0,0.0,0.0,,,,,,,,,Desconocido
Liga Nacional,234,Honduras,Apertura - 2,True,2025-07-27,1050,1053,CD Marathon,Juticalpa,7,0,4.0,0.0,,,,,,,,,Armando Isaí Castro Oviedo
Liga Nacional,339,Guatemala,Apertura - 2,True,2025-07-27,3662,3657,Guastatoya,Cobán Imperial,0,1,0.0,0.0,,,,,,,,,Desconocido
Liga Nacional,234,Honduras,Apertura - 2,True,2025-07-27,19456,11682,Olancho,Victoria,3,0,2.0,0.0,,,,,,,,,Nelson Salgado
Liga Panameña de Fútbol,304,Panama,Clausura - 2,True,2025-07-27,2881,2889,Alianza FC,Sporting San Miguelito,2,1,2.0,1.0,,,,,,,,,Oliver Amet Vergara Rodriguez
Liga Panameña de Fútbol,304,Panama,Clausura - 2,True,2025-07-27,26157,15620,SD Atletico Nacional,Veraguas,0,2,0.0,1.0,,,,,,,,,José Carrasco
Liga Pro,242,Ecuador,Regular Season - 22,False,2025-07-27,1154,1153,Deportivo Cuenca,Independiente del Valle,0,3,0.0,1.0,,,,,,,,,"Guillermo Enrique Guerrero Alcivar, Ecuador"
Liga Pro,242,Ecuador,Regular Season - 22,False,2025-07-27,1155,1157,Macara,Universidad Catolica,1,4,1.0,2.0,,,,,,,,,"Russell Macario Teran Leon, Ecuador"
Liga Pro,242,Ecuador,Regular Season - 22,False,2025-07-27,1162,1151,Mushuc Runa SC,Tecnico Universitario,0,1,0.0,1.0,,,,,,,,,"Alex Fabricio Cajas Torres, Ecuador"
Liga Profesional Argentina,128,Argentina,2nd Phase - 3,True,2025-07-27,434,453,Gimnasia L.P.,Independiente,1,0,1.0,0.0,,,,,,,,,"Yael Falcon Perez, Argentina"
Liga Profesional Argentina,128,Argentina,2nd Phase - 3,True,2025-07-27,445,451,Huracan,Boca Juniors,1,0,0.0,0.0,,,,,,,,,"Leandro Rey Hilfer, Argentina"
Liga Profesional Argentina,128,Argentina,2nd Phase - 3,True,2025-07-27,435,460,River Plate,San Lorenzo,0,0,0.0,0.0,,,,,,,,,"Nicolas Ramirez, Argentina"
Liga Profesional Argentina,128,Argentina,2nd Phase - 3,True,2025-07-27,456,439,Talleres Cordoba,Godoy Cruz,0,0,0.0,0.0,,,,,,,,,"Luis Lobo Medina, Argentina"
MLS Next Pro,909,USA,Regular Season - 26,False,2025-07-27,4040,4004,Chicago Fire II,New York RB II,9,2,5.0,1.0,,,,,,,,,Natalie Simon
MLS Next Pro,909,USA,Regular Season - 26,False,2025-07-27,18811,4025,Columbus Crew II,Toronto II,1,2,0.0,0.0,,,,,,,,,Ryan Shanklin
MLS Next Pro,909,USA,Regular Season - 26,False,2025-07-27,10280,18812,Inter Miami II,FC Cincinnati II,0,3,0.0,1.0,,,,,,,,,Alyssa Pennington
MLS Next Pro,909,USA,Regular Season - 26,False,2025-07-27,21141,4019,Los Angeles FC II,Sporting KC II,1,3,0.0,1.0,,,,,,,,,Habeeb Hooshmand
MLS Next Pro,909,USA,Regular Season - 26,False,2025-07-27,18740,18814,St. Louis City II,Minnesota United II,4,0,2.0,0.0,,,,,,,,,Rachel Swett
MLS Next Pro,909,USA,Regular Season - 26,False,2025-07-27,4020,4011,Tacoma Defiance,Portland Timbers II,1,2,0.0,2.0,,,,,,,,,Mark Verso
Mineiro - 2,619,Brazil,2nd Phase - 6,True,2025-07-27,7824,13081,CAP,Democrata SL,1,1,1.0,1.0,,,,,,,,,Desconocido
Mineiro U20,1107,Brazil,1st Phase - 10,True,2025-07-27,25892,22833,Villa Real U20,Coimbra U20,1,2,1.0,1.0,,,,,,,,,Desconocido
NB I,271,Hungary,Regular Season - 1,False,2025-07-27,2403,2394,Nyiregyhaza,Kisvarda FC,1,1,0.0,1.0,,,,,,,,,Balazs Berke
NB I,271,Hungary,Regular Season - 1,False,2025-07-27,2390,2402,Paks,Gyori ETO FC,3,3,1.0,2.0,,,,,,,,,Márton Rúsz
NB I,271,Hungary,Regular Season - 1,False,2025-07-27,2391,2410,Puskas Academy,Kazincbarcikai,2,1,0.0,0.0,,,,,,,,,Jozsef Erdos
NB II,272,Hungary,Regular Season - 1,False,2025-07-27,5071,4714,BVSC,Ajka,4,0,2.0,0.0,,,,,,,,,Tamás Takács
NB II,272,Hungary,Regular Season - 1,False,2025-07-27,2399,5139,Budafoki LC,Szentlőrinc SE,1,1,0.0,1.0,,,,,,,,,Márió Zimmermann
NB II,272,Hungary,Regular Season - 1,False,2025-07-27,2420,2415,Kozarmisleny FC,Tiszakecske FC,0,2,0.0,0.0,,,,,,,,,Árpád Jakab
NB II,272,Hungary,Regular Season - 1,False,2025-07-27,2389,17289,Mezokovesd-zsory,Karcag SE,2,0,2.0,0.0,,,,,,,,,Balázs Katona
NB II,272,Hungary,Regular Season - 1,False,2025-07-27,2404,2406,Soroksar,Bekescsaba 1912,1,1,1.0,0.0,,,,,,,,,Tamas Sipos
NB II,272,Hungary,Regular Season - 1,False,2025-07-27,2418,5111,Szeged 2011,Kecskeméti TE,1,0,0.0,0.0,,,,,,,,,Gábor Iványi
NB II,272,Hungary,Regular Season - 1,False,2025-07-27,675,2409,Vasas,Csakvar,1,4,1.0,3.0,,,,,,,,,Attila Molnar
NB III - Northeast,633,Hungary,Northeast - 1,True,2025-07-27,2419,15198,Cigand SE,Tarpa,0,0,0.0,0.0,,,,,,,,,Desconocido
NB III - Northeast,633,Hungary,Northeast - 1,True,2025-07-27,5082,14122,DEAC,Kisvárda II,2,3,2.0,2.0,,,,,,,,,Tibor Kása
NB III - Northeast,633,Hungary,Northeast - 1,True,2025-07-27,13154,5128,Diósgyőr II,Putnok VSE,2,2,0.0,1.0,,,,,,,,,Desconocido
NB III - Northeast,633,Hungary,Northeast - 1,True,2025-07-27,11701,13153,Gödöllő,Debrecen II,3,1,2.0,1.0,,,,,,,,,Desconocido
NB III - Northeast,633,Hungary,Northeast - 1,True,2025-07-27,5147,24493,Tiszafuredi VSE,Füzesabony,1,1,0.0,0.0,,,,,,,,,Desconocido
NB III - Northeast,633,Hungary,Northeast - 1,True,2025-07-27,5149,5090,Tiszaújváros,FC Hatvan,3,3,1.0,1.0,,,,,,,,,Desconocido
NB III - Northeast,633,Hungary,Northeast - 1,True,2025-07-27,26196,5089,Ózd Sajóvölgye,Eger,1,1,0.0,0.0,,,,,,,,,Desconocido
NB III - Northwest,635,Hungary,Northwest - 1,True,2025-07-27,5073,2412,Balatonfüredi,MTE 1904,2,1,0.0,0.0,,,,,,,,,Desconocido
NB III - Northwest,635,Hungary,Northwest - 1,True,2025-07-27,7536,11860,Bicskei,Újpest II,0,1,0.0,0.0,,,,,,,,,Desconocido
NB III - Northwest,635,Hungary,Northwest - 1,True,2025-07-27,2401,10162,Dorogi FC,Budaörs,1,0,0.0,0.0,,,,,,,,,Desconocido
NB III - Northwest,635,Hungary,Northwest - 1,True,2025-07-27,2398,7557,Gyirmot SE,SC Sopron,4,1,3.0,0.0,,,,,,,,,Desconocido
NB III - Northwest,635,Hungary,Northwest - 1,True,2025-07-27,11851,13155,Gyori ETO II,Puskás II,1,3,0.0,1.0,,,,,,,,,Desconocido
NB III - Northwest,635,Hungary,Northwest - 1,True,2025-07-27,5129,15201,Pápai Perutz,Zsámbéki SK,6,1,1.0,1.0,,,,,,,,,Desconocido
NB III - Northwest,635,Hungary,Northwest - 1,True,2025-07-27,5145,5113,Tatabánya,Komárom,3,1,1.0,0.0,,,,,,,,,Desconocido
NB III - Northwest,635,Hungary,Northwest - 1,True,2025-07-27,7569,17285,Veszprém,Haladás VSE,1,1,1.0,0.0,,,,,,,,,Desconocido
NB III - Southeast,1023,Hungary,Southeast - 1,True,2025-07-27,5070,5081,BKV Előre,Csepel,0,1,0.0,1.0,,,,,,,,,Desconocido
NB III - Southeast,1023,Hungary,Southeast - 1,True,2025-07-27,5087,2411,ESMTK,Monori Se,0,0,0.0,0.0,,,,,,,,,Desconocido
NB III - Southeast,1023,Hungary,Southeast - 1,True,2025-07-27,11729,21857,Gyulai Termál,Szeged-Csanád II,5,1,1.0,1.0,,,,,,,,,Desconocido
NB III - Southeast,1023,Hungary,Southeast - 1,True,2025-07-27,11853,5083,Honvéd II,Dabas,1,1,0.0,0.0,,,,,,,,,Desconocido
NB III - Southeast,1023,Hungary,Southeast - 1,True,2025-07-27,5101,15199,Hódmezővásárhely,Tiszaföldvár,4,1,0.0,0.0,,,,,,,,,Desconocido
NB III - Southeast,1023,Hungary,Southeast - 1,True,2025-07-27,5102,17173,III. Kerületi TUE,Békéscsaba II,2,1,0.0,0.0,,,,,,,,,Desconocido
NB III - Southeast,1023,Hungary,Southeast - 1,True,2025-07-27,21856,5085,Martfűi LSE,Dunaharaszti MTK,1,2,1.0,0.0,,,,,,,,,Desconocido
NB III - Southeast,1023,Hungary,Southeast - 1,True,2025-07-27,7561,19462,Szegedi VSE,Vasas II,2,0,2.0,0.0,,,,,,,,,Desconocido
NB III - Southwest,634,Hungary,Southwest - 1,True,2025-07-27,5074,5123,Balatonlelle SE,Nagykanizsai ULE,0,4,0.0,0.0,,,,,,,,,Desconocido
NB III - Southwest,634,Hungary,Southwest - 1,True,2025-07-27,20889,5131,Dunaujvaros FC,Pénzügyőr,1,0,1.0,0.0,,,,,,,,,Desconocido
NB III - Southwest,634,Hungary,Southwest - 1,True,2025-07-27,11861,17064,Ferencváros II,MTK Budapest II,5,0,3.0,0.0,,,,,,,,,Desconocido
NB III - Southwest,634,Hungary,Southwest - 1,True,2025-07-27,2407,5127,Kaposvar,PTE-PEAC,2,1,1.0,1.0,,,,,,,,,Desconocido
NB III - Southwest,634,Hungary,Southwest - 1,True,2025-07-27,11784,21887,Majosi,Dombóvári,5,1,0.0,1.0,,,,,,,,,Desconocido
NB III - Southwest,634,Hungary,Southwest - 1,True,2025-07-27,5130,11856,Pécsi MFC,Paksi SE II,3,0,2.0,0.0,,,,,,,,,Desconocido
NB III - Southwest,634,Hungary,Southwest - 1,True,2025-07-27,2413,5104,Siofok,Iváncsa,1,1,1.0,0.0,,,,,,,,,Desconocido
NB III - Southwest,634,Hungary,Southwest - 1,True,2025-07-27,5138,5153,Szekszárd,Érdi VSE,1,0,0.0,0.0,,,,,,,,,Desconocido
NNSW League 1,1090,Australia,Regular Season - 11,False,2025-07-27,23506,23505,Wallsend Red Devils,Toronto Awaba Stags,3,5,1.0,3.0,,,,,,,,,Desconocido
New South Wales NPL,192,Australia,Regular Season - 25,False,2025-07-27,16772,3773,Central Coast II,Sydney FC U23,0,3,0.0,1.0,,,,,,,,,Desconocido
New South Wales NPL,192,Australia,Regular Season - 25,False,2025-07-27,3770,3776,Rockdale City Suns,Sydney United,0,0,0.0,0.0,,,,,,,,,Desconocido
New South Wales NPL,192,Australia,Regular Season - 25,False,2025-07-27,16779,3765,St. George Saints,Blacktown City,3,2,2.0,1.0,,,,,,,,,Desconocido
Northern NSW NPL,481,Australia,Regular Season - 12,False,2025-07-27,10201,23500,Adamstown Rosebuds,Belmont Swansea,0,2,0.0,0.0,,,,,,,,,Desconocido
Northern NSW NPL,481,Australia,Regular Season - 12,False,2025-07-27,10202,10204,Broadmeadow Magic,Edgeworth Eagles,1,0,0.0,0.0,,,,,,,,,Desconocido
Northern NSW NPL,481,Australia,Regular Season - 12,False,2025-07-27,10209,10208,Valentine,Maitland,1,6,1.0,2.0,,,,,,,,,Desconocido
Oberliga - Bayern Süd,939,Germany,Bayern Süd - 2,True,2025-07-27,12882,12807,Türkspor Augsburg,Kottern,0,1,0.0,1.0,,,,,,,,,Desconocido
Oberliga - Hamburg,745,Germany,Hamburg - 1,True,2025-07-27,12746,19471,Buchholz,Türkiye,7,1,3.0,0.0,,,,,,,,,Desconocido
Oberliga - Hamburg,745,Germany,Hamburg - 1,True,2025-07-27,13947,19470,Eimsbütteler TV,Harksheide,4,1,4.0,0.0,,,,,,,,,Desconocido
Oberliga - Hamburg,745,Germany,Hamburg - 1,True,2025-07-27,26173,26174,HT16,Nikola Tesla,1,3,0.0,2.0,,,,,,,,,Desconocido
Oberliga - Hamburg,745,Germany,Hamburg - 1,True,2025-07-27,17142,12890,Halstenbek-Rellingen,Victoria Hamburg,2,3,1.0,2.0,,,,,,,,,Desconocido
Oberliga - Hamburg,745,Germany,Hamburg - 1,True,2025-07-27,12828,12821,Paloma,Niendorfer TSV,0,3,0.0,3.0,,,,,,,,,Desconocido
Pacific Coast Soccer League,260,Canada,Final,True,2025-07-27,18919,18917,Victoria United,Kamloops Rivers II,1,3,1.0,1.0,,,,,,,,,Desconocido
Paraibano U20,1120,Brazil,Semi-finals,True,2025-07-27,12997,20748,Confiança PB U20,Botafogo PB U20,2,0,,,,,,,,,,,Desconocido
Paulista - U20,1086,Brazil,1st Phase - 13,True,2025-07-27,13012,12973,Guarani U20,São Paulo U20,1,2,1.0,0.0,,,,,,,,,Desconocido
Paulista - U20,1086,Brazil,1st Phase - 13,True,2025-07-27,13045,23485,Portuguesa U20,Referencia U20,2,2,0.0,1.0,,,,,,,,,Desconocido
Paulista Série B,1098,Brazil,2nd Phase - 5,True,2025-07-27,10029,25771,Batatais,Guarulhos,2,2,1.0,0.0,,,,,,,,,Desconocido
Premier League,569,Kyrgyzstan,Regular Season - 14,False,2025-07-27,8022,25766,Alay,Bishkek City,4,0,2.0,0.0,,,,,,,,,Desconocido
Premier League,235,Russia,Regular Season - 2,False,2025-07-27,555,1085,CSKA Moscow,Akhmat,2,1,2.0,1.0,,,,,,,,,"Sergey Ivanov, Russia"
Premier League,235,Russia,Regular Season - 2,False,2025-07-27,1080,6813,FC Orenburg,Dinamo Makhachkala,1,1,0.0,0.0,,,,,,,,,"Inal Tanashev, Russia"
Premier League,569,Kyrgyzstan,Regular Season - 14,False,2025-07-27,12240,8026,Neftchi,Dordoi Bishkek,0,1,0.0,0.0,,,,,,,,,Desconocido
Premier League,235,Russia,Regular Season - 2,False,2025-07-27,1083,596,Rubin,Zenit,2,2,0.0,2.0,,,,,,,,,"Aleksey Sukhoy, Russia"
Premier League,1031,Bhutan,Regular Season,False,2025-07-27,5593,5592,Transport United,Thimphu City,0,2,0.0,0.0,,,,,,,,,Desconocido
Premier League,389,Kazakhstan,Regular Season - 18,False,2025-07-27,21502,692,Turan Turkistan,Ordabasy,0,4,0.0,0.0,,,,,,,,,Anton Kuchma
Premier Soccer League,401,Zimbabwe,Regular Season - 23,False,2025-07-27,5218,5224,CAPS United,Highlanders,1,0,0.0,0.0,,,,,,,,,Desconocido
Premier Soccer League,401,Zimbabwe,Regular Season - 23,False,2025-07-27,5220,5221,Chicken Inn,Dynamos,3,0,2.0,0.0,,,,,,,,,Desconocido
Premier Soccer League,401,Zimbabwe,Regular Season - 23,False,2025-07-27,5227,21055,Manica Diamonds,Simba Bhora,1,1,0.0,1.0,,,,,,,,,Desconocido
Premier Soccer League,401,Zimbabwe,Regular Season - 23,False,2025-07-27,5232,23287,Triangle United,Bikita Minerals,3,0,1.0,0.0,,,,,,,,,Desconocido
Premijer Liga,315,Bosnia,Regular Season - 1,False,2025-07-27,3364,3377,Borac Banja Luka,Rudar Prijedor,6,0,2.0,0.0,,,,,,,,,I. Peljto
Premijer Liga,315,Bosnia,Regular Season - 1,False,2025-07-27,654,3359,Zeljeznicar Sarajevo,Radnik Bijeljina,1,1,1.0,1.0,,,,,,,,,N. Aleksic
Primeira Divisão,969,Macao,Relegation Round - 9,True,2025-07-27,25715,21197,Chiba,Lun Lok,3,0,0.0,0.0,,,,,,,,,Desconocido
Primeira Divisão,969,Macao,Relegation Round - 9,True,2025-07-27,23061,21196,Jia Hua,Hang Sai,3,1,0.0,1.0,,,,,,,,,Desconocido
Primera A,239,Colombia,Clausura - 4,True,2025-07-27,1129,1134,Envigado,Internacional de Bogota,1,1,0.0,0.0,,,,,,,,,"Mauricio Manuel Mercado Palencia, Colombia"
Primera A,239,Colombia,Clausura - 4,True,2025-07-27,1147,1141,Fortaleza FC,Alianza Valledupar,2,2,1.0,0.0,,,,,,,,,"Jonnathan Ortiz, Colombia"
Primera A,239,Colombia,Clausura - 4,True,2025-07-27,1465,1128,Union Magdalena,Independiente Medellin,0,2,0.0,1.0,,,,,,,,,"Jhon Alexander Ospina Londono, Colombia"
Primera B,266,Chile,Regular Season - 18,False,2025-07-27,2327,2333,Antofagasta,Santiago Wanderers,4,1,3.0,1.0,,,,,,,,,Claudio Díaz
Primera B,240,Colombia,Clausura - 3,True,2025-07-27,1458,1468,Bogota FC,Depor FC,2,0,2.0,0.0,,,,,,,,,Juan Camilo Hernández
Primera B,266,Chile,Regular Season - 18,False,2025-07-27,2344,2343,Rangers de Talca,Deportes Copiapo,0,0,0.0,0.0,,,,,,,,,Manuel Vergara
Primera B Metropolitana,131,Argentina,Clausura - 6,True,2025-07-27,1924,8387,Deportivo Laferrere,San Martín Burzaco,2,1,0.0,1.0,,,,,,,,,Adrián Núñez
Primera B Metropolitana,131,Argentina,Clausura - 6,True,2025-07-27,8374,1942,Fénix,Sacachispas,0,0,0.0,0.0,,,,,,,,,Rodrigo Villalba
Primera C,132,Argentina,Regular Season - 19,False,2025-07-27,1967,1964,Central Ballester,Victoriano Arenas,2,2,1.0,1.0,,,,,,,,,Desconocido
Primera C,132,Argentina,Regular Season - 19,False,2025-07-27,790,8386,Central Cordoba,Ituzaingó,0,0,0.0,0.0,,,,,,,,,Desconocido
Primera C,132,Argentina,Regular Season - 19,False,2025-07-27,8384,8378,El Porvenir,JJ Urquiza,0,0,0.0,0.0,,,,,,,,,Desconocido
Primera C,132,Argentina,Regular Season - 19,False,2025-07-27,23099,1937,Estrella Del Sur,Atletico Atlas,1,2,1.0,0.0,,,,,,,,,Desconocido
Primera C,132,Argentina,Regular Season - 19,False,2025-07-27,1940,8391,Leandro N. Alem,Claypole,0,1,0.0,1.0,,,,,,,,,Desconocido
Primera C,132,Argentina,Regular Season - 19,False,2025-07-27,18915,8381,Mercedes,Deportivo Español,3,0,2.0,0.0,,,,,,,,,Desconocido
Primera C,132,Argentina,Regular Season - 19,False,2025-07-27,8397,8382,Puerto Nuevo,Berazategui,0,4,0.0,1.0,,,,,,,,,Desconocido
Primera Division,370,El-Salvador,Apertura - 3,True,2025-07-27,4299,4303,Alianza,Firpo,3,3,2.0,1.0,,,,,,,,,Ismael Alexander Cornejo Meléndez
Primera Division,370,El-Salvador,Apertura - 3,True,2025-07-27,22157,4302,Fuerte San Francisco,FAS,0,8,0.0,4.0,,,,,,,,,Fermin Morales
Primera Division,370,El-Salvador,Apertura - 3,True,2025-07-27,26154,24530,Inter,Cacahuatique,1,2,1.0,0.0,,,,,,,,,Hector Salazar
Primera Division,370,El-Salvador,Apertura - 3,True,2025-07-27,26155,19763,Zacatecoluca,Platense,1,0,0.0,0.0,,,,,,,,,César Nolasco
Primera Division,370,El-Salvador,Apertura - 3,True,2025-07-27,4310,26156,Águila,Hércules,2,1,1.0,1.0,,,,,,,,,Elmer Martínez
Primera División,281,Peru,Clausura - 2,True,2025-07-27,2553,2560,Alianza Lima,Alianza Atletico,1,1,0.0,0.0,,,,,,,,,"Joel Alarcon, Peru"
Primera División,281,Peru,Clausura - 2,True,2025-07-27,2558,20960,Comerciantes Unidos,Deportivo Garcilaso,0,0,0.0,0.0,,,,,,,,,"Jesus Cartagena, Peru"
Primera División,265,Chile,Regular Season - 17,False,2025-07-27,2319,2329,Deportes Iquique,A. Italiano,1,0,0.0,0.0,,,,,,,,,"Rodrigo Carvajal, Chile"
Primera División,281,Peru,Clausura - 2,True,2025-07-27,2554,10013,FBC Melgar,Cusco,0,2,0.0,1.0,,,,,,,,,"Roberto Perez Gutierrez, Peru"
Primera División,265,Chile,Regular Season - 17,False,2025-07-27,2320,2315,O'Higgins,Colo Colo,1,1,0.0,1.0,,,,,,,,,"Nicolas Gamboa Reyes, Chile"
Primera División,265,Chile,Regular Season - 17,False,2025-07-27,2318,2321,Palestino,Union Espanola,1,0,0.0,0.0,,,,,,,,,"Juan Ignacio Lara Luco, Chile"
Primera División,162,Costa-Rica,Apertura - 1,True,2025-07-27,2047,822,Sporting San Jose,LD Alajuelense,1,2,0.0,1.0,,,,,,,,,Benjamín Pineda
Primera División,265,Chile,Regular Season - 17,False,2025-07-27,2994,2330,U. Catolica,Coquimbo Unido,0,3,0.0,2.0,,,,,,,,,"Diego Flores Seguel, Chile"
Primera Nacional,129,Argentina,Regular Season - 24,False,2025-07-27,1962,470,Alvarado,Ferro Carril Oeste,3,0,1.0,0.0,,,,,,,,,Franco Acita
Primera Nacional,129,Argentina,Regular Season - 24,False,2025-07-27,459,8379,Arsenal Sarandi,San Miguel,5,2,1.0,0.0,,,,,,,,,Julio César Barraza
Primera Nacional,129,Argentina,Regular Season - 24,False,2025-07-27,466,1951,Atletico Mitre,Central Norte,0,2,0.0,2.0,,,,,,,,,Adrián Franklin
Primera Nacional,129,Argentina,Regular Season - 24,False,2025-07-27,1946,8375,Chaco For Ever,Almirante Brown,2,1,0.0,0.0,,,,,,,,,Fabricio Llobet
Primera Nacional,129,Argentina,Regular Season - 24,False,2025-07-27,448,1066,Colon Santa Fe,Gimnasia M.,0,2,0.0,2.0,,,,,,,,,Pablo Dóvalo
Primera Nacional,129,Argentina,Regular Season - 24,False,2025-07-27,1945,462,Defensores Unidos,Agropecuario,3,2,0.0,1.0,,,,,,,,,Edgardo Daniel Zamora
Primera Nacional,129,Argentina,Regular Season - 24,False,2025-07-27,1954,3969,Deportivo Maipu,Club Atlético Güemes,1,1,1.0,0.0,,,,,,,,,Maximiliano Macheroni
Primera Nacional,129,Argentina,Regular Season - 24,False,2025-07-27,2424,484,Estudiantes de Rio Cuarto,Nueva Chicago,0,1,0.0,1.0,,,,,,,,,Lucas Cavallero
Primera Nacional,129,Argentina,Regular Season - 24,False,2025-07-27,454,479,Temperley,Gimnasia Jujuy,1,0,1.0,0.0,,,,,,,,,Pablo Giménez
Regionalliga - Bayern,83,Germany,Bayern - 1,True,2025-07-27,9326,12780,Buchbach,Hankofen-Hailing,3,0,1.0,0.0,,,,,,,,,Wolfgang Haslberger
Regionalliga - Nord,84,Germany,North - 1,True,2025-07-27,9340,9341,Hamburger SV II,Hannover 96 II,0,0,0.0,0.0,,,,,,,,,Mika Jungclaus
Regionalliga - Nord,84,Germany,North - 1,True,2025-07-27,9346,1623,St. Pauli II,SV Drochtersen/Assel,0,5,0.0,1.0,,,,,,,,,Bela Bendowski
Regionalliga - Nordost,85,Germany,Nordost - 1,True,2025-07-27,1651,21525,BSG Chemie Leipzig,Magdeburg II,0,2,0.0,0.0,,,,,,,,,Marko Wartmann
Regionalliga - Nordost,85,Germany,Nordost - 1,True,2025-07-27,1328,16118,Chemnitzer FC,Greifswalder FC,1,0,1.0,0.0,,,,,,,,,Johannes Drößler
Regionalliga - Nordost,85,Germany,Nordost - 1,True,2025-07-27,1622,1325,SV Babelsberg 03,FC Carl Zeiss Jena,1,4,0.0,3.0,,,,,,,,,Michael Näther
Regionalliga - West,87,Germany,West - 1,True,2025-07-27,12827,9367,Paderborn II,Borussia Dortmund II,3,0,0.0,0.0,,,,,,,,,Marcel Benkhoff
Second League,173,Bulgaria,Regular Season - 1,False,2025-07-27,1418,1415,Spartak Pleven,CSKA Sofia II,2,1,1.0,0.0,,,,,,,,,Desconocido
Second League - Group 2,652,Russia,Group 2 - 16,False,2025-07-27,24450,2003,Cherepovets,Spartak Moscow 2,4,0,2.0,0.0,,,,,,,,,Desconocido
Second League - Group 2,652,Russia,Group 2 - 16,False,2025-07-27,2014,6840,Chertanovo Moscow,Zvezda St. Petersburg,4,0,1.0,0.0,,,,,,,,,Desconocido
Second League - Group 2,652,Russia,Group 2 - 16,False,2025-07-27,19447,25868,Dinamo Vologda,Baltika II,1,4,1.0,1.0,,,,,,,,,Desconocido
Second League - Group 2,652,Russia,Group 2 - 16,False,2025-07-27,21539,17724,Irkutsk,Yenisey II,2,0,1.0,0.0,,,,,,,,,Desconocido
Second League - Group 2,652,Russia,Group 2 - 16,False,2025-07-27,6804,6812,Kolomna,Luki-Energiya,0,0,0.0,0.0,,,,,,,,,Desconocido
Second League - Group 2,652,Russia,Group 2 - 16,False,2025-07-27,19452,6830,Kosmos Dolgoprudny,Torpedo Vladimir,0,0,0.0,0.0,,,,,,,,,Desconocido
Second League - Group 2,652,Russia,Group 2 - 16,False,2025-07-27,2005,14120,Zenit 2,Tver,1,0,0.0,0.0,,,,,,,,,Desconocido
Second League - Group 4,653,Russia,Group 4 - 14,False,2025-07-27,1076,25866,Amkar,Chelyabinsk II,3,1,2.0,1.0,,,,,,,,,Desconocido
Second League - Group 4,653,Russia,Group 4 - 14,False,2025-07-27,6794,21535,Dinamo Barnaul,Akron II,3,2,2.0,1.0,,,,,,,,,Desconocido
Second League - Group 4,653,Russia,Group 4 - 14,False,2025-07-27,16858,14140,Khimik Dzerzhinsk,Krylya Sovetov II,1,0,1.0,0.0,,,,,,,,,Desconocido
Second League - Group 4,653,Russia,Group 4 - 14,False,2025-07-27,21032,14124,Rubin Kazan 2,Volna Nizhegorodskaya,1,2,0.0,1.0,,,,,,,,,Desconocido
Second League - Group 4,653,Russia,Group 4 - 14,False,2025-07-27,12887,14141,Ural II,Orenburg II,0,5,0.0,2.0,,,,,,,,,Desconocido
Second League - Group 4,653,Russia,Group 4 - 14,False,2025-07-27,21536,25867,Uralets Nizhnyi Tagil,KDV,0,0,0.0,0.0,,,,,,,,,Desconocido
Second League A - Division A Gold,1025,Russia,Fall Season Gold - 2,True,2025-07-27,6787,2004,Alaniya Vladikavkaz,Volgar Astrakhan,2,0,0.0,0.0,,,,,,,,,Yan Marushko
Second League A - Division A Gold,1025,Russia,Fall Season Gold - 2,True,2025-07-27,6819,6814,Novosibirsk,Mashuk-KMV,0,1,0.0,1.0,,,,,,,,,Sergey Fedotov
Second League A - Division A Gold,1025,Russia,Fall Season Gold - 2,True,2025-07-27,2000,6811,Tyumen,Leningradets,1,0,0.0,0.0,,,,,,,,,Roman Trukhanovich
Second League A - Division A Gold,1025,Russia,Fall Season Gold - 2,True,2025-07-27,6833,3984,Veles,Tekstilshchik,1,0,0.0,0.0,,,,,,,,,Maksim Skorochkin
Segunda División,282,Peru,Relegation Round - 2,True,2025-07-27,2543,2556,Academia Cantolao,Molinos El Pirata,2,1,2.0,0.0,,,,,,,,,Luis Ciriaco
Segunda División,269,Uruguay,2nd Phase - 12,True,2025-07-27,2378,2374,Albion FC,Tacuarembo,1,0,1.0,0.0,,,,,,,,,Pablo Silveira
Segunda División,282,Peru,Promotion Round - 2,True,2025-07-27,2551,2541,Carlos A. Mannucci,Cesar Vallejo,1,0,1.0,0.0,,,,,,,,,Micke Palomino
Segunda División,711,Chile,Regular Season - 15,False,2025-07-27,21114,2339,Concón National,D. Melipilla,0,1,0.0,1.0,,,,,,,,,Óscar Ávila
Segunda División,282,Peru,Relegation Round - 2,True,2025-07-27,10014,2549,Deportivo Llacuabamba,U. San Martin,4,1,1.0,1.0,,,,,,,,,Rudy Renzo Méndez Castro
Segunda División,269,Uruguay,2nd Phase - 12,True,2025-07-27,2370,2367,Deportivo Maldonado,Cerrito,1,0,0.0,0.0,,,,,,,,,Eduardo Varela
Segunda División,269,Uruguay,2nd Phase - 12,True,2025-07-27,2357,2368,Fenix,Central Espanol,2,0,1.0,0.0,,,,,,,,,Felipe Vikonis
Segunda División,711,Chile,Regular Season - 15,False,2025-07-27,18775,5646,Municipal Salamanca,Trasandino,1,0,1.0,0.0,,,,,,,,,Felipe Moya
Segunda División,269,Uruguay,2nd Phase - 12,True,2025-07-27,2354,2364,Rampla Juniors,Atenas,1,2,1.0,1.0,,,,,,,,,Federico Armán
Segunda División,711,Chile,Regular Season - 15,False,2025-07-27,21117,18776,Santiago City,Provincial Ovalle,1,2,0.0,1.0,,,,,,,,,Yerko Montenegro
Serie A,71,Brazil,Regular Season - 17,False,2025-07-27,118,152,Bahia,Juventude,3,0,1.0,0.0,,,,,,,,,"Matheus Delgado Candançan, Brazil"
Serie A,71,Brazil,Regular Season - 17,False,2025-07-27,135,129,Cruzeiro,Ceara,1,2,1.0,1.0,,,,,,,,,"Raphael Claus, Brazil"
Serie A,71,Brazil,Regular Season - 17,False,2025-07-27,127,1062,Flamengo,Atletico-MG,1,0,0.0,0.0,,,,,,,,,"Ramon Abatti Abel, Brazil"
Serie A,71,Brazil,Regular Season - 17,False,2025-07-27,119,133,Internacional,Vasco DA Gama,1,1,0.0,1.0,,,,,,,,,"Flavio Rodrigues De Souza, Brazil"
Serie A,71,Brazil,Regular Season - 17,False,2025-07-27,126,124,Sao Paulo,Fluminense,3,1,1.0,0.0,,,,,,,,,"Davi de Oliveira Lacerda, Brazil"
Serie B,72,Brazil,Regular Season - 19,False,2025-07-27,125,134,America Mineiro,Atletico Paranaense,2,2,0.0,1.0,,,,,,,,,"Marcelo de Lima Henrique, Brazil"
Serie B,72,Brazil,Regular Season - 19,False,2025-07-27,144,132,Atletico Goianiense,Chapecoense-sc,0,0,0.0,0.0,,,,,,,,,"Fabio Augusto Santos Sa Junior, Brazil"
Serie B,72,Brazil,Regular Season - 19,False,2025-07-27,147,10862,Coritiba,Amazonas,1,1,1.0,0.0,,,,,,,,,"Maguielson Lima Barbosa, Brazil"
Serie B,72,Brazil,Regular Season - 19,False,2025-07-27,7814,142,Volta Redonda,Vila Nova,2,1,1.0,0.0,,,,,,,,,"Bruno Pereira Vasconcelos, Brazil"
Serie C,75,Brazil,Regular Season - 14,False,2025-07-27,2204,7779,AO Itabaiana,Ituano,3,1,1.0,1.0,,,,,,,,,Paulo Henrique Schleinch Vollkopf
Serie C,75,Brazil,Regular Season - 14,False,2025-07-27,7770,139,Caxias,Ponte Preta,2,1,1.0,1.0,,,,,,,,,Emerson Souza Silva
Serie C,75,Brazil,Regular Season - 14,False,2025-07-27,137,7852,Figueirense,Anápolis,1,2,0.0,1.0,,,,,,,,,Léo Simão Holanda
Serie C,75,Brazil,Regular Season - 14,False,2025-07-27,7865,7772,São Bernardo,Confiança,1,1,0.0,1.0,,,,,,,,,Carlos Tadeu Ferreira de Castro
Serie D,76,Brazil,1st Phase - 14,True,2025-07-27,1207,1224,ASA,Juazeirense,3,0,3.0,0.0,,,,,,,,,Joanilson Scarcella de Lima
Serie D,76,Brazil,1st Phase - 14,True,2025-07-27,2233,12297,America-RN,Horizonte,2,0,2.0,0.0,,,,,,,,,Bruno Nogueira Prado
Serie D,76,Brazil,1st Phase - 14,True,2025-07-27,12939,10004,Azuriz,São Luiz,0,0,0.0,0.0,,,,,,,,,Cassia França de Souza
Serie D,76,Brazil,1st Phase - 14,True,2025-07-27,15103,22822,Barcelona BA,Penedense,0,1,0.0,0.0,,,,,,,,,Ideilon Helton Alves Lima
Serie D,76,Brazil,1st Phase - 14,True,2025-07-27,18271,141,Barra,Brasil DE Pelotas,0,1,0.0,1.0,,,,,,,,,Wesley Silva Santos
Serie D,76,Brazil,1st Phase - 14,True,2025-07-27,1195,2210,Ferroviario,Central SC,0,0,0.0,0.0,,,,,,,,,Wagner Francisco Silva Souza
Serie D,76,Brazil,1st Phase - 14,True,2025-07-27,12916,7879,GAS,Águia de Marabá,1,1,0.0,1.0,,,,,,,,,Angleison Marcos Vieira Monteiro
Serie D,76,Brazil,1st Phase - 14,True,2025-07-27,10049,795,Guarany de Bagé,Joinville,2,1,0.0,1.0,,,,,,,,,Victor Lucas Pereira Silva
Serie D,76,Brazil,1st Phase - 14,True,2025-07-27,10853,18308,Independência,Manauara,2,1,1.0,1.0,,,,,,,,,Hieger Túlio Cardoso
Serie D,76,Brazil,1st Phase - 14,True,2025-07-27,2214,7868,Manaus FC,Trem,1,0,0.0,0.0,,,,,,,,,Felipe da Silva Gonçalves Paludo
Serie D,76,Brazil,1st Phase - 14,True,2025-07-27,753,7787,Santa Cruz,Treze,3,0,2.0,0.0,,,,,,,,,Mayron Frederico dos Reis Novais
Serie D,76,Brazil,1st Phase - 14,True,2025-07-27,2232,10677,Sao Jose,Marcílio Dias,1,1,0.0,1.0,,,,,,,,,Alexandre Expedito Vieira da Silva Junior
Serie D,76,Brazil,1st Phase - 14,True,2025-07-27,2224,15104,Sergipe,Jequié,1,0,0.0,0.0,,,,,,,,,Murilo Tarrega Victor
Serie D,76,Brazil,1st Phase - 14,True,2025-07-27,7864,2222,Sousa,Santa Cruz RN,1,2,1.0,1.0,,,,,,,,,Michael Vinicius Santos Freitas
Serie D,76,Brazil,1st Phase - 14,True,2025-07-27,15611,10478,Tuna Luso,Humaitá,2,0,2.0,0.0,,,,,,,,,Mayco Roberto Silva
Serie D,76,Brazil,1st Phase - 14,True,2025-07-27,18362,10002,União Carmolandense,Lagarto,1,0,1.0,0.0,,,,,,,,,Tiago Ramos de Oliveira
Super Cup,1194,Tunisia,Semi-final,True,2025-07-27,992,991,US Monastirienne,Stade Tunisien,0,2,0.0,2.0,,,,,,,,,Bassem Belaid
Super League,169,China,Regular Season - 18,False,2025-07-27,834,21263,Changchun Yatai,Dalian Zhixing,0,2,0.0,1.0,,,,,,,,,"Zhao Liu, China"
Super League,207,Switzerland,Regular Season - 1,False,2025-07-27,606,1012,FC Lugano,FC Thun,1,2,1.0,0.0,,,,,,,,,"Lukas Fahndrich, Switzerland"
Super League,169,China,Regular Season - 18,False,2025-07-27,848,5695,Hangzhou Greentown,Wuhan Three Towns,3,2,0.0,1.0,,,,,,,,,"Yuchen Mu, China"
Super League,207,Switzerland,Regular Season - 1,False,2025-07-27,1014,2180,Lausanne,FC Winterthur,3,2,0.0,1.0,,,,,,,,,"Luca Cibelli, Switzerland"
Super League,391,Malawi,Regular Season - 10,False,2025-07-27,4599,4584,Nyasa Big Bullets,Blue Eagles,0,1,0.0,0.0,,,,,,,,,Desconocido
Super League,169,China,Regular Season - 18,False,2025-07-27,1431,837,Qingdao Jonoon,Tianjin Teda,2,0,1.0,0.0,,,,,,,,,"Qiangqiang Xu, China"
Super League,169,China,Regular Season - 18,False,2025-07-27,844,1439,Shandong Luneng,Meizhou Kejia,3,0,0.0,0.0,,,,,,,,,"Lei Zhang, China"
Super League,169,China,Regular Season - 18,False,2025-07-27,833,840,Shanghai Shenhua,Henan Jianye,3,2,2.0,1.0,,,,,,,,,"Liang Songshang, China"
Super League,391,Malawi,Regular Season - 10,False,2025-07-27,25894,11127,Songwe Border United,MAFCO,1,3,0.0,1.0,,,,,,,,,Desconocido
Super Liga,286,Serbia,Regular Season - 2,False,2025-07-27,2251,702,FK Spartak Zdrepceva KRV,Vojvodina,1,3,0.0,1.0,,,,,,,,,Lazar Lukić
Super Liga,286,Serbia,Regular Season - 2,False,2025-07-27,12316,2656,IMT Novi Beograd,Cukaricki,1,3,1.0,3.0,,,,,,,,,Srđan Jovanović
Super Liga,394,Moldova,Regular Season - 6,False,2025-07-27,691,5380,Milsami Orhei,Spartanii Selemet,3,1,3.0,0.0,,,,,,,,,Desconocido
Super Liga,286,Serbia,Regular Season - 2,False,2025-07-27,2655,2643,Napredak,Novi Pazar,2,2,1.0,0.0,,,,,,,,,Marko Ivković
Super Liga,394,Moldova,Regular Season - 6,False,2025-07-27,2271,5375,Petrocub,Dacia-Buiucani,2,1,1.0,1.0,,,,,,,,,Desconocido
Super Liga,332,Slovakia,Regular Season - 1,False,2025-07-27,3548,10534,Podbrezová,FK Košice,3,1,1.0,0.0,,,,,,,,,"Michal Smolak, Slovakia"
Super Liga,286,Serbia,Regular Season - 2,False,2025-07-27,2644,12360,Radnicki 1923,Železničar Pančevo,1,1,1.0,0.0,,,,,,,,,Miloš Milanović
Super Liga,394,Moldova,Regular Season - 6,False,2025-07-27,568,4633,Sheriff Tiraspol,Zimbru,2,3,1.0,2.0,,,,,,,,,Desconocido
Super Liga,332,Slovakia,Regular Season - 1,False,2025-07-27,10542,3554,Skalica,Žilina,0,0,0.0,0.0,,,,,,,,,"Balint Kiss, Slovakia"
Super Liga,332,Slovakia,Regular Season - 1,False,2025-07-27,1120,3549,Spartak Trnava,Ružomberok,3,0,1.0,0.0,,,,,,,,,"Filip Glova, Slovakia"
Superettan,114,Sweden,Regular Season - 16,False,2025-07-27,812,2176,Falkenbergs FF,Landskrona BoIS,1,1,0.0,0.0,,,,,,,,,"Pontus Olofsson, Sweden"
Superettan,114,Sweden,Regular Season - 16,False,2025-07-27,374,6706,Kalmar FF,Utsikten,1,0,0.0,0.0,,,,,,,,,"Fredrik Alknas, Sweden"
Superettan,114,Sweden,Regular Season - 16,False,2025-07-27,2166,376,Orgryte IS,Ostersunds FK,6,0,3.0,0.0,,,,,,,,,"Kaspar Sjoberg, Sweden"
Superliga,119,Denmark,Regular Season - 2,False,2025-07-27,398,407,FC Nordsjaelland,Brondby,0,1,0.0,1.0,,,,,,,,,M. Kristoffersen
Superliga,119,Denmark,Regular Season - 2,False,2025-07-27,405,2070,Odense,Viborg,3,1,1.0,0.0,,,,,,,,,M. Tykgaard
Superliga,119,Denmark,Regular Season - 2,False,2025-07-27,2073,2061,Silkeborg,FC Fredericia,0,2,0.0,2.0,,,,,,,,,M. Redder
Torneo Federal A,134,Argentina,2nd Round - 2,True,2025-07-27,21040,1961,9 de Julio Rafaela,Juventud Antoniana,2,0,0.0,0.0,,,,,,,,,Guillermo Adrián González
Torneo Federal A,134,Argentina,2nd Round - 2,True,2025-07-27,18764,1949,Argentino Monte Maíz,Cipolletti,2,0,2.0,0.0,,,,,,,,,José Sandoval
Torneo Federal A,134,Argentina,Lower Table Round - 2,True,2025-07-27,467,3968,Boca Unidos,Ben Hur,3,0,0.0,0.0,,,,,,,,,Rodrigo Héctor Rivero
Torneo Federal A,134,Argentina,Lower Table Round - 2,True,2025-07-27,477,21042,Estudiantes S.l.,San Martín Mendoza,1,2,0.0,2.0,,,,,,,,,Pablo Núñez
Torneo Federal A,134,Argentina,Lower Table Round - 2,True,2025-07-27,3972,472,Germinal de Rawson,Guillermo Brown,1,0,0.0,0.0,,,,,,,,,Marcelo Sanz
Torneo Federal A,134,Argentina,2nd Round - 2,True,2025-07-27,25758,789,Gimnasia Chivilcoy,Douglas Haig,1,0,1.0,0.0,,,,,,,,,Fernando Jesús Rekers
Torneo Federal A,134,Argentina,2nd Round - 2,True,2025-07-27,23255,1960,Sarmiento de La Banda,Independiente De Chivilcoy,2,1,0.0,1.0,,,,,,,,,José Díaz
Torneo Federal A,134,Argentina,Lower Table Round - 2,True,2025-07-27,1941,2428,Sol de Mayo,Huracan Las Heras,2,1,1.0,0.0,,,,,,,,,Diego Saúl Novelli
Torneo Federal A,134,Argentina,2nd Round - 2,True,2025-07-27,1938,16612,Villa Mitre,Ciudad de Bolívar,0,2,0.0,1.0,,,,,,,,,Maximiliano Manduca
Toto Cup Ligat Al,385,Israel,Group Stage - 2,False,2025-07-27,4481,6181,Bnei Sakhnin,Ironi Tiberias,1,1,1.0,0.0,,,,,,,,,O. Naal
Toto Cup Ligat Al,385,Israel,Group Stage - 2,False,2025-07-27,6186,2253,Maccabi Bnei Raina,Hapoel Haifa,3,4,1.0,0.0,,,,,,,,,Y. Klez
UEFA Championship - Women,743,World,Final,True,2025-07-27,1721,1736,England W,Spain W,1,1,0.0,1.0,,,,,,,,,Stéphanie Frappart
USL League Two,256,USA,Championship - Semi-finals,True,2025-07-27,18882,4052,Ballard,Flint City Bucks,2,1,0.0,0.0,,,,,,,,,Desconocido
USL League Two,256,USA,Championship - Semi-finals,True,2025-07-27,18912,23116,Vermont Green,Dothan United,0,0,0.0,0.0,,,,,,,,,Desconocido
Veikkausliiga,244,Finland,Regular Season - 17,False,2025-07-27,1164,689,Inter Turku,SJK,4,1,3.0,1.0,,,,,,,,,"Mohammad Al-Emara, Finland"
Virsliga,365,Latvia,Regular season - 24,False,2025-07-27,4149,18834,BFC Daugavpils,FS Jelgava,2,0,1.0,0.0,,,,,,,,,Aleksandrs Anufrijevs
Virsliga,365,Latvia,Regular season - 24,False,2025-07-27,661,4135,FK Liepaja,Auda,2,0,1.0,0.0,,,,,,,,,Andris Treimanis
Virsliga,365,Latvia,Regular season - 24,False,2025-07-27,10124,4159,Riga,Metta / LU,3,2,2.0,0.0,,,,,,,,,Vasilijs Mordatenko
Úrvalsdeild,164,Iceland,Regular Season - 16,False,2025-07-27,2117,278,Fram Reykjavik,Vikingur Reykjavik,2,2,1.0,1.0,,,,,,,,,Helgi Mikael Jónasson
Úrvalsdeild,164,Iceland,Regular Season - 16,False,2025-07-27,274,270,Valur Reykjavik,FH hafnarfjordur,3,1,1.0,0.0,,,,,,,,,Jóhann Ingi Jónsson
Úrvalsdeild,164,Iceland,Regular Season - 16,False,2025-07-27,4165,268,Vestri,IBV Vestmannaeyjar,2,0,2.0,0.0,,,,,,,,,Þórður Þorsteinn Þórðarson
1 Lyga,361,Lithuania,Regular Season - 17,False,2025-07-26,3857,3862,BFA,Jonava,0,0,0.0,0.0,,,,,,,,,Desconocido
1 Lyga,361,Lithuania,Regular Season - 17,False,2025-07-26,11885,18840,Tauras,FA Šiauliai II,4,0,3.0,0.0,,,,,,,,,Desconocido
1. Deild,165,Iceland,Regular Season - 14,False,2025-07-26,4166,2115,Völsungur,Selfoss,4,0,2.0,0.0,,,,,,,,,Sigurður Hjörtur Þrastarson
1. Division,104,Norway,Regular Season - 14,False,2025-07-26,757,7012,Aalesund,Moss,2,0,1.0,0.0,,,,,,,,,Harald Vollstad Sletner
1. Division,104,Norway,Regular Season - 14,False,2025-07-26,2148,2150,Asane,hodd,2,2,2.0,1.0,,,,,,,,,Mischa Huru Kellerhals
1. Division,117,Belarus,Regular Season - 17,False,2025-07-26,7802,16656,Bumprom,Niva,4,1,3.0,0.0,,,,,,,,,Nikita Shiyan
1. Division,104,Norway,Regular Season - 14,False,2025-07-26,6976,7006,Egersund,Lyn,0,5,0.0,1.0,,,,,,,,,Mohammad Hafezi
1. Division,120,Denmark,Regular Season - 2,False,2025-07-26,403,2072,Esbjerg,Hvidovre,2,1,1.0,1.0,,,,,,,,,Jacob Rasmussen
1. Division,120,Denmark,Regular Season - 2,False,2025-07-26,6026,402,Hillerød,Aalborg,2,2,1.0,2.0,,,,,,,,,Svend Funder
1. Division,117,Belarus,Regular Season - 17,False,2025-07-26,3387,23433,Lida,Gomel II,3,0,2.0,0.0,,,,,,,,,Evgeni Naumov
1. Division,117,Belarus,Regular Season - 17,False,2025-07-26,3388,3383,Lokomotiv Gomel,Baranovichi,1,0,0.0,0.0,,,,,,,,,Sergey Gorayutin
1. Division,104,Norway,Regular Season - 14,False,2025-07-26,2152,2144,Mjondalen,Kongsvinger,1,1,0.0,0.0,,,,,,,,,Abdulhadi Al Fahad
1. Division,117,Belarus,Regular Season - 17,False,2025-07-26,4273,11266,Osipovichy,Dinamo Minsk II,1,2,1.0,1.0,,,,,,,,,Aleksey Shipitsa
1. Division,117,Belarus,Regular Season - 17,False,2025-07-26,13149,3390,Ostrovets FC,Orsha,6,2,2.0,2.0,,,,,,,,,Vitali Poltarzhitskiy
1. Division,104,Norway,Regular Season - 14,False,2025-07-26,322,330,Ranheim,ODD Ballklubb,3,1,2.0,0.0,,,,,,,,,Ali Al-Hatem
1. Division,104,Norway,Regular Season - 14,False,2025-07-26,2153,2239,Raufoss,Skeid,1,1,0.0,1.0,,,,,,,,,Jan Morten Tennøy
1. Division,117,Belarus,Regular Season - 17,False,2025-07-26,3392,25809,Slonim,ABFF U19,1,3,0.0,2.0,,,,,,,,,Sergey Stetsurin
1. Division,104,Norway,Regular Season - 14,False,2025-07-26,758,323,Sogndal,Stabaek,1,1,1.0,0.0,,,,,,,,,Jørgen Haugen
1. Division,104,Norway,Regular Season - 14,False,2025-07-26,334,321,Start,Lillestrom,0,3,0.0,1.0,,,,,,,,,Magnus Nicolai Koløy
1. Liga,364,Latvia,Regular Season - 14,False,2025-07-26,18935,16835,Augšdaugava,Skanste,1,2,1.0,0.0,,,,,,,,,Desconocido
1. Liga,364,Latvia,Regular Season - 14,False,2025-07-26,21202,4152,JFK Ventspils,Progress / AFA Olaine,5,0,3.0,0.0,,,,,,,,,Desconocido
1. Liga,364,Latvia,Regular Season - 14,False,2025-07-26,18936,23266,Ogre United,Leevon / PPK,4,1,2.0,0.0,,,,,,,,,Desconocido
1. Liga,364,Latvia,Regular Season - 14,False,2025-07-26,25785,18835,Riga Mariners,Riga FC II,0,0,0.0,0.0,,,,,,,,,Desconocido
1. Liga,364,Latvia,Regular Season - 14,False,2025-07-26,4141,18836,Rēzekne FA,Rīgas FS II,0,0,0.0,0.0,,,,,,,,,Desconocido
1. SNL,373,Slovenia,Regular Season - 2,False,2025-07-26,4358,677,Aluminij,Olimpija Ljubljana,0,3,0.0,3.0,,,,,,,,,A. Matkovic
1. SNL,373,Slovenia,Regular Season - 2,False,2025-07-26,4359,4197,Bravo,Mura,2,0,1.0,0.0,,,,,,,,,M. Tozan
2. Deild,166,Iceland,Regular Season - 14,False,2025-07-26,6093,4167,Kormákur / Hvöt,Ægir,3,2,2.0,1.0,,,,,,,,,Desconocido
2. Deild,166,Iceland,Regular Season - 14,False,2025-07-26,828,18366,Vikingur Olafsiik,Fjardabyggd / Leiknir,3,2,2.0,1.0,,,,,,,,,Desconocido
2. Division - Group 2,474,Norway,Group 2 - 13,False,2025-07-26,6985,7001,Follo,Kjelsås,1,3,0.0,1.0,,,,,,,,,Bendik Haarberg
2. Division - Group 2,474,Norway,Group 2 - 13,False,2025-07-26,6993,6967,Grorud,Asker,5,0,1.0,0.0,,,,,,,,,Jonas Weiberg Sture
2. Division - Group 2,474,Norway,Group 2 - 13,False,2025-07-26,6998,2147,Hønefoss,Strommen,2,2,0.0,2.0,,,,,,,,,Karoline Marie Jensen
2. Division - Group 2,474,Norway,Group 2 - 13,False,2025-07-26,16229,2145,Rana,Levanger,1,0,1.0,0.0,,,,,,,,,Preben Øien
2. liga,506,Slovakia,Regular Season - 1,False,2025-07-26,10547,3553,Inter Bratislava,Zlaté Moravce,1,2,1.0,0.0,,,,,,,,,Jaroslav Sučka
2. liga,506,Slovakia,Regular Season - 1,False,2025-07-26,10536,14942,Liptovský Mikuláš,Baník Lehota p.Vtáčnikom,2,0,1.0,0.0,,,,,,,,,Desconocido
2. liga,506,Slovakia,Regular Season - 1,False,2025-07-26,10552,19398,Lokomotíva Zvolen,Stará Ľubovňa,2,2,0.0,1.0,,,,,,,,,D. Blaha
2. liga,506,Slovakia,Regular Season - 1,False,2025-07-26,10545,10546,Šamorín,Žilina II,2,3,0.0,1.0,,,,,,,,,Ladislav Matej Vrábeľ
3. Division - Girone 4,777,Norway,Group 4 - 13,False,2025-07-26,6990,16217,Fyllingsdalen,Bjarg,1,3,0.0,1.0,,,,,,,,,Desconocido
3. Division - Girone 4,777,Norway,Group 4 - 13,False,2025-07-26,18925,6981,Gneist,Fjøra,1,1,1.0,0.0,,,,,,,,,Desconocido
3. Division - Girone 4,777,Norway,Group 4 - 13,False,2025-07-26,25499,21354,Lyn II,Loddefjord,8,0,4.0,0.0,,,,,,,,,Desconocido
3. Division - Girone 4,777,Norway,Group 4 - 13,False,2025-07-26,23416,6980,Lyngbø,Fana,1,2,0.0,2.0,,,,,,,,,Desconocido
3. Division - Girone 5,778,Norway,Group 5 - 13,False,2025-07-26,18440,16216,Sandnes Ulf II,Djerv,1,3,1.0,1.0,,,,,,,,,Desconocido
3. Division - Girone 5,778,Norway,Group 5 - 13,False,2025-07-26,12860,16220,Staal Jørpeland,Stord,5,7,2.0,2.0,,,,,,,,,Desconocido
3. Division - Girone 5,778,Norway,Group 5 - 13,False,2025-07-26,12891,7047,Viking II,Vindbjart,2,3,2.0,0.0,,,,,,,,,Desconocido
3. Division - Girone 5,778,Norway,Group 5 - 13,False,2025-07-26,25500,6971,Våg,Brodd,3,0,2.0,0.0,,,,,,,,,Desconocido
3. Division - Girone 6,779,Norway,Group 6 - 13,False,2025-07-26,21349,7052,Drøbak / Frogn,Ørn Horten,0,1,0.0,0.0,,,,,,,,,Desconocido
3. Division - Girone 6,779,Norway,Group 6 - 13,False,2025-07-26,7004,6983,Kvik Halden,Flint,4,0,1.0,0.0,,,,,,,,,Desconocido
3. Division - Girone 6,779,Norway,Group 6 - 13,False,2025-07-26,16868,6986,SF Grei,Fram,1,2,0.0,1.0,,,,,,,,,Desconocido
Africa Cup of Nations - Women,922,World,Final,True,2025-07-26,14461,1730,Morocco W,Nigeria W,2,3,2.0,0.0,,,,,,,,,Antsino Twanyanyukwa
Alagoano U20,1110,Brazil,2nd Phase - 4,True,2025-07-26,23686,12990,ASA U20,CSA U20,1,1,1.0,0.0,,,,,,,,,Desconocido
Alagoano U20,1110,Brazil,2nd Phase - 4,True,2025-07-26,12963,20777,Jaciobá U20,Zumbi U20,0,0,0.0,0.0,,,,,,,,,Desconocido
All-Island Cup - Women,1013,World,Semi-finals,True,2025-07-26,21485,19837,Bohemians WFC W,Shelbourne W,2,2,1.0,1.0,,,,,,,,,Desconocido
Allsvenskan,113,Sweden,Regular Season - 17,False,2025-07-26,2172,378,Degerfors IF,IFK Norrkoping,0,0,0.0,0.0,,,,,,,,,"Oscar Johnson, Sweden"
Allsvenskan,113,Sweden,Regular Season - 17,False,2025-07-26,2170,766,Gais,Halmstad,3,0,2.0,0.0,,,,,,,,,"Kristoffer Karlsson, Sweden"
Allsvenskan,113,Sweden,Regular Season - 17,False,2025-07-26,371,375,IF Brommapojkarna,Malmo FF,2,3,1.0,1.0,,,,,,,,,"Adam Ladeback, Sweden"
Baiano U20,1073,Brazil,Quarter-finals,True,2025-07-26,12954,13017,Bahia U20,Jacuipense U20,2,0,0.0,0.0,,,,,,,,,Desconocido
Baiano U20,1073,Brazil,Quarter-finals,True,2025-07-26,23276,23274,Barcelona BA U20,Atlético Alagoinhas U20,2,3,2.0,2.0,,,,,,,,,Desconocido
Baiano U20,1073,Brazil,Quarter-finals,True,2025-07-26,23278,23283,Estrela De Marco U20,Leonico U20,4,1,2.0,0.0,,,,,,,,,Desconocido
Baiano U20,1073,Brazil,Quarter-finals,True,2025-07-26,25813,23285,Fluminense de Feira U20,Ypiranga BA U20,1,1,0.0,0.0,,,,,,,,,Desconocido
Brasiliense U20,1100,Brazil,Semi-finals,True,2025-07-26,18346,23609,Real Brasília U20,Brasiliense U20,0,1,0.0,0.0,,,,,,,,,Desconocido
Brisbane Premier League,191,Australia,Regular Season - 23,False,2025-07-26,25450,22921,Carina,Springfield United,1,3,,,,,,,,,,,Desconocido
Brisbane Premier League,191,Australia,Regular Season - 23,False,2025-07-26,3759,25451,North Pine,Yeronga Eagles,3,0,,,,,,,,,,,Desconocido
CONCACAF Caribbean Club Shield,534,World,Group Stage - 1,False,2025-07-26,26419,26227,AS Capoise,Academy Eagles,0,3,,,,,,,,,,,Desconocido
CONCACAF Caribbean Club Shield,534,World,Group Stage - 1,False,2025-07-26,26420,26423,Academia Quintana,Rovers SC,5,0,2.0,0.0,,,,,,,,,Desconocido
CONCACAF Caribbean Club Shield,534,World,Group Stage - 1,False,2025-07-26,8234,23373,Britannia,Paradise,1,1,0.0,1.0,,,,,,,,,Desconocido
CONCACAF Caribbean Club Shield,534,World,Group Stage - 1,False,2025-07-26,16617,3048,Moca,Etoile Matoury,1,0,1.0,0.0,,,,,,,,,Desconocido
CONCACAF Caribbean Club Shield,534,World,Group Stage - 1,False,2025-07-26,10971,26422,Real Rincon,La Clery FL,1,1,0.0,0.0,,,,,,,,,Desconocido
CONCACAF Caribbean Club Shield,534,World,Group Stage - 1,False,2025-07-26,16592,24053,St. Pauls United,Guyana Defence Force,0,2,0.0,1.0,,,,,,,,,Desconocido
Calcutta Premier Division,1020,India,Regular Season - 7,False,2025-07-26,3463,3467,East Bengal,Mohun Bagan,3,2,2.0,0.0,,,,,,,,,Desconocido
Canadian Premier League,479,Canada,Regular Season - 16,False,2025-07-26,2619,2623,Cavalry FC,York United,0,1,0.0,1.0,,,,,,,,,Fabrizio Stasolla
Canadian Premier League,479,Canada,Regular Season - 16,False,2025-07-26,2622,10169,Pacific FC,Atlético Ottawa,0,2,0.0,0.0,,,,,,,,,Thomas Noel
Canadian Soccer League,258,Canada,Regular Season - 5,False,2025-07-26,2019,23628,SC Scarborough,Unity ON,6,0,,,,,,,,,,,Desconocido
Canadian Soccer League,258,Canada,Regular Season - 5,False,2025-07-26,2016,26052,Serbian White Eagles,Manga Canada,4,2,0.0,1.0,,,,,,,,,Desconocido
Capital Territory NPL,189,Australia,Regular Season - 15,False,2025-07-26,18419,1448,O'Connor Knights,Canberra FC,2,3,0.0,2.0,,,,,,,,,Desconocido
Capital Territory NPL 2,1092,Australia,Regular Season - 15,False,2025-07-26,23517,1454,Canberra Juventus,Woden Vellet,6,3,4.0,0.0,,,,,,,,,Desconocido
Catarinense U20,1076,Brazil,1st Phase - 17,True,2025-07-26,12953,12999,Avaí U20,Criciuma U20,1,3,1.0,2.0,,,,,,,,,Desconocido
Catarinense U20,1076,Brazil,1st Phase - 17,True,2025-07-26,23321,23325,Barra SC U20,Nação U20,2,0,0.0,0.0,,,,,,,,,Desconocido
Catarinense U20,1076,Brazil,1st Phase - 17,True,2025-07-26,23322,12995,Brusque U20,Chapecoense U20,0,4,0.0,1.0,,,,,,,,,Desconocido
Catarinense U20,1076,Brazil,1st Phase - 17,True,2025-07-26,18329,13019,Concórdia U20,Joinville U20,1,3,1.0,1.0,,,,,,,,,Desconocido
Cearense - 3,1124,Brazil,1st Phase - 5,True,2025-07-26,7857,26142,Guarany de Sobral,Vila Real,0,1,0.0,0.0,,,,,,,,,Desconocido
Cearense U20,1112,Brazil,1st Phase - 5,True,2025-07-26,12985,23720,Atlético Cearense U20,Alianca U20,5,2,5.0,2.0,,,,,,,,,Desconocido
Cearense U20,1112,Brazil,1st Phase - 5,True,2025-07-26,13009,23724,Fortaleza U20,Caucaia U20,4,0,4.0,0.0,,,,,,,,,Desconocido
Challenge League,208,Switzerland,Regular Season - 1,False,2025-07-26,4269,2179,Stade Lausanne-Ouchy,FC WIL 1900,1,1,1.0,1.0,,,,,,,,,N. Gianforte
Chatham Cup,1127,New-Zealand,Quarter-finals,True,2025-07-26,24253,13977,Fencibles United,Eastern Suburbs,0,2,0.0,0.0,,,,,,,,,Desconocido
Chatham Cup,1127,New-Zealand,Quarter-finals,True,2025-07-26,20665,20650,Nelson Suburbs,Birkenhead United,2,1,0.0,0.0,,,,,,,,,Desconocido
Copa Espírito Santo,1097,Brazil,Semi-finals,True,2025-07-26,7837,10679,Vitória ES,Real Noroeste,2,0,2.0,0.0,,,,,,,,,Desconocido
Copa Paulista,742,Brazil,1st Round - 7,True,2025-07-26,10031,20714,Comercial,Itapirense,4,2,2.0,1.0,,,,,,,,,Desconocido
Copa Paulista,742,Brazil,1st Round - 7,True,2025-07-26,20713,10037,Grêmio Prudente,Noroeste,2,0,0.0,0.0,,,,,,,,,Desconocido
Copa Paulista,742,Brazil,1st Round - 7,True,2025-07-26,22951,7870,Rio Branco SP,XV de Piracicaba,0,0,0.0,0.0,,,,,,,,,Desconocido
Copa Paulista,742,Brazil,1st Round - 7,True,2025-07-26,10003,10026,Santo André,Taubaté,1,1,0.0,0.0,,,,,,,,,Desconocido
Copa Paulista,742,Brazil,1st Round - 7,True,2025-07-26,156,10038,Sao Bento,Paulista,0,2,0.0,1.0,,,,,,,,,Desconocido
Copa de la División Profesional,964,Bolivia,Copa Bolivia - 6,True,2025-07-26,15702,3707,Independiente Petrolero,Oriente Petrolero,1,0,0.0,0.0,,,,,,,,,J. C. Huanca
Copa de la División Profesional,964,Bolivia,Copa Bolivia - 6,True,2025-07-26,3706,3701,Nacional Potosí,Blooming,0,0,0.0,0.0,,,,,,,,,J. Revollo
Copa de la División Profesional,964,Bolivia,Copa Bolivia - 6,True,2025-07-26,17762,3704,Universitario de Vinto,Guabirá,2,2,0.0,0.0,,,,,,,,,J. Quintanilla
Coppa,486,Belarus,Round of 16,True,2025-07-26,380,386,FC Minsk,Dinamo Brest,2,3,1.0,2.0,,,,,,,,,Dmitri Markov
Coppa,486,Belarus,Round of 16,True,2025-07-26,379,391,FC Slutsk,FC Isloch Minsk R.,1,2,1.0,2.0,,,,,,,,,Nikita Kabak
Cup,680,Slovakia,1st Round,True,2025-07-26,26330,17258,Breznica,Raslavice,4,1,3.0,0.0,,,,,,,,,Desconocido
Cup,347,Czech-Republic,2nd Preliminary Round,True,2025-07-26,21903,3727,Cesky Tesin,Třinec,0,7,0.0,3.0,,,,,,,,,Desconocido
Cup,220,Austria,Round of 64,True,2025-07-26,17304,1401,Dinamo Helfort,SV Kapfenberg,1,2,1.0,1.0,,,,,,,,,Roman Smolinski
Cup,680,Slovakia,1st Round,True,2025-07-26,26768,14986,Druzstevnik Kral,Jesenské,0,9,0.0,5.0,,,,,,,,,Desconocido
Cup,680,Slovakia,1st Round,True,2025-07-26,19366,15023,FC Topoľčany,Piešťany,1,2,0.0,1.0,,,,,,,,,Desconocido
Cup,220,Austria,Round of 64,True,2025-07-26,26141,618,Hirschwang,SCR Altach,1,4,0.0,2.0,,,,,,,,,Safak Barmaksiz
Cup,347,Czech-Republic,2nd Preliminary Round,True,2025-07-26,16876,7297,Holešov,Hodonín,0,2,0.0,0.0,,,,,,,,,Desconocido
Cup,680,Slovakia,1st Round,True,2025-07-26,21747,14945,Horny Hricov,Belá,3,2,2.0,1.0,,,,,,,,,Desconocido
Cup,680,Slovakia,1st Round,True,2025-07-26,26770,21758,Hronec,Mikuláš-Palúdzka,0,3,0.0,2.0,,,,,,,,,Desconocido
Cup,220,Austria,Round of 64,True,2025-07-26,14714,1399,Kuchl,Austria Lustenau,2,3,1.0,1.0,,,,,,,,,Oliver Labmayer
Cup,220,Austria,Round of 64,True,2025-07-26,4975,8365,Lendorf,Donau,1,2,0.0,1.0,,,,,,,,,Thomas Ofner
Cup,680,Slovakia,1st Round,True,2025-07-26,21754,19368,Lovca,Hliník nad Hronom,1,0,0.0,0.0,,,,,,,,,Desconocido
Cup,657,Estonia,Round of 64,True,2025-07-26,14310,14318,Maardu Aliens,Poseidon,1,4,0.0,2.0,,,,,,,,,Desconocido
Cup,680,Slovakia,1st Round,True,2025-07-26,26774,15084,Male Levare,Vysoká pri Morave,0,8,0.0,4.0,,,,,,,,,Desconocido
Cup,680,Slovakia,1st Round,True,2025-07-26,26324,15097,Máj Černova,Švošov,0,0,0.0,0.0,,,,,,,,,Desconocido
Cup,347,Czech-Republic,2nd Preliminary Round,True,2025-07-26,7323,7377,Nový Jičín,Vsetín,1,3,1.0,1.0,,,,,,,,,Desconocido
Cup,220,Austria,Round of 64,True,2025-07-26,4979,5000,Oedt,Austria Salzburg,1,0,0.0,0.0,,,,,,,,,Isa Simsek
Cup,680,Slovakia,1st Round,True,2025-07-26,15026,26776,Pokrok Stará Bystrica,Novot,4,1,1.0,0.0,,,,,,,,,Desconocido
Cup,680,Slovakia,1st Round,True,2025-07-26,19385,16920,RENOP Liptovská Teplá,Závažná Poruba,2,0,2.0,0.0,,,,,,,,,Desconocido
Cup,220,Austria,Round of 64,True,2025-07-26,8288,4993,Retz,Stripfing,0,5,0.0,3.0,,,,,,,,,Sara Telek
Cup,220,Austria,Round of 64,True,2025-07-26,1402,1072,SV Lafnitz,TSV Hartberg,2,5,1.0,3.0,,,,,,,,,Markus Greinecker
Cup,347,Czech-Republic,2nd Preliminary Round,True,2025-07-26,7343,7363,Slavičín,Strání,1,3,1.0,2.0,,,,,,,,,Desconocido
Cup,680,Slovakia,1st Round,True,2025-07-26,15040,15021,Slovan Hlohovec,Pata,0,1,0.0,1.0,,,,,,,,,Desconocido
Cup,347,Czech-Republic,2nd Preliminary Round,True,2025-07-26,7351,3734,Sokol Lanžhot,Znojmo,2,1,1.0,1.0,,,,,,,,,Desconocido
Cup,347,Czech-Republic,2nd Preliminary Round,True,2025-07-26,20825,7280,Sparta Brno,Bzenec,5,0,2.0,0.0,,,,,,,,,Desconocido
Cup,680,Slovakia,1st Round,True,2025-07-26,26771,16915,Stiavnik,Teplička nad Váhom,2,3,1.0,2.0,,,,,,,,,Desconocido
Cup,347,Czech-Republic,2nd Preliminary Round,True,2025-07-26,26231,3732,Stonava,Vítkovice,1,6,0.0,4.0,,,,,,,,,Desconocido
Cup,657,Estonia,Round of 64,True,2025-07-26,18995,14283,Tabasalu Ulasabat,Eston Villa,13,0,7.0,0.0,,,,,,,,,Desconocido
Cup,657,Estonia,Round of 64,True,2025-07-26,24089,16738,Tallinna Kalev III,EstHam United,9,0,2.0,0.0,,,,,,,,,Timo Künnapas
Cup,657,Estonia,Round of 64,True,2025-07-26,23684,14327,Tamper,Rumori Calcio,4,2,2.0,1.0,,,,,,,,,Mark-Julius Pikat
Cup,347,Czech-Republic,2nd Preliminary Round,True,2025-07-26,7370,7300,Valašské Meziříčí,Hranice,1,3,0.0,2.0,,,,,,,,,Desconocido
Cup,347,Czech-Republic,2nd Preliminary Round,True,2025-07-26,16877,7293,Vratimov,Havířov,2,2,1.0,1.0,,,,,,,,,Desconocido
Cup,220,Austria,Round of 64,True,2025-07-26,4965,1026,Wiener SC,Lask Linz,0,4,0.0,4.0,,,,,,,,,Julian Schnur
Cup,220,Austria,Round of 64,True,2025-07-26,19193,571,Wohnbau Dietach,Red Bull Salzburg,0,4,0.0,1.0,,,,,,,,,Emil Ristoskov
Cup,680,Slovakia,1st Round,True,2025-07-26,15091,19382,Šalková,Prameň Dolná Strehová,3,2,2.0,2.0,,,,,,,,,Desconocido
Cup,680,Slovakia,1st Round,True,2025-07-26,15092,26790,Šašová,Slovan Halic,2,1,1.0,1.0,,,,,,,,,Desconocido
Czech Liga,345,Czech-Republic,Regular Season - 2,False,2025-07-26,3714,560,Bohemians 1905,Slavia Praha,0,2,0.0,1.0,,,,,,,,,"Ondrej Pechanec, Czechia"
Czech Liga,345,Czech-Republic,Regular Season - 2,False,2025-07-26,3723,3716,Hradec Králové,Karviná,1,2,1.0,1.0,,,,,,,,,"Ondrej Berka, Czechia"
Czech Liga,345,Czech-Republic,Regular Season - 2,False,2025-07-26,567,1122,Plzen,FK Jablonec,1,1,1.0,0.0,,,,,,,,,"Lukas Nehasil, Czechia"
Czech Liga,345,Czech-Republic,Regular Season - 2,False,2025-07-26,2250,3715,Sigma Olomouc,Dukla Praha,0,0,0.0,0.0,,,,,,,,,"Jan Petrik, Czechia"
Czech Liga,345,Czech-Republic,Regular Season - 2,False,2025-07-26,603,3719,Zlin,Slovácko,1,1,1.0,1.0,,,,,,,,,"Vojtech Opocensky, Czechia"
David Kipiani Cup,672,Georgia,Round of 16,True,2025-07-26,13847,10016,Meshakhte,Merani Martvili,3,1,1.0,1.0,,,,,,,,,Irakli Kherkhadze
David Kipiani Cup,672,Georgia,Round of 16,True,2025-07-26,13856,581,Odishi 1919,Samtredia,0,3,0.0,0.0,,,,,,,,,Jener Khorava
David Kipiani Cup,672,Georgia,Round of 16,True,2025-07-26,16516,3500,Shturmi,Lokomotivi Tbilisi,1,2,1.0,0.0,,,,,,,,,Ilia Izoria
Division Intermedia,251,Paraguay,Regular Season - 19,False,2025-07-26,1189,1180,Deportivo Santani,Deportivo Capiata,1,1,1.0,0.0,,,,,,,,,Dionicio Cristaldo Machuca
Division Intermedia,251,Paraguay,Regular Season - 19,False,2025-07-26,2135,23155,Resistencia,Encarnación,2,2,0.0,1.0,,,,,,,,,Marcos Galeano
Division Profesional - Clausura,252,Paraguay,Clausura - 4,True,2025-07-26,10476,1176,Deportivo Recoleta,Cerro Porteno,1,3,0.0,3.0,,,,,,,,,"David Ojeda, Paraguay"
Division Profesional - Clausura,252,Paraguay,Clausura - 4,True,2025-07-26,1187,1179,Sportivo Trinidense,Libertad Asuncion,0,2,0.0,1.0,,,,,,,,,"Derlis Lopez, Paraguay"
Druha Liga,336,Ukraine,Regular Season - 1,False,2025-07-26,26188,26187,Lisne,Atlet,3,0,3.0,0.0,,,,,,,,,Vitalii Soloviov
Druha Liga,336,Ukraine,Regular Season - 1,False,2025-07-26,6494,24587,Nyva Vinnytsya,Nyva Ternopil II,0,1,0.0,1.0,,,,,,,,,Vladyslav Hrytsai
Druha Liga,336,Ukraine,Regular Season - 1,False,2025-07-26,6497,6499,Real Pharm,Uzhhorod,1,1,1.0,1.0,,,,,,,,,Artem Artemenko
Druha Liga,336,Ukraine,Regular Season - 1,False,2025-07-26,26190,9148,Rebel,Chornomorets II,1,0,0.0,0.0,,,,,,,,,Yevhenii Makarenko
Druha Liga,336,Ukraine,Regular Season - 1,False,2025-07-26,21956,24589,Skala 1911 Stryi,Polissya II,1,3,0.0,0.0,,,,,,,,,Andrii Shevchuk
Druha Liga,336,Ukraine,Regular Season - 1,False,2025-07-26,24570,24566,Vilkhivtsi,Kulykiv,1,2,0.0,2.0,,,,,,,,,Ivan Mandziuk
Ekstraklasa,106,Poland,Regular Season - 2,False,2025-07-26,343,347,Lechia Gdansk,Lech Poznan,3,4,2.0,0.0,,,,,,,,,B. Frankowski
Ekstraklasa,106,Poland,Regular Season - 2,False,2025-07-26,349,340,Piast Gliwice,Gornik Zabrze,0,1,0.0,0.0,,,,,,,,,T. Kwiatkowski
Ekstraklasa,106,Poland,Regular Season - 2,False,2025-07-26,348,14562,Pogon Szczecin,Motor Lublin,4,1,2.0,1.0,,,,,,,,,P. Gryckiewicz
Eliteserien,103,Norway,Regular Season - 15,False,2025-07-26,327,326,Bodo/Glimt,Valerenga,7,2,2.0,1.0,,,,,,,,,"Sivert Amland, Norway"
Eliteserien,103,Norway,Regular Season - 15,False,2025-07-26,328,2159,Haugesund,Ham-Kam,0,3,0.0,2.0,,,,,,,,,"Mathias Stofringshaug, Norway"
Eliteserien,103,Norway,Regular Season - 15,False,2025-07-26,320,2143,Kristiansund BK,KFUM Oslo,0,5,0.0,2.0,,,,,,,,,"Mohammad Usman Aslam, Norway"
Eliteserien,103,Norway,Regular Season - 15,False,2025-07-26,332,333,Sandefjord,Sarpsborg 08 FF,3,2,2.0,0.0,,,,,,,,,"Stian Rovig Sletner, Norway"
Elitettan,736,Sweden,Regular Season - 11,False,2025-07-26,16002,16005,Bollstanäs W,Jitex W,0,3,0.0,1.0,,,,,,,,,Amane Kandas
Elitettan,736,Sweden,Regular Season - 11,False,2025-07-26,11078,21693,KIF Örebro W,Elfsborg W,2,1,1.0,1.0,,,,,,,,,Ludvig Hallström
Elitettan,736,Sweden,Regular Season - 11,False,2025-07-26,11082,17638,Uppsala W,Team TG FF W,1,0,0.0,0.0,,,,,,,,,Camilla Friberg
Esiliiga A,328,Estonia,Regular Season - 21,False,2025-07-26,3516,10168,Elva,Luunja,2,1,1.0,0.0,,,,,,,,,Mark-Oskar Arst
Esiliiga A,328,Estonia,Regular Season - 21,False,2025-07-26,3517,14287,FCI Levadia II,FC Tallinn,5,6,3.0,4.0,,,,,,,,,Kristjan-Eric Lääne
Esiliiga A,328,Estonia,Regular Season - 21,False,2025-07-26,3518,13826,Flora II,Nõmme Kalju II,1,2,0.0,0.0,,,,,,,,,Kevin Kaivoja
Esiliiga B,1126,Estonia,Regular Season - 21,False,2025-07-26,24235,24237,Kuressaare II,Johvi Phoenix,2,3,1.0,1.0,,,,,,,,,Desconocido
Esiliiga B,1126,Estonia,Regular Season - 21,False,2025-07-26,14309,13152,Läänemaa Haapsalu,Legion,0,4,0.0,2.0,,,,,,,,,Desconocido
Esiliiga B,1126,Estonia,Regular Season - 21,False,2025-07-26,25755,16962,Nõmme United II,Tartu Kalev,0,2,0.0,1.0,,,,,,,,,Desconocido
FAW Championship,111,Wales,North - 1,True,2025-07-26,5609,4909,Buckley Town,Airbus UK,0,3,0.0,1.0,,,,,,,,,Desconocido
FAW Championship,111,Wales,South - 1,True,2025-07-26,7586,2188,Cardiff Draconians,Ammanford AFC,0,1,0.0,0.0,,,,,,,,,Desconocido
FAW Championship,111,Wales,South - 1,True,2025-07-26,2190,359,Cwmbran Celtic,Carmarthen Town,0,4,0.0,2.0,,,,,,,,,Desconocido
FAW Championship,111,Wales,North - 1,True,2025-07-26,5615,5616,Gresford Athletic,Guilsfield,1,3,1.0,3.0,,,,,,,,,Desconocido
FAW Championship,111,Wales,North - 1,True,2025-07-26,6459,20360,Holywell,Flint Mountain,2,1,1.0,0.0,,,,,,,,,Desconocido
FAW Championship,111,Wales,South - 1,True,2025-07-26,2196,351,Llantwit Major,Aberystwyth Town,1,2,1.0,1.0,,,,,,,,,Desconocido
FAW Championship,111,Wales,North - 1,True,2025-07-26,6465,5620,Mold Alexandra,Penrhyncoch,2,2,1.0,1.0,,,,,,,,,Desconocido
FAW Championship,111,Wales,South - 1,True,2025-07-26,7601,5610,Ynyshir Albions,Caerau (Ely),1,4,1.0,3.0,,,,,,,,,Desconocido
FNL,346,Czech-Republic,Regular Season - 2,False,2025-07-26,3717,3736,Opava,České Budějovice,3,0,2.0,0.0,,,,,,,,,L. Glogar
First Division,358,Ireland,Regular Season - 24,False,2025-07-26,3853,3847,Longford Town,Bray Wanderers,1,2,1.0,1.0,,,,,,,,,Daryl Carolan
First League,172,Bulgaria,Regular Season - 2,False,2025-07-26,857,1426,Beroe,CSKA 1948,1,1,1.0,0.0,,,,,,,,,N. Popov
First League,172,Bulgaria,Regular Season - 2,False,2025-07-26,853,4660,CSKA Sofia,Spartak Varna,1,1,1.0,0.0,,,,,,,,,K. Kolev
First League,236,Russia,Regular Season - 2,False,2025-07-26,6790,2010,Chelyabinsk,Rotor Volgograd,1,0,0.0,0.0,,,,,,,,,V. Falov
First League,236,Russia,Regular Season - 2,False,2025-07-26,1995,3983,FK Sokol Saratov,Chayka,0,0,0.0,0.0,,,,,,,,,A. Lapatukhin
First League,236,Russia,Regular Season - 2,False,2025-07-26,6834,6801,Volga Ulyanovsk,KAMAZ,1,2,1.0,2.0,,,,,,,,,Y. Khromey
Football League - Highland League,730,Scotland,Highland League - 1,True,2025-07-26,6729,7452,Banks O' Dee,Turriff United,2,2,0.0,2.0,,,,,,,,,Jamie McCunnie
Football League - Highland League,730,Scotland,Highland League - 1,True,2025-07-26,1390,7447,Brechin,Lossiemouth,4,0,1.0,0.0,,,,,,,,,Ewan Pow
Football League - Highland League,730,Scotland,Highland League - 1,True,2025-07-26,6760,7449,Brora Rangers,Rothes,6,2,6.0,1.0,,,,,,,,,David Alexander
Football League - Highland League,730,Scotland,Highland League - 1,True,2025-07-26,7432,7448,Buckie Thistle,Nairn County,1,0,0.0,0.0,,,,,,,,,Scott Donohoe
Football League - Highland League,730,Scotland,Highland League - 1,True,2025-07-26,7438,7454,Deveronvale,Wick Academy,3,2,1.0,2.0,,,,,,,,,Olivia Crawford
Football League - Highland League,730,Scotland,Highland League - 1,True,2025-07-26,7441,7521,Forres Mechanics,Huntly,1,1,1.0,0.0,,,,,,,,,Lewis Brown
Football League - Highland League,730,Scotland,Highland League - 1,True,2025-07-26,6769,6768,Fraserburgh,Formartine United,2,2,1.0,2.0,,,,,,,,,Alex Ross
Football League - Highland League,730,Scotland,Highland League - 1,True,2025-07-26,7445,7435,Inverurie Loco Works,Clachnacuddin,0,5,0.0,0.0,,,,,,,,,Greg Soutar
Football League - Highland League,730,Scotland,Highland League - 1,True,2025-07-26,7451,7446,Strathspey Thistle,Keith,3,1,1.0,0.0,,,,,,,,,Robert Mackinnon
Football League - Lowland League,731,Scotland,Lowland League - 1,True,2025-07-26,6756,7436,Albion Rovers,Cumbernauld Colts,3,3,1.0,1.0,,,,,,,,,Gary Hanvidge
Football League - Lowland League,731,Scotland,Lowland League - 1,True,2025-07-26,6759,4667,Berwick Rangers,Cowdenbeath,2,0,1.0,0.0,,,,,,,,,Colin Whyte
Football League - Lowland League,731,Scotland,Lowland League - 1,True,2025-07-26,15597,7434,Bo'ness United,Civil Service Strollers,3,0,0.0,0.0,,,,,,,,,George Calder
Football League - Lowland League,731,Scotland,Lowland League - 1,True,2025-07-26,7431,7444,Bonnyrigg Rose Athletic,Gretna 2008,1,2,0.0,1.0,,,,,,,,,Lewis Hogarth
Football League - Lowland League,731,Scotland,Lowland League - 1,True,2025-07-26,7433,7450,Caledonian Braves,Stirling University,3,0,1.0,0.0,,,,,,,,,Abbie Hendry
Football League - Lowland League,731,Scotland,Lowland League - 1,True,2025-07-26,17025,7439,Clydebank,East Stirlingshire,2,0,1.0,0.0,,,,,,,,,Connor Ashwood
Football League - Lowland League,731,Scotland,Lowland League - 1,True,2025-07-26,6744,7443,Linlithgow Rose,Gala Fairydean Rovers,1,2,0.0,1.0,,,,,,,,,Jordan Curran
Friendlies Clubs,667,World,Club Friendlies 5,True,2025-07-26,745,497,1. FC Kaiserslautern,AS Roma,0,1,0.0,1.0,,,,,,,,,Desconocido
Friendlies Clubs,667,World,Club Friendlies 5,True,2025-07-26,179,161,1. FC Magdeburg,VfL Wolfsburg,3,4,1.0,1.0,,,,,,,,,Desconocido
Friendlies Clubs,667,World,Club Friendlies 3,True,2025-07-26,171,163,1. FC Nürnberg,Borussia Mönchengladbach,0,2,0.0,1.0,,,,,,,,,Desconocido
Friendlies Clubs,667,World,Club Friendlies 5,True,2025-07-26,167,181,1899 Hoffenheim,SV Darmstadt 98,5,1,1.0,0.0,,,,,,,,,Desconocido
Friendlies Clubs,667,World,Club Friendlies 5,True,2025-07-26,1839,1375,AFC Fylde,Morecambe,0,0,0.0,0.0,,,,,,,,,Desconocido
Friendlies Clubs,667,World,Club Friendlies 5,True,2025-07-26,4688,357,AFC Telford United,GAP Connah S Quay FC,6,1,4.0,0.0,,,,,,,,,Desconocido
Friendlies Clubs,667,World,Club Friendlies 5,True,2025-07-26,201,553,AZ Alkmaar,Olympiakos Piraeus,0,2,0.0,1.0,,,,,,,,,Desconocido
Friendlies Clubs,667,World,Club Friendlies 5,True,2025-07-26,238,6367,Academico Viseu,São João Ver,7,0,0.0,0.0,,,,,,,,,Desconocido
Friendlies Clubs,667,World,Club Friendlies 5,True,2025-07-26,1360,73,Accrington ST,Rotherham,4,1,3.0,0.0,,,,,,,,,Desconocido
Friendlies Clubs,667,World,Club Friendlies 5,True,2025-07-26,7268,14495,Admira Praha,Hradec Králové II,3,2,3.0,1.0,,,,,,,,,Desconocido
Friendlies Clubs,667,World,Club Friendlies 5,True,2025-07-26,542,5254,Alaves,Castellón,2,1,0.0,1.0,,,,,,,,,Desconocido
Friendlies Clubs,667,World,Club Friendlies 5,True,2025-07-26,4259,158,Alemannia Aachen,Fortuna Düsseldorf,0,4,0.0,2.0,,,,,,,,,Desconocido
Friendlies Clubs,667,World,Club Friendlies 5,True,2025-07-26,723,535,Almeria,Malaga,1,2,0.0,2.0,,,,,,,,,Desconocido
Friendlies Clubs,667,World,Club Friendlies 5,True,2025-07-26,4724,244,Alverca,Leixoes,1,0,,,,,,,,,,,Desconocido
Friendlies Clubs,667,World,Club Friendlies 5,True,2025-07-26,87,104,Amiens,RED Star FC 93,0,2,0.0,1.0,,,,,,,,,Desconocido
Friendlies Clubs,667,World,Club Friendlies 5,True,2025-07-26,11110,16128,Armagh City,St. James' Swifts,1,2,0.0,0.0,,,,,,,,,Desconocido
Friendlies Clubs,667,World,Club Friendlies 5,True,2025-07-26,188,91,Arminia Bielefeld,Monaco,0,3,0.0,1.0,,,,,,,,,Desconocido
Friendlies Clubs,667,World,Club Friendlies 5,True,2025-07-26,7693,1841,Ashton United,FC Halifax Town,0,0,0.0,0.0,,,,,,,,,Desconocido
Friendlies Clubs,667,World,Club Friendlies 5,True,2025-07-26,22104,499,Atalanta II,Atalanta,0,1,0.0,0.0,,,,,,,,,Desconocido
Friendlies Clubs,667,World,Club Friendlies 5,True,2025-07-26,15847,6220,Atert Bissen,Liège,0,2,0.0,0.0,,,,,,,,,Desconocido
Friendlies Clubs,667,World,Club Friendlies 5,True,2025-07-26,9579,799,Athletic Club II,Mirandes,1,0,1.0,0.0,,,,,,,,,Desconocido
Friendlies Clubs,667,World,Club Friendlies 5,True,2025-07-26,4260,1330,Atlas Delmenhorst,Werder Bremen II,1,4,1.0,2.0,,,,,,,,,Desconocido
Friendlies Clubs,667,World,Club Friendlies 5,True,2025-07-26,528,487,Avellino,Lazio,0,1,0.0,0.0,,,,,,,,,Desconocido
Friendlies Clubs,667,World,Club Friendlies 5,True,2025-07-26,9359,21500,Bahlinger SC,Denzlingen,4,1,1.0,1.0,,,,,,,,,Desconocido
Friendlies Clubs,667,World,Club Friendlies 3,True,2025-07-26,7696,1834,Banbury United,Solihull Moors,0,4,0.0,1.0,,,,,,,,,Desconocido
Friendlies Clubs,667,World,Club Friendlies 5,True,2025-07-26,1271,3930,Barendrecht,Kloetinge,1,1,0.0,0.0,,,,,,,,,Desconocido
Friendlies Clubs,667,World,Club Friendlies 5,True,2025-07-26,508,9510,Bari,Campobasso FC,1,0,1.0,0.0,,,,,,,,,Desconocido
Friendlies Clubs,667,World,Club Friendlies 5,True,2025-07-26,12735,1635,Barockstadt Fulda-Lehn.,FC Schweinfurt 05,3,1,1.0,1.0,,,,,,,,,Desconocido
Friendlies Clubs,667,World,Club Friendlies 5,True,2025-07-26,1819,1339,Barrow,Rochdale,1,0,0.0,0.0,,,,,,,,,Desconocido
Friendlies Clubs,667,World,Club Friendlies 5,True,2025-07-26,7615,11914,Basingstoke Town,Reading U21,1,1,0.0,0.0,,,,,,,,,Desconocido
Friendlies Clubs,667,World,Club Friendlies 5,True,2025-07-26,6614,10592,Bassecourt,La Chaux-de-Fonds,2,2,,,,,,,,,,,Desconocido
Friendlies Clubs,667,World,Club Friendlies 5,True,2025-07-26,1305,82,Bastia,Montpellier,0,1,0.0,0.0,,,,,,,,,Desconocido
Friendlies Clubs,667,World,Club Friendlies 3,True,2025-07-26,8657,1377,Bath City,Yeovil Town,1,3,0.0,3.0,,,,,,,,,Desconocido
Friendlies Clubs,667,World,Club Friendlies 5,True,2025-07-26,3153,431,Beauvais,Quevilly,0,1,0.0,0.0,,,,,,,,,Desconocido
Friendlies Clubs,667,World,Club Friendlies 5,True,2025-07-26,7212,7699,Bedfont Sports,Beaconsfield Town,1,3,,,,,,,,,,,Desconocido
Friendlies Clubs,667,World,Club Friendlies 5,True,2025-07-26,7617,7731,Belper Town,Matlock Town,1,4,0.0,2.0,,,,,,,,,Desconocido
Friendlies Clubs,667,World,Club Friendlies 1,True,2025-07-26,211,611,Benfica,Fenerbahçe,3,2,2.0,1.0,,,,,,,,,Hélder Carvalho
Friendlies Clubs,667,World,Club Friendlies 5,True,2025-07-26,68,59,Bolton,Preston,2,0,0.0,0.0,,,,,,,,,Desconocido
Friendlies Clubs,667,World,Club Friendlies 5,True,2025-07-26,1299,5805,Boulogne,Francs Borains,1,0,1.0,0.0,,,,,,,,,Desconocido
Friendlies Clubs,667,World,Club Friendlies 5,True,2025-07-26,430,9974,Bourg-en-bresse 01,Racing Besançon,5,0,,,,,,,,,,,Desconocido
Friendlies Clubs,667,World,Club Friendlies 5,True,2025-07-26,8724,7723,Broadbridge Heath,Horsham,0,1,0.0,0.0,,,,,,,,,Desconocido
Friendlies Clubs,667,World,Club Friendlies 3,True,2025-07-26,1832,58,Bromley,Millwall,1,2,0.0,0.0,,,,,,,,,Desconocido
Friendlies Clubs,667,World,Club Friendlies 5,True,2025-07-26,6012,2060,Brønshøj,AB Copenhagen,0,1,0.0,0.0,,,,,,,,,Desconocido
Friendlies Clubs,667,World,Club Friendlies 5,True,2025-07-26,9580,5251,Burgos,Barakaldo,2,0,0.0,0.0,,,,,,,,,Desconocido
Friendlies Clubs,667,World,Club Friendlies 5,True,2025-07-26,748,69,Burton Albion,Derby,2,1,1.0,0.0,,,,,,,,,Desconocido
Friendlies Clubs,667,World,Club Friendlies 5,True,2025-07-26,7706,7197,Buxton,Manchester City U21,3,2,1.0,0.0,,,,,,,,,Desconocido
Friendlies Clubs,667,World,Club Friendlies 5,True,2025-07-26,724,715,Cadiz,Granada CF,1,1,0.0,1.0,,,,,,,,,Desconocido
Friendlies Clubs,667,World,Club Friendlies 5,True,2025-07-26,356,16998,Caernarfon Town,Wythenshawe Town,4,0,,,,,,,,,,,Desconocido
Friendlies Clubs,667,World,Club Friendlies 5,True,2025-07-26,1370,1335,Cambridge United,Charlton,1,1,0.0,1.0,,,,,,,,,Desconocido
Friendlies Clubs,667,World,Club Friendlies 5,True,2025-07-26,7623,7218,Canvey Island,Cambridge City,0,2,0.0,1.0,,,,,,,,,Desconocido
Friendlies Clubs,667,World,Club Friendlies 5,True,2025-07-26,5350,5338,Carrick Rangers,Ards,2,2,2.0,0.0,,,,,,,,,Desconocido
Friendlies Clubs,667,World,Club Friendlies 5,True,2025-07-26,4716,216,Casa Pia,Portimonense,0,0,0.0,0.0,,,,,,,,,Desconocido
Friendlies Clubs,667,World,Club Friendlies 5,True,2025-07-26,8737,7224,Chatham Town,East Grinstead Town,2,1,2.0,1.0,,,,,,,,,Desconocido
Friendlies Clubs,667,World,Club Friendlies 5,True,2025-07-26,4702,4684,Chesham United,Oxford City,1,0,1.0,0.0,,,,,,,,,Desconocido
Friendlies Clubs,667,World,Club Friendlies 5,True,2025-07-26,1345,62,Chesterfield,Sheffield Utd,1,4,1.0,3.0,,,,,,,,,Desconocido
Friendlies Clubs,667,World,Club Friendlies 5,True,2025-07-26,7628,7717,Chichester City,Gosport Borough,1,0,0.0,0.0,,,,,,,,,Desconocido
Friendlies Clubs,667,World,Club Friendlies 5,True,2025-07-26,99,108,Clermont Foot,Auxerre,2,3,1.0,2.0,,,,,,,,,Desconocido
Friendlies Clubs,667,World,Club Friendlies 5,True,2025-07-26,14130,7192,Club Brugge II,Chelsea U21,3,2,2.0,0.0,,,,,,,,,Desconocido
Friendlies Clubs,667,World,Club Friendlies 5,True,2025-07-26,2315,720,Colo Colo,Valladolid,0,1,0.0,0.0,,,,,,,,,Desconocido
Friendlies Clubs,667,World,Club Friendlies 5,True,2025-07-26,5611,8712,Colwyn Bay,Bootle,4,3,3.0,2.0,,,,,,,,,Desconocido
Friendlies Clubs,667,World,Club Friendlies 5,True,2025-07-26,1300,88,Concarneau,Caen,1,0,0.0,0.0,,,,,,,,,Desconocido
Friendlies Clubs,667,World,Club Friendlies 5,True,2025-07-26,7711,7206,Cray Wanderers,Ashford United,3,2,0.0,1.0,,,,,,,,,Desconocido
Friendlies Clubs,667,World,Club Friendlies 5,True,2025-07-26,8760,8695,Crowborough Athletic,Balham,1,1,1.0,1.0,,,,,,,,,Desconocido
Friendlies Clubs,667,World,Club Friendlies 5,True,2025-07-26,6260,1238,DEM,RKAV Volendam,3,5,1.0,3.0,,,,,,,,,Desconocido
Friendlies Clubs,667,World,Club Friendlies 5,True,2025-07-26,10157,4700,Darlington 1883,Altrincham,3,1,1.0,0.0,,,,,,,,,Desconocido
Friendlies Clubs,667,World,Club Friendlies 5,True,2025-07-26,4690,1347,Dartford,Gillingham,0,2,0.0,2.0,,,,,,,,,Desconocido
Friendlies Clubs,667,World,Club Friendlies 5,True,2025-07-26,1354,1356,Doncaster,Blackpool,1,1,0.0,1.0,,,,,,,,,Desconocido
Friendlies Clubs,667,World,Club Friendlies 3,True,2025-07-26,8659,1818,Dorking Wanderers,Aldershot Town,0,2,0.0,2.0,,,,,,,,,Desconocido
Friendlies Clubs,667,World,Club Friendlies 5,True,2025-07-26,1829,7619,Dover,Bracknell Town,3,3,0.0,3.0,,,,,,,,,Desconocido
Friendlies Clubs,667,World,Club Friendlies 5,True,2025-07-26,5351,5353,Dungannon Swifts,Institute,0,0,0.0,0.0,,,,,,,,,Desconocido
Friendlies Clubs,667,World,Club Friendlies 5,True,2025-07-26,7639,1823,Dunston UTS,Gateshead,0,1,0.0,1.0,,,,,,,,,Desconocido
Friendlies Clubs,667,World,Club Friendlies 5,True,2025-07-26,4704,7725,Eastbourne Borough,Kingstonian,2,2,1.0,1.0,,,,,,,,,Desconocido
Friendlies Clubs,667,World,Club Friendlies 5,True,2025-07-26,1822,1353,Eastleigh,Swindon Town,2,3,2.0,1.0,,,,,,,,,Desconocido
Friendlies Clubs,667,World,Club Friendlies 5,True,2025-07-26,1235,1249,Eemdijk,Spakenburg,1,4,0.0,1.0,,,,,,,,,Desconocido
Friendlies Clubs,667,World,Club Friendlies 5,True,2025-07-26,169,66,Eintracht Frankfurt,Aston Villa,2,2,1.0,1.0,,,,,,,,,Desconocido
Friendlies Clubs,667,World,Club Friendlies 5,True,2025-07-26,1627,12800,Eintracht Trier,Kaiserslautern II,3,2,1.0,0.0,,,,,,,,,Desconocido
Friendlies Clubs,667,World,Club Friendlies 5,True,2025-07-26,511,527,Empoli,Virtus Entella,1,2,1.0,1.0,,,,,,,,,Desconocido
Friendlies Clubs,667,World,Club Friendlies 5,True,2025-07-26,190,1320,Erzgebirge Aue,Energie Cottbus,2,0,1.0,0.0,,,,,,,,,Desconocido
Friendlies Clubs,667,World,Club Friendlies 5,True,2025-07-26,540,41,Espanyol,Southampton,2,1,0.0,0.0,,,,,,,,,Desconocido
Friendlies Clubs,667,World,Club Friendlies 5,True,2025-07-26,230,761,Estoril,Sporting CP B,2,3,0.0,0.0,,,,,,,,,Desconocido
Friendlies Clubs,667,World,Club Friendlies 3,True,2025-07-26,1364,76,Exeter City,Swansea,1,0,0.0,0.0,,,,,,,,,Desconocido
Friendlies Clubs,667,World,Club Friendlies 2,True,2025-07-26,8157,2897,FC Andorra,Al-Rayyan SC,1,0,0.0,0.0,,,,,,,,,Desconocido
Friendlies Clubs,667,World,Club Friendlies 5,True,2025-07-26,1626,9364,FC Astoria Walldorf,Hoffenheim II,0,0,0.0,0.0,,,,,,,,,Desconocido
Friendlies Clubs,667,World,Club Friendlies 3,True,2025-07-26,422,1277,FC Eindhoven,De Treffers,1,0,0.0,0.0,,,,,,,,,Desconocido
Friendlies Clubs,667,World,Club Friendlies 5,True,2025-07-26,9362,1332,FC Gießen,FSV Frankfurt,1,2,0.0,1.0,,,,,,,,,Desconocido
Friendlies Clubs,667,World,Club Friendlies 5,True,2025-07-26,184,180,FC Ingolstadt 04,1. FC Heidenheim,2,3,1.0,2.0,,,,,,,,,Desconocido
Friendlies Clubs,667,World,Club Friendlies 1,True,2025-07-26,1400,209,FC Liefering,Feyenoord,2,0,1.0,0.0,,,,,,,,,Desconocido
Friendlies Clubs,667,World,Club Friendlies 5,True,2025-07-26,1257,1248,FC Lisse,Rijnsburgse Boys,2,4,1.0,1.0,,,,,,,,,Desconocido
Friendlies Clubs,667,World,Club Friendlies 5,True,2025-07-26,174,536,FC Schalke 04,Sevilla,2,4,0.0,2.0,,,,,,,,,Desconocido
Friendlies Clubs,667,World,Club Friendlies 5,True,2025-07-26,1331,1656,FSV Mainz 05 II,TSV Steinbach,1,4,0.0,4.0,,,,,,,,,Desconocido
Friendlies Clubs,667,World,Club Friendlies 5,True,2025-07-26,242,4744,Famalicao,Felgueiras 1932,0,1,0.0,0.0,,,,,,,,,Desconocido
Friendlies Clubs,667,World,Club Friendlies 5,True,2025-07-26,231,17692,Farense,CF Os Belenenses,0,2,,,,,,,,,,,Desconocido
Friendlies Clubs,667,World,Club Friendlies 5,True,2025-07-26,213,229,Feirense,Benfica B,5,2,,,,,,,,,,,Desconocido
Friendlies Clubs,667,World,Club Friendlies 5,True,2025-07-26,209,84,Feyenoord,Nice,1,2,1.0,1.0,,,,,,,,,Desconocido
Friendlies Clubs,667,World,Club Friendlies 5,True,2025-07-26,1336,669,Fleetwood Town,Coleraine FC,2,1,2.0,0.0,,,,,,,,,Desconocido
Friendlies Clubs,667,World,Club Friendlies 5,True,2025-07-26,3179,1298,Fleury 91,Le Mans,1,2,0.0,1.0,,,,,,,,,Desconocido
Friendlies Clubs,667,World,Club Friendlies 5,True,2025-07-26,5614,7236,Flint Town United,Ilkeston Town,0,4,0.0,0.0,,,,,,,,,Desconocido
Friendlies Clubs,667,World,Club Friendlies 5,True,2025-07-26,1378,1342,Forest Green,Walsall,0,3,0.0,2.0,,,,,,,,,Desconocido
Friendlies Clubs,667,World,Club Friendlies 5,True,2025-07-26,6018,2066,Frem,Naestved,3,0,1.0,0.0,,,,,,,,,Desconocido
Friendlies Clubs,667,World,Club Friendlies 5,True,2025-07-26,2065,399,Fremad Amager,Vendsyssel FF,2,2,1.0,0.0,,,,,,,,,Desconocido
Friendlies Clubs,667,World,Club Friendlies 5,True,2025-07-26,7226,8147,Frome Town,Chippenham Town,0,1,0.0,0.0,,,,,,,,,Desconocido
Friendlies Clubs,667,World,Club Friendlies 5,True,2025-07-26,36,65,Fulham,Nottingham Forest,3,1,2.0,0.0,,,,,,,,,Desconocido
Friendlies Clubs,667,World,Club Friendlies 5,True,2025-07-26,410,2904,GO Ahead Eagles,Al-Duhail SC,4,2,1.0,0.0,,,,,,,,,Desconocido
Friendlies Clubs,667,World,Club Friendlies 5,True,2025-07-26,3892,1276,GOES,Hoek,0,5,0.0,4.0,,,,,,,,,Desconocido
Friendlies Clubs,667,World,Club Friendlies 1,True,2025-07-26,645,95,Galatasaray,Strasbourg,3,1,1.0,0.0,,,,,,,,,Desconocido
Friendlies Clubs,667,World,Club Friendlies 5,True,2025-07-26,495,1693,Genoa,Mantova,3,2,0.0,1.0,,,,,,,,,Desconocido
Friendlies Clubs,667,World,Club Friendlies 5,True,2025-07-26,546,718,Getafe,Oviedo,1,1,0.0,1.0,,,,,,,,,Desconocido
Friendlies Clubs,667,World,Club Friendlies 5,True,2025-07-26,2275,583,Glenavon FC,Linfield,3,0,1.0,0.0,,,,,,,,,Desconocido
Friendlies Clubs,667,World,Club Friendlies 5,True,2025-07-26,5352,1820,Glentoran,Chester,1,1,0.0,1.0,,,,,,,,,Desconocido
Friendlies Clubs,667,World,Club Friendlies 5,True,2025-07-26,8653,9010,Gloucester City,Worcester City,2,1,1.0,1.0,,,,,,,,,Desconocido
Friendlies Clubs,667,World,Club Friendlies 5,True,2025-07-26,9238,3162,Gobelins,Chantilly,2,1,1.0,1.0,,,,,,,,,Desconocido
Friendlies Clubs,667,World,Club Friendlies 5,True,2025-07-26,1365,1350,Grimsby,Peterborough,3,2,2.0,0.0,,,,,,,,,Desconocido
Friendlies Clubs,667,World,Club Friendlies 5,True,2025-07-26,202,263,Groningen,Beerschot VA,3,1,2.0,1.0,,,,,,,,,Desconocido
Friendlies Clubs,667,World,Club Friendlies 5,True,2025-07-26,2278,711,Guadalajara Chivas,Alcorcon,0,4,0.0,0.0,,,,,,,,,Desconocido
Friendlies Clubs,667,World,Club Friendlies 5,True,2025-07-26,232,6358,Guimaraes B,Lusitânia Lourosa,3,3,,,,,,,,,,,Desconocido
Friendlies Clubs,667,World,Club Friendlies 5,True,2025-07-26,90,97,Guingamp,Lorient,1,1,1.0,0.0,,,,,,,,,Desconocido
Friendlies Clubs,667,World,Club Friendlies 5,True,2025-07-26,5343,5348,H&W Welders,Portadown,1,6,1.0,3.0,,,,,,,,,Desconocido
Friendlies Clubs,667,World,Club Friendlies 5,True,2025-07-26,1278,1273,HHC,SC Genemuiden,5,0,3.0,0.0,,,,,,,,,Desconocido
Friendlies Clubs,667,World,Club Friendlies 5,True,2025-07-26,14550,1648,Hadamar,TuS Koblenz,1,1,0.0,0.0,,,,,,,,,Desconocido
Friendlies Clubs,667,World,Club Friendlies 5,True,2025-07-26,7644,4701,Halesowen Town,Brackley Town,0,4,0.0,2.0,,,,,,,,,Desconocido
Friendlies Clubs,667,World,Club Friendlies 5,True,2025-07-26,175,80,Hamburger SV,Lyon,0,4,0.0,3.0,,,,,,,,,Desconocido
Friendlies Clubs,667,World,Club Friendlies 5,True,2025-07-26,166,490,Hannover 96,Cagliari,2,0,1.0,0.0,,,,,,,,,Desconocido
Friendlies Clubs,667,World,Club Friendlies 5,True,2025-07-26,7645,4685,Hanwell Town,Slough Town,1,4,0.0,1.0,,,,,,,,,Desconocido
Friendlies Clubs,667,World,Club Friendlies 5,True,2025-07-26,1842,1371,Harrogate Town,Carlisle,0,2,0.0,2.0,,,,,,,,,Desconocido
Friendlies Clubs,667,World,Club Friendlies 5,True,2025-07-26,1366,14430,Hartlepool,Leeds United U21,3,0,0.0,0.0,,,,,,,,,Desconocido
Friendlies Clubs,667,World,Club Friendlies 5,True,2025-07-26,1843,1821,Havant & Wville,Dagenham & Redbridge,2,2,1.0,1.0,,,,,,,,,Desconocido
Friendlies Clubs,667,World,Club Friendlies 5,True,2025-07-26,254,746,Heart Of Midlothian,Sunderland,3,0,1.0,0.0,,,,,,,,,Desconocido
Friendlies Clubs,667,World,Club Friendlies 5,True,2025-07-26,4693,7690,Heybridge Swifts,AFC Hornchurch,1,6,0.0,2.0,,,,,,,,,Desconocido
Friendlies Clubs,667,World,Club Friendlies 5,True,2025-07-26,9344,18384,Holstein Kiel II,Dynamo Schwerin,0,0,0.0,0.0,,,,,,,,,Desconocido
Friendlies Clubs,667,World,Club Friendlies 5,True,2025-07-26,1281,3911,Hsc 21,ACV,2,1,0.0,0.0,,,,,,,,,Desconocido
Friendlies Clubs,667,World,Club Friendlies 5,True,2025-07-26,37,44,Huddersfield,Burnley,0,2,0.0,0.0,,,,,,,,,Desconocido
Friendlies Clubs,667,World,Club Friendlies 5,True,2025-07-26,1016,6256,Istra 1961,Orijent 1919,2,1,0.0,0.0,,,,,,,,,Desconocido
Friendlies Clubs,667,World,Club Friendlies 5,True,2025-07-26,785,1652,Karlsruher SC,SSV Ulm 1846,1,1,1.0,1.0,,,,,,,,,Desconocido
Friendlies Clubs,667,World,Club Friendlies 5,True,2025-07-26,1237,1246,Katwijk,Koninklijke HFC,0,0,0.0,0.0,,,,,,,,,Desconocido
Friendlies Clubs,667,World,Club Friendlies 5,True,2025-07-26,7307,14473,Kladno,Bohemians 1905 II,5,0,4.0,0.0,,,,,,,,,Desconocido
Friendlies Clubs,667,World,Club Friendlies 5,True,2025-07-26,3627,14434,Kolos Kovalivka,Epitsentr Dunayivtsi,5,0,1.0,0.0,,,,,,,,,Desconocido
Friendlies Clubs,667,World,Club Friendlies 5,True,2025-07-26,734,105,Kortrijk,Valenciennes,2,1,1.0,1.0,,,,,,,,,Desconocido
Friendlies Clubs,667,World,Club Friendlies 5,True,2025-07-26,111,77,Le Havre,Angers,0,0,0.0,0.0,,,,,,,,,Desconocido
Friendlies Clubs,667,World,Club Friendlies 5,True,2025-07-26,7727,4678,Leiston,Billericay Town,2,3,1.0,2.0,,,,,,,,,Desconocido
Friendlies Clubs,667,World,Club Friendlies 5,True,2025-07-26,116,112,Lens,Metz,2,1,1.0,0.0,,,,,,,,,Desconocido
Friendlies Clubs,667,World,Club Friendlies 5,True,2025-07-26,7728,7761,Lewes,Worthing,2,2,1.0,0.0,,,,,,,,,Desconocido
Friendlies Clubs,667,World,Club Friendlies 5,True,2025-07-26,1379,60,Lincoln,West Brom,4,2,2.0,0.0,,,,,,,,,Desconocido
Friendlies Clubs,667,World,Club Friendlies 1,True,2025-07-26,40,489,Liverpool,AC Milan,2,4,1.0,1.0,,,,,,,,,Ping Wun Tam
Friendlies Clubs,667,World,Club Friendlies 5,True,2025-07-26,12104,8725,London Lions,Broadfields United,2,4,,,,,,,,,,,Desconocido
Friendlies Clubs,667,World,Club Friendlies 5,True,2025-07-26,8856,7743,Long Eaton United,Rushall Olympic,2,3,2.0,1.0,,,,,,,,,Desconocido
Friendlies Clubs,667,World,Club Friendlies 1,True,2025-07-26,1359,47,Luton,Tottenham,0,0,0.0,0.0,,,,,,,,,Tom Nield
Friendlies Clubs,667,World,Club Friendlies 5,True,2025-07-26,412,738,MVV,SK Beveren,1,0,1.0,0.0,,,,,,,,,Desconocido
Friendlies Clubs,667,World,Club Friendlies 5,True,2025-07-26,1825,20083,Maidstone Utd,Colchester United U21,4,0,3.0,0.0,,,,,,,,,Desconocido
Friendlies Clubs,667,World,Club Friendlies 5,True,2025-07-26,7656,1828,Marine,York,0,1,0.0,1.0,,,,,,,,,Desconocido
Friendlies Clubs,667,World,Club Friendlies 5,True,2025-07-26,3200,98,Martigues,Ajaccio,1,1,,,,,,,,,,,Desconocido
Friendlies Clubs,667,World,Club Friendlies 5,True,2025-07-26,899,24686,Modena,Cittadella Vis Modena,6,0,4.0,0.0,,,,,,,,,Desconocido
Friendlies Clubs,667,World,Club Friendlies 5,True,2025-07-26,8874,4683,Molesey,Metropolitan Police,1,3,0.0,1.0,,,,,,,,,Desconocido
Friendlies Clubs,667,World,Club Friendlies 5,True,2025-07-26,215,223,Moreirense,Chaves,0,0,0.0,0.0,,,,,,,,,Desconocido
Friendlies Clubs,667,World,Club Friendlies 5,True,2025-07-26,11117,2266,Moyola Park,Cliftonville FC,1,2,0.0,1.0,,,,,,,,,Desconocido
Friendlies Clubs,667,World,Club Friendlies 5,True,2025-07-26,203,416,NAC Breda,FC Volendam,6,1,2.0,0.0,,,,,,,,,Desconocido
Friendlies Clubs,667,World,Club Friendlies 5,True,2025-07-26,413,619,NEC Nijmegen,PAOK,2,3,1.0,2.0,,,,,,,,,Desconocido
Friendlies Clubs,667,World,Club Friendlies 5,True,2025-07-26,102,1309,Nancy,Epinal,3,2,2.0,0.0,,,,,,,,,Desconocido
Friendlies Clubs,667,World,Club Friendlies 5,True,2025-07-26,492,1687,Napoli,Catanzaro,2,1,2.0,0.0,,,,,,,,,Desconocido
Friendlies Clubs,667,World,Club Friendlies 5,True,2025-07-26,7735,7207,Needham Market,Aveley,2,2,1.0,1.0,,,,,,,,,Desconocido
Friendlies Clubs,667,World,Club Friendlies 5,True,2025-07-26,10282,14278,North Texas,Tapatío,3,1,2.0,1.0,,,,,,,,,Desconocido
Friendlies Clubs,667,World,Club Friendlies 5,True,2025-07-26,1337,54,Northampton,Birmingham,3,0,1.0,0.0,,,,,,,,,Desconocido
Friendlies Clubs,667,World,Club Friendlies 5,True,2025-07-26,7243,7722,Northwood,Hendon,0,1,0.0,0.0,,,,,,,,,Desconocido
Friendlies Clubs,667,World,Club Friendlies 5,True,2025-07-26,1376,43,Notts County,Cardiff,2,2,0.0,1.0,,,,,,,,,Desconocido
Friendlies Clubs,667,World,Club Friendlies 5,True,2025-07-26,3630,17165,Obolon'-Brovar,SK Poltava,1,1,,,,,,,,,,,Desconocido
Friendlies Clubs,667,World,Club Friendlies 5,True,2025-07-26,1349,1343,Oldham,Bradford,0,1,0.0,0.0,,,,,,,,,Desconocido
Friendlies Clubs,667,World,Club Friendlies 5,True,2025-07-26,727,726,Osasuna,Huesca,0,2,0.0,1.0,,,,,,,,,Desconocido
Friendlies Clubs,667,World,Club Friendlies 5,True,2025-07-26,9612,544,Ourense CF,Deportivo La Coruna,0,2,0.0,1.0,,,,,,,,,Desconocido
Friendlies Clubs,667,World,Club Friendlies 5,True,2025-07-26,1338,1334,Oxford United,Bristol Rovers,0,1,0.0,0.0,,,,,,,,,Desconocido
Friendlies Clubs,667,World,Club Friendlies 5,True,2025-07-26,1297,545,PAU,Eibar,0,0,0.0,0.0,,,,,,,,,Desconocido
Friendlies Clubs,667,World,Club Friendlies 5,True,2025-07-26,193,728,PEC Zwolle,Rayo Vallecano,0,5,0.0,3.0,,,,,,,,,Desconocido
Friendlies Clubs,667,World,Club Friendlies 1,True,2025-07-26,197,531,PSV Eindhoven,Athletic Club,2,1,1.0,1.0,,,,,,,,,Allard Lindhout
Friendlies Clubs,667,World,Club Friendlies 5,True,2025-07-26,234,4799,Pacos Ferreira,Torreense,2,1,0.0,0.0,,,,,,,,,Desconocido
Friendlies Clubs,667,World,Club Friendlies 5,True,2025-07-26,6222,417,Patro Eisden,Waalwijk,1,0,1.0,0.0,,,,,,,,,Desconocido
Friendlies Clubs,667,World,Club Friendlies 5,True,2025-07-26,693,6290,Pelister,Ohrid,2,0,0.0,0.0,,,,,,,,,Desconocido
Friendlies Clubs,667,World,Club Friendlies 5,True,2025-07-26,2191,4711,Penybont,Taunton Town,1,1,1.0,0.0,,,,,,,,,Desconocido
Friendlies Clubs,667,World,Club Friendlies 5,True,2025-07-26,7737,8146,Peterborough Sports,Boston United,1,0,1.0,0.0,,,,,,,,,Desconocido
Friendlies Clubs,667,World,Club Friendlies 5,True,2025-07-26,1357,56,Plymouth,Bristol City,0,2,0.0,2.0,,,,,,,,,Desconocido
Friendlies Clubs,667,World,Club Friendlies 5,True,2025-07-26,9407,725,Pontevedra,Cultural Leonesa,0,1,0.0,0.0,,,,,,,,,Desconocido
Friendlies Clubs,667,World,Club Friendlies 3,True,2025-07-26,1351,54,Port Vale,Birmingham,0,2,0.0,1.0,,,,,,,,,Desconocido
Friendlies Clubs,667,World,Club Friendlies 5,True,2025-07-26,7739,8660,Potters Bar Town,Hemel Hempstead Town,1,3,1.0,1.0,,,,,,,,,Desconocido
Friendlies Clubs,667,World,Club Friendlies 5,True,2025-07-26,1313,1620,Preußen Münster,FC Viktoria Köln,1,1,0.0,0.0,,,,,,,,,Desconocido
Friendlies Clubs,667,World,Club Friendlies 5,True,2025-07-26,658,115,Progres Niederkorn,Sochaux,0,3,0.0,0.0,,,,,,,,,Desconocido
Friendlies Clubs,667,World,Club Friendlies 5,True,2025-07-26,72,210,QPR,Heerenveen,2,2,1.0,0.0,,,,,,,,,Desconocido
Friendlies Clubs,667,World,Club Friendlies 5,True,2025-07-26,173,96,RB Leipzig,Toulouse,7,0,5.0,0.0,,,,,,,,,Desconocido
Friendlies Clubs,667,World,Club Friendlies 5,True,2025-07-26,8904,8656,Racing Club Warwick,Leamington,1,2,0.0,0.0,,,,,,,,,Desconocido
Friendlies Clubs,667,World,Club Friendlies 5,True,2025-07-26,4665,731,Racing Santander,Sporting Gijon,2,0,2.0,0.0,,,,,,,,,Desconocido
Friendlies Clubs,667,World,Club Friendlies 5,True,2025-07-26,7740,1344,Radcliffe,Bury,3,2,1.0,1.0,,,,,,,,,Desconocido
Friendlies Clubs,667,World,Club Friendlies 3,True,2025-07-26,257,70,Rangers,Middlesbrough,2,2,0.0,1.0,,,,,,,,,Desconocido
Friendlies Clubs,667,World,Club Friendlies 5,True,2025-07-26,53,1355,Reading,Portsmouth,0,4,0.0,3.0,,,,,,,,,Desconocido
Friendlies Clubs,667,World,Club Friendlies 5,True,2025-07-26,21712,4680,Real Bedford,Hampton & Richmond,2,1,1.0,0.0,,,,,,,,,Desconocido
Friendlies Clubs,667,World,Club Friendlies 5,True,2025-07-26,5275,722,Real Murcia,Albacete,1,2,0.0,1.0,,,,,,,,,Desconocido
Friendlies Clubs,667,World,Club Friendlies 5,True,2025-07-26,9585,9584,Real Sociedad II,Osasuna II,4,1,2.0,0.0,,,,,,,,,Desconocido
Friendlies Clubs,667,World,Club Friendlies 5,True,2025-07-26,1288,9130,Rijnvogels,Almere City II,2,5,,,,,,,,,,,Desconocido
Friendlies Clubs,667,World,Club Friendlies 5,True,2025-07-26,3632,6501,Ruh Lviv,Veres Rivne,2,0,1.0,0.0,,,,,,,,,Desconocido
Friendlies Clubs,667,World,Club Friendlies 5,True,2025-07-26,177,786,SSV Jahn Regensburg,TSV 1860 München,0,4,0.0,2.0,,,,,,,,,Desconocido
Friendlies Clubs,667,World,Club Friendlies 5,True,2025-07-26,1660,205,SV Elversberg,Fortuna Sittard,2,3,1.0,0.0,,,,,,,,,Desconocido
Friendlies Clubs,667,World,Club Friendlies 5,True,2025-07-26,189,12867,SV Sandhausen,Stuttgart II,1,0,0.0,0.0,,,,,,,,,Desconocido
Friendlies Clubs,667,World,Club Friendlies 5,True,2025-07-26,1319,200,SV Wehen,Vitesse,4,0,4.0,0.0,,,,,,,,,Desconocido
Friendlies Clubs,667,World,Club Friendlies 5,True,2025-07-26,7744,7712,Salisbury,Dorchester Town,3,0,1.0,0.0,,,,,,,,,Desconocido
Friendlies Clubs,667,World,Club Friendlies 5,True,2025-07-26,19475,12742,Schöningen,Borussia Hildesheim,5,1,,,,,,,,,,,Desconocido
Friendlies Clubs,667,World,Club Friendlies 5,True,2025-07-26,652,668,Shamrock Rovers,Ballymena United,1,0,0.0,0.0,,,,,,,,,Desconocido
Friendlies Clubs,667,World,Club Friendlies 5,True,2025-07-26,7668,49,Sholing,Chelsea,2,0,1.0,0.0,,,,,,,,,Desconocido
Friendlies Clubs,667,World,Club Friendlies 5,True,2025-07-26,2068,6064,Skive,VSK Århus,1,0,0.0,0.0,,,,,,,,,Desconocido
Friendlies Clubs,667,World,Club Friendlies 5,True,2025-07-26,7342,7312,Slaný,Králův Dvůr,2,5,1.0,3.0,,,,,,,,,Desconocido
Friendlies Clubs,667,World,Club Friendlies 5,True,2025-07-26,7746,8752,South Shields,Consett,5,0,3.0,0.0,,,,,,,,,Desconocido
Friendlies Clubs,667,World,Club Friendlies 5,True,2025-07-26,1341,1333,Southend,AFC Wimbledon,1,0,1.0,0.0,,,,,,,,,Desconocido
Friendlies Clubs,667,World,Club Friendlies 5,True,2025-07-26,1826,1363,Southport,Crewe,2,1,2.0,0.0,,,,,,,,,Desconocido
Friendlies Clubs,667,World,Club Friendlies 5,True,2025-07-26,178,182,SpVgg Greuther Fürth,Union Berlin,1,0,0.0,0.0,,,,,,,,,Desconocido
Friendlies Clubs,667,World,Club Friendlies 5,True,2025-07-26,4707,1340,Spennymoor Town,Scunthorpe,1,4,0.0,1.0,,,,,,,,,Desconocido
Friendlies Clubs,667,World,Club Friendlies 5,True,2025-07-26,4708,8663,St Albans City,Wealdstone,1,0,0.0,0.0,,,,,,,,,Desconocido
Friendlies Clubs,667,World,Club Friendlies 5,True,2025-07-26,4709,8989,Stamford,Wellingborough Town,1,1,0.0,0.0,,,,,,,,,Desconocido
Friendlies Clubs,667,World,Club Friendlies 5,True,2025-07-26,21660,4246,Star Starachowice,Bełchatów,2,2,0.0,1.0,,,,,,,,,Desconocido
Friendlies Clubs,667,World,Club Friendlies 5,True,2025-07-26,1368,1348,Stevenage,Milton Keynes Dons,2,1,1.0,0.0,,,,,,,,,Desconocido
Friendlies Clubs,667,World,Club Friendlies 5,True,2025-07-26,4686,64,Stockport County,Hull City,0,1,0.0,0.0,,,,,,,,,Desconocido
Friendlies Clubs,667,World,Club Friendlies 5,True,2025-07-26,8953,7745,Stockton Town,Scarborough Athletic,0,4,0.0,2.0,,,,,,,,,Desconocido
Friendlies Clubs,667,World,Club Friendlies 5,True,2025-07-26,75,39,Stoke City,Wolves,1,1,1.0,0.0,,,,,,,,,Desconocido
Friendlies Clubs,667,World,Club Friendlies 5,True,2025-07-26,4346,605,Struga,Skenderbeu Korce,4,0,2.0,0.0,,,,,,,,,Desconocido
Friendlies Clubs,667,World,Club Friendlies 5,True,2025-07-26,12868,9363,Stuttgarter Kickers,Freiburg II,2,0,0.0,0.0,,,,,,,,,Desconocido
Friendlies Clubs,667,World,Club Friendlies 5,True,2025-07-26,1835,17000,Sutton Utd,Crystal Palace U21,4,2,1.0,0.0,,,,,,,,,Desconocido
Friendlies Clubs,667,World,Club Friendlies 5,True,2025-07-26,7752,22173,Tamworth,Fleetwood Town U21,5,0,3.0,0.0,,,,,,,,,Desconocido
Friendlies Clubs,667,World,Club Friendlies 5,True,2025-07-26,8966,2201,Tavistock,Briton Ferry,2,1,0.0,1.0,,,,,,,,,Desconocido
Friendlies Clubs,667,World,Club Friendlies 5,True,2025-07-26,2069,2071,Thisted FC,Brabrand,1,0,1.0,0.0,,,,,,,,,Desconocido
Friendlies Clubs,667,World,Club Friendlies 5,True,2025-07-26,8662,7716,Tonbridge Angels,Folkestone Invicta,0,0,0.0,0.0,,,,,,,,,Desconocido
Friendlies Clubs,667,World,Club Friendlies 5,True,2025-07-26,503,520,Torino,Cremonese,4,1,2.0,1.0,,,,,,,,,Desconocido
Friendlies Clubs,667,World,Club Friendlies 5,True,2025-07-26,1381,61,Tranmere,Wigan,0,1,0.0,1.0,,,,,,,,,Desconocido
Friendlies Clubs,667,World,Club Friendlies 5,True,2025-07-26,17103,433,UNFP,Laval,3,5,0.0,1.0,,,,,,,,,Desconocido
Friendlies Clubs,667,World,Club Friendlies 5,True,2025-07-26,12885,14030,Union Sandersdorf,Hallescher FC U19,2,1,1.0,0.0,,,,,,,,,Desconocido
Friendlies Clubs,667,World,Club Friendlies 5,True,2025-07-26,659,14507,Valletta FC,Marsaxlokk,2,0,1.0,0.0,,,,,,,,,Desconocido
Friendlies Clubs,667,World,Club Friendlies 5,True,2025-07-26,4349,4354,Vardar Negotino,Osogovo,0,2,,,,,,,,,,,Desconocido
Friendlies Clubs,667,World,Club Friendlies 3,True,2025-07-26,4265,204,Verl,VVV Venlo,3,0,2.0,0.0,,,,,,,,,Desconocido
Friendlies Clubs,667,World,Club Friendlies 5,True,2025-07-26,172,538,VfB Stuttgart,Celta Vigo,2,1,1.0,0.0,,,,,,,,,Desconocido
Friendlies Clubs,667,World,Club Friendlies 5,True,2025-07-26,1324,191,VfL Osnabrück,Holstein Kiel,0,1,0.0,0.0,,,,,,,,,Desconocido
Friendlies Clubs,667,World,Club Friendlies 5,True,2025-07-26,24610,9409,Villalonga,Racing Ferrol,0,1,0.0,1.0,,,,,,,,,Desconocido
Friendlies Clubs,667,World,Club Friendlies 5,True,2025-07-26,224,15130,Vitória SC,Estrela,0,1,0.0,0.0,,,,,,,,,Desconocido
Friendlies Clubs,667,World,Club Friendlies 5,True,2025-07-26,4268,208,Waldhof Mannheim,Emmen,2,2,1.0,1.0,,,,,,,,,Desconocido
Friendlies Clubs,667,World,Club Friendlies 5,True,2025-07-26,38,1373,Watford,Leyton Orient,1,1,0.0,0.0,,,,,,,,,Desconocido
Friendlies Clubs,667,World,Club Friendlies 5,True,2025-07-26,8664,7258,Welling United,VCD Athletic,3,2,2.0,0.0,,,,,,,,,Desconocido
Friendlies Clubs,667,World,Club Friendlies 5,True,2025-07-26,162,523,Werder Bremen,Parma,0,0,0.0,0.0,,,,,,,,,Desconocido
Friendlies Clubs,667,World,Club Friendlies 5,True,2025-07-26,195,426,Willem II,Sparta Rotterdam,3,1,1.0,1.0,,,,,,,,,Desconocido
Friendlies Clubs,667,World,Club Friendlies 5,True,2025-07-26,1836,7202,Woking,Tottenham Hotspur U21,2,0,2.0,0.0,,,,,,,,,Desconocido
Friendlies Clubs,667,World,Club Friendlies 5,True,2025-07-26,1663,12788,Wormatia Worms,Hessen Kassel,3,1,1.0,1.0,,,,,,,,,Desconocido
Friendlies Clubs,667,World,Club Friendlies 5,True,2025-07-26,7762,361,Yate Town,Barry Town,0,3,0.0,1.0,,,,,,,,,Desconocido
Friendlies Clubs,667,World,Club Friendlies 5,True,2025-07-26,4622,4628,Zabbar St. Patrick,Sliema Wanderers,0,1,0.0,0.0,,,,,,,,,Desconocido
Friendlies Clubs,667,World,Club Friendlies 5,True,2025-07-26,1275,17129,Zwaluwen,Excelsior Maassluis,0,1,,,,,,,,,,,Desconocido
Friendlies Clubs,667,World,Club Friendlies 5,True,2025-07-26,24194,7349,Ústí nad Labem II,Sokol Brozany,2,3,,,,,,,,,,,Desconocido
Friendlies Clubs,667,World,Club Friendlies 5,True,2025-07-26,7384,14747,Čáslav,Pardubice II,2,1,0.0,0.0,,,,,,,,,Desconocido
Gaúcho - 2,478,Brazil,1st Phase - 15,True,2025-07-26,10045,10042,Brasil Farroupilha,Esportivo,0,2,0.0,1.0,,,,,,,,,Desconocido
Gaúcho - 2,478,Brazil,1st Phase - 15,True,2025-07-26,10056,7827,União RS,Gaúcho,0,4,0.0,1.0,,,,,,,,,Desconocido
Goiano - 2,1030,Brazil,Regular Season - 13,False,2025-07-26,22097,23307,Centro Oeste,Trindade,2,1,0.0,0.0,,,,,,,,,Desconocido
Goiano - 2,1030,Brazil,Regular Season - 13,False,2025-07-26,13127,7829,Grêmio Anápolis,Iporá,2,1,1.0,1.0,,,,,,,,,Desconocido
I Liga,107,Poland,Regular Season - 2,False,2025-07-26,3483,12835,Chrobry Głogów,Polonia Bytom,0,1,0.0,1.0,,,,,,,,,P. Idzik
I Liga,107,Poland,Regular Season - 2,False,2025-07-26,3490,14750,Puszcza Niepołomice,Pogoń Grod. Mazowiecki,1,1,1.0,1.0,,,,,,,,,M. Myszka
I Liga,107,Poland,Regular Season - 2,False,2025-07-26,338,3498,Wisla Krakow,ŁKS Łódź,5,0,4.0,0.0,,,,,,,,,P. Urban
II Liga - East,109,Poland,Regular Season - 1,False,2025-07-26,6942,17397,Hutnik Kraków,ŁKS Łódź II,4,1,3.0,0.0,,,,,,,,,Desconocido
II Liga - East,109,Poland,Regular Season - 1,False,2025-07-26,12834,3486,Podhale Nowy Targ,Jastrzębie,3,0,1.0,0.0,,,,,,,,,Aleksander Kozieł
II Liga - East,109,Poland,Regular Season - 1,False,2025-07-26,12900,6950,Śląsk Wrocław II,Rekord Bielsko-Biała,1,2,0.0,0.0,,,,,,,,,Aleksander Borowiak
J3 League,100,Japan,Regular Season - 22,False,2025-07-26,4314,805,Azul Claro Numazu,Kitakyushu,1,3,0.0,0.0,,,,,,,,,Shingo Kuniyoshi
J3 League,100,Japan,Regular Season - 22,False,2025-07-26,2235,4323,FC Ryukyu,Parceiro Nagano,2,0,2.0,0.0,,,,,,,,,Masaki Tsuruoka
J3 League,100,Japan,Regular Season - 22,False,2025-07-26,7129,4318,Kochi United,Fukushima United,1,0,0.0,0.0,,,,,,,,,Ryo Munakata
J3 League,100,Japan,Regular Season - 22,False,2025-07-26,304,297,Matsumoto Yamaga,FC Gifu,1,0,1.0,0.0,,,,,,,,,Takuya Kobayashi
J3 League,100,Japan,Regular Season - 22,False,2025-07-26,7135,300,Nara Club,Kanazawa,2,1,2.0,1.0,,,,,,,,,Kentaro Kobayashi
J3 League,100,Japan,Regular Season - 22,False,2025-07-26,7138,317,Osaka,Kamatamare Sanuki,2,1,0.0,1.0,,,,,,,,,Takahito Seta
J3 League,100,Japan,Regular Season - 22,False,2025-07-26,4324,10409,Sagamihara,Tegevajaro Miyazaki,1,0,0.0,0.0,,,,,,,,,Koki Yasukawa
J3 League,100,Japan,Regular Season - 22,False,2025-07-26,756,2236,Thespakusatsu Gunma,Kagoshima United,2,3,1.0,2.0,,,,,,,,,Shuhei Shimizu
J3 League,100,Japan,Regular Season - 22,False,2025-07-26,7145,315,Tochigi City,Tochigi SC,0,1,0.0,1.0,,,,,,,,,Yoshihito Hori
J3 League,100,Japan,Regular Season - 22,False,2025-07-26,4326,4319,Vanraure Hachinohe,Gainare Tottori,3,2,1.0,1.0,,,,,,,,,Ryosuke Yamaoka
Japan Football League,497,Japan,Regular Season - 18,False,2025-07-26,10410,18378,Tokyo Musashino City,Criacao Shinjuku,0,0,0.0,0.0,,,,,,,,,Desconocido
Japan Football League,497,Japan,Regular Season - 18,False,2025-07-26,7149,15222,Urayasu,TIAMO Hirakata,1,0,0.0,0.0,,,,,,,,,Desconocido
Jupiler Pro League,144,Belgium,Regular Season - 1,False,2025-07-26,6215,741,Dender,Cercle Brugge,0,0,0.0,0.0,,,,,,,,,M. Allaerts
Jupiler Pro League,144,Belgium,Regular Season - 1,False,2025-07-26,5902,733,RAAL La Louvière,Standard Liege,0,2,0.0,2.0,,,,,,,,,L. Visser
Jupiler Pro League,144,Belgium,Regular Season - 1,False,2025-07-26,600,266,Zulte Waregem,KV Mechelen,1,1,0.0,1.0,,,,,,,,,K. van Damme
K League 1,292,South-Korea,Regular Season - 24,False,2025-07-26,2768,2761,Gimcheon Sangmu FC,Jeju United FC,3,1,0.0,0.0,,,,,,,,,"Jong-Hyeok Kim, South Korea"
K League 1,292,South-Korea,Regular Season - 24,False,2025-07-26,2759,2762,Gwangju FC,Jeonbuk Motors,1,2,0.0,1.0,,,,,,,,,"Woo-Sung Kim, South Korea"
K League 1,292,South-Korea,Regular Season - 24,False,2025-07-26,2756,2748,Suwon City FC,FC Anyang,2,1,2.0,1.0,,,,,,,,,"Go Hyeong-jin, South Korea"
K League 2,293,South-Korea,Regular Season - 22,False,2025-07-26,2753,7087,Asan Mugunghwa,Hwaseong,1,1,0.0,0.0,,,,,,,,,Min-Gook Ko
K League 2,293,South-Korea,Regular Season - 22,False,2025-07-26,2752,2745,Busan I Park,Bucheon FC 1995,4,2,1.0,0.0,,,,,,,,,Jae-Hoon Ahn
K League 2,293,South-Korea,Regular Season - 22,False,2025-07-26,7060,2751,Cheonan City,Gyeongnam FC,4,0,2.0,0.0,,,,,,,,,Jae-Hong Kim
K League 2,293,South-Korea,Regular Season - 22,False,2025-07-26,7061,7078,Cheongju,Gimpo Citizen,0,3,0.0,0.0,,,,,,,,,Jeong-Ho Park
K3 League,295,South-Korea,Regular Season - 19,False,2025-07-26,7076,7083,Gimhae City,Gyeongju HNP,1,3,0.0,1.0,,,,,,,,,Dae-Ju Hwang
K3 League,295,South-Korea,Regular Season - 19,False,2025-07-26,7112,7099,Yeoju Sejong,Pocheon,1,0,0.0,0.0,,,,,,,,,Hyung-Jin Kim
Kakkonen - Lohko A,247,Finland,Group A - 15,False,2025-07-26,18503,9201,HaPK Edustus,Vaajakoski,1,4,1.0,1.0,,,,,,,,,Osman Mohammadi
Kakkonen - Lohko A,247,Finland,Group A - 15,False,2025-07-26,2243,6075,MyPa,VJS,3,3,2.0,1.0,,,,,,,,,Turo Veini
Kakkonen - Lohko A,247,Finland,Group A - 15,False,2025-07-26,9178,1169,PEPO,Honka,1,2,0.0,1.0,,,,,,,,,Remi Rantakaulio
Kakkonen - Lohko A,247,Finland,Group A - 15,False,2025-07-26,18596,2079,PuiU Helsinki,GrIFK,1,2,0.0,1.0,,,,,,,,,Fazli Suka
Kakkonen - Lohko B,248,Finland,Group B - 15,False,2025-07-26,2245,18485,Musa,Atlantis II,10,0,3.0,0.0,,,,,,,,,Jere Holappa
Kakkonen - Lohko B,248,Finland,Group B - 15,False,2025-07-26,9177,2244,NJS,TPV,1,3,0.0,3.0,,,,,,,,,Fahad Ali
Kakkonen - Lohko C,249,Finland,Group C - 15,False,2025-07-26,9192,9200,JBK,VPS II,2,1,2.0,0.0,,,,,,,,,Joona Haapa-Aho
Kakkonen - Lohko C,249,Finland,Group C - 15,False,2025-07-26,9213,25738,Kraft,OsPa,2,3,2.0,3.0,,,,,,,,,Kalle Mäkinen
Kansallinen Liiga,640,Finland,Regular Season - 12,False,2025-07-26,16383,10920,HPS W,PK-35 Vantaa W,2,1,1.0,1.0,,,,,,,,,Satu Miettunen
Kansallinen Liiga,640,Finland,Regular Season - 12,False,2025-07-26,13992,13990,JyPK W,HJK W,0,5,0.0,1.0,,,,,,,,,Henrik Sandmark
League 1 Ontario,923,Canada,Regular Season - 9,False,2025-07-26,19105,19099,North Toronto Nitros,Burlington,3,2,1.0,1.0,,,,,,,,,Desconocido
League 1 Ontario,923,Canada,Regular Season - 9,False,2025-07-26,19108,19098,Scrosoppi,Blue Devils,2,0,0.0,0.0,,,,,,,,,Desconocido
League 1 Ontario,923,Canada,Regular Season - 10,False,2025-07-26,19111,19102,St. Catharines Wolves,FC London,3,1,1.0,0.0,,,,,,,,,Desconocido
League Cup,185,Scotland,Group Stage - 5,False,2025-07-26,4668,1391,Airdrie United,Alloa Athletic,2,3,0.0,1.0,,,,,,,,,Sean Murdoch
League Cup,185,Scotland,Group Stage - 5,False,2025-07-26,253,4251,Dundee,Montrose,5,0,1.0,0.0,,,,,,,,,Duncan Nicolson
League Cup,185,Scotland,Group Stage - 5,False,2025-07-26,1388,4669,Dunfermline,Stirling Albion,2,0,0.0,0.0,,,,,,,,,Graham Grainger
League Cup,185,Scotland,Group Stage - 5,False,2025-07-26,1389,6781,Falkirk,Spartans,4,0,1.0,0.0,,,,,,,,,David Dickinson
League Cup,185,Scotland,Group Stage - 5,False,2025-07-26,4250,4249,Forfar Athletic,Arbroath,1,0,1.0,0.0,,,,,,,,,Iain Snedden
League Cup,185,Scotland,Group Stage - 5,False,2025-07-26,248,1382,Hamilton Academical,Dumbarton,0,1,0.0,1.0,,,,,,,,,Joel Kennedy
League Cup,185,Scotland,Group Stage - 5,False,2025-07-26,250,6764,Kilmarnock,East Fife,4,0,3.0,0.0,,,,,,,,,Lloyd Wilson
League Cup,185,Scotland,Group Stage - 5,False,2025-07-26,255,6773,Livingston,Kelty Hearts,6,0,4.0,0.0,,,,,,,,,Grant Irvine
League Cup,185,Scotland,Group Stage - 5,False,2025-07-26,1383,6762,Morton,Clyde,3,0,2.0,0.0,,,,,,,,,Steven McLean
League Cup,185,Scotland,Group Stage - 5,False,2025-07-26,6778,6763,Queen's Park,Cove Rangers,2,1,1.0,1.0,,,,,,,,,Daniel Graves
League Cup,185,Scotland,Group Stage - 5,False,2025-07-26,1385,903,Raith Rovers,Inverness CT,5,1,3.0,0.0,,,,,,,,,Ross Hardie
League Cup,185,Scotland,Group Stage - 5,False,2025-07-26,902,901,Ross County,Partick,1,3,0.0,1.0,,,,,,,,,Ryan Lee
League Cup,185,Scotland,Group Stage - 5,False,2025-07-26,258,6767,ST Johnstone,Elgin City,8,0,4.0,0.0,,,,,,,,,Peter Stuart
League Cup,185,Scotland,Group Stage - 5,False,2025-07-26,6784,6777,Stenhousemuir,Peterhead,1,0,1.0,0.0,,,,,,,,,Stewart Luke
League Cup,185,Scotland,Group Stage - 5,False,2025-07-26,6785,1384,Stranraer,Queen of the South,1,0,0.0,0.0,,,,,,,,,Duncan Williams
League One,170,China,Regular Season - 18,False,2025-07-26,21262,23265,Chongqing Tongliang Long,Shenzhen Juniors,2,1,0.0,0.0,,,,,,,,,Xiaochun He
League One,170,China,Regular Season - 18,False,2025-07-26,17264,5682,Hebei Kungfu,Shanghai Jiading,0,0,0.0,0.0,,,,,,,,,Hao Chen
League One,170,China,Regular Season - 18,False,2025-07-26,23286,17263,Shaanxi Union,Dongguan United,3,1,2.0,0.0,,,,,,,,,Jian Wang
League One,170,China,Regular Season - 18,False,2025-07-26,17271,5684,Yanbian Longding,Shenyang Urban,0,1,0.0,0.0,,,,,,,,,Huigang Li
League Two,929,China,Regular Season - 21,False,2025-07-26,5647,19321,BIT,Tai'an Tiankuang,0,1,0.0,0.0,,,,,,,,,Liu Changzhi
League Two,929,China,Regular Season - 21,False,2025-07-26,5660,5665,Hubei Chufeng Heli,Jiangxi Liansheng,1,1,1.0,0.0,,,,,,,,,Jiageng Han
League Two,929,China,Regular Season - 21,False,2025-07-26,23270,17269,Langfang Glory City,Wuxi Wugou,1,1,1.0,1.0,,,,,,,,,Can Wu
League Two,929,China,Regular Season - 21,False,2025-07-26,19319,23132,Nantong Haimen Codion,Changchun Xidu,0,0,0.0,0.0,,,,,,,,,Yuxin Hu
League Two,929,China,Regular Season - 21,False,2025-07-26,23288,20674,Shandong Taishan II,Xi'an Ronghai,1,1,0.0,1.0,,,,,,,,,Junyou Wu
League Two,929,China,Regular Season - 21,False,2025-07-26,23289,21328,Shanghai Port II,Rizhao Yuqi,1,2,1.0,1.0,,,,,,,,,Yang Wang
Liga 1,395,Moldova,Regular Season - 1,False,2025-07-26,5376,5384,Floreşti,Victoria Bardar,5,1,2.0,1.0,,,,,,,,,Desconocido
Liga 1,395,Moldova,Regular Season - 1,False,2025-07-26,14009,5379,Făleşti,Sireți,2,2,1.0,1.0,,,,,,,,,Desconocido
Liga 1,395,Moldova,Regular Season - 1,False,2025-07-26,27498,14010,Univer Comrat,Olimp Comrat,2,0,1.0,0.0,,,,,,,,,Desconocido
Liga I,283,Romania,Regular Season - 3,False,2025-07-26,559,2596,FCSB,Farul Constanta,1,2,1.0,0.0,,,,,,,,,G. Gaman
Liga I,283,Romania,Regular Season - 3,False,2025-07-26,2589,2579,Uta Arad,AFC Hermannstadt,1,0,1.0,0.0,,,,,,,,,H. Mladinovici
Liga MX,262,Mexico,Apertura - 3,True,2025-07-26,2292,14002,CF Pachuca,Mazatlán,1,0,0.0,0.0,,,,,,,,,"Karen Hernandez Andrade, Mexico"
Liga MX,262,Mexico,Apertura - 3,True,2025-07-26,2295,2289,Cruz Azul,Leon,4,1,0.0,0.0,,,,,,,,,"Daniel Quintero Huitrón, Mexico"
Liga MX,262,Mexico,Apertura - 3,True,2025-07-26,2278,2314,Guadalajara Chivas,Atletico San Luis,4,3,2.0,0.0,,,,,,,,,"César Ramos Palazuelos, Mexico"
Liga MX,262,Mexico,Apertura - 3,True,2025-07-26,2282,2283,Monterrey,Atlas,3,1,1.0,1.0,,,,,,,,,"Fernando Hernandez, Mexico"
Liga MX,262,Mexico,Apertura - 3,True,2025-07-26,2288,2287,Necaxa,Club America,1,1,1.0,1.0,,,,,,,,,"Jesus Rafael Lopez Valle, Mexico"
Liga MX,262,Mexico,Apertura - 3,True,2025-07-26,2281,2279,Toluca,Tigres UANL,3,4,1.0,3.0,,,,,,,,,"Marco Antonio Ortiz Nava, Mexico"
Liga MX U21,1200,Mexico,Apertura - 3,True,2025-07-26,26832,26830,Cruz Azul U21,Club Leon U21,2,0,1.0,0.0,,,,,,,,,Desconocido
Liga MX U21,1200,Mexico,Apertura - 3,True,2025-07-26,26833,26827,Guadalajara Chivas U21,Atl. San Luis U21,3,1,2.0,1.0,,,,,,,,,Desconocido
Liga MX U21,1200,Mexico,Apertura - 3,True,2025-07-26,26836,26828,Monterrey U21,Atlas U21,4,1,1.0,1.0,,,,,,,,,Desconocido
Liga MX U21,1200,Mexico,Apertura - 3,True,2025-07-26,26837,26829,Necaxa U21,Club America U21,1,1,0.0,0.0,,,,,,,,,Desconocido
Liga MX U21,1200,Mexico,Apertura - 3,True,2025-07-26,26838,26835,Pachuca U21,Mazatlan FC U21,2,0,2.0,0.0,,,,,,,,,Desconocido
Liga MX U21,1200,Mexico,Apertura - 3,True,2025-07-26,26843,26842,Toluca U21,Tigres UANL U21,1,1,0.0,1.0,,,,,,,,,Desconocido
Liga Nacional,234,Honduras,Apertura - 2,True,2025-07-26,1051,1059,CD Olimpia,Lobos Upnfm,2,0,1.0,0.0,,,,,,,,,José Valladares
Liga Nacional,234,Honduras,Apertura - 2,True,2025-07-26,21858,1055,Génesis,CD Motagua,2,1,0.0,0.0,,,,,,,,,Héctor Said Martínez Sorto
Liga Nacional,339,Guatemala,Apertura - 2,True,2025-07-26,3643,3636,Marquense,Achuapa,0,0,0.0,0.0,,,,,,,,,Desconocido
Liga Nacional,339,Guatemala,Apertura - 2,True,2025-07-26,3644,3664,Mictlán,Malacateco,2,2,0.0,1.0,,,,,,,,,Desconocido
Liga Nacional,339,Guatemala,Apertura - 2,True,2025-07-26,3645,3658,Mixco,Comunicaciones,1,0,0.0,0.0,,,,,,,,,Desconocido
Liga Nacional,339,Guatemala,Apertura - 2,True,2025-07-26,3665,10154,Municipal,Aurora,2,1,0.0,1.0,,,,,,,,,Desconocido
Liga Nacional,234,Honduras,Apertura - 2,True,2025-07-26,1057,1058,Platense FC,Real Espana,2,1,0.0,1.0,,,,,,,,,Jefferson Escobar
Liga Panameña de Fútbol,304,Panama,Clausura - 2,True,2025-07-26,2890,15619,Independiente de La Chorrera,Herrera,3,0,1.0,0.0,,,,,,,,,Fernando Morón
Liga Panameña de Fútbol,304,Panama,Clausura - 2,True,2025-07-26,2883,2885,Plaza Amador,Tauro FC,3,1,0.0,1.0,,,,,,,,,Noriel Reina
Liga Pro,242,Ecuador,Regular Season - 22,False,2025-07-26,1156,1149,Aucas,Delfin SC,2,1,2.0,0.0,,,,,,,,,"Bryan Loayza, Ecuador"
Liga Pro,242,Ecuador,Regular Season - 22,False,2025-07-26,21103,1992,Cuniburo,Orense SC,0,1,0.0,0.0,,,,,,,,,"Oswaldo Contreras, Ecuador"
Liga Pro,242,Ecuador,Regular Season - 22,False,2025-07-26,1980,1148,Manta FC,Emelec,2,4,0.0,4.0,,,,,,,,,"Franklin Andres Congo Viteri, Ecuador"
Liga Profesional Argentina,128,Argentina,2nd Phase - 3,True,2025-07-26,463,457,Aldosivi,Newells Old Boys,0,0,0.0,0.0,,,,,,,,,"Felipe Viola, Argentina"
Liga Profesional Argentina,128,Argentina,2nd Phase - 3,True,2025-07-26,1064,458,Platense,Argentinos JRS,0,0,0.0,0.0,,,,,,,,,"Dario Herrera, Argentina"
Liga Profesional Argentina,128,Argentina,2nd Phase - 3,True,2025-07-26,436,450,Racing Club,Estudiantes L.P.,0,1,0.0,0.0,,,,,,,,,"Sebastian Nicolas Martinez, Argentina"
Liga Profesional Argentina,128,Argentina,2nd Phase - 3,True,2025-07-26,437,461,Rosario Central,San Martin S.J.,0,0,0.0,0.0,,,,,,,,,"Ariel Penel, Argentina"
Liga Profesional Argentina,128,Argentina,2nd Phase - 3,True,2025-07-26,438,478,Velez Sarsfield,Instituto Cordoba,0,0,0.0,0.0,,,,,,,,,"Jorge Balino, Argentina"
MLS Next Pro,909,USA,Regular Season - 26,False,2025-07-26,9073,21139,Chattanooga,Crown Legacy,1,3,0.0,2.0,,,,,,,,,Adam Rice
MLS Next Pro,909,USA,Regular Season - 26,False,2025-07-26,18815,3988,New York City II,Philadelphia Union II,0,2,0.0,0.0,,,,,,,,,Kyle Johnston
MLS Next Pro,909,USA,Regular Season - 26,False,2025-07-26,18816,4012,The Town,Real Monarchs,4,0,2.0,0.0,,,,,,,,,Kevin Lewis
Major League Soccer,253,USA,Regular Season - 25,False,2025-07-26,1608,1595,Atlanta United FC,Seattle Sounders,2,2,1.0,0.0,,,,,,,,,"Ramy Touchan, USA"
Major League Soccer,253,USA,Regular Season - 25,False,2025-07-26,18310,1601,Charlotte,Toronto FC,2,0,0.0,0.0,,,,,,,,,"Jair Antonio Maruffo, USA"
Major League Soccer,253,USA,Regular Season - 25,False,2025-07-26,1607,1602,Chicago Fire,New York Red Bulls,1,0,1.0,0.0,,,,,,,,,"Allen Chapman, USA"
Major League Soccer,253,USA,Regular Season - 25,False,2025-07-26,1615,16489,DC United,Austin,2,4,0.0,2.0,,,,,,,,,"Rubiel Vazquez, USA"
Major League Soccer,253,USA,Regular Season - 25,False,2025-07-26,9568,2242,Inter Miami,FC Cincinnati,0,0,0.0,0.0,,,,,,,,,"Tori Penso, USA"
Major League Soccer,253,USA,Regular Season - 25,False,2025-07-26,1599,1610,Philadelphia Union,Colorado Rapids,3,1,0.0,1.0,,,,,,,,,"Malik Badawi, USA"
Major League Soccer,253,USA,Regular Season - 25,False,2025-07-26,1606,1596,Real Salt Lake,San Jose Earthquakes,2,1,0.0,0.0,,,,,,,,,"Pierre-Luc Lauziere, USA"
Major League Soccer,253,USA,Regular Season - 25,False,2025-07-26,20787,1612,St. Louis City,Minnesota United FC,1,2,1.0,0.0,,,,,,,,,"Victor Rivas, USA"
Major League Soccer,253,USA,Regular Season - 25,False,2025-07-26,1603,1611,Vancouver Whitecaps,Sporting Kansas City,3,0,2.0,0.0,,,,,,,,,"Lukasz Szpala, USA"
Mineiro U20,1107,Brazil,1st Phase - 10,True,2025-07-26,12952,20758,Atlético Mineiro U20,Inter de Minas U20,4,0,1.0,0.0,,,,,,,,,Desconocido
Mineiro U20,1107,Brazil,1st Phase - 10,True,2025-07-26,23644,23647,Betim U20,Futgol U20,0,2,0.0,0.0,,,,,,,,,Desconocido
Mineiro U20,1107,Brazil,1st Phase - 10,True,2025-07-26,23645,12981,Boston City U20,América Mineiro U20,3,1,1.0,1.0,,,,,,,,,Desconocido
Mineiro U20,1107,Brazil,1st Phase - 10,True,2025-07-26,25889,23652,Itabirito U20,XV de Novembro U20,4,2,0.0,0.0,,,,,,,,,Desconocido
Mineiro U20,1107,Brazil,1st Phase - 10,True,2025-07-26,25890,25891,Mamoré U20,Uberaba U20,0,2,0.0,1.0,,,,,,,,,Desconocido
NB I,271,Hungary,Regular Season - 1,False,2025-07-26,2396,651,MTK Budapest,Ferencvarosi TC,1,1,0.0,1.0,,,,,,,,,Gergő Bogár
NB I,271,Hungary,Regular Season - 1,False,2025-07-26,2414,2392,Zalaegerszegi TE,Debreceni VSC,3,3,2.0,1.0,,,,,,,,,Mihály Káprály
NB III - Northeast,633,Hungary,Northeast - 1,True,2025-07-26,5143,24538,Sényő Carnifex,Nyiregyhaza II,2,2,2.0,1.0,,,,,,,,,Desconocido
National Football League,376,Fiji,Regular Season - 14,False,2025-07-26,4384,4389,Lautoka,Tavua,2,0,1.0,0.0,,,,,,,,,Desconocido
National Football League,376,Fiji,Regular Season - 14,False,2025-07-26,4392,4388,Nadroga,Suva,2,1,1.0,1.0,,,,,,,,,Desconocido
National Football League,376,Fiji,Regular Season - 14,False,2025-07-26,4387,4382,Rewa,Ba,2,0,1.0,0.0,,,,,,,,,Desconocido
National League - Northern,956,New-Zealand,Northern League - 14,True,2025-07-26,20659,2537,Western Springs,Auckland City,1,2,1.0,1.0,,,,,,,,,Desconocido
New South Wales NPL,192,Australia,Regular Season - 25,False,2025-07-26,3768,16775,Marconi Stallions,NWS Spirit,0,5,0.0,2.0,,,,,,,,,Desconocido
New South Wales NPL,192,Australia,Regular Season - 25,False,2025-07-26,3769,3764,Mt Druitt Town,APIA Leichhardt Tigers,0,2,0.0,0.0,,,,,,,,,Desconocido
New South Wales NPL,192,Australia,Regular Season - 25,False,2025-07-26,3771,3777,Sutherland Sharks,Wollongong Wolves,1,3,0.0,2.0,,,,,,,,,Desconocido
New South Wales NPL,192,Australia,Regular Season - 25,False,2025-07-26,3774,16778,Sydney Olympic,St George City FA,2,1,2.0,0.0,,,,,,,,,Desconocido
New South Wales NPL 2,835,Australia,Regular Season - 25,False,2025-07-26,20798,22854,Bulls Academy,UNSW,1,1,1.0,0.0,,,,,,,,,Desconocido
New South Wales NPL 2,835,Australia,Regular Season - 25,False,2025-07-26,20791,20793,Canterbury Bankstown,Dulwich Hill,1,0,0.0,0.0,,,,,,,,,Desconocido
New South Wales NPL 2,835,Australia,Regular Season - 25,False,2025-07-26,16773,3766,Hills Brumbies,Hakoah Sydney City,5,0,2.0,0.0,,,,,,,,,Desconocido
New South Wales NPL 2,835,Australia,Regular Season - 25,False,2025-07-26,20795,16777,Inter Lions,SD Raiders,0,2,0.0,1.0,,,,,,,,,Desconocido
New South Wales NPL 2,835,Australia,Regular Season - 25,False,2025-07-26,20796,20797,Macarthur Rams,Rydalmere Lions,1,0,1.0,0.0,,,,,,,,,Desconocido
New South Wales NPL 2,835,Australia,Regular Season - 25,False,2025-07-26,16774,20790,Mounties Wanderers,Bankstown City Lions,3,1,2.0,0.0,,,,,,,,,Desconocido
New South Wales NPL 2,835,Australia,Regular Season - 25,False,2025-07-26,11187,12740,Newcastle Jets II,Bonnyrigg White Eagles,4,1,2.0,0.0,,,,,,,,,Desconocido
New South Wales NPL 2,835,Australia,Regular Season - 25,False,2025-07-26,16776,16771,Northern Tigers,Blacktown Spartans,1,4,1.0,2.0,,,,,,,,,Desconocido
Northern NSW NPL,481,Australia,Regular Season - 14,False,2025-07-26,18313,10210,Cooks Hill United,Weston Bears,0,0,0.0,0.0,,,,,,,,,Desconocido
Northern Super League,1182,Canada,Regular Season - 4,False,2025-07-26,25899,25897,Montreal Roses W,Calgary Wild W,2,0,2.0,0.0,,,,,,,,,Desconocido
Northern Territory Premier League,193,Australia,Regular Season - 16,False,2025-07-26,3782,3779,Port Darwin,Darwin Olympic,1,3,1.0,2.0,,,,,,,,,Desconocido
Northern Territory Premier League,193,Australia,Regular Season - 16,False,2025-07-26,3783,3780,Uni Azzurri,Hellenic Athletic,1,0,0.0,0.0,,,,,,,,,Desconocido
Oberliga - Bayern Nord,938,Germany,Bayern Nord - 2,True,2025-07-26,12737,19761,Bayern Hof,Cham,0,2,0.0,0.0,,,,,,,,,Desconocido
Oberliga - Bayern Nord,938,Germany,Bayern Nord - 2,True,2025-07-26,12757,19226,Eintracht Bamberg,Fortuna Regensburg,2,4,2.0,1.0,,,,,,,,,Desconocido
Oberliga - Bayern Nord,938,Germany,Bayern Nord - 2,True,2025-07-26,12798,19228,Jahn Regensburg II,Gebenbach,5,1,3.0,0.0,,,,,,,,,Desconocido
Oberliga - Bayern Nord,938,Germany,Bayern Nord - 2,True,2025-07-26,26067,19759,Stadeln,Kornburg,2,5,2.0,0.0,,,,,,,,,Desconocido
Oberliga - Bayern Süd,939,Germany,Bayern Süd - 2,True,2025-07-26,12796,9329,Ismaning,Heimstetten,1,1,1.0,0.0,,,,,,,,,Desconocido
Oberliga - Bayern Süd,939,Germany,Bayern Süd - 2,True,2025-07-26,12805,12832,Kirchanschöring,Pipinsried,1,1,0.0,0.0,,,,,,,,,Desconocido
Oberliga - Bayern Süd,939,Germany,Bayern Süd - 2,True,2025-07-26,14717,9334,Landsberg,Schalding-Heining,2,2,1.0,1.0,,,,,,,,,Desconocido
Oberliga - Bayern Süd,939,Germany,Bayern Süd - 2,True,2025-07-26,14512,19234,Nordlingen,Gundelfingen,1,1,0.0,1.0,,,,,,,,,Desconocido
Oberliga - Hamburg,745,Germany,Hamburg - 1,True,2025-07-26,14653,16078,Curslack-Neuengamme,HEBC,4,1,2.0,0.0,,,,,,,,,Desconocido
Oberliga - Hamburg,745,Germany,Hamburg - 1,True,2025-07-26,14796,16083,Süderelbe,Sasel,0,2,0.0,0.0,,,,,,,,,Desconocido
Pacific Coast Soccer League,260,Canada,Championship - Semi-finals,True,2025-07-26,18917,3556,Kamloops Rivers II,Khalsa,2,1,1.0,1.0,,,,,,,,,Desconocido
Pacific Coast Soccer League,260,Canada,Championship - Semi-finals,True,2025-07-26,18919,21234,Victoria United,AFA,5,1,0.0,1.0,,,,,,,,,Desconocido
Paranaense U20,1071,Brazil,Final,True,2025-07-26,12984,23237,Athletico PR U20,Cascavel U20,3,0,1.0,0.0,,,,,,,,,Desconocido
Paulista - U20,1086,Brazil,1st Phase - 13,True,2025-07-26,12987,12998,Botafogo SP U20,Corinthians U20,4,1,2.0,0.0,,,,,,,,,Desconocido
Paulista - U20,1086,Brazil,1st Phase - 13,True,2025-07-26,13016,13051,Ituano U20,Rio Claro SP U20,7,0,5.0,0.0,,,,,,,,,Desconocido
Paulista - U20,1086,Brazil,1st Phase - 13,True,2025-07-26,12968,23478,Palmeiras U20,Jabaquara U20,11,0,6.0,0.0,,,,,,,,,Desconocido
Paulista - U20,1086,Brazil,1st Phase - 13,True,2025-07-26,18345,26009,RB Bragantino U20,Araçatuba U20,3,1,2.0,1.0,,,,,,,,,Desconocido
Paulista - U20,1086,Brazil,1st Phase - 13,True,2025-07-26,13055,13021,Santos U20,Juventus U20,3,2,2.0,0.0,,,,,,,,,Desconocido
Paulista - U20,1086,Brazil,1st Phase - 13,True,2025-07-26,13076,20744,XV de Jaú U20,AC Guaratinguetá U20,1,2,0.0,1.0,,,,,,,,,Desconocido
Paulista Série B,1098,Brazil,2nd Phase - 5,True,2025-07-26,22948,23581,Independente SP,Tanabi,3,0,0.0,1.0,,,,,,,,,Desconocido
Paulista Série B,1098,Brazil,2nd Phase - 5,True,2025-07-26,23578,23573,Maua,ECUS,1,0,0.0,0.0,,,,,,,,,Desconocido
Premier League,569,Kyrgyzstan,Regular Season - 14,False,2025-07-26,25765,12234,Bars,Abdish-Ata,1,1,1.0,1.0,,,,,,,,,Desconocido
Premier League,235,Russia,Regular Season - 2,False,2025-07-26,1088,779,Dynamo,FC Rostov,1,0,1.0,0.0,,,,,,,,,"Pavel Kukuyan, Russia"
Premier League,235,Russia,Regular Season - 2,False,2025-07-26,621,597,FC Krasnodar,Lokomotiv,1,2,0.0,1.0,,,,,,,,,"Kirill Levnikov, Russia"
Premier League,235,Russia,Regular Season - 2,False,2025-07-26,2012,6786,FC Sochi,Akron,0,4,0.0,4.0,,,,,,,,,"Vladislav Tselovalnikov, Russia"
Premier League,389,Kazakhstan,Regular Season - 18,False,2025-07-26,2259,664,FK Tobol Kostanay,Kairat Almaty,1,3,0.0,1.0,,,,,,,,,Daniyar Sakhi
Premier League,389,Kazakhstan,Regular Season - 18,False,2025-07-26,4562,4554,Kaisar,Kyzyl-Zhar,1,0,1.0,0.0,,,,,,,,,Sayat Sulikanov
Premier League,569,Kyrgyzstan,Regular Season - 14,False,2025-07-26,21168,21167,OshMU Aldier,Muras United,1,0,1.0,0.0,,,,,,,,,Desconocido
Premier League,235,Russia,Regular Season - 2,False,2025-07-26,558,2006,Spartak Moscow,Baltika,0,3,0.0,0.0,,,,,,,,,"Sergey Karasev, Russia"
Premier League,569,Kyrgyzstan,Regular Season - 14,False,2025-07-26,18731,12238,Talant,Kara-Balta,2,0,1.0,0.0,,,,,,,,,Desconocido
Premier League,1031,Bhutan,Regular Season,False,2025-07-26,21277,5590,Tsirang,Tensung,1,1,0.0,1.0,,,,,,,,,Desconocido
Premier League,389,Kazakhstan,Regular Season - 18,False,2025-07-26,21011,4560,Yelimay Semey,Zhetysu,3,0,2.0,0.0,,,,,,,,,Sanzhar Iskakov
Premier League - Summer Series,1022,England,Regular Season - 1,False,2025-07-26,45,35,Everton,Bournemouth,0,3,0.0,0.0,,,,,,,,,Guido Gonzalez
Premier League - Summer Series,1022,England,Regular Season - 1,False,2025-07-26,33,48,Manchester United,West Ham,2,1,1.0,0.0,,,,,,,,,Thomas Bramall
Premier Soccer League,401,Zimbabwe,Regular Season - 23,False,2025-07-26,21053,5230,Green Fuel,Platinum,0,1,0.0,0.0,,,,,,,,,Desconocido
Premier Soccer League,401,Zimbabwe,Regular Season - 23,False,2025-07-26,25733,5226,Kwekwe United,Kariba,0,3,0.0,2.0,,,,,,,,,Desconocido
Premier Soccer League,401,Zimbabwe,Regular Season - 23,False,2025-07-26,25734,5223,MWOS,Herentals,1,1,1.0,1.0,,,,,,,,,Desconocido
Premier Soccer League,401,Zimbabwe,Regular Season - 23,False,2025-07-26,5229,5231,Ngezi Platinum,TelOne,2,1,0.0,0.0,,,,,,,,,Desconocido
Premijer Liga,315,Bosnia,Regular Season - 1,False,2025-07-26,642,14146,Siroki Brijeg,Posušje,1,1,1.0,0.0,,,,,,,,,M. Musa
Premijer Liga,315,Bosnia,Regular Season - 1,False,2025-07-26,8504,3381,Sloga Doboj,Velež,2,1,2.0,1.0,,,,,,,,,A. Tomic
Primeira Divisão,969,Macao,Championship Round - 9,True,2025-07-26,25716,21201,Shao Jiang,Benfica,2,1,1.0,1.0,,,,,,,,,Desconocido
Primeira Divisão,969,Macao,Championship Round - 9,True,2025-07-26,23062,21195,Universidade de Macau,Cheng Fung,1,1,1.0,0.0,,,,,,,,,Desconocido
Primera A,239,Colombia,Clausura - 4,True,2025-07-26,1138,1144,America de Cali,Águilas Doradas,2,1,1.0,0.0,,,,,,,,,"Bismark Elias Santiago Pitalua, Colombia"
Primera A,239,Colombia,Clausura - 4,True,2025-07-26,1132,1126,Chico,Deportivo Pasto,2,2,0.0,2.0,,,,,,,,,"David Espinosa Lopera, Colombia"
Primera A,239,Colombia,Clausura - 4,True,2025-07-26,1136,1135,Once Caldas,Junior,2,2,0.0,0.0,,,,,,,,,"Andres Rojas, Colombia"
Primera B,240,Colombia,Clausura - 3,True,2025-07-26,1466,1140,Barranquilla,Patriotas,3,1,1.0,1.0,,,,,,,,,Steven Alfonso Cardona Zuluaga
Primera B,266,Chile,Regular Season - 18,False,2025-07-26,2316,2335,Curico Unido,Santiago Morning,0,1,0.0,1.0,,,,,,,,,Cristián Marcelo Droguett Valenzuela
Primera B,266,Chile,Regular Season - 18,False,2025-07-26,2346,2322,Deportes Santa Cruz,San Luis,2,2,1.0,0.0,,,,,,,,,Gustavo Ahumada
Primera B,240,Colombia,Clausura - 3,True,2025-07-26,1469,1133,Orsomarso,Jaguares,1,0,0.0,0.0,,,,,,,,,Juan José Roldán
Primera B,240,Colombia,Clausura - 3,True,2025-07-26,22099,1463,Real Cundinamarca,Real Santander,2,0,1.0,0.0,,,,,,,,,Jainer David De La Horta De La Cruz
Primera B,266,Chile,Regular Season - 18,False,2025-07-26,2340,2317,Union San Felipe,Deportes Temuco,1,0,1.0,0.0,,,,,,,,,Benjamín Saravia
Primera B,266,Chile,Regular Season - 18,False,2025-07-26,2324,2332,Universidad de Concepcion,Cobreloa,0,1,0.0,1.0,,,,,,,,,Víctor Abarzúa
Primera B Metropolitana,131,Argentina,Clausura - 6,True,2025-07-26,2425,8388,Acassuso,Sportivo Italiano,2,1,0.0,0.0,,,,,,,,,Mariano Negrete
Primera B Metropolitana,131,Argentina,Clausura - 6,True,2025-07-26,8376,8380,Argentino Quilmes,Villa San Carlos,1,1,0.0,0.0,,,,,,,,,Marcos Iván Recalde
Primera B Metropolitana,131,Argentina,Clausura - 6,True,2025-07-26,2430,2422,Argentino de Merlo,Real Pilar,0,1,0.0,0.0,,,,,,,,,Guido Mascheroni
Primera B Metropolitana,131,Argentina,Clausura - 6,True,2025-07-26,468,1956,Brown DE Adrogue,UAI Urquiza,3,1,2.0,1.0,,,,,,,,,Fernando Ariel Cruz
Primera B Metropolitana,131,Argentina,Clausura - 6,True,2025-07-26,471,8383,Flandria,Deportivo Merlo,1,1,1.0,0.0,,,,,,,,,Julián Beligoy
Primera B Metropolitana,131,Argentina,Clausura - 6,True,2025-07-26,8395,2427,Liniers,Deportivo Armenio,0,0,0.0,0.0,,,,,,,,,Wenceslao Meneses
Primera B Metropolitana,131,Argentina,Clausura - 6,True,2025-07-26,481,2429,Villa Dalmine,Dock Sud,1,0,0.0,0.0,,,,,,,,,Martín D'Espósito
Primera C,132,Argentina,Regular Season - 19,False,2025-07-26,8392,8393,Defensores de Cambaceres,Deportivo Muñiz,0,2,0.0,0.0,,,,,,,,,Desconocido
Primera C,132,Argentina,Regular Season - 19,False,2025-07-26,1955,1958,General Lamadrid,Lujan,1,1,1.0,0.0,,,,,,,,,Desconocido
Primera C,132,Argentina,Regular Season - 19,False,2025-07-26,486,3943,Juventud Unida,Deportivo Camioneros,0,0,0.0,0.0,,,,,,,,,Desconocido
Primera C,132,Argentina,Regular Season - 19,False,2025-07-26,8398,8394,Yupanqui,Deportivo Paraguayo,1,1,1.0,0.0,,,,,,,,,Desconocido
Primera Division,396,Nicaragua,Apertura - 3,True,2025-07-26,19159,4646,Matagalpa,Real Madriz,1,2,1.0,1.0,,,,,,,,,Miller López
Primera Division,396,Nicaragua,Apertura - 3,True,2025-07-26,4645,10160,Real Estelí,Jalapa,4,2,2.0,2.0,,,,,,,,,Tatiana Guzman
Primera Division,396,Nicaragua,Apertura - 3,True,2025-07-26,4647,4641,UNAN Managua,Diriangén,1,4,0.0,3.0,,,,,,,,,Roger Meléndez
Primera Division,396,Nicaragua,Apertura - 3,True,2025-07-26,4648,17135,Walter Ferretti,H&H Export,4,2,0.0,0.0,,,,,,,,,Félix Mojica
Primera División,281,Peru,Clausura - 2,True,2025-07-26,2548,2542,Alianza Universidad,Ayacucho FC,1,2,1.0,0.0,,,,,,,,,"Pablo Lopez Ramos, Peru"
Primera División,281,Peru,Clausura - 2,True,2025-07-26,2562,2540,Cienciano,Universitario,1,1,0.0,0.0,,,,,,,,,"Augusto Menendez, Peru"
Primera División,265,Chile,Regular Season - 17,False,2025-07-26,2341,2331,D. La Serena,Cobresal,0,2,0.0,1.0,,,,,,,,,"Reinerio Alvarado, Chile"
Primera División,265,Chile,Regular Season - 17,False,2025-07-26,2325,2328,Everton de Vina,Huachipato,4,1,3.0,1.0,,,,,,,,,"Cristian Galaz Sepulveda, Chile"
Primera División,162,Costa-Rica,Apertura - 1,True,2025-07-26,819,816,Perez Zeledon,Deportivo Saprissa,0,1,0.0,0.0,,,,,,,,,Pablo Camacho
Primera División,162,Costa-Rica,Apertura - 1,True,2025-07-26,2045,823,Puntarenas FC,San Carlos,1,2,1.0,0.0,,,,,,,,,Rigo Prendas
Primera División,281,Peru,Clausura - 2,True,2025-07-26,2544,2546,Sport Boys,Sporting Cristal,0,2,0.0,1.0,,,,,,,,,"Kevin Ortega, Peru"
Primera Nacional,129,Argentina,Regular Season - 24,False,2025-07-26,464,482,All Boys,Almagro,1,0,1.0,0.0,,,,,,,,,Gonzalo Pereira
Primera Nacional,129,Argentina,Regular Season - 24,False,2025-07-26,1936,1932,CA Estudiantes,San Telmo,2,0,1.0,0.0,,,,,,,,,Joaquín Gil
Primera Nacional,129,Argentina,Regular Season - 24,False,2025-07-26,1929,444,Deportivo Madryn,Patronato,2,0,1.0,0.0,,,,,,,,,Bruno Amiconi
Primera Nacional,129,Argentina,Regular Season - 24,False,2025-07-26,469,447,Deportivo Moron,Chacarita Juniors,0,2,0.0,2.0,,,,,,,,,Nicolás Lamolina
Primera Nacional,129,Argentina,Regular Season - 24,False,2025-07-26,1927,1067,Talleres Remedios,Defensores De Belgrano,2,0,1.0,0.0,,,,,,,,,Carlos Córdoba
Primera Nacional,129,Argentina,Regular Season - 24,False,2025-07-26,1965,483,Tristan Suarez,Los Andes,2,1,2.0,1.0,,,,,,,,,Gabriel Andrés Gutiérrez
Queensland NPL,482,Australia,Regular Season - 8,False,2025-07-26,10221,9993,Peninsula Power,St George Willawong,5,0,1.0,0.0,,,,,,,,,Desconocido
Queensland Premier League,833,Australia,Regular Season - 5,False,2025-07-26,10222,10213,Redlands United,Brisbane Strikers,1,1,0.0,0.0,,,,,,,,,Desconocido
Regionalliga - Bayern,83,Germany,Bayern - 1,True,2025-07-26,12893,1314,Vilzing,SpVgg Unterhaching,1,3,0.0,1.0,,,,,,,,,Simon Schreiner
Regionalliga - Nord,84,Germany,North - 1,True,2025-07-26,9338,1631,Altona 93,Eintracht Norderstedt,2,1,1.0,0.0,,,,,,,,,Maximilian Nie Hoegen
Regionalliga - Nord,84,Germany,North - 1,True,2025-07-26,14629,9339,BW Lohne,HSC Hannover,2,3,1.0,2.0,,,,,,,,,Jan Lukas Meyer
Regionalliga - Nord,84,Germany,North - 1,True,2025-07-26,1625,1630,VfB Lübeck,Bremer SV,2,0,1.0,0.0,,,,,,,,,Furkan Cevdet Vardar
Regionalliga - Nord,84,Germany,North - 1,True,2025-07-26,9347,1655,VfB Oldenburg,SSV Jeddeloh,1,3,0.0,2.0,,,,,,,,,Desconocido
Regionalliga - Nord,84,Germany,North - 1,True,2025-07-26,1649,12831,Weiche Flensburg,Phönix Lübeck,2,5,1.0,4.0,,,,,,,,,Konrad Oldhfer
Regionalliga - Nordost,85,Germany,Nordost - 1,True,2025-07-26,1618,12756,BFC Preussen,Eilenburg,2,2,0.0,1.0,,,,,,,,,Niclas Rose
Regionalliga - Nordost,85,Germany,Nordost - 1,True,2025-07-26,1315,9355,FSV Zwickau,Lokomotive Leipzig,1,1,0.0,0.0,,,,,,,,,Eugen Ostrin
Regionalliga - Nordost,85,Germany,Nordost - 1,True,2025-07-26,1316,1636,Hallescher FC,BFC Dynamo,1,0,0.0,0.0,,,,,,,,,Daniel Bartnitzki
Regionalliga - West,87,Germany,West - 1,True,2025-07-26,24430,1637,Bochum II,Bonner SC,1,4,0.0,2.0,,,,,,,,,Emircan Kandemir
Regionalliga - West,87,Germany,West - 1,True,2025-07-26,9368,9369,Borussia M'gladbach II,Fortuna Düsseldorf II,1,1,0.0,0.0,,,,,,,,,Jan Peter Weßels
Regionalliga - West,87,Germany,West - 1,True,2025-07-26,12764,9371,FC Bocholt,Köln II,3,0,0.0,0.0,,,,,,,,,Lasse Lütke-Kappenberg
Regionalliga - West,87,Germany,West - 1,True,2025-07-26,1658,14485,Rot-weiss Oberhausen,FC Gutersloh,0,2,0.0,2.0,,,,,,,,,Nico Fuchs
Regionalliga - West,87,Germany,West - 1,True,2025-07-26,1323,12847,Sportfreunde Lotte,SSVg Velbert,2,2,1.0,1.0,,,,,,,,,Francisco Lahora-Chulian
Regionalliga - West,87,Germany,West - 1,True,2025-07-26,13935,1650,Sportfreunde Siegen,SV Rodinghausen,3,0,2.0,0.0,,,,,,,,,Cedric Gottschalk
Regionalliga - West,87,Germany,West - 1,True,2025-07-26,12897,9373,Wiedenbrück,Schalke 04 II,2,1,1.0,0.0,,,,,,,,,Jonas Fischbach
Second League,173,Bulgaria,Regular Season - 1,False,2025-07-26,21836,8530,Fratria,Chernomorets 1919 Burgas,2,1,2.0,0.0,,,,,,,,,Desconocido
Second League,173,Bulgaria,Regular Season - 1,False,2025-07-26,1420,5025,Lokomotiv G. Oryahovitsa,Vihren,1,2,0.0,2.0,,,,,,,,,Desconocido
Second League,173,Bulgaria,Regular Season - 1,False,2025-07-26,8543,1409,Marek,Ludogorets II,1,0,0.0,0.0,,,,,,,,,Desconocido
Second League,173,Bulgaria,Regular Season - 1,False,2025-07-26,5024,4659,Sevlievo,Hebar 1918,0,2,0.0,0.0,,,,,,,,,Desconocido
Second League,173,Bulgaria,Regular Season - 1,False,2025-07-26,8550,855,Sportist Svoge,Etar Veliko Tarnovo,1,1,0.0,0.0,,,,,,,,,Desconocido
Second League - Group 1,651,Russia,Group 1 - 19,False,2025-07-26,23314,6798,Angust Nazran,Druzhba,1,1,0.0,1.0,,,,,,,,,Desconocido
Second League - Group 1,651,Russia,Group 1 - 19,False,2025-07-26,21540,23315,Astrakhan,Nart Cherkessk,2,2,1.0,0.0,,,,,,,,,Desconocido
Second League - Group 1,651,Russia,Group 1 - 19,False,2025-07-26,6806,6796,Kuban Kholding,Dinamo Stavropol,3,1,1.0,1.0,,,,,,,,,Desconocido
Second League - Group 1,651,Russia,Group 1 - 19,False,2025-07-26,6810,13240,Legion Dynamo,Sevastopol,1,2,0.0,2.0,,,,,,,,,Desconocido
Second League - Group 1,651,Russia,Group 1 - 19,False,2025-07-26,23316,21853,Rostov II,Dynamo Makhachkala II,3,0,1.0,0.0,,,,,,,,,Desconocido
Second League - Group 1,651,Russia,Group 1 - 19,False,2025-07-26,17682,22171,Rubin Yalta,Pobeda,0,1,0.0,0.0,,,,,,,,,Desconocido
Second League - Group 1,651,Russia,Group 1 - 19,False,2025-07-26,2002,25869,Spartak Nalchik,Sochi II,2,2,0.0,1.0,,,,,,,,,Desconocido
Second League - Group 3,650,Russia,Group 3 - 16,False,2025-07-26,19451,6807,FK Spartak Tambov,Kvant,3,1,2.0,0.0,,,,,,,,,Desconocido
Second League - Group 3,650,Russia,Group 3 - 16,False,2025-07-26,19448,23318,Rodina Moskva III,Orel,2,2,1.0,1.0,,,,,,,,,Desconocido
Second League - Group 3,650,Russia,Group 3 - 16,False,2025-07-26,12840,6829,Rotor-2,Strogino,3,0,2.0,0.0,,,,,,,,,Desconocido
Second League - Group 3,650,Russia,Group 3 - 16,False,2025-07-26,17721,6795,SKA Khabarovsk II,Dinamo Bryansk,2,1,2.0,1.0,,,,,,,,,Desconocido
Second League - Group 3,650,Russia,Group 3 - 16,False,2025-07-26,6826,17725,Salyut-Belgorod,Dinamo St. Petersburg,0,2,0.0,2.0,,,,,,,,,Desconocido
Second League - Group 3,650,Russia,Group 3 - 16,False,2025-07-26,16866,6815,Zenit Penza,Metallurg Lipetsk,1,2,0.0,1.0,,,,,,,,,Desconocido
Second League - Group 3,650,Russia,Group 3 - 16,False,2025-07-26,6837,17720,Znamya Truda,Arsenal Tula II,0,0,0.0,0.0,,,,,,,,,Desconocido
Second League A - Division A Silver,1026,Russia,Fall Season Silver - 2,True,2025-07-26,2009,16864,Avangard Kursk,Torpedo Miass,1,2,1.0,1.0,,,,,,,,,Pavel Lysenko
Second League A - Division A Silver,1026,Russia,Fall Season Silver - 2,True,2025-07-26,665,16856,Irtysh Omsk,Dinamo Vladivostok,2,1,1.0,1.0,,,,,,,,,Vitali Moldovan
Second League A - Division A Silver,1026,Russia,Fall Season Silver - 2,True,2025-07-26,6817,6802,Murom,Kaluga,0,1,0.0,1.0,,,,,,,,,Oleg Gusakov
Second League A - Division A Silver,1026,Russia,Fall Season Silver - 2,True,2025-07-26,19453,6831,Rodina Moskva II,Urozhay,3,1,1.0,1.0,,,,,,,,,Pavel Shishkin
Segunda División,269,Uruguay,2nd Phase - 12,True,2025-07-26,15628,19326,Colón,Artigas,1,1,1.0,1.0,,,,,,,,,Leandro Lasso
Segunda División,282,Peru,Promotion Round - 2,True,2025-07-26,10494,22469,Comerciantes,Deportiva Agropecuaria,1,1,0.0,0.0,,,,,,,,,Jhonathan  Brayan Chirinos Merino
Segunda División,282,Peru,Promotion Round - 2,True,2025-07-26,22543,22462,FC Cajamarca,Bentín Tacna Heroica,1,2,0.0,1.0,,,,,,,,,James Huamaní
Segunda División,269,Uruguay,2nd Phase - 12,True,2025-07-26,2376,18295,Oriental,La Luz,2,2,1.0,1.0,,,,,,,,,Diego Riveiro
Segunda División,711,Chile,Regular Season - 15,False,2025-07-26,5643,5639,Provincial Osorno,General Velásquez,1,1,1.0,1.0,,,,,,,,,Miguel Araos
Segunda División,711,Chile,Regular Season - 15,False,2025-07-26,18779,15717,Real San Joaquín,Linares Unido,0,1,0.0,0.0,,,,,,,,,Desconocido
Segunda División,711,Chile,Regular Season - 15,False,2025-07-26,5645,2342,San Antonio Unido,D. Puerto Montt,4,3,1.0,1.0,,,,,,,,,Agustín Valenzuela
Segunda División,282,Peru,Promotion Round - 2,True,2025-07-26,4226,2552,Santos,Union Comercio,0,2,0.0,1.0,,,,,,,,,Jonathan Zamora
Segunda División,269,Uruguay,2nd Phase - 12,True,2025-07-26,16740,2371,Uruguay Montevideo,Rentistas,1,3,0.0,2.0,,,,,,,,,Federico Modernell
Serie A,71,Brazil,Regular Season - 17,False,2025-07-26,120,131,Botafogo,Corinthians,1,1,1.0,0.0,,,,,,,,,"Rodrigo Jose Pereira de Lima, Brazil"
Serie A,71,Brazil,Regular Season - 17,False,2025-07-26,154,794,Fortaleza EC,RB Bragantino,3,1,2.0,1.0,,,,,,,,,"Wagner do Nascimento Magalhaes, Brazil"
Serie A,71,Brazil,Regular Season - 17,False,2025-07-26,7848,136,Mirassol,Vitoria,1,1,1.0,1.0,,,,,,,,,"Bruno Arleu de Araujo, Brazil"
Serie A,71,Brazil,Regular Season - 17,False,2025-07-26,121,130,Palmeiras,Gremio,1,0,1.0,0.0,,,,,,,,,"Paulo Cesar Zanovelli da Silva, Brazil"
Serie A,71,Brazil,Regular Season - 17,False,2025-07-26,123,128,Sport Recife,Santos,2,2,1.0,0.0,,,,,,,,,"Rafael Rodrigo Klein, Brazil"
Serie B,72,Brazil,Regular Season - 19,False,2025-07-26,146,7834,CRB,Novorizontino,4,0,1.0,0.0,,,,,,,,,"Jefferson Ferreira de Moraes, Brazil"
Serie B,72,Brazil,Regular Season - 19,False,2025-07-26,7826,1223,Ferroviária,Operario-PR,0,0,0.0,0.0,,,,,,,,,"Afro Rocha De Carvalho Filho, Brazil"
Serie C,75,Brazil,Regular Season - 14,False,2025-07-26,7774,754,Floresta,ABC,1,1,1.0,0.0,,,,,,,,,Dênis da Silva Ribeiro Serafim
Serie C,75,Brazil,Regular Season - 14,False,2025-07-26,138,755,Guarani Campinas,Nautico Recife,0,1,0.0,1.0,,,,,,,,,José Mendonça da Silva Jr.
Serie C,75,Brazil,Regular Season - 14,False,2025-07-26,148,150,Londrina,CSA,3,1,2.0,1.0,,,,,,,,,Roger Goulart
Serie C,75,Brazil,Regular Season - 14,False,2025-07-26,13098,1221,Retrô,Ypiranga-RS,0,0,0.0,0.0,,,,,,,,,Arthur Gomes Rabelo
Serie D,76,Brazil,1st Phase - 14,True,2025-07-26,1203,7832,Altos,Maranhão,0,1,0.0,0.0,,,,,,,,,Desconocido
Serie D,76,Brazil,1st Phase - 14,True,2025-07-26,1202,12921,Aparecidense,Capital Brasilia,2,1,1.0,0.0,,,,,,,,,Desconocido
Serie D,76,Brazil,1st Phase - 14,True,2025-07-26,10673,1196,Cascavel,Uberlandia,2,1,0.0,0.0,,,,,,,,,Desconocido
Serie D,76,Brazil,1st Phase - 14,True,2025-07-26,7771,7873,Ceilândia,Goianésia,2,0,1.0,0.0,,,,,,,,,Desconocido
Serie D,76,Brazil,1st Phase - 14,True,2025-07-26,2213,7784,Imperatriz,Parnahyba,3,2,2.0,1.0,,,,,,,,,Desconocido
Serie D,76,Brazil,1st Phase - 14,True,2025-07-26,1201,18296,Inter De Limeira,Goiatuba EC,0,1,0.0,1.0,,,,,,,,,Desconocido
Serie D,76,Brazil,1st Phase - 14,True,2025-07-26,21165,10021,Itabirito,Monte Azul,1,2,0.0,0.0,,,,,,,,,Desconocido
Serie D,76,Brazil,1st Phase - 14,True,2025-07-26,752,10674,Luverdense,Goiânia,1,0,0.0,0.0,,,,,,,,,Desconocido
Serie D,76,Brazil,1st Phase - 14,True,2025-07-26,13089,7878,Maracanã,Tocantinópolis,1,0,1.0,0.0,,,,,,,,,Desconocido
Serie D,76,Brazil,1st Phase - 14,True,2025-07-26,7782,20717,Nova Iguaçu,Porto Vitória,1,1,0.0,1.0,,,,,,,,,Desconocido
Serie D,76,Brazil,1st Phase - 14,True,2025-07-26,2217,1194,Operario Ferroviario,Cianorte,0,2,0.0,1.0,,,,,,,,,Desconocido
Serie D,76,Brazil,1st Phase - 14,True,2025-07-26,12946,2215,Porto Velho,Mixto,0,3,0.0,1.0,,,,,,,,,Desconocido
Serie D,76,Brazil,1st Phase - 14,True,2025-07-26,1214,2206,Portuguesa,Boavista SC,3,0,2.0,0.0,,,,,,,,,Desconocido
Serie D,76,Brazil,1st Phase - 14,True,2025-07-26,13084,10018,Pouso Alegre,Água Santa,0,2,0.0,0.0,,,,,,,,,Desconocido
Serie D,76,Brazil,1st Phase - 14,True,2025-07-26,10690,14000,Rio Branco ES,CFRJ / Maricá,3,0,1.0,0.0,,,,,,,,,Desconocido
Serie D,76,Brazil,1st Phase - 14,True,2025-07-26,155,15505,Sampaio Correa,Iguatu,1,1,0.0,1.0,,,,,,,,,Desconocido
South Australia NPL,194,Australia,Regular Season - 19,False,2025-07-26,3785,3794,Adelaide City,Para Hills Knights,5,1,2.0,0.0,,,,,,,,,Desconocido
South Australia NPL,194,Australia,Regular Season - 19,False,2025-07-26,3788,3792,Adelaide Raiders,Croydon Kings,1,3,0.0,0.0,,,,,,,,,Desconocido
South Australia NPL,194,Australia,Regular Season - 19,False,2025-07-26,3789,3791,Adelaide United II,Campbelltown City,4,2,1.0,0.0,,,,,,,,,Desconocido
South Australia NPL,194,Australia,Regular Season - 19,False,2025-07-26,3793,10010,MetroStars,Modbury Jets,3,1,2.0,0.0,,,,,,,,,Desconocido
South Australia State League 1,834,Australia,Regular Season - 19,False,2025-07-26,3787,12866,Adelaide Olympic,Sturt Lions,0,2,0.0,0.0,,,,,,,,,Desconocido
South Australia State League 1,834,Australia,Regular Season - 19,False,2025-07-26,22807,16767,Salisbury United,Fulham United,1,2,0.0,0.0,,,,,,,,,Desconocido
South Australia State League 1,834,Australia,Regular Season - 19,False,2025-07-26,8114,16763,Vipers,Adelaide Cobras,2,2,2.0,1.0,,,,,,,,,Desconocido
South Australia State League 1,834,Australia,Regular Season - 19,False,2025-07-26,3796,10009,West Adelaide,Cumberland United,3,2,0.0,1.0,,,,,,,,,Desconocido
Super Cup,944,Oman,Final,True,2025-07-26,7504,5329,Al Seeb,Al-Shabab,0,0,0.0,0.0,,,,,,,,,Desconocido
Super League,207,Switzerland,Regular Season - 1,False,2025-07-26,565,2184,BSC Young Boys,Servette FC,3,1,2.0,1.0,,,,,,,,,"Luca Piccolo, Switzerland"
Super League,169,China,Regular Season - 18,False,2025-07-26,5648,830,Chengdu Better City,Beijing Guoan,2,0,1.0,0.0,,,,,,,,,"Jing Wang, China"
Super League,207,Switzerland,Regular Season - 1,False,2025-07-26,1011,551,FC ST. Gallen,FC Basel 1893,2,1,0.0,1.0,,,,,,,,,"Urs Schnyder, Switzerland"
Super League,207,Switzerland,Regular Season - 1,False,2025-07-26,1013,644,Grasshoppers,FC Luzern,2,3,2.0,2.0,,,,,,,,,"Anojen Kanagasingam, Switzerland"
Super League,391,Malawi,Regular Season - 11,False,2025-07-26,4589,23427,Karonga United,Creck,1,0,0.0,0.0,,,,,,,,,Desconocido
Super League,391,Malawi,Regular Season - 12,False,2025-07-26,4591,11125,Mighty Tigers,CIVO United,0,1,0.0,1.0,,,,,,,,,Desconocido
Super League,391,Malawi,Regular Season - 13,False,2025-07-26,4593,4583,Moyale Barracks,Be Forward Wanderers,1,1,0.0,0.0,,,,,,,,,Desconocido
Super League,169,China,Regular Season - 18,False,2025-07-26,836,17265,SHANGHAI SIPG,Qingdao Youth Island,2,2,1.0,0.0,,,,,,,,,"Shengyu Sun, China"
Super League,391,Malawi,Regular Season - 10,False,2025-07-26,4597,25893,Silver Strikers,Ekhaya,3,1,2.0,0.0,,,,,,,,,Desconocido
Super League,169,China,Regular Season - 18,False,2025-07-26,21265,5686,Yunnan Yukun,Sichuan Jiuniu,3,1,2.0,1.0,,,,,,,,,"Xin He, China"
Super Liga,332,Slovakia,Regular Season - 1,False,2025-07-26,2257,3552,Dunajska Streda,Zemplín Michalovce,1,1,0.0,1.0,,,,,,,,,"Erik Gemzicky, Slovakia"
Super Liga,286,Serbia,Regular Season - 2,False,2025-07-26,598,2633,FK Crvena Zvezda,OFK Beograd,7,1,2.0,0.0,,,,,,,,,"Milan Ilic, Serbia"
Super Liga,332,Slovakia,Regular Season - 1,False,2025-07-26,10535,655,Komárno,AS Trencin,1,2,1.0,1.0,,,,,,,,,"Matej Choren, Slovakia"
Super Liga,394,Moldova,Regular Season - 6,False,2025-07-26,26115,14008,Politehnica UTM,CSF Bălți,0,1,0.0,0.0,,,,,,,,,Desconocido
Super Liga,286,Serbia,Regular Season - 2,False,2025-07-26,2254,699,Radnicki NIS,Mladost Lucani,3,1,1.0,0.0,,,,,,,,,"Nenad Minaković, Serbia"
Super Liga,286,Serbia,Regular Season - 2,False,2025-07-26,2657,2646,Radnik Surdulica,TSC Backa Topola,0,0,0.0,0.0,,,,,,,,,"Dejan Trifkovic, Serbia"
Super Liga,332,Slovakia,Regular Season - 1,False,2025-07-26,10550,656,Tatran Prešov,Slovan Bratislava,2,2,1.0,2.0,,,,,,,,,"Peter Kralovic, Slovakia"
Superettan,114,Sweden,Regular Season - 16,False,2025-07-26,373,365,GIF Sundsvall,Orebro SK,1,1,0.0,1.0,,,,,,,,,"Farouk Nehdi, Sweden"
Superettan,114,Sweden,Regular Season - 16,False,2025-07-26,2175,6705,IK brage,Umeå FC,2,2,1.0,0.0,,,,,,,,,"Erik Mattsson, Sweden"
Superettan,114,Sweden,Regular Season - 16,False,2025-07-26,11674,6697,Oddevold,Sandviken,1,1,0.0,0.0,,,,,,,,,"Magnus Lindgren, Sweden"
Superliga,119,Denmark,Regular Season - 2,False,2025-07-26,400,395,FC Copenhagen,Vejle,2,0,2.0,0.0,,,,,,,,,J. Kehlet
Supreme Division Women,649,Russia,Regular Season - 16,False,2025-07-26,14135,23214,Krasnodar W,Spartak Moskva W,0,1,0.0,0.0,,,,,,,,,Kristina Saakyan
Supreme Division Women,649,Russia,Regular Season - 16,False,2025-07-26,16490,14131,Rostov W,CSKA Moskva W,0,3,0.0,1.0,,,,,,,,,Ksenia Goryacheva
Supreme Division Women,649,Russia,Regular Season - 16,False,2025-07-26,10921,21119,Ryazan W,Krylya Sovetov W,1,0,1.0,0.0,,,,,,,,,Anna Gubareva
Supreme Division Women,649,Russia,Regular Season - 16,False,2025-07-26,14133,16491,Yenisey W,Rubin Kazan W,0,1,0.0,1.0,,,,,,,,,Kristina Dushkova
Supreme Division Women,649,Russia,Regular Season - 16,False,2025-07-26,14134,10885,Zenit W,Chertanovo W,1,0,1.0,0.0,,,,,,,,,Nadezhda Gorinova
Supreme Division Women,649,Russia,Regular Season - 16,False,2025-07-26,16492,14132,Zvezda Perm W,Lokomotiv Moskva W,0,1,0.0,1.0,,,,,,,,,Marina Krupskaya
Tasmania NPL,648,Australia,Regular Season - 15,False,2025-07-26,14106,14102,South Hobart,Kingborough Lions,4,1,3.0,0.0,,,,,,,,,Desconocido
Tasmania Northern Championship,1091,Australia,Regular Season - 15,False,2025-07-26,23511,23507,Northern Rangers,Burnie Utd.,5,2,4.0,1.0,,,,,,,,,Desconocido
Tasmania Northern Championship,1091,Australia,Regular Season - 15,False,2025-07-26,23513,23514,Somerset,Ulverstone,3,5,3.0,1.0,,,,,,,,,Desconocido
Torneo Federal A,134,Argentina,Lower Table Round - 2,True,2025-07-26,8399,475,Circulo Deportivo,Santamarina,1,0,0.0,0.0,,,,,,,,,Marcos Ignacio Liuzzi
Torneo Federal A,134,Argentina,Lower Table Round - 2,True,2025-07-26,788,3982,Crucero Del Norte,Sol de América,2,3,1.0,0.0,,,,,,,,,Gustavo Benìtes
Torneo Federal A,134,Argentina,2nd Round - 2,True,2025-07-26,1959,21043,Deportivo Rincon,Atenas,0,0,0.0,0.0,,,,,,,,,Juan Nebbietti
Torneo Federal A,134,Argentina,Lower Table Round - 2,True,2025-07-26,11156,3947,Gutiérrez,Juventud Unida Univ.,0,2,0.0,2.0,,,,,,,,,César Ceballo
Torneo Federal A,134,Argentina,2nd Round - 2,True,2025-07-26,1935,465,San Martin Formosa,Atletico DE Rafaela,0,0,0.0,0.0,,,,,,,,,Matías Ezequiel Billone Carpio
Torneo Federal A,134,Argentina,Lower Table Round - 2,True,2025-07-26,1953,1950,Sarmiento Resistencia,Sportivo Las Parejas,1,2,0.0,2.0,,,,,,,,,Mariano Exequiel Agli
Toto Cup Ligat Al,385,Israel,Group Stage - 2,False,2025-07-26,4486,4488,Hapoel Katamon,Hapoel Petah Tikva,1,0,1.0,0.0,,,,,,,,,S. Berman
Toto Cup Ligat Al,385,Israel,Group Stage - 2,False,2025-07-26,4505,4507,Maccabi Netanya,Ashdod,1,1,0.0,0.0,,,,,,,,,S. Levi
USL League One Cup,1095,USA,Group Stage - 8,False,2025-07-26,25838,18375,Alta,Monterey Bay,2,1,1.0,1.0,,,,,,,,,Muhammad Kaleia
USL League One Cup,1095,USA,Group Stage - 8,False,2025-07-26,3989,9025,Birmingham Legion,Forward Madison,2,1,1.0,0.0,,,,,,,,,Elijio Arreguin
USL League One Cup,1095,USA,Group Stage - 8,False,2025-07-26,3990,4021,Charleston Battery,Tampa Bay Rowdies,2,1,1.0,0.0,,,,,,,,,Thomas Snyder
USL League One Cup,1095,USA,Group Stage - 7,False,2025-07-26,3991,4024,Charlotte Independence,Richmond Kickers,3,0,1.0,0.0,,,,,,,,,Luis Arroyo
USL League One Cup,1095,USA,Group Stage - 7,False,2025-07-26,9016,18905,Chattanooga Red Wolves,One Knoxville,1,0,0.0,0.0,,,,,,,,,Carlos Rodriguez
USL League One Cup,1095,USA,Group Stage - 8,False,2025-07-26,3992,25487,Colorado Springs,Texoma,4,0,1.0,0.0,,,,,,,,,Benjamin Meyer
USL League One Cup,1095,USA,Group Stage - 7,False,2025-07-26,9043,25488,Detroit City,Westchester SC,3,0,1.0,0.0,,,,,,,,,Atahan Yaya
USL League One Cup,1095,USA,Group Stage - 7,False,2025-07-26,9026,25485,Greenville Triumph,Naples,2,1,1.0,1.0,,,,,,,,,Muhammad Hassan
USL League One Cup,1095,USA,Group Stage - 7,False,2025-07-26,3996,4022,Indy Eleven,FC Tulsa,2,1,1.0,0.0,,,,,,,,,Gerald Flores
USL League One Cup,1095,USA,Group Stage - 7,False,2025-07-26,20808,4000,Lexington,Louisville City,1,2,0.0,0.0,,,,,,,,,Corbyn May
USL League One Cup,1095,USA,Group Stage - 7,False,2025-07-26,9030,4108,Miami FC,Tormenta,1,2,1.0,0.0,,,,,,,,,Jeremy Scheer
USL League One Cup,1095,USA,Group Stage - 8,False,2025-07-26,4005,3999,North Carolina,Loudoun United,1,1,0.0,1.0,,,,,,,,,John Matto
USL League One Cup,1095,USA,Group Stage - 7,False,2025-07-26,10874,4007,Oakland Roots,Orange County SC,0,1,0.0,1.0,,,,,,,,,Cristian Campo Hernández
USL League One Cup,1095,USA,Group Stage - 8,False,2025-07-26,22855,3995,Rhode Island,Hartford Athletic,2,2,0.0,1.0,,,,,,,,,Brandon Stevis
USL League One Cup,1095,USA,Group Stage - 8,False,2025-07-26,4017,4003,San Antonio,New Mexico United,2,2,1.0,0.0,,,,,,,,,Mathew Corrigan
USL League One Cup,1095,USA,Group Stage - 8,False,2025-07-26,22785,4015,Spokane Velocity,Sacramento Republic,0,1,0.0,1.0,,,,,,,,,Brad Jensen
USL League One Cup,1095,USA,Group Stage - 8,False,2025-07-26,10283,3993,Union Omaha,El Paso Locomotive,0,1,0.0,1.0,,,,,,,,,Amin Hadzic
Veikkausliiga,244,Finland,Regular Season - 17,False,2025-07-26,2080,2076,Haka,Kooteepee,2,3,1.0,1.0,,,,,,,,,"Peiman Simani, Finland"
Veikkausliiga,244,Finland,Regular Season - 17,False,2025-07-26,587,2077,Mariehamn,AC Oulu,0,1,0.0,0.0,,,,,,,,,"Antti Munukka, Finland"
Victoria NPL,195,Australia,Regular Season - 23,False,2025-07-26,3797,3798,Altona Magic,Avondale,0,1,0.0,0.0,,,,,,,,,Desconocido
Victoria NPL,195,Australia,Regular Season - 23,False,2025-07-26,3801,3807,Dandenong Thunder,Melbourne Knights,4,0,3.0,0.0,,,,,,,,,Desconocido
Victoria NPL,195,Australia,Regular Season - 23,False,2025-07-26,3803,3811,Heidelberg United,South Melbourne,1,1,0.0,1.0,,,,,,,,,Desconocido
Victoria NPL 2,836,Australia,Regular Season - 23,False,2025-07-26,9977,16783,Eastern Lions,Langwarrin,1,2,1.0,1.0,,,,,,,,,Desconocido
Victoria NPL 2,836,Australia,Regular Season - 23,False,2025-07-26,20783,21921,Melbourne City II,Sunshine Georgies,1,2,1.0,1.0,,,,,,,,,Desconocido
Victoria NPL 2,836,Australia,Regular Season - 23,False,2025-07-26,24077,20784,Melbourne Srbija,Western United II,1,1,0.0,1.0,,,,,,,,,Desconocido
Victoria NPL 2,836,Australia,Regular Season - 23,False,2025-07-26,25418,16784,North Sunshine Eagles,Manningham United Blues,4,1,3.0,1.0,,,,,,,,,Desconocido
Virsliga,365,Latvia,Regular season - 24,False,2025-07-26,4160,4144,Rīgas FS,Tukums,6,2,3.0,2.0,,,,,,,,,Aleksandrs Golubevs
Virsliga,365,Latvia,Regular season - 24,False,2025-07-26,4143,4138,Super Nova,Grobiņa,0,0,0.0,0.0,,,,,,,,,Edgars Maļcevs
Western Australia NPL,196,Australia,Regular Season - 18,False,2025-07-26,3817,3824,Floreat Athena,Stirling Lions,2,3,1.0,0.0,,,,,,,,,Desconocido
Western Australia NPL,196,Australia,Regular Season - 18,False,2025-07-26,3820,3812,Perth Glory II,Armadale,2,1,2.0,1.0,,,,,,,,,Desconocido
Western Australia NPL,196,Australia,Regular Season - 18,False,2025-07-26,18732,21025,Perth RedStar,Fremantle City,2,0,0.0,0.0,,,,,,,,,Desconocido
Western Australia NPL,196,Australia,Regular Season - 18,False,2025-07-26,3823,3813,Sorrento,Balcatta,2,0,2.0,0.0,,,,,,,,,Desconocido
Western Australia NPL,196,Australia,Regular Season - 18,False,2025-07-26,23196,3819,Western Knights,Perth,4,1,4.0,1.0,,,,,,,,,Desconocido
Western Australia State League 1,1094,Australia,Regular Season - 18,False,2025-07-26,25700,3818,Curtin University,Inglewood United,2,3,1.0,1.0,,,,,,,,,Desconocido
Western Australia State League 1,1094,Australia,Regular Season - 18,False,2025-07-26,23530,25701,Dianella White Eagle,Joondalup City,2,1,1.0,0.0,,,,,,,,,Desconocido
Western Australia State League 1,1094,Australia,Regular Season - 18,False,2025-07-26,21026,23532,Gosnells City,Murdoch Melville,1,5,1.0,2.0,,,,,,,,,Desconocido
Western Australia State League 1,1094,Australia,Regular Season - 18,False,2025-07-26,10093,21034,Gwelup Croatia,Subiaco,0,1,0.0,0.0,,,,,,,,,Desconocido
Western Australia State League 1,1094,Australia,Regular Season - 18,False,2025-07-26,25702,23533,Kalamunda City,UWA Nedlands,2,4,2.0,0.0,,,,,,,,,Desconocido
Western Australia State League 1,1094,Australia,Regular Season - 18,False,2025-07-26,22493,23531,Mandurah City,Kingsley Westside,2,2,0.0,0.0,,,,,,,,,Desconocido
Ykkönen,245,Finland,Regular Season - 16,False,2025-07-26,18518,9182,Inter Turku II,EPS,2,1,0.0,1.0,,,,,,,,,Abdirahman Sugulle
Ykkönen,245,Finland,Regular Season - 16,False,2025-07-26,10199,1171,KPV-j,JJK,3,0,2.0,0.0,,,,,,,,,Akseli Ropponen
Úrvalsdeild,164,Iceland,Regular Season - 16,False,2025-07-26,271,276,KR Reykjavik,Breidablik,1,1,1.0,0.0,,,,,,,,,Ívar Orri Kristjánsson
1 Lyga,361,Lithuania,Regular Season - 17,False,2025-07-25,14382,3871,Babrungas,Žalgiris II,2,1,2.0,1.0,,,,,,,,,Desconocido
1 Lyga,361,Lithuania,Regular Season - 17,False,2025-07-25,3865,13972,Nevėžis,Panevėžys II,0,1,0.0,1.0,,,,,,,,,Desconocido
1. Deild,165,Iceland,Regular Season - 14,False,2025-07-25,267,273,Fylkir,Fjolnir,3,3,2.0,1.0,,,,,,,,,Sveinn Arnarsson
1. Deild,165,Iceland,Regular Season - 14,False,2025-07-25,277,829,Grindavik,Throttur Reykjavik,1,2,1.0,0.0,,,,,,,,,Gunnar Freyr Róbertsson
1. Deild,165,Iceland,Regular Season - 14,False,2025-07-25,2113,2114,HK Kopavogur,Leiknir R.,1,0,1.0,0.0,,,,,,,,,Arnar Þór Stefánsson
1. Deild,165,Iceland,Regular Season - 14,False,2025-07-25,2122,2123,IR Reykjavik,Njardvik,2,2,0.0,1.0,,,,,,,,,Twana Khalid Ahmed
1. Deild,165,Iceland,Regular Season - 14,False,2025-07-25,269,2116,Keflavik,Thor Akureyri,2,2,1.0,1.0,,,,,,,,,Jens Elvar Sævarsson
1. Division,120,Denmark,Regular Season - 2,False,2025-07-25,404,4676,AC Horsens,Kolding IF,2,1,0.0,1.0,,,,,,,,,Lasse Læbel Graagaard
1. Division,388,Kazakhstan,Regular Season - 15,False,2025-07-25,21009,16609,AKAS,SD Family,1,2,1.0,1.0,,,,,,,,,Desconocido
1. Division,388,Kazakhstan,Regular Season - 15,False,2025-07-25,4544,4559,Altay,Taraz,2,0,1.0,0.0,,,,,,,,,Desconocido
1. Division,120,Denmark,Regular Season - 2,False,2025-07-25,2063,6004,HB Koge,Aarhus Fremad,2,1,1.0,0.0,,,,,,,,,Jesper Nielsen
1. Division,120,Denmark,Regular Season - 2,False,2025-07-25,625,6009,Lyngby,B 93,1,1,0.0,1.0,,,,,,,,,Sebastian Friis Aagerup
1. Division,117,Belarus,Regular Season - 17,False,2025-07-25,11249,3395,Minsk II,Volna,0,1,0.0,1.0,,,,,,,,,Pavel Koronets
1. Division,388,Kazakhstan,Regular Season - 15,False,2025-07-25,4566,18805,Shakhter Karagandy,Khan Tengri,3,0,0.0,0.0,,,,,,,,,Desconocido
1. Division,388,Kazakhstan,Regular Season - 15,False,2025-07-25,21012,16610,Zhetisay,Yassy Turkistan,3,1,1.0,0.0,,,,,,,,,Desconocido
2. Deild,166,Iceland,Regular Season - 14,False,2025-07-25,2121,4170,Grotta,Kári,1,2,1.0,2.0,,,,,,,,,Desconocido
2. Deild,166,Iceland,Regular Season - 14,False,2025-07-25,2118,4173,Haukar,KFG,1,2,0.0,0.0,,,,,,,,,Desconocido
2. Deild,166,Iceland,Regular Season - 14,False,2025-07-25,6087,4172,Höttur / Huginn,Dalvík / Reynir,0,4,0.0,2.0,,,,,,,,,Desconocido
2. liga,506,Slovakia,Regular Season - 1,False,2025-07-25,10533,14074,Dukla Banská Bystrica,Slávia TU Košice,2,0,1.0,0.0,,,,,,,,,Tadeáš Vaňo
2. liga,506,Slovakia,Regular Season - 1,False,2025-07-25,4134,14058,Pohronie,Malženice,0,0,0.0,0.0,,,,,,,,,Dávid Mano
2. liga,506,Slovakia,Regular Season - 1,False,2025-07-25,10540,10544,Púchov,Slovan Bratislava II,1,1,0.0,1.0,,,,,,,,,Alexander Fusek
3. Division - Girone 5,778,Norway,Group 5 - 13,False,2025-07-25,7027,23422,Sola,Torvastad,0,0,0.0,0.0,,,,,,,,,Desconocido
ASEAN Championship U23,908,World,Semi-finals,True,2025-07-25,10936,10960,Indonesia U23,Thailand U23,1,1,0.0,0.0,,,,,,,,,Mohammed Sami Taher Al Ismail
ASEAN Championship U23,908,World,Semi-finals,True,2025-07-25,10964,10953,Vietnam U23,Philippines U23,2,1,1.0,1.0,,,,,,,,,Muhammad Usaid Jamal
Africa Cup of Nations - Women,922,World,3rd Place Final,True,2025-07-25,15583,1978,Ghana W,South Africa W,1,1,0.0,1.0,,,,,,,,,Shahenda Saad Ali El Maghribi
COTIF Tournament,940,World,Group Stage - 3,False,2025-07-25,22011,10284,ADH Brasil,Argentina U20,0,3,0.0,2.0,,,,,,,,,Desconocido
COTIF Tournament,940,World,Group Stage - 3,False,2025-07-25,16201,19926,Chile U20,Valencia U20,1,1,0.0,0.0,,,,,,,,,Desconocido
Calcutta Premier Division,1020,India,Regular Season - 4,False,2025-07-25,22001,21610,Aryan,Southern Samity,3,1,1.0,0.0,,,,,,,,,Desconocido
Calcutta Premier Division,1020,India,Regular Season - 5,False,2025-07-25,21215,15585,Rainbow,Mohammedan,2,1,,,,,,,,,,,Desconocido
Canadian Premier League,479,Canada,Regular Season - 16,False,2025-07-25,2621,3830,HFX Wanderers FC,Forge,1,2,1.0,1.0,,,,,,,,,Seyed Mohammad Mohseni
Canadian Premier League,479,Canada,Regular Season - 16,False,2025-07-25,20881,3831,Vancouver FC,Valour,1,3,1.0,1.0,,,,,,,,,Renzo Villanueva
Capital Territory NPL 2,1092,Australia,Regular Season - 15,False,2025-07-25,23520,1450,Wagga City Wanderers,Canberra Olympic,5,6,0.0,2.0,,,,,,,,,Desconocido
Catarinense U20,1076,Brazil,1st Phase - 17,True,2025-07-25,23324,20755,Marcilio Dias U20,Figueirense U20,4,3,2.0,1.0,,,,,,,,,Desconocido
Cearense U20,1112,Brazil,1st Phase - 5,True,2025-07-25,23730,12956,Itapipoca U20,Ceará U20,1,2,1.0,2.0,,,,,,,,,Desconocido
Cearense U20,1112,Brazil,1st Phase - 5,True,2025-07-25,26056,23727,Quixadá U20,Horizonte U20,2,1,2.0,1.0,,,,,,,,,Desconocido
Cearense U20,1112,Brazil,1st Phase - 5,True,2025-07-25,20764,16471,Tirol U20,Floresta CE U20,0,0,0.0,0.0,,,,,,,,,Desconocido
Challenge League,208,Switzerland,Regular Season - 1,False,2025-07-25,1015,6646,Neuchatel Xamax FC,Stade Nyonnais,1,1,1.0,0.0,,,,,,,,,H. Qovanaj
Challenge League,208,Switzerland,Regular Season - 1,False,2025-07-25,2185,6654,Rapperswil,Étoile Carouge,1,0,0.0,0.0,,,,,,,,,M. Drmic
Chatham Cup,1127,New-Zealand,Quarter-finals,True,2025-07-25,20652,20649,Christchurch United,Auckland United,2,4,1.0,0.0,,,,,,,,,Desconocido
Chatham Cup,1127,New-Zealand,Quarter-finals,True,2025-07-25,26120,20646,West Suburbs,Wellington Olympic,2,3,2.0,1.0,,,,,,,,,Desconocido
Chatham Cup,1127,New-Zealand,Quarter-finals,True,2025-07-25,20648,20646,Western Suburbs,Wellington Olympic,2,3,0.0,1.0,,,,,,,,,Desconocido
Copa America Femenina,926,World,1st Round - 2,True,2025-07-25,1726,1737,Brazil W,Colombia W,0,0,0.0,0.0,,,,,,,,,Milagros Arruela
Copa America Femenina,926,World,1st Round - 2,True,2025-07-25,16941,18264,Paraguay W,Venezuela W,2,1,0.0,1.0,,,,,,,,,Anahí Fernández
Copa de la División Profesional,964,Bolivia,Copa Bolivia - 6,True,2025-07-25,17743,3637,ABB,Aurora,1,2,0.0,0.0,,,,,,,,,R. Mamani
Copa de la División Profesional,964,Bolivia,Copa Bolivia - 6,True,2025-07-25,20252,3700,Real Oruro,Always Ready,1,1,0.0,0.0,,,,,,,,,J. Espinel
Coppa,486,Belarus,Round of 16,True,2025-07-25,750,388,Naftan,Bate Borisov,3,4,1.0,0.0,,,,,,,,,Artem Yasel
Cup,220,Austria,Round of 64,True,2025-07-25,8260,637,Bischofshofen,Sturm Graz,0,4,0.0,3.0,,,,,,,,,Daniel Pfister
Cup,220,Austria,Round of 64,True,2025-07-25,4255,4256,Dornbirn,Grazer AK,1,0,1.0,0.0,,,,,,,,,Stjepan Bosnjak
Cup,220,Austria,Round of 64,True,2025-07-25,8366,1395,Fach-Donaufeld,Floridsdorfer AC,0,4,0.0,3.0,,,,,,,,,Alexander Harkam
Cup,220,Austria,Round of 64,True,2025-07-25,4942,8261,Gurten,Wals-Grünau,6,2,4.0,0.0,,,,,,,,,Tobias Eder
Cup,347,Czech-Republic,2nd Preliminary Round,True,2025-07-25,7292,7389,Havlíčkův Brod,Žďár nad Sázavou,3,0,1.0,0.0,,,,,,,,,Desconocido
Cup,220,Austria,Round of 64,True,2025-07-25,14709,22213,Imst,WSPG Wels,2,2,1.0,1.0,,,,,,,,,Jan Medwed
Cup,220,Austria,Round of 64,True,2025-07-25,4946,1027,Kalsdorf,SKN ST. Polten,0,5,0.0,2.0,,,,,,,,,Marco Schlacher
Cup,657,Estonia,Round of 64,True,2025-07-25,14303,3526,Kose,Kuressaare,0,7,0.0,4.0,,,,,,,,,Roomet Pärn
Cup,220,Austria,Round of 64,True,2025-07-25,25119,1404,Krems / Rehberg,SKU Amstetten,1,1,1.0,0.0,,,,,,,,,Alain Sadikovski
Cup,220,Austria,Round of 64,True,2025-07-25,8255,4957,Lauterach,Schwaz,0,5,0.0,3.0,,,,,,,,,Paul Nisandzic
Cup,220,Austria,Round of 64,True,2025-07-25,4952,19684,Mannsdorf-Großenzersdorf,Jennersdorf,6,1,2.0,0.0,,,,,,,,,Faruk Celebi
Cup,657,Estonia,Round of 64,True,2025-07-25,10059,26074,Nõmme United,Laagri III,5,1,3.0,1.0,,,,,,,,,Sander Gontmacher
Cup,220,Austria,Round of 64,True,2025-07-25,11200,4967,Oberwart,Wolfsberg,7,0,5.0,0.0,,,,,,,,,Maximilian Fischer
Cup,220,Austria,Round of 64,True,2025-07-25,4955,1028,Parndorf,Ried,0,5,0.0,1.0,,,,,,,,,Cagri Demir
Cup,220,Austria,Round of 64,True,2025-07-25,1397,1405,SV Horn,Austria Klagenfurt,2,0,2.0,0.0,,,,,,,,,Arnes Talic
Cup,220,Austria,Round of 64,True,2025-07-25,4981,4945,SVG Reichenau,Hohenems,4,1,3.0,0.0,,,,,,,,,Armin Talic
Cup,657,Estonia,Round of 64,True,2025-07-25,3530,16718,Tammeka,JK Tabasalu,6,0,4.0,0.0,,,,,,,,,Karl Kena
Cup,347,Czech-Republic,2nd Preliminary Round,True,2025-07-25,19436,7373,Tatran Bohunice,Velké Meziříčí,4,2,2.0,1.0,,,,,,,,,Desconocido
Cup,347,Czech-Republic,2nd Preliminary Round,True,2025-07-25,7366,7368,Tatran Všechovice,Unie Hlubina,1,3,0.0,3.0,,,,,,,,,Desconocido
Cup,220,Austria,Round of 64,True,2025-07-25,21533,4990,Tillmitsch,First Vienna,1,3,0.0,1.0,,,,,,,,,Alexander Autherith
Cup,220,Austria,Round of 64,True,2025-07-25,4961,1398,Traiskirchen,WSG Wattens,0,4,0.0,1.0,,,,,,,,,Davor Divkovic
Cup,220,Austria,Round of 64,True,2025-07-25,4962,1394,Treibach,FC BW Linz,0,3,0.0,1.0,,,,,,,,,Julian Edlinger
Cup,220,Austria,Round of 64,True,2025-07-25,4964,8259,Union Vöcklamarkt,Schwarz-Weiß Bregenz,0,2,0.0,1.0,,,,,,,,,Stefan Gamper
Cup,220,Austria,Round of 64,True,2025-07-25,21390,4954,Velden,Neusiedl,3,2,1.0,1.0,,,,,,,,,Gerald Bauernfeind
Cup,220,Austria,Round of 64,True,2025-07-25,21534,1025,Wallern / Marienkirchen,Wolfsberger AC,1,3,1.0,1.0,,,,,,,,,Philipp Maler
Cup,220,Austria,Round of 64,True,2025-07-25,4996,1023,Weiz,Admira Wacker,0,3,0.0,0.0,,,,,,,,,Jan Uwe Thiel
Cup,657,Estonia,Round of 64,True,2025-07-25,24110,2274,Welco X,Trans Narva,0,8,0.0,1.0,,,,,,,,,Mark-Oskar Arst
Division Intermedia,251,Paraguay,Regular Season - 19,False,2025-07-25,2138,2130,Guairena FC,Fernando De La Mora,5,2,2.0,0.0,,,,,,,,,Álvaro Fernando Giménez Fernández
Division Intermedia,251,Paraguay,Regular Season - 19,False,2025-07-25,1185,1184,Rubio NU,Club River Plate,1,1,0.0,0.0,,,,,,,,,Giancarlo Juliadoza
Division Profesional - Clausura,252,Paraguay,Clausura - 4,True,2025-07-25,2140,1183,2 de Mayo,Sportivo Luqueno,3,2,1.0,2.0,,,,,,,,,"Derlis Benitez, Paraguay"
Division Profesional - Clausura,252,Paraguay,Clausura - 4,True,2025-07-25,1175,1181,Nacional Asuncion,General Caballero,3,0,1.0,0.0,,,,,,,,,"Juan Gabriel Benitez, Paraguay"
Ekstraklasa,106,Poland,Regular Season - 2,False,2025-07-25,344,4248,Arka Gdynia,Radomiak Radom,1,1,1.0,0.0,,,,,,,,,K. Arys
Ekstraklasa,106,Poland,Regular Season - 2,False,2025-07-25,350,3487,Cracovia Krakow,Nieciecza,2,0,1.0,0.0,,,,,,,,,J. Przybyl
Eliteserien,103,Norway,Regular Season - 15,False,2025-07-25,2149,324,Fredrikstad,Stromsgodset,3,2,2.0,1.0,,,,,,,,,"Sigurd Smehus Kringstad, Norway"
FAW Championship,111,Wales,South - 1,True,2025-07-25,2202,11309,Cambrian & Clydach,Treowen Stars,4,0,3.0,0.0,,,,,,,,,Desconocido
FAW Championship,111,Wales,North - 1,True,2025-07-25,6451,6445,Denbigh Town,Caersws,3,2,1.0,0.0,,,,,,,,,Desconocido
FAW Championship,111,Wales,North - 1,True,2025-07-25,362,6457,Llandudno,Holyhead Hotspur,1,0,0.0,0.0,,,,,,,,,Desconocido
FAW Championship,111,Wales,South - 1,True,2025-07-25,20364,2200,Newport City,Afan Lido,1,0,0.0,0.0,,,,,,,,,Desconocido
FAW Championship,111,Wales,North - 1,True,2025-07-25,358,5624,Newtown AFC,Ruthin Town,3,0,1.0,0.0,,,,,,,,,Desconocido
FAW Championship,111,Wales,North - 1,True,2025-07-25,5623,6443,Rhyl,Brickfield Rangers,0,0,0.0,0.0,,,,,,,,,Desconocido
FAW Championship,111,Wales,South - 1,True,2025-07-25,11310,6479,Trethomas Bluebirds,Trefelin,1,2,1.0,1.0,,,,,,,,,Desconocido
FNL,346,Czech-Republic,Regular Season - 2,False,2025-07-25,3725,3722,Prostějov,Chrudim,3,1,0.0,0.0,,,,,,,,,S. Volek
FNL,346,Czech-Republic,Regular Season - 2,False,2025-07-25,3731,3726,Vysočina Jihlava,Táborsko,0,2,0.0,1.0,,,,,,,,,A. Mach
FNL,346,Czech-Republic,Regular Season - 2,False,2025-07-25,3733,8619,Zbrojovka Brno,Sparta Praha II,3,0,1.0,0.0,,,,,,,,,P. Orel
FNL,346,Czech-Republic,Regular Season - 2,False,2025-07-25,3735,3730,Ústí nad Labem,Vlašim,4,1,3.0,1.0,,,,,,,,,A. Trska
First Division,358,Ireland,Regular Season - 24,False,2025-07-25,3846,16498,Athlone Town,Treaty United,2,2,2.0,0.0,,,,,,,,,Glen Geraghty
First Division,358,Ireland,Regular Season - 24,False,2025-07-25,584,3855,Dundalk,Wexford,3,2,2.0,0.0,,,,,,,,,Kevin O'Sullivan
First Division,358,Ireland,Regular Season - 24,False,2025-07-25,3841,3849,Finn Harps,Cobh Ramblers,2,2,1.0,2.0,,,,,,,,,Aaron O'Dowd
First Division,358,Ireland,Regular Season - 24,False,2025-07-25,11328,3844,Kerry,UCD,0,3,0.0,2.0,,,,,,,,,Robert Dowling
First League,236,Russia,Regular Season - 2,False,2025-07-25,1077,1998,Arsenal Tula,Shinnik Yaroslavl,1,1,0.0,1.0,,,,,,,,,O. Sokolov
First League,172,Bulgaria,Regular Season - 2,False,2025-07-25,859,566,Botev Vratsa,Ludogorets,0,1,0.0,0.0,,,,,,,,,V. Zhelezov
Football League - Lowland League,731,Scotland,Lowland League - 1,True,2025-07-25,16845,6731,Celtic II,Broxburn Athletic,3,2,2.0,1.0,,,,,,,,,Mark Daly
Football League - Lowland League,731,Scotland,Lowland League - 1,True,2025-07-25,6771,15602,Hearts U21,Tranent Juniors,1,5,1.0,2.0,,,,,,,,,Connor Greenhan
Friendlies Clubs,667,World,Club Friendlies 5,True,2025-07-25,198,71,ADO Den Haag,Norwich,0,0,0.0,0.0,,,,,,,,,Desconocido
Friendlies Clubs,667,World,Club Friendlies 5,True,2025-07-25,252,57,Aberdeen,Ipswich,1,3,0.0,2.0,,,,,,,,,Desconocido
Friendlies Clubs,667,World,Club Friendlies 5,True,2025-07-25,1303,3221,Avranches,Rouen,0,1,0.0,0.0,,,,,,,,,Desconocido
Friendlies Clubs,667,World,Club Friendlies 5,True,2025-07-25,4988,8372,Bad Sauerbrunn,Union Mauer,3,3,1.0,2.0,,,,,,,,,Desconocido
Friendlies Clubs,667,World,Club Friendlies 5,True,2025-07-25,1830,7203,Boreham Wood,West Ham United U21,1,2,1.0,2.0,,,,,,,,,Desconocido
Friendlies Clubs,667,World,Club Friendlies 5,True,2025-07-25,1299,3131,Boulogne,Versailles,0,0,0.0,0.0,,,,,,,,,Desconocido
Friendlies Clubs,667,World,Club Friendlies 5,True,2025-07-25,1831,7194,Braintree,Fulham U21,0,1,0.0,0.0,,,,,,,,,Desconocido
Friendlies Clubs,667,World,Club Friendlies 5,True,2025-07-25,353,4711,Cardiff MET,Taunton Town,0,2,0.0,0.0,,,,,,,,,Desconocido
Friendlies Clubs,667,World,Club Friendlies 5,True,2025-07-25,8737,1347,Chatham Town,Gillingham,1,0,1.0,0.0,,,,,,,,,Desconocido
Friendlies Clubs,667,World,Club Friendlies 5,True,2025-07-25,1372,56,Cheltenham,Bristol City,0,0,0.0,0.0,,,,,,,,,Desconocido
Friendlies Clubs,667,World,Club Friendlies 5,True,2025-07-25,1361,1350,Colchester,Peterborough,2,2,1.0,2.0,,,,,,,,,Desconocido
Friendlies Clubs,667,World,Club Friendlies 5,True,2025-07-25,713,543,Cordoba,Real Betis,3,4,1.0,2.0,,,,,,,,,Desconocido
Friendlies Clubs,667,World,Club Friendlies 5,True,2025-07-25,1362,52,Crawley Town,Crystal Palace,0,3,0.0,2.0,,,,,,,,,Desconocido
Friendlies Clubs,667,World,Club Friendlies 5,True,2025-07-25,797,67,Elche,Blackburn,0,1,0.0,0.0,,,,,,,,,Desconocido
Friendlies Clubs,667,World,Club Friendlies 5,True,2025-07-25,110,89,Estac Troyes,Dijon,0,0,0.0,0.0,,,,,,,,,Desconocido
Friendlies Clubs,667,World,Club Friendlies 5,True,2025-07-25,19552,2201,Falmouth Town,Briton Ferry,0,6,0.0,0.0,,,,,,,,,Desconocido
Friendlies Clubs,667,World,Club Friendlies 5,True,2025-07-25,502,1581,Fiorentina,Carrarese,2,0,1.0,0.0,,,,,,,,,Desconocido
Friendlies Clubs,667,World,Club Friendlies 5,True,2025-07-25,762,55,GIL Vicente,Brentford,1,1,1.0,1.0,,,,,,,,,Desconocido
Friendlies Clubs,667,World,Club Friendlies 5,True,2025-07-25,101,1301,Grenoble,Rodez,1,0,1.0,0.0,,,,,,,,,Desconocido
Friendlies Clubs,667,World,Club Friendlies 5,True,2025-07-25,5817,734,Harelbeke,Kortrijk,2,2,1.0,2.0,,,,,,,,,Desconocido
Friendlies Clubs,667,World,Club Friendlies 5,True,2025-07-25,424,14130,Helmond Sport,Club Brugge II,2,1,1.0,1.0,,,,,,,,,Desconocido
Friendlies Clubs,667,World,Club Friendlies 3,True,2025-07-25,206,196,Heracles,Excelsior,1,2,0.0,0.0,,,,,,,,,Desconocido
Friendlies Clubs,667,World,Club Friendlies 5,True,2025-07-25,21953,17161,Kudrivka,LNZ Cherkasy,1,2,1.0,1.0,,,,,,,,,Desconocido
Friendlies Clubs,667,World,Club Friendlies 5,True,2025-07-25,4951,8247,Leobendorf,Rapid Wien II,1,2,0.0,0.0,,,,,,,,,Desconocido
Friendlies Clubs,667,World,Club Friendlies 5,True,2025-07-25,957,949,Levadiakos,Panetolikos,0,0,0.0,0.0,,,,,,,,,Desconocido
Friendlies Clubs,667,World,Club Friendlies 5,True,2025-07-25,4196,2256,Makedonija GjP,Laci,0,1,0.0,1.0,,,,,,,,,Desconocido
Friendlies Clubs,667,World,Club Friendlies 5,True,2025-07-25,7732,20016,Merthyr Town,Cardiff City U21,4,6,2.0,2.0,,,,,,,,,Desconocido
Friendlies Clubs,667,World,Club Friendlies 5,True,2025-07-25,4627,4629,Mosta,Tarxien Rainbows,2,2,1.0,1.0,,,,,,,,,Desconocido
Friendlies Clubs,667,World,Club Friendlies 5,True,2025-07-25,256,159,Motherwell,Hertha BSC,1,1,0.0,1.0,,,,,,,,,Desconocido
Friendlies Clubs,667,World,Club Friendlies 5,True,2025-07-25,7319,4508,Motorlet Praha,Bnei Yehuda,0,0,0.0,0.0,,,,,,,,,Desconocido
Friendlies Clubs,667,World,Club Friendlies 5,True,2025-07-25,4605,2264,Naxxar Lions,Gzira United,1,3,0.0,3.0,,,,,,,,,Desconocido
Friendlies Clubs,667,World,Club Friendlies 5,True,2025-07-25,71,553,Norwich,Olympiakos Piraeus,0,3,0.0,1.0,,,,,,,,,Desconocido
Friendlies Clubs,667,World,Club Friendlies 5,True,2025-07-25,17388,234,O Elvas,Pacos Ferreira,0,2,0.0,1.0,,,,,,,,,Desconocido
Friendlies Clubs,667,World,Club Friendlies 5,True,2025-07-25,880,17824,Reggiana,Alcione,2,0,0.0,0.0,,,,,,,,,Desconocido
Friendlies Clubs,667,World,Club Friendlies 5,True,2025-07-25,414,420,Roda,Cambuur,3,1,3.0,1.0,,,,,,,,,Desconocido
Friendlies Clubs,667,World,Club Friendlies 5,True,2025-07-25,1621,170,Rot-Weiß Essen,FC Augsburg,2,1,2.0,0.0,,,,,,,,,Desconocido
Friendlies Clubs,667,World,Club Friendlies 5,True,2025-07-25,160,183,SC Freiburg,Dynamo Dresden,3,3,0.0,1.0,,,,,,,,,Desconocido
Friendlies Clubs,667,World,Club Friendlies 5,True,2025-07-25,1063,114,Saint Etienne,Paris FC,0,3,0.0,3.0,,,,,,,,,Desconocido
Friendlies Clubs,667,World,Club Friendlies 5,True,2025-07-25,1844,4686,Salford City,Stockport County,1,1,0.0,0.0,,,,,,,,,Desconocido
Friendlies Clubs,667,World,Club Friendlies 5,True,2025-07-25,1274,1261,Sparta Nijkerk,GVVV Veenendaal,1,4,0.0,2.0,,,,,,,,,Desconocido
Friendlies Clubs,667,World,Club Friendlies 5,True,2025-07-25,228,533,Sporting CP,Villarreal,1,0,1.0,0.0,,,,,,,,,Desconocido
Friendlies Clubs,667,World,Club Friendlies 5,True,2025-07-25,7753,4699,Tiverton Town,Truro City,0,0,0.0,0.0,,,,,,,,,Desconocido
Friendlies Clubs,667,World,Club Friendlies 3,True,2025-07-25,1827,1364,Torquay,Exeter City,1,1,0.0,0.0,,,,,,,,,Desconocido
Friendlies Clubs,667,World,Club Friendlies 5,True,2025-07-25,4363,1068,Triglav,HNK Gorica,3,1,3.0,1.0,,,,,,,,,Desconocido
Friendlies Clubs,667,World,Club Friendlies 5,True,2025-07-25,7679,8908,Welwyn Garden City,Redbridge,2,2,1.0,1.0,,,,,,,,,Desconocido
Friendlies Clubs,667,World,Club Friendlies 5,True,2025-07-25,7760,7754,Witton Albion,United of Manchester,1,3,0.0,1.0,,,,,,,,,Desconocido
Friendlies Clubs,667,World,Club Friendlies 5,True,2025-07-25,307,548,Yokohama FC,Real Sociedad,1,2,0.0,2.0,,,,,,,,,Desconocido
GFA League,845,Gambia,Relegation - Final,True,2025-07-25,16805,18107,Tallinding United,Samger,0,0,0.0,0.0,,,,,,,,,Desconocido
I Liga,107,Poland,Regular Season - 2,False,2025-07-25,6957,337,Stal Rzeszów,Slask Wroclaw,2,1,1.0,1.0,,,,,,,,,M. Jenda
I Liga,107,Poland,Regular Season - 2,False,2025-07-25,6964,3493,Znicz Pruszków,Stal Mielec,4,5,1.0,2.0,,,,,,,,,S. Lezny
II Liga - East,109,Poland,Regular Season - 1,False,2025-07-25,4247,6958,Olimpia Grudziądz,Stal Stalowa Wola,1,1,0.0,0.0,,,,,,,,,Łukasz Ostrowski
II Liga - East,109,Poland,Regular Season - 1,False,2025-07-25,3489,3492,Podbeskidzie,Sandecja Nowy Sącz,1,3,0.0,1.0,,,,,,,,,Karol Wójcik
II Liga - East,109,Poland,Regular Season - 1,False,2025-07-25,12902,12801,Świt Skolwin,Kalisz,0,3,0.0,0.0,,,,,,,,,Szymon Rutkowski
Jupiler Pro League,144,Belgium,Regular Season - 1,False,2025-07-25,740,1393,Antwerp,Union St. Gilloise,1,1,1.0,0.0,,,,,,,,,E. Lambrechts
K3 League,295,South-Korea,Regular Season - 19,False,2025-07-25,7075,7068,Gangneung City,Daejeon Korail,4,3,3.0,0.0,,,,,,,,,Tae-Yang Hyun
K3 League,295,South-Korea,Regular Season - 19,False,2025-07-25,7108,7098,Ulsan Citizen,Paju Citizen,0,1,0.0,0.0,,,,,,,,,Ji-Hyung Lee
Kakkonen - Lohko B,248,Finland,Group B - 15,False,2025-07-25,13517,9174,HPS,Kiffen,1,0,1.0,0.0,,,,,,,,,Vili Lehtovaara
Kakkonen - Lohko B,248,Finland,Group B - 15,False,2025-07-25,9188,9209,P-Iirot,HJS Akatemia,3,0,1.0,0.0,,,,,,,,,Einari Sario
Liga 1,395,Moldova,Regular Season - 1,False,2025-07-25,5372,14894,Iskra,FCM Ungheni,2,1,2.0,0.0,,,,,,,,,Desconocido
Liga 1,395,Moldova,Regular Season - 1,False,2025-07-25,24956,26152,Oguz,Zimbru II,1,2,0.0,1.0,,,,,,,,,Desconocido
Liga 1,395,Moldova,Regular Season - 1,False,2025-07-25,14011,17625,Sheriff II,FC Stăuceni,0,0,0.0,0.0,,,,,,,,,Desconocido
Liga I,283,Romania,Regular Season - 3,False,2025-07-25,6230,6231,Csikszereda,Rapid,0,2,0.0,2.0,,,,,,,,,F. Andrei
Liga I,283,Romania,Regular Season - 3,False,2025-07-25,2604,2598,Metaloglobus,Petrolul Ploiesti,0,3,0.0,3.0,,,,,,,,,G. Mihuleac
Liga MX,262,Mexico,Apertura - 3,True,2025-07-25,2290,2286,Club Queretaro,U.N.A.M. - Pumas,0,2,0.0,1.0,,,,,,,,,"Mario Terrazas Chavez, Mexico"
Liga MX,262,Mexico,Apertura - 3,True,2025-07-25,2280,2298,Club Tijuana,FC Juarez,1,1,0.0,0.0,,,,,,,,,"Joaquin Alberto Vizcarra Armenta, Mexico"
Liga MX,262,Mexico,Apertura - 3,True,2025-07-25,2291,2285,Puebla,Santos Laguna,1,0,0.0,0.0,,,,,,,,,"Jorge Abraham Camacho Peregrina, Mexico"
Liga MX Femenil,673,Mexico,Apertura - 3,True,2025-07-25,14879,14871,Monterrey W,Querétaro W,4,2,4.0,0.0,,,,,,,,,Desconocido
Liga MX U21,1200,Mexico,Apertura - 3,True,2025-07-25,26831,26834,Club Tijuana U21,Juarez U21,2,1,1.0,1.0,,,,,,,,,Desconocido
Liga MX U21,1200,Mexico,Apertura - 3,True,2025-07-25,26839,26841,Puebla U21,Santos Laguna U21,1,0,0.0,0.0,,,,,,,,,Desconocido
Liga MX U21,1200,Mexico,Apertura - 3,True,2025-07-25,26840,26844,Queretaro U21,UNAM Pumas U21,1,3,0.0,2.0,,,,,,,,,Desconocido
Liga Nacional,339,Guatemala,Apertura - 2,True,2025-07-25,3667,3656,Xelajú,Antigua GFC,0,2,0.0,2.0,,,,,,,,,Desconocido
Liga Panameña de Fútbol,304,Panama,Clausura - 2,True,2025-07-25,2887,2888,San Francisco FC,Deportivo Universitario,1,2,1.0,2.0,,,,,,,,,Ricardo Reid
Liga Pro,242,Ecuador,Regular Season - 22,False,2025-07-25,1150,18762,El Nacional,Libertad,2,2,1.0,1.0,,,,,,,,,"Augusto Bergelio Aragon Bautista, Ecuador"
Liga Profesional Argentina,128,Argentina,2nd Phase - 3,True,2025-07-25,473,440,Independ. Rivadavia,Belgrano Cordoba,0,0,0.0,0.0,,,,,,,,,"Juan Pafundi, Argentina"
Liga Profesional Argentina,128,Argentina,2nd Phase - 3,True,2025-07-25,474,446,Sarmiento Junin,Lanus,0,2,0.0,2.0,,,,,,,,,"Nazareno Arasa, Argentina"
Liga Profesional Argentina,128,Argentina,2nd Phase - 3,True,2025-07-25,441,452,Union Santa Fe,Tigre,0,0,0.0,0.0,,,,,,,,,"Bryan Ferreyra,"
MLS Next Pro,909,USA,Regular Season - 26,False,2025-07-25,21138,18813,Austin II,Houston Dynamo FC II,2,0,2.0,0.0,,,,,,,,,Matthew Thompson
MLS Next Pro,909,USA,Regular Season - 26,False,2025-07-25,21140,4026,Huntsville City,Orlando City II,4,0,2.0,0.0,,,,,,,,,Salvador Flores
Major League Soccer,253,USA,Regular Season - 25,False,2025-07-25,1613,1598,Columbus Crew,Orlando City SC,1,3,0.0,0.0,,,,,,,,,"Tim Ford, USA"
Major League Soccer,253,USA,Regular Season - 25,False,2025-07-25,1597,1604,FC Dallas,New York City FC,3,4,3.0,2.0,,,,,,,,,"Jon Freemon, USA"
Major League Soccer,253,USA,Regular Season - 25,False,2025-07-25,1616,1617,Los Angeles FC,Portland Timbers,0,1,0.0,1.0,,,,,,,,,"Armando Villarrea, USA"
Major League Soccer,253,USA,Regular Season - 25,False,2025-07-25,1609,1614,New England Revolution,CF Montreal,1,3,1.0,2.0,,,,,,,,,"Chris Penso, USA"
Major League Soccer,253,USA,Regular Season - 25,False,2025-07-25,25484,9569,San Diego,Nashville SC,1,0,0.0,0.0,,,,,,,,,"Drew Fischer, Canada"
Meistriliiga,329,Estonia,Regular Season - 30,False,2025-07-25,3525,18657,Vaprus,Laagri,2,2,1.0,1.0,,,,,,,,,Grigori Ošomkov
NB I,271,Hungary,Regular Season - 1,False,2025-07-25,2255,2393,Ujpest,Diosgyori VTK,3,1,2.0,0.0,,,,,,,,,Tamás Bognár
National Football League,376,Fiji,Regular Season - 14,False,2025-07-25,4383,10078,Labasa,Navua,1,0,0.0,0.0,,,,,,,,,Desconocido
National Football League,376,Fiji,Regular Season - 14,False,2025-07-25,4386,4385,Nasinu,Nadi,2,1,1.0,0.0,,,,,,,,,Desconocido
National League - Central,954,New-Zealand,Central League - 14,True,2025-07-25,20644,2535,Petone,Wellington Phoenix II,2,1,1.0,0.0,,,,,,,,,Desconocido
National League - Southern,957,New-Zealand,Southern League - 10,True,2025-07-25,20661,20660,Dunedin City Royals,Coastal Spirit,0,4,0.0,2.0,,,,,,,,,Desconocido
New South Wales NPL,192,Australia,Regular Season - 25,False,2025-07-25,3767,14025,Manly United,Western Sydney Wanderers U23,3,2,0.0,1.0,,,,,,,,,Desconocido
Northern NSW NPL,481,Australia,Regular Season - 12,False,2025-07-25,20789,10207,New Lambton,Lambton Jaffas,1,3,1.0,1.0,,,,,,,,,Desconocido
Northern Super League,1182,Canada,Regular Season - 4,False,2025-07-25,25900,25898,Ottawa Rapid W,Halifax Tides W,1,0,1.0,0.0,,,,,,,,,Desconocido
Northern Territory Premier League,193,Australia,Regular Season - 16,False,2025-07-25,3778,3781,Casuarina,Mindil Aces,1,3,0.0,0.0,,,,,,,,,Desconocido
Northern Territory Premier League,193,Australia,Regular Season - 16,False,2025-07-25,23267,13973,Garuda,Darwin Hearts,0,3,0.0,1.0,,,,,,,,,Desconocido
Oberliga - Bayern Nord,938,Germany,Bayern Nord - 2,True,2025-07-25,12727,12898,ATSV Erlangen,Würzburger FV,1,1,0.0,0.0,,,,,,,,,Desconocido
Oberliga - Bayern Nord,938,Germany,Bayern Nord - 2,True,2025-07-25,21383,21511,Großschwarzenlohe,Coburg,0,1,0.0,1.0,,,,,,,,,Desconocido
Oberliga - Bayern Nord,938,Germany,Bayern Nord - 2,True,2025-07-25,19760,21526,Weiden,Neudrossenfeld,0,1,0.0,1.0,,,,,,,,,Desconocido
Oberliga - Bayern Süd,939,Germany,Bayern Süd - 2,True,2025-07-25,19220,12751,Erlbach,Deisenhofen,0,0,0.0,0.0,,,,,,,,,Desconocido
Oberliga - Bayern Süd,939,Germany,Bayern Süd - 2,True,2025-07-25,14793,20870,Sturm Hauzenberg,Sportfreunde Schwaig,0,2,0.0,0.0,,,,,,,,,Desconocido
Oberliga - Hamburg,745,Germany,Hamburg - 1,True,2025-07-25,20851,1662,ETSV Hamburg,Tus Dassendorf,2,0,1.0,0.0,,,,,,,,,Desconocido
Paulista - U20,1086,Brazil,1st Phase - 13,True,2025-07-25,12993,23475,Capivariano U20,Gremio Prudente U20,1,1,1.0,0.0,,,,,,,,,Desconocido
Paulista - U20,1086,Brazil,1st Phase - 13,True,2025-07-25,13003,13077,Desportivo Brasil U20,XV de Piracicaba U20,0,1,0.0,1.0,,,,,,,,,Desconocido
Paulista - U20,1086,Brazil,1st Phase - 13,True,2025-07-25,13005,13015,EC São Bernardo U20,Itapirense U20,5,1,2.0,0.0,,,,,,,,,Desconocido
Paulista - U20,1086,Brazil,1st Phase - 13,True,2025-07-25,13006,13037,Ferroviária U20,Osasco Audax U20,3,0,1.0,0.0,,,,,,,,,Desconocido
Paulista - U20,1086,Brazil,1st Phase - 13,True,2025-07-25,18336,13026,Ibrachina U20,Mauá U20,3,0,3.0,0.0,,,,,,,,,Desconocido
Paulista - U20,1086,Brazil,1st Phase - 13,True,2025-07-25,13014,13069,Inter Limeira U20,Velo Clube U20,1,1,1.0,0.0,,,,,,,,,Desconocido
Paulista - U20,1086,Brazil,1st Phase - 13,True,2025-07-25,13027,22848,Mirassol U20,Sfera U20,3,0,2.0,0.0,,,,,,,,,Desconocido
Paulista - U20,1086,Brazil,1st Phase - 13,True,2025-07-25,13033,18352,Novorizontino U20,São José EC U20,3,1,3.0,0.0,,,,,,,,,Desconocido
Paulista - U20,1086,Brazil,1st Phase - 13,True,2025-07-25,13034,13007,Oeste U20,Flamengo SP U20,2,1,1.0,0.0,,,,,,,,,Desconocido
Paulista - U20,1086,Brazil,1st Phase - 13,True,2025-07-25,18344,23466,Portuguesa Santista U20,Bandeirante U20,0,1,0.0,1.0,,,,,,,,,Desconocido
Paulista - U20,1086,Brazil,1st Phase - 13,True,2025-07-25,13059,13054,São Bento U20,Santo André U20,2,2,1.0,1.0,,,,,,,,,Desconocido
Paulista - U20,1086,Brazil,1st Phase - 13,True,2025-07-25,13061,13064,São Caetano U20,Taubaté U20,2,1,1.0,1.0,,,,,,,,,Desconocido
Paulista - U20,1086,Brazil,1st Phase - 13,True,2025-07-25,13063,22834,Tanabi SP U20,Comercial de Tietê U20,1,0,1.0,0.0,,,,,,,,,Desconocido
Paulista - U20,1086,Brazil,1st Phase - 13,True,2025-07-25,20775,18356,União Suzano U20,União São João U20,2,1,1.0,1.0,,,,,,,,,Desconocido
Paulista - U20,1086,Brazil,1st Phase - 13,True,2025-07-25,13078,13057,Água Santa U20,Sertãozinho U20,0,1,0.0,0.0,,,,,,,,,Desconocido
Paulista Série B,1098,Brazil,2nd Phase - 5,True,2025-07-25,25770,23579,Assisense,Mauaense,2,2,1.0,0.0,,,,,,,,,Desconocido
Premier Division,357,Ireland,Regular Season - 25,False,2025-07-25,653,3842,Cork City,Sligo Rovers,2,3,1.0,0.0,,,,,,,,,Desconocido
Premier Division,357,Ireland,Regular Season - 25,False,2025-07-25,670,3840,Derry City,Bohemians,1,1,1.0,0.0,,,,,,,,,Damien McGraith
Premier Division,357,Ireland,Regular Season - 25,False,2025-07-25,3851,3845,Galway United,Waterford,2,4,0.0,1.0,,,,,,,,,Desconocido
Premier League,584,Libya,Final Round - 1,True,2025-07-25,12424,12423,Al Ahli Tripoli,Al Ahli Benghazi,2,0,2.0,0.0,,,,,,,,,Desconocido
Premier League,584,Libya,Final Round - 1,True,2025-07-25,8053,12427,Al-Ittihad,Al-Akhdar,1,2,0.0,1.0,,,,,,,,,Desconocido
Premier League,569,Kyrgyzstan,Regular Season - 14,False,2025-07-25,25764,25767,Asiagoal,Ozgon,0,2,0.0,1.0,,,,,,,,,Desconocido
Premier League,584,Libya,Final Round - 1,True,2025-07-25,12436,8097,Asswehly,Al Hilal,2,2,1.0,1.0,,,,,,,,,Desconocido
Premier League,235,Russia,Regular Season - 2,False,2025-07-25,1079,2011,Krylia Sovetov,Nizhny Novgorod,2,0,0.0,0.0,,,,,,,,,"Sergey Cheban, Russia"
Premier League,389,Kazakhstan,Regular Season - 18,False,2025-07-25,16611,4558,Zhenys,Okzhetpes,0,0,0.0,0.0,,,,,,,,,Aleksandr Zatula
Premiership Women,1103,Northern-Ireland,Regular Season - 8,False,2025-07-25,16840,21486,Glentoran BU W,Cliftonville W,0,2,0.0,0.0,,,,,,,,,Desconocido
Premiership Women,1103,Northern-Ireland,Regular Season - 8,False,2025-07-25,10918,23629,Linfield W,Larne W,11,0,5.0,0.0,,,,,,,,,Desconocido
Premiership Women,1103,Northern-Ireland,Regular Season - 8,False,2025-07-25,23261,23632,Lisburn Ladies W,Derry City W,0,2,0.0,1.0,,,,,,,,,Desconocido
Premiership Women,1103,Northern-Ireland,Regular Season - 8,False,2025-07-25,23630,21488,Lisburn Rangers W,Crusaders Strikers W,0,5,0.0,2.0,,,,,,,,,Desconocido
Primera A,239,Colombia,Clausura - 4,True,2025-07-25,1137,1139,Atletico Nacional,Santa Fe,1,1,1.0,0.0,,,,,,,,,"Luis Gabriel Matorel Martinez, Colombia"
Primera A,239,Colombia,Clausura - 4,True,2025-07-25,1142,1462,Deportes Tolima,Deportivo Pereira,1,0,1.0,0.0,,,,,,,,,"Steven Camargo, Colombia"
Primera B,240,Colombia,Clausura - 3,True,2025-07-25,1130,1145,Huila,Tigres FC,1,0,0.0,0.0,,,,,,,,,Carlos Alfredo Casseres Herrera
Primera B,240,Colombia,Clausura - 3,True,2025-07-25,1460,23326,Popayan,Internacional Palmira,2,0,1.0,0.0,,,,,,,,,Juan David Roldán Gómez
Primera B,266,Chile,Regular Season - 18,False,2025-07-25,5644,5635,Recoleta,Concepción,2,3,1.0,1.0,,,,,,,,,Desconocido
Primera B Metropolitana,131,Argentina,Clausura - 6,True,2025-07-25,8385,1963,Excursionistas,Midland,1,0,0.0,0.0,,,,,,,,,Julián Jerez
Primera Division,396,Nicaragua,Apertura - 3,True,2025-07-25,4644,24510,Managua,Rancho Santana,1,1,0.0,0.0,,,,,,,,,Elier Aguirre
Primera División,265,Chile,Regular Season - 17,False,2025-07-25,16730,2337,Deportes Limache,Nublense,0,1,0.0,0.0,,,,,,,,,"Gaston Philippe, Chile"
Primera División,281,Peru,Clausura - 2,True,2025-07-25,2550,2539,Deportivo Binacional,UTC Cajamarca,0,0,0.0,0.0,,,,,,,,,"Michael Espinoza, Peru"
Primera División,162,Costa-Rica,Apertura - 1,True,2025-07-25,826,820,Municipal Liberia,CS Cartagines,1,0,0.0,0.0,,,,,,,,,Josué Ugalde
Primera División,299,Venezuela,Clausura - 4,True,2025-07-25,2827,2806,Puerto Cabello,Zamora FC,3,0,2.0,0.0,,,,,,,,,Jesús Valenzuela Sáez
Primera División,281,Peru,Clausura - 2,True,2025-07-25,2555,22479,Sport Huancayo,Juan Pablo II College,5,1,3.0,0.0,,,,,,,,,"Diego Haro, Peru"
Primera Nacional,129,Argentina,Regular Season - 24,False,2025-07-25,8377,480,Colegiales,Quilmes,1,0,0.0,0.0,,,,,,,,,Javier Alberto Delbarba
Primera Nacional,129,Argentina,Regular Season - 24,False,2025-07-25,1928,485,Gimnasia Y Tiro,San Martin Tucuman,2,0,1.0,0.0,,,,,,,,,Nahuel Viñas
Queensland NPL,482,Australia,Regular Season - 7,False,2025-07-25,10215,10220,Gold Coast Knights,Olympic,1,0,1.0,0.0,,,,,,,,,Desconocido
Regionalliga - Bayern,83,Germany,Bayern - 1,True,2025-07-25,9323,9337,Aubstadt,Wacker Burghausen,0,1,0.0,1.0,,,,,,,,,Johannes Wagner
Regionalliga - Bayern,83,Germany,Bayern - 1,True,2025-07-25,9324,4674,Augsburg II,Bayern München II,1,2,1.0,0.0,,,,,,,,,Maximilian Ziegler
Regionalliga - Bayern,83,Germany,Bayern - 1,True,2025-07-25,4262,9331,Eichstätt,Memmingen,1,2,1.0,2.0,,,,,,,,,Julian Schaub
Regionalliga - Bayern,83,Germany,Bayern - 1,True,2025-07-25,9330,784,Illertissen,Würzburger Kickers,0,3,0.0,3.0,,,,,,,,,Felix Grund
Regionalliga - Bayern,83,Germany,Bayern - 1,True,2025-07-25,9332,12849,Nürnberg II,Schwaben Augsburg,1,0,0.0,0.0,,,,,,,,,Lothar Ostheimer
Regionalliga - Bayern,83,Germany,Bayern - 1,True,2025-07-25,9336,9328,Viktoria Aschaffenburg,Greuther Fürth II,0,4,0.0,3.0,,,,,,,,,Johannes Hamper
Regionalliga - Nord,84,Germany,North - 1,True,2025-07-25,12804,1318,Kickers Emden,SV Meppen,0,1,0.0,0.0,,,,,,,,,Luca Sambill
Regionalliga - Nordost,85,Germany,Nordost - 1,True,2025-07-25,9349,12786,Altglienicke,Hertha Zehlendorf,2,0,0.0,0.0,,,,,,,,,Jens Klemm
Regionalliga - Nordost,85,Germany,Nordost - 1,True,2025-07-25,1329,12809,FC Rot-Weiß Erfurt,Luckenwalde,2,1,0.0,0.0,,,,,,,,,Pascal Wien
Regionalliga - West,87,Germany,West - 1,True,2025-07-25,9375,1326,Wuppertaler SV,Fortuna Köln,0,2,0.0,1.0,,,,,,,,,Nils Hasse
Reserve League,906,Argentina,2nd Phase - 2,True,2025-07-25,18700,18677,Tigre Res.,Argentinos Juniors Res.,1,0,1.0,0.0,,,,,,,,,Desconocido
Second League,173,Bulgaria,Regular Season - 1,False,2025-07-25,8528,1428,Yantra 2019,Pirin Blagoevgrad,1,1,1.0,0.0,,,,,,,,,Desconocido
South Australia NPL,194,Australia,Regular Season - 19,False,2025-07-25,16769,16768,West Torrens Birkalla,Playford City Patriots,0,3,0.0,3.0,,,,,,,,,Desconocido
Super Cup,838,Jordan,Final,True,2025-07-25,4532,4537,Al Hussein,Al Wihdat,1,0,1.0,0.0,,,,,,,,,Desconocido
Super League,207,Switzerland,Regular Season - 1,False,2025-07-25,783,630,FC Zurich,FC Sion,2,3,1.0,0.0,,,,,,,,,"Sven Wolfensberger, Switzerland"
Superliga,119,Denmark,Regular Season - 2,False,2025-07-25,406,401,Aarhus,Randers FC,1,2,1.0,0.0,,,,,,,,,J. Sundberg
Tasmania Southern Championship,1093,Australia,Regular Season - 16,False,2025-07-25,23521,23527,Clarence Zebras II,South Hobart II,0,1,0.0,0.0,,,,,,,,,Desconocido
Torneo Federal A,134,Argentina,2nd Round - 2,True,2025-07-25,3975,443,Kimberley Mar del Plata,Olimpo Bahia Blanca,0,1,0.0,1.0,,,,,,,,,Cristian Rubiano
USL League One Cup,1095,USA,Group Stage - 7,False,2025-07-25,25486,4010,Portland Hearts of Pine,Pittsburgh Riverhounds,2,2,0.0,0.0,,,,,,,,,Edson Carvajal
USL League Two,256,USA,Conference - Finals,True,2025-07-25,18882,4093,Ballard,Ventura County Fusion,2,1,1.0,0.0,,,,,,,,,Desconocido
USL League Two,256,USA,Conference - Finals,True,2025-07-25,23116,25939,Dothan United,Fort Lauderdale United,2,1,2.0,0.0,,,,,,,,,Desconocido
USL League Two,256,USA,Conference - Finals,True,2025-07-25,4052,10069,Flint City Bucks,Minneapolis City,2,1,1.0,1.0,,,,,,,,,Desconocido
USL League Two,256,USA,Conference - Finals,True,2025-07-25,18912,4061,Vermont Green,Lionsbridge,3,1,1.0,1.0,,,,,,,,,Desconocido
Veikkausliiga,244,Finland,Regular Season - 17,False,2025-07-25,2075,650,FF Jaro,VPS,2,2,0.0,0.0,,,,,,,,,"Matti Roth, Finland"
Victoria NPL,195,Australia,Regular Season - 23,False,2025-07-25,3800,3808,Dandenong City,Oakleigh Cannons,1,0,0.0,0.0,,,,,,,,,Desconocido
Victoria NPL,195,Australia,Regular Season - 23,False,2025-07-25,3802,9978,Green Gully,St. Albans Saints,2,2,1.0,2.0,,,,,,,,,Desconocido
Victoria NPL,195,Australia,Regular Season - 23,False,2025-07-25,3804,3810,Hume City,Port Melbourne,4,1,2.0,1.0,,,,,,,,,Desconocido
Victoria NPL,195,Australia,Regular Season - 23,False,2025-07-25,19705,22823,Preston Lions,Melbourne Victory II,1,0,0.0,0.0,,,,,,,,,Desconocido
Victoria NPL 2,836,Australia,Regular Season - 23,False,2025-07-25,3799,16780,Bentleigh Greens,Brunswick City,2,0,2.0,0.0,,,,,,,,,Desconocido
Victoria NPL 2,836,Australia,Regular Season - 23,False,2025-07-25,16785,16781,Moreland City,Bulleen Lions,1,0,1.0,0.0,,,,,,,,,Desconocido
Victoria NPL 2,836,Australia,Regular Season - 23,False,2025-07-25,16788,3806,Northcote City,Kingston City,7,1,3.0,1.0,,,,,,,,,Desconocido
Western Australia NPL,196,Australia,Regular Season - 18,False,2025-07-25,3814,20890,Bayswater City,Olympic Kingsway,2,3,1.0,3.0,,,,,,,,,Desconocido
Ykkönen,245,Finland,Regular Season - 16,False,2025-07-25,10667,18758,Atlantis,KuPS Akatemia,2,4,0.0,2.0,,,,,,,,,Oliver Reitala
Ykkönen,245,Finland,Regular Season - 15,False,2025-07-25,2074,9175,FC jazz,MP,1,3,1.0,2.0,,,,,,,,,Robin Kuloaro
Ykkönen,245,Finland,Regular Season - 16,False,2025-07-25,9190,1167,Tampere United,Rops,4,0,1.0,0.0,,,,,,,,,Minka Vekkeli
Ykkösliiga,1087,Finland,Regular Season - 17,False,2025-07-25,2078,1168,EIF,Turku PS,0,2,0.0,1.0,,,,,,,,,Desconocido
Ykkösliiga,1087,Finland,Regular Season - 17,False,2025-07-25,9173,1166,JäPS,Lahti,2,1,1.0,1.0,,,,,,,,,Desconocido
Ykkösliiga,1087,Finland,Regular Season - 17,False,2025-07-25,10669,9172,PK-35,JIPPO,1,1,0.0,0.0,,,,,,,,,Desconocido
Youth Championship,238,Russia,Regular Season - 16,False,2025-07-25,15175,16595,Akademiya Konoplev U20,Rostov U19,1,1,1.0,0.0,,,,,,,,,Desconocido
Youth Championship,238,Russia,Regular Season - 16,False,2025-07-25,21615,9227,Baltika U19,Sochi U20,2,2,1.0,1.0,,,,,,,,,Desconocido
Youth Championship,238,Russia,Regular Season - 16,False,2025-07-25,7951,9217,CSKA Moskva U19,Akhmat Grozny U20,3,1,1.0,0.0,,,,,,,,,Desconocido
Youth Championship,238,Russia,Regular Season - 16,False,2025-07-25,19295,16594,Fakel U19,Dinamo Moskva U19,3,4,3.0,2.0,,,,,,,,,Desconocido
Youth Championship,238,Russia,Regular Season - 16,False,2025-07-25,17150,7985,Krylya Sovetov U19,Krasnodar U19,0,4,0.0,3.0,,,,,,,,,Desconocido
Youth Championship,238,Russia,Regular Season - 16,False,2025-07-25,7910,9231,Lokomotiv Moskva U19,Ural U20,4,1,2.0,0.0,,,,,,,,,Desconocido
Youth Championship,238,Russia,Regular Season - 16,False,2025-07-25,17151,7941,Nizhny Novgorod U19,Zenit U19,2,0,1.0,0.0,,,,,,,,,Desconocido
Youth Championship,238,Russia,Regular Season - 16,False,2025-07-25,9226,7996,Rubin Kazan U20,Spartak Moskva U19,0,0,0.0,0.0,,,,,,,,,Desconocido
Úrvalsdeild Women,671,Iceland,Regular Season - 11,False,2025-07-25,14848,25518,FH W,Fram W,3,1,2.0,0.0,,,,,,,,,Desconocido
Úrvalsdeild Women,671,Iceland,Regular Season - 11,False,2025-07-25,22857,14855,Víkingur Reykjavík W,Stjarnan W,2,1,2.0,0.0,,,,,,,,,Desconocido
1. Division,388,Kazakhstan,Regular Season - 15,False,2025-07-24,4545,4552,Akademiya Ontustik,Kaspiy,1,6,0.0,2.0,,,,,,,,,Desconocido
1. Division,388,Kazakhstan,Regular Season - 15,False,2025-07-24,4546,4551,Aktobe Jas,Ekibastuz,2,5,1.0,2.0,,,,,,,,,Desconocido
1. Division,388,Kazakhstan,Regular Season - 15,False,2025-07-24,4556,4565,Sport Academy Kairat,Irtysh,0,3,0.0,2.0,,,,,,,,,Desconocido
2. Deild,166,Iceland,Regular Season - 14,False,2025-07-24,4171,4169,Thróttur Vogar,Vídir,2,1,2.0,0.0,,,,,,,,,Desconocido
Brasileiro U17,1128,Brazil,1st Phase - 11,True,2025-07-24,24480,24482,Fortaleza U17,Gremio U17,0,1,0.0,0.0,,,,,,,,,Desconocido
CONMEBOL Sudamericana,11,World,Knockout Round Play-offs,True,2025-07-24,1062,1131,Atletico-MG,Bucaramanga,0,1,0.0,1.0,,,,,,,,,"Esteban Ostojich, Uruguay"
CONMEBOL Sudamericana,11,World,Knockout Round Play-offs,True,2025-07-24,1174,2323,Club Guarani,Universidad de Chile,2,1,0.0,1.0,,,,,,,,,"Raphael Claus, Brazil"
COTIF Tournament,940,World,Group Stage - 3,False,2025-07-24,10301,10314,Saudi Arabia U20,Venezuela U20,0,0,0.0,0.0,,,,,,,,,Desconocido
COTIF Tournament,940,World,Group Stage - 3,False,2025-07-24,10307,11038,Uruguay U20,Mauritania U20,2,3,1.0,0.0,,,,,,,,,Desconocido
Copa America Femenina,926,World,1st Round - 2,True,2025-07-24,1977,16944,Chile W,Uruguay W,0,3,0.0,1.0,,,,,,,,,Ivana Projkovska
Copa America Femenina,926,World,1st Round - 2,True,2025-07-24,1731,1782,Ecuador W,Argentina W,0,2,0.0,1.0,,,,,,,,,Adriana Jessica Farfán Herbas
Friendlies,10,World,Friendlies 3,True,2025-07-24,1527,1505,Central African Republic,Niger,0,0,0.0,0.0,,,,,,,,,Desconocido
Friendlies,10,World,Friendlies 1,True,2025-07-24,13,1519,Senegal,Uganda,1,2,0.0,0.0,,,,,,,,,Desconocido
Friendlies,10,World,Friendlies 1,True,2025-07-24,1519,13,Uganda,Senegal,2,1,0.0,0.0,,,,,,,,,Ahmed Arajiga
Friendlies Clubs,667,World,Club Friendlies 1,True,2025-07-24,194,247,Ajax,Celtic,5,1,1.0,1.0,,,,,,,,,Andrea Colombo
Friendlies Clubs,667,World,Club Friendlies 5,True,2025-07-24,19025,11110,Ballymacash Rangers,Armagh City,1,1,,,,,,,,,,,Desconocido
Friendlies Clubs,667,World,Club Friendlies 5,True,2025-07-24,724,534,Cadiz,Las Palmas,2,1,1.0,1.0,,,,,,,,,Desconocido
Friendlies Clubs,667,World,Club Friendlies 5,True,2025-07-24,9499,502,Grosseto,Fiorentina,0,3,0.0,2.0,,,,,,,,,Desconocido
Friendlies Clubs,667,World,Club Friendlies 5,True,2025-07-24,1579,865,Monza,Giana Erminio,1,0,0.0,0.0,,,,,,,,,Desconocido
Friendlies Clubs,667,World,Club Friendlies 5,True,2025-07-24,225,218,Nacional,Tondela,1,2,0.0,1.0,,,,,,,,,Desconocido
Friendlies Clubs,667,World,Club Friendlies 5,True,2025-07-24,522,9458,Palermo,Sondrio,4,0,3.0,0.0,,,,,,,,,Desconocido
Friendlies Clubs,667,World,Club Friendlies 5,True,2025-07-24,5914,6221,Rochefort,Olympic Charleroi,1,1,0.0,1.0,,,,,,,,,Desconocido
Friendlies Clubs,667,World,Club Friendlies 5,True,2025-07-24,10320,1264,Sparta Rotterdam II,Hercules,6,1,3.0,0.0,,,,,,,,,Desconocido
Friendlies Clubs,667,World,Club Friendlies 5,True,2025-07-24,12889,208,VfR Mannheim,Emmen,1,1,0.0,0.0,,,,,,,,,Desconocido
Kakkonen - Lohko A,247,Finland,Group A - 15,False,2025-07-24,13563,9179,JPS,Reipas,1,5,1.0,1.0,,,,,,,,,Lotta Vuorio
Kakkonen - Lohko C,249,Finland,Group C - 15,False,2025-07-24,9214,6073,TP-47,JS Hercules,1,5,1.0,2.0,,,,,,,,,Tatu Korkalainen
Liga MX Femenil,673,Mexico,Apertura - 3,True,2025-07-24,14873,14882,Atlas W,Puebla W,2,0,0.0,0.0,,,,,,,,,Desconocido
Liga MX Femenil,673,Mexico,Apertura - 3,True,2025-07-24,14872,14885,Tijuana W,Toluca W,1,3,0.0,1.0,,,,,,,,,Desconocido
Liga Nacional,234,Honduras,Apertura - 1,True,2025-07-24,11682,1050,Victoria,CD Marathon,0,3,0.0,1.0,,,,,,,,,James Salinas
Liga Pro,242,Ecuador,Regular Season - 22,False,2025-07-24,1152,1158,Barcelona SC,LDU de Quito,0,1,0.0,1.0,,,,,,,,,"Robert Cabrera, Ecuador"
Liga Pro Serie B,243,Ecuador,Regular Season - 19,False,2025-07-24,10111,23310,9 de Octubre,San Antonio,1,0,1.0,0.0,,,,,,,,,Gorky Araujo Zambrano
Liga Pro Serie B,243,Ecuador,Regular Season - 19,False,2025-07-24,1986,2238,Gualaceo SC,Ind. Juniors,0,1,0.0,1.0,,,,,,,,,Carlos Daniel Aroca Torres
Matogrossense 2,1096,Brazil,Final,True,2025-07-24,10688,26048,Operário MT,Chapada,1,1,0.0,0.0,,,,,,,,,Desconocido
Northern Super League,1182,Canada,Regular Season - 4,False,2025-07-24,25901,25896,Vancouver Rise W,AFC Toronto W,2,1,2.0,1.0,,,,,,,,,Desconocido
Paulista - U20,1086,Brazil,1st Phase - 13,True,2025-07-24,13044,23465,Ponte Preta U20,Aguai U20,5,0,1.0,0.0,,,,,,,,,Desconocido
Premier Division,1080,Grenada,Regular Season - 15,False,2025-07-24,23371,23365,St. John's,Camerhogne,3,1,2.0,1.0,,,,,,,,,Desconocido
Premier League,1031,Bhutan,Regular Season,False,2025-07-24,21275,9426,Samtse,Paro,0,6,0.0,2.0,,,,,,,,,Desconocido
Premier Soccer League,401,Zimbabwe,Regular Season - 22,False,2025-07-24,23287,25735,Bikita Minerals,Scotland Mabvuku,0,1,0.0,0.0,,,,,,,,,Desconocido
Premier Soccer League,401,Zimbabwe,Regular Season - 22,False,2025-07-24,5221,5227,Dynamos,Manica Diamonds,0,0,0.0,0.0,,,,,,,,,Desconocido
Premier Soccer League,401,Zimbabwe,Regular Season - 22,False,2025-07-24,5224,5232,Highlanders,Triangle United,0,0,0.0,0.0,,,,,,,,,Desconocido
Primera A,239,Colombia,Clausura - 3,True,2025-07-24,1127,1147,Deportivo Cali,Fortaleza FC,1,1,1.0,0.0,,,,,,,,,"Suarez Lizmair,"
Primera A,239,Colombia,Clausura - 3,True,2025-07-24,1128,1129,Independiente Medellin,Envigado,3,4,1.0,2.0,,,,,,,,,"Carlos Ortega, Colombia"
Primera División,162,Costa-Rica,Apertura - 1,True,2025-07-24,821,815,Guadalupe FC,CS Herediano,0,0,0.0,0.0,,,,,,,,,Jonathan Alexis Leitón Bonilla
Primera División,299,Venezuela,Clausura - 4,True,2025-07-24,2825,18806,Metropolitanos FC,Anzoátegui FC,1,2,0.0,2.0,,,,,,,,,Carlos Parra
Primera División,299,Venezuela,Clausura - 4,True,2025-07-24,2814,2811,Portuguesa FC,Monagas SC,0,1,0.0,1.0,,,,,,,,,Yender Yoscan Herrera Toledo
Primera División,299,Venezuela,Clausura - 4,True,2025-07-24,2829,2810,Yaracuyanos FC,Carabobo FC,1,2,0.0,1.0,,,,,,,,,Yilbert Bermúdez
Regionalliga - Bayern,83,Germany,Bayern - 1,True,2025-07-24,14621,9325,Ansbach,Bayreuth,1,2,1.0,1.0,,,,,,,,,Christopher Schwarzmann
Reserve League,906,Argentina,2nd Phase - 2,True,2025-07-24,18680,22938,Barracas Central Res.,Independiente Riva. Res.,1,0,0.0,0.0,,,,,,,,,Desconocido
Reserve League,906,Argentina,2nd Phase - 2,True,2025-07-24,18681,18701,Boca Juniors Res.,Unión Santa Fe Res.,3,0,1.0,0.0,,,,,,,,,Desconocido
Reserve League,906,Argentina,2nd Phase - 2,True,2025-07-24,18683,18682,Colón Res.,Central Córdoba SdE Res.,1,1,0.0,0.0,,,,,,,,,Desconocido
Reserve League,906,Argentina,2nd Phase - 2,True,2025-07-24,18697,18686,San Lorenzo Res.,Gimnasia La Plata Res.,0,0,0.0,0.0,,,,,,,,,Desconocido
Reserve League,906,Argentina,2nd Phase - 2,True,2025-07-24,25592,22937,San Martín San Juan Res.,Deportivo Riestra Res.,1,0,0.0,0.0,,,,,,,,,Desconocido
Segunda División,300,Venezuela,Apertura - 17,True,2025-07-24,21231,11371,Bolívar,Monagas II,1,1,0.0,1.0,,,,,,,,,Desconocido
Segunda División,300,Venezuela,Apertura - 17,True,2025-07-24,2858,2817,Dinamo de Puerto La Cruz,Aragua FC,1,0,1.0,0.0,,,,,,,,,Desconocido
Segunda División,300,Venezuela,Apertura - 17,True,2025-07-24,10091,2815,Fundación Lara Deportiva,Trujillanos FC,0,0,0.0,0.0,,,,,,,,,Desconocido
Segunda División,300,Venezuela,Apertura - 17,True,2025-07-24,18807,2832,Héroes de Falcón,Atletico el Vigia FC,1,0,0.0,0.0,,,,,,,,,Desconocido
Segunda División,300,Venezuela,Apertura - 17,True,2025-07-24,2824,2838,Mineros de Guyana,Angostura FC,1,1,0.0,1.0,,,,,,,,,Desconocido
Segunda División,300,Venezuela,Apertura - 17,True,2025-07-24,2853,21208,Petare FC,Marítimo,0,0,0.0,0.0,,,,,,,,,Desconocido
Segunda División,300,Venezuela,Apertura - 17,True,2025-07-24,25902,2816,Puerto Cabello II,Urena SC,0,1,0.0,0.0,,,,,,,,,Desconocido
Segunda División,300,Venezuela,Apertura - 17,True,2025-07-24,2837,2847,Titanes FC,Real Frontera,2,3,2.0,1.0,,,,,,,,,Desconocido
Serie A,71,Brazil,Regular Season - 16,False,2025-07-24,152,126,Juventude,Sao Paulo,0,1,0.0,0.0,,,,,,,,,"Savio Pereira Sampaio, Brazil"
Serie B,72,Brazil,Regular Season - 18,False,2025-07-24,2618,140,Botafogo SP,Criciuma,0,2,0.0,1.0,,,,,,,,,"Jonathan Benkenstein Pinheiro, Brazil"
Serie B,72,Brazil,Regular Season - 18,False,2025-07-24,1198,145,Remo,Avai,2,1,2.0,1.0,,,,,,,,,"Emerson Ricardo de Almeida Andrade, Brazil"
UEFA Europa Conference League,848,World,2nd Qualifying Round,True,2025-07-24,575,563,AEK Athens FC,Hapoel Beer Sheva,1,0,0.0,0.0,,,,,,,,,"Luca Pairetto, Italy"
UEFA Europa Conference League,848,World,2nd Qualifying Round,True,2025-07-24,4563,628,Aktobe,Sparta Praha,2,1,1.0,0.0,,,,,,,,,"Kristoffer Hagenes, Norway"
UEFA Europa Conference League,848,World,2nd Qualifying Round,True,2025-07-24,3683,2599,Ararat-Armenia,Universitatea Cluj,0,0,0.0,0.0,,,,,,,,,"Dzmitry Dzmitryieu, Belarus"
UEFA Europa Conference League,848,World,2nd Qualifying Round,True,2025-07-24,11238,1123,Araz,Aris Thessalonikis,2,1,0.0,0.0,,,,,,,,,Andrei Florin Chivulete
UEFA Europa Conference League,848,World,2nd Qualifying Round,True,2025-07-24,1430,649,Arda Kardzhali,HJK Helsinki,0,0,0.0,0.0,,,,,,,,,"Bulat Sariyev, Kazakhstan"
UEFA Europa Conference League,848,World,2nd Qualifying Round,True,2025-07-24,3408,2391,Aris,Puskas Academy,3,2,2.0,0.0,,,,,,,,,"David Smajc, Slovenia"
UEFA Europa Conference League,848,World,2nd Qualifying Round,True,2025-07-24,3345,3326,Atlètic Club d'Escaldes,Dinamo Tirana,1,2,1.0,0.0,,,,,,,,,Tim Marshall
UEFA Europa Conference League,848,World,2nd Qualifying Round,True,2025-07-24,601,14864,Austria Vienna,Spaeri,2,0,1.0,0.0,,,,,,,,,Martin Dohál
UEFA Europa Conference League,848,World,2nd Qualifying Round,True,2025-07-24,851,564,Cherno More Varna,Başakşehir,0,1,0.0,0.0,,,,,,,,,"Luka Bilbija, Bosnia & Herzegovina"
UEFA Europa Conference League,848,World,2nd Qualifying Round,True,2025-07-24,3745,781,Dečić,Rapid Vienna,0,2,0.0,2.0,,,,,,,,,"Kadir Saglam, Türkiye"
UEFA Europa Conference League,848,World,2nd Qualifying Round,True,2025-07-24,394,3327,Dinamo Minsk,Egnatia Rrogozhinë,0,2,0.0,1.0,,,,,,,,,"Ioannis Papadopoulos, Greece"
UEFA Europa Conference League,848,World,2nd Qualifying Round,True,2025-07-24,1386,2036,Dundee Utd,UNA Strassen,1,0,0.0,0.0,,,,,,,,,"Marc Nagtegaal, Netherlands"
UEFA Europa Conference League,848,World,2nd Qualifying Round,True,2025-07-24,562,4633,FC Astana,Zimbru,1,1,0.0,1.0,,,,,,,,,"Tim Marshall, Northern Ireland"
UEFA Europa Conference League,848,World,2nd Qualifying Round,True,2025-07-24,660,5351,FC Vaduz,Dungannon Swifts,0,1,0.0,0.0,,,,,,,,,Peter Kralovic
UEFA Europa Conference League,848,World,2nd Qualifying Round,True,2025-07-24,10534,387,FK Košice,Neman,2,3,2.0,0.0,,,,,,,,,"Lionel Tschudi, Switzerland"
UEFA Europa Conference League,848,World,2nd Qualifying Round,True,2025-07-24,679,632,FK Sarajevo,Universitatea Craiova,2,1,2.0,0.0,,,,,,,,,"Dmytro Panchyshyn, Ukraine"
UEFA Europa Conference League,848,World,2nd Qualifying Round,True,2025-07-24,586,583,FK Zalgiris Vilnius,Linfield,0,0,0.0,0.0,,,,,,,,,"Dumitru Muntean, Moldova"
UEFA Europa Conference League,848,World,2nd Qualifying Round,True,2025-07-24,4133,407,HB Torshavn,Brondby,1,1,0.0,0.0,,,,,,,,,"Joakim Ostling, Sweden"
UEFA Europa Conference League,848,World,2nd Qualifying Round,True,2025-07-24,363,736,Hammarby FF,Charleroi,0,0,0.0,0.0,,,,,,,,,"Mathieu Vernice, France"
UEFA Europa Conference League,848,World,2nd Qualifying Round,True,2025-07-24,3884,1120,Hibernians,Spartak Trnava,1,2,0.0,1.0,,,,,,,,,"Visar Kastrati, Kosovo"
UEFA Europa Conference League,848,World,2nd Qualifying Round,True,2025-07-24,1163,201,Ilves,AZ Alkmaar,4,3,2.0,1.0,,,,,,,,,"Matteo Marcenaro, Italy"
UEFA Europa Conference League,848,World,2nd Qualifying Round,True,2025-07-24,3872,274,Kauno Žalgiris,Valur Reykjavik,1,1,0.0,0.0,,,,,,,,,"Jamie Robinson, Northern Ireland"
UEFA Europa Conference League,848,World,2nd Qualifying Round,True,2025-07-24,5354,680,Larne,Prishtina,0,0,0.0,0.0,,,,,,,,,"Iwan Griffith, Wales"
UEFA Europa Conference League,848,World,2nd Qualifying Round,True,2025-07-24,1483,227,NK Varazdin,Santa Clara,2,1,1.0,0.0,,,,,,,,,"Luca Cibelli, Switzerland"
UEFA Europa Conference League,848,World,2nd Qualifying Round,True,2025-07-24,2643,336,Novi Pazar,Jagiellonia,1,2,1.0,1.0,,,,,,,,,"Matthew Degabriele, Malta"
UEFA Europa Conference League,848,World,2nd Qualifying Round,True,2025-07-24,3619,573,Oleksandria,FK Partizan,0,2,0.0,1.0,,,,,,,,,"Joonas Jaanovits, Estonia"
UEFA Europa Conference League,848,World,2nd Qualifying Round,True,2025-07-24,3402,685,Omonia Nicosia,Torpedo Kutaisi,1,0,1.0,0.0,,,,,,,,,"Lukas Fahndrich, Switzerland"
UEFA Europa Conference League,848,World,2nd Qualifying Round,True,2025-07-24,3528,377,Paide,AIK Stockholm,0,2,0.0,1.0,,,,,,,,,"Joni Hyytia, Finland"
UEFA Europa Conference League,848,World,2nd Qualifying Round,True,2025-07-24,2390,552,Paks,Maribor,1,0,0.0,0.0,,,,,,,,,"Robert Harvey, Ireland"
UEFA Europa Conference League,848,World,2nd Qualifying Round,True,2025-07-24,2271,13976,Petrocub,Sabah FA,0,2,0.0,0.0,,,,,,,,,"Gal Leibovitz, Israel"
UEFA Europa Conference League,848,World,2nd Qualifying Round,True,2025-07-24,6496,591,Polessya,FC Santa Coloma,1,2,1.0,2.0,,,,,,,,,"Jacob Karlsen, Denmark"
UEFA Europa Conference League,848,World,2nd Qualifying Round,True,2025-07-24,709,2402,Pyunik Yerevan,Gyori ETO FC,2,1,1.0,0.0,,,,,,,,,Jasmin Šabotić
UEFA Europa Conference League,848,World,2nd Qualifying Round,True,2025-07-24,2644,701,Radnicki 1923,KI Klaksvik,0,0,0.0,0.0,,,,,,,,,"Bence Csonka, Hungary"
UEFA Europa Conference League,848,World,2nd Qualifying Round,True,2025-07-24,3491,3554,Raków Częstochowa,Žilina,3,0,0.0,0.0,,,,,,,,,"Fabio Jose Costa Verissimo, Portugal"
UEFA Europa Conference League,848,World,2nd Qualifying Round,True,2025-07-24,10124,3499,Riga,Dila,2,1,1.0,0.0,,,,,,,,,"Donald Robertson, Scotland"
UEFA Europa Conference League,848,World,2nd Qualifying Round,True,2025-07-24,331,3858,Rosenborg,Banga,5,0,1.0,0.0,,,,,,,,,Ian McNabb
UEFA Europa Conference League,848,World,2nd Qualifying Round,True,2025-07-24,698,652,St Joseph S Fc,Shamrock Rovers,0,4,0.0,1.0,,,,,,,,,"Matthew MacDermid, Scotland"
UEFA Europa Conference League,848,World,2nd Qualifying Round,True,2025-07-24,3843,662,St Patrick's Athl.,Kalju Nomme,1,0,0.0,0.0,,,,,,,,,"Ladislav Szikszay, Czechia"
UEFA Europa Conference League,848,World,2nd Qualifying Round,True,2025-07-24,673,657,Sutjeska,Beitar Jerusalem,1,2,1.0,1.0,,,,,,,,,"Georgi Ginchev, Bulgaria"
UEFA Europa Conference League,848,World,2nd Qualifying Round,True,2025-07-24,385,4195,Torpedo Zhodino,Maccabi Haifa,1,1,0.0,1.0,,,,,,,,,"Jakob Semler, Austria"
UEFA Europa Conference League,848,World,2nd Qualifying Round,True,2025-07-24,574,1014,Vardar Skopje,Lausanne,2,1,1.0,0.0,,,,,,,,,"Dominik Stary, Czechia"
UEFA Europa Conference League,848,World,2nd Qualifying Round,True,2025-07-24,759,4374,Viking,Koper,7,0,1.0,0.0,,,,,,,,,"Samuel Barrott, England"
UEFA Europa Conference League,848,World,2nd Qualifying Round,True,2025-07-24,3339,278,Vllaznia Shkodër,Vikingur Reykjavik,2,1,0.0,1.0,,,,,,,,,"Alexandros Tsakalidis, Greece"
UEFA Europa League,3,World,2nd Qualifying Round,True,2025-07-24,554,367,Anderlecht,BK Hacken,1,0,1.0,0.0,,,,,,,,,"Eldorjan Hamiti, Albania"
UEFA Europa League,3,World,2nd Qualifying Round,True,2025-07-24,3713,339,Baník Ostrava,Legia Warszawa,2,2,1.0,1.0,,,,,,,,,"Christian-Petru Ciochirca, Austria"
UEFA Europa League,3,World,2nd Qualifying Round,True,2025-07-24,549,550,Beşiktaş,Shakhtar Donetsk,2,4,1.0,2.0,,,,,,,,,"Georgi Kabakov, Bulgaria"
UEFA Europa League,3,World,2nd Qualifying Round,True,2025-07-24,4360,614,Celje,AEK Larnaca,1,1,1.0,0.0,,,,,,,,,"Bastien Dechepy, France"
UEFA Europa League,3,World,2nd Qualifying Round,True,2025-07-24,606,2246,FC Lugano,CFR 1907 Cluj,0,0,0.0,0.0,,,,,,,,,"Darren England, England"
UEFA Europa League,3,World,2nd Qualifying Round,True,2025-07-24,397,249,FC Midtjylland,Hibernian,1,1,0.0,1.0,,,,,,,,,"Robert Schröder, Germany"
UEFA Europa League,3,World,2nd Qualifying Round,True,2025-07-24,646,217,Levski Sofia,SC Braga,0,0,0.0,0.0,,,,,,,,,"Matteo Marchetti, Italy"
UEFA Europa League,3,World,2nd Qualifying Round,True,2025-07-24,568,207,Sheriff Tiraspol,Utrecht,1,3,1.0,1.0,,,,,,,,,"Philip Farrugia, Malta"
Úrvalsdeild Women,671,Iceland,Regular Season - 11,False,2025-07-24,10914,14856,Breidablik W,Thróttur Reykjavík W,3,1,3.0,1.0,,,,,,,,,Desconocido
Úrvalsdeild Women,671,Iceland,Regular Season - 11,False,2025-07-24,16441,14850,Tindastóll W,Thór / KA W,2,0,2.0,0.0,,,,,,,,,Desconocido
Úrvalsdeild Women,671,Iceland,Regular Season - 11,False,2025-07-24,14851,25517,Valur W,Fjard / Hött / Leiknir W,2,1,1.0,1.0,,,,,,,,,Desconocido
1 Lyga,361,Lithuania,Regular Season - 16,False,2025-07-23,3857,10696,BFA,Ekranas,1,0,1.0,0.0,,,,,,,,,Desconocido
1 Lyga,361,Lithuania,Regular Season - 16,False,2025-07-23,3862,18878,Jonava,TransINVEST Vilnius,0,2,0.0,2.0,,,,,,,,,Desconocido
1 Lyga,361,Lithuania,Regular Season - 16,False,2025-07-23,3871,16747,Žalgiris II,Be1 NFA,1,0,1.0,0.0,,,,,,,,,Desconocido
Australia Cup,874,Australia,Round of 32,True,2025-07-23,3788,18313,Adelaide Raiders,Cooks Hill United,2,3,1.0,1.0,,,,,,,,,Tom Brinkworth
Australia Cup,874,Australia,Round of 32,True,2025-07-23,3803,10210,Heidelberg United,Weston Bears,2,0,1.0,0.0,,,,,,,,,Jock Quartermain
Australia Cup,874,Australia,Round of 32,True,2025-07-23,16776,3776,Northern Tigers,Sydney United,0,1,0.0,1.0,,,,,,,,,Eric Saba
Australia Cup,874,Australia,Round of 32,True,2025-07-23,14106,3811,South Hobart,South Melbourne,1,2,1.0,2.0,,,,,,,,,Brenton Kopra
Brasileiro U17,1128,Brazil,1st Phase - 11,True,2025-07-23,24476,24479,Cruzeiro U17,Fluminense U17,1,0,1.0,0.0,,,,,,,,,Desconocido
Brasileiro U17,1128,Brazil,1st Phase - 11,True,2025-07-23,25797,24468,Juventude U17,America MG U17,6,0,2.0,0.0,,,,,,,,,Desconocido
Brasileiro U17,1128,Brazil,1st Phase - 11,True,2025-07-23,24486,24484,Santos U17,Palmeiras U17,1,0,1.0,0.0,,,,,,,,,Desconocido
Brasileiro U20 A,740,Brazil,1st Phase - 19,True,2025-07-23,12984,12986,Athletico PR U20,Atlético GO U20,1,0,0.0,0.0,,,,,,,,,Desconocido
Brasileiro U20 A,740,Brazil,1st Phase - 19,True,2025-07-23,12952,18345,Atlético Mineiro U20,RB Bragantino U20,2,3,1.0,1.0,,,,,,,,,Desconocido
Brasileiro U20 A,740,Brazil,1st Phase - 19,True,2025-07-23,22875,13000,Botafogo U20,Cruzeiro U20,2,1,0.0,1.0,,,,,,,,,Desconocido
Brasileiro U20 A,740,Brazil,1st Phase - 19,True,2025-07-23,12998,13020,Corinthians U20,Juventude U20,0,0,0.0,0.0,,,,,,,,,Desconocido
Brasileiro U20 A,740,Brazil,1st Phase - 19,True,2025-07-23,13001,12954,Cuiabá U20,Bahia U20,2,1,0.0,0.0,,,,,,,,,Desconocido
Brasileiro U20 A,740,Brazil,1st Phase - 19,True,2025-07-23,13009,11054,Fortaleza U20,Flamengo U20,0,1,0.0,0.0,,,,,,,,,Desconocido
Brasileiro U20 A,740,Brazil,1st Phase - 19,True,2025-07-23,12962,13055,Internacional U20,Santos U20,2,4,0.0,2.0,,,,,,,,,Desconocido
Brasileiro U20 A,740,Brazil,1st Phase - 19,True,2025-07-23,12968,13008,Palmeiras U20,Fluminense U20,3,2,3.0,1.0,,,,,,,,,Desconocido
Brasileiro U20 A,740,Brazil,1st Phase - 19,True,2025-07-23,12973,12981,São Paulo U20,América Mineiro U20,1,0,0.0,0.0,,,,,,,,,Desconocido
Brasileiro U20 A,740,Brazil,1st Phase - 19,True,2025-07-23,12979,13011,Vasco da Gama U20,Grêmio U20,2,0,0.0,0.0,,,,,,,,,Desconocido
CONMEBOL Sudamericana,11,World,Knockout Round Play-offs,True,2025-07-23,130,2553,Gremio,Alianza Lima,1,1,0.0,0.0,,,,,,,,,"Dario Herrera, Argentina"
CONMEBOL Sudamericana,11,World,Knockout Round Play-offs,True,2025-07-23,1136,17760,Once Caldas,San Antonio Bulo Bulo,4,0,2.0,0.0,,,,,,,,,"Felipe Gonzalez, Chile"
CONMEBOL Sudamericana,11,World,Knockout Round Play-offs,True,2025-07-23,2318,3702,Palestino,Bolívar,0,3,0.0,2.0,,,,,,,,,"Derlis Lopez, Paraguay"
COTIF Tournament,940,World,Group Stage - 2,False,2025-07-23,10284,19926,Argentina U20,Valencia U20,2,1,0.0,1.0,,,,,,,,,Desconocido
COTIF Tournament,940,World,Group Stage - 2,False,2025-07-23,16201,22011,Chile U20,ADH Brasil,0,0,0.0,0.0,,,,,,,,,Desconocido
Calcutta Premier Division,1020,India,Regular Season - 7,False,2025-07-23,21610,24100,Southern Samity,Calcutta Police,0,1,0.0,1.0,,,,,,,,,Desconocido
Carioca C,1106,Brazil,1st Phase - 10,True,2025-07-23,23642,23638,Uniao Central,Paraty,0,4,0.0,1.0,,,,,,,,,Desconocido
Catarinense U20,1076,Brazil,1st Phase - 14,True,2025-07-23,13019,12995,Joinville U20,Chapecoense U20,2,3,1.0,0.0,,,,,,,,,Desconocido
Catarinense U20,1076,Brazil,1st Phase - 16,True,2025-07-23,23325,12999,Nação U20,Criciuma U20,0,1,0.0,0.0,,,,,,,,,Desconocido
Copa Argentina,130,Argentina,Round of 32,True,2025-07-23,451,455,Boca Juniors,Atletico Tucuman,1,2,0.0,0.0,,,,,,,,,Hernán Mastrángelo
Copa Paraguay,501,Paraguay,2nd Round,True,2025-07-23,10475,20786,Cristóbal Colón JAS,Sportivo Carapeguá,0,2,0.0,0.0,,,,,,,,,Desconocido
Copa Paraguay,501,Paraguay,2nd Round,True,2025-07-23,10479,10491,Independiente Nanawa,Tacuary,1,3,0.0,0.0,,,,,,,,,Desconocido
Copa Paraguay,501,Paraguay,2nd Round,True,2025-07-23,26688,1177,San Pedro Del Parana,SOL DE America,0,7,0.0,2.0,,,,,,,,,Desconocido
Copa Paulista,742,Brazil,1st Round - 7,True,2025-07-23,23569,10021,AEA,Monte Azul,0,1,0.0,1.0,,,,,,,,,Marcio Mattos dos Santos
Copa Paulista,742,Brazil,1st Round - 6,True,2025-07-23,16058,1201,Botafogo SP B,Inter De Limeira,1,2,0.0,1.0,,,,,,,,,Salim Fende Chavez
Cup,347,Czech-Republic,1st Preliminary Round,True,2025-07-23,26125,7323,Jakubcovice,Nový Jičín,0,2,0.0,0.0,,,,,,,,,Desconocido
Cup,680,Slovakia,1st Round,True,2025-07-23,24407,26772,Nový Život,Janiky,2,1,2.0,0.0,,,,,,,,,Desconocido
Cup,680,Slovakia,1st Round,True,2025-07-23,21764,15072,Semerovo,Veľké Lovce,2,2,1.0,1.0,,,,,,,,,Desconocido
Esiliiga A,328,Estonia,Regular Season - 17,False,2025-07-23,14340,3524,Viimsi,Tartu Welco,2,1,0.0,1.0,,,,,,,,,Martti Pukk
FA Cup,171,China,Quarter-finals,True,2025-07-23,1431,5648,Qingdao Jonoon,Chengdu Better City,1,2,0.0,0.0,,,,,,,,,Kai He
FA Cup,171,China,Quarter-finals,True,2025-07-23,833,840,Shanghai Shenhua,Henan Jianye,3,3,1.0,1.0,,,,,,,,,Shuran Gan
Friendlies Clubs,667,World,Club Friendlies 5,True,2025-07-23,167,1634,1899 Hoffenheim,FC 08 Homburg,4,0,2.0,0.0,,,,,,,,,Desconocido
Friendlies Clubs,667,World,Club Friendlies 2,True,2025-07-23,722,8157,Albacete,FC Andorra,2,0,0.0,0.0,,,,,,,,,Desconocido
Friendlies Clubs,667,World,Club Friendlies 5,True,2025-07-23,4724,17692,Alverca,CF Os Belenenses,2,0,0.0,0.0,,,,,,,,,Desconocido
Friendlies Clubs,667,World,Club Friendlies 5,True,2025-07-23,4725,213,Amarante,Feirense,0,0,0.0,0.0,,,,,,,,,Desconocido
Friendlies Clubs,667,World,Club Friendlies 5,True,2025-07-23,240,6358,Arouca,Lusitânia Lourosa,2,3,1.0,0.0,,,,,,,,,Desconocido
Friendlies Clubs,667,World,Club Friendlies 1,True,2025-07-23,42,489,Arsenal,AC Milan,1,0,0.0,0.0,,,,,,,,,Jansen Foo Chuan Hui
Friendlies Clubs,667,World,Club Friendlies 5,True,2025-07-23,7270,7336,Arsenal Česká Lípa,Přepeře,2,0,0.0,0.0,,,,,,,,,Desconocido
Friendlies Clubs,667,World,Club Friendlies 5,True,2025-07-23,9579,725,Athletic Club II,Cultural Leonesa,2,3,2.0,2.0,,,,,,,,,Desconocido
Friendlies Clubs,667,World,Club Friendlies 5,True,2025-07-23,6614,14601,Bassecourt,Ajoie-Monterri,1,2,,,,,,,,,,,Desconocido
Friendlies Clubs,667,World,Club Friendlies 5,True,2025-07-23,4328,8548,Belasica,Septemvri Simitli,1,2,0.0,2.0,,,,,,,,,Desconocido
Friendlies Clubs,667,World,Club Friendlies 5,True,2025-07-23,8146,1365,Boston United,Grimsby,1,2,0.0,1.0,,,,,,,,,Desconocido
Friendlies Clubs,667,World,Club Friendlies 5,True,2025-07-23,1343,70,Bradford,Middlesbrough,2,0,1.0,0.0,,,,,,,,,Desconocido
Friendlies Clubs,667,World,Club Friendlies 5,True,2025-07-23,1334,1346,Bristol Rovers,Coventry,0,2,0.0,0.0,,,,,,,,,Desconocido
Friendlies Clubs,667,World,Club Friendlies 5,True,2025-07-23,1372,76,Cheltenham,Swansea,2,1,0.0,0.0,,,,,,,,,Desconocido
Friendlies Clubs,667,World,Club Friendlies 5,True,2025-07-23,4679,1339,Chorley,Rochdale,1,2,1.0,0.0,,,,,,,,,Desconocido
Friendlies Clubs,667,World,Club Friendlies 5,True,2025-07-23,569,6222,Club Brugge KV,Patro Eisden,1,3,1.0,2.0,,,,,,,,,Desconocido
Friendlies Clubs,667,World,Club Friendlies 5,True,2025-07-23,2315,720,Colo Colo,Valladolid,0,2,0.0,0.0,,,,,,,,,Desconocido
Friendlies Clubs,667,World,Club Friendlies 5,True,2025-07-23,895,2929,Como,Al-Ahli Jeddah,3,1,1.0,1.0,,,,,,,,,Desconocido
Friendlies Clubs,667,World,Club Friendlies 5,True,2025-07-23,5256,544,Compostela,Deportivo La Coruna,0,5,0.0,2.0,,,,,,,,,Desconocido
Friendlies Clubs,667,World,Club Friendlies 5,True,2025-07-23,1363,75,Crewe,Stoke City,1,2,1.0,2.0,,,,,,,,,Desconocido
Friendlies Clubs,667,World,Club Friendlies 5,True,2025-07-23,1277,413,De Treffers,NEC Nijmegen,0,3,0.0,1.0,,,,,,,,,Desconocido
Friendlies Clubs,667,World,Club Friendlies 5,True,2025-07-23,89,115,Dijon,Sochaux,2,1,1.0,0.0,,,,,,,,,Desconocido
Friendlies Clubs,667,World,Club Friendlies 5,True,2025-07-23,2062,11566,FC Helsingor,Sundby,1,0,1.0,0.0,,,,,,,,,Desconocido
Friendlies Clubs,667,World,Club Friendlies 5,True,2025-07-23,3176,105,Feignies-Aulnoye,Valenciennes,1,3,0.0,3.0,,,,,,,,,Desconocido
Friendlies Clubs,667,World,Club Friendlies 1,True,2025-07-23,611,2938,Fenerbahçe,Al-Ittihad FC,4,0,2.0,0.0,,,,,,,,,Pedro Miguel Torres Ramalho
Friendlies Clubs,667,World,Club Friendlies 5,True,2025-07-23,3179,17103,Fleury 91,UNFP,2,2,2.0,2.0,,,,,,,,,Desconocido
Friendlies Clubs,667,World,Club Friendlies 1,True,2025-07-23,645,490,Galatasaray,Cagliari,3,1,2.0,1.0,,,,,,,,,Sebastian Gishamer
Friendlies Clubs,667,World,Club Friendlies 5,True,2025-07-23,547,540,Girona,Espanyol,0,0,0.0,0.0,,,,,,,,,Desconocido
Friendlies Clubs,667,World,Club Friendlies 5,True,2025-07-23,90,1300,Guingamp,Concarneau,2,2,2.0,2.0,,,,,,,,,Desconocido
Friendlies Clubs,667,World,Club Friendlies 5,True,2025-07-23,726,9584,Huesca,Osasuna II,1,0,1.0,0.0,,,,,,,,,Desconocido
Friendlies Clubs,667,World,Club Friendlies 5,True,2025-07-23,433,3221,Laval,Rouen,1,1,1.0,0.0,,,,,,,,,Desconocido
Friendlies Clubs,667,World,Club Friendlies 5,True,2025-07-23,3069,430,Le Puy Foot,Bourg-en-bresse 01,1,3,1.0,2.0,,,,,,,,,Desconocido
Friendlies Clubs,667,World,Club Friendlies 5,True,2025-07-23,259,7197,Lommel United,Manchester City U21,1,2,1.0,1.0,,,,,,,,,Desconocido
Friendlies Clubs,667,World,Club Friendlies 5,True,2025-07-23,798,5277,Mallorca,Sant Andreu,1,0,1.0,0.0,,,,,,,,,Desconocido
Friendlies Clubs,667,World,Club Friendlies 5,True,2025-07-23,7655,7226,Mangotsfield United,Frome Town,1,0,1.0,0.0,,,,,,,,,Desconocido
Friendlies Clubs,667,World,Club Friendlies 5,True,2025-07-23,9401,731,Marino de Luanco,Sporting Gijon,1,3,1.0,3.0,,,,,,,,,Desconocido
Friendlies Clubs,667,World,Club Friendlies 5,True,2025-07-23,215,242,Moreirense,Famalicao,0,1,0.0,1.0,,,,,,,,,Desconocido
Friendlies Clubs,667,World,Club Friendlies 5,True,2025-07-23,203,1017,NAC Breda,NK Lokomotiva Zagreb,0,1,0.0,1.0,,,,,,,,,Desconocido
Friendlies Clubs,667,World,Club Friendlies 5,True,2025-07-23,1018,1019,NK Slaven Belupo,Rudes,4,2,2.0,0.0,,,,,,,,,Desconocido
Friendlies Clubs,667,World,Club Friendlies 5,True,2025-07-23,4354,4194,Osogovo,Akademija Pandev,1,1,,,,,,,,,,,Desconocido
Friendlies Clubs,667,World,Club Friendlies 5,True,2025-07-23,619,602,PAOK,Apollon Limassol,3,1,0.0,0.0,,,,,,,,,Desconocido
Friendlies Clubs,667,World,Club Friendlies 5,True,2025-07-23,801,9430,Pisa,Bra,5,0,2.0,0.0,,,,,,,,,Desconocido
Friendlies Clubs,667,World,Club Friendlies 5,True,2025-07-23,72,43,QPR,Cardiff,2,2,1.0,2.0,,,,,,,,,Desconocido
Friendlies Clubs,667,World,Club Friendlies 5,True,2025-07-23,431,1298,Quevilly,Le Mans,2,4,1.0,2.0,,,,,,,,,Desconocido
Friendlies Clubs,667,World,Club Friendlies 5,True,2025-07-23,4665,9632,Racing Santander,Real Avilés,2,1,0.0,1.0,,,,,,,,,Desconocido
Friendlies Clubs,667,World,Club Friendlies 5,True,2025-07-23,226,21595,Rio Ave,AVS,1,1,1.0,0.0,,,,,,,,,Desconocido
Friendlies Clubs,667,World,Club Friendlies 5,True,2025-07-23,12846,12867,SGV Freiberg,Stuttgart II,5,1,3.0,1.0,,,,,,,,,Desconocido
Friendlies Clubs,667,World,Club Friendlies 5,True,2025-07-23,488,17147,Sassuolo,Trento,3,0,1.0,0.0,,,,,,,,,Desconocido
Friendlies Clubs,667,World,Club Friendlies 5,True,2025-07-23,1834,54,Solihull Moors,Birmingham,0,1,0.0,1.0,,,,,,,,,Desconocido
Friendlies Clubs,667,World,Club Friendlies 5,True,2025-07-23,24193,14495,Spartak Police n/Metují,Hradec Králové II,0,4,0.0,1.0,,,,,,,,,Desconocido
Friendlies Clubs,667,World,Club Friendlies 5,True,2025-07-23,4346,14395,Struga,Llapi,1,1,1.0,0.0,,,,,,,,,Desconocido
Friendlies Clubs,667,World,Club Friendlies 5,True,2025-07-23,5278,539,Teruel,Levante,0,2,0.0,0.0,,,,,,,,,Desconocido
Friendlies Clubs,667,World,Club Friendlies 5,True,2025-07-23,6227,8429,Thes Sport,Wezel,1,1,0.0,0.0,,,,,,,,,Desconocido
Friendlies Clubs,667,World,Club Friendlies 5,True,2025-07-23,1827,1357,Torquay,Plymouth,0,6,0.0,1.0,,,,,,,,,Desconocido
Friendlies Clubs,667,World,Club Friendlies 1,True,2025-07-23,998,2742,Trabzonspor,Persepolis FC,0,0,0.0,0.0,,,,,,,,,Yücel Büyük
Friendlies Clubs,667,World,Club Friendlies 5,True,2025-07-23,532,537,Valencia,Leganes,0,0,0.0,0.0,,,,,,,,,Desconocido
Friendlies Clubs,667,World,Club Friendlies 5,True,2025-07-23,517,17820,Venezia,Dolomiti Bellunesi,4,2,2.0,0.0,,,,,,,,,Desconocido
Friendlies Clubs,667,World,Club Friendlies 5,True,2025-07-23,1302,9313,Villefranche,Thonon Évian,0,0,0.0,0.0,,,,,,,,,Desconocido
Friendlies Clubs,667,World,Club Friendlies 5,True,2025-07-23,224,216,Vitória SC,Portimonense,2,1,2.0,1.0,,,,,,,,,Desconocido
Friendlies Clubs,667,World,Club Friendlies 5,True,2025-07-23,810,4744,Vizela,Felgueiras 1932,0,1,0.0,0.0,,,,,,,,,Desconocido
Friendlies Clubs,667,World,Club Friendlies 5,True,2025-07-23,5984,6220,Waremme,Liège,0,6,0.0,3.0,,,,,,,,,Desconocido
Friendlies Clubs,667,World,Club Friendlies 5,True,2025-07-23,7756,7630,Warrington Town,City of Liverpool,4,0,3.0,0.0,,,,,,,,,Desconocido
Friendlies Clubs,667,World,Club Friendlies 5,True,2025-07-23,8663,1335,Wealdstone,Charlton,0,3,0.0,2.0,,,,,,,,,Desconocido
Gaúcho - 2,478,Brazil,1st Phase - 14,True,2025-07-23,7767,10052,Aimoré,Lajeadense,1,0,1.0,0.0,,,,,,,,,Desconocido
Gaúcho - 2,478,Brazil,1st Phase - 14,True,2025-07-23,10044,10053,Bagé,Passo Fundo,0,0,0.0,0.0,,,,,,,,,Desconocido
Gaúcho - 2,478,Brazil,1st Phase - 14,True,2025-07-23,10042,16479,Esportivo,Santa Cruz RS,1,1,1.0,1.0,,,,,,,,,Desconocido
Gaúcho - 2,478,Brazil,1st Phase - 14,True,2025-07-23,7827,10045,Gaúcho,Brasil Farroupilha,1,1,0.0,1.0,,,,,,,,,Desconocido
Gaúcho - 2,478,Brazil,1st Phase - 14,True,2025-07-23,10047,10057,Glória,Veranópolis,1,0,1.0,0.0,,,,,,,,,Desconocido
Gaúcho - 2,478,Brazil,1st Phase - 14,True,2025-07-23,10051,10056,Inter Santa Maria,União RS,1,0,1.0,0.0,,,,,,,,,Desconocido
Gaúcho - 2,478,Brazil,1st Phase - 14,True,2025-07-23,10149,1199,Real,Novo Hamburgo,0,3,0.0,2.0,,,,,,,,,Desconocido
J1 League,98,Japan,Regular Season - 21,False,2025-07-23,287,284,Urawa,Shonan Bellmare,4,1,2.0,0.0,,,,,,,,,"Hayato Shimizu, Japan"
K League 1,292,South-Korea,Regular Season - 23,False,2025-07-23,2761,2766,Jeju United FC,FC Seoul,3,2,1.0,1.0,,,,,,,,,"Dong sik Jeong, South Korea"
K League 1,292,South-Korea,Regular Season - 23,False,2025-07-23,2762,2746,Jeonbuk Motors,Gangwon FC,2,0,2.0,0.0,,,,,,,,,"Jeong Hoe-Soo, South Korea"
K League 1,292,South-Korea,Regular Season - 23,False,2025-07-23,2767,2750,Ulsan Hyundai FC,Daejeon Citizen,1,2,1.0,1.0,,,,,,,,,"Min-Seok Song, South Korea"
League 1 Ontario,923,Canada,Regular Season - 9,False,2025-07-23,19099,19114,Burlington,Woodbridge Strikers,0,4,0.0,3.0,,,,,,,,,Desconocido
League 1 Ontario,923,Canada,Regular Season - 9,False,2025-07-23,19110,19102,Simcoe County Rovers,FC London,1,0,1.0,0.0,,,,,,,,,Desconocido
League 1 Ontario,923,Canada,Regular Season - 9,False,2025-07-23,2620,19098,Vaughan Azzurri,Blue Devils,1,2,1.0,0.0,,,,,,,,,Desconocido
League Cup,185,Scotland,Group Stage - 4,False,2025-07-23,254,1382,Heart Of Midlothian,Dumbarton,4,0,2.0,0.0,,,,,,,,,Iain Snedden
League Cup,185,Scotland,Group Stage - 4,False,2025-07-23,4251,4668,Montrose,Airdrie United,1,2,0.0,0.0,,,,,,,,,Duncan Nicolson
Liga Nacional,234,Honduras,Apertura - 1,True,2025-07-23,11685,1051,Atlético Choloma,CD Olimpia,2,7,1.0,2.0,,,,,,,,,Julio Güity
Liga Nacional,234,Honduras,Apertura - 1,True,2025-07-23,1059,21858,Lobos Upnfm,Génesis,2,1,2.0,0.0,,,,,,,,,Melvin Daniel Matamoros
Liga Pro Serie B,243,Ecuador,Regular Season - 19,False,2025-07-23,1983,25737,Imbabura,Atlético Vinotinto,1,0,1.0,0.0,,,,,,,,,Carlos Magno Macías Bravo
Liga Pro Serie B,243,Ecuador,Regular Season - 19,False,2025-07-23,19034,1159,Leones del Norte,Guayaquil City FC,2,1,1.0,0.0,,,,,,,,,Christian Silvio Guillén Aguilar
MLS All-Star,866,USA,Final,True,2025-07-23,17665,17664,MLS All-Stars,Liga MX All-Stars,3,1,1.0,0.0,,,,,,,,,Desconocido
Premier Division,1080,Grenada,Regular Season - 15,False,2025-07-23,23367,23374,Hard Rock,Queens Park Rangers,2,1,1.0,1.0,,,,,,,,,Desconocido
Premier Division,1080,Grenada,Regular Season - 15,False,2025-07-23,26063,23370,St. David’s,SAB Spartans,0,2,0.0,1.0,,,,,,,,,Desconocido
Premier Soccer League,401,Zimbabwe,Regular Season - 22,False,2025-07-23,5223,5220,Herentals,Chicken Inn,1,0,0.0,0.0,,,,,,,,,Desconocido
Premier Soccer League,401,Zimbabwe,Regular Season - 22,False,2025-07-23,5226,25734,Kariba,MWOS,1,1,1.0,1.0,,,,,,,,,Desconocido
Premier Soccer League,401,Zimbabwe,Regular Season - 22,False,2025-07-23,5229,5218,Ngezi Platinum,CAPS United,1,0,1.0,0.0,,,,,,,,,Desconocido
Premier Soccer League,401,Zimbabwe,Regular Season - 22,False,2025-07-23,5230,25733,Platinum,Kwekwe United,2,1,0.0,0.0,,,,,,,,,Desconocido
Premier Soccer League,401,Zimbabwe,Regular Season - 22,False,2025-07-23,5231,21055,TelOne,Simba Bhora,2,0,0.0,0.0,,,,,,,,,Desconocido
Premier Soccer League,401,Zimbabwe,Regular Season - 22,False,2025-07-23,5233,21053,Yadah,Green Fuel,1,1,1.0,0.0,,,,,,,,,Desconocido
Primera A,239,Colombia,Clausura - 3,True,2025-07-23,1134,1125,Internacional de Bogota,Millonarios,1,0,0.0,0.0,,,,,,,,,Alejandro Moncada Sánchez
Primera A,239,Colombia,Clausura - 3,True,2025-07-23,1135,1465,Junior,Union Magdalena,4,1,2.0,1.0,,,,,,,,,"Wilmar Roldan, Colombia"
Primera A,239,Colombia,Clausura - 3,True,2025-07-23,1464,1132,Llaneros,Chico,2,1,1.0,0.0,,,,,,,,,"Wilmar Hernando Montano Guevara, Colombia"
Primera Division,370,El-Salvador,Apertura - 2,True,2025-07-23,24530,4299,Cacahuatique,Alianza,1,2,1.0,1.0,,,,,,,,,Jesús Aguirre
Primera Division,370,El-Salvador,Apertura - 2,True,2025-07-23,4303,26155,Firpo,Zacatecoluca,1,0,0.0,0.0,,,,,,,,,Giovanni Corona
Primera Division,370,El-Salvador,Apertura - 2,True,2025-07-23,26156,4302,Hércules,FAS,1,1,1.0,0.0,,,,,,,,,Jaime Alfredo Herrera Bonilla
Primera Division,370,El-Salvador,Apertura - 2,True,2025-07-23,26154,22157,Inter,Fuerte San Francisco,0,0,0.0,0.0,,,,,,,,,Filiberto Enrique Martínez Cálix
Primera Division,370,El-Salvador,Apertura - 2,True,2025-07-23,4304,4310,Isidro Metapán,Águila,0,0,0.0,0.0,,,,,,,,,Iván Arcides Barton Cisneros
Primera Division,396,Nicaragua,Apertura - 2,True,2025-07-23,10160,4641,Jalapa,Diriangén,2,3,2.0,1.0,,,,,,,,,Jorge Luis Ojeda Sequeira
Primera Division,370,El-Salvador,Apertura - 2,True,2025-07-23,19763,4306,Platense,Municipal Limeño,1,1,0.0,0.0,,,,,,,,,Ismael Alexander Cornejo Meléndez
Primera Division,396,Nicaragua,Apertura - 2,True,2025-07-23,4646,4648,Real Madriz,Walter Ferretti,2,0,1.0,0.0,,,,,,,,,Roger Meléndez
Primera División,299,Venezuela,Clausura - 4,True,2025-07-23,2808,2813,Caracas FC,Deportivo La Guaira,0,3,0.0,1.0,,,,,,,,,Rony Cueva González
Primera División,299,Venezuela,Clausura - 4,True,2025-07-23,2807,16847,Deportivo Tachira FC,Rayo Zuliano,2,0,1.0,0.0,,,,,,,,,Freddy Briceño
Primera División,299,Venezuela,Clausura - 4,True,2025-07-23,2818,2840,Estudiantes de Merida FC,UCV,0,0,0.0,0.0,,,,,,,,,Ángel Arteaga Cabriales
Reserve League,906,Argentina,2nd Phase - 2,True,2025-07-23,20817,18694,Belgrano Córdoba Res.,Racing Club Res.,1,1,1.0,0.0,,,,,,,,,Desconocido
Reserve League,906,Argentina,2nd Phase - 2,True,2025-07-23,18684,18676,Defensa y Justicia Res.,Aldosivi Res.,0,2,0.0,1.0,,,,,,,,,Desconocido
Reserve League,906,Argentina,2nd Phase - 2,True,2025-07-23,18685,18688,Estudiantes La Plata Res,Huracán Res.,1,1,1.0,0.0,,,,,,,,,Desconocido
Reserve League,906,Argentina,2nd Phase - 2,True,2025-07-23,18689,18699,Independiente Res.,Talleres Córdoba Res.,1,0,1.0,0.0,,,,,,,,,Desconocido
Reserve League,906,Argentina,2nd Phase - 2,True,2025-07-23,20818,18695,Instituto Res.,River Plate Res.,1,0,1.0,0.0,,,,,,,,,Desconocido
Reserve League,906,Argentina,2nd Phase - 2,True,2025-07-23,18691,18679,Newell's Old Boys Res.,Banfield Res.,4,0,1.0,0.0,,,,,,,,,Desconocido
Serie A,71,Brazil,Regular Season - 16,False,2025-07-23,129,7848,Ceara,Mirassol,0,2,0.0,2.0,,,,,,,,,"Lucas Casagrande, Brazil"
Serie A,71,Brazil,Regular Season - 16,False,2025-07-23,131,135,Corinthians,Cruzeiro,0,0,0.0,0.0,,,,,,,,,"Alex Gomes Stefano, Brazil"
Serie A,71,Brazil,Regular Season - 16,False,2025-07-23,124,121,Fluminense,Palmeiras,1,2,1.0,1.0,,,,,,,,,"Ramon Abatti Abel, Brazil"
Serie A,71,Brazil,Regular Season - 16,False,2025-07-23,794,127,RB Bragantino,Flamengo,1,2,0.0,0.0,,,,,,,,,Davi de Oliveira Lacerda
Serie A,71,Brazil,Regular Season - 16,False,2025-07-23,128,119,Santos,Internacional,1,2,0.0,1.0,,,,,,,,,Lucas Paulo Torezin
Serie A,71,Brazil,Regular Season - 16,False,2025-07-23,136,123,Vitoria,Sport Recife,2,2,0.0,0.0,,,,,,,,,Lucas Canetto Bellote
Serie B,72,Brazil,Regular Season - 18,False,2025-07-23,10862,149,Amazonas,Paysandu,1,1,0.0,1.0,,,,,,,,,Jefferson Ferreira de Moraes
Serie B,72,Brazil,Regular Season - 18,False,2025-07-23,132,7814,Chapecoense-sc,Volta Redonda,4,2,3.0,1.0,,,,,,,,,"Joao Vitor Gobi, Brazil"
Serie B,72,Brazil,Regular Season - 18,False,2025-07-23,1193,125,Cuiaba,America Mineiro,3,1,1.0,1.0,,,,,,,,,Yuri Elino Ferreira da Cruz
Serie B,72,Brazil,Regular Season - 18,False,2025-07-23,7834,151,Novorizontino,Goias,1,0,1.0,0.0,,,,,,,,,"Wagner do Nascimento Magalhaes, Brazil"
Svenska Cupen - Women,737,Sweden,2nd Round,True,2025-07-23,16033,21693,Husqvarna W,Elfsborg W,1,2,0.0,2.0,,,,,,,,,Simon Butros
Toto Cup Ligat Al,385,Israel,Group Stage - 1,False,2025-07-23,2253,4510,Hapoel Haifa,Ironi Kiryat Shmona,0,1,0.0,1.0,,,,,,,,,O. Grinfeld
Toto Cup Ligat Al,385,Israel,Group Stage - 1,False,2025-07-23,6181,6186,Ironi Tiberias,Maccabi Bnei Raina,2,0,2.0,0.0,,,,,,,,,O. Asulin
UEFA Champions League,2,World,2nd Qualifying Round,True,2025-07-23,319,571,Brann,Red Bull Salzburg,1,4,1.0,0.0,,,,,,,,,D. Sylwestrzak
UEFA Champions League,2,World,2nd Qualifying Round,True,2025-07-23,3854,556,Shelbourne,Qarabag,0,3,0.0,1.0,,,,,,,,,A. Culina
UEFA Championship - Women,743,World,Semi-finals,True,2025-07-23,1719,1736,Germany W,Spain W,0,1,0.0,0.0,,,,,,,,,Edina Alves Batista
UEFA Europa Conference League,848,World,2nd Qualifying Round,True,2025-07-23,579,691,Buducnost Podgorica,Milsami Orhei,0,0,0.0,0.0,,,,,,,,,"Denys Shurman, Ukraine"
UEFA Europa Conference League,848,World,2nd Qualifying Round,True,2025-07-23,2273,3502,FC Levadia Tallinn,FC Iberia 1999,1,0,0.0,0.0,,,,,,,,,"Johan Hendrik Ellefsen, Faroe Islands"
UEFA Europa Conference League,848,World,2nd Qualifying Round,True,2025-07-23,677,3342,Olimpija Ljubljana,Inter Club d'Escaldes,4,2,0.0,1.0,,,,,,,,,"Marek Radina, Czechia"
UEFA Europa Conference League,848,World,2nd Qualifying Round,True,2025-07-23,2073,272,Silkeborg,KA Akureyri,1,1,1.0,0.0,,,,,,,,,"Bram Van Driessche, Belgium"
UEFA Europa Conference League,848,World,2nd Qualifying Round,True,2025-07-23,354,684,The New Saints,FC Differdange 03,0,1,0.0,1.0,,,,,,,,,"Sandi Putros, Denmark"
UEFA Europa Conference League,848,World,2nd Qualifying Round,True,2025-07-23,648,608,Zira,HNK Hajduk Split,1,1,1.0,0.0,,,,,,,,,"Christos Vergetis, Greece"
USL League One,489,USA,Regular Season - 11,False,2025-07-23,9025,4108,Forward Madison,Tormenta,1,0,1.0,0.0,,,,,,,,,Shawn Tehini
USL League One Cup,1095,USA,Group Stage - 7,False,2025-07-23,10283,25487,Union Omaha,Texoma,3,1,2.0,1.0,,,,,,,,,Trevor Wiseman
Ykkösliiga,1087,Finland,Regular Season - 9,False,2025-07-23,2085,9189,Klubi-04,SalPa,3,1,2.0,1.0,,,,,,,,,Desconocido
1 Lyga,361,Lithuania,Regular Season - 16,False,2025-07-22,18840,14384,FA Šiauliai II,Neptūną Klaipėda,2,3,1.0,0.0,,,,,,,,,Desconocido
1 Lyga,361,Lithuania,Regular Season - 16,False,2025-07-22,13971,3856,Kauno Žalgiris II,Atmosfera,1,3,0.0,2.0,,,,,,,,,Desconocido
1 Lyga,361,Lithuania,Regular Season - 16,False,2025-07-22,3864,14382,Minija,Babrungas,0,1,0.0,0.0,,,,,,,,,Desconocido
1 Lyga,361,Lithuania,Regular Season - 16,False,2025-07-22,13972,11885,Panevėžys II,Tauras,0,2,0.0,1.0,,,,,,,,,Desconocido
1. Division,104,Norway,Regular Season - 6,False,2025-07-22,6976,757,Egersund,Aalesund,2,2,0.0,0.0,,,,,,,,,Herman Holthe
3. Division - Girone 4,777,Norway,Group 4 - 12,False,2025-07-22,21354,18925,Loddefjord,Gneist,1,1,0.0,1.0,,,,,,,,,Desconocido
ASEAN Championship U23,908,World,Group Stage - 3,False,2025-07-22,10960,10948,Thailand U23,Myanmar U23,0,0,0.0,0.0,,,,,,,,,Mohammed Sami Taher Al Ismail
ASEAN Championship U23,908,World,Group Stage - 3,False,2025-07-22,10964,10931,Vietnam U23,Cambodia U23,2,1,1.0,0.0,,,,,,,,,Muhammad Zulfiqar
Africa Cup of Nations - Women,922,World,Semi-finals,True,2025-07-22,14461,15583,Morocco W,Ghana W,1,1,0.0,1.0,,,,,,,,,Suavis Iratunga
Africa Cup of Nations - Women,922,World,Semi-finals,True,2025-07-22,1730,1978,Nigeria W,South Africa W,2,1,1.0,0.0,,,,,,,,,Shamirah Nabadda
Australia Cup,874,Australia,Round of 32,True,2025-07-22,3798,3824,Avondale,Stirling Lions,5,1,0.0,0.0,,,,,,,,,Jonathon Barreiro
Australia Cup,874,Australia,Round of 32,True,2025-07-22,3779,26150,Darwin Olympic,Nunawading,0,9,0.0,6.0,,,,,,,,,Declan Woods
Australia Cup,874,Australia,Round of 32,True,2025-07-22,10221,939,Peninsula Power,Western Sydney Wanderers,0,3,0.0,3.0,,,,,,,,,Jack Powers
Brasileiro U17,1128,Brazil,1st Phase - 11,True,2025-07-22,24469,24475,Athletico PR U17,Corinthians U17,2,2,2.0,1.0,,,,,,,,,Desconocido
Brasileiro U17,1128,Brazil,1st Phase - 11,True,2025-07-22,24473,24472,Botafogo U17,Bahia U17,1,0,0.0,0.0,,,,,,,,,Desconocido
Brasileiro U17,1128,Brazil,1st Phase - 11,True,2025-07-22,24477,24470,Cuiaba U17,Atletico GO U17,3,1,3.0,1.0,,,,,,,,,Desconocido
Brasileiro U17,1128,Brazil,1st Phase - 11,True,2025-07-22,24478,24471,Flamengo RJ U17,Atlético Mineiro U17,2,2,1.0,1.0,,,,,,,,,Desconocido
Brasileiro U17,1128,Brazil,1st Phase - 11,True,2025-07-22,24483,24487,Internacional U17,Sao Paulo U17,1,4,1.0,1.0,,,,,,,,,Desconocido
Brasileiro U17,1128,Brazil,1st Phase - 11,True,2025-07-22,24485,25807,RB Bragantino U17,Vasco U17,0,2,0.0,1.0,,,,,,,,,Desconocido
CONMEBOL Sudamericana,11,World,Knockout Round Play-offs,True,2025-07-22,1138,118,America de Cali,Bahia,2,0,1.0,0.0,,,,,,,,,"Nicolas Ramirez, Argentina"
CONMEBOL Sudamericana,11,World,Knockout Round Play-offs,True,2025-07-22,2369,1065,Cerro Largo,Central Cordoba de Santiago,0,3,0.0,1.0,,,,,,,,,"Anderson Daronco, Brazil"
CONMEBOL Sudamericana,11,World,Knockout Round Play-offs,True,2025-07-22,133,1153,Vasco DA Gama,Independiente del Valle,1,1,0.0,1.0,,,,,,,,,"Andres Rojas, Colombia"
COTIF Tournament,940,World,Group Stage - 2,False,2025-07-22,10301,11038,Saudi Arabia U20,Mauritania U20,2,3,1.0,3.0,,,,,,,,,Desconocido
COTIF Tournament,940,World,Group Stage - 2,False,2025-07-22,10307,10314,Uruguay U20,Venezuela U20,1,0,0.0,0.0,,,,,,,,,Desconocido
Calcutta Premier Division,1020,India,Regular Season - 7,False,2025-07-22,22001,15749,Aryan,Bhawanipore,1,0,1.0,0.0,,,,,,,,,Desconocido
Calcutta Premier Division,1020,India,Regular Season - 7,False,2025-07-22,21601,15585,Diamond Harbour,Mohammedan,1,0,1.0,0.0,,,,,,,,,Desconocido
Calcutta Premier Division,1020,India,Regular Season - 7,False,2025-07-22,21606,8241,Kidderpore,United,0,1,0.0,0.0,,,,,,,,,Desconocido
Calcutta Premier Division,1020,India,Regular Season - 7,False,2025-07-22,21608,26117,Peerless,Sribhumi,4,0,0.0,0.0,,,,,,,,,Desconocido
Calcutta Premier Division,1020,India,Regular Season - 7,False,2025-07-22,26118,21612,United Kolkata,Wari,5,0,,,,,,,,,,,Desconocido
Copa America Femenina,926,World,1st Round - 2,True,2025-07-22,1737,16924,Colombia W,Bolivia W,8,0,5.0,0.0,,,,,,,,,Marcelly Zambrano
Copa America Femenina,926,World,1st Round - 2,True,2025-07-22,16941,1726,Paraguay W,Brazil W,1,4,0.0,2.0,,,,,,,,,Dione Stephania Rissios Durán
Copa Espírito Santo,1097,Brazil,Semi-finals,True,2025-07-22,7856,20717,Desportiva ES,Porto Vitória,1,0,1.0,0.0,,,,,,,,,Desconocido
Cup,657,Estonia,Round of 64,True,2025-07-22,18657,14337,Laagri,TransferWise,26,0,12.0,0.0,,,,,,,,,Jagnar Jakobson
David Kipiani Cup,672,Georgia,Round of 32,True,2025-07-22,14866,3503,Varketili,Sioni,2,3,0.0,1.0,,,,,,,,,Guram Machitidze
FA Cup,171,China,Quarter-finals,True,2025-07-22,17265,830,Qingdao Youth Island,Beijing Guoan,2,2,0.0,0.0,,,,,,,,,Dan'ao Shan
FA Cup,171,China,Quarter-finals,True,2025-07-22,21265,23269,Yunnan Yukun,Guangzhou E-Power,3,0,2.0,0.0,,,,,,,,,Peng Gao
Friendlies,10,World,Friendlies 1,True,2025-07-22,1489,1519,Tanzania,Uganda,1,0,1.0,0.0,,,,,,,,,Mitiku Tewodros
Friendlies Clubs,667,World,Club Friendlies 5,True,2025-07-22,2060,8634,AB Copenhagen,FA 2000,2,0,0.0,0.0,,,,,,,,,Desconocido
Friendlies Clubs,667,World,Club Friendlies 5,True,2025-07-22,7612,8665,AFC Totton,Weymouth,1,0,0.0,0.0,,,,,,,,,Desconocido
Friendlies Clubs,667,World,Club Friendlies 5,True,2025-07-22,1333,58,AFC Wimbledon,Millwall,0,3,0.0,2.0,,,,,,,,,Desconocido
Friendlies Clubs,667,World,Club Friendlies 5,True,2025-07-22,2878,12780,Al Nasr,Hankofen-Hailing,3,0,1.0,0.0,,,,,,,,,Desconocido
Friendlies Clubs,667,World,Club Friendlies 5,True,2025-07-22,542,531,Alaves,Athletic Club,1,0,0.0,0.0,,,,,,,,,Desconocido
Friendlies Clubs,667,World,Club Friendlies 5,True,2025-07-22,19753,4347,Aresimi,Teteks,5,0,,,,,,,,,,,Desconocido
Friendlies Clubs,667,World,Club Friendlies 5,True,2025-07-22,8687,7754,Ashton Athletic,United of Manchester,5,0,2.0,0.0,,,,,,,,,Desconocido
Friendlies Clubs,667,World,Club Friendlies 5,True,2025-07-22,352,11303,Bala Town,Llanuwchllyn,2,0,1.0,0.0,,,,,,,,,Desconocido
Friendlies Clubs,667,World,Club Friendlies 5,True,2025-07-22,5340,668,Ballyclare Comrades,Ballymena United,1,1,0.0,0.0,,,,,,,,,Desconocido
Friendlies Clubs,667,World,Club Friendlies 3,True,2025-07-22,1369,1358,Barnet,Wycombe,1,1,0.0,1.0,,,,,,,,,Desconocido
Friendlies Clubs,667,World,Club Friendlies 5,True,2025-07-22,7699,4708,Beaconsfield Town,St Albans City,0,7,0.0,4.0,,,,,,,,,Desconocido
Friendlies Clubs,667,World,Club Friendlies 5,True,2025-07-22,7212,11974,Bedfont Sports,Epsom & Ewell FC,2,0,1.0,0.0,,,,,,,,,Desconocido
Friendlies Clubs,667,World,Club Friendlies 5,True,2025-07-22,7214,4702,Berkhamsted,Chesham United,2,2,1.0,2.0,,,,,,,,,Desconocido
Friendlies Clubs,667,World,Club Friendlies 5,True,2025-07-22,4678,7641,Billericay Town,Faversham Town,2,2,1.0,0.0,,,,,,,,,Desconocido
Friendlies Clubs,667,World,Club Friendlies 5,True,2025-07-22,8712,1826,Bootle,Southport,1,2,0.0,1.0,,,,,,,,,Desconocido
Friendlies Clubs,667,World,Club Friendlies 5,True,2025-07-22,163,3628,Borussia Mönchengladbach,FC Kharkiv,1,3,1.0,1.0,,,,,,,,,Desconocido
Friendlies Clubs,667,World,Club Friendlies 5,True,2025-07-22,56,1367,Bristol City,Newport County,1,0,0.0,0.0,,,,,,,,,Desconocido
Friendlies Clubs,667,World,Club Friendlies 5,True,2025-07-22,2201,11912,Briton Ferry,Swansea City U21,1,1,0.0,1.0,,,,,,,,,Desconocido
Friendlies Clubs,667,World,Club Friendlies 5,True,2025-07-22,8725,8750,Broadfields United,Colney Heath,1,1,0.0,1.0,,,,,,,,,Desconocido
Friendlies Clubs,667,World,Club Friendlies 5,True,2025-07-22,8727,8899,Buckland Athletic,Plymouth Parkway,2,3,1.0,2.0,,,,,,,,,Desconocido
Friendlies Clubs,667,World,Club Friendlies 5,True,2025-07-22,748,62,Burton Albion,Sheffield Utd,1,2,1.0,0.0,,,,,,,,,Desconocido
Friendlies Clubs,667,World,Club Friendlies 5,True,2025-07-22,7707,8906,Carshalton Athletic,Raynes Park Vale,1,0,0.0,0.0,,,,,,,,,Desconocido
Friendlies Clubs,667,World,Club Friendlies 3,True,2025-07-22,7627,1835,Chertsey Town,Sutton Utd,0,2,0.0,0.0,,,,,,,,,Desconocido
Friendlies Clubs,667,World,Club Friendlies 5,True,2025-07-22,7629,7751,Cirencester Town,Swindon Supermarine,2,4,0.0,2.0,,,,,,,,,Desconocido
Friendlies Clubs,667,World,Club Friendlies 5,True,2025-07-22,7631,7745,Cleethorpes Town,Scarborough Athletic,1,2,0.0,1.0,,,,,,,,,Desconocido
Friendlies Clubs,667,World,Club Friendlies 5,True,2025-07-22,99,1301,Clermont Foot,Rodez,2,1,0.0,0.0,,,,,,,,,Desconocido
Friendlies Clubs,667,World,Club Friendlies 5,True,2025-07-22,5611,1820,Colwyn Bay,Chester,0,1,0.0,0.0,,,,,,,,,Desconocido
Friendlies Clubs,667,World,Club Friendlies 5,True,2025-07-22,7636,7690,Cray Valley PM,AFC Hornchurch,1,1,1.0,0.0,,,,,,,,,Desconocido
Friendlies Clubs,667,World,Club Friendlies 5,True,2025-07-22,7711,7250,Cray Wanderers,Sittingbourne,3,1,2.0,0.0,,,,,,,,,Desconocido
Friendlies Clubs,667,World,Club Friendlies 5,True,2025-07-22,1363,11112,Crewe,Bangor,0,8,,,,,,,,,,,Desconocido
Friendlies Clubs,667,World,Club Friendlies 5,True,2025-07-22,1821,1361,Dagenham & Redbridge,Colchester,0,5,0.0,3.0,,,,,,,,,Desconocido
Friendlies Clubs,667,World,Club Friendlies 5,True,2025-07-22,11113,2275,Dollingstown,Glenavon FC,1,2,0.0,1.0,,,,,,,,,Desconocido
Friendlies Clubs,667,World,Club Friendlies 5,True,2025-07-22,4704,1818,Eastbourne Borough,Aldershot Town,0,3,0.0,2.0,,,,,,,,,Desconocido
Friendlies Clubs,667,World,Club Friendlies 3,True,2025-07-22,1840,1347,Ebbsfleet United,Gillingham,2,1,1.0,0.0,,,,,,,,,Desconocido
Friendlies Clubs,667,World,Club Friendlies 3,True,2025-07-22,7714,1831,Enfield Town,Braintree,2,0,1.0,0.0,,,,,,,,,Desconocido
Friendlies Clubs,667,World,Club Friendlies 5,True,2025-07-22,1011,533,FC ST. Gallen,Villarreal,2,2,1.0,0.0,,,,,,,,,Desconocido
Friendlies Clubs,667,World,Club Friendlies 2,True,2025-07-22,997,2737,Gençlerbirliği S.K.,Tractor Sazi,0,2,0.0,0.0,,,,,,,,,Desconocido
Friendlies Clubs,667,World,Club Friendlies 5,True,2025-07-22,8653,4684,Gloucester City,Oxford City,1,1,1.0,1.0,,,,,,,,,Desconocido
Friendlies Clubs,667,World,Club Friendlies 5,True,2025-07-22,1365,1379,Grimsby,Lincoln,2,1,2.0,0.0,,,,,,,,,Desconocido
Friendlies Clubs,667,World,Club Friendlies 5,True,2025-07-22,1843,7761,Havant & Wville,Worthing,2,1,1.0,1.0,,,,,,,,,Desconocido
Friendlies Clubs,667,World,Club Friendlies 5,True,2025-07-22,8822,4707,Hebburn Town,Spennymoor Town,4,1,1.0,1.0,,,,,,,,,Desconocido
Friendlies Clubs,667,World,Club Friendlies 5,True,2025-07-22,7232,4690,Herne Bay,Dartford,2,2,1.0,1.0,,,,,,,,,Desconocido
Friendlies Clubs,667,World,Club Friendlies 5,True,2025-07-22,4693,8664,Heybridge Swifts,Welling United,1,0,1.0,0.0,,,,,,,,,Desconocido
Friendlies Clubs,667,World,Club Friendlies 5,True,2025-07-22,6027,2066,Holbæk B&I,Naestved,2,3,0.0,2.0,,,,,,,,,Desconocido
Friendlies Clubs,667,World,Club Friendlies 5,True,2025-07-22,4694,4703,Hyde United,Curzon Ashton,0,1,0.0,0.0,,,,,,,,,Desconocido
Friendlies Clubs,667,World,Club Friendlies 5,True,2025-07-22,7238,8657,Larkhall Athletic,Bath City,0,1,0.0,1.0,,,,,,,,,Desconocido
Friendlies Clubs,667,World,Club Friendlies 5,True,2025-07-22,8325,22111,Lebring,Mooskirchen,1,0,0.0,0.0,,,,,,,,,Desconocido
Friendlies Clubs,667,World,Club Friendlies 5,True,2025-07-22,1373,7202,Leyton Orient,Tottenham Hotspur U21,3,1,1.0,0.0,,,,,,,,,Desconocido
Friendlies Clubs,667,World,Club Friendlies 5,True,2025-07-22,7652,4709,Lincoln United,Stamford,3,1,2.0,1.0,,,,,,,,,Desconocido
Friendlies Clubs,667,World,Club Friendlies 5,True,2025-07-22,5345,5348,Loughgall,Portadown,0,3,0.0,2.0,,,,,,,,,Desconocido
Friendlies Clubs,667,World,Club Friendlies 5,True,2025-07-22,8863,8760,Loxwood,Crowborough Athletic,0,3,0.0,1.0,,,,,,,,,Desconocido
Friendlies Clubs,667,World,Club Friendlies 3,True,2025-07-22,412,19685,MVV,KAA Gent II,2,0,1.0,0.0,,,,,,,,,Desconocido
Friendlies Clubs,667,World,Club Friendlies 5,True,2025-07-22,1380,357,Macclesfield,GAP Connah S Quay FC,2,1,2.0,0.0,,,,,,,,,Desconocido
Friendlies Clubs,667,World,Club Friendlies 5,True,2025-07-22,1838,1830,Maidenhead,Boreham Wood,3,2,2.0,1.0,,,,,,,,,Desconocido
Friendlies Clubs,667,World,Club Friendlies 5,True,2025-07-22,4196,693,Makedonija GjP,Pelister,2,1,2.0,0.0,,,,,,,,,Desconocido
Friendlies Clubs,667,World,Club Friendlies 5,True,2025-07-22,7731,7706,Matlock Town,Buxton,1,4,0.0,2.0,,,,,,,,,Desconocido
Friendlies Clubs,667,World,Club Friendlies 5,True,2025-07-22,7241,4687,Melksham Town,Weston-super-Mare,0,2,0.0,0.0,,,,,,,,,Desconocido
Friendlies Clubs,667,World,Club Friendlies 5,True,2025-07-22,4683,8986,Metropolitan Police,Walton & Hersham,0,4,0.0,1.0,,,,,,,,,Desconocido
Friendlies Clubs,667,World,Club Friendlies 5,True,2025-07-22,3466,8928,Minerva Punjab,Sheppey United,2,6,1.0,3.0,,,,,,,,,Desconocido
Friendlies Clubs,667,World,Club Friendlies 5,True,2025-07-22,16749,2873,Mladost DG,Al-Dhafra,1,0,,,,,,,,,,,Desconocido
Friendlies Clubs,667,World,Club Friendlies 5,True,2025-07-22,102,95,Nancy,Strasbourg,1,2,0.0,1.0,,,,,,,,,Desconocido
Friendlies Clubs,667,World,Club Friendlies 5,True,2025-07-22,492,876,Napoli,Arezzo,0,2,0.0,1.0,,,,,,,,,Desconocido
Friendlies Clubs,667,World,Club Friendlies 5,True,2025-07-22,8880,10157,Newton Aycliffe,Darlington 1883,1,3,0.0,3.0,,,,,,,,,Desconocido
Friendlies Clubs,667,World,Club Friendlies 5,True,2025-07-22,1337,7203,Northampton,West Ham United U21,0,0,0.0,0.0,,,,,,,,,Desconocido
Friendlies Clubs,667,World,Club Friendlies 5,True,2025-07-22,10159,8656,Nuneaton Town,Leamington,0,3,0.0,1.0,,,,,,,,,Desconocido
Friendlies Clubs,667,World,Club Friendlies 5,True,2025-07-22,3630,14434,Obolon'-Brovar,Epitsentr Dunayivtsi,1,1,1.0,1.0,,,,,,,,,Desconocido
Friendlies Clubs,667,World,Club Friendlies 5,True,2025-07-22,103,3026,Orleans,Blois,2,0,0.0,0.0,,,,,,,,,Desconocido
Friendlies Clubs,667,World,Club Friendlies 5,True,2025-07-22,5621,356,Porthmadog,Caernarfon Town,1,1,1.0,1.0,,,,,,,,,Desconocido
Friendlies Clubs,667,World,Club Friendlies 5,True,2025-07-22,2907,67,Qatar SC,Blackburn,1,5,1.0,2.0,,,,,,,,,Desconocido
Friendlies Clubs,667,World,Club Friendlies 3,True,2025-07-22,7740,1841,Radcliffe,FC Halifax Town,1,2,0.0,1.0,,,,,,,,,Desconocido
Friendlies Clubs,667,World,Club Friendlies 5,True,2025-07-22,8907,7615,Reading City,Basingstoke Town,3,1,1.0,0.0,,,,,,,,,Desconocido
Friendlies Clubs,667,World,Club Friendlies 5,True,2025-07-22,1248,1255,Rijnsburgse Boys,TEC,3,0,2.0,0.0,,,,,,,,,Desconocido
Friendlies Clubs,667,World,Club Friendlies 5,True,2025-07-22,7742,8660,Royston Town,Hemel Hempstead Town,0,3,0.0,2.0,,,,,,,,,Desconocido
Friendlies Clubs,667,World,Club Friendlies 5,True,2025-07-22,1844,1356,Salford City,Blackpool,0,0,0.0,0.0,,,,,,,,,Desconocido
Friendlies Clubs,667,World,Club Friendlies 5,True,2025-07-22,7744,1822,Salisbury,Eastleigh,1,3,0.0,2.0,,,,,,,,,Desconocido
Friendlies Clubs,667,World,Club Friendlies 5,True,2025-07-22,8929,8903,Shepshed Dynamo,Quorn,1,2,0.0,1.0,,,,,,,,,Desconocido
Friendlies Clubs,667,World,Club Friendlies 5,True,2025-07-22,7668,8700,Sholing,Bashley,1,1,1.0,0.0,,,,,,,,,Desconocido
Friendlies Clubs,667,World,Club Friendlies 3,True,2025-07-22,1352,68,Shrewsbury,Bolton,2,5,0.0,3.0,,,,,,,,,Desconocido
Friendlies Clubs,667,World,Club Friendlies 5,True,2025-07-22,16995,1340,Skegness Town,Scunthorpe,0,3,0.0,2.0,,,,,,,,,Desconocido
Friendlies Clubs,667,World,Club Friendlies 5,True,2025-07-22,7746,1371,South Shields,Carlisle,1,2,0.0,1.0,,,,,,,,,Desconocido
Friendlies Clubs,667,World,Club Friendlies 5,True,2025-07-22,7201,1362,Southampton U21,Crawley Town,2,1,1.0,1.0,,,,,,,,,Desconocido
Friendlies Clubs,667,World,Club Friendlies 5,True,2025-07-22,1341,1359,Southend,Luton,0,2,0.0,1.0,,,,,,,,,Desconocido
Friendlies Clubs,667,World,Club Friendlies 5,True,2025-07-22,7748,7743,Stafford Rangers,Rushall Olympic,0,1,0.0,0.0,,,,,,,,,Desconocido
Friendlies Clubs,667,World,Club Friendlies 5,True,2025-07-22,7752,11911,Tamworth,Stoke City U21,3,2,2.0,2.0,,,,,,,,,Desconocido
Friendlies Clubs,667,World,Club Friendlies 5,True,2025-07-22,4711,8147,Taunton Town,Chippenham Town,1,0,1.0,0.0,,,,,,,,,Desconocido
Friendlies Clubs,667,World,Club Friendlies 5,True,2025-07-22,8966,24340,Tavistock,Ivybridge Town,3,2,2.0,1.0,,,,,,,,,Desconocido
Friendlies Clubs,667,World,Club Friendlies 2,True,2025-07-22,427,3603,Telstar,Samsunspor,3,3,1.0,1.0,,,,,,,,,Desconocido
Friendlies Clubs,667,World,Club Friendlies 5,True,2025-07-22,7675,4685,Thame United,Slough Town,5,1,0.0,0.0,,,,,,,,,Desconocido
Friendlies Clubs,667,World,Club Friendlies 5,True,2025-07-22,7257,7722,Uxbridge,Hendon,2,0,1.0,0.0,,,,,,,,,Desconocido
Friendlies Clubs,667,World,Club Friendlies 5,True,2025-07-22,8981,7656,Vauxhall Motors,Marine,0,0,0.0,0.0,,,,,,,,,Desconocido
Friendlies Clubs,667,World,Club Friendlies 5,True,2025-07-22,1342,69,Walsall,Derby,2,3,2.0,1.0,,,,,,,,,Desconocido
Friendlies Clubs,667,World,Club Friendlies 5,True,2025-07-22,8984,7622,Walsham Le Willows,Bury Town,1,4,1.0,2.0,,,,,,,,,Desconocido
Friendlies Clubs,667,World,Club Friendlies 5,True,2025-07-22,7262,24846,Whyteleafe,Bromley U21,1,4,0.0,2.0,,,,,,,,,Desconocido
Friendlies Clubs,667,World,Club Friendlies 5,True,2025-07-22,7760,7693,Witton Albion,Ashton United,1,1,1.0,1.0,,,,,,,,,Desconocido
Friendlies Clubs,667,World,Club Friendlies 5,True,2025-07-22,9010,4695,Worcester City,Kidderminster Harriers,1,2,0.0,0.0,,,,,,,,,Desconocido
Friendlies Clubs,667,World,Club Friendlies 5,True,2025-07-22,1828,747,York,Barnsley,2,2,1.0,0.0,,,,,,,,,Desconocido
GFA League,845,Gambia,Relegation - Semi-Finals,True,2025-07-22,10531,16805,Warriors,Tallinding United,0,2,,,,,,,,,,,Desconocido
K League 1,292,South-Korea,Regular Season - 23,False,2025-07-22,2748,2747,FC Anyang,Daegu FC,4,0,2.0,0.0,,,,,,,,,"Tae-Hwan Seol, South Korea"
K League 1,292,South-Korea,Regular Season - 23,False,2025-07-22,2759,2768,Gwangju FC,Gimcheon Sangmu FC,1,1,1.0,0.0,,,,,,,,,"Dong Jun Lee, South Korea"
K League 1,292,South-Korea,Regular Season - 23,False,2025-07-22,2764,2756,Pohang Steelers,Suwon City FC,1,5,1.0,2.0,,,,,,,,,"Yong-woo Kim, South Korea"
Kakkonen - Lohko B,248,Finland,Group B - 14,False,2025-07-22,13508,2245,PPJ,Musa,6,1,5.0,0.0,,,,,,,,,Niko Jokinen
League Cup,185,Scotland,Group Stage - 4,False,2025-07-22,4249,6757,Arbroath,Annan Athletic,6,0,3.0,0.0,,,,,,,,,Alastair Grieve
League Cup,185,Scotland,Group Stage - 4,False,2025-07-22,1387,4250,Ayr Utd,Forfar Athletic,3,0,3.0,0.0,,,,,,,,,Lloyd Wilson
League Cup,185,Scotland,Group Stage - 4,False,2025-07-22,7431,253,Bonnyrigg Rose Athletic,Dundee,1,3,1.0,1.0,,,,,,,,,Peter Stuart
League Cup,185,Scotland,Group Stage - 4,False,2025-07-22,1390,6763,Brechin,Cove Rangers,0,3,0.0,3.0,,,,,,,,,Cameron Stirling
League Cup,185,Scotland,Group Stage - 4,False,2025-07-22,6762,6784,Clyde,Stenhousemuir,2,2,0.0,1.0,,,,,,,,,Jordan Curran
League Cup,185,Scotland,Group Stage - 4,False,2025-07-22,1388,248,Dunfermline,Hamilton Academical,2,1,1.0,0.0,,,,,,,,,Daniel Graves
League Cup,185,Scotland,Group Stage - 4,False,2025-07-22,6764,6760,East Fife,Brora Rangers,3,0,2.0,0.0,,,,,,,,,Lewis Hogarth
League Cup,185,Scotland,Group Stage - 4,False,2025-07-22,6765,903,East Kilbride,Inverness CT,2,6,1.0,1.0,,,,,,,,,Jamie McCunnie
League Cup,185,Scotland,Group Stage - 4,False,2025-07-22,1389,6778,Falkirk,Queen's Park,3,1,1.0,1.0,,,,,,,,,Nick Walsh
League Cup,185,Scotland,Group Stage - 4,False,2025-07-22,6773,250,Kelty Hearts,Kilmarnock,0,0,0.0,0.0,,,,,,,,,David Dickinson
League Cup,185,Scotland,Group Stage - 4,False,2025-07-22,256,1383,Motherwell,Morton,3,0,0.0,0.0,,,,,,,,,Ryan Lee
League Cup,185,Scotland,Group Stage - 4,False,2025-07-22,901,1384,Partick,Queen of the South,2,0,2.0,0.0,,,,,,,,,George Calder
League Cup,185,Scotland,Group Stage - 4,False,2025-07-22,902,6766,Ross County,Edinburgh City,8,0,3.0,0.0,,,,,,,,,Sean Murdoch
League Cup,185,Scotland,Group Stage - 4,False,2025-07-22,258,1385,ST Johnstone,Raith Rovers,3,1,1.0,0.0,,,,,,,,,Greg Soutar
Liga Nacional,234,Honduras,Apertura - 1,True,2025-07-22,1058,19456,Real Espana,Olancho,4,1,1.0,0.0,,,,,,,,,Selvin Brown
Liga Pro Serie B,243,Ecuador,Regular Season - 19,False,2025-07-22,25736,10112,22 de Julio,Chacaritas,3,0,0.0,0.0,,,,,,,,,Jennifer Mishel Canchingre Preciado
Liga Pro Serie B,243,Ecuador,Regular Season - 19,False,2025-07-22,16476,19042,Cumbayá,Vargas Torres,2,1,2.0,0.0,,,,,,,,,Henri Arizaga
MLS Next Pro,909,USA,Regular Season - 7,False,2025-07-22,18816,18814,The Town,Minnesota United II,3,2,2.0,1.0,,,,,,,,,Justin St. Pierre
New South Wales NPL 2,835,Australia,Regular Season - 21,False,2025-07-22,12740,20790,Bonnyrigg White Eagles,Bankstown City Lions,0,1,0.0,1.0,,,,,,,,,Desconocido
Oberliga - Bayern Nord,938,Germany,Bayern Nord - 1,True,2025-07-22,21511,12757,Coburg,Eintracht Bamberg,1,3,0.0,0.0,,,,,,,,,Desconocido
Oberliga - Bayern Nord,938,Germany,Bayern Nord - 1,True,2025-07-22,19226,19758,Fortuna Regensburg,ASV Neumarkt,3,1,2.0,0.0,,,,,,,,,Desconocido
Oberliga - Bayern Nord,938,Germany,Bayern Nord - 1,True,2025-07-22,19759,21383,Kornburg,Großschwarzenlohe,1,1,1.0,0.0,,,,,,,,,Desconocido
Oberliga - Bayern Nord,938,Germany,Bayern Nord - 1,True,2025-07-22,21526,12727,Neudrossenfeld,ATSV Erlangen,4,5,4.0,2.0,,,,,,,,,Desconocido
Oberliga - Bayern Süd,939,Germany,Bayern Süd - 1,True,2025-07-22,9334,12805,Schalding-Heining,Kirchanschöring,0,0,0.0,0.0,,,,,,,,,Desconocido
Oberliga - Bayern Süd,939,Germany,Bayern Süd - 1,True,2025-07-22,20870,14717,Sportfreunde Schwaig,Landsberg,4,5,1.0,1.0,,,,,,,,,Desconocido
Premier League,1031,Bhutan,Regular Season,False,2025-07-22,19005,19007,RTC,Ugyen Academy,8,1,,,,,,,,,,,Desconocido
Primera A,239,Colombia,Clausura - 3,True,2025-07-22,1141,1142,Alianza Valledupar,Deportes Tolima,0,1,0.0,1.0,,,,,,,,,"Carlos Betancur, Colombia"
Primera A,239,Colombia,Clausura - 3,True,2025-07-22,1462,1137,Deportivo Pereira,Atletico Nacional,2,1,2.0,1.0,,,,,,,,,"Jose Alexander Ortiz Novoa, Colombia"
Primera A,239,Colombia,Clausura - 3,True,2025-07-22,1139,1144,Santa Fe,Águilas Doradas,0,0,0.0,0.0,,,,,,,,,"Carlos Ortega, Colombia"
Primera C,132,Argentina,Regular Season - 18,False,2025-07-22,1937,1931,Atletico Atlas,Sportivo Barracas,0,2,0.0,1.0,,,,,,,,,Desconocido
Primera C,132,Argentina,Regular Season - 18,False,2025-07-22,8391,18915,Claypole,Mercedes,2,0,2.0,0.0,,,,,,,,,Desconocido
Primera Division,396,Nicaragua,Apertura - 2,True,2025-07-22,17135,4644,H&H Export,Managua,1,0,0.0,0.0,,,,,,,,,Rodolfo Jose Paíz Reyes
Primera Division,396,Nicaragua,Apertura - 2,True,2025-07-22,24510,19159,Rancho Santana,Matagalpa,1,2,1.0,0.0,,,,,,,,,Ricardo Mendoza
Primera Division,396,Nicaragua,Apertura - 2,True,2025-07-22,4647,4645,UNAN Managua,Real Estelí,1,1,1.0,1.0,,,,,,,,,Félix Mojica
Primera División,344,Bolivia,Apertura - 15,True,2025-07-22,15708,3706,Real Tomayapo,Nacional Potosí,0,1,0.0,0.0,,,,,,,,,Cristian Claudio Condori
Reserve League,906,Argentina,2nd Phase - 2,True,2025-07-22,18678,26250,Atlético Tucumán Res.,Ferro 2,2,0,0.0,0.0,,,,,,,,,Desconocido
Reserve League,906,Argentina,2nd Phase - 2,True,2025-07-22,18687,18698,Godoy Cruz Res.,Sarmiento Res.,2,1,1.0,0.0,,,,,,,,,Desconocido
Reserve League,906,Argentina,2nd Phase - 2,True,2025-07-22,18690,18696,Lanús Res.,Rosario Central Res.,0,3,0.0,1.0,,,,,,,,,Desconocido
Reserve League,906,Argentina,2nd Phase - 2,True,2025-07-22,18693,18702,Platense Res.,Vélez Sársfield Res.,0,0,0.0,0.0,,,,,,,,,Desconocido
Serie B,72,Brazil,Regular Season - 18,False,2025-07-22,13975,147,Athletic Club,Coritiba,1,1,1.0,1.0,,,,,,,,,"Bruno Pereira Vasconcelos, Brazil"
Serie B,72,Brazil,Regular Season - 18,False,2025-07-22,134,7826,Atletico Paranaense,Ferroviária,1,1,0.0,0.0,,,,,,,,,"Alisson Sidnei Furtado, Brazil"
Serie B,72,Brazil,Regular Season - 18,False,2025-07-22,1223,144,Operario-PR,Atletico Goianiense,3,0,0.0,0.0,,,,,,,,,"Bruno Mota Correia, Brazil"
Serie B,72,Brazil,Regular Season - 18,False,2025-07-22,142,146,Vila Nova,CRB,2,0,1.0,0.0,,,,,,,,,"Andre Luiz Skettino Policarpo Bento, Brazil"
Sudani Premier League,402,Sudan,Championship Round - 7,True,2025-07-22,5237,5239,Al Hilal Omdurman,Al Merreikh,4,0,,,,,,,,,,,Desconocido
Toto Cup Ligat Al,385,Israel,Group Stage - 1,False,2025-07-22,4507,4486,Ashdod,Hapoel Katamon,1,2,0.0,1.0,,,,,,,,,I. Layba
Toto Cup Ligat Al,385,Israel,Group Stage - 1,False,2025-07-22,4488,4501,Hapoel Petah Tikva,Hapoel Tel Aviv,1,2,1.0,1.0,,,,,,,,,D. Fuxman
UEFA Champions League,2,World,2nd Qualifying Round,True,2025-07-22,400,14281,FC Copenhagen,Drita,2,0,0.0,0.0,,,,,,,,,M. Matosa
UEFA Champions League,2,World,2nd Qualifying Round,True,2025-07-22,3684,651,FC Noah,Ferencvarosi TC,1,2,1.0,1.0,,,,,,,,,R. De Burgos
UEFA Champions League,2,World,2nd Qualifying Round,True,2025-07-22,561,566,HNK Rijeka,Ludogorets,0,0,0.0,0.0,,,,,,,,,E. Masiyev
UEFA Champions League,2,World,2nd Qualifying Round,True,2025-07-22,4626,572,Hamrun Spartans,Dynamo Kyiv,0,3,0.0,1.0,,,,,,,,,C. Soto Grado
UEFA Champions League,2,World,2nd Qualifying Round,True,2025-07-22,1165,664,KuPS,Kairat Almaty,2,0,0.0,0.0,,,,,,,,,A. Ruiz
UEFA Champions League,2,World,2nd Qualifying Round,True,2025-07-22,347,276,Lech Poznan,Breidablik,7,1,5.0,1.0,,,,,,,,,J. Vergoote
UEFA Champions League,2,World,2nd Qualifying Round,True,2025-07-22,667,598,Lincoln Red Imps FC,FK Crvena Zvezda,0,1,0.0,1.0,,,,,,,,,D. Kos
UEFA Champions League,2,World,2nd Qualifying Round,True,2025-07-22,3403,604,Pafos,Maccabi Tel Aviv,1,1,0.0,0.0,,,,,,,,,M. Balakin
UEFA Champions League,2,World,2nd Qualifying Round,True,2025-07-22,567,2184,Plzen,Servette FC,0,1,0.0,1.0,,,,,,,,,N. Dabanovic
UEFA Champions League,2,World,2nd Qualifying Round,True,2025-07-22,257,617,Rangers,Panathinaikos,2,0,0.0,0.0,,,,,,,,,D. Rumsas
UEFA Champions League,2,World,2nd Qualifying Round,True,2025-07-22,4160,375,Rīgas FS,Malmo FF,1,4,1.0,2.0,,,,,,,,,M. Milanovic
UEFA Champions League,2,World,2nd Qualifying Round,True,2025-07-22,609,559,Shkendija,FCSB,1,0,0.0,0.0,,,,,,,,,N. Verboomen
UEFA Champions League,2,World,2nd Qualifying Round,True,2025-07-22,656,588,Slovan Bratislava,Zrinjski,4,0,2.0,0.0,,,,,,,,,J. Pignard
UEFA Championship - Women,743,World,Semi-finals,True,2025-07-22,1721,1748,England W,Italy W,2,1,0.0,1.0,,,,,,,,,Ivana Martinčić
UEFA Europa Conference League,848,World,2nd Qualifying Round,True,2025-07-22,12733,4625,Ballkani,Floriana,4,2,3.0,2.0,,,,,,,,,"Gergo Bogar, Hungary"
1 Lyga,361,Lithuania,Regular Season - 16,False,2025-07-21,23156,3865,Hegelmann II,Nevėžis,1,0,0.0,0.0,,,,,,,,,Desconocido
3. Division - Girone 4,777,Norway,Group 4 - 12,False,2025-07-21,10114,22871,Vålerenga II,Åsane II,7,1,2.0,0.0,,,,,,,,,Desconocido
3. Division - Girone 5,778,Norway,Group 5 - 12,False,2025-07-21,16216,12891,Djerv,Viking II,2,0,0.0,0.0,,,,,,,,,Desconocido
3. Division - Girone 5,778,Norway,Group 5 - 12,False,2025-07-21,7009,7027,Madla,Sola,4,2,3.0,0.0,,,,,,,,,Desconocido
3. Division - Girone 5,778,Norway,Group 5 - 12,False,2025-07-21,23422,18439,Torvastad,Haugesund II,1,3,1.0,2.0,,,,,,,,,Desconocido
3. Division - Girone 6,779,Norway,Group 6 - 12,False,2025-07-21,7005,16215,Lokomotiv Oslo,Sarpsborg 08 II,0,0,0.0,0.0,,,,,,,,,Desconocido
3. Division - Girone 6,779,Norway,Group 6 - 12,False,2025-07-21,16231,16212,Stabæk II,Fredrikstad II,2,1,0.0,0.0,,,,,,,,,Desconocido
A Lyga,362,Lithuania,Regular Season - 21,False,2025-07-21,3872,3859,Kauno Žalgiris,Dainava,3,0,1.0,0.0,,,,,,,,,Kęstutis Bartuškevičius
ASEAN Championship U23,908,World,Group Stage - 3,False,2025-07-21,10936,10945,Indonesia U23,Malaysia U23,0,0,0.0,0.0,,,,,,,,,Koji Takasaki
ASEAN Championship U23,908,World,Group Stage - 3,False,2025-07-21,10953,10930,Philippines U23,Brunei U23,2,0,1.0,0.0,,,,,,,,,Pansa Chaisanit
Allsvenskan,113,Sweden,Regular Season - 16,False,2025-07-21,378,2163,IFK Norrkoping,IFK Varnamo,3,1,1.0,0.0,,,,,,,,,"Granit Maqedonci, Sweden"
COTIF Tournament,940,World,Group Stage - 1,False,2025-07-21,22011,19926,ADH Brasil,Valencia U20,0,4,0.0,2.0,,,,,,,,,Desconocido
COTIF Tournament,940,World,Group Stage - 1,False,2025-07-21,10284,16201,Argentina U20,Chile U20,2,0,1.0,0.0,,,,,,,,,Desconocido
Copa America Femenina,926,World,1st Round - 2,True,2025-07-21,1782,18261,Argentina W,Peru W,1,0,0.0,0.0,,,,,,,,,Daiane Caroline Muniz dos Santos
Copa America Femenina,926,World,1st Round - 2,True,2025-07-21,1977,1731,Chile W,Ecuador W,2,1,2.0,1.0,,,,,,,,,Zulma Quiñónez
David Kipiani Cup,672,Georgia,Round of 32,True,2025-07-21,3504,14863,WIT Georgia,FC Iberia 1999 II,1,2,0.0,1.0,,,,,,,,,Mamuka Sadiliani
Division Intermedia,251,Paraguay,Regular Season - 18,False,2025-07-21,1184,18311,Club River Plate,Pastoreo,0,0,0.0,0.0,,,,,,,,,Jhonatan González Giménez
Division Intermedia,251,Paraguay,Regular Season - 18,False,2025-07-21,23155,2138,Encarnación,Guairena FC,3,0,1.0,0.0,,,,,,,,,Gedidias Ezequiel Zacarías González
Division Profesional - Clausura,252,Paraguay,Clausura - 3,True,2025-07-21,10476,10487,Deportivo Recoleta,Sportivo Ameliano,3,1,0.0,1.0,,,,,,,,,"Mario Diaz De Vivar, Paraguay"
Esiliiga A,328,Estonia,Regular Season - 20,False,2025-07-21,10059,3518,Nõmme United,Flora II,4,0,2.0,0.0,,,,,,,,,Tanel Üprus
Esiliiga B,1126,Estonia,Regular Season - 20,False,2025-07-21,16718,14309,JK Tabasalu,Läänemaa Haapsalu,4,0,2.0,0.0,,,,,,,,,Desconocido
First League,172,Bulgaria,Regular Season - 1,False,2025-07-21,858,1427,Lokomotiv Plovdiv,Dobrudzha,1,0,1.0,0.0,,,,,,,,,D. Draganov
First League,236,Russia,Regular Season - 1,False,2025-07-21,6822,6791,Rodina Moskva,Chernomorets,1,1,1.0,1.0,,,,,,,,,A. Zhabchenko
First League,172,Bulgaria,Regular Season - 1,False,2025-07-21,4660,857,Spartak Varna,Beroe,0,0,0.0,0.0,,,,,,,,,D. Dimitrov
Friendlies Clubs,667,World,Club Friendlies 5,True,2025-07-21,6009,8645,B 93,Ishøj,3,3,2.0,2.0,,,,,,,,,Desconocido
Friendlies Clubs,667,World,Club Friendlies 5,True,2025-07-21,511,5607,Empoli,Ponsacco,7,0,2.0,0.0,,,,,,,,,Desconocido
Friendlies Clubs,667,World,Club Friendlies 2,True,2025-07-21,3589,7411,Fatih Karagümrük,Kocaelispor,0,0,0.0,0.0,,,,,,,,,Desconocido
Friendlies Clubs,667,World,Club Friendlies 5,True,2025-07-21,6769,19237,Fraserburgh,Hermes,1,2,0.0,1.0,,,,,,,,,Desconocido
Friendlies Clubs,667,World,Club Friendlies 5,True,2025-07-21,14411,4689,Hashtag United,Chelmsford City,1,4,1.0,2.0,,,,,,,,,Desconocido
Friendlies Clubs,667,World,Club Friendlies 5,True,2025-07-21,2523,10511,Johor Darul Takzim FC,Al Riyadh,1,0,1.0,0.0,,,,,,,,,Desconocido
Friendlies Clubs,667,World,Club Friendlies 5,True,2025-07-21,534,51,Las Palmas,Brighton,0,2,0.0,2.0,,,,,,,,,Desconocido
Friendlies Clubs,667,World,Club Friendlies 5,True,2025-07-21,6221,81,Olympic Charleroi,Marseille,1,1,1.0,0.0,,,,,,,,,Desconocido
Friendlies Clubs,667,World,Club Friendlies 5,True,2025-07-21,228,746,Sporting CP,Sunderland,1,0,1.0,0.0,,,,,,,,,Desconocido
Friendlies Clubs,667,World,Club Friendlies 5,True,2025-07-21,285,548,V-varen Nagasaki,Real Sociedad,1,0,0.0,0.0,,,,,,,,,Desconocido
I Liga,107,Poland,Regular Season - 1,False,2025-07-21,3490,6953,Puszcza Niepołomice,Ruch Chorzów,1,1,0.0,0.0,,,,,,,,,M. Szczerbowicz
J1 League,98,Japan,Regular Season - 24,False,2025-07-21,316,302,Avispa Fukuoka,Kyoto Sanga,2,2,0.0,0.0,,,,,,,,,"Atsushi Uemura, Japan"
J3 League,100,Japan,Regular Season - 21,False,2025-07-21,297,7135,FC Gifu,Nara Club,1,1,1.0,0.0,,,,,,,,,Yuki Tanabe
J3 League,100,Japan,Regular Season - 21,False,2025-07-21,2236,7138,Kagoshima United,Osaka,2,1,1.0,1.0,,,,,,,,,Kentaro Uematsu
J3 League,100,Japan,Regular Season - 21,False,2025-07-21,10409,805,Tegevajaro Miyazaki,Kitakyushu,1,3,0.0,0.0,,,,,,,,,Kohei Yano
Japan Football League,497,Japan,Regular Season - 17,False,2025-07-21,7117,4321,Biwako Shiga,Grulla Morioka,1,3,0.0,1.0,,,,,,,,,Desconocido
Kakkonen - Lohko A,247,Finland,Group A - 14,False,2025-07-21,6075,2079,VJS,GrIFK,1,1,1.0,1.0,,,,,,,,,Osman Mohammadi
Kakkonen - Lohko B,248,Finland,Group B - 14,False,2025-07-21,13517,9188,HPS,P-Iirot,1,3,1.0,2.0,,,,,,,,,Ifeoma Kulmala
League One,170,China,Regular Season - 17,False,2025-07-21,23265,5682,Shenzhen Juniors,Shanghai Jiading,1,2,1.0,1.0,,,,,,,,,Xiaohan Qin
Liga I,283,Romania,Regular Season - 2,False,2025-07-21,635,2581,Dinamo Bucuresti,FC Botosani,0,0,0.0,0.0,,,,,,,,,S. Vadana
Liga I,283,Romania,Regular Season - 2,False,2025-07-21,6916,6230,Unirea Slobozia,Csikszereda,6,1,2.0,1.0,,,,,,,,,V. Flueran
Liga MX Femenil,673,Mexico,Apertura - 2,True,2025-07-21,14874,14879,Atlético San Luis W,Monterrey W,0,3,0.0,1.0,,,,,,,,,Desconocido
Liga Panameña de Fútbol,304,Panama,Clausura - 1,True,2025-07-21,2889,20788,Sporting San Miguelito,UMECIT,0,1,0.0,0.0,,,,,,,,,Richard Tejada
Liga Pro,242,Ecuador,Regular Season - 21,False,2025-07-21,18762,1980,Libertad,Manta FC,1,0,0.0,0.0,,,,,,,,,"Juan Carlos Andrade Arreaga, Ecuador"
Liga Profesional Argentina,128,Argentina,2nd Phase - 2,True,2025-07-21,442,463,Defensa Y Justicia,Aldosivi,2,0,0.0,0.0,,,,,,,,,"Pablo Dovalo, Argentina"
Liga Profesional Argentina,128,Argentina,2nd Phase - 2,True,2025-07-21,450,445,Estudiantes L.P.,Huracan,2,1,0.0,1.0,,,,,,,,,"Fernando Echenique, Argentina"
Liga Profesional Argentina,128,Argentina,2nd Phase - 2,True,2025-07-21,461,476,San Martin S.J.,Deportivo Riestra,3,2,1.0,1.0,,,,,,,,,"Dario Herrera, Argentina"
Oberliga - Bayern Süd,939,Germany,Bayern Süd - 1,True,2025-07-21,9335,19220,Türkgücü-Ataspor,Erlbach,0,1,0.0,0.0,,,,,,,,,Desconocido
Premier League,1031,Bhutan,Regular Season,False,2025-07-21,25952,5592,BFF Academy U20,Thimphu City,1,3,1.0,3.0,,,,,,,,,Desconocido
Premier League,235,Russia,Regular Season - 1,False,2025-07-21,1080,555,FC Orenburg,CSKA Moscow,0,0,0.0,0.0,,,,,,,,,"Egor Egorov, Russia"
Primera B,240,Colombia,Clausura - 2,True,2025-07-21,1458,1459,Bogota FC,Real Cartagena,0,3,0.0,3.0,,,,,,,,,Brayan Dario Liévano Arteaga
Primera B,240,Colombia,Clausura - 2,True,2025-07-21,23326,1470,Internacional Palmira,Cucuta,0,2,0.0,0.0,,,,,,,,,Harold Fontecha Zamudio
Primera B,240,Colombia,Clausura - 2,True,2025-07-21,1140,22099,Patriotas,Real Cundinamarca,2,1,1.0,0.0,,,,,,,,,Luis Eduardo Torres Bohórquez
Primera B,266,Chile,Regular Season - 17,False,2025-07-21,2333,2340,Santiago Wanderers,Union San Felipe,1,3,1.0,0.0,,,,,,,,,Mathías Riquelme
Primera B Metropolitana,131,Argentina,Clausura - 5,True,2025-07-21,2429,471,Dock Sud,Flandria,0,1,0.0,1.0,,,,,,,,,Nicolás Agustín Mastroieni
Primera B Metropolitana,131,Argentina,Clausura - 5,True,2025-07-21,1942,1924,Sacachispas,Deportivo Laferrere,2,1,1.0,1.0,,,,,,,,,Gabriel Flores
Primera C,132,Argentina,Regular Season - 18,False,2025-07-21,8381,790,Deportivo Español,Central Cordoba,3,0,2.0,0.0,,,,,,,,,Desconocido
Primera División,344,Bolivia,Apertura - 15,True,2025-07-21,3701,3704,Blooming,Guabirá,2,1,1.0,0.0,,,,,,,,,Luis Miguel Villarroel
Primera División,265,Chile,Regular Season - 16,False,2025-07-21,2328,2320,Huachipato,O'Higgins,2,1,0.0,1.0,,,,,,,,,"Piero Maza, Chile"
Primera Nacional,129,Argentina,Regular Season - 23,False,2025-07-21,462,1936,Agropecuario,CA Estudiantes,1,2,1.0,1.0,,,,,,,,,Lucas Comesaña
Segunda División,282,Peru,Relegation Round - 1,True,2025-07-21,2556,10014,Molinos El Pirata,Deportivo Llacuabamba,4,1,0.0,1.0,,,,,,,,,Ítalo Eduardo Gonzáles Carmona
Serie C,75,Brazil,Regular Season - 13,False,2025-07-21,7852,138,Anápolis,Guarani Campinas,2,0,2.0,0.0,,,,,,,,,Marcello Rudá Neves Ramos da Costa
Serie C,75,Brazil,Regular Season - 13,False,2025-07-21,755,7770,Nautico Recife,Caxias,2,0,0.0,0.0,,,,,,,,,Angleison Marcos Vieira Monteiro
Sudani Premier League,402,Sudan,Championship Round - 7,True,2025-07-21,25522,5543,Al Zamala Umm Ruwaba,Al Ahli Wad Medani,1,3,,,,,,,,,,,Desconocido
Sudani Premier League,402,Sudan,Championship Round - 7,True,2025-07-21,25523,25521,Al-Mergheni,Al Merreikh El Obeid,1,1,,,,,,,,,,,Desconocido
Sudani Premier League,402,Sudan,Championship Round - 7,True,2025-07-21,5246,5244,Hay Al Wadi,Alamal Atbara,1,1,,,,,,,,,,,Desconocido
Super Cup,838,Jordan,Final,True,2025-07-21,4537,4532,Al Wihdat,Al Hussein,1,1,1.0,1.0,,,,,,,,,Desconocido
Super Liga,286,Serbia,Regular Season - 1,False,2025-07-21,2633,2251,OFK Beograd,FK Spartak Zdrepceva KRV,1,3,1.0,1.0,,,,,,,,,Stanko Ostraćanin
Superettan,114,Sweden,Regular Season - 15,False,2025-07-21,2176,369,Landskrona BoIS,Trelleborg,1,2,1.0,1.0,,,,,,,,,"Jasmin Svraka, Sweden"
Superettan,114,Sweden,Regular Season - 15,False,2025-07-21,6706,811,Utsikten,Helsingborg,1,2,0.0,0.0,,,,,,,,,"Magnus Lindgren, Sweden"
Veikkausliiga,244,Finland,Regular Season - 16,False,2025-07-21,587,2080,Mariehamn,Haka,1,1,0.0,1.0,,,,,,,,,"Joona Kontinen, Brazil"
Virsliga,365,Latvia,Regular season - 23,False,2025-07-21,4144,4138,Tukums,Grobiņa,2,1,1.0,0.0,,,,,,,,,Aleksejs Griščenko
WK-League,660,South-Korea,Regular Season - 2,False,2025-07-21,14378,14377,Seoul W,Incheon Red Angels W,2,1,1.0,0.0,,,,,,,,,Desconocido
1. Division,117,Belarus,Regular Season - 16,False,2025-07-20,3383,3387,Baranovichi,Lida,3,2,2.0,1.0,,,,,,,,,Dmitri Dmitriev
1. Division,120,Denmark,Regular Season - 1,False,2025-07-20,403,625,Esbjerg,Lyngby,0,2,0.0,1.0,,,,,,,,,Frederik Veis Svendsen
1. Division,117,Belarus,Regular Season - 16,False,2025-07-20,4273,3384,Osipovichy,Belshina,0,4,0.0,2.0,,,,,,,,,Vyacheslav Naronskiy
1. Liga,364,Latvia,Regular Season - 13,False,2025-07-20,18935,18835,Augšdaugava,Riga FC II,2,1,1.0,1.0,,,,,,,,,Desconocido
1. Liga,364,Latvia,Regular Season - 13,False,2025-07-20,18836,4142,Rīgas FS II,Smiltene,2,0,1.0,0.0,,,,,,,,,Desconocido
1. SNL,373,Slovenia,Regular Season - 1,False,2025-07-20,4374,4359,Koper,Bravo,2,1,0.0,0.0,,,,,,,,,D. Halilovic
1. SNL,373,Slovenia,Regular Season - 1,False,2025-07-20,552,4360,Maribor,Celje,1,2,1.0,0.0,,,,,,,,,R. Obrenovic
2. Deild,166,Iceland,Regular Season - 13,False,2025-07-20,2118,4172,Haukar,Dalvík / Reynir,2,2,1.0,1.0,,,,,,,,,Desconocido
2. Deild,166,Iceland,Regular Season - 13,False,2025-07-20,6087,2121,Höttur / Huginn,Grotta,0,2,0.0,2.0,,,,,,,,,Desconocido
2. Deild,166,Iceland,Regular Season - 13,False,2025-07-20,4171,4170,Thróttur Vogar,Kári,0,1,0.0,0.0,,,,,,,,,Desconocido
2. Deild,166,Iceland,Regular Season - 13,False,2025-07-20,828,4169,Vikingur Olafsiik,Vídir,4,2,1.0,1.0,,,,,,,,,Desconocido
2. Deild,166,Iceland,Regular Season - 13,False,2025-07-20,4167,4173,Ægir,KFG,6,3,3.0,1.0,,,,,,,,,Desconocido
2. Division - Group 2,474,Norway,Group 2 - 12,False,2025-07-20,6965,6993,Alta,Grorud,1,2,1.0,1.0,,,,,,,,,Magnus Henriksen Tjelle
2. Division - Group 2,474,Norway,Group 2 - 12,False,2025-07-20,16229,6985,Rana,Follo,1,0,1.0,0.0,,,,,,,,,Oliver Skaret Barsøe
3. Division - Girone 4,777,Norway,Group 4 - 12,False,2025-07-20,16217,25499,Bjarg,Lyn II,2,0,1.0,0.0,,,,,,,,,Desconocido
A Lyga,362,Lithuania,Regular Season - 21,False,2025-07-20,3874,3870,Panevėžys,Šiauliai,2,0,1.0,0.0,,,,,,,,,Robertas Valikonis
A Lyga,362,Lithuania,Regular Season - 21,False,2025-07-20,612,638,Suduva Marijampole,FK Trakai,0,0,0.0,0.0,,,,,,,,,Manfredas Lukjančukas
Alagoano U20,1110,Brazil,2nd Phase - 3,True,2025-07-20,18325,12989,CSE U20,CRB U20,1,0,1.0,0.0,,,,,,,,,Desconocido
Alagoano U20,1110,Brazil,2nd Phase - 3,True,2025-07-20,20777,12963,Zumbi U20,Jaciobá U20,3,0,1.0,0.0,,,,,,,,,Desconocido
Allsvenskan,113,Sweden,Regular Season - 16,False,2025-07-20,766,367,Halmstad,BK Hacken,0,0,0.0,0.0,,,,,,,,,"Oscar Johnson, Sweden"
Allsvenskan,113,Sweden,Regular Season - 16,False,2025-07-20,363,371,Hammarby FF,IF Brommapojkarna,3,2,0.0,2.0,,,,,,,,,"Glenn Nyberg, Sweden"
Allsvenskan,113,Sweden,Regular Season - 16,False,2025-07-20,2240,377,Mjallby AIF,AIK Stockholm,2,0,0.0,0.0,,,,,,,,,"Fredrik Klitte, Sweden"
Allsvenskan,113,Sweden,Regular Season - 16,False,2025-07-20,370,366,Sirius,IFK Goteborg,0,1,0.0,0.0,,,,,,,,,"Adi Aganovic, Sweden"
Baiano - 2,613,Brazil,Finals,True,2025-07-20,12935,7822,Galícia,Bahia de Feira,0,1,0.0,0.0,,,,,,,,,Desconocido
Baiano U20,1073,Brazil,Quarter-finals,True,2025-07-20,23283,23278,Leonico U20,Estrela De Marco U20,0,2,0.0,0.0,,,,,,,,,Desconocido
Brasiliense U20,1100,Brazil,Quarter-Finals,True,2025-07-20,23609,23616,Brasiliense U20,Samambaia U20,2,0,,,,,,,,,,,Desconocido
Brisbane Premier League,191,Australia,Regular Season - 22,False,2025-07-20,9036,11177,Virginia United,Mt Gravatt,3,1,,,,,,,,,,,Desconocido
COTIF Tournament,940,World,Group Stage - 1,False,2025-07-20,11038,10314,Mauritania U20,Venezuela U20,2,1,0.0,1.0,,,,,,,,,Desconocido
COTIF Tournament,940,World,Group Stage - 1,False,2025-07-20,10307,10301,Uruguay U20,Saudi Arabia U20,1,0,1.0,0.0,,,,,,,,,Desconocido
Campeón de Campeones,857,Mexico,Final,True,2025-07-20,2287,2281,Club America,Toluca,1,3,1.0,2.0,,,,,,,,,Desconocido
Canadian Premier League,479,Canada,Regular Season - 15,False,2025-07-20,3831,2619,Valour,Cavalry FC,1,2,0.0,0.0,,,,,,,,,Roberto D'Alesio
Canadian Soccer League,258,Canada,Regular Season - 4,False,2025-07-20,2019,2016,SC Scarborough,Serbian White Eagles,1,0,,,,,,,,,,,Desconocido
Canadian Soccer League,258,Canada,Regular Season - 4,False,2025-07-20,23628,26052,Unity ON,Manga Canada,8,2,3.0,1.0,,,,,,,,,Desconocido
Capital Territory NPL,189,Australia,Regular Season - 14,False,2025-07-20,1456,1453,Gungahlin United,Monaro Panthers,0,4,0.0,3.0,,,,,,,,,Desconocido
Capital Territory NPL,189,Australia,Regular Season - 14,False,2025-07-20,1447,1448,Tuggeranong United,Canberra FC,1,7,0.0,3.0,,,,,,,,,Desconocido
Capital Territory NPL 2,1092,Australia,Regular Season - 14,False,2025-07-20,1449,23518,Belconnen United,Canberra White Eagles,5,1,2.0,0.0,,,,,,,,,Desconocido
Capital Territory NPL 2,1092,Australia,Regular Season - 14,False,2025-07-20,1450,23515,Canberra Olympic,ANU,1,4,1.0,2.0,,,,,,,,,Desconocido
Carioca C,1106,Brazil,1st Phase - 10,True,2025-07-20,23634,25961,CAAC Brasil,Barcelona RJ,3,0,,,,,,,,,,,Desconocido
Carioca C,1106,Brazil,1st Phase - 10,True,2025-07-20,23635,25963,EC Resende,Duquecaxiense,2,1,0.0,0.0,,,,,,,,,Desconocido
Carioca C,1106,Brazil,1st Phase - 10,True,2025-07-20,23636,13105,EC Vera Cruz,Angra dos Reis,3,1,0.0,0.0,,,,,,,,,Desconocido
Carioca C,1106,Brazil,1st Phase - 10,True,2025-07-20,25964,25962,Juventus RJ,Búzios,2,0,2.0,0.0,,,,,,,,,Desconocido
Carioca C,1106,Brazil,1st Phase - 10,True,2025-07-20,23640,23639,Santa Cruz RJ,Riostrense,4,3,2.0,2.0,,,,,,,,,Desconocido
Catarinense - 2,936,Brazil,Regular Season - 8,False,2025-07-20,25116,19635,Fluminense-SC,Blumenau,1,1,1.0,0.0,,,,,,,,,Desconocido
Catarinense - 2,936,Brazil,Regular Season - 8,False,2025-07-20,7860,18272,Metropolitano,Camboriú,1,0,0.0,0.0,,,,,,,,,Desconocido
Catarinense - 2,936,Brazil,Regular Season - 8,False,2025-07-20,1204,25115,Tubarao,FC Porto,6,0,1.0,0.0,,,,,,,,,Desconocido
Cearense - 3,1124,Brazil,1st Phase - 4,True,2025-07-20,20778,7857,Crateús,Guarany de Sobral,1,1,0.0,1.0,,,,,,,,,Desconocido
Copa Paulista,742,Brazil,1st Round - 6,True,2025-07-20,10023,10003,Portuguesa Santista,Santo André,1,1,0.0,0.0,,,,,,,,,Gustavo Holanda Souza
Copa Paulista,742,Brazil,1st Round - 6,True,2025-07-20,10039,22951,Primavera SP,Rio Branco SP,1,0,0.0,0.0,,,,,,,,,Murilo Tarrega Victor
Copa Paulista,742,Brazil,1st Round - 6,True,2025-07-20,10026,15622,Taubaté,São José EC,0,2,0.0,0.0,,,,,,,,,Rodrigo Fernandes Junior
Cup,680,Slovakia,1st Round,True,2025-07-20,26765,15000,Banik Porac,Levoča,0,2,0.0,0.0,,,,,,,,,Desconocido
Cup,680,Slovakia,1st Round,True,2025-07-20,26766,14979,Bucany,Horné Orešany,1,2,0.0,2.0,,,,,,,,,Desconocido
Cup,680,Slovakia,1st Round,True,2025-07-20,26316,16912,Chmeľov,Tatran Bystré,1,1,1.0,1.0,,,,,,,,,Desconocido
Cup,680,Slovakia,1st Round,True,2025-07-20,26318,21769,Dolné Kočkovce,Spartak Lysá pod Makytou,1,0,0.0,0.0,,,,,,,,,Desconocido
Cup,680,Slovakia,1st Round,True,2025-07-20,24396,15074,Družstevník Rišňovce,Veľké Zálužie,0,1,0.0,1.0,,,,,,,,,Desconocido
Cup,680,Slovakia,1st Round,True,2025-07-20,14963,14976,Družstevník Rybky,Holíč,2,5,0.0,2.0,,,,,,,,,Desconocido
Cup,347,Czech-Republic,1st Preliminary Round,True,2025-07-20,26992,7343,Hluk,Slavičín,1,3,0.0,3.0,,,,,,,,,Desconocido
Cup,680,Slovakia,1st Round,True,2025-07-20,26319,16881,Hraň,Ferenc Borša,2,1,1.0,0.0,,,,,,,,,Desconocido
Cup,680,Slovakia,1st Round,True,2025-07-20,26321,15004,Komoča,Lokomotíva Bánov,2,1,0.0,0.0,,,,,,,,,Desconocido
Cup,680,Slovakia,1st Round,True,2025-07-20,14997,15098,Košická Nová Ves,Ťahanovce,3,2,2.0,1.0,,,,,,,,,Desconocido
Cup,680,Slovakia,1st Round,True,2025-07-20,16887,19373,Lastomír,Nacina Ves,1,2,0.0,1.0,,,,,,,,,Desconocido
Cup,347,Czech-Republic,1st Preliminary Round,True,2025-07-20,26993,19424,Ledec nad Sazavou,Dálnice Speřice,0,1,0.0,1.0,,,,,,,,,Desconocido
Cup,680,Slovakia,1st Round,True,2025-07-20,21759,14967,Mokrance,Dvorníky-Včeláre,3,4,2.0,2.0,,,,,,,,,Desconocido
Cup,680,Slovakia,1st Round,True,2025-07-20,15014,19390,Nevidzany,Slovan Nitra-Chrenová,0,0,0.0,0.0,,,,,,,,,Desconocido
Cup,680,Slovakia,1st Round,True,2025-07-20,19379,26792,Perín,Sokolany,2,1,1.0,0.0,,,,,,,,,Desconocido
Cup,680,Slovakia,1st Round,True,2025-07-20,26785,26330,Polana Siba,Breznica,2,2,0.0,1.0,,,,,,,,,Desconocido
Cup,680,Slovakia,1st Round,True,2025-07-20,24410,14971,Prakovce,Gelnica,1,1,0.0,1.0,,,,,,,,,Desconocido
Cup,680,Slovakia,1st Round,True,2025-07-20,16899,26789,Ptava NV Ptičie,Slavia Lackovce,0,5,0.0,2.0,,,,,,,,,Desconocido
Cup,680,Slovakia,1st Round,True,2025-07-20,26787,14983,Rakovec n/O,Jasenov,1,7,0.0,3.0,,,,,,,,,Desconocido
Cup,680,Slovakia,1st Round,True,2025-07-20,19386,21938,Salka,Želiezovce,0,2,0.0,0.0,,,,,,,,,Desconocido
Cup,680,Slovakia,1st Round,True,2025-07-20,26788,21749,Sebedrazie,Iskra Nováky,1,4,0.0,2.0,,,,,,,,,Desconocido
Cup,680,Slovakia,1st Round,True,2025-07-20,3550,24416,Senica,Stefanov,2,1,0.0,0.0,,,,,,,,,Desconocido
Cup,680,Slovakia,1st Round,True,2025-07-20,21931,24403,Slovan Zbehy,Kolinany,0,0,0.0,0.0,,,,,,,,,Desconocido
Cup,680,Slovakia,1st Round,True,2025-07-20,21767,21766,Sokol Borský Mikuláš,Slovan Šaštín-Stráže,1,1,0.0,1.0,,,,,,,,,Desconocido
Cup,680,Slovakia,1st Round,True,2025-07-20,21768,24414,Sokol Brezovička,Sokol Brezovica,3,2,1.0,0.0,,,,,,,,,Desconocido
Cup,680,Slovakia,1st Round,True,2025-07-20,21932,24409,Sokol Starý Tekov,Podlužany,4,1,2.0,0.0,,,,,,,,,Desconocido
Cup,680,Slovakia,1st Round,True,2025-07-20,21936,21964,Tatran Jablonica,Družstevník Hlboké,0,2,0.0,1.0,,,,,,,,,Desconocido
Cup,680,Slovakia,1st Round,True,2025-07-20,26764,21928,Tuchyna,Košeca,1,1,0.0,0.0,,,,,,,,,Desconocido
Cup,680,Slovakia,1st Round,True,2025-07-20,15073,14961,Veľké Ripňany,Družstevník Jacovce,2,9,1.0,3.0,,,,,,,,,Desconocido
Cup,680,Slovakia,1st Round,True,2025-07-20,26762,15028,ZFC 1939 Trencin,Považan Pruské,1,0,0.0,0.0,,,,,,,,,Desconocido
Cup,680,Slovakia,1st Round,True,2025-07-20,26760,26317,Zitavany,Chynorany,1,1,0.0,1.0,,,,,,,,,Desconocido
Cup,680,Slovakia,1st Round,True,2025-07-20,15093,21750,Široké,Jamník,0,2,0.0,1.0,,,,,,,,,Desconocido
Czech Liga,345,Czech-Republic,Regular Season - 1,False,2025-07-20,640,782,Mlada Boleslav,Slovan Liberec,3,3,1.0,1.0,,,,,,,,,L. Nehasil
Czech Liga,345,Czech-Republic,Regular Season - 1,False,2025-07-20,560,3723,Slavia Praha,Hradec Králové,2,2,0.0,1.0,,,,,,,,,K. Roucek
Czech Liga,345,Czech-Republic,Regular Season - 1,False,2025-07-20,3719,2250,Slovácko,Sigma Olomouc,0,1,0.0,0.0,,,,,,,,,D. Vokoun
David Kipiani Cup,672,Georgia,Round of 32,True,2025-07-20,23601,705,Gagra II,Dinamo Batumi,0,5,0.0,3.0,,,,,,,,,Tsotne Samsonashvili
David Kipiani Cup,672,Georgia,Round of 32,True,2025-07-20,14860,3507,Gareji,Kolkheti Poti,1,1,0.0,0.0,,,,,,,,,Bakur Ninua
David Kipiani Cup,672,Georgia,Round of 32,True,2025-07-20,18973,10017,Gonio,Samgurali,0,1,0.0,0.0,,,,,,,,,Bakar Bregadze
David Kipiani Cup,672,Georgia,Round of 32,True,2025-07-20,3500,13865,Lokomotivi Tbilisi,Dinamo Tbilisi II,3,0,1.0,0.0,,,,,,,,,Irakli Shengelia
David Kipiani Cup,672,Georgia,Round of 32,True,2025-07-20,13847,3505,Meshakhte,Gagra,2,1,1.0,0.0,,,,,,,,,Irakli Kvirikashvili
David Kipiani Cup,672,Georgia,Round of 32,True,2025-07-20,3501,3511,Rustavi,Telavi,1,0,1.0,0.0,,,,,,,,,Jener Khorava
Division Intermedia,251,Paraguay,Regular Season - 18,False,2025-07-20,1180,10491,Deportivo Capiata,Tacuary,0,0,0.0,0.0,,,,,,,,,Giancarlo Juliadoza
Division Intermedia,251,Paraguay,Regular Season - 18,False,2025-07-20,1185,2125,Rubio NU,Club Sp. San Lorenzo,2,1,2.0,0.0,,,,,,,,,Oscar Barrios
Division Profesional - Clausura,252,Paraguay,Clausura - 3,True,2025-07-20,1176,1183,Cerro Porteno,Sportivo Luqueno,0,0,0.0,0.0,,,,,,,,,"Juan Gabriel Benitez, Paraguay"
Division Profesional - Clausura,252,Paraguay,Clausura - 3,True,2025-07-20,1174,1187,Club Guarani,Sportivo Trinidense,0,0,0.0,0.0,,,,,,,,,"Blas Romero, Paraguay"
Ekstraklasa,106,Poland,Regular Season - 1,False,2025-07-20,340,343,Gornik Zabrze,Lechia Gdansk,2,1,1.0,0.0,,,,,,,,,M. Kochanek
Ekstraklasa,106,Poland,Regular Season - 1,False,2025-07-20,14562,344,Motor Lublin,Arka Gdynia,1,0,0.0,0.0,,,,,,,,,B. Frankowski
Ekstraklasa,106,Poland,Regular Season - 1,False,2025-07-20,4248,348,Radomiak Radom,Pogon Szczecin,5,1,1.0,0.0,,,,,,,,,P. Lasyk
Eliteserien,103,Norway,Regular Season - 14,False,2025-07-20,2159,2149,Ham-Kam,Fredrikstad,1,1,1.0,0.0,,,,,,,,,"Espen Eskas, Norway"
Eliteserien,103,Norway,Regular Season - 14,False,2025-07-20,332,320,Sandefjord,Kristiansund BK,6,0,4.0,0.0,,,,,,,,,"Eivind Bodding, Norway"
Eliteserien,103,Norway,Regular Season - 14,False,2025-07-20,325,2142,Tromso,Bryne,3,1,1.0,0.0,,,,,,,,,"Christian Moen, Norway"
Eliteserien,103,Norway,Regular Season - 14,False,2025-07-20,326,328,Valerenga,Haugesund,3,0,0.0,0.0,,,,,,,,,"Kristoffer Hagenes, Norway"
FAI Cup,359,Ireland,2nd Round,True,2025-07-20,26164,3853,Castlebar,Longford Town,3,6,3.0,3.0,,,,,,,,,Damien McGraith
FAI Cup,359,Ireland,2nd Round,True,2025-07-20,3843,10115,St Patrick's Athl.,UCC,8,0,4.0,0.0,,,,,,,,,Alan Patchell
First League,236,Russia,Regular Season - 1,False,2025-07-20,1089,3983,Enisey,Chayka,0,3,0.0,1.0,,,,,,,,,Y. Galimov
First League,236,Russia,Regular Season - 1,False,2025-07-20,2001,1995,FK Neftekhimik,FK Sokol Saratov,0,0,0.0,0.0,,,,,,,,,D. Kashirin
First League,172,Bulgaria,Regular Season - 1,False,2025-07-20,646,1424,Levski Sofia,Montana,5,0,2.0,0.0,,,,,,,,,R. Gidzhenov
First League,172,Bulgaria,Regular Season - 1,False,2025-07-20,854,859,Slavia Sofia,Botev Vratsa,2,2,0.0,2.0,,,,,,,,,V. Chinkov
First League,236,Russia,Regular Season - 1,False,2025-07-20,19449,1993,Spartak Kostroma,Fakel,0,1,0.0,0.0,,,,,,,,,K. Silantyev
First League,236,Russia,Regular Season - 1,False,2025-07-20,3985,6790,Torpedo Moskva,Chelyabinsk,2,3,1.0,2.0,,,,,,,,,G. Kovalenko
Friendlies Clubs,667,World,Club Friendlies 5,True,2025-07-20,238,229,Academico Viseu,Benfica B,1,1,0.0,0.0,,,,,,,,,Desconocido
Friendlies Clubs,667,World,Club Friendlies 2,True,2025-07-20,722,2897,Albacete,Al-Rayyan SC,2,0,0.0,0.0,,,,,,,,,Desconocido
Friendlies Clubs,667,World,Club Friendlies 5,True,2025-07-20,740,739,Antwerp,AS Eupen,2,0,,,,,,,,,,,Desconocido
Friendlies Clubs,667,World,Club Friendlies 5,True,2025-07-20,21232,22153,Arkadag,Bashkimi Kumanovo,1,1,1.0,0.0,,,,,,,,,Desconocido
Friendlies Clubs,667,World,Club Friendlies 5,True,2025-07-20,500,1707,Bologna,Virtus Verona,7,0,3.0,0.0,,,,,,,,,Desconocido
Friendlies Clubs,667,World,Club Friendlies 5,True,2025-07-20,8295,1394,Donau Linz,FC BW Linz,0,4,0.0,1.0,,,,,,,,,Desconocido
Friendlies Clubs,667,World,Club Friendlies 5,True,2025-07-20,1639,2032,FC Saarbrücken,Union Titus Petange,3,0,1.0,0.0,,,,,,,,,Desconocido
Friendlies Clubs,667,World,Club Friendlies 5,True,2025-07-20,186,785,FC St. Pauli,Karlsruher SC,6,1,3.0,0.0,,,,,,,,,Desconocido
Friendlies Clubs,667,World,Club Friendlies 1,True,2025-07-20,645,1023,Galatasaray,Admira Wacker,2,1,1.0,0.0,,,,,,,,,Desconocido
Friendlies Clubs,667,World,Club Friendlies 5,True,2025-07-20,1321,12831,Hansa Rostock,Phönix Lübeck,6,0,1.0,0.0,,,,,,,,,Desconocido
Friendlies Clubs,667,World,Club Friendlies 5,True,2025-07-20,1366,6779,Hartlepool,Rangers U21,3,2,1.0,2.0,,,,,,,,,Desconocido
Friendlies Clubs,667,World,Club Friendlies 5,True,2025-07-20,12790,14681,Hilden,Fortuna Köln II,2,1,1.0,0.0,,,,,,,,,Desconocido
Friendlies Clubs,667,World,Club Friendlies 5,True,2025-07-20,17161,21957,LNZ Cherkasy,UCSA,2,0,1.0,0.0,,,,,,,,,Desconocido
Friendlies Clubs,667,World,Club Friendlies 5,True,2025-07-20,8870,4692,Malvern Town,Hereford,1,1,0.0,0.0,,,,,,,,,Desconocido
Friendlies Clubs,667,World,Club Friendlies 5,True,2025-07-20,21951,1655,Meppen II,SSV Jeddeloh,3,3,1.0,1.0,,,,,,,,,Desconocido
Friendlies Clubs,667,World,Club Friendlies 5,True,2025-07-20,522,12717,Palermo,Paradiso,5,1,2.0,0.0,,,,,,,,,Desconocido
Friendlies Clubs,667,World,Club Friendlies 3,True,2025-07-20,781,182,Rapid Vienna,Union Berlin,1,1,0.0,1.0,,,,,,,,,Desconocido
Friendlies Clubs,667,World,Club Friendlies 5,True,2025-07-20,93,260,Reims,OH Leuven,0,1,0.0,0.0,,,,,,,,,Desconocido
Friendlies Clubs,667,World,Club Friendlies 3,True,2025-07-20,12839,174,Rot Weiss Ahlen,FC Schalke 04,0,3,0.0,2.0,,,,,,,,,Desconocido
Friendlies Clubs,667,World,Club Friendlies 5,True,2025-07-20,12846,9324,SGV Freiberg,Augsburg II,3,0,3.0,0.0,,,,,,,,,Desconocido
Friendlies Clubs,667,World,Club Friendlies 3,True,2025-07-20,1319,1656,SV Wehen,TSV Steinbach,0,1,0.0,1.0,,,,,,,,,Desconocido
Friendlies Clubs,667,World,Club Friendlies 1,True,2025-07-20,4662,611,União de Leiria,Fenerbahçe,0,2,0.0,0.0,,,,,,,,,Diogo Miguel Mauzinho Rosa
Friendlies Clubs,667,World,Club Friendlies 5,True,2025-07-20,1324,1330,VfL Osnabrück,Werder Bremen II,2,2,0.0,2.0,,,,,,,,,Desconocido
Friendlies Clubs,667,World,Club Friendlies 5,True,2025-07-20,13941,1630,Wilhelmshaven,Bremer SV,1,1,1.0,1.0,,,,,,,,,Desconocido
Gaúcho - 2,478,Brazil,1st Phase - 13,True,2025-07-20,7767,10056,Aimoré,União RS,0,0,0.0,0.0,,,,,,,,,Desconocido
Gaúcho - 2,478,Brazil,1st Phase - 13,True,2025-07-20,10044,10045,Bagé,Brasil Farroupilha,1,1,1.0,0.0,,,,,,,,,Desconocido
Gaúcho - 2,478,Brazil,1st Phase - 13,True,2025-07-20,7827,16479,Gaúcho,Santa Cruz RS,0,2,0.0,1.0,,,,,,,,,Desconocido
Gaúcho - 2,478,Brazil,1st Phase - 13,True,2025-07-20,10047,10052,Glória,Lajeadense,1,1,1.0,0.0,,,,,,,,,Desconocido
Gaúcho - 2,478,Brazil,1st Phase - 13,True,2025-07-20,25079,10057,Gramadense,Veranópolis,1,1,1.0,0.0,,,,,,,,,Desconocido
Gaúcho - 2,478,Brazil,1st Phase - 13,True,2025-07-20,10051,1199,Inter Santa Maria,Novo Hamburgo,1,0,0.0,0.0,,,,,,,,,Desconocido
Goiano - 2,1030,Brazil,Regular Season - 12,False,2025-07-20,7820,23307,Anapolina,Trindade,2,0,0.0,0.0,,,,,,,,,Desconocido
Goiano - 2,1030,Brazil,Regular Season - 12,False,2025-07-20,18297,7829,Morrinhos,Iporá,1,0,0.0,0.0,,,,,,,,,Desconocido
I Liga,107,Poland,Regular Season - 1,False,2025-07-20,3483,3488,Chrobry Głogów,Odra Opole,3,0,1.0,0.0,,,,,,,,,T. Wajda
I Liga,107,Poland,Regular Season - 1,False,2025-07-20,6947,16239,Pogoń Siedlce,Polonia Warszawa,1,1,1.0,0.0,,,,,,,,,T. Marciniak
I Liga,107,Poland,Regular Season - 1,False,2025-07-20,3493,338,Stal Mielec,Wisla Krakow,0,4,0.0,2.0,,,,,,,,,K. Arys
J1 League,98,Japan,Regular Season - 24,False,2025-07-20,311,282,Albirex Niigata,Sanfrecce Hiroshima,0,2,0.0,1.0,,,,,,,,,"Yoshiro Imamura, Japan"
J1 League,98,Japan,Regular Season - 24,False,2025-07-20,310,289,Fagiano Okayama,Vissel Kobe,1,2,0.0,1.0,,,,,,,,,"Akihiko Ikeuchi, Japan"
J1 League,98,Japan,Regular Season - 24,False,2025-07-20,293,294,Gamba Osaka,Kawasaki Frontale,2,1,1.0,1.0,,,,,,,,,"Futoshi Nakamura, Japan"
J1 League,98,Japan,Regular Season - 24,False,2025-07-20,290,281,Kashima,Kashiwa Reysol,3,2,2.0,1.0,,,,,,,,,"Hiroyuki Kimura, Japan"
J1 League,98,Japan,Regular Season - 24,False,2025-07-20,283,307,Shimizu S-pulse,Yokohama FC,2,0,0.0,0.0,,,,,,,,,"Shu Kawamata, Japan"
J1 League,98,Japan,Regular Season - 24,False,2025-07-20,306,303,Tokyo Verdy,Machida Zelvia,0,1,0.0,0.0,,,,,,,,,"Yudai Yamamoto, Japan"
J1 League,98,Japan,Regular Season - 24,False,2025-07-20,296,288,Yokohama F. Marinos,Nagoya Grampus,3,0,2.0,0.0,,,,,,,,,"Masuya Ueda, Japan"
J3 League,100,Japan,Regular Season - 21,False,2025-07-20,4318,2235,Fukushima United,FC Ryukyu,3,3,2.0,1.0,,,,,,,,,Shinya Sasaki
J3 League,100,Japan,Regular Season - 21,False,2025-07-20,315,4324,Tochigi SC,Sagamihara,1,2,1.0,1.0,,,,,,,,,Hiromichi Oka
Japan Football League,497,Japan,Regular Season - 17,False,2025-07-20,10406,7137,Reinmeer Aomori,Okinawa SV,3,3,0.0,0.0,,,,,,,,,Desconocido
Japan Football League,497,Japan,Regular Season - 17,False,2025-07-20,15222,7124,TIAMO Hirakata,Honda Lock,2,1,2.0,0.0,,,,,,,,,Desconocido
Japan Football League,497,Japan,Regular Season - 17,False,2025-07-20,10410,10408,Tokyo Musashino City,Suzuka Unlimited,1,0,0.0,0.0,,,,,,,,,Desconocido
K League 1,292,South-Korea,Regular Season - 22,False,2025-07-20,2766,2767,FC Seoul,Ulsan Hyundai FC,1,0,1.0,0.0,,,,,,,,,"Go Hyeong-jin, South Korea"
K League 2,293,South-Korea,Regular Season - 21,False,2025-07-20,2745,2753,Bucheon FC 1995,Asan Mugunghwa,5,3,2.0,1.0,,,,,,,,,Cheol-Jun Choi
K League 2,293,South-Korea,Regular Season - 21,False,2025-07-20,7061,7060,Cheongju,Cheonan City,2,1,1.0,1.0,,,,,,,,,Myeong-Hee Won
K League 2,293,South-Korea,Regular Season - 21,False,2025-07-20,2751,2763,Gyeongnam FC,Incheon United,0,2,0.0,0.0,,,,,,,,,Kyung-Soon Lee
K3 League,295,South-Korea,Regular Season - 18,False,2025-07-20,7059,7099,Changwon City,Pocheon,1,2,0.0,0.0,,,,,,,,,Seon-Ik Hwang
K3 League,295,South-Korea,Regular Season - 18,False,2025-07-20,7068,7076,Daejeon Korail,Gimhae City,0,0,0.0,0.0,,,,,,,,,Ji-Hyung Lee
K3 League,295,South-Korea,Regular Season - 18,False,2025-07-20,7108,7075,Ulsan Citizen,Gangneung City,1,0,0.0,0.0,,,,,,,,,Min-Cheol Kim
K3 League,295,South-Korea,Regular Season - 18,False,2025-07-20,7112,7105,Yeoju Sejong,Siheung Citizen,1,2,1.0,0.0,,,,,,,,,Donghwan Seo
Kakkonen - Lohko C,249,Finland,Group C - 14,False,2025-07-20,9200,25738,VPS II,OsPa,2,1,1.0,1.0,,,,,,,,,Joona Haapa-Aho
League 1 Ontario,923,Canada,Regular Season - 9,False,2025-07-20,19098,19096,Blue Devils,Alliance United,1,1,0.0,1.0,,,,,,,,,Desconocido
League 1 Ontario,923,Canada,Regular Season - 9,False,2025-07-20,19110,19111,Simcoe County Rovers,St. Catharines Wolves,2,4,1.0,2.0,,,,,,,,,Desconocido
League Cup,738,Wales,1st Round,True,2025-07-20,20364,20358,Newport City,Baglan Dragons,2,0,1.0,0.0,,,,,,,,,Desconocido
League One,170,China,Regular Season - 17,False,2025-07-20,1445,23286,Heilongjiang Lava Spring,Shaanxi Union,2,0,0.0,0.0,,,,,,,,,Zhongchao Gu
League One,170,China,Regular Season - 17,False,2025-07-20,16619,5657,Nanjing City,Guangxi Baoyun,2,1,0.0,1.0,,,,,,,,,Tong Ren
League Two,929,China,Regular Season - 20,False,2025-07-20,5647,5660,BIT,Hubei Chufeng Heli,2,0,2.0,0.0,,,,,,,,,Tingbin Cui
League Two,929,China,Regular Season - 20,False,2025-07-20,25774,17266,Guangzhou Dandelion,Quanzhou Yassin,3,0,2.0,0.0,,,,,,,,,Zigang Cao
League Two,929,China,Regular Season - 20,False,2025-07-20,25775,25839,Guizhou Zhucheng,Chengdu Rongcheng II,1,1,1.0,1.0,,,,,,,,,Jiajin Yi
League Two,929,China,Regular Season - 20,False,2025-07-20,5665,19319,Jiangxi Liansheng,Nantong Haimen Codion,0,2,0.0,1.0,,,,,,,,,Xiao Liu
League Two,929,China,Regular Season - 20,False,2025-07-20,21328,20674,Rizhao Yuqi,Xi'an Ronghai,3,2,2.0,0.0,,,,,,,,,Fupeng Mu
Liga I,283,Romania,Regular Season - 2,False,2025-07-20,2596,6886,Farul Constanta,Oţelul,3,2,2.0,1.0,,,,,,,,,A. Chivulete
Liga I,283,Romania,Regular Season - 2,False,2025-07-20,6231,2246,Rapid,CFR 1907 Cluj,1,1,0.0,1.0,,,,,,,,,I. Kovacs
Liga MX,262,Mexico,Apertura - 2,True,2025-07-20,2286,2292,U.N.A.M. - Pumas,CF Pachuca,2,3,2.0,2.0,,,,,,,,,"Luis Alfredo Garcia Rodriguez, Mexico"
Liga MX Femenil,673,Mexico,Apertura - 2,True,2025-07-20,14868,14872,América W,Tijuana W,2,0,2.0,0.0,,,,,,,,,Desconocido
Liga MX U21,1200,Mexico,Apertura - 2,True,2025-07-20,26844,26838,UNAM Pumas U21,Pachuca U21,1,3,0.0,3.0,,,,,,,,,Desconocido
Liga Nacional,339,Guatemala,Apertura - 1,True,2025-07-20,3636,3665,Achuapa,Municipal,2,2,1.0,1.0,,,,,,,,,Desconocido
Liga Nacional,339,Guatemala,Apertura - 1,True,2025-07-20,10154,3662,Aurora,Guastatoya,1,0,0.0,0.0,,,,,,,,,Desconocido
Liga Nacional,339,Guatemala,Apertura - 1,True,2025-07-20,3658,3644,Comunicaciones,Mictlán,2,0,1.0,0.0,,,,,,,,,Desconocido
Liga Panameña de Fútbol,304,Panama,Clausura - 1,True,2025-07-20,26157,2887,SD Atletico Nacional,San Francisco FC,1,3,0.0,1.0,,,,,,,,,Leonel García
Liga Panameña de Fútbol,304,Panama,Clausura - 1,True,2025-07-20,2885,2881,Tauro FC,Alianza FC,2,1,1.0,1.0,,,,,,,,,Fernando Morón
Liga Pro,242,Ecuador,Regular Season - 21,False,2025-07-20,1148,1162,Emelec,Mushuc Runa SC,1,0,1.0,0.0,,,,,,,,,"Anthony Diaz, Ecuador"
Liga Pro,242,Ecuador,Regular Season - 21,False,2025-07-20,1158,1154,LDU de Quito,Deportivo Cuenca,2,2,0.0,1.0,,,,,,,,,"Augusto Bergelio Aragon Bautista, Ecuador"
Liga Pro,242,Ecuador,Regular Season - 21,False,2025-07-20,1151,1155,Tecnico Universitario,Macara,1,0,1.0,0.0,,,,,,,,,"Oswaldo Contreras, Ecuador"
Liga Profesional Argentina,128,Argentina,2nd Phase - 2,True,2025-07-20,2432,473,Barracas Central,Independ. Rivadavia,0,3,0.0,0.0,,,,,,,,,"Nicolas Ramirez, Argentina"
Liga Profesional Argentina,128,Argentina,2nd Phase - 2,True,2025-07-20,440,436,Belgrano Cordoba,Racing Club,0,1,0.0,0.0,,,,,,,,,"Yael Falcon Perez, Argentina"
Liga Profesional Argentina,128,Argentina,2nd Phase - 2,True,2025-07-20,453,456,Independiente,Talleres Cordoba,1,2,0.0,1.0,,,,,,,,,"Ariel Penel, Argentina"
Liga Profesional Argentina,128,Argentina,2nd Phase - 2,True,2025-07-20,457,449,Newells Old Boys,Banfield,1,2,0.0,1.0,,,,,,,,,"Jorge Balino, Argentina"
Liga Profesional Argentina,128,Argentina,2nd Phase - 2,True,2025-07-20,452,458,Tigre,Argentinos JRS,2,1,0.0,0.0,,,,,,,,,"Sebastian Zunino, Argentina"
MLS Next Pro,909,USA,Regular Season - 25,False,2025-07-20,4102,4020,Colorado Rapids II,Tacoma Defiance,6,4,0.0,3.0,,,,,,,,,Patricia McCracken
MLS Next Pro,909,USA,Regular Season - 25,False,2025-07-20,10281,4026,New England II,Orlando City II,3,0,1.0,0.0,,,,,,,,,Nicholas Karnovsky
MLS Next Pro,909,USA,Regular Season - 25,False,2025-07-20,4004,18815,New York RB II,New York City II,4,2,3.0,2.0,,,,,,,,,Thomas Snyder
MLS Next Pro,909,USA,Regular Season - 25,False,2025-07-20,4012,21138,Real Monarchs,Austin II,1,1,0.0,0.0,,,,,,,,,Yannick Rothfuss
MLS Next Pro,909,USA,Regular Season - 25,False,2025-07-20,4025,4040,Toronto II,Chicago Fire II,2,3,1.0,1.0,,,,,,,,,Melvin Christopher
MLS Next Pro,909,USA,Regular Season - 25,False,2025-07-20,3997,21141,Ventura County,Los Angeles FC II,3,3,1.0,2.0,,,,,,,,,William Hale
Meistriliiga,329,Estonia,Regular Season - 21,False,2025-07-20,662,3529,Kalju Nomme,Tallinna Kalev,6,2,3.0,0.0,,,,,,,,,Rasmus Maalinn
Meistriliiga,329,Estonia,Regular Season - 21,False,2025-07-20,3526,3525,Kuressaare,Vaprus,2,1,0.0,1.0,,,,,,,,,Karl Koppel
Meistriliiga,329,Estonia,Regular Season - 21,False,2025-07-20,3528,2274,Paide,Trans Narva,2,0,1.0,0.0,,,,,,,,,Joonas Jaanovits
Meistriliiga,329,Estonia,Regular Season - 21,False,2025-07-20,3530,687,Tammeka,Flora Tallinn,1,2,1.0,2.0,,,,,,,,,Grigori Ošomkov
Mineiro U20,1107,Brazil,1st Phase - 9,True,2025-07-20,25891,23645,Uberaba U20,Boston City U20,3,3,2.0,1.0,,,,,,,,,Desconocido
NNSW League 1,1090,Australia,Regular Season - 16,False,2025-07-20,23506,11195,Wallsend Red Devils,West Wallsend,1,1,1.0,1.0,,,,,,,,,Desconocido
New South Wales NPL,192,Australia,Regular Season - 24,False,2025-07-20,3764,3776,APIA Leichhardt Tigers,Sydney United,2,2,0.0,1.0,,,,,,,,,Desconocido
New South Wales NPL,192,Australia,Regular Season - 24,False,2025-07-20,16772,16779,Central Coast II,St. George Saints,4,2,2.0,2.0,,,,,,,,,Desconocido
New South Wales NPL,192,Australia,Regular Season - 24,False,2025-07-20,3774,3769,Sydney Olympic,Mt Druitt Town,1,2,0.0,2.0,,,,,,,,,Desconocido
Northern NSW NPL,481,Australia,Regular Season - 20,False,2025-07-20,10202,10208,Broadmeadow Magic,Maitland,2,1,1.0,0.0,,,,,,,,,Desconocido
Northern NSW NPL,481,Australia,Regular Season - 20,False,2025-07-20,10205,10204,Hamilton Olympic,Edgeworth Eagles,2,3,1.0,0.0,,,,,,,,,Desconocido
Northern NSW NPL,481,Australia,Regular Season - 20,False,2025-07-20,10210,10201,Weston Bears,Adamstown Rosebuds,5,3,2.0,1.0,,,,,,,,,Desconocido
Paraibano U20,1120,Brazil,Semi-finals,True,2025-07-20,20748,12997,Botafogo PB U20,Confiança PB U20,0,0,0.0,0.0,,,,,,,,,Desconocido
Paranaense U20,1071,Brazil,Final,True,2025-07-20,23237,12984,Cascavel U20,Athletico PR U20,1,1,0.0,1.0,,,,,,,,,Desconocido
Paulista - U20,1086,Brazil,1st Phase - 12,True,2025-07-20,12998,20775,Corinthians U20,União Suzano U20,2,2,2.0,2.0,,,,,,,,,Desconocido
Paulista - U20,1086,Brazil,1st Phase - 12,True,2025-07-20,13007,18344,Flamengo SP U20,Portuguesa Santista U20,3,0,1.0,0.0,,,,,,,,,Desconocido
Paulista - U20,1086,Brazil,1st Phase - 12,True,2025-07-20,23478,13051,Jabaquara U20,Rio Claro SP U20,2,0,1.0,0.0,,,,,,,,,Desconocido
Paulista - U20,1086,Brazil,1st Phase - 12,True,2025-07-20,13045,13059,Portuguesa U20,São Bento U20,4,0,4.0,0.0,,,,,,,,,Desconocido
Premier Division,1080,Grenada,Regular Season - 14,False,2025-07-20,23373,23371,Paradise,St. John's,0,0,0.0,0.0,,,,,,,,,Desconocido
Premier Division,1080,Grenada,Regular Season - 14,False,2025-07-20,23555,23370,Shamrock,SAB Spartans,2,3,2.0,0.0,,,,,,,,,Desconocido
Premier League,235,Russia,Regular Season - 1,False,2025-07-20,1085,1083,Akhmat,Rubin,0,2,0.0,1.0,,,,,,,,,"Ivan Abrosimov, Russia"
Premier League,389,Kazakhstan,Regular Season - 17,False,2025-07-20,4563,2259,Aktobe,FK Tobol Kostanay,0,0,0.0,0.0,,,,,,,,,Bulat Saryev
Premier League,764,Mongolia,Regular Season - 27,False,2025-07-20,16185,16854,Deren,Ulaanbaatar,0,1,0.0,0.0,,,,,,,,,Desconocido
Premier League,764,Mongolia,Regular Season - 27,False,2025-07-20,16186,16187,Falcons,Khangarid,2,1,2.0,0.0,,,,,,,,,Desconocido
Premier League,389,Kazakhstan,Regular Season - 17,False,2025-07-20,4554,4564,Kyzyl-Zhar,Atyrau,0,1,0.0,1.0,,,,,,,,,Saken Baiymbet
Premier League,235,Russia,Regular Season - 1,False,2025-07-20,2011,621,Nizhny Novgorod,FC Krasnodar,0,3,0.0,1.0,,,,,,,,,"Evgeniy Kukulyak, Russia"
Premier League,1031,Bhutan,Regular Season,False,2025-07-20,5590,21275,Tensung,Samtse,3,3,3.0,1.0,,,,,,,,,Desconocido
Premier League,235,Russia,Regular Season - 1,False,2025-07-20,596,779,Zenit,FC Rostov,2,1,0.0,1.0,,,,,,,,,"Rafael Shafeev, Russia"
Premier League,389,Kazakhstan,Regular Season - 17,False,2025-07-20,4560,692,Zhetysu,Ordabasy,1,0,0.0,0.0,,,,,,,,,Aleksandr Zatula
Premier Soccer League,401,Zimbabwe,Regular Season - 21,False,2025-07-20,25735,5224,Scotland Mabvuku,Highlanders,2,1,1.0,1.0,,,,,,,,,Desconocido
Primera A,239,Colombia,Clausura - 2,True,2025-07-20,1129,1127,Envigado,Deportivo Cali,0,0,0.0,0.0,,,,,,,,,"Jhon Alexander Ospina Londono, Colombia"
Primera A,239,Colombia,Clausura - 2,True,2025-07-20,1147,1136,Fortaleza FC,Once Caldas,2,1,2.0,1.0,,,,,,,,,"Edwin Ferney Trujillo Castro, Colombia"
Primera B,266,Chile,Regular Season - 17,False,2025-07-20,2343,2316,Deportes Copiapo,Curico Unido,1,1,1.0,0.0,,,,,,,,,Felipe Andrés González Alveal
Primera B,266,Chile,Regular Season - 17,False,2025-07-20,2317,2335,Deportes Temuco,Santiago Morning,2,1,0.0,0.0,,,,,,,,,Francisco Javier Soriano Bascur
Primera B,240,Colombia,Clausura - 2,True,2025-07-20,1133,1130,Jaguares,Huila,3,0,1.0,0.0,,,,,,,,,Juan Camilo Ramírez López
Primera B,266,Chile,Regular Season - 17,False,2025-07-20,2336,2324,Magallanes,Universidad de Concepcion,1,2,1.0,0.0,,,,,,,,,Rodrigo Alejandro Farías Molina
Primera B,266,Chile,Regular Season - 17,False,2025-07-20,2322,2344,San Luis,Rangers de Talca,1,2,0.0,1.0,,,,,,,,,Juan Ignacio Sepúlveda Lillo
Primera B Metropolitana,131,Argentina,Clausura - 5,True,2025-07-20,1963,2425,Midland,Acassuso,2,1,1.0,0.0,,,,,,,,,Gonzalo Pereira
Primera C,132,Argentina,Regular Season - 18,False,2025-07-20,8382,8396,Berazategui,Lugano,3,0,0.0,0.0,,,,,,,,,Desconocido
Primera C,132,Argentina,Regular Season - 18,False,2025-07-20,8378,8392,JJ Urquiza,Defensores de Cambaceres,2,1,0.0,1.0,,,,,,,,,Desconocido
Primera Division,370,El-Salvador,Apertura - 1,True,2025-07-20,22157,26156,Fuerte San Francisco,Hércules,0,0,0.0,0.0,,,,,,,,,Geovani Zamora
Primera Division,370,El-Salvador,Apertura - 1,True,2025-07-20,26155,24530,Zacatecoluca,Cacahuatique,0,1,0.0,1.0,,,,,,,,,Iván Arcides Barton Cisneros
Primera Division,370,El-Salvador,Apertura - 1,True,2025-07-20,4310,19763,Águila,Platense,1,0,1.0,0.0,,,,,,,,,Germán Martínez
Primera División,265,Chile,Regular Season - 16,False,2025-07-20,2329,2994,A. Italiano,U. Catolica,1,1,0.0,1.0,,,,,,,,,"Cristian Garay, Chile"
Primera División,344,Bolivia,Apertura - 15,True,2025-07-20,3700,15702,Always Ready,Independiente Petrolero,5,0,3.0,0.0,,,,,,,,,Ivo Nigel Méndez Chávez
Primera División,281,Peru,Clausura - 1,True,2025-07-20,2542,2564,Ayacucho FC,Atletico Grau,1,2,0.0,0.0,,,,,,,,,"Jonathan Zamora, Peru"
Primera División,344,Bolivia,Apertura - 15,True,2025-07-20,3705,3711,Jorge Wilstermann,The Strongest,1,2,1.0,1.0,,,,,,,,,Mijail Lopez
Primera División,281,Peru,Clausura - 1,True,2025-07-20,22479,2544,Juan Pablo II College,Sport Boys,3,0,2.0,0.0,,,,,,,,,"Jesus Cartagena, Peru"
Primera División,299,Venezuela,Clausura - 3,True,2025-07-20,2825,2829,Metropolitanos FC,Yaracuyanos FC,2,1,0.0,1.0,,,,,,,,,Stalin Rondón Guerra
Primera División,265,Chile,Regular Season - 16,False,2025-07-20,2337,2323,Nublense,Universidad de Chile,2,2,0.0,0.0,,,,,,,,,"Diego Flores Seguel, Chile"
Primera División,344,Bolivia,Apertura - 15,True,2025-07-20,20252,17760,Real Oruro,San Antonio Bulo Bulo,0,2,0.0,0.0,,,,,,,,,Herlan Salazar
Primera División,281,Peru,Clausura - 1,True,2025-07-20,2546,2548,Sporting Cristal,Alianza Universidad,3,0,2.0,0.0,,,,,,,,,"Michael Espinoza, Peru"
Primera División,299,Venezuela,Clausura - 3,True,2025-07-20,2806,2814,Zamora FC,Portuguesa FC,1,0,0.0,0.0,,,,,,,,,Jonathan Sánchez
Primera Nacional,129,Argentina,Regular Season - 23,False,2025-07-20,8375,466,Almirante Brown,Atletico Mitre,2,0,1.0,0.0,,,,,,,,,Carlos Córdoba
Primera Nacional,129,Argentina,Regular Season - 23,False,2025-07-20,1951,448,Central Norte,Colon Santa Fe,3,4,1.0,4.0,,,,,,,,,Lucas Cavallero
Primera Nacional,129,Argentina,Regular Season - 23,False,2025-07-20,447,1927,Chacarita Juniors,Talleres Remedios,2,1,1.0,1.0,,,,,,,,,Felipe Viola
Primera Nacional,129,Argentina,Regular Season - 23,False,2025-07-20,3969,1928,Club Atlético Güemes,Gimnasia Y Tiro,1,1,0.0,0.0,,,,,,,,,Jorge Nelson Sosa
Primera Nacional,129,Argentina,Regular Season - 23,False,2025-07-20,1067,2424,Defensores De Belgrano,Estudiantes de Rio Cuarto,0,0,0.0,0.0,,,,,,,,,Pablo Giménez
Primera Nacional,129,Argentina,Regular Season - 23,False,2025-07-20,479,1945,Gimnasia Jujuy,Defensores Unidos,1,1,0.0,0.0,,,,,,,,,Maximiliano Macheroni
Primera Nacional,129,Argentina,Regular Season - 23,False,2025-07-20,1066,454,Gimnasia M.,Temperley,0,1,0.0,0.0,,,,,,,,,Monsón Brizuela
Primera Nacional,129,Argentina,Regular Season - 23,False,2025-07-20,484,1946,Nueva Chicago,Chaco For Ever,0,0,0.0,0.0,,,,,,,,,Franco Acita
Primera Nacional,129,Argentina,Regular Season - 23,False,2025-07-20,444,1954,Patronato,Deportivo Maipu,1,0,0.0,0.0,,,,,,,,,Joaquín Gil
Primera Nacional,129,Argentina,Regular Season - 23,False,2025-07-20,1957,8377,Racing Cordoba,Colegiales,2,1,1.0,0.0,,,,,,,,,Adrián Franklin
Queensland NPL,482,Australia,Regular Season - 18,False,2025-07-20,22916,2531,Moreton City Excelsior,Eastern Suburbs,2,0,0.0,0.0,,,,,,,,,Desconocido
Queensland NPL,482,Australia,Regular Season - 18,False,2025-07-20,10220,9993,Olympic,St George Willawong,3,1,3.0,1.0,,,,,,,,,Desconocido
Queensland Premier League,833,Australia,Regular Season - 18,False,2025-07-20,22895,11196,Ipswich,SWQ Thunder,4,0,0.0,0.0,,,,,,,,,Desconocido
Recopa,1167,Costa-Rica,Final,True,2025-07-20,815,822,CS Herediano,LD Alajuelense,0,1,0.0,0.0,,,,,,,,,Desconocido
Second League A - Division A Gold,1025,Russia,Fall Season Gold - 1,True,2025-07-20,6811,6787,Leningradets,Alaniya Vladikavkaz,2,0,0.0,0.0,,,,,,,,,Artem Kharin
Second League A - Division A Gold,1025,Russia,Fall Season Gold - 1,True,2025-07-20,6814,6833,Mashuk-KMV,Veles,0,0,0.0,0.0,,,,,,,,,Mikhail Plisko
Second League A - Division A Gold,1025,Russia,Fall Season Gold - 1,True,2025-07-20,6819,14139,Novosibirsk,Dinamo Moskva II,1,1,0.0,1.0,,,,,,,,,A. Smolin
Second League A - Division A Gold,1025,Russia,Fall Season Gold - 1,True,2025-07-20,3984,2000,Tekstilshchik,Tyumen,2,1,1.0,1.0,,,,,,,,,Danil Naboka
Second League A - Division A Gold,1025,Russia,Fall Season Gold - 1,True,2025-07-20,2004,21538,Volgar Astrakhan,Dinamo Kirov,0,0,0.0,0.0,,,,,,,,,Oleg Snegirev
Segunda División,269,Uruguay,2nd Phase - 11,True,2025-07-20,2364,19326,Atenas,Artigas,1,1,1.0,0.0,,,,,,,,,Daniel Rodríguez
Segunda División,300,Venezuela,Apertura - 16,True,2025-07-20,2832,25902,Atletico el Vigia FC,Puerto Cabello II,5,1,4.0,0.0,,,,,,,,,Desconocido
Segunda División,282,Peru,Promotion Round - 1,True,2025-07-20,22462,22489,Bentín Tacna Heroica,UCV Moquegua,2,2,1.0,0.0,,,,,,,,,Gean Barbagelatta
Segunda División,300,Venezuela,Apertura - 16,True,2025-07-20,21231,2838,Bolívar,Angostura FC,0,0,0.0,0.0,,,,,,,,,Desconocido
Segunda División,269,Uruguay,2nd Phase - 11,True,2025-07-20,2368,2354,Central Espanol,Rampla Juniors,4,1,2.0,0.0,,,,,,,,,Kevin Fontes
Segunda División,269,Uruguay,2nd Phase - 11,True,2025-07-20,15628,2370,Colón,Deportivo Maldonado,0,0,0.0,0.0,,,,,,,,,Rubén Umpiérrez
Segunda División,711,Chile,Regular Season - 14,False,2025-07-20,2339,5643,D. Melipilla,Provincial Osorno,3,0,3.0,0.0,,,,,,,,,Matías Quila
Segunda División,282,Peru,Promotion Round - 1,True,2025-07-20,22469,23311,Deportiva Agropecuaria,San Marcos,0,0,0.0,0.0,,,,,,,,,James Huamaní
Segunda División,711,Chile,Regular Season - 14,False,2025-07-20,5639,21114,General Velásquez,Concón National,2,2,1.0,0.0,,,,,,,,,Dayared Ramírez
Segunda División,300,Venezuela,Apertura - 16,True,2025-07-20,18807,2815,Héroes de Falcón,Trujillanos FC,0,0,0.0,0.0,,,,,,,,,Desconocido
Segunda División,300,Venezuela,Apertura - 16,True,2025-07-20,11371,2858,Monagas II,Dinamo de Puerto La Cruz,2,1,1.0,0.0,,,,,,,,,Desconocido
Segunda División,269,Uruguay,2nd Phase - 11,True,2025-07-20,2376,2367,Oriental,Cerrito,1,1,0.0,0.0,,,,,,,,,Felipe Vikonis
Segunda División,300,Venezuela,Apertura - 16,True,2025-07-20,2853,2817,Petare FC,Aragua FC,1,0,0.0,0.0,,,,,,,,,Desconocido
Segunda División,269,Uruguay,2nd Phase - 11,True,2025-07-20,2374,2357,Tacuarembo,Fenix,0,0,0.0,0.0,,,,,,,,,Andrés Martínez
Segunda División,711,Chile,Regular Season - 14,False,2025-07-20,5646,21117,Trasandino,Santiago City,2,2,0.0,2.0,,,,,,,,,Matías Valenzuela
Segunda División,282,Peru,Promotion Round - 1,True,2025-07-20,2552,10494,Union Comercio,Comerciantes,2,0,2.0,0.0,,,,,,,,,Luis Ciriaco
Serie A,71,Brazil,Regular Season - 15,False,2025-07-20,135,152,Cruzeiro,Juventude,4,0,1.0,0.0,,,,,,,,,"Lucas Casagrande, Brazil"
Serie A,71,Brazil,Regular Season - 15,False,2025-07-20,127,124,Flamengo,Fluminense,1,0,0.0,0.0,,,,,,,,,"Raphael Claus, Brazil"
Serie A,71,Brazil,Regular Season - 15,False,2025-07-20,119,129,Internacional,Ceara,1,0,1.0,0.0,,,,,,,,,"Davi de Oliveira Lacerda, Brazil"
Serie A,71,Brazil,Regular Season - 15,False,2025-07-20,121,1062,Palmeiras,Atletico-MG,3,2,1.0,1.0,,,,,,,,,"Alex Gomes Stefano, Brazil"
Serie A,71,Brazil,Regular Season - 15,False,2025-07-20,123,120,Sport Recife,Botafogo,0,1,0.0,0.0,,,,,,,,,"Flavio Rodrigues De Souza, Brazil"
Serie A,71,Brazil,Regular Season - 15,False,2025-07-20,136,794,Vitoria,RB Bragantino,1,0,1.0,0.0,,,,,,,,,"Rodrigo Jose Pereira de Lima, Brazil"
Serie B,72,Brazil,Regular Season - 17,False,2025-07-20,10862,2618,Amazonas,Botafogo SP,3,0,1.0,0.0,,,,,,,,,"Vinicius Gomes do Amara, Brazil"
Serie B,72,Brazil,Regular Season - 17,False,2025-07-20,125,132,America Mineiro,Chapecoense-sc,0,1,0.0,1.0,,,,,,,,,"Fernando Antonio Mendes de Salles Nascimento Filho, Brazil"
Serie C,75,Brazil,Regular Season - 13,False,2025-07-20,1211,13098,Brusque,Retrô,1,2,0.0,1.0,,,,,,,,,Daniel Alejandro Hidalgo Blanco
Serie C,75,Brazil,Regular Season - 13,False,2025-07-20,150,137,CSA,Figueirense,1,1,0.0,1.0,,,,,,,,,Paulo Jose Souza Mourão
Serie C,75,Brazil,Regular Season - 13,False,2025-07-20,7772,2227,Confiança,Tombense,3,2,1.0,2.0,,,,,,,,,Emerson Souza Silva
Serie C,75,Brazil,Regular Season - 13,False,2025-07-20,1221,7865,Ypiranga-RS,São Bernardo,0,2,0.0,1.0,,,,,,,,,Paulo Henrique Schleinch Vollkopf
Serie D,76,Brazil,1st Phase - 13,True,2025-07-20,141,12939,Brasil DE Pelotas,Azuriz,4,0,2.0,0.0,,,,,,,,,Guilherme Francisco Maciel da Silva e Rosário
Serie D,76,Brazil,1st Phase - 13,True,2025-07-20,12921,12946,Capital Brasilia,Porto Velho,3,0,1.0,0.0,,,,,,,,,Samuel dos Santos Santos
Serie D,76,Brazil,1st Phase - 13,True,2025-07-20,2210,7864,Central SC,Sousa,1,1,0.0,1.0,,,,,,,,,Tarcisio Nascimento Matos
Serie D,76,Brazil,1st Phase - 13,True,2025-07-20,10674,7771,Goiânia,Ceilândia,2,2,0.0,1.0,,,,,,,,,Halbert Luis Moraes Baia
Serie D,76,Brazil,1st Phase - 13,True,2025-07-20,12297,753,Horizonte,Santa Cruz,2,0,2.0,0.0,,,,,,,,,Marcel Phillipe Santos Martins
Serie D,76,Brazil,1st Phase - 13,True,2025-07-20,10478,2214,Humaitá,Manaus FC,1,2,1.0,1.0,,,,,,,,,Matheus de Moraes Silva
Serie D,76,Brazil,1st Phase - 13,True,2025-07-20,15104,1207,Jequié,ASA,0,0,0.0,0.0,,,,,,,,,Leonilson Fernandes Trigueiro Filho
Serie D,76,Brazil,1st Phase - 13,True,2025-07-20,795,2232,Joinville,Sao Jose,0,2,0.0,1.0,,,,,,,,,Pierry Dias dos Santos
Serie D,76,Brazil,1st Phase - 13,True,2025-07-20,1224,2224,Juazeirense,Sergipe,0,0,0.0,0.0,,,,,,,,,Wanderson Marques Martins
Serie D,76,Brazil,1st Phase - 13,True,2025-07-20,10677,10049,Marcílio Dias,Guarany de Bagé,1,1,0.0,0.0,,,,,,,,,Marcos Felipe Martins Machado
Serie D,76,Brazil,1st Phase - 13,True,2025-07-20,7784,155,Parnahyba,Sampaio Correa,2,2,1.0,2.0,,,,,,,,,Artur de Morais Fernandes
Serie D,76,Brazil,1st Phase - 13,True,2025-07-20,22822,18362,Penedense,União Carmolandense,1,1,1.0,0.0,,,,,,,,,Tiago Nascimento dos Santos
Serie D,76,Brazil,1st Phase - 13,True,2025-07-20,7787,2233,Treze,America-RN,1,2,0.0,1.0,,,,,,,,,Marcos Mateus Pereira
Super Cup,519,Belgium,Final,True,2025-07-20,1393,569,Union St. Gilloise,Club Brugge KV,1,2,1.0,2.0,,,,,,,,,Lawrence Visser
Super League,391,Malawi,Regular Season - 13,False,2025-07-20,4585,23427,Chitipa United,Creck,0,0,0.0,0.0,,,,,,,,,Desconocido
Super League,391,Malawi,Regular Season - 8,False,2025-07-20,25893,4593,Ekhaya,Moyale Barracks,3,0,1.0,0.0,,,,,,,,,Desconocido
Super League,391,Malawi,Regular Season - 12,False,2025-07-20,4588,4591,Kamuzu Barracks,Mighty Tigers,0,0,0.0,0.0,,,,,,,,,Desconocido
Super Liga,286,Serbia,Regular Season - 1,False,2025-07-20,699,12316,Mladost Lucani,IMT Novi Beograd,1,1,1.0,1.0,,,,,,,,,Novak Simović
Super Liga,394,Moldova,Regular Season - 5,False,2025-07-20,2271,568,Petrocub,Sheriff Tiraspol,0,0,0.0,0.0,,,,,,,,,Desconocido
Super Liga,394,Moldova,Regular Season - 5,False,2025-07-20,5380,26115,Spartanii Selemet,Politehnica UTM,0,0,0.0,0.0,,,,,,,,,Desconocido
Super Liga,286,Serbia,Regular Season - 1,False,2025-07-20,2646,2254,TSC Backa Topola,Radnicki NIS,2,1,1.0,1.0,,,,,,,,,Milan Stefanović
Super Liga,286,Serbia,Regular Season - 1,False,2025-07-20,702,2657,Vojvodina,Radnik Surdulica,2,0,1.0,0.0,,,,,,,,,Pavle Ilić
Super Liga,286,Serbia,Regular Season - 1,False,2025-07-20,12360,573,Železničar Pančevo,FK Partizan,0,1,0.0,0.0,,,,,,,,,Milan Mitić
Superettan,114,Sweden,Regular Season - 15,False,2025-07-20,374,2175,Kalmar FF,IK brage,2,2,1.0,0.0,,,,,,,,,"Farouk Nehdi, Sweden"
Superettan,114,Sweden,Regular Season - 15,False,2025-07-20,2171,373,Varbergs BoIS FC,GIF Sundsvall,0,2,0.0,0.0,,,,,,,,,"Per Martin Melin, Sweden"
Superliga,119,Denmark,Regular Season - 1,False,2025-07-20,407,2073,Brondby,Silkeborg,3,0,1.0,0.0,,,,,,,,,J. Karlsen
Superliga,119,Denmark,Regular Season - 1,False,2025-07-20,2061,398,FC Fredericia,FC Nordsjaelland,2,3,1.0,3.0,,,,,,,,,J. Maae
Superliga,119,Denmark,Regular Season - 1,False,2025-07-20,397,405,FC Midtjylland,Odense,3,3,2.0,2.0,,,,,,,,,M. Krogh
Superliga,119,Denmark,Regular Season - 1,False,2025-07-20,396,406,Sonderjyske,Aarhus,1,1,0.0,1.0,,,,,,,,,L. Graagaard
Superliga,119,Denmark,Regular Season - 1,False,2025-07-20,395,401,Vejle,Randers FC,1,1,0.0,0.0,,,,,,,,,S. Rasmussen
Torneo Federal A,134,Argentina,2nd Round - 1,True,2025-07-20,21043,3975,Atenas,Kimberley Mar del Plata,0,0,0.0,0.0,,,,,,,,,Fernando Marcos
Torneo Federal A,134,Argentina,2nd Round - 1,True,2025-07-20,465,25758,Atletico DE Rafaela,Gimnasia Chivilcoy,2,1,0.0,0.0,,,,,,,,,Nelson Bejas
Torneo Federal A,134,Argentina,Lower Table Round - 1,True,2025-07-20,25756,788,Bartolomé Mitre,Crucero Del Norte,0,0,0.0,0.0,,,,,,,,,Enzo Silvestre
Torneo Federal A,134,Argentina,Lower Table Round - 1,True,2025-07-20,8399,477,Circulo Deportivo,Estudiantes S.l.,0,0,0.0,0.0,,,,,,,,,Franco Morón
Torneo Federal A,134,Argentina,2nd Round - 1,True,2025-07-20,25757,1938,Costa Brava,Villa Mitre,1,0,1.0,0.0,,,,,,,,,Matías Ezequiel Billone Carpio
Torneo Federal A,134,Argentina,Lower Table Round - 1,True,2025-07-20,2426,3968,Defensores de Belgrano VR,Ben Hur,1,1,1.0,1.0,,,,,,,,,José Díaz
Torneo Federal A,134,Argentina,2nd Round - 1,True,2025-07-20,789,23255,Douglas Haig,Sarmiento de La Banda,0,1,0.0,1.0,,,,,,,,,Juan Nebbietti
Torneo Federal A,134,Argentina,Lower Table Round - 1,True,2025-07-20,3945,467,Gimnasia Concepción,Boca Unidos,0,3,0.0,2.0,,,,,,,,,Gustavo Benìtes
Torneo Federal A,134,Argentina,Lower Table Round - 1,True,2025-07-20,472,1941,Guillermo Brown,Sol de Mayo,2,0,1.0,0.0,,,,,,,,,Luciano Julio
Torneo Federal A,134,Argentina,Lower Table Round - 1,True,2025-07-20,2428,11156,Huracan Las Heras,Gutiérrez,1,0,1.0,0.0,,,,,,,,,Maximiliano Silcan Jerez
Torneo Federal A,134,Argentina,2nd Round - 1,True,2025-07-20,1960,21040,Independiente De Chivilcoy,9 de Julio Rafaela,1,1,0.0,1.0,,,,,,,,,Fernando Jesús Rekers
Torneo Federal A,134,Argentina,2nd Round - 1,True,2025-07-20,443,18764,Olimpo Bahia Blanca,Argentino Monte Maíz,2,1,2.0,0.0,,,,,,,,,Jorge Etem
Torneo Federal A,134,Argentina,Lower Table Round - 1,True,2025-07-20,21042,3972,San Martín Mendoza,Germinal de Rawson,2,0,0.0,0.0,,,,,,,,,César Ceballo
Torneo Federal A,134,Argentina,Lower Table Round - 1,True,2025-07-20,475,3947,Santamarina,Juventud Unida Univ.,0,0,0.0,0.0,,,,,,,,,Pablo Núñez
Torneo Federal A,134,Argentina,Lower Table Round - 1,True,2025-07-20,3982,1953,Sol de América,Sarmiento Resistencia,0,1,0.0,0.0,,,,,,,,,Diego Saúl Novelli
Torneo Federal A,134,Argentina,2nd Round - 1,True,2025-07-20,1966,1935,Sportivo Belgrano,San Martin Formosa,3,0,1.0,0.0,,,,,,,,,Maximiliano Manduca
USL League One,489,USA,Regular Season - 11,False,2025-07-20,9026,4024,Greenville Triumph,Richmond Kickers,2,0,1.0,0.0,,,,,,,,,Rodrigo Albuquerque
USL League Two,256,USA,Conference - Semi-finals,True,2025-07-20,18882,25948,Ballard,Snohomish United,2,1,1.0,1.0,,,,,,,,,Desconocido
USL League Two,256,USA,Conference - Semi-finals,True,2025-07-20,23116,10067,Dothan United,Louisiana Krewe,2,0,0.0,0.0,,,,,,,,,Desconocido
USL League Two,256,USA,Conference - Semi-finals,True,2025-07-20,4052,16679,Flint City Bucks,Fort Wayne,2,0,0.0,0.0,,,,,,,,,Desconocido
USL League Two,256,USA,Conference - Semi-finals,True,2025-07-20,4061,4049,Lionsbridge,Evergreen,2,1,2.0,0.0,,,,,,,,,Desconocido
USL League Two,256,USA,Conference - Semi-finals,True,2025-07-20,10069,23123,Minneapolis City,Sueno,2,0,2.0,0.0,,,,,,,,,Desconocido
USL League Two,256,USA,Conference - Semi-finals,True,2025-07-20,21289,25939,Sarasota Paradise,Fort Lauderdale United,1,2,0.0,1.0,,,,,,,,,Desconocido
USL League Two,256,USA,Conference - Semi-finals,True,2025-07-20,4093,4109,Ventura County Fusion,Tucson,2,0,0.0,0.0,,,,,,,,,Desconocido
USL League Two,256,USA,Conference - Semi-finals,True,2025-07-20,18912,18894,Vermont Green,FC Motown II,3,2,0.0,1.0,,,,,,,,,Desconocido
Veikkausliiga,244,Finland,Regular Season - 16,False,2025-07-20,2075,1163,FF Jaro,Ilves,0,1,0.0,0.0,,,,,,,,,"Kalle Makinen, Finland"
Veikkausliiga,244,Finland,Regular Season - 16,False,2025-07-20,649,2077,HJK Helsinki,AC Oulu,3,1,2.0,0.0,,,,,,,,,"Antti Munukka, Finland"
Veikkausliiga,244,Finland,Regular Season - 16,False,2025-07-20,689,2082,SJK,Gnistan,3,1,0.0,1.0,,,,,,,,,"Jukka Honkanen, Finland"
Victoria NPL,195,Australia,Regular Season - 22,False,2025-07-20,9978,22823,St. Albans Saints,Melbourne Victory II,3,1,2.0,0.0,,,,,,,,,Desconocido
Virsliga,365,Latvia,Regular season - 23,False,2025-07-20,4135,4149,Auda,BFC Daugavpils,1,3,0.0,0.0,,,,,,,,,Kristaps Ratnieks
Virsliga,365,Latvia,Regular season - 23,False,2025-07-20,18834,4143,FS Jelgava,Super Nova,1,0,1.0,0.0,,,,,,,,,Ingus Puriņš
Ykkönen,245,Finland,Regular Season - 15,False,2025-07-20,18758,10199,KuPS Akatemia,KPV-j,1,0,0.0,0.0,,,,,,,,,Eemil Hietakangas
Úrvalsdeild,164,Iceland,Regular Season - 15,False,2025-07-20,278,274,Vikingur Reykjavik,Valur Reykjavik,1,2,0.0,1.0,,,,,,,,,Vilhjálmur Alvar Thórarinsson
1. Deild,165,Iceland,Regular Season - 13,False,2025-07-19,4166,2122,Völsungur,IR Reykjavik,2,3,1.0,3.0,,,,,,,,,Gunnar Oddur Haflidason
1. Division,117,Belarus,Regular Season - 16,False,2025-07-19,25809,3388,ABFF U19,Lokomotiv Gomel,2,2,2.0,2.0,,,,,,,,,Aleksandr Kolochinskiy
1. Division,120,Denmark,Regular Season - 1,False,2025-07-19,404,6004,AC Horsens,Aarhus Fremad,0,0,0.0,0.0,,,,,,,,,Mathias Lykke
1. Division,117,Belarus,Regular Season - 16,False,2025-07-19,23272,7802,BATE II,Bumprom,2,3,0.0,2.0,,,,,,,,,Vadim Bogdanov
1. Division,117,Belarus,Regular Season - 16,False,2025-07-19,23433,11249,Gomel II,Minsk II,0,1,0.0,1.0,,,,,,,,,Sergey Klimashevskiy
1. Division,120,Denmark,Regular Season - 1,False,2025-07-19,6026,6042,Hillerød,Middelfart,2,1,1.0,1.0,,,,,,,,,Jacob Stausgaard Kobberrød
1. Division,120,Denmark,Regular Season - 1,False,2025-07-19,4676,402,Kolding IF,Aalborg,1,0,0.0,0.0,,,,,,,,,Jonas Bøgelund
1. Division,117,Belarus,Regular Season - 16,False,2025-07-19,3392,18857,Slonim,Uni Minsk,1,2,1.0,0.0,,,,,,,,,Ilya Lyashuk
1. Division,117,Belarus,Regular Season - 16,False,2025-07-19,3395,13149,Volna,Ostrovets FC,1,3,1.0,1.0,,,,,,,,,Amin Kurgkheli
1. Liga,364,Latvia,Regular Season - 13,False,2025-07-19,21202,23266,JFK Ventspils,Leevon / PPK,0,0,0.0,0.0,,,,,,,,,Desconocido
1. Liga,364,Latvia,Regular Season - 13,False,2025-07-19,4152,4141,Progress / AFA Olaine,Rēzekne FA,3,0,0.0,0.0,,,,,,,,,Desconocido
1. SNL,373,Slovenia,Regular Season - 1,False,2025-07-19,677,4197,Olimpija Ljubljana,Mura,1,0,0.0,0.0,,,,,,,,,D. Smajc
1. SNL,373,Slovenia,Regular Season - 1,False,2025-07-19,14007,615,Primorje,NK Domzale,3,2,0.0,1.0,,,,,,,,,M. Matosa
2. Deild,166,Iceland,Regular Season - 13,False,2025-07-19,6093,18366,Kormákur / Hvöt,Fjardabyggd / Leiknir,5,1,2.0,1.0,,,,,,,,,Desconocido
2. Division - Group 2,474,Norway,Group 2 - 12,False,2025-07-19,7001,6978,Kjelsås,Eidsvold,4,5,0.0,2.0,,,,,,,,,Aleksander Skjold Vermundsen
2. Division - Group 2,474,Norway,Group 2 - 12,False,2025-07-19,2145,6998,Levanger,Hønefoss,4,0,1.0,0.0,,,,,,,,,Satha Sejoohn Sritharan
2. Division - Group 2,474,Norway,Group 2 - 12,False,2025-07-19,2147,6967,Strommen,Asker,5,0,3.0,0.0,,,,,,,,,Javi Jean-Marc Conny Leo Mertens
2. Division - Group 2,474,Norway,Group 2 - 12,False,2025-07-19,2154,12864,Ull/Kisa,Strindheim,4,1,1.0,0.0,,,,,,,,,Hussein Hamid Al Kharasani
3. Division - Girone 4,777,Norway,Group 4 - 12,False,2025-07-19,22870,6990,Askøy,Fyllingsdalen,4,1,2.0,1.0,,,,,,,,,Desconocido
3. Division - Girone 4,777,Norway,Group 4 - 12,False,2025-07-19,6980,18435,Fana,Førde,0,0,0.0,0.0,,,,,,,,,Desconocido
3. Division - Girone 4,777,Norway,Group 4 - 12,False,2025-07-19,6981,12825,Fjøra,Os,0,6,0.0,2.0,,,,,,,,,Desconocido
3. Division - Girone 4,777,Norway,Group 4 - 12,False,2025-07-19,21418,23416,Sandefjord II,Lyngbø,3,1,1.0,0.0,,,,,,,,,Desconocido
3. Division - Girone 5,778,Norway,Group 5 - 12,False,2025-07-19,6971,6997,Brodd,Hinna,1,0,0.0,0.0,,,,,,,,,Desconocido
3. Division - Girone 5,778,Norway,Group 5 - 12,False,2025-07-19,16220,18440,Stord,Sandnes Ulf II,2,0,0.0,0.0,,,,,,,,,Desconocido
3. Division - Girone 5,778,Norway,Group 5 - 12,False,2025-07-19,7046,12860,Vidar,Staal Jørpeland,3,0,1.0,0.0,,,,,,,,,Desconocido
3. Division - Girone 5,778,Norway,Group 5 - 12,False,2025-07-19,7047,25500,Vindbjart,Våg,5,2,2.0,2.0,,,,,,,,,Desconocido
3. Division - Girone 6,779,Norway,Group 6 - 12,False,2025-07-19,6983,16868,Flint,SF Grei,3,1,1.0,1.0,,,,,,,,,Desconocido
3. Division - Girone 6,779,Norway,Group 6 - 12,False,2025-07-19,6986,9975,Fram,Odd II,3,2,2.0,1.0,,,,,,,,,Desconocido
3. Division - Girone 6,779,Norway,Group 6 - 12,False,2025-07-19,6999,21349,IF Ready,Drøbak / Frogn,2,2,0.0,2.0,,,,,,,,,Desconocido
3. Division - Girone 6,779,Norway,Group 6 - 12,False,2025-07-19,25501,7018,Pors Grenland II,Oppsal,1,3,1.0,2.0,,,,,,,,,Desconocido
3. Division - Girone 6,779,Norway,Group 6 - 12,False,2025-07-19,7052,7004,Ørn Horten,Kvik Halden,1,1,0.0,1.0,,,,,,,,,Desconocido
A Lyga,362,Lithuania,Regular Season - 21,False,2025-07-19,586,3860,FK Zalgiris Vilnius,Džiugas Telšiai,2,0,0.0,0.0,,,,,,,,,Donatas Šimėnas
ASEAN Championship U23,908,World,Group Stage - 2,False,2025-07-19,10942,10964,Laos U23,Vietnam U23,0,3,0.0,1.0,,,,,,,,,Muhammad Usaid Jamal
ASEAN Championship U23,908,World,Group Stage - 2,False,2025-07-19,10961,10960,Timor-Leste U23,Thailand U23,0,4,0.0,2.0,,,,,,,,,Mạnh Hải Nguyễn
Africa Cup of Nations - Women,922,World,Quarter-finals,True,2025-07-19,18257,15583,Algeria W,Ghana W,0,0,0.0,0.0,,,,,,,,,Aline Umutoni
Africa Cup of Nations - Women,922,World,Quarter-finals,True,2025-07-19,1978,18262,South Africa W,Senegal W,0,0,0.0,0.0,,,,,,,,,Shahenda Saad Ali El Maghribi
Alagoano U20,1110,Brazil,2nd Phase - 3,True,2025-07-19,12990,23686,CSA U20,ASA U20,2,0,1.0,0.0,,,,,,,,,Desconocido
Alagoano U20,1110,Brazil,2nd Phase - 3,True,2025-07-19,23695,18330,Guarani Paripueira U20,Desportiva Aliança U20,3,3,2.0,1.0,,,,,,,,,Desconocido
Allsvenskan,113,Sweden,Regular Season - 16,False,2025-07-19,2172,2170,Degerfors IF,Gais,0,3,0.0,1.0,,,,,,,,,"Richard Sundell, Sweden"
Allsvenskan,113,Sweden,Regular Season - 16,False,2025-07-19,364,372,Djurgardens IF,IF Elfsborg,1,0,1.0,0.0,,,,,,,,,"Joakim Ostling, Sweden"
Allsvenskan,113,Sweden,Regular Season - 16,False,2025-07-19,2174,375,Osters IF,Malmo FF,0,2,0.0,1.0,,,,,,,,,"Erik Mattsson, Sweden"
Asian Cup Women - Qualification,894,World,Qualifying Round - 5,True,2025-07-19,16932,16933,Iran W,Jordan W,2,1,0.0,0.0,,,,,,,,,Desconocido
Asian Cup Women - Qualification,894,World,Qualifying Round - 5,True,2025-07-19,17893,16935,Singapore W,Lebanon W,0,1,0.0,0.0,,,,,,,,,Desconocido
Baiano U20,1073,Brazil,Quarter-finals,True,2025-07-19,23274,23276,Atlético Alagoinhas U20,Barcelona BA U20,0,1,,,,,,,,,,,Desconocido
Baiano U20,1073,Brazil,Quarter-finals,True,2025-07-19,13017,12954,Jacuipense U20,Bahia U20,1,1,0.0,1.0,,,,,,,,,Desconocido
Baiano U20,1073,Brazil,Quarter-finals,True,2025-07-19,23285,25813,Ypiranga BA U20,Fluminense de Feira U20,1,1,,,,,,,,,,,Desconocido
Brasiliense U20,1100,Brazil,Quarter-Finals,True,2025-07-19,12991,25932,Canaã U20,Santa Maria U20,1,1,,,,,,,,,,,Desconocido
Brasiliense U20,1100,Brazil,Quarter-Finals,True,2025-07-19,12992,18346,Capital TO U20,Real Brasília U20,0,1,,,,,,,,,,,Desconocido
Brasiliense U20,1100,Brazil,Quarter-Finals,True,2025-07-19,25933,23612,Sobradinho U20,Grêmio Valparaíso U20,1,0,,,,,,,,,,,Desconocido
Brisbane Premier League,191,Australia,Regular Season - 22,False,2025-07-19,25450,25451,Carina,Yeronga Eagles,4,1,,,,,,,,,,,Desconocido
Brisbane Premier League,191,Australia,Regular Season - 22,False,2025-07-19,17072,20822,Newmarket,Redcliffe Dolphins,5,2,,,,,,,,,,,Desconocido
Brisbane Premier League,191,Australia,Regular Season - 22,False,2025-07-19,20821,11179,North Brisbane,Ipswich Knights,0,3,,,,,,,,,,,Desconocido
Calcutta Premier Division,1020,India,Regular Season - 7,False,2025-07-19,21599,21597,Calcutta Customs,BSS Sporting,0,0,0.0,0.0,,,,,,,,,Desconocido
Calcutta Premier Division,1020,India,Regular Season - 7,False,2025-07-19,21605,21609,Kalighat,Railway,2,0,0.0,0.0,,,,,,,,,Desconocido
Calcutta Premier Division,1020,India,Regular Season - 7,False,2025-07-19,24103,21607,NA Suruchi Sangha,Patha Chakra,1,0,0.0,0.0,,,,,,,,,Desconocido
Canadian Premier League,479,Canada,Regular Season - 15,False,2025-07-19,2623,20881,York United,Vancouver FC,4,0,1.0,0.0,,,,,,,,,Iwan-Nikita Jecanski
Capital Territory NPL,189,Australia,Regular Season - 14,False,2025-07-19,1452,23519,Cooma Tigers FC,Queanbeyan City,1,0,0.0,0.0,,,,,,,,,Desconocido
Capital Territory NPL,189,Australia,Regular Season - 14,False,2025-07-19,18419,22866,O'Connor Knights,Yoogali CT,0,2,0.0,0.0,,,,,,,,,Desconocido
Capital Territory NPL 2,1092,Australia,Regular Season - 14,False,2025-07-19,23517,23516,Canberra Juventus,Brindabella,0,3,0.0,1.0,,,,,,,,,Desconocido
Capital Territory NPL 2,1092,Australia,Regular Season - 14,False,2025-07-19,1454,23520,Woden Vellet,Wagga City Wanderers,5,3,1.0,2.0,,,,,,,,,Desconocido
Catarinense - 2,936,Brazil,Regular Season - 8,False,2025-07-19,19636,19637,Carlos Renaux,Nação,0,0,0.0,0.0,,,,,,,,,Desconocido
Catarinense U20,1076,Brazil,1st Phase - 16,True,2025-07-19,20755,12953,Figueirense U20,Avaí U20,3,6,1.0,2.0,,,,,,,,,Desconocido
Catarinense U20,1076,Brazil,1st Phase - 16,True,2025-07-19,13019,23322,Joinville U20,Brusque U20,1,0,0.0,0.0,,,,,,,,,Desconocido
Cearense - 3,1124,Brazil,1st Phase - 4,True,2025-07-19,26142,13088,Vila Real,Esporte Limoeiro,0,0,0.0,0.0,,,,,,,,,Desconocido
Copa America Femenina,926,World,1st Round - 2,True,2025-07-19,1737,16941,Colombia W,Paraguay W,4,1,1.0,1.0,,,,,,,,,Anahí Fernández
Copa America Femenina,926,World,1st Round - 2,True,2025-07-19,18264,16924,Venezuela W,Bolivia W,7,1,3.0,1.0,,,,,,,,,Ivana Projkovska
Copa Espírito Santo,1097,Brazil,Semi-finals,True,2025-07-19,10679,7837,Real Noroeste,Vitória ES,0,0,0.0,0.0,,,,,,,,,Desconocido
Copa Paulista,742,Brazil,1st Round - 6,True,2025-07-19,22946,10031,Francana,Comercial,1,0,1.0,0.0,,,,,,,,,Juliano José Alves Rodrigues
Copa Paulista,742,Brazil,1st Round - 6,True,2025-07-19,20714,22852,Itapirense,União São João,2,3,2.0,2.0,,,,,,,,,Dener William da Silva
Copa Paulista,742,Brazil,1st Round - 6,True,2025-07-19,7846,23569,Linense,AEA,2,1,1.0,1.0,,,,,,,,,Rinaldo Diego de Oliveira
Copa Paulista,742,Brazil,1st Round - 6,True,2025-07-19,10038,16059,Paulista,Guarani B,1,0,1.0,0.0,,,,,,,,,Thiago Lourenço De Mattos
Copa Paulista,742,Brazil,1st Round - 6,True,2025-07-19,7786,143,São Caetano,Oeste,2,0,0.0,0.0,,,,,,,,,Guilherme Nunes de Santana
Cup,680,Slovakia,1st Round,True,2025-07-19,16913,26786,Tatran Uhrovec,Priehrada,0,0,0.0,0.0,,,,,,,,,Desconocido
Cupa României,285,Romania,Regional Finals,True,2025-07-19,24361,26208,Axi Adunații-Copăceni,Valenii de Munte,4,0,,,,,,,,,,,Desconocido
Cupa României,285,Romania,Regional Finals,True,2025-07-19,26201,26204,Păușești,Academica Balș,2,1,,,,,,,,,,,Desconocido
Cupa României,285,Romania,Regional Finals,True,2025-07-19,26207,6887,Răuceşti,Paşcani,0,4,,,,,,,,,,,Desconocido
Cupa României,285,Romania,Regional Finals,True,2025-07-19,26202,19175,Sânandrei,Gloria al Oraşului Geoag,3,2,,,,,,,,,,,Desconocido
Cupa României,285,Romania,Regional Finals,True,2025-07-19,6905,26206,Săcele,Prima,2,0,,,,,,,,,,,Desconocido
Cupa României,285,Romania,Regional Finals,True,2025-07-19,6917,26203,Unirea Tășnad,Voinţa Livezile,1,1,,,,,,,,,,,Desconocido
Cupa României,285,Romania,Regional Finals,True,2025-07-19,7494,26205,Victoria Cumpăna,Covurluiul,2,0,,,,,,,,,,,Desconocido
Czech Liga,345,Czech-Republic,Regular Season - 1,False,2025-07-19,3714,3713,Bohemians 1905,Baník Ostrava,1,0,1.0,0.0,,,,,,,,,D. Stary
Czech Liga,345,Czech-Republic,Regular Season - 1,False,2025-07-19,1122,628,FK Jablonec,Sparta Praha,1,1,1.0,0.0,,,,,,,,,J. Vsetecka
Czech Liga,345,Czech-Republic,Regular Season - 1,False,2025-07-19,3716,3715,Karviná,Dukla Praha,2,0,1.0,0.0,,,,,,,,,V. Opocensky
Czech Liga,345,Czech-Republic,Regular Season - 1,False,2025-07-19,3720,603,Teplice,Zlin,1,3,1.0,0.0,,,,,,,,,M. Radina
David Kipiani Cup,672,Georgia,Round of 32,True,2025-07-19,21313,10016,35-e Skola,Merani Martvili,2,8,1.0,2.0,,,,,,,,,Ilia Izoria
David Kipiani Cup,672,Georgia,Round of 32,True,2025-07-19,13859,16516,Algeti,Shturmi,0,8,0.0,4.0,,,,,,,,,Akaki Parjikia
David Kipiani Cup,672,Georgia,Round of 32,True,2025-07-19,581,2262,Samtredia,Dinamo Tbilisi,1,0,1.0,0.0,,,,,,,,,Irakli Kherkhadze
David Kipiani Cup,672,Georgia,Round of 32,True,2025-07-19,16515,13856,Samtskhe Akhaltsikhe,Odishi 1919,0,1,0.0,0.0,,,,,,,,,Koba Revazashvili
Division Intermedia,251,Paraguay,Regular Season - 18,False,2025-07-19,23154,2135,12 de Junio VH,Resistencia,2,2,1.0,2.0,,,,,,,,,Dionicio Cristaldo Machuca
Division Intermedia,251,Paraguay,Regular Season - 18,False,2025-07-19,1177,1186,SOL DE America,Independiente F.b.c.,0,2,0.0,1.0,,,,,,,,,Marcos Galeano
Division Profesional - Clausura,252,Paraguay,Clausura - 3,True,2025-07-19,1179,1175,Libertad Asuncion,Nacional Asuncion,0,1,0.0,1.0,,,,,,,,,"David Ojeda, Paraguay"
Division Profesional - Clausura,252,Paraguay,Clausura - 3,True,2025-07-19,1182,10474,Olimpia,Atlético Tembetary,3,1,2.0,1.0,,,,,,,,,"Derlis Benitez, Paraguay"
Ekstraklasa,106,Poland,Regular Season - 1,False,2025-07-19,3484,3491,GKS Katowice,Raków Częstochowa,0,1,0.0,0.0,,,,,,,,,J. Przybyl
Ekstraklasa,106,Poland,Regular Season - 1,False,2025-07-19,6962,345,Widzew Łódź,Zaglebie Lubin,1,0,1.0,0.0,,,,,,,,,P. Raczkowski
Ekstraklasa,106,Poland,Regular Season - 1,False,2025-07-19,341,346,Wisla Plock,Korona Kielce,2,0,1.0,0.0,,,,,,,,,D. Kos
Eliteserien,103,Norway,Regular Season - 14,False,2025-07-19,2143,319,KFUM Oslo,Brann,2,0,2.0,0.0,,,,,,,,,"Rohit Saggi, Norway"
Eliteserien,103,Norway,Regular Season - 14,False,2025-07-19,329,324,Molde,Stromsgodset,4,1,3.0,1.0,,,,,,,,,"Svein Tore Sinnes, Norway"
Eliteserien,103,Norway,Regular Season - 14,False,2025-07-19,759,327,Viking,Bodo/Glimt,2,4,2.0,3.0,,,,,,,,,"Marius Grotta, Norway"
Esiliiga A,328,Estonia,Regular Season - 20,False,2025-07-19,3516,14340,Elva,Viimsi,0,3,0.0,1.0,,,,,,,,,Kevin Kaivoja
Esiliiga A,328,Estonia,Regular Season - 20,False,2025-07-19,14287,10168,FC Tallinn,Luunja,2,0,1.0,0.0,,,,,,,,,Priit Alekask
Esiliiga A,328,Estonia,Regular Season - 20,False,2025-07-19,13826,3524,Nõmme Kalju II,Tartu Welco,0,3,0.0,0.0,,,,,,,,,Kristjan-Eric Lääne
Esiliiga B,1126,Estonia,Regular Season - 20,False,2025-07-19,24237,3527,Johvi Phoenix,Maardu,0,2,0.0,1.0,,,,,,,,,Desconocido
Esiliiga B,1126,Estonia,Regular Season - 20,False,2025-07-19,24236,25755,Narva U21,Nõmme United II,0,2,0.0,1.0,,,,,,,,,Desconocido
Esiliiga B,1126,Estonia,Regular Season - 20,False,2025-07-19,16962,16402,Tartu Kalev,Paide II,1,0,0.0,0.0,,,,,,,,,Desconocido
FAI Cup,359,Ireland,2nd Round,True,2025-07-19,21400,3849,Bangor Celtic,Cobh Ramblers,0,2,0.0,0.0,,,,,,,,,Robert Harvey
FAI Cup,359,Ireland,2nd Round,True,2025-07-19,653,25971,Cork City,Leicester Celtic,3,0,0.0,0.0,,,,,,,,,Darragh White
FAI Cup,359,Ireland,2nd Round,True,2025-07-19,17155,3854,Fairview Rangers,Shelbourne,0,4,0.0,2.0,,,,,,,,,Marc Lynch
FAI Cup,359,Ireland,2nd Round,True,2025-07-19,19126,6126,Salthill Devon,St. Michaels,1,0,1.0,0.0,,,,,,,,,Declan Toland
FNL,346,Czech-Republic,Regular Season - 1,False,2025-07-19,7291,3729,Hanácká,Viktoria Žižkov,1,2,0.0,0.0,,,,,,,,,A. Bohata
FNL,346,Czech-Republic,Regular Season - 1,False,2025-07-19,3726,3725,Táborsko,Prostějov,1,0,1.0,0.0,,,,,,,,,F. Kotala
First League,236,Russia,Regular Season - 1,False,2025-07-19,1077,6801,Arsenal Tula,KAMAZ,1,1,0.0,0.0,,,,,,,,,A. Anopa
First League,172,Bulgaria,Regular Season - 1,False,2025-07-19,634,853,Botev Plovdiv,CSKA Sofia,1,1,1.0,1.0,,,,,,,,,K. Georgiev
First League,236,Russia,Regular Season - 1,False,2025-07-19,1078,1087,FC UFA,Ska-khabarovsk,1,1,1.0,1.0,,,,,,,,,S. Matveev
First League,172,Bulgaria,Regular Season - 1,False,2025-07-19,566,856,Ludogorets,Septemvri Sofia,5,0,1.0,0.0,,,,,,,,,G. Davidov
First League,236,Russia,Regular Season - 1,False,2025-07-19,1998,1084,Shinnik Yaroslavl,Ural,0,1,0.0,1.0,,,,,,,,,N. Novikov
First League,236,Russia,Regular Season - 1,False,2025-07-19,6834,2010,Volga Ulyanovsk,Rotor Volgograd,1,2,0.0,1.0,,,,,,,,,A. Prokopov
Friendlies Clubs,667,World,Club Friendlies 5,True,2025-07-19,167,1660,1899 Hoffenheim,SV Elversberg,5,2,2.0,1.0,,,,,,,,,Desconocido
Friendlies Clubs,667,World,Club Friendlies 5,True,2025-07-19,3911,208,ACV,Emmen,2,3,1.0,2.0,,,,,,,,,Desconocido
Friendlies Clubs,667,World,Club Friendlies 5,True,2025-07-19,198,5805,ADO Den Haag,Francs Borains,3,1,2.0,1.0,,,,,,,,,Desconocido
Friendlies Clubs,667,World,Club Friendlies 5,True,2025-07-19,1839,1371,AFC Fylde,Carlisle,0,2,0.0,2.0,,,,,,,,,Desconocido
Friendlies Clubs,667,World,Club Friendlies 5,True,2025-07-19,7205,1831,AFC Sudbury,Braintree,0,3,0.0,3.0,,,,,,,,,Desconocido
Friendlies Clubs,667,World,Club Friendlies 5,True,2025-07-19,655,10540,AS Trencin,Púchov,0,0,0.0,0.0,,,,,,,,,Desconocido
Friendlies Clubs,667,World,Club Friendlies 5,True,2025-07-19,201,1017,AZ Alkmaar,NK Lokomotiva Zagreb,2,1,1.0,1.0,,,,,,,,,Desconocido
Friendlies Clubs,667,World,Club Friendlies 5,True,2025-07-19,238,240,Academico Viseu,Arouca,0,2,0.0,2.0,,,,,,,,,Desconocido
Friendlies Clubs,667,World,Club Friendlies 5,True,2025-07-19,1360,61,Accrington ST,Wigan,2,4,1.0,0.0,,,,,,,,,Desconocido
Friendlies Clubs,667,World,Club Friendlies 1,True,2025-07-19,194,266,Ajax,KV Mechelen,3,2,1.0,1.0,,,,,,,,,Desconocido
Friendlies Clubs,667,World,Club Friendlies 5,True,2025-07-19,3537,735,Al Qadsia,St. Truiden,0,1,0.0,1.0,,,,,,,,,Desconocido
Friendlies Clubs,667,World,Club Friendlies 5,True,2025-07-19,419,2899,Almere City FC,UMM Salal,5,2,2.0,2.0,,,,,,,,,Desconocido
Friendlies Clubs,667,World,Club Friendlies 5,True,2025-07-19,3011,1297,Angoulême,PAU,0,1,,,,,,,,,,,Desconocido
Friendlies Clubs,667,World,Club Friendlies 5,True,2025-07-19,11109,11112,Annagh United,Bangor,1,1,,,,,,,,,,,Desconocido
Friendlies Clubs,667,World,Club Friendlies 5,True,2025-07-19,9742,535,Antequera,Malaga,0,5,0.0,2.0,,,,,,,,,Desconocido
Friendlies Clubs,667,World,Club Friendlies 5,True,2025-07-19,740,195,Antwerp,Willem II,2,0,0.0,0.0,,,,,,,,,Desconocido
Friendlies Clubs,667,World,Club Friendlies 5,True,2025-07-19,11110,5348,Armagh City,Portadown,1,0,0.0,0.0,,,,,,,,,Desconocido
Friendlies Clubs,667,World,Club Friendlies 5,True,2025-07-19,188,171,Arminia Bielefeld,1. FC Nürnberg,2,1,1.0,0.0,,,,,,,,,Desconocido
Friendlies Clubs,667,World,Club Friendlies 5,True,2025-07-19,7270,7269,Arsenal Česká Lípa,Aritma Praha,3,2,1.0,1.0,,,,,,,,,Desconocido
Friendlies Clubs,667,World,Club Friendlies 5,True,2025-07-19,12260,955,Atromitos,Asteras Tripolis,0,0,0.0,0.0,,,,,,,,,Desconocido
Friendlies Clubs,667,World,Club Friendlies 5,True,2025-07-19,1399,170,Austria Lustenau,FC Augsburg,0,2,0.0,2.0,,,,,,,,,Desconocido
Friendlies Clubs,667,World,Club Friendlies 5,True,2025-07-19,5000,9367,Austria Salzburg,Borussia Dortmund II,1,2,1.0,1.0,,,,,,,,,Desconocido
Friendlies Clubs,667,World,Club Friendlies 5,True,2025-07-19,7207,7255,Aveley,Tilbury,3,2,1.0,0.0,,,,,,,,,Desconocido
Friendlies Clubs,667,World,Club Friendlies 5,True,2025-07-19,9359,10585,Bahlinger SC,Basel II,2,1,,,,,,,,,,,Desconocido
Friendlies Clubs,667,World,Club Friendlies 5,True,2025-07-19,5340,697,Ballyclare Comrades,Crusaders FC,0,3,0.0,2.0,,,,,,,,,Desconocido
Friendlies Clubs,667,World,Club Friendlies 5,True,2025-07-19,1369,1373,Barnet,Leyton Orient,2,0,1.0,0.0,,,,,,,,,Desconocido
Friendlies Clubs,667,World,Club Friendlies 5,True,2025-07-19,7698,7731,Basford United,Matlock Town,4,3,1.0,2.0,,,,,,,,,Desconocido
Friendlies Clubs,667,World,Club Friendlies 5,True,2025-07-19,7212,7243,Bedfont Sports,Northwood,2,1,0.0,0.0,,,,,,,,,Desconocido
Friendlies Clubs,667,World,Club Friendlies 5,True,2025-07-19,4328,4340,Belasica,Kozuv Gevgelija,3,2,,,,,,,,,,,Desconocido
Friendlies Clubs,667,World,Club Friendlies 5,True,2025-07-19,3025,115,Biesheim,Sochaux,1,3,0.0,0.0,,,,,,,,,Desconocido
Friendlies Clubs,667,World,Club Friendlies 3,True,2025-07-19,4678,1818,Billericay Town,Aldershot Town,1,3,1.0,2.0,,,,,,,,,Desconocido
Friendlies Clubs,667,World,Club Friendlies 5,True,2025-07-19,7701,1341,Bishop's Stortford,Southend,1,2,1.0,1.0,,,,,,,,,Desconocido
Friendlies Clubs,667,World,Club Friendlies 5,True,2025-07-19,67,45,Blackburn,Everton,1,0,1.0,0.0,,,,,,,,,Desconocido
Friendlies Clubs,667,World,Club Friendlies 5,True,2025-07-19,1356,60,Blackpool,West Brom,2,1,2.0,1.0,,,,,,,,,Desconocido
Friendlies Clubs,667,World,Club Friendlies 5,True,2025-07-19,24334,1823,Blyth Town,Gateshead,0,1,0.0,0.0,,,,,,,,,Desconocido
Friendlies Clubs,667,World,Club Friendlies 5,True,2025-07-19,24430,12848,Bochum II,Schonnebeck,4,0,2.0,0.0,,,,,,,,,Desconocido
Friendlies Clubs,667,World,Club Friendlies 5,True,2025-07-19,14473,7274,Bohemians 1905 II,Benátky nad Jizerou,0,3,0.0,0.0,,,,,,,,,Desconocido
Friendlies Clubs,667,World,Club Friendlies 5,True,2025-07-19,1637,739,Bonner SC,AS Eupen,1,1,0.0,0.0,,,,,,,,,Desconocido
Friendlies Clubs,667,World,Club Friendlies 5,True,2025-07-19,1830,7202,Boreham Wood,Tottenham Hotspur U21,2,2,0.0,0.0,,,,,,,,,Desconocido
Friendlies Clubs,667,World,Club Friendlies 5,True,2025-07-19,8146,1350,Boston United,Peterborough,0,1,0.0,1.0,,,,,,,,,Desconocido
Friendlies Clubs,667,World,Club Friendlies 5,True,2025-07-19,1299,87,Boulogne,Amiens,2,2,1.0,1.0,,,,,,,,,Desconocido
Friendlies Clubs,667,World,Club Friendlies 5,True,2025-07-19,8714,7226,Bournemouth FC,Frome Town,1,4,0.0,3.0,,,,,,,,,Desconocido
Friendlies Clubs,667,World,Club Friendlies 5,True,2025-07-19,8725,8847,Broadfields United,Leverstock Green,2,0,0.0,0.0,,,,,,,,,Desconocido
Friendlies Clubs,667,World,Club Friendlies 5,True,2025-07-19,1832,7192,Bromley,Chelsea U21,2,1,2.0,1.0,,,,,,,,,Desconocido
Friendlies Clubs,667,World,Club Friendlies 5,True,2025-07-19,19549,7218,Buckhurst Hill,Cambridge City,1,4,0.0,2.0,,,,,,,,,Desconocido
Friendlies Clubs,667,World,Club Friendlies 5,True,2025-07-19,6618,6653,Bulle,Yverdon Sport,1,1,0.0,1.0,,,,,,,,,Desconocido
Friendlies Clubs,667,World,Club Friendlies 5,True,2025-07-19,748,54,Burton Albion,Birmingham,1,0,1.0,0.0,,,,,,,,,Desconocido
Friendlies Clubs,667,World,Club Friendlies 5,True,2025-07-19,88,77,Caen,Angers,0,1,0.0,1.0,,,,,,,,,Desconocido
Friendlies Clubs,667,World,Club Friendlies 5,True,2025-07-19,356,351,Caernarfon Town,Aberystwyth Town,7,0,3.0,0.0,,,,,,,,,Desconocido
Friendlies Clubs,667,World,Club Friendlies 5,True,2025-07-19,490,24696,Cagliari,Ospitaletto,3,1,3.0,1.0,,,,,,,,,Desconocido
Friendlies Clubs,667,World,Club Friendlies 5,True,2025-07-19,420,427,Cambuur,Telstar,0,2,0.0,0.0,,,,,,,,,Desconocido
Friendlies Clubs,667,World,Club Friendlies 5,True,2025-07-19,4716,4799,Casa Pia,Torreense,4,4,,,,,,,,,,,Desconocido
Friendlies Clubs,667,World,Club Friendlies 3,True,2025-07-19,247,34,Celtic,Newcastle,4,0,2.0,0.0,,,,,,,,,Nick Walsh
Friendlies Clubs,667,World,Club Friendlies 5,True,2025-07-19,4689,4701,Chelmsford City,Brackley Town,2,3,0.0,0.0,,,,,,,,,Desconocido
Friendlies Clubs,667,World,Club Friendlies 5,True,2025-07-19,1372,1358,Cheltenham,Wycombe,0,3,0.0,2.0,,,,,,,,,Desconocido
Friendlies Clubs,667,World,Club Friendlies 5,True,2025-07-19,1328,179,Chemnitzer FC,1. FC Magdeburg,1,1,0.0,1.0,,,,,,,,,Desconocido
Friendlies Clubs,667,World,Club Friendlies 5,True,2025-07-19,7627,4680,Chertsey Town,Hampton & Richmond,0,0,0.0,0.0,,,,,,,,,Desconocido
Friendlies Clubs,667,World,Club Friendlies 5,True,2025-07-19,1820,1844,Chester,Salford City,0,3,0.0,2.0,,,,,,,,,Desconocido
Friendlies Clubs,667,World,Club Friendlies 5,True,2025-07-19,8147,1353,Chippenham Town,Swindon Town,1,5,0.0,4.0,,,,,,,,,Desconocido
Friendlies Clubs,667,World,Club Friendlies 5,True,2025-07-19,99,3069,Clermont Foot,Le Puy Foot,1,1,0.0,0.0,,,,,,,,,Desconocido
Friendlies Clubs,667,World,Club Friendlies 5,True,2025-07-19,5611,7749,Colwyn Bay,Stalybridge Celtic,2,2,1.0,1.0,,,,,,,,,Desconocido
Friendlies Clubs,667,World,Club Friendlies 5,True,2025-07-19,7636,1836,Cray Valley PM,Woking,1,3,1.0,2.0,,,,,,,,,Desconocido
Friendlies Clubs,667,World,Club Friendlies 3,True,2025-07-19,7711,1832,Cray Wanderers,Bromley,2,2,2.0,1.0,,,,,,,,,Desconocido
Friendlies Clubs,667,World,Club Friendlies 5,True,2025-07-19,1307,9238,Creteil,Gobelins,1,1,1.0,0.0,,,,,,,,,Desconocido
Friendlies Clubs,667,World,Club Friendlies 5,True,2025-07-19,1363,54,Crewe,Birmingham,4,0,2.0,0.0,,,,,,,,,Desconocido
Friendlies Clubs,667,World,Club Friendlies 5,True,2025-07-19,8760,8917,Crowborough Athletic,Rusthall,0,1,,,,,,,,,,,Desconocido
Friendlies Clubs,667,World,Club Friendlies 5,True,2025-07-19,697,11118,Crusaders FC,Newington Youth,5,4,2.0,1.0,,,,,,,,,Desconocido
Friendlies Clubs,667,World,Club Friendlies 5,True,2025-07-19,4690,4704,Dartford,Eastbourne Borough,1,0,1.0,0.0,,,,,,,,,Desconocido
Friendlies Clubs,667,World,Club Friendlies 5,True,2025-07-19,421,24749,Den Bosch,Borussia M'bach U21,1,4,,,,,,,,,,,Desconocido
Friendlies Clubs,667,World,Club Friendlies 5,True,2025-07-19,2393,10534,Diosgyori VTK,FK Košice,1,1,1.0,0.0,,,,,,,,,Desconocido
Friendlies Clubs,667,World,Club Friendlies 5,True,2025-07-19,1354,1348,Doncaster,Milton Keynes Dons,3,1,3.0,1.0,,,,,,,,,Desconocido
Friendlies Clubs,667,World,Club Friendlies 5,True,2025-07-19,7712,8660,Dorchester Town,Hemel Hempstead Town,6,1,3.0,1.0,,,,,,,,,Desconocido
Friendlies Clubs,667,World,Club Friendlies 5,True,2025-07-19,409,196,Dordrecht,Excelsior,2,2,1.0,1.0,,,,,,,,,Desconocido
Friendlies Clubs,667,World,Club Friendlies 5,True,2025-07-19,1829,15388,Dover,Arsenal U18,2,0,1.0,0.0,,,,,,,,,Desconocido
Friendlies Clubs,667,World,Club Friendlies 5,True,2025-07-19,10533,10552,Dukla Banská Bystrica,Lokomotíva Zvolen,5,0,4.0,0.0,,,,,,,,,Desconocido
Friendlies Clubs,667,World,Club Friendlies 5,True,2025-07-19,1386,1349,Dundee Utd,Oldham,0,0,0.0,0.0,,,,,,,,,Desconocido
Friendlies Clubs,667,World,Club Friendlies 5,True,2025-07-19,5351,17241,Dungannon Swifts,Rathfriland,1,2,1.0,1.0,,,,,,,,,Desconocido
Friendlies Clubs,667,World,Club Friendlies 5,True,2025-07-19,1840,1373,Ebbsfleet United,Leyton Orient,1,4,1.0,2.0,,,,,,,,,Desconocido
Friendlies Clubs,667,World,Club Friendlies 5,True,2025-07-19,1235,9130,Eemdijk,Almere City II,4,7,2.0,2.0,,,,,,,,,Desconocido
Friendlies Clubs,667,World,Club Friendlies 5,True,2025-07-19,744,191,Eintracht Braunschweig,Holstein Kiel,1,4,0.0,1.0,,,,,,,,,Desconocido
Friendlies Clubs,667,World,Club Friendlies 5,True,2025-07-19,230,4724,Estoril,Alverca,1,2,,,,,,,,,,,Desconocido
Friendlies Clubs,667,World,Club Friendlies 3,True,2025-07-19,1394,57,FC BW Linz,Ipswich,1,4,1.0,2.0,,,,,,,,,Desconocido
Friendlies Clubs,667,World,Club Friendlies 5,True,2025-07-19,551,533,FC Basel 1893,Villarreal,3,3,2.0,2.0,,,,,,,,,Desconocido
Friendlies Clubs,667,World,Club Friendlies 5,True,2025-07-19,12764,19466,FC Bocholt,SC St. Tönis,4,0,1.0,0.0,,,,,,,,,Desconocido
Friendlies Clubs,667,World,Club Friendlies 5,True,2025-07-19,16126,12756,FC Grimma,Eilenburg,0,2,0.0,0.0,,,,,,,,,Desconocido
Friendlies Clubs,667,World,Club Friendlies 3,True,2025-07-19,14485,9347,FC Gutersloh,VfB Oldenburg,1,3,1.0,2.0,,,,,,,,,Desconocido
Friendlies Clubs,667,World,Club Friendlies 5,True,2025-07-19,2062,2065,FC Helsingor,Fremad Amager,2,1,2.0,1.0,,,,,,,,,Desconocido
Friendlies Clubs,667,World,Club Friendlies 5,True,2025-07-19,184,503,FC Ingolstadt 04,Torino,1,1,1.0,0.0,,,,,,,,,Desconocido
Friendlies Clubs,667,World,Club Friendlies 5,True,2025-07-19,1400,1314,FC Liefering,SpVgg Unterhaching,2,3,2.0,1.0,,,,,,,,,Desconocido
Friendlies Clubs,667,World,Club Friendlies 5,True,2025-07-19,606,526,FC Lugano,PRO Vercelli,2,0,1.0,0.0,,,,,,,,,Desconocido
Friendlies Clubs,667,World,Club Friendlies 5,True,2025-07-19,644,2185,FC Luzern,Rapperswil,3,0,1.0,0.0,,,,,,,,,Desconocido
Friendlies Clubs,667,World,Club Friendlies 5,True,2025-07-19,1329,744,FC Rot-Weiß Erfurt,Eintracht Braunschweig,2,1,,,,,,,,,,,Desconocido
Friendlies Clubs,667,World,Club Friendlies 5,True,2025-07-19,174,415,FC Schalke 04,Twente,0,0,0.0,0.0,,,,,,,,,Desconocido
Friendlies Clubs,667,World,Club Friendlies 5,True,2025-07-19,1012,2177,FC Thun,FC Aarau,4,1,1.0,1.0,,,,,,,,,Desconocido
Friendlies Clubs,667,World,Club Friendlies 5,True,2025-07-19,660,786,FC Vaduz,TSV 1860 München,0,1,0.0,1.0,,,,,,,,,Desconocido
Friendlies Clubs,667,World,Club Friendlies 5,True,2025-07-19,1620,204,FC Viktoria Köln,VVV Venlo,0,3,0.0,1.0,,,,,,,,,Desconocido
Friendlies Clubs,667,World,Club Friendlies 5,True,2025-07-19,2578,3549,FC Voluntari,Ružomberok,2,3,2.0,1.0,,,,,,,,,Desconocido
Friendlies Clubs,667,World,Club Friendlies 5,True,2025-07-19,2179,10587,FC WIL 1900,Brühl,1,2,0.0,1.0,,,,,,,,,Desconocido
Friendlies Clubs,667,World,Club Friendlies 5,True,2025-07-19,2180,9363,FC Winterthur,Freiburg II,5,0,4.0,0.0,,,,,,,,,Desconocido
Friendlies Clubs,667,World,Club Friendlies 3,True,2025-07-19,1332,169,FSV Frankfurt,Eintracht Frankfurt,2,3,1.0,2.0,,,,,,,,,Desconocido
Friendlies Clubs,667,World,Club Friendlies 5,True,2025-07-19,7715,7201,Farnborough,Southampton U21,4,6,2.0,3.0,,,,,,,,,Desconocido
Friendlies Clubs,667,World,Club Friendlies 5,True,2025-07-19,213,4727,Feirense,Anadia,5,0,0.0,0.0,,,,,,,,,Desconocido
Friendlies Clubs,667,World,Club Friendlies 5,True,2025-07-19,11861,8247,Ferencváros II,Rapid Wien II,2,3,,,,,,,,,,,Desconocido
Friendlies Clubs,667,World,Club Friendlies 1,True,2025-07-19,209,631,Feyenoord,Gent,1,2,1.0,1.0,,,,,,,,,Desconocido
Friendlies Clubs,667,World,Club Friendlies 5,True,2025-07-19,5614,8690,Flint Town United,Avro,1,0,1.0,0.0,,,,,,,,,Desconocido
Friendlies Clubs,667,World,Club Friendlies 5,True,2025-07-19,1395,1396,Floridsdorfer AC,SC Wiener Neustadt,3,1,3.0,0.0,,,,,,,,,Desconocido
Friendlies Clubs,667,World,Club Friendlies 5,True,2025-07-19,6768,6755,Formartine United,Aberdeen U21,3,1,,,,,,,,,,,Desconocido
Friendlies Clubs,667,World,Club Friendlies 5,True,2025-07-19,9369,9346,Fortuna Düsseldorf II,St. Pauli II,4,3,1.0,2.0,,,,,,,,,Desconocido
Friendlies Clubs,667,World,Club Friendlies 5,True,2025-07-19,1326,1627,Fortuna Köln,Eintracht Trier,2,2,1.0,1.0,,,,,,,,,Desconocido
Friendlies Clubs,667,World,Club Friendlies 5,True,2025-07-19,410,619,GO Ahead Eagles,PAOK,3,3,1.0,3.0,,,,,,,,,Desconocido
Friendlies Clubs,667,World,Club Friendlies 5,True,2025-07-19,4691,1340,Gainsborough Trinity,Scunthorpe,1,0,0.0,0.0,,,,,,,,,Desconocido
Friendlies Clubs,667,World,Club Friendlies 5,True,2025-07-19,8789,7660,Garforth Town,Mossley,2,1,1.0,0.0,,,,,,,,,Desconocido
Friendlies Clubs,667,World,Club Friendlies 5,True,2025-07-19,742,728,Genk,Rayo Vallecano,1,1,0.0,0.0,,,,,,,,,Desconocido
Friendlies Clubs,667,World,Club Friendlies 5,True,2025-07-19,1347,1359,Gillingham,Luton,0,2,0.0,2.0,,,,,,,,,Desconocido
Friendlies Clubs,667,World,Club Friendlies 5,True,2025-07-19,8653,361,Gloucester City,Barry Town,1,2,0.0,0.0,,,,,,,,,Desconocido
Friendlies Clubs,667,World,Club Friendlies 5,True,2025-07-19,715,2700,Granada CF,Orlando Pirates,0,2,0.0,0.0,,,,,,,,,Desconocido
Friendlies Clubs,667,World,Club Friendlies 5,True,2025-07-19,1013,48,Grasshoppers,West Ham,1,3,0.0,1.0,,,,,,,,,Desconocido
Friendlies Clubs,667,World,Club Friendlies 5,True,2025-07-19,4256,1401,Grazer AK,SV Kapfenberg,2,0,0.0,0.0,,,,,,,,,Desconocido
Friendlies Clubs,667,World,Club Friendlies 5,True,2025-07-19,101,110,Grenoble,Estac Troyes,0,5,0.0,2.0,,,,,,,,,Desconocido
Friendlies Clubs,667,World,Club Friendlies 5,True,2025-07-19,202,413,Groningen,NEC Nijmegen,1,2,0.0,1.0,,,,,,,,,Desconocido
Friendlies Clubs,667,World,Club Friendlies 5,True,2025-07-19,1824,14430,Guiseley AFC,Leeds United U21,1,1,0.0,1.0,,,,,,,,,Desconocido
Friendlies Clubs,667,World,Club Friendlies 5,True,2025-07-19,12776,10546,Górnik Zabrze II,Žilina II,1,3,1.0,2.0,,,,,,,,,Desconocido
Friendlies Clubs,667,World,Club Friendlies 5,True,2025-07-19,5343,5350,H&W Welders,Carrick Rangers,4,0,1.0,0.0,,,,,,,,,Desconocido
Friendlies Clubs,667,World,Club Friendlies 5,True,2025-07-19,1068,1335,HNK Gorica,Charlton,0,2,0.0,0.0,,,,,,,,,Desconocido
Friendlies Clubs,667,World,Club Friendlies 5,True,2025-07-19,1316,12788,Hallescher FC,Hessen Kassel,3,1,1.0,1.0,,,,,,,,,Desconocido
Friendlies Clubs,667,World,Club Friendlies 5,True,2025-07-19,166,185,Hannover 96,SC Paderborn 07,2,3,2.0,1.0,,,,,,,,,Desconocido
Friendlies Clubs,667,World,Club Friendlies 3,True,2025-07-19,1321,66,Hansa Rostock,Aston Villa,3,1,0.0,1.0,,,,,,,,,Desconocido
Friendlies Clubs,667,World,Club Friendlies 5,True,2025-07-19,1842,747,Harrogate Town,Barnsley,0,3,0.0,2.0,,,,,,,,,Desconocido
Friendlies Clubs,667,World,Club Friendlies 5,True,2025-07-19,7293,7288,Havířov,Frýdek-Místek,1,4,1.0,2.0,,,,,,,,,Desconocido
Friendlies Clubs,667,World,Club Friendlies 5,True,2025-07-19,7722,7759,Hendon,Wingate & Finchley,2,3,1.0,3.0,,,,,,,,,Desconocido
Friendlies Clubs,667,World,Club Friendlies 5,True,2025-07-19,1264,1261,Hercules,GVVV Veenendaal,4,3,,,,,,,,,,,Desconocido
Friendlies Clubs,667,World,Club Friendlies 5,True,2025-07-19,249,68,Hibernian,Bolton,0,2,0.0,0.0,,,,,,,,,Desconocido
Friendlies Clubs,667,World,Club Friendlies 5,True,2025-07-19,7233,7751,Highworth Town,Swindon Supermarine,0,1,0.0,0.0,,,,,,,,,Desconocido
Friendlies Clubs,667,World,Club Friendlies 5,True,2025-07-19,7297,14058,Hodonín,Malženice,0,1,0.0,0.0,,,,,,,,,Desconocido
Friendlies Clubs,667,World,Club Friendlies 5,True,2025-07-19,1276,3905,Hoek,SteDoCo,2,0,,,,,,,,,,,Desconocido
Friendlies Clubs,667,World,Club Friendlies 5,True,2025-07-19,6942,7296,Hutnik Kraków,Hlučín,0,1,0.0,1.0,,,,,,,,,Desconocido
Friendlies Clubs,667,World,Club Friendlies 5,True,2025-07-19,11507,2060,Hørsholm-Usserød,AB Copenhagen,0,1,,,,,,,,,,,Desconocido
Friendlies Clubs,667,World,Club Friendlies 5,True,2025-07-19,8645,20233,Ishøj,København U19,3,1,1.0,0.0,,,,,,,,,Desconocido
Friendlies Clubs,667,World,Club Friendlies 5,True,2025-07-19,1016,1025,Istra 1961,Wolfsberger AC,0,1,0.0,1.0,,,,,,,,,Desconocido
Friendlies Clubs,667,World,Club Friendlies 2,True,2025-07-19,261,3603,KVC Westerlo,Samsunspor,3,1,1.0,1.0,,,,,,,,,Desconocido
Friendlies Clubs,667,World,Club Friendlies 2,True,2025-07-19,1004,64,Kasımpaşa,Hull City,0,1,0.0,0.0,,,,,,,,,Desconocido
Friendlies Clubs,667,World,Club Friendlies 5,True,2025-07-19,2410,3552,Kazincbarcikai,Zemplín Michalovce,1,1,1.0,0.0,,,,,,,,,Desconocido
Friendlies Clubs,667,World,Club Friendlies 5,True,2025-07-19,12804,162,Kickers Emden,Werder Bremen,1,3,1.0,1.0,,,,,,,,,Desconocido
Friendlies Clubs,667,World,Club Friendlies 5,True,2025-07-19,1628,1319,Kickers Offenbach,SV Wehen,1,0,1.0,0.0,,,,,,,,,Desconocido
Friendlies Clubs,667,World,Club Friendlies 5,True,2025-07-19,7307,7334,Kladno,Písek,5,0,1.0,0.0,,,,,,,,,Desconocido
Friendlies Clubs,667,World,Club Friendlies 5,True,2025-07-19,3627,17161,Kolos Kovalivka,LNZ Cherkasy,1,2,1.0,1.0,,,,,,,,,Desconocido
Friendlies Clubs,667,World,Club Friendlies 5,True,2025-07-19,734,428,Kortrijk,Jong Utrecht,0,1,0.0,0.0,,,,,,,,,Desconocido
Friendlies Clubs,667,World,Club Friendlies 5,True,2025-07-19,1242,3909,Kozakken Boys,Wittenhorst,3,0,3.0,0.0,,,,,,,,,Desconocido
Friendlies Clubs,667,World,Club Friendlies 5,True,2025-07-19,2420,5130,Kozarmisleny FC,Pécsi MFC,1,0,1.0,0.0,,,,,,,,,Desconocido
Friendlies Clubs,667,World,Club Friendlies 5,True,2025-07-19,7312,12797,Králův Dvůr,Jablonec II,2,2,0.0,2.0,,,,,,,,,Desconocido
Friendlies Clubs,667,World,Club Friendlies 5,True,2025-07-19,9371,1656,Köln II,TSV Steinbach,2,1,2.0,1.0,,,,,,,,,Desconocido
Friendlies Clubs,667,World,Club Friendlies 3,True,2025-07-19,1026,182,Lask Linz,Union Berlin,0,2,0.0,1.0,,,,,,,,,Desconocido
Friendlies Clubs,667,World,Club Friendlies 5,True,2025-07-19,111,1298,Le Havre,Le Mans,0,1,0.0,1.0,,,,,,,,,Desconocido
Friendlies Clubs,667,World,Club Friendlies 5,True,2025-07-19,4696,8662,Leatherhead,Tonbridge Angels,2,2,1.0,2.0,,,,,,,,,Desconocido
Friendlies Clubs,667,World,Club Friendlies 5,True,2025-07-19,116,1304,Lens,Dunkerque,5,1,3.0,1.0,,,,,,,,,Desconocido
Friendlies Clubs,667,World,Club Friendlies 5,True,2025-07-19,9354,1636,Lichtenberg,BFC Dynamo,2,2,1.0,1.0,,,,,,,,,Desconocido
Friendlies Clubs,667,World,Club Friendlies 5,True,2025-07-19,11114,669,Limavady United,Coleraine FC,2,4,0.0,1.0,,,,,,,,,Desconocido
Friendlies Clubs,667,World,Club Friendlies 5,True,2025-07-19,7652,74,Lincoln United,Sheffield Wednesday,3,1,1.0,1.0,,,,,,,,,Desconocido
Friendlies Clubs,667,World,Club Friendlies 5,True,2025-07-19,10536,3548,Liptovský Mikuláš,Podbrezová,0,2,0.0,1.0,,,,,,,,,Desconocido
Friendlies Clubs,667,World,Club Friendlies 5,True,2025-07-19,97,727,Lorient,Osasuna,1,1,0.0,0.0,,,,,,,,,Desconocido
Friendlies Clubs,667,World,Club Friendlies 5,True,2025-07-19,5345,2275,Loughgall,Glenavon FC,1,2,1.0,1.0,,,,,,,,,Desconocido
Friendlies Clubs,667,World,Club Friendlies 5,True,2025-07-19,8862,357,Lower Breck,GAP Connah S Quay FC,2,3,,,,,,,,,,,Desconocido
Friendlies Clubs,667,World,Club Friendlies 5,True,2025-07-19,17441,6652,Lugano II,YF Juventus,3,2,1.0,0.0,,,,,,,,,Desconocido
Friendlies Clubs,667,World,Club Friendlies 5,True,2025-07-19,80,1302,Lyon,Villefranche,1,0,0.0,0.0,,,,,,,,,Desconocido
Friendlies Clubs,667,World,Club Friendlies 3,True,2025-07-19,187,259,MSV Duisburg,Lommel United,6,2,2.0,1.0,,,,,,,,,Desconocido
Friendlies Clubs,667,World,Club Friendlies 5,True,2025-07-19,2396,10535,MTK Budapest,Komárno,0,3,0.0,1.0,,,,,,,,,Desconocido
Friendlies Clubs,667,World,Club Friendlies 5,True,2025-07-19,1380,1841,Macclesfield,FC Halifax Town,0,1,0.0,0.0,,,,,,,,,Desconocido
Friendlies Clubs,667,World,Club Friendlies 5,True,2025-07-19,21525,12735,Magdeburg II,Barockstadt Fulda-Lehn.,0,3,0.0,1.0,,,,,,,,,Desconocido
Friendlies Clubs,667,World,Club Friendlies 5,True,2025-07-19,1838,11930,Maidenhead,West Ham United U23,4,2,3.0,0.0,,,,,,,,,Desconocido
Friendlies Clubs,667,World,Club Friendlies 1,True,2025-07-19,33,63,Manchester United,Leeds,0,0,0.0,0.0,,,,,,,,,Adam Ladebäck
Friendlies Clubs,667,World,Club Friendlies 5,True,2025-07-19,7656,1375,Marine,Morecambe,1,1,1.0,0.0,,,,,,,,,Desconocido
Friendlies Clubs,667,World,Club Friendlies 5,True,2025-07-19,14507,4622,Marsaxlokk,Zabbar St. Patrick,1,0,1.0,0.0,,,,,,,,,Desconocido
Friendlies Clubs,667,World,Club Friendlies 5,True,2025-07-19,112,104,Metz,RED Star FC 93,4,0,2.0,0.0,,,,,,,,,Desconocido
Friendlies Clubs,667,World,Club Friendlies 5,True,2025-07-19,215,6358,Moreirense,Lusitânia Lourosa,3,2,,,,,,,,,,,Desconocido
Friendlies Clubs,667,World,Club Friendlies 5,True,2025-07-19,7319,14495,Motorlet Praha,Hradec Králové II,1,3,1.0,2.0,,,,,,,,,Desconocido
Friendlies Clubs,667,World,Club Friendlies 5,True,2025-07-19,203,553,NAC Breda,Olympiakos Piraeus,2,3,0.0,3.0,,,,,,,,,Desconocido
Friendlies Clubs,667,World,Club Friendlies 5,True,2025-07-19,83,90,Nantes,Guingamp,1,2,1.0,1.0,,,,,,,,,Desconocido
Friendlies Clubs,667,World,Club Friendlies 5,True,2025-07-19,71,416,Norwich,FC Volendam,1,1,0.0,0.0,,,,,,,,,Desconocido
Friendlies Clubs,667,World,Club Friendlies 5,True,2025-07-19,2403,2389,Nyiregyhaza,Mezokovesd-zsory,1,0,,,,,,,,,,,Desconocido
Friendlies Clubs,667,World,Club Friendlies 5,True,2025-07-19,260,10244,OH Leuven,Seraing United,2,1,1.0,1.0,,,,,,,,,Desconocido
Friendlies Clubs,667,World,Club Friendlies 5,True,2025-07-19,3630,6501,Obolon'-Brovar,Veres Rivne,0,1,0.0,0.0,,,,,,,,,Desconocido
Friendlies Clubs,667,World,Club Friendlies 5,True,2025-07-19,9403,547,Olot,Girona,0,5,0.0,3.0,,,,,,,,,Desconocido
Friendlies Clubs,667,World,Club Friendlies 5,True,2025-07-19,7662,7745,Ossett United,Scarborough Athletic,0,4,0.0,1.0,,,,,,,,,Desconocido
Friendlies Clubs,667,World,Club Friendlies 5,True,2025-07-19,5894,14130,Oudenaarde,Club Brugge II,2,2,,,,,,,,,,,Desconocido
Friendlies Clubs,667,World,Club Friendlies 5,True,2025-07-19,4684,20082,Oxford City,Charlton Athletic U21,5,2,1.0,0.0,,,,,,,,,Desconocido
Friendlies Clubs,667,World,Club Friendlies 5,True,2025-07-19,234,239,Pacos Ferreira,Academica,1,1,1.0,1.0,,,,,,,,,Desconocido
Friendlies Clubs,667,World,Club Friendlies 5,True,2025-07-19,6222,4259,Patro Eisden,Alemannia Aachen,4,0,2.0,0.0,,,,,,,,,Desconocido
Friendlies Clubs,667,World,Club Friendlies 5,True,2025-07-19,693,2651,Pelister,FK Trayal,0,0,0.0,0.0,,,,,,,,,Desconocido
Friendlies Clubs,667,World,Club Friendlies 5,True,2025-07-19,9676,540,Peralada,Espanyol,1,4,1.0,1.0,,,,,,,,,Desconocido
Friendlies Clubs,667,World,Club Friendlies 5,True,2025-07-19,8899,8966,Plymouth Parkway,Tavistock,1,2,1.0,1.0,,,,,,,,,Desconocido
Friendlies Clubs,667,World,Club Friendlies 5,True,2025-07-19,3548,10547,Podbrezová,Inter Bratislava,2,2,1.0,1.0,,,,,,,,,Desconocido
Friendlies Clubs,667,World,Club Friendlies 5,True,2025-07-19,4134,3547,Pohronie,Nitra,1,0,1.0,0.0,,,,,,,,,Desconocido
Friendlies Clubs,667,World,Club Friendlies 5,True,2025-07-19,1355,1362,Portsmouth,Crawley Town,1,0,1.0,0.0,,,,,,,,,Desconocido
Friendlies Clubs,667,World,Club Friendlies 3,True,2025-07-19,11119,5354,Portstewart,Larne,1,1,,,,,,,,,,,Desconocido
Friendlies Clubs,667,World,Club Friendlies 5,True,2025-07-19,8903,7221,Quorn,Corby Town,2,1,0.0,0.0,,,,,,,,,Desconocido
Friendlies Clubs,667,World,Club Friendlies 5,True,2025-07-19,14754,12786,RSV Eintracht,Hertha Zehlendorf,1,1,0.0,1.0,,,,,,,,,Desconocido
Friendlies Clubs,667,World,Club Friendlies 5,True,2025-07-19,4665,545,Racing Santander,Eibar,2,0,1.0,0.0,,,,,,,,,Desconocido
Friendlies Clubs,667,World,Club Friendlies 1,True,2025-07-19,53,47,Reading,Tottenham,0,2,0.0,0.0,,,,,,,,,Farai Hallam
Friendlies Clubs,667,World,Club Friendlies 5,True,2025-07-19,8908,7690,Redbridge,AFC Hornchurch,1,5,1.0,2.0,,,,,,,,,Desconocido
Friendlies Clubs,667,World,Club Friendlies 5,True,2025-07-19,1028,1404,Ried,SKU Amstetten,2,3,0.0,3.0,,,,,,,,,Desconocido
Friendlies Clubs,667,World,Club Friendlies 5,True,2025-07-19,226,4845,Rio Ave,Marinhense,5,0,,,,,,,,,,,Desconocido
Friendlies Clubs,667,World,Club Friendlies 5,True,2025-07-19,1339,1365,Rochdale,Grimsby,2,0,1.0,0.0,,,,,,,,,Desconocido
Friendlies Clubs,667,World,Club Friendlies 5,True,2025-07-19,2067,6021,Roskilde,HIK,2,2,0.0,1.0,,,,,,,,,Desconocido
Friendlies Clubs,667,World,Club Friendlies 5,True,2025-07-19,73,62,Rotherham,Sheffield Utd,0,5,0.0,1.0,,,,,,,,,Desconocido
Friendlies Clubs,667,World,Club Friendlies 5,True,2025-07-19,7742,4702,Royston Town,Chesham United,2,2,1.0,2.0,,,,,,,,,Desconocido
Friendlies Clubs,667,World,Club Friendlies 5,True,2025-07-19,3632,24566,Ruh Lviv,Kulykiv,2,4,1.0,3.0,,,,,,,,,Desconocido
Friendlies Clubs,667,World,Club Friendlies 5,True,2025-07-19,3632,6486,Ruh Lviv,Bukovyna,0,2,0.0,0.0,,,,,,,,,Desconocido
Friendlies Clubs,667,World,Club Friendlies 5,True,2025-07-19,9973,430,Rumilly Vallières,Bourg-en-bresse 01,2,1,2.0,0.0,,,,,,,,,Desconocido
Friendlies Clubs,667,World,Club Friendlies 5,True,2025-07-19,217,538,SC Braga,Celta Vigo,3,1,2.0,0.0,,,,,,,,,Desconocido
Friendlies Clubs,667,World,Club Friendlies 5,True,2025-07-19,1623,12827,SV Drochtersen/Assel,Paderborn II,2,2,1.0,2.0,,,,,,,,,Desconocido
Friendlies Clubs,667,World,Club Friendlies 5,True,2025-07-19,1318,1650,SV Meppen,SV Rodinghausen,3,1,2.0,0.0,,,,,,,,,Desconocido
Friendlies Clubs,667,World,Club Friendlies 5,True,2025-07-19,3492,12834,Sandecja Nowy Sącz,Podhale Nowy Targ,1,1,0.0,0.0,,,,,,,,,Desconocido
Friendlies Clubs,667,World,Club Friendlies 5,True,2025-07-19,8259,4945,Schwarz-Weiß Bregenz,Hohenems,3,2,1.0,1.0,,,,,,,,,Desconocido
Friendlies Clubs,667,World,Club Friendlies 5,True,2025-07-19,536,746,Sevilla,Sunderland,1,1,0.0,1.0,,,,,,,,,Desconocido
Friendlies Clubs,667,World,Club Friendlies 5,True,2025-07-19,7668,8659,Sholing,Dorking Wanderers,0,3,0.0,1.0,,,,,,,,,Desconocido
Friendlies Clubs,667,World,Club Friendlies 5,True,2025-07-19,1352,4695,Shrewsbury,Kidderminster Harriers,3,0,1.0,0.0,,,,,,,,,Desconocido
Friendlies Clubs,667,World,Club Friendlies 5,True,2025-07-19,8622,8633,Sigma Olomouc II,Zbrojovka Brno II,0,0,0.0,0.0,,,,,,,,,Desconocido
Friendlies Clubs,667,World,Club Friendlies 5,True,2025-07-19,10542,3553,Skalica,Zlaté Moravce,1,2,0.0,1.0,,,,,,,,,Desconocido
Friendlies Clubs,667,World,Club Friendlies 5,True,2025-07-19,4628,659,Sliema Wanderers,Valletta FC,2,1,1.0,0.0,,,,,,,,,Desconocido
Friendlies Clubs,667,World,Club Friendlies 5,True,2025-07-19,7746,8932,South Shields,Shildon AFC,1,1,0.0,0.0,,,,,,,,,Desconocido
Friendlies Clubs,667,World,Club Friendlies 5,True,2025-07-19,178,37,SpVgg Greuther Fürth,Huddersfield,0,1,0.0,0.0,,,,,,,,,Desconocido
Friendlies Clubs,667,World,Club Friendlies 5,True,2025-07-19,14785,14550,SpVgg Neu-Isenburg,Hadamar,0,4,0.0,2.0,,,,,,,,,Desconocido
Friendlies Clubs,667,World,Club Friendlies 5,True,2025-07-19,1249,418,Spakenburg,Jong AZ,3,4,1.0,2.0,,,,,,,,,Desconocido
Friendlies Clubs,667,World,Club Friendlies 5,True,2025-07-19,4707,24849,Spennymoor Town,Stockport County U21,3,0,0.0,0.0,,,,,,,,,Desconocido
Friendlies Clubs,667,World,Club Friendlies 5,True,2025-07-19,4708,22174,St Albans City,Luton Town U21,1,0,0.0,0.0,,,,,,,,,Desconocido
Friendlies Clubs,667,World,Club Friendlies 5,True,2025-07-19,7747,7737,St Ives Town,Peterborough Sports,1,6,0.0,3.0,,,,,,,,,Desconocido
Friendlies Clubs,667,World,Club Friendlies 5,True,2025-07-19,7672,4709,St Neots Town,Stamford,1,0,0.0,0.0,,,,,,,,,Desconocido
Friendlies Clubs,667,World,Club Friendlies 5,True,2025-07-19,7361,14747,Start Brno,Pardubice II,1,3,0.0,0.0,,,,,,,,,Desconocido
Friendlies Clubs,667,World,Club Friendlies 5,True,2025-07-19,8953,10157,Stockton Town,Darlington 1883,1,4,0.0,3.0,,,,,,,,,Desconocido
Friendlies Clubs,667,World,Club Friendlies 5,True,2025-07-19,637,175,Sturm Graz,Hamburger SV,2,1,2.0,0.0,,,,,,,,,Desconocido
Friendlies Clubs,667,World,Club Friendlies 5,True,2025-07-19,8251,4952,Sturm Graz II,Mannsdorf-Großenzersdorf,4,2,1.0,1.0,,,,,,,,,Desconocido
Friendlies Clubs,667,World,Club Friendlies 5,True,2025-07-19,1835,1333,Sutton Utd,AFC Wimbledon,2,0,1.0,0.0,,,,,,,,,Desconocido
Friendlies Clubs,667,World,Club Friendlies 3,True,2025-07-19,76,1368,Swansea,Stevenage,2,2,1.0,0.0,,,,,,,,,Desconocido
Friendlies Clubs,667,World,Club Friendlies 3,True,2025-07-19,7752,1819,Tamworth,Barrow,0,2,0.0,1.0,,,,,,,,,Desconocido
Friendlies Clubs,667,World,Club Friendlies 5,True,2025-07-19,9416,726,Tarazona,Huesca,0,1,0.0,0.0,,,,,,,,,Desconocido
Friendlies Clubs,667,World,Club Friendlies 5,True,2025-07-19,10550,2394,Tatran Prešov,Kisvarda FC,1,2,0.0,1.0,,,,,,,,,Desconocido
Friendlies Clubs,667,World,Club Friendlies 5,True,2025-07-19,22039,658,Thionville Lusitanos,Progres Niederkorn,1,1,0.0,1.0,,,,,,,,,Desconocido
Friendlies Clubs,667,World,Club Friendlies 5,True,2025-07-19,2069,6028,Thisted FC,Holstebro,5,0,0.0,0.0,,,,,,,,,Desconocido
Friendlies Clubs,667,World,Club Friendlies 5,True,2025-07-19,8970,8822,Thornaby,Hebburn Town,0,5,0.0,2.0,,,,,,,,,Desconocido
Friendlies Clubs,667,World,Club Friendlies 5,True,2025-07-19,218,229,Tondela,Benfica B,3,1,1.0,0.0,,,,,,,,,Desconocido
Friendlies Clubs,667,World,Club Friendlies 5,True,2025-07-19,1827,1367,Torquay,Newport County,3,1,3.0,0.0,,,,,,,,,Desconocido
Friendlies Clubs,667,World,Club Friendlies 5,True,2025-07-19,4699,19552,Truro City,Falmouth Town,2,0,0.0,0.0,,,,,,,,,Desconocido
Friendlies Clubs,667,World,Club Friendlies 5,True,2025-07-19,5964,5902,Union Namur,RAAL La Louvière,0,1,0.0,0.0,,,,,,,,,Desconocido
Friendlies Clubs,667,World,Club Friendlies 3,True,2025-07-19,7754,1364,United of Manchester,Exeter City,1,4,0.0,2.0,,,,,,,,,Desconocido
Friendlies Clubs,667,World,Club Friendlies 5,True,2025-07-19,532,5254,Valencia,Castellón,1,2,0.0,2.0,,,,,,,,,Desconocido
Friendlies Clubs,667,World,Club Friendlies 5,True,2025-07-19,517,19264,Venezia,Real Vicenza,8,0,5.0,0.0,,,,,,,,,Desconocido
Friendlies Clubs,667,World,Club Friendlies 5,True,2025-07-19,3131,431,Versailles,Quevilly,0,0,0.0,0.0,,,,,,,,,Desconocido
Friendlies Clubs,667,World,Club Friendlies 5,True,2025-07-19,176,3628,VfL Bochum,FC Kharkiv,0,0,0.0,0.0,,,,,,,,,Desconocido
Friendlies Clubs,667,World,Club Friendlies 5,True,2025-07-19,8332,637,Voitsberg,Sturm Graz,0,3,0.0,0.0,,,,,,,,,Desconocido
Friendlies Clubs,667,World,Club Friendlies 5,True,2025-07-19,22213,1320,WSPG Wels,Energie Cottbus,1,3,0.0,0.0,,,,,,,,,Desconocido
Friendlies Clubs,667,World,Club Friendlies 5,True,2025-07-19,8986,1821,Walton & Hersham,Dagenham & Redbridge,0,1,0.0,1.0,,,,,,,,,Desconocido
Friendlies Clubs,667,World,Club Friendlies 5,True,2025-07-19,7756,1826,Warrington Town,Southport,0,3,0.0,0.0,,,,,,,,,Desconocido
Friendlies Clubs,667,World,Club Friendlies 5,True,2025-07-19,3496,9132,Warta Poznań,Górnik Polkowice,2,0,1.0,0.0,,,,,,,,,Desconocido
Friendlies Clubs,667,World,Club Friendlies 5,True,2025-07-19,3140,3221,Wasquehal,Rouen,1,2,0.0,2.0,,,,,,,,,Desconocido
Friendlies Clubs,667,World,Club Friendlies 5,True,2025-07-19,8663,1348,Wealdstone,Milton Keynes Dons,2,0,1.0,0.0,,,,,,,,,Desconocido
Friendlies Clubs,667,World,Club Friendlies 3,True,2025-07-19,942,1837,Wellington Phoenix,Wrexham,1,0,0.0,0.0,,,,,,,,,Desconocido
Friendlies Clubs,667,World,Club Friendlies 5,True,2025-07-19,7262,8850,Whyteleafe,Lingfield,3,3,1.0,2.0,,,,,,,,,Desconocido
Friendlies Clubs,667,World,Club Friendlies 5,True,2025-07-19,7263,7753,Willand Rovers,Tiverton Town,2,2,1.0,1.0,,,,,,,,,Desconocido
Friendlies Clubs,667,World,Club Friendlies 5,True,2025-07-19,7758,7744,Wimborne Town,Salisbury,2,1,1.0,0.0,,,,,,,,,Desconocido
Friendlies Clubs,667,World,Club Friendlies 5,True,2025-07-19,7760,8885,Witton Albion,Northwich Victoria,1,1,1.0,1.0,,,,,,,,,Desconocido
Friendlies Clubs,667,World,Club Friendlies 5,True,2025-07-19,14539,19475,Wolfenbuttel,Schöningen,5,0,4.0,0.0,,,,,,,,,Desconocido
Friendlies Clubs,667,World,Club Friendlies 5,True,2025-07-19,7204,20080,Wolves U21,Bristol City U21,3,1,,,,,,,,,,,Desconocido
Friendlies Clubs,667,World,Club Friendlies 5,True,2025-07-19,7761,8737,Worthing,Chatham Town,2,0,1.0,0.0,,,,,,,,,Desconocido
Friendlies Clubs,667,World,Club Friendlies 5,True,2025-07-19,9375,14826,Wuppertaler SV,Westfalia Rhynern,3,3,1.0,1.0,,,,,,,,,Desconocido
Friendlies Clubs,667,World,Club Friendlies 3,True,2025-07-19,1377,1334,Yeovil Town,Bristol Rovers,1,2,1.0,0.0,,,,,,,,,Desconocido
Friendlies Clubs,667,World,Club Friendlies 5,True,2025-07-19,9358,173,ZFC Meuselwitz,RB Leipzig,0,3,0.0,2.0,,,,,,,,,Desconocido
Friendlies Clubs,667,World,Club Friendlies 5,True,2025-07-19,342,7332,Zaglebie Sosnowiec,Polanka nad Odrou,4,1,2.0,0.0,,,,,,,,,Desconocido
Friendlies Clubs,667,World,Club Friendlies 5,True,2025-07-19,600,71,Zulte Waregem,Norwich,1,1,0.0,1.0,,,,,,,,,Desconocido
Friendlies Clubs,667,World,Club Friendlies 5,True,2025-07-19,10545,2398,Šamorín,Gyirmot SE,0,2,,,,,,,,,,,Desconocido
Gaúcho - 2,478,Brazil,1st Phase - 13,True,2025-07-19,10149,10053,Real,Passo Fundo,1,3,1.0,1.0,,,,,,,,,Desconocido
Goiano - 2,1030,Brazil,Regular Season - 12,False,2025-07-19,22097,24773,Centro Oeste,Tupy FC,1,0,0.0,0.0,,,,,,,,,Desconocido
Goiano - 2,1030,Brazil,Regular Season - 12,False,2025-07-19,13127,24771,Grêmio Anápolis,Rio Verde,1,2,1.0,1.0,,,,,,,,,Desconocido
I Liga,107,Poland,Regular Season - 1,False,2025-07-19,6941,12835,Górnik Łęczna,Polonia Bytom,0,3,0.0,1.0,,,,,,,,,P. Rzucidlo
I Liga,107,Poland,Regular Season - 1,False,2025-07-19,14750,6957,Pogoń Grod. Mazowiecki,Stal Rzeszów,2,1,2.0,0.0,,,,,,,,,A. Rozycki
I Liga,107,Poland,Regular Season - 1,False,2025-07-19,3495,335,Tychy 71,Miedz Legnica,4,3,0.0,0.0,,,,,,,,,L. Karski
J1 League,98,Japan,Regular Season - 24,False,2025-07-19,292,287,FC Tokyo,Urawa,3,2,1.0,2.0,,,,,,,,,"Takafumi Mikuriya, Japan"
J1 League,98,Japan,Regular Season - 24,False,2025-07-19,284,291,Shonan Bellmare,Cerezo Osaka,3,3,2.0,1.0,,,,,,,,,"Yusuke Ohashi, Japan"
J3 League,100,Japan,Regular Season - 21,False,2025-07-19,4319,4314,Gainare Tottori,Azul Claro Numazu,4,3,2.0,1.0,,,,,,,,,Takao Ueda
J3 League,100,Japan,Regular Season - 21,False,2025-07-19,317,7129,Kamatamare Sanuki,Kochi United,1,2,1.0,0.0,,,,,,,,,Masashi Harada
J3 League,100,Japan,Regular Season - 21,False,2025-07-19,300,4326,Kanazawa,Vanraure Hachinohe,0,1,0.0,0.0,,,,,,,,,Masaki Tsuruoka
J3 League,100,Japan,Regular Season - 21,False,2025-07-19,4323,304,Parceiro Nagano,Matsumoto Yamaga,1,0,1.0,0.0,,,,,,,,,Takahito Seta
J3 League,100,Japan,Regular Season - 21,False,2025-07-19,7145,756,Tochigi City,Thespakusatsu Gunma,1,1,0.0,0.0,,,,,,,,,Tatsuya Sakai
Japan Football League,497,Japan,Regular Season - 17,False,2025-07-19,18378,7149,Criacao Shinjuku,Urayasu,0,1,0.0,0.0,,,,,,,,,Desconocido
Japan Football League,497,Japan,Regular Season - 17,False,2025-07-19,7150,16695,Veertien Mie,Porvenir Asuka,0,0,0.0,0.0,,,,,,,,,Desconocido
Japan Football League,497,Japan,Regular Season - 17,False,2025-07-19,7151,7123,Verspah Oita,Honda,2,1,0.0,1.0,,,,,,,,,Desconocido
Japan Football League,497,Japan,Regular Season - 17,False,2025-07-19,4327,10405,YSCC,Maruyasu Okazaki,2,1,0.0,1.0,,,,,,,,,Desconocido
K League 1,292,South-Korea,Regular Season - 22,False,2025-07-19,2746,2750,Gangwon FC,Daejeon Citizen,2,2,0.0,0.0,,,,,,,,,"Jong-Hyeok Kim, South Korea"
K League 1,292,South-Korea,Regular Season - 22,False,2025-07-19,2761,2748,Jeju United FC,FC Anyang,2,0,0.0,0.0,,,,,,,,,"Dae-Yong Kim, South Korea"
K League 1,292,South-Korea,Regular Season - 22,False,2025-07-19,2764,2762,Pohang Steelers,Jeonbuk Motors,2,3,2.0,0.0,,,,,,,,,"Dong Jun Lee, South Korea"
K League 2,293,South-Korea,Regular Season - 21,False,2025-07-19,7078,2758,Gimpo Citizen,Ansan Greeners,2,2,1.0,1.0,,,,,,,,,Jin-Ho Park
K League 2,293,South-Korea,Regular Season - 21,False,2025-07-19,7087,2752,Hwaseong,Busan I Park,1,0,0.0,0.0,,,,,,,,,Hyeon-Jeong Oh
K League 2,293,South-Korea,Regular Season - 21,False,2025-07-19,2760,2765,Jeonnam Dragons,Suwon Bluewings,3,4,0.0,2.0,,,,,,,,,Dong-Sik Jeong
K League 2,293,South-Korea,Regular Season - 21,False,2025-07-19,2749,2757,Seoul E-Land FC,Seongnam FC,0,1,0.0,1.0,,,,,,,,,Hyun-Jin Oh
K3 League,295,South-Korea,Regular Season - 18,False,2025-07-19,7056,7083,Busan Transportation,Gyeongju HNP,2,1,1.0,0.0,,,,,,,,,Tae-Hoon Lee
K3 League,295,South-Korea,Regular Season - 18,False,2025-07-19,25717,7098,Jeonbuk Motors II,Paju Citizen,1,1,0.0,1.0,,,,,,,,,Jung-Soo Lim
K3 League,295,South-Korea,Regular Season - 18,False,2025-07-19,7111,7064,Yangpyeong,Chuncheon,2,1,2.0,1.0,,,,,,,,,Joong-Dong Kim
Kakkonen - Lohko A,247,Finland,Group A - 14,False,2025-07-19,1169,18503,Honka,HaPK Edustus,5,0,0.0,0.0,,,,,,,,,Einari Sario
Kakkonen - Lohko A,247,Finland,Group A - 14,False,2025-07-19,9179,9178,Reipas,PEPO,1,2,1.0,1.0,,,,,,,,,Turo Veini
Kakkonen - Lohko A,247,Finland,Group A - 14,False,2025-07-19,9201,18596,Vaajakoski,PuiU Helsinki,1,2,0.0,0.0,,,,,,,,,Akseli Ropponen
Kakkonen - Lohko B,248,Finland,Group B - 14,False,2025-07-19,9209,18485,HJS Akatemia,Atlantis II,2,1,1.0,0.0,,,,,,,,,Abdirahman Sugulle
Kakkonen - Lohko B,248,Finland,Group B - 14,False,2025-07-19,9174,9177,Kiffen,NJS,1,1,1.0,0.0,,,,,,,,,Niko Jokinen
Kakkonen - Lohko C,249,Finland,Group C - 14,False,2025-07-19,6073,18609,JS Hercules,SJK-juniorit,0,6,0.0,1.0,,,,,,,,,Pietu Niinimäki
Kakkonen - Lohko C,249,Finland,Group C - 14,False,2025-07-19,9199,9213,VIFK,Kraft,0,2,0.0,1.0,,,,,,,,,Jere Holappa
Kansallinen Liiga,640,Finland,Regular Season - 11,False,2025-07-19,13993,13995,PK-35 Helsinki W,Åland United W,0,2,0.0,1.0,,,,,,,,,Suvi Tulonen
League 1 Ontario,923,Canada,Regular Season - 9,False,2025-07-19,19102,19105,FC London,North Toronto Nitros,5,3,2.0,2.0,,,,,,,,,Desconocido
League 1 Ontario,923,Canada,Regular Season - 9,False,2025-07-19,19108,19099,Scrosoppi,Burlington,2,0,1.0,0.0,,,,,,,,,Desconocido
League 1 Ontario,923,Canada,Regular Season - 9,False,2025-07-19,19109,19114,Sigma,Woodbridge Strikers,0,1,0.0,1.0,,,,,,,,,Desconocido
League Cup,185,Scotland,Group Stage - 3,False,2025-07-19,1391,253,Alloa Athletic,Dundee,1,0,0.0,0.0,,,,,,,,,Don Robertson
League Cup,738,Wales,1st Round,True,2025-07-19,2188,20016,Ammanford AFC,Cardiff City U21,0,0,0.0,0.0,,,,,,,,,Desconocido
League Cup,185,Scotland,Group Stage - 3,False,2025-07-19,1387,4249,Ayr Utd,Arbroath,4,0,1.0,0.0,,,,,,,,,Greg Soutar
League Cup,738,Wales,1st Round,True,2025-07-19,2202,11309,Cambrian & Clydach,Treowen Stars,2,2,0.0,0.0,,,,,,,,,Desconocido
League Cup,738,Wales,1st Round,True,2025-07-19,359,11912,Carmarthen Town,Swansea City U21,1,4,1.0,1.0,,,,,,,,,Desconocido
League Cup,185,Scotland,Group Stage - 3,False,2025-07-19,6763,1389,Cove Rangers,Falkirk,0,0,0.0,0.0,,,,,,,,,Grant Irvine
League Cup,185,Scotland,Group Stage - 3,False,2025-07-19,1382,1388,Dumbarton,Dunfermline,0,4,0.0,2.0,,,,,,,,,George Calder
League Cup,185,Scotland,Group Stage - 3,False,2025-07-19,6766,6785,Edinburgh City,Stranraer,0,0,0.0,0.0,,,,,,,,,Joel Kennedy
League Cup,185,Scotland,Group Stage - 3,False,2025-07-19,6767,6765,Elgin City,East Kilbride,1,4,1.0,2.0,,,,,,,,,J. Hay
League Cup,738,Wales,1st Round,True,2025-07-19,5615,6443,Gresford Athletic,Brickfield Rangers,3,0,0.0,0.0,,,,,,,,,Desconocido
League Cup,185,Scotland,Group Stage - 3,False,2025-07-19,903,258,Inverness CT,ST Johnstone,0,1,0.0,0.0,,,,,,,,,Graham Grainger
League Cup,185,Scotland,Group Stage - 3,False,2025-07-19,6773,6764,Kelty Hearts,East Fife,0,1,0.0,0.0,,,,,,,,,Euan Henderson
League Cup,185,Scotland,Group Stage - 3,False,2025-07-19,255,6760,Livingston,Brora Rangers,2,0,1.0,0.0,,,,,,,,,Daniel Graves
League Cup,738,Wales,1st Round,True,2025-07-19,2196,2200,Llantwit Major,Afan Lido,1,2,1.0,2.0,,,,,,,,,Desconocido
League Cup,185,Scotland,Group Stage - 3,False,2025-07-19,4251,7431,Montrose,Bonnyrigg Rose Athletic,4,1,0.0,1.0,,,,,,,,,Stewart Luke
League Cup,185,Scotland,Group Stage - 3,False,2025-07-19,6777,6762,Peterhead,Clyde,1,2,0.0,0.0,,,,,,,,,Gary Hanvidge
League Cup,185,Scotland,Group Stage - 3,False,2025-07-19,1384,902,Queen of the South,Ross County,0,1,0.0,0.0,,,,,,,,,Peter Stuart
League Cup,185,Scotland,Group Stage - 3,False,2025-07-19,251,6757,ST Mirren,Annan Athletic,8,2,3.0,1.0,,,,,,,,,Ross Hardie
League Cup,185,Scotland,Group Stage - 3,False,2025-07-19,6781,1390,Spartans,Brechin,2,0,1.0,0.0,,,,,,,,,Connor Ashwood
League Cup,185,Scotland,Group Stage - 3,False,2025-07-19,6784,256,Stenhousemuir,Motherwell,0,1,0.0,1.0,,,,,,,,,Lloyd Wilson
League Cup,185,Scotland,Group Stage - 3,False,2025-07-19,4669,254,Stirling Albion,Heart Of Midlothian,0,4,0.0,3.0,,,,,,,,,Dan McFarlane
League Cup,738,Wales,1st Round,True,2025-07-19,5623,6445,Y Rhyl 1879,Caersws,2,1,0.0,0.0,,,,,,,,,Desconocido
League Cup,738,Wales,1st Round,True,2025-07-19,7601,7586,Ynyshir Albions,Cardiff Draconians,4,1,2.0,0.0,,,,,,,,,Desconocido
League One,170,China,Regular Season - 17,False,2025-07-19,17264,2626,Hebei Kungfu,Nantong Zhiyun,3,1,0.0,0.0,,,,,,,,,Xiang Guo
League One,170,China,Regular Season - 17,False,2025-07-19,5684,21262,Shenyang Urban,Chongqing Tongliang Long,4,2,4.0,1.0,,,,,,,,,Xing Xiong
League One,170,China,Regular Season - 17,False,2025-07-19,5688,17263,Suzhou Dongwu,Dongguan United,0,1,0.0,0.0,,,,,,,,,Zhaojun Qiu
League One,170,China,Regular Season - 17,False,2025-07-19,17271,5679,Yanbian Longding,Qingdao Red Lions,1,0,1.0,0.0,,,,,,,,,Teng Ma
League Two,929,China,Regular Season - 20,False,2025-07-19,21264,25779,Guangxi Lanhang,Shenzhen 2028,0,2,0.0,0.0,,,,,,,,,Junwei Zhang
League Two,929,China,Regular Season - 20,False,2025-07-19,23289,23288,Shanghai Port II,Shandong Taishan II,2,0,1.0,0.0,,,,,,,,,Changqi Gao
League Two,929,China,Regular Season - 20,False,2025-07-19,19320,25773,Shangyu Pterosaur,Guangdong Mingtu,2,2,1.0,2.0,,,,,,,,,Xiao Zhou
League Two,929,China,Regular Season - 20,False,2025-07-19,19321,23270,Tai'an Tiankuang,Langfang Glory City,1,1,1.0,0.0,,,,,,,,,Liangbin Huang
League Two,929,China,Regular Season - 20,False,2025-07-19,25840,19317,Wuhan Three Towns II,Hainan Star,1,0,0.0,0.0,,,,,,,,,Shiwei Yuan
League Two,929,China,Regular Season - 20,False,2025-07-19,17269,23132,Wuxi Wugou,Changchun Xidu,0,0,0.0,0.0,,,,,,,,,Shizhi Tang
League Two,929,China,Regular Season - 20,False,2025-07-19,17272,23268,Yichun Grand Tiger,Guangxi Hengchen,0,1,0.0,1.0,,,,,,,,,Peng Qin
Liga I,283,Romania,Regular Season - 2,False,2025-07-19,2598,559,Petrolul Ploiesti,FCSB,0,1,0.0,0.0,,,,,,,,,S. Coltescu
Liga I,283,Romania,Regular Season - 2,False,2025-07-19,2599,2589,Universitatea Cluj,Uta Arad,1,1,0.0,1.0,,,,,,,,,A. Cojocaru
Liga MX,262,Mexico,Apertura - 2,True,2025-07-19,2283,2295,Atlas,Cruz Azul,3,3,2.0,0.0,,,,,,,,,"Luis Santander, Mexico"
Liga MX,262,Mexico,Apertura - 2,True,2025-07-19,2289,2278,Leon,Guadalajara Chivas,1,0,0.0,0.0,,,,,,,,,"Adonai Escobedo Gonzalez, Mexico"
Liga MX,262,Mexico,Apertura - 2,True,2025-07-19,2279,2298,Tigres UANL,FC Juarez,1,0,0.0,0.0,,,,,,,,,"Ivan Antonio Lopez Sanchez, Mexico"
Liga MX Femenil,673,Mexico,Apertura - 2,True,2025-07-19,14875,14873,Cruz Azul W,Atlas W,4,0,2.0,0.0,,,,,,,,,Desconocido
Liga MX Femenil,673,Mexico,Apertura - 2,True,2025-07-19,14878,14877,Mazatlán W,León W,1,3,0.0,3.0,,,,,,,,,Desconocido
Liga MX Femenil,673,Mexico,Apertura - 2,True,2025-07-19,14885,14883,Toluca W,Santos Laguna W,1,0,1.0,0.0,,,,,,,,,Desconocido
Liga MX U21,1200,Mexico,Apertura - 2,True,2025-07-19,26828,26832,Atlas U21,Cruz Azul U21,2,2,2.0,1.0,,,,,,,,,Desconocido
Liga MX U21,1200,Mexico,Apertura - 2,True,2025-07-19,26830,26833,Club Leon U21,Guadalajara Chivas U21,1,2,0.0,2.0,,,,,,,,,Desconocido
Liga MX U21,1200,Mexico,Apertura - 2,True,2025-07-19,26842,26834,Tigres UANL U21,Juarez U21,1,0,1.0,0.0,,,,,,,,,Desconocido
Liga Nacional,339,Guatemala,Apertura - 1,True,2025-07-19,3656,3643,Antigua GFC,Marquense,3,0,1.0,0.0,,,,,,,,,Desconocido
Liga Nacional,339,Guatemala,Apertura - 1,True,2025-07-19,3657,3645,Cobán Imperial,Mixco,0,1,0.0,1.0,,,,,,,,,Desconocido
Liga Nacional,339,Guatemala,Apertura - 1,True,2025-07-19,3664,3667,Malacateco,Xelajú,0,1,0.0,0.0,,,,,,,,,Desconocido
Liga Panameña de Fútbol,304,Panama,Clausura - 1,True,2025-07-19,2882,2883,CD Arabe Unido,Plaza Amador,1,4,0.0,1.0,,,,,,,,,Oliver Amet Vergara Rodriguez
Liga Panameña de Fútbol,304,Panama,Clausura - 1,True,2025-07-19,2888,2890,Deportivo Universitario,Independiente de La Chorrera,3,2,3.0,2.0,,,,,,,,,Jeremy Phillips
Liga Pro,242,Ecuador,Regular Season - 21,False,2025-07-19,1149,1152,Delfin SC,Barcelona SC,0,1,0.0,0.0,,,,,,,,,"Guillermo Enrique Guerrero Alcivar, Ecuador"
Liga Pro,242,Ecuador,Regular Season - 21,False,2025-07-19,1992,1150,Orense SC,El Nacional,1,1,0.0,0.0,,,,,,,,,"Franklin Andres Congo Viteri, Ecuador"
Liga Pro,242,Ecuador,Regular Season - 21,False,2025-07-19,1157,21103,Universidad Catolica,Cuniburo,3,0,1.0,0.0,,,,,,,,,"Kleber Aroca, Ecuador"
Liga Profesional Argentina,128,Argentina,2nd Phase - 2,True,2025-07-19,439,474,Godoy Cruz,Sarmiento Junin,0,0,0.0,0.0,,,,,,,,,"Bryan Ferreyra,"
Liga Profesional Argentina,128,Argentina,2nd Phase - 2,True,2025-07-19,478,435,Instituto Cordoba,River Plate,0,4,0.0,2.0,,,,,,,,,"Luis Lobo Medina, Argentina"
Liga Profesional Argentina,128,Argentina,2nd Phase - 2,True,2025-07-19,446,437,Lanus,Rosario Central,0,1,0.0,0.0,,,,,,,,,"Andres Merlos, Argentina"
Liga Profesional Argentina,128,Argentina,2nd Phase - 2,True,2025-07-19,1064,438,Platense,Velez Sarsfield,0,0,0.0,0.0,,,,,,,,,"Hernan Mastrangelo, Argentina"
Liga Profesional Argentina,128,Argentina,2nd Phase - 2,True,2025-07-19,460,434,San Lorenzo,Gimnasia L.P.,0,0,0.0,0.0,,,,,,,,,"Nicolas Lamolina, Argentina"
MLS Next Pro,909,USA,Regular Season - 25,False,2025-07-19,23063,3986,Carolina Core,Atlanta United II,1,1,1.0,0.0,,,,,,,,,Gary Gutiérrez
MLS Next Pro,909,USA,Regular Season - 25,False,2025-07-19,9073,10280,Chattanooga,Inter Miami II,2,2,1.0,1.0,,,,,,,,,Arman Becan
MLS Next Pro,909,USA,Regular Season - 25,False,2025-07-19,21139,3988,Crown Legacy,Philadelphia Union II,0,4,0.0,2.0,,,,,,,,,Carlos Rodriguez
Major League Soccer,253,USA,Regular Season - 24,False,2025-07-19,1608,18310,Atlanta United FC,Charlotte,2,3,1.0,0.0,,,,,,,,,"Allen Chapman, USA"
Major League Soccer,253,USA,Regular Season - 24,False,2025-07-19,1614,1607,CF Montreal,Chicago Fire,0,2,0.0,1.0,,,,,,,,,"Jon Freemon, USA"
Major League Soccer,253,USA,Regular Season - 24,False,2025-07-19,1613,1615,Columbus Crew,DC United,2,1,1.0,0.0,,,,,,,,,"Katja Koroleva, USA"
Major League Soccer,253,USA,Regular Season - 24,False,2025-07-19,1597,20787,FC Dallas,St. Louis City,3,0,1.0,0.0,,,,,,,,,"Marcos de Oliveira, USA"
Major League Soccer,253,USA,Regular Season - 24,False,2025-07-19,1600,1599,Houston Dynamo,Philadelphia Union,1,1,1.0,1.0,,,,,,,,,"Rosendo Mendoza, USA"
Major League Soccer,253,USA,Regular Season - 24,False,2025-07-19,1616,1605,Los Angeles FC,Los Angeles Galaxy,3,3,2.0,1.0,,,,,,,,,"Guido Gonzales Jr, USA"
Major League Soccer,253,USA,Regular Season - 24,False,2025-07-19,9569,1601,Nashville SC,Toronto FC,1,0,1.0,0.0,,,,,,,,,"Sergiy Boyko, Ukraine"
Major League Soccer,253,USA,Regular Season - 24,False,2025-07-19,1609,1598,New England Revolution,Orlando City SC,1,2,0.0,1.0,,,,,,,,,"Lukasz Szpala, USA"
Major League Soccer,253,USA,Regular Season - 24,False,2025-07-19,1602,9568,New York Red Bulls,Inter Miami,1,5,1.0,3.0,,,,,,,,,"Victor Rivas, USA"
Major League Soccer,253,USA,Regular Season - 24,False,2025-07-19,1617,1612,Portland Timbers,Minnesota United FC,1,1,0.0,0.0,,,,,,,,,"Ricardo Fierro, USA"
Major League Soccer,253,USA,Regular Season - 24,False,2025-07-19,1606,2242,Real Salt Lake,FC Cincinnati,0,1,0.0,0.0,,,,,,,,,"Lorenzo Hernandez, USA"
Major League Soccer,253,USA,Regular Season - 24,False,2025-07-19,25484,1603,San Diego,Vancouver Whitecaps,1,1,0.0,1.0,,,,,,,,,"Alexis Da Silva, USA"
Major League Soccer,253,USA,Regular Season - 24,False,2025-07-19,1595,1596,Seattle Sounders,San Jose Earthquakes,3,2,1.0,1.0,,,,,,,,,"Drew Fischer, Canada"
Major League Soccer,253,USA,Regular Season - 24,False,2025-07-19,1611,1604,Sporting Kansas City,New York City FC,1,1,0.0,1.0,,,,,,,,,"Tim Ford, USA"
Matogrossense 2,1096,Brazil,Semi-Finals,True,2025-07-19,20716,26048,Cacerense,Chapada,0,2,0.0,1.0,,,,,,,,,Desconocido
Matogrossense 2,1096,Brazil,Semi-Finals,True,2025-07-19,26049,10688,Sorriso,Operário MT,1,0,0.0,0.0,,,,,,,,,Desconocido
Meistriliiga,329,Estonia,Regular Season - 36,False,2025-07-19,2273,18657,FC Levadia Tallinn,Laagri,3,0,2.0,0.0,,,,,,,,,Kristo Külljastinen
Mineiro - 2,619,Brazil,2nd Phase - 5,True,2025-07-19,13082,13086,Mamoré,Betim,0,0,0.0,0.0,,,,,,,,,Desconocido
Mineiro - 2,619,Brazil,2nd Phase - 5,True,2025-07-19,21166,7824,North Esporte,CAP,2,1,0.0,0.0,,,,,,,,,Desconocido
Mineiro U20,1107,Brazil,1st Phase - 9,True,2025-07-19,12981,25889,América Mineiro U20,Itabirito U20,2,0,1.0,0.0,,,,,,,,,Desconocido
Mineiro U20,1107,Brazil,1st Phase - 9,True,2025-07-19,12952,13000,Atlético Mineiro U20,Cruzeiro U20,1,1,0.0,0.0,,,,,,,,,Desconocido
Mineiro U20,1107,Brazil,1st Phase - 9,True,2025-07-19,23644,25892,Betim U20,Villa Real U20,1,0,0.0,0.0,,,,,,,,,Desconocido
Mineiro U20,1107,Brazil,1st Phase - 9,True,2025-07-19,20758,23646,Inter de Minas U20,Contagem U20,1,0,0.0,0.0,,,,,,,,,Desconocido
Mineiro U20,1107,Brazil,1st Phase - 9,True,2025-07-19,23652,22833,XV de Novembro U20,Coimbra U20,0,2,0.0,2.0,,,,,,,,,Desconocido
NNSW League 1,1090,Australia,Regular Season - 16,False,2025-07-19,25461,23502,Dudley Redhead United,Kahibah,1,4,0.0,1.0,,,,,,,,,Desconocido
NNSW League 1,1090,Australia,Regular Season - 16,False,2025-07-19,23503,10206,Singleton Strikers,Lake Macquarie,2,0,2.0,0.0,,,,,,,,,Desconocido
NNSW League 1,1090,Australia,Regular Season - 16,False,2025-07-19,23504,11194,Thornton Redbacks,South Cardiff,3,3,2.0,2.0,,,,,,,,,Desconocido
NNSW League 1,1090,Australia,Regular Season - 16,False,2025-07-19,23505,23501,Toronto Awaba Stags,Cessnock City Hornets,1,2,1.0,1.0,,,,,,,,,Desconocido
National Football League,376,Fiji,Regular Season - 13,False,2025-07-19,4385,4392,Nadi,Nadroga,1,1,1.0,0.0,,,,,,,,,Desconocido
National Football League,376,Fiji,Regular Season - 13,False,2025-07-19,10078,4387,Navua,Rewa,1,1,0.0,1.0,,,,,,,,,Desconocido
National League - Central,954,New-Zealand,Central League - 14,True,2025-07-19,20642,23211,Napier City Rovers,Island Bay United,4,1,0.0,1.0,,,,,,,,,Desconocido
National League - Northern,956,New-Zealand,Northern League - 17,True,2025-07-19,24253,21124,Fencibles United,West Coast Rangers,1,1,1.0,0.0,,,,,,,,,Desconocido
National League - Southern,957,New-Zealand,Southern League - 13,True,2025-07-19,20665,20661,Nelson Suburbs,Dunedin City Royals,1,1,0.0,1.0,,,,,,,,,Desconocido
New South Wales NPL,192,Australia,Regular Season - 24,False,2025-07-19,16775,3770,NWS Spirit,Rockdale City Suns,6,3,4.0,0.0,,,,,,,,,Desconocido
New South Wales NPL,192,Australia,Regular Season - 24,False,2025-07-19,16778,3768,St George City FA,Marconi Stallions,2,1,0.0,1.0,,,,,,,,,Desconocido
New South Wales NPL,192,Australia,Regular Season - 24,False,2025-07-19,3771,3765,Sutherland Sharks,Blacktown City,1,2,0.0,2.0,,,,,,,,,Desconocido
New South Wales NPL,192,Australia,Regular Season - 24,False,2025-07-19,3777,3767,Wollongong Wolves,Manly United,2,0,0.0,0.0,,,,,,,,,Desconocido
New South Wales NPL 2,835,Australia,Regular Season - 24,False,2025-07-19,20790,20791,Bankstown City Lions,Canterbury Bankstown,1,1,1.0,0.0,,,,,,,,,Desconocido
New South Wales NPL 2,835,Australia,Regular Season - 24,False,2025-07-19,12740,20798,Bonnyrigg White Eagles,Bulls Academy,0,0,0.0,0.0,,,,,,,,,Desconocido
New South Wales NPL 2,835,Australia,Regular Season - 24,False,2025-07-19,20793,20796,Dulwich Hill,Macarthur Rams,1,0,0.0,0.0,,,,,,,,,Desconocido
New South Wales NPL 2,835,Australia,Regular Season - 24,False,2025-07-19,3766,20795,Hakoah Sydney City,Inter Lions,1,1,0.0,0.0,,,,,,,,,Desconocido
New South Wales NPL 2,835,Australia,Regular Season - 24,False,2025-07-19,16774,11187,Mounties Wanderers,Newcastle Jets II,1,4,0.0,1.0,,,,,,,,,Desconocido
New South Wales NPL 2,835,Australia,Regular Season - 24,False,2025-07-19,20797,16773,Rydalmere Lions,Hills Brumbies,2,0,1.0,0.0,,,,,,,,,Desconocido
New South Wales NPL 2,835,Australia,Regular Season - 24,False,2025-07-19,16777,16776,SD Raiders,Northern Tigers,2,1,2.0,0.0,,,,,,,,,Desconocido
New South Wales NPL 2,835,Australia,Regular Season - 24,False,2025-07-19,22854,16771,UNSW,Blacktown Spartans,3,0,2.0,0.0,,,,,,,,,Desconocido
Northern NSW NPL,481,Australia,Regular Season - 20,False,2025-07-19,23500,20789,Belmont Swansea,New Lambton,0,0,0.0,0.0,,,,,,,,,Desconocido
Northern NSW NPL,481,Australia,Regular Season - 20,False,2025-07-19,10203,18313,Charlestown City Blues,Cooks Hill United,1,2,0.0,0.0,,,,,,,,,Desconocido
Northern NSW NPL,481,Australia,Regular Season - 20,False,2025-07-19,10207,10209,Lambton Jaffas,Valentine,7,0,4.0,0.0,,,,,,,,,Desconocido
Northern Super League,1182,Canada,Regular Season - 4,False,2025-07-19,25897,25900,Calgary Wild W,Ottawa Rapid W,0,3,0.0,2.0,,,,,,,,,Desconocido
Northern Super League,1182,Canada,Regular Season - 4,False,2025-07-19,25898,25901,Halifax Tides W,Vancouver Rise W,0,6,0.0,3.0,,,,,,,,,Desconocido
Northern Territory Premier League,193,Australia,Regular Season - 15,False,2025-07-19,3779,3778,Darwin Olympic,Casuarina,2,0,1.0,0.0,,,,,,,,,Desconocido
Northern Territory Premier League,193,Australia,Regular Season - 15,False,2025-07-19,3781,3780,Mindil Aces,Hellenic Athletic,0,2,0.0,2.0,,,,,,,,,Desconocido
Oberliga - Bayern Nord,938,Germany,Bayern Nord - 1,True,2025-07-19,19761,12798,Cham,Jahn Regensburg II,2,1,2.0,1.0,,,,,,,,,Desconocido
Oberliga - Bayern Nord,938,Germany,Bayern Nord - 1,True,2025-07-19,12792,19760,Ingolstadt II,Weiden,0,3,0.0,2.0,,,,,,,,,Desconocido
Oberliga - Bayern Nord,938,Germany,Bayern Nord - 1,True,2025-07-19,12898,12737,Würzburger FV,Bayern Hof,1,1,1.0,1.0,,,,,,,,,Desconocido
Oberliga - Bayern Süd,939,Germany,Bayern Süd - 1,True,2025-07-19,12751,12882,Deisenhofen,Türkspor Augsburg,2,0,2.0,0.0,,,,,,,,,Desconocido
Oberliga - Bayern Süd,939,Germany,Bayern Süd - 1,True,2025-07-19,19234,14793,Gundelfingen,Sturm Hauzenberg,3,0,0.0,0.0,,,,,,,,,Desconocido
Oberliga - Bayern Süd,939,Germany,Bayern Süd - 1,True,2025-07-19,9329,14512,Heimstetten,Nordlingen,3,3,1.0,3.0,,,,,,,,,Desconocido
Oberliga - Bayern Süd,939,Germany,Bayern Süd - 1,True,2025-07-19,26068,12796,TuS Geretsried,Ismaning,1,1,0.0,0.0,,,,,,,,,Desconocido
Paranaense - 2,614,Brazil,Final,True,2025-07-19,18745,2212,Aruko Sports,Foz Do Iguacu,3,1,2.0,0.0,,,,,,,,,Desconocido
Paulista - U20,1086,Brazil,1st Phase - 12,True,2025-07-19,12987,13078,Botafogo SP U20,Água Santa U20,5,1,1.0,1.0,,,,,,,,,Desconocido
Paulista - U20,1086,Brazil,1st Phase - 12,True,2025-07-19,12968,26009,Palmeiras U20,Araçatuba U20,7,0,3.0,0.0,,,,,,,,,Desconocido
Paulista - U20,1086,Brazil,1st Phase - 12,True,2025-07-19,13054,18345,Santo André U20,RB Bragantino U20,1,5,0.0,2.0,,,,,,,,,Desconocido
Paulista - U20,1086,Brazil,1st Phase - 12,True,2025-07-19,13055,13014,Santos U20,Inter Limeira U20,2,1,2.0,1.0,,,,,,,,,Desconocido
Paulista - U20,1086,Brazil,1st Phase - 12,True,2025-07-19,13057,13016,Sertãozinho U20,Ituano U20,1,0,0.0,0.0,,,,,,,,,Desconocido
Paulista - U20,1086,Brazil,1st Phase - 12,True,2025-07-19,12973,13003,São Paulo U20,Desportivo Brasil U20,4,3,2.0,1.0,,,,,,,,,Desconocido
Paulista - U20,1086,Brazil,1st Phase - 12,True,2025-07-19,13064,13044,Taubaté U20,Ponte Preta U20,0,2,0.0,2.0,,,,,,,,,Desconocido
Paulista - U20,1086,Brazil,1st Phase - 12,True,2025-07-19,13076,13012,XV de Jaú U20,Guarani U20,1,2,0.0,2.0,,,,,,,,,Desconocido
Paulista - U20,1086,Brazil,1st Phase - 12,True,2025-07-19,13077,23466,XV de Piracicaba U20,Bandeirante U20,2,1,1.0,1.0,,,,,,,,,Desconocido
Paulista Série B,1098,Brazil,2nd Phase - 4,True,2025-07-19,23573,25771,ECUS,Guarulhos,4,1,4.0,0.0,,,,,,,,,Desconocido
Paulista Série B,1098,Brazil,2nd Phase - 4,True,2025-07-19,22948,25770,Independente SP,Assisense,3,2,2.0,2.0,,,,,,,,,Desconocido
Paulista Série B,1098,Brazil,2nd Phase - 4,True,2025-07-19,23578,10029,Maua,Batatais,1,0,1.0,0.0,,,,,,,,,Desconocido
Paulista Série B,1098,Brazil,2nd Phase - 4,True,2025-07-19,23581,23579,Tanabi,Mauaense,0,0,0.0,0.0,,,,,,,,,Desconocido
Premier Division,1080,Grenada,Regular Season - 14,False,2025-07-19,23365,23367,Camerhogne,Hard Rock,4,2,3.0,1.0,,,,,,,,,Desconocido
Premier Division,1080,Grenada,Regular Season - 14,False,2025-07-19,26062,23368,North Stars,Hurricanes,0,1,0.0,1.0,,,,,,,,,Desconocido
Premier Division,1080,Grenada,Regular Season - 14,False,2025-07-19,23374,26063,Queens Park Rangers,St. David’s,0,3,0.0,3.0,,,,,,,,,Desconocido
Premier League,235,Russia,Regular Season - 1,False,2025-07-19,6786,1079,Akron,Krylia Sovetov,1,1,1.0,0.0,,,,,,,,,"Ranel Ziyakov, Russia"
Premier League,764,Mongolia,Regular Season - 27,False,2025-07-19,22067,22066,Central Stallions,Bayanzürkh Sporting,4,1,2.0,0.0,,,,,,,,,Desconocido
Premier League,389,Kazakhstan,Regular Season - 17,False,2025-07-19,664,4562,Kairat Almaty,Kaisar,1,1,1.0,0.0,,,,,,,,,Danil Gorda
Premier League,764,Mongolia,Regular Season - 27,False,2025-07-19,17273,24722,Khoromkhon,Hunters,4,2,2.0,0.0,,,,,,,,,Desconocido
Premier League,235,Russia,Regular Season - 1,False,2025-07-19,597,2012,Lokomotiv,FC Sochi,3,0,0.0,0.0,,,,,,,,,"Evgeniy Bulanov, Russia"
Premier League,389,Kazakhstan,Regular Season - 17,False,2025-07-19,4558,21010,Okzhetpes,Ulytau,1,0,1.0,0.0,,,,,,,,,Denis Tevyashov
Premier League,1031,Bhutan,Regular Season,False,2025-07-19,9426,5593,Paro,Transport United,2,0,1.0,0.0,,,,,,,,,Desconocido
Premier League,390,Lebanon,Championship Round - 15,True,2025-07-19,4573,4569,Safa,Al Ansar,2,1,1.0,0.0,,,,,,,,,Ahmad Alaa Al Deen
Premier League,235,Russia,Regular Season - 1,False,2025-07-19,558,6813,Spartak Moscow,Dinamo Makhachkala,1,0,1.0,0.0,,,,,,,,,"Vasiliy Kazartsev, Russia"
Premier League,389,Kazakhstan,Regular Season - 17,False,2025-07-19,21011,16611,Yelimay Semey,Zhenys,1,2,1.0,0.0,,,,,,,,,Sergey Nozhenko
Premier Soccer League,401,Zimbabwe,Regular Season - 21,False,2025-07-19,5218,5231,CAPS United,TelOne,0,0,0.0,0.0,,,,,,,,,Desconocido
Premier Soccer League,401,Zimbabwe,Regular Season - 21,False,2025-07-19,5220,5226,Chicken Inn,Kariba,1,0,0.0,0.0,,,,,,,,,Desconocido
Premier Soccer League,401,Zimbabwe,Regular Season - 21,False,2025-07-19,21053,23287,Green Fuel,Bikita Minerals,2,0,2.0,0.0,,,,,,,,,Desconocido
Premier Soccer League,401,Zimbabwe,Regular Season - 21,False,2025-07-19,25733,5233,Kwekwe United,Yadah,0,1,0.0,1.0,,,,,,,,,Desconocido
Premier Soccer League,401,Zimbabwe,Regular Season - 21,False,2025-07-19,25734,5230,MWOS,Platinum,0,2,0.0,1.0,,,,,,,,,Desconocido
Premier Soccer League,401,Zimbabwe,Regular Season - 21,False,2025-07-19,5227,5223,Manica Diamonds,Herentals,0,1,0.0,0.0,,,,,,,,,Desconocido
Premier Soccer League,401,Zimbabwe,Regular Season - 21,False,2025-07-19,21055,5221,Simba Bhora,Dynamos,1,0,0.0,0.0,,,,,,,,,Desconocido
Premier Soccer League,401,Zimbabwe,Regular Season - 21,False,2025-07-19,5232,5229,Triangle United,Ngezi Platinum,1,1,0.0,0.0,,,,,,,,,Desconocido
Primeira Divisão,969,Macao,Relegation Round - 8,True,2025-07-19,21196,21197,Hang Sai,Lun Lok,12,0,8.0,0.0,,,,,,,,,Desconocido
Primeira Divisão,969,Macao,Relegation Round - 8,True,2025-07-19,23061,21198,Jia Hua,Sporting Macau,3,3,2.0,0.0,,,,,,,,,Desconocido
Primera A,239,Colombia,Clausura - 2,True,2025-07-19,1141,1462,Alianza Valledupar,Deportivo Pereira,1,0,1.0,0.0,,,,,,,,,"Diego Ulloa Angulo, Colombia"
Primera A,239,Colombia,Clausura - 2,True,2025-07-19,1137,1134,Atletico Nacional,Internacional de Bogota,3,1,2.0,0.0,,,,,,,,,"Bismark Elias Santiago Pitalua, Colombia"
Primera A,239,Colombia,Clausura - 2,True,2025-07-19,1132,1128,Chico,Independiente Medellin,2,0,0.0,0.0,,,,,,,,,"Luis Delgado Hurtado,"
Primera A,239,Colombia,Clausura - 2,True,2025-07-19,1144,1135,Águilas Doradas,Junior,2,3,1.0,0.0,,,,,,,,,"Jairo Londono, Colombia"
Primera B,266,Chile,Regular Season - 17,False,2025-07-19,2332,2345,Cobreloa,San Marcos de Arica,2,0,1.0,0.0,,,,,,,,,Rodrigo Carvajal
Primera B,266,Chile,Regular Season - 17,False,2025-07-19,5635,2327,Concepción,Antofagasta,0,0,0.0,0.0,,,,,,,,,Gustavo Ahumada
Primera B,266,Chile,Regular Season - 17,False,2025-07-19,2346,5644,Deportes Santa Cruz,Recoleta,0,0,0.0,0.0,,,,,,,,,Rodrigo Rivera
Primera B,240,Colombia,Clausura - 2,True,2025-07-19,1143,1469,Leones FC,Orsomarso,0,1,0.0,1.0,,,,,,,,,Gustavo Enrique Cortes Monterroza
Primera B,240,Colombia,Clausura - 2,True,2025-07-19,1461,1460,Quindio,Popayan,2,2,2.0,2.0,,,,,,,,,Ariel David Quintana Hernández
Primera B,240,Colombia,Clausura - 2,True,2025-07-19,1463,1466,Real Santander,Barranquilla,2,0,1.0,0.0,,,,,,,,,Andrés Banguera
Primera B Metropolitana,131,Argentina,Clausura - 5,True,2025-07-19,2427,8008,Deportivo Armenio,Comunicaciones,3,0,2.0,0.0,,,,,,,,,Juan Cruz Robledo
Primera B Metropolitana,131,Argentina,Clausura - 5,True,2025-07-19,8383,8374,Deportivo Merlo,Fénix,0,1,0.0,0.0,,,,,,,,,Manuel Girett
Primera B Metropolitana,131,Argentina,Clausura - 5,True,2025-07-19,2422,8376,Real Pilar,Argentino Quilmes,1,0,0.0,0.0,,,,,,,,,Fernando Ariel Cruz
Primera B Metropolitana,131,Argentina,Clausura - 5,True,2025-07-19,8387,8395,San Martín Burzaco,Liniers,0,0,0.0,0.0,,,,,,,,,Gabriel Andrés Gutiérrez
Primera B Metropolitana,131,Argentina,Clausura - 5,True,2025-07-19,8388,468,Sportivo Italiano,Brown DE Adrogue,4,0,1.0,0.0,,,,,,,,,Ignacio Agustin Cuicchi
Primera B Metropolitana,131,Argentina,Clausura - 5,True,2025-07-19,1956,2430,UAI Urquiza,Argentino de Merlo,0,0,0.0,0.0,,,,,,,,,Maximiliano Lopez
Primera B Metropolitana,131,Argentina,Clausura - 5,True,2025-07-19,8380,481,Villa San Carlos,Villa Dalmine,2,2,1.0,0.0,,,,,,,,,Julián Jerez
Primera C,132,Argentina,Regular Season - 18,False,2025-07-19,8389,1955,Argentino Rosario,General Lamadrid,2,2,1.0,2.0,,,,,,,,,Desconocido
Primera C,132,Argentina,Regular Season - 18,False,2025-07-19,1947,1967,Canuelas,Central Ballester,0,0,0.0,0.0,,,,,,,,,Desconocido
Primera C,132,Argentina,Regular Season - 18,False,2025-07-19,3943,8390,Deportivo Camioneros,Centro Español,1,0,0.0,0.0,,,,,,,,,Desconocido
Primera C,132,Argentina,Regular Season - 18,False,2025-07-19,8393,1940,Deportivo Muñiz,Leandro N. Alem,0,1,0.0,1.0,,,,,,,,,Desconocido
Primera C,132,Argentina,Regular Season - 18,False,2025-07-19,8394,1964,Deportivo Paraguayo,Victoriano Arenas,0,0,0.0,0.0,,,,,,,,,Desconocido
Primera C,132,Argentina,Regular Season - 18,False,2025-07-19,1958,23099,Lujan,Estrella Del Sur,0,0,0.0,0.0,,,,,,,,,Desconocido
Primera C,132,Argentina,Regular Season - 18,False,2025-07-19,8398,486,Yupanqui,Juventud Unida,0,2,0.0,1.0,,,,,,,,,Desconocido
Primera Division,370,El-Salvador,Apertura - 1,True,2025-07-19,4299,26154,Alianza,Inter,0,0,0.0,0.0,,,,,,,,,César Nolasco
Primera Division,370,El-Salvador,Apertura - 1,True,2025-07-19,4302,4304,FAS,Isidro Metapán,1,0,1.0,0.0,,,,,,,,,Elmer Martínez
Primera Division,370,El-Salvador,Apertura - 1,True,2025-07-19,4306,4303,Municipal Limeño,Firpo,1,3,0.0,1.0,,,,,,,,,Hector Salazar
Primera División,344,Bolivia,Apertura - 15,True,2025-07-19,17743,3637,ABB,Aurora,2,1,2.0,1.0,,,,,,,,,Elvis Rodriguez
Primera División,281,Peru,Clausura - 1,True,2025-07-19,10492,2562,ADT,Cienciano,1,0,0.0,0.0,,,,,,,,,"Roberto Perez Gutierrez, Peru"
Primera División,344,Bolivia,Apertura - 15,True,2025-07-19,3702,3707,Bolívar,Oriente Petrolero,1,0,0.0,0.0,,,,,,,,,Dilio Yfrain Rodriguez Suárez
Primera División,299,Venezuela,Clausura - 3,True,2025-07-19,2810,2827,Carabobo FC,Puerto Cabello,2,0,2.0,0.0,,,,,,,,,Aaron Sanchez
Primera División,265,Chile,Regular Season - 16,False,2025-07-19,2315,2341,Colo Colo,D. La Serena,2,1,0.0,0.0,,,,,,,,,"Jose Cabero, Chile"
Primera División,265,Chile,Regular Season - 16,False,2025-07-19,2330,2319,Coquimbo Unido,Deportes Iquique,4,1,1.0,1.0,,,,,,,,,"Hector Jona, Chile"
Primera División,281,Peru,Clausura - 1,True,2025-07-19,10013,2553,Cusco,Alianza Lima,2,0,0.0,0.0,,,,,,,,,"Daniel Ureta, Peru"
Primera División,299,Venezuela,Clausura - 3,True,2025-07-19,2811,2818,Monagas SC,Estudiantes de Merida FC,1,0,0.0,0.0,,,,,,,,,Alexis Herrera
Primera División,299,Venezuela,Clausura - 3,True,2025-07-19,2840,2807,UCV,Deportivo Tachira FC,1,2,1.0,0.0,,,,,,,,,Rony Cueva González
Primera División,281,Peru,Clausura - 1,True,2025-07-19,2539,2554,UTC Cajamarca,FBC Melgar,1,2,0.0,1.0,,,,,,,,,"Diego Haro, Peru"
Primera División,265,Chile,Regular Season - 16,False,2025-07-19,2321,2326,Union Espanola,Union La Calera,3,1,0.0,1.0,,,,,,,,,"Fernando Andre Vejar Diaz, Chile"
Primera División,344,Bolivia,Apertura - 15,True,2025-07-19,17762,22266,Universitario de Vinto,Gualberto Villarroel SJ,4,0,4.0,0.0,,,,,,,,,Jordy Alemán
Primera Nacional,129,Argentina,Regular Season - 23,False,2025-07-19,482,1962,Almagro,Alvarado,0,0,0.0,0.0,,,,,,,,,Yamil Possi
Primera Nacional,129,Argentina,Regular Season - 23,False,2025-07-19,470,1929,Ferro Carril Oeste,Deportivo Madryn,1,1,0.0,0.0,,,,,,,,,Juan Pafundi
Primera Nacional,129,Argentina,Regular Season - 23,False,2025-07-19,483,1948,Los Andes,Atlanta,3,0,2.0,0.0,,,,,,,,,Edgardo Daniel Zamora
Primera Nacional,129,Argentina,Regular Season - 23,False,2025-07-19,480,459,Quilmes,Arsenal Sarandi,3,1,2.0,1.0,,,,,,,,,Juan Pablo Loustau
Primera Nacional,129,Argentina,Regular Season - 23,False,2025-07-19,485,1965,San Martin Tucuman,Tristan Suarez,1,1,1.0,1.0,,,,,,,,,Fabricio Llobet
Primera Nacional,129,Argentina,Regular Season - 23,False,2025-07-19,8379,464,San Miguel,All Boys,1,0,1.0,0.0,,,,,,,,,Jorge Broggi
Primera Nacional,129,Argentina,Regular Season - 23,False,2025-07-19,1932,469,San Telmo,Deportivo Moron,1,2,1.0,1.0,,,,,,,,,Javier Alberto Delbarba
Queensland NPL,482,Australia,Regular Season - 18,False,2025-07-19,10211,10217,Brisbane City,Lions,4,2,1.0,1.0,,,,,,,,,Desconocido
Queensland NPL,482,Australia,Regular Season - 18,False,2025-07-19,10212,10215,Brisbane Roar II,Gold Coast Knights,1,1,1.0,0.0,,,,,,,,,Desconocido
Queensland NPL,482,Australia,Regular Season - 18,False,2025-07-19,10223,10216,SC Wanderers,Gold Coast United,1,3,1.0,0.0,,,,,,,,,Desconocido
Queensland NPL,482,Australia,Regular Season - 18,False,2025-07-19,11184,10221,WDSC Wolves,Peninsula Power,1,1,0.0,0.0,,,,,,,,,Desconocido
Queensland Premier League,833,Australia,Regular Season - 18,False,2025-07-19,20850,10213,Broadbeach United,Brisbane Strikers,3,2,0.0,1.0,,,,,,,,,Desconocido
Queensland Premier League,833,Australia,Regular Season - 18,False,2025-07-19,10214,16762,Capalaba,Southside Eagles,1,0,1.0,0.0,,,,,,,,,Desconocido
Queensland Premier League,833,Australia,Regular Season - 18,False,2025-07-19,11180,10222,Logan Lightning,Redlands United,3,1,1.0,1.0,,,,,,,,,Desconocido
Queensland Premier League,833,Australia,Regular Season - 18,False,2025-07-19,11182,25449,Rochedale Rovers,Magic United,1,4,0.0,1.0,,,,,,,,,Desconocido
Second League A - Division A Silver,1026,Russia,Fall Season Silver - 1,True,2025-07-19,2009,19453,Avangard Kursk,Rodina Moskva II,0,2,0.0,2.0,,,,,,,,,Efim Rubtsov
Second League A - Division A Silver,1026,Russia,Fall Season Silver - 1,True,2025-07-19,16856,6831,Dinamo Vladivostok,Urozhay,0,2,0.0,1.0,,,,,,,,,Ivan Pozhidaev
Second League A - Division A Silver,1026,Russia,Fall Season Silver - 1,True,2025-07-19,6802,665,Kaluga,Irtysh Omsk,1,2,1.0,1.0,,,,,,,,,Artur Sagdiev
Second League A - Division A Silver,1026,Russia,Fall Season Silver - 1,True,2025-07-19,16864,6817,Torpedo Miass,Murom,2,2,1.0,2.0,,,,,,,,,Evgeni Rubtsov
Segunda División,282,Peru,Promotion Round - 1,True,2025-07-19,2541,22543,Cesar Vallejo,FC Cajamarca,0,0,0.0,0.0,,,,,,,,,Junior Rivera
Segunda División,269,Uruguay,2nd Phase - 11,True,2025-07-19,18295,16740,La Luz,Uruguay Montevideo,1,0,0.0,0.0,,,,,,,,,Juan Cianni
Segunda División,711,Chile,Regular Season - 14,False,2025-07-19,15717,5645,Linares Unido,San Antonio Unido,5,4,2.0,1.0,,,,,,,,,Brenda Cisternas
Segunda División,300,Venezuela,Apertura - 16,True,2025-07-19,21208,2824,Marítimo,Mineros de Guyana,0,0,0.0,0.0,,,,,,,,,Desconocido
Segunda División,711,Chile,Regular Season - 14,False,2025-07-19,18775,2342,Municipal Salamanca,D. Puerto Montt,0,0,0.0,0.0,,,,,,,,,Fabián Esteban Reyes Fuenzalida
Segunda División,300,Venezuela,Apertura - 16,True,2025-07-19,2847,10091,Real Frontera,Fundación Lara Deportiva,1,2,0.0,2.0,,,,,,,,,Desconocido
Segunda División,269,Uruguay,2nd Phase - 11,True,2025-07-19,2371,2378,Rentistas,Albion FC,2,2,0.0,1.0,,,,,,,,,Augusto Olmos
Segunda División,282,Peru,Relegation Round - 1,True,2025-07-19,2549,2568,U. San Martin,Deportivo Coopsol,0,0,0.0,0.0,,,,,,,,,Gerson Huiman
Serie A,71,Brazil,Regular Season - 15,False,2025-07-19,154,118,Fortaleza EC,Bahia,1,1,1.0,0.0,,,,,,,,,"Wilton Pereira Sampaio, Brazil"
Serie A,71,Brazil,Regular Season - 15,False,2025-07-19,7848,128,Mirassol,Santos,3,0,0.0,0.0,,,,,,,,,"Matheus Delgado Candançan, Brazil"
Serie A,71,Brazil,Regular Season - 15,False,2025-07-19,126,131,Sao Paulo,Corinthians,2,0,2.0,0.0,,,,,,,,,"Anderson Daronco, Brazil"
Serie A,71,Brazil,Regular Season - 15,False,2025-07-19,133,130,Vasco DA Gama,Gremio,1,1,0.0,0.0,,,,,,,,,"Felipe Fernandes de Lima, Brazil"
Serie B,72,Brazil,Regular Season - 17,False,2025-07-19,145,142,Avai,Vila Nova,1,1,0.0,0.0,,,,,,,,,"Maguielson Lima Barbosa, Brazil"
Serie B,72,Brazil,Regular Season - 17,False,2025-07-19,147,149,Coritiba,Paysandu,2,5,1.0,3.0,,,,,,,,,"Marcelo de Lima Henrique, Brazil"
Serie B,72,Brazil,Regular Season - 17,False,2025-07-19,151,1193,Goias,Cuiaba,3,1,1.0,0.0,,,,,,,,,"Gustavo Ervino Bauermann, Brazil"
Serie B,72,Brazil,Regular Season - 17,False,2025-07-19,7814,134,Volta Redonda,Atletico Paranaense,3,2,0.0,2.0,,,,,,,,,"Fabiano Monteiro dos Santos, Brazil"
Serie C,75,Brazil,Regular Season - 13,False,2025-07-19,754,7833,ABC,Maringá,3,3,1.0,0.0,,,,,,,,,Léo Simão Holanda
Serie C,75,Brazil,Regular Season - 13,False,2025-07-19,7779,1197,Ituano,Botafogo PB,0,3,0.0,1.0,,,,,,,,,Lucas Guimarães Rechatiko Horn
Serie C,75,Brazil,Regular Season - 13,False,2025-07-19,148,2204,Londrina,AO Itabaiana,2,0,2.0,0.0,,,,,,,,,Andreza Helena de Siqueira
Serie C,75,Brazil,Regular Season - 13,False,2025-07-19,139,7774,Ponte Preta,Floresta,2,1,0.0,0.0,,,,,,,,,Antonio Carlos Pequeno Frutuoso
Serie D,76,Brazil,1st Phase - 13,True,2025-07-19,2206,10690,Boavista SC,Rio Branco ES,0,2,0.0,0.0,,,,,,,,,Elenildo Batista Rodrigues Júnior
Serie D,76,Brazil,1st Phase - 13,True,2025-07-19,14000,1214,CFRJ / Maricá,Portuguesa,0,1,0.0,0.0,,,,,,,,,José Mendonça da Silva Jr.
Serie D,76,Brazil,1st Phase - 13,True,2025-07-19,1194,21165,Cianorte,Itabirito,3,1,2.0,1.0,,,,,,,,,Francisco Soares Dias
Serie D,76,Brazil,1st Phase - 13,True,2025-07-19,7873,752,Goianésia,Luverdense,1,1,0.0,1.0,,,,,,,,,Francielly Fernanda Lima de Castro
Serie D,76,Brazil,1st Phase - 13,True,2025-07-19,18296,10673,Goiatuba EC,Cascavel,0,0,0.0,0.0,,,,,,,,,Wiomar Santana de Oliveira
Serie D,76,Brazil,1st Phase - 13,True,2025-07-19,15505,2213,Iguatu,Imperatriz,1,0,0.0,0.0,,,,,,,,,Bruno Monteiro Cunha
Serie D,76,Brazil,1st Phase - 13,True,2025-07-19,10002,15103,Lagarto,Barcelona BA,2,0,2.0,0.0,,,,,,,,,Ranilton Oliveira de Sousa
Serie D,76,Brazil,1st Phase - 13,True,2025-07-19,18308,12916,Manauara,GAS,3,0,2.0,0.0,,,,,,,,,Jonathan Antero Silva
Serie D,76,Brazil,1st Phase - 13,True,2025-07-19,7832,13089,Maranhão,Maracanã,3,0,2.0,0.0,,,,,,,,,Jailton Moura Silva Filho
Serie D,76,Brazil,1st Phase - 13,True,2025-07-19,2215,1202,Mixto,Aparecidense,0,0,0.0,0.0,,,,,,,,,Julian Negreiros de Castro
Serie D,76,Brazil,1st Phase - 13,True,2025-07-19,10021,2217,Monte Azul,Operario Ferroviario,1,2,0.0,0.0,,,,,,,,,Murilo Augusto Amoras de Almeida
Serie D,76,Brazil,1st Phase - 13,True,2025-07-19,20717,13084,Porto Vitória,Pouso Alegre,3,0,1.0,0.0,,,,,,,,,Wanbelton Lisboa Valente
Serie D,76,Brazil,1st Phase - 13,True,2025-07-19,2222,1195,Santa Cruz RN,Ferroviario,1,2,1.0,1.0,,,,,,,,,Iudiney Cesar Rocha e Silva
Serie D,76,Brazil,1st Phase - 13,True,2025-07-19,10004,18271,São Luiz,Barra,0,2,0.0,1.0,,,,,,,,,Antonio Marcio Teixeira
Serie D,76,Brazil,1st Phase - 13,True,2025-07-19,7878,1203,Tocantinópolis,Altos,1,0,0.0,0.0,,,,,,,,,Luiz Rodrigo Barbosa Oliveira
Serie D,76,Brazil,1st Phase - 13,True,2025-07-19,7868,15611,Trem,Tuna Luso,2,1,1.0,0.0,,,,,,,,,Henrique Otto Cruz Hengstmam
Serie D,76,Brazil,1st Phase - 13,True,2025-07-19,1196,1201,Uberlandia,Inter De Limeira,0,3,0.0,1.0,,,,,,,,,Franciel dos Santos Martins
Serie D,76,Brazil,1st Phase - 13,True,2025-07-19,10018,7782,Água Santa,Nova Iguaçu,2,1,1.0,0.0,,,,,,,,,Luiz Paulo de Moura Pinheiro
Serie D,76,Brazil,1st Phase - 13,True,2025-07-19,7879,10853,Águia de Marabá,Independência,4,1,0.0,0.0,,,,,,,,,Alan Trindade da Silva
South Australia NPL,194,Australia,Regular Season - 18,False,2025-07-19,3786,3788,Adelaide Comets,Adelaide Raiders,2,1,1.0,1.0,,,,,,,,,Desconocido
South Australia NPL,194,Australia,Regular Season - 18,False,2025-07-19,3792,3785,Croydon Kings,Adelaide City,2,2,0.0,0.0,,,,,,,,,Desconocido
South Australia NPL,194,Australia,Regular Season - 18,False,2025-07-19,3794,3791,Para Hills Knights,Campbelltown City,1,5,0.0,3.0,,,,,,,,,Desconocido
South Australia NPL,194,Australia,Regular Season - 18,False,2025-07-19,16768,3793,Playford City Patriots,MetroStars,0,3,0.0,2.0,,,,,,,,,Desconocido
South Australia State League 1,834,Australia,Regular Season - 18,False,2025-07-19,16763,3787,Adelaide Cobras,Adelaide Olympic,1,2,1.0,1.0,,,,,,,,,Desconocido
South Australia State League 1,834,Australia,Regular Season - 18,False,2025-07-19,16767,3784,Fulham United,Adelaide Blue Eagles,4,2,2.0,0.0,,,,,,,,,Desconocido
South Australia State League 1,834,Australia,Regular Season - 18,False,2025-07-19,25458,8114,Pontian Eagles,Vipers,3,1,1.0,1.0,,,,,,,,,Desconocido
South Australia State League 1,834,Australia,Regular Season - 18,False,2025-07-19,3795,22807,South Adelaide Panthers,Salisbury United,0,0,0.0,0.0,,,,,,,,,Desconocido
South Australia State League 1,834,Australia,Regular Season - 18,False,2025-07-19,12866,10009,Sturt Lions,Cumberland United,2,1,2.0,0.0,,,,,,,,,Desconocido
South Australia State League 1,834,Australia,Regular Season - 18,False,2025-07-19,25459,3796,The Cove,West Adelaide,1,0,0.0,0.0,,,,,,,,,Desconocido
Sudani Premier League,402,Sudan,Championship Round - 6,True,2025-07-19,5543,5246,Al Ahli Wad Medani,Hay Al Wadi,3,0,,,,,,,,,,,Desconocido
Sudani Premier League,402,Sudan,Championship Round - 6,True,2025-07-19,5237,25521,Al Hilal Omdurman,Al Merreikh El Obeid,5,0,,,,,,,,,,,Desconocido
Sudani Premier League,402,Sudan,Championship Round - 6,True,2025-07-19,25523,25522,Al-Mergheni,Al Zamala Umm Ruwaba,0,3,,,,,,,,,,,Desconocido
Sudani Premier League,402,Sudan,Championship Round - 6,True,2025-07-19,5244,5239,Alamal Atbara,Al Merreikh,0,1,,,,,,,,,,,Desconocido
Super League,391,Malawi,Regular Season - 9,False,2025-07-19,4583,11126,Be Forward Wanderers,Ekwendeni Hammers,1,0,0.0,0.0,,,,,,,,,Desconocido
Super League,169,China,Regular Season - 17,False,2025-07-19,830,833,Beijing Guoan,Shanghai Shenhua,1,3,1.0,2.0,,,,,,,,,"Ning Ma, China"
Super League,391,Malawi,Regular Season - 12,False,2025-07-19,11125,25894,CIVO United,Songwe Border United,5,0,2.0,0.0,,,,,,,,,Desconocido
Super League,169,China,Regular Season - 17,False,2025-07-19,21263,844,Dalian Zhixing,Shandong Luneng,2,0,1.0,0.0,,,,,,,,,"Xing Qi, China"
Super League,169,China,Regular Season - 17,False,2025-07-19,840,1439,Henan Jianye,Meizhou Kejia,1,1,0.0,0.0,,,,,,,,,"Wei Liu, China"
Super League,391,Malawi,Regular Season - 8,False,2025-07-19,4589,4584,Karonga United,Blue Eagles,0,1,0.0,1.0,,,,,,,,,Desconocido
Super League,169,China,Regular Season - 17,False,2025-07-19,5686,1431,Sichuan Jiuniu,Qingdao Jonoon,4,0,2.0,0.0,,,,,,,,,"Shunqi Tang, China"
Super Liga,394,Moldova,Regular Season - 5,False,2025-07-19,14008,4633,CSF Bălți,Zimbru,1,1,0.0,0.0,,,,,,,,,Desconocido
Super Liga,286,Serbia,Regular Season - 1,False,2025-07-19,2656,2655,Cukaricki,Napredak,1,0,0.0,0.0,,,,,,,,,"Aleksandar Zivkovic, Serbia"
Super Liga,394,Moldova,Regular Season - 5,False,2025-07-19,5375,691,Dacia-Buiucani,Milsami Orhei,1,2,0.0,0.0,,,,,,,,,Desconocido
Super Liga,286,Serbia,Regular Season - 1,False,2025-07-19,598,2653,FK Crvena Zvezda,Javor,4,0,2.0,0.0,,,,,,,,,"Predrag Janjus, Serbia"
Superettan,114,Sweden,Regular Season - 15,False,2025-07-19,11674,2166,Oddevold,Orgryte IS,0,1,0.0,0.0,,,,,,,,,"Fredrik Oppong, Sweden"
Superettan,114,Sweden,Regular Season - 15,False,2025-07-19,376,812,Ostersunds FK,Falkenbergs FF,3,1,1.0,0.0,,,,,,,,,"Kaspar Sjoberg, Sweden"
Superettan,114,Sweden,Regular Season - 15,False,2025-07-19,6697,2241,Sandviken,Vasteras SK FK,0,3,0.0,2.0,,,,,,,,,"Pontus Olofsson, Sweden"
Superettan,114,Sweden,Regular Season - 15,False,2025-07-19,6705,365,Umeå FC,Orebro SK,1,1,1.0,0.0,,,,,,,,,"Fredrik Alknas, Sweden"
Supreme Division Women,649,Russia,Regular Season - 15,False,2025-07-19,10885,14133,Chertanovo W,Yenisey W,0,0,0.0,0.0,,,,,,,,,Nailya Khasanova
Supreme Division Women,649,Russia,Regular Season - 15,False,2025-07-19,21118,14134,Dinamo Moskva W,Zenit W,1,0,0.0,0.0,,,,,,,,,Ksenia Goryacheva
Supreme Division Women,649,Russia,Regular Season - 15,False,2025-07-19,21119,14135,Krylya Sovetov W,Krasnodar W,3,1,1.0,1.0,,,,,,,,,Lyubov Tarbeeva
Supreme Division Women,649,Russia,Regular Season - 15,False,2025-07-19,14132,14131,Lokomotiv Moskva W,CSKA Moskva W,0,3,0.0,1.0,,,,,,,,,Nadezhda Gorinova
Supreme Division Women,649,Russia,Regular Season - 15,False,2025-07-19,10921,16490,Ryazan W,Rostov W,3,0,2.0,0.0,,,,,,,,,Kristina Saakyan
Tasmania NPL,648,Australia,Regular Season - 14,False,2025-07-19,14099,14102,Clarence Zebras,Kingborough Lions,1,4,1.0,2.0,,,,,,,,,Desconocido
Tasmania NPL,648,Australia,Regular Season - 14,False,2025-07-19,14101,21047,Glenorchy Knights,Launceston United,3,0,1.0,0.0,,,,,,,,,Desconocido
Tasmania NPL,648,Australia,Regular Season - 14,False,2025-07-19,14103,14105,Launceston City,Riverside,4,0,1.0,0.0,,,,,,,,,Desconocido
Tasmania NPL,648,Australia,Regular Season - 14,False,2025-07-19,14106,14100,South Hobart,Devonport City,2,2,2.0,1.0,,,,,,,,,Desconocido
Tasmania Northern Championship,1091,Australia,Regular Season - 14,False,2025-07-19,23511,23510,Northern Rangers,Launceston United U21,9,0,7.0,0.0,,,,,,,,,Desconocido
Tasmania Northern Championship,1091,Australia,Regular Season - 14,False,2025-07-19,23513,23508,Somerset,Devonport U21,0,5,0.0,4.0,,,,,,,,,Desconocido
Tasmania Northern Championship,1091,Australia,Regular Season - 14,False,2025-07-19,23514,23507,Ulverstone,Burnie Utd.,11,0,,,,,,,,,,,Desconocido
Tasmania Southern Championship,1093,Australia,Regular Season - 15,False,2025-07-19,23525,23524,New Town,Hobart Utd.,6,1,6.0,0.0,,,,,,,,,Desconocido
Tasmania Southern Championship,1093,Australia,Regular Season - 15,False,2025-07-19,23526,23521,South East Utd. U21,Clarence Zebras II,15,1,9.0,1.0,,,,,,,,,Desconocido
Torneo Federal A,134,Argentina,2nd Round - 1,True,2025-07-19,16612,1959,Ciudad de Bolívar,Deportivo Rincon,2,0,1.0,0.0,,,,,,,,,Marcos Ignacio Liuzzi
Torneo Federal A,134,Argentina,Lower Table Round - 1,True,2025-07-19,1950,21041,Sportivo Las Parejas,El Linqueño,0,2,0.0,1.0,,,,,,,,,Francisco Martín Acosta
Toto Cup Ligat Al,385,Israel,European Qualifiers Play-offs,True,2025-07-19,4195,657,Maccabi Haifa,Beitar Jerusalem,0,2,0.0,0.0,,,,,,,,,G. Laibuvitz
UEFA Championship - Women,743,World,Quarter-finals,True,2025-07-19,1725,1719,France W,Germany W,1,1,1.0,1.0,,,,,,,,,Tess Olofsson
USL Championship,255,USA,Regular Season - 20,False,2025-07-19,3989,3992,Birmingham Legion,Colorado Springs,0,1,0.0,0.0,,,,,,,,,Elvis Osmanovic
USL Championship,255,USA,Regular Season - 20,False,2025-07-19,3990,9030,Charleston Battery,Miami FC,3,0,2.0,0.0,,,,,,,,,Mathew Corrigan
USL Championship,255,USA,Regular Season - 20,False,2025-07-19,3999,10874,Loudoun United,Oakland Roots,0,2,0.0,2.0,,,,,,,,,Gerald Flores
USL Championship,255,USA,Regular Season - 21,False,2025-07-19,4000,4022,Louisville City,FC Tulsa,1,1,0.0,0.0,,,,,,,,,Luis Arroyo
USL Championship,255,USA,Regular Season - 21,False,2025-07-19,4007,3998,Orange County SC,Las Vegas Lights,4,0,3.0,0.0,,,,,,,,,Elton Garcia
USL Championship,255,USA,Regular Season - 20,False,2025-07-19,22855,3995,Rhode Island,Hartford Athletic,0,0,0.0,0.0,,,,,,,,,Jeremy Scheer
USL Championship,255,USA,Regular Season - 21,False,2025-07-19,4015,20808,Sacramento Republic,Lexington,0,0,0.0,0.0,,,,,,,,,Joe Dickerson
USL League One,489,USA,Regular Season - 11,False,2025-07-19,25838,25485,Alta,Naples,1,1,1.0,0.0,,,,,,,,,Dion Cox
USL League One,489,USA,Regular Season - 11,False,2025-07-19,3991,25486,Charlotte Independence,Portland Hearts of Pine,1,1,1.0,0.0,,,,,,,,,Muhammad Kaleia
USL League One,489,USA,Regular Season - 11,False,2025-07-19,9016,22785,Chattanooga Red Wolves,Spokane Velocity,3,0,2.0,0.0,,,,,,,,,John Matto
USL League One,489,USA,Regular Season - 11,False,2025-07-19,18905,25488,One Knoxville,Westchester SC,1,1,1.0,1.0,,,,,,,,,Mark Verso
USL League One Cup,1095,USA,Group Stage - 6,False,2025-07-19,3993,4009,El Paso Locomotive,Phoenix Rising,2,2,2.0,1.0,,,,,,,,,Matthew Thompson
Veikkausliiga,244,Finland,Regular Season - 16,False,2025-07-19,650,1165,VPS,KuPS,1,1,0.0,0.0,,,,,,,,,"Dennis Antamo, Finland"
Victoria NPL,195,Australia,Regular Season - 22,False,2025-07-19,3798,3800,Avondale,Dandenong City,1,1,0.0,0.0,,,,,,,,,Desconocido
Victoria NPL,195,Australia,Regular Season - 22,False,2025-07-19,3811,3797,South Melbourne,Altona Magic,2,0,1.0,0.0,,,,,,,,,Desconocido
Victoria NPL 2,836,Australia,Regular Season - 22,False,2025-07-19,16781,16788,Bulleen Lions,Northcote City,2,1,0.0,1.0,,,,,,,,,Desconocido
Victoria NPL 2,836,Australia,Regular Season - 22,False,2025-07-19,9977,20784,Eastern Lions,Western United II,3,3,1.0,0.0,,,,,,,,,Desconocido
Victoria NPL 2,836,Australia,Regular Season - 22,False,2025-07-19,3806,3799,Kingston City,Bentleigh Greens,0,0,0.0,0.0,,,,,,,,,Desconocido
Victoria NPL 2,836,Australia,Regular Season - 22,False,2025-07-19,24077,25418,Melbourne Srbija,North Sunshine Eagles,2,1,1.0,0.0,,,,,,,,,Desconocido
Victoria NPL 2,836,Australia,Regular Season - 22,False,2025-07-19,21921,16785,Sunshine Georgies,Moreland City,6,2,1.0,1.0,,,,,,,,,Desconocido
Virsliga,365,Latvia,Regular season - 23,False,2025-07-19,661,10124,FK Liepaja,Riga,2,3,1.0,2.0,,,,,,,,,Aleksandrs Anufrijevs
Virsliga,365,Latvia,Regular season - 23,False,2025-07-19,4159,4160,Metta / LU,Rīgas FS,0,4,0.0,2.0,,,,,,,,,Vitālijs Spasjoņņikovs
Western Australia NPL,196,Australia,Regular Season - 17,False,2025-07-19,3813,3814,Balcatta,Bayswater City,0,4,0.0,2.0,,,,,,,,,Desconocido
Western Australia NPL,196,Australia,Regular Season - 17,False,2025-07-19,21025,3817,Fremantle City,Floreat Athena,2,2,0.0,1.0,,,,,,,,,Desconocido
Western Australia NPL,196,Australia,Regular Season - 17,False,2025-07-19,20890,3812,Olympic Kingsway,Armadale,2,0,1.0,0.0,,,,,,,,,Desconocido
Western Australia NPL,196,Australia,Regular Season - 17,False,2025-07-19,3819,18732,Perth,Perth RedStar,1,2,1.0,0.0,,,,,,,,,Desconocido
Western Australia NPL,196,Australia,Regular Season - 17,False,2025-07-19,3820,23196,Perth Glory II,Western Knights,1,5,1.0,1.0,,,,,,,,,Desconocido
Western Australia State League 1,1094,Australia,Regular Season - 17,False,2025-07-19,10093,25702,Gwelup Croatia,Kalamunda City,3,2,2.0,1.0,,,,,,,,,Desconocido
Western Australia State League 1,1094,Australia,Regular Season - 17,False,2025-07-19,3818,23530,Inglewood United,Dianella White Eagle,1,2,0.0,1.0,,,,,,,,,Desconocido
Western Australia State League 1,1094,Australia,Regular Season - 17,False,2025-07-19,25701,22493,Joondalup City,Mandurah City,3,2,1.0,1.0,,,,,,,,,Desconocido
Western Australia State League 1,1094,Australia,Regular Season - 17,False,2025-07-19,23532,25700,Murdoch Melville,Curtin University,2,2,1.0,1.0,,,,,,,,,Desconocido
Western Australia State League 1,1094,Australia,Regular Season - 17,False,2025-07-19,21034,21026,Subiaco,Gosnells City,1,0,1.0,0.0,,,,,,,,,Desconocido
Western Australia State League 1,1094,Australia,Regular Season - 17,False,2025-07-19,23533,23531,UWA Nedlands,Kingsley Westside,3,2,1.0,1.0,,,,,,,,,Desconocido
Ykkönen,245,Finland,Regular Season - 15,False,2025-07-19,9182,9195,EPS,OLS,1,4,1.0,1.0,,,,,,,,,Miika Pesonen
Ykkönen,245,Finland,Regular Season - 15,False,2025-07-19,1171,9190,JJK,Tampere United,1,4,0.0,3.0,,,,,,,,,Remi Rantakaulio
Ykkönen,245,Finland,Regular Season - 15,False,2025-07-19,9203,10667,PKKU,Atlantis,0,0,0.0,0.0,,,,,,,,,Lotta Vuorio
Ykkönen,245,Finland,Regular Season - 15,False,2025-07-19,1167,18518,Rops,Inter Turku II,3,1,2.0,1.0,,,,,,,,,Tatu Korkalainen
Ykkösliiga,1087,Finland,Regular Season - 16,False,2025-07-19,9187,1166,KäPa,Lahti,2,2,0.0,0.0,,,,,,,,,Desconocido
Ykkösliiga,1087,Finland,Regular Season - 16,False,2025-07-19,10669,2085,PK-35,Klubi-04,1,1,0.0,0.0,,,,,,,,,Desconocido
Ykkösliiga,1087,Finland,Regular Season - 16,False,2025-07-19,9198,9173,SJK Akatemia,JäPS,4,1,1.0,0.0,,,,,,,,,Desconocido
Úrvalsdeild,164,Iceland,Regular Season - 15,False,2025-07-19,276,4165,Breidablik,Vestri,1,0,1.0,0.0,,,,,,,,,Sigurður Hjörtur Þrastarson
Úrvalsdeild,164,Iceland,Regular Season - 16,False,2025-07-19,272,827,KA Akureyri,IA Akranes,2,0,1.0,0.0,,,,,,,,,Arnar Þór Stefánsson
1. Deild,165,Iceland,Regular Season - 13,False,2025-07-18,267,2123,Fylkir,Njardvik,0,1,0.0,0.0,,,,,,,,,Jens Elvar Sævarsson
1. Deild,165,Iceland,Regular Season - 13,False,2025-07-18,277,2115,Grindavik,Selfoss,0,2,0.0,2.0,,,,,,,,,Guðmundur Páll Friðbertsson
1. Deild,165,Iceland,Regular Season - 13,False,2025-07-18,2113,2116,HK Kopavogur,Thor Akureyri,1,2,1.0,2.0,,,,,,,,,Gunnar Freyr Róbertsson
1. Deild,165,Iceland,Regular Season - 13,False,2025-07-18,269,273,Keflavik,Fjolnir,5,4,2.0,3.0,,,,,,,,,Sveinn Arnarsson
1. Deild,165,Iceland,Regular Season - 13,False,2025-07-18,2114,829,Leiknir R.,Throttur Reykjavik,1,1,0.0,1.0,,,,,,,,,Twana Ahmad Khalid
1. Division,120,Denmark,Regular Season - 1,False,2025-07-18,2063,408,HB Koge,Hobro,2,0,1.0,0.0,,,,,,,,,Nanna Løf Andersen
1. Division,120,Denmark,Regular Season - 1,False,2025-07-18,2072,6009,Hvidovre,B 93,1,1,1.0,1.0,,,,,,,,,Svend Funder
1. Division,388,Kazakhstan,Regular Season - 14,False,2025-07-18,4565,4546,Irtysh,Aktobe Jas,3,0,2.0,0.0,,,,,,,,,Desconocido
1. Division,388,Kazakhstan,Regular Season - 14,False,2025-07-18,4552,21012,Kaspiy,Zhetisay,2,2,1.0,2.0,,,,,,,,,Desconocido
1. Division,388,Kazakhstan,Regular Season - 14,False,2025-07-18,18805,4556,Khan Tengri,Sport Academy Kairat,0,4,0.0,1.0,,,,,,,,,Desconocido
1. Division,117,Belarus,Regular Season - 16,False,2025-07-18,16656,11266,Niva,Dinamo Minsk II,1,0,1.0,0.0,,,,,,,,,Ivan Pugachev
1. Division,117,Belarus,Regular Season - 16,False,2025-07-18,3390,384,Orsha,FC Dnepr Mogilev,1,2,0.0,0.0,,,,,,,,,Kirill Apanovich
1. Division,388,Kazakhstan,Regular Season - 14,False,2025-07-18,4559,4545,Taraz,Akademiya Ontustik,1,1,1.0,1.0,,,,,,,,,Desconocido
1. Liga,364,Latvia,Regular Season - 13,False,2025-07-18,18936,14366,Ogre United,Mārupe,3,1,1.0,0.0,,,,,,,,,Desconocido
1. Liga,364,Latvia,Regular Season - 13,False,2025-07-18,25785,4139,Riga Mariners,JDFS Alberts,4,2,1.0,0.0,,,,,,,,,Desconocido
1. Liga,364,Latvia,Regular Season - 13,False,2025-07-18,18837,16835,Tukums II,Skanste,1,2,1.0,1.0,,,,,,,,,Desconocido
1. SNL,373,Slovenia,Regular Season - 1,False,2025-07-18,4378,4358,Radomlje,Aluminij,1,2,1.0,1.0,,,,,,,,,M. Antic
2. Division - Group 2,474,Norway,Group 2 - 12,False,2025-07-18,7033,2158,Stjørdals-Blink,Tromsdalen Uil,1,1,1.0,0.0,,,,,,,,,Per Oscar Grov Heiberg
ASEAN Championship U23,908,World,Group Stage - 2,False,2025-07-18,10930,10945,Brunei U23,Malaysia U23,1,7,0.0,4.0,,,,,,,,,Vũ Linh Lê
ASEAN Championship U23,908,World,Group Stage - 2,False,2025-07-18,10953,10936,Philippines U23,Indonesia U23,0,1,0.0,1.0,,,,,,,,,Mohammed Sami Taher Al Ismail
Africa Cup of Nations - Women,922,World,Quarter-finals,True,2025-07-18,14461,16937,Morocco W,Mali W,3,1,1.0,0.0,,,,,,,,,Akona Zenith Makhalima
Africa Cup of Nations - Women,922,World,Quarter-finals,True,2025-07-18,1730,15584,Nigeria W,Zambia W,5,0,3.0,0.0,,,,,,,,,Bouchra Karboubi
Calcutta Premier Division,1020,India,Regular Season - 6,False,2025-07-18,22001,26117,Aryan,Sribhumi,0,1,0.0,1.0,,,,,,,,,Desconocido
Calcutta Premier Division,1020,India,Regular Season - 6,False,2025-07-18,21610,21608,Southern Samity,Peerless,1,2,1.0,0.0,,,,,,,,,Desconocido
Calcutta Premier Division,1020,India,Regular Season - 6,False,2025-07-18,26118,21601,United Kolkata,Diamond Harbour,0,0,0.0,0.0,,,,,,,,,Desconocido
Canadian Premier League,479,Canada,Regular Season - 15,False,2025-07-18,10169,2621,Atlético Ottawa,HFX Wanderers FC,2,0,1.0,0.0,,,,,,,,,Michael Venne
Canadian Premier League,479,Canada,Regular Season - 15,False,2025-07-18,3830,2622,Forge,Pacific FC,2,0,0.0,0.0,,,,,,,,,Sebastian Noshinravani
Catarinense U20,1076,Brazil,1st Phase - 16,True,2025-07-18,12995,23324,Chapecoense U20,Marcilio Dias U20,3,2,2.0,0.0,,,,,,,,,Desconocido
Copa America Femenina,926,World,1st Round - 1,True,2025-07-18,1782,1977,Argentina W,Chile W,2,1,0.0,1.0,,,,,,,,,María Victoria Daza Ortíz
Copa America Femenina,926,World,1st Round - 1,True,2025-07-18,16944,18261,Uruguay W,Peru W,1,0,0.0,0.0,,,,,,,,,Adriana Jessica Farfán Herbas
Copa Paulista,742,Brazil,1st Round - 6,True,2025-07-18,7870,156,XV de Piracicaba,Sao Bento,2,1,2.0,0.0,,,,,,,,,Pablo Rodrigo Soares de Oliveira
Cup,680,Slovakia,1st Round,True,2025-07-18,16918,26775,Veľký Cetín,Nitrianske Hrnciarovce,2,4,1.0,1.0,,,,,,,,,Desconocido
Czech Liga,345,Czech-Republic,Regular Season - 1,False,2025-07-18,3724,567,Pardubice,Plzen,1,5,1.0,3.0,,,,,,,,,O. Pechanec
Division Intermedia,251,Paraguay,Regular Season - 18,False,2025-07-18,2130,20786,Fernando De La Mora,Sportivo Carapeguá,3,2,1.0,0.0,,,,,,,,,Jose Rodrigo Armoa Gimenez
Division Intermedia,251,Paraguay,Regular Season - 18,False,2025-07-18,25590,1189,Guaraní de Fram,Deportivo Santani,4,1,3.0,1.0,,,,,,,,,Aldo Javier Quiñonez Sanchez
Division Profesional - Clausura,252,Paraguay,Clausura - 3,True,2025-07-18,1181,2140,General Caballero,2 de Mayo,0,1,0.0,1.0,,,,,,,,,"Derlis Lopez, Paraguay"
Ekstraklasa,106,Poland,Regular Season - 1,False,2025-07-18,336,3487,Jagiellonia,Nieciecza,0,4,0.0,3.0,,,,,,,,,P. Malec
Ekstraklasa,106,Poland,Regular Season - 1,False,2025-07-18,347,350,Lech Poznan,Cracovia Krakow,1,4,1.0,2.0,,,,,,,,,D. Sylwestrzak
Eliteserien,103,Norway,Regular Season - 14,False,2025-07-18,333,331,Sarpsborg 08 FF,Rosenborg,2,2,1.0,2.0,,,,,,,,,"Tore Hansen, Norway"
Esiliiga A,328,Estonia,Regular Season - 20,False,2025-07-18,3517,3522,FCI Levadia II,Tallinna Kalev II,3,3,2.0,2.0,,,,,,,,,Roman Daniljuk
FAI Cup,359,Ireland,2nd Round,True,2025-07-18,3847,22931,Bray Wanderers,Wayside Celtic,3,0,1.0,0.0,,,,,,,,,Rob Hennessey
FAI Cup,359,Ireland,2nd Round,True,2025-07-18,3850,6118,Drogheda United,Crumlin United,5,0,1.0,0.0,,,,,,,,,Oliver Moran
FAI Cup,359,Ireland,2nd Round,True,2025-07-18,584,3842,Dundalk,Sligo Rovers,0,2,0.0,0.0,,,,,,,,,Aaron O'Dowd
FAI Cup,359,Ireland,2nd Round,True,2025-07-18,3841,3844,Finn Harps,UCD,3,0,1.0,0.0,,,,,,,,,Neil Doyle
FAI Cup,359,Ireland,2nd Round,True,2025-07-18,3851,25974,Galway United,Tolka Rovers,2,0,1.0,0.0,,,,,,,,,Ryan Maher
FAI Cup,359,Ireland,2nd Round,True,2025-07-18,11328,3846,Kerry,Athlone Town,2,1,0.0,0.0,,,,,,,,,Daryl Carolan
FAI Cup,359,Ireland,2nd Round,True,2025-07-18,6121,3840,Killester Donnycarney,Bohemians,0,7,0.0,4.0,,,,,,,,,Daniel Murphy
FAI Cup,359,Ireland,2nd Round,True,2025-07-18,652,3855,Shamrock Rovers,Wexford,4,0,1.0,0.0,,,,,,,,,Mark Houlihan
FAI Cup,359,Ireland,2nd Round,True,2025-07-18,16498,670,Treaty United,Derry City,1,5,0.0,0.0,,,,,,,,,Lucas Keating
FAI Cup,359,Ireland,2nd Round,True,2025-07-18,3845,14528,Waterford,St Mochta&apos;s,5,1,2.0,1.0,,,,,,,,,Glen Geraghty
FNL,346,Czech-Republic,Regular Season - 1,False,2025-07-18,3718,3717,Příbram,Opava,0,1,0.0,1.0,,,,,,,,,J. Wulkan
FNL,346,Czech-Republic,Regular Season - 1,False,2025-07-18,8619,8621,Sparta Praha II,Baník Ostrava II,0,1,0.0,0.0,,,,,,,,,M. Kubecka
FNL,346,Czech-Republic,Regular Season - 1,False,2025-07-18,3730,8618,Vlašim,Slavia Praha II,0,1,0.0,0.0,,,,,,,,,A. Mach
FNL,346,Czech-Republic,Regular Season - 1,False,2025-07-18,3735,3731,Ústí nad Labem,Vysočina Jihlava,2,1,1.0,1.0,,,,,,,,,S. Vejtasa
FNL,346,Czech-Republic,Regular Season - 1,False,2025-07-18,3736,3733,České Budějovice,Zbrojovka Brno,0,2,0.0,1.0,,,,,,,,,J. Petrik
First League,172,Bulgaria,Regular Season - 1,False,2025-07-18,1426,1430,CSKA 1948,Arda Kardzhali,1,0,0.0,0.0,,,,,,,,,G. Kabakov
First League,172,Bulgaria,Regular Season - 1,False,2025-07-18,1416,851,Lokomotiv Sofia,Cherno More Varna,1,1,1.0,1.0,,,,,,,,,V. Zhelezov
Friendlies Clubs,667,World,Club Friendlies 5,True,2025-07-18,179,1621,1. FC Magdeburg,Rot-Weiß Essen,2,5,1.0,2.0,,,,,,,,,Desconocido
Friendlies Clubs,667,World,Club Friendlies 3,True,2025-07-18,4700,7740,Altrincham,Radcliffe,1,2,1.0,2.0,,,,,,,,,Desconocido
Friendlies Clubs,667,World,Club Friendlies 5,True,2025-07-18,602,3399,Apollon Limassol,Enosis,4,1,3.0,0.0,,,,,,,,,Desconocido
Friendlies Clubs,667,World,Club Friendlies 5,True,2025-07-18,1405,21390,Austria Klagenfurt,Velden,0,2,0.0,1.0,,,,,,,,,Desconocido
Friendlies Clubs,667,World,Club Friendlies 5,True,2025-07-18,601,159,Austria Vienna,Hertha BSC,1,2,0.0,1.0,,,,,,,,,Desconocido
Friendlies Clubs,667,World,Club Friendlies 5,True,2025-07-18,108,103,Auxerre,Orleans,2,1,1.0,0.0,,,,,,,,,Desconocido
Friendlies Clubs,667,World,Club Friendlies 5,True,2025-07-18,14629,1323,BW Lohne,Sportfreunde Lotte,1,1,0.0,1.0,,,,,,,,,Desconocido
Friendlies Clubs,667,World,Club Friendlies 5,True,2025-07-18,23535,668,Ballyfermot United,Ballymena United,0,1,0.0,0.0,,,,,,,,,Desconocido
Friendlies Clubs,667,World,Club Friendlies 5,True,2025-07-18,7615,4685,Basingstoke Town,Slough Town,1,2,1.0,0.0,,,,,,,,,Desconocido
Friendlies Clubs,667,World,Club Friendlies 5,True,2025-07-18,4674,1317,Bayern München II,SG Sonnenhof Grossaspach,1,3,0.0,2.0,,,,,,,,,Desconocido
Friendlies Clubs,667,World,Club Friendlies 5,True,2025-07-18,2201,7732,Briton Ferry,Merthyr Town,1,2,0.0,0.0,,,,,,,,,Desconocido
Friendlies Clubs,667,World,Club Friendlies 5,True,2025-07-18,43,1370,Cardiff,Cambridge United,5,1,3.0,1.0,,,,,,,,,Desconocido
Friendlies Clubs,667,World,Club Friendlies 5,True,2025-07-18,7628,20652,Chichester City,Christchurch United,1,0,0.0,0.0,,,,,,,,,Desconocido
Friendlies Clubs,667,World,Club Friendlies 5,True,2025-07-18,895,79,Como,Lille,3,2,1.0,0.0,,,,,,,,,Desconocido
Friendlies Clubs,667,World,Club Friendlies 5,True,2025-07-18,1300,433,Concarneau,Laval,2,3,2.0,1.0,,,,,,,,,Desconocido
Friendlies Clubs,667,World,Club Friendlies 5,True,2025-07-18,89,3179,Dijon,Fleury 91,2,2,2.0,0.0,,,,,,,,,Desconocido
Friendlies Clubs,667,World,Club Friendlies 5,True,2025-07-18,4938,8248,Ebreichsdorf,Schwechat,3,1,2.0,0.0,,,,,,,,,Desconocido
Friendlies Clubs,667,World,Club Friendlies 5,True,2025-07-18,797,58,Elche,Millwall,2,1,0.0,0.0,,,,,,,,,Desconocido
Friendlies Clubs,667,World,Club Friendlies 3,True,2025-07-18,190,163,Erzgebirge Aue,Borussia Mönchengladbach,0,3,0.0,3.0,,,,,,,,,Desconocido
Friendlies Clubs,667,World,Club Friendlies 3,True,2025-07-18,1329,9332,FC Rot-Weiß Erfurt,Nürnberg II,1,0,0.0,0.0,,,,,,,,,Desconocido
Friendlies Clubs,667,World,Club Friendlies 5,True,2025-07-18,630,3012,FC Sion,Annecy,3,0,2.0,0.0,,,,,,,,,Desconocido
Friendlies Clubs,667,World,Club Friendlies 5,True,2025-07-18,8366,4993,Fach-Donaufeld,Stripfing,1,2,1.0,2.0,,,,,,,,,Desconocido
Friendlies Clubs,667,World,Club Friendlies 5,True,2025-07-18,4990,1072,First Vienna,TSV Hartberg,2,2,1.0,0.0,,,,,,,,,Desconocido
Friendlies Clubs,667,World,Club Friendlies 5,True,2025-07-18,11054,168,Flamengo U20,Bayer Leverkusen,5,1,4.0,0.0,,,,,,,,,Desconocido
Friendlies Clubs,667,World,Club Friendlies 5,True,2025-07-18,546,59,Getafe,Preston,0,0,0.0,0.0,,,,,,,,,Desconocido
Friendlies Clubs,667,World,Club Friendlies 5,True,2025-07-18,19306,1027,Haitzendorf,SKN ST. Polten,2,7,1.0,5.0,,,,,,,,,Desconocido
Friendlies Clubs,667,World,Club Friendlies 5,True,2025-07-18,9341,1622,Hannover 96 II,SV Babelsberg 03,2,1,0.0,1.0,,,,,,,,,Desconocido
Friendlies Clubs,667,World,Club Friendlies 5,True,2025-07-18,5817,14130,Harelbeke,Club Brugge II,2,3,1.0,3.0,,,,,,,,,Desconocido
Friendlies Clubs,667,World,Club Friendlies 3,True,2025-07-18,19242,1336,Isle of Man,Fleetwood Town,2,3,1.0,1.0,,,,,,,,,Desconocido
Friendlies Clubs,667,World,Club Friendlies 5,True,2025-07-18,411,414,Jong PSV U21,Roda,1,1,1.0,1.0,,,,,,,,,Desconocido
Friendlies Clubs,667,World,Club Friendlies 5,True,2025-07-18,15134,7368,Karviná II,Unie Hlubina,2,0,1.0,0.0,,,,,,,,,Desconocido
Friendlies Clubs,667,World,Club Friendlies 5,True,2025-07-18,8655,1350,King's Lynn Town,Peterborough,1,1,1.0,1.0,,,,,,,,,Desconocido
Friendlies Clubs,667,World,Club Friendlies 5,True,2025-07-18,3627,17165,Kolos Kovalivka,SK Poltava,3,1,2.0,1.0,,,,,,,,,Desconocido
Friendlies Clubs,667,World,Club Friendlies 5,True,2025-07-18,21953,17162,Kudrivka,Livyi Bereh,1,1,0.0,1.0,,,,,,,,,Desconocido
Friendlies Clubs,667,World,Club Friendlies 5,True,2025-07-18,1026,608,Lask Linz,HNK Hajduk Split,2,1,1.0,1.0,,,,,,,,,Desconocido
Friendlies Clubs,667,World,Club Friendlies 5,True,2025-07-18,8268,8372,Leithaprodersdorf,Union Mauer,1,4,0.0,2.0,,,,,,,,,Desconocido
Friendlies Clubs,667,World,Club Friendlies 5,True,2025-07-18,12809,16119,Luckenwalde,Hansa Rostock II,3,0,1.0,0.0,,,,,,,,,Desconocido
Friendlies Clubs,667,World,Club Friendlies 5,True,2025-07-18,9331,170,Memmingen,FC Augsburg,1,4,1.0,2.0,,,,,,,,,Desconocido
Friendlies Clubs,667,World,Club Friendlies 5,True,2025-07-18,82,1301,Montpellier,Rodez,0,2,0.0,1.0,,,,,,,,,Desconocido
Friendlies Clubs,667,World,Club Friendlies 5,True,2025-07-18,4627,2264,Mosta,Gzira United,3,1,1.0,1.0,,,,,,,,,Desconocido
Friendlies Clubs,667,World,Club Friendlies 5,True,2025-07-18,4605,4629,Naxxar Lions,Tarxien Rainbows,1,1,1.0,0.0,,,,,,,,,Desconocido
Friendlies Clubs,667,World,Club Friendlies 5,True,2025-07-18,24346,4687,Portishead Town,Weston-super-Mare,4,1,3.0,0.0,,,,,,,,,Desconocido
Friendlies Clubs,667,World,Club Friendlies 5,True,2025-07-18,1313,206,Preußen Münster,Heracles,1,4,0.0,2.0,,,,,,,,,Desconocido
Friendlies Clubs,667,World,Club Friendlies 5,True,2025-07-18,548,1297,Real Sociedad,PAU,2,0,2.0,0.0,,,,,,,,,Desconocido
Friendlies Clubs,667,World,Club Friendlies 5,True,2025-07-18,571,69,Red Bull Salzburg,Derby,1,2,0.0,2.0,,,,,,,,,Desconocido
Friendlies Clubs,667,World,Club Friendlies 5,True,2025-07-18,94,106,Rennes,Stade Brestois 29,2,3,0.0,2.0,,,,,,,,,Desconocido
Friendlies Clubs,667,World,Club Friendlies 5,True,2025-07-18,1028,1320,Ried,Energie Cottbus,2,1,1.0,1.0,,,,,,,,,Desconocido
Friendlies Clubs,667,World,Club Friendlies 3,True,2025-07-18,618,160,SCR Altach,SC Freiburg,0,3,0.0,1.0,,,,,,,,,Desconocido
Friendlies Clubs,667,World,Club Friendlies 5,True,2025-07-18,1402,4912,SV Lafnitz,Khorfakkan,0,3,0.0,2.0,,,,,,,,,Desconocido
Friendlies Clubs,667,World,Club Friendlies 5,True,2025-07-18,189,1635,SV Sandhausen,FC Schweinfurt 05,3,2,1.0,1.0,,,,,,,,,Desconocido
Friendlies Clubs,667,World,Club Friendlies 5,True,2025-07-18,1063,2184,Saint Etienne,Servette FC,2,3,1.0,0.0,,,,,,,,,Desconocido
Friendlies Clubs,667,World,Club Friendlies 5,True,2025-07-18,1479,1483,Sesvete,NK Varazdin,0,0,0.0,0.0,,,,,,,,,Desconocido
Friendlies Clubs,667,World,Club Friendlies 5,True,2025-07-18,8936,4703,Silsden,Curzon Ashton,1,1,0.0,1.0,,,,,,,,,Desconocido
Friendlies Clubs,667,World,Club Friendlies 5,True,2025-07-18,41,105,Southampton,Valenciennes,1,1,0.0,1.0,,,,,,,,,Desconocido
Friendlies Clubs,667,World,Club Friendlies 5,True,2025-07-18,426,199,Sparta Rotterdam,De Graafschap,3,3,2.0,3.0,,,,,,,,,Desconocido
Friendlies Clubs,667,World,Club Friendlies 5,True,2025-07-18,14787,1655,Spelle-Venhaus,SSV Jeddeloh,1,5,1.0,2.0,,,,,,,,,Desconocido
Friendlies Clubs,667,World,Club Friendlies 3,True,2025-07-18,96,72,Toulouse,QPR,1,2,1.0,2.0,,,,,,,,,Desconocido
Friendlies Clubs,667,World,Club Friendlies 5,True,2025-07-18,4961,8245,Traiskirchen,Admira II,3,2,1.0,2.0,,,,,,,,,Desconocido
Friendlies Clubs,667,World,Club Friendlies 5,True,2025-07-18,207,736,Utrecht,Charleroi,1,2,1.0,0.0,,,,,,,,,Desconocido
Friendlies Clubs,667,World,Club Friendlies 5,True,2025-07-18,1398,2929,WSG Wattens,Al-Ahli Jeddah,1,2,0.0,1.0,,,,,,,,,Desconocido
Friendlies Clubs,667,World,Club Friendlies 5,True,2025-07-18,4965,1395,Wiener SC,Floridsdorfer AC,0,1,0.0,1.0,,,,,,,,,Desconocido
I Liga,107,Poland,Regular Season - 1,False,2025-07-18,337,17115,Slask Wroclaw,Wieczysta Kraków,1,1,1.0,0.0,,,,,,,,,P. Gryckiewicz
I Liga,107,Poland,Regular Season - 1,False,2025-07-18,3498,6964,ŁKS Łódź,Znicz Pruszków,1,0,1.0,0.0,,,,,,,,,M. Piszczelok
K League 1,292,South-Korea,Regular Season - 22,False,2025-07-18,2747,2768,Daegu FC,Gimcheon Sangmu FC,2,3,2.0,1.0,,,,,,,,,"Sang-Hyeop Chae, South Korea"
K League 1,292,South-Korea,Regular Season - 22,False,2025-07-18,2756,2759,Suwon City FC,Gwangju FC,2,1,0.0,0.0,,,,,,,,,"Min-Seok Song, South Korea"
Kakkonen - Lohko A,247,Finland,Group A - 14,False,2025-07-18,13563,2243,JPS,MyPa,0,8,0.0,3.0,,,,,,,,,Ifeoma Kulmala
Kakkonen - Lohko B,248,Finland,Group B - 14,False,2025-07-18,2244,9185,TPV,Ilves II,0,2,0.0,2.0,,,,,,,,,Valentin Smirnov
Kansallinen Liiga,640,Finland,Regular Season - 11,False,2025-07-18,13990,16383,HJK W,HPS W,4,0,1.0,0.0,,,,,,,,,Jasmine Kaur
League 1 Ontario,923,Canada,Regular Season - 8,False,2025-07-18,19111,2620,St. Catharines Wolves,Vaughan Azzurri,1,1,1.0,0.0,,,,,,,,,Desconocido
League Cup,738,Wales,1st Round,True,2025-07-18,5610,6479,Caerau (Ely),Trefelin,3,4,0.0,3.0,,,,,,,,,Desconocido
League Cup,738,Wales,1st Round,True,2025-07-18,20360,6451,Flint Mountain,Denbigh Town,1,3,1.0,0.0,,,,,,,,,Desconocido
League Cup,738,Wales,1st Round,True,2025-07-18,5616,6465,Guilsfield,Mold Alexandra,3,0,2.0,0.0,,,,,,,,,Desconocido
League Cup,738,Wales,1st Round,True,2025-07-18,6457,5609,Holyhead Hotspur,Buckley Town,0,4,0.0,2.0,,,,,,,,,Desconocido
League Cup,738,Wales,1st Round,True,2025-07-18,2192,2190,Pontypridd Town,Cwmbran Celtic,0,0,0.0,0.0,,,,,,,,,Desconocido
League Cup,738,Wales,1st Round,True,2025-07-18,5624,5620,Ruthin Town,Penrhyncoch,0,0,0.0,0.0,,,,,,,,,Desconocido
League One,170,China,Regular Season - 17,False,2025-07-18,23269,5652,Guangzhou E-Power,Dalian Huayi,2,2,0.0,2.0,,,,,,,,,Huigang Li
Liga I,283,Romania,Regular Season - 2,False,2025-07-18,2579,2604,AFC Hermannstadt,Metaloglobus,2,2,2.0,0.0,,,,,,,,,I. Calin
Liga I,283,Romania,Regular Season - 2,False,2025-07-18,632,2592,Universitatea Craiova,Arges Pitesti,3,1,2.0,1.0,,,,,,,,,I. Coza
Liga MX,262,Mexico,Apertura - 2,True,2025-07-18,2314,2282,Atletico San Luis,Monterrey,0,1,0.0,1.0,,,,,,,,,"Joaquin Alberto Vizcarra Armenta, Mexico"
Liga MX,262,Mexico,Apertura - 2,True,2025-07-18,14002,2291,Mazatlán,Puebla,2,1,2.0,0.0,,,,,,,,,"Katia García, Mexico"
Liga MX,262,Mexico,Apertura - 2,True,2025-07-18,2288,2290,Necaxa,Club Queretaro,3,1,2.0,1.0,,,,,,,,,"Martin Molina Astorga, Mexico"
Liga MX Femenil,673,Mexico,Apertura - 2,True,2025-07-18,14869,14882,Juárez W,Puebla W,2,0,0.0,0.0,,,,,,,,,Desconocido
Liga MX Femenil,673,Mexico,Apertura - 2,True,2025-07-18,14871,14876,Querétaro W,Guadalajara W,0,1,0.0,0.0,,,,,,,,,Desconocido
Liga MX Femenil,673,Mexico,Apertura - 2,True,2025-07-18,14884,14880,Tigres UANL W,Necaxa W,4,0,1.0,0.0,,,,,,,,,Desconocido
Liga MX U21,1200,Mexico,Apertura - 2,True,2025-07-18,26827,26836,Atl. San Luis U21,Monterrey U21,3,1,3.0,1.0,,,,,,,,,Desconocido
Liga MX U21,1200,Mexico,Apertura - 2,True,2025-07-18,26835,26839,Mazatlan FC U21,Puebla U21,2,0,2.0,0.0,,,,,,,,,Desconocido
Liga MX U21,1200,Mexico,Apertura - 2,True,2025-07-18,26837,26840,Necaxa U21,Queretaro U21,0,0,0.0,0.0,,,,,,,,,Desconocido
Liga Panameña de Fútbol,304,Panama,Clausura - 1,True,2025-07-18,15620,15619,Veraguas,Herrera,4,1,0.0,0.0,,,,,,,,,Jorge Ivan Leira Estevez
Liga Pro,242,Ecuador,Regular Season - 21,False,2025-07-18,1153,1156,Independiente del Valle,Aucas,2,1,2.0,0.0,,,,,,,,,"Robert Cabrera, Ecuador"
Liga Profesional Argentina,128,Argentina,2nd Phase - 2,True,2025-07-18,455,1065,Atletico Tucuman,Central Cordoba de Santiago,1,1,1.0,0.0,,,,,,,,,"Carlos Andres Gariano, Argentina"
Liga Profesional Argentina,128,Argentina,2nd Phase - 2,True,2025-07-18,451,441,Boca Juniors,Union Santa Fe,1,1,0.0,0.0,,,,,,,,,"Nazareno Arasa, Argentina"
MLS Next Pro,909,USA,Regular Season - 25,False,2025-07-18,21140,18811,Huntsville City,Columbus Crew II,2,1,0.0,0.0,,,,,,,,,Wes Caouette
MLS Next Pro,909,USA,Regular Season - 25,False,2025-07-18,4011,18814,Portland Timbers II,Minnesota United II,1,1,1.0,1.0,,,,,,,,,Adorae Monroy
MLS Next Pro,909,USA,Regular Season - 25,False,2025-07-18,4019,10282,Sporting KC II,North Texas,1,4,0.0,3.0,,,,,,,,,Corbyn May
Mineiro U20,1107,Brazil,1st Phase - 9,True,2025-07-18,23643,25890,Athletic Club MG U20,Mamoré U20,3,0,1.0,0.0,,,,,,,,,Desconocido
National Football League,376,Fiji,Regular Season - 13,False,2025-07-18,4382,4386,Ba,Nasinu,9,1,,,,,,,,,,,Desconocido
National Football League,376,Fiji,Regular Season - 13,False,2025-07-18,4383,4384,Labasa,Lautoka,1,4,0.0,3.0,,,,,,,,,Desconocido
National Football League,376,Fiji,Regular Season - 13,False,2025-07-18,4388,4389,Suva,Tavua,3,0,,,,,,,,,,,Desconocido
National League - Central,954,New-Zealand,Central League - 14,True,2025-07-18,20672,24310,Miramar,Upper Hutt City,4,2,2.0,0.0,,,,,,,,,Desconocido
National League - Central,954,New-Zealand,Central League - 14,True,2025-07-18,20645,20648,Waterside Karori,Western Suburbs,0,6,0.0,4.0,,,,,,,,,Desconocido
National League - Central,954,New-Zealand,Central League - 14,True,2025-07-18,20646,20643,Wellington Olympic,North Wellington,5,1,1.0,1.0,,,,,,,,,Sean Lau
National League - Northern,956,New-Zealand,Northern League - 17,True,2025-07-18,25782,21123,Auckland II,Manurewa,4,1,2.0,1.0,,,,,,,,,Desconocido
National League - Northern,956,New-Zealand,Northern League - 17,True,2025-07-18,20649,23213,Auckland United,Tauranga City United,2,0,0.0,0.0,,,,,,,,,Desconocido
National League - Northern,956,New-Zealand,Northern League - 17,True,2025-07-18,20654,2537,Bay Olympic,Auckland City,1,0,1.0,0.0,,,,,,,,,Desconocido
National League - Northern,956,New-Zealand,Northern League - 17,True,2025-07-18,20650,20659,Birkenhead United,Western Springs,2,3,1.0,1.0,,,,,,,,,Desconocido
National League - Northern,956,New-Zealand,Northern League - 17,True,2025-07-18,13977,23212,Eastern Suburbs,East Coast Bays,1,1,1.0,0.0,,,,,,,,,Desconocido
National League - Southern,957,New-Zealand,Southern League - 13,True,2025-07-18,20652,20667,Christchurch United,Selwyn United,4,1,2.0,0.0,,,,,,,,,Caleb Downes
National League - Southern,957,New-Zealand,Southern League - 13,True,2025-07-18,20662,23210,Ferrymead Bays,Universities,4,2,2.0,2.0,,,,,,,,,Desconocido
National League - Southern,957,New-Zealand,Southern League - 13,True,2025-07-18,20666,20651,Nomads United,Cashmere Technical,2,3,0.0,2.0,,,,,,,,,Desconocido
National League - Southern,957,New-Zealand,Southern League - 13,True,2025-07-18,24318,20660,Wanaka,Coastal Spirit,0,4,0.0,1.0,,,,,,,,,Desconocido
New South Wales NPL,192,Australia,Regular Season - 24,False,2025-07-18,3773,14025,Sydney FC U23,Western Sydney Wanderers U23,1,2,0.0,2.0,,,,,,,,,Desconocido
Northern Super League,1182,Canada,Regular Season - 4,False,2025-07-18,25896,25899,AFC Toronto W,Montreal Roses W,1,2,0.0,1.0,,,,,,,,,Desconocido
Northern Territory Premier League,193,Australia,Regular Season - 15,False,2025-07-18,13973,3782,Darwin Hearts,Port Darwin,5,1,2.0,1.0,,,,,,,,,Desconocido
Northern Territory Premier League,193,Australia,Regular Season - 15,False,2025-07-18,23267,3783,Garuda,Uni Azzurri,1,4,1.0,2.0,,,,,,,,,Desconocido
Oberliga - Bayern Nord,938,Germany,Bayern Nord - 1,True,2025-07-18,12762,26067,Eltersdorf,Stadeln,0,2,0.0,1.0,,,,,,,,,Desconocido
Oberliga - Bayern Süd,939,Germany,Bayern Süd - 1,True,2025-07-18,12807,12724,Kottern,1860 München II,1,4,0.0,2.0,,,,,,,,,Desconocido
Paulista - U20,1086,Brazil,1st Phase - 12,True,2025-07-18,20744,22834,AC Guaratinguetá U20,Comercial de Tietê U20,3,0,3.0,0.0,,,,,,,,,Desconocido
Paulista - U20,1086,Brazil,1st Phase - 12,True,2025-07-18,23465,13061,Aguai U20,São Caetano U20,1,2,1.0,1.0,,,,,,,,,Desconocido
Paulista - U20,1086,Brazil,1st Phase - 12,True,2025-07-18,12993,18336,Capivariano U20,Ibrachina U20,0,1,0.0,1.0,,,,,,,,,Desconocido
Paulista - U20,1086,Brazil,1st Phase - 12,True,2025-07-18,23475,13026,Gremio Prudente U20,Mauá U20,2,0,2.0,0.0,,,,,,,,,Desconocido
Paulista - U20,1086,Brazil,1st Phase - 12,True,2025-07-18,13015,13027,Itapirense U20,Mirassol U20,0,0,0.0,0.0,,,,,,,,,Desconocido
Paulista - U20,1086,Brazil,1st Phase - 12,True,2025-07-18,13021,13006,Juventus U20,Ferroviária U20,0,2,0.0,1.0,,,,,,,,,Desconocido
Paulista - U20,1086,Brazil,1st Phase - 12,True,2025-07-18,22848,13005,Sfera U20,EC São Bernardo U20,0,1,0.0,0.0,,,,,,,,,Desconocido
Paulista - U20,1086,Brazil,1st Phase - 12,True,2025-07-18,18352,13037,São José EC U20,Osasco Audax U20,0,2,0.0,1.0,,,,,,,,,Desconocido
Paulista - U20,1086,Brazil,1st Phase - 12,True,2025-07-18,13063,13034,Tanabi SP U20,Oeste U20,0,0,0.0,0.0,,,,,,,,,Desconocido
Paulista - U20,1086,Brazil,1st Phase - 12,True,2025-07-18,13069,13033,Velo Clube U20,Novorizontino U20,0,3,0.0,0.0,,,,,,,,,Desconocido
Premier League,235,Russia,Regular Season - 1,False,2025-07-18,1088,2006,Dynamo,Baltika,1,1,0.0,1.0,,,,,,,,,"Yan Bobrovskiy, Russia"
Premier League,389,Kazakhstan,Regular Season - 17,False,2025-07-18,562,21502,FC Astana,Turan Turkistan,7,0,4.0,0.0,,,,,,,,,Daniyar Sakhi
Premier League,1031,Bhutan,Regular Season,False,2025-07-18,19007,25703,Ugyen Academy,Southern City,2,1,0.0,0.0,,,,,,,,,Desconocido
Primera A,239,Colombia,Clausura - 2,True,2025-07-18,1142,1139,Deportes Tolima,Santa Fe,0,1,0.0,0.0,,,,,,,,,"Diego Alejandro Ruiz Casas, Colombia"
Primera A,239,Colombia,Clausura - 2,True,2025-07-18,1465,1464,Union Magdalena,Llaneros,0,0,0.0,0.0,,,,,,,,,"Luis Didier Gracia Benitez, Colombia"
Primera B,240,Colombia,Clausura - 2,True,2025-07-18,1468,1145,Depor FC,Tigres FC,1,1,1.0,0.0,,,,,,,,,Emanuel Arcila González
Primera C,132,Argentina,Regular Season - 18,False,2025-07-18,8386,8397,Ituzaingó,Puerto Nuevo,3,0,1.0,0.0,,,,,,,,,Desconocido
Primera Division,396,Nicaragua,Apertura - 1,True,2025-07-18,4641,24510,Diriangén,Rancho Santana,6,0,2.0,0.0,,,,,,,,,Erlan Escorcia
Primera Division,396,Nicaragua,Apertura - 1,True,2025-07-18,4645,4646,Real Estelí,Real Madriz,2,1,1.0,0.0,,,,,,,,,Reynerio González
Primera Division,396,Nicaragua,Apertura - 1,True,2025-07-18,4648,4647,Walter Ferretti,UNAN Managua,3,0,1.0,0.0,,,,,,,,,Elier Aguirre
Primera División,281,Peru,Clausura - 1,True,2025-07-18,2560,2555,Alianza Atletico,Sport Huancayo,0,0,0.0,0.0,,,,,,,,,"Micke Palomino, Peru"
Primera División,299,Venezuela,Clausura - 3,True,2025-07-18,18806,2808,Anzoátegui FC,Caracas FC,0,1,0.0,1.0,,,,,,,,,José Uzcátegui
Primera División,281,Peru,Clausura - 1,True,2025-07-18,20960,2572,Deportivo Garcilaso,Club Deportivo Los Chankas,3,0,1.0,0.0,,,,,,,,,"Joel Alarcon, Peru"
Primera División,299,Venezuela,Clausura - 3,True,2025-07-18,2813,16847,Deportivo La Guaira,Rayo Zuliano,4,0,2.0,0.0,,,,,,,,,Rafael Torres Orozco
Primera División,265,Chile,Regular Season - 16,False,2025-07-18,2325,16730,Everton de Vina,Deportes Limache,0,0,0.0,0.0,,,,,,,,,"Miguel Araos Riquelme, Chile"
Primera División,281,Peru,Clausura - 1,True,2025-07-18,2540,2558,Universitario,Comerciantes Unidos,3,1,2.0,1.0,,,,,,,,,"Robin Segura, Peru"
Queensland Premier League,833,Australia,Regular Season - 18,False,2025-07-18,3756,11178,Caboolture,Holland Park Hawks,1,3,1.0,0.0,,,,,,,,,Desconocido
Reserve League,906,Argentina,2nd Phase - 1,True,2025-07-18,18699,18697,Talleres Córdoba Res.,San Lorenzo Res.,3,1,2.0,1.0,,,,,,,,,Desconocido
Reserve League,906,Argentina,2nd Phase - 1,True,2025-07-18,18700,18683,Tigre Res.,Colón Res.,2,1,2.0,1.0,,,,,,,,,Desconocido
Segunda División,711,Chile,Regular Season - 14,False,2025-07-18,18776,5636,Provincial Ovalle,Deportes Rengo,2,1,1.0,1.0,,,,,,,,,Bastián Ignacio Pavez Fernandez
Segunda División,300,Venezuela,Apertura - 16,True,2025-07-18,2837,2816,Titanes FC,Urena SC,2,2,1.0,1.0,,,,,,,,,Desconocido
Serie B,72,Brazil,Regular Season - 17,False,2025-07-18,144,140,Atletico Goianiense,Criciuma,0,1,0.0,0.0,,,,,,,,,"Paulo Roberto Alves Junior, Brazil"
Serie B,72,Brazil,Regular Season - 17,False,2025-07-18,7826,13975,Ferroviária,Athletic Club,1,2,1.0,1.0,,,,,,,,,"Anderson Ribeiro Goncalves, Brazil"
South Australia NPL,194,Australia,Regular Season - 18,False,2025-07-18,10010,16770,Modbury Jets,FK Beograd,1,0,0.0,0.0,,,,,,,,,Desconocido
South Australia NPL,194,Australia,Regular Season - 18,False,2025-07-18,16769,3789,West Torrens Birkalla,Adelaide United II,3,0,3.0,0.0,,,,,,,,,Desconocido
Super League,169,China,Regular Season - 17,False,2025-07-18,834,836,Changchun Yatai,SHANGHAI SIPG,1,3,0.0,1.0,,,,,,,,,"Jianxin Du, China"
Super League,169,China,Regular Season - 17,False,2025-07-18,848,21265,Hangzhou Greentown,Yunnan Yukun,3,1,0.0,1.0,,,,,,,,,"Kun Ai, China"
Super League,169,China,Regular Season - 17,False,2025-07-18,837,5648,Tianjin Teda,Chengdu Better City,2,1,0.0,0.0,,,,,,,,,"Memetjan Ahmet, China"
Super League,169,China,Regular Season - 17,False,2025-07-18,5695,17265,Wuhan Three Towns,Qingdao Youth Island,1,1,1.0,0.0,,,,,,,,,"Ming Fu, China"
Superliga,119,Denmark,Regular Season - 1,False,2025-07-18,2070,400,Viborg,FC Copenhagen,2,3,1.0,1.0,,,,,,,,,S. Putros
Supreme Division Women,649,Russia,Regular Season - 15,False,2025-07-18,16491,16492,Rubin Kazan W,Zvezda Perm W,2,0,2.0,0.0,,,,,,,,,Anastasia Varfolomeeva
Tasmania Northern Championship,1091,Australia,Regular Season - 14,False,2025-07-18,23509,23512,Launceston U21,Riverside Olympic U21,1,2,0.0,0.0,,,,,,,,,Desconocido
Tasmania Southern Championship,1093,Australia,Regular Season - 15,False,2025-07-18,14104,23523,Olympia Warriors,Hobart City,1,2,1.0,2.0,,,,,,,,,Desconocido
UEFA Championship - Women,743,World,Quarter-finals,True,2025-07-18,1736,1732,Spain W,Switzerland W,2,0,0.0,0.0,,,,,,,,,Maria Sole Ferrieri Caputi
USL Championship,255,USA,Regular Season - 20,False,2025-07-18,9043,4010,Detroit City,Pittsburgh Riverhounds,0,0,0.0,0.0,,,,,,,,,Abdou Ndiaye
USL Championship,255,USA,Regular Season - 20,False,2025-07-18,4005,3996,North Carolina,Indy Eleven,4,2,1.0,1.0,,,,,,,,,Joshua Encarnación
USL League One,489,USA,Regular Season - 11,False,2025-07-18,10283,4108,Union Omaha,Tormenta,1,2,1.0,2.0,,,,,,,,,Greg Dopka
USL League Two,256,USA,Conference - Quarter-finals,True,2025-07-18,23109,4109,Almaden,Tucson,0,0,0.0,0.0,,,,,,,,,Desconocido
USL League Two,256,USA,Conference - Quarter-finals,True,2025-07-18,10094,10067,Asheville City,Louisiana Krewe,2,3,1.0,2.0,,,,,,,,,Desconocido
USL League Two,256,USA,Conference - Quarter-finals,True,2025-07-18,18882,25954,Ballard,Colorado Storm,6,0,1.0,0.0,,,,,,,,,Desconocido
USL League Two,256,USA,Conference - Quarter-finals,True,2025-07-18,4047,23123,Des Moines Menace,Sueno,2,4,0.0,2.0,,,,,,,,,Desconocido
USL League Two,256,USA,Conference - Quarter-finals,True,2025-07-18,23116,9029,Dothan United,Little Rock Rangers,1,0,0.0,0.0,,,,,,,,,Desconocido
USL League Two,256,USA,Conference - Quarter-finals,True,2025-07-18,4049,9037,Evergreen,West Chester United,2,0,1.0,0.0,,,,,,,,,Desconocido
USL League Two,256,USA,Conference - Quarter-finals,True,2025-07-18,18894,4100,FC Motown II,Western Mass Pioneers,2,1,0.0,0.0,,,,,,,,,Desconocido
USL League Two,256,USA,Conference - Quarter-finals,True,2025-07-18,4052,23227,Flint City Bucks,Steel City,4,3,2.0,2.0,,,,,,,,,Desconocido
USL League Two,256,USA,Conference - Quarter-finals,True,2025-07-18,16679,18901,Fort Wayne,Midwest United,3,2,0.0,2.0,,,,,,,,,Desconocido
USL League Two,256,USA,Conference - Quarter-finals,True,2025-07-18,9028,25939,Laredo Heat,Fort Lauderdale United,1,2,1.0,1.0,,,,,,,,,Desconocido
USL League Two,256,USA,Conference - Quarter-finals,True,2025-07-18,4061,4066,Lionsbridge,North Carolina Fusion,4,0,2.0,0.0,,,,,,,,,Desconocido
USL League Two,256,USA,Conference - Quarter-finals,True,2025-07-18,10069,10101,Minneapolis City,Peoria,2,2,1.0,1.0,,,,,,,,,Desconocido
USL League Two,256,USA,Conference - Quarter-finals,True,2025-07-18,21289,25959,Sarasota Paradise,Sporting JAX,2,0,1.0,0.0,,,,,,,,,Desconocido
USL League Two,256,USA,Conference - Quarter-finals,True,2025-07-18,23127,25948,Utah United,Snohomish United,0,2,0.0,0.0,,,,,,,,,Desconocido
USL League Two,256,USA,Conference - Quarter-finals,True,2025-07-18,4093,25958,Ventura County Fusion,San Juan SC,2,1,2.0,0.0,,,,,,,,,Desconocido
USL League Two,256,USA,Conference - Quarter-finals,True,2025-07-18,18912,18897,Vermont Green,Hudson Valley Hammers,4,1,0.0,0.0,,,,,,,,,Desconocido
Veikkausliiga,244,Finland,Regular Season - 16,False,2025-07-18,2076,1164,Kooteepee,Inter Turku,2,2,2.0,2.0,,,,,,,,,"Petri Viljanen, Finland"
Victoria NPL,195,Australia,Regular Season - 22,False,2025-07-18,3802,3803,Green Gully,Heidelberg United,0,3,0.0,0.0,,,,,,,,,Desconocido
Victoria NPL,195,Australia,Regular Season - 22,False,2025-07-18,3808,3804,Oakleigh Cannons,Hume City,4,0,2.0,0.0,,,,,,,,,Desconocido
Victoria NPL,195,Australia,Regular Season - 22,False,2025-07-18,3810,3801,Port Melbourne,Dandenong Thunder,0,2,0.0,0.0,,,,,,,,,Desconocido
Victoria NPL,195,Australia,Regular Season - 22,False,2025-07-18,19705,3807,Preston Lions,Melbourne Knights,3,0,1.0,0.0,,,,,,,,,Desconocido
Victoria NPL 2,836,Australia,Regular Season - 22,False,2025-07-18,16780,16784,Brunswick City,Manningham United Blues,4,1,2.0,0.0,,,,,,,,,Desconocido
Victoria NPL 2,836,Australia,Regular Season - 22,False,2025-07-18,16783,20783,Langwarrin,Melbourne City II,0,3,0.0,3.0,,,,,,,,,Desconocido
Western Australia NPL,196,Australia,Regular Season - 17,False,2025-07-18,3824,3823,Stirling Lions,Sorrento,2,1,1.0,1.0,,,,,,,,,Desconocido
Ykkösliiga,1087,Finland,Regular Season - 16,False,2025-07-18,1168,9189,Turku PS,SalPa,3,2,2.0,0.0,,,,,,,,,Desconocido
Youth Championship,238,Russia,Regular Season - 15,False,2025-07-18,9217,19295,Akhmat Grozny U20,Fakel U19,3,0,1.0,0.0,,,,,,,,,Desconocido
Youth Championship,238,Russia,Regular Season - 15,False,2025-07-18,21615,17151,Baltika U19,Nizhny Novgorod U19,1,1,1.0,0.0,,,,,,,,,Desconocido
Youth Championship,238,Russia,Regular Season - 15,False,2025-07-18,7985,15175,Krasnodar U19,Akademiya Konoplev U20,6,1,3.0,0.0,,,,,,,,,Desconocido
Youth Championship,238,Russia,Regular Season - 15,False,2025-07-18,16595,16594,Rostov U19,Dinamo Moskva U19,2,0,0.0,0.0,,,,,,,,,Desconocido
Youth Championship,238,Russia,Regular Season - 15,False,2025-07-18,9227,7910,Sochi U20,Lokomotiv Moskva U19,0,0,0.0,0.0,,,,,,,,,Desconocido
Youth Championship,238,Russia,Regular Season - 15,False,2025-07-18,7996,7951,Spartak Moskva U19,CSKA Moskva U19,1,0,1.0,0.0,,,,,,,,,Desconocido
Youth Championship,238,Russia,Regular Season - 15,False,2025-07-18,9231,17150,Ural U20,Krylya Sovetov U19,2,4,1.0,3.0,,,,,,,,,Desconocido
Youth Championship,238,Russia,Regular Season - 15,False,2025-07-18,7941,9226,Zenit U19,Rubin Kazan U20,1,0,1.0,0.0,,,,,,,,,Desconocido
1. Division,388,Kazakhstan,Regular Season - 14,False,2025-07-17,4551,4544,Ekibastuz,Altay,1,3,0.0,1.0,,,,,,,,,Desconocido
1. Division,388,Kazakhstan,Regular Season - 14,False,2025-07-17,16609,4566,SD Family,Shakhter Karagandy,0,2,0.0,0.0,,,,,,,,,Desconocido
1. Division,388,Kazakhstan,Regular Season - 14,False,2025-07-17,16610,21009,Yassy Turkistan,AKAS,0,2,0.0,1.0,,,,,,,,,Desconocido
Brasileiro U17,1128,Brazil,1st Phase - 10,True,2025-07-17,24468,24477,America MG U17,Cuiaba U17,0,0,0.0,0.0,,,,,,,,,Desconocido
Brasileiro U20 A,740,Brazil,1st Phase - 18,True,2025-07-17,13008,12998,Fluminense U20,Corinthians U20,4,1,2.0,0.0,,,,,,,,,Desconocido
CONMEBOL Sudamericana,11,World,Knockout Round Play-offs,True,2025-07-17,1131,1062,Bucaramanga,Atletico-MG,0,1,0.0,0.0,,,,,,,,,"Alexis Herrera, Venezuela"
CONMEBOL Sudamericana,11,World,Knockout Round Play-offs,True,2025-07-17,2323,1174,Universidad de Chile,Club Guarani,5,0,1.0,0.0,,,,,,,,,"Leandro Rey Hilfer, Argentina"
Calcutta Premier Division,1020,India,Regular Season - 6,False,2025-07-17,15749,21612,Bhawanipore,Wari,3,0,0.0,0.0,,,,,,,,,Desconocido
Calcutta Premier Division,1020,India,Regular Season - 6,False,2025-07-17,21606,15585,Kidderpore,Mohammedan,3,2,1.0,1.0,,,,,,,,,Desconocido
Calcutta Premier Division,1020,India,Regular Season - 6,False,2025-07-17,21215,24100,Rainbow,Calcutta Police,3,0,2.0,0.0,,,,,,,,,Desconocido
Copa Paraguay,501,Paraguay,2nd Round,True,2025-07-17,3832,2138,12 de Octubre,Guairena FC,3,0,1.0,0.0,,,,,,,,,Desconocido
Copa Paraguay,501,Paraguay,2nd Round,True,2025-07-17,10483,1180,Silvio Pettirossi,Deportivo Capiata,0,0,0.0,0.0,,,,,,,,,Desconocido
Copa Paraguay,501,Paraguay,2nd Round,True,2025-07-17,26685,1184,Torres Cue - Paso Yobai,Club River Plate,1,2,0.0,1.0,,,,,,,,,Desconocido
Copa de la División Profesional,964,Bolivia,Copa Bolivia - 5,True,2025-07-17,15708,20252,Real Tomayapo,Real Oruro,1,1,1.0,0.0,,,,,,,,,G. Vera
Copa de la División Profesional,964,Bolivia,Copa Bolivia - 5,True,2025-07-17,3711,3700,The Strongest,Always Ready,2,1,0.0,0.0,,,,,,,,,G. Vargas
Cup,657,Estonia,Round of 128,True,2025-07-17,14309,23682,Läänemaa Haapsalu,Kohtla-Järve,2,1,1.0,0.0,,,,,,,,,Desconocido
Esiliiga A,328,Estonia,Regular Season - 14,False,2025-07-17,10059,3518,Nõmme United,Flora II,4,1,4.0,1.0,,,,,,,,,Kristjan Siilak
Friendlies Clubs,667,World,Club Friendlies 5,True,2025-07-17,575,3402,AEK Athens FC,Omonia Nicosia,1,0,0.0,0.0,,,,,,,,,Desconocido
Friendlies Clubs,667,World,Club Friendlies 5,True,2025-07-17,9359,10255,Bahlinger SC,Freiburg U19,4,2,,,,,,,,,,,Desconocido
Friendlies Clubs,667,World,Club Friendlies 5,True,2025-07-17,549,10538,Beşiktaş,Petržalka,1,2,0.0,2.0,,,,,,,,,Julian Weinberger
Friendlies Clubs,667,World,Club Friendlies 5,True,2025-07-17,5351,5339,Dungannon Swifts,Ballinamallard United,4,0,3.0,0.0,,,,,,,,,Desconocido
Friendlies Clubs,667,World,Club Friendlies 5,True,2025-07-17,1011,181,FC ST. Gallen,SV Darmstadt 98,2,4,1.0,4.0,,,,,,,,,Desconocido
Friendlies Clubs,667,World,Club Friendlies 5,True,2025-07-17,158,564,Fortuna Düsseldorf,Başakşehir,0,1,0.0,0.0,,,,,,,,,Desconocido
Friendlies Clubs,667,World,Club Friendlies 2,True,2025-07-17,607,1007,Konyaspor,Rizespor,2,1,2.0,0.0,,,,,,,,,Desconocido
Friendlies Clubs,667,World,Club Friendlies 5,True,2025-07-17,16749,3619,Mladost DG,Oleksandria,2,1,1.0,1.0,,,,,,,,,Desconocido
Friendlies Clubs,667,World,Club Friendlies 5,True,2025-07-17,616,2255,NK Osijek,Ujpest,0,1,0.0,0.0,,,,,,,,,Desconocido
Friendlies Clubs,667,World,Club Friendlies 5,True,2025-07-17,1018,3619,NK Slaven Belupo,Oleksandria,2,1,1.0,1.0,,,,,,,,,Desconocido
Friendlies Clubs,667,World,Club Friendlies 5,True,2025-07-17,1483,599,NK Varazdin,Zorya Luhansk,2,1,1.0,0.0,,,,,,,,,Desconocido
Friendlies Clubs,667,World,Club Friendlies 1,True,2025-07-17,216,611,Portimonense,Fenerbahçe,1,2,0.0,1.0,,,,,,,,,Marcos Roberto Viegas Brazão
Friendlies Clubs,667,World,Club Friendlies 5,True,2025-07-17,2068,399,Skive,Vendsyssel FF,0,1,0.0,1.0,,,,,,,,,Desconocido
Friendlies Clubs,667,World,Club Friendlies 1,True,2025-07-17,998,11238,Trabzonspor,Araz,2,3,1.0,1.0,,,,,,,,,Desconocido
Kakkonen - Lohko B,248,Finland,Group B - 13,False,2025-07-17,2245,9188,Musa,P-Iirot,1,1,0.0,0.0,,,,,,,,,Mikko Juusola
Kansallinen Liiga,640,Finland,Regular Season - 11,False,2025-07-17,13997,13992,KuPS W,JyPK W,1,0,1.0,0.0,,,,,,,,,Satu Miettunen
Liga Pro Serie B,243,Ecuador,Regular Season - 18,False,2025-07-17,2238,10111,Ind. Juniors,9 de Octubre,1,0,1.0,0.0,,,,,,,,,Eloy Beltran
Liga Pro Serie B,243,Ecuador,Regular Season - 18,False,2025-07-17,19042,1986,Vargas Torres,Gualaceo SC,3,0,2.0,0.0,,,,,,,,,Bryan Acosta
MLS Next Pro,909,USA,Regular Season - 24,False,2025-07-17,18813,4028,Houston Dynamo FC II,Vancouver Whitecaps II,2,4,1.0,2.0,,,,,,,,,Kaitlyn Trowbridge
MLS Next Pro,909,USA,Regular Season - 24,False,2025-07-17,4020,4012,Tacoma Defiance,Real Monarchs,2,2,1.0,0.0,,,,,,,,,Felix Granados
Paulista - U20,1086,Brazil,1st Phase - 12,True,2025-07-17,23485,18356,Referencia U20,União São João U20,2,1,1.0,0.0,,,,,,,,,Desconocido
Premier Division,1080,Grenada,Regular Season - 13,False,2025-07-17,23370,23368,SAB Spartans,Hurricanes,1,4,1.0,2.0,,,,,,,,,Desconocido
Premier League,390,Lebanon,Championship Round - 15,True,2025-07-17,4570,4577,Al Nejmeh,Tadamon Sour,4,1,0.0,1.0,,,,,,,,,Doumouh Ibrahim Al Bakkar
Primera Division,396,Nicaragua,Apertura - 1,True,2025-07-17,4644,10160,Managua,Jalapa,4,2,1.0,0.0,,,,,,,,,Ricardo Hernandez
Primera Division,396,Nicaragua,Apertura - 1,True,2025-07-17,19159,17135,Matagalpa,H&H Export,3,2,1.0,1.0,,,,,,,,,Guilmarth Matus
Reserve League,906,Argentina,2nd Phase - 1,True,2025-07-17,18676,18682,Aldosivi Res.,Central Córdoba SdE Res.,0,1,0.0,1.0,,,,,,,,,Desconocido
Reserve League,906,Argentina,2nd Phase - 1,True,2025-07-17,18677,18681,Argentinos Juniors Res.,Boca Juniors Res.,1,2,1.0,0.0,,,,,,,,,Desconocido
Reserve League,906,Argentina,2nd Phase - 1,True,2025-07-17,18678,25592,Atlético Tucumán Res.,San Martín San Juan Res.,1,0,0.0,0.0,,,,,,,,,Desconocido
Reserve League,906,Argentina,2nd Phase - 1,True,2025-07-17,22938,18691,Independiente Riva. Res.,Newell's Old Boys Res.,3,0,1.0,0.0,,,,,,,,,Desconocido
Reserve League,906,Argentina,2nd Phase - 1,True,2025-07-17,18701,18685,Unión Santa Fe Res.,Estudiantes La Plata Res,2,1,1.0,0.0,,,,,,,,,Desconocido
Serie A,71,Brazil,Regular Season - 14,False,2025-07-17,124,135,Fluminense,Cruzeiro,0,2,0.0,2.0,,,,,,,,,"Rafael Rodrigo Klein, Brazil"
Serie B,72,Brazil,Regular Season - 17,False,2025-07-17,1223,146,Operario-PR,CRB,1,1,1.0,1.0,,,,,,,,,"Emerson Ricardo de Almeida Andrade, Brazil"
Serie B,72,Brazil,Regular Season - 17,False,2025-07-17,1198,7834,Remo,Novorizontino,1,1,1.0,1.0,,,,,,,,,"Afro Rocha De Carvalho Filho, Brazil"
UEFA Championship - Women,743,World,Quarter-finals,True,2025-07-17,1739,1721,Sweden W,England W,2,2,2.0,0.0,,,,,,,,,Marta Huerta de Aza
UEFA Europa Conference League,848,World,1st Qualifying Round,True,2025-07-17,4149,3339,BFC Daugavpils,Vllaznia Shkodër,2,4,2.0,2.0,,,,,,,,,"Karel Roucek, Czechia"
UEFA Europa Conference League,848,World,1st Qualifying Round,True,2025-07-17,2266,698,Cliftonville FC,St Joseph S Fc,2,3,1.0,1.0,,,,,,,,,"Sven Wolfensberger, Switzerland"
UEFA Europa Conference League,848,World,1st Qualifying Round,True,2025-07-17,3499,2030,Dila,Racing FC Union Luxembourg,1,0,0.0,0.0,,,,,,,,,"Milos Gigovic, Bosnia & Herzegovina"
UEFA Europa Conference League,848,World,1st Qualifying Round,True,2025-07-17,386,673,Dinamo Brest,Sutjeska,0,2,0.0,0.0,,,,,,,,,"Mehmet Turkmen, Türkiye"
UEFA Europa Conference League,848,World,1st Qualifying Round,True,2025-07-17,578,3345,F91 Dudelange,Atlètic Club d'Escaldes,2,3,1.0,1.0,,,,,,,,,"Rares George Vidican, Romania"
UEFA Europa Conference League,848,World,1st Qualifying Round,True,2025-07-17,591,3364,FC Santa Coloma,Borac Banja Luka,0,2,0.0,0.0,,,,,,,,,"Jeremy Muller, Luxembourg"
UEFA Europa Conference League,848,World,1st Qualifying Round,True,2025-07-17,663,385,FK Rabotnicki,Torpedo Zhodino,0,1,0.0,1.0,,,,,,,,,"Ion Orlic, Moldova"
UEFA Europa Conference League,848,World,1st Qualifying Round,True,2025-07-17,687,274,Flora Tallinn,Valur Reykjavik,1,2,1.0,1.0,,,,,,,,,"Oscar Johnson, Sweden"
UEFA Europa Conference League,848,World,1st Qualifying Round,True,2025-07-17,649,682,HJK Helsinki,NSI Runavik,5,0,1.0,0.0,,,,,,,,,"Helgi Mikael Jonasson, Iceland"
UEFA Europa Conference League,848,World,1st Qualifying Round,True,2025-07-17,2194,4625,Haverfordwest County AFC,Floriana,2,3,2.0,2.0,,,,,,,,,"Joao Antonio Ferreira Goncalves, Portugal"
UEFA Europa Conference League,848,World,1st Qualifying Round,True,2025-07-17,3861,3843,Hegelmann Litauen,St Patrick's Athl.,0,2,0.0,1.0,,,,,,,,,"Mads Kristoffer Kristoffersen, Denmark"
UEFA Europa Conference League,848,World,1st Qualifying Round,True,2025-07-17,701,689,KI Klaksvik,SJK,2,0,0.0,0.0,,,,,,,,,"Wojciech Myc, Poland"
UEFA Europa Conference League,848,World,1st Qualifying Round,True,2025-07-17,4374,654,Koper,Zeljeznicar Sarajevo,3,1,3.0,1.0,,,,,,,,,"Menelaos Antoniou, Cyprus"
UEFA Europa Conference League,848,World,1st Qualifying Round,True,2025-07-17,2249,574,La Fiorita,Vardar Skopje,2,2,1.0,0.0,,,,,,,,,"Aaron Wyn Jones, Wales"
UEFA Europa Conference League,848,World,1st Qualifying Round,True,2025-07-17,387,2276,Neman,FC Urartu,4,0,1.0,0.0,,,,,,,,,"Milos Boskovic, Montenegro"
UEFA Europa Conference League,848,World,1st Qualifying Round,True,2025-07-17,692,685,Ordabasy,Torpedo Kutaisi,1,1,0.0,1.0,,,,,,,,,"Nikola Popov, Bulgaria"
UEFA Europa Conference League,848,World,1st Qualifying Round,True,2025-07-17,3528,16135,Paide,Magpies,4,1,1.0,0.0,,,,,,,,,"Klim Zabroda, Ukraine"
UEFA Europa Conference League,848,World,1st Qualifying Round,True,2025-07-17,708,662,Partizani,Kalju Nomme,0,1,0.0,0.0,,,,,,,,,"Trustin Farrugia Cann, Malta"
UEFA Europa Conference League,848,World,1st Qualifying Round,True,2025-07-17,2191,3872,Penybont,Kauno Žalgiris,1,1,1.0,1.0,,,,,,,,,"Marton Rusz, Hungary"
UEFA Europa Conference League,848,World,1st Qualifying Round,True,2025-07-17,2271,2277,Petrocub,Birkirkara,3,0,1.0,0.0,,,,,,,,,"Oguzhan Cakir, Türkiye"
UEFA Europa Conference League,848,World,1st Qualifying Round,True,2025-07-17,709,2260,Pyunik Yerevan,Tre Fiori,5,0,3.0,0.0,,,,,,,,,"Florjan Lata, Albania"
UEFA Europa Conference League,848,World,1st Qualifying Round,True,2025-07-17,4331,3745,Sileks,Dečić,2,1,1.0,1.0,,,,,,,,,"Viktor Shimusik, Belarus"
UEFA Europa Conference League,848,World,1st Qualifying Round,True,2025-07-17,278,15576,Vikingur Reykjavik,Malisheva,8,0,5.0,0.0,,,,,,,,,"Robertas Valikonis, Lithuania"
UEFA Europa League,3,World,1st Qualifying Round,True,2025-07-17,4563,339,Aktobe,Legia Warszawa,0,1,0.0,0.0,,,,,,,,,"Granit Maqedonci, Sweden"
UEFA Europa League,3,World,1st Qualifying Round,True,2025-07-17,367,1120,BK Hacken,Spartak Trnava,2,2,1.0,0.0,,,,,,,,,"Ivar Orri Kristjansson, Iceland"
UEFA Europa League,3,World,1st Qualifying Round,True,2025-07-17,2246,2390,CFR 1907 Cluj,Paks,3,0,1.0,0.0,,,,,,,,,"Kyriakos Athanasiou, Cyprus"
UEFA Europa League,3,World,1st Qualifying Round,True,2025-07-17,4360,13976,Celje,Sabah FA,3,3,1.0,1.0,,,,,,,,,"Dragomir Draganov, Bulgaria"
UEFA Europa League,3,World,1st Qualifying Round,True,2025-07-17,573,614,FK Partizan,AEK Larnaca,1,0,0.0,0.0,,,,,,,,,"Gustavo Correia, Portugal"
UEFA Europa League,3,World,1st Qualifying Round,True,2025-07-17,563,646,Hapoel Beer Sheva,Levski Sofia,1,1,0.0,0.0,,,,,,,,,"Florian Badstubner, Germany"
UEFA Europa League,3,World,1st Qualifying Round,True,2025-07-17,1163,550,Ilves,Shakhtar Donetsk,0,0,0.0,0.0,,,,,,,,,"Mohammad Usman Aslam, Norway"
UEFA Europa League,3,World,1st Qualifying Round,True,2025-07-17,680,568,Prishtina,Sheriff Tiraspol,2,1,0.0,0.0,,,,,,,,,"Henrik Nalbandyan, Armenia"
Úrvalsdeild,164,Iceland,Regular Season - 15,False,2025-07-17,3514,2117,Afturelding,Fram Reykjavik,1,1,0.0,0.0,,,,,,,,,Gunnar Oddur Haflidason
ASEAN Championship U23,908,World,Group Stage - 1,False,2025-07-16,10931,10942,Cambodia U23,Laos U23,1,1,0.0,1.0,,,,,,,,,Ryan Nanda Saputra
ASEAN Championship U23,908,World,Group Stage - 1,False,2025-07-16,10948,10961,Myanmar U23,Timor-Leste U23,4,4,2.0,1.0,,,,,,,,,Naufal Adya Fairuski
Asian Cup Women - Qualification,894,World,Qualifying Round - 4,True,2025-07-16,16933,20452,Jordan W,Bhutan W,3,0,2.0,0.0,,,,,,,,,Desconocido
Asian Cup Women - Qualification,894,World,Qualifying Round - 4,True,2025-07-16,16935,16932,Lebanon W,Iran W,3,1,2.0,0.0,,,,,,,,,Desconocido
Brasileiro U17,1128,Brazil,1st Phase - 10,True,2025-07-16,24471,24486,Atlético Mineiro U17,Santos U17,1,1,0.0,1.0,,,,,,,,,Desconocido
Brasileiro U20 A,740,Brazil,1st Phase - 18,True,2025-07-16,12981,13009,América Mineiro U20,Fortaleza U20,0,1,0.0,1.0,,,,,,,,,Desconocido
Brasileiro U20 A,740,Brazil,1st Phase - 18,True,2025-07-16,12986,12968,Atlético GO U20,Palmeiras U20,0,2,0.0,1.0,,,,,,,,,Desconocido
Brasileiro U20 A,740,Brazil,1st Phase - 18,True,2025-07-16,12954,22875,Bahia U20,Botafogo U20,3,0,1.0,0.0,,,,,,,,,Desconocido
Brasileiro U20 A,740,Brazil,1st Phase - 18,True,2025-07-16,13000,12973,Cruzeiro U20,São Paulo U20,0,1,0.0,1.0,,,,,,,,,Desconocido
Brasileiro U20 A,740,Brazil,1st Phase - 18,True,2025-07-16,13011,13001,Grêmio U20,Cuiabá U20,2,4,0.0,3.0,,,,,,,,,Desconocido
Brasileiro U20 A,740,Brazil,1st Phase - 18,True,2025-07-16,13020,12979,Juventude U20,Vasco da Gama U20,0,1,0.0,0.0,,,,,,,,,Desconocido
Brasileiro U20 A,740,Brazil,1st Phase - 18,True,2025-07-16,18345,12962,RB Bragantino U20,Internacional U20,1,0,0.0,0.0,,,,,,,,,Desconocido
Brasileiro U20 A,740,Brazil,1st Phase - 18,True,2025-07-16,13055,12984,Santos U20,Athletico PR U20,2,1,0.0,1.0,,,,,,,,,Desconocido
Brisbane Premier League,191,Australia,Regular Season - 8,False,2025-07-16,3763,11179,Univ. Queensland,Ipswich Knights,1,0,0.0,0.0,,,,,,,,,Desconocido
Brisbane Premier League,191,Australia,Regular Season - 6,False,2025-07-16,25451,17072,Yeronga Eagles,Newmarket,1,2,0.0,0.0,,,,,,,,,Desconocido
CONMEBOL Sudamericana,11,World,Knockout Round Play-offs,True,2025-07-16,2553,130,Alianza Lima,Gremio,2,0,0.0,0.0,,,,,,,,,"Wilmar Roldan, Colombia"
CONMEBOL Sudamericana,11,World,Knockout Round Play-offs,True,2025-07-16,3702,2318,Bolívar,Palestino,3,0,0.0,0.0,,,,,,,,,"Flavio Rodrigues De Souza, Brazil"
CONMEBOL Sudamericana,11,World,Knockout Round Play-offs,True,2025-07-16,17760,1136,San Antonio Bulo Bulo,Once Caldas,0,3,0.0,0.0,,,,,,,,,"Augusto Bergelio Aragon Bautista, Ecuador"
Calcutta Premier Division,1020,India,Regular Season - 6,False,2025-07-16,21599,24102,Calcutta Customs,Measurers,1,2,1.0,0.0,,,,,,,,,Desconocido
Calcutta Premier Division,1020,India,Regular Season - 6,False,2025-07-16,3467,21605,Mohun Bagan,Kalighat,2,1,1.0,1.0,,,,,,,,,Desconocido
Catarinense U20,1076,Brazil,1st Phase - 16,True,2025-07-16,18329,23321,Concórdia U20,Barra SC U20,2,2,1.0,2.0,,,,,,,,,Desconocido
Catarinense U20,1076,Brazil,1st Phase - 13,True,2025-07-16,13019,12999,Joinville U20,Criciuma U20,1,0,1.0,0.0,,,,,,,,,Desconocido
Catarinense U20,1076,Brazil,1st Phase - 15,True,2025-07-16,23325,23322,Nação U20,Brusque U20,0,0,0.0,0.0,,,,,,,,,Desconocido
Copa America Femenina,926,World,1st Round - 1,True,2025-07-16,16924,1726,Bolivia W,Brazil W,0,6,0.0,3.0,,,,,,,,,Roberta Echeverría
Copa America Femenina,926,World,1st Round - 1,True,2025-07-16,18264,1737,Venezuela W,Colombia W,0,0,0.0,0.0,,,,,,,,,Dione Stephania Rissios Durán
Copa Chile,267,Chile,Quarter-finals,True,2025-07-16,2329,2316,A. Italiano,Curico Unido,1,0,0.0,0.0,,,,,,,,,Diego Enrique Flores Seguel
Copa Chile,267,Chile,Quarter-finals,True,2025-07-16,2328,2337,Huachipato,Nublense,2,1,2.0,0.0,,,,,,,,,Cristián Marcelo Garay Reyes
Copa Chile,267,Chile,Quarter-finals,True,2025-07-16,2333,2341,Santiago Wanderers,D. La Serena,1,5,1.0,3.0,,,,,,,,,Nicolás Gamboa
Copa Ecuador,917,Ecuador,Round of 32,True,2025-07-16,1985,1158,CD Olmedo,LDU de Quito,1,1,0.0,1.0,,,,,,,,,Desconocido
Copa Ecuador,917,Ecuador,Round of 32,True,2025-07-16,24067,18762,La Cantera de Pastaza,Libertad,0,0,0.0,0.0,,,,,,,,,Desconocido
Copa Paraguay,501,Paraguay,2nd Round,True,2025-07-16,10477,23155,General Caballero CG,Encarnación,0,4,0.0,1.0,,,,,,,,,Desconocido
Copa Paraguay,501,Paraguay,2nd Round,True,2025-07-16,26687,10488,Sportivo Oliveño,Sportivo Limpeño,1,5,0.0,3.0,,,,,,,,,Desconocido
Copa Paulista,742,Brazil,1st Round - 5,True,2025-07-16,22946,16058,Francana,Botafogo SP B,0,0,0.0,0.0,,,,,,,,,Murilo Tarrega Victor
Copa Paulista,742,Brazil,1st Round - 5,True,2025-07-16,20714,1201,Itapirense,Inter De Limeira,2,4,0.0,3.0,,,,,,,,,Gabriel Henrique Meira Bispo
Copa Paulista,742,Brazil,1st Round - 6,True,2025-07-16,10021,20713,Monte Azul,Grêmio Prudente,1,1,0.0,0.0,,,,,,,,,Rodrigo Gomes Paes Domingues
Copa de la División Profesional,964,Bolivia,Copa Bolivia - 5,True,2025-07-16,3707,3704,Oriente Petrolero,Guabirá,2,1,1.0,0.0,,,,,,,,,Ángel Flores
EAFF E-1 Football Championship - Women,1188,World,Final Round - 3,True,2025-07-16,1720,1723,Japan W,China W,0,0,0.0,0.0,,,,,,,,,Pansa Chaisanit
EAFF E-1 Football Championship - Women,1188,World,Final Round - 3,True,2025-07-16,1728,17886,South Korea W,Chinese Taipei W,2,0,0.0,0.0,,,,,,,,,Khin Nyein Chan
Eliteserien,103,Norway,Regular Season - 5,False,2025-07-16,2149,327,Fredrikstad,Bodo/Glimt,0,1,0.0,0.0,,,,,,,,,"Rohit Saggi, Norway"
Emperor Cup,102,Japan,3rd Round,True,2025-07-16,311,26061,Albirex Niigata,Toyo University,1,2,0.0,1.0,,,,,,,,,Takuto Okabe
Emperor Cup,102,Japan,3rd Round,True,2025-07-16,316,805,Avispa Fukuoka,Kitakyushu,0,0,0.0,0.0,,,,,,,,,Hiroki Kasahara
Emperor Cup,102,Japan,3rd Round,True,2025-07-16,291,299,Cerezo Osaka,Tokushima Vortis,2,0,0.0,0.0,,,,,,,,,Daichi Shiino
Emperor Cup,102,Japan,3rd Round,True,2025-07-16,292,298,FC Tokyo,Oita Trinita,2,0,2.0,0.0,,,,,,,,,Yoshiro Imamura
Emperor Cup,102,Japan,3rd Round,True,2025-07-16,293,312,Gamba Osaka,Montedio Yamagata,4,4,1.0,2.0,,,,,,,,,Yusuke Araki
Emperor Cup,102,Japan,3rd Round,True,2025-07-16,290,285,Kashima,V-varen Nagasaki,2,1,1.0,0.0,,,,,,,,,Koei Koya
Emperor Cup,102,Japan,3rd Round,True,2025-07-16,294,4324,Kawasaki Frontale,Sagamihara,0,0,0.0,0.0,,,,,,,,,Jumpei Iida
Emperor Cup,102,Japan,3rd Round,True,2025-07-16,302,307,Kyoto Sanga,Yokohama FC,3,3,0.0,0.0,,,,,,,,,Yuzo Sutani
Emperor Cup,102,Japan,3rd Round,True,2025-07-16,303,4322,Machida Zelvia,Kataller Toyama,2,1,1.0,1.0,,,,,,,,,Koki Nagamine
Emperor Cup,102,Japan,3rd Round,True,2025-07-16,288,314,Nagoya Grampus,Roasso Kumamoto,2,1,1.0,0.0,,,,,,,,,Keigo Sendachi
Emperor Cup,102,Japan,3rd Round,True,2025-07-16,10406,4315,Reinmeer Aomori,Blaublitz Akita,1,2,1.0,2.0,,,,,,,,,Yoshimi Yamashita
Emperor Cup,102,Japan,3rd Round,True,2025-07-16,282,4317,Sanfrecce Hiroshima,Fujieda MYFC,5,2,2.0,2.0,,,,,,,,,Koichiro Fukushima
Emperor Cup,102,Japan,3rd Round,True,2025-07-16,284,283,Shonan Bellmare,Shimizu S-pulse,0,1,0.0,0.0,,,,,,,,,Naoto Uehara
Emperor Cup,102,Japan,3rd Round,True,2025-07-16,306,295,Tokyo Verdy,Sagan Tosu,1,0,0.0,0.0,,,,,,,,,Ryo Tanimoto
Emperor Cup,102,Japan,3rd Round,True,2025-07-16,289,308,Vissel Kobe,Ventforet Kofu,2,1,0.0,0.0,,,,,,,,,Masuya Ueda
Fotbolti.net Cup A,815,Iceland,Round of 16,True,2025-07-16,18366,4170,Fjardabyggd / Leiknir,Kári,3,0,1.0,0.0,,,,,,,,,Desconocido
Fotbolti.net Cup A,815,Iceland,Round of 16,True,2025-07-16,4173,4167,KFG,Ægir,3,2,1.0,0.0,,,,,,,,,Desconocido
Fotbolti.net Cup A,815,Iceland,Round of 16,True,2025-07-16,4163,6087,KV,Höttur / Huginn,1,2,0.0,2.0,,,,,,,,,Desconocido
Fotbolti.net Cup A,815,Iceland,Round of 16,True,2025-07-16,4168,4171,Tindastóll,Thróttur Vogar,3,2,1.0,0.0,,,,,,,,,Desconocido
Fotbolti.net Cup A,815,Iceland,Round of 16,True,2025-07-16,828,6101,Vikingur Olafsiik,Reynir,3,1,1.0,1.0,,,,,,,,,Desconocido
Fotbolti.net Cup A,815,Iceland,Round of 16,True,2025-07-16,6109,6115,Álftanes,Ýmir,4,7,2.0,1.0,,,,,,,,,Desconocido
Fotbolti.net Cup A,815,Iceland,Round of 16,True,2025-07-16,18479,6093,Árbær,Kormákur / Hvöt,3,4,1.0,3.0,,,,,,,,,Desconocido
Friendlies Clubs,667,World,Club Friendlies 5,True,2025-07-16,2060,11566,AB Copenhagen,Sundby,7,1,6.0,1.0,,,,,,,,,Desconocido
Friendlies Clubs,667,World,Club Friendlies 5,True,2025-07-16,2034,1634,AS Jeunesse Esch,FC 08 Homburg,0,4,0.0,1.0,,,,,,,,,Desconocido
Friendlies Clubs,667,World,Club Friendlies 5,True,2025-07-16,238,218,Academico Viseu,Tondela,1,1,1.0,0.0,,,,,,,,,Desconocido
Friendlies Clubs,667,World,Club Friendlies 1,True,2025-07-16,194,619,Ajax,PAOK,2,1,1.0,0.0,,,,,,,,,Joey Kooij
Friendlies Clubs,667,World,Club Friendlies 5,True,2025-07-16,4724,4726,Alverca,Amora,2,0,,,,,,,,,,,Desconocido
Friendlies Clubs,667,World,Club Friendlies 5,True,2025-07-16,19753,4194,Aresimi,Akademija Pandev,3,0,1.0,0.0,,,,,,,,,Desconocido
Friendlies Clubs,667,World,Club Friendlies 5,True,2025-07-16,188,14709,Arminia Bielefeld,Imst,3,1,3.0,1.0,,,,,,,,,Desconocido
Friendlies Clubs,667,World,Club Friendlies 5,True,2025-07-16,565,37,BSC Young Boys,Huddersfield,1,1,1.0,0.0,,,,,,,,,Desconocido
Friendlies Clubs,667,World,Club Friendlies 3,True,2025-07-16,8657,1334,Bath City,Bristol Rovers,0,1,0.0,0.0,,,,,,,,,Desconocido
Friendlies Clubs,667,World,Club Friendlies 3,True,2025-07-16,9325,1328,Bayreuth,Chemnitzer FC,1,3,1.0,0.0,,,,,,,,,Desconocido
Friendlies Clubs,667,World,Club Friendlies 5,True,2025-07-16,1832,1379,Bromley,Lincoln,4,3,2.0,0.0,,,,,,,,,Desconocido
Friendlies Clubs,667,World,Club Friendlies 5,True,2025-07-16,16875,7296,Bílovec,Hlučín,1,4,0.0,1.0,,,,,,,,,Desconocido
Friendlies Clubs,667,World,Club Friendlies 5,True,2025-07-16,724,4662,Cadiz,União de Leiria,1,5,0.0,3.0,,,,,,,,,Desconocido
Friendlies Clubs,667,World,Club Friendlies 5,True,2025-07-16,353,20364,Cardiff MET,Newport City,1,1,1.0,0.0,,,,,,,,,Desconocido
Friendlies Clubs,667,World,Club Friendlies 5,True,2025-07-16,223,809,Chaves,Fafe,1,0,1.0,0.0,,,,,,,,,Desconocido
Friendlies Clubs,667,World,Club Friendlies 3,True,2025-07-16,569,1017,Club Brugge KV,NK Lokomotiva Zagreb,3,0,0.0,0.0,,,,,,,,,Desconocido
Friendlies Clubs,667,World,Club Friendlies 5,True,2025-07-16,230,21208,Estoril,Marítimo,2,3,,,,,,,,,,,Desconocido
Friendlies Clubs,667,World,Club Friendlies 5,True,2025-07-16,551,2179,FC Basel 1893,FC WIL 1900,1,1,1.0,0.0,,,,,,,,,Desconocido
Friendlies Clubs,667,World,Club Friendlies 3,True,2025-07-16,1639,164,FC Saarbrücken,FSV Mainz 05,1,4,0.0,4.0,,,,,,,,,Desconocido
Friendlies Clubs,667,World,Club Friendlies 5,True,2025-07-16,2180,12712,FC Winterthur,Dietikon,3,1,3.0,1.0,,,,,,,,,Desconocido
Friendlies Clubs,667,World,Club Friendlies 3,True,2025-07-16,1315,12735,FSV Zwickau,Barockstadt Fulda-Lehn.,1,0,0.0,0.0,,,,,,,,,Desconocido
Friendlies Clubs,667,World,Club Friendlies 5,True,2025-07-16,231,227,Farense,Santa Clara,1,1,0.0,0.0,,,,,,,,,Desconocido
Friendlies Clubs,667,World,Club Friendlies 5,True,2025-07-16,7715,1355,Farnborough,Portsmouth,0,5,0.0,1.0,,,,,,,,,Desconocido
Friendlies Clubs,667,World,Club Friendlies 5,True,2025-07-16,213,4812,Feirense,Vila Real,2,0,,,,,,,,,,,Desconocido
Friendlies Clubs,667,World,Club Friendlies 5,True,2025-07-16,9369,14689,Fortuna Düsseldorf II,Germania Ratingen,5,1,4.0,0.0,,,,,,,,,Desconocido
Friendlies Clubs,667,World,Club Friendlies 5,True,2025-07-16,2065,6027,Fremad Amager,Holbæk B&I,0,1,0.0,1.0,,,,,,,,,Desconocido
Friendlies Clubs,667,World,Club Friendlies 5,True,2025-07-16,7288,16877,Frýdek-Místek,Vratimov,6,0,3.0,0.0,,,,,,,,,Desconocido
Friendlies Clubs,667,World,Club Friendlies 5,True,2025-07-16,631,201,Gent,AZ Alkmaar,1,2,1.0,1.0,,,,,,,,,Desconocido
Friendlies Clubs,667,World,Club Friendlies 5,True,2025-07-16,9238,3179,Gobelins,Fleury 91,2,0,2.0,0.0,,,,,,,,,Desconocido
Friendlies Clubs,667,World,Club Friendlies 5,True,2025-07-16,16118,1625,Greifswalder FC,VfB Lübeck,3,0,3.0,0.0,,,,,,,,,Desconocido
Friendlies Clubs,667,World,Club Friendlies 5,True,2025-07-16,9132,6963,Górnik Polkowice,Zagłębie Lubin II,2,0,1.0,0.0,,,,,,,,,Desconocido
Friendlies Clubs,667,World,Club Friendlies 5,True,2025-07-16,1068,1405,HNK Gorica,Austria Klagenfurt,3,1,1.0,1.0,,,,,,,,,Desconocido
Friendlies Clubs,667,World,Club Friendlies 5,True,2025-07-16,6217,266,Heist,KV Mechelen,2,2,2.0,0.0,,,,,,,,,Desconocido
Friendlies Clubs,667,World,Club Friendlies 5,True,2025-07-16,9370,187,Homberg,MSV Duisburg,1,5,0.0,2.0,,,,,,,,,Desconocido
Friendlies Clubs,667,World,Club Friendlies 5,True,2025-07-16,9330,1327,Illertissen,VfR Aalen,1,2,1.0,1.0,,,,,,,,,Desconocido
Friendlies Clubs,667,World,Club Friendlies 5,True,2025-07-16,7445,6755,Inverurie Loco Works,Aberdeen U21,3,2,2.0,0.0,,,,,,,,,Desconocido
Friendlies Clubs,667,World,Club Friendlies 5,True,2025-07-16,2523,2897,Johor Darul Takzim FC,Al-Rayyan SC,0,1,0.0,0.0,,,,,,,,,Desconocido
Friendlies Clubs,667,World,Club Friendlies 5,True,2025-07-16,261,617,KVC Westerlo,Panathinaikos,1,3,0.0,1.0,,,,,,,,,Desconocido
Friendlies Clubs,667,World,Club Friendlies 5,True,2025-07-16,7309,15132,Kolín,Dukla Praha II,3,1,2.0,0.0,,,,,,,,,Desconocido
Friendlies Clubs,667,World,Club Friendlies 5,True,2025-07-16,7311,7368,Kozlovice,Unie Hlubina,3,3,3.0,1.0,,,,,,,,,Desconocido
Friendlies Clubs,667,World,Club Friendlies 5,True,2025-07-16,25119,8247,Krems / Rehberg,Rapid Wien II,0,2,0.0,0.0,,,,,,,,,Desconocido
Friendlies Clubs,667,World,Club Friendlies 5,True,2025-07-16,6489,994,Kryvbas KR,Göztepe,1,2,0.0,1.0,,,,,,,,,Desconocido
Friendlies Clubs,667,World,Club Friendlies 3,True,2025-07-16,1308,77,Les Herbiers,Angers,1,0,1.0,0.0,,,,,,,,,Desconocido
Friendlies Clubs,667,World,Club Friendlies 5,True,2025-07-16,9355,12756,Lokomotive Leipzig,Eilenburg,1,1,1.0,0.0,,,,,,,,,Desconocido
Friendlies Clubs,667,World,Club Friendlies 5,True,2025-07-16,12809,12820,Luckenwalde,Neustrelitz,3,0,2.0,0.0,,,,,,,,,Desconocido
Friendlies Clubs,667,World,Club Friendlies 5,True,2025-07-16,2396,2404,MTK Budapest,Soroksar,1,0,0.0,0.0,,,,,,,,,Desconocido
Friendlies Clubs,667,World,Club Friendlies 5,True,2025-07-16,112,2037,Metz,US Mondorf-les-bains,1,0,0.0,0.0,,,,,,,,,Desconocido
Friendlies Clubs,667,World,Club Friendlies 5,True,2025-07-16,616,572,NK Osijek,Dynamo Kyiv,1,0,1.0,0.0,,,,,,,,,Desconocido
Friendlies Clubs,667,World,Club Friendlies 5,True,2025-07-16,102,1302,Nancy,Villefranche,3,1,2.0,0.0,,,,,,,,,Desconocido
Friendlies Clubs,667,World,Club Friendlies 5,True,2025-07-16,84,9930,Nice,Aubagne,3,0,1.0,0.0,,,,,,,,,Desconocido
Friendlies Clubs,667,World,Club Friendlies 5,True,2025-07-16,19518,263,Nielse,Beerschot VA,0,11,0.0,6.0,,,,,,,,,Desconocido
Friendlies Clubs,667,World,Club Friendlies 5,True,2025-07-16,3630,3615,Obolon'-Brovar,Chornomorets,2,0,0.0,0.0,,,,,,,,,Desconocido
Friendlies Clubs,667,World,Club Friendlies 5,True,2025-07-16,4979,22213,Oedt,WSPG Wels,1,0,1.0,0.0,,,,,,,,,Desconocido
Friendlies Clubs,667,World,Club Friendlies 5,True,2025-07-16,12106,7226,Oldland Abbotonians,Frome Town,1,2,1.0,1.0,,,,,,,,,Desconocido
Friendlies Clubs,667,World,Club Friendlies 5,True,2025-07-16,234,233,Pacos Ferreira,Oliveirense,0,0,0.0,0.0,,,,,,,,,Desconocido
Friendlies Clubs,667,World,Club Friendlies 5,True,2025-07-16,2391,6496,Puskas Academy,Polessya,1,1,1.0,0.0,,,,,,,,,Desconocido
Friendlies Clubs,667,World,Club Friendlies 5,True,2025-07-16,93,1299,Reims,Boulogne,1,0,1.0,0.0,,,,,,,,,Desconocido
Friendlies Clubs,667,World,Club Friendlies 5,True,2025-07-16,4024,537,Richmond Kickers,Leganes,1,1,1.0,1.0,,,,,,,,,Desconocido
Friendlies Clubs,667,World,Club Friendlies 5,True,2025-07-16,7248,7690,Romford,AFC Hornchurch,0,7,0.0,7.0,,,,,,,,,Desconocido
Friendlies Clubs,667,World,Club Friendlies 5,True,2025-07-16,217,215,SC Braga,Moreirense,2,0,1.0,0.0,,,,,,,,,Desconocido
Friendlies Clubs,667,World,Club Friendlies 5,True,2025-07-16,177,2937,SSV Jahn Regensburg,Al Wehda Club,1,1,1.0,1.0,,,,,,,,,Desconocido
Friendlies Clubs,667,World,Club Friendlies 5,True,2025-07-16,12847,17088,SSVg Velbert,SGS Essen,4,0,2.0,0.0,,,,,,,,,Desconocido
Friendlies Clubs,667,World,Club Friendlies 5,True,2025-07-16,1650,1324,SV Rodinghausen,VfL Osnabrück,1,2,0.0,2.0,,,,,,,,,Desconocido
Friendlies Clubs,667,World,Club Friendlies 5,True,2025-07-16,14779,9375,Schermbeck,Wuppertaler SV,2,2,2.0,1.0,,,,,,,,,Desconocido
Friendlies Clubs,667,World,Club Friendlies 5,True,2025-07-16,8259,1331,Schwarz-Weiß Bregenz,FSV Mainz 05 II,1,4,0.0,2.0,,,,,,,,,Desconocido
Friendlies Clubs,667,World,Club Friendlies 5,True,2025-07-16,228,247,Sporting CP,Celtic,0,2,0.0,0.0,,,,,,,,,Desconocido
Friendlies Clubs,667,World,Club Friendlies 3,True,2025-07-16,735,412,St. Truiden,MVV,1,0,1.0,0.0,,,,,,,,,Desconocido
Friendlies Clubs,667,World,Club Friendlies 5,True,2025-07-16,19398,10549,Stará Ľubovňa,Lokomotíva Košice,1,0,0.0,0.0,,,,,,,,,Desconocido
Friendlies Clubs,667,World,Club Friendlies 5,True,2025-07-16,4346,2651,Struga,FK Trayal,2,2,2.0,1.0,,,,,,,,,Desconocido
Friendlies Clubs,667,World,Club Friendlies 5,True,2025-07-16,26128,14495,Svitavy,Hradec Králové II,0,4,0.0,2.0,,,,,,,,,Desconocido
Friendlies Clubs,667,World,Club Friendlies 5,True,2025-07-16,14530,14524,TSG 1846 Bretzenheim,Schott Mainz,0,5,0.0,4.0,,,,,,,,,Desconocido
Friendlies Clubs,667,World,Club Friendlies 5,True,2025-07-16,4699,1357,Truro City,Plymouth,2,3,1.0,1.0,,,,,,,,,Desconocido
Friendlies Clubs,667,World,Club Friendlies 5,True,2025-07-16,415,2691,Twente,Kaizer Chiefs,2,1,1.0,0.0,,,,,,,,,Desconocido
Friendlies Clubs,667,World,Club Friendlies 5,True,2025-07-16,17103,3221,UNFP,Rouen,1,2,1.0,2.0,,,,,,,,,Desconocido
Friendlies Clubs,667,World,Club Friendlies 5,True,2025-07-16,7370,7377,Valašské Meziříčí,Vsetín,0,1,0.0,0.0,,,,,,,,,Desconocido
Friendlies Clubs,667,World,Club Friendlies 5,True,2025-07-16,237,6358,Varzim,Lusitânia Lourosa,0,1,0.0,0.0,,,,,,,,,Desconocido
Friendlies Clubs,667,World,Club Friendlies 5,True,2025-07-16,224,4907,Vitória SC,Ponferradina,10,0,9.0,0.0,,,,,,,,,Desconocido
Friendlies Clubs,667,World,Club Friendlies 5,True,2025-07-16,7377,7293,Vsetín,Havířov,2,3,0.0,2.0,,,,,,,,,Desconocido
Friendlies Clubs,667,World,Club Friendlies 3,True,2025-07-16,1342,66,Walsall,Aston Villa,1,0,1.0,0.0,,,,,,,,,Desconocido
Friendlies Clubs,667,World,Club Friendlies 5,True,2025-07-16,8664,1373,Welling United,Leyton Orient,0,10,0.0,5.0,,,,,,,,,Desconocido
Friendlies Clubs,667,World,Club Friendlies 5,True,2025-07-16,12897,24431,Wiedenbrück,Verl II,2,1,1.0,0.0,,,,,,,,,Desconocido
Friendlies Clubs,667,World,Club Friendlies 1,True,2025-07-16,1025,549,Wolfsberger AC,Beşiktaş,3,2,2.0,2.0,,,,,,,,,Alexander Harkam
Friendlies Women,666,World,Friendlies,True,2025-07-16,23207,26269,Uzbekistan U20 W,India U20 W,1,4,1.0,1.0,,,,,,,,,Desconocido
Gaúcho - 2,478,Brazil,1st Phase - 12,True,2025-07-16,10045,10051,Brasil Farroupilha,Inter Santa Maria,1,1,0.0,0.0,,,,,,,,,Desconocido
Gaúcho - 2,478,Brazil,1st Phase - 12,True,2025-07-16,1199,10042,Novo Hamburgo,Esportivo,2,1,1.0,0.0,,,,,,,,,Desconocido
Gaúcho - 2,478,Brazil,1st Phase - 12,True,2025-07-16,10053,7767,Passo Fundo,Aimoré,0,0,0.0,0.0,,,,,,,,,Desconocido
Gaúcho - 2,478,Brazil,1st Phase - 12,True,2025-07-16,16479,25079,Santa Cruz RS,Gramadense,1,1,0.0,0.0,,,,,,,,,Desconocido
Gaúcho - 2,478,Brazil,1st Phase - 12,True,2025-07-16,10056,10149,União RS,Real,1,1,0.0,0.0,,,,,,,,,Desconocido
Gaúcho - 2,478,Brazil,1st Phase - 12,True,2025-07-16,10057,10044,Veranópolis,Bagé,0,0,0.0,0.0,,,,,,,,,Desconocido
Kakkonen - Lohko C,249,Finland,Group C - 14,False,2025-07-16,9191,9192,GBK,JBK,3,0,1.0,0.0,,,,,,,,,Lotta Vuorio
Kansallinen Liiga,640,Finland,Regular Season - 11,False,2025-07-16,10920,25564,PK-35 Vantaa W,VIFK W,2,1,2.0,1.0,,,,,,,,,Niko Jokinen
League Cup,185,Scotland,Group Stage - 2,False,2025-07-16,250,255,Kilmarnock,Livingston,1,0,1.0,0.0,,,,,,,,,Sean Murdoch
Liga MX,262,Mexico,Apertura - 2,True,2025-07-16,2287,2280,Club America,Club Tijuana,3,1,1.0,0.0,,,,,,,,,"Marco Antonio Ortiz Nava, Mexico"
Liga MX,262,Mexico,Apertura - 2,True,2025-07-16,2285,2281,Santos Laguna,Toluca,2,4,2.0,1.0,,,,,,,,,"Salvador Perez Villalobos, Mexico"
Liga MX U21,1200,Mexico,Apertura - 2,True,2025-07-16,26829,26831,Club America U21,Club Tijuana U21,1,0,0.0,0.0,,,,,,,,,Desconocido
Liga MX U21,1200,Mexico,Apertura - 2,True,2025-07-16,26841,26843,Santos Laguna U21,Toluca U21,1,2,1.0,2.0,,,,,,,,,Desconocido
Liga Pro Serie B,243,Ecuador,Regular Season - 18,False,2025-07-16,25737,25736,Atlético Vinotinto,22 de Julio,8,0,3.0,0.0,,,,,,,,,Cristian Arízaga
Liga Pro Serie B,243,Ecuador,Regular Season - 18,False,2025-07-16,1159,1983,Guayaquil City FC,Imbabura,3,0,3.0,0.0,,,,,,,,,Patricio Parra León
MLS Next Pro,909,USA,Regular Season - 24,False,2025-07-16,18815,4025,New York City II,Toronto II,1,0,0.0,0.0,,,,,,,,,Andrew Porada
MLS Next Pro,909,USA,Regular Season - 24,False,2025-07-16,18740,3997,St. Louis City II,Ventura County,1,1,0.0,1.0,,,,,,,,,Drew Klemp
Major League Soccer,253,USA,Regular Season - 23,False,2025-07-16,1608,1607,Atlanta United FC,Chicago Fire,2,2,0.0,1.0,,,,,,,,,"Sergii Demianchuk, USA"
Major League Soccer,253,USA,Regular Season - 23,False,2025-07-16,18310,1615,Charlotte,DC United,2,1,1.0,0.0,,,,,,,,,"Chris Penso, USA"
Major League Soccer,253,USA,Regular Season - 23,False,2025-07-16,2242,9568,FC Cincinnati,Inter Miami,3,0,1.0,0.0,,,,,,,,,"Lukasz Szpala, USA"
Major League Soccer,253,USA,Regular Season - 23,False,2025-07-16,1600,1603,Houston Dynamo,Vancouver Whitecaps,0,3,0.0,2.0,,,,,,,,,"Rubiel Vazquez, USA"
Major League Soccer,253,USA,Regular Season - 23,False,2025-07-16,1605,16489,Los Angeles Galaxy,Austin,1,2,0.0,1.0,,,,,,,,,"Ricardo Fierro, USA"
Major League Soccer,253,USA,Regular Season - 23,False,2025-07-16,1612,1616,Minnesota United FC,Los Angeles FC,0,1,0.0,1.0,,,,,,,,,"Pierre-Luc Lauziere, USA"
Major League Soccer,253,USA,Regular Season - 23,False,2025-07-16,9569,1613,Nashville SC,Columbus Crew,3,0,2.0,0.0,,,,,,,,,"Ricardo Montero, Costa Rica"
Major League Soccer,253,USA,Regular Season - 23,False,2025-07-16,1602,1609,New York Red Bulls,New England Revolution,5,3,0.0,2.0,,,,,,,,,"Sergiy Boyko, Ukraine"
Major League Soccer,253,USA,Regular Season - 23,False,2025-07-16,1598,1604,Orlando City SC,New York City FC,1,2,1.0,0.0,,,,,,,,,"Jair Antonio Maruffo, USA"
Major League Soccer,253,USA,Regular Season - 23,False,2025-07-16,1599,1614,Philadelphia Union,CF Montreal,2,1,1.0,1.0,,,,,,,,,"Guido Gonzales Jr, USA"
Major League Soccer,253,USA,Regular Season - 23,False,2025-07-16,1617,1606,Portland Timbers,Real Salt Lake,0,1,0.0,0.0,,,,,,,,,"Alexis Da Silva, USA"
Major League Soccer,253,USA,Regular Season - 23,False,2025-07-16,25484,1601,San Diego,Toronto FC,0,1,0.0,1.0,,,,,,,,,"Alyssa Pennington, USA"
Major League Soccer,253,USA,Regular Season - 23,False,2025-07-16,1596,1597,San Jose Earthquakes,FC Dallas,2,2,1.0,1.0,,,,,,,,,"Ramy Touchan, USA"
Major League Soccer,253,USA,Regular Season - 23,False,2025-07-16,1595,1610,Seattle Sounders,Colorado Rapids,3,3,2.0,0.0,,,,,,,,,"Lorenzo Hernandez, USA"
Northern NSW NPL,481,Australia,Regular Season - 10,False,2025-07-16,23500,10208,Belmont Swansea,Maitland,1,3,0.0,1.0,,,,,,,,,Desconocido
Northern NSW NPL,481,Australia,Regular Season - 11,False,2025-07-16,18313,10202,Cooks Hill United,Broadmeadow Magic,0,2,0.0,1.0,,,,,,,,,Desconocido
Northern NSW NPL,481,Australia,Regular Season - 10,False,2025-07-16,10204,10210,Edgeworth Eagles,Weston Bears,1,2,0.0,0.0,,,,,,,,,Desconocido
Paraibano U20,1120,Brazil,Quarter-Finals,True,2025-07-16,20748,22844,Botafogo PB U20,Queimadense U20,1,1,0.0,0.0,,,,,,,,,Desconocido
Paraibano U20,1120,Brazil,Quarter-Finals,True,2025-07-16,12997,24047,Confiança PB U20,Sousa U20,2,1,,,,,,,,,,,Desconocido
Premier Division,1080,Grenada,Regular Season - 13,False,2025-07-16,23371,23367,St. John's,Hard Rock,1,1,,,,,,,,,,,Desconocido
Premier League,390,Lebanon,Championship Round - 15,True,2025-07-16,11879,4567,Al Hikma,Al Ahed,3,1,2.0,0.0,,,,,,,,,Hanin Merhi
Premier League,764,Mongolia,Regular Season - 26,False,2025-07-16,16186,16185,Falcons,Deren,3,2,1.0,2.0,,,,,,,,,Desconocido
Queensland NPL,482,Australia,Regular Season - 10,False,2025-07-16,2531,10215,Eastern Suburbs,Gold Coast Knights,1,3,0.0,1.0,,,,,,,,,Desconocido
Reserve League,906,Argentina,2nd Phase - 1,True,2025-07-16,18686,20818,Gimnasia La Plata Res.,Instituto Res.,2,2,1.0,1.0,,,,,,,,,Desconocido
Reserve League,906,Argentina,2nd Phase - 1,True,2025-07-16,18694,18680,Racing Club Res.,Barracas Central Res.,1,1,0.0,0.0,,,,,,,,,Desconocido
Reserve League,906,Argentina,2nd Phase - 1,True,2025-07-16,18695,18693,River Plate Res.,Platense Res.,3,0,0.0,0.0,,,,,,,,,Desconocido
Reserve League,906,Argentina,2nd Phase - 1,True,2025-07-16,18696,18687,Rosario Central Res.,Godoy Cruz Res.,1,0,1.0,0.0,,,,,,,,,Desconocido
Serie A,71,Brazil,Regular Season - 14,False,2025-07-16,120,136,Botafogo,Vitoria,0,0,0.0,0.0,,,,,,,,,"Lucas Casagrande, Brazil"
Serie A,71,Brazil,Regular Season - 14,False,2025-07-16,129,131,Ceara,Corinthians,0,1,0.0,0.0,,,,,,,,,"Paulo Cesar Zanovelli da Silva, Brazil"
Serie A,71,Brazil,Regular Season - 14,False,2025-07-16,121,7848,Palmeiras,Mirassol,1,1,0.0,0.0,,,,,,,,,"Savio Pereira Sampaio, Brazil"
Serie A,71,Brazil,Regular Season - 14,False,2025-07-16,794,126,RB Bragantino,Sao Paulo,2,2,1.0,1.0,,,,,,,,,"Alex Gomes Stefano, Brazil"
Serie A,71,Brazil,Regular Season - 14,False,2025-07-16,128,127,Santos,Flamengo,1,0,0.0,0.0,,,,,,,,,"Felipe Fernandes de Lima, Brazil"
Sudani Premier League,402,Sudan,Championship Round - 5,True,2025-07-16,5239,25523,Al Merreikh,Al-Mergheni,2,1,,,,,,,,,,,Desconocido
Sudani Premier League,402,Sudan,Championship Round - 5,True,2025-07-16,25521,5543,Al Merreikh El Obeid,Al Ahli Wad Medani,0,1,,,,,,,,,,,Desconocido
Sudani Premier League,402,Sudan,Championship Round - 5,True,2025-07-16,25522,5244,Al Zamala Umm Ruwaba,Alamal Atbara,1,1,,,,,,,,,,,Desconocido
Sudani Premier League,402,Sudan,Championship Round - 5,True,2025-07-16,5246,5237,Hay Al Wadi,Al Hilal Omdurman,3,3,,,,,,,,,,,Desconocido
Tasmania Southern Championship,1093,Australia,Regular Season - 8,False,2025-07-16,23526,23524,South East Utd. U21,Hobart Utd.,8,0,5.0,0.0,,,,,,,,,Desconocido
UEFA Champions League,2,World,1st Qualifying Round,True,2025-07-16,394,566,Dinamo Minsk,Ludogorets,2,2,0.0,1.0,,,,,,,,,G. Kikacheishvili
UEFA Champions League,2,World,1st Qualifying Round,True,2025-07-16,583,3854,Linfield,Shelbourne,1,1,1.0,1.0,,,,,,,,,A. Madley
UEFA Championship - Women,743,World,Quarter-finals,True,2025-07-16,1724,1748,Norway W,Italy W,1,2,0.0,0.0,,,,,,,,,Stéphanie Frappart
UEFA Europa Conference League,848,World,1st Qualifying Round,True,2025-07-16,4135,5354,Auda,Larne,2,2,1.0,0.0,,,,,,,,,"Dmitriy Kubryak, Ukraine"
USL Championship,255,USA,Regular Season - 20,False,2025-07-16,4022,18375,FC Tulsa,Monterey Bay,2,1,0.0,1.0,,,,,,,,,Edson Carvajal
USL Championship,255,USA,Regular Season - 20,False,2025-07-16,3995,4021,Hartford Athletic,Tampa Bay Rowdies,0,1,0.0,0.0,,,,,,,,,Cristian Campo Hernández
USL League One,489,USA,Regular Season - 11,False,2025-07-16,9016,25487,Chattanooga Red Wolves,Texoma,1,1,1.0,0.0,,,,,,,,,Shawn Tehini
USL League One,489,USA,Regular Season - 11,False,2025-07-16,9025,3991,Forward Madison,Charlotte Independence,1,1,1.0,0.0,,,,,,,,,Justin St. Pierre
USL League One,489,USA,Regular Season - 10,False,2025-07-16,18905,25838,One Knoxville,Alta,3,1,1.0,0.0,,,,,,,,,Stephen Foster
USL League One,489,USA,Regular Season - 10,False,2025-07-16,25486,9026,Portland Hearts of Pine,Greenville Triumph,3,1,0.0,0.0,,,,,,,,,Jeremy Scheer
Ykkönen,245,Finland,Regular Season - 14,False,2025-07-16,2074,18758,FC jazz,KuPS Akatemia,2,1,1.0,1.0,,,,,,,,,Vili Lehtovaara
Ykkösliiga,1087,Finland,Regular Season - 16,False,2025-07-16,9172,2078,JIPPO,EIF,3,2,1.0,2.0,,,,,,,,,Desconocido
ASEAN Championship U23,908,World,Group Stage - 1,False,2025-07-15,10936,10930,Indonesia U23,Brunei U23,8,0,7.0,0.0,,,,,,,,,Muhammad Zulfiqar
ASEAN Championship U23,908,World,Group Stage - 1,False,2025-07-15,10945,10953,Malaysia U23,Philippines U23,0,2,0.0,2.0,,,,,,,,,Koji Takasaki
Brasileiro U17,1128,Brazil,1st Phase - 10,True,2025-07-15,24470,24485,Atletico GO U17,RB Bragantino U17,2,3,1.0,2.0,,,,,,,,,Desconocido
Brasileiro U17,1128,Brazil,1st Phase - 10,True,2025-07-15,24472,24483,Bahia U17,Internacional U17,1,1,1.0,0.0,,,,,,,,,Desconocido
Brasileiro U17,1128,Brazil,1st Phase - 10,True,2025-07-15,24475,24480,Corinthians U17,Fortaleza U17,4,1,2.0,1.0,,,,,,,,,Desconocido
Brasileiro U17,1128,Brazil,1st Phase - 10,True,2025-07-15,24479,24478,Fluminense U17,Flamengo RJ U17,2,2,0.0,1.0,,,,,,,,,Desconocido
Brasileiro U17,1128,Brazil,1st Phase - 10,True,2025-07-15,24482,24476,Gremio U17,Cruzeiro U17,2,1,2.0,0.0,,,,,,,,,Desconocido
Brasileiro U17,1128,Brazil,1st Phase - 10,True,2025-07-15,24484,24473,Palmeiras U17,Botafogo U17,5,0,2.0,0.0,,,,,,,,,Desconocido
Brasileiro U17,1128,Brazil,1st Phase - 10,True,2025-07-15,24487,25797,Sao Paulo U17,Juventude U17,1,1,1.0,0.0,,,,,,,,,Desconocido
Brasileiro U17,1128,Brazil,1st Phase - 10,True,2025-07-15,25807,24469,Vasco U17,Athletico PR U17,1,0,1.0,0.0,,,,,,,,,Desconocido
CONMEBOL Sudamericana,11,World,Knockout Round Play-offs,True,2025-07-15,118,1138,Bahia,America de Cali,0,0,0.0,0.0,,,,,,,,,"Andres Matonte, Uruguay"
CONMEBOL Sudamericana,11,World,Knockout Round Play-offs,True,2025-07-15,1065,2369,Central Cordoba de Santiago,Cerro Largo,0,0,0.0,0.0,,,,,,,,,"Roberto Perez Gutierrez, Peru"
CONMEBOL Sudamericana,11,World,Knockout Round Play-offs,True,2025-07-15,1153,133,Independiente del Valle,Vasco DA Gama,4,0,1.0,0.0,,,,,,,,,"Kevin Ortega, Peru"
Calcutta Premier Division,1020,India,Regular Season - 6,False,2025-07-15,21597,24103,BSS Sporting,NA Suruchi Sangha,1,2,0.0,0.0,,,,,,,,,Desconocido
Calcutta Premier Division,1020,India,Regular Season - 6,False,2025-07-15,21604,24101,George Telegraph,Kalighat Club,3,0,1.0,0.0,,,,,,,,,Desconocido
Calcutta Premier Division,1020,India,Regular Season - 6,False,2025-07-15,21607,3463,Patha Chakra,East Bengal,1,0,0.0,0.0,,,,,,,,,Desconocido
Copa America Femenina,926,World,1st Round - 1,True,2025-07-15,18261,1731,Peru W,Ecuador W,1,3,0.0,2.0,,,,,,,,,Ivana Projkovska
Copa America Femenina,926,World,1st Round - 1,True,2025-07-15,16944,1782,Uruguay W,Argentina W,0,1,0.0,0.0,,,,,,,,,Zulma Quiñónez
Copa Espírito Santo,1097,Brazil,Quarter-finals,True,2025-07-15,20717,2225,Porto Vitória,Serra Talhada,3,0,1.0,0.0,,,,,,,,,Desconocido
Copa Nicaragua,1187,Nicaragua,Final,True,2025-07-15,4641,4645,Diriangén,Real Estelí,2,1,0.0,0.0,,,,,,,,,Desconocido
Copa Paraguay,501,Paraguay,2nd Round,True,2025-07-15,10471,2135,Atlántida,Resistencia,2,3,0.0,0.0,,,,,,,,,Desconocido
Copa Paraguay,501,Paraguay,2nd Round,True,2025-07-15,1178,1189,General Diaz,Deportivo Santani,0,1,0.0,1.0,,,,,,,,,Desconocido
Copa Paraguay,501,Paraguay,2nd Round,True,2025-07-15,24115,26311,Pilcomayo,1 de Enero,0,3,0.0,2.0,,,,,,,,,Desconocido
Copa de la División Profesional,964,Bolivia,Copa Bolivia - 5,True,2025-07-15,15702,17762,Independiente Petrolero,Universitario de Vinto,0,1,0.0,0.0,,,,,,,,,Guildo Quenta
EAFF E-1 Football Championship,23,World,Group Stage - 3,False,2025-07-15,1566,4460,China,Hong Kong,1,0,1.0,0.0,,,,,,,,,Desconocido
EAFF E-1 Football Championship,23,World,Group Stage - 3,False,2025-07-15,17,12,South Korea,Japan,0,1,0.0,1.0,,,,,,,,,Desconocido
Fotbolti.net Cup A,815,Iceland,Round of 16,True,2025-07-15,2121,6090,Grotta,KFS,3,0,3.0,0.0,,,,,,,,,Desconocido
Friendlies Clubs,667,World,Club Friendlies 3,True,2025-07-15,1360,45,Accrington ST,Everton,1,1,0.0,0.0,,,,,,,,,Desconocido
Friendlies Clubs,667,World,Club Friendlies 3,True,2025-07-15,7696,7752,Banbury United,Tamworth,0,1,0.0,1.0,,,,,,,,,Desconocido
Friendlies Clubs,667,World,Club Friendlies 3,True,2025-07-15,1819,68,Barrow,Bolton,0,1,0.0,0.0,,,,,,,,,Desconocido
Friendlies Clubs,667,World,Club Friendlies 3,True,2025-07-15,4678,1830,Billericay Town,Boreham Wood,3,1,1.0,1.0,,,,,,,,,Desconocido
Friendlies Clubs,667,World,Club Friendlies 3,True,2025-07-15,1831,1370,Braintree,Cambridge United,0,3,0.0,1.0,,,,,,,,,Desconocido
Friendlies Clubs,667,World,Club Friendlies 3,True,2025-07-15,1821,1362,Dagenham & Redbridge,Crawley Town,1,5,0.0,2.0,,,,,,,,,Desconocido
Friendlies Clubs,667,World,Club Friendlies 3,True,2025-07-15,4694,1375,Hyde United,Morecambe,2,5,1.0,3.0,,,,,,,,,Desconocido
Friendlies Clubs,667,World,Club Friendlies 3,True,2025-07-15,4683,1818,Metropolitan Police,Aldershot Town,2,3,2.0,0.0,,,,,,,,,Desconocido
Friendlies Clubs,667,World,Club Friendlies 3,True,2025-07-15,1338,1838,Oxford United,Maidenhead,0,0,0.0,0.0,,,,,,,,,Desconocido
Friendlies Clubs,667,World,Club Friendlies 3,True,2025-07-15,7737,1350,Peterborough Sports,Peterborough,1,8,1.0,3.0,,,,,,,,,Desconocido
Friendlies Clubs,667,World,Club Friendlies 3,True,2025-07-15,7740,1363,Radcliffe,Crewe,1,5,0.0,0.0,,,,,,,,,Desconocido
Friendlies Clubs,667,World,Club Friendlies 3,True,2025-07-15,1835,1358,Sutton Utd,Wycombe,1,0,0.0,0.0,,,,,,,,,Desconocido
Friendlies Clubs,667,World,Club Friendlies 3,True,2025-07-15,943,1837,Sydney,Wrexham,2,1,1.0,1.0,,,,,,,,,Desconocido
Friendlies Clubs,667,World,Club Friendlies 3,True,2025-07-15,4265,12764,Verl,FC Bocholt,2,1,0.0,0.0,,,,,,,,,Desconocido
Friendlies Clubs,667,World,Club Friendlies 3,True,2025-07-15,12893,19226,Vilzing,Fortuna Regensburg,7,2,2.0,1.0,,,,,,,,,Desconocido
Friendlies Clubs,667,World,Club Friendlies 3,True,2025-07-15,4687,1367,Weston-super-Mare,Newport County,0,1,0.0,0.0,,,,,,,,,Desconocido
Friendlies Clubs,667,World,Club Friendlies 3,True,2025-07-15,1836,1355,Woking,Portsmouth,0,2,0.0,1.0,,,,,,,,,Desconocido
Friendlies Women,666,World,Friendlies,True,2025-07-15,16926,19141,Dominican Republic W,Cayman Islands W,3,0,1.0,0.0,,,,,,,,,Desconocido
League Cup,185,Scotland,Group Stage - 2,False,2025-07-15,4668,7431,Airdrie United,Bonnyrigg Rose Athletic,3,0,3.0,0.0,,,,,,,,,Greg Soutar
League Cup,185,Scotland,Group Stage - 2,False,2025-07-15,1391,4251,Alloa Athletic,Montrose,2,1,1.0,0.0,,,,,,,,,George Calder
League Cup,185,Scotland,Group Stage - 2,False,2025-07-15,6757,1387,Annan Athletic,Ayr Utd,1,6,0.0,2.0,,,,,,,,,Daniel Graves
League Cup,185,Scotland,Group Stage - 2,False,2025-07-15,6760,6773,Brora Rangers,Kelty Hearts,0,4,0.0,3.0,,,,,,,,,Joel Kennedy
League Cup,185,Scotland,Group Stage - 2,False,2025-07-15,6763,6781,Cove Rangers,Spartans,1,0,1.0,0.0,,,,,,,,,Jordan Curran
League Cup,185,Scotland,Group Stage - 2,False,2025-07-15,1382,4669,Dumbarton,Stirling Albion,1,0,0.0,0.0,,,,,,,,,Jamie Wilkie
League Cup,185,Scotland,Group Stage - 2,False,2025-07-15,4250,251,Forfar Athletic,ST Mirren,1,2,0.0,1.0,,,,,,,,,Dan McFarlane
League Cup,185,Scotland,Group Stage - 2,False,2025-07-15,248,254,Hamilton Academical,Heart Of Midlothian,0,4,0.0,2.0,,,,,,,,,Ross Hardie
League Cup,185,Scotland,Group Stage - 2,False,2025-07-15,903,6767,Inverness CT,Elgin City,2,0,2.0,0.0,,,,,,,,,Stewart Luke
League Cup,185,Scotland,Group Stage - 2,False,2025-07-15,1383,6784,Morton,Stenhousemuir,3,0,3.0,0.0,,,,,,,,,Peter Stuart
League Cup,185,Scotland,Group Stage - 2,False,2025-07-15,256,6777,Motherwell,Peterhead,2,1,1.0,1.0,,,,,,,,,Don Robertson
League Cup,185,Scotland,Group Stage - 2,False,2025-07-15,901,6785,Partick,Stranraer,2,0,1.0,0.0,,,,,,,,,Duncan Nicolson
League Cup,185,Scotland,Group Stage - 2,False,2025-07-15,1384,6766,Queen of the South,Edinburgh City,4,0,1.0,0.0,,,,,,,,,Connor Ashwood
League Cup,185,Scotland,Group Stage - 2,False,2025-07-15,6778,1390,Queen's Park,Brechin,5,0,1.0,0.0,,,,,,,,,Alastair Grieve
League Cup,185,Scotland,Group Stage - 2,False,2025-07-15,1385,6765,Raith Rovers,East Kilbride,2,4,0.0,0.0,,,,,,,,,Iain Snedden
Liga Pro Serie B,243,Ecuador,Regular Season - 18,False,2025-07-15,10112,19034,Chacaritas,Leones del Norte,2,1,1.0,0.0,,,,,,,,,Roque Veliz Castillo
Liga Pro Serie B,243,Ecuador,Regular Season - 18,False,2025-07-15,23310,16476,San Antonio,Cumbayá,1,0,1.0,0.0,,,,,,,,,Duletsy Silvano Jara Valverde
Northern Super League,1182,Canada,Regular Season - 4,False,2025-07-15,25898,25896,Halifax Tides W,AFC Toronto W,0,1,0.0,0.0,,,,,,,,,Desconocido
Premier League,764,Mongolia,Regular Season - 26,False,2025-07-15,22066,18104,Bayanzürkh Sporting,Khovd,1,4,0.0,0.0,,,,,,,,,Desconocido
Premier League,764,Mongolia,Regular Season - 26,False,2025-07-15,24722,22067,Hunters,Central Stallions,1,2,1.0,1.0,,,,,,,,,Desconocido
Premier League,764,Mongolia,Regular Season - 26,False,2025-07-15,16854,17273,Ulaanbaatar,Khoromkhon,4,1,3.0,0.0,,,,,,,,,Desconocido
Primera B,240,Colombia,Clausura - 1,True,2025-07-15,1469,1458,Orsomarso,Bogota FC,1,1,0.0,0.0,,,,,,,,,Brayan Giovanny Salazar Díaz
Primera B,240,Colombia,Clausura - 1,True,2025-07-15,22099,1133,Real Cundinamarca,Jaguares,0,1,0.0,1.0,,,,,,,,,Julian Andrés Muñoz Luna
Reserve League,906,Argentina,2nd Phase - 1,True,2025-07-15,18679,18684,Banfield Res.,Defensa y Justicia Res.,0,0,0.0,0.0,,,,,,,,,Desconocido
Reserve League,906,Argentina,2nd Phase - 1,True,2025-07-15,22937,18690,Deportivo Riestra Res.,Lanús Res.,1,0,1.0,0.0,,,,,,,,,Desconocido
Reserve League,906,Argentina,2nd Phase - 1,True,2025-07-15,18688,20817,Huracán Res.,Belgrano Córdoba Res.,1,2,0.0,1.0,,,,,,,,,Desconocido
Reserve League,906,Argentina,2nd Phase - 1,True,2025-07-15,18698,18689,Sarmiento Res.,Independiente Res.,2,2,1.0,2.0,,,,,,,,,Desconocido
Serie B,72,Brazil,Regular Season - 16,False,2025-07-15,1193,10862,Cuiaba,Amazonas,3,1,2.0,1.0,,,,,,,,,"Andre Luiz Skettino Policarpo Bento, Brazil"
UEFA Champions League,2,World,1st Qualifying Round,True,2025-07-15,276,3327,Breidablik,Egnatia Rrogozhinë,5,0,4.0,0.0,,,,,,,,,D. Dickinson
UEFA Champions League,2,World,1st Qualifying Round,True,2025-07-15,579,3684,Buducnost Podgorica,FC Noah,2,2,0.0,2.0,,,,,,,,,M. Jollenbeck
UEFA Champions League,2,World,1st Qualifying Round,True,2025-07-15,684,14281,FC Differdange 03,Drita,2,3,1.0,2.0,,,,,,,,,V. Kopiyevsky
UEFA Champions League,2,World,1st Qualifying Round,True,2025-07-15,4626,586,Hamrun Spartans,FK Zalgiris Vilnius,2,0,2.0,0.0,,,,,,,,,M. Marcenaro
UEFA Champions League,2,World,1st Qualifying Round,True,2025-07-15,3342,559,Inter Club d'Escaldes,FCSB,2,1,0.0,0.0,,,,,,,,,I. Barbara
UEFA Champions League,2,World,1st Qualifying Round,True,2025-07-15,664,677,Kairat Almaty,Olimpija Ljubljana,2,0,2.0,0.0,,,,,,,,,M. Marchetti
UEFA Champions League,2,World,1st Qualifying Round,True,2025-07-15,667,580,Lincoln Red Imps FC,Vikingur Gota,1,0,0.0,0.0,,,,,,,,,B. McMaster
UEFA Champions League,2,World,1st Qualifying Round,True,2025-07-15,375,3502,Malmo FF,FC Iberia 1999,3,1,0.0,0.0,,,,,,,,,R. Lissorgue
UEFA Champions League,2,World,1st Qualifying Round,True,2025-07-15,691,1165,Milsami Orhei,KuPS,0,0,0.0,0.0,,,,,,,,,M. Kapraly
UEFA Champions League,2,World,1st Qualifying Round,True,2025-07-15,4160,2273,Rīgas FS,FC Levadia Tallinn,1,0,0.0,0.0,,,,,,,,,A. Chivulete
UEFA Champions League,2,World,1st Qualifying Round,True,2025-07-15,609,354,Shkendija,The New Saints,2,1,1.0,1.0,,,,,,,,,S. Karabaev
UEFA Champions League,2,World,1st Qualifying Round,True,2025-07-15,588,5308,Zrinjski,Virtus,2,1,1.0,0.0,,,,,,,,,V. Kastrati
USL League Two,256,USA,Play-In - Final,True,2025-07-15,4061,10096,Lionsbridge,Charlotte Independence 2,4,1,1.0,0.0,,,,,,,,,Desconocido
USL League Two,256,USA,Play-In - Final,True,2025-07-15,4068,18897,Ocean City Nor'easters,Hudson Valley Hammers,1,3,1.0,2.0,,,,,,,,,Desconocido
USL League Two,256,USA,Play-In - Final,True,2025-07-15,4100,4062,Western Mass Pioneers,Long Island Rough Riders,2,0,1.0,0.0,,,,,,,,,Desconocido
2. Division - Group 1,473,Norway,Group 1 - 14,False,2025-07-14,16218,2151,Brann II,jerv,2,4,1.0,2.0,,,,,,,,,Ola Kellerhals
3. Division - Girone 2,775,Norway,Group 2 - 14,False,2025-07-14,7037,21419,Tiller,Kristiansund II,1,2,1.0,1.0,,,,,,,,,Desconocido
3. Division - Girone 3,776,Norway,Group 3 - 14,False,2025-07-14,12865,7025,Strømsgodset II,Skjetten,0,3,0.0,0.0,,,,,,,,,Desconocido
3. Division - Girone 3,776,Norway,Group 3 - 14,False,2025-07-14,7051,21417,Åssiden IF,HamKam II,0,5,0.0,1.0,,,,,,,,,Desconocido
A Lyga,362,Lithuania,Regular Season - 20,False,2025-07-14,3859,3874,Dainava,Panevėžys,0,3,0.0,2.0,,,,,,,,,Vilius Paulauskas
Africa Cup of Nations - Women,922,World,Group Stage - 3,False,2025-07-14,15583,21437,Ghana W,Tanzania W,4,1,1.0,1.0,,,,,,,,,Dorsaf Ganouati
Africa Cup of Nations - Women,922,World,Group Stage - 3,False,2025-07-14,1978,16937,South Africa W,Mali W,4,0,2.0,0.0,,,,,,,,,Bouchra Karboubi
Allsvenskan,113,Sweden,Regular Season - 15,False,2025-07-14,370,2240,Sirius,Mjallby AIF,1,2,0.0,2.0,,,,,,,,,"Victor Wolf, Sweden"
Brasileiro U20 A,740,Brazil,1st Phase - 18,True,2025-07-14,11054,12952,Flamengo U20,Atlético Mineiro U20,4,2,3.0,1.0,,,,,,,,,Desconocido
Brisbane Premier League,191,Australia,Regular Season - 11,False,2025-07-14,25450,9036,Carina,Virginia United,1,5,0.0,0.0,,,,,,,,,Desconocido
Calcutta Premier Division,1020,India,Regular Season - 5,False,2025-07-14,21601,22001,Diamond Harbour,Aryan,1,0,0.0,0.0,,,,,,,,,Desconocido
Calcutta Premier Division,1020,India,Regular Season - 5,False,2025-07-14,21606,21608,Kidderpore,Peerless,1,1,0.0,1.0,,,,,,,,,Desconocido
Calcutta Premier Division,1020,India,Regular Season - 5,False,2025-07-14,21610,26118,Southern Samity,United Kolkata,3,4,2.0,2.0,,,,,,,,,Desconocido
Carioca C,1106,Brazil,1st Phase - 9,True,2025-07-14,25961,23640,Barcelona RJ,Santa Cruz RJ,0,10,0.0,3.0,,,,,,,,,Desconocido
Carioca C,1106,Brazil,1st Phase - 9,True,2025-07-14,25963,23642,Duquecaxiense,Uniao Central,0,3,0.0,1.0,,,,,,,,,Desconocido
Copa Espírito Santo,1097,Brazil,Quarter-finals,True,2025-07-14,10679,23567,Real Noroeste,Capixaba SC,3,1,1.0,1.0,,,,,,,,,Desconocido
Copa Paulista,742,Brazil,1st Round - 5,True,2025-07-14,16059,22951,Guarani B,Rio Branco SP,1,0,1.0,0.0,,,,,,,,,Fabiano Monteiro dos Santos
Copa Paulista,742,Brazil,1st Round - 5,True,2025-07-14,143,10003,Oeste,Santo André,0,1,0.0,1.0,,,,,,,,,Gabriel Furlan
Coppa,486,Belarus,Round of 32,True,2025-07-14,3384,7798,Belshina,Molodechno-DYuSSh 4,0,3,0.0,1.0,,,,,,,,,Dmitri Dubatovka
Division Intermedia,251,Paraguay,Regular Season - 17,False,2025-07-14,2125,1177,Club Sp. San Lorenzo,SOL DE America,0,0,0.0,0.0,,,,,,,,,Jhonatan González Giménez
Division Intermedia,251,Paraguay,Regular Season - 17,False,2025-07-14,2138,23154,Guairena FC,12 de Junio VH,0,1,0.0,0.0,,,,,,,,,Juan Eduardo López Torres
Division Profesional - Clausura,252,Paraguay,Clausura - 2,True,2025-07-14,10474,10476,Atlético Tembetary,Deportivo Recoleta,2,3,1.0,0.0,,,,,,,,,"Giancarlos Juliadoza, Paraguay"
Esiliiga A,328,Estonia,Regular Season - 19,False,2025-07-14,14340,14287,Viimsi,FC Tallinn,2,1,1.0,1.0,,,,,,,,,Jürgen Lorenz
Friendlies Clubs,667,World,Club Friendlies 5,True,2025-07-14,657,3424,Beitar Jerusalem,Krasava Ypsonas,7,0,3.0,0.0,,,,,,,,,Desconocido
Friendlies Clubs,667,World,Club Friendlies 5,True,2025-07-14,8651,8771,Bradford (Park Avenue),Eccleshill United,2,1,2.0,0.0,,,,,,,,,Desconocido
Friendlies Clubs,667,World,Club Friendlies 5,True,2025-07-14,6796,23314,Dinamo Stavropol,Angust Nazran,3,1,1.0,0.0,,,,,,,,,Desconocido
Friendlies Clubs,667,World,Club Friendlies 5,True,2025-07-14,1089,17724,Enisey,Yenisey II,5,2,2.0,0.0,,,,,,,,,Desconocido
Friendlies Clubs,667,World,Club Friendlies 5,True,2025-07-14,14677,12894,Fernwald,Waldgirmes,1,1,1.0,0.0,,,,,,,,,Desconocido
Friendlies Clubs,667,World,Club Friendlies 5,True,2025-07-14,3356,3742,GOŠK Gabela,Arsenal Tivat,0,3,0.0,2.0,,,,,,,,,Desconocido
Friendlies Clubs,667,World,Club Friendlies 5,True,2025-07-14,6119,584,Glebe North,Dundalk,0,2,0.0,0.0,,,,,,,,,Desconocido
Friendlies Clubs,667,World,Club Friendlies 5,True,2025-07-14,15572,20689,Istogu,Rilindja 1974,2,4,2.0,1.0,,,,,,,,,Desconocido
Friendlies Clubs,667,World,Club Friendlies 5,True,2025-07-14,2523,22422,Johor Darul Takzim FC,Valencia U21,0,1,0.0,1.0,,,,,,,,,Desconocido
Friendlies Clubs,667,World,Club Friendlies 2,True,2025-07-14,607,11238,Konyaspor,Araz,2,1,1.0,0.0,,,,,,,,,Desconocido
Friendlies Clubs,667,World,Club Friendlies 5,True,2025-07-14,2604,6894,Metaloglobus,Păuleşti,7,0,5.0,0.0,,,,,,,,,Desconocido
Friendlies Clubs,667,World,Club Friendlies 5,True,2025-07-14,16749,1018,Mladost DG,NK Slaven Belupo,2,6,2.0,0.0,,,,,,,,,Desconocido
Friendlies Clubs,667,World,Club Friendlies 5,True,2025-07-14,3490,6186,Puszcza Niepołomice,Maccabi Bnei Raina,5,0,2.0,0.0,,,,,,,,,Desconocido
Friendlies Clubs,667,World,Club Friendlies 5,True,2025-07-14,1317,13932,SG Sonnenhof Grossaspach,Reutlingen,2,0,1.0,0.0,,,,,,,,,Desconocido
Friendlies Clubs,667,World,Club Friendlies 5,True,2025-07-14,6898,22153,Slatina,Bashkimi Kumanovo,0,0,0.0,0.0,,,,,,,,,Desconocido
Friendlies Clubs,667,World,Club Friendlies 5,True,2025-07-14,2002,24449,Spartak Nalchik,Broke Boys,2,1,1.0,1.0,,,,,,,,,Desconocido
Friendlies Clubs,667,World,Club Friendlies 5,True,2025-07-14,599,679,Zorya Luhansk,FK Sarajevo,0,0,0.0,0.0,,,,,,,,,Desconocido
Friendlies Women,666,World,Friendlies,True,2025-07-14,23207,26269,Uzbekistan U20 W,India U20 W,1,1,1.0,0.0,,,,,,,,,Desconocido
Kakkonen - Lohko B,248,Finland,Group B - 13,False,2025-07-14,9209,2244,HJS Akatemia,TPV,3,3,1.0,1.0,,,,,,,,,Aapo Kyllönen
Kakkonen - Lohko B,248,Finland,Group B - 13,False,2025-07-14,9177,13508,NJS,PPJ,4,1,3.0,0.0,,,,,,,,,Pouria Notash
Liga I,283,Romania,Regular Season - 1,False,2025-07-14,6230,635,Csikszereda,Dinamo Bucuresti,2,2,2.0,2.0,,,,,,,,,R. Vidican
Liga I,283,Romania,Regular Season - 1,False,2025-07-14,2581,2596,FC Botosani,Farul Constanta,1,1,0.0,0.0,,,,,,,,,H. Mladinovici
Liga Pro,242,Ecuador,Regular Season - 20,False,2025-07-14,1156,1150,Aucas,El Nacional,1,0,0.0,0.0,,,,,,,,,"Juan Carlos Andrade Arreaga, Ecuador"
Liga Profesional Argentina,128,Argentina,2nd Phase - 1,True,2025-07-14,449,442,Banfield,Defensa Y Justicia,0,0,0.0,0.0,,,,,,,,,"Luis Lobo Medina, Argentina"
Liga Profesional Argentina,128,Argentina,2nd Phase - 1,True,2025-07-14,476,446,Deportivo Riestra,Lanus,1,0,0.0,0.0,,,,,,,,,"Hernan Mastrangelo, Argentina"
Liga Profesional Argentina,128,Argentina,2nd Phase - 1,True,2025-07-14,441,450,Union Santa Fe,Estudiantes L.P.,1,0,1.0,0.0,,,,,,,,,"Fernando Espinoza, Argentina"
Liga Profesional Argentina,128,Argentina,2nd Phase - 1,True,2025-07-14,438,452,Velez Sarsfield,Tigre,2,1,2.0,0.0,,,,,,,,,"Sebastian Nicolas Martinez, Argentina"
Paraibano U20,1120,Brazil,Quarter-Finals,True,2025-07-14,24044,24038,Pombal U20,Esporte de Patos U20,0,1,0.0,1.0,,,,,,,,,Desconocido
Paulista - U20,1086,Brazil,1st Phase - 11,True,2025-07-14,13027,13064,Mirassol U20,Taubaté U20,1,0,1.0,0.0,,,,,,,,,Desconocido
Premier League,1031,Bhutan,Regular Season,False,2025-07-14,5593,25703,Transport United,Southern City,2,0,2.0,0.0,,,,,,,,,Desconocido
Primera B,240,Colombia,Clausura - 1,True,2025-07-14,1130,1461,Huila,Quindio,2,1,2.0,0.0,,,,,,,,,Ramiro Andrés Pabón Martínez
Primera B,240,Colombia,Clausura - 1,True,2025-07-14,1460,1143,Popayan,Leones FC,1,1,1.0,0.0,,,,,,,,,Deickis Leivis Asprilla Molinares
Primera B,240,Colombia,Clausura - 1,True,2025-07-14,1459,23326,Real Cartagena,Internacional Palmira,0,0,0.0,0.0,,,,,,,,,Carlos Alberto Díaz Vargas
Primera B Metropolitana,131,Argentina,Clausura - 4,True,2025-07-14,8008,8387,Comunicaciones,San Martín Burzaco,0,0,0.0,0.0,,,,,,,,,Julián Jerez
Primera C,132,Argentina,Regular Season - 17,False,2025-07-14,23099,8389,Estrella Del Sur,Argentino Rosario,0,0,0.0,0.0,,,,,,,,,Desconocido
Primera C,132,Argentina,Regular Season - 17,False,2025-07-14,1931,1958,Sportivo Barracas,Lujan,1,2,0.0,2.0,,,,,,,,,Desconocido
Primera División,344,Bolivia,Apertura - 14,True,2025-07-14,3706,20252,Nacional Potosí,Real Oruro,2,3,2.0,1.0,,,,,,,,,Juan Carlos Huanca
Segunda División,269,Uruguay,2nd Phase - 10,True,2025-07-14,2364,2368,Atenas,Central Espanol,0,1,0.0,1.0,,,,,,,,,Diego Riveiro
Serie A,71,Brazil,Regular Season - 13,False,2025-07-14,152,123,Juventude,Sport Recife,2,0,1.0,0.0,,,,,,,,,"Jefferson Ferreira de Moraes, Brazil"
Serie B,72,Brazil,Regular Season - 16,False,2025-07-14,13975,145,Athletic Club,Avai,4,0,2.0,0.0,,,,,,,,,"Wagner do Nascimento Magalhaes, Brazil"
Serie B,72,Brazil,Regular Season - 16,False,2025-07-14,2618,7814,Botafogo SP,Volta Redonda,0,0,0.0,0.0,,,,,,,,,"Thaillan Azevedo Gomes, Brazil"
Serie C,75,Brazil,Regular Season - 12,False,2025-07-14,7833,1211,Maringá,Brusque,0,2,0.0,1.0,,,,,,,,,Marcos Mateus de Sousa
Serie C,75,Brazil,Regular Season - 12,False,2025-07-14,13098,150,Retrô,CSA,0,0,0.0,0.0,,,,,,,,,Halbert Luis Moraes Baia
Serie D,76,Brazil,1st Phase - 12,True,2025-07-14,10677,18271,Marcílio Dias,Barra,1,0,1.0,0.0,,,,,,,,,Rafael Martins Diniz
USL League Two,256,USA,Southern Conference - 23,True,2025-07-14,10066,25943,Denton Diablos,McKinney Chupacabras,11,0,5.0,0.0,,,,,,,,,Desconocido
USL League Two,256,USA,Southern Conference - 19,True,2025-07-14,18903,23119,Nona,Inter Gainesville,1,0,0.0,0.0,,,,,,,,,Desconocido
Veikkausliiga,244,Finland,Regular Season - 15,False,2025-07-14,1163,650,Ilves,VPS,3,2,1.0,0.0,,,,,,,,,"Peiman Simani, Finland"
Ykkösliiga,1087,Finland,Regular Season - 15,False,2025-07-14,1166,1168,Lahti,Turku PS,2,2,1.0,1.0,,,,,,,,,Desconocido
Úrvalsdeild,164,Iceland,Regular Season - 15,False,2025-07-14,827,271,IA Akranes,KR Reykjavik,1,0,0.0,0.0,,,,,,,,,Helgi Mikael Jónasson
Úrvalsdeild,164,Iceland,Regular Season - 15,False,2025-07-14,268,275,IBV Vestmannaeyjar,Stjarnan,1,0,0.0,0.0,,,,,,,,,Gunnar Oddur Haflidason
1. Division,117,Belarus,Regular Season - 11,False,2025-07-13,23433,25809,Gomel II,ABFF U19,0,0,0.0,0.0,,,,,,,,,Vladimir Rusakov
2. Division - Group 1,473,Norway,Group 1 - 14,False,2025-07-13,2155,14545,Arendal,Sandviken,6,1,4.0,0.0,,,,,,,,,Arion Shaqiri
2. Division - Group 1,473,Norway,Group 1 - 14,False,2025-07-13,6982,7028,Flekkerøy,Sotra,1,2,1.0,1.0,,,,,,,,,Hakan Catalgøl
2. Division - Group 1,473,Norway,Group 1 - 14,False,2025-07-13,7007,16211,Lysekloster,Eik-Tønsberg,1,2,0.0,1.0,,,,,,,,,Markus Rotvold Hammarstrøm
2. Division - Group 1,473,Norway,Group 1 - 14,False,2025-07-13,2146,2161,Sandnes ULF,Notodden,7,0,3.0,0.0,,,,,,,,,Jonas Johnsen
3. Division - Girone 1,774,Norway,Group 1 - 14,False,2025-07-13,25497,16204,Alta II,Funnefoss / Vormsund,2,3,0.0,2.0,,,,,,,,,Desconocido
3. Division - Girone 1,774,Norway,Group 1 - 14,False,2025-07-13,18924,7000,Gamle Oslo,Junkeren,1,2,0.0,0.0,,,,,,,,,Desconocido
3. Division - Girone 1,774,Norway,Group 1 - 14,False,2025-07-13,22867,7042,Ulfstind,Ullern,5,2,1.0,2.0,,,,,,,,,Desconocido
A Lyga,362,Lithuania,Regular Season - 20,False,2025-07-13,3860,3858,Džiugas Telšiai,Banga,0,0,0.0,0.0,,,,,,,,,Donatas Rumšas
Africa Cup of Nations - Women,922,World,Group Stage - 3,False,2025-07-13,1730,18257,Nigeria W,Algeria W,0,0,0.0,0.0,,,,,,,,,Antsino Twanyanyukwa
Africa Cup of Nations - Women,922,World,Group Stage - 3,False,2025-07-13,14463,16925,Tunisia W,Botswana W,1,2,1.0,0.0,,,,,,,,,Aline Marie Noelle Guimbang Etong
Alagoano U20,1110,Brazil,2nd Phase - 2,True,2025-07-13,18330,12990,Desportiva Aliança U20,CSA U20,1,7,1.0,2.0,,,,,,,,,Desconocido
Alagoano U20,1110,Brazil,2nd Phase - 2,True,2025-07-13,23695,23686,Guarani Paripueira U20,ASA U20,1,2,1.0,1.0,,,,,,,,,Desconocido
Alagoano U20,1110,Brazil,2nd Phase - 2,True,2025-07-13,12963,18325,Jaciobá U20,CSE U20,0,2,0.0,0.0,,,,,,,,,Desconocido
Allsvenskan,113,Sweden,Regular Season - 15,False,2025-07-13,377,2172,AIK Stockholm,Degerfors IF,3,0,1.0,0.0,,,,,,,,,"Granit Maqedonci, Sweden"
Allsvenskan,113,Sweden,Regular Season - 15,False,2025-07-13,367,766,BK Hacken,Halmstad,4,1,3.0,0.0,,,,,,,,,"Fredrik Klitte, Sweden"
Allsvenskan,113,Sweden,Regular Season - 15,False,2025-07-13,2170,363,Gais,Hammarby FF,3,2,1.0,0.0,,,,,,,,,"Adam Ladeback, Sweden"
Allsvenskan,113,Sweden,Regular Season - 15,False,2025-07-13,371,2174,IF Brommapojkarna,Osters IF,2,0,0.0,0.0,,,,,,,,,"Adi Aganovic, Sweden"
Allsvenskan,113,Sweden,Regular Season - 15,False,2025-07-13,2163,364,IFK Varnamo,Djurgardens IF,1,0,0.0,0.0,,,,,,,,,"Oscar Johnson, Sweden"
Asian Cup Women - Qualification,894,World,Qualifying Round - 3,True,2025-07-13,16932,20452,Iran W,Bhutan W,7,1,4.0,1.0,,,,,,,,,Desconocido
Asian Cup Women - Qualification,894,World,Qualifying Round - 3,True,2025-07-13,16933,17893,Jordan W,Singapore W,5,0,2.0,0.0,,,,,,,,,Desconocido
Baiano - 2,613,Brazil,Semi-finals,True,2025-07-13,18831,12935,Itabuna,Galícia,0,0,0.0,0.0,,,,,,,,,Desconocido
Brisbane Premier League,191,Australia,Regular Season - 21,False,2025-07-13,11179,3763,Ipswich Knights,Univ. Queensland,3,4,,,,,,,,,,,Desconocido
Brisbane Premier League,191,Australia,Regular Season - 21,False,2025-07-13,11177,22921,Mt Gravatt,Springfield United,1,1,,,,,,,,,,,Desconocido
COSAFA U20 Championship,771,World,Final,True,2025-07-13,10303,11037,South Africa U20,Malawi U20,3,0,1.0,0.0,,,,,,,,,Desconocido
Calcutta Premier Division,1020,India,Regular Season - 5,False,2025-07-13,26117,15749,Sribhumi,Bhawanipore,2,2,0.0,2.0,,,,,,,,,Desconocido
Calcutta Premier Division,1020,India,Regular Season - 5,False,2025-07-13,8241,24100,United,Calcutta Police,2,1,0.0,0.0,,,,,,,,,Desconocido
Canadian Premier League,479,Canada,Regular Season - 14,False,2025-07-13,20881,2619,Vancouver FC,Cavalry FC,0,0,0.0,0.0,,,,,,,,,Ben Hoskins
Canadian Premier League,479,Canada,Regular Season - 14,False,2025-07-13,2623,3831,York United,Valour,3,2,2.0,1.0,,,,,,,,,Scott Bowman
Canadian Soccer League,258,Canada,Regular Season - 3,False,2025-07-13,2019,26052,SC Scarborough,Manga Canada,5,0,3.0,0.0,,,,,,,,,Desconocido
Canadian Soccer League,258,Canada,Regular Season - 3,False,2025-07-13,2016,23628,Serbian White Eagles,Unity ON,4,1,,,,,,,,,,,Desconocido
Capital Territory NPL,189,Australia,Regular Season - 13,False,2025-07-13,18419,1456,O'Connor Knights,Gungahlin United,1,5,0.0,3.0,,,,,,,,,Desconocido
Capital Territory NPL,189,Australia,Regular Season - 13,False,2025-07-13,22866,1452,Yoogali CT,Cooma Tigers FC,1,2,1.0,1.0,,,,,,,,,Desconocido
Carioca C,1106,Brazil,1st Phase - 9,True,2025-07-13,25962,23634,Búzios,CAAC Brasil,2,0,0.0,0.0,,,,,,,,,Desconocido
Carioca C,1106,Brazil,1st Phase - 9,True,2025-07-13,23638,25964,Paraty,Juventus RJ,0,1,0.0,0.0,,,,,,,,,Desconocido
Carioca C,1106,Brazil,1st Phase - 9,True,2025-07-13,23639,23636,Riostrense,EC Vera Cruz,3,0,1.0,0.0,,,,,,,,,Desconocido
Catarinense - 2,936,Brazil,Regular Season - 7,False,2025-07-13,19636,7860,Carlos Renaux,Metropolitano,0,0,0.0,0.0,,,,,,,,,Desconocido
Catarinense - 2,936,Brazil,Regular Season - 7,False,2025-07-13,25116,18272,Fluminense-SC,Camboriú,0,2,0.0,0.0,,,,,,,,,Desconocido
Catarinense - 2,936,Brazil,Regular Season - 7,False,2025-07-13,12912,1204,Juventus SC,Tubarao,1,0,0.0,0.0,,,,,,,,,Desconocido
Cearense - 3,1124,Brazil,1st Phase - 3,True,2025-07-13,13088,26142,Esporte Limoeiro,Vila Real,0,3,0.0,1.0,,,,,,,,,Desconocido
Copa America Femenina,926,World,1st Round - 1,True,2025-07-13,16924,16941,Bolivia W,Paraguay W,0,4,0.0,2.0,,,,,,,,,Marcelly Zambrano
Copa America Femenina,926,World,1st Round - 1,True,2025-07-13,1726,18264,Brazil W,Venezuela W,2,0,1.0,0.0,,,,,,,,,Milagros Arruela
Copa Chile,267,Chile,Quarter-finals,True,2025-07-13,2330,16730,Coquimbo Unido,Deportes Limache,2,3,0.0,1.0,,,,,,,,,Reinerio Andrés Alvarado González
Copa Chile,267,Chile,Quarter-finals,True,2025-07-13,2337,2328,Nublense,Huachipato,2,2,2.0,0.0,,,,,,,,,Felipe Andrés González Alveal
Copa Espírito Santo,1097,Brazil,Quarter-finals,True,2025-07-13,7856,12929,Desportiva ES,Rio Branco-VN,2,0,2.0,0.0,,,,,,,,,Desconocido
Copa Paulista,742,Brazil,1st Round - 5,True,2025-07-13,10023,15622,Portuguesa Santista,São José EC,1,1,1.0,1.0,,,,,,,,,Henrique Otto Cruz Hengstmam
Coppa,486,Belarus,Round of 32,True,2025-07-13,3383,7808,Baranovichi,ML Vitebsk,1,2,0.0,1.0,,,,,,,,,Dmitri Markov
Coppa,486,Belarus,Round of 32,True,2025-07-13,2433,388,FC Energetik-Bgu Minsk,Bate Borisov,0,1,0.0,0.0,,,,,,,,,Sergey Sergeevich Lobatsevich
Coppa,486,Belarus,Round of 32,True,2025-07-13,3387,9419,Lida,Arsenal,0,1,0.0,1.0,,,,,,,,,Pavel Koronets
Coppa,486,Belarus,Round of 32,True,2025-07-13,18857,3393,Uni Minsk,Smorgon,0,2,0.0,2.0,,,,,,,,,Yuri Krush
Cup,658,Latvia,Round of 16,True,2025-07-13,23266,4149,Leevon / PPK,BFC Daugavpils,2,4,0.0,1.0,,,,,,,,,Deniss Ignatjevs
Cup,658,Latvia,Round of 16,True,2025-07-13,14366,4159,Mārupe,Metta / LU,1,4,0.0,1.0,,,,,,,,,Deniss Kozlovs
Division Intermedia,251,Paraguay,Regular Season - 17,False,2025-07-13,18311,1185,Pastoreo,Rubio NU,1,4,1.0,0.0,,,,,,,,,Marcos Galeano
Division Intermedia,251,Paraguay,Regular Season - 17,False,2025-07-13,20786,23155,Sportivo Carapeguá,Encarnación,2,1,0.0,1.0,,,,,,,,,Oscar Barrios
Division Profesional - Clausura,252,Paraguay,Clausura - 2,True,2025-07-13,1187,1182,Sportivo Trinidense,Olimpia,4,3,0.0,2.0,,,,,,,,,"Jose Mendez, Paraguay"
EAFF E-1 Football Championship - Women,1188,World,Final Round - 2,True,2025-07-13,17886,1723,Chinese Taipei W,China W,2,4,0.0,2.0,,,,,,,,,Min-Ji Cha
EAFF E-1 Football Championship - Women,1188,World,Final Round - 2,True,2025-07-13,1720,1728,Japan W,South Korea W,1,1,1.0,0.0,,,,,,,,,Ping Wun Tam
Eliteserien,103,Norway,Regular Season - 13,False,2025-07-13,319,759,Brann,Viking,3,1,2.0,0.0,,,,,,,,,"Tore Hansen, Norway"
Eliteserien,103,Norway,Regular Season - 13,False,2025-07-13,2142,326,Bryne,Valerenga,1,0,0.0,0.0,,,,,,,,,"Mohammad Usman Aslam, Norway"
Eliteserien,103,Norway,Regular Season - 13,False,2025-07-13,328,2143,Haugesund,KFUM Oslo,0,2,0.0,1.0,,,,,,,,,"Sivert Amland, Norway"
Eliteserien,103,Norway,Regular Season - 13,False,2025-07-13,320,333,Kristiansund BK,Sarpsborg 08 FF,0,0,0.0,0.0,,,,,,,,,"Mathias Stofringshaug, Norway"
Eliteserien,103,Norway,Regular Season - 13,False,2025-07-13,331,2159,Rosenborg,Ham-Kam,2,0,2.0,0.0,,,,,,,,,"Sigurd Smehus Kringstad, Norway"
Eliteserien,103,Norway,Regular Season - 13,False,2025-07-13,324,325,Stromsgodset,Tromso,2,3,1.0,2.0,,,,,,,,,"Stian Rovig Sletner, Norway"
Esiliiga B,1126,Estonia,Regular Season - 19,False,2025-07-13,24235,24236,Kuressaare II,Narva U21,0,3,0.0,0.0,,,,,,,,,Desconocido
Esiliiga B,1126,Estonia,Regular Season - 19,False,2025-07-13,3527,25755,Maardu,Nõmme United II,3,2,1.0,1.0,,,,,,,,,Desconocido
FIFA Club World Cup,15,World,Final,True,2025-07-13,49,85,Chelsea,Paris Saint Germain,3,0,3.0,0.0,,,,,,,,,Alireza Faghani
Friendlies Clubs,667,World,Club Friendlies 1,True,2025-07-13,1023,549,Admira Wacker,Beşiktaş,1,1,0.0,1.0,,,,,,,,,Chiristian-Petru Ciochirca
Friendlies Clubs,667,World,Club Friendlies 3,True,2025-07-13,14629,1658,BW Lohne,Rot-weiss Oberhausen,2,1,1.0,1.0,,,,,,,,,Desconocido
Friendlies Clubs,667,World,Club Friendlies 3,True,2025-07-13,14694,182,Grün-Weiß Ahrensfelde,Union Berlin,0,5,0.0,2.0,,,,,,,,,Desconocido
Friendlies Clubs,667,World,Club Friendlies 2,True,2025-07-13,561,994,HNK Rijeka,Göztepe,0,1,0.0,1.0,,,,,,,,,Desconocido
Friendlies Clubs,667,World,Club Friendlies 3,True,2025-07-13,376,365,Ostersunds FK,Orebro SK,0,0,0.0,0.0,,,,,,,,,Desconocido
Friendlies Clubs,667,World,Club Friendlies 1,True,2025-07-13,59,40,Preston,Liverpool,1,3,0.0,1.0,,,,,,,,,Darren England
Friendlies Clubs,667,World,Club Friendlies 3,True,2025-07-13,560,183,Slavia Praha,Dynamo Dresden,4,2,0.0,0.0,,,,,,,,,Desconocido
Friendlies Clubs,667,World,Club Friendlies 3,True,2025-07-13,656,397,Slovan Bratislava,FC Midtjylland,1,4,1.0,2.0,,,,,,,,,Desconocido
Friendlies Women,666,World,Friendlies,True,2025-07-13,16926,19141,Dominican Republic W,Cayman Islands W,2,0,0.0,0.0,,,,,,,,,Desconocido
Gaúcho - 2,478,Brazil,1st Phase - 11,True,2025-07-13,25079,10052,Gramadense,Lajeadense,0,0,0.0,0.0,,,,,,,,,Desconocido
Gaúcho - 2,478,Brazil,1st Phase - 11,True,2025-07-13,10051,16479,Inter Santa Maria,Santa Cruz RS,1,0,0.0,0.0,,,,,,,,,Desconocido
Gaúcho - 2,478,Brazil,1st Phase - 11,True,2025-07-13,10053,7827,Passo Fundo,Gaúcho,1,0,1.0,0.0,,,,,,,,,Desconocido
Goiano - 2,1030,Brazil,Regular Season - 11,False,2025-07-13,7829,7820,Iporá,Anapolina,0,0,0.0,0.0,,,,,,,,,Desconocido
Goiano - 2,1030,Brazil,Regular Season - 11,False,2025-07-13,24771,22097,Rio Verde,Centro Oeste,1,0,0.0,0.0,,,,,,,,,Desconocido
Goiano - 2,1030,Brazil,Regular Season - 11,False,2025-07-13,23307,18297,Trindade,Morrinhos,2,1,1.0,0.0,,,,,,,,,Desconocido
Goiano - 2,1030,Brazil,Regular Season - 11,False,2025-07-13,24773,13127,Tupy FC,Grêmio Anápolis,0,1,0.0,1.0,,,,,,,,,Desconocido
Japan Football League,497,Japan,Regular Season - 16,False,2025-07-13,10405,18378,Maruyasu Okazaki,Criacao Shinjuku,1,0,0.0,0.0,,,,,,,,,Desconocido
Japan Football League,497,Japan,Regular Season - 16,False,2025-07-13,10408,7117,Suzuka Unlimited,Biwako Shiga,0,1,0.0,1.0,,,,,,,,,Desconocido
K League 2,293,South-Korea,Regular Season - 20,False,2025-07-13,2758,2749,Ansan Greeners,Seoul E-Land FC,2,2,0.0,0.0,,,,,,,,,Hyeon-Jeong Oh
K League 2,293,South-Korea,Regular Season - 20,False,2025-07-13,2745,7078,Bucheon FC 1995,Gimpo Citizen,1,1,1.0,0.0,,,,,,,,,Se-Jin Park
K League 2,293,South-Korea,Regular Season - 20,False,2025-07-13,2763,2753,Incheon United,Asan Mugunghwa,2,1,1.0,1.0,,,,,,,,,Jin-Ho Park
K3 League,295,South-Korea,Regular Season - 17,False,2025-07-13,7075,25717,Gangneung City,Jeonbuk Motors II,3,1,2.0,0.0,,,,,,,,,Yeong-Rok Park
K3 League,295,South-Korea,Regular Season - 17,False,2025-07-13,7076,7108,Gimhae City,Ulsan Citizen,0,0,0.0,0.0,,,,,,,,,Ki-Hyun Kim
K3 League,295,South-Korea,Regular Season - 17,False,2025-07-13,7083,7068,Gyeongju HNP,Daejeon Korail,2,1,1.0,0.0,,,,,,,,,Kyung-Chang Lee
K3 League,295,South-Korea,Regular Season - 17,False,2025-07-13,7105,7059,Siheung Citizen,Changwon City,2,0,0.0,0.0,,,,,,,,,Yoo-Jung Kim
Kakkonen - Lohko B,248,Finland,Group B - 13,False,2025-07-13,9185,13517,Ilves II,HPS,1,1,1.0,0.0,,,,,,,,,Robin Kuloaro
Kakkonen - Lohko C,249,Finland,Group C - 13,False,2025-07-13,9200,6073,VPS II,JS Hercules,8,0,3.0,0.0,,,,,,,,,Minka Vekkeli
League 1 Ontario,923,Canada,Regular Season - 8,False,2025-07-13,19109,19105,Sigma,North Toronto Nitros,3,1,2.0,0.0,,,,,,,,,Desconocido
League 1 Ontario,923,Canada,Regular Season - 8,False,2025-07-13,19110,19098,Simcoe County Rovers,Blue Devils,1,1,0.0,1.0,,,,,,,,,Desconocido
League 1 Ontario,923,Canada,Regular Season - 8,False,2025-07-13,2620,19108,Vaughan Azzurri,Scrosoppi,0,0,0.0,0.0,,,,,,,,,Desconocido
League 1 Ontario,923,Canada,Regular Season - 8,False,2025-07-13,19114,19096,Woodbridge Strikers,Alliance United,1,0,0.0,0.0,,,,,,,,,Desconocido
League One,170,China,Regular Season - 16,False,2025-07-13,5652,16619,Dalian Huayi,Nanjing City,3,1,1.0,1.0,,,,,,,,,Xing Xiong
League One,170,China,Regular Season - 16,False,2025-07-13,17264,1445,Hebei Kungfu,Heilongjiang Lava Spring,1,1,1.0,1.0,,,,,,,,,Man Tang
League One,170,China,Regular Season - 16,False,2025-07-13,5682,2626,Shanghai Jiading,Nantong Zhiyun,0,1,0.0,1.0,,,,,,,,,Zhongchao Gu
League Two,929,China,Regular Season - 19,False,2025-07-13,23132,23289,Changchun Xidu,Shanghai Port II,1,1,0.0,0.0,,,,,,,,,Peng Li
League Two,929,China,Regular Season - 19,False,2025-07-13,25839,21264,Chengdu Rongcheng II,Guangxi Lanhang,5,0,3.0,0.0,,,,,,,,,Wei Li
League Two,929,China,Regular Season - 19,False,2025-07-13,19317,25774,Hainan Star,Guangzhou Dandelion,1,1,0.0,0.0,,,,,,,,,Dongyu Wang
League Two,929,China,Regular Season - 19,False,2025-07-13,5660,17269,Hubei Chufeng Heli,Wuxi Wugou,1,4,1.0,3.0,,,,,,,,,Yang Wang
League Two,929,China,Regular Season - 19,False,2025-07-13,17266,25775,Quanzhou Yassin,Guizhou Zhucheng,2,2,1.0,2.0,,,,,,,,,Chunyu Yang
Liga I,283,Romania,Regular Season - 1,False,2025-07-13,2246,6916,CFR 1907 Cluj,Unirea Slobozia,2,1,1.0,1.0,,,,,,,,,C. Moldoveanu
Liga I,283,Romania,Regular Season - 1,False,2025-07-13,6886,2598,Oţelul,Petrolul Ploiesti,0,0,0.0,0.0,,,,,,,,,R. M. Petrescu
Liga MX,262,Mexico,Apertura - 1,True,2025-07-13,2292,2282,CF Pachuca,Monterrey,3,0,0.0,0.0,,,,,,,,,Víctor Alfonso Cáceres Hernández
Liga MX,262,Mexico,Apertura - 1,True,2025-07-13,2289,2314,Leon,Atletico San Luis,0,1,0.0,0.0,,,,,,,,,"Victor Alfonso Caceres Hernandez, Mexico"
Liga MX Femenil,673,Mexico,Apertura - 1,True,2025-07-13,14868,14875,América W,Cruz Azul W,2,1,1.0,0.0,,,,,,,,,Desconocido
Liga MX Femenil,673,Mexico,Apertura - 1,True,2025-07-13,14874,14876,Atlético San Luis W,Guadalajara W,0,2,0.0,1.0,,,,,,,,,Desconocido
Liga MX Femenil,673,Mexico,Apertura - 1,True,2025-07-13,14882,14881,Puebla W,Pachuca W,1,5,1.0,4.0,,,,,,,,,Desconocido
Liga MX Femenil,673,Mexico,Apertura - 1,True,2025-07-13,14870,14879,Pumas UNAM W,Monterrey W,4,0,1.0,0.0,,,,,,,,,Desconocido
Liga MX Femenil,673,Mexico,Apertura - 1,True,2025-07-13,14884,14885,Tigres UANL W,Toluca W,1,1,1.0,0.0,,,,,,,,,Desconocido
Liga MX U21,1200,Mexico,Apertura - 1,True,2025-07-13,26830,26827,Club Leon U21,Atl. San Luis U21,1,1,0.0,0.0,,,,,,,,,Desconocido
Liga MX U21,1200,Mexico,Apertura - 1,True,2025-07-13,26838,26836,Pachuca U21,Monterrey U21,3,0,3.0,0.0,,,,,,,,,Desconocido
Liga Pro,242,Ecuador,Regular Season - 20,False,2025-07-13,21103,1162,Cuniburo,Mushuc Runa SC,1,1,0.0,0.0,,,,,,,,,"Robert Cabrera, Ecuador"
Liga Pro,242,Ecuador,Regular Season - 20,False,2025-07-13,1154,1149,Deportivo Cuenca,Delfin SC,1,1,0.0,0.0,,,,,,,,,"Anthony Diaz, Ecuador"
Liga Pro,242,Ecuador,Regular Season - 20,False,2025-07-13,1992,18762,Orense SC,Libertad,0,1,0.0,1.0,,,,,,,,,"Alex Fabricio Cajas Torres, Ecuador"
Liga Profesional Argentina,128,Argentina,2nd Phase - 1,True,2025-07-13,458,451,Argentinos JRS,Boca Juniors,0,0,0.0,0.0,,,,,,,,,"Ariel Penel, Argentina"
Liga Profesional Argentina,128,Argentina,2nd Phase - 1,True,2025-07-13,455,461,Atletico Tucuman,San Martin S.J.,2,1,1.0,0.0,,,,,,,,,"Pablo Echavarria, Argentina"
Liga Profesional Argentina,128,Argentina,2nd Phase - 1,True,2025-07-13,473,457,Independ. Rivadavia,Newells Old Boys,1,2,1.0,0.0,,,,,,,,,"Dario Herrera, Argentina"
Liga Profesional Argentina,128,Argentina,2nd Phase - 1,True,2025-07-13,435,1064,River Plate,Platense,3,1,2.0,1.0,,,,,,,,,"Leandro Rey Hilfer, Argentina"
Liga Profesional Argentina,128,Argentina,2nd Phase - 1,True,2025-07-13,474,453,Sarmiento Junin,Independiente,2,2,1.0,0.0,,,,,,,,,"Daniel Zamora, Argentina"
MLS Next Pro,909,USA,Regular Season - 23,False,2025-07-13,3986,18811,Atlanta United II,Columbus Crew II,3,2,0.0,0.0,,,,,,,,,Josiah Parke
MLS Next Pro,909,USA,Regular Season - 23,False,2025-07-13,4040,10281,Chicago Fire II,New England II,3,4,2.0,3.0,,,,,,,,,DeShun Beard
MLS Next Pro,909,USA,Regular Season - 23,False,2025-07-13,4102,4028,Colorado Rapids II,Vancouver Whitecaps II,0,0,0.0,0.0,,,,,,,,,Ekaterina Koroleva
MLS Next Pro,909,USA,Regular Season - 23,False,2025-07-13,18812,21140,FC Cincinnati II,Huntsville City,1,0,0.0,0.0,,,,,,,,,Jeremy Scheer
MLS Next Pro,909,USA,Regular Season - 23,False,2025-07-13,18813,10282,Houston Dynamo FC II,North Texas,3,0,2.0,0.0,,,,,,,,,Amin Hadzic
MLS Next Pro,909,USA,Regular Season - 23,False,2025-07-13,10280,21139,Inter Miami II,Crown Legacy,3,4,1.0,3.0,,,,,,,,,Jordan Gray
MLS Next Pro,909,USA,Regular Season - 23,False,2025-07-13,21141,4011,Los Angeles FC II,Portland Timbers II,1,0,0.0,0.0,,,,,,,,,Iryna Petrunok
MLS Next Pro,909,USA,Regular Season - 23,False,2025-07-13,18814,4012,Minnesota United II,Real Monarchs,2,1,0.0,1.0,,,,,,,,,Calin Radosav
MLS Next Pro,909,USA,Regular Season - 23,False,2025-07-13,4026,23063,Orlando City II,Carolina Core,3,1,1.0,0.0,,,,,,,,,Carlos Meneses-Rodriguez
MLS Next Pro,909,USA,Regular Season - 23,False,2025-07-13,3988,9073,Philadelphia Union II,Chattanooga,3,3,1.0,1.0,,,,,,,,,Atahan Yaya
MLS Next Pro,909,USA,Regular Season - 23,False,2025-07-13,18816,4019,The Town,Sporting KC II,3,1,2.0,0.0,,,,,,,,,Ivan de Cristofaro
Major League Soccer,253,USA,Regular Season - 22,False,2025-07-13,20787,1617,St. Louis City,Portland Timbers,2,1,0.0,1.0,,,,,,,,,"Ricardo Montero, Costa Rica"
Matogrossense 2,1096,Brazil,Semi-Finals,True,2025-07-13,26048,20716,Chapada,Cacerense,4,0,2.0,0.0,,,,,,,,,Desconocido
Meistriliiga,329,Estonia,Regular Season - 20,False,2025-07-13,3529,18657,Tallinna Kalev,Laagri,3,1,2.0,0.0,,,,,,,,,Kristjan-Eric Lääne
Mineiro U20,1107,Brazil,1st Phase - 8,True,2025-07-13,23645,23644,Boston City U20,Betim U20,0,0,0.0,0.0,,,,,,,,,Desconocido
NNSW League 1,1090,Australia,Regular Season - 15,False,2025-07-13,25461,23501,Dudley Redhead United,Cessnock City Hornets,4,2,2.0,0.0,,,,,,,,,Desconocido
NNSW League 1,1090,Australia,Regular Season - 15,False,2025-07-13,23504,23503,Thornton Redbacks,Singleton Strikers,1,1,0.0,1.0,,,,,,,,,Desconocido
NNSW League 1,1090,Australia,Regular Season - 15,False,2025-07-13,23506,10206,Wallsend Red Devils,Lake Macquarie,2,3,1.0,1.0,,,,,,,,,Desconocido
New South Wales NPL,192,Australia,Regular Season - 23,False,2025-07-13,16772,3774,Central Coast II,Sydney Olympic,1,1,0.0,0.0,,,,,,,,,Desconocido
New South Wales NPL,192,Australia,Regular Season - 23,False,2025-07-13,3770,3764,Rockdale City Suns,APIA Leichhardt Tigers,1,4,0.0,2.0,,,,,,,,,Desconocido
New South Wales NPL,192,Australia,Regular Season - 23,False,2025-07-13,16779,16778,St. George Saints,St George City FA,1,3,0.0,1.0,,,,,,,,,Desconocido
New South Wales NPL,192,Australia,Regular Season - 23,False,2025-07-13,3776,3777,Sydney United,Wollongong Wolves,0,0,0.0,0.0,,,,,,,,,Desconocido
Northern NSW NPL,481,Australia,Regular Season - 19,False,2025-07-13,23500,10207,Belmont Swansea,Lambton Jaffas,0,3,0.0,1.0,,,,,,,,,Desconocido
Northern NSW NPL,481,Australia,Regular Season - 19,False,2025-07-13,10209,20789,Valentine,New Lambton,2,1,1.0,0.0,,,,,,,,,Desconocido
Pacific Coast Soccer League,260,Canada,Regular Season - 5,False,2025-07-13,23430,18919,Blues,Victoria United,1,2,1.0,1.0,,,,,,,,,Desconocido
Pacific Coast Soccer League,260,Canada,Regular Season - 5,False,2025-07-13,3557,18917,Mid Isle Mariners,Kamloops Rivers II,1,2,1.0,1.0,,,,,,,,,Desconocido
Paraibano U20,1120,Brazil,Quarter-Finals,True,2025-07-13,22844,20748,Queimadense U20,Botafogo PB U20,2,3,,,,,,,,,,,Desconocido
Paraibano U20,1120,Brazil,Quarter-Finals,True,2025-07-13,24047,12997,Sousa U20,Confiança PB U20,1,2,,,,,,,,,,,Desconocido
Paranaense U20,1071,Brazil,Semi-Finals,True,2025-07-13,23237,12957,Cascavel U20,Coritiba U20,1,1,0.0,1.0,,,,,,,,,Desconocido
Paulista - U20,1086,Brazil,1st Phase - 11,True,2025-07-13,13061,13055,São Caetano U20,Santos U20,2,0,1.0,0.0,,,,,,,,,Desconocido
Paulista Série B,1098,Brazil,2nd Phase - 3,True,2025-07-13,10029,23578,Batatais,Maua,0,1,0.0,0.0,,,,,,,,,Desconocido
Piala Presiden,924,Indonesia,Final,True,2025-07-13,1338,2789,Oxford United,Port FC,1,2,1.0,1.0,,,,,,,,,Desconocido
Premier Division,1080,Grenada,Regular Season - 12,False,2025-07-13,23367,23370,Hard Rock,SAB Spartans,3,1,3.0,0.0,,,,,,,,,Desconocido
Premier Division,1080,Grenada,Regular Season - 12,False,2025-07-13,23368,23373,Hurricanes,Paradise,0,1,0.0,1.0,,,,,,,,,Desconocido
Premier League,390,Lebanon,Championship Round - 14,True,2025-07-13,4569,4577,Al Ansar,Tadamon Sour,2,0,1.0,0.0,,,,,,,,,Desconocido
Premier League,1031,Bhutan,Regular Season,False,2025-07-13,25952,21277,BFF Academy U20,Tsirang,1,1,0.0,1.0,,,,,,,,,Desconocido
Premier League,389,Kazakhstan,Regular Season - 16,False,2025-07-13,2259,4558,FK Tobol Kostanay,Okzhetpes,2,1,0.0,1.0,,,,,,,,,Saken Baiymbet
Premier League,389,Kazakhstan,Regular Season - 16,False,2025-07-13,692,562,Ordabasy,FC Astana,1,0,0.0,0.0,,,,,,,,,Bulat Saryev
Premier League,389,Kazakhstan,Regular Season - 16,False,2025-07-13,16611,4560,Zhenys,Zhetysu,3,1,2.0,0.0,,,,,,,,,Bagdat Abdullaev
Premier Soccer League,401,Zimbabwe,Regular Season - 20,False,2025-07-13,5218,5232,CAPS United,Triangle United,1,1,0.0,0.0,,,,,,,,,Desconocido
Premier Soccer League,401,Zimbabwe,Regular Season - 20,False,2025-07-13,5224,21053,Highlanders,Green Fuel,1,0,1.0,0.0,,,,,,,,,Desconocido
Primeira Divisão,969,Macao,Championship Round - 7,True,2025-07-13,21195,21201,Cheng Fung,Benfica,1,5,0.0,2.0,,,,,,,,,Desconocido
Primeira Divisão,969,Macao,Championship Round - 7,True,2025-07-13,23062,9420,Universidade de Macau,CPK,0,9,0.0,4.0,,,,,,,,,Desconocido
Primera A,239,Colombia,Clausura - 1,True,2025-07-13,1462,1139,Deportivo Pereira,Santa Fe,2,2,0.0,2.0,,,,,,,,,"Alvaro Jose Melendez Panneflek, Colombia"
Primera A,239,Colombia,Clausura - 1,True,2025-07-13,1128,1141,Independiente Medellin,Alianza Valledupar,1,1,0.0,1.0,,,,,,,,,"Andres Rojas, Colombia"
Primera A,239,Colombia,Clausura - 1,True,2025-07-13,1134,1144,Internacional de Bogota,Águilas Doradas,0,0,0.0,0.0,,,,,,,,,"Luis Gabriel Matorel Martinez, Colombia"
Primera B,266,Chile,Regular Season - 16,False,2025-07-13,2327,2322,Antofagasta,San Luis,1,2,1.0,1.0,,,,,,,,,Mario Jesus Salvo Sepulveda
Primera B,240,Colombia,Clausura - 1,True,2025-07-13,1466,1468,Barranquilla,Depor FC,1,2,1.0,0.0,,,,,,,,,Juan David Gutiérrez
Primera B,240,Colombia,Clausura - 1,True,2025-07-13,1470,1140,Cucuta,Patriotas,2,0,2.0,0.0,,,,,,,,,Javier Alonso Villa Zapata
Primera B,266,Chile,Regular Season - 16,False,2025-07-13,2317,5635,Deportes Temuco,Concepción,2,1,1.0,0.0,,,,,,,,,Matías Humberto Assadi Quintana
Primera B,266,Chile,Regular Season - 16,False,2025-07-13,5644,2336,Recoleta,Magallanes,2,0,1.0,0.0,,,,,,,,,Nicolás Pozo
Primera B,266,Chile,Regular Season - 16,False,2025-07-13,2335,2343,Santiago Morning,Deportes Copiapo,1,0,0.0,0.0,,,,,,,,,Juan Ignacio Sepúlveda Lillo
Primera B,240,Colombia,Clausura - 1,True,2025-07-13,1145,1463,Tigres FC,Real Santander,2,0,2.0,0.0,,,,,,,,,José Bautista
Primera B Metropolitana,131,Argentina,Clausura - 4,True,2025-07-13,2425,8385,Acassuso,Excursionistas,3,3,0.0,2.0,,,,,,,,,Marcos Iván Recalde
Primera B Metropolitana,131,Argentina,Clausura - 4,True,2025-07-13,8376,1956,Argentino Quilmes,UAI Urquiza,2,2,1.0,0.0,,,,,,,,,Ramiro Ezequiel Maglio
Primera B Metropolitana,131,Argentina,Clausura - 4,True,2025-07-13,2430,8388,Argentino de Merlo,Sportivo Italiano,1,1,0.0,1.0,,,,,,,,,Jonathan Barrios
Primera B Metropolitana,131,Argentina,Clausura - 4,True,2025-07-13,468,1963,Brown DE Adrogue,Midland,1,2,0.0,1.0,,,,,,,,,Gastón Iglesias
Primera B Metropolitana,131,Argentina,Clausura - 4,True,2025-07-13,471,8380,Flandria,Villa San Carlos,0,1,0.0,1.0,,,,,,,,,Wenceslao Meneses
Primera B Metropolitana,131,Argentina,Clausura - 4,True,2025-07-13,8374,2429,Fénix,Dock Sud,1,1,0.0,1.0,,,,,,,,,Mateo Bocaccia
Primera B Metropolitana,131,Argentina,Clausura - 4,True,2025-07-13,8395,1942,Liniers,Sacachispas,0,1,0.0,0.0,,,,,,,,,Gonzalo Creimermann
Primera B Metropolitana,131,Argentina,Clausura - 4,True,2025-07-13,481,2422,Villa Dalmine,Real Pilar,1,1,1.0,1.0,,,,,,,,,Mariano Negrete
Primera C,132,Argentina,Regular Season - 17,False,2025-07-13,1967,1937,Central Ballester,Atletico Atlas,0,0,0.0,0.0,,,,,,,,,Desconocido
Primera C,132,Argentina,Regular Season - 17,False,2025-07-13,790,8391,Central Cordoba,Claypole,3,0,3.0,0.0,,,,,,,,,Desconocido
Primera C,132,Argentina,Regular Season - 17,False,2025-07-13,8392,8384,Defensores de Cambaceres,El Porvenir,0,1,0.0,0.0,,,,,,,,,Desconocido
Primera C,132,Argentina,Regular Season - 17,False,2025-07-13,1940,8378,Leandro N. Alem,JJ Urquiza,0,1,0.0,0.0,,,,,,,,,Desconocido
Primera C,132,Argentina,Regular Season - 17,False,2025-07-13,1964,1947,Victoriano Arenas,Canuelas,0,0,0.0,0.0,,,,,,,,,Desconocido
Primera División,281,Peru,Apertura - 19,True,2025-07-13,2542,2562,Ayacucho FC,Cienciano,1,0,0.0,0.0,,,,,,,,,"Jordi Espinoza, Peru"
Primera División,281,Peru,Apertura - 19,True,2025-07-13,10013,2555,Cusco,Sport Huancayo,3,0,2.0,0.0,,,,,,,,,"Edwin Ordonez, Peru"
Primera División,299,Venezuela,Clausura - 2,True,2025-07-13,2807,2811,Deportivo Tachira FC,Monagas SC,2,1,1.0,1.0,,,,,,,,,Alejandro Velasquez
Primera División,344,Bolivia,Apertura - 14,True,2025-07-13,22266,3705,Gualberto Villarroel SJ,Jorge Wilstermann,2,1,1.0,0.0,,,,,,,,,Guildo Quenta
Primera División,281,Peru,Apertura - 19,True,2025-07-13,22479,2548,Juan Pablo II College,Alianza Universidad,1,0,0.0,0.0,,,,,,,,,"Micke Palomino, Peru"
Primera División,299,Venezuela,Clausura - 2,True,2025-07-13,2825,2808,Metropolitanos FC,Caracas FC,2,3,2.0,1.0,,,,,,,,,Alexis Herrera
Primera División,344,Bolivia,Apertura - 14,True,2025-07-13,3707,17743,Oriente Petrolero,ABB,3,3,2.0,0.0,,,,,,,,,Ronald Villegas
Primera División,281,Peru,Apertura - 19,True,2025-07-13,2546,2564,Sporting Cristal,Atletico Grau,2,1,1.0,1.0,,,,,,,,,"Roberto Perez Gutierrez, Peru"
Primera Nacional,129,Argentina,Regular Season - 22,False,2025-07-13,1962,8379,Alvarado,San Miguel,0,0,0.0,0.0,,,,,,,,,Álvaro Carranza
Primera Nacional,129,Argentina,Regular Season - 22,False,2025-07-13,459,1957,Arsenal Sarandi,Racing Cordoba,2,1,1.0,1.0,,,,,,,,,Diego Ceballos
Primera Nacional,129,Argentina,Regular Season - 22,False,2025-07-13,466,1946,Atletico Mitre,Chaco For Ever,1,0,0.0,0.0,,,,,,,,,Joaquín Gil
Primera Nacional,129,Argentina,Regular Season - 22,False,2025-07-13,448,8375,Colon Santa Fe,Almirante Brown,1,0,1.0,0.0,,,,,,,,,Brian Ferreyra
Primera Nacional,129,Argentina,Regular Season - 22,False,2025-07-13,1929,482,Deportivo Madryn,Almagro,2,1,0.0,1.0,,,,,,,,,Carlos Córdoba
Primera Nacional,129,Argentina,Regular Season - 22,False,2025-07-13,1954,470,Deportivo Maipu,Ferro Carril Oeste,2,1,2.0,1.0,,,,,,,,,Fabricio Llobet
Primera Nacional,129,Argentina,Regular Season - 22,False,2025-07-13,2424,447,Estudiantes de Rio Cuarto,Chacarita Juniors,1,1,1.0,0.0,,,,,,,,,Juan Pafundi
Queensland NPL,482,Australia,Regular Season - 17,False,2025-07-13,2531,10223,Eastern Suburbs,SC Wanderers,4,1,1.0,0.0,,,,,,,,,Desconocido
Queensland NPL,482,Australia,Regular Season - 17,False,2025-07-13,10217,22916,Lions,Moreton City Excelsior,0,0,0.0,0.0,,,,,,,,,Desconocido
Queensland NPL,482,Australia,Regular Season - 17,False,2025-07-13,9993,10211,St George Willawong,Brisbane City,1,4,0.0,4.0,,,,,,,,,Desconocido
Segunda División,269,Uruguay,2nd Phase - 10,True,2025-07-13,2378,18295,Albion FC,La Luz,3,0,1.0,0.0,,,,,,,,,Federico Modernell
Segunda División,300,Venezuela,Apertura - 15,True,2025-07-13,2817,21208,Aragua FC,Marítimo,0,0,0.0,0.0,,,,,,,,,Desconocido
Segunda División,300,Venezuela,Apertura - 15,True,2025-07-13,2858,2853,Dinamo de Puerto La Cruz,Petare FC,0,0,0.0,0.0,,,,,,,,,Desconocido
Segunda División,300,Venezuela,Apertura - 15,True,2025-07-13,2824,21231,Mineros de Guyana,Bolívar,1,0,0.0,0.0,,,,,,,,,Desconocido
Segunda División,269,Uruguay,2nd Phase - 10,True,2025-07-13,2376,15628,Oriental,Colón,1,0,0.0,0.0,,,,,,,,,Eduardo Varela
Segunda División,300,Venezuela,Apertura - 15,True,2025-07-13,25902,2837,Puerto Cabello II,Titanes FC,3,0,2.0,0.0,,,,,,,,,Desconocido
Segunda División,300,Venezuela,Apertura - 15,True,2025-07-13,2815,2832,Trujillanos FC,Atletico el Vigia FC,2,0,1.0,0.0,,,,,,,,,Desconocido
Segunda División,300,Venezuela,Apertura - 15,True,2025-07-13,2816,2847,Urena SC,Real Frontera,1,0,0.0,0.0,,,,,,,,,Desconocido
Serie A,71,Brazil,Regular Season - 13,False,2025-07-13,131,794,Corinthians,RB Bragantino,1,2,0.0,1.0,,,,,,,,,"Bruno Arleu de Araujo, Brazil"
Serie A,71,Brazil,Regular Season - 13,False,2025-07-13,135,130,Cruzeiro,Gremio,4,1,2.0,0.0,,,,,,,,,"Lucas Paulo Torezin, Brazil"
Serie A,71,Brazil,Regular Season - 13,False,2025-07-13,154,129,Fortaleza EC,Ceara,0,1,0.0,0.0,,,,,,,,,"Raphael Claus, Brazil"
Serie B,72,Brazil,Regular Season - 16,False,2025-07-13,132,1198,Chapecoense-sc,Remo,1,1,0.0,0.0,,,,,,,,,"Marcio dos Santos Oliveira, Brazil"
Serie B,72,Brazil,Regular Season - 16,False,2025-07-13,140,7826,Criciuma,Ferroviária,2,1,1.0,1.0,,,,,,,,,"Yuri Elino Ferreira Da Cruz, Brazil"
Serie C,75,Brazil,Regular Season - 12,False,2025-07-13,1197,148,Botafogo PB,Londrina,2,0,2.0,0.0,,,,,,,,,Marcello Rudá Neves Ramos da Costa
Serie C,75,Brazil,Regular Season - 12,False,2025-07-13,7770,7852,Caxias,Anápolis,1,0,0.0,0.0,,,,,,,,,Charly Wendy Straub Deretti
Serie C,75,Brazil,Regular Season - 12,False,2025-07-13,137,755,Figueirense,Nautico Recife,0,0,0.0,0.0,,,,,,,,,Wallas Martins Lopes
Serie C,75,Brazil,Regular Season - 12,False,2025-07-13,138,7779,Guarani Campinas,Ituano,0,0,0.0,0.0,,,,,,,,,Pierry Dias dos Santos
Serie D,76,Brazil,1st Phase - 12,True,2025-07-13,2233,2210,America-RN,Central SC,0,0,0.0,0.0,,,,,,,,,Jose Jaini Oliveira Bispo
Serie D,76,Brazil,1st Phase - 12,True,2025-07-13,12939,795,Azuriz,Joinville,0,0,0.0,0.0,,,,,,,,,Marcos Felipe Martins Machado
Serie D,76,Brazil,1st Phase - 12,True,2025-07-13,15103,1224,Barcelona BA,Juazeirense,0,1,0.0,1.0,,,,,,,,,Diego da Silva Castro
Serie D,76,Brazil,1st Phase - 12,True,2025-07-13,12921,7771,Capital Brasilia,Ceilândia,2,2,2.0,1.0,,,,,,,,,Wagner Silveira Echevarria
Serie D,76,Brazil,1st Phase - 12,True,2025-07-13,10049,10004,Guarany de Bagé,São Luiz,2,1,1.0,0.0,,,,,,,,,Lucas Coelho Santos
Serie D,76,Brazil,1st Phase - 12,True,2025-07-13,12297,1195,Horizonte,Ferroviario,2,0,1.0,0.0,,,,,,,,,Jose Henrique de Azevedo Junior
Serie D,76,Brazil,1st Phase - 12,True,2025-07-13,2214,7879,Manaus FC,Águia de Marabá,3,3,2.0,1.0,,,,,,,,,Julio Cesar de Oliveira
Serie D,76,Brazil,1st Phase - 12,True,2025-07-13,22822,1207,Penedense,ASA,0,1,0.0,1.0,,,,,,,,,Jose Magno Teixeira Nascimento
Serie D,76,Brazil,1st Phase - 12,True,2025-07-13,753,2222,Santa Cruz,Santa Cruz RN,1,1,0.0,1.0,,,,,,,,,Emerson Souza Silva
Serie D,76,Brazil,1st Phase - 12,True,2025-07-13,2232,141,Sao Jose,Brasil DE Pelotas,1,0,1.0,0.0,,,,,,,,,Guilherme Nunes de Santana
Serie D,76,Brazil,1st Phase - 12,True,2025-07-13,15611,18308,Tuna Luso,Manauara,2,1,1.0,0.0,,,,,,,,,Jean Carlos da Silva Narciso
Sudani Premier League,402,Sudan,Championship Round - 4,True,2025-07-13,5543,25523,Al Ahli Wad Medani,Al-Mergheni,0,0,,,,,,,,,,,Desconocido
Sudani Premier League,402,Sudan,Championship Round - 4,True,2025-07-13,5237,5244,Al Hilal Omdurman,Alamal Atbara,0,1,,,,,,,,,,,Desconocido
Sudani Premier League,402,Sudan,Championship Round - 4,True,2025-07-13,5239,5246,Al Merreikh,Hay Al Wadi,0,0,0.0,0.0,,,,,,,,,Desconocido
Sudani Premier League,402,Sudan,Championship Round - 4,True,2025-07-13,25522,25521,Al Zamala Umm Ruwaba,Al Merreikh El Obeid,1,0,,,,,,,,,,,Desconocido
Super Cup,727,Poland,Final,True,2025-07-13,347,339,Lech Poznan,Legia Warszawa,1,2,0.0,2.0,,,,,,,,,Łukasz Kuźma
Super Cup,659,Israel,Final,True,2025-07-13,604,563,Maccabi Tel Aviv,Hapoel Beer Sheva,1,2,0.0,1.0,,,,,,,,,G. Levi
Super League,391,Malawi,Regular Season - 9,False,2025-07-13,4585,4589,Chitipa United,Karonga United,0,0,0.0,0.0,,,,,,,,,Desconocido
Super League,391,Malawi,Regular Season - 11,False,2025-07-13,23427,11126,Creck,Ekwendeni Hammers,1,0,0.0,0.0,,,,,,,,,Desconocido
Super League,391,Malawi,Regular Season - 11,False,2025-07-13,18747,4584,Dedza Dynamos,Blue Eagles,0,0,0.0,0.0,,,,,,,,,Desconocido
Super League,391,Malawi,Regular Season - 5,False,2025-07-13,25893,4583,Ekhaya,Be Forward Wanderers,0,1,0.0,0.0,,,,,,,,,Desconocido
Super League,391,Malawi,Regular Season - 11,False,2025-07-13,4593,4597,Moyale Barracks,Silver Strikers,1,1,1.0,0.0,,,,,,,,,Desconocido
Super Liga,394,Moldova,Regular Season - 4,False,2025-07-13,568,14008,Sheriff Tiraspol,CSF Bălți,1,0,1.0,0.0,,,,,,,,,Desconocido
Super Liga,394,Moldova,Regular Season - 4,False,2025-07-13,5380,4633,Spartanii Selemet,Zimbru,0,6,0.0,3.0,,,,,,,,,Desconocido
Torneo Federal A,134,Argentina,Group 1 - 18,False,2025-07-13,8399,1959,Circulo Deportivo,Deportivo Rincon,2,1,0.0,1.0,,,,,,,,,José Díaz
Torneo Federal A,134,Argentina,Group 2 - 18,False,2025-07-13,25757,11156,Costa Brava,Gutiérrez,3,0,1.0,0.0,,,,,,,,,Cristian Rubiano
Torneo Federal A,134,Argentina,Group 3 - 18,False,2025-07-13,21041,2426,El Linqueño,Defensores de Belgrano VR,0,0,0.0,0.0,,,,,,,,,Jonathan Correa
Torneo Federal A,134,Argentina,Group 2 - 18,False,2025-07-13,477,21042,Estudiantes S.l.,San Martín Mendoza,0,1,0.0,1.0,,,,,,,,,Mauricio Martín
Torneo Federal A,134,Argentina,Group 1 - 18,False,2025-07-13,3972,1941,Germinal de Rawson,Sol de Mayo,3,1,2.0,1.0,,,,,,,,,Jorge Etem
Torneo Federal A,134,Argentina,Group 3 - 18,False,2025-07-13,25758,3945,Gimnasia Chivilcoy,Gimnasia Concepción,1,0,0.0,0.0,,,,,,,,,Leonardo Emanuel Billanueva
Torneo Federal A,134,Argentina,Group 4 - 18,False,2025-07-13,1961,25756,Juventud Antoniana,Bartolomé Mitre,2,0,1.0,0.0,,,,,,,,,Juan Nebbietti
Torneo Federal A,134,Argentina,Group 1 - 18,False,2025-07-13,443,1949,Olimpo Bahia Blanca,Cipolletti,1,2,0.0,2.0,,,,,,,,,José Sandoval
Torneo Federal A,134,Argentina,Group 1 - 18,False,2025-07-13,475,472,Santamarina,Guillermo Brown,2,2,0.0,0.0,,,,,,,,,Fernando Jesús Rekers
Torneo Federal A,134,Argentina,Group 4 - 18,False,2025-07-13,1953,1935,Sarmiento Resistencia,San Martin Formosa,1,1,1.0,1.0,,,,,,,,,Mariano Exequiel Agli
Torneo Federal A,134,Argentina,Group 4 - 18,False,2025-07-13,3982,23255,Sol de América,Sarmiento de La Banda,1,1,1.0,0.0,,,,,,,,,Guillermo Adrián González
Torneo Federal A,134,Argentina,Group 3 - 18,False,2025-07-13,1950,789,Sportivo Las Parejas,Douglas Haig,0,0,0.0,0.0,,,,,,,,,Fernando Marcos
UEFA Championship - Women,743,World,Group Stage - 3,False,2025-07-13,1721,1772,England W,Wales W,6,1,4.0,0.0,,,,,,,,,Frida Mia Klarlund Nielsen
UEFA Championship - Women,743,World,Group Stage - 3,False,2025-07-13,1733,1725,Netherlands W,France W,2,5,2.0,1.0,,,,,,,,,Ivana Martinčić
USL Championship,255,USA,Regular Season - 20,False,2025-07-13,4010,3999,Pittsburgh Riverhounds,Loudoun United,2,2,1.0,1.0,,,,,,,,,Elton Garcia
USL League Two,256,USA,Western Conference - 20,True,2025-07-13,23107,4093,AMSG,Ventura County Fusion,0,2,0.0,0.0,,,,,,,,,Desconocido
USL League Two,256,USA,Central Conference - 19,True,2025-07-13,18889,21288,Chicago Dutch Lions,Rochester,0,2,0.0,1.0,,,,,,,,,Desconocido
USL League Two,256,USA,Central Conference - 19,True,2025-07-13,18890,23227,Cleveland Force,Steel City,1,3,1.0,2.0,,,,,,,,,Desconocido
USL League Two,256,USA,Southern Conference - 23,True,2025-07-13,25942,4036,Lonestar,Brazos Valley,1,2,0.0,1.0,,,,,,,,,Desconocido
USL League Two,256,USA,Eastern Conference - 24,True,2025-07-13,4063,23122,Manhattan,Staten Island Athletic,1,0,1.0,0.0,,,,,,,,,Desconocido
USL League Two,256,USA,Western Conference - 20,True,2025-07-13,18904,25953,Oly Town,Bigfoot,5,1,2.0,0.0,,,,,,,,,Desconocido
USL League Two,256,USA,Central Conference - 19,True,2025-07-13,18910,21286,St. Croix,RKC,1,3,0.0,2.0,,,,,,,,,Desconocido
USL League Two,256,USA,Central Conference - 19,True,2025-07-13,16690,23970,Toledo Villa,Akron City,0,3,0.0,3.0,,,,,,,,,Desconocido
USL League Two,256,USA,Western Conference - 20,True,2025-07-13,4109,25951,Tucson,Stars FC,0,0,0.0,0.0,,,,,,,,,Desconocido
Veikkausliiga,244,Finland,Regular Season - 15,False,2025-07-13,2077,2076,AC Oulu,Kooteepee,3,2,0.0,1.0,,,,,,,,,"Mohammad Al-Emara, Finland"
Veikkausliiga,244,Finland,Regular Season - 15,False,2025-07-13,2082,2080,Gnistan,Haka,2,0,0.0,0.0,,,,,,,,,"Matti Roth, Finland"
Ykkönen,245,Finland,Regular Season - 14,False,2025-07-13,1171,9195,JJK,OLS,1,1,0.0,0.0,,,,,,,,,Kalle Nummela
Ykkösliiga,1087,Finland,Regular Season - 15,False,2025-07-13,2078,9198,EIF,SJK Akatemia,3,1,1.0,0.0,,,,,,,,,Desconocido
Ykkösliiga,1087,Finland,Regular Season - 15,False,2025-07-13,9173,10669,JäPS,PK-35,1,4,1.0,3.0,,,,,,,,,Desconocido
Ykkösliiga,1087,Finland,Regular Season - 15,False,2025-07-13,2085,9172,Klubi-04,JIPPO,1,1,0.0,1.0,,,,,,,,,Desconocido
Ykkösliiga,1087,Finland,Regular Season - 15,False,2025-07-13,9189,9187,SalPa,KäPa,1,0,0.0,0.0,,,,,,,,,Desconocido
Úrvalsdeild,164,Iceland,Regular Season - 15,False,2025-07-13,270,272,FH hafnarfjordur,KA Akureyri,5,0,2.0,0.0,,,,,,,,,Twana Khalid Ahmed
1. Deild,165,Iceland,Regular Season - 12,False,2025-07-12,2116,2114,Thor Akureyri,Leiknir R.,2,0,2.0,0.0,,,,,,,,,Guðmundur Páll Friðbertsson
1. Deild,165,Iceland,Regular Season - 12,False,2025-07-12,4166,2123,Völsungur,Njardvik,1,1,0.0,1.0,,,,,,,,,Sveinn Arnarsson
2. Deild,166,Iceland,Regular Season - 12,False,2025-07-12,4172,4171,Dalvík / Reynir,Thróttur Vogar,3,0,2.0,0.0,,,,,,,,,Desconocido
2. Deild,166,Iceland,Regular Season - 12,False,2025-07-12,18366,4167,Fjardabyggd / Leiknir,Ægir,4,3,3.0,2.0,,,,,,,,,Desconocido
2. Deild,166,Iceland,Regular Season - 12,False,2025-07-12,2121,6093,Grotta,Kormákur / Hvöt,1,2,1.0,2.0,,,,,,,,,Desconocido
2. Deild,166,Iceland,Regular Season - 12,False,2025-07-12,4173,828,KFG,Vikingur Olafsiik,0,2,0.0,1.0,,,,,,,,,Desconocido
2. Deild,166,Iceland,Regular Season - 12,False,2025-07-12,4170,6087,Kári,Höttur / Huginn,1,4,0.0,1.0,,,,,,,,,Desconocido
2. Division - Group 1,473,Norway,Group 1 - 14,False,2025-07-12,6970,7043,Brattvåg,Vard,2,0,1.0,0.0,,,,,,,,,Freek van Herk
2. Division - Group 1,473,Norway,Group 1 - 14,False,2025-07-12,7040,7020,Træff,Pors Grenland,3,3,2.0,1.0,,,,,,,,,Bendik Haarberg
3. Division - Girone 1,774,Norway,Group 1 - 14,False,2025-07-12,6994,7024,Harstad,Skjervøy,6,2,2.0,2.0,,,,,,,,,Desconocido
3. Division - Girone 1,774,Norway,Group 1 - 14,False,2025-07-12,23420,6974,Sortland,Bærum,0,4,0.0,0.0,,,,,,,,,Desconocido
3. Division - Girone 2,775,Norway,Group 2 - 14,False,2025-07-12,16222,6973,Aalesund II,Byåsen,2,0,1.0,0.0,,,,,,,,,Desconocido
3. Division - Girone 2,775,Norway,Group 2 - 14,False,2025-07-12,25498,7030,Kvik Trondheim,Spjelkavik,1,4,0.0,2.0,,,,,,,,,Desconocido
3. Division - Girone 2,775,Norway,Group 2 - 14,False,2025-07-12,12817,18931,Molde II,Surnadal,7,1,4.0,1.0,,,,,,,,,Desconocido
3. Division - Girone 2,775,Norway,Group 2 - 14,False,2025-07-12,7014,7039,Nardo,Trygg/Lade,1,3,0.0,3.0,,,,,,,,,Desconocido
3. Division - Girone 2,775,Norway,Group 2 - 14,False,2025-07-12,10113,16226,Rosenborg II,Volda,2,3,1.0,0.0,,,,,,,,,Desconocido
3. Division - Girone 3,776,Norway,Group 3 - 14,False,2025-07-12,16206,7015,Kongsvinger II,Nordstrand,1,3,0.0,1.0,,,,,,,,,Desconocido
3. Division - Girone 3,776,Norway,Group 3 - 14,False,2025-07-12,19711,18437,Skedsmo,Lillehammer,0,1,0.0,0.0,,,,,,,,,Desconocido
3. Division - Girone 3,776,Norway,Group 3 - 14,False,2025-07-12,16210,2156,Ullensaker / Kisa II,Elverum,1,4,0.0,1.0,,,,,,,,,Desconocido
Africa Cup of Nations - Women,922,World,Group Stage - 3,False,2025-07-12,14461,18262,Morocco W,Senegal W,1,0,1.0,0.0,,,,,,,,,Shamirah Nabadda
Africa Cup of Nations - Women,922,World,Group Stage - 3,False,2025-07-12,15584,22716,Zambia W,Congo DR W,1,0,1.0,0.0,,,,,,,,,Josephine Wanjiku
Alagoano U20,1110,Brazil,2nd Phase - 2,True,2025-07-12,20777,12989,Zumbi U20,CRB U20,1,0,1.0,0.0,,,,,,,,,Desconocido
Allsvenskan,113,Sweden,Regular Season - 15,False,2025-07-12,366,372,IFK Goteborg,IF Elfsborg,1,2,1.0,2.0,,,,,,,,,"Mohammed Al-Hakim, Sweden"
Allsvenskan,113,Sweden,Regular Season - 15,False,2025-07-12,375,378,Malmo FF,IFK Norrkoping,3,1,1.0,0.0,,,,,,,,,"Kristoffer Karlsson, Sweden"
Baiano - 2,613,Brazil,Semi-finals,True,2025-07-12,7822,1200,Bahia de Feira,Fluminense De Feira,3,0,0.0,0.0,,,,,,,,,Desconocido
Baiano U20,1073,Brazil,Round of 16,True,2025-07-12,23274,25815,Atlético Alagoinhas U20,Porto BA U20,2,1,2.0,0.0,,,,,,,,,Desconocido
Baiano U20,1073,Brazil,Round of 16,True,2025-07-12,12954,23282,Bahia U20,Jequie U20,3,1,,,,,,,,,,,Desconocido
Baiano U20,1073,Brazil,Round of 16,True,2025-07-12,23276,23284,Barcelona BA U20,SSA U20,3,1,1.0,1.0,,,,,,,,,Desconocido
Baiano U20,1073,Brazil,Round of 16,True,2025-07-12,23278,25812,Estrela De Marco U20,Feirense U20,1,0,0.0,0.0,,,,,,,,,Desconocido
Baiano U20,1073,Brazil,Round of 16,True,2025-07-12,25813,22835,Fluminense de Feira U20,Conquista U20,4,1,2.0,0.0,,,,,,,,,Desconocido
Baiano U20,1073,Brazil,Round of 16,True,2025-07-12,25814,13017,Galícia U20,Jacuipense U20,1,4,1.0,2.0,,,,,,,,,Desconocido
Baiano U20,1073,Brazil,Round of 16,True,2025-07-12,23279,23283,Grapiuna U20,Leonico U20,0,0,0.0,0.0,,,,,,,,,Desconocido
Baiano U20,1073,Brazil,Round of 16,True,2025-07-12,13072,23285,Vitória U20,Ypiranga BA U20,1,1,1.0,1.0,,,,,,,,,Desconocido
Brasiliense U20,1100,Brazil,Quarter-Finals,True,2025-07-12,23612,25933,Grêmio Valparaíso U20,Sobradinho U20,0,1,,,,,,,,,,,Desconocido
Brasiliense U20,1100,Brazil,Quarter-Finals,True,2025-07-12,18346,12992,Real Brasília U20,Capital TO U20,1,2,1.0,0.0,,,,,,,,,Desconocido
Brasiliense U20,1100,Brazil,Quarter-Finals,True,2025-07-12,23616,23609,Samambaia U20,Brasiliense U20,0,3,0.0,1.0,,,,,,,,,Desconocido
Brasiliense U20,1100,Brazil,Quarter-Finals,True,2025-07-12,25932,12991,Santa Maria U20,Canaã U20,1,1,0.0,0.0,,,,,,,,,Desconocido
Brisbane Premier League,191,Australia,Regular Season - 21,False,2025-07-12,3757,25451,Centenary Stormers,Yeronga Eagles,3,0,,,,,,,,,,,Desconocido
Brisbane Premier League,191,Australia,Regular Season - 21,False,2025-07-12,17072,9036,Newmarket,Virginia United,1,2,,,,,,,,,,,Desconocido
COSAFA U20 Championship,771,World,3rd Place Final,True,2025-07-12,11018,10316,Angola U20,Zambia U20,1,1,0.0,1.0,,,,,,,,,Desconocido
Calcutta Premier Division,1020,India,Regular Season - 5,False,2025-07-12,3463,21599,East Bengal,Calcutta Customs,2,2,0.0,2.0,,,,,,,,,Desconocido
Calcutta Premier Division,1020,India,Regular Season - 5,False,2025-07-12,21605,21614,Kalighat,Police,1,1,1.0,0.0,,,,,,,,,Desconocido
Canadian Premier League,479,Canada,Regular Season - 14,False,2025-07-12,10169,3830,Atlético Ottawa,Forge,1,1,0.0,1.0,,,,,,,,,Fabrizio Stasolla
Canadian Premier League,479,Canada,Regular Season - 14,False,2025-07-12,2622,2621,Pacific FC,HFX Wanderers FC,3,2,2.0,2.0,,,,,,,,,Mario Alayass
Capital Territory NPL,189,Australia,Regular Season - 13,False,2025-07-12,1448,1453,Canberra FC,Monaro Panthers,0,2,0.0,0.0,,,,,,,,,Desconocido
Capital Territory NPL,189,Australia,Regular Season - 13,False,2025-07-12,1447,23519,Tuggeranong United,Queanbeyan City,1,3,0.0,1.0,,,,,,,,,Desconocido
Capital Territory NPL 2,1092,Australia,Regular Season - 13,False,2025-07-12,23515,1454,ANU,Woden Vellet,4,0,0.0,0.0,,,,,,,,,Desconocido
Capital Territory NPL 2,1092,Australia,Regular Season - 13,False,2025-07-12,1449,23517,Belconnen United,Canberra Juventus,1,2,0.0,2.0,,,,,,,,,Desconocido
Capital Territory NPL 2,1092,Australia,Regular Season - 13,False,2025-07-12,1450,23516,Canberra Olympic,Brindabella,0,2,0.0,1.0,,,,,,,,,Desconocido
Carioca A2,851,Brazil,1st Phase - 11,True,2025-07-12,13104,2203,América RJ,Americano Campos,1,0,1.0,0.0,,,,,,,,,Desconocido
Carioca A2,851,Brazil,1st Phase - 11,True,2025-07-12,13107,17738,Audax Rio,Pérolas Negras,1,3,0.0,2.0,,,,,,,,,Desconocido
Carioca A2,851,Brazil,1st Phase - 11,True,2025-07-12,7854,23262,Bangu,Petrópolis,0,0,0.0,0.0,,,,,,,,,Desconocido
Carioca A2,851,Brazil,1st Phase - 11,True,2025-07-12,20006,13118,CEAC / Araruama,São Gonçalo EC RJ,1,0,0.0,0.0,,,,,,,,,Desconocido
Carioca A2,851,Brazil,1st Phase - 11,True,2025-07-12,12278,10672,Duque de Caxias,Cabofriense,0,0,0.0,0.0,,,,,,,,,Desconocido
Carioca A2,851,Brazil,1st Phase - 11,True,2025-07-12,13114,4857,Olaria,Resende,3,0,0.0,0.0,,,,,,,,,Desconocido
Catarinense - 2,936,Brazil,Regular Season - 7,False,2025-07-12,19635,19637,Blumenau,Nação,2,2,0.0,1.0,,,,,,,,,Desconocido
Catarinense U20,1076,Brazil,1st Phase - 15,True,2025-07-12,12953,23324,Avaí U20,Marcilio Dias U20,0,0,0.0,0.0,,,,,,,,,Desconocido
Catarinense U20,1076,Brazil,1st Phase - 15,True,2025-07-12,12995,23321,Chapecoense U20,Barra SC U20,0,1,0.0,1.0,,,,,,,,,Desconocido
Catarinense U20,1076,Brazil,1st Phase - 15,True,2025-07-12,12999,18329,Criciuma U20,Concórdia U20,0,0,0.0,0.0,,,,,,,,,Desconocido
Catarinense U20,1076,Brazil,1st Phase - 15,True,2025-07-12,20755,13019,Figueirense U20,Joinville U20,1,1,0.0,0.0,,,,,,,,,Desconocido
Cearense - 3,1124,Brazil,1st Phase - 3,True,2025-07-12,7857,20778,Guarany de Sobral,Crateús,2,0,0.0,0.0,,,,,,,,,Desconocido
Cearense U20,1112,Brazil,1st Phase - 4,True,2025-07-12,23720,23731,Alianca U20,Itarema U20,2,1,2.0,1.0,,,,,,,,,Desconocido
Cearense U20,1112,Brazil,1st Phase - 4,True,2025-07-12,26054,12985,Anjos do Céu U20,Atlético Cearense U20,2,1,2.0,1.0,,,,,,,,,Desconocido
Cearense U20,1112,Brazil,1st Phase - 4,True,2025-07-12,23724,26055,Caucaia U20,Limoeiro U20,3,0,3.0,0.0,,,,,,,,,Desconocido
Cearense U20,1112,Brazil,1st Phase - 4,True,2025-07-12,12956,23733,Ceará U20,Pacatuba U20,4,0,4.0,0.0,,,,,,,,,Desconocido
Cearense U20,1112,Brazil,1st Phase - 4,True,2025-07-12,23726,20764,Ferroviario U20,Tirol U20,1,1,1.0,1.0,,,,,,,,,Desconocido
Cearense U20,1112,Brazil,1st Phase - 4,True,2025-07-12,16471,26056,Floresta CE U20,Quixadá U20,3,0,3.0,0.0,,,,,,,,,Desconocido
Copa America Femenina,926,World,1st Round - 1,True,2025-07-12,18261,1977,Peru W,Chile W,0,3,0.0,0.0,,,,,,,,,Emikar Caldera Barrera
Copa Espírito Santo,1097,Brazil,Quarter-finals,True,2025-07-12,7837,15609,Vitória ES,Vilavelhense,1,1,0.0,1.0,,,,,,,,,Desconocido
Copa Nicaragua,1187,Nicaragua,Semi-finals,True,2025-07-12,4641,4647,Diriangén,UNAN Managua,3,0,1.0,0.0,,,,,,,,,Desconocido
Copa Nicaragua,1187,Nicaragua,Semi-finals,True,2025-07-12,4648,4645,Walter Ferretti,Real Estelí,1,4,0.0,1.0,,,,,,,,,Desconocido
Copa Paulista,742,Brazil,1st Round - 5,True,2025-07-12,10031,22852,Comercial,União São João,0,1,0.0,1.0,,,,,,,,,Pablo Rodrigo Soares de Oliveira
Copa Paulista,742,Brazil,1st Round - 5,True,2025-07-12,7846,20713,Linense,Grêmio Prudente,1,1,0.0,0.0,,,,,,,,,Herminio Henrique Kuhn Daldem
Copa Paulista,742,Brazil,1st Round - 5,True,2025-07-12,10038,7870,Paulista,XV de Piracicaba,0,1,0.0,0.0,,,,,,,,,Renan Pantoja de Quequi
Copa Paulista,742,Brazil,1st Round - 5,True,2025-07-12,10039,156,Primavera SP,Sao Bento,2,2,0.0,1.0,,,,,,,,,Lucas Canetto Bellote
Copa Paulista,742,Brazil,1st Round - 5,True,2025-07-12,7786,10026,São Caetano,Taubaté,0,2,0.0,0.0,,,,,,,,,Gustavo Holanda Souza
Coppa,486,Belarus,Round of 32,True,2025-07-12,23680,389,DMedia,FC Gomel,0,2,0.0,1.0,,,,,,,,,Sergey Gorayutin
Coppa,486,Belarus,Round of 32,True,2025-07-12,384,382,FC Dnepr Mogilev,FC Vitebsk,0,1,0.0,1.0,,,,,,,,,Dmitri Dmitriev
Coppa,486,Belarus,Round of 32,True,2025-07-12,3389,750,NFK Minsk,Naftan,1,2,1.0,0.0,,,,,,,,,Vitali Poltarzhitskiy
Coppa,486,Belarus,Round of 32,True,2025-07-12,16656,391,Niva,FC Isloch Minsk R.,0,4,0.0,2.0,,,,,,,,,Sergey Stetsurin
Coppa,486,Belarus,Round of 32,True,2025-07-12,4273,751,Osipovichy,Slavia Mozyr,1,5,0.0,2.0,,,,,,,,,Evgeni Yasenovich
Coppa,486,Belarus,Round of 32,True,2025-07-12,13149,379,Ostrovets FC,FC Slutsk,0,3,0.0,1.0,,,,,,,,,Igor Shumilov
Cup,658,Latvia,Round of 16,True,2025-07-12,18834,4160,FS Jelgava,Rīgas FS,0,1,0.0,0.0,,,,,,,,,Desconocido
Cup,658,Latvia,Round of 16,True,2025-07-12,4139,4143,JDFS Alberts,Super Nova,1,3,1.0,2.0,,,,,,,,,Desconocido
Cup,658,Latvia,Round of 16,True,2025-07-12,21202,661,JFK Ventspils,FK Liepaja,0,2,0.0,0.0,,,,,,,,,Desconocido
Cup,658,Latvia,Round of 16,True,2025-07-12,10124,4144,Riga,Tukums,4,0,1.0,0.0,,,,,,,,,Desconocido
Cup,167,Iceland,Semi-finals,True,2025-07-12,4165,2117,Vestri,Fram Reykjavik,0,0,0.0,0.0,,,,,,,,,Helgi Mikael Jónasson
Division Intermedia,251,Paraguay,Regular Season - 17,False,2025-07-12,1189,1184,Deportivo Santani,Club River Plate,3,1,2.0,0.0,,,,,,,,,Blas Javier Medina Acosta
Division Intermedia,251,Paraguay,Regular Season - 17,False,2025-07-12,10491,25590,Tacuary,Guaraní de Fram,3,1,1.0,1.0,,,,,,,,,Gedidias Ezequiel Zacarías González
Division Profesional - Clausura,252,Paraguay,Clausura - 2,True,2025-07-12,1175,1174,Nacional Asuncion,Club Guarani,1,0,0.0,0.0,,,,,,,,,"Derlis Benitez, Paraguay"
Division Profesional - Clausura,252,Paraguay,Clausura - 2,True,2025-07-12,10487,1176,Sportivo Ameliano,Cerro Porteno,0,1,0.0,0.0,,,,,,,,,"Derlis Lopez, Paraguay"
EAFF E-1 Football Championship,23,World,Group Stage - 2,False,2025-07-12,12,1566,Japan,China,2,0,1.0,0.0,,,,,,,,,Desconocido
Eerste Divisie,568,Suriname,Final,True,2025-07-12,12217,10966,PVV,Inter Moengotapoe,1,2,,,,,,,,,,,Desconocido
Eerste Divisie,568,Suriname,3rd place,True,2025-07-12,10980,12219,Robin Hood,Transvaal,4,0,,,,,,,,,,,Desconocido
Eliteserien,103,Norway,Regular Season - 13,False,2025-07-12,327,332,Bodo/Glimt,Sandefjord,2,0,0.0,0.0,,,,,,,,,"Marius Lien, Norway"
Eliteserien,103,Norway,Regular Season - 13,False,2025-07-12,2149,329,Fredrikstad,Molde,4,2,0.0,1.0,,,,,,,,,"Ola Hobber Nilsen, Norway"
Esiliiga A,328,Estonia,Regular Season - 19,False,2025-07-12,3518,3516,Flora II,Elva,2,0,1.0,0.0,,,,,,,,,Richard Toom
Esiliiga A,328,Estonia,Regular Season - 19,False,2025-07-12,10168,13826,Luunja,Nõmme Kalju II,1,5,0.0,4.0,,,,,,,,,Andree Porila
Esiliiga A,328,Estonia,Regular Season - 19,False,2025-07-12,3522,10059,Tallinna Kalev II,Nõmme United,0,3,0.0,1.0,,,,,,,,,Erik Reinumägi
Esiliiga A,328,Estonia,Regular Season - 19,False,2025-07-12,3524,3517,Tartu Welco,FCI Levadia II,3,0,1.0,0.0,,,,,,,,,Rasmus Maalinn
Esiliiga B,1126,Estonia,Regular Season - 19,False,2025-07-12,14309,16962,Läänemaa Haapsalu,Tartu Kalev,0,7,0.0,2.0,,,,,,,,,Desconocido
Esiliiga B,1126,Estonia,Regular Season - 19,False,2025-07-12,16402,24237,Paide II,Johvi Phoenix,2,3,0.0,1.0,,,,,,,,,Desconocido
Estadual Junior U20,1143,Brazil,Final,True,2025-07-12,13011,12962,Grêmio U20,Internacional U20,1,2,0.0,0.0,,,,,,,,,Desconocido
First Division,358,Ireland,Regular Season - 23,False,2025-07-12,3853,11328,Longford Town,Kerry,3,1,2.0,0.0,,,,,,,,,Daniel Murphy
Friendlies Clubs,667,World,Club Friendlies 3,True,2025-07-12,171,1635,1. FC Nürnberg,FC Schweinfurt 05,1,2,0.0,1.0,,,,,,,,,Desconocido
Friendlies Clubs,667,World,Club Friendlies 3,True,2025-07-12,198,426,ADO Den Haag,Sparta Rotterdam,0,2,,,,,,,,,,,Desconocido
Friendlies Clubs,667,World,Club Friendlies 3,True,2025-07-12,1360,67,Accrington ST,Blackburn,1,2,0.0,1.0,,,,,,,,,Desconocido
Friendlies Clubs,667,World,Club Friendlies 1,True,2025-07-12,194,406,Ajax,Aarhus,1,1,0.0,0.0,,,,,,,,,Robin Hensgens
Friendlies Clubs,667,World,Club Friendlies 3,True,2025-07-12,14621,1327,Ansbach,VfR Aalen,1,1,1.0,0.0,,,,,,,,,Desconocido
Friendlies Clubs,667,World,Club Friendlies 3,True,2025-07-12,344,4486,Arka Gdynia,Hapoel Katamon,1,2,1.0,2.0,,,,,,,,,Desconocido
Friendlies Clubs,667,World,Club Friendlies 3,True,2025-07-12,7693,1363,Ashton United,Crewe,0,5,0.0,2.0,,,,,,,,,Desconocido
Friendlies Clubs,667,World,Club Friendlies 3,True,2025-07-12,12731,182,BSC Süd 05,Union Berlin,1,9,1.0,6.0,,,,,,,,,Desconocido
Friendlies Clubs,667,World,Club Friendlies 3,True,2025-07-12,8692,1818,Badshot Lea,Aldershot Town,0,6,0.0,2.0,,,,,,,,,Desconocido
Friendlies Clubs,667,World,Club Friendlies 3,True,2025-07-12,8657,1351,Bath City,Port Vale,1,5,1.0,3.0,,,,,,,,,Desconocido
Friendlies Clubs,667,World,Club Friendlies 3,True,2025-07-12,12737,1325,Bayern Hof,FC Carl Zeiss Jena,1,6,1.0,1.0,,,,,,,,,Desconocido
Friendlies Clubs,667,World,Club Friendlies 3,True,2025-07-12,24426,12764,Biemenhorst,FC Bocholt,0,2,0.0,1.0,,,,,,,,,Desconocido
Friendlies Clubs,667,World,Club Friendlies 3,True,2025-07-12,4678,1831,Billericay Town,Braintree,0,2,0.0,0.0,,,,,,,,,Desconocido
Friendlies Clubs,667,World,Club Friendlies 3,True,2025-07-12,8147,1377,Chippenham Town,Yeovil Town,2,3,1.0,0.0,,,,,,,,,Desconocido
Friendlies Clubs,667,World,Club Friendlies 3,True,2025-07-12,7224,1362,East Grinstead Town,Crawley Town,1,5,0.0,0.0,,,,,,,,,Desconocido
Friendlies Clubs,667,World,Club Friendlies 3,True,2025-07-12,1634,2038,FC 08 Homburg,Victoria Rosport,5,0,0.0,0.0,,,,,,,,,Desconocido
Friendlies Clubs,667,World,Club Friendlies 3,True,2025-07-12,1394,158,FC BW Linz,Fortuna Düsseldorf,3,1,1.0,1.0,,,,,,,,,Desconocido
Friendlies Clubs,667,World,Club Friendlies 3,True,2025-07-12,423,422,FC OSS,FC Eindhoven,1,1,1.0,1.0,,,,,,,,,Desconocido
Friendlies Clubs,667,World,Club Friendlies 3,True,2025-07-12,1329,12735,FC Rot-Weiß Erfurt,Barockstadt Fulda-Lehn.,2,9,,,,,,,,,,,Desconocido
Friendlies Clubs,667,World,Club Friendlies 3,True,2025-07-12,1620,1332,FC Viktoria Köln,FSV Frankfurt,6,5,4.0,1.0,,,,,,,,,Desconocido
Friendlies Clubs,667,World,Club Friendlies 1,True,2025-07-12,209,1393,Feyenoord,Union St. Gilloise,1,1,0.0,1.0,,,,,,,,,Jannick van der Laan
Friendlies Clubs,667,World,Club Friendlies 3,True,2025-07-12,205,735,Fortuna Sittard,St. Truiden,2,1,2.0,1.0,,,,,,,,,Desconocido
Friendlies Clubs,667,World,Club Friendlies 3,True,2025-07-12,3484,2250,GKS Katowice,Sigma Olomouc,1,2,1.0,0.0,,,,,,,,,Desconocido
Friendlies Clubs,667,World,Club Friendlies 3,True,2025-07-12,1347,53,Gillingham,Reading,0,0,0.0,0.0,,,,,,,,,Desconocido
Friendlies Clubs,667,World,Club Friendlies 3,True,2025-07-12,811,6026,Helsingborg,Hillerød,1,1,0.0,0.0,,,,,,,,,Desconocido
Friendlies Clubs,667,World,Club Friendlies 3,True,2025-07-12,206,6215,Heracles,Dender,2,1,1.0,1.0,,,,,,,,,Desconocido
Friendlies Clubs,667,World,Club Friendlies 3,True,2025-07-12,7236,1842,Ilkeston Town,Harrogate Town,0,0,0.0,0.0,,,,,,,,,Desconocido
Friendlies Clubs,667,World,Club Friendlies 2,True,2025-07-12,1004,3578,Kasımpaşa,İstanbulspor,2,2,0.0,0.0,,,,,,,,,Desconocido
Friendlies Clubs,667,World,Club Friendlies 3,True,2025-07-12,346,4505,Korona Kielce,Maccabi Netanya,0,1,0.0,1.0,,,,,,,,,Desconocido
Friendlies Clubs,667,World,Club Friendlies 3,True,2025-07-12,7726,1819,Lancaster City,Barrow,0,2,0.0,0.0,,,,,,,,,Desconocido
Friendlies Clubs,667,World,Club Friendlies 3,True,2025-07-12,2176,374,Landskrona BoIS,Kalmar FF,0,0,0.0,0.0,,,,,,,,,Desconocido
Friendlies Clubs,667,World,Club Friendlies 3,True,2025-07-12,1380,1374,Macclesfield,Mansfield Town,0,2,0.0,1.0,,,,,,,,,Desconocido
Friendlies Clubs,667,World,Club Friendlies 3,True,2025-07-12,7731,69,Matlock Town,Derby,1,1,0.0,0.0,,,,,,,,,Desconocido
Friendlies Clubs,667,World,Club Friendlies 3,True,2025-07-12,14508,412,Meerssen,MVV,1,0,1.0,0.0,,,,,,,,,Desconocido
Friendlies Clubs,667,World,Club Friendlies 3,True,2025-07-12,7241,1353,Melksham Town,Swindon Town,0,4,0.0,1.0,,,,,,,,,Desconocido
Friendlies Clubs,667,World,Club Friendlies 3,True,2025-07-12,4683,1836,Metropolitan Police,Woking,0,2,0.0,0.0,,,,,,,,,Desconocido
Friendlies Clubs,667,World,Club Friendlies 3,True,2025-07-12,83,433,Nantes,Laval,2,0,0.0,0.0,,,,,,,,,Desconocido
Friendlies Clubs,667,World,Club Friendlies 3,True,2025-07-12,71,1337,Norwich,Northampton,3,1,2.0,1.0,,,,,,,,,Desconocido
Friendlies Clubs,667,World,Club Friendlies 3,True,2025-07-12,11674,2171,Oddevold,Varbergs BoIS FC,0,3,0.0,2.0,,,,,,,,,Desconocido
Friendlies Clubs,667,World,Club Friendlies 3,True,2025-07-12,2390,5104,Paks,Iváncsa,4,0,3.0,0.0,,,,,,,,,Desconocido
Friendlies Clubs,667,World,Club Friendlies 3,True,2025-07-12,7737,1354,Peterborough Sports,Doncaster,1,1,1.0,0.0,,,,,,,,,Desconocido
Friendlies Clubs,667,World,Club Friendlies 3,True,2025-07-12,3490,6958,Puszcza Niepołomice,Stal Stalowa Wola,2,1,1.0,0.0,,,,,,,,,Desconocido
Friendlies Clubs,667,World,Club Friendlies 3,True,2025-07-12,1238,416,RKAV Volendam,FC Volendam,1,2,0.0,1.0,,,,,,,,,Desconocido
Friendlies Clubs,667,World,Club Friendlies 3,True,2025-07-12,1621,1326,Rot-Weiß Essen,Fortuna Köln,5,0,1.0,0.0,,,,,,,,,Desconocido
Friendlies Clubs,667,World,Club Friendlies 3,True,2025-07-12,1623,186,SV Drochtersen/Assel,FC St. Pauli,1,0,0.0,0.0,,,,,,,,,Desconocido
Friendlies Clubs,667,World,Club Friendlies 3,True,2025-07-12,1318,1323,SV Meppen,Sportfreunde Lotte,4,0,1.0,0.0,,,,,,,,,Desconocido
Friendlies Clubs,667,World,Club Friendlies 3,True,2025-07-12,13935,1628,Sportfreunde Siegen,Kickers Offenbach,1,0,1.0,0.0,,,,,,,,,Desconocido
Friendlies Clubs,667,World,Club Friendlies 3,True,2025-07-12,4709,1354,Stamford,Doncaster,0,5,0.0,2.0,,,,,,,,,Desconocido
Friendlies Clubs,667,World,Club Friendlies 3,True,2025-07-12,4686,1334,Stockport County,Bristol Rovers,3,2,1.0,0.0,,,,,,,,,Desconocido
Friendlies Clubs,667,World,Club Friendlies 3,True,2025-07-12,7750,1834,Stratford Town,Solihull Moors,2,1,1.0,0.0,,,,,,,,,Desconocido
Friendlies Clubs,667,World,Club Friendlies 2,True,2025-07-12,2646,3573,TSC Backa Topola,Gaziantep FK,0,1,0.0,1.0,,,,,,,,,Desconocido
Friendlies Clubs,667,World,Club Friendlies 3,True,2025-07-12,1656,19465,TSV Steinbach,Eintracht Hohkeppel,1,0,0.0,0.0,,,,,,,,,Desconocido
Friendlies Clubs,667,World,Club Friendlies 3,True,2025-07-12,96,1297,Toulouse,PAU,0,0,0.0,0.0,,,,,,,,,Desconocido
Friendlies Clubs,667,World,Club Friendlies 1,True,2025-07-12,998,2262,Trabzonspor,Dinamo Tbilisi,1,1,1.0,1.0,,,,,,,,,Desconocido
Friendlies Clubs,667,World,Club Friendlies 3,True,2025-07-12,3495,3486,Tychy 71,Jastrzębie,2,2,0.0,0.0,,,,,,,,,Desconocido
Friendlies Clubs,667,World,Club Friendlies 3,True,2025-07-12,204,259,VVV Venlo,Lommel United,1,1,0.0,0.0,,,,,,,,,Desconocido
Friendlies Clubs,667,World,Club Friendlies 3,True,2025-07-12,19721,162,Verden 04,Werder Bremen,0,6,0.0,3.0,,,,,,,,,Desconocido
Friendlies Clubs,667,World,Club Friendlies 3,True,2025-07-12,9337,5000,Wacker Burghausen,Austria Salzburg,4,0,1.0,0.0,,,,,,,,,Desconocido
Friendlies Clubs,667,World,Club Friendlies 3,True,2025-07-12,7756,4700,Warrington Town,Altrincham,0,3,0.0,1.0,,,,,,,,,Desconocido
Friendlies Clubs,667,World,Club Friendlies 3,True,2025-07-12,4687,1364,Weston-super-Mare,Exeter City,0,6,0.0,1.0,,,,,,,,,Desconocido
Friendlies Clubs,667,World,Club Friendlies 3,True,2025-07-12,61,4703,Wigan,Curzon Ashton,1,1,1.0,0.0,,,,,,,,,Desconocido
Friendlies Clubs,667,World,Club Friendlies 3,True,2025-07-12,21831,263,Wilrijk,Beerschot VA,0,9,,,,,,,,,,,Desconocido
Friendlies Clubs,667,World,Club Friendlies 3,True,2025-07-12,9010,1367,Worcester City,Newport County,0,1,0.0,1.0,,,,,,,,,Desconocido
Friendlies Clubs,667,World,Club Friendlies 3,True,2025-07-12,7266,7752,Worksop Town,Tamworth,0,3,0.0,1.0,,,,,,,,,Desconocido
Friendlies Clubs,667,World,Club Friendlies 1,True,2025-07-12,3577,645,Ümraniyespor,Galatasaray,2,5,1.0,2.0,,,,,,,,,Melih Aldemir
Gaúcho - 2,478,Brazil,1st Phase - 11,True,2025-07-12,10042,10057,Esportivo,Veranópolis,0,1,0.0,0.0,,,,,,,,,Desconocido
Gaúcho - 2,478,Brazil,1st Phase - 11,True,2025-07-12,1199,7767,Novo Hamburgo,Aimoré,0,0,0.0,0.0,,,,,,,,,Desconocido
J2 League,99,Japan,Regular Season - 23,False,2025-07-12,4315,314,Blaublitz Akita,Roasso Kumamoto,3,2,3.0,1.0,,,,,,,,,Takuto Okabe
J2 League,99,Japan,Regular Season - 23,False,2025-07-12,4317,286,Fujieda MYFC,Vegalta Sendai,1,1,1.0,0.0,,,,,,,,,Atsushi Kamimura
J2 League,99,Japan,Regular Season - 23,False,2025-07-12,10075,318,Imabari,Ehime FC,1,0,0.0,0.0,,,,,,,,,Yudai Yamamoto
J2 League,99,Japan,Regular Season - 23,False,2025-07-12,7127,285,Iwaki,V-varen Nagasaki,1,1,0.0,0.0,,,,,,,,,Toshihiro Nakai
J2 League,99,Japan,Regular Season - 23,False,2025-07-12,280,279,Jubilo Iwata,Consadole Sapporo,5,1,3.0,1.0,,,,,,,,,Akihiko Ikeuchi
J2 League,99,Japan,Regular Season - 23,False,2025-07-12,305,4322,Mito Hollyhock,Kataller Toyama,3,0,0.0,0.0,,,,,,,,,Genki Tawara
J2 League,99,Japan,Regular Season - 23,False,2025-07-12,312,301,Montedio Yamagata,JEF United Chiba,0,1,0.0,0.0,,,,,,,,,Shu Kawamata
J2 League,99,Japan,Regular Season - 23,False,2025-07-12,309,299,Renofa Yamaguchi,Tokushima Vortis,0,0,0.0,0.0,,,,,,,,,Tetsuro Yoshida
J2 League,99,Japan,Regular Season - 23,False,2025-07-12,295,298,Sagan Tosu,Oita Trinita,2,1,1.0,1.0,,,,,,,,,Yosuke Kubota
J2 League,99,Japan,Regular Season - 23,False,2025-07-12,308,313,Ventforet Kofu,Omiya Ardija,1,0,0.0,0.0,,,,,,,,,Yuzo Sutani
J3 League,100,Japan,Regular Season - 20,False,2025-07-12,4314,2236,Azul Claro Numazu,Kagoshima United,0,0,0.0,0.0,,,,,,,,,Koki Yasukawa
J3 League,100,Japan,Regular Season - 20,False,2025-07-12,2235,4319,FC Ryukyu,Gainare Tottori,1,0,0.0,0.0,,,,,,,,,Yoshihito Hori
J3 League,100,Japan,Regular Season - 20,False,2025-07-12,317,315,Kamatamare Sanuki,Tochigi SC,4,1,1.0,1.0,,,,,,,,,Kentaro Kobayashi
J3 League,100,Japan,Regular Season - 20,False,2025-07-12,805,7145,Kitakyushu,Tochigi City,1,3,1.0,2.0,,,,,,,,,Shuhei Shimizu
J3 League,100,Japan,Regular Season - 20,False,2025-07-12,7129,300,Kochi United,Kanazawa,1,1,0.0,1.0,,,,,,,,,Hiromichi Oka
J3 League,100,Japan,Regular Season - 20,False,2025-07-12,304,7135,Matsumoto Yamaga,Nara Club,3,0,2.0,0.0,,,,,,,,,Ryosuke Yamaoka
J3 League,100,Japan,Regular Season - 20,False,2025-07-12,7138,10409,Osaka,Tegevajaro Miyazaki,0,0,0.0,0.0,,,,,,,,,Shingo Kuniyoshi
J3 League,100,Japan,Regular Season - 20,False,2025-07-12,4324,4318,Sagamihara,Fukushima United,0,1,0.0,1.0,,,,,,,,,Takao Ueda
J3 League,100,Japan,Regular Season - 20,False,2025-07-12,756,4323,Thespakusatsu Gunma,Parceiro Nagano,0,0,0.0,0.0,,,,,,,,,Kentaro Uematsu
J3 League,100,Japan,Regular Season - 20,False,2025-07-12,4326,297,Vanraure Hachinohe,FC Gifu,5,1,3.0,1.0,,,,,,,,,Takahito Seta
Japan Football League,497,Japan,Regular Season - 16,False,2025-07-12,4321,7150,Grulla Morioka,Veertien Mie,2,0,2.0,0.0,,,,,,,,,Desconocido
Japan Football League,497,Japan,Regular Season - 16,False,2025-07-12,7123,4327,Honda,YSCC,2,0,0.0,0.0,,,,,,,,,Desconocido
Japan Football League,497,Japan,Regular Season - 16,False,2025-07-12,7124,7151,Honda Lock,Verspah Oita,1,2,0.0,0.0,,,,,,,,,Desconocido
Japan Football League,497,Japan,Regular Season - 16,False,2025-07-12,16695,15222,Porvenir Asuka,TIAMO Hirakata,1,1,0.0,0.0,,,,,,,,,Desconocido
Japan Football League,497,Japan,Regular Season - 16,False,2025-07-12,10406,10410,Reinmeer Aomori,Tokyo Musashino City,1,0,1.0,0.0,,,,,,,,,Desconocido
Japan Football League,497,Japan,Regular Season - 16,False,2025-07-12,7149,7137,Urayasu,Okinawa SV,1,0,0.0,0.0,,,,,,,,,Desconocido
K League 1,292,South-Korea,Regular Season - 21,False,2025-07-12,2767,2747,Ulsan Hyundai FC,Daegu FC,2,2,0.0,1.0,,,,,,,,,"Yong-woo Kim, South Korea"
K League 2,293,South-Korea,Regular Season - 20,False,2025-07-12,2752,2757,Busan I Park,Seongnam FC,0,0,0.0,0.0,,,,,,,,,Hyun-Jae Choi
K League 2,293,South-Korea,Regular Season - 20,False,2025-07-12,7060,7087,Cheonan City,Hwaseong,2,3,0.0,1.0,,,,,,,,,Jeong-Ho Park
K League 2,293,South-Korea,Regular Season - 20,False,2025-07-12,2760,2751,Jeonnam Dragons,Gyeongnam FC,1,0,1.0,0.0,,,,,,,,,Jae-Hoon Ahn
K League 2,293,South-Korea,Regular Season - 20,False,2025-07-12,2765,7061,Suwon Bluewings,Cheongju,1,0,0.0,0.0,,,,,,,,,Min-Gook Ko
K3 League,295,South-Korea,Regular Season - 17,False,2025-07-12,7064,7099,Chuncheon,Pocheon,0,1,0.0,1.0,,,,,,,,,Tae-Yang Hyun
K3 League,295,South-Korea,Regular Season - 17,False,2025-07-12,7096,7112,Mokpo City,Yeoju Sejong,0,3,0.0,0.0,,,,,,,,,Joong-Dong Kim
K3 League,295,South-Korea,Regular Season - 17,False,2025-07-12,7098,7111,Paju Citizen,Yangpyeong,0,1,0.0,1.0,,,,,,,,,Hyung-Jin Kim
Kakkonen - Lohko A,247,Finland,Group A - 13,False,2025-07-12,2079,9179,GrIFK,Reipas,2,2,0.0,1.0,,,,,,,,,Juuso Vuorinen
Kakkonen - Lohko A,247,Finland,Group A - 13,False,2025-07-12,18503,13563,HaPK Edustus,JPS,2,2,2.0,0.0,,,,,,,,,Fazli Suka
Kakkonen - Lohko A,247,Finland,Group A - 13,False,2025-07-12,9178,9201,PEPO,Vaajakoski,1,2,1.0,1.0,,,,,,,,,Henrik Sandmark
Kakkonen - Lohko A,247,Finland,Group A - 13,False,2025-07-12,18596,2243,PuiU Helsinki,MyPa,2,0,0.0,0.0,,,,,,,,,Remi Rantakaulio
Kakkonen - Lohko A,247,Finland,Group A - 13,False,2025-07-12,6075,1169,VJS,Honka,1,1,1.0,1.0,,,,,,,,,Ifeoma Kulmala
Kakkonen - Lohko B,248,Finland,Group B - 13,False,2025-07-12,18485,9174,Atlantis II,Kiffen,1,6,0.0,2.0,,,,,,,,,Antti Kolehmainen
Kakkonen - Lohko C,249,Finland,Group C - 13,False,2025-07-12,18609,9191,SJK-juniorit,GBK,2,3,0.0,1.0,,,,,,,,,Tatu Korkalainen
Kakkonen - Lohko C,249,Finland,Group C - 13,False,2025-07-12,9214,9199,TP-47,VIFK,5,2,3.0,0.0,,,,,,,,,Joakim Väärälä
Kansallinen Liiga,640,Finland,Regular Season - 10,False,2025-07-12,13992,16383,JyPK W,HPS W,2,5,2.0,1.0,,,,,,,,,Ksenia Koulik
Kansallinen Liiga,640,Finland,Regular Season - 10,False,2025-07-12,13997,13993,KuPS W,PK-35 Helsinki W,3,1,2.0,1.0,,,,,,,,,Kasper Halonen
Kansallinen Liiga,640,Finland,Regular Season - 10,False,2025-07-12,10920,13995,PK-35 Vantaa W,Åland United W,1,3,0.0,1.0,,,,,,,,,Fahad Ali
Kansallinen Liiga,640,Finland,Regular Season - 10,False,2025-07-12,25564,13990,VIFK W,HJK W,1,6,1.0,2.0,,,,,,,,,Satu Miettunen
League 1 Ontario,923,Canada,Regular Season - 8,False,2025-07-12,19102,19099,FC London,Burlington,2,4,1.0,1.0,,,,,,,,,Desconocido
League Cup,185,Scotland,Group Stage - 1,False,2025-07-12,6757,4250,Annan Athletic,Forfar Athletic,1,1,0.0,1.0,,,,,,,,,Jamie Wilkie
League Cup,185,Scotland,Group Stage - 1,False,2025-07-12,4249,251,Arbroath,ST Mirren,0,0,0.0,0.0,,,,,,,,,Steven McLean
League Cup,185,Scotland,Group Stage - 1,False,2025-07-12,7431,1391,Bonnyrigg Rose Athletic,Alloa Athletic,0,1,0.0,1.0,,,,,,,,,Ross Clark
League Cup,185,Scotland,Group Stage - 1,False,2025-07-12,1390,1389,Brechin,Falkirk,0,7,0.0,4.0,,,,,,,,,Dan McFarlane
League Cup,185,Scotland,Group Stage - 1,False,2025-07-12,6760,250,Brora Rangers,Kilmarnock,0,2,0.0,1.0,,,,,,,,,Duncan Nicolson
League Cup,185,Scotland,Group Stage - 1,False,2025-07-12,6762,256,Clyde,Motherwell,2,2,1.0,1.0,,,,,,,,,Matthew McDermid
League Cup,185,Scotland,Group Stage - 1,False,2025-07-12,253,4668,Dundee,Airdrie United,0,1,0.0,1.0,,,,,,,,,David Dickinson
League Cup,185,Scotland,Group Stage - 1,False,2025-07-12,6764,255,East Fife,Livingston,1,2,0.0,1.0,,,,,,,,,Ross Hardie
League Cup,185,Scotland,Group Stage - 1,False,2025-07-12,6765,258,East Kilbride,ST Johnstone,1,3,1.0,0.0,,,,,,,,,Daniel Graves
League Cup,185,Scotland,Group Stage - 1,False,2025-07-12,6767,1385,Elgin City,Raith Rovers,1,5,0.0,3.0,,,,,,,,,Sean Murdoch
League Cup,185,Scotland,Group Stage - 1,False,2025-07-12,254,1388,Heart Of Midlothian,Dunfermline,4,1,1.0,1.0,,,,,,,,,Lloyd Wilson
League Cup,185,Scotland,Group Stage - 1,False,2025-07-12,6777,1383,Peterhead,Morton,2,4,1.0,2.0,,,,,,,,,Joel Kennedy
League Cup,185,Scotland,Group Stage - 1,False,2025-07-12,6781,6778,Spartans,Queen's Park,2,1,0.0,1.0,,,,,,,,,Chris Graham
League Cup,185,Scotland,Group Stage - 1,False,2025-07-12,4669,248,Stirling Albion,Hamilton Academical,0,2,0.0,0.0,,,,,,,,,Peter Stuart
League Cup,185,Scotland,Group Stage - 1,False,2025-07-12,6785,902,Stranraer,Ross County,1,1,0.0,1.0,,,,,,,,,Graham Grainger
League One,170,China,Regular Season - 16,False,2025-07-12,17263,23265,Dongguan United,Shenzhen Juniors,2,1,2.0,1.0,,,,,,,,,Zihao Su
League One,170,China,Regular Season - 16,False,2025-07-12,5679,21262,Qingdao Red Lions,Chongqing Tongliang Long,3,4,2.0,2.0,,,,,,,,,Zhiliang Jia
League One,170,China,Regular Season - 16,False,2025-07-12,23286,5688,Shaanxi Union,Suzhou Dongwu,1,3,0.0,2.0,,,,,,,,,Xu Yan
League One,170,China,Regular Season - 16,False,2025-07-12,5684,5657,Shenyang Urban,Guangxi Baoyun,1,0,0.0,0.0,,,,,,,,,Jian Wang
League One,170,China,Regular Season - 16,False,2025-07-12,17271,23269,Yanbian Longding,Guangzhou E-Power,2,0,0.0,0.0,,,,,,,,,Yueqiang Cui
League Two,929,China,Regular Season - 19,False,2025-07-12,25773,17272,Guangdong Mingtu,Yichun Grand Tiger,1,2,1.0,1.0,,,,,,,,,Minjie Wang
League Two,929,China,Regular Season - 19,False,2025-07-12,23268,19320,Guangxi Hengchen,Shangyu Pterosaur,2,0,1.0,0.0,,,,,,,,,Qitao Bai
League Two,929,China,Regular Season - 19,False,2025-07-12,5665,21328,Jiangxi Liansheng,Rizhao Yuqi,2,0,1.0,0.0,,,,,,,,,Ming Liang
League Two,929,China,Regular Season - 19,False,2025-07-12,19319,5647,Nantong Haimen Codion,BIT,3,1,1.0,0.0,,,,,,,,,Yang Wang
League Two,929,China,Regular Season - 19,False,2025-07-12,23288,23270,Shandong Taishan II,Langfang Glory City,3,0,2.0,0.0,,,,,,,,,Haidong Wang
League Two,929,China,Regular Season - 19,False,2025-07-12,25779,25840,Shenzhen 2028,Wuhan Three Towns II,2,1,2.0,0.0,,,,,,,,,Shenfei Zheng
League Two,929,China,Regular Season - 19,False,2025-07-12,20674,19321,Xi'an Ronghai,Tai'an Tiankuang,0,0,0.0,0.0,,,,,,,,,Ning Dan
Liga I,283,Romania,Regular Season - 1,False,2025-07-12,559,2579,FCSB,AFC Hermannstadt,1,1,0.0,0.0,,,,,,,,,V. Flueran
Liga I,283,Romania,Regular Season - 1,False,2025-07-12,2589,632,Uta Arad,Universitatea Craiova,3,3,0.0,2.0,,,,,,,,,M. Barbu
Liga MX,262,Mexico,Apertura - 1,True,2025-07-12,2295,14002,Cruz Azul,Mazatlán,0,0,0.0,0.0,,,,,,,,,"Maximiliano Quintero Hernandez, Mexico"
Liga MX,262,Mexico,Apertura - 1,True,2025-07-12,2285,2286,Santos Laguna,U.N.A.M. - Pumas,3,0,1.0,0.0,,,,,,,,,"Yonatan Peinado Aguirre, Mexico"
Liga MX,262,Mexico,Apertura - 1,True,2025-07-12,2281,2288,Toluca,Necaxa,3,1,2.0,1.0,,,,,,,,,"Fernando Hernandez, Mexico"
Liga MX Femenil,673,Mexico,Apertura - 1,True,2025-07-12,14869,14873,Juárez W,Atlas W,1,1,1.0,0.0,,,,,,,,,Desconocido
Liga MX Femenil,673,Mexico,Apertura - 1,True,2025-07-12,14877,14872,León W,Tijuana W,1,1,0.0,1.0,,,,,,,,,Desconocido
Liga MX U21,1200,Mexico,Apertura - 1,True,2025-07-12,26832,26835,Cruz Azul U21,Mazatlan FC U21,2,0,1.0,0.0,,,,,,,,,Desconocido
Liga MX U21,1200,Mexico,Apertura - 1,True,2025-07-12,26841,26844,Santos Laguna U21,UNAM Pumas U21,1,2,0.0,0.0,,,,,,,,,Desconocido
Liga MX U21,1200,Mexico,Apertura - 1,True,2025-07-12,26843,26837,Toluca U21,Necaxa U21,1,0,1.0,0.0,,,,,,,,,Desconocido
Liga Pro,242,Ecuador,Regular Season - 20,False,2025-07-12,1152,1151,Barcelona SC,Tecnico Universitario,1,1,1.0,1.0,,,,,,,,,"Augusto Bergelio Aragon Bautista, Ecuador"
Liga Pro,242,Ecuador,Regular Season - 20,False,2025-07-12,1158,1148,LDU de Quito,Emelec,2,0,1.0,0.0,,,,,,,,,"Oswaldo Contreras, Ecuador"
Liga Pro,242,Ecuador,Regular Season - 20,False,2025-07-12,1980,1157,Manta FC,Universidad Catolica,4,2,2.0,1.0,,,,,,,,,"Guillermo Enrique Guerrero Alcivar, Ecuador"
Liga Profesional Argentina,128,Argentina,2nd Phase - 1,True,2025-07-12,434,478,Gimnasia L.P.,Instituto Cordoba,0,1,0.0,1.0,,,,,,,,,"Andres Merlos, Argentina"
Liga Profesional Argentina,128,Argentina,2nd Phase - 1,True,2025-07-12,445,440,Huracan,Belgrano Cordoba,0,3,0.0,1.0,,,,,,,,,"Sebastian Zunino, Argentina"
Liga Profesional Argentina,128,Argentina,2nd Phase - 1,True,2025-07-12,436,2432,Racing Club,Barracas Central,0,1,0.0,0.0,,,,,,,,,"Nicolas Lamolina, Argentina"
Liga Profesional Argentina,128,Argentina,2nd Phase - 1,True,2025-07-12,437,439,Rosario Central,Godoy Cruz,1,1,0.0,0.0,,,,,,,,,"Pablo Dovalo, Argentina"
Major League Soccer,253,USA,Regular Season - 22,False,2025-07-12,16489,1609,Austin,New England Revolution,0,0,0.0,0.0,,,,,,,,,"Rosendo Mendoza, USA"
Major League Soccer,253,USA,Regular Season - 22,False,2025-07-12,18310,1604,Charlotte,New York City FC,2,0,1.0,0.0,,,,,,,,,"Guido Gonzales Jr, USA"
Major League Soccer,253,USA,Regular Season - 22,False,2025-07-12,1607,25484,Chicago Fire,San Diego,1,2,0.0,2.0,,,,,,,,,"Victor Rivas, USA"
Major League Soccer,253,USA,Regular Season - 22,False,2025-07-12,1610,1603,Colorado Rapids,Vancouver Whitecaps,3,0,2.0,0.0,,,,,,,,,"Ricardo Fierro, USA"
Major League Soccer,253,USA,Regular Season - 22,False,2025-07-12,2242,1613,FC Cincinnati,Columbus Crew,2,4,2.0,2.0,,,,,,,,,"Alexis Da Silva, USA"
Major League Soccer,253,USA,Regular Season - 22,False,2025-07-12,9568,9569,Inter Miami,Nashville SC,2,1,1.0,0.0,,,,,,,,,"Filip Dujic, USA"
Major League Soccer,253,USA,Regular Season - 22,False,2025-07-12,1616,1597,Los Angeles FC,FC Dallas,2,0,2.0,0.0,,,,,,,,,"Allen Chapman, USA"
Major League Soccer,253,USA,Regular Season - 22,False,2025-07-12,1605,1615,Los Angeles Galaxy,DC United,2,1,1.0,0.0,,,,,,,,,"Tim Ford, USA"
Major League Soccer,253,USA,Regular Season - 22,False,2025-07-12,1612,1596,Minnesota United FC,San Jose Earthquakes,4,1,3.0,0.0,,,,,,,,,"Ismir Pekmic, USA"
Major League Soccer,253,USA,Regular Season - 22,False,2025-07-12,1598,1614,Orlando City SC,CF Montreal,1,1,1.0,0.0,,,,,,,,,"Ramy Touchan, USA"
Major League Soccer,253,USA,Regular Season - 22,False,2025-07-12,1599,1602,Philadelphia Union,New York Red Bulls,2,0,2.0,0.0,,,,,,,,,"Marcos de Oliveira, USA"
Major League Soccer,253,USA,Regular Season - 22,False,2025-07-12,1606,1600,Real Salt Lake,Houston Dynamo,1,0,1.0,0.0,,,,,,,,,"Chris Penso, USA"
Major League Soccer,253,USA,Regular Season - 22,False,2025-07-12,1611,1595,Sporting Kansas City,Seattle Sounders,2,3,0.0,3.0,,,,,,,,,"Elijio Arreguin, USA"
Major League Soccer,253,USA,Regular Season - 22,False,2025-07-12,1601,1608,Toronto FC,Atlanta United FC,1,1,0.0,0.0,,,,,,,,,"Jon Freemon, USA"
Matogrossense 2,1096,Brazil,Semi-Finals,True,2025-07-12,10688,26049,Operário MT,Sorriso,2,1,,,,,,,,,,,Desconocido
Meistriliiga,329,Estonia,Regular Season - 20,False,2025-07-12,3525,2274,Vaprus,Trans Narva,0,0,0.0,0.0,,,,,,,,,Martti Pukk
Mineiro - 2,619,Brazil,2nd Phase - 4,True,2025-07-12,13081,21166,Democrata SL,North Esporte,0,0,0.0,0.0,,,,,,,,,Desconocido
Mineiro - 2,619,Brazil,2nd Phase - 4,True,2025-07-12,2228,13082,Uniao Trabalhadores,Mamoré,1,0,1.0,0.0,,,,,,,,,Desconocido
Mineiro U20,1107,Brazil,1st Phase - 8,True,2025-07-12,22833,25891,Coimbra U20,Uberaba U20,1,0,1.0,0.0,,,,,,,,,Desconocido
Mineiro U20,1107,Brazil,1st Phase - 8,True,2025-07-12,13000,12981,Cruzeiro U20,América Mineiro U20,0,1,0.0,1.0,,,,,,,,,Desconocido
Mineiro U20,1107,Brazil,1st Phase - 8,True,2025-07-12,25890,23646,Mamoré U20,Contagem U20,1,0,0.0,0.0,,,,,,,,,Desconocido
Mineiro U20,1107,Brazil,1st Phase - 8,True,2025-07-12,23652,23643,XV de Novembro U20,Athletic Club MG U20,1,3,1.0,2.0,,,,,,,,,Desconocido
NNSW League 1,1090,Australia,Regular Season - 15,False,2025-07-12,11194,23502,South Cardiff,Kahibah,2,4,1.0,2.0,,,,,,,,,Desconocido
NNSW League 1,1090,Australia,Regular Season - 15,False,2025-07-12,11195,23505,West Wallsend,Toronto Awaba Stags,0,4,0.0,3.0,,,,,,,,,Desconocido
National Football League,376,Fiji,Regular Season - 12,False,2025-07-12,4392,4382,Nadroga,Ba,1,1,1.0,0.0,,,,,,,,,Desconocido
National Football League,376,Fiji,Regular Season - 12,False,2025-07-12,4386,10078,Nasinu,Navua,0,1,0.0,1.0,,,,,,,,,Desconocido
National Football League,376,Fiji,Regular Season - 12,False,2025-07-12,4387,4384,Rewa,Lautoka,0,0,0.0,0.0,,,,,,,,,Desconocido
National Football League,376,Fiji,Regular Season - 12,False,2025-07-12,4388,4385,Suva,Nadi,0,0,0.0,0.0,,,,,,,,,Desconocido
National Football League,376,Fiji,Regular Season - 12,False,2025-07-12,4389,4383,Tavua,Labasa,0,3,0.0,2.0,,,,,,,,,Desconocido
National League - Northern,956,New-Zealand,Northern League - 16,True,2025-07-12,20649,24253,Auckland United,Fencibles United,3,2,2.0,1.0,,,,,,,,,Desconocido
New South Wales NPL,192,Australia,Regular Season - 23,False,2025-07-12,3769,3773,Mt Druitt Town,Sydney FC U23,0,0,0.0,0.0,,,,,,,,,Desconocido
New South Wales NPL,192,Australia,Regular Season - 23,False,2025-07-12,3771,16775,Sutherland Sharks,NWS Spirit,1,3,0.0,1.0,,,,,,,,,Desconocido
New South Wales NPL,192,Australia,Regular Season - 23,False,2025-07-12,14025,3768,Western Sydney Wanderers U23,Marconi Stallions,0,1,0.0,1.0,,,,,,,,,Desconocido
New South Wales NPL 2,835,Australia,Regular Season - 23,False,2025-07-12,12740,20793,Bonnyrigg White Eagles,Dulwich Hill,4,4,1.0,2.0,,,,,,,,,Desconocido
New South Wales NPL 2,835,Australia,Regular Season - 23,False,2025-07-12,20798,16773,Bulls Academy,Hills Brumbies,2,2,1.0,0.0,,,,,,,,,Desconocido
New South Wales NPL 2,835,Australia,Regular Season - 23,False,2025-07-12,20791,16777,Canterbury Bankstown,SD Raiders,0,0,0.0,0.0,,,,,,,,,Desconocido
New South Wales NPL 2,835,Australia,Regular Season - 23,False,2025-07-12,20795,22854,Inter Lions,UNSW,0,1,0.0,1.0,,,,,,,,,Desconocido
New South Wales NPL 2,835,Australia,Regular Season - 23,False,2025-07-12,20796,16774,Macarthur Rams,Mounties Wanderers,2,1,1.0,0.0,,,,,,,,,Desconocido
New South Wales NPL 2,835,Australia,Regular Season - 23,False,2025-07-12,11187,20797,Newcastle Jets II,Rydalmere Lions,4,4,2.0,3.0,,,,,,,,,Desconocido
New South Wales NPL 2,835,Australia,Regular Season - 23,False,2025-07-12,16776,3766,Northern Tigers,Hakoah Sydney City,1,0,0.0,0.0,,,,,,,,,Desconocido
Northern NSW NPL,481,Australia,Regular Season - 19,False,2025-07-12,10201,10205,Adamstown Rosebuds,Hamilton Olympic,0,0,0.0,0.0,,,,,,,,,Desconocido
Northern NSW NPL,481,Australia,Regular Season - 19,False,2025-07-12,18313,10204,Cooks Hill United,Edgeworth Eagles,1,2,1.0,1.0,,,,,,,,,Desconocido
Northern NSW NPL,481,Australia,Regular Season - 19,False,2025-07-12,10208,10203,Maitland,Charlestown City Blues,3,1,1.0,0.0,,,,,,,,,Desconocido
Northern NSW NPL,481,Australia,Regular Season - 19,False,2025-07-12,10210,10202,Weston Bears,Broadmeadow Magic,1,3,1.0,1.0,,,,,,,,,Desconocido
Northern Super League,1182,Canada,Regular Season - 4,False,2025-07-12,25897,25901,Calgary Wild W,Vancouver Rise W,2,1,2.0,0.0,,,,,,,,,Desconocido
Northern Super League,1182,Canada,Regular Season - 4,False,2025-07-12,25899,25898,Montreal Roses W,Halifax Tides W,0,1,0.0,0.0,,,,,,,,,Desconocido
Northern Territory Premier League,193,Australia,Regular Season - 7,False,2025-07-12,3778,3782,Casuarina,Port Darwin,3,1,1.0,1.0,,,,,,,,,Desconocido
Northern Territory Premier League,193,Australia,Regular Season - 7,False,2025-07-12,3781,13973,Mindil Aces,Darwin Hearts,3,1,1.0,1.0,,,,,,,,,Desconocido
Pacific Coast Soccer League,260,Canada,Regular Season - 5,False,2025-07-12,21234,3557,AFA,Mid Isle Mariners,3,1,1.0,0.0,,,,,,,,,Desconocido
Pacific Coast Soccer League,260,Canada,Regular Season - 5,False,2025-07-12,18920,18917,WIA,Kamloops Rivers II,3,3,2.0,0.0,,,,,,,,,Desconocido
Paranaense - 2,614,Brazil,Final,True,2025-07-12,2212,18745,Foz Do Iguacu,Aruko Sports,2,2,1.0,2.0,,,,,,,,,Desconocido
Paranaense U20,1071,Brazil,Semi-Finals,True,2025-07-12,12984,13036,Athletico PR U20,Operário PR U20,2,0,0.0,0.0,,,,,,,,,Desconocido
Paulista - U20,1086,Brazil,1st Phase - 11,True,2025-07-12,23466,12973,Bandeirante U20,São Paulo U20,1,2,0.0,0.0,,,,,,,,,Desconocido
Paulista - U20,1086,Brazil,1st Phase - 11,True,2025-07-12,12998,23485,Corinthians U20,Referencia U20,4,1,3.0,0.0,,,,,,,,,Desconocido
Paulista - U20,1086,Brazil,1st Phase - 11,True,2025-07-12,13016,12968,Ituano U20,Palmeiras U20,2,0,0.0,0.0,,,,,,,,,Desconocido
Paulista - U20,1086,Brazil,1st Phase - 11,True,2025-07-12,18345,13045,RB Bragantino U20,Portuguesa U20,1,0,0.0,0.0,,,,,,,,,Desconocido
Paulista Série B,1098,Brazil,2nd Phase - 3,True,2025-07-12,25771,23573,Guarulhos,ECUS,0,2,0.0,0.0,,,,,,,,,Desconocido
Paulista Série B,1098,Brazil,2nd Phase - 3,True,2025-07-12,23579,23581,Mauaense,Tanabi,0,0,0.0,0.0,,,,,,,,,Desconocido
Piala Presiden,924,Indonesia,Third runner,True,2025-07-12,26121,17902,Indonesia Super League All Star,Dewa United,0,2,0.0,0.0,,,,,,,,,Desconocido
Premier Division,1080,Grenada,Regular Season - 12,False,2025-07-12,26062,23365,North Stars,Camerhogne,1,4,0.0,3.0,,,,,,,,,Desconocido
Premier Division,357,Ireland,Regular Season - 24,False,2025-07-12,3842,670,Sligo Rovers,Derry City,2,0,2.0,0.0,,,,,,,,,Robert Hennessy
Premier Division,1080,Grenada,Regular Season - 12,False,2025-07-12,26063,23555,St. David’s,Shamrock,1,0,1.0,0.0,,,,,,,,,Desconocido
Premier Division,1080,Grenada,Regular Season - 12,False,2025-07-12,23371,23374,St. John's,Queens Park Rangers,3,1,1.0,0.0,,,,,,,,,Desconocido
Premier League,390,Lebanon,Championship Round - 14,True,2025-07-12,4567,4573,Al Ahed,Safa,1,1,1.0,1.0,,,,,,,,,Desconocido
Premier League,390,Lebanon,Championship Round - 14,True,2025-07-12,11879,4570,Al Hikma,Al Nejmeh,2,3,1.0,1.0,,,,,,,,,Desconocido
Premier League,425,Syria,Championship Round - 3,True,2025-07-12,9111,8019,Al Karama,Al Ittihad,0,2,0.0,1.0,,,,,,,,,Desconocido
Premier League,425,Syria,Championship Round - 3,True,2025-07-12,8035,9115,Al Wahda,Hottin,0,3,0.0,0.0,,,,,,,,,Desconocido
Premier League,1031,Bhutan,Regular Season,False,2025-07-12,5590,19007,Tensung,Ugyen Academy,1,3,0.0,1.0,,,,,,,,,Desconocido
Premier League,389,Kazakhstan,Regular Season - 16,False,2025-07-12,21502,4554,Turan Turkistan,Kyzyl-Zhar,1,2,1.0,0.0,,,,,,,,,Timur Kumashev
Premier League,389,Kazakhstan,Regular Season - 16,False,2025-07-12,21010,21011,Ulytau,Yelimay Semey,1,1,1.0,0.0,,,,,,,,,Aleksandr Zatula
Premier Soccer League,401,Zimbabwe,Regular Season - 20,False,2025-07-12,23287,25733,Bikita Minerals,Kwekwe United,1,0,0.0,0.0,,,,,,,,,Desconocido
Premier Soccer League,401,Zimbabwe,Regular Season - 20,False,2025-07-12,5223,21055,Herentals,Simba Bhora,2,3,1.0,1.0,,,,,,,,,Desconocido
Premier Soccer League,401,Zimbabwe,Regular Season - 20,False,2025-07-12,5226,5227,Kariba,Manica Diamonds,0,0,0.0,0.0,,,,,,,,,Desconocido
Premier Soccer League,401,Zimbabwe,Regular Season - 20,False,2025-07-12,5229,25735,Ngezi Platinum,Scotland Mabvuku,1,2,1.0,2.0,,,,,,,,,Desconocido
Premier Soccer League,401,Zimbabwe,Regular Season - 20,False,2025-07-12,5230,5220,Platinum,Chicken Inn,1,0,0.0,0.0,,,,,,,,,Desconocido
Premier Soccer League,401,Zimbabwe,Regular Season - 20,False,2025-07-12,5231,5221,TelOne,Dynamos,1,0,0.0,0.0,,,,,,,,,Desconocido
Premier Soccer League,401,Zimbabwe,Regular Season - 20,False,2025-07-12,5233,25734,Yadah,MWOS,1,0,0.0,0.0,,,,,,,,,Desconocido
Primeira Divisão,969,Macao,Relegation Round - 7,True,2025-07-12,21196,25715,Hang Sai,Chiba,0,3,0.0,1.0,,,,,,,,,Desconocido
Primeira Divisão,969,Macao,Relegation Round - 7,True,2025-07-12,21197,21198,Lun Lok,Sporting Macau,1,2,1.0,1.0,,,,,,,,,Desconocido
Primera A,239,Colombia,Clausura - 1,True,2025-07-12,1131,1132,Bucaramanga,Chico,1,1,1.0,1.0,,,,,,,,,"Mauricio Manuel Mercado Palencia, Colombia"
Primera A,239,Colombia,Clausura - 1,True,2025-07-12,1127,1135,Deportivo Cali,Junior,0,2,0.0,1.0,,,,,,,,,"Jose Alexander Ortiz Novoa, Colombia"
Primera A,239,Colombia,Clausura - 1,True,2025-07-12,1126,1142,Deportivo Pasto,Deportes Tolima,3,2,2.0,0.0,,,,,,,,,"Wilmar Hernando Montano Guevara, Colombia"
Primera A,239,Colombia,Clausura - 1,True,2025-07-12,1129,1147,Envigado,Fortaleza FC,0,1,0.0,0.0,,,,,,,,,"Hector Rivera, Colombia"
Primera B,266,Chile,Regular Season - 16,False,2025-07-12,2316,2345,Curico Unido,San Marcos de Arica,5,3,1.0,2.0,,,,,,,,,Gustavo Ahumada
Primera B,266,Chile,Regular Season - 16,False,2025-07-12,2344,2346,Rangers de Talca,Deportes Santa Cruz,2,2,1.0,1.0,,,,,,,,,Jorge Oses
Primera B,266,Chile,Regular Season - 16,False,2025-07-12,2340,2332,Union San Felipe,Cobreloa,3,0,1.0,0.0,,,,,,,,,José Humberto Cabero Rebolledo
Primera B,266,Chile,Regular Season - 16,False,2025-07-12,2324,2333,Universidad de Concepcion,Santiago Wanderers,0,3,0.0,2.0,,,,,,,,,Cristián Marcelo Droguett Valenzuela
Primera B Metropolitana,131,Argentina,Clausura - 4,True,2025-07-12,1924,8383,Deportivo Laferrere,Deportivo Merlo,2,2,1.0,1.0,,,,,,,,,Sebastián Bresba
Primera C,132,Argentina,Regular Season - 17,False,2025-07-12,8390,8398,Centro Español,Yupanqui,3,0,0.0,0.0,,,,,,,,,Desconocido
Primera C,132,Argentina,Regular Season - 17,False,2025-07-12,486,8394,Juventud Unida,Deportivo Paraguayo,2,0,0.0,0.0,,,,,,,,,Desconocido
Primera C,132,Argentina,Regular Season - 17,False,2025-07-12,8396,8386,Lugano,Ituzaingó,1,2,1.0,1.0,,,,,,,,,Desconocido
Primera C,132,Argentina,Regular Season - 17,False,2025-07-12,18915,8393,Mercedes,Deportivo Muñiz,1,0,0.0,0.0,,,,,,,,,Desconocido
Primera C,132,Argentina,Regular Season - 17,False,2025-07-12,8397,8381,Puerto Nuevo,Deportivo Español,1,2,0.0,0.0,,,,,,,,,Desconocido
Primera División,281,Peru,Apertura - 19,True,2025-07-12,2560,2544,Alianza Atletico,Sport Boys,1,0,0.0,0.0,,,,,,,,,"Augusto Menendez, Peru"
Primera División,281,Peru,Apertura - 19,True,2025-07-12,2550,2554,Deportivo Binacional,FBC Melgar,1,1,0.0,0.0,,,,,,,,,"Pablo Lopez Ramos, Peru"
Primera División,299,Venezuela,Clausura - 2,True,2025-07-12,2818,2806,Estudiantes de Merida FC,Zamora FC,2,1,1.0,0.0,,,,,,,,,Rony Cueva González
Primera División,344,Bolivia,Apertura - 14,True,2025-07-12,15702,17762,Independiente Petrolero,Universitario de Vinto,1,1,0.0,0.0,,,,,,,,,Miguel Balboa
Primera División,299,Venezuela,Clausura - 2,True,2025-07-12,2827,2829,Puerto Cabello,Yaracuyanos FC,1,0,1.0,0.0,,,,,,,,,Carlos Parra
Primera División,299,Venezuela,Clausura - 2,True,2025-07-12,16847,18806,Rayo Zuliano,Anzoátegui FC,2,0,1.0,0.0,,,,,,,,,Carlos Marabay Morillo
Primera División,344,Bolivia,Apertura - 14,True,2025-07-12,3711,15708,The Strongest,Real Tomayapo,6,0,2.0,0.0,,,,,,,,,Ivo Nigel Méndez Chávez
Primera División,281,Peru,Apertura - 19,True,2025-07-12,2539,2553,UTC Cajamarca,Alianza Lima,0,0,0.0,0.0,,,,,,,,,"Kevin Ortega, Peru"
Primera División,265,Chile,Regular Season - 7,False,2025-07-12,2323,2315,Universidad de Chile,Colo Colo,2,1,1.0,1.0,,,,,,,,,"Piero Maza, Chile"
Primera División,281,Peru,Apertura - 19,True,2025-07-12,2540,2572,Universitario,Club Deportivo Los Chankas,0,0,0.0,0.0,,,,,,,,,"Diego Haro, Peru"
Primera Nacional,129,Argentina,Regular Season - 22,False,2025-07-12,464,480,All Boys,Quilmes,0,0,0.0,0.0,,,,,,,,,Felipe Viola
Primera Nacional,129,Argentina,Regular Season - 22,False,2025-07-12,1936,479,CA Estudiantes,Gimnasia Jujuy,0,0,0.0,0.0,,,,,,,,,Gonzalo Pereira
Primera Nacional,129,Argentina,Regular Season - 22,False,2025-07-12,8377,1948,Colegiales,Atlanta,2,0,2.0,0.0,,,,,,,,,Pablo Giménez
Primera Nacional,129,Argentina,Regular Season - 22,False,2025-07-12,1067,484,Defensores De Belgrano,Nueva Chicago,1,2,1.0,1.0,,,,,,,,,Bruno Amiconi
Primera Nacional,129,Argentina,Regular Season - 22,False,2025-07-12,1945,1066,Defensores Unidos,Gimnasia M.,0,1,0.0,0.0,,,,,,,,,Lucas Cavallero
Primera Nacional,129,Argentina,Regular Season - 22,False,2025-07-12,469,462,Deportivo Moron,Agropecuario,1,1,0.0,0.0,,,,,,,,,Juan Pablo Loustau
Primera Nacional,129,Argentina,Regular Season - 22,False,2025-07-12,485,483,San Martin Tucuman,Los Andes,1,0,1.0,0.0,,,,,,,,,Maximiliano Macheroni
Primera Nacional,129,Argentina,Regular Season - 22,False,2025-07-12,1927,1932,Talleres Remedios,San Telmo,0,0,0.0,0.0,,,,,,,,,Juan Cruz Robledo
Primera Nacional,129,Argentina,Regular Season - 22,False,2025-07-12,454,1951,Temperley,Central Norte,1,0,0.0,0.0,,,,,,,,,Nicolás Agustín Mastroieni
Primera Nacional,129,Argentina,Regular Season - 22,False,2025-07-12,1965,3969,Tristan Suarez,Club Atlético Güemes,0,0,0.0,0.0,,,,,,,,,Franco Acita
Queensland NPL,482,Australia,Regular Season - 17,False,2025-07-12,10215,10221,Gold Coast Knights,Peninsula Power,0,0,0.0,0.0,,,,,,,,,Desconocido
Queensland NPL,482,Australia,Regular Season - 17,False,2025-07-12,10216,10212,Gold Coast United,Brisbane Roar II,0,3,0.0,2.0,,,,,,,,,Desconocido
Queensland NPL,482,Australia,Regular Season - 17,False,2025-07-12,11184,10220,WDSC Wolves,Olympic,0,0,0.0,0.0,,,,,,,,,Desconocido
Queensland Premier League,833,Australia,Regular Season - 17,False,2025-07-12,10214,20850,Capalaba,Broadbeach United,1,4,0.0,1.0,,,,,,,,,Desconocido
Queensland Premier League,833,Australia,Regular Season - 17,False,2025-07-12,11178,22895,Holland Park Hawks,Ipswich,1,1,1.0,1.0,,,,,,,,,Desconocido
Queensland Premier League,833,Australia,Regular Season - 17,False,2025-07-12,25449,10213,Magic United,Brisbane Strikers,1,2,0.0,1.0,,,,,,,,,Desconocido
Queensland Premier League,833,Australia,Regular Season - 17,False,2025-07-12,11196,11180,SWQ Thunder,Logan Lightning,1,1,0.0,0.0,,,,,,,,,Desconocido
Segunda División,300,Venezuela,Apertura - 15,True,2025-07-12,2838,11371,Angostura FC,Monagas II,2,1,0.0,1.0,,,,,,,,,Desconocido
Segunda División,269,Uruguay,2nd Phase - 10,True,2025-07-12,19326,2370,Artigas,Deportivo Maldonado,1,1,0.0,1.0,,,,,,,,,Federico Armán
Segunda División,269,Uruguay,2nd Phase - 10,True,2025-07-12,2357,2371,Fenix,Rentistas,0,0,0.0,0.0,,,,,,,,,Esteban Guerra
Segunda División,300,Venezuela,Apertura - 15,True,2025-07-12,10091,18807,Fundación Lara Deportiva,Héroes de Falcón,2,0,0.0,0.0,,,,,,,,,Desconocido
Segunda División,269,Uruguay,2nd Phase - 10,True,2025-07-12,2354,2374,Rampla Juniors,Tacuarembo,1,1,0.0,1.0,,,,,,,,,Leandro Lasso
Segunda División,269,Uruguay,2nd Phase - 10,True,2025-07-12,16740,2367,Uruguay Montevideo,Cerrito,0,0,0.0,0.0,,,,,,,,,Bruno Sacarelo
Serie A,71,Brazil,Regular Season - 13,False,2025-07-12,118,1062,Bahia,Atletico-MG,2,1,0.0,0.0,,,,,,,,,"Davi de Oliveira Lacerda, Brazil"
Serie A,71,Brazil,Regular Season - 13,False,2025-07-12,127,126,Flamengo,Sao Paulo,2,0,0.0,0.0,,,,,,,,,"Wilton Pereira Sampaio, Brazil"
Serie A,71,Brazil,Regular Season - 13,False,2025-07-12,119,136,Internacional,Vitoria,1,0,0.0,0.0,,,,,,,,,"Rodrigo Jose Pereira de Lima, Brazil"
Serie A,71,Brazil,Regular Season - 13,False,2025-07-12,133,120,Vasco DA Gama,Botafogo,0,2,0.0,0.0,,,,,,,,,"Anderson Daronco, Brazil"
Serie B,72,Brazil,Regular Season - 16,False,2025-07-12,134,151,Atletico Paranaense,Goias,0,1,0.0,0.0,,,,,,,,,"Flavio Rodrigues De Souza, Brazil"
Serie B,72,Brazil,Regular Season - 16,False,2025-07-12,7834,125,Novorizontino,America Mineiro,3,1,1.0,1.0,,,,,,,,,"Lucas Casagrande, Brazil"
Serie B,72,Brazil,Regular Season - 16,False,2025-07-12,149,144,Paysandu,Atletico Goianiense,2,2,1.0,2.0,,,,,,,,,"Kleber Ariel Goncalves da Silva, Brazil"
Serie C,75,Brazil,Regular Season - 12,False,2025-07-12,2204,7772,AO Itabaiana,Confiança,0,0,0.0,0.0,,,,,,,,,Marcel Phillipe Santos Martins
Serie C,75,Brazil,Regular Season - 12,False,2025-07-12,7774,1221,Floresta,Ypiranga-RS,2,1,2.0,1.0,,,,,,,,,Tarcisio Flores da Silva
Serie C,75,Brazil,Regular Season - 12,False,2025-07-12,7865,139,São Bernardo,Ponte Preta,2,0,1.0,0.0,,,,,,,,,Murilo Tarrega Victor
Serie C,75,Brazil,Regular Season - 12,False,2025-07-12,2227,754,Tombense,ABC,1,2,1.0,0.0,,,,,,,,,Renan Novaes Insabralde
Serie D,76,Brazil,1st Phase - 12,True,2025-07-12,1203,7784,Altos,Parnahyba,4,2,1.0,0.0,,,,,,,,,Michelangelo Martins de Almeida Junior
Serie D,76,Brazil,1st Phase - 12,True,2025-07-12,1202,7873,Aparecidense,Goianésia,2,1,0.0,1.0,,,,,,,,,Wanbelton Lisboa Valente
Serie D,76,Brazil,1st Phase - 12,True,2025-07-12,10673,1194,Cascavel,Cianorte,2,1,1.0,1.0,,,,,,,,,Franciel dos Santos Martins
Serie D,76,Brazil,1st Phase - 12,True,2025-07-12,15505,13089,Iguatu,Maracanã,2,1,1.0,0.0,,,,,,,,,Joanilson Scarcella de Lima
Serie D,76,Brazil,1st Phase - 12,True,2025-07-12,2213,7832,Imperatriz,Maranhão,1,0,0.0,0.0,,,,,,,,,Bruno Nogueira Prado
Serie D,76,Brazil,1st Phase - 12,True,2025-07-12,10853,10478,Independência,Humaitá,0,1,0.0,0.0,,,,,,,,,Wanderson Alves de Souza
Serie D,76,Brazil,1st Phase - 12,True,2025-07-12,21165,18296,Itabirito,Goiatuba EC,0,1,0.0,1.0,,,,,,,,,Jonathan Antero Silva
Serie D,76,Brazil,1st Phase - 12,True,2025-07-12,752,2215,Luverdense,Mixto,0,0,0.0,0.0,,,,,,,,,Marcos Mateus Pereira
Serie D,76,Brazil,1st Phase - 12,True,2025-07-12,10021,1201,Monte Azul,Inter De Limeira,0,1,0.0,0.0,,,,,,,,,Carlos Tadeu Ferreira de Castro
Serie D,76,Brazil,1st Phase - 12,True,2025-07-12,7782,14000,Nova Iguaçu,CFRJ / Maricá,1,3,0.0,1.0,,,,,,,,,Marco Antonio dos Santos Travessolo
Serie D,76,Brazil,1st Phase - 12,True,2025-07-12,2217,1196,Operario Ferroviario,Uberlandia,1,1,1.0,0.0,,,,,,,,,Luiz Paulo de Moura Pinheiro
Serie D,76,Brazil,1st Phase - 12,True,2025-07-12,12946,10674,Porto Velho,Goiânia,2,2,1.0,0.0,,,,,,,,,Elenildo Batista Rodrigues Júnior
Serie D,76,Brazil,1st Phase - 12,True,2025-07-12,20717,10690,Porto Vitória,Rio Branco ES,0,1,0.0,1.0,,,,,,,,,Jonathan Giovanella Vivian
Serie D,76,Brazil,1st Phase - 12,True,2025-07-12,1214,10018,Portuguesa,Água Santa,2,1,1.0,1.0,,,,,,,,,Paulo Roberto Alves Júnior
Serie D,76,Brazil,1st Phase - 12,True,2025-07-12,13084,2206,Pouso Alegre,Boavista SC,2,0,2.0,0.0,,,,,,,,,Wasley do Couto Leão
Serie D,76,Brazil,1st Phase - 12,True,2025-07-12,155,7878,Sampaio Correa,Tocantinópolis,2,0,1.0,0.0,,,,,,,,,Fabio Santos de Santana
Serie D,76,Brazil,1st Phase - 12,True,2025-07-12,2224,10002,Sergipe,Lagarto,1,2,0.0,0.0,,,,,,,,,Ruthyanna Camila Medeiros da Silva
Serie D,76,Brazil,1st Phase - 12,True,2025-07-12,7864,7787,Sousa,Treze,0,1,0.0,1.0,,,,,,,,,Fabio Augusto Santos Sá Junior
Serie D,76,Brazil,1st Phase - 12,True,2025-07-12,7868,12916,Trem,GAS,1,3,0.0,1.0,,,,,,,,,Fagson Júnior dos Santos Silva
Serie D,76,Brazil,1st Phase - 12,True,2025-07-12,18362,15104,União Carmolandense,Jequié,1,0,0.0,0.0,,,,,,,,,Raimundo Rodrigues de Oliveira Junior
Super Cup,663,Russia,Final,True,2025-07-12,621,555,FC Krasnodar,CSKA Moscow,0,1,0.0,0.0,,,,,,,,,Artem Chistyakov
Super League,391,Malawi,Regular Season - 10,False,2025-07-12,11125,4599,CIVO United,Nyasa Big Bullets,2,1,0.0,0.0,,,,,,,,,Desconocido
Super League,391,Malawi,Regular Season - 11,False,2025-07-12,25894,4588,Songwe Border United,Kamuzu Barracks,1,3,0.0,2.0,,,,,,,,,Desconocido
Super Liga,394,Moldova,Regular Season - 4,False,2025-07-12,26115,5375,Politehnica UTM,Dacia-Buiucani,2,3,2.0,1.0,,,,,,,,,Desconocido
Supreme Division Women,649,Russia,Regular Season - 14,False,2025-07-12,14131,16492,CSKA Moskva W,Zvezda Perm W,2,1,0.0,1.0,,,,,,,,,Lyubov Tarbeeva
Supreme Division Women,649,Russia,Regular Season - 14,False,2025-07-12,10885,21119,Chertanovo W,Krylya Sovetov W,0,0,0.0,0.0,,,,,,,,,Kristina Saakyan
Supreme Division Women,649,Russia,Regular Season - 14,False,2025-07-12,21118,23214,Dinamo Moskva W,Spartak Moskva W,0,2,0.0,0.0,,,,,,,,,Marina Krupskaya
Supreme Division Women,649,Russia,Regular Season - 14,False,2025-07-12,16491,16490,Rubin Kazan W,Rostov W,0,1,0.0,1.0,,,,,,,,,Nadezhda Gorinova
Supreme Division Women,649,Russia,Regular Season - 14,False,2025-07-12,10921,14133,Ryazan W,Yenisey W,3,0,0.0,0.0,,,,,,,,,Anastasia Varfolomeeva
Tasmania NPL,648,Australia,Regular Season - 13,False,2025-07-12,14100,14099,Devonport City,Clarence Zebras,7,0,5.0,0.0,,,,,,,,,Desconocido
Tasmania NPL,648,Australia,Regular Season - 13,False,2025-07-12,14101,14103,Glenorchy Knights,Launceston City,1,6,0.0,5.0,,,,,,,,,Desconocido
Tasmania NPL,648,Australia,Regular Season - 13,False,2025-07-12,14102,21047,Kingborough Lions,Launceston United,0,4,2.0,0.0,,,,,,,,,Desconocido
Tasmania NPL,648,Australia,Regular Season - 13,False,2025-07-12,14106,14105,South Hobart,Riverside,2,0,1.0,0.0,,,,,,,,,Desconocido
Tasmania Northern Championship,1091,Australia,Regular Season - 13,False,2025-07-12,23508,23507,Devonport U21,Burnie Utd.,5,3,1.0,1.0,,,,,,,,,Desconocido
Tasmania Northern Championship,1091,Australia,Regular Season - 13,False,2025-07-12,23511,23509,Northern Rangers,Launceston U21,3,1,1.0,0.0,,,,,,,,,Desconocido
Tasmania Northern Championship,1091,Australia,Regular Season - 13,False,2025-07-12,23513,23512,Somerset,Riverside Olympic U21,4,0,3.0,1.0,,,,,,,,,Desconocido
Tasmania Southern Championship,1093,Australia,Regular Season - 14,False,2025-07-12,23523,23525,Hobart City,New Town,1,2,1.0,1.0,,,,,,,,,Desconocido
Tasmania Southern Championship,1093,Australia,Regular Season - 14,False,2025-07-12,23528,23527,Taroona,South Hobart II,0,1,0.0,1.0,,,,,,,,,Desconocido
Tasmania Southern Championship,1093,Australia,Regular Season - 14,False,2025-07-12,23529,23526,University of Tasmania,South East Utd. U21,1,4,0.0,4.0,,,,,,,,,Desconocido
Torneo Federal A,134,Argentina,Group 2 - 18,False,2025-07-12,21043,3947,Atenas,Juventud Unida Univ.,1,0,1.0,0.0,,,,,,,,,Marcos Ignacio Liuzzi
Torneo Federal A,134,Argentina,Group 2 - 18,False,2025-07-12,16612,18764,Ciudad de Bolívar,Argentino Monte Maíz,4,1,1.0,0.0,,,,,,,,,Marcelo Sanz
Torneo Federal A,134,Argentina,Group 4 - 18,False,2025-07-12,788,467,Crucero Del Norte,Boca Unidos,1,1,0.0,1.0,,,,,,,,,Nelson Bejas
UEFA Championship - Women,743,World,Group Stage - 3,False,2025-07-12,1749,1779,Poland W,Denmark W,3,2,2.0,0.0,,,,,,,,,Olatz Rivera Olmedo
UEFA Championship - Women,743,World,Group Stage - 3,False,2025-07-12,1739,1719,Sweden W,Germany W,4,1,3.0,1.0,,,,,,,,,Silvia Gasperotti
USL Championship,255,USA,Regular Season - 19,False,2025-07-12,9043,3995,Detroit City,Hartford Athletic,1,2,1.0,2.0,,,,,,,,,Trevor Wiseman
USL Championship,255,USA,Regular Season - 19,False,2025-07-12,4022,3998,FC Tulsa,Las Vegas Lights,4,3,2.0,2.0,,,,,,,,,Adorae Monroy
USL Championship,255,USA,Regular Season - 19,False,2025-07-12,3996,22855,Indy Eleven,Rhode Island,1,0,0.0,0.0,,,,,,,,,Mark Verso
USL Championship,255,USA,Regular Season - 19,False,2025-07-12,9030,20808,Miami FC,Lexington,1,1,1.0,0.0,,,,,,,,,Elvis Osmanovic
USL Championship,255,USA,Regular Season - 19,False,2025-07-12,4003,3990,New Mexico United,Charleston Battery,1,2,0.0,0.0,,,,,,,,,Abdou Ndiaye
USL Championship,255,USA,Regular Season - 19,False,2025-07-12,10874,4009,Oakland Roots,Phoenix Rising,1,2,1.0,0.0,,,,,,,,,Joe Dickerson
USL Championship,255,USA,Regular Season - 20,False,2025-07-12,4015,3993,Sacramento Republic,El Paso Locomotive,3,0,1.0,0.0,,,,,,,,,Cristian Campo Hernández
USL Championship,255,USA,Regular Season - 19,False,2025-07-12,4017,4021,San Antonio,Tampa Bay Rowdies,1,0,0.0,0.0,,,,,,,,,Edson Carvajal
USL League One,489,USA,Regular Season - 10,False,2025-07-12,3991,10283,Charlotte Independence,Union Omaha,1,2,0.0,1.0,,,,,,,,,Servando Berna Rico
USL League One,489,USA,Regular Season - 10,False,2025-07-12,9025,9026,Forward Madison,Greenville Triumph,3,1,1.0,0.0,,,,,,,,,Tim Wagner
USL League One,489,USA,Regular Season - 10,False,2025-07-12,25485,25488,Naples,Westchester SC,2,1,1.0,1.0,,,,,,,,,John C. Griggs
USL League One,489,USA,Regular Season - 10,False,2025-07-12,4024,9016,Richmond Kickers,Chattanooga Red Wolves,0,2,0.0,0.0,,,,,,,,,Aleksandar Zhelyazkov
USL League One,489,USA,Regular Season - 10,False,2025-07-12,25487,25486,Texoma,Portland Hearts of Pine,0,1,0.0,1.0,,,,,,,,,Gerald Flores
USL League One,489,USA,Regular Season - 10,False,2025-07-12,4108,18905,Tormenta,One Knoxville,1,2,1.0,0.0,,,,,,,,,Mario Maric
USL League Two,256,USA,Eastern Conference - 24,True,2025-07-12,4031,9071,AC Connecticut,Boston City,6,3,2.0,0.0,,,,,,,,,Desconocido
USL League Two,256,USA,Western Conference - 19,True,2025-07-12,23109,10145,Almaden,Academica,3,0,0.0,0.0,,,,,,,,,Desconocido
USL League Two,256,USA,Eastern Conference - 25,True,2025-07-12,23971,23114,Annapolis Blues,Charlottesville Blues,3,3,2.0,2.0,,,,,,,,,Desconocido
USL League Two,256,USA,Southern Conference - 18,True,2025-07-12,10094,18911,Asheville City,Tennessee,0,0,0.0,0.0,,,,,,,,,Desconocido
USL League Two,256,USA,Western Conference - 19,True,2025-07-12,18882,25948,Ballard,Snohomish United,1,2,0.0,1.0,,,,,,,,,Desconocido
USL League Two,256,USA,Eastern Conference - 24,True,2025-07-12,4034,4035,Black Rock,Boston Bolts,3,1,1.0,0.0,,,,,,,,,Desconocido
USL League Two,256,USA,Central Conference - 18,True,2025-07-12,17019,25955,Buffalo,Erie Sports Center,4,1,1.0,0.0,,,,,,,,,Desconocido
USL League Two,256,USA,Eastern Conference - 24,True,2025-07-12,4039,4089,Charlotte Eagles,Tobacco Road,2,2,0.0,2.0,,,,,,,,,Desconocido
USL League Two,256,USA,Eastern Conference - 23,True,2025-07-12,9041,21293,Christos,Virginia Marauders,3,0,1.0,0.0,,,,,,,,,Desconocido
USL League Two,256,USA,Western Conference - 19,True,2025-07-12,25954,18891,Colorado Storm,Colorado ISA,7,0,5.0,0.0,,,,,,,,,Desconocido
USL League Two,256,USA,Southern Conference - 22,True,2025-07-12,4043,4056,Corpus Christi,Houston FC,2,1,0.0,0.0,,,,,,,,,Desconocido
USL League Two,256,USA,Western Conference - 20,True,2025-07-12,18893,25958,Davis Legacy,San Juan SC,2,1,1.0,0.0,,,,,,,,,Desconocido
USL League Two,256,USA,Central Conference - 19,True,2025-07-12,4045,25941,Dayton Dutch Lions,Kings Hammer Columbus,1,0,0.0,0.0,,,,,,,,,Desconocido
USL League Two,256,USA,Central Conference - 19,True,2025-07-12,4047,25950,Des Moines Menace,St. Louis Ambush,4,3,2.0,1.0,,,,,,,,,Desconocido
USL League Two,256,USA,Southern Conference - 22,True,2025-07-12,10097,25944,East Atlanta,Montgomery United,0,2,0.0,0.0,,,,,,,,,Desconocido
USL League Two,256,USA,Eastern Conference - 23,True,2025-07-12,4049,13192,Evergreen,Virginia Beach City,4,2,3.0,0.0,,,,,,,,,Desconocido
USL League Two,256,USA,Western Conference - 20,True,2025-07-12,18895,23108,Flatirons Rush,Albion Colorado,1,2,0.0,2.0,,,,,,,,,Desconocido
USL League Two,256,USA,Central Conference - 18,True,2025-07-12,4052,18898,Flint City Bucks,Lansing City,4,0,2.0,0.0,,,,,,,,,Desconocido
USL League Two,256,USA,Central Conference - 19,True,2025-07-12,16679,16681,Fort Wayne,Kings Hammer,4,0,1.0,0.0,,,,,,,,,Desconocido
USL League Two,256,USA,Southern Conference - 23,True,2025-07-12,25940,23118,GFI,Hill Country Lobos,2,3,1.0,1.0,,,,,,,,,Desconocido
USL League Two,256,USA,Southern Conference - 23,True,2025-07-12,23117,9029,Hattiesburg,Little Rock Rangers,1,1,0.0,0.0,,,,,,,,,Desconocido
USL League Two,256,USA,Southern Conference - 22,True,2025-07-12,23119,18903,Inter Gainesville,Nona,0,1,0.0,0.0,,,,,,,,,Desconocido
USL League Two,256,USA,Southern Conference - 23,True,2025-07-12,9028,4032,Laredo Heat,AHFC Royals,3,2,1.0,1.0,,,,,,,,,Desconocido
USL League Two,256,USA,Central Conference - 18,True,2025-07-12,25957,4098,Lexington II,West Virginia Alliance,1,1,1.0,1.0,,,,,,,,,Desconocido
USL League Two,256,USA,Eastern Conference - 24,True,2025-07-12,4061,18907,Lionsbridge,Patuxent,7,0,5.0,0.0,,,,,,,,,Desconocido
USL League Two,256,USA,Central Conference - 18,True,2025-07-12,10069,23123,Minneapolis City,Sueno,4,2,4.0,1.0,,,,,,,,,Desconocido
USL League Two,256,USA,Western Conference - 19,True,2025-07-12,21284,18899,Monterey Bay II,Marin,1,2,0.0,2.0,,,,,,,,,Desconocido
USL League Two,256,USA,Eastern Conference - 24,True,2025-07-12,16682,18897,Morris Elite,Hudson Valley Hammers,1,1,0.0,1.0,,,,,,,,,Desconocido
USL League Two,256,USA,Eastern Conference - 23,True,2025-07-12,9086,18894,New Jersey Copa,FC Motown II,1,7,0.0,2.0,,,,,,,,,Desconocido
USL League Two,256,USA,Eastern Conference - 24,True,2025-07-12,4067,4097,North Carolina II,Wake,4,1,1.0,0.0,,,,,,,,,Desconocido
USL League Two,256,USA,Central Conference - 18,True,2025-07-12,25945,23125,Northern Indiana,Union Macomb,1,1,1.0,1.0,,,,,,,,,Desconocido
USL League Two,256,USA,Central Conference - 18,True,2025-07-12,10100,16680,Oakland County,Kalamazoo FC,0,0,0.0,0.0,,,,,,,,,Desconocido
USL League Two,256,USA,Eastern Conference - 24,True,2025-07-12,4068,25938,Ocean City Nor'easters,Delaware FC,7,2,3.0,1.0,,,,,,,,,Desconocido
USL League Two,256,USA,Central Conference - 19,True,2025-07-12,10101,24029,Peoria,Sunflower State,3,1,2.0,0.0,,,,,,,,,Desconocido
USL League Two,256,USA,Southern Conference - 22,True,2025-07-12,21285,4101,Pinellas County,Weston,3,1,1.0,0.0,,,,,,,,,Desconocido
USL League Two,256,USA,Eastern Conference - 24,True,2025-07-12,4075,4060,Reading United,Lehigh Valley United,3,2,1.0,0.0,,,,,,,,,Desconocido
USL League Two,256,USA,Southern Conference - 23,True,2025-07-12,25946,4064,Red River,Mississippi Brilla,1,0,1.0,0.0,,,,,,,,,Desconocido
USL League Two,256,USA,Western Conference - 20,True,2025-07-12,21287,25937,Redlands,City SC,0,3,0.0,1.0,,,,,,,,,Desconocido
USL League Two,256,USA,Eastern Conference - 24,True,2025-07-12,4076,4066,SC United Bantams,North Carolina Fusion,1,0,0.0,0.0,,,,,,,,,Desconocido
USL League Two,256,USA,Southern Conference - 22,True,2025-07-12,21289,4051,Sarasota Paradise,FC Miami City,3,0,1.0,0.0,,,,,,,,,Desconocido
USL League Two,256,USA,Eastern Conference - 23,True,2025-07-12,4082,18884,Seacoast United Phantoms,Blackwatch Rush,4,0,1.0,0.0,,,,,,,,,Desconocido
USL League Two,256,USA,Southern Conference - 23,True,2025-07-12,10103,23216,Southern Soccer Academy,Apotheos,1,0,0.0,0.0,,,,,,,,,Desconocido
USL League Two,256,USA,Central Conference - 19,True,2025-07-12,25949,25947,Springfield,Santafé Wanderers,0,4,0.0,2.0,,,,,,,,,Desconocido
USL League Two,256,USA,Western Conference - 19,True,2025-07-12,23124,4059,Tacoma Stars,Lane United,1,4,0.0,2.0,,,,,,,,,Desconocido
USL League Two,256,USA,Central Conference - 19,True,2025-07-12,4087,23112,The Villages,Brooke House,7,1,,,,,,,,,,,Desconocido
USL League Two,256,USA,Eastern Conference - 25,True,2025-07-12,4099,4062,Westchester Flames,Long Island Rough Riders,1,3,0.0,1.0,,,,,,,,,Desconocido
Veikkausliiga,244,Finland,Regular Season - 15,False,2025-07-12,1164,2075,Inter Turku,FF Jaro,3,1,3.0,0.0,,,,,,,,,"Antti Munukka, Finland"
Victoria NPL 2,836,Australia,Regular Season - 16,False,2025-07-12,20783,16788,Melbourne City II,Northcote City,3,1,0.0,0.0,,,,,,,,,Desconocido
Western Australia NPL,196,Australia,Regular Season - 16,False,2025-07-12,3812,3814,Armadale,Bayswater City,0,4,0.0,2.0,,,,,,,,,Desconocido
Western Australia NPL,196,Australia,Regular Season - 16,False,2025-07-12,3817,3819,Floreat Athena,Perth,0,2,0.0,1.0,,,,,,,,,Desconocido
Western Australia NPL,196,Australia,Regular Season - 16,False,2025-07-12,3820,18732,Perth Glory II,Perth RedStar,1,2,1.0,0.0,,,,,,,,,Desconocido
Western Australia NPL,196,Australia,Regular Season - 16,False,2025-07-12,3823,21025,Sorrento,Fremantle City,1,2,0.0,2.0,,,,,,,,,Desconocido
Western Australia NPL,196,Australia,Regular Season - 16,False,2025-07-12,3824,3813,Stirling Lions,Balcatta,6,0,2.0,0.0,,,,,,,,,Desconocido
Western Australia NPL,196,Australia,Regular Season - 16,False,2025-07-12,23196,20890,Western Knights,Olympic Kingsway,0,4,0.0,0.0,,,,,,,,,Desconocido
Western Australia State League 1,1094,Australia,Regular Season - 16,False,2025-07-12,23530,23532,Dianella White Eagle,Murdoch Melville,1,1,0.0,0.0,,,,,,,,,Desconocido
Western Australia State League 1,1094,Australia,Regular Season - 16,False,2025-07-12,21026,10093,Gosnells City,Gwelup Croatia,0,3,0.0,1.0,,,,,,,,,Desconocido
Western Australia State League 1,1094,Australia,Regular Season - 16,False,2025-07-12,25701,23533,Joondalup City,UWA Nedlands,1,0,0.0,0.0,,,,,,,,,Desconocido
Western Australia State League 1,1094,Australia,Regular Season - 16,False,2025-07-12,25702,23531,Kalamunda City,Kingsley Westside,0,2,0.0,1.0,,,,,,,,,Desconocido
Western Australia State League 1,1094,Australia,Regular Season - 16,False,2025-07-12,22493,3818,Mandurah City,Inglewood United,2,1,0.0,1.0,,,,,,,,,Desconocido
Western Australia State League 1,1094,Australia,Regular Season - 16,False,2025-07-12,21034,25700,Subiaco,Curtin University,1,2,0.0,0.0,,,,,,,,,Desconocido
Ykkönen,245,Finland,Regular Season - 14,False,2025-07-12,9203,10199,PKKU,KPV-j,3,1,0.0,1.0,,,,,,,,,Osman Mohammadi
Ykkönen,245,Finland,Regular Season - 14,False,2025-07-12,1167,9175,Rops,MP,2,1,0.0,1.0,,,,,,,,,Valentin Smirnov
1. Deild,165,Iceland,Regular Season - 12,False,2025-07-11,273,277,Fjolnir,Grindavik,2,3,2.0,0.0,,,,,,,,,Arnar Þór Stefánsson
1. Deild,165,Iceland,Regular Season - 12,False,2025-07-11,2122,2113,IR Reykjavik,HK Kopavogur,1,2,0.0,1.0,,,,,,,,,Jens Elvar Sævarsson
1. Deild,165,Iceland,Regular Season - 12,False,2025-07-11,2115,267,Selfoss,Fylkir,3,1,3.0,0.0,,,,,,,,,Gunnar Freyr Róbertsson
1. Deild,165,Iceland,Regular Season - 12,False,2025-07-11,829,269,Throttur Reykjavik,Keflavik,3,2,1.0,1.0,,,,,,,,,Gunnar Oddur Haflidason
1. Division,388,Kazakhstan,Regular Season - 13,False,2025-07-11,4565,4544,Irtysh,Altay,1,2,1.0,1.0,,,,,,,,,Desconocido
1. Division,388,Kazakhstan,Regular Season - 13,False,2025-07-11,4566,4552,Shakhter Karagandy,Kaspiy,2,3,0.0,1.0,,,,,,,,,Desconocido
1. Division,388,Kazakhstan,Regular Season - 13,False,2025-07-11,4556,16610,Sport Academy Kairat,Yassy Turkistan,6,1,2.0,1.0,,,,,,,,,Desconocido
1. Division,388,Kazakhstan,Regular Season - 13,False,2025-07-11,21012,4545,Zhetisay,Akademiya Ontustik,0,2,0.0,0.0,,,,,,,,,Desconocido
2. Deild,166,Iceland,Regular Season - 12,False,2025-07-11,4169,2118,Vídir,Haukar,2,4,1.0,2.0,,,,,,,,,Desconocido
3. Division - Girone 3,776,Norway,Group 3 - 14,False,2025-07-11,7008,16207,Lørenskog,Lillestrøm II,4,2,3.0,0.0,,,,,,,,,Desconocido
A Lyga,362,Lithuania,Regular Season - 20,False,2025-07-11,638,3870,FK Trakai,Šiauliai,0,2,0.0,1.0,,,,,,,,,Orestas Abramavičius
Africa Cup of Nations - Women,922,World,Group Stage - 2,False,2025-07-11,15583,16937,Ghana W,Mali W,1,1,1.0,0.0,,,,,,,,,Ghada Mehat
Africa Cup of Nations - Women,922,World,Group Stage - 2,False,2025-07-11,21437,1978,Tanzania W,South Africa W,1,1,1.0,0.0,,,,,,,,,Natacha Konan
Brisbane Premier League,191,Australia,Regular Season - 21,False,2025-07-11,25450,3754,Carina,Bayside United,6,1,,,,,,,,,,,Desconocido
Brisbane Premier League,191,Australia,Regular Season - 21,False,2025-07-11,3759,20821,North Pine,North Brisbane,1,0,,,,,,,,,,,Desconocido
COSAFA U20 Championship,771,World,Semi-finals,True,2025-07-11,11037,10316,Malawi U20,Zambia U20,2,1,1.0,1.0,,,,,,,,,Desconocido
COSAFA U20 Championship,771,World,Semi-finals,True,2025-07-11,10303,11018,South Africa U20,Angola U20,2,0,1.0,0.0,,,,,,,,,Desconocido
Calcutta Premier Division,1020,India,Regular Season - 5,False,2025-07-11,21604,3467,George Telegraph,Mohun Bagan,0,0,0.0,0.0,,,,,,,,,Desconocido
Calcutta Premier Division,1020,India,Regular Season - 5,False,2025-07-11,24102,21597,Measurers,BSS Sporting,1,2,0.0,2.0,,,,,,,,,Desconocido
Calcutta Premier Division,1020,India,Regular Season - 5,False,2025-07-11,21609,24101,Railway,Kalighat Club,0,2,0.0,0.0,,,,,,,,,Desconocido
Capital Territory NPL 2,1092,Australia,Regular Season - 13,False,2025-07-11,23520,23518,Wagga City Wanderers,Canberra White Eagles,0,3,,,,,,,,,,,Desconocido
Copa America Femenina,926,World,1st Round - 1,True,2025-07-11,1731,16944,Ecuador W,Uruguay W,2,2,0.0,1.0,,,,,,,,,Daiane Caroline Muniz dos Santos
Copa Ecuador,917,Ecuador,Round of 32,True,2025-07-11,25736,1150,22 de Julio,El Nacional,0,3,0.0,1.0,,,,,,,,,Desconocido
Coppa,486,Belarus,Round of 32,True,2025-07-11,3395,380,Volna,FC Minsk,2,3,0.0,2.0,,,,,,,,,Nikita Kabak
Cup,658,Latvia,Round of 16,True,2025-07-11,25785,4152,Riga Mariners,Progress / AFA Olaine,6,1,1.0,0.0,,,,,,,,,Desconocido
Division Intermedia,251,Paraguay,Regular Season - 17,False,2025-07-11,1186,2130,Independiente F.b.c.,Fernando De La Mora,3,0,1.0,0.0,,,,,,,,,Dionicio Cristaldo Machuca
Division Intermedia,251,Paraguay,Regular Season - 17,False,2025-07-11,2135,1180,Resistencia,Deportivo Capiata,1,1,1.0,1.0,,,,,,,,,Aldo Javier Quiñonez Sanchez
Division Profesional - Clausura,252,Paraguay,Clausura - 2,True,2025-07-11,2140,1179,2 de Mayo,Libertad Asuncion,0,0,0.0,0.0,,,,,,,,,"Blas Romero, Paraguay"
Division Profesional - Clausura,252,Paraguay,Clausura - 2,True,2025-07-11,1183,1181,Sportivo Luqueno,General Caballero,2,0,0.0,0.0,,,,,,,,,"Alipio Colman, Paraguay"
EAFF E-1 Football Championship,23,World,Group Stage - 2,False,2025-07-11,4460,17,Hong Kong,South Korea,0,2,0.0,1.0,,,,,,,,,Desconocido
Esiliiga B,1126,Estonia,Regular Season - 19,False,2025-07-11,16718,13152,JK Tabasalu,Legion,1,4,0.0,2.0,,,,,,,,,Desconocido
First Division,358,Ireland,Regular Season - 23,False,2025-07-11,3847,584,Bray Wanderers,Dundalk,2,0,1.0,0.0,,,,,,,,,Declan Toland
First Division,358,Ireland,Regular Season - 23,False,2025-07-11,16498,3849,Treaty United,Cobh Ramblers,2,1,0.0,0.0,,,,,,,,,Ryan Maher
First Division,358,Ireland,Regular Season - 23,False,2025-07-11,3844,3841,UCD,Finn Harps,3,1,2.0,1.0,,,,,,,,,Darragh White
First Division,358,Ireland,Regular Season - 23,False,2025-07-11,3855,3846,Wexford,Athlone Town,0,0,0.0,0.0,,,,,,,,,Alan Patchell
Friendlies Clubs,667,World,Club Friendlies 2,True,2025-07-11,996,11238,Alanyaspor,Araz,0,0,0.0,0.0,,,,,,,,,Desconocido
Friendlies Clubs,667,World,Club Friendlies 3,True,2025-07-11,9361,164,Bayern Alzenau,FSV Mainz 05,0,4,0.0,2.0,,,,,,,,,Desconocido
Friendlies Clubs,667,World,Club Friendlies 3,True,2025-07-11,9325,190,Bayreuth,Erzgebirge Aue,2,4,0.0,3.0,,,,,,,,,Desconocido
Friendlies Clubs,667,World,Club Friendlies 3,True,2025-07-11,569,3491,Club Brugge KV,Raków Częstochowa,1,1,1.0,1.0,,,,,,,,,Desconocido
Friendlies Clubs,667,World,Club Friendlies 3,True,2025-07-11,1300,106,Concarneau,Stade Brestois 29,1,2,1.0,0.0,,,,,,,,,Desconocido
Friendlies Clubs,667,World,Club Friendlies 3,True,2025-07-11,403,396,Esbjerg,Sonderjyske,1,2,1.0,0.0,,,,,,,,,Desconocido
Friendlies Clubs,667,World,Club Friendlies 3,True,2025-07-11,7640,1372,Evesham United,Cheltenham,1,4,1.0,2.0,,,,,,,,,Desconocido
Friendlies Clubs,667,World,Club Friendlies 3,True,2025-07-11,210,427,Heerenveen,Telstar,1,1,1.0,1.0,,,,,,,,,Desconocido
Friendlies Clubs,667,World,Club Friendlies 3,True,2025-07-11,336,345,Jagiellonia,Zaglebie Lubin,0,1,0.0,0.0,,,,,,,,,Desconocido
Friendlies Clubs,667,World,Club Friendlies 3,True,2025-07-11,944,1837,Melbourne Victory,Wrexham,0,3,0.0,1.0,,,,,,,,,Desconocido
Friendlies Clubs,667,World,Club Friendlies 3,True,2025-07-11,14562,341,Motor Lublin,Wisla Plock,2,2,,,,,,,,,,,Desconocido
Friendlies Clubs,667,World,Club Friendlies 3,True,2025-07-11,160,189,SC Freiburg,SV Sandhausen,2,1,2.0,0.0,,,,,,,,,Desconocido
Friendlies Clubs,667,World,Club Friendlies 3,True,2025-07-11,18170,1325,SC Freital,FC Carl Zeiss Jena,0,2,0.0,0.0,,,,,,,,,Desconocido
Friendlies Clubs,667,World,Club Friendlies 3,True,2025-07-11,12867,2177,Stuttgart II,FC Aarau,1,4,1.0,1.0,,,,,,,,,Desconocido
Friendlies Clubs,667,World,Club Friendlies 3,True,2025-07-11,786,782,TSV 1860 München,Slovan Liberec,0,1,0.0,0.0,,,,,,,,,Desconocido
GFA League,845,Gambia,Regular Season - 30,False,2025-07-11,16801,16799,Fortune,Banjul,0,0,0.0,0.0,,,,,,,,,Desconocido
GFA League,845,Gambia,Regular Season - 30,False,2025-07-11,20811,22708,Greater Tomorrow,TMT,1,1,1.0,0.0,,,,,,,,,Desconocido
GFA League,845,Gambia,Regular Season - 30,False,2025-07-11,16804,18109,Real de Banjul,Team Rhino,0,0,0.0,0.0,,,,,,,,,Desconocido
GFA League,845,Gambia,Regular Season - 30,False,2025-07-11,10531,16802,Warriors,Marimoo,2,1,1.0,0.0,,,,,,,,,Desconocido
Gaúcho - 2,478,Brazil,1st Phase - 11,True,2025-07-11,10044,10056,Bagé,União RS,1,0,0.0,0.0,,,,,,,,,Desconocido
League Cup,185,Scotland,Group Stage - 1,False,2025-07-11,6766,901,Edinburgh City,Partick,1,4,1.0,4.0,,,,,,,,,Iain Snedden
Liga I,283,Romania,Regular Season - 1,False,2025-07-11,2592,6231,Arges Pitesti,Rapid,0,2,0.0,2.0,,,,,,,,,H. Fesnic
Liga I,283,Romania,Regular Season - 1,False,2025-07-11,2604,2599,Metaloglobus,Universitatea Cluj,1,4,0.0,1.0,,,,,,,,,V. Baban
Liga MX,262,Mexico,Apertura - 1,True,2025-07-11,2280,2290,Club Tijuana,Club Queretaro,1,0,1.0,0.0,,,,,,,,,"Vicente Jassiel Reynoso Arce, Mexico"
Liga MX,262,Mexico,Apertura - 1,True,2025-07-11,2298,2287,FC Juarez,Club America,1,1,0.0,1.0,,,,,,,,,"Ismael Rosario Lopez Penuelas, Mexico"
Liga MX,262,Mexico,Apertura - 1,True,2025-07-11,2291,2283,Puebla,Atlas,2,3,1.0,1.0,,,,,,,,,"Mario Terrazas Chavez, Mexico"
Liga MX Femenil,673,Mexico,Apertura - 1,True,2025-07-11,14880,14878,Necaxa W,Mazatlán W,2,1,1.0,0.0,,,,,,,,,Desconocido
Liga MX Femenil,673,Mexico,Apertura - 1,True,2025-07-11,14871,14883,Querétaro W,Santos Laguna W,1,1,0.0,0.0,,,,,,,,,Desconocido
Liga MX U21,1200,Mexico,Apertura - 1,True,2025-07-11,26831,26840,Club Tijuana U21,Queretaro U21,4,1,0.0,1.0,,,,,,,,,Desconocido
Liga MX U21,1200,Mexico,Apertura - 1,True,2025-07-11,26834,26829,Juarez U21,Club America U21,0,0,0.0,0.0,,,,,,,,,Desconocido
Liga MX U21,1200,Mexico,Apertura - 1,True,2025-07-11,26839,26828,Puebla U21,Atlas U21,0,0,0.0,0.0,,,,,,,,,Desconocido
Liga Pro,242,Ecuador,Regular Season - 20,False,2025-07-11,1155,1153,Macara,Independiente del Valle,1,2,1.0,1.0,,,,,,,,,"Byran Loayza, Ecuador"
Liga Profesional Argentina,128,Argentina,2nd Phase - 1,True,2025-07-11,463,1065,Aldosivi,Central Cordoba de Santiago,0,0,0.0,0.0,,,,,,,,,"Nazareno Arasa, Argentina"
Liga Profesional Argentina,128,Argentina,2nd Phase - 1,True,2025-07-11,456,460,Talleres Cordoba,San Lorenzo,1,2,1.0,1.0,,,,,,,,,"Andres Gariano, Argentina"
MLS Next Pro,909,USA,Regular Season - 23,False,2025-07-11,21138,18740,Austin II,St. Louis City II,2,4,0.0,4.0,,,,,,,,,Benjamin Meyer
MLS Next Pro,909,USA,Regular Season - 23,False,2025-07-11,4025,4004,Toronto II,New York RB II,2,2,2.0,0.0,,,,,,,,,Iwan-Nikita Jecanski
Meistriliiga,329,Estonia,Regular Season - 20,False,2025-07-11,3526,3530,Kuressaare,Tammeka,0,2,0.0,1.0,,,,,,,,,Joonas Jaanovits
Mineiro U20,1107,Brazil,1st Phase - 8,True,2025-07-11,23647,20758,Futgol U20,Inter de Minas U20,0,0,0.0,0.0,,,,,,,,,Desconocido
National League - Central,954,New-Zealand,Central League - 13,True,2025-07-11,23211,20645,Island Bay United,Waterside Karori,4,1,1.0,0.0,,,,,,,,,Desconocido
National League - Central,954,New-Zealand,Central League - 13,True,2025-07-11,20643,20644,North Wellington,Petone,3,0,0.0,0.0,,,,,,,,,Desconocido
National League - Central,954,New-Zealand,Central League - 13,True,2025-07-11,24310,20642,Upper Hutt City,Napier City Rovers,0,5,,,,,,,,,,,Desconocido
National League - Central,954,New-Zealand,Central League - 13,True,2025-07-11,2535,20672,Wellington Phoenix II,Miramar,2,3,1.0,1.0,,,,,,,,,Desconocido
National League - Central,954,New-Zealand,Central League - 13,True,2025-07-11,20648,20646,Western Suburbs,Wellington Olympic,2,2,0.0,0.0,,,,,,,,,Desconocido
National League - Northern,956,New-Zealand,Northern League - 16,True,2025-07-11,23212,20654,East Coast Bays,Bay Olympic,1,1,0.0,0.0,,,,,,,,,Desconocido
National League - Northern,956,New-Zealand,Northern League - 16,True,2025-07-11,13977,25782,Eastern Suburbs,Auckland II,0,2,0.0,1.0,,,,,,,,,Desconocido
National League - Northern,956,New-Zealand,Northern League - 16,True,2025-07-11,21123,20650,Manurewa,Birkenhead United,0,0,0.0,0.0,,,,,,,,,Desconocido
National League - Northern,956,New-Zealand,Northern League - 16,True,2025-07-11,23213,2537,Tauranga City United,Auckland City,2,1,1.0,1.0,,,,,,,,,Desconocido
National League - Northern,956,New-Zealand,Northern League - 16,True,2025-07-11,21124,20659,West Coast Rangers,Western Springs,1,2,1.0,1.0,,,,,,,,,Desconocido
National League - Southern,957,New-Zealand,Southern League - 12,True,2025-07-11,20651,24318,Cashmere Technical,Wanaka,4,1,,,,,,,,,,,Desconocido
National League - Southern,957,New-Zealand,Southern League - 12,True,2025-07-11,20652,20662,Christchurch United,Ferrymead Bays,1,0,0.0,0.0,,,,,,,,,Desconocido
National League - Southern,957,New-Zealand,Southern League - 12,True,2025-07-11,20661,20666,Dunedin City Royals,Nomads United,3,4,3.0,2.0,,,,,,,,,Desconocido
National League - Southern,957,New-Zealand,Southern League - 12,True,2025-07-11,20667,20660,Selwyn United,Coastal Spirit,2,4,0.0,2.0,,,,,,,,,Desconocido
National League - Southern,957,New-Zealand,Southern League - 12,True,2025-07-11,23210,20665,Universities,Nelson Suburbs,1,6,0.0,4.0,,,,,,,,,Desconocido
New South Wales NPL,192,Australia,Regular Season - 23,False,2025-07-11,3767,3765,Manly United,Blacktown City,3,2,2.0,0.0,,,,,,,,,Desconocido
New South Wales NPL 2,835,Australia,Regular Season - 23,False,2025-07-11,16771,20790,Blacktown Spartans,Bankstown City Lions,2,1,0.0,1.0,,,,,,,,,Desconocido
Northern Territory Premier League,193,Australia,Regular Season - 7,False,2025-07-11,3780,23267,Hellenic Athletic,Garuda,2,1,1.0,0.0,,,,,,,,,Desconocido
Northern Territory Premier League,193,Australia,Regular Season - 7,False,2025-07-11,3783,3779,Uni Azzurri,Darwin Olympic,0,1,0.0,0.0,,,,,,,,,Desconocido
Paulista - U20,1086,Brazil,1st Phase - 11,True,2025-07-11,23465,13069,Aguai U20,Velo Clube U20,1,0,0.0,0.0,,,,,,,,,Desconocido
Paulista - U20,1086,Brazil,1st Phase - 11,True,2025-07-11,26009,12987,Araçatuba U20,Botafogo SP U20,1,2,1.0,0.0,,,,,,,,,Desconocido
Paulista - U20,1086,Brazil,1st Phase - 11,True,2025-07-11,22834,13007,Comercial de Tietê U20,Flamengo SP U20,4,2,3.0,1.0,,,,,,,,,Desconocido
Paulista - U20,1086,Brazil,1st Phase - 11,True,2025-07-11,13003,23475,Desportivo Brasil U20,Gremio Prudente U20,2,0,1.0,0.0,,,,,,,,,Desconocido
Paulista - U20,1086,Brazil,1st Phase - 11,True,2025-07-11,13005,13021,EC São Bernardo U20,Juventus U20,1,2,0.0,0.0,,,,,,,,,Desconocido
Paulista - U20,1086,Brazil,1st Phase - 11,True,2025-07-11,13006,18352,Ferroviária U20,São José EC U20,2,3,1.0,2.0,,,,,,,,,Desconocido
Paulista - U20,1086,Brazil,1st Phase - 11,True,2025-07-11,13012,12993,Guarani U20,Capivariano U20,3,1,2.0,1.0,,,,,,,,,Desconocido
Paulista - U20,1086,Brazil,1st Phase - 11,True,2025-07-11,18336,13063,Ibrachina U20,Tanabi SP U20,6,2,2.0,1.0,,,,,,,,,Desconocido
Paulista - U20,1086,Brazil,1st Phase - 11,True,2025-07-11,13014,13033,Inter Limeira U20,Novorizontino U20,1,2,0.0,2.0,,,,,,,,,Desconocido
Paulista - U20,1086,Brazil,1st Phase - 11,True,2025-07-11,13026,13077,Mauá U20,XV de Piracicaba U20,2,0,1.0,0.0,,,,,,,,,Desconocido
Paulista - U20,1086,Brazil,1st Phase - 11,True,2025-07-11,13034,20744,Oeste U20,AC Guaratinguetá U20,3,2,1.0,1.0,,,,,,,,,Desconocido
Paulista - U20,1086,Brazil,1st Phase - 11,True,2025-07-11,13037,13015,Osasco Audax U20,Itapirense U20,4,1,3.0,0.0,,,,,,,,,Desconocido
Paulista - U20,1086,Brazil,1st Phase - 11,True,2025-07-11,13044,22848,Ponte Preta U20,Sfera U20,2,1,1.0,1.0,,,,,,,,,Desconocido
Paulista - U20,1086,Brazil,1st Phase - 11,True,2025-07-11,18344,13076,Portuguesa Santista U20,XV de Jaú U20,2,0,1.0,0.0,,,,,,,,,Desconocido
Paulista - U20,1086,Brazil,1st Phase - 11,True,2025-07-11,13051,13054,Rio Claro SP U20,Santo André U20,0,1,0.0,1.0,,,,,,,,,Desconocido
Paulista - U20,1086,Brazil,1st Phase - 11,True,2025-07-11,20775,23478,União Suzano U20,Jabaquara U20,1,0,0.0,0.0,,,,,,,,,Desconocido
Paulista - U20,1086,Brazil,1st Phase - 11,True,2025-07-11,18356,13057,União São João U20,Sertãozinho U20,1,2,1.0,0.0,,,,,,,,,Desconocido
Paulista - U20,1086,Brazil,1st Phase - 11,True,2025-07-11,13078,13059,Água Santa U20,São Bento U20,0,1,0.0,1.0,,,,,,,,,Desconocido
Paulista Série B,1098,Brazil,2nd Phase - 3,True,2025-07-11,25770,22948,Assisense,Independente SP,1,0,0.0,0.0,,,,,,,,,Desconocido
Premier Division,357,Ireland,Regular Season - 24,False,2025-07-11,3840,3851,Bohemians,Galway United,3,0,0.0,0.0,,,,,,,,,Robert Harvey
Premier Division,357,Ireland,Regular Season - 24,False,2025-07-11,3845,653,Waterford,Cork City,2,0,2.0,0.0,,,,,,,,,Neil Doyle
Premier League,1031,Bhutan,Regular Season,False,2025-07-11,5592,25703,Thimphu City,Southern City,3,0,1.0,0.0,,,,,,,,,Desconocido
Primera A,239,Colombia,Clausura - 1,True,2025-07-11,1464,1138,Llaneros,America de Cali,0,0,0.0,0.0,,,,,,,,,"Steven Camargo, Colombia"
Primera A,239,Colombia,Clausura - 1,True,2025-07-11,1136,1137,Once Caldas,Atletico Nacional,1,3,0.0,1.0,,,,,,,,,"Carlos Betancur, Colombia"
Primera C,132,Argentina,Regular Season - 17,False,2025-07-11,1955,3943,General Lamadrid,Deportivo Camioneros,0,1,0.0,0.0,,,,,,,,,Desconocido
Primera División,281,Peru,Apertura - 19,True,2025-07-11,10492,2558,ADT,Comerciantes Unidos,1,0,0.0,0.0,,,,,,,,,"Joel Alarcon, Peru"
Primera División,344,Bolivia,Apertura - 14,True,2025-07-11,3704,3700,Guabirá,Always Ready,5,0,3.0,0.0,,,,,,,,,Cristian Claudio Condori
Primera División,299,Venezuela,Clausura - 2,True,2025-07-11,2814,2810,Portuguesa FC,Carabobo FC,0,0,0.0,0.0,,,,,,,,,Reyes Soto Aular
Primera División,299,Venezuela,Clausura - 2,True,2025-07-11,2840,2813,UCV,Deportivo La Guaira,1,2,0.0,1.0,,,,,,,,,Jesús Valenzuela Sáez
Primera Nacional,129,Argentina,Regular Season - 22,False,2025-07-11,1928,444,Gimnasia Y Tiro,Patronato,2,1,1.0,0.0,,,,,,,,,Adrián Franklin
Queensland Premier League,833,Australia,Regular Season - 17,False,2025-07-11,11182,10222,Rochedale Rovers,Redlands United,1,1,0.0,0.0,,,,,,,,,Desconocido
Queensland Premier League,833,Australia,Regular Season - 17,False,2025-07-11,16762,3756,Southside Eagles,Caboolture,1,5,0.0,0.0,,,,,,,,,Desconocido
Serie B,72,Brazil,Regular Season - 16,False,2025-07-11,142,1223,Vila Nova,Operario-PR,0,0,0.0,0.0,,,,,,,,,"Joao Vitor Gobi, Brazil"
Supreme Division Women,649,Russia,Regular Season - 14,False,2025-07-11,14134,14135,Zenit W,Krasnodar W,1,0,1.0,0.0,,,,,,,,,Maria Tkacheva
Tasmania Northern Championship,1091,Australia,Regular Season - 13,False,2025-07-11,23514,23510,Ulverstone,Launceston United U21,12,0,8.0,0.0,,,,,,,,,Desconocido
Tasmania Southern Championship,1093,Australia,Regular Season - 14,False,2025-07-11,23521,14104,Clarence Zebras II,Olympia Warriors,0,1,0.0,1.0,,,,,,,,,Desconocido
Torneo Federal A,134,Argentina,Group 1 - 18,False,2025-07-11,3975,1938,Kimberley Mar del Plata,Villa Mitre,0,0,0.0,0.0,,,,,,,,,Alejandro Scionti
Torneo Federal A,134,Argentina,Group 3 - 18,False,2025-07-11,1966,1960,Sportivo Belgrano,Independiente De Chivilcoy,0,0,0.0,0.0,,,,,,,,,Rodrigo Héctor Rivero
UEFA Championship - Women,743,World,Group Stage - 3,False,2025-07-11,1748,1736,Italy W,Spain W,1,3,1.0,1.0,,,,,,,,,Iuliana Elena Demetrescu
UEFA Championship - Women,743,World,Group Stage - 3,False,2025-07-11,1769,1777,Portugal W,Belgium W,1,2,0.0,1.0,,,,,,,,,Tess Olofsson
USL Championship,255,USA,Regular Season - 19,False,2025-07-11,18375,4007,Monterey Bay,Orange County SC,2,1,1.0,0.0,,,,,,,,,Brad Jensen
USL Championship,255,USA,Regular Season - 19,False,2025-07-11,4005,3989,North Carolina,Birmingham Legion,2,3,1.0,1.0,,,,,,,,,Thomas Snyder
USL League Two,256,USA,Western Conference - 19,True,2025-07-11,23120,25953,Midlakes United,Bigfoot,1,1,0.0,0.0,,,,,,,,,Desconocido
USL League Two,256,USA,Western Conference - 19,True,2025-07-11,18904,23128,Oly Town,West Seattle Junction,1,2,1.0,1.0,,,,,,,,,Desconocido
USL League Two,256,USA,Eastern Conference - 23,True,2025-07-11,4100,18912,Western Mass Pioneers,Vermont Green,2,2,1.0,0.0,,,,,,,,,Desconocido
Victoria NPL,195,Australia,Regular Season - 17,False,2025-07-11,3807,3808,Melbourne Knights,Oakleigh Cannons,3,3,2.0,2.0,,,,,,,,,Desconocido
Ykkönen,245,Finland,Regular Season - 14,False,2025-07-11,9182,10667,EPS,Atlantis,1,0,1.0,0.0,,,,,,,,,Abdirahman Sugulle
Ykkönen,245,Finland,Regular Season - 14,False,2025-07-11,9190,18518,Tampere United,Inter Turku II,1,3,0.0,1.0,,,,,,,,,Lassi Siukkola
Youth Championship,238,Russia,Regular Season - 14,False,2025-07-11,15175,9217,Akademiya Konoplev U20,Akhmat Grozny U20,1,0,0.0,0.0,,,,,,,,,Desconocido
Youth Championship,238,Russia,Regular Season - 14,False,2025-07-11,7951,7985,CSKA Moskva U19,Krasnodar U19,3,0,1.0,0.0,,,,,,,,,Desconocido
Youth Championship,238,Russia,Regular Season - 14,False,2025-07-11,16594,21615,Dinamo Moskva U19,Baltika U19,0,0,0.0,0.0,,,,,,,,,Desconocido
Youth Championship,238,Russia,Regular Season - 14,False,2025-07-11,19295,16595,Fakel U19,Rostov U19,3,2,1.0,1.0,,,,,,,,,Desconocido
Youth Championship,238,Russia,Regular Season - 14,False,2025-07-11,17150,7996,Krylya Sovetov U19,Spartak Moskva U19,2,3,0.0,2.0,,,,,,,,,Desconocido
Youth Championship,238,Russia,Regular Season - 14,False,2025-07-11,7910,7941,Lokomotiv Moskva U19,Zenit U19,2,1,2.0,1.0,,,,,,,,,Desconocido
Youth Championship,238,Russia,Regular Season - 14,False,2025-07-11,17151,9227,Nizhny Novgorod U19,Sochi U20,1,1,0.0,1.0,,,,,,,,,Desconocido
Youth Championship,238,Russia,Regular Season - 14,False,2025-07-11,9226,9231,Rubin Kazan U20,Ural U20,3,2,1.0,1.0,,,,,,,,,Desconocido
1. Division,388,Kazakhstan,Regular Season - 13,False,2025-07-10,21009,4559,AKAS,Taraz,3,1,3.0,0.0,,,,,,,,,Desconocido
1. Division,388,Kazakhstan,Regular Season - 13,False,2025-07-10,4546,16609,Aktobe Jas,SD Family,1,3,1.0,1.0,,,,,,,,,Desconocido
1. Division,388,Kazakhstan,Regular Season - 13,False,2025-07-10,4551,18805,Ekibastuz,Khan Tengri,2,0,2.0,0.0,,,,,,,,,Desconocido
3. Division - Girone 1,774,Norway,Group 1 - 14,False,2025-07-10,16232,6984,Tromsø II,Fløya,3,0,1.0,0.0,,,,,,,,,Desconocido
3. Division - Girone 2,775,Norway,Group 2 - 14,False,2025-07-10,16224,16223,Ranheim II,Melhus,3,4,2.0,1.0,,,,,,,,,Desconocido
Africa Cup of Nations - Women,922,World,Group Stage - 2,False,2025-07-10,16925,1730,Botswana W,Nigeria W,0,1,0.0,0.0,,,,,,,,,Aline Umutoni
Africa Cup of Nations - Women,922,World,Group Stage - 2,False,2025-07-10,14463,18257,Tunisia W,Algeria W,0,0,0.0,0.0,,,,,,,,,Akona Zenith Makhalima
Asian Cup Women - Qualification,894,World,Qualifying Round - 2,True,2025-07-10,20452,16935,Bhutan W,Lebanon W,2,1,1.0,0.0,,,,,,,,,Desconocido
Asian Cup Women - Qualification,894,World,Qualifying Round - 2,True,2025-07-10,17893,16932,Singapore W,Iran W,0,4,0.0,1.0,,,,,,,,,Desconocido
Brasileiro U20 A,740,Brazil,1st Phase - 17,True,2025-07-10,11054,22875,Flamengo U20,Botafogo U20,2,2,1.0,1.0,,,,,,,,,Desconocido
Calcutta Premier Division,1020,India,Regular Season - 4,False,2025-07-10,15749,21601,Bhawanipore,Diamond Harbour,0,1,0.0,1.0,,,,,,,,,Desconocido
Calcutta Premier Division,1020,India,Regular Season - 4,False,2025-07-10,21606,26118,Kidderpore,United Kolkata,0,4,0.0,1.0,,,,,,,,,Desconocido
Copa Chile,267,Chile,Quarter-finals,True,2025-07-10,16730,2330,Deportes Limache,Coquimbo Unido,2,1,2.0,1.0,,,,,,,,,Francisco Gilabert
Copa Chile,267,Chile,Round of 16,True,2025-07-10,2328,5635,Huachipato,Concepción,2,0,0.0,0.0,,,,,,,,,Manuel Vergara
Copa Ecuador,917,Ecuador,Round of 32,True,2025-07-10,19414,1149,Santo Domingo,Delfin SC,2,2,2.0,1.0,,,,,,,,,Desconocido
Copa Paraguay,501,Paraguay,2nd Round,True,2025-07-10,10473,18311,Atlético Juventud,Pastoreo,1,2,1.0,1.0,,,,,,,,,Desconocido
Copa Paraguay,501,Paraguay,2nd Round,True,2025-07-10,26683,2125,Deportivo Union de Vh,Club Sp. San Lorenzo,1,5,1.0,3.0,,,,,,,,,Desconocido
Copa Paraguay,501,Paraguay,2nd Round,True,2025-07-10,26312,1185,Minga Guazu,Rubio NU,2,2,2.0,0.0,,,,,,,,,Desconocido
Copa Venezuela,1113,Venezuela,Round 1 - Group D,False,2025-07-10,2824,2811,Mineros de Guayana,Monagas SC,2,3,2.0,0.0,,,,,,,,,Desconocido
Copa de la División Profesional,964,Bolivia,Copa Bolivia - 5,True,2025-07-10,3702,3706,Bolívar,Nacional Potosí,2,1,1.0,1.0,,,,,,,,,Anyelo Maija
Copa de la División Profesional,964,Bolivia,Copa Bolivia - 5,True,2025-07-10,3705,3701,Jorge Wilstermann,Blooming,1,2,1.0,2.0,,,,,,,,,Ramiro Ticona Condori
Copa de la División Profesional,964,Bolivia,Copa Bolivia - 5,True,2025-07-10,17760,17743,San Antonio Bulo Bulo,ABB,0,2,0.0,1.0,,,,,,,,,José Carlos Aguilera
Cup,657,Estonia,Round of 64,True,2025-07-10,14340,26076,Viimsi,TalTech,7,1,1.0,1.0,,,,,,,,,Aleksei Latõnin
Friendlies Clubs,667,World,Club Friendlies 5,True,2025-07-10,179,783,1. FC Magdeburg,FC Zurich,0,2,0.0,2.0,,,,,,,,,Desconocido
Friendlies Clubs,667,World,Club Friendlies 5,True,2025-07-10,188,9342,Arminia Bielefeld,Havelse,7,1,3.0,0.0,,,,,,,,,Desconocido
Friendlies Clubs,667,World,Club Friendlies 5,True,2025-07-10,5747,6220,Aywaille,Liège,0,3,0.0,2.0,,,,,,,,,Desconocido
Friendlies Clubs,667,World,Club Friendlies 5,True,2025-07-10,8540,6898,Belasitsa,Slatina,1,1,1.0,0.0,,,,,,,,,Desconocido
Friendlies Clubs,667,World,Club Friendlies 2,True,2025-07-10,1426,994,CSKA 1948,Göztepe,2,1,1.0,1.0,,,,,,,,,Desconocido
Friendlies Clubs,667,World,Club Friendlies 5,True,2025-07-10,697,11114,Crusaders FC,Limavady United,0,0,0.0,0.0,,,,,,,,,Desconocido
Friendlies Clubs,667,World,Club Friendlies 5,True,2025-07-10,7856,128,Desportiva ES,Santos,1,3,0.0,2.0,,,,,,,,,Desconocido
Friendlies Clubs,667,World,Club Friendlies 5,True,2025-07-10,2257,3619,Dunajska Streda,Oleksandria,0,0,0.0,0.0,,,,,,,,,Desconocido
Friendlies Clubs,667,World,Club Friendlies 5,True,2025-07-10,5351,5345,Dungannon Swifts,Loughgall,2,1,1.0,1.0,,,,,,,,,Desconocido
Friendlies Clubs,667,World,Club Friendlies 5,True,2025-07-10,572,397,Dynamo Kyiv,FC Midtjylland,1,3,1.0,1.0,,,,,,,,,Desconocido
Friendlies Clubs,667,World,Club Friendlies 5,True,2025-07-10,5343,5341,H&W Welders,Dergview,3,1,3.0,1.0,,,,,,,,,Desconocido
Friendlies Clubs,667,World,Club Friendlies 5,True,2025-07-10,4676,6042,Kolding IF,Middelfart,1,1,1.0,1.0,,,,,,,,,Desconocido
Friendlies Clubs,667,World,Club Friendlies 5,True,2025-07-10,4196,8367,Makedonija GjP,Favoritner AC,1,1,0.0,0.0,,,,,,,,,Desconocido
Friendlies Clubs,667,World,Club Friendlies 3,True,2025-07-10,203,14128,NAC Breda,Lokeren-Temse,2,0,2.0,0.0,,,,,,,,,Desconocido
Friendlies Clubs,667,World,Club Friendlies 5,True,2025-07-10,1018,2655,NK Slaven Belupo,Napredak,0,2,0.0,1.0,,,,,,,,,Desconocido
Friendlies Clubs,667,World,Club Friendlies 5,True,2025-07-10,2643,2251,Novi Pazar,FK Spartak Zdrepceva KRV,1,2,0.0,0.0,,,,,,,,,Desconocido
Friendlies Clubs,667,World,Club Friendlies 5,True,2025-07-10,5394,21735,Phnom Penh Crown,Dangkor Senchey,4,1,1.0,1.0,,,,,,,,,Desconocido
Friendlies Clubs,667,World,Club Friendlies 5,True,2025-07-10,8903,11989,Quorn,Hinckley AFC,2,2,1.0,2.0,,,,,,,,,Desconocido
Friendlies Clubs,667,World,Club Friendlies 5,True,2025-07-10,4378,12360,Radomlje,Železničar Pančevo,1,2,0.0,1.0,,,,,,,,,Desconocido
Friendlies Clubs,667,World,Club Friendlies 5,True,2025-07-10,2185,551,Rapperswil,FC Basel 1893,2,4,2.0,2.0,,,,,,,,,Desconocido
Friendlies Clubs,667,World,Club Friendlies 5,True,2025-07-10,94,3229,Rennes,Stade Briochin,1,1,1.0,0.0,,,,,,,,,Desconocido
Friendlies Clubs,667,World,Club Friendlies 5,True,2025-07-10,3632,14434,Ruh Lviv,Epitsentr Dunayivtsi,1,1,1.0,0.0,,,,,,,,,Desconocido
Friendlies Clubs,667,World,Club Friendlies 1,True,2025-07-10,1027,549,SKN ST. Polten,Beşiktaş,0,2,0.0,0.0,,,,,,,,,Desconocido
Friendlies Clubs,667,World,Club Friendlies 5,True,2025-07-10,14063,3553,Slovan Duslo Šaľa,Zlaté Moravce,0,3,0.0,1.0,,,,,,,,,Desconocido
Friendlies Clubs,667,World,Club Friendlies 5,True,2025-07-10,628,565,Sparta Praha,BSC Young Boys,3,1,1.0,0.0,,,,,,,,,Desconocido
Friendlies Clubs,667,World,Club Friendlies 3,True,2025-07-10,1072,598,TSV Hartberg,FK Crvena Zvezda,1,4,1.0,1.0,,,,,,,,,Desconocido
Friendlies Clubs,667,World,Club Friendlies 5,True,2025-07-10,7678,7742,Ware,Royston Town,0,1,0.0,1.0,,,,,,,,,Desconocido
Friendlies Clubs,667,World,Club Friendlies 3,True,2025-07-10,6962,349,Widzew Łódź,Piast Gliwice,1,0,0.0,0.0,,,,,,,,,Desconocido
Friendlies Clubs,667,World,Club Friendlies 3,True,2025-07-10,6962,335,Widzew Łódź,Miedz Legnica,0,3,0.0,0.0,,,,,,,,,Desconocido
GFA League,845,Gambia,Regular Season - 30,False,2025-07-10,22706,18108,BST Galaxy,Steve Biko,1,0,1.0,0.0,,,,,,,,,Desconocido
GFA League,845,Gambia,Regular Season - 30,False,2025-07-10,22707,8087,Bombada,Hawks,2,0,1.0,0.0,,,,,,,,,Desconocido
GFA League,845,Gambia,Regular Season - 30,False,2025-07-10,6413,25419,Brikama United,Dutch Lions,1,3,1.0,2.0,,,,,,,,,Desconocido
GFA League,845,Gambia,Regular Season - 30,False,2025-07-10,25420,16186,Hart Acedemy,Falcons,1,3,0.0,1.0,,,,,,,,,Desconocido
Gaúcho - 2,478,Brazil,1st Phase - 11,True,2025-07-10,10045,10047,Brasil Farroupilha,Glória,1,0,0.0,0.0,,,,,,,,,Desconocido
Goiano - 2,1030,Brazil,Regular Season - 10,False,2025-07-10,7820,24771,Anapolina,Rio Verde,0,0,0.0,0.0,,,,,,,,,Desconocido
Kakkonen - Lohko B,248,Finland,Group B - 12,False,2025-07-10,13508,9209,PPJ,HJS Akatemia,1,2,0.0,0.0,,,,,,,,,Vili Lehtovaara
Kakkonen - Lohko C,249,Finland,Group C - 13,False,2025-07-10,9213,9192,Kraft,JBK,0,2,0.0,1.0,,,,,,,,,Einari Sario
Liga Pro Serie B,243,Ecuador,Regular Season - 17,False,2025-07-10,10111,19042,9 de Octubre,Vargas Torres,1,1,1.0,1.0,,,,,,,,,Kevin Tilson Poveda Montanero
Liga Pro Serie B,243,Ecuador,Regular Season - 17,False,2025-07-10,10112,25737,Chacaritas,Atlético Vinotinto,1,2,0.0,0.0,,,,,,,,,Jennifer Mishel Canchingre Preciado
Northern Super League,1182,Canada,Regular Season - 4,False,2025-07-10,25896,25900,AFC Toronto W,Ottawa Rapid W,3,0,2.0,0.0,,,,,,,,,Desconocido
Pacific Coast Soccer League,260,Canada,Regular Season - 5,False,2025-07-10,23430,3556,Blues,Khalsa,3,1,2.0,0.0,,,,,,,,,Desconocido
Paraibano U20,1120,Brazil,Quarter-Finals,True,2025-07-10,24038,24044,Esporte de Patos U20,Pombal U20,2,2,1.0,2.0,,,,,,,,,Desconocido
Piala Presiden,924,Indonesia,Group stage - Group A,False,2025-07-10,2438,1338,Arema FC,Oxford United,0,4,0.0,3.0,,,,,,,,,Desconocido
Piala Presiden,924,Indonesia,Group stage - Group B,False,2025-07-10,17902,2789,Dewa United,Port FC,1,2,1.0,1.0,,,,,,,,,Desconocido
Premier League,764,Mongolia,Regular Season - 25,False,2025-07-10,16185,16187,Deren,Khangarid,1,3,1.0,2.0,,,,,,,,,Desconocido
Premier League,764,Mongolia,Regular Season - 25,False,2025-07-10,17273,16186,Khoromkhon,Falcons,1,12,0.0,4.0,,,,,,,,,Desconocido
Serie B,72,Brazil,Regular Season - 16,False,2025-07-10,146,147,CRB,Coritiba,0,1,0.0,0.0,,,,,,,,,"Paulo Cesar Zanovelli da Silva, Brazil"
Sudani Premier League,402,Sudan,Championship Round - 3,True,2025-07-10,5237,5543,Al Hilal Omdurman,Al Ahli Wad Medani,0,0,0.0,0.0,,,,,,,,,Desconocido
Sudani Premier League,402,Sudan,Championship Round - 3,True,2025-07-10,5239,25522,Al Merreikh,Al Zamala Umm Ruwaba,0,0,0.0,0.0,,,,,,,,,Desconocido
Sudani Premier League,402,Sudan,Championship Round - 3,True,2025-07-10,5244,25523,Alamal Atbara,Al-Mergheni,1,2,,,,,,,,,,,Desconocido
Sudani Premier League,402,Sudan,Championship Round - 3,True,2025-07-10,5246,25521,Hay Al Wadi,Al Merreikh El Obeid,1,0,,,,,,,,,,,Desconocido
Super League,391,Malawi,Regular Season - 5,False,2025-07-10,4597,11127,Silver Strikers,MAFCO,0,0,0.0,0.0,,,,,,,,,Desconocido
UEFA Championship - Women,743,World,Group Stage - 3,False,2025-07-10,1771,1732,Finland W,Switzerland W,1,1,0.0,0.0,,,,,,,,,Stéphanie Frappart
UEFA Championship - Women,743,World,Group Stage - 3,False,2025-07-10,1724,1746,Norway W,Iceland W,4,3,2.0,1.0,,,,,,,,,Ionela Alina Peşu
UEFA Europa Conference League,848,World,1st Qualifying Round,True,2025-07-10,3345,578,Atlètic Club d'Escaldes,F91 Dudelange,2,0,2.0,0.0,,,,,,,,,"Constantinos Fellas, Cyprus"
UEFA Europa Conference League,848,World,1st Qualifying Round,True,2025-07-10,2277,2271,Birkirkara,Petrocub,1,0,0.0,0.0,,,,,,,,,Vlatko Ilioski
UEFA Europa Conference League,848,World,1st Qualifying Round,True,2025-07-10,3364,591,Borac Banja Luka,FC Santa Coloma,1,4,0.0,3.0,,,,,,,,,Giorgi Avazashvili
UEFA Europa Conference League,848,World,1st Qualifying Round,True,2025-07-10,3745,4331,Dečić,Sileks,2,0,1.0,0.0,,,,,,,,,"Zaven Hovhannisyan, Armenia"
UEFA Europa Conference League,848,World,1st Qualifying Round,True,2025-07-10,2276,387,FC Urartu,Neman,1,2,0.0,0.0,,,,,,,,,"Mateo Erceg, Croatia"
UEFA Europa Conference League,848,World,1st Qualifying Round,True,2025-07-10,662,708,Kalju Nomme,Partizani,1,1,0.0,0.0,,,,,,,,,"Ross Hardie, Scotland"
UEFA Europa Conference League,848,World,1st Qualifying Round,True,2025-07-10,3872,2191,Kauno Žalgiris,Penybont,3,0,2.0,0.0,,,,,,,,,"Peiman Simani, Finland"
UEFA Europa Conference League,848,World,1st Qualifying Round,True,2025-07-10,5354,4135,Larne,Auda,0,0,0.0,0.0,,,,,,,,,"Heini Ziskason Vidoy, Faroe Islands"
UEFA Europa Conference League,848,World,1st Qualifying Round,True,2025-07-10,16135,3528,Magpies,Paide,2,3,1.0,2.0,,,,,,,,,"Paul McLaughlin, Ireland"
UEFA Europa Conference League,848,World,1st Qualifying Round,True,2025-07-10,15576,278,Malisheva,Vikingur Reykjavik,0,1,0.0,1.0,,,,,,,,,"Patryk Gryckiewicz, Poland"
UEFA Europa Conference League,848,World,1st Qualifying Round,True,2025-07-10,682,649,NSI Runavik,HJK Helsinki,4,0,2.0,0.0,,,,,,,,,"Karl Koppel, Estonia"
UEFA Europa Conference League,848,World,1st Qualifying Round,True,2025-07-10,2030,3499,Racing FC Union Luxembourg,Dila,1,2,0.0,0.0,,,,,,,,,Seth Galia
UEFA Europa Conference League,848,World,1st Qualifying Round,True,2025-07-10,689,701,SJK,KI Klaksvik,1,2,0.0,1.0,,,,,,,,,"Johann Ingi Jonsson, Iceland"
UEFA Europa Conference League,848,World,1st Qualifying Round,True,2025-07-10,3843,3861,St Patrick's Athl.,Hegelmann Litauen,1,0,0.0,0.0,,,,,,,,,"Simon Bourdeaud'hui, Belgium"
UEFA Europa Conference League,848,World,1st Qualifying Round,True,2025-07-10,673,386,Sutjeska,Dinamo Brest,1,2,0.0,1.0,,,,,,,,,"Jakob Semler, Austria"
UEFA Europa Conference League,848,World,1st Qualifying Round,True,2025-07-10,685,692,Torpedo Kutaisi,Ordabasy,4,3,2.0,2.0,,,,,,,,,"Anton Lashuk, Belarus"
UEFA Europa Conference League,848,World,1st Qualifying Round,True,2025-07-10,385,663,Torpedo Zhodino,FK Rabotnicki,3,0,1.0,0.0,,,,,,,,,Aleko Aptsiauri
UEFA Europa Conference League,848,World,1st Qualifying Round,True,2025-07-10,2260,709,Tre Fiori,Pyunik Yerevan,1,0,0.0,0.0,,,,,,,,,Igor Boșca
UEFA Europa Conference League,848,World,1st Qualifying Round,True,2025-07-10,274,687,Valur Reykjavik,Flora Tallinn,3,0,3.0,0.0,,,,,,,,,"Marius Grotta, Norway"
UEFA Europa Conference League,848,World,1st Qualifying Round,True,2025-07-10,574,2249,Vardar Skopje,La Fiorita,3,0,0.0,0.0,,,,,,,,,Antoine Paul Chiaramonti
UEFA Europa Conference League,848,World,1st Qualifying Round,True,2025-07-10,3339,4149,Vllaznia Shkodër,BFC Daugavpils,0,1,0.0,0.0,,,,,,,,,"Ashot Ghaltakhchyan, Armenia"
UEFA Europa Conference League,848,World,1st Qualifying Round,True,2025-07-10,654,4374,Zeljeznicar Sarajevo,Koper,1,1,0.0,1.0,,,,,,,,,Artem Gasparyan
UEFA Europa League,3,World,1st Qualifying Round,True,2025-07-10,614,573,AEK Larnaca,FK Partizan,1,0,0.0,0.0,,,,,,,,,"Jacob Karlsen, Denmark"
UEFA Europa League,3,World,1st Qualifying Round,True,2025-07-10,339,4563,Legia Warszawa,Aktobe,1,0,1.0,0.0,,,,,,,,,"Dalibor Cerny, Czechia"
UEFA Europa League,3,World,1st Qualifying Round,True,2025-07-10,646,563,Levski Sofia,Hapoel Beer Sheva,0,0,0.0,0.0,,,,,,,,,"Ladislav Szikszay, Czechia"
UEFA Europa League,3,World,1st Qualifying Round,True,2025-07-10,2390,2246,Paks,CFR 1907 Cluj,0,0,0.0,0.0,,,,,,,,,"Pavle Ilic, Serbia"
UEFA Europa League,3,World,1st Qualifying Round,True,2025-07-10,13976,4360,Sabah FA,Celje,2,3,2.0,1.0,,,,,,,,,"Daniyar Sakhi, Kazakhstan"
UEFA Europa League,3,World,1st Qualifying Round,True,2025-07-10,550,1163,Shakhtar Donetsk,Ilves,6,0,2.0,0.0,,,,,,,,,"Marc Nagtegaal, Netherlands"
UEFA Europa League,3,World,1st Qualifying Round,True,2025-07-10,568,680,Sheriff Tiraspol,Prishtina,4,0,2.0,0.0,,,,,,,,,"Dario Bel, Croatia"
UEFA Europa League,3,World,1st Qualifying Round,True,2025-07-10,1120,367,Spartak Trnava,BK Hacken,0,1,0.0,0.0,,,,,,,,,"Bence Csonka, Hungary"
USL League Two,256,USA,Western Conference - 19,True,2025-07-10,18895,25954,Flatirons Rush,Colorado Storm,1,2,0.0,2.0,,,,,,,,,Desconocido
USL League Two,256,USA,Eastern Conference - 23,True,2025-07-10,16686,4068,Real Central New Jersey,Ocean City Nor'easters,0,1,,,,,,,,,,,Desconocido
USL League Two,256,USA,Central Conference - 18,True,2025-07-10,21288,18910,Rochester,St. Croix,5,0,,,,,,,,,,,Desconocido
USL League Two,256,USA,Central Conference - 18,True,2025-07-10,16690,18890,Toledo Villa,Cleveland Force,2,3,,,,,,,,,,,Desconocido
3. Division - Girone 1,774,Norway,Group 1 - 14,False,2025-07-09,21420,6987,KFUM II,Frigg,0,0,0.0,0.0,,,,,,,,,Desconocido
3. Division - Girone 3,776,Norway,Group 3 - 14,False,2025-07-09,22868,6992,Bjørkelangen,Gjøvik-Lyn,0,1,0.0,0.0,,,,,,,,,Desconocido
Africa Cup of Nations - Women,922,World,Group Stage - 2,False,2025-07-09,22716,14461,Congo DR W,Morocco W,2,4,1.0,2.0,,,,,,,,,Antsino Twanyanyukwa
Africa Cup of Nations - Women,922,World,Group Stage - 2,False,2025-07-09,15584,18262,Zambia W,Senegal W,3,2,1.0,1.0,,,,,,,,,Vincentia Enyonam Amedome
Brasileiro U17,1128,Brazil,1st Phase - 9,True,2025-07-09,24469,24470,Athletico PR U17,Atletico GO U17,5,1,0.0,1.0,,,,,,,,,Desconocido
Brasileiro U17,1128,Brazil,1st Phase - 9,True,2025-07-09,24473,24468,Botafogo U17,America MG U17,2,1,1.0,0.0,,,,,,,,,Desconocido
Brasileiro U17,1128,Brazil,1st Phase - 9,True,2025-07-09,24476,24477,Cruzeiro U17,Cuiaba U17,3,0,2.0,0.0,,,,,,,,,Desconocido
Brasileiro U17,1128,Brazil,1st Phase - 9,True,2025-07-09,24478,24484,Flamengo RJ U17,Palmeiras U17,1,2,1.0,2.0,,,,,,,,,Desconocido
Brasileiro U17,1128,Brazil,1st Phase - 9,True,2025-07-09,24480,24487,Fortaleza U17,Sao Paulo U17,1,2,0.0,0.0,,,,,,,,,Desconocido
Brasileiro U17,1128,Brazil,1st Phase - 9,True,2025-07-09,25797,24472,Juventude U17,Bahia U17,1,0,1.0,0.0,,,,,,,,,Desconocido
Brasileiro U17,1128,Brazil,1st Phase - 9,True,2025-07-09,24486,24479,Santos U17,Fluminense U17,2,2,0.0,0.0,,,,,,,,,Desconocido
Brasileiro U20 A,740,Brazil,1st Phase - 17,True,2025-07-09,12986,12952,Atlético GO U20,Atlético Mineiro U20,2,2,0.0,1.0,,,,,,,,,Desconocido
Brasileiro U20 A,740,Brazil,1st Phase - 17,True,2025-07-09,12998,12981,Corinthians U20,América Mineiro U20,1,1,0.0,0.0,,,,,,,,,Desconocido
Brasileiro U20 A,740,Brazil,1st Phase - 17,True,2025-07-09,13001,12979,Cuiabá U20,Vasco da Gama U20,0,1,0.0,0.0,,,,,,,,,Desconocido
Brasileiro U20 A,740,Brazil,1st Phase - 17,True,2025-07-09,13011,12984,Grêmio U20,Athletico PR U20,1,2,0.0,2.0,,,,,,,,,Desconocido
Brasileiro U20 A,740,Brazil,1st Phase - 17,True,2025-07-09,12968,12973,Palmeiras U20,São Paulo U20,3,2,2.0,0.0,,,,,,,,,Desconocido
COSAFA U20 Championship,771,World,Group Stage - 3,False,2025-07-09,10303,11028,South Africa U20,Eswatini U20,2,0,1.0,0.0,,,,,,,,,Desconocido
COSAFA U20 Championship,771,World,Group Stage - 3,False,2025-07-09,10316,11020,Zambia U20,Botswana U20,1,0,0.0,0.0,,,,,,,,,Desconocido
Calcutta Premier Division,1020,India,Regular Season - 4,False,2025-07-09,21215,21608,Rainbow,Peerless,0,0,0.0,0.0,,,,,,,,,Desconocido
Calcutta Premier Division,1020,India,Regular Season - 4,False,2025-07-09,8241,15585,United,Mohammedan,3,0,0.0,0.0,,,,,,,,,Desconocido
Calcutta Premier Division,1020,India,Regular Season - 4,False,2025-07-09,21612,26117,Wari,Sribhumi,1,5,0.0,1.0,,,,,,,,,Desconocido
Canadian Championship,259,Canada,Quarter-finals,True,2025-07-09,1614,3830,CF Montreal,Forge,2,2,0.0,0.0,,,,,,,,,Renzo Villanueva
Canadian Championship,259,Canada,Quarter-finals,True,2025-07-09,1603,3831,Vancouver Whitecaps,Valour,2,1,0.0,0.0,,,,,,,,,Alain Ruch
Capital Territory NPL 2,1092,Australia,Regular Season - 7,False,2025-07-09,23518,1449,Canberra White Eagles,Belconnen United,2,2,0.0,1.0,,,,,,,,,Desconocido
Catarinense U20,1076,Brazil,1st Phase - 13,True,2025-07-09,23322,12953,Brusque U20,Avaí U20,1,1,0.0,1.0,,,,,,,,,Desconocido
Catarinense U20,1076,Brazil,1st Phase - 7,True,2025-07-09,12999,23325,Criciuma U20,Nação U20,4,0,3.0,0.0,,,,,,,,,Desconocido
Copa Chile,267,Chile,Quarter-finals,True,2025-07-09,2316,2329,Curico Unido,A. Italiano,0,1,0.0,0.0,,,,,,,,,Héctor Jona
Copa Chile,267,Chile,Quarter-finals,True,2025-07-09,2341,2333,D. La Serena,Santiago Wanderers,4,2,1.0,0.0,,,,,,,,,Cristián Galaz
Copa Nicaragua,1187,Nicaragua,Semi-finals,True,2025-07-09,4645,4648,Real Estelí,Walter Ferretti,1,1,1.0,0.0,,,,,,,,,Desconocido
Copa Nicaragua,1187,Nicaragua,Semi-finals,True,2025-07-09,4647,4641,UNAN Managua,Diriangén,1,0,0.0,0.0,,,,,,,,,Desconocido
Copa Paraguay,501,Paraguay,2nd Round,True,2025-07-09,17178,10462,24 de Setiembre,1 de Marzo Fernando Mora,4,0,3.0,0.0,,,,,,,,,Desconocido
Copa Paraguay,501,Paraguay,2nd Round,True,2025-07-09,10485,25590,Sport Colonial,Guaraní de Fram,0,6,0.0,3.0,,,,,,,,,Desconocido
Copa Paulista,742,Brazil,1st Round - 4,True,2025-07-09,16058,20714,Botafogo SP B,Itapirense,1,0,0.0,0.0,,,,,,,,,Fabiano Monteiro dos Santos
Copa Paulista,742,Brazil,1st Round - 5,True,2025-07-09,10021,10037,Monte Azul,Noroeste,1,0,1.0,0.0,,,,,,,,,Gabriel Henrique Meira Bispo
Copa Venezuela,1113,Venezuela,Round 1 - Group D,False,2025-07-09,2838,21231,Angostura FC,Bolívar,0,2,0.0,0.0,,,,,,,,,Desconocido
Copa Venezuela,1113,Venezuela,Round 1 - Group B,False,2025-07-09,2832,2818,Atletico el Vigia FC,Estudiantes de Merida FC,1,3,0.0,2.0,,,,,,,,,Desconocido
Copa Venezuela,1113,Venezuela,Round 1 - Group A,False,2025-07-09,2808,2853,Caracas FC,Petare FC,0,0,0.0,0.0,,,,,,,,,Desconocido
Copa Venezuela,1113,Venezuela,Round 1 - Group A,False,2025-07-09,2858,2817,Dinamo de Puerto La Cruz,Aragua FC,4,1,2.0,1.0,,,,,,,,,Desconocido
Copa Venezuela,1113,Venezuela,Round 1 - Group E,False,2025-07-09,10091,2815,Fundación Lara Deportiva,Trujillanos FC,1,0,1.0,0.0,,,,,,,,,Desconocido
Copa Venezuela,1113,Venezuela,Round 1 - Group E,False,2025-07-09,16847,18807,Rayo Zuliano,Héroes de Falcón,5,0,2.0,0.0,,,,,,,,,Desconocido
Copa Venezuela,1113,Venezuela,Round 1 - Group B,False,2025-07-09,2847,2816,Real Frontera,Urena SC,3,1,2.0,0.0,,,,,,,,,Desconocido
Copa Venezuela,1113,Venezuela,Round 1 - Group C,False,2025-07-09,2829,21208,Yaracuyanos FC,Maritimo,1,4,1.0,4.0,,,,,,,,,Desconocido
Copa Venezuela,1113,Venezuela,Round 1 - Group C,False,2025-07-09,2806,2837,Zamora FC,Titanes FC,1,1,1.0,0.0,,,,,,,,,Desconocido
Copa de la División Profesional,964,Bolivia,Copa Bolivia - 5,True,2025-07-09,22266,3637,Gualberto Villarroel SJ,Aurora,1,1,0.0,0.0,,,,,,,,,Marco Ramirez
Copa do Nordeste,612,Brazil,Quarter-finals,True,2025-07-09,118,154,Bahia,Fortaleza EC,2,1,2.0,0.0,,,,,,,,,Antonio Dib Moraes de Sousa
Copa do Nordeste,612,Brazil,Quarter-finals,True,2025-07-09,150,1195,CSA,Ferroviario,2,1,2.0,1.0,,,,,,,,,Paulo Belence Alves dos Prazeres Filho
Copa do Nordeste,612,Brazil,Quarter-finals,True,2025-07-09,123,129,Sport Recife,Ceara,0,0,0.0,0.0,,,,,,,,,Afro Rocha de Carvalho Filho
EAFF E-1 Football Championship - Women,1188,World,Final Round - 1,True,2025-07-09,1720,17886,Japan W,Chinese Taipei W,4,0,2.0,0.0,,,,,,,,,Pansa Chaisanit
EAFF E-1 Football Championship - Women,1188,World,Final Round - 1,True,2025-07-09,1728,1723,South Korea W,China W,2,2,1.0,1.0,,,,,,,,,Thu Trang Bui Thi
Eerste Divisie,568,Suriname,Semi-finals,True,2025-07-09,10966,12219,Inter Moengotapoe,Transvaal,0,1,0.0,1.0,,,,,,,,,Desconocido
Eerste Divisie,568,Suriname,Semi-finals,True,2025-07-09,12217,10980,PVV,Robin Hood,0,0,0.0,0.0,,,,,,,,,Desconocido
FIFA Club World Cup,15,World,Semi-finals,True,2025-07-09,85,541,Paris Saint Germain,Real Madrid,4,0,3.0,0.0,,,,,,,,,Szymon Marciniak
Friendlies Clubs,667,World,Club Friendlies 5,True,2025-07-09,17001,4966,1980 Wien,Wiener Viktoria,0,5,0.0,2.0,,,,,,,,,Desconocido
Friendlies Clubs,667,World,Club Friendlies 5,True,2025-07-09,575,734,AEK Athens FC,Kortrijk,2,1,0.0,1.0,,,,,,,,,Desconocido
Friendlies Clubs,667,World,Club Friendlies 5,True,2025-07-09,12726,9367,ASC Dortmund,Borussia Dortmund II,0,1,0.0,1.0,,,,,,,,,Desconocido
Friendlies Clubs,667,World,Club Friendlies 5,True,2025-07-09,201,1123,AZ Alkmaar,Aris Thessalonikis,3,2,0.0,1.0,,,,,,,,,Desconocido
Friendlies Clubs,667,World,Club Friendlies 5,True,2025-07-09,2200,2201,Afan Lido,Briton Ferry,3,6,3.0,1.0,,,,,,,,,Desconocido
Friendlies Clubs,667,World,Club Friendlies 5,True,2025-07-09,14621,1317,Ansbach,SG Sonnenhof Grossaspach,1,7,1.0,3.0,,,,,,,,,Desconocido
Friendlies Clubs,667,World,Club Friendlies 5,True,2025-07-09,7693,1844,Ashton United,Salford City,2,2,1.0,0.0,,,,,,,,,Desconocido
Friendlies Clubs,667,World,Club Friendlies 5,True,2025-07-09,5000,2391,Austria Salzburg,Puskas Academy,1,3,1.0,0.0,,,,,,,,,Desconocido
Friendlies Clubs,667,World,Club Friendlies 5,True,2025-07-09,601,1395,Austria Vienna,Floridsdorfer AC,0,0,,,,,,,,,,,Desconocido
Friendlies Clubs,667,World,Club Friendlies 5,True,2025-07-09,6729,903,Banks O' Dee,Inverness CT,1,3,0.0,1.0,,,,,,,,,Desconocido
Friendlies Clubs,667,World,Club Friendlies 5,True,2025-07-09,4366,1018,Beltinci,NK Slaven Belupo,0,3,0.0,0.0,,,,,,,,,Desconocido
Friendlies Clubs,667,World,Club Friendlies 5,True,2025-07-09,7536,5085,Bicskei,Dunaharaszti MTK,1,4,0.0,2.0,,,,,,,,,Desconocido
Friendlies Clubs,667,World,Club Friendlies 5,True,2025-07-09,1299,733,Boulogne,Standard Liege,0,1,0.0,0.0,,,,,,,,,Desconocido
Friendlies Clubs,667,World,Club Friendlies 5,True,2025-07-09,407,1026,Brondby,Lask Linz,1,0,0.0,0.0,,,,,,,,,Desconocido
Friendlies Clubs,667,World,Club Friendlies 5,True,2025-07-09,43,2523,Cardiff,Johor Darul Takzim FC,2,2,0.0,0.0,,,,,,,,,Desconocido
Friendlies Clubs,667,World,Club Friendlies 5,True,2025-07-09,7587,20358,Cefn Cribwr,Baglan Dragons,2,1,1.0,0.0,,,,,,,,,Desconocido
Friendlies Clubs,667,World,Club Friendlies 5,True,2025-07-09,1328,3735,Chemnitzer FC,Ústí nad Labem,0,1,0.0,1.0,,,,,,,,,Desconocido
Friendlies Clubs,667,World,Club Friendlies 5,True,2025-07-09,851,1422,Cherno More Varna,Chernomorets Balchik,1,0,1.0,0.0,,,,,,,,,Desconocido
Friendlies Clubs,667,World,Club Friendlies 5,True,2025-07-09,4679,59,Chorley,Preston,0,1,0.0,0.0,,,,,,,,,Desconocido
Friendlies Clubs,667,World,Club Friendlies 5,True,2025-07-09,2656,561,Cukaricki,HNK Rijeka,2,0,2.0,0.0,,,,,,,,,Desconocido
Friendlies Clubs,667,World,Club Friendlies 5,True,2025-07-09,89,3069,Dijon,Le Puy Foot,0,0,0.0,0.0,,,,,,,,,Desconocido
Friendlies Clubs,667,World,Club Friendlies 5,True,2025-07-09,5087,10162,ESMTK,Budaörs,1,0,0.0,0.0,,,,,,,,,Desconocido
Friendlies Clubs,667,World,Club Friendlies 5,True,2025-07-09,744,564,Eintracht Braunschweig,Başakşehir,0,0,0.0,0.0,,,,,,,,,Desconocido
Friendlies Clubs,667,World,Club Friendlies 5,True,2025-07-09,16108,14677,Eisbachtal,Fernwald,1,1,1.0,0.0,,,,,,,,,Desconocido
Friendlies Clubs,667,World,Club Friendlies 5,True,2025-07-09,1320,16118,Energie Cottbus,Greifswalder FC,3,2,0.0,2.0,,,,,,,,,Desconocido
Friendlies Clubs,667,World,Club Friendlies 5,True,2025-07-09,7714,1333,Enfield Town,AFC Wimbledon,2,4,2.0,1.0,,,,,,,,,Desconocido
Friendlies Clubs,667,World,Club Friendlies 5,True,2025-07-09,14666,9375,Ennepetal,Wuppertaler SV,0,2,0.0,1.0,,,,,,,,,Desconocido
Friendlies Clubs,667,World,Club Friendlies 3,True,2025-07-09,1394,598,FC BW Linz,FK Crvena Zvezda,2,2,0.0,1.0,,,,,,,,,Desconocido
Friendlies Clubs,667,World,Club Friendlies 5,True,2025-07-09,779,6813,FC Rostov,Dinamo Makhachkala,2,1,1.0,0.0,,,,,,,,,Desconocido
Friendlies Clubs,667,World,Club Friendlies 5,True,2025-07-09,2180,10587,FC Winterthur,Brühl,5,0,2.0,0.0,,,,,,,,,Desconocido
Friendlies Clubs,667,World,Club Friendlies 5,True,2025-07-09,679,3719,FK Sarajevo,Slovácko,2,0,1.0,0.0,,,,,,,,,Desconocido
Friendlies Clubs,667,World,Club Friendlies 5,True,2025-07-09,2251,8504,FK Spartak Zdrepceva KRV,Sloga Doboj,2,2,2.0,1.0,,,,,,,,,Desconocido
Friendlies Clubs,667,World,Club Friendlies 3,True,2025-07-09,1315,9350,FSV Zwickau,Auerbach,1,0,1.0,0.0,,,,,,,,,Desconocido
Friendlies Clubs,667,World,Club Friendlies 5,True,2025-07-09,5614,5609,Flint Town United,Buckley Town,5,0,3.0,0.0,,,,,,,,,Desconocido
Friendlies Clubs,667,World,Club Friendlies 3,True,2025-07-09,9363,24430,Freiburg II,Bochum II,1,2,0.0,0.0,,,,,,,,,Desconocido
Friendlies Clubs,667,World,Club Friendlies 5,True,2025-07-09,202,6215,Groningen,Dender,2,0,1.0,0.0,,,,,,,,,Desconocido
Friendlies Clubs,667,World,Club Friendlies 5,True,2025-07-09,2402,4195,Gyori ETO FC,Maccabi Haifa,0,2,0.0,2.0,,,,,,,,,Desconocido
Friendlies Clubs,667,World,Club Friendlies 3,True,2025-07-09,249,1621,Hibernian,Rot-Weiß Essen,3,2,2.0,0.0,,,,,,,,,Desconocido
Friendlies Clubs,667,World,Club Friendlies 5,True,2025-07-09,14068,14069,Humenné,MSK Tesla Stropkov,3,3,1.0,2.0,,,,,,,,,Desconocido
Friendlies Clubs,667,World,Club Friendlies 5,True,2025-07-09,12801,6938,Kalisz,Elana Toruń,2,1,1.0,1.0,,,,,,,,,Desconocido
Friendlies Clubs,667,World,Club Friendlies 5,True,2025-07-09,5111,2646,Kecskeméti TE,TSC Backa Topola,1,1,1.0,0.0,,,,,,,,,Desconocido
Friendlies Clubs,667,World,Club Friendlies 3,True,2025-07-09,346,6957,Korona Kielce,Stal Rzeszów,4,4,,,,,,,,,,,Desconocido
Friendlies Clubs,667,World,Club Friendlies 5,True,2025-07-09,343,6945,Lechia Gdansk,Olimpia Elbląg,3,1,1.0,0.0,,,,,,,,,Desconocido
Friendlies Clubs,667,World,Club Friendlies 5,True,2025-07-09,10536,12834,Liptovský Mikuláš,Podhale Nowy Targ,2,1,0.0,0.0,,,,,,,,,Desconocido
Friendlies Clubs,667,World,Club Friendlies 5,True,2025-07-09,858,1416,Lokomotiv Plovdiv,Lokomotiv Sofia,1,1,0.0,1.0,,,,,,,,,Desconocido
Friendlies Clubs,667,World,Club Friendlies 5,True,2025-07-09,10552,14061,Lokomotíva Zvolen,Nové Zámky,1,0,0.0,0.0,,,,,,,,,Desconocido
Friendlies Clubs,667,World,Club Friendlies 5,True,2025-07-09,6192,4482,Maccabi Kabilio Jaffa,Hapoel Acre,3,1,3.0,1.0,,,,,,,,,Desconocido
Friendlies Clubs,667,World,Club Friendlies 5,True,2025-07-09,699,3359,Mladost Lucani,Radnik Bijeljina,1,0,0.0,0.0,,,,,,,,,Desconocido
Friendlies Clubs,667,World,Club Friendlies 5,True,2025-07-09,1017,4365,NK Lokomotiva Zagreb,Krško,9,1,4.0,0.0,,,,,,,,,Desconocido
Friendlies Clubs,667,World,Club Friendlies 5,True,2025-07-09,5391,5397,National Defense,Visakha,0,0,0.0,0.0,,,,,,,,,Desconocido
Friendlies Clubs,667,World,Club Friendlies 5,True,2025-07-09,2403,5082,Nyiregyhaza,DEAC,3,0,1.0,0.0,,,,,,,,,Desconocido
Friendlies Clubs,667,World,Club Friendlies 5,True,2025-07-09,2403,17289,Nyiregyhaza,Karcag SE,3,0,1.0,0.0,,,,,,,,,Desconocido
Friendlies Clubs,667,World,Club Friendlies 3,True,2025-07-09,3488,12806,Odra Opole,Kluczbork,4,1,0.0,0.0,,,,,,,,,Desconocido
Friendlies Clubs,667,World,Club Friendlies 5,True,2025-07-09,3402,4505,Omonia Nicosia,Maccabi Netanya,2,3,1.0,0.0,,,,,,,,,Desconocido
Friendlies Clubs,667,World,Club Friendlies 5,True,2025-07-09,103,17103,Orleans,UNFP,0,2,0.0,1.0,,,,,,,,,Desconocido
Friendlies Clubs,667,World,Club Friendlies 5,True,2025-07-09,12827,24431,Paderborn II,Verl II,7,0,4.0,0.0,,,,,,,,,Desconocido
Friendlies Clubs,667,World,Club Friendlies 5,True,2025-07-09,617,174,Panathinaikos,FC Schalke 04,0,0,0.0,0.0,,,,,,,,,Desconocido
Friendlies Clubs,667,World,Club Friendlies 5,True,2025-07-09,6777,6755,Peterhead,Aberdeen U21,4,0,0.0,0.0,,,,,,,,,Desconocido
Friendlies Clubs,667,World,Club Friendlies 5,True,2025-07-09,12832,4262,Pipinsried,Eichstätt,3,0,1.0,0.0,,,,,,,,,Desconocido
Friendlies Clubs,667,World,Club Friendlies 5,True,2025-07-09,658,15882,Progres Niederkorn,Mamer,1,2,1.0,0.0,,,,,,,,,Desconocido
Friendlies Clubs,667,World,Club Friendlies 5,True,2025-07-09,2031,15847,RM Hamm Benfica,Atert Bissen,0,0,0.0,0.0,,,,,,,,,Desconocido
Friendlies Clubs,667,World,Club Friendlies 5,True,2025-07-09,6949,15134,ROW Rybnik,Karviná II,1,0,1.0,0.0,,,,,,,,,Desconocido
Friendlies Clubs,667,World,Club Friendlies 5,True,2025-07-09,14754,1622,RSV Eintracht,SV Babelsberg 03,1,4,0.0,4.0,,,,,,,,,Desconocido
Friendlies Clubs,667,World,Club Friendlies 3,True,2025-07-09,4248,6958,Radomiak Radom,Stal Stalowa Wola,2,3,1.0,1.0,,,,,,,,,Desconocido
Friendlies Clubs,667,World,Club Friendlies 5,True,2025-07-09,8910,361,Roman Glass St George,Barry Town,2,2,1.0,1.0,,,,,,,,,Desconocido
Friendlies Clubs,667,World,Club Friendlies 5,True,2025-07-09,6953,3490,Ruch Chorzów,Puszcza Niepołomice,1,1,0.0,0.0,,,,,,,,,Desconocido
Friendlies Clubs,667,World,Club Friendlies 5,True,2025-07-09,3632,3615,Ruh Lviv,Chornomorets,1,0,1.0,0.0,,,,,,,,,Desconocido
Friendlies Clubs,667,World,Club Friendlies 5,True,2025-07-09,181,1376,SV Darmstadt 98,Notts County,2,1,2.0,0.0,,,,,,,,,Desconocido
Friendlies Clubs,667,World,Club Friendlies 5,True,2025-07-09,4981,8336,SVG Reichenau,Kematen,0,3,0.0,2.0,,,,,,,,,Desconocido
Friendlies Clubs,667,World,Club Friendlies 3,True,2025-07-09,12026,1377,Sherborne Town,Yeovil Town,1,2,0.0,0.0,,,,,,,,,Desconocido
Friendlies Clubs,667,World,Club Friendlies 5,True,2025-07-09,560,3408,Slavia Praha,Aris,3,2,2.0,0.0,,,,,,,,,Desconocido
Friendlies Clubs,667,World,Club Friendlies 5,True,2025-07-09,12709,10586,Solothurn,Breitenrain,2,4,0.0,1.0,,,,,,,,,Desconocido
Friendlies Clubs,667,World,Club Friendlies 5,True,2025-07-09,178,184,SpVgg Greuther Fürth,FC Ingolstadt 04,4,2,3.0,2.0,,,,,,,,,Desconocido
Friendlies Clubs,667,World,Club Friendlies 5,True,2025-07-09,4660,8514,Spartak Varna,Septemvri Tervel,2,0,0.0,0.0,,,,,,,,,Desconocido
Friendlies Clubs,667,World,Club Friendlies 5,True,2025-07-09,1323,1330,Sportfreunde Lotte,Werder Bremen II,3,2,2.0,0.0,,,,,,,,,Desconocido
Friendlies Clubs,667,World,Club Friendlies 5,True,2025-07-09,8550,657,Sportist Svoge,Beitar Jerusalem,1,1,0.0,0.0,,,,,,,,,Desconocido
Friendlies Clubs,667,World,Club Friendlies 5,True,2025-07-09,4269,2184,Stade Lausanne-Ouchy,Servette FC,4,0,3.0,0.0,,,,,,,,,Desconocido
Friendlies Clubs,667,World,Club Friendlies 5,True,2025-07-09,75,1352,Stoke City,Shrewsbury,0,1,0.0,0.0,,,,,,,,,Desconocido
Friendlies Clubs,667,World,Club Friendlies 5,True,2025-07-09,4346,12733,Struga,Ballkani,1,2,0.0,1.0,,,,,,,,,Desconocido
Friendlies Clubs,667,World,Club Friendlies 5,True,2025-07-09,637,640,Sturm Graz,Mlada Boleslav,1,1,1.0,1.0,,,,,,,,,Desconocido
Friendlies Clubs,667,World,Club Friendlies 5,True,2025-07-09,2418,2415,Szeged 2011,Tiszakecske FC,1,2,0.0,0.0,,,,,,,,,Desconocido
Friendlies Clubs,667,World,Club Friendlies 5,True,2025-07-09,10550,14075,Tatran Prešov,Snina,1,0,1.0,0.0,,,,,,,,,Desconocido
Friendlies Clubs,667,World,Club Friendlies 5,True,2025-07-09,15128,6358,Tirsense,Lusitânia Lourosa,1,0,0.0,0.0,,,,,,,,,Desconocido
Friendlies Clubs,667,World,Club Friendlies 5,True,2025-07-09,11310,2195,Trethomas Bluebirds,Goytre AFC,1,2,0.0,1.0,,,,,,,,,Desconocido
Friendlies Clubs,667,World,Club Friendlies 5,True,2025-07-09,12881,12847,TuRU 1880 Düsseldorf,SSVg Velbert,0,4,0.0,3.0,,,,,,,,,Desconocido
Friendlies Clubs,667,World,Club Friendlies 5,True,2025-07-09,3727,10546,Třinec,Žilina II,2,1,1.0,1.0,,,,,,,,,Desconocido
Friendlies Clubs,667,World,Club Friendlies 5,True,2025-07-09,2255,620,Ujpest,Dinamo Zagreb,2,4,1.0,2.0,,,,,,,,,Desconocido
Friendlies Clubs,667,World,Club Friendlies 5,True,2025-07-09,675,2420,Vasas,Kozarmisleny FC,3,0,1.0,0.0,,,,,,,,,Desconocido
Friendlies Clubs,667,World,Club Friendlies 5,True,2025-07-09,1025,217,Wolfsberger AC,SC Braga,0,2,0.0,1.0,,,,,,,,,Desconocido
Friendlies Clubs,667,World,Club Friendlies 5,True,2025-07-09,342,8622,Zaglebie Sosnowiec,Sigma Olomouc II,3,0,1.0,0.0,,,,,,,,,Desconocido
Friendlies Clubs,667,World,Club Friendlies 5,True,2025-07-09,2414,3619,Zalaegerszegi TE,Oleksandria,1,0,0.0,0.0,,,,,,,,,Desconocido
Friendlies Clubs,667,World,Club Friendlies 5,True,2025-07-09,13843,6944,Zawisza Bydgoszcz,Legia Warszawa II,1,2,1.0,0.0,,,,,,,,,Desconocido
Friendlies Clubs,667,World,Club Friendlies 5,True,2025-07-09,596,630,Zenit,FC Sion,5,2,2.0,1.0,,,,,,,,,Desconocido
Friendlies Clubs,667,World,Club Friendlies 5,True,2025-07-09,603,651,Zlin,Ferencvarosi TC,0,1,0.0,0.0,,,,,,,,,Desconocido
Friendlies Clubs,667,World,Club Friendlies 5,True,2025-07-09,11860,2411,Újpest II,Monori Se,0,1,0.0,1.0,,,,,,,,,Desconocido
Friendlies Clubs,667,World,Club Friendlies 5,True,2025-07-09,17397,16255,ŁKS Łódź II,Sokół Kleczew,2,3,1.0,1.0,,,,,,,,,Desconocido
Friendlies Clubs,667,World,Club Friendlies 5,True,2025-07-09,10545,10547,Šamorín,Inter Bratislava,0,1,0.0,1.0,,,,,,,,,Desconocido
Gaúcho - 2,478,Brazil,1st Phase - 12,True,2025-07-09,10052,7827,Lajeadense,Gaúcho,2,1,1.0,1.0,,,,,,,,,Desconocido
Goiano - 2,1030,Brazil,Regular Season - 10,False,2025-07-09,13127,22097,Grêmio Anápolis,Centro Oeste,1,1,0.0,1.0,,,,,,,,,Desconocido
Goiano - 2,1030,Brazil,Regular Season - 10,False,2025-07-09,18297,24773,Morrinhos,Tupy FC,0,1,0.0,1.0,,,,,,,,,Desconocido
Goiano - 2,1030,Brazil,Regular Season - 10,False,2025-07-09,23307,7829,Trindade,Iporá,4,0,2.0,0.0,,,,,,,,,Desconocido
League 1 Ontario,923,Canada,Regular Season - 8,False,2025-07-09,19096,2620,Alliance United,Vaughan Azzurri,0,3,0.0,0.0,,,,,,,,,Desconocido
League 1 Ontario,923,Canada,Regular Season - 8,False,2025-07-09,19098,19114,Blue Devils,Woodbridge Strikers,1,1,0.0,0.0,,,,,,,,,Desconocido
League 1 Ontario,923,Canada,Regular Season - 8,False,2025-07-09,19105,19111,North Toronto Nitros,St. Catharines Wolves,3,4,2.0,3.0,,,,,,,,,Desconocido
League 1 Ontario,923,Canada,Regular Season - 8,False,2025-07-09,19109,19108,Sigma,Scrosoppi,1,2,0.0,1.0,,,,,,,,,Desconocido
League Two,929,China,Regular Season - 11,False,2025-07-09,5660,19321,Hubei Chufeng Heli,Tai'an Tiankuang,1,3,1.0,0.0,,,,,,,,,Teng Ma
League Two,929,China,Regular Season - 12,False,2025-07-09,19320,17266,Shangyu Pterosaur,Quanzhou Yassin,1,1,0.0,1.0,,,,,,,,,Shengyu Sun
Liga Pro Serie B,243,Ecuador,Regular Season - 17,False,2025-07-09,19034,2238,Leones del Norte,Ind. Juniors,2,0,0.0,0.0,,,,,,,,,Santiago Jahir Guamanzara Reyes
MLS Next Pro,909,USA,Regular Season - 23,False,2025-07-09,3986,18812,Atlanta United II,FC Cincinnati II,0,0,0.0,0.0,,,,,,,,,Shawn Tehini
MLS Next Pro,909,USA,Regular Season - 23,False,2025-07-09,21139,23063,Crown Legacy,Carolina Core,0,0,0.0,0.0,,,,,,,,,Johnathan Luk
Major League Soccer,253,USA,Regular Season - 17,False,2025-07-09,1616,1610,Los Angeles FC,Colorado Rapids,3,0,1.0,0.0,,,,,,,,,"Jair Antonio Maruffo, USA"
Major League Soccer,253,USA,Regular Season - 21,False,2025-07-09,1609,9568,New England Revolution,Inter Miami,1,2,0.0,2.0,,,,,,,,,"Fotis Bazakos, USA"
NM Cupen,105,Norway,Semi-finals,True,2025-07-09,321,320,Lillestrom,Kristiansund BK,2,0,2.0,0.0,,,,,,,,,Rohit Saggi
NM Cupen,105,Norway,Semi-finals,True,2025-07-09,333,759,Sarpsborg 08 FF,Viking,1,0,0.0,0.0,,,,,,,,,Kristoffer Hagenes
Northern NSW NPL,481,Australia,Regular Season - 11,False,2025-07-09,10203,10204,Charlestown City Blues,Edgeworth Eagles,1,2,1.0,1.0,,,,,,,,,Desconocido
Northern NSW NPL,481,Australia,Regular Season - 6,False,2025-07-09,10210,10207,Weston Bears,Lambton Jaffas,0,2,0.0,1.0,,,,,,,,,Desconocido
Premier Division,1080,Grenada,Regular Season - 11,False,2025-07-09,23373,23367,Paradise,Hard Rock,2,1,0.0,0.0,,,,,,,,,Desconocido
Premier League,425,Syria,Championship Round - 2,True,2025-07-09,8035,9111,Al Wahda,Al Karama,3,2,1.0,1.0,,,,,,,,,Desconocido
Premier League,764,Mongolia,Regular Season - 25,False,2025-07-09,22067,16854,Central Stallions,Ulaanbaatar,0,3,0.0,2.0,,,,,,,,,Desconocido
Premier League,764,Mongolia,Regular Season - 25,False,2025-07-09,8027,22066,Erchim,Bayanzürkh Sporting,3,5,0.0,1.0,,,,,,,,,Desconocido
Premier League,425,Syria,Championship Round - 2,True,2025-07-09,9115,8019,Hottin,Al Ittihad,1,0,1.0,0.0,,,,,,,,,Desconocido
Premier League,764,Mongolia,Regular Season - 25,False,2025-07-09,18104,24722,Khovd,Hunters,1,4,0.0,1.0,,,,,,,,,Desconocido
Premier League,1031,Bhutan,Regular Season,False,2025-07-09,21275,21277,Samtse,Tsirang,1,2,0.0,0.0,,,,,,,,,Desconocido
Primera B Metropolitana,131,Argentina,Clausura - 3,True,2025-07-09,2429,1924,Dock Sud,Deportivo Laferrere,0,1,0.0,0.0,,,,,,,,,Marcos Iván Recalde
Primera B Metropolitana,131,Argentina,Clausura - 3,True,2025-07-09,8385,468,Excursionistas,Brown DE Adrogue,0,2,0.0,2.0,,,,,,,,,Wenceslao Meneses
Primera B Metropolitana,131,Argentina,Clausura - 3,True,2025-07-09,1963,2430,Midland,Argentino de Merlo,2,1,0.0,1.0,,,,,,,,,Martín D'Espósito
Primera B Metropolitana,131,Argentina,Clausura - 3,True,2025-07-09,2422,471,Real Pilar,Flandria,0,0,0.0,0.0,,,,,,,,,Gabriel Andrés Gutiérrez
Primera B Metropolitana,131,Argentina,Clausura - 3,True,2025-07-09,1942,8008,Sacachispas,Comunicaciones,2,3,0.0,1.0,,,,,,,,,Valentín Bocaccia
Primera B Metropolitana,131,Argentina,Clausura - 3,True,2025-07-09,8387,2427,San Martín Burzaco,Deportivo Armenio,1,1,1.0,1.0,,,,,,,,,Fernando Ariel Cruz
Primera B Metropolitana,131,Argentina,Clausura - 3,True,2025-07-09,8388,8376,Sportivo Italiano,Argentino Quilmes,3,1,2.0,1.0,,,,,,,,,Julián Beligoy
Primera B Metropolitana,131,Argentina,Clausura - 3,True,2025-07-09,1956,481,UAI Urquiza,Villa Dalmine,1,0,0.0,0.0,,,,,,,,,Nicolás Agustín Mastroieni
Primera B Metropolitana,131,Argentina,Clausura - 3,True,2025-07-09,8380,8374,Villa San Carlos,Fénix,2,2,1.0,1.0,,,,,,,,,Ignacio Agustin Cuicchi
Primera Division,907,Cuba,Play In - Final,True,2025-07-09,18705,10972,Ciego de Ávila,Santiago de Cuba,1,1,1.0,0.0,,,,,,,,,Desconocido
Primera Division,907,Cuba,Play In - Final,True,2025-07-09,18717,18703,Villa Clara,Artemisa,1,1,,,,,,,,,,,Desconocido
Queensland NPL,482,Australia,Regular Season - 8,False,2025-07-09,2531,10217,Eastern Suburbs,Lions,4,3,1.0,1.0,,,,,,,,,Desconocido
Queensland NPL,482,Australia,Regular Season - 5,False,2025-07-09,10215,10212,Gold Coast Knights,Brisbane Roar II,0,1,0.0,1.0,,,,,,,,,Desconocido
Queensland NPL,482,Australia,Regular Season - 10,False,2025-07-09,10221,10220,Peninsula Power,Olympic,1,0,0.0,0.0,,,,,,,,,Desconocido
Queensland Premier League,833,Australia,Regular Season - 7,False,2025-07-09,10213,20850,Brisbane Strikers,Broadbeach United,2,2,2.0,1.0,,,,,,,,,Desconocido
Torneo Federal A,134,Argentina,Group 1 - 16,False,2025-07-09,3972,443,Germinal de Rawson,Olimpo Bahia Blanca,0,1,0.0,0.0,,,,,,,,,Pablo Núñez
UEFA Champions League,2,World,1st Qualifying Round,True,2025-07-09,559,3342,FCSB,Inter Club d'Escaldes,3,1,2.0,0.0,,,,,,,,,D. Nikolic
UEFA Champions League,2,World,1st Qualifying Round,True,2025-07-09,586,4626,FK Zalgiris Vilnius,Hamrun Spartans,2,0,0.0,0.0,,,,,,,,,S. Putros
UEFA Champions League,2,World,1st Qualifying Round,True,2025-07-09,566,394,Ludogorets,Dinamo Minsk,1,0,0.0,0.0,,,,,,,,,P. Ciochirca
UEFA Champions League,2,World,1st Qualifying Round,True,2025-07-09,3854,583,Shelbourne,Linfield,1,0,0.0,0.0,,,,,,,,,L. M. Branco Godinho
UEFA Championship - Women,743,World,Group Stage - 2,False,2025-07-09,1721,1733,England W,Netherlands W,4,0,2.0,0.0,,,,,,,,,Edina Alves Batista
UEFA Championship - Women,743,World,Group Stage - 2,False,2025-07-09,1725,1772,France W,Wales W,4,1,2.0,1.0,,,,,,,,,Désirée Grundbacher
US Open Cup,257,USA,Quarter-finals,True,2025-07-09,9569,1615,Nashville SC,DC United,5,2,1.0,2.0,,,,,,,,,Greg Dopka
USL League Two,256,USA,Eastern Conference - 22,True,2025-07-09,4031,4034,AC Connecticut,Black Rock,1,4,0.0,3.0,,,,,,,,,Desconocido
USL League Two,256,USA,Southern Conference - 21,True,2025-07-09,4032,4043,AHFC Royals,Corpus Christi,2,2,1.0,1.0,,,,,,,,,Desconocido
USL League Two,256,USA,Western Conference - 18,True,2025-07-09,10145,25958,Academica,San Juan SC,0,2,0.0,1.0,,,,,,,,,Desconocido
USL League Two,256,USA,Western Conference - 18,True,2025-07-09,23108,18891,Albion Colorado,Colorado ISA,6,1,3.0,1.0,,,,,,,,,Desconocido
USL League Two,256,USA,Southern Conference - 21,True,2025-07-09,23216,23979,Apotheos,Columbus United,0,2,0.0,2.0,,,,,,,,,Desconocido
USL League Two,256,USA,Western Conference - 18,True,2025-07-09,25936,18882,Bangers,Ballard,1,0,1.0,0.0,,,,,,,,,Desconocido
USL League Two,256,USA,Eastern Conference - 22,True,2025-07-09,9071,4082,Boston City,Seacoast United Phantoms,2,5,0.0,1.0,,,,,,,,,Desconocido
USL League Two,256,USA,Western Conference - 18,True,2025-07-09,23113,4109,Capo II,Tucson,1,1,0.0,0.0,,,,,,,,,Desconocido
USL League Two,256,USA,Eastern Conference - 22,True,2025-07-09,4038,23122,Cedar Stars Rush,Staten Island Athletic,2,1,1.0,0.0,,,,,,,,,Desconocido
USL League Two,256,USA,Central Conference - 18,True,2025-07-09,18889,23121,Chicago Dutch Lions,River Light,0,5,0.0,2.0,,,,,,,,,Desconocido
USL League Two,256,USA,Western Conference - 18,True,2025-07-09,25937,4083,City SC,Seahorses,4,1,2.0,0.0,,,,,,,,,Desconocido
USL League Two,256,USA,Central Conference - 17,True,2025-07-09,4045,16679,Dayton Dutch Lions,Fort Wayne,0,1,0.0,1.0,,,,,,,,,Desconocido
USL League Two,256,USA,Eastern Conference - 23,True,2025-07-09,4049,23971,Evergreen,Annapolis Blues,5,3,1.0,1.0,,,,,,,,,Desconocido
USL League Two,256,USA,Southern Conference - 21,True,2025-07-09,4051,4101,FC Miami City,Weston,3,1,3.0,0.0,,,,,,,,,Desconocido
USL League Two,256,USA,Southern Conference - 21,True,2025-07-09,23117,10067,Hattiesburg,Louisiana Krewe,2,1,0.0,0.0,,,,,,,,,Desconocido
USL League Two,256,USA,Southern Conference - 20,True,2025-07-09,23118,4036,Hill Country Lobos,Brazos Valley,6,1,2.0,1.0,,,,,,,,,Desconocido
USL League Two,256,USA,Southern Conference - 21,True,2025-07-09,4056,18896,Houston FC,Houston Sur,4,0,2.0,0.0,,,,,,,,,Desconocido
USL League Two,256,USA,Eastern Conference - 22,True,2025-07-09,18897,4062,Hudson Valley Hammers,Long Island Rough Riders,2,1,1.0,1.0,,,,,,,,,Desconocido
USL League Two,256,USA,Eastern Conference - 23,True,2025-07-09,21283,4063,Ironbound,Manhattan,1,0,0.0,0.0,,,,,,,,,Desconocido
USL League Two,256,USA,Central Conference - 17,True,2025-07-09,16681,25941,Kings Hammer,Kings Hammer Columbus,1,3,0.0,1.0,,,,,,,,,Desconocido
USL League Two,256,USA,Eastern Conference - 23,True,2025-07-09,4060,9037,Lehigh Valley United,West Chester United,2,2,1.0,1.0,,,,,,,,,Desconocido
USL League Two,256,USA,Southern Conference - 21,True,2025-07-09,9029,4064,Little Rock Rangers,Mississippi Brilla,1,0,1.0,0.0,,,,,,,,,Desconocido
USL League Two,256,USA,Western Conference - 18,True,2025-07-09,18899,4077,Marin,SF Glens,2,4,1.0,1.0,,,,,,,,,Desconocido
USL League Two,256,USA,Eastern Conference - 22,True,2025-07-09,26064,4035,New England FC,Boston Bolts,0,0,0.0,0.0,,,,,,,,,Desconocido
USL League Two,256,USA,Eastern Conference - 22,True,2025-07-09,9086,16682,New Jersey Copa,Morris Elite,0,1,0.0,1.0,,,,,,,,,Desconocido
USL League Two,256,USA,Central Conference - 17,True,2025-07-09,25945,4052,Northern Indiana,Flint City Bucks,1,2,0.0,0.0,,,,,,,,,Desconocido
USL League Two,256,USA,Central Conference - 18,True,2025-07-09,21286,10069,RKC,Minneapolis City,3,1,3.0,1.0,,,,,,,,,Desconocido
USL League Two,256,USA,Western Conference - 19,True,2025-07-09,4079,18908,San Francisco City,Project 51O,1,2,1.0,2.0,,,,,,,,,Desconocido
USL League Two,256,USA,Western Conference - 18,True,2025-07-09,25948,23124,Snohomish United,Tacoma Stars,5,1,2.0,1.0,,,,,,,,,Desconocido
USL League Two,256,USA,Southern Conference - 22,True,2025-07-09,10103,10094,Southern Soccer Academy,Asheville City,0,3,0.0,2.0,,,,,,,,,Desconocido
USL League Two,256,USA,Central Conference - 17,True,2025-07-09,24029,25947,Sunflower State,Santafé Wanderers,2,2,1.0,1.0,,,,,,,,,Desconocido
USL League Two,256,USA,Southern Conference - 22,True,2025-07-09,18911,23111,Tennessee,Birmingham Legion II,3,2,2.0,1.0,,,,,,,,,Desconocido
USL League Two,256,USA,Southern Conference - 21,True,2025-07-09,4087,23119,The Villages,Inter Gainesville,6,0,4.0,0.0,,,,,,,,,Desconocido
USL League Two,256,USA,Western Conference - 19,True,2025-07-09,4093,21287,Ventura County Fusion,Redlands,3,2,2.0,2.0,,,,,,,,,Desconocido
USL League Two,256,USA,Eastern Conference - 23,True,2025-07-09,4097,4039,Wake,Charlotte Eagles,1,1,0.0,1.0,,,,,,,,,Desconocido
Victoria NPL 2,836,Australia,Regular Season - 14,False,2025-07-09,20784,16781,Western United II,Bulleen Lions,1,0,0.0,0.0,,,,,,,,,Desconocido
Ykkösliiga,1087,Finland,Regular Season - 14,False,2025-07-09,2078,9189,EIF,SalPa,4,0,1.0,0.0,,,,,,,,,Desconocido
Ykkösliiga,1087,Finland,Regular Season - 14,False,2025-07-09,9187,10669,KäPa,PK-35,1,1,1.0,0.0,,,,,,,,,Desconocido
Ykkösliiga,1087,Finland,Regular Season - 14,False,2025-07-09,1168,2085,Turku PS,Klubi-04,4,1,3.0,1.0,,,,,,,,,Desconocido
Brasileiro U17,1128,Brazil,1st Phase - 9,True,2025-07-08,24475,24483,Corinthians U17,Internacional U17,2,1,1.0,0.0,,,,,,,,,Desconocido
Brasileiro U17,1128,Brazil,1st Phase - 9,True,2025-07-08,24482,25807,Gremio U17,Vasco U17,1,4,1.0,1.0,,,,,,,,,Desconocido
Brasileiro U17,1128,Brazil,1st Phase - 9,True,2025-07-08,24485,24471,RB Bragantino U17,Atlético Mineiro U17,0,1,0.0,0.0,,,,,,,,,Desconocido
Brasileiro U20 A,740,Brazil,1st Phase - 17,True,2025-07-08,13000,13008,Cruzeiro U20,Fluminense U20,3,0,3.0,0.0,,,,,,,,,Desconocido
Brasileiro U20 A,740,Brazil,1st Phase - 17,True,2025-07-08,13009,12962,Fortaleza U20,Internacional U20,2,1,1.0,0.0,,,,,,,,,Desconocido
Brasileiro U20 A,740,Brazil,1st Phase - 17,True,2025-07-08,13020,12954,Juventude U20,Bahia U20,3,1,0.0,0.0,,,,,,,,,Desconocido
Brasileiro U20 A,740,Brazil,1st Phase - 17,True,2025-07-08,13055,18345,Santos U20,RB Bragantino U20,1,1,0.0,1.0,,,,,,,,,Desconocido
COSAFA U20 Championship,771,World,Group Stage - 3,False,2025-07-08,11018,16198,Angola U20,Zimbabwe U20,2,0,2.0,0.0,,,,,,,,,Desconocido
COSAFA U20 Championship,771,World,Group Stage - 3,False,2025-07-08,11041,11037,Namibia U20,Malawi U20,0,2,0.0,0.0,,,,,,,,,Desconocido
Canadian Championship,259,Canada,Quarter-finals,True,2025-07-08,2619,20881,Cavalry FC,Vancouver FC,1,1,0.0,1.0,,,,,,,,,Michael Venne
Canadian Championship,259,Canada,Quarter-finals,True,2025-07-08,2623,10169,York United,Atlético Ottawa,3,4,2.0,2.0,,,,,,,,,Sebastian Noshinravani
Catarinense U20,1076,Brazil,1st Phase - 14,True,2025-07-08,18329,20755,Concórdia U20,Figueirense U20,0,2,0.0,0.0,,,,,,,,,Desconocido
Copa Espírito Santo,1097,Brazil,Quarter-finals,True,2025-07-08,2225,20717,Serra Talhada,Porto Vitória,1,2,0.0,1.0,,,,,,,,,Desconocido
Copa Paraguay,501,Paraguay,2nd Round,True,2025-07-08,10478,1186,Humaitá,Independiente F.b.c.,1,0,1.0,0.0,,,,,,,,,Desconocido
Copa Paraguay,501,Paraguay,2nd Round,True,2025-07-08,19119,2130,Nacional de Yby Yaú,Fernando De La Mora,0,2,0.0,0.0,,,,,,,,,Desconocido
Copa Paraguay,501,Paraguay,2nd Round,True,2025-07-08,19121,17183,Primavera de Curuguaty,Benjamín Aceval,1,2,1.0,1.0,,,,,,,,,Desconocido
Copa Paulista,742,Brazil,1st Round - 4,True,2025-07-08,1201,10031,Inter De Limeira,Comercial,2,2,0.0,1.0,,,,,,,,,Gustavo Alencar Rodrigues
Copa do Nordeste,612,Brazil,Quarter-finals,True,2025-07-08,136,7772,Vitoria,Confiança,0,1,0.0,0.0,,,,,,,,,Paulo Jose Souza Mourão
EAFF E-1 Football Championship,23,World,Group Stage - 1,False,2025-07-08,12,4460,Japan,Hong Kong,6,1,5.0,0.0,,,,,,,,,Desconocido
FIFA Club World Cup,15,World,Semi-finals,True,2025-07-08,124,49,Fluminense,Chelsea,0,2,0.0,1.0,,,,,,,,,François Letexier
Friendlies Clubs,667,World,Club Friendlies 5,True,2025-07-08,7690,7250,AFC Hornchurch,Sittingbourne,3,2,1.0,2.0,,,,,,,,,Desconocido
Friendlies Clubs,667,World,Club Friendlies 5,True,2025-07-08,4668,251,Airdrie United,ST Mirren,0,2,0.0,1.0,,,,,,,,,Desconocido
Friendlies Clubs,667,World,Club Friendlies 5,True,2025-07-08,1430,856,Arda Kardzhali,Septemvri Sofia,1,2,0.0,2.0,,,,,,,,,Desconocido
Friendlies Clubs,667,World,Club Friendlies 5,True,2025-07-08,7613,7715,Ashford Town (Middlesex),Farnborough,0,4,0.0,1.0,,,,,,,,,Desconocido
Friendlies Clubs,667,World,Club Friendlies 5,True,2025-07-08,8690,7740,Avro,Radcliffe,1,2,0.0,0.0,,,,,,,,,Desconocido
Friendlies Clubs,667,World,Club Friendlies 5,True,2025-07-08,668,5349,Ballymena United,Queen's University,1,3,1.0,1.0,,,,,,,,,Desconocido
Friendlies Clubs,667,World,Club Friendlies 5,True,2025-07-08,7695,59,Bamber Bridge,Preston,2,1,2.0,0.0,,,,,,,,,Desconocido
Friendlies Clubs,667,World,Club Friendlies 5,True,2025-07-08,11112,5344,Bangor,Knockbreda,5,3,3.0,2.0,,,,,,,,,Desconocido
Friendlies Clubs,667,World,Club Friendlies 5,True,2025-07-08,1369,17000,Barnet,Crystal Palace U21,1,3,1.0,3.0,,,,,,,,,Desconocido
Friendlies Clubs,667,World,Club Friendlies 5,True,2025-07-08,7615,7725,Basingstoke Town,Kingstonian,3,3,3.0,1.0,,,,,,,,,Desconocido
Friendlies Clubs,667,World,Club Friendlies 5,True,2025-07-08,14473,14747,Bohemians 1905 II,Pardubice II,2,1,1.0,0.0,,,,,,,,,Desconocido
Friendlies Clubs,667,World,Club Friendlies 5,True,2025-07-08,1830,38,Boreham Wood,Watford,0,2,0.0,1.0,,,,,,,,,Desconocido
Friendlies Clubs,667,World,Club Friendlies 5,True,2025-07-08,7216,4689,Brentwood Town,Chelmsford City,0,0,0.0,0.0,,,,,,,,,Desconocido
Friendlies Clubs,667,World,Club Friendlies 5,True,2025-07-08,8725,774,Broadfields United,Romania,2,1,,,,,,,,,,,Desconocido
Friendlies Clubs,667,World,Club Friendlies 5,True,2025-07-08,1832,7202,Bromley,Tottenham Hotspur U21,5,2,1.0,2.0,,,,,,,,,Desconocido
Friendlies Clubs,667,World,Club Friendlies 3,True,2025-07-08,6731,4669,Broxburn Athletic,Stirling Albion,4,1,1.0,0.0,,,,,,,,,Desconocido
Friendlies Clubs,667,World,Club Friendlies 5,True,2025-07-08,7583,6445,Builth Wells,Caersws,0,1,0.0,0.0,,,,,,,,,Desconocido
Friendlies Clubs,667,World,Club Friendlies 5,True,2025-07-08,6618,10590,Bulle,Sion II,0,1,0.0,0.0,,,,,,,,,Desconocido
Friendlies Clubs,667,World,Club Friendlies 3,True,2025-07-08,1370,1337,Cambridge United,Northampton,3,0,,,,,,,,,,,Desconocido
Friendlies Clubs,667,World,Club Friendlies 3,True,2025-07-08,7623,1831,Canvey Island,Braintree,1,2,0.0,1.0,,,,,,,,,Desconocido
Friendlies Clubs,667,World,Club Friendlies 5,True,2025-07-08,1371,256,Carlisle,Motherwell,0,1,0.0,0.0,,,,,,,,,Desconocido
Friendlies Clubs,667,World,Club Friendlies 5,True,2025-07-08,736,738,Charleroi,SK Beveren,4,1,1.0,0.0,,,,,,,,,Desconocido
Friendlies Clubs,667,World,Club Friendlies 5,True,2025-07-08,6790,16864,Chelyabinsk,Torpedo Miass,3,1,2.0,0.0,,,,,,,,,Desconocido
Friendlies Clubs,667,World,Club Friendlies 5,True,2025-07-08,1345,748,Chesterfield,Burton Albion,5,0,3.0,0.0,,,,,,,,,Desconocido
Friendlies Clubs,667,World,Club Friendlies 5,True,2025-07-08,7435,902,Clachnacuddin,Ross County,0,2,0.0,0.0,,,,,,,,,Desconocido
Friendlies Clubs,667,World,Club Friendlies 3,True,2025-07-08,653,247,Cork City,Celtic,1,2,0.0,1.0,,,,,,,,,Desconocido
Friendlies Clubs,667,World,Club Friendlies 5,True,2025-07-08,8760,8980,Crowborough Athletic,Varndeanians,2,2,1.0,1.0,,,,,,,,,Desconocido
Friendlies Clubs,667,World,Club Friendlies 5,True,2025-07-08,19551,8754,Darlaston Town,Coventry Sphinx,1,0,0.0,0.0,,,,,,,,,Desconocido
Friendlies Clubs,667,World,Club Friendlies 3,True,2025-07-08,1829,1347,Dover,Gillingham,0,1,0.0,1.0,,,,,,,,,Desconocido
Friendlies Clubs,667,World,Club Friendlies 5,True,2025-07-08,5351,5355,Dungannon Swifts,Warrenpoint Town,5,0,3.0,0.0,,,,,,,,,Desconocido
Friendlies Clubs,667,World,Club Friendlies 5,True,2025-07-08,1088,1085,Dynamo,Akhmat,1,1,1.0,0.0,,,,,,,,,Desconocido
Friendlies Clubs,667,World,Club Friendlies 5,True,2025-07-08,6764,1388,East Fife,Dunfermline,1,3,0.0,1.0,,,,,,,,,Desconocido
Friendlies Clubs,667,World,Club Friendlies 5,True,2025-07-08,12759,1320,Eintracht Mahlsdorf,Energie Cottbus,0,5,0.0,3.0,,,,,,,,,Desconocido
Friendlies Clubs,667,World,Club Friendlies 5,True,2025-07-08,1089,2010,Enisey,Rotor Volgograd,1,1,0.0,1.0,,,,,,,,,Desconocido
Friendlies Clubs,667,World,Club Friendlies 5,True,2025-07-08,8311,14714,Eugendorf,Kuchl,4,1,1.0,1.0,,,,,,,,,Desconocido
Friendlies Clubs,667,World,Club Friendlies 5,True,2025-07-08,8778,8899,Exmouth,Plymouth Parkway,2,2,2.0,0.0,,,,,,,,,Desconocido
Friendlies Clubs,667,World,Club Friendlies 5,True,2025-07-08,400,2061,FC Copenhagen,FC Fredericia,1,1,0.0,0.0,,,,,,,,,Desconocido
Friendlies Clubs,667,World,Club Friendlies 3,True,2025-07-08,1620,1637,FC Viktoria Köln,Bonner SC,1,1,1.0,0.0,,,,,,,,,Desconocido
Friendlies Clubs,667,World,Club Friendlies 5,True,2025-07-08,8366,1023,Fach-Donaufeld,Admira Wacker,2,3,1.0,2.0,,,,,,,,,Desconocido
Friendlies Clubs,667,World,Club Friendlies 5,True,2025-07-08,8785,1838,Flackwell Heath,Maidenhead,0,4,0.0,2.0,,,,,,,,,Desconocido
Friendlies Clubs,667,World,Club Friendlies 5,True,2025-07-08,357,358,GAP Connah S Quay FC,Newtown AFC,2,1,1.0,0.0,,,,,,,,,Desconocido
Friendlies Clubs,667,World,Club Friendlies 5,True,2025-07-08,8789,1828,Garforth Town,York,1,0,0.0,0.0,,,,,,,,,Desconocido
Friendlies Clubs,667,World,Club Friendlies 5,True,2025-07-08,8790,7262,Glebe,Whyteleafe,2,2,0.0,2.0,,,,,,,,,Desconocido
Friendlies Clubs,667,World,Club Friendlies 5,True,2025-07-08,4941,20034,Gloggnitz,Corvinul Hunedoara,0,3,0.0,1.0,,,,,,,,,Desconocido
Friendlies Clubs,667,World,Club Friendlies 5,True,2025-07-08,8653,8780,Gloucester City,Fairford Town,2,1,1.0,0.0,,,,,,,,,Desconocido
Friendlies Clubs,667,World,Club Friendlies 5,True,2025-07-08,7718,7652,Grantham Town,Lincoln United,2,0,1.0,0.0,,,,,,,,,Desconocido
Friendlies Clubs,667,World,Club Friendlies 3,True,2025-07-08,8797,1365,Grimsby Borough,Grimsby,1,1,1.0,1.0,,,,,,,,,Desconocido
Friendlies Clubs,667,World,Club Friendlies 5,True,2025-07-08,5616,351,Guilsfield,Aberystwyth Town,1,1,0.0,1.0,,,,,,,,,Desconocido
Friendlies Clubs,667,World,Club Friendlies 5,True,2025-07-08,1824,1842,Guiseley AFC,Harrogate Town,0,1,0.0,0.0,,,,,,,,,Desconocido
Friendlies Clubs,667,World,Club Friendlies 5,True,2025-07-08,4488,4490,Hapoel Petah Tikva,Hapoel Ramat HaSharon,2,3,,,,,,,,,,,Desconocido
Friendlies Clubs,667,World,Club Friendlies 5,True,2025-07-08,4681,7722,Haringey Borough,Hendon,1,2,1.0,0.0,,,,,,,,,Desconocido
Friendlies Clubs,667,World,Club Friendlies 5,True,2025-07-08,8822,1823,Hebburn Town,Gateshead,0,4,0.0,2.0,,,,,,,,,Desconocido
Friendlies Clubs,667,World,Club Friendlies 3,True,2025-07-08,206,12804,Heracles,Kickers Emden,1,1,0.0,1.0,,,,,,,,,Desconocido
Friendlies Clubs,667,World,Club Friendlies 5,True,2025-07-08,159,9342,Hertha BSC,Havelse,3,2,2.0,2.0,,,,,,,,,Desconocido
Friendlies Clubs,667,World,Club Friendlies 5,True,2025-07-08,7723,7628,Horsham,Chichester City,1,2,1.0,1.0,,,,,,,,,Desconocido
Friendlies Clubs,667,World,Club Friendlies 5,True,2025-07-08,37,1819,Huddersfield,Barrow,1,0,0.0,0.0,,,,,,,,,Desconocido
Friendlies Clubs,667,World,Club Friendlies 5,True,2025-07-08,2072,2063,Hvidovre,HB Koge,4,2,4.0,1.0,,,,,,,,,Desconocido
Friendlies Clubs,667,World,Club Friendlies 3,True,2025-07-08,1237,416,Katwijk,FC Volendam,1,1,0.0,1.0,,,,,,,,,Desconocido
Friendlies Clubs,667,World,Club Friendlies 5,True,2025-07-08,6773,6762,Kelty Hearts,Clyde,3,1,2.0,1.0,,,,,,,,,Desconocido
Friendlies Clubs,667,World,Club Friendlies 5,True,2025-07-08,25119,4990,Krems / Rehberg,First Vienna,1,1,1.0,1.0,,,,,,,,,Desconocido
Friendlies Clubs,667,World,Club Friendlies 5,True,2025-07-08,19310,4972,Köflach,Deutschlandsberger SC,1,2,0.0,0.0,,,,,,,,,Desconocido
Friendlies Clubs,667,World,Club Friendlies 5,True,2025-07-08,8656,1342,Leamington,Walsall,0,4,0.0,0.0,,,,,,,,,Desconocido
Friendlies Clubs,667,World,Club Friendlies 5,True,2025-07-08,79,19685,Lille,KAA Gent II,2,0,0.0,0.0,,,,,,,,,Desconocido
Friendlies Clubs,667,World,Club Friendlies 5,True,2025-07-08,11115,5348,Lisburn Distillery,Portadown,3,4,1.0,2.0,,,,,,,,,Desconocido
Friendlies Clubs,667,World,Club Friendlies 5,True,2025-07-08,8859,1375,Longridge Town,Morecambe,1,2,0.0,0.0,,,,,,,,,Desconocido
Friendlies Clubs,667,World,Club Friendlies 5,True,2025-07-08,1825,8737,Maidstone Utd,Chatham Town,0,1,0.0,1.0,,,,,,,,,Desconocido
Friendlies Clubs,667,World,Club Friendlies 5,True,2025-07-08,4683,8733,Metropolitan Police,Camberley Town,1,0,,,,,,,,,,,Desconocido
Friendlies Clubs,667,World,Club Friendlies 5,True,2025-07-08,3466,1840,Minerva Punjab,Ebbsfleet United,4,3,2.0,0.0,,,,,,,,,Desconocido
Friendlies Clubs,667,World,Club Friendlies 5,True,2025-07-08,6465,11303,Mold Alexandra,Llanuwchllyn,2,2,,,,,,,,,,,Desconocido
Friendlies Clubs,667,World,Club Friendlies 5,True,2025-07-08,5123,2655,Nagykanizsai ULE,Napredak,0,1,0.0,1.0,,,,,,,,,Desconocido
Friendlies Clubs,667,World,Club Friendlies 5,True,2025-07-08,7242,1363,Newcastle Town,Crewe,1,7,0.0,3.0,,,,,,,,,Desconocido
Friendlies Clubs,667,World,Club Friendlies 5,True,2025-07-08,2643,699,Novi Pazar,Mladost Lucani,1,1,1.0,1.0,,,,,,,,,Desconocido
Friendlies Clubs,667,World,Club Friendlies 5,True,2025-07-08,3630,21953,Obolon'-Brovar,Kudrivka,2,0,1.0,0.0,,,,,,,,,Desconocido
Friendlies Clubs,667,World,Club Friendlies 5,True,2025-07-08,9356,12809,Optik Rathenow,Luckenwalde,2,3,2.0,2.0,,,,,,,,,Desconocido
Friendlies Clubs,667,World,Club Friendlies 5,True,2025-07-08,567,340,Plzen,Gornik Zabrze,2,1,1.0,1.0,,,,,,,,,Desconocido
Friendlies Clubs,667,World,Club Friendlies 5,True,2025-07-08,20085,4684,Queens Park Rangers U21,Oxford City,3,2,3.0,2.0,,,,,,,,,Desconocido
Friendlies Clubs,667,World,Club Friendlies 3,True,2025-07-08,8903,7752,Quorn,Tamworth,1,1,1.0,0.0,,,,,,,,,Desconocido
Friendlies Clubs,667,World,Club Friendlies 5,True,2025-07-08,3491,6222,Raków Częstochowa,Patro Eisden,2,1,2.0,1.0,,,,,,,,,Desconocido
Friendlies Clubs,667,World,Club Friendlies 5,True,2025-07-08,401,408,Randers FC,Hobro,1,2,1.0,2.0,,,,,,,,,Desconocido
Friendlies Clubs,667,World,Club Friendlies 2,True,2025-07-08,1007,2262,Rizespor,Dinamo Tbilisi,1,3,0.0,2.0,,,,,,,,,Desconocido
Friendlies Clubs,667,World,Club Friendlies 5,True,2025-07-08,258,1389,ST Johnstone,Falkirk,0,1,0.0,1.0,,,,,,,,,Desconocido
Friendlies Clubs,667,World,Club Friendlies 5,True,2025-07-08,1318,208,SV Meppen,Emmen,4,2,2.0,2.0,,,,,,,,,Desconocido
Friendlies Clubs,667,World,Club Friendlies 5,True,2025-07-08,8928,7716,Sheppey United,Folkestone Invicta,2,1,1.0,0.0,,,,,,,,,Desconocido
Friendlies Clubs,667,World,Club Friendlies 5,True,2025-07-08,7668,7612,Sholing,AFC Totton,0,1,0.0,1.0,,,,,,,,,Desconocido
Friendlies Clubs,667,World,Club Friendlies 5,True,2025-07-08,4685,8941,Slough Town,Southall,3,1,2.0,1.0,,,,,,,,,Desconocido
Friendlies Clubs,667,World,Club Friendlies 5,True,2025-07-08,656,338,Slovan Bratislava,Wisla Krakow,0,1,0.0,0.0,,,,,,,,,Desconocido
Friendlies Clubs,667,World,Club Friendlies 5,True,2025-07-08,6781,6771,Spartans,Hearts U21,3,2,2.0,2.0,,,,,,,,,Desconocido
Friendlies Clubs,667,World,Club Friendlies 5,True,2025-07-08,7672,7610,St Neots Town,AFC Dunstable,4,2,0.0,1.0,,,,,,,,,Desconocido
Friendlies Clubs,667,World,Club Friendlies 5,True,2025-07-08,4709,1350,Stamford,Peterborough,0,6,0.0,4.0,,,,,,,,,Desconocido
Friendlies Clubs,667,World,Club Friendlies 3,True,2025-07-08,786,1028,TSV 1860 München,Ried,5,0,0.0,0.0,,,,,,,,,Desconocido
Friendlies Clubs,667,World,Club Friendlies 5,True,2025-07-08,4711,8657,Taunton Town,Bath City,1,0,0.0,0.0,,,,,,,,,Desconocido
Friendlies Clubs,667,World,Club Friendlies 5,True,2025-07-08,7676,1362,Three Bridges,Crawley Town,0,5,0.0,3.0,,,,,,,,,Desconocido
Friendlies Clubs,667,World,Club Friendlies 5,True,2025-07-08,8662,8664,Tonbridge Angels,Welling United,4,2,3.0,1.0,,,,,,,,,Desconocido
Friendlies Clubs,667,World,Club Friendlies 5,True,2025-07-08,4961,4993,Traiskirchen,Stripfing,2,7,1.0,2.0,,,,,,,,,Desconocido
Friendlies Clubs,667,World,Club Friendlies 5,True,2025-07-08,7754,1844,United of Manchester,Salford City,2,2,1.0,0.0,,,,,,,,,Desconocido
Friendlies Clubs,667,World,Club Friendlies 5,True,2025-07-08,9336,16102,Viktoria Aschaffenburg,Rot-Weiß Walldorf,0,3,0.0,2.0,,,,,,,,,Desconocido
Friendlies Clubs,667,World,Club Friendlies 5,True,2025-07-08,200,2691,Vitesse,Kaizer Chiefs,2,1,0.0,1.0,,,,,,,,,Desconocido
Friendlies Clubs,667,World,Club Friendlies 5,True,2025-07-08,6753,6759,Whitehill Welfare,Berwick Rangers,1,5,1.0,1.0,,,,,,,,,Desconocido
Friendlies Clubs,667,World,Club Friendlies 5,True,2025-07-08,7759,7228,Wingate & Finchley,Grays Athletic,2,3,0.0,1.0,,,,,,,,,Desconocido
Friendlies Clubs,667,World,Club Friendlies 5,True,2025-07-08,345,3720,Zaglebie Lubin,Teplice,1,1,1.0,1.0,,,,,,,,,Desconocido
Friendlies Clubs,667,World,Club Friendlies 5,True,2025-07-08,12360,2394,Železničar Pančevo,Kisvarda FC,0,3,0.0,2.0,,,,,,,,,Desconocido
Friendlies Women,666,World,Friendlies,True,2025-07-08,1722,1781,Australia W,Panama W,3,2,0.0,1.0,,,,,,,,,Anna-Marie Keighley
Kakkonen - Lohko A,247,Finland,Group A - 12,False,2025-07-08,18503,9179,HaPK Edustus,Reipas,2,3,1.0,2.0,,,,,,,,,Antti Kolehmainen
Kakkonen - Lohko A,247,Finland,Group A - 12,False,2025-07-08,9201,6075,Vaajakoski,VJS,0,3,0.0,2.0,,,,,,,,,Remi Rantakaulio
Kakkonen - Lohko B,248,Finland,Group B - 12,False,2025-07-08,13517,18485,HPS,Atlantis II,3,1,0.0,1.0,,,,,,,,,Aapo Kyllönen
Kakkonen - Lohko B,248,Finland,Group B - 12,False,2025-07-08,2244,2245,TPV,Musa,7,1,2.0,0.0,,,,,,,,,Lotta Vuorio
League 1 Ontario,923,Canada,Regular Season - 7,False,2025-07-08,19099,19110,Burlington,Simcoe County Rovers,1,2,0.0,2.0,,,,,,,,,Desconocido
Liga Pro Serie B,243,Ecuador,Regular Season - 17,False,2025-07-08,25736,1159,22 de Julio,Guayaquil City FC,1,1,0.0,1.0,,,,,,,,,Cristhian Xavier Gutiérrez Jaya
Liga Pro Serie B,243,Ecuador,Regular Season - 17,False,2025-07-08,1986,16476,Gualaceo SC,Cumbayá,2,0,0.0,0.0,,,,,,,,,Carlos Magno Macías Bravo
Liga Pro Serie B,243,Ecuador,Regular Season - 17,False,2025-07-08,1983,23310,Imbabura,San Antonio,1,1,1.0,1.0,,,,,,,,,Bryan Acosta
Ligi kuu Bara,567,Tanzania,Relegation - Final,True,2025-07-08,19838,12204,Fountain Gate,Stand United,2,0,0.0,0.0,,,,,,,,,Desconocido
NNSW League 1,1090,Australia,Regular Season - 10,False,2025-07-08,23504,11195,Thornton Redbacks,West Wallsend,1,4,0.0,1.0,,,,,,,,,Desconocido
Northern Territory Premier League,193,Australia,Regular Season - 12,False,2025-07-08,3778,3780,Casuarina,Hellenic Athletic,1,2,,,,,,,,,,,Desconocido
Piala Presiden,924,Indonesia,Group stage - Group A,False,2025-07-08,26121,2438,Indonesia Super League All Star,Arema FC,2,2,0.0,1.0,,,,,,,,,Desconocido
Piala Presiden,924,Indonesia,Group stage - Group B,False,2025-07-08,2445,17902,Persib Bandung,Dewa United,1,1,0.0,0.0,,,,,,,,,Desconocido
Premier League,390,Lebanon,Championship Round - 13,True,2025-07-08,4567,4577,Al Ahed,Tadamon Sour,5,3,3.0,3.0,,,,,,,,,Desconocido
Premier League,390,Lebanon,Championship Round - 13,True,2025-07-08,4570,4569,Al Nejmeh,Al Ansar,1,6,0.0,4.0,,,,,,,,,Desconocido
Premiership Women,1103,Northern-Ireland,Regular Season - 3,False,2025-07-08,21486,16840,Cliftonville W,Glentoran BU W,0,2,0.0,1.0,,,,,,,,,Desconocido
Primera B Metropolitana,131,Argentina,Clausura - 3,True,2025-07-08,8383,8395,Deportivo Merlo,Liniers,0,1,0.0,1.0,,,,,,,,,Guido Mascheroni
Primera C,132,Argentina,Regular Season - 16,False,2025-07-08,1937,1964,Atletico Atlas,Victoriano Arenas,3,2,1.0,1.0,,,,,,,,,Desconocido
Primera C,132,Argentina,Regular Season - 16,False,2025-07-08,8391,8397,Claypole,Puerto Nuevo,4,1,2.0,1.0,,,,,,,,,Desconocido
Serie B,72,Brazil,Regular Season - 15,False,2025-07-08,151,140,Goias,Criciuma,1,1,0.0,1.0,,,,,,,,,"Luciano da Silva Miranda Filho, Brazil"
Super Copa International,1178,Argentina,Final,True,2025-07-08,450,438,Estudiantes L.P.,Velez Sarsfield,0,2,0.0,0.0,,,,,,,,,Darío Herrera
UEFA Champions League,2,World,1st Qualifying Round,True,2025-07-08,14281,684,Drita,FC Differdange 03,1,0,0.0,0.0,,,,,,,,,Z. Kucuk
UEFA Champions League,2,World,1st Qualifying Round,True,2025-07-08,3327,276,Egnatia Rrogozhinë,Breidablik,1,0,0.0,0.0,,,,,,,,,A. Bandic
UEFA Champions League,2,World,1st Qualifying Round,True,2025-07-08,3502,375,FC Iberia 1999,Malmo FF,1,3,0.0,1.0,,,,,,,,,I. Stojchevski
UEFA Champions League,2,World,1st Qualifying Round,True,2025-07-08,2273,4160,FC Levadia Tallinn,Rīgas FS,0,1,0.0,0.0,,,,,,,,,T. Owen
UEFA Champions League,2,World,1st Qualifying Round,True,2025-07-08,3684,579,FC Noah,Buducnost Podgorica,1,0,0.0,0.0,,,,,,,,,V. Chinkov
UEFA Champions League,2,World,1st Qualifying Round,True,2025-07-08,1165,691,KuPS,Milsami Orhei,1,0,0.0,0.0,,,,,,,,,V. Spasjonnikovs
UEFA Champions League,2,World,1st Qualifying Round,True,2025-07-08,677,664,Olimpija Ljubljana,Kairat Almaty,1,1,0.0,0.0,,,,,,,,,C. Vergetis
UEFA Champions League,2,World,1st Qualifying Round,True,2025-07-08,354,609,The New Saints,Shkendija,0,0,0.0,0.0,,,,,,,,,R. Hennessey
UEFA Champions League,2,World,1st Qualifying Round,True,2025-07-08,580,667,Vikingur Gota,Lincoln Red Imps FC,2,3,2.0,3.0,,,,,,,,,"Lothar D'hondt, Belgium"
UEFA Champions League,2,World,1st Qualifying Round,True,2025-07-08,5308,588,Virtus,Zrinjski,0,2,0.0,1.0,,,,,,,,,R. Jitari
UEFA Championship - Women,743,World,Group Stage - 2,False,2025-07-08,1719,1779,Germany W,Denmark W,2,1,0.0,1.0,,,,,,,,,Catarina Isabel Ferreira Campos
UEFA Championship - Women,743,World,Group Stage - 2,False,2025-07-08,1749,1739,Poland W,Sweden W,0,3,0.0,1.0,,,,,,,,,Maria Sole Ferrieri Caputi
UEFA Europa Conference League,848,World,1st Qualifying Round,True,2025-07-08,4625,2194,Floriana,Haverfordwest County AFC,2,1,1.0,1.0,,,,,,,,,"Szabolcs Kovacs, Romania"
UEFA Europa Conference League,848,World,1st Qualifying Round,True,2025-07-08,698,2266,St Joseph S Fc,Cliftonville FC,2,2,0.0,1.0,,,,,,,,,"Daniel Higraff, Norway"
US Open Cup,257,USA,Quarter-finals,True,2025-07-08,1612,1607,Minnesota United FC,Chicago Fire,3,1,0.0,1.0,,,,,,,,,Ekaterina Koroleva
US Open Cup,257,USA,Quarter-finals,True,2025-07-08,1596,16489,San Jose Earthquakes,Austin,1,1,1.0,0.0,,,,,,,,,Brandon Stevis
USL League Two,256,USA,Central Conference - 17,True,2025-07-08,9013,23125,Ann Arbor,Union Macomb,2,4,1.0,2.0,,,,,,,,,Desconocido
USL League Two,256,USA,Southern Conference - 21,True,2025-07-08,21281,18903,Brevard,Nona,0,5,0.0,2.0,,,,,,,,,Desconocido
USL League Two,256,USA,Southern Conference - 21,True,2025-07-08,23116,10097,Dothan United,East Atlanta,5,1,2.0,1.0,,,,,,,,,Desconocido
USL League Two,256,USA,Southern Conference - 21,True,2025-07-08,25940,9028,GFI,Laredo Heat,1,3,1.0,1.0,,,,,,,,,Desconocido
USL League Two,256,USA,Western Conference - 18,True,2025-07-08,23120,4059,Midlakes United,Lane United,2,1,2.0,0.0,,,,,,,,,Desconocido
USL League Two,256,USA,Eastern Conference - 22,True,2025-07-08,4067,10096,North Carolina II,Charlotte Independence 2,0,0,0.0,0.0,,,,,,,,,Desconocido
USL League Two,256,USA,Southern Conference - 20,True,2025-07-08,21285,25939,Pinellas County,Fort Lauderdale United,1,2,0.0,1.0,,,,,,,,,Desconocido
USL League Two,256,USA,Eastern Conference - 22,True,2025-07-08,4089,4066,Tobacco Road,North Carolina Fusion,1,3,0.0,1.0,,,,,,,,,Desconocido
USL League Two,256,USA,Eastern Conference - 22,True,2025-07-08,18912,18884,Vermont Green,Blackwatch Rush,6,0,2.0,0.0,,,,,,,,,Desconocido
USL League Two,256,USA,Western Conference - 18,True,2025-07-08,23128,25953,West Seattle Junction,Bigfoot,4,3,1.0,0.0,,,,,,,,,Desconocido
Ykkösliiga,1087,Finland,Regular Season - 14,False,2025-07-08,9172,9173,JIPPO,JäPS,1,1,0.0,0.0,,,,,,,,,Desconocido
Ykkösliiga,1087,Finland,Regular Season - 14,False,2025-07-08,9198,1166,SJK Akatemia,Lahti,0,3,0.0,2.0,,,,,,,,,Desconocido
1. Deild,165,Iceland,Regular Season - 6,False,2025-07-07,277,269,Grindavik,Keflavik,1,4,1.0,2.0,,,,,,,,,Twana Khalid Ahmed
1. Liga,364,Latvia,Regular Season - 12,False,2025-07-07,18835,18837,Riga FC II,Tukums II,1,0,0.0,0.0,,,,,,,,,Desconocido
3. Division - Girone 2,775,Norway,Group 2 - 13,False,2025-07-07,21419,12817,Kristiansund II,Molde II,0,1,0.0,1.0,,,,,,,,,Desconocido
3. Division - Girone 2,775,Norway,Group 2 - 13,False,2025-07-07,7039,10113,Trygg/Lade,Rosenborg II,2,0,0.0,0.0,,,,,,,,,Desconocido
3. Division - Girone 3,776,Norway,Group 3 - 13,False,2025-07-07,21417,19711,HamKam II,Skedsmo,2,1,1.0,1.0,,,,,,,,,Desconocido
A Lyga,362,Lithuania,Regular Season - 19,False,2025-07-07,3874,612,Panevėžys,Suduva Marijampole,1,2,1.0,2.0,,,,,,,,,Donatas Rumšas
Africa Cup of Nations - Women,922,World,Group Stage - 1,False,2025-07-07,16937,21437,Mali W,Tanzania W,1,0,1.0,0.0,,,,,,,,,Aline Marie Noelle Guimbang Etong
Africa Cup of Nations - Women,922,World,Group Stage - 1,False,2025-07-07,1978,15583,South Africa W,Ghana W,2,0,2.0,0.0,,,,,,,,,Bouchra Karboubi
Allsvenskan,113,Sweden,Regular Season - 14,False,2025-07-07,378,371,IFK Norrkoping,IF Brommapojkarna,0,1,0.0,0.0,,,,,,,,,"Mohammed Al-Hakim, Sweden"
Amazonense - 2,1134,Brazil,Final,True,2025-07-07,18309,16461,Operário AM,JC,1,1,0.0,1.0,,,,,,,,,Desconocido
Asian Cup Women - Qualification,894,World,Qualifying Round - 1,True,2025-07-07,20452,17893,Bhutan W,Singapore W,3,2,1.0,2.0,,,,,,,,,Desconocido
Asian Cup Women - Qualification,894,World,Qualifying Round - 1,True,2025-07-07,16935,16933,Lebanon W,Jordan W,0,4,0.0,3.0,,,,,,,,,Desconocido
COSAFA U20 Championship,771,World,Group Stage - 2,False,2025-07-07,10303,11020,South Africa U20,Botswana U20,3,0,2.0,0.0,,,,,,,,,Desconocido
COSAFA U20 Championship,771,World,Group Stage - 2,False,2025-07-07,10316,11028,Zambia U20,Eswatini U20,3,0,3.0,0.0,,,,,,,,,Desconocido
Calcutta Premier Division,1020,India,Regular Season - 4,False,2025-07-07,21604,21614,George Telegraph,Police,0,3,0.0,1.0,,,,,,,,,Desconocido
Calcutta Premier Division,1020,India,Regular Season - 4,False,2025-07-07,24103,24102,NA Suruchi Sangha,Measurers,6,0,2.0,0.0,,,,,,,,,Desconocido
Calcutta Premier Division,1020,India,Regular Season - 4,False,2025-07-07,21609,3467,Railway,Mohun Bagan,0,2,0.0,1.0,,,,,,,,,Desconocido
Carioca A2,851,Brazil,1st Phase - 10,True,2025-07-07,17738,12278,Pérolas Negras,Duque de Caxias,1,0,0.0,0.0,,,,,,,,,Desconocido
Carioca C,1106,Brazil,1st Phase - 8,True,2025-07-07,23634,23638,CAAC Brasil,Paraty,0,5,0.0,2.0,,,,,,,,,Desconocido
Carioca C,1106,Brazil,1st Phase - 8,True,2025-07-07,25965,23639,Mesquita,Riostrense,0,3,,,,,,,,,,,Desconocido
Copa Espírito Santo,1097,Brazil,Quarter-finals,True,2025-07-07,15609,7837,Vilavelhense,Vitória ES,0,3,0.0,2.0,,,,,,,,,Desconocido
Division Intermedia,251,Paraguay,Regular Season - 16,False,2025-07-07,1184,10491,Club River Plate,Tacuary,1,0,1.0,0.0,,,,,,,,,Juan Eduardo López Torres
Division Intermedia,251,Paraguay,Regular Season - 16,False,2025-07-07,1185,1189,Rubio NU,Deportivo Santani,1,0,1.0,0.0,,,,,,,,,Giancarlo Juliadoza
Division Profesional - Clausura,252,Paraguay,Clausura - 1,True,2025-07-07,10487,10474,Sportivo Ameliano,Atlético Tembetary,1,0,1.0,0.0,,,,,,,,,"Aldo Quinonez, Paraguay"
EAFF E-1 Football Championship,23,World,Group Stage - 1,False,2025-07-07,17,1566,South Korea,China,3,0,2.0,0.0,,,,,,,,,Desconocido
Esiliiga B,1126,Estonia,Regular Season - 18,False,2025-07-07,16402,24235,Paide II,Kuressaare II,4,0,3.0,0.0,,,,,,,,,Desconocido
Friendlies Clubs,667,World,Club Friendlies 3,True,2025-07-07,1612,191,Minnesota United FC,Holstein Kiel,0,0,0.0,0.0,,,,,,,,,Desconocido
Kakkonen - Lohko B,248,Finland,Group B - 12,False,2025-07-07,9185,9174,Ilves II,Kiffen,2,0,0.0,0.0,,,,,,,,,Pouria Notash
Kakkonen - Lohko C,249,Finland,Group C - 10,False,2025-07-07,9199,9200,VIFK,VPS II,0,0,0.0,0.0,,,,,,,,,Eemil Hietakangas
Liga Pro,242,Ecuador,Regular Season - 19,False,2025-07-07,1151,1992,Tecnico Universitario,Orense SC,1,2,0.0,0.0,,,,,,,,,"Gabriel Ismael Gonzalez Cordero, Ecuador"
Northern Super League,1182,Canada,Regular Season - 3,False,2025-07-07,25898,25897,Halifax Tides W,Calgary Wild W,1,0,1.0,0.0,,,,,,,,,Desconocido
Premier League,1031,Bhutan,Regular Season,False,2025-07-07,19005,25952,RTC,BFF Academy U20,4,0,0.0,0.0,,,,,,,,,Desconocido
Premier League,390,Lebanon,Championship Round - 13,True,2025-07-07,4573,11879,Safa,Al Hikma,2,1,1.0,0.0,,,,,,,,,Ali Al Ashkar
Primera C,132,Argentina,Regular Season - 16,False,2025-07-07,8381,8396,Deportivo Español,Lugano,1,2,1.0,1.0,,,,,,,,,Desconocido
Primera C,132,Argentina,Regular Season - 16,False,2025-07-07,8393,790,Deportivo Muñiz,Central Cordoba,1,0,0.0,0.0,,,,,,,,,Desconocido
Primera División,344,Bolivia,Apertura - 13,True,2025-07-07,17743,3706,ABB,Nacional Potosí,2,2,1.0,2.0,,,,,,,,,Javier Revollo
Primera División,344,Bolivia,Apertura - 13,True,2025-07-07,3702,15702,Bolívar,Independiente Petrolero,4,0,2.0,0.0,,,,,,,,,Ivo Nigel Méndez Chávez
Primera División,299,Venezuela,Clausura - 1,True,2025-07-07,2813,2811,Deportivo La Guaira,Monagas SC,2,0,2.0,0.0,,,,,,,,,Yeferzon Miranda Martínez
Primera División,344,Bolivia,Apertura - 13,True,2025-07-07,3705,3704,Jorge Wilstermann,Guabirá,1,1,1.0,1.0,,,,,,,,,Cristian Claudio Condori
Second League - Group 4,653,Russia,Group 4 - 13,False,2025-07-07,25866,21536,Chelyabinsk II,Uralets Nizhnyi Tagil,0,1,0.0,1.0,,,,,,,,,Desconocido
Serie B,72,Brazil,Regular Season - 15,False,2025-07-07,125,13975,America Mineiro,Athletic Club,0,1,0.0,1.0,,,,,,,,,"Rafael Rodrigo Klein, Brazil"
Serie B,72,Brazil,Regular Season - 15,False,2025-07-07,1223,132,Operario-PR,Chapecoense-sc,1,2,1.0,0.0,,,,,,,,,"Bruno Pereira Vasconcelos, Brazil"
Serie C,75,Brazil,Regular Season - 11,False,2025-07-07,1197,7865,Botafogo PB,São Bernardo,1,1,0.0,0.0,,,,,,,,,Maguielson Lima Barbosa
Serie C,75,Brazil,Regular Season - 11,False,2025-07-07,139,2227,Ponte Preta,Tombense,1,0,0.0,0.0,,,,,,,,,Daniel Alejandro Hidalgo Blanco
Serie D,76,Brazil,1st Phase - 11,True,2025-07-07,7787,12297,Treze,Horizonte,0,2,0.0,1.0,,,,,,,,,Michael Vinicius Santos Freitas
Sudani Premier League,402,Sudan,Championship Round - 2,True,2025-07-07,5543,5244,Al Ahli Wad Medani,Alamal Atbara,1,0,,,,,,,,,,,Desconocido
Sudani Premier League,402,Sudan,Championship Round - 2,True,2025-07-07,25521,5239,Al Merreikh El Obeid,Al Merreikh,1,1,,,,,,,,,,,Desconocido
Sudani Premier League,402,Sudan,Championship Round - 2,True,2025-07-07,25522,5237,Al Zamala Umm Ruwaba,Al Hilal Omdurman,0,1,0.0,1.0,,,,,,,,,Desconocido
Sudani Premier League,402,Sudan,Championship Round - 2,True,2025-07-07,25523,5246,Al-Mergheni,Hay Al Wadi,0,0,0.0,0.0,,,,,,,,,Desconocido
Super League,391,Malawi,Regular Season - 10,False,2025-07-07,4589,4588,Karonga United,Kamuzu Barracks,0,1,0.0,0.0,,,,,,,,,Desconocido
Super League,391,Malawi,Regular Season - 10,False,2025-07-07,11127,18747,MAFCO,Dedza Dynamos,2,0,0.0,0.0,,,,,,,,,Desconocido
Super League,369,Uzbekistan,Regular Season - 15,False,2025-07-07,4217,16381,Neftchi,Xorazm,2,0,1.0,0.0,,,,,,,,,Ibrohim Ismoilov
UEFA Championship - Women,743,World,Group Stage - 2,False,2025-07-07,1769,1748,Portugal W,Italy W,1,1,0.0,0.0,,,,,,,,,Ivana Martinčić
UEFA Championship - Women,743,World,Group Stage - 2,False,2025-07-07,1736,1777,Spain W,Belgium W,6,2,2.0,1.0,,,,,,,,,Katalin Kulcsar
USL League Two,256,USA,Central Conference - 17,True,2025-07-07,16680,10100,Kalamazoo FC,Oakland County,1,2,0.0,1.0,,,,,,,,,Desconocido
USL League Two,256,USA,Eastern Conference - 22,True,2025-07-07,26064,4100,New England FC,Western Mass Pioneers,1,3,1.0,2.0,,,,,,,,,Desconocido
USL League Two,256,USA,Southern Conference - 18,True,2025-07-07,10103,25944,Southern Soccer Academy,Montgomery United,2,2,1.0,1.0,,,,,,,,,Desconocido
Veikkausliiga,244,Finland,Regular Season - 14,False,2025-07-07,2076,2082,Kooteepee,Gnistan,0,0,0.0,0.0,,,,,,,,,"Joni Hyytia, Finland"
Ykkönen,245,Finland,Regular Season - 13,False,2025-07-07,18518,1171,Inter Turku II,JJK,0,1,0.0,0.0,,,,,,,,,Henrik Sandmark
Ykkönen,245,Finland,Regular Season - 13,False,2025-07-07,9195,1167,OLS,Rops,2,1,2.0,0.0,,,,,,,,,Robin Kuloaro
Úrvalsdeild,164,Iceland,Regular Season - 14,False,2025-07-07,270,275,FH hafnarfjordur,Stjarnan,1,1,0.0,1.0,,,,,,,,,Helgi Mikael Jónasson
1. Division,117,Belarus,Regular Season - 15,False,2025-07-06,7802,384,Bumprom,FC Dnepr Mogilev,1,1,0.0,0.0,,,,,,,,,Sergey Gorayutin
1. Division,117,Belarus,Regular Season - 15,False,2025-07-06,11266,23272,Dinamo Minsk II,BATE II,0,2,0.0,0.0,,,,,,,,,Sergey Sergeevich Lobatsevich
1. Division,117,Belarus,Regular Season - 15,False,2025-07-06,11249,3383,Minsk II,Baranovichi,2,1,1.0,0.0,,,,,,,,,Dmitri Zhakhovskiy
1. Liga,364,Latvia,Regular Season - 12,False,2025-07-06,23266,4152,Leevon / PPK,Progress / AFA Olaine,3,2,0.0,2.0,,,,,,,,,Desconocido
1. Liga,364,Latvia,Regular Season - 12,False,2025-07-06,4141,4142,Rēzekne FA,Smiltene,2,1,1.0,0.0,,,,,,,,,Desconocido
2. Division - Group 1,473,Norway,Group 1 - 13,False,2025-07-06,16211,6970,Eik-Tønsberg,Brattvåg,1,1,1.0,1.0,,,,,,,,,Himmet Boyar
2. Division - Group 1,473,Norway,Group 1 - 13,False,2025-07-06,14545,16218,Sandviken,Brann II,1,2,1.0,0.0,,,,,,,,,Markus Lille
2. Division - Group 1,473,Norway,Group 1 - 13,False,2025-07-06,2151,7040,jerv,Træff,2,0,0.0,0.0,,,,,,,,,Pavel Breivik
3. Division - Girone 1,774,Norway,Group 1 - 13,False,2025-07-06,6974,6994,Bærum,Harstad,3,1,2.0,0.0,,,,,,,,,Desconocido
3. Division - Girone 1,774,Norway,Group 1 - 13,False,2025-07-06,16204,23420,Funnefoss / Vormsund,Sortland,2,2,1.0,2.0,,,,,,,,,Desconocido
3. Division - Girone 1,774,Norway,Group 1 - 13,False,2025-07-06,7000,22867,Junkeren,Ulfstind,3,2,2.0,1.0,,,,,,,,,Desconocido
3. Division - Girone 1,774,Norway,Group 1 - 13,False,2025-07-06,7042,16232,Ullern,Tromsø II,3,4,3.0,4.0,,,,,,,,,Desconocido
3. Division - Girone 3,776,Norway,Group 3 - 13,False,2025-07-06,18437,12865,Lillehammer,Strømsgodset II,1,0,1.0,0.0,,,,,,,,,Desconocido
A Lyga,362,Lithuania,Regular Season - 19,False,2025-07-06,3859,3860,Dainava,Džiugas Telšiai,0,2,0.0,1.0,,,,,,,,,Dovydas Švėgžda
Africa Cup of Nations - Women,922,World,Group Stage - 1,False,2025-07-06,18257,16925,Algeria W,Botswana W,1,0,1.0,0.0,,,,,,,,,Yacine Samassa
Africa Cup of Nations - Women,922,World,Group Stage - 1,False,2025-07-06,1730,14463,Nigeria W,Tunisia W,3,0,2.0,0.0,,,,,,,,,Suavis Iratunga
Africa Cup of Nations - Women,922,World,Group Stage - 1,False,2025-07-06,18262,22716,Senegal W,Congo DR W,4,0,4.0,0.0,,,,,,,,,Shahenda Saad Ali El Maghribi
Alagoano U20,1110,Brazil,2nd Phase - 1,True,2025-07-06,23686,18330,ASA U20,Desportiva Aliança U20,5,0,2.0,0.0,,,,,,,,,Desconocido
Alagoano U20,1110,Brazil,2nd Phase - 1,True,2025-07-06,18325,20777,CSE U20,Zumbi U20,1,0,1.0,0.0,,,,,,,,,Desconocido
Allsvenskan,113,Sweden,Regular Season - 14,False,2025-07-06,364,2172,Djurgardens IF,Degerfors IF,5,1,3.0,0.0,,,,,,,,,"Erik Mattsson, Sweden"
Allsvenskan,113,Sweden,Regular Season - 14,False,2025-07-06,766,377,Halmstad,AIK Stockholm,2,0,2.0,0.0,,,,,,,,,"Adi Aganovic, Sweden"
Allsvenskan,113,Sweden,Regular Season - 14,False,2025-07-06,372,367,IF Elfsborg,BK Hacken,0,2,0.0,1.0,,,,,,,,,"Kristoffer Karlsson, Sweden"
Allsvenskan,113,Sweden,Regular Season - 14,False,2025-07-06,366,370,IFK Goteborg,Sirius,3,1,1.0,1.0,,,,,,,,,"Adam Ladeback, Sweden"
Baiano - 2,613,Brazil,Semi-finals,True,2025-07-06,12935,18831,Galícia,Itabuna,0,0,0.0,0.0,,,,,,,,,Desconocido
Baiano U20,1073,Brazil,Round of 16,True,2025-07-06,22835,25813,Conquista U20,Fluminense de Feira U20,0,0,0.0,0.0,,,,,,,,,Desconocido
Baiano U20,1073,Brazil,Round of 16,True,2025-07-06,25812,23278,Feirense U20,Estrela De Marco U20,1,1,0.0,0.0,,,,,,,,,Desconocido
Baiano U20,1073,Brazil,Round of 16,True,2025-07-06,13017,25814,Jacuipense U20,Galícia U20,2,2,1.0,1.0,,,,,,,,,Desconocido
Baiano U20,1073,Brazil,Round of 16,True,2025-07-06,23283,23279,Leonico U20,Grapiuna U20,0,0,0.0,0.0,,,,,,,,,Desconocido
Brasiliense U20,1100,Brazil,1st Phase - 9,True,2025-07-06,23611,25932,Ceilandense U20,Santa Maria U20,1,4,,,,,,,,,,,Desconocido
Brisbane Premier League,191,Australia,Regular Season - 20,False,2025-07-06,22921,17072,Springfield United,Newmarket,3,2,0.0,0.0,,,,,,,,,Desconocido
Brisbane Premier League,191,Australia,Regular Season - 20,False,2025-07-06,9036,20822,Virginia United,Redcliffe Dolphins,3,2,0.0,1.0,,,,,,,,,Desconocido
Brisbane Premier League,191,Australia,Regular Season - 20,False,2025-07-06,25451,11177,Yeronga Eagles,Mt Gravatt,1,1,1.0,1.0,,,,,,,,,Desconocido
CONCACAF Gold Cup,22,World,Final,True,2025-07-06,2384,16,USA,Mexico,1,2,1.0,1.0,,,,,,,,,Mario Alberto Escobar Toca
COSAFA U20 Championship,771,World,Group Stage - 2,False,2025-07-06,11018,11037,Angola U20,Malawi U20,1,1,1.0,1.0,,,,,,,,,Desconocido
COSAFA U20 Championship,771,World,Group Stage - 2,False,2025-07-06,11041,16198,Namibia U20,Zimbabwe U20,3,2,2.0,2.0,,,,,,,,,Desconocido
Capital Territory NPL,189,Australia,Regular Season - 12,False,2025-07-06,1448,1452,Canberra FC,Cooma Tigers FC,4,0,2.0,0.0,,,,,,,,,Desconocido
Capital Territory NPL,189,Australia,Regular Season - 12,False,2025-07-06,1456,22866,Gungahlin United,Yoogali CT,3,1,1.0,1.0,,,,,,,,,Desconocido
Capital Territory NPL 2,1092,Australia,Regular Season - 12,False,2025-07-06,23518,1450,Canberra White Eagles,Canberra Olympic,0,1,0.0,0.0,,,,,,,,,Desconocido
Carioca A2,851,Brazil,1st Phase - 10,True,2025-07-06,20006,13104,CEAC / Araruama,América RJ,1,0,1.0,0.0,,,,,,,,,Desconocido
Carioca A2,851,Brazil,1st Phase - 10,True,2025-07-06,10672,13114,Cabofriense,Olaria,2,1,1.0,0.0,,,,,,,,,Desconocido
Carioca C,1106,Brazil,1st Phase - 8,True,2025-07-06,23636,25961,EC Vera Cruz,Barcelona RJ,4,0,2.0,0.0,,,,,,,,,Desconocido
Carioca C,1106,Brazil,1st Phase - 8,True,2025-07-06,25964,25963,Juventus RJ,Duquecaxiense,2,0,0.0,0.0,,,,,,,,,Desconocido
Carioca C,1106,Brazil,1st Phase - 8,True,2025-07-06,23640,25962,Santa Cruz RJ,Búzios,3,2,1.0,1.0,,,,,,,,,Desconocido
Carioca C,1106,Brazil,1st Phase - 8,True,2025-07-06,23642,23635,Uniao Central,EC Resende,4,3,2.0,1.0,,,,,,,,,Desconocido
Catarinense - 2,936,Brazil,Regular Season - 6,False,2025-07-06,7860,25116,Metropolitano,Fluminense-SC,1,0,1.0,0.0,,,,,,,,,Desconocido
Catarinense - 2,936,Brazil,Regular Season - 6,False,2025-07-06,1204,19636,Tubarao,Carlos Renaux,2,1,1.0,1.0,,,,,,,,,Desconocido
Cearense - 3,1124,Brazil,1st Phase - 2,True,2025-07-06,13088,20778,Esporte Limoeiro,Crateús,1,2,0.0,0.0,,,,,,,,,Desconocido
Copa Espírito Santo,1097,Brazil,Quarter-finals,True,2025-07-06,23567,10679,Capixaba SC,Real Noroeste,1,0,1.0,0.0,,,,,,,,,Desconocido
Copa Nicaragua,1187,Nicaragua,Quarter-finals,True,2025-07-06,4641,4644,Diriangén,Managua,3,2,1.0,2.0,,,,,,,,,Desconocido
Copa Nicaragua,1187,Nicaragua,Quarter-finals,True,2025-07-06,24510,4648,Rancho Santana,Walter Ferretti,2,5,2.0,3.0,,,,,,,,,Desconocido
Copa Nicaragua,1187,Nicaragua,Quarter-finals,True,2025-07-06,4645,19159,Real Estelí,Matagalpa,1,1,1.0,0.0,,,,,,,,,Desconocido
Copa Nicaragua,1187,Nicaragua,Quarter-finals,True,2025-07-06,4647,4646,UNAN Managua,Real Madriz,2,0,0.0,0.0,,,,,,,,,Desconocido
Copa Paulista,742,Brazil,1st Round - 4,True,2025-07-06,15622,143,São José EC,Oeste,2,0,1.0,0.0,,,,,,,,,Renan Pantoja de Quequi
Division Intermedia,251,Paraguay,Regular Season - 16,False,2025-07-06,1180,2138,Deportivo Capiata,Guairena FC,1,0,0.0,0.0,,,,,,,,,Dionicio Cristaldo Machuca
Division Intermedia,251,Paraguay,Regular Season - 16,False,2025-07-06,18311,2125,Pastoreo,Club Sp. San Lorenzo,0,2,0.0,1.0,,,,,,,,,Gedidias Ezequiel Zacarías González
Division Profesional - Clausura,252,Paraguay,Clausura - 1,True,2025-07-06,1174,2140,Club Guarani,2 de Mayo,3,1,1.0,0.0,,,,,,,,,"Jose Mendez, Paraguay"
Division Profesional - Clausura,252,Paraguay,Clausura - 1,True,2025-07-06,1182,1175,Olimpia,Nacional Asuncion,1,1,1.0,1.0,,,,,,,,,"Blas Romero, Paraguay"
Eerste Divisie,568,Suriname,Semi-finals,True,2025-07-06,10980,12217,Robin Hood,PVV,1,1,0.0,0.0,,,,,,,,,Desconocido
Eerste Divisie,568,Suriname,Semi-finals,True,2025-07-06,12219,10966,Transvaal,Inter Moengotapoe,1,2,1.0,1.0,,,,,,,,,Desconocido
Elite One,411,Cameroon,Regular Season - 30,False,2025-07-06,5409,5401,PWD Bamenda,Cotonsport,1,1,1.0,1.0,,,,,,,,,Desconocido
Elite One,411,Cameroon,Regular Season - 30,False,2025-07-06,5564,5400,Panthère,Colombe,1,0,0.0,0.0,,,,,,,,,Desconocido
Elite One,411,Cameroon,Regular Season - 30,False,2025-07-06,5413,5560,Union Douala,Canon,0,4,0.0,2.0,,,,,,,,,Desconocido
Eliteserien,103,Norway,Regular Season - 12,False,2025-07-06,2143,2142,KFUM Oslo,Bryne,1,1,0.0,0.0,,,,,,,,,"Eivind Bodding, Norway"
Eliteserien,103,Norway,Regular Season - 12,False,2025-07-06,332,331,Sandefjord,Rosenborg,2,0,2.0,0.0,,,,,,,,,"Christian Moen, Norway"
Eliteserien,103,Norway,Regular Season - 12,False,2025-07-06,333,328,Sarpsborg 08 FF,Haugesund,3,1,0.0,1.0,,,,,,,,,"Svein Tore Sinnes, Norway"
Esiliiga B,1126,Estonia,Regular Season - 18,False,2025-07-06,24236,24237,Narva U21,Johvi Phoenix,3,4,2.0,1.0,,,,,,,,,Desconocido
Friendlies,10,World,Friendlies 3,True,2025-07-06,1495,1520,Malawi,Botswana,1,1,0.0,0.0,,,,,,,,,Desconocido
Friendlies Clubs,667,World,Club Friendlies 3,True,2025-07-06,9323,12868,Aubstadt,Stuttgarter Kickers,1,1,1.0,1.0,,,,,,,,,Desconocido
Friendlies Clubs,667,World,Club Friendlies 3,True,2025-07-06,2266,670,Cliftonville FC,Derry City,2,2,1.0,0.0,,,,,,,,,Desconocido
Friendlies Clubs,667,World,Club Friendlies 3,True,2025-07-06,1325,1635,FC Carl Zeiss Jena,FC Schweinfurt 05,3,1,3.0,0.0,,,,,,,,,Desconocido
Friendlies Clubs,667,World,Club Friendlies 3,True,2025-07-06,1329,4259,FC Rot-Weiß Erfurt,Alemannia Aachen,1,2,1.0,1.0,,,,,,,,,Desconocido
Friendlies Clubs,667,World,Club Friendlies 3,True,2025-07-06,22901,186,Grün Weiß Firrel,FC St. Pauli,0,10,,,,,,,,,,,Desconocido
Friendlies Clubs,667,World,Club Friendlies 3,True,2025-07-06,9330,1624,Illertissen,FV Ravensburg,3,1,0.0,1.0,,,,,,,,,Desconocido
Friendlies Clubs,667,World,Club Friendlies 3,True,2025-07-06,4195,2393,Maccabi Haifa,Diosgyori VTK,1,3,1.0,2.0,,,,,,,,,Desconocido
Friendlies Clubs,667,World,Club Friendlies 3,True,2025-07-06,1313,4265,Preußen Münster,Verl,1,0,1.0,0.0,,,,,,,,,Desconocido
Friendlies Clubs,667,World,Club Friendlies 3,True,2025-07-06,257,569,Rangers,Club Brugge KV,2,2,0.0,2.0,,,,,,,,,Desconocido
Friendlies Clubs,667,World,Club Friendlies 3,True,2025-07-06,177,9325,SSV Jahn Regensburg,Bayreuth,7,0,3.0,0.0,,,,,,,,,Desconocido
Friendlies Clubs,667,World,Club Friendlies 3,True,2025-07-06,6962,336,Widzew Łódź,Jagiellonia,7,1,2.0,0.0,,,,,,,,,Desconocido
Gaúcho - 2,478,Brazil,1st Phase - 10,True,2025-07-06,7767,10051,Aimoré,Inter Santa Maria,1,0,1.0,0.0,,,,,,,,,Desconocido
Gaúcho - 2,478,Brazil,1st Phase - 10,True,2025-07-06,10042,10047,Esportivo,Glória,0,1,0.0,1.0,,,,,,,,,Desconocido
Gaúcho - 2,478,Brazil,1st Phase - 10,True,2025-07-06,7827,10057,Gaúcho,Veranópolis,2,3,1.0,2.0,,,,,,,,,Desconocido
Gaúcho - 2,478,Brazil,1st Phase - 10,True,2025-07-06,10052,10044,Lajeadense,Bagé,1,1,0.0,0.0,,,,,,,,,Desconocido
Gaúcho - 2,478,Brazil,1st Phase - 10,True,2025-07-06,16479,10053,Santa Cruz RS,Passo Fundo,2,2,0.0,2.0,,,,,,,,,Desconocido
Gaúcho - 2,478,Brazil,1st Phase - 10,True,2025-07-06,10056,1199,União RS,Novo Hamburgo,0,0,0.0,0.0,,,,,,,,,Desconocido
Goiano - 2,1030,Brazil,Regular Season - 9,False,2025-07-06,7829,24773,Iporá,Tupy FC,1,1,0.0,0.0,,,,,,,,,Desconocido
Goiano - 2,1030,Brazil,Regular Season - 9,False,2025-07-06,24771,23307,Rio Verde,Trindade,2,1,1.0,1.0,,,,,,,,,Desconocido
J2 League,99,Japan,Regular Season - 22,False,2025-07-06,318,312,Ehime FC,Montedio Yamagata,1,3,0.0,1.0,,,,,,,,,Shūhei Ishimaru
J2 League,99,Japan,Regular Season - 22,False,2025-07-06,314,280,Roasso Kumamoto,Jubilo Iwata,2,0,0.0,0.0,,,,,,,,,Yoshito Nakagawa
J3 League,100,Japan,Regular Season - 19,False,2025-07-06,297,4324,FC Gifu,Sagamihara,1,1,1.0,0.0,,,,,,,,,Kohei Yano
J3 League,100,Japan,Regular Season - 19,False,2025-07-06,4323,7138,Parceiro Nagano,Osaka,0,0,0.0,0.0,,,,,,,,,Shinya Sasaki
Japan Football League,497,Japan,Regular Season - 15,False,2025-07-06,4321,15222,Grulla Morioka,TIAMO Hirakata,2,3,2.0,0.0,,,,,,,,,Desconocido
Japan Football League,497,Japan,Regular Season - 15,False,2025-07-06,7124,4327,Honda Lock,YSCC,3,0,1.0,0.0,,,,,,,,,Desconocido
Japan Football League,497,Japan,Regular Season - 15,False,2025-07-06,7137,10410,Okinawa SV,Tokyo Musashino City,0,1,0.0,0.0,,,,,,,,,Desconocido
Japan Football League,497,Japan,Regular Season - 15,False,2025-07-06,16695,7151,Porvenir Asuka,Verspah Oita,0,0,0.0,0.0,,,,,,,,,Desconocido
Japan Football League,497,Japan,Regular Season - 15,False,2025-07-06,10406,7117,Reinmeer Aomori,Biwako Shiga,0,1,0.0,1.0,,,,,,,,,Desconocido
Japan Football League,497,Japan,Regular Season - 15,False,2025-07-06,10408,7150,Suzuka Unlimited,Veertien Mie,3,3,1.0,3.0,,,,,,,,,Desconocido
K League 2,293,South-Korea,Regular Season - 19,False,2025-07-06,7078,2752,Gimpo Citizen,Busan I Park,3,0,1.0,0.0,,,,,,,,,Min-Gook Ko
K League 2,293,South-Korea,Regular Season - 19,False,2025-07-06,7087,2745,Hwaseong,Bucheon FC 1995,0,1,0.0,0.0,,,,,,,,,Ji-Eum Cho
K League 2,293,South-Korea,Regular Season - 19,False,2025-07-06,2757,7060,Seongnam FC,Cheonan City,0,0,0.0,0.0,,,,,,,,,Hee-Gon Kim
K3 League,295,South-Korea,Regular Season - 16,False,2025-07-06,7059,7096,Changwon City,Mokpo City,0,0,0.0,0.0,,,,,,,,,Min-Cheol Kim
K3 League,295,South-Korea,Regular Season - 16,False,2025-07-06,7075,7111,Gangneung City,Yangpyeong,3,1,2.0,0.0,,,,,,,,,Dae-Ju Hwang
K3 League,295,South-Korea,Regular Season - 16,False,2025-07-06,7076,25717,Gimhae City,Jeonbuk Motors II,2,2,0.0,0.0,,,,,,,,,Tae-Yang Hyun
K3 League,295,South-Korea,Regular Season - 16,False,2025-07-06,7098,7099,Paju Citizen,Pocheon,0,4,0.0,3.0,,,,,,,,,Ji-Hyeong Lee
Kakkonen - Lohko A,247,Finland,Group A - 12,False,2025-07-06,1169,18596,Honka,PuiU Helsinki,4,0,1.0,0.0,,,,,,,,,Valentin Smirnov
Kakkonen - Lohko A,247,Finland,Group A - 12,False,2025-07-06,13563,2079,JPS,GrIFK,3,3,2.0,1.0,,,,,,,,,Ifeoma Kulmala
Kakkonen - Lohko B,248,Finland,Group B - 12,False,2025-07-06,9188,9177,P-Iirot,NJS,2,2,1.0,0.0,,,,,,,,,Joona Haapa-Aho
Kansallinen Liiga,640,Finland,Regular Season - 9,False,2025-07-06,13990,13995,HJK W,Åland United W,9,1,4.0,0.0,,,,,,,,,Fazli Suka
Kansallinen Liiga,640,Finland,Regular Season - 9,False,2025-07-06,10920,13997,PK-35 Vantaa W,KuPS W,2,1,2.0,0.0,,,,,,,,,Jasmine Kaur
League One,170,China,Regular Season - 15,False,2025-07-06,21262,5682,Chongqing Tongliang Long,Shanghai Jiading,4,0,2.0,0.0,,,,,,,,,Haoheng Zhang
League One,170,China,Regular Season - 15,False,2025-07-06,17263,5684,Dongguan United,Shenyang Urban,0,2,0.0,0.0,,,,,,,,,Huigang Li
League One,170,China,Regular Season - 15,False,2025-07-06,16619,17271,Nanjing City,Yanbian Longding,1,1,0.0,0.0,,,,,,,,,Maoxiang Geng
League One,170,China,Regular Season - 15,False,2025-07-06,2626,23269,Nantong Zhiyun,Guangzhou E-Power,0,1,0.0,0.0,,,,,,,,,Minghui Niu
League Two,929,China,Regular Season - 18,False,2025-07-06,5647,23288,BIT,Shandong Taishan II,1,1,1.0,0.0,,,,,,,,,Zhaohao Lin
League Two,929,China,Regular Season - 18,False,2025-07-06,23132,21328,Changchun Xidu,Rizhao Yuqi,1,1,0.0,1.0,,,,,,,,,Chunyu Yang
League Two,929,China,Regular Season - 18,False,2025-07-06,25774,25775,Guangzhou Dandelion,Guizhou Zhucheng,4,2,3.0,1.0,,,,,,,,,Zhikai Yin
League Two,929,China,Regular Season - 18,False,2025-07-06,23289,5660,Shanghai Port II,Hubei Chufeng Heli,2,2,1.0,2.0,,,,,,,,,Jiageng Han
League Two,929,China,Regular Season - 18,False,2025-07-06,19320,17272,Shangyu Pterosaur,Yichun Grand Tiger,2,2,1.0,0.0,,,,,,,,,Yuxin Hu
League Two,929,China,Regular Season - 18,False,2025-07-06,19321,5665,Tai'an Tiankuang,Jiangxi Liansheng,0,2,0.0,1.0,,,,,,,,,Peng Qin
League Two,929,China,Regular Season - 18,False,2025-07-06,17269,20674,Wuxi Wugou,Xi'an Ronghai,1,0,1.0,0.0,,,,,,,,,Shiwei Yuan
Liga Pro,242,Ecuador,Regular Season - 19,False,2025-07-06,1156,1155,Aucas,Macara,1,4,0.0,1.0,,,,,,,,,"Augusto Bergelio Aragon Bautista, Ecuador"
Liga Pro,242,Ecuador,Regular Season - 19,False,2025-07-06,1149,1158,Delfin SC,LDU de Quito,0,4,0.0,1.0,,,,,,,,,"Lenin Quinonez, Ecuador"
Liga Pro,242,Ecuador,Regular Season - 19,False,2025-07-06,1150,1980,El Nacional,Manta FC,1,0,0.0,0.0,,,,,,,,,"Russell Macario Teran Leon, Ecuador"
MLS Next Pro,909,USA,Regular Season - 22,False,2025-07-06,4102,18813,Colorado Rapids II,Houston Dynamo FC II,2,1,0.0,0.0,,,,,,,,,Drew Klemp
MLS Next Pro,909,USA,Regular Season - 22,False,2025-07-06,21139,4026,Crown Legacy,Orlando City II,2,2,0.0,1.0,,,,,,,,,Velimir Stefanovic
MLS Next Pro,909,USA,Regular Season - 22,False,2025-07-06,18812,18815,FC Cincinnati II,New York City II,2,2,1.0,1.0,,,,,,,,,Nabil Bensalah
MLS Next Pro,909,USA,Regular Season - 22,False,2025-07-06,4004,21140,New York RB II,Huntsville City,1,2,1.0,0.0,,,,,,,,,Atahan Yaya
MLS Next Pro,909,USA,Regular Season - 22,False,2025-07-06,3988,4025,Philadelphia Union II,Toronto II,5,0,1.0,0.0,,,,,,,,,Danielle Chesky
MLS Next Pro,909,USA,Regular Season - 22,False,2025-07-06,4012,18740,Real Monarchs,St. Louis City II,1,3,1.0,1.0,,,,,,,,,Brad Jensen
Major League Soccer,253,USA,Regular Season - 21,False,2025-07-06,1595,1613,Seattle Sounders,Columbus Crew,1,1,1.0,1.0,,,,,,,,,"Ismir Pekmic, USA"
Matogrossense 2,1096,Brazil,1st Phase - 5,True,2025-07-06,23561,26049,Campo Novo,Sorriso,0,4,,,,,,,,,,,Desconocido
Matogrossense 2,1096,Brazil,1st Phase - 5,True,2025-07-06,10688,15615,Operário MT,Ação,0,3,0.0,3.0,,,,,,,,,Desconocido
Matogrossense 2,1096,Brazil,1st Phase - 5,True,2025-07-06,23566,23560,Santa Cruz MT,Atlético Matogrossense,3,0,,,,,,,,,,,Desconocido
Meistaradeildin,367,Faroe-Islands,Regular Season - 16,False,2025-07-06,678,4133,B36 Torshavn,HB Torshavn,2,2,0.0,0.0,,,,,,,,,Alex de Albuquerque Troleis
Meistriliiga,329,Estonia,Regular Season - 19,False,2025-07-06,687,662,Flora Tallinn,Kalju Nomme,1,0,0.0,0.0,,,,,,,,,Karl Koppel
Meistriliiga,329,Estonia,Regular Season - 19,False,2025-07-06,3529,3530,Tallinna Kalev,Tammeka,3,2,1.0,2.0,,,,,,,,,Jürgen Lorenz
Mineiro U20,1107,Brazil,1st Phase - 7,True,2025-07-06,25889,25892,Itabirito U20,Villa Real U20,2,1,2.0,1.0,,,,,,,,,Desconocido
NNSW League 1,1090,Australia,Regular Season - 8,False,2025-07-06,25461,23506,Dudley Redhead United,Wallsend Red Devils,2,1,1.0,1.0,,,,,,,,,Desconocido
NNSW League 1,1090,Australia,Regular Season - 6,False,2025-07-06,23502,11194,Kahibah,South Cardiff,2,0,1.0,0.0,,,,,,,,,Desconocido
New South Wales NPL,192,Australia,Regular Season - 22,False,2025-07-06,3765,3770,Blacktown City,Rockdale City Suns,1,3,0.0,1.0,,,,,,,,,Desconocido
New South Wales NPL,192,Australia,Regular Season - 22,False,2025-07-06,16772,3771,Central Coast II,Sutherland Sharks,0,0,0.0,0.0,,,,,,,,,Desconocido
New South Wales NPL,192,Australia,Regular Season - 22,False,2025-07-06,3768,3776,Marconi Stallions,Sydney United,2,0,1.0,0.0,,,,,,,,,Desconocido
Northern NSW NPL,481,Australia,Regular Season - 18,False,2025-07-06,10203,10209,Charlestown City Blues,Valentine,0,0,0.0,0.0,,,,,,,,,Desconocido
Northern NSW NPL,481,Australia,Regular Season - 18,False,2025-07-06,10205,10207,Hamilton Olympic,Lambton Jaffas,3,1,1.0,1.0,,,,,,,,,Desconocido
Pacific Coast Soccer League,260,Canada,Regular Season - 4,False,2025-07-06,21234,18919,AFA,Victoria United,1,2,,,,,,,,,,,Desconocido
Pacific Coast Soccer League,260,Canada,Regular Season - 4,False,2025-07-06,23430,18917,Blues,Kamloops Rivers II,3,4,1.0,2.0,,,,,,,,,Desconocido
Pacific Coast Soccer League,260,Canada,Regular Season - 4,False,2025-07-06,3557,18920,Mid Isle Mariners,WIA,0,5,,,,,,,,,,,Desconocido
Paraibano U20,1120,Brazil,Group Stage - 5,False,2025-07-06,24036,12997,Auto Esporte PB U20,Confiança PB U20,0,0,0.0,0.0,,,,,,,,,Desconocido
Paraibano U20,1120,Brazil,Group Stage - 5,False,2025-07-06,24038,24047,Esporte de Patos U20,Sousa U20,0,0,,,,,,,,,,,Desconocido
Paraibano U20,1120,Brazil,Group Stage - 5,False,2025-07-06,24044,24040,Pombal U20,Grêmio Serrano U20,3,0,,,,,,,,,,,Desconocido
Paraibano U20,1120,Brazil,Group Stage - 5,False,2025-07-06,24049,22844,Sport PB U20,Queimadense U20,2,9,2.0,4.0,,,,,,,,,Desconocido
Paraibano U20,1120,Brazil,Group Stage - 5,False,2025-07-06,24050,24043,Treze U20,Picuiense U20,2,1,2.0,1.0,,,,,,,,,Desconocido
Paranaense - 2,614,Brazil,Semi-Finals,True,2025-07-06,2212,23308,Foz Do Iguacu,Paranavaí,2,2,1.0,2.0,,,,,,,,,Desconocido
Paranaense U20,1071,Brazil,Semi-finals,True,2025-07-06,12957,23237,Coritiba U20,Cascavel U20,1,1,1.0,0.0,,,,,,,,,Desconocido
Paulista Série B,1098,Brazil,2nd Phase - 2,True,2025-07-06,25771,10029,Guarulhos,Batatais,0,3,0.0,2.0,,,,,,,,,Desconocido
Piala Presiden,924,Indonesia,Group stage - Group A,False,2025-07-06,1338,26121,Oxford United,Indonesia Super League All Star,6,3,3.0,1.0,,,,,,,,,Desconocido
Piala Presiden,924,Indonesia,Group stage - Group B,False,2025-07-06,2445,2789,Persib Bandung,Port FC,0,2,0.0,1.0,,,,,,,,,Desconocido
Premier Division,1080,Grenada,Regular Season - 10,False,2025-07-06,23367,26063,Hard Rock,St. David’s,1,6,0.0,3.0,,,,,,,,,Desconocido
Premier Division,1080,Grenada,Regular Season - 10,False,2025-07-06,23370,26062,SAB Spartans,North Stars,4,3,2.0,2.0,,,,,,,,,Desconocido
Premier League,584,Libya,Relegation Round - 6,True,2025-07-06,22727,12443,Al Bashaer Club,Abilashehar,1,0,1.0,0.0,,,,,,,,,Desconocido
Premier League,425,Syria,Championship Round - 1,True,2025-07-06,8019,8035,Al Ittihad,Al Wahda,3,1,0.0,0.0,,,,,,,,,Desconocido
Premier League,425,Syria,Championship Round - 1,True,2025-07-06,9111,9115,Al Karama,Hottin,3,0,1.0,0.0,,,,,,,,,Desconocido
Premier League,116,Belarus,Regular Season - 15,False,2025-07-06,9419,750,Arsenal,Naftan,0,1,0.0,0.0,,,,,,,,,Sergey Stetsurin
Premier League,764,Mongolia,Regular Season - 24,False,2025-07-06,16185,17273,Deren,Khoromkhon,10,0,4.0,0.0,,,,,,,,,Desconocido
Premier League,764,Mongolia,Regular Season - 24,False,2025-07-06,16187,22066,Khangarid,Bayanzürkh Sporting,3,1,3.0,1.0,,,,,,,,,Desconocido
Premier League,584,Libya,Relegation Round - 6,True,2025-07-06,24591,12448,Majd,Al-Tirsana,2,4,,,,,,,,,,,Desconocido
Premier League,389,Kazakhstan,Regular Season - 15,False,2025-07-06,4558,4562,Okzhetpes,Kaisar,4,2,3.0,1.0,,,,,,,,,Bulat Saryev
Premier League,1031,Bhutan,Regular Season,False,2025-07-06,9426,5592,Paro,Thimphu City,2,1,0.0,0.0,,,,,,,,,Desconocido
Premier League,764,Mongolia,Regular Season - 24,False,2025-07-06,16854,18104,Ulaanbaatar,Khovd,3,3,2.0,1.0,,,,,,,,,Desconocido
Premier League,389,Kazakhstan,Regular Season - 15,False,2025-07-06,4560,562,Zhetysu,FC Astana,0,2,0.0,1.0,,,,,,,,,Danil Gorda
Premier Soccer League,401,Zimbabwe,Regular Season - 19,False,2025-07-06,25733,5224,Kwekwe United,Highlanders,0,0,0.0,0.0,,,,,,,,,Desconocido
Premier Soccer League,401,Zimbabwe,Regular Season - 19,False,2025-07-06,25735,5218,Scotland Mabvuku,CAPS United,0,1,0.0,1.0,,,,,,,,,Desconocido
Premier Soccer League,401,Zimbabwe,Regular Season - 19,False,2025-07-06,5232,5231,Triangle United,TelOne,1,1,0.0,0.0,,,,,,,,,Desconocido
Primeira Divisão,969,Macao,Relegation Round - 6,True,2025-07-06,21197,23061,Lun Lok,Jia Hua,0,10,0.0,6.0,,,,,,,,,Desconocido
Primeira Divisão,969,Macao,Relegation Round - 6,True,2025-07-06,21198,25715,Sporting Macau,Chiba,0,7,0.0,4.0,,,,,,,,,Desconocido
Primera B,266,Chile,Regular Season - 13,False,2025-07-06,2332,2335,Cobreloa,Santiago Morning,0,1,0.0,0.0,,,,,,,,,Jorge Oses
Primera B,266,Chile,Regular Season - 13,False,2025-07-06,2336,2343,Magallanes,Deportes Copiapo,0,1,0.0,1.0,,,,,,,,,Rodrigo Rivera
Primera B,266,Chile,Regular Season - 13,False,2025-07-06,2322,5635,San Luis,Concepción,0,2,0.0,1.0,,,,,,,,,Francisco Javier Soriano Bascur
Primera C,132,Argentina,Regular Season - 16,False,2025-07-06,8384,1940,El Porvenir,Leandro N. Alem,0,3,0.0,1.0,,,,,,,,,Desconocido
Primera C,132,Argentina,Regular Season - 16,False,2025-07-06,486,8390,Juventud Unida,Centro Español,2,2,0.0,1.0,,,,,,,,,Desconocido
Primera C,132,Argentina,Regular Season - 16,False,2025-07-06,1958,1967,Lujan,Central Ballester,3,1,1.0,0.0,,,,,,,,,Desconocido
Primera División,344,Bolivia,Apertura - 13,True,2025-07-06,3700,3711,Always Ready,The Strongest,7,2,2.0,1.0,,,,,,,,,Dilio Yfrain Rodriguez Suárez
Primera División,299,Venezuela,Clausura - 1,True,2025-07-06,18806,2840,Anzoátegui FC,UCV,0,2,0.0,0.0,,,,,,,,,Alexis Herrera
Primera División,281,Peru,Apertura - 18,True,2025-07-06,2564,22479,Atletico Grau,Juan Pablo II College,2,0,0.0,0.0,,,,,,,,,"Daniel Ureta, Peru"
Primera División,344,Bolivia,Apertura - 13,True,2025-07-06,3701,20252,Blooming,Real Oruro,4,2,1.0,1.0,,,,,,,,,Ronald Mamani
Primera División,299,Venezuela,Clausura - 1,True,2025-07-06,2808,16847,Caracas FC,Rayo Zuliano,2,1,1.0,1.0,,,,,,,,,Carlos Parra
Primera División,281,Peru,Apertura - 18,True,2025-07-06,20960,2540,Deportivo Garcilaso,Universitario,0,1,0.0,0.0,,,,,,,,,"Roberto Perez Gutierrez, Peru"
Primera División,344,Bolivia,Apertura - 13,True,2025-07-06,22266,3707,Gualberto Villarroel SJ,Oriente Petrolero,5,1,3.0,0.0,,,,,,,,,Rodolfo Bruno Vera Penarrieta
Primera División,281,Peru,Apertura - 18,True,2025-07-06,2544,10013,Sport Boys,Cusco,1,2,1.0,0.0,,,,,,,,,"Christian Santos Zegarra, Peru"
Primera División,265,Chile,Regular Season - 5,False,2025-07-06,2994,2315,U. Catolica,Colo Colo,2,0,0.0,0.0,,,,,,,,,"Mathias Riquelme, Chile"
Primera División,299,Venezuela,Clausura - 1,True,2025-07-06,2806,2807,Zamora FC,Deportivo Tachira FC,1,1,1.0,0.0,,,,,,,,,Ángel Arteaga Cabriales
Primera División - Apertura,268,Uruguay,Intermediate Round - Final,True,2025-07-06,2348,2356,Penarol,Club Nacional,0,0,0.0,0.0,,,,,,,,,Desconocido
Primera Nacional,129,Argentina,Regular Season - 21,False,2025-07-06,462,1927,Agropecuario,Talleres Remedios,2,1,1.0,1.0,,,,,,,,,Yamil Possi
Primera Nacional,129,Argentina,Regular Season - 21,False,2025-07-06,8375,454,Almirante Brown,Temperley,0,0,0.0,0.0,,,,,,,,,Jorge Nelson Sosa
Primera Nacional,129,Argentina,Regular Season - 21,False,2025-07-06,1948,459,Atlanta,Arsenal Sarandi,4,0,1.0,0.0,,,,,,,,,Franco Acita
Primera Nacional,129,Argentina,Regular Season - 21,False,2025-07-06,1951,1945,Central Norte,Defensores Unidos,3,0,2.0,0.0,,,,,,,,,Gonzalo Pereira
Primera Nacional,129,Argentina,Regular Season - 21,False,2025-07-06,447,1067,Chacarita Juniors,Defensores De Belgrano,0,2,0.0,1.0,,,,,,,,,Nazareno Arasa
Primera Nacional,129,Argentina,Regular Season - 21,False,2025-07-06,1946,448,Chaco For Ever,Colon Santa Fe,2,0,0.0,0.0,,,,,,,,,Álvaro Carranza
Primera Nacional,129,Argentina,Regular Season - 21,False,2025-07-06,3969,485,Club Atlético Güemes,San Martin Tucuman,2,1,0.0,0.0,,,,,,,,,Brian Ferreyra
Primera Nacional,129,Argentina,Regular Season - 21,False,2025-07-06,479,469,Gimnasia Jujuy,Deportivo Moron,0,0,0.0,0.0,,,,,,,,,Ariel Penel
Primera Nacional,129,Argentina,Regular Season - 21,False,2025-07-06,1066,1936,Gimnasia M.,CA Estudiantes,1,0,0.0,0.0,,,,,,,,,Edgardo Daniel Zamora
Primera Nacional,129,Argentina,Regular Season - 21,False,2025-07-06,484,466,Nueva Chicago,Atletico Mitre,2,0,1.0,0.0,,,,,,,,,Javier Alberto Delbarba
Primera Nacional,129,Argentina,Regular Season - 21,False,2025-07-06,444,1965,Patronato,Tristan Suarez,2,0,0.0,0.0,,,,,,,,,Nahuel Viñas
Primera Nacional,129,Argentina,Regular Season - 21,False,2025-07-06,1957,464,Racing Cordoba,All Boys,0,0,0.0,0.0,,,,,,,,,Lucas Cavallero
Queensland NPL,482,Australia,Regular Season - 16,False,2025-07-06,10212,2531,Brisbane Roar II,Eastern Suburbs,1,2,0.0,1.0,,,,,,,,,Desconocido
Queensland NPL,482,Australia,Regular Season - 16,False,2025-07-06,10217,9993,Lions,St George Willawong,3,0,1.0,0.0,,,,,,,,,Desconocido
Queensland NPL,482,Australia,Regular Season - 16,False,2025-07-06,10220,10215,Olympic,Gold Coast Knights,2,0,2.0,0.0,,,,,,,,,Desconocido
Queensland Premier League,833,Australia,Regular Season - 16,False,2025-07-06,10213,10222,Brisbane Strikers,Redlands United,4,1,3.0,0.0,,,,,,,,,Desconocido
Queensland Premier League,833,Australia,Regular Season - 16,False,2025-07-06,25449,20850,Magic United,Broadbeach United,3,2,3.0,0.0,,,,,,,,,Desconocido
Reserve League,906,Argentina,Final,True,2025-07-06,18702,18697,Vélez Sársfield Res.,San Lorenzo Res.,3,1,0.0,1.0,,,,,,,,,Desconocido
Second League - Group 2,652,Russia,Group 2 - 15,False,2025-07-06,6804,19452,Kolomna,Kosmos Dolgoprudny,1,1,0.0,1.0,,,,,,,,,Desconocido
Second League - Group 2,652,Russia,Group 2 - 15,False,2025-07-06,6827,2005,Saturn Ramenskoye,Zenit 2,1,3,0.0,2.0,,,,,,,,,Desconocido
Second League - Group 2,652,Russia,Group 2 - 15,False,2025-07-06,6830,21539,Torpedo Vladimir,Irkutsk,2,2,1.0,0.0,,,,,,,,,Desconocido
Second League - Group 2,652,Russia,Group 2 - 15,False,2025-07-06,14120,19447,Tver,Dinamo Vologda,1,1,1.0,0.0,,,,,,,,,Desconocido
Second League - Group 2,652,Russia,Group 2 - 15,False,2025-07-06,17724,24450,Yenisey II,Cherepovets,3,2,1.0,0.0,,,,,,,,,Desconocido
Second League - Group 2,652,Russia,Group 2 - 15,False,2025-07-06,6840,2003,Zvezda St. Petersburg,Spartak Moscow 2,3,0,1.0,0.0,,,,,,,,,Desconocido
Second League - Group 3,650,Russia,Group 3 - 15,False,2025-07-06,17720,19451,Arsenal Tula II,FK Spartak Tambov,0,1,0.0,1.0,,,,,,,,,Desconocido
Second League - Group 4,653,Russia,Group 4 - 13,False,2025-07-06,21535,1076,Akron II,Amkar,1,5,1.0,3.0,,,,,,,,,Desconocido
Second League - Group 4,653,Russia,Group 4 - 13,False,2025-07-06,6794,12887,Dinamo Barnaul,Ural II,3,1,2.0,1.0,,,,,,,,,Desconocido
Second League - Group 4,653,Russia,Group 4 - 13,False,2025-07-06,25867,6818,KDV,Nosta,2,2,1.0,1.0,,,,,,,,,Desconocido
Second League - Group 4,653,Russia,Group 4 - 13,False,2025-07-06,14141,21032,Orenburg II,Rubin Kazan 2,0,0,0.0,0.0,,,,,,,,,Desconocido
Second League - Group 4,653,Russia,Group 4 - 13,False,2025-07-06,23320,14140,Sokol Kazan,Krylya Sovetov II,2,3,1.0,0.0,,,,,,,,,Desconocido
Second League - Group 4,653,Russia,Group 4 - 13,False,2025-07-06,14124,16858,Volna Nizhegorodskaya,Khimik Dzerzhinsk,2,3,1.0,0.0,,,,,,,,,Desconocido
Segunda División,282,Peru,Regular Season - 14,False,2025-07-06,22462,10494,Bentín Tacna Heroica,Comerciantes,2,1,1.0,0.0,,,,,,,,,Noé Marcelo Quispe Conga
Segunda División,282,Peru,Regular Season - 14,False,2025-07-06,2568,2549,Deportivo Coopsol,U. San Martin,2,0,1.0,0.0,,,,,,,,,Maykol Farromeque
Segunda División,269,Uruguay,2nd Phase - 9,True,2025-07-06,2370,2376,Deportivo Maldonado,Oriental,3,0,2.0,0.0,,,,,,,,,Bruno Sacarelo
Segunda División,269,Uruguay,2nd Phase - 9,True,2025-07-06,18295,2357,La Luz,Fenix,2,2,1.0,1.0,,,,,,,,,Pablo Silveira
Segunda División,711,Chile,Regular Season - 11,False,2025-07-06,5643,2342,Provincial Osorno,D. Puerto Montt,0,1,0.0,0.0,,,,,,,,,Fernando André Vejar Díaz
Segunda División,282,Peru,Regular Season - 14,False,2025-07-06,4226,2543,Santos,Academia Cantolao,2,0,0.0,0.0,,,,,,,,,Brandon Torrecilla
Segunda División,282,Peru,Regular Season - 14,False,2025-07-06,2552,22489,Union Comercio,UCV Moquegua,1,1,1.0,1.0,,,,,,,,,Wilmer Villanueva
Serie B,72,Brazil,Regular Season - 15,False,2025-07-06,2618,7834,Botafogo SP,Novorizontino,0,0,0.0,0.0,,,,,,,,,"Lucas Canetto Bellote, Brazil"
Serie B,72,Brazil,Regular Season - 15,False,2025-07-06,7826,142,Ferroviária,Vila Nova,1,3,1.0,1.0,,,,,,,,,"Alex Gomes Stefano, Brazil"
Serie C,75,Brazil,Regular Season - 11,False,2025-07-06,7852,2204,Anápolis,AO Itabaiana,1,0,1.0,0.0,,,,,,,,,Leonardo Willers Lorenzatto
Serie C,75,Brazil,Regular Season - 11,False,2025-07-06,1211,137,Brusque,Figueirense,0,2,0.0,1.0,,,,,,,,,Franciel dos Santos Martins
Serie C,75,Brazil,Regular Season - 11,False,2025-07-06,148,138,Londrina,Guarani Campinas,1,1,0.0,0.0,,,,,,,,,Thaillan Azevedo Gomes
Serie C,75,Brazil,Regular Season - 11,False,2025-07-06,1221,7833,Ypiranga-RS,Maringá,0,0,0.0,0.0,,,,,,,,,Ivan da Silva Guimarães Júnior
Serie D,76,Brazil,1st Phase - 11,True,2025-07-06,2233,753,America-RN,Santa Cruz,0,0,0.0,0.0,,,,,,,,,Emerson Ricardo de Almeida Andrade
Serie D,76,Brazil,1st Phase - 11,True,2025-07-06,15103,18362,Barcelona BA,União Carmolandense,4,1,0.0,0.0,,,,,,,,,Osimar Moreira da Silva Júnior
Serie D,76,Brazil,1st Phase - 11,True,2025-07-06,141,10004,Brasil DE Pelotas,São Luiz,0,1,0.0,0.0,,,,,,,,,Murilo Tarrega Victor
Serie D,76,Brazil,1st Phase - 11,True,2025-07-06,2210,2222,Central SC,Santa Cruz RN,1,0,0.0,0.0,,,,,,,,,Jardiel da Rocha Soares
Serie D,76,Brazil,1st Phase - 11,True,2025-07-06,10478,7868,Humaitá,Trem,2,4,1.0,0.0,,,,,,,,,Jenifer Alves de Freitas
Serie D,76,Brazil,1st Phase - 11,True,2025-07-06,21165,2217,Itabirito,Operario Ferroviario,1,1,1.0,1.0,,,,,,,,,Pedro Alves de Oliveira
Serie D,76,Brazil,1st Phase - 11,True,2025-07-06,795,10677,Joinville,Marcílio Dias,1,1,1.0,0.0,,,,,,,,,Vinicius Gomes do Amaral
Serie D,76,Brazil,1st Phase - 11,True,2025-07-06,10002,22822,Lagarto,Penedense,4,0,4.0,0.0,,,,,,,,,Francisco Naydson Albuquerque de Souza
Serie D,76,Brazil,1st Phase - 11,True,2025-07-06,2214,15611,Manaus FC,Tuna Luso,2,1,0.0,1.0,,,,,,,,,Jean Marcel Latorraca Ferreira
Serie D,76,Brazil,1st Phase - 11,True,2025-07-06,13089,1203,Maracanã,Altos,1,3,1.0,3.0,,,,,,,,,Wagner Francisco Silva Souza
Serie D,76,Brazil,1st Phase - 11,True,2025-07-06,7784,15505,Parnahyba,Iguatu,2,0,1.0,0.0,,,,,,,,,Douglas Magno de Melo Pereira
Super League,369,Uzbekistan,Regular Season - 15,False,2025-07-06,4224,4215,Dinamo Samarqand,Nasaf,2,2,2.0,1.0,,,,,,,,,Rustam Lutfullin
Super League,369,Uzbekistan,Regular Season - 15,False,2025-07-06,4220,4216,Pakhtakor,Navbahor,2,0,1.0,0.0,,,,,,,,,Naim Kasymov
Super Liga,394,Moldova,Regular Season - 3,False,2025-07-06,5375,4633,Dacia-Buiucani,Zimbru,0,3,0.0,1.0,,,,,,,,,Desconocido
Super Liga,394,Moldova,Regular Season - 3,False,2025-07-06,5380,14008,Spartanii Selemet,CSF Bălți,0,2,0.0,1.0,,,,,,,,,Desconocido
Torneo Federal A,134,Argentina,Group 3 - 17,False,2025-07-06,21040,21041,9 de Julio Rafaela,El Linqueño,1,1,0.0,1.0,,,,,,,,,Nelson Bejas
Torneo Federal A,134,Argentina,Group 2 - 17,False,2025-07-06,18764,2428,Argentino Monte Maíz,Huracan Las Heras,1,0,0.0,0.0,,,,,,,,,Guillermo Adrián González
Torneo Federal A,134,Argentina,Group 3 - 17,False,2025-07-06,2426,25758,Defensores de Belgrano VR,Gimnasia Chivilcoy,0,1,0.0,0.0,,,,,,,,,Fernando Jesús Rekers
Torneo Federal A,134,Argentina,Group 3 - 17,False,2025-07-06,789,3968,Douglas Haig,Ben Hur,2,2,2.0,2.0,,,,,,,,,Luis Martínez
Torneo Federal A,134,Argentina,Group 3 - 17,False,2025-07-06,3945,1966,Gimnasia Concepción,Sportivo Belgrano,0,0,0.0,0.0,,,,,,,,,Jorge Etem
Torneo Federal A,134,Argentina,Group 2 - 17,False,2025-07-06,11156,21043,Gutiérrez,Atenas,1,2,0.0,1.0,,,,,,,,,José Díaz
Torneo Federal A,134,Argentina,Group 2 - 17,False,2025-07-06,3947,477,Juventud Unida Univ.,Estudiantes S.l.,1,1,0.0,1.0,,,,,,,,,Fernando Marcos
Torneo Federal A,134,Argentina,Group 4 - 17,False,2025-07-06,1935,788,San Martin Formosa,Crucero Del Norte,5,1,2.0,0.0,,,,,,,,,Francisco Martín Acosta
Torneo Federal A,134,Argentina,Group 2 - 17,False,2025-07-06,21042,16612,San Martín Mendoza,Ciudad de Bolívar,1,0,1.0,0.0,,,,,,,,,Rodrigo Héctor Rivero
Torneo Federal A,134,Argentina,Group 4 - 17,False,2025-07-06,23255,465,Sarmiento de La Banda,Atletico DE Rafaela,1,0,0.0,0.0,,,,,,,,,José Sandoval
Torneo Federal A,134,Argentina,Group 1 - 17,False,2025-07-06,1941,475,Sol de Mayo,Santamarina,0,0,0.0,0.0,,,,,,,,,Luciano Julio
Torneo Federal A,134,Argentina,Group 1 - 17,False,2025-07-06,1938,8399,Villa Mitre,Circulo Deportivo,1,0,1.0,0.0,,,,,,,,,Cristian Rubiano
UEFA Championship - Women,743,World,Group Stage - 2,False,2025-07-06,1724,1771,Norway W,Finland W,2,1,1.0,1.0,,,,,,,,,Silvia Gasperotti
UEFA Championship - Women,743,World,Group Stage - 2,False,2025-07-06,1732,1746,Switzerland W,Iceland W,2,0,0.0,0.0,,,,,,,,,Marta Huerta de Aza
USL Championship,255,USA,Regular Season - 19,False,2025-07-06,3990,4005,Charleston Battery,North Carolina,1,0,1.0,0.0,,,,,,,,,Alyssa Nichols
USL League One,489,USA,Regular Season - 10,False,2025-07-06,25486,4108,Portland Hearts of Pine,Tormenta,1,1,1.0,0.0,,,,,,,,,John Rush
USL League Two,256,USA,Eastern Conference - 21,True,2025-07-06,23971,21293,Annapolis Blues,Virginia Marauders,3,1,1.0,1.0,,,,,,,,,Desconocido
USL League Two,256,USA,Central Conference - 17,True,2025-07-06,17019,18890,Buffalo,Cleveland Force,3,1,0.0,0.0,,,,,,,,,Desconocido
USL League Two,256,USA,Eastern Conference - 21,True,2025-07-06,4038,18894,Cedar Stars Rush,FC Motown II,0,2,0.0,2.0,,,,,,,,,Desconocido
USL League Two,256,USA,Western Conference - 18,True,2025-07-06,25937,23107,City SC,AMSG,0,1,0.0,0.0,,,,,,,,,Desconocido
USL League Two,256,USA,Western Conference - 17,True,2025-07-06,18893,18899,Davis Legacy,Marin,1,3,0.0,2.0,,,,,,,,,Desconocido
USL League Two,256,USA,Eastern Conference - 21,True,2025-07-06,4049,4061,Evergreen,Lionsbridge,5,3,2.0,0.0,,,,,,,,,Desconocido
USL League Two,256,USA,Eastern Conference - 21,True,2025-07-06,4068,4075,Ocean City Nor'easters,Reading United,1,2,0.0,0.0,,,,,,,,,Desconocido
USL League Two,256,USA,Western Conference - 17,True,2025-07-06,18904,23124,Oly Town,Tacoma Stars,5,1,3.0,0.0,,,,,,,,,Desconocido
USL League Two,256,USA,Western Conference - 17,True,2025-07-06,4079,21284,San Francisco City,Monterey Bay II,1,1,1.0,0.0,,,,,,,,,Desconocido
USL League Two,256,USA,Central Conference - 17,True,2025-07-06,23227,16690,Steel City,Toledo Villa,2,1,1.0,1.0,,,,,,,,,Desconocido
USL League Two,256,USA,Western Conference - 17,True,2025-07-06,23128,25948,West Seattle Junction,Snohomish United,2,1,0.0,0.0,,,,,,,,,Desconocido
USL League Two,256,USA,Central Conference - 17,True,2025-07-06,4098,4045,West Virginia Alliance,Dayton Dutch Lions,2,1,2.0,0.0,,,,,,,,,Desconocido
Veikkausliiga,244,Finland,Regular Season - 14,False,2025-07-06,2075,587,FF Jaro,Mariehamn,1,1,1.0,0.0,,,,,,,,,"Amir Hajizadeh, Finland"
Veikkausliiga,244,Finland,Regular Season - 14,False,2025-07-06,2080,1164,Haka,Inter Turku,0,1,0.0,1.0,,,,,,,,,"Petri Viljanen, Finland"
Victoria NPL,195,Australia,Regular Season - 21,False,2025-07-06,19705,3810,Preston Lions,Port Melbourne,5,0,2.0,0.0,,,,,,,,,Desconocido
Victoria NPL,195,Australia,Regular Season - 21,False,2025-07-06,9978,3807,St. Albans Saints,Melbourne Knights,4,2,0.0,1.0,,,,,,,,,Desconocido
Virsliga,365,Latvia,Regular season - 22,False,2025-07-06,4138,4159,Grobiņa,Metta / LU,0,1,0.0,0.0,,,,,,,,,Edgars Maļcevs
Virsliga,365,Latvia,Regular season - 22,False,2025-07-06,10124,4149,Riga,BFC Daugavpils,1,1,0.0,1.0,,,,,,,,,Aleksandrs Golubevs
Virsliga,365,Latvia,Regular season - 22,False,2025-07-06,4143,4144,Super Nova,Tukums,1,0,1.0,0.0,,,,,,,,,Vasilijs Mordatenko
WPSL,1116,USA,West - 14,True,2025-07-06,23849,23793,San Francisco Nighthawks,Iron Rose,1,1,1.0,1.0,,,,,,,,,Desconocido
Ykkönen,245,Finland,Regular Season - 13,False,2025-07-06,10667,2074,Atlantis,FC jazz,0,1,0.0,0.0,,,,,,,,,Miika Pesonen
Ykkönen,245,Finland,Regular Season - 13,False,2025-07-06,18758,9203,KuPS Akatemia,PKKU,0,1,0.0,0.0,,,,,,,,,Lassi Siukkola
Ykkönen,245,Finland,Regular Season - 13,False,2025-07-06,9175,9182,MP,EPS,1,1,0.0,1.0,,,,,,,,,Miikka Haapakoski
Úrvalsdeild,164,Iceland,Regular Season - 14,False,2025-07-06,271,272,KR Reykjavik,KA Akureyri,1,2,0.0,0.0,,,,,,,,,Elías Ingi Árnason
1. Deild,165,Iceland,Regular Season - 11,False,2025-07-05,2113,4166,HK Kopavogur,Völsungur,3,1,0.0,1.0,,,,,,,,,Twana Khalid Ahmed
1. Deild,366,Faroe-Islands,Regular Season - 16,False,2025-07-05,4187,4184,ÍF II,AB,1,3,0.0,1.0,,,,,,,,,Desconocido
1. Division,117,Belarus,Regular Season - 15,False,2025-07-05,3384,16656,Belshina,Niva,2,4,2.0,1.0,,,,,,,,,Anton Lashuk
1. Division,117,Belarus,Regular Season - 15,False,2025-07-05,3387,25809,Lida,ABFF U19,2,1,0.0,1.0,,,,,,,,,Olga Blotskaya
1. Division,117,Belarus,Regular Season - 15,False,2025-07-05,3388,18857,Lokomotiv Gomel,Uni Minsk,2,1,1.0,0.0,,,,,,,,,Stanislav Ananyev
1. Division,117,Belarus,Regular Season - 15,False,2025-07-05,3395,3390,Volna,Orsha,5,1,3.0,0.0,,,,,,,,,Denis Tarasyuk
1. Liga,364,Latvia,Regular Season - 12,False,2025-07-05,4139,18935,JDFS Alberts,Augšdaugava,0,0,0.0,0.0,,,,,,,,,Desconocido
1. Liga,364,Latvia,Regular Season - 12,False,2025-07-05,14366,21202,Mārupe,JFK Ventspils,1,2,0.0,1.0,,,,,,,,,Desconocido
1. Liga,364,Latvia,Regular Season - 12,False,2025-07-05,18836,25785,Rīgas FS II,Riga Mariners,1,3,0.0,3.0,,,,,,,,,Desconocido
1. Liga,364,Latvia,Regular Season - 12,False,2025-07-05,16835,18936,Skanste,Ogre United,2,1,1.0,0.0,,,,,,,,,Desconocido
2. Deild,166,Iceland,Regular Season - 11,False,2025-07-05,18366,4173,Fjardabyggd / Leiknir,KFG,5,2,2.0,2.0,,,,,,,,,Desconocido
2. Deild,166,Iceland,Regular Season - 11,False,2025-07-05,6093,6087,Kormákur / Hvöt,Höttur / Huginn,0,3,0.0,2.0,,,,,,,,,Desconocido
2. Deild,166,Iceland,Regular Season - 11,False,2025-07-05,828,4172,Vikingur Olafsiik,Dalvík / Reynir,0,3,0.0,1.0,,,,,,,,,Desconocido
2. Division - Group 1,473,Norway,Group 1 - 13,False,2025-07-05,2161,6982,Notodden,Flekkerøy,1,0,0.0,0.0,,,,,,,,,Herman Leiulfsrud Aass
2. Division - Group 1,473,Norway,Group 1 - 13,False,2025-07-05,7020,2155,Pors Grenland,Arendal,1,0,0.0,0.0,,,,,,,,,Jonas Weiberg Sture
2. Division - Group 1,473,Norway,Group 1 - 13,False,2025-07-05,7028,2146,Sotra,Sandnes ULF,1,2,0.0,1.0,,,,,,,,,Jørgen Haga
2. Division - Group 1,473,Norway,Group 1 - 13,False,2025-07-05,7043,7007,Vard,Lysekloster,4,4,3.0,0.0,,,,,,,,,Amir Ajjour
3. Division - Girone 1,774,Norway,Group 1 - 13,False,2025-07-05,6984,18924,Fløya,Gamle Oslo,4,3,0.0,0.0,,,,,,,,,Desconocido
3. Division - Girone 1,774,Norway,Group 1 - 13,False,2025-07-05,6987,25497,Frigg,Alta II,5,2,3.0,1.0,,,,,,,,,Desconocido
3. Division - Girone 1,774,Norway,Group 1 - 13,False,2025-07-05,7024,21420,Skjervøy,KFUM II,4,2,3.0,1.0,,,,,,,,,Desconocido
3. Division - Girone 2,775,Norway,Group 2 - 13,False,2025-07-05,6973,7014,Byåsen,Nardo,2,1,0.0,1.0,,,,,,,,,Desconocido
3. Division - Girone 2,775,Norway,Group 2 - 13,False,2025-07-05,16223,16222,Melhus,Aalesund II,5,0,3.0,0.0,,,,,,,,,Desconocido
3. Division - Girone 2,775,Norway,Group 2 - 13,False,2025-07-05,7030,16224,Spjelkavik,Ranheim II,2,2,1.0,1.0,,,,,,,,,Desconocido
3. Division - Girone 2,775,Norway,Group 2 - 13,False,2025-07-05,18931,25498,Surnadal,Kvik Trondheim,2,2,1.0,0.0,,,,,,,,,Desconocido
3. Division - Girone 2,775,Norway,Group 2 - 13,False,2025-07-05,16226,7037,Volda,Tiller,9,2,5.0,1.0,,,,,,,,,Desconocido
3. Division - Girone 3,776,Norway,Group 3 - 13,False,2025-07-05,2156,22868,Elverum,Bjørkelangen,5,0,2.0,0.0,,,,,,,,,Desconocido
3. Division - Girone 3,776,Norway,Group 3 - 13,False,2025-07-05,6992,16206,Gjøvik-Lyn,Kongsvinger II,5,0,1.0,0.0,,,,,,,,,Desconocido
3. Division - Girone 3,776,Norway,Group 3 - 13,False,2025-07-05,16207,7051,Lillestrøm II,Åssiden IF,4,3,2.0,3.0,,,,,,,,,Desconocido
3. Division - Girone 3,776,Norway,Group 3 - 13,False,2025-07-05,7015,16210,Nordstrand,Ullensaker / Kisa II,10,1,4.0,1.0,,,,,,,,,Desconocido
3. Division - Girone 3,776,Norway,Group 3 - 13,False,2025-07-05,7025,7008,Skjetten,Lørenskog,2,1,0.0,0.0,,,,,,,,,Desconocido
A Lyga,362,Lithuania,Regular Season - 19,False,2025-07-05,638,3872,FK Trakai,Kauno Žalgiris,1,5,0.0,3.0,,,,,,,,,Robertas Šmitas
A Lyga,362,Lithuania,Regular Season - 19,False,2025-07-05,3861,3870,Hegelmann Litauen,Šiauliai,5,2,1.0,1.0,,,,,,,,,Kęstutis Bartuškevičius
Africa Cup of Nations - Women,922,World,Group Stage - 1,False,2025-07-05,14461,15584,Morocco W,Zambia W,2,2,1.0,2.0,,,,,,,,,Shamirah Nabadda
Alagoano U20,1110,Brazil,2nd Phase - 1,True,2025-07-05,12989,12963,CRB U20,Jaciobá U20,3,1,1.0,0.0,,,,,,,,,Desconocido
Alagoano U20,1110,Brazil,2nd Phase - 1,True,2025-07-05,12990,23695,CSA U20,Guarani Paripueira U20,2,2,1.0,0.0,,,,,,,,,Desconocido
All-Island Cup - Women,1013,World,Quarter-Finals,True,2025-07-05,21491,21492,Galway United W,Shamrock Rovers W,3,1,2.0,0.0,,,,,,,,,Desconocido
All-Island Cup - Women,1013,World,Quarter-Finals,True,2025-07-05,16840,21485,Glentoran BU W,Bohemians WFC W,1,3,1.0,2.0,,,,,,,,,Desconocido
All-Island Cup - Women,1013,World,Quarter-Finals,True,2025-07-05,19837,21494,Shelbourne W,Treaty Utd W,6,0,3.0,0.0,,,,,,,,,Desconocido
Allsvenskan,113,Sweden,Regular Season - 14,False,2025-07-05,2170,375,Gais,Malmo FF,0,0,0.0,0.0,,,,,,,,,"Victor Wolf, Sweden"
Allsvenskan,113,Sweden,Regular Season - 14,False,2025-07-05,363,2163,Hammarby FF,IFK Varnamo,1,0,0.0,0.0,,,,,,,,,"Fredrik Klitte, Sweden"
Allsvenskan,113,Sweden,Regular Season - 14,False,2025-07-05,2174,2240,Osters IF,Mjallby AIF,0,1,0.0,0.0,,,,,,,,,"Richard Sundell, Sweden"
Asian Cup Women - Qualification,894,World,Qualifying Round - 3,True,2025-07-05,17885,21023,Bangladesh W,Turkmenistan W,7,0,7.0,0.0,,,,,,,,,Desconocido
Asian Cup Women - Qualification,894,World,Qualifying Round - 3,True,2025-07-05,26046,20453,Cambodia W,Saudi Arabia W,2,1,0.0,0.0,,,,,,,,,Desconocido
Asian Cup Women - Qualification,894,World,Qualifying Round - 3,True,2025-07-05,17886,17887,Chinese Taipei W,Indonesia W,2,1,1.0,0.0,,,,,,,,,Desconocido
Asian Cup Women - Qualification,894,World,Qualifying Round - 3,True,2025-07-05,21343,18268,Korea DPR W,Malaysia W,6,0,2.0,0.0,,,,,,,,,Desconocido
Asian Cup Women - Qualification,894,World,Qualifying Round - 3,True,2025-07-05,21019,20806,Kyrgyz Republic W,Pakistan W,1,2,0.0,2.0,,,,,,,,,Desconocido
Asian Cup Women - Qualification,894,World,Qualifying Round - 3,True,2025-07-05,18267,21021,Laos W,Sri Lanka W,2,0,0.0,0.0,,,,,,,,,Desconocido
Asian Cup Women - Qualification,894,World,Qualifying Round - 3,True,2025-07-05,14462,18258,Myanmar W,Bahrain W,6,0,3.0,0.0,,,,,,,,,Desconocido
Asian Cup Women - Qualification,894,World,Qualifying Round - 3,True,2025-07-05,17891,17894,Palestine W,Tajikistan W,3,0,0.0,0.0,,,,,,,,,Desconocido
Asian Cup Women - Qualification,894,World,Qualifying Round - 3,True,2025-07-05,17892,17896,Philippines W,Hong Kong W,1,0,1.0,0.0,,,,,,,,,Desconocido
Asian Cup Women - Qualification,894,World,Qualifying Round - 5,True,2025-07-05,1735,16931,Thailand W,India W,1,2,0.0,1.0,,,,,,,,,Desconocido
Asian Cup Women - Qualification,894,World,Qualifying Round - 5,True,2025-07-05,21022,17889,Timor-Leste W,Mongolia W,3,1,1.0,1.0,,,,,,,,,Desconocido
Asian Cup Women - Qualification,894,World,Qualifying Round - 3,True,2025-07-05,17884,17888,UAE W,Maldives W,5,0,2.0,0.0,,,,,,,,,Desconocido
Asian Cup Women - Qualification,894,World,Qualifying Round - 3,True,2025-07-05,16945,17890,Uzbekistan W,Nepal W,3,3,3.0,1.0,,,,,,,,,Desconocido
Asian Cup Women - Qualification,894,World,Qualifying Round - 3,True,2025-07-05,17895,18266,Vietnam W,Guam W,4,0,3.0,0.0,,,,,,,,,Desconocido
Baiano - 2,613,Brazil,Semi-finals,True,2025-07-05,1200,7822,Fluminense De Feira,Bahia de Feira,1,1,0.0,1.0,,,,,,,,,Desconocido
Baiano U20,1073,Brazil,Round of 16,True,2025-07-05,23282,12954,Jequie U20,Bahia U20,1,1,0.0,0.0,,,,,,,,,Desconocido
Baiano U20,1073,Brazil,Round of 16,True,2025-07-05,25815,23274,Porto BA U20,Atlético Alagoinhas U20,1,0,,,,,,,,,,,Desconocido
Baiano U20,1073,Brazil,Round of 16,True,2025-07-05,23284,23276,SSA U20,Barcelona BA U20,0,1,0.0,0.0,,,,,,,,,Desconocido
Baiano U20,1073,Brazil,Round of 16,True,2025-07-05,23285,13072,Ypiranga BA U20,Vitória U20,2,0,1.0,0.0,,,,,,,,,Desconocido
Brasiliense U20,1100,Brazil,1st Phase - 9,True,2025-07-05,23610,25931,CFZ Brasilia U20,Riacho City U20,3,1,2.0,1.0,,,,,,,,,Desconocido
Brasiliense U20,1100,Brazil,1st Phase - 9,True,2025-07-05,12991,13000,Canaã U20,Cruzeiro U20,8,1,,,,,,,,,,,Desconocido
Brasiliense U20,1100,Brazil,1st Phase - 9,True,2025-07-05,12992,23612,Capital TO U20,Grêmio Valparaíso U20,7,0,4.0,0.0,,,,,,,,,Desconocido
Brasiliense U20,1100,Brazil,1st Phase - 9,True,2025-07-05,20752,23609,Ceilândia U20,Brasiliense U20,0,9,0.0,1.0,,,,,,,,,Desconocido
Brasiliense U20,1100,Brazil,1st Phase - 9,True,2025-07-05,23613,23614,Legiao U20,Luziânia U20,4,2,,,,,,,,,,,Desconocido
Brasiliense U20,1100,Brazil,1st Phase - 9,True,2025-07-05,16737,18346,Planaltina DF U20,Real Brasília U20,0,1,,,,,,,,,,,Desconocido
Brasiliense U20,1100,Brazil,1st Phase - 9,True,2025-07-05,16472,25933,Planaltina U20,Sobradinho U20,0,15,,,,,,,,,,,Desconocido
Brasiliense U20,1100,Brazil,1st Phase - 9,True,2025-07-05,23616,23615,Samambaia U20,Paranoa U20,2,1,0.0,0.0,,,,,,,,,Desconocido
Brisbane Premier League,191,Australia,Regular Season - 20,False,2025-07-05,3754,3757,Bayside United,Centenary Stormers,2,3,2.0,1.0,,,,,,,,,Desconocido
Brisbane Premier League,191,Australia,Regular Season - 20,False,2025-07-05,25450,20821,Carina,North Brisbane,4,0,2.0,0.0,,,,,,,,,Desconocido
Brisbane Premier League,191,Australia,Regular Season - 20,False,2025-07-05,3763,3759,Univ. Queensland,North Pine,3,3,3.0,1.0,,,,,,,,,Desconocido
COSAFA U20 Championship,771,World,Group Stage - 1,False,2025-07-05,11028,11020,Eswatini U20,Botswana U20,1,3,,,,,,,,,,,Desconocido
COSAFA U20 Championship,771,World,Group Stage - 1,False,2025-07-05,10303,10316,South Africa U20,Zambia U20,3,3,,,,,,,,,,,Desconocido
Calcutta Premier Division,1020,India,Regular Season - 3,False,2025-07-05,21601,21612,Diamond Harbour,Wari,1,0,0.0,0.0,,,,,,,,,Desconocido
Calcutta Premier Division,1020,India,Regular Season - 3,False,2025-07-05,21606,22001,Kidderpore,Aryan,2,0,1.0,0.0,,,,,,,,,Desconocido
Calcutta Premier Division,1020,India,Regular Season - 3,False,2025-07-05,21215,26118,Rainbow,United Kolkata,0,1,0.0,1.0,,,,,,,,,Desconocido
Calcutta Premier Division,1020,India,Regular Season - 3,False,2025-07-05,21610,15749,Southern Samity,Bhawanipore,0,2,0.0,1.0,,,,,,,,,Desconocido
Calcutta Premier Division,1020,India,Regular Season - 3,False,2025-07-05,8241,21608,United,Peerless,1,1,0.0,1.0,,,,,,,,,Desconocido
Canadian Premier League,479,Canada,Regular Season - 14,False,2025-07-05,3830,20881,Forge,Vancouver FC,2,1,1.0,0.0,,,,,,,,,Yusri Rudolf
Capital Territory NPL,189,Australia,Regular Season - 12,False,2025-07-05,1453,23519,Monaro Panthers,Queanbeyan City,1,2,0.0,1.0,,,,,,,,,Desconocido
Capital Territory NPL,189,Australia,Regular Season - 12,False,2025-07-05,18419,1447,O'Connor Knights,Tuggeranong United,2,3,1.0,1.0,,,,,,,,,Desconocido
Capital Territory NPL 2,1092,Australia,Regular Season - 12,False,2025-07-05,23517,23515,Canberra Juventus,ANU,2,2,1.0,2.0,,,,,,,,,Desconocido
Capital Territory NPL 2,1092,Australia,Regular Season - 12,False,2025-07-05,1454,23516,Woden Vellet,Brindabella,3,3,0.0,1.0,,,,,,,,,Desconocido
Carioca A2,851,Brazil,1st Phase - 10,True,2025-07-05,2203,13107,Americano Campos,Audax Rio,3,1,0.0,0.0,,,,,,,,,Desconocido
Carioca A2,851,Brazil,1st Phase - 10,True,2025-07-05,4857,7854,Resende,Bangu,0,2,0.0,1.0,,,,,,,,,Desconocido
Carioca A2,851,Brazil,1st Phase - 10,True,2025-07-05,13118,23262,São Gonçalo EC RJ,Petrópolis,1,1,1.0,0.0,,,,,,,,,Desconocido
Catarinense - 2,936,Brazil,Regular Season - 6,False,2025-07-05,19635,12912,Blumenau,Juventus SC,1,0,0.0,0.0,,,,,,,,,Desconocido
Catarinense - 2,936,Brazil,Regular Season - 6,False,2025-07-05,18272,25115,Camboriú,FC Porto,3,1,0.0,1.0,,,,,,,,,Desconocido
Catarinense U20,1076,Brazil,1st Phase - 14,True,2025-07-05,23321,12953,Barra SC U20,Avaí U20,2,2,0.0,1.0,,,,,,,,,Desconocido
Cearense - 3,1124,Brazil,1st Phase - 2,True,2025-07-05,26142,7857,Vila Real,Guarany de Sobral,1,1,,,,,,,,,,,Desconocido
Chatham Cup,1127,New-Zealand,4th Round,True,2025-07-05,20650,20658,Birkenhead United,Waiheke United,7,0,3.0,0.0,,,,,,,,,Desconocido
Chatham Cup,1127,New-Zealand,4th Round,True,2025-07-05,20642,20646,Napier City Rovers,Wellington Olympic,2,3,2.0,2.0,,,,,,,,,Desconocido
Copa Argentina,130,Argentina,Round of 32,True,2025-07-05,460,480,San Lorenzo,Quilmes,0,0,0.0,0.0,,,,,,,,,Luis Lobo Medina
Copa Espírito Santo,1097,Brazil,Quarter-finals,True,2025-07-05,12929,7856,Rio Branco-VN,Desportiva ES,0,0,0.0,0.0,,,,,,,,,Desconocido
Copa Paulista,742,Brazil,1st Round - 4,True,2025-07-05,20713,23569,Grêmio Prudente,AEA,2,1,1.0,0.0,,,,,,,,,Salim Fende Chavez
Copa Paulista,742,Brazil,1st Round - 4,True,2025-07-05,10037,7846,Noroeste,Linense,1,0,0.0,0.0,,,,,,,,,João Vitor Gobi
Copa Paulista,742,Brazil,1st Round - 4,True,2025-07-05,22951,10038,Rio Branco SP,Paulista,0,0,0.0,0.0,,,,,,,,,Gustavo Holanda Souza
Copa Paulista,742,Brazil,1st Round - 4,True,2025-07-05,10003,7786,Santo André,São Caetano,0,2,0.0,1.0,,,,,,,,,Rodrigo Fernandes Junior
Copa Paulista,742,Brazil,1st Round - 4,True,2025-07-05,156,16059,Sao Bento,Guarani B,0,0,0.0,0.0,,,,,,,,,Fagson Júnior dos Santos Silva
Copa Paulista,742,Brazil,1st Round - 4,True,2025-07-05,22852,22946,União São João,Francana,3,1,0.0,1.0,,,,,,,,,Rafael Gomes Felix da Silva
Coupe Nationale,514,Algeria,Final,True,2025-07-05,910,904,USM Alger,CR Belouizdad,2,0,2.0,0.0,,,,,,,,,Yahia Dehar
Division Intermedia,251,Paraguay,Regular Season - 16,False,2025-07-05,2130,1177,Fernando De La Mora,SOL DE America,2,2,2.0,0.0,,,,,,,,,Blas Javier Medina Acosta
Division Intermedia,251,Paraguay,Regular Season - 16,False,2025-07-05,25590,2135,Guaraní de Fram,Resistencia,1,2,0.0,1.0,,,,,,,,,Oscar Barrios
Division Profesional - Clausura,252,Paraguay,Clausura - 1,True,2025-07-05,1176,1181,Cerro Porteno,General Caballero,3,1,2.0,0.0,,,,,,,,,"Mario Diaz De Vivar, Paraguay"
Division Profesional - Clausura,252,Paraguay,Clausura - 1,True,2025-07-05,1179,1183,Libertad Asuncion,Sportivo Luqueno,0,1,0.0,1.0,,,,,,,,,"Derlis Benitez, Paraguay"
Elite One,411,Cameroon,Regular Season - 30,False,2025-07-05,20799,20800,Aigle Royal de Moungo,Victoria United,1,1,1.0,0.0,,,,,,,,,Desconocido
Elite One,411,Cameroon,Regular Season - 30,False,2025-07-05,26906,15566,Fauve Azur Elite,Gazelle,1,2,0.0,1.0,,,,,,,,,Desconocido
Elite One,411,Cameroon,Regular Season - 30,False,2025-07-05,5405,16524,Fortuna Mfou,Dynamo de Douala,3,3,0.0,2.0,,,,,,,,,Desconocido
Elite One,411,Cameroon,Regular Season - 30,False,2025-07-05,5407,5557,Les Astres,Bamboutos,0,1,0.0,0.0,,,,,,,,,Desconocido
Eliteserien,103,Norway,Regular Season - 12,False,2025-07-05,2159,319,Ham-Kam,Brann,1,1,1.0,0.0,,,,,,,,,"Marius Grotta, Norway"
Eliteserien,103,Norway,Regular Season - 12,False,2025-07-05,320,327,Kristiansund BK,Bodo/Glimt,1,1,0.0,1.0,,,,,,,,,"Sigurd Smehus Kringstad, Norway"
Eliteserien,103,Norway,Regular Season - 12,False,2025-07-05,325,329,Tromso,Molde,1,0,0.0,0.0,,,,,,,,,"Rohit Saggi, Norway"
Eliteserien,103,Norway,Regular Season - 12,False,2025-07-05,326,2149,Valerenga,Fredrikstad,1,1,1.0,1.0,,,,,,,,,"Daniel Higraff, Norway"
Eliteserien,103,Norway,Regular Season - 12,False,2025-07-05,759,324,Viking,Stromsgodset,1,0,1.0,0.0,,,,,,,,,"Sivert Amland, Norway"
Esiliiga A,328,Estonia,Regular Season - 18,False,2025-07-05,3516,3522,Elva,Tallinna Kalev II,5,3,2.0,0.0,,,,,,,,,Andree Porila
Esiliiga A,328,Estonia,Regular Season - 18,False,2025-07-05,14287,3524,FC Tallinn,Tartu Welco,1,5,1.0,2.0,,,,,,,,,Jagnar Jakobson
Esiliiga A,328,Estonia,Regular Season - 18,False,2025-07-05,3517,10168,FCI Levadia II,Luunja,7,0,4.0,0.0,,,,,,,,,Oliver Väät
Esiliiga A,328,Estonia,Regular Season - 18,False,2025-07-05,3518,14340,Flora II,Viimsi,0,0,0.0,0.0,,,,,,,,,Grigori Ošomkov
Esiliiga B,1126,Estonia,Regular Season - 18,False,2025-07-05,14309,3527,Läänemaa Haapsalu,Maardu,0,6,0.0,1.0,,,,,,,,,Desconocido
Esiliiga B,1126,Estonia,Regular Season - 18,False,2025-07-05,25755,16718,Nõmme United II,JK Tabasalu,5,2,4.0,0.0,,,,,,,,,Desconocido
Esiliiga B,1126,Estonia,Regular Season - 18,False,2025-07-05,16962,13152,Tartu Kalev,Legion,0,1,0.0,0.0,,,,,,,,,Desconocido
FIFA Club World Cup,15,World,Quarter-finals,True,2025-07-05,85,157,Paris Saint Germain,Bayern München,2,0,0.0,0.0,,,,,,,,,Anthony Taylor
FIFA Club World Cup,15,World,Quarter-finals,True,2025-07-05,541,165,Real Madrid,Borussia Dortmund,3,2,2.0,0.0,,,,,,,,,Ramon Abatti
Friendlies Clubs,667,World,Club Friendlies 3,True,2025-07-05,344,3482,Arka Gdynia,Chojniczanka Chojnice,2,0,1.0,0.0,,,,,,,,,Desconocido
Friendlies Clubs,667,World,Club Friendlies 3,True,2025-07-05,4701,1337,Brackley Town,Northampton,0,0,0.0,0.0,,,,,,,,,Desconocido
Friendlies Clubs,667,World,Club Friendlies 3,True,2025-07-05,8651,1841,Bradford (Park Avenue),FC Halifax Town,1,1,1.0,0.0,,,,,,,,,Desconocido
Friendlies Clubs,667,World,Club Friendlies 3,True,2025-07-05,7218,1370,Cambridge City,Cambridge United,1,3,1.0,1.0,,,,,,,,,Desconocido
Friendlies Clubs,667,World,Club Friendlies 1,True,2025-07-05,420,209,Cambuur,Feyenoord,1,4,0.0,3.0,,,,,,,,,Joey Kooij
Friendlies Clubs,667,World,Club Friendlies 3,True,2025-07-05,1328,1643,Chemnitzer FC,Germania Halberstadt,5,0,2.0,0.0,,,,,,,,,Desconocido
Friendlies Clubs,667,World,Club Friendlies 3,True,2025-07-05,7631,1365,Cleethorpes Town,Grimsby,0,1,0.0,0.0,,,,,,,,,Desconocido
Friendlies Clubs,667,World,Club Friendlies 3,True,2025-07-05,409,426,Dordrecht,Sparta Rotterdam,1,7,0.0,1.0,,,,,,,,,Desconocido
Friendlies Clubs,667,World,Club Friendlies 3,True,2025-07-05,8778,1377,Exmouth,Yeovil Town,0,1,0.0,1.0,,,,,,,,,Desconocido
Friendlies Clubs,667,World,Club Friendlies 3,True,2025-07-05,1394,560,FC BW Linz,Slavia Praha,0,1,0.0,0.0,,,,,,,,,Desconocido
Friendlies Clubs,667,World,Club Friendlies 3,True,2025-07-05,12764,174,FC Bocholt,FC Schalke 04,2,3,0.0,1.0,,,,,,,,,Desconocido
Friendlies Clubs,667,World,Club Friendlies 3,True,2025-07-05,423,203,FC OSS,NAC Breda,2,2,0.0,0.0,,,,,,,,,Desconocido
Friendlies Clubs,667,World,Club Friendlies 3,True,2025-07-05,1329,1635,FC Rot-Weiß Erfurt,FC Schweinfurt 05,2,1,2.0,1.0,,,,,,,,,Desconocido
Friendlies Clubs,667,World,Club Friendlies 3,True,2025-07-05,1332,9369,FSV Frankfurt,Fortuna Düsseldorf II,1,3,0.0,3.0,,,,,,,,,Desconocido
Friendlies Clubs,667,World,Club Friendlies 3,True,2025-07-05,6768,6767,Formartine United,Elgin City,1,3,1.0,2.0,,,,,,,,,Desconocido
Friendlies Clubs,667,World,Club Friendlies 3,True,2025-07-05,6769,6777,Fraserburgh,Peterhead,1,0,0.0,0.0,,,,,,,,,Desconocido
Friendlies Clubs,667,World,Club Friendlies 3,True,2025-07-05,9363,10591,Freiburg II,Zürich II,6,3,3.0,0.0,,,,,,,,,Desconocido
Friendlies Clubs,667,World,Club Friendlies 3,True,2025-07-05,3484,6957,GKS Katowice,Stal Rzeszów,3,0,2.0,0.0,,,,,,,,,Desconocido
Friendlies Clubs,667,World,Club Friendlies 3,True,2025-07-05,2275,190,Glenavon FC,Erzgebirge Aue,0,2,0.0,2.0,,,,,,,,,Desconocido
Friendlies Clubs,667,World,Club Friendlies 3,True,2025-07-05,16118,1321,Greifswalder FC,Hansa Rostock,2,3,1.0,2.0,,,,,,,,,Desconocido
Friendlies Clubs,667,World,Club Friendlies 3,True,2025-07-05,8660,1369,Hemel Hempstead Town,Barnet,2,2,1.0,2.0,,,,,,,,,Desconocido
Friendlies Clubs,667,World,Club Friendlies 3,True,2025-07-05,16100,12735,Hünfelder SV,Barockstadt Fulda-Lehn.,1,2,0.0,0.0,,,,,,,,,Desconocido
Friendlies Clubs,667,World,Club Friendlies 3,True,2025-07-05,6219,6215,K. Lierse S.K.,Dender,1,5,0.0,2.0,,,,,,,,,Desconocido
Friendlies Clubs,667,World,Club Friendlies 3,True,2025-07-05,261,735,KVC Westerlo,St. Truiden,1,3,0.0,1.0,,,,,,,,,Desconocido
Friendlies Clubs,667,World,Club Friendlies 3,True,2025-07-05,785,2177,Karlsruher SC,FC Aarau,2,1,1.0,1.0,,,,,,,,,Desconocido
Friendlies Clubs,667,World,Club Friendlies 3,True,2025-07-05,7651,1363,Kidsgrove Athletic,Crewe,0,6,0.0,3.0,,,,,,,,,Desconocido
Friendlies Clubs,667,World,Club Friendlies 3,True,2025-07-05,347,3713,Lech Poznan,Baník Ostrava,1,2,1.0,2.0,,,,,,,,,Desconocido
Friendlies Clubs,667,World,Club Friendlies 3,True,2025-07-05,858,1430,Lokomotiv Plovdiv,Arda Kardzhali,2,2,1.0,1.0,,,,,,,,,Desconocido
Friendlies Clubs,667,World,Club Friendlies 3,True,2025-07-05,7731,1345,Matlock Town,Chesterfield,2,1,0.0,0.0,,,,,,,,,Desconocido
Friendlies Clubs,667,World,Club Friendlies 3,True,2025-07-05,14562,343,Motor Lublin,Lechia Gdansk,5,3,4.0,3.0,,,,,,,,,Desconocido
Friendlies Clubs,667,World,Club Friendlies 3,True,2025-07-05,9332,1325,Nürnberg II,FC Carl Zeiss Jena,0,1,0.0,1.0,,,,,,,,,Desconocido
Friendlies Clubs,667,World,Club Friendlies 3,True,2025-07-05,3488,345,Odra Opole,Zaglebie Lubin,1,2,0.0,1.0,,,,,,,,,Desconocido
Friendlies Clubs,667,World,Club Friendlies 3,True,2025-07-05,3920,416,Purmersteijn,FC Volendam,1,7,1.0,1.0,,,,,,,,,Desconocido
Friendlies Clubs,667,World,Club Friendlies 3,True,2025-07-05,3490,17115,Puszcza Niepołomice,Wieczysta Kraków,0,5,0.0,3.0,,,,,,,,,Desconocido
Friendlies Clubs,667,World,Club Friendlies 3,True,2025-07-05,10540,3717,Púchov,Opava,1,4,0.0,2.0,,,,,,,,,Desconocido
Friendlies Clubs,667,World,Club Friendlies 3,True,2025-07-05,4248,3402,Radomiak Radom,Omonia Nicosia,2,1,1.0,1.0,,,,,,,,,Desconocido
Friendlies Clubs,667,World,Club Friendlies 3,True,2025-07-05,3491,3548,Raków Częstochowa,Podbrezová,4,1,2.0,1.0,,,,,,,,,Desconocido
Friendlies Clubs,667,World,Club Friendlies 3,True,2025-07-05,1028,183,Ried,Dynamo Dresden,1,3,0.0,1.0,,,,,,,,,Desconocido
Friendlies Clubs,667,World,Club Friendlies 3,True,2025-07-05,1621,14523,Rot-Weiß Essen,SW Essen,5,1,,,,,,,,,,,Desconocido
Friendlies Clubs,667,World,Club Friendlies 3,True,2025-07-05,6785,697,Stranraer,Crusaders FC,1,2,1.0,2.0,,,,,,,,,Desconocido
Friendlies Clubs,667,World,Club Friendlies 3,True,2025-07-05,7751,1353,Swindon Supermarine,Swindon Town,0,4,0.0,2.0,,,,,,,,,Desconocido
Friendlies Clubs,667,World,Club Friendlies 3,True,2025-07-05,3495,3733,Tychy 71,Zbrojovka Brno,2,8,0.0,3.0,,,,,,,,,Desconocido
Friendlies Clubs,667,World,Club Friendlies 3,True,2025-07-05,1284,422,UNA,FC Eindhoven,1,2,0.0,2.0,,,,,,,,,Desconocido
Friendlies Clubs,667,World,Club Friendlies 3,True,2025-07-05,7760,1844,Witton Albion,Salford City,2,3,2.0,1.0,,,,,,,,,Desconocido
Friendlies Clubs,667,World,Club Friendlies 3,True,2025-07-05,9010,1372,Worcester City,Cheltenham,2,0,1.0,0.0,,,,,,,,,Desconocido
Friendlies Women,666,World,Friendlies,True,2025-07-05,1722,1781,Australia W,Panama W,0,1,0.0,0.0,,,,,,,,,Anna-Marie Keighley
Gaúcho - 2,478,Brazil,1st Phase - 10,True,2025-07-05,10149,25079,Real,Gramadense,0,1,0.0,0.0,,,,,,,,,Desconocido
Goiano - 2,1030,Brazil,Regular Season - 9,False,2025-07-05,7820,13127,Anapolina,Grêmio Anápolis,2,0,0.0,0.0,,,,,,,,,Desconocido
Goiano - 2,1030,Brazil,Regular Season - 9,False,2025-07-05,22097,18297,Centro Oeste,Morrinhos,0,0,0.0,0.0,,,,,,,,,Desconocido
J1 League,98,Japan,Regular Season - 23,False,2025-07-05,291,293,Cerezo Osaka,Gamba Osaka,0,1,0.0,0.0,,,,,,,,,"Ryo Tanimoto, Japan"
J1 League,98,Japan,Regular Season - 23,False,2025-07-05,310,282,Fagiano Okayama,Sanfrecce Hiroshima,0,1,0.0,0.0,,,,,,,,,"Hayato Shimizu, Japan"
J1 League,98,Japan,Regular Season - 23,False,2025-07-05,281,292,Kashiwa Reysol,FC Tokyo,1,0,0.0,0.0,,,,,,,,,"Koki Nagamine, Japan"
J1 League,98,Japan,Regular Season - 23,False,2025-07-05,294,290,Kawasaki Frontale,Kashima,2,1,1.0,1.0,,,,,,,,,"Yusuke Araki, Japan"
J1 League,98,Japan,Regular Season - 23,False,2025-07-05,302,311,Kyoto Sanga,Albirex Niigata,2,1,2.0,1.0,,,,,,,,,"Keigo Sendachi, Japan"
J1 League,98,Japan,Regular Season - 23,False,2025-07-05,303,283,Machida Zelvia,Shimizu S-pulse,3,0,1.0,0.0,,,,,,,,,"Takuto Okabe, Japan"
J1 League,98,Japan,Regular Season - 23,False,2025-07-05,288,306,Nagoya Grampus,Tokyo Verdy,0,0,0.0,0.0,,,,,,,,,"Koji Takasaki, Japan"
J1 League,98,Japan,Regular Season - 23,False,2025-07-05,289,284,Vissel Kobe,Shonan Bellmare,4,0,1.0,0.0,,,,,,,,,"Jumpei Iida, Japan"
J1 League,98,Japan,Regular Season - 23,False,2025-07-05,307,296,Yokohama FC,Yokohama F. Marinos,0,1,0.0,0.0,,,,,,,,,"Hiroki Kasahara, Japan"
J2 League,99,Japan,Regular Season - 22,False,2025-07-05,4315,305,Blaublitz Akita,Mito Hollyhock,0,2,0.0,1.0,,,,,,,,,Yusuke Ohashi
J2 League,99,Japan,Regular Season - 22,False,2025-07-05,279,309,Consadole Sapporo,Renofa Yamaguchi,1,0,1.0,0.0,,,,,,,,,Yudai Yamamoto
J2 League,99,Japan,Regular Season - 22,False,2025-07-05,10075,308,Imabari,Ventforet Kofu,2,4,2.0,0.0,,,,,,,,,Yoshikazu Matsuzawa
J2 League,99,Japan,Regular Season - 22,False,2025-07-05,301,295,JEF United Chiba,Sagan Tosu,0,2,0.0,1.0,,,,,,,,,Yoshiro Imamura
J2 League,99,Japan,Regular Season - 22,False,2025-07-05,313,7127,Omiya Ardija,Iwaki,1,2,1.0,0.0,,,,,,,,,Daichi Shiino
J2 League,99,Japan,Regular Season - 22,False,2025-07-05,299,4317,Tokushima Vortis,Fujieda MYFC,0,2,0.0,1.0,,,,,,,,,Kazuyoshi Enomoto
J2 League,99,Japan,Regular Season - 22,False,2025-07-05,285,298,V-varen Nagasaki,Oita Trinita,1,0,0.0,0.0,,,,,,,,,Reo Tanaka
J2 League,99,Japan,Regular Season - 22,False,2025-07-05,286,4322,Vegalta Sendai,Kataller Toyama,0,1,0.0,1.0,,,,,,,,,Naoto Uehara
J3 League,100,Japan,Regular Season - 19,False,2025-07-05,4314,7129,Azul Claro Numazu,Kochi United,4,0,1.0,0.0,,,,,,,,,Hirokazu Otsubo
J3 League,100,Japan,Regular Season - 19,False,2025-07-05,4319,317,Gainare Tottori,Kamatamare Sanuki,1,0,0.0,0.0,,,,,,,,,Yuki Tanabe
J3 League,100,Japan,Regular Season - 19,False,2025-07-05,2236,315,Kagoshima United,Tochigi SC,1,0,1.0,0.0,,,,,,,,,Shingo Kuniyoshi
J3 League,100,Japan,Regular Season - 19,False,2025-07-05,300,4318,Kanazawa,Fukushima United,2,1,1.0,0.0,,,,,,,,,Masashi Harada
J3 League,100,Japan,Regular Season - 19,False,2025-07-05,304,756,Matsumoto Yamaga,Thespakusatsu Gunma,1,3,0.0,2.0,,,,,,,,,Ryo Munakata
J3 League,100,Japan,Regular Season - 19,False,2025-07-05,7135,805,Nara Club,Kitakyushu,4,0,1.0,0.0,,,,,,,,,Kentaro Uematsu
J3 League,100,Japan,Regular Season - 19,False,2025-07-05,7145,2235,Tochigi City,FC Ryukyu,3,2,1.0,1.0,,,,,,,,,Takao Ueda
J3 League,100,Japan,Regular Season - 19,False,2025-07-05,4326,10409,Vanraure Hachinohe,Tegevajaro Miyazaki,2,1,2.0,0.0,,,,,,,,,Tatsuya Sakai
Japan Football League,497,Japan,Regular Season - 15,False,2025-07-05,7123,18378,Honda,Criacao Shinjuku,0,0,0.0,0.0,,,,,,,,,Desconocido
Japan Football League,497,Japan,Regular Season - 15,False,2025-07-05,10405,7149,Maruyasu Okazaki,Urayasu,2,3,2.0,2.0,,,,,,,,,Desconocido
K League 2,293,South-Korea,Regular Season - 19,False,2025-07-05,2753,2765,Asan Mugunghwa,Suwon Bluewings,2,3,0.0,2.0,,,,,,,,,Jae-Hong Kim
K League 2,293,South-Korea,Regular Season - 19,False,2025-07-05,7061,2749,Cheongju,Seoul E-Land FC,2,1,0.0,1.0,,,,,,,,,Jin-Ho Park
K League 2,293,South-Korea,Regular Season - 19,False,2025-07-05,2751,2758,Gyeongnam FC,Ansan Greeners,1,1,1.0,1.0,,,,,,,,,Hoesu Jeong
K League 2,293,South-Korea,Regular Season - 19,False,2025-07-05,2760,2763,Jeonnam Dragons,Incheon United,2,1,1.0,1.0,,,,,,,,,Dong-Sik Jeong
K3 League,295,South-Korea,Regular Season - 16,False,2025-07-05,7064,7105,Chuncheon,Siheung Citizen,1,2,0.0,1.0,,,,,,,,,Il-Woo Choi
K3 League,295,South-Korea,Regular Season - 16,False,2025-07-05,7108,7068,Ulsan Citizen,Daejeon Korail,1,2,0.0,2.0,,,,,,,,,Tae-Hoon Lee
K3 League,295,South-Korea,Regular Season - 16,False,2025-07-05,7112,7056,Yeoju Sejong,Busan Transportation,1,3,1.0,2.0,,,,,,,,,Jung-Soo Lim
Kakkonen - Lohko A,247,Finland,Group A - 12,False,2025-07-05,2243,9178,MyPa,PEPO,0,0,0.0,0.0,,,,,,,,,Fahad Ali
Kakkonen - Lohko C,249,Finland,Group C - 10,False,2025-07-05,9192,9214,JBK,TP-47,1,0,0.0,0.0,,,,,,,,,Niko Jokinen
Kakkonen - Lohko C,249,Finland,Group C - 12,False,2025-07-05,9213,9191,Kraft,GBK,2,3,1.0,1.0,,,,,,,,,Vili Lehtovaara
Kansallinen Liiga,640,Finland,Regular Season - 9,False,2025-07-05,16383,25564,HPS W,VIFK W,5,0,0.0,0.0,,,,,,,,,Ksenia Koulik
Kansallinen Liiga,640,Finland,Regular Season - 9,False,2025-07-05,13992,13993,JyPK W,PK-35 Helsinki W,2,2,2.0,2.0,,,,,,,,,Jere Holappa
League 1 Ontario,923,Canada,Regular Season - 7,False,2025-07-05,19096,19102,Alliance United,FC London,2,0,0.0,0.0,,,,,,,,,Desconocido
League 1 Ontario,923,Canada,Regular Season - 7,False,2025-07-05,19099,19098,Burlington,Blue Devils,2,0,,,,,,,,,,,Desconocido
League 1 Ontario,923,Canada,Regular Season - 7,False,2025-07-05,19105,19114,North Toronto Nitros,Woodbridge Strikers,0,5,0.0,0.0,,,,,,,,,Desconocido
League 1 Ontario,923,Canada,Regular Season - 7,False,2025-07-05,19108,19110,Scrosoppi,Simcoe County Rovers,3,3,1.0,3.0,,,,,,,,,Desconocido
League One,170,China,Regular Season - 15,False,2025-07-05,5652,17264,Dalian Huayi,Hebei Kungfu,3,1,2.0,0.0,,,,,,,,,Zhaojun Qiu
League One,170,China,Regular Season - 15,False,2025-07-05,5657,23286,Guangxi Baoyun,Shaanxi Union,0,0,0.0,0.0,,,,,,,,,Ning Jiang
League One,170,China,Regular Season - 15,False,2025-07-05,1445,5688,Heilongjiang Lava Spring,Suzhou Dongwu,3,1,1.0,1.0,,,,,,,,,Lei Han
League One,170,China,Regular Season - 15,False,2025-07-05,5679,23265,Qingdao Red Lions,Shenzhen Juniors,0,2,0.0,1.0,,,,,,,,,Tong Ren
League Two,929,China,Regular Season - 18,False,2025-07-05,25839,17266,Chengdu Rongcheng II,Quanzhou Yassin,2,0,0.0,0.0,,,,,,,,,Xiao Liu
League Two,929,China,Regular Season - 18,False,2025-07-05,23268,25773,Guangxi Hengchen,Guangdong Mingtu,1,0,0.0,0.0,,,,,,,,,Shuang Lu
League Two,929,China,Regular Season - 18,False,2025-07-05,23270,19319,Langfang Glory City,Nantong Haimen Codion,2,0,2.0,0.0,,,,,,,,,Yunkun Ma
League Two,929,China,Regular Season - 18,False,2025-07-05,25779,19317,Shenzhen 2028,Hainan Star,2,0,2.0,0.0,,,,,,,,,Bin Chen
League Two,929,China,Regular Season - 18,False,2025-07-05,25840,21264,Wuhan Three Towns II,Guangxi Lanhang,2,1,1.0,0.0,,,,,,,,,Liu Changzhi
Liga Pro,242,Ecuador,Regular Season - 19,False,2025-07-05,1148,21103,Emelec,Cuniburo,2,0,0.0,0.0,,,,,,,,,Álex Cajas
Liga Pro,242,Ecuador,Regular Season - 19,False,2025-07-05,1153,1152,Independiente del Valle,Barcelona SC,1,1,0.0,0.0,,,,,,,,,"Yerson Zambrano, Ecuador"
Liga Pro,242,Ecuador,Regular Season - 19,False,2025-07-05,1162,1157,Mushuc Runa SC,Universidad Catolica,1,1,1.0,1.0,,,,,,,,,"Gorky Stalin Araujo Zambrano, Ecuador"
MLS Next Pro,909,USA,Regular Season - 22,False,2025-07-05,9073,4040,Chattanooga,Chicago Fire II,0,1,0.0,0.0,,,,,,,,,Tim Wagner
MLS Next Pro,909,USA,Regular Season - 22,False,2025-07-05,18811,10281,Columbus Crew II,New England II,1,2,0.0,0.0,,,,,,,,,Kyle Cividanes
MLS Next Pro,909,USA,Regular Season - 22,False,2025-07-05,4019,4011,Sporting KC II,Portland Timbers II,0,4,0.0,0.0,,,,,,,,,Nicholas Strednak
Major League Soccer,253,USA,Regular Season - 21,False,2025-07-05,1614,9568,CF Montreal,Inter Miami,1,4,1.0,2.0,,,,,,,,,"Marcos de Oliveira, USA"
Major League Soccer,253,USA,Regular Season - 21,False,2025-07-05,18310,1598,Charlotte,Orlando City SC,2,2,1.0,0.0,,,,,,,,,"Rosendo Mendoza, USA"
Major League Soccer,253,USA,Regular Season - 21,False,2025-07-05,1615,1608,DC United,Atlanta United FC,0,0,0.0,0.0,,,,,,,,,"Guido Gonzales Jr, USA"
Major League Soccer,253,USA,Regular Season - 21,False,2025-07-05,2242,1607,FC Cincinnati,Chicago Fire,2,1,1.0,0.0,,,,,,,,,"Pierre-Luc Lauziere, USA"
Major League Soccer,253,USA,Regular Season - 21,False,2025-07-05,9569,1599,Nashville SC,Philadelphia Union,1,0,0.0,0.0,,,,,,,,,"Rubiel Vazquez, USA"
Major League Soccer,253,USA,Regular Season - 21,False,2025-07-05,1617,1609,Portland Timbers,New England Revolution,2,1,1.0,1.0,,,,,,,,,"Jon Freemon, USA"
Major League Soccer,253,USA,Regular Season - 21,False,2025-07-05,1606,20787,Real Salt Lake,St. Louis City,3,2,2.0,0.0,,,,,,,,,"Allen Chapman, USA"
Major League Soccer,253,USA,Regular Season - 21,False,2025-07-05,25484,1600,San Diego,Houston Dynamo,3,4,1.0,2.0,,,,,,,,,"Tim Ford, USA"
Major League Soccer,253,USA,Regular Season - 21,False,2025-07-05,1596,1602,San Jose Earthquakes,New York Red Bulls,1,1,0.0,1.0,,,,,,,,,"Malik Badawi, USA"
Matogrossense 2,1096,Brazil,1st Phase - 5,True,2025-07-05,1226,26050,Dom Bosco,Uirapuru,3,0,,,,,,,,,,,Desconocido
Meistaradeildin,367,Faroe-Islands,Regular Season - 16,False,2025-07-05,4186,4177,B68,EB / Streymur,2,2,0.0,1.0,,,,,,,,,Høgni Madsen
Meistaradeildin,367,Faroe-Islands,Regular Season - 16,False,2025-07-05,4182,4174,Suduroy,07 Vestur,4,3,1.0,1.0,,,,,,,,,Dagfinn Forná
Meistaradeildin,367,Faroe-Islands,Regular Season - 16,False,2025-07-05,4192,682,TB,NSI Runavik,2,6,0.0,4.0,,,,,,,,,Heini Ziskason Vidoy
Meistriliiga,329,Estonia,Regular Season - 19,False,2025-07-05,2274,3526,Trans Narva,Kuressaare,3,2,2.0,2.0,,,,,,,,,Tanel Üprus
Mineiro - 2,619,Brazil,2nd Phase - 3,True,2025-07-05,13081,7824,Democrata SL,CAP,1,0,0.0,0.0,,,,,,,,,Desconocido
Mineiro - 2,619,Brazil,2nd Phase - 3,True,2025-07-05,2228,13086,Uniao Trabalhadores,Betim,1,0,,,,,,,,,,,Desconocido
Mineiro U20,1107,Brazil,1st Phase - 7,True,2025-07-05,12952,25890,Atlético Mineiro U20,Mamoré U20,4,0,4.0,0.0,,,,,,,,,Desconocido
Mineiro U20,1107,Brazil,1st Phase - 7,True,2025-07-05,22833,23647,Coimbra U20,Futgol U20,3,3,0.0,1.0,,,,,,,,,Desconocido
Mineiro U20,1107,Brazil,1st Phase - 7,True,2025-07-05,23646,23645,Contagem U20,Boston City U20,1,1,0.0,0.0,,,,,,,,,Desconocido
Mineiro U20,1107,Brazil,1st Phase - 7,True,2025-07-05,25891,13000,Uberaba U20,Cruzeiro U20,2,1,0.0,1.0,,,,,,,,,Desconocido
NPSL,1118,USA,South - 11,True,2025-07-05,24020,20961,865 Alliance,Appalachian,3,5,0.0,2.0,,,,,,,,,Desconocido
NPSL,1118,USA,East - 11,True,2025-07-05,23969,24021,AV Rough Diamonds,Alexandria Reds,0,10,0.0,5.0,,,,,,,,,Desconocido
NPSL,1118,USA,East - 12,True,2025-07-05,25871,25876,American SC New York,New Haven United,2,3,0.0,1.0,,,,,,,,,Desconocido
NPSL,1118,USA,South - 11,True,2025-07-05,23974,23993,Bristol Rhythm,Hickory,0,0,0.0,0.0,,,,,,,,,Desconocido
NPSL,1118,USA,Midwest - 10,True,2025-07-05,25872,25870,Buffalo Stallions,Ambassadors Ohio,3,4,1.0,1.0,,,,,,,,,Desconocido
NPSL,1118,USA,East - 12,True,2025-07-05,25875,25881,District Elite,Ristozi,0,4,0.0,3.0,,,,,,,,,Desconocido
NPSL,1118,USA,East - 12,True,2025-07-05,23984,24006,Electric City Shock,Pennsylvania Classics,2,2,1.0,0.0,,,,,,,,,Desconocido
NPSL,1118,USA,Midwest - 10,True,2025-07-05,9020,10063,Erie Commodores,Cleveland SC,2,0,1.0,0.0,,,,,,,,,Desconocido
NPSL,1118,USA,South - 11,True,2025-07-05,26021,21003,FC Florida,Club De Lyon,3,7,1.0,4.0,,,,,,,,,Desconocido
NPSL,1118,USA,East - 12,True,2025-07-05,23985,23992,FC Frederick,Grove Soccer United,2,0,0.0,0.0,,,,,,,,,Desconocido
NPSL,1118,USA,East - 12,True,2025-07-05,9022,24017,FC Motown,WC Predators,5,1,3.0,0.0,,,,,,,,,Desconocido
NPSL,1118,USA,Midwest - 10,True,2025-07-05,18470,24013,Flower City Union,Syracuse FC,4,0,3.0,0.0,,,,,,,,,Desconocido
NPSL,1118,USA,South - 11,True,2025-07-05,9047,23976,Fort Worth Vaqueros,CF10 Houston,6,1,4.0,1.0,,,,,,,,,Desconocido
NPSL,1118,USA,South - 11,True,2025-07-05,23991,24027,Greenville United,Port City NC,1,1,1.0,1.0,,,,,,,,,Desconocido
NPSL,1118,USA,South - 11,True,2025-07-05,23224,24018,Lubbock Matadors,West Texas,1,2,0.0,1.0,,,,,,,,,Desconocido
NPSL,1118,USA,East - 11,True,2025-07-05,24003,25879,New Jersey United,PDA,4,1,,,,,,,,,,,Desconocido
NPSL,1118,USA,South - 11,True,2025-07-05,9059,9082,New Orleans Jesters,Jacksonville Armada II,1,3,0.0,2.0,,,,,,,,,Desconocido
NPSL,1118,USA,East - 12,True,2025-07-05,24025,18456,New York Shockers,Hartford City,1,1,0.0,1.0,,,,,,,,,Desconocido
NPSL,1118,USA,East - 12,True,2025-07-05,24008,23994,Philadelphia Union III,Jackson Lions,0,3,,,,,,,,,,,Desconocido
NPSL,1118,USA,Midwest - 10,True,2025-07-05,24011,23982,Siouxland United,Des Moines United,1,2,1.0,1.0,,,,,,,,,Desconocido
NPSL,1118,USA,East - 11,True,2025-07-05,24016,13192,Virginia Dream,Virginia Beach City,6,0,2.0,0.0,,,,,,,,,Desconocido
NPSL,1118,USA,Midwest - 10,True,2025-07-05,24019,24024,Wisconsin Conquerors,Milwaukee Torrent,0,2,0.0,1.0,,,,,,,,,Desconocido
National Football League,376,Fiji,Regular Season - 11,False,2025-07-05,4383,4387,Labasa,Rewa,1,2,0.0,1.0,,,,,,,,,Desconocido
National Football League,376,Fiji,Regular Season - 11,False,2025-07-05,4384,4386,Lautoka,Nasinu,2,0,0.0,0.0,,,,,,,,,Desconocido
National Football League,376,Fiji,Regular Season - 11,False,2025-07-05,4385,4389,Nadi,Tavua,2,1,,,,,,,,,,,Desconocido
National Football League,376,Fiji,Regular Season - 11,False,2025-07-05,10078,4392,Navua,Nadroga,2,0,2.0,0.0,,,,,,,,,Desconocido
New South Wales NPL,192,Australia,Regular Season - 22,False,2025-07-05,16775,3767,NWS Spirit,Manly United,2,1,1.0,1.0,,,,,,,,,Desconocido
New South Wales NPL,192,Australia,Regular Season - 22,False,2025-07-05,16778,3769,St George City FA,Mt Druitt Town,1,1,0.0,0.0,,,,,,,,,Desconocido
New South Wales NPL,192,Australia,Regular Season - 22,False,2025-07-05,3777,16779,Wollongong Wolves,St. George Saints,2,1,1.0,1.0,,,,,,,,,Desconocido
New South Wales NPL 2,835,Australia,Regular Season - 22,False,2025-07-05,20790,20795,Bankstown City Lions,Inter Lions,3,0,0.0,0.0,,,,,,,,,Desconocido
New South Wales NPL 2,835,Australia,Regular Season - 22,False,2025-07-05,16773,20791,Hills Brumbies,Canterbury Bankstown,5,2,0.0,1.0,,,,,,,,,Desconocido
New South Wales NPL 2,835,Australia,Regular Season - 22,False,2025-07-05,20796,16776,Macarthur Rams,Northern Tigers,1,4,0.0,3.0,,,,,,,,,Desconocido
New South Wales NPL 2,835,Australia,Regular Season - 22,False,2025-07-05,16774,20793,Mounties Wanderers,Dulwich Hill,0,2,0.0,1.0,,,,,,,,,Desconocido
New South Wales NPL 2,835,Australia,Regular Season - 22,False,2025-07-05,11187,20798,Newcastle Jets II,Bulls Academy,4,1,1.0,0.0,,,,,,,,,Desconocido
New South Wales NPL 2,835,Australia,Regular Season - 22,False,2025-07-05,20797,22854,Rydalmere Lions,UNSW,4,1,2.0,1.0,,,,,,,,,Desconocido
New South Wales NPL 2,835,Australia,Regular Season - 22,False,2025-07-05,16777,12740,SD Raiders,Bonnyrigg White Eagles,2,2,1.0,2.0,,,,,,,,,Desconocido
Northern NSW NPL,481,Australia,Regular Season - 18,False,2025-07-05,10201,10202,Adamstown Rosebuds,Broadmeadow Magic,0,2,0.0,2.0,,,,,,,,,Desconocido
Northern NSW NPL,481,Australia,Regular Season - 18,False,2025-07-05,18313,20789,Cooks Hill United,New Lambton,1,0,1.0,0.0,,,,,,,,,Desconocido
Northern NSW NPL,481,Australia,Regular Season - 18,False,2025-07-05,10204,10208,Edgeworth Eagles,Maitland,2,0,1.0,0.0,,,,,,,,,Desconocido
Northern NSW NPL,481,Australia,Regular Season - 18,False,2025-07-05,10210,23500,Weston Bears,Belmont Swansea,4,2,1.0,1.0,,,,,,,,,Desconocido
Pacific Coast Soccer League,260,Canada,Regular Season - 4,False,2025-07-05,3556,18919,Khalsa,Victoria United,1,2,1.0,1.0,,,,,,,,,Desconocido
Paraibano U20,1120,Brazil,Group Stage - 5,False,2025-07-05,24038,24047,Esporte de Patos U20,Sousa U20,0,0,0.0,0.0,,,,,,,,,Desconocido
Paraibano U20,1120,Brazil,Group Stage - 5,False,2025-07-05,24048,24041,Spartax U20,Guarabira U20,0,0,,,,,,,,,,,Desconocido
Paranaense - 2,614,Brazil,Semi-Finals,True,2025-07-05,18745,10678,Aruko Sports,Nacional PR,5,0,3.0,0.0,,,,,,,,,Desconocido
Paranaense U20,1071,Brazil,Semi-finals,True,2025-07-05,13036,12984,Operário PR U20,Athletico PR U20,1,0,0.0,0.0,,,,,,,,,Desconocido
Paulista - U20,1086,Brazil,1st Phase - 10,True,2025-07-05,12987,13016,Botafogo SP U20,Ituano U20,0,1,0.0,0.0,,,,,,,,,Desconocido
Paulista - U20,1086,Brazil,1st Phase - 10,True,2025-07-05,13007,13026,Flamengo SP U20,Mauá U20,1,1,1.0,0.0,,,,,,,,,Desconocido
Paulista - U20,1086,Brazil,1st Phase - 10,True,2025-07-05,12968,12998,Palmeiras U20,Corinthians U20,3,0,2.0,0.0,,,,,,,,,Desconocido
Paulista - U20,1086,Brazil,1st Phase - 10,True,2025-07-05,13055,13044,Santos U20,Ponte Preta U20,2,1,1.0,0.0,,,,,,,,,Desconocido
Paulista - U20,1086,Brazil,1st Phase - 10,True,2025-07-05,13059,18345,São Bento U20,RB Bragantino U20,0,3,0.0,2.0,,,,,,,,,Desconocido
Paulista - U20,1086,Brazil,1st Phase - 10,True,2025-07-05,12973,22834,São Paulo U20,Comercial de Tietê U20,3,2,2.0,1.0,,,,,,,,,Desconocido
Paulista - U20,1086,Brazil,1st Phase - 10,True,2025-07-05,13064,13006,Taubaté U20,Ferroviária U20,0,2,0.0,1.0,,,,,,,,,Desconocido
Paulista - U20,1086,Brazil,1st Phase - 10,True,2025-07-05,13076,18336,XV de Jaú U20,Ibrachina U20,1,1,0.0,0.0,,,,,,,,,Desconocido
Paulista - U20,1086,Brazil,1st Phase - 10,True,2025-07-05,13077,13012,XV de Piracicaba U20,Guarani U20,1,2,1.0,0.0,,,,,,,,,Desconocido
Paulista Série B,1098,Brazil,2nd Phase - 2,True,2025-07-05,23573,23578,ECUS,Maua,1,0,0.0,0.0,,,,,,,,,Desconocido
Paulista Série B,1098,Brazil,2nd Phase - 2,True,2025-07-05,23579,25770,Mauaense,Assisense,1,1,0.0,0.0,,,,,,,,,Desconocido
Paulista Série B,1098,Brazil,2nd Phase - 2,True,2025-07-05,23581,22948,Tanabi,Independente SP,2,0,1.0,0.0,,,,,,,,,Desconocido
Premier Division,1080,Grenada,Regular Season - 10,False,2025-07-05,23368,23365,Hurricanes,Camerhogne,2,1,1.0,1.0,,,,,,,,,Desconocido
Premier Division,1080,Grenada,Regular Season - 10,False,2025-07-05,23373,23374,Paradise,Queens Park Rangers,3,0,1.0,0.0,,,,,,,,,Desconocido
Premier Division,1080,Grenada,Regular Season - 10,False,2025-07-05,23555,23371,Shamrock,St. John's,1,2,1.0,0.0,,,,,,,,,Desconocido
Premier Division,357,Ireland,Regular Season - 23,False,2025-07-05,3842,652,Sligo Rovers,Shamrock Rovers,2,2,2.0,1.0,,,,,,,,,Paul McLaughlin
Premier League,389,Kazakhstan,Regular Season - 15,False,2025-07-05,4563,4564,Aktobe,Atyrau,2,0,1.0,0.0,,,,,,,,,Arman Ismuratov
Premier League,116,Belarus,Regular Season - 15,False,2025-07-05,388,380,Bate Borisov,FC Minsk,0,2,0.0,1.0,,,,,,,,,Nikita Shiyan
Premier League,390,Lebanon,Relegation Round - 15,True,2025-07-05,4571,4576,Bekaa,Shabab Al Sahel,1,5,0.0,1.0,,,,,,,,,Mahmoud Seifeddine
Premier League,390,Lebanon,Relegation Round - 15,True,2025-07-05,7516,4572,Bourj,Racing,2,1,1.0,0.0,,,,,,,,,Baraa Al Hayek
Premier League,764,Mongolia,Regular Season - 24,False,2025-07-05,16186,22067,Falcons,Central Stallions,6,1,1.0,0.0,,,,,,,,,Desconocido
Premier League,764,Mongolia,Regular Season - 24,False,2025-07-05,24722,8027,Hunters,Erchim,3,0,2.0,0.0,,,,,,,,,Desconocido
Premier League,389,Kazakhstan,Regular Season - 15,False,2025-07-05,4554,692,Kyzyl-Zhar,Ordabasy,0,0,0.0,0.0,,,,,,,,,Sayat Sulikanov
Premier League,390,Lebanon,Relegation Round - 15,True,2025-07-05,4575,22812,Shabab Al Ghazieh,Reyady Abaseya,1,4,1.0,3.0,,,,,,,,,Taha Kobeissi
Premier League,116,Belarus,Regular Season - 15,False,2025-07-05,751,382,Slavia Mozyr,FC Vitebsk,4,0,2.0,0.0,,,,,,,,,Evgeni Naumov
Premier League,116,Belarus,Regular Season - 15,False,2025-07-05,3393,389,Smorgon,FC Gomel,3,1,0.0,0.0,,,,,,,,,Evgeni Yasenovich
Premier League,1031,Bhutan,Regular Season,False,2025-07-05,19007,21277,Ugyen Academy,Tsirang,1,0,1.0,0.0,,,,,,,,,Desconocido
Premier League,389,Kazakhstan,Regular Season - 15,False,2025-07-05,21011,2259,Yelimay Semey,FK Tobol Kostanay,2,3,0.0,2.0,,,,,,,,,Georgiy Chekhovskiy
Premier League,389,Kazakhstan,Regular Season - 15,False,2025-07-05,16611,21010,Zhenys,Ulytau,2,0,0.0,0.0,,,,,,,,,Daniyar Sakhi
Premier Soccer League,401,Zimbabwe,Regular Season - 19,False,2025-07-05,5220,5233,Chicken Inn,Yadah,2,1,1.0,1.0,,,,,,,,,Desconocido
Premier Soccer League,401,Zimbabwe,Regular Season - 19,False,2025-07-05,5221,5223,Dynamos,Herentals,0,2,0.0,1.0,,,,,,,,,Desconocido
Premier Soccer League,401,Zimbabwe,Regular Season - 19,False,2025-07-05,21053,5229,Green Fuel,Ngezi Platinum,0,1,0.0,1.0,,,,,,,,,Desconocido
Premier Soccer League,401,Zimbabwe,Regular Season - 19,False,2025-07-05,25734,23287,MWOS,Bikita Minerals,1,0,0.0,0.0,,,,,,,,,Desconocido
Premier Soccer League,401,Zimbabwe,Regular Season - 19,False,2025-07-05,21055,5226,Simba Bhora,Kariba,1,1,0.0,0.0,,,,,,,,,Desconocido
Primeira Divisão,969,Macao,Championship Round - 6,True,2025-07-05,21201,9420,Benfica,CPK,1,3,1.0,1.0,,,,,,,,,Desconocido
Primeira Divisão,969,Macao,Championship Round - 6,True,2025-07-05,21195,25716,Cheng Fung,Shao Jiang,0,5,0.0,3.0,,,,,,,,,Desconocido
Primera B,266,Chile,Regular Season - 13,False,2025-07-05,2346,2317,Deportes Santa Cruz,Deportes Temuco,2,0,1.0,0.0,,,,,,,,,Rodrigo Alejandro Farías Molina
Primera B,266,Chile,Regular Season - 13,False,2025-07-05,2333,2316,Santiago Wanderers,Curico Unido,2,1,1.0,1.0,,,,,,,,,Mario Jesus Salvo Sepulveda
Primera B,266,Chile,Regular Season - 13,False,2025-07-05,2324,2327,Universidad de Concepcion,Antofagasta,0,1,0.0,0.0,,,,,,,,,Matías Humberto Assadi Quintana
Primera B Metropolitana,131,Argentina,Clausura - 2,True,2025-07-05,8376,1963,Argentino Quilmes,Midland,0,0,0.0,0.0,,,,,,,,,Wenceslao Meneses
Primera B Metropolitana,131,Argentina,Clausura - 2,True,2025-07-05,2430,8385,Argentino de Merlo,Excursionistas,2,1,0.0,0.0,,,,,,,,,Nicolás Agustín Mastroieni
Primera B Metropolitana,131,Argentina,Clausura - 2,True,2025-07-05,468,2425,Brown DE Adrogue,Acassuso,1,1,1.0,1.0,,,,,,,,,Gabriel Andrés Gutiérrez
Primera B Metropolitana,131,Argentina,Clausura - 2,True,2025-07-05,8008,8383,Comunicaciones,Deportivo Merlo,1,2,1.0,1.0,,,,,,,,,Gastón Iglesias
Primera B Metropolitana,131,Argentina,Clausura - 2,True,2025-07-05,2427,1942,Deportivo Armenio,Sacachispas,0,0,0.0,0.0,,,,,,,,,Mariano Negrete
Primera B Metropolitana,131,Argentina,Clausura - 2,True,2025-07-05,471,1956,Flandria,UAI Urquiza,1,0,0.0,0.0,,,,,,,,,Sebastián Bresba
Primera B Metropolitana,131,Argentina,Clausura - 2,True,2025-07-05,8374,2422,Fénix,Real Pilar,0,2,0.0,0.0,,,,,,,,,Kevin Alegre
Primera B Metropolitana,131,Argentina,Clausura - 2,True,2025-07-05,8395,2429,Liniers,Dock Sud,1,2,0.0,1.0,,,,,,,,,Carlos Gabriel Flores
Primera B Metropolitana,131,Argentina,Clausura - 2,True,2025-07-05,481,8388,Villa Dalmine,Sportivo Italiano,0,1,0.0,0.0,,,,,,,,,Maximiliano Lopez
Primera C,132,Argentina,Regular Season - 16,False,2025-07-05,8389,1931,Argentino Rosario,Sportivo Barracas,1,0,0.0,0.0,,,,,,,,,Desconocido
Primera C,132,Argentina,Regular Season - 16,False,2025-07-05,3943,23099,Deportivo Camioneros,Estrella Del Sur,0,0,0.0,0.0,,,,,,,,,Desconocido
Primera C,132,Argentina,Regular Season - 16,False,2025-07-05,8394,1947,Deportivo Paraguayo,Canuelas,0,0,0.0,0.0,,,,,,,,,Desconocido
Primera C,132,Argentina,Regular Season - 16,False,2025-07-05,8378,18915,JJ Urquiza,Mercedes,0,1,0.0,1.0,,,,,,,,,Desconocido
Primera C,132,Argentina,Regular Season - 16,False,2025-07-05,8398,1955,Yupanqui,General Lamadrid,1,2,0.0,1.0,,,,,,,,,Desconocido
Primera División,281,Peru,Apertura - 18,True,2025-07-05,2553,2550,Alianza Lima,Deportivo Binacional,5,1,4.0,1.0,,,,,,,,,"Augusto Menendez, Peru"
Primera División,281,Peru,Apertura - 18,True,2025-07-05,2548,2560,Alianza Universidad,Alianza Atletico,2,0,1.0,0.0,,,,,,,,,"Jordi Espinoza, Peru"
Primera División,299,Venezuela,Clausura - 1,True,2025-07-05,2810,2818,Carabobo FC,Estudiantes de Merida FC,2,1,0.0,0.0,,,,,,,,,Alejandro Velasquez
Primera División,281,Peru,Apertura - 18,True,2025-07-05,2562,2546,Cienciano,Sporting Cristal,1,1,0.0,0.0,,,,,,,,,"Diego Haro, Peru"
Primera División,281,Peru,Apertura - 18,True,2025-07-05,2558,2542,Comerciantes Unidos,Ayacucho FC,0,1,0.0,0.0,,,,,,,,,"Julio Cesar Quiroz, Peru"
Primera División,344,Bolivia,Apertura - 13,True,2025-07-05,15708,17760,Real Tomayapo,San Antonio Bulo Bulo,1,1,0.0,0.0,,,,,,,,,Luis Miguel Villarroel
Primera División,265,Chile,Regular Season - 4,False,2025-07-05,2321,2323,Union Espanola,Universidad de Chile,0,2,0.0,1.0,,,,,,,,,"Rodrigo Carvajal Molina, Chile"
Primera División,344,Bolivia,Apertura - 13,True,2025-07-05,17762,3637,Universitario de Vinto,Aurora,1,2,1.0,0.0,,,,,,,,,Juan Carlos Huanca
Primera División,299,Venezuela,Clausura - 1,True,2025-07-05,2829,2814,Yaracuyanos FC,Portuguesa FC,1,2,1.0,1.0,,,,,,,,,Rafael Orozco
Primera Nacional,129,Argentina,Regular Season - 21,False,2025-07-05,482,1954,Almagro,Deportivo Maipu,0,1,0.0,1.0,,,,,,,,,Julián Jerez
Primera Nacional,129,Argentina,Regular Season - 21,False,2025-07-05,470,1928,Ferro Carril Oeste,Gimnasia Y Tiro,0,0,0.0,0.0,,,,,,,,,Felipe Viola
Primera Nacional,129,Argentina,Regular Season - 21,False,2025-07-05,483,8377,Los Andes,Colegiales,0,0,0.0,0.0,,,,,,,,,Gastón Monzón Brizuela
Primera Nacional,129,Argentina,Regular Season - 21,False,2025-07-05,8379,1929,San Miguel,Deportivo Madryn,1,1,1.0,1.0,,,,,,,,,Adrián Franklin
Primera Nacional,129,Argentina,Regular Season - 21,False,2025-07-05,1932,2424,San Telmo,Estudiantes de Rio Cuarto,0,1,0.0,0.0,,,,,,,,,Maximiliano Macheroni
Queensland NPL,482,Australia,Regular Season - 16,False,2025-07-05,10211,11184,Brisbane City,WDSC Wolves,3,4,2.0,1.0,,,,,,,,,Desconocido
Queensland NPL,482,Australia,Regular Season - 16,False,2025-07-05,10221,10216,Peninsula Power,Gold Coast United,7,0,3.0,0.0,,,,,,,,,Desconocido
Queensland Premier League,833,Australia,Regular Season - 16,False,2025-07-05,11196,11182,SWQ Thunder,Rochedale Rovers,0,1,0.0,0.0,,,,,,,,,Desconocido
Queensland Premier League,833,Australia,Regular Season - 16,False,2025-07-05,16762,22895,Southside Eagles,Ipswich,0,0,0.0,0.0,,,,,,,,,Desconocido
Second League - Group 1,651,Russia,Group 1 - 18,False,2025-07-05,6796,23316,Dinamo Stavropol,Rostov II,0,0,0.0,0.0,,,,,,,,,Desconocido
Second League - Group 1,651,Russia,Group 1 - 18,False,2025-07-05,6798,6810,Druzhba,Legion Dynamo,2,0,0.0,0.0,,,,,,,,,Desconocido
Second League - Group 1,651,Russia,Group 1 - 18,False,2025-07-05,23315,23314,Nart Cherkessk,Angust Nazran,1,0,0.0,0.0,,,,,,,,,Desconocido
Second League - Group 1,651,Russia,Group 1 - 18,False,2025-07-05,22171,21540,Pobeda,Astrakhan,1,0,1.0,0.0,,,,,,,,,Desconocido
Second League - Group 1,651,Russia,Group 1 - 18,False,2025-07-05,13240,2002,Sevastopol,Spartak Nalchik,1,0,0.0,0.0,,,,,,,,,Desconocido
Second League - Group 1,651,Russia,Group 1 - 18,False,2025-07-05,25869,6806,Sochi II,Kuban Kholding,1,1,1.0,0.0,,,,,,,,,Desconocido
Second League - Group 3,650,Russia,Group 3 - 15,False,2025-07-05,6795,19448,Dinamo Bryansk,Rodina Moskva III,2,0,1.0,0.0,,,,,,,,,Desconocido
Second League - Group 3,650,Russia,Group 3 - 15,False,2025-07-05,17725,17721,Dinamo St. Petersburg,SKA Khabarovsk II,1,0,1.0,0.0,,,,,,,,,Desconocido
Second League - Group 3,650,Russia,Group 3 - 15,False,2025-07-05,6807,6823,Kvant,Ryazan,0,3,0.0,1.0,,,,,,,,,Desconocido
Second League - Group 3,650,Russia,Group 3 - 15,False,2025-07-05,12840,6826,Rotor-2,Salyut-Belgorod,0,6,0.0,3.0,,,,,,,,,Desconocido
Second League - Group 3,650,Russia,Group 3 - 15,False,2025-07-05,6829,16866,Strogino,Zenit Penza,3,0,2.0,0.0,,,,,,,,,Desconocido
Segunda División,269,Uruguay,2nd Phase - 9,True,2025-07-05,2368,19326,Central Espanol,Artigas,0,0,0.0,0.0,,,,,,,,,Juan Cianni
Segunda División,269,Uruguay,2nd Phase - 9,True,2025-07-05,2367,2378,Cerrito,Albion FC,1,0,0.0,0.0,,,,,,,,,Santiago Motta
Segunda División,269,Uruguay,2nd Phase - 9,True,2025-07-05,15628,16740,Colón,Uruguay Montevideo,5,1,4.0,0.0,,,,,,,,,Augusto Olmos
Segunda División,282,Peru,Regular Season - 14,False,2025-07-05,22469,10014,Deportiva Agropecuaria,Deportivo Llacuabamba,1,1,0.0,0.0,,,,,,,,,Pablo López
Segunda División,282,Peru,Regular Season - 14,False,2025-07-05,22543,2556,FC Cajamarca,Molinos El Pirata,3,0,1.0,0.0,,,,,,,,,Luis Ciriaco
Segunda División,269,Uruguay,2nd Phase - 9,True,2025-07-05,2371,2354,Rentistas,Rampla Juniors,1,0,0.0,0.0,,,,,,,,,Felipe Vikonis
Segunda División,282,Peru,Regular Season - 14,False,2025-07-05,23311,2551,San Marcos,Carlos A. Mannucci,0,1,0.0,0.0,,,,,,,,,Rudy Renzo Méndez Castro
Segunda División,711,Chile,Regular Season - 11,False,2025-07-05,21117,18775,Santiago City,Municipal Salamanca,3,2,0.0,1.0,,,,,,,,,Yerko Montenegro
Segunda División,269,Uruguay,2nd Phase - 9,True,2025-07-05,2374,2364,Tacuarembo,Atenas,1,0,0.0,0.0,,,,,,,,,Kevin Fontes
Serie B,72,Brazil,Regular Season - 15,False,2025-07-05,10862,134,Amazonas,Atletico Paranaense,0,1,0.0,1.0,,,,,,,,,"Matheus Delgado Candançan, Brazil"
Serie B,72,Brazil,Regular Season - 15,False,2025-07-05,145,149,Avai,Paysandu,0,0,0.0,0.0,,,,,,,,,"Felipe Fernandes de Lima, Brazil"
Serie B,72,Brazil,Regular Season - 15,False,2025-07-05,1198,1193,Remo,Cuiaba,0,0,0.0,0.0,,,,,,,,,"Fabio Augusto Santos Sa Junior, Brazil"
Serie C,75,Brazil,Regular Season - 11,False,2025-07-05,150,7770,CSA,Caxias,2,3,2.0,3.0,,,,,,,,,Léo Simão Holanda
Serie C,75,Brazil,Regular Season - 11,False,2025-07-05,7772,754,Confiança,ABC,1,1,0.0,0.0,,,,,,,,,Gabriel Henrique Meira Bispo
Serie C,75,Brazil,Regular Season - 11,False,2025-07-05,7779,13098,Ituano,Retrô,2,0,1.0,0.0,,,,,,,,,Angleison Marcos Vieira Monteiro
Serie C,75,Brazil,Regular Season - 11,False,2025-07-05,755,7774,Nautico Recife,Floresta,0,0,0.0,0.0,,,,,,,,,Paulo Roberto Alves Júnior
Serie D,76,Brazil,1st Phase - 11,True,2025-07-05,1207,2224,ASA,Sergipe,2,2,0.0,2.0,,,,,,,,,Raimundo Rodrigues de Oliveira Junior
Serie D,76,Brazil,1st Phase - 11,True,2025-07-05,1202,12946,Aparecidense,Porto Velho,7,0,3.0,0.0,,,,,,,,,Djonaltan Costa de Araujo
Serie D,76,Brazil,1st Phase - 11,True,2025-07-05,18271,12939,Barra,Azuriz,1,0,0.0,0.0,,,,,,,,,Marcos Mateus Pereira
Serie D,76,Brazil,1st Phase - 11,True,2025-07-05,14000,2206,CFRJ / Maricá,Boavista SC,1,0,1.0,0.0,,,,,,,,,Luiz Augusto Silveira Tisne
Serie D,76,Brazil,1st Phase - 11,True,2025-07-05,7771,752,Ceilândia,Luverdense,1,0,0.0,0.0,,,,,,,,,Julian Negreiros de Castro
Serie D,76,Brazil,1st Phase - 11,True,2025-07-05,1194,10021,Cianorte,Monte Azul,2,0,1.0,0.0,,,,,,,,,Diego da Costa Cidral
Serie D,76,Brazil,1st Phase - 11,True,2025-07-05,1195,7864,Ferroviario,Sousa,0,0,0.0,0.0,,,,,,,,,Wallas Martins Lopes
Serie D,76,Brazil,1st Phase - 11,True,2025-07-05,12916,10853,GAS,Independência,1,2,1.0,1.0,,,,,,,,,Everton Moreira Prates
Serie D,76,Brazil,1st Phase - 11,True,2025-07-05,7873,10674,Goianésia,Goiânia,1,3,0.0,0.0,,,,,,,,,Andreza Helena de Siqueira
Serie D,76,Brazil,1st Phase - 11,True,2025-07-05,18296,1196,Goiatuba EC,Uberlandia,1,1,1.0,1.0,,,,,,,,,Halbert Luis Moraes Baia
Serie D,76,Brazil,1st Phase - 11,True,2025-07-05,1201,10673,Inter De Limeira,Cascavel,1,0,0.0,0.0,,,,,,,,,Wesley Silva Santos
Serie D,76,Brazil,1st Phase - 11,True,2025-07-05,1224,15104,Juazeirense,Jequié,2,1,0.0,1.0,,,,,,,,,Moises Estevão de Moura Lima
Serie D,76,Brazil,1st Phase - 11,True,2025-07-05,2215,12921,Mixto,Capital Brasilia,1,0,1.0,0.0,,,,,,,,,José Mendonça da Silva Jr.
Serie D,76,Brazil,1st Phase - 11,True,2025-07-05,7782,13084,Nova Iguaçu,Pouso Alegre,2,1,0.0,0.0,,,,,,,,,Samuel dos Santos Santos
Serie D,76,Brazil,1st Phase - 11,True,2025-07-05,10690,1214,Rio Branco ES,Portuguesa,0,0,0.0,0.0,,,,,,,,,Francisco Soares Dias
Serie D,76,Brazil,1st Phase - 11,True,2025-07-05,155,2213,Sampaio Correa,Imperatriz,3,0,1.0,0.0,,,,,,,,,Wiomar Santana de Oliveira
Serie D,76,Brazil,1st Phase - 11,True,2025-07-05,2232,10049,Sao Jose,Guarany de Bagé,0,1,0.0,0.0,,,,,,,,,Felipe da Silva Gonçalves Paludo
Serie D,76,Brazil,1st Phase - 11,True,2025-07-05,7878,7832,Tocantinópolis,Maranhão,1,1,1.0,0.0,,,,,,,,,Nairon Pereira de Lira
Serie D,76,Brazil,1st Phase - 11,True,2025-07-05,10018,20717,Água Santa,Porto Vitória,0,0,0.0,0.0,,,,,,,,,Victor Lucas Pereira Silva
Serie D,76,Brazil,1st Phase - 11,True,2025-07-05,7879,18308,Águia de Marabá,Manauara,0,1,0.0,1.0,,,,,,,,,Mayco Roberto Silva
South Australia NPL,194,Australia,Regular Season - 17,False,2025-07-05,3785,3786,Adelaide City,Adelaide Comets,0,2,0.0,1.0,,,,,,,,,Desconocido
South Australia NPL,194,Australia,Regular Season - 17,False,2025-07-05,3788,10010,Adelaide Raiders,Modbury Jets,2,1,0.0,0.0,,,,,,,,,Desconocido
South Australia NPL,194,Australia,Regular Season - 17,False,2025-07-05,3789,3794,Adelaide United II,Para Hills Knights,4,2,1.0,0.0,,,,,,,,,Desconocido
South Australia NPL,194,Australia,Regular Season - 17,False,2025-07-05,3791,3792,Campbelltown City,Croydon Kings,1,1,1.0,1.0,,,,,,,,,Desconocido
South Australia NPL,194,Australia,Regular Season - 17,False,2025-07-05,16770,16768,FK Beograd,Playford City Patriots,1,0,1.0,0.0,,,,,,,,,Desconocido
South Australia NPL,194,Australia,Regular Season - 17,False,2025-07-05,3793,16769,MetroStars,West Torrens Birkalla,0,1,0.0,1.0,,,,,,,,,Desconocido
South Australia State League 1,834,Australia,Regular Season - 17,False,2025-07-05,3784,3795,Adelaide Blue Eagles,South Adelaide Panthers,2,3,2.0,1.0,,,,,,,,,Desconocido
South Australia State League 1,834,Australia,Regular Season - 17,False,2025-07-05,3787,25458,Adelaide Olympic,Pontian Eagles,2,1,0.0,1.0,,,,,,,,,Desconocido
South Australia State League 1,834,Australia,Regular Season - 17,False,2025-07-05,10009,16763,Cumberland United,Adelaide Cobras,4,1,1.0,0.0,,,,,,,,,Desconocido
South Australia State League 1,834,Australia,Regular Season - 17,False,2025-07-05,22807,25459,Salisbury United,The Cove,4,3,3.0,3.0,,,,,,,,,Desconocido
South Australia State League 1,834,Australia,Regular Season - 17,False,2025-07-05,8114,16767,Vipers,Fulham United,1,2,0.0,1.0,,,,,,,,,Desconocido
South Australia State League 1,834,Australia,Regular Season - 17,False,2025-07-05,3796,12866,West Adelaide,Sturt Lions,1,1,0.0,1.0,,,,,,,,,Desconocido
Super League,369,Uzbekistan,Regular Season - 15,False,2025-07-05,4209,4210,Andijan,Bunyodkor,0,2,0.0,1.0,,,,,,,,,Turabek Suyunov
Super League,369,Uzbekistan,Regular Season - 15,False,2025-07-05,4213,4219,Mash'al,Olmaliq,0,1,0.0,1.0,,,,,,,,,Doston Rahmonov
Super League,391,Malawi,Regular Season - 8,False,2025-07-05,4591,11126,Mighty Tigers,Ekwendeni Hammers,1,0,1.0,0.0,,,,,,,,,Desconocido
Super Liga,394,Moldova,Regular Season - 3,False,2025-07-05,691,568,Milsami Orhei,Sheriff Tiraspol,1,2,1.0,1.0,,,,,,,,,Victor Bugenko
Super Liga,394,Moldova,Regular Season - 3,False,2025-07-05,2271,26115,Petrocub,Politehnica UTM,2,1,1.0,0.0,,,,,,,,,Denis Ivlev
Supercupa,555,Romania,Final,True,2025-07-05,559,2246,FCSB,CFR 1907 Cluj,2,1,0.0,0.0,,,,,,,,,Marian Alexandru Barbu
Tasmania Northern Championship,1091,Australia,Regular Season - 21,False,2025-07-05,23508,23513,Devonport U21,Somerset,6,0,2.0,0.0,,,,,,,,,Desconocido
Tasmania Northern Championship,1091,Australia,Regular Season - 21,False,2025-07-05,23510,23511,Launceston United U21,Northern Rangers,1,4,0.0,1.0,,,,,,,,,Desconocido
Tasmania Northern Championship,1091,Australia,Regular Season - 21,False,2025-07-05,23512,23509,Riverside Olympic U21,Launceston U21,0,2,0.0,1.0,,,,,,,,,Desconocido
Tasmania Northern Championship,1091,Australia,Regular Season - 21,False,2025-07-05,23514,23507,Ulverstone,Burnie Utd.,3,0,4.0,1.0,,,,,,,,,Desconocido
Tasmania Southern Championship,1093,Australia,Regular Season - 13,False,2025-07-05,23523,23521,Hobart City,Clarence Zebras II,4,0,4.0,0.0,,,,,,,,,Desconocido
Tasmania Southern Championship,1093,Australia,Regular Season - 13,False,2025-07-05,23524,23529,Hobart Utd.,University of Tasmania,5,0,0.0,0.0,,,,,,,,,Desconocido
Tasmania Southern Championship,1093,Australia,Regular Season - 13,False,2025-07-05,23525,23528,New Town,Taroona,3,3,2.0,1.0,,,,,,,,,Desconocido
Torneo Federal A,134,Argentina,Group 4 - 17,False,2025-07-05,25756,3982,Bartolomé Mitre,Sol de América,1,1,1.0,0.0,,,,,,,,,Marcos Ignacio Liuzzi
Torneo Federal A,134,Argentina,Group 4 - 17,False,2025-07-05,467,1961,Boca Unidos,Juventud Antoniana,2,2,1.0,1.0,,,,,,,,,Matías Ezequiel Billone Carpio
Torneo Federal A,134,Argentina,Group 1 - 17,False,2025-07-05,1949,3972,Cipolletti,Germinal de Rawson,3,1,0.0,1.0,,,,,,,,,Franco Morón
Torneo Federal A,134,Argentina,Group 1 - 17,False,2025-07-05,1959,443,Deportivo Rincon,Olimpo Bahia Blanca,1,0,1.0,0.0,,,,,,,,,Diego Saúl Novelli
Torneo Federal A,134,Argentina,Group 1 - 17,False,2025-07-05,472,3975,Guillermo Brown,Kimberley Mar del Plata,1,0,0.0,0.0,,,,,,,,,Jonathan Correa
Torneo Federal A,134,Argentina,Group 3 - 17,False,2025-07-05,1960,1950,Independiente De Chivilcoy,Sportivo Las Parejas,1,0,0.0,0.0,,,,,,,,,Juan Nebbietti
UEFA Championship - Women,743,World,Group Stage - 1,False,2025-07-05,1725,1721,France W,England W,2,1,2.0,0.0,,,,,,,,,Tess Olofsson
UEFA Championship - Women,743,World,Group Stage - 1,False,2025-07-05,1772,1733,Wales W,Netherlands W,0,3,0.0,1.0,,,,,,,,,Frida Mia Klarlund Nielsen
USL Championship,255,USA,Regular Season - 18,False,2025-07-05,3996,18375,Indy Eleven,Monterey Bay,3,0,2.0,0.0,,,,,,,,,Natalie Simon
USL Championship,255,USA,Regular Season - 18,False,2025-07-05,9030,4022,Miami FC,FC Tulsa,2,2,1.0,2.0,,,,,,,,,John Matto
USL Championship,255,USA,Regular Season - 18,False,2025-07-05,10874,9043,Oakland Roots,Detroit City,2,0,0.0,0.0,,,,,,,,,Greg Dopka
USL Championship,255,USA,Regular Season - 18,False,2025-07-05,22855,3989,Rhode Island,Birmingham Legion,1,1,1.0,1.0,,,,,,,,,Abdou Ndiaye
USL League One,489,USA,Regular Season - 10,False,2025-07-05,25838,10283,Alta,Union Omaha,2,1,1.0,1.0,,,,,,,,,Joe Surgan
USL League One,489,USA,Regular Season - 9,False,2025-07-05,9016,18905,Chattanooga Red Wolves,One Knoxville,1,0,1.0,0.0,,,,,,,,,Joshua Encarnación
USL League One,489,USA,Regular Season - 9,False,2025-07-05,25487,9025,Texoma,Forward Madison,2,0,1.0,0.0,,,,,,,,,Brian Yip
USL League Two,256,USA,Western Conference - 17,True,2025-07-05,10145,23109,Academica,Almaden,0,2,0.0,0.0,,,,,,,,,Desconocido
USL League Two,256,USA,Central Conference - 16,True,2025-07-05,23970,25955,Akron City,Erie Sports Center,2,0,2.0,0.0,,,,,,,,,Desconocido
USL League Two,256,USA,Southern Conference - 20,True,2025-07-05,23216,10094,Apotheos,Asheville City,0,0,0.0,0.0,,,,,,,,,Desconocido
USL League Two,256,USA,Western Conference - 17,True,2025-07-05,18882,23120,Ballard,Midlakes United,3,0,2.0,0.0,,,,,,,,,Desconocido
USL League Two,256,USA,Eastern Conference - 20,True,2025-07-05,9041,18907,Christos,Patuxent,2,2,1.0,1.0,,,,,,,,,Desconocido
USL League Two,256,USA,Southern Conference - 20,True,2025-07-05,4043,25940,Corpus Christi,GFI,4,0,2.0,0.0,,,,,,,,,Desconocido
USL League Two,256,USA,Eastern Conference - 21,True,2025-07-05,25938,9037,Delaware FC,West Chester United,1,5,1.0,2.0,,,,,,,,,Desconocido
USL League Two,256,USA,Central Conference - 16,True,2025-07-05,4047,24029,Des Moines Menace,Sunflower State,3,1,2.0,0.0,,,,,,,,,Desconocido
USL League Two,256,USA,Eastern Conference - 21,True,2025-07-05,4063,16682,Manhattan,Morris Elite,3,4,1.0,2.0,,,,,,,,,Desconocido
USL League Two,256,USA,Southern Conference - 20,True,2025-07-05,25943,10067,McKinney Chupacabras,Louisiana Krewe,2,3,1.0,3.0,,,,,,,,,Desconocido
USL League Two,256,USA,Southern Conference - 20,True,2025-07-05,9083,21289,Miami,Sarasota Paradise,0,16,0.0,6.0,,,,,,,,,Desconocido
USL League Two,256,USA,Southern Conference - 20,True,2025-07-05,4064,9029,Mississippi Brilla,Little Rock Rangers,0,1,0.0,1.0,,,,,,,,,Desconocido
USL League Two,256,USA,Eastern Conference - 21,True,2025-07-05,4067,4076,North Carolina II,SC United Bantams,4,0,1.0,0.0,,,,,,,,,Desconocido
USL League Two,256,USA,Central Conference - 17,True,2025-07-05,10101,25949,Peoria,Springfield,1,2,0.0,0.0,,,,,,,,,Desconocido
USL League Two,256,USA,Western Conference - 17,True,2025-07-05,21287,4083,Redlands,Seahorses,7,0,2.0,0.0,,,,,,,,,Desconocido
USL League Two,256,USA,Western Conference - 17,True,2025-07-05,25951,4093,Stars FC,Ventura County Fusion,1,3,1.0,1.0,,,,,,,,,Desconocido
USL League Two,256,USA,Eastern Conference - 21,True,2025-07-05,23122,18897,Staten Island Athletic,Hudson Valley Hammers,1,2,0.0,0.0,,,,,,,,,Desconocido
USL League Two,256,USA,Central Conference - 16,True,2025-07-05,23123,21288,Sueno,Rochester,4,2,1.0,1.0,,,,,,,,,Desconocido
USL League Two,256,USA,Southern Conference - 12,True,2025-07-05,4087,21281,The Villages,Brevard,6,3,4.0,1.0,,,,,,,,,Desconocido
USL League Two,256,USA,Central Conference - 16,True,2025-07-05,23125,4052,Union Macomb,Flint City Bucks,1,3,1.0,2.0,,,,,,,,,Desconocido
USL League Two,256,USA,Eastern Conference - 21,True,2025-07-05,18912,4034,Vermont Green,Black Rock,3,1,1.0,0.0,,,,,,,,,Desconocido
USL League Two,256,USA,Eastern Conference - 21,True,2025-07-05,13192,23114,Virginia Beach City,Charlottesville Blues,0,2,0.0,1.0,,,,,,,,,Desconocido
Veikkausliiga,244,Finland,Regular Season - 14,False,2025-07-05,689,1163,SJK,Ilves,1,1,1.0,0.0,,,,,,,,,"Kalle Makinen, Finland"
Veikkausliiga,244,Finland,Regular Season - 14,False,2025-07-05,650,649,VPS,HJK Helsinki,0,2,0.0,0.0,,,,,,,,,"Mohammad Al-Emara, Finland"
Victoria NPL,195,Australia,Regular Season - 21,False,2025-07-05,3797,3803,Altona Magic,Heidelberg United,0,2,0.0,0.0,,,,,,,,,Desconocido
Victoria NPL,195,Australia,Regular Season - 21,False,2025-07-05,3801,3808,Dandenong Thunder,Oakleigh Cannons,3,3,3.0,1.0,,,,,,,,,Desconocido
Victoria NPL 2,836,Australia,Regular Season - 21,False,2025-07-05,16783,16785,Langwarrin,Moreland City,3,1,2.0,1.0,,,,,,,,,Desconocido
Victoria NPL 2,836,Australia,Regular Season - 21,False,2025-07-05,16784,3806,Manningham United Blues,Kingston City,1,6,0.0,4.0,,,,,,,,,Desconocido
Victoria NPL 2,836,Australia,Regular Season - 21,False,2025-07-05,20783,20784,Melbourne City II,Western United II,2,3,0.0,2.0,,,,,,,,,Desconocido
Victoria NPL 2,836,Australia,Regular Season - 21,False,2025-07-05,25418,16780,North Sunshine Eagles,Brunswick City,2,1,1.0,0.0,,,,,,,,,Desconocido
Virsliga,365,Latvia,Regular season - 22,False,2025-07-05,4135,18834,Auda,FS Jelgava,2,0,1.0,0.0,,,,,,,,,Sergejs Vasjkovs
WPSL,1116,USA,East - 16,True,2025-07-05,23837,26000,Rhode Island Rogues,Sporting CT,3,4,0.0,4.0,,,,,,,,,Desconocido
WPSL,1116,USA,West - 14,True,2025-07-05,23886,23874,Tucson W,Arizona Arsenal W,1,3,,,,,,,,,,,Desconocido
Western Australia NPL,196,Australia,Regular Season - 15,False,2025-07-05,3813,3812,Balcatta,Armadale,3,0,3.0,0.0,,,,,,,,,Desconocido
Western Australia NPL,196,Australia,Regular Season - 15,False,2025-07-05,3814,23196,Bayswater City,Western Knights,3,0,2.0,0.0,,,,,,,,,Desconocido
Western Australia NPL,196,Australia,Regular Season - 15,False,2025-07-05,3817,3820,Floreat Athena,Perth Glory II,1,2,1.0,0.0,,,,,,,,,Desconocido
Western Australia NPL,196,Australia,Regular Season - 15,False,2025-07-05,21025,3824,Fremantle City,Stirling Lions,1,2,0.0,0.0,,,,,,,,,Desconocido
Western Australia NPL,196,Australia,Regular Season - 15,False,2025-07-05,20890,18732,Olympic Kingsway,Perth RedStar,0,0,0.0,0.0,,,,,,,,,Desconocido
Western Australia NPL,196,Australia,Regular Season - 15,False,2025-07-05,3819,3823,Perth,Sorrento,1,3,1.0,2.0,,,,,,,,,Desconocido
Western Australia State League 1,1094,Australia,Regular Season - 15,False,2025-07-05,25700,21026,Curtin University,Gosnells City,2,1,0.0,1.0,,,,,,,,,Desconocido
Western Australia State League 1,1094,Australia,Regular Season - 15,False,2025-07-05,23530,10093,Dianella White Eagle,Gwelup Croatia,2,0,0.0,0.0,,,,,,,,,Desconocido
Western Australia State League 1,1094,Australia,Regular Season - 15,False,2025-07-05,25701,25702,Joondalup City,Kalamunda City,1,1,1.0,0.0,,,,,,,,,Desconocido
Western Australia State League 1,1094,Australia,Regular Season - 15,False,2025-07-05,23531,3818,Kingsley Westside,Inglewood United,4,1,2.0,0.0,,,,,,,,,Desconocido
Western Australia State League 1,1094,Australia,Regular Season - 15,False,2025-07-05,22493,21034,Mandurah City,Subiaco,4,1,2.0,0.0,,,,,,,,,Desconocido
Western Australia State League 1,1094,Australia,Regular Season - 15,False,2025-07-05,23533,23532,UWA Nedlands,Murdoch Melville,1,0,0.0,0.0,,,,,,,,,Desconocido
Ykkönen,245,Finland,Regular Season - 13,False,2025-07-05,10199,9190,KPV-j,Tampere United,1,0,0.0,0.0,,,,,,,,,Pietu Niinimäki
Ykkösliiga,1087,Finland,Regular Season - 13,False,2025-07-05,2085,2078,Klubi-04,EIF,2,2,0.0,1.0,,,,,,,,,Desconocido
Úrvalsdeild,164,Iceland,Regular Season - 14,False,2025-07-05,827,2117,IA Akranes,Fram Reykjavik,0,1,0.0,1.0,,,,,,,,,Vilhjálmur Alvar Thórarinsson
Úrvalsdeild,164,Iceland,Regular Season - 14,False,2025-07-05,268,278,IBV Vestmannaeyjar,Vikingur Reykjavik,0,0,0.0,0.0,,,,,,,,,Jóhann Ingi Jónsson
Úrvalsdeild,164,Iceland,Regular Season - 14,False,2025-07-05,4165,274,Vestri,Valur Reykjavik,0,2,0.0,1.0,,,,,,,,,Gunnar Oddur Haflidason
1. Deild,165,Iceland,Regular Season - 11,False,2025-07-04,267,2122,Fylkir,IR Reykjavik,1,2,0.0,0.0,,,,,,,,,Guðni Páll Kristjánsson
1. Deild,165,Iceland,Regular Season - 11,False,2025-07-04,2114,273,Leiknir R.,Fjolnir,0,1,0.0,1.0,,,,,,,,,Jens Elvar Sævarsson
1. Division,388,Kazakhstan,Regular Season - 12,False,2025-07-04,4544,21012,Altay,Zhetisay,1,2,0.0,1.0,,,,,,,,,Desconocido
1. Division,388,Kazakhstan,Regular Season - 12,False,2025-07-04,4552,4556,Kaspiy,Sport Academy Kairat,0,0,0.0,0.0,,,,,,,,,Desconocido
1. Division,388,Kazakhstan,Regular Season - 12,False,2025-07-04,18805,4565,Khan Tengri,Irtysh,0,2,0.0,0.0,,,,,,,,,Desconocido
1. Division,117,Belarus,Regular Season - 15,False,2025-07-04,13149,23433,Ostrovets FC,Gomel II,1,2,0.0,1.0,,,,,,,,,Sergey Nabokin
1. Division,388,Kazakhstan,Regular Season - 12,False,2025-07-04,4559,4566,Taraz,Shakhter Karagandy,4,0,2.0,0.0,,,,,,,,,Desconocido
2. Deild,166,Iceland,Regular Season - 11,False,2025-07-04,2118,4170,Haukar,Kári,4,1,3.0,0.0,,,,,,,,,Desconocido
2. Deild,166,Iceland,Regular Season - 11,False,2025-07-04,4171,2121,Thróttur Vogar,Grotta,0,0,0.0,0.0,,,,,,,,,Desconocido
2. Deild,166,Iceland,Regular Season - 11,False,2025-07-04,4167,4169,Ægir,Vídir,2,0,1.0,0.0,,,,,,,,,Desconocido
A Lyga,362,Lithuania,Regular Season - 19,False,2025-07-04,586,3858,FK Zalgiris Vilnius,Banga,1,0,1.0,0.0,,,,,,,,,Robertas Valikonis
Brasiliense U20,1100,Brazil,1st Phase - 9,True,2025-07-04,12960,25930,Gama U20,ARUC U20,4,2,2.0,0.0,,,,,,,,,Desconocido
COSAFA U20 Championship,771,World,Group Stage - 1,False,2025-07-04,11037,16198,Malawi U20,Zimbabwe U20,2,1,,,,,,,,,,,Desconocido
COSAFA U20 Championship,771,World,Group Stage - 1,False,2025-07-04,11041,11018,Namibia U20,Angola U20,0,1,,,,,,,,,,,Desconocido
Calcutta Premier Division,1020,India,Regular Season - 3,False,2025-07-04,24100,15585,Calcutta Police,Mohammedan,2,2,1.0,2.0,,,,,,,,,Desconocido
Calcutta Premier Division,1020,India,Regular Season - 3,False,2025-07-04,3463,24103,East Bengal,NA Suruchi Sangha,1,1,,,,,,,,,,,Desconocido
Capital Territory NPL 2,1092,Australia,Regular Season - 12,False,2025-07-04,23520,1449,Wagga City Wanderers,Belconnen United,2,6,,,,,,,,,,,Desconocido
Carioca C,1106,Brazil,1st Phase - 7,True,2025-07-04,23639,13105,Riostrense,Angra dos Reis,2,1,0.0,0.0,,,,,,,,,Desconocido
Charity Shield,1019,Northern-Ireland,Final,True,2025-07-04,583,5351,Linfield,Dungannon Swifts,0,0,0.0,0.0,,,,,,,,,Jamie Robinson
Chatham Cup,1127,New-Zealand,4th Round,True,2025-07-04,20649,20653,Auckland United,Melville United,7,1,4.0,0.0,,,,,,,,,Desconocido
Chatham Cup,1127,New-Zealand,4th Round,True,2025-07-04,20661,20665,Dunedin City Royals,Nelson Suburbs,0,1,0.0,1.0,,,,,,,,,Desconocido
Chatham Cup,1127,New-Zealand,4th Round,True,2025-07-04,24253,20659,Fencibles United,Western Springs,2,1,1.0,0.0,,,,,,,,,Desconocido
Chatham Cup,1127,New-Zealand,4th Round,True,2025-07-04,20655,13977,Manukau United,Eastern Suburbs,1,3,0.0,2.0,,,,,,,,,Desconocido
Chatham Cup,1127,New-Zealand,4th Round,True,2025-07-04,24318,20652,Wanaka,Christchurch United,0,3,0.0,0.0,,,,,,,,,Desconocido
Chatham Cup,1127,New-Zealand,4th Round,True,2025-07-04,26120,24284,West Suburbs,Palmerston North United,4,1,1.0,1.0,,,,,,,,,Desconocido
Copa Paulista,742,Brazil,1st Round - 4,True,2025-07-04,10026,10023,Taubaté,Portuguesa Santista,1,1,0.0,1.0,,,,,,,,,Guilherme Nunes de Santana
Copa Paulista,742,Brazil,1st Round - 4,True,2025-07-04,7870,10039,XV de Piracicaba,Primavera SP,1,1,0.0,0.0,,,,,,,,,Thiago Lourenço De Mattos
Copa de la División Profesional,964,Bolivia,Copa Bolivia - 4,True,2025-07-04,3705,3706,Jorge Wilstermann,Nacional Potosí,1,3,1.0,2.0,,,,,,,,,Jonathan Rodrigo Mamani Contreras
Division Intermedia,251,Paraguay,Regular Season - 16,False,2025-07-04,23154,20786,12 de Junio VH,Sportivo Carapeguá,0,0,0.0,0.0,,,,,,,,,Marcos Galeano
Division Intermedia,251,Paraguay,Regular Season - 16,False,2025-07-04,23155,1186,Encarnación,Independiente F.b.c.,3,0,2.0,0.0,,,,,,,,,Jhonatan González Giménez
Division Profesional - Clausura,252,Paraguay,Clausura - 1,True,2025-07-04,10476,1187,Deportivo Recoleta,Sportivo Trinidense,2,4,1.0,4.0,,,,,,,,,"Alipio Colman, Paraguay"
FIFA Club World Cup,15,World,Quarter-finals,True,2025-07-04,124,2932,Fluminense,Al-Hilal Saudi FC,2,1,1.0,0.0,,,,,,,,,Danny Desmond Makkelie
FIFA Club World Cup,15,World,Quarter-finals,True,2025-07-04,121,49,Palmeiras,Chelsea,1,2,0.0,1.0,,,,,,,,,Alireza Faghani
First Division,358,Ireland,Regular Season - 22,False,2025-07-04,3847,3855,Bray Wanderers,Wexford,1,0,1.0,0.0,,,,,,,,,Aaron O'Dowd
First Division,358,Ireland,Regular Season - 22,False,2025-07-04,3849,3846,Cobh Ramblers,Athlone Town,2,1,2.0,0.0,,,,,,,,,Declan Toland
First Division,358,Ireland,Regular Season - 22,False,2025-07-04,3841,3853,Finn Harps,Longford Town,0,0,0.0,0.0,,,,,,,,,Daryl Carolan
First Division,358,Ireland,Regular Season - 22,False,2025-07-04,11328,584,Kerry,Dundalk,0,4,0.0,1.0,,,,,,,,,Lucas Keating
First Division,358,Ireland,Regular Season - 22,False,2025-07-04,3844,16498,UCD,Treaty United,1,1,0.0,0.0,,,,,,,,,Oliver Moran
Friendlies,10,World,Friendlies 1,True,2025-07-04,13,1509,Senegal,Guinea,0,0,0.0,0.0,,,,,,,,,Desconocido
Friendlies Clubs,667,World,Club Friendlies 3,True,2025-07-04,8709,1372,Bishop's Cleeve,Cheltenham,1,4,1.0,1.0,,,,,,,,,Desconocido
Friendlies Clubs,667,World,Club Friendlies 3,True,2025-07-04,8147,1334,Chippenham Town,Bristol Rovers,1,2,1.0,1.0,,,,,,,,,Desconocido
Friendlies Clubs,667,World,Club Friendlies 3,True,2025-07-04,12757,786,Eintracht Bamberg,TSV 1860 München,0,5,0.0,3.0,,,,,,,,,Desconocido
Friendlies Clubs,667,World,Club Friendlies 3,True,2025-07-04,1620,12897,FC Viktoria Köln,Wiedenbrück,1,2,1.0,1.0,,,,,,,,,Desconocido
Friendlies Clubs,667,World,Club Friendlies 3,True,2025-07-04,1628,1660,Kickers Offenbach,SV Elversberg,0,1,,,,,,,,,,,Desconocido
Friendlies Clubs,667,World,Club Friendlies 3,True,2025-07-04,250,1387,Kilmarnock,Ayr Utd,1,0,0.0,0.0,,,,,,,,,Desconocido
Friendlies Clubs,667,World,Club Friendlies 3,True,2025-07-04,18170,1315,SC Freital,FSV Zwickau,1,2,1.0,1.0,,,,,,,,,Desconocido
Friendlies Clubs,667,World,Club Friendlies 3,True,2025-07-04,1404,598,SKU Amstetten,FK Crvena Zvezda,0,2,0.0,0.0,,,,,,,,,Desconocido
Friendlies Clubs,667,World,Club Friendlies 3,True,2025-07-04,1319,9364,SV Wehen,Hoffenheim II,3,0,1.0,0.0,,,,,,,,,Desconocido
Friendlies Clubs,667,World,Club Friendlies 3,True,2025-07-04,782,2599,Slovan Liberec,Universitatea Cluj,4,1,2.0,1.0,,,,,,,,,Desconocido
Friendlies Clubs,667,World,Club Friendlies 3,True,2025-07-04,396,4676,Sonderjyske,Kolding IF,0,2,0.0,0.0,,,,,,,,,Desconocido
Friendlies Clubs,667,World,Club Friendlies 3,True,2025-07-04,733,412,Standard Liege,MVV,2,0,1.0,0.0,,,,,,,,,Desconocido
Friendlies Clubs,667,World,Club Friendlies 3,True,2025-07-04,2255,10534,Ujpest,FK Košice,1,0,1.0,0.0,,,,,,,,,Desconocido
Iraqi League,542,Iraq,Regular Season - 38,False,2025-07-04,20464,11063,Karbala,Al Hudod,2,3,0.0,3.0,,,,,,,,,Desconocido
Iraqi League,542,Iraq,Regular Season - 38,False,2025-07-04,11072,11070,Naft Al-Janoob,Erbil,4,3,2.0,2.0,,,,,,,,,Desconocido
Kakkonen - Lohko A,247,Finland,Group A - 11,False,2025-07-04,9179,6075,Reipas,VJS,1,5,0.0,4.0,,,,,,,,,Kasper Halonen
League 1 Ontario,923,Canada,Regular Season - 11,False,2025-07-04,19111,19109,St. Catharines Wolves,Sigma,4,4,,,,,,,,,,,Desconocido
Liga Pro,242,Ecuador,Regular Season - 19,False,2025-07-04,18762,1154,Libertad,Deportivo Cuenca,2,1,0.0,1.0,,,,,,,,,"Oswaldo Contreras, Ecuador"
Ligi kuu Bara,567,Tanzania,Relegation - Final,True,2025-07-04,12204,19838,Stand United,Fountain Gate,1,3,1.0,1.0,,,,,,,,,Desconocido
MLS Next Pro,909,USA,Regular Season - 22,False,2025-07-04,21138,21141,Austin II,Los Angeles FC II,4,1,2.0,0.0,,,,,,,,,Ivan de Cristofaro
MLS Next Pro,909,USA,Regular Season - 22,False,2025-07-04,23063,10280,Carolina Core,Inter Miami II,1,2,1.0,1.0,,,,,,,,,Andrew Porada
Major League Soccer,253,USA,Regular Season - 21,False,2025-07-04,1610,1611,Colorado Rapids,Sporting Kansas City,1,2,0.0,1.0,,,,,,,,,"Filip Dujic, USA"
Major League Soccer,253,USA,Regular Season - 20,False,2025-07-04,1597,1612,FC Dallas,Minnesota United FC,1,2,0.0,1.0,,,,,,,,,"Jair Antonio Maruffo, USA"
Major League Soccer,253,USA,Regular Season - 20,False,2025-07-04,1605,1603,Los Angeles Galaxy,Vancouver Whitecaps,3,0,1.0,0.0,,,,,,,,,"Victor Rivas, USA"
Meistriliiga,329,Estonia,Regular Season - 19,False,2025-07-04,3528,2273,Paide,FC Levadia Tallinn,0,3,0.0,2.0,,,,,,,,,Martti Pukk
Mineiro U20,1107,Brazil,1st Phase - 7,True,2025-07-04,23643,12981,Athletic Club MG U20,América Mineiro U20,0,1,0.0,1.0,,,,,,,,,Desconocido
Mineiro U20,1107,Brazil,1st Phase - 7,True,2025-07-04,23644,23652,Betim U20,XV de Novembro U20,5,1,3.0,0.0,,,,,,,,,Desconocido
NNSW League 1,1090,Australia,Regular Season - 11,False,2025-07-04,10206,23501,Lake Macquarie,Cessnock City Hornets,2,2,1.0,1.0,,,,,,,,,Desconocido
National Football League,376,Fiji,Regular Season - 11,False,2025-07-04,4382,4388,Ba,Suva,1,1,1.0,0.0,,,,,,,,,Desconocido
New South Wales NPL,192,Australia,Regular Season - 22,False,2025-07-04,3773,3774,Sydney FC U23,Sydney Olympic,0,2,0.0,1.0,,,,,,,,,Desconocido
New South Wales NPL,192,Australia,Regular Season - 22,False,2025-07-04,14025,3764,Western Sydney Wanderers U23,APIA Leichhardt Tigers,0,1,0.0,1.0,,,,,,,,,Desconocido
New South Wales NPL 2,835,Australia,Regular Season - 22,False,2025-07-04,16771,3766,Blacktown Spartans,Hakoah Sydney City,3,2,1.0,1.0,,,,,,,,,Desconocido
Paulista - U20,1086,Brazil,1st Phase - 10,True,2025-07-04,20744,23466,AC Guaratinguetá U20,Bandeirante U20,0,2,0.0,1.0,,,,,,,,,Desconocido
Paulista - U20,1086,Brazil,1st Phase - 10,True,2025-07-04,26009,23478,Araçatuba U20,Jabaquara U20,1,2,1.0,2.0,,,,,,,,,Desconocido
Paulista - U20,1086,Brazil,1st Phase - 10,True,2025-07-04,23475,18344,Gremio Prudente U20,Portuguesa Santista U20,0,0,0.0,0.0,,,,,,,,,Desconocido
Paulista - U20,1086,Brazil,1st Phase - 10,True,2025-07-04,13015,23465,Itapirense U20,Aguai U20,1,0,0.0,0.0,,,,,,,,,Desconocido
Paulista - U20,1086,Brazil,1st Phase - 10,True,2025-07-04,13021,13037,Juventus U20,Osasco Audax U20,1,0,1.0,0.0,,,,,,,,,Desconocido
Paulista - U20,1086,Brazil,1st Phase - 10,True,2025-07-04,13033,13027,Novorizontino U20,Mirassol U20,3,0,1.0,0.0,,,,,,,,,Desconocido
Paulista - U20,1086,Brazil,1st Phase - 10,True,2025-07-04,13034,12993,Oeste U20,Capivariano U20,0,0,0.0,0.0,,,,,,,,,Desconocido
Paulista - U20,1086,Brazil,1st Phase - 10,True,2025-07-04,13045,13078,Portuguesa U20,Água Santa U20,3,1,2.0,1.0,,,,,,,,,Desconocido
Paulista - U20,1086,Brazil,1st Phase - 10,True,2025-07-04,23485,13051,Referencia U20,Rio Claro SP U20,2,2,0.0,0.0,,,,,,,,,Desconocido
Paulista - U20,1086,Brazil,1st Phase - 10,True,2025-07-04,13057,20775,Sertãozinho U20,União Suzano U20,0,1,0.0,0.0,,,,,,,,,Desconocido
Paulista - U20,1086,Brazil,1st Phase - 10,True,2025-07-04,22848,18352,Sfera U20,São José EC U20,3,0,1.0,0.0,,,,,,,,,Desconocido
Paulista - U20,1086,Brazil,1st Phase - 10,True,2025-07-04,13061,13014,São Caetano U20,Inter Limeira U20,0,2,0.0,2.0,,,,,,,,,Desconocido
Paulista - U20,1086,Brazil,1st Phase - 10,True,2025-07-04,13063,13003,Tanabi SP U20,Desportivo Brasil U20,1,1,0.0,0.0,,,,,,,,,Desconocido
Paulista - U20,1086,Brazil,1st Phase - 10,True,2025-07-04,18356,13054,União São João U20,Santo André U20,0,4,0.0,1.0,,,,,,,,,Desconocido
Paulista - U20,1086,Brazil,1st Phase - 10,True,2025-07-04,13069,13005,Velo Clube U20,EC São Bernardo U20,0,3,0.0,1.0,,,,,,,,,Desconocido
Premier Division,357,Ireland,Regular Season - 23,False,2025-07-04,670,3845,Derry City,Waterford,7,2,4.0,0.0,,,,,,,,,Ben McMaster
Premier Division,357,Ireland,Regular Season - 23,False,2025-07-04,3850,3851,Drogheda United,Galway United,1,0,0.0,0.0,,,,,,,,,Damien McGraith
Premier Division,357,Ireland,Regular Season - 23,False,2025-07-04,3854,653,Shelbourne,Cork City,3,1,2.0,1.0,,,,,,,,,Robert Harvey
Premier Division,357,Ireland,Regular Season - 23,False,2025-07-04,3843,3840,St Patrick's Athl.,Bohemians,0,0,0.0,0.0,,,,,,,,,Robert Hennessy
Premier League,1031,Bhutan,Regular Season,False,2025-07-04,25952,5590,BFF Academy U20,Tensung,6,1,3.0,0.0,,,,,,,,,Desconocido
Premier League,116,Belarus,Regular Season - 15,False,2025-07-04,386,379,Dinamo Brest,FC Slutsk,3,0,2.0,0.0,,,,,,,,,Artem Yasel
Premier League,389,Kazakhstan,Regular Season - 15,False,2025-07-04,664,21502,Kairat Almaty,Turan Turkistan,4,0,2.0,0.0,,,,,,,,,Sergey Nozhenko
Premier League,116,Belarus,Regular Season - 15,False,2025-07-04,387,391,Neman,FC Isloch Minsk R.,2,0,1.0,0.0,,,,,,,,,Dmitri Dmitriev
Premier League,116,Belarus,Regular Season - 15,False,2025-07-04,385,7798,Torpedo Zhodino,Molodechno-DYuSSh 4,4,1,1.0,1.0,,,,,,,,,Igor Shumilov
Premiership Women,1103,Northern-Ireland,Regular Season - 7,False,2025-07-04,21488,21486,Crusaders Strikers W,Cliftonville W,0,3,0.0,1.0,,,,,,,,,Desconocido
Premiership Women,1103,Northern-Ireland,Regular Season - 7,False,2025-07-04,23630,23632,Lisburn Rangers W,Derry City W,2,0,2.0,0.0,,,,,,,,,Desconocido
Primera B Metropolitana,131,Argentina,Clausura - 2,True,2025-07-04,1924,8380,Deportivo Laferrere,Villa San Carlos,0,1,0.0,0.0,,,,,,,,,Guido Mascheroni
Primera C,132,Argentina,Regular Season - 16,False,2025-07-04,8386,8382,Ituzaingó,Berazategui,2,1,0.0,0.0,,,,,,,,,Desconocido
Primera División,281,Peru,Apertura - 18,True,2025-07-04,2572,10492,Club Deportivo Los Chankas,ADT,1,1,1.0,0.0,,,,,,,,,"Micke Palomino, Peru"
Primera División,299,Venezuela,Clausura - 1,True,2025-07-04,2827,2825,Puerto Cabello,Metropolitanos FC,2,2,1.0,0.0,,,,,,,,,Rony Cueva González
Primera División,281,Peru,Apertura - 18,True,2025-07-04,2555,2539,Sport Huancayo,UTC Cajamarca,1,0,1.0,0.0,,,,,,,,,"Jesus Cartagena, Peru"
Queensland NPL,482,Australia,Regular Season - 16,False,2025-07-04,10223,22916,SC Wanderers,Moreton City Excelsior,0,5,0.0,1.0,,,,,,,,,Desconocido
Queensland Premier League,833,Australia,Regular Season - 16,False,2025-07-04,3756,10214,Caboolture,Capalaba,4,1,2.0,1.0,,,,,,,,,Desconocido
Queensland Premier League,833,Australia,Regular Season - 16,False,2025-07-04,11180,11178,Logan Lightning,Holland Park Hawks,0,1,0.0,0.0,,,,,,,,,Desconocido
Second League - Group 3,650,Russia,Group 3 - 15,False,2025-07-04,6815,6837,Metallurg Lipetsk,Znamya Truda,0,1,0.0,1.0,,,,,,,,,Desconocido
Serie B,72,Brazil,Regular Season - 15,False,2025-07-04,147,7814,Coritiba,Volta Redonda,2,0,2.0,0.0,,,,,,,,,"Alisson Sidnei Furtado, Brazil"
Sudani Premier League,402,Sudan,Championship Round - 1,True,2025-07-04,5237,25523,Al Hilal Omdurman,Al-Mergheni,2,0,2.0,0.0,,,,,,,,,Desconocido
Sudani Premier League,402,Sudan,Championship Round - 1,True,2025-07-04,5239,5543,Al Merreikh,Al Ahli Wad Medani,1,0,,,,,,,,,,,Desconocido
Sudani Premier League,402,Sudan,Championship Round - 1,True,2025-07-04,5244,25521,Alamal Atbara,Al Merreikh El Obeid,3,1,,,,,,,,,,,Desconocido
Sudani Premier League,402,Sudan,Championship Round - 1,True,2025-07-04,5246,25522,Hay Al Wadi,Al Zamala Umm Ruwaba,1,0,,,,,,,,,,,Desconocido
Super League,369,Uzbekistan,Regular Season - 15,False,2025-07-04,4223,4212,Sogdiana,Kokand-1912,2,1,2.0,0.0,,,,,,,,,Akobirxuja Shukurullaev
Super League,369,Uzbekistan,Regular Season - 15,False,2025-07-04,4225,4211,Surkhon,Buxoro,0,0,0.0,0.0,,,,,,,,,Ravshan Abduvaxidov
Tasmania Southern Championship,1093,Australia,Regular Season - 13,False,2025-07-04,14104,23527,Olympia Warriors,South Hobart II,3,4,2.0,2.0,,,,,,,,,Desconocido
UEFA Championship - Women,743,World,Group Stage - 1,False,2025-07-04,1779,1739,Denmark W,Sweden W,0,1,0.0,0.0,,,,,,,,,Edina Alves Batista
UEFA Championship - Women,743,World,Group Stage - 1,False,2025-07-04,1719,1749,Germany W,Poland W,2,0,0.0,0.0,,,,,,,,,Stéphanie Frappart
USL Championship,255,USA,Regular Season - 18,False,2025-07-04,3992,4000,Colorado Springs,Louisville City,0,1,0.0,1.0,,,,,,,,,Brandon Stevis
USL Championship,255,USA,Regular Season - 18,False,2025-07-04,3993,4017,El Paso Locomotive,San Antonio,1,2,0.0,1.0,,,,,,,,,Thomas Snyder
USL Championship,255,USA,Regular Season - 18,False,2025-07-04,3998,4015,Las Vegas Lights,Sacramento Republic,0,2,0.0,0.0,,,,,,,,,Muhammad Hassan
USL Championship,255,USA,Regular Season - 18,False,2025-07-04,4009,20808,Phoenix Rising,Lexington,0,1,0.0,1.0,,,,,,,,,Elton Garcia
USL Championship,255,USA,Regular Season - 18,False,2025-07-04,4010,4003,Pittsburgh Riverhounds,New Mexico United,1,0,0.0,0.0,,,,,,,,,Rodrigo Albuquerque
USL League One Cup,1095,USA,Group Stage - 6,False,2025-07-04,25485,4021,Naples,Tampa Bay Rowdies,0,2,0.0,1.0,,,,,,,,,Calin Radosav
Veikkausliiga,244,Finland,Regular Season - 14,False,2025-07-04,2077,1165,AC Oulu,KuPS,2,2,1.0,0.0,,,,,,,,,"Dennis Antamo, Finland"
Victoria NPL,195,Australia,Regular Season - 21,False,2025-07-04,3800,3811,Dandenong City,South Melbourne,3,3,1.0,3.0,,,,,,,,,Desconocido
Victoria NPL,195,Australia,Regular Season - 21,False,2025-07-04,3802,22823,Green Gully,Melbourne Victory II,4,1,1.0,1.0,,,,,,,,,Desconocido
Victoria NPL,195,Australia,Regular Season - 21,False,2025-07-04,3804,3798,Hume City,Avondale,1,2,1.0,2.0,,,,,,,,,Desconocido
Victoria NPL 2,836,Australia,Regular Season - 21,False,2025-07-04,3799,16781,Bentleigh Greens,Bulleen Lions,1,0,1.0,0.0,,,,,,,,,Desconocido
Victoria NPL 2,836,Australia,Regular Season - 21,False,2025-07-04,9977,24077,Eastern Lions,Melbourne Srbija,0,1,0.0,0.0,,,,,,,,,Desconocido
Victoria NPL 2,836,Australia,Regular Season - 21,False,2025-07-04,16788,21921,Northcote City,Sunshine Georgies,1,2,1.0,0.0,,,,,,,,,Desconocido
Virsliga,365,Latvia,Regular season - 22,False,2025-07-04,4160,661,Rīgas FS,FK Liepaja,2,1,1.0,0.0,,,,,,,,,Kristaps Ratnieks
WPSL,1116,USA,West - 14,True,2025-07-04,25981,25994,Desert Dreams,PHX Heat,6,4,,,,,,,,,,,Desconocido
Ykkösliiga,1087,Finland,Regular Season - 13,False,2025-07-04,9173,9189,JäPS,SalPa,4,3,2.0,2.0,,,,,,,,,Desconocido
Youth Championship,238,Russia,Regular Season - 13,False,2025-07-04,15175,7996,Akademiya Konoplev U20,Spartak Moskva U19,1,3,1.0,1.0,,,,,,,,,Desconocido
Youth Championship,238,Russia,Regular Season - 13,False,2025-07-04,7951,9231,CSKA Moskva U19,Ural U20,3,0,1.0,0.0,,,,,,,,,Desconocido
Youth Championship,238,Russia,Regular Season - 13,False,2025-07-04,16594,9217,Dinamo Moskva U19,Akhmat Grozny U20,1,0,0.0,0.0,,,,,,,,,Desconocido
Youth Championship,238,Russia,Regular Season - 13,False,2025-07-04,19295,7985,Fakel U19,Krasnodar U19,0,0,0.0,0.0,,,,,,,,,Desconocido
Youth Championship,238,Russia,Regular Season - 13,False,2025-07-04,17150,7941,Krylya Sovetov U19,Zenit U19,1,4,1.0,1.0,,,,,,,,,Desconocido
Youth Championship,238,Russia,Regular Season - 13,False,2025-07-04,7910,17151,Lokomotiv Moskva U19,Nizhny Novgorod U19,1,0,1.0,0.0,,,,,,,,,Desconocido
Youth Championship,238,Russia,Regular Season - 13,False,2025-07-04,16595,21615,Rostov U19,Baltika U19,0,0,0.0,0.0,,,,,,,,,Desconocido
Youth Championship,238,Russia,Regular Season - 13,False,2025-07-04,9226,9227,Rubin Kazan U20,Sochi U20,0,1,0.0,0.0,,,,,,,,,Desconocido
1. Deild,366,Faroe-Islands,Regular Season - 16,False,2025-07-03,4176,4190,B71,EB / Streymur II,2,0,2.0,0.0,,,,,,,,,Desconocido
1. Deild,165,Iceland,Regular Season - 11,False,2025-07-03,277,2123,Grindavik,Njardvik,1,5,0.0,4.0,,,,,,,,,Gunnar Oddur Haflidason
1. Deild,165,Iceland,Regular Season - 11,False,2025-07-03,269,2115,Keflavik,Selfoss,3,2,2.0,2.0,,,,,,,,,Helgi Mikael Jónasson
1. Deild,165,Iceland,Regular Season - 11,False,2025-07-03,2116,829,Thor Akureyri,Throttur Reykjavik,1,2,0.0,0.0,,,,,,,,,Sveinn Arnarsson
1. Division,388,Kazakhstan,Regular Season - 12,False,2025-07-03,4545,21009,Akademiya Ontustik,AKAS,2,0,1.0,0.0,,,,,,,,,Desconocido
1. Division,388,Kazakhstan,Regular Season - 12,False,2025-07-03,16609,4551,SD Family,Ekibastuz,0,1,0.0,0.0,,,,,,,,,Desconocido
1. Division,388,Kazakhstan,Regular Season - 12,False,2025-07-03,16610,4546,Yassy Turkistan,Aktobe Jas,1,1,1.0,0.0,,,,,,,,,Desconocido
Brasileiro U17,1128,Brazil,1st Phase - 8,True,2025-07-03,24479,25807,Fluminense U17,Vasco U17,3,1,0.0,1.0,,,,,,,,,Desconocido
Calcutta Premier Division,1020,India,Regular Season - 3,False,2025-07-03,21604,21607,George Telegraph,Patha Chakra,0,2,,,,,,,,,,,Desconocido
Calcutta Premier Division,1020,India,Regular Season - 3,False,2025-07-03,21605,21599,Kalighat,Calcutta Customs,1,1,,,,,,,,,,,Desconocido
Calcutta Premier Division,1020,India,Regular Season - 3,False,2025-07-03,24101,3467,Kalighat Club,Mohun Bagan,0,4,,,,,,,,,,,Desconocido
Calcutta Premier Division,1020,India,Regular Season - 3,False,2025-07-03,21609,21614,Railway,Police,2,1,,,,,,,,,,,Desconocido
Carioca C,1106,Brazil,1st Phase - 7,True,2025-07-03,25961,25965,Barcelona RJ,Mesquita,0,0,0.0,0.0,,,,,,,,,Desconocido
Carioca C,1106,Brazil,1st Phase - 7,True,2025-07-03,25962,23636,Búzios,EC Vera Cruz,1,0,1.0,0.0,,,,,,,,,Desconocido
Carioca C,1106,Brazil,1st Phase - 7,True,2025-07-03,25963,23634,Duquecaxiense,CAAC Brasil,3,0,3.0,0.0,,,,,,,,,Desconocido
Carioca C,1106,Brazil,1st Phase - 7,True,2025-07-03,23638,23640,Paraty,Santa Cruz RJ,3,3,2.0,2.0,,,,,,,,,Desconocido
Catarinense U20,1076,Brazil,1st Phase - 14,True,2025-07-03,23322,12999,Brusque U20,Criciuma U20,0,1,0.0,0.0,,,,,,,,,Desconocido
Copa Argentina,130,Argentina,Round of 32,True,2025-07-03,478,445,Instituto Cordoba,Huracan,0,0,0.0,0.0,,,,,,,,,Carlos Andrés Gariano
Copa Nicaragua,1187,Nicaragua,Quarter-finals,True,2025-07-03,4644,4641,Managua,Diriangén,0,1,,,,,,,,,,,Desconocido
Copa Nicaragua,1187,Nicaragua,Quarter-finals,True,2025-07-03,19159,4645,Matagalpa,Real Estelí,2,2,,,,,,,,,,,Desconocido
Copa Nicaragua,1187,Nicaragua,Quarter-finals,True,2025-07-03,4646,4647,Real Madriz,UNAN Managua,1,1,,,,,,,,,,,Desconocido
Copa Nicaragua,1187,Nicaragua,Quarter-finals,True,2025-07-03,4648,24510,Walter Ferretti,Rancho Santana,0,3,,,,,,,,,,,Desconocido
Copa de la División Profesional,964,Bolivia,Copa Bolivia - 4,True,2025-07-03,22266,17743,Gualberto Villarroel SJ,ABB,5,0,2.0,0.0,,,,,,,,,Héctor Sandoval
Copa de la División Profesional,964,Bolivia,Copa Bolivia - 4,True,2025-07-03,3711,20252,The Strongest,Real Oruro,0,1,0.0,1.0,,,,,,,,,Bruno Vera
Eerste Divisie,568,Suriname,Quarter-finals,True,2025-07-03,10966,12220,Inter Moengotapoe,Voorwaarts,2,0,0.0,0.0,,,,,,,,,Desconocido
Esiliiga A,328,Estonia,Regular Season - 18,False,2025-07-03,13826,10059,Nõmme Kalju II,Nõmme United,1,5,0.0,2.0,,,,,,,,,Paul Kask
Friendlies Clubs,667,World,Club Friendlies 3,True,2025-07-03,14631,203,Baronie,NAC Breda,0,5,0.0,1.0,,,,,,,,,Desconocido
Friendlies Clubs,667,World,Club Friendlies 3,True,2025-07-03,210,419,Heerenveen,Almere City FC,4,5,2.0,3.0,,,,,,,,,Desconocido
Friendlies Clubs,667,World,Club Friendlies 3,True,2025-07-03,5883,6219,Nijlen,K. Lierse S.K.,0,11,0.0,4.0,,,,,,,,,Desconocido
Friendlies Women,666,World,Friendlies,True,2025-07-03,1977,16924,Chile W,Bolivia W,5,0,1.0,0.0,,,,,,,,,Susana Nataly Corella Manzo
GFA League,845,Gambia,Regular Season - 29,False,2025-07-03,22706,22707,BST Galaxy,Bombada,1,1,0.0,0.0,,,,,,,,,Desconocido
GFA League,845,Gambia,Regular Season - 29,False,2025-07-03,6413,16804,Brikama United,Real de Banjul,0,4,0.0,2.0,,,,,,,,,Desconocido
GFA League,845,Gambia,Regular Season - 29,False,2025-07-03,22708,8087,TMT,Hawks,1,1,0.0,0.0,,,,,,,,,Desconocido
Iraqi League,542,Iraq,Regular Season - 38,False,2025-07-03,15544,20463,Al Karkh,Duhok,2,4,1.0,2.0,,,,,,,,,Desconocido
Iraqi League,542,Iraq,Regular Season - 38,False,2025-07-03,11066,11067,Al Najaf,Al Talaba,2,0,1.0,0.0,,,,,,,,,Desconocido
Iraqi League,542,Iraq,Regular Season - 38,False,2025-07-03,8009,11074,Al Quwa Al Jawiya,Naft Maysan,4,2,3.0,1.0,,,,,,,,,Desconocido
Iraqi League,542,Iraq,Regular Season - 38,False,2025-07-03,25062,11064,Newroz,Al Kahrabaa,1,1,0.0,1.0,,,,,,,,,Desconocido
Kakkonen - Lohko B,248,Finland,Group B - 11,False,2025-07-03,9174,9209,Kiffen,HJS Akatemia,1,4,1.0,1.0,,,,,,,,,Ifeoma Kulmala
Kakkonen - Lohko B,248,Finland,Group B - 11,False,2025-07-03,2245,13517,Musa,HPS,1,1,0.0,0.0,,,,,,,,,Henrik Sandmark
Liga Pro Serie B,243,Ecuador,Regular Season - 16,False,2025-07-03,25737,19034,Atlético Vinotinto,Leones del Norte,0,0,0.0,0.0,,,,,,,,,Henri Arizaga
Liga Pro Serie B,243,Ecuador,Regular Season - 16,False,2025-07-03,19042,1983,Vargas Torres,Imbabura,1,0,1.0,0.0,,,,,,,,,Alexander Fabricio Barrigas Izurieta
MLS Next Pro,909,USA,Regular Season - 22,False,2025-07-03,10282,18814,North Texas,Minnesota United II,3,1,1.0,0.0,,,,,,,,,Kyle Armstrong
MLS Next Pro,909,USA,Regular Season - 22,False,2025-07-03,4020,18816,Tacoma Defiance,The Town,4,4,2.0,1.0,,,,,,,,,Bowen Taylor
MLS Next Pro,909,USA,Regular Season - 22,False,2025-07-03,3997,4028,Ventura County,Vancouver Whitecaps II,1,2,0.0,2.0,,,,,,,,,Mark Verso
Major League Soccer,253,USA,Regular Season - 20,False,2025-07-03,1604,1601,New York City FC,Toronto FC,3,1,1.0,0.0,,,,,,,,,"Fotis Bazakos, USA"
Meistaradeildin,367,Faroe-Islands,Regular Season - 16,False,2025-07-03,580,701,Vikingur Gota,KI Klaksvik,0,1,0.0,0.0,,,,,,,,,Jákup Mohr
Paraibano U20,1120,Brazil,Group Stage - 5,False,2025-07-03,24041,24036,Guarabira U20,Auto Esporte PB U20,1,3,1.0,1.0,,,,,,,,,Desconocido
Premier League,569,Kyrgyzstan,Regular Season - 13,False,2025-07-03,12234,25765,Abdish-Ata,Bars,1,2,0.0,0.0,,,,,,,,,Desconocido
Premier League,390,Lebanon,Championship Round - 12,True,2025-07-03,4570,4567,Al Nejmeh,Al Ahed,4,1,2.0,0.0,,,,,,,,,Ali Al Ashkar
Premier League,569,Kyrgyzstan,Regular Season - 13,False,2025-07-03,8026,12240,Dordoi Bishkek,Neftchi,3,2,2.0,0.0,,,,,,,,,Desconocido
Premier League,116,Belarus,Regular Season - 15,False,2025-07-03,7808,394,ML Vitebsk,Dinamo Minsk,2,0,2.0,0.0,,,,,,,,,Amin Kurgkheli
Premier League,1031,Bhutan,Regular Season,False,2025-07-03,19005,5593,RTC,Transport United,2,3,0.0,2.0,,,,,,,,,Desconocido
Second League - Group 4,653,Russia,Group 4 - 2,False,2025-07-03,25867,21536,KDV,Uralets Nizhnyi Tagil,0,0,0.0,0.0,,,,,,,,,Desconocido
Serie B,72,Brazil,Regular Season - 15,False,2025-07-03,144,146,Atletico Goianiense,CRB,2,1,1.0,1.0,,,,,,,,,"Wagner do Nascimento Magalhaes, Brazil"
Super League,369,Uzbekistan,Regular Season - 15,False,2025-07-03,4222,4221,Shortan,Qizilqum,1,2,1.0,1.0,,,,,,,,,Gayrat Djuraev
UEFA Championship - Women,743,World,Group Stage - 1,False,2025-07-03,1777,1748,Belgium W,Italy W,0,1,0.0,1.0,,,,,,,,,Désirée Grundbacher
UEFA Championship - Women,743,World,Group Stage - 1,False,2025-07-03,1736,1769,Spain W,Portugal W,5,0,4.0,0.0,,,,,,,,,Iuliana Elena Demetrescu
USL Championship,255,USA,Regular Season - 18,False,2025-07-03,3999,4007,Loudoun United,Orange County SC,0,0,0.0,0.0,,,,,,,,,Benjamin Meyer
USL League Two,256,USA,Southern Conference - 19,True,2025-07-03,10066,10067,Denton Diablos,Louisiana Krewe,0,3,0.0,1.0,,,,,,,,,Desconocido
USL League Two,256,USA,Western Conference - 17,True,2025-07-03,18895,23108,Flatirons Rush,Albion Colorado,0,2,0.0,0.0,,,,,,,,,Desconocido
USL League Two,256,USA,Central Conference - 16,True,2025-07-03,18898,10100,Lansing City,Oakland County,0,3,0.0,2.0,,,,,,,,,Desconocido
USL League Two,256,USA,Southern Conference - 19,True,2025-07-03,9028,4036,Laredo Heat,Brazos Valley,2,0,1.0,0.0,,,,,,,,,Desconocido
USL League Two,256,USA,Eastern Conference - 20,True,2025-07-03,4061,23971,Lionsbridge,Annapolis Blues,3,0,1.0,0.0,,,,,,,,,Desconocido
USL League Two,256,USA,Western Conference - 17,True,2025-07-03,4109,4093,Tucson,Ventura County Fusion,2,1,1.0,1.0,,,,,,,,,Desconocido
WPSL,1116,USA,West - 14,True,2025-07-03,23760,23850,California Storm,San Ramon,4,0,,,,,,,,,,,Desconocido
WPSL,1116,USA,Central - 17,True,2025-07-03,23858,25984,SouthStar,Fort Worth Vaqueras,2,1,,,,,,,,,,,Desconocido
Ykkösliiga,1087,Finland,Regular Season - 13,False,2025-07-03,9187,1168,KäPa,Turku PS,4,2,1.0,0.0,,,,,,,,,Desconocido
Ykkösliiga,1087,Finland,Regular Season - 13,False,2025-07-03,1166,9172,Lahti,JIPPO,3,2,1.0,2.0,,,,,,,,,Desconocido
Úrvalsdeild,164,Iceland,Regular Season - 14,False,2025-07-03,3514,276,Afturelding,Breidablik,2,2,1.0,2.0,,,,,,,,,Þórður Þorsteinn Þórðarson
1. Deild,366,Faroe-Islands,Regular Season - 16,False,2025-07-02,4185,4180,B36 II,KÍ II,2,0,1.0,0.0,,,,,,,,,Desconocido
1. Deild,366,Faroe-Islands,Regular Season - 16,False,2025-07-02,4191,4181,Skála,NSÍ II,3,0,1.0,0.0,,,,,,,,,Desconocido
1. Deild,366,Faroe-Islands,Regular Season - 16,False,2025-07-02,4183,18445,Víkingur II,07 Vestur II,4,0,1.0,0.0,,,,,,,,,Desconocido
3. Division - Girone 2,775,Norway,Group 2 - 9,False,2025-07-02,16223,10113,Melhus,Rosenborg II,4,1,1.0,1.0,,,,,,,,,Desconocido
Asian Cup Women - Qualification,894,World,Qualifying Round - 2,True,2025-07-02,17885,14462,Bangladesh W,Myanmar W,2,1,1.0,0.0,,,,,,,,,Desconocido
Asian Cup Women - Qualification,894,World,Qualifying Round - 2,True,2025-07-02,26046,17892,Cambodia W,Philippines W,0,6,0.0,4.0,,,,,,,,,Desconocido
Asian Cup Women - Qualification,894,World,Qualifying Round - 4,True,2025-07-02,16931,23051,India W,Iraq W,5,0,2.0,0.0,,,,,,,,,Desconocido
Asian Cup Women - Qualification,894,World,Qualifying Round - 2,True,2025-07-02,21019,17886,Kyrgyz Republic W,Chinese Taipei W,0,3,0.0,1.0,,,,,,,,,Desconocido
Asian Cup Women - Qualification,894,World,Qualifying Round - 2,True,2025-07-02,18267,16945,Laos W,Uzbekistan W,0,7,0.0,2.0,,,,,,,,,Desconocido
Asian Cup Women - Qualification,894,World,Qualifying Round - 2,True,2025-07-02,17888,18266,Maldives W,Guam W,0,3,0.0,1.0,,,,,,,,,Desconocido
Asian Cup Women - Qualification,894,World,Qualifying Round - 4,True,2025-07-02,17889,1735,Mongolia W,Thailand W,0,11,0.0,5.0,,,,,,,,,Desconocido
Asian Cup Women - Qualification,894,World,Qualifying Round - 2,True,2025-07-02,20806,17887,Pakistan W,Indonesia W,2,0,2.0,0.0,,,,,,,,,Desconocido
Asian Cup Women - Qualification,894,World,Qualifying Round - 2,True,2025-07-02,17891,21343,Palestine W,Korea DPR W,0,10,0.0,6.0,,,,,,,,,Desconocido
Asian Cup Women - Qualification,894,World,Qualifying Round - 2,True,2025-07-02,20453,17896,Saudi Arabia W,Hong Kong W,0,1,0.0,0.0,,,,,,,,,Desconocido
Asian Cup Women - Qualification,894,World,Qualifying Round - 2,True,2025-07-02,21021,17890,Sri Lanka W,Nepal W,0,8,0.0,4.0,,,,,,,,,Desconocido
Asian Cup Women - Qualification,894,World,Qualifying Round - 2,True,2025-07-02,17894,18268,Tajikistan W,Malaysia W,0,1,0.0,0.0,,,,,,,,,Desconocido
Asian Cup Women - Qualification,894,World,Qualifying Round - 2,True,2025-07-02,21023,18258,Turkmenistan W,Bahrain W,2,2,0.0,0.0,,,,,,,,,Desconocido
Asian Cup Women - Qualification,894,World,Qualifying Round - 2,True,2025-07-02,17884,17895,UAE W,Vietnam W,0,6,0.0,3.0,,,,,,,,,Desconocido
Brasileiro U17,1128,Brazil,1st Phase - 8,True,2025-07-02,24468,24485,America MG U17,RB Bragantino U17,0,3,0.0,1.0,,,,,,,,,Desconocido
Brasileiro U17,1128,Brazil,1st Phase - 8,True,2025-07-02,24471,24475,Atlético Mineiro U17,Corinthians U17,2,1,1.0,0.0,,,,,,,,,Desconocido
Brasileiro U17,1128,Brazil,1st Phase - 8,True,2025-07-02,24473,24476,Botafogo U17,Cruzeiro U17,1,5,0.0,3.0,,,,,,,,,Desconocido
Brasileiro U20 A,740,Brazil,1st Phase - 16,True,2025-07-02,12984,13009,Athletico PR U20,Fortaleza U20,1,0,1.0,0.0,,,,,,,,,Desconocido
Brasileiro U20 A,740,Brazil,1st Phase - 16,True,2025-07-02,12954,13000,Bahia U20,Cruzeiro U20,0,2,0.0,1.0,,,,,,,,,Desconocido
Brasileiro U20 A,740,Brazil,1st Phase - 16,True,2025-07-02,22875,13011,Botafogo U20,Grêmio U20,4,0,2.0,0.0,,,,,,,,,Desconocido
Brasileiro U20 A,740,Brazil,1st Phase - 16,True,2025-07-02,13008,12986,Fluminense U20,Atlético GO U20,3,0,1.0,0.0,,,,,,,,,Desconocido
Brasileiro U20 A,740,Brazil,1st Phase - 16,True,2025-07-02,12962,12998,Internacional U20,Corinthians U20,1,0,0.0,0.0,,,,,,,,,Desconocido
Brasileiro U20 A,740,Brazil,1st Phase - 16,True,2025-07-02,18345,11054,RB Bragantino U20,Flamengo U20,2,1,0.0,0.0,,,,,,,,,Desconocido
Brasileiro U20 A,740,Brazil,1st Phase - 16,True,2025-07-02,12973,13020,São Paulo U20,Juventude U20,0,1,0.0,1.0,,,,,,,,,Desconocido
Brasileiro U20 A,740,Brazil,1st Phase - 16,True,2025-07-02,12979,12968,Vasco da Gama U20,Palmeiras U20,1,2,0.0,2.0,,,,,,,,,Desconocido
CONCACAF Gold Cup,22,World,Semi-finals,True,2025-07-02,16,4672,Mexico,Honduras,1,0,0.0,0.0,,,,,,,,,Juan Calderón
CONCACAF Gold Cup,22,World,Semi-finals,True,2025-07-02,2384,5161,USA,Guatemala,2,1,2.0,0.0,,,,,,,,,Oshane Anthony Nation
Calcutta Premier Division,1020,India,Regular Season - 2,False,2025-07-02,15749,21606,Bhawanipore,Kidderpore,5,0,1.0,0.0,,,,,,,,,Desconocido
Calcutta Premier Division,1020,India,Regular Season - 2,False,2025-07-02,21215,22001,Rainbow,Aryan,4,0,1.0,0.0,,,,,,,,,Desconocido
Calcutta Premier Division,1020,India,Regular Season - 2,False,2025-07-02,26117,21601,Sribhumi,Diamond Harbour,0,0,0.0,0.0,,,,,,,,,Desconocido
Calcutta Premier Division,1020,India,Regular Season - 2,False,2025-07-02,8241,26118,United,United Kolkata,0,1,0.0,1.0,,,,,,,,,Desconocido
Calcutta Premier Division,1020,India,Regular Season - 2,False,2025-07-02,21612,21610,Wari,Southern Samity,1,0,0.0,0.0,,,,,,,,,Desconocido
Catarinense - 2,936,Brazil,Regular Season - 5,False,2025-07-02,25115,7860,FC Porto,Metropolitano,2,1,1.0,1.0,,,,,,,,,Desconocido
Catarinense U20,1076,Brazil,1st Phase - 11,True,2025-07-02,12953,12995,Avaí U20,Chapecoense U20,1,2,0.0,1.0,,,,,,,,,Desconocido
Catarinense U20,1076,Brazil,1st Phase - 12,True,2025-07-02,20755,23321,Figueirense U20,Barra SC U20,0,0,0.0,0.0,,,,,,,,,Desconocido
Catarinense U20,1076,Brazil,1st Phase - 14,True,2025-07-02,23324,23325,Marcilio Dias U20,Nação U20,0,3,0.0,2.0,,,,,,,,,Desconocido
Copa Argentina,130,Argentina,Round of 32,True,2025-07-02,1064,473,Platense,Independ. Rivadavia,2,2,1.0,1.0,,,,,,,,,Pablo Dóvalo
Copa Argentina,130,Argentina,Round of 32,True,2025-07-02,436,461,Racing Club,San Martin S.J.,3,1,1.0,1.0,,,,,,,,,Fernando Echenique
Copa Chile,267,Chile,Round of 16,True,2025-07-02,5635,2328,Concepción,Huachipato,1,1,0.0,1.0,,,,,,,,,Rodrigo Rivera
Copa Chile,267,Chile,Round of 16,True,2025-07-02,2341,2322,D. La Serena,San Luis,4,1,2.0,0.0,,,,,,,,,Gastón Philippe
Copa Chile,267,Chile,Round of 16,True,2025-07-02,2326,2330,Union La Calera,Coquimbo Unido,1,4,1.0,3.0,,,,,,,,,Franco Esteban Jiménez Lazo
Copa Paulista,742,Brazil,1st Round - 3,True,2025-07-02,10031,16058,Comercial,Botafogo SP B,1,0,1.0,0.0,,,,,,,,,Daiane Caroline Muniz dos Santos
Copa Rio,1035,Brazil,1st Round,True,2025-07-02,2203,13087,Americano Campos,Campo Grande,2,0,0.0,0.0,,,,,,,,,Desconocido
Copa Rio,1035,Brazil,1st Round,True,2025-07-02,13104,23637,América RJ,Niteroiense,2,0,0.0,0.0,,,,,,,,,Desconocido
Copa Rio,1035,Brazil,1st Round,True,2025-07-02,20006,13109,CEAC / Araruama,Bonsucesso,0,0,0.0,0.0,,,,,,,,,Desconocido
Copa Rio,1035,Brazil,1st Round,True,2025-07-02,10672,20007,Cabofriense,Paduano,1,0,1.0,0.0,,,,,,,,,Desconocido
Copa Rio,1035,Brazil,1st Round,True,2025-07-02,12278,17737,Duque de Caxias,Carapebus,2,0,2.0,0.0,,,,,,,,,Desconocido
Copa Rio,1035,Brazil,1st Round,True,2025-07-02,13114,13118,Olaria,São Gonçalo EC RJ,5,0,4.0,0.0,,,,,,,,,Desconocido
Copa Rio,1035,Brazil,1st Round,True,2025-07-02,23262,13106,Petrópolis,Artsul,2,0,1.0,0.0,,,,,,,,,Desconocido
Copa Rio,1035,Brazil,1st Round,True,2025-07-02,4857,17738,Resende,Pérolas Negras,2,1,,,,,,,,,,,Desconocido
Copa Venezuela,1113,Venezuela,Round 1 - Group D,False,2025-07-02,2838,2824,Angostura FC,Mineros de Guyana,1,2,0.0,1.0,,,,,,,,,Desconocido
Copa Venezuela,1113,Venezuela,Round 1 - Group A,False,2025-07-02,2817,2853,Aragua FC,Petare FC,1,1,0.0,1.0,,,,,,,,,Desconocido
Copa Venezuela,1113,Venezuela,Round 1 - Group D,False,2025-07-02,21231,2811,Bolívar,Monagas SC,0,0,0.0,0.0,,,,,,,,,Desconocido
Copa Venezuela,1113,Venezuela,Round 1 - Group A,False,2025-07-02,2858,2808,Dinamo de Puerto La Cruz,Caracas FC,2,2,1.0,0.0,,,,,,,,,Desconocido
Copa Venezuela,1113,Venezuela,Round 1 - Group E,False,2025-07-02,10091,16847,Fundación Lara Deportiva,Rayo Zuliano,2,0,1.0,0.0,,,,,,,,,Desconocido
Copa Venezuela,1113,Venezuela,Round 1 - Group C,False,2025-07-02,21208,2837,Marítimo,Titanes FC,3,2,2.0,1.0,,,,,,,,,Desconocido
Copa Venezuela,1113,Venezuela,Round 1 - Group B,False,2025-07-02,2847,2832,Real Frontera,Atletico el Vigia FC,0,1,0.0,0.0,,,,,,,,,Desconocido
Copa Venezuela,1113,Venezuela,Round 1 - Group E,False,2025-07-02,2815,18807,Trujillanos FC,Héroes de Falcón,3,2,3.0,1.0,,,,,,,,,Desconocido
Copa Venezuela,1113,Venezuela,Round 1 - Group B,False,2025-07-02,2816,2818,Urena SC,Estudiantes de Merida FC,0,1,0.0,1.0,,,,,,,,,Desconocido
Copa Venezuela,1113,Venezuela,Round 1 - Group C,False,2025-07-02,2829,2806,Yaracuyanos FC,Zamora FC,0,2,0.0,1.0,,,,,,,,,Desconocido
Copa de la División Profesional,964,Bolivia,Copa Bolivia - 4,True,2025-07-02,3637,17760,Aurora,San Antonio Bulo Bulo,0,3,0.0,2.0,,,,,,,,,Porfidio Serrano Fernández
Copa de la División Profesional,964,Bolivia,Copa Bolivia - 4,True,2025-07-02,3707,17762,Oriente Petrolero,Universitario de Vinto,3,2,3.0,0.0,,,,,,,,,Herlan Salazar
Cup,657,Estonia,Round of 64,True,2025-07-02,14292,3529,Hiiumaa,Tallinna Kalev,0,3,0.0,0.0,,,,,,,,,Martti Pukk
Cup,802,Uzbekistan,Round of 16,True,2025-07-02,4220,23309,Pakhtakor,Olimpik-Mobiuz,2,1,1.0,0.0,,,,,,,,,Desconocido
Cup,802,Uzbekistan,Round of 16,True,2025-07-02,16381,4216,Xorazm,Navbahor,1,3,0.0,0.0,,,,,,,,,Desconocido
Division Intermedia,251,Paraguay,Regular Season - 15,False,2025-07-02,25590,2138,Guaraní de Fram,Guairena FC,3,2,0.0,1.0,,,,,,,,,Marcos Galeano
Eerste Divisie,568,Suriname,Quarter-finals,True,2025-07-02,12217,12216,PVV,Notch,1,1,,,,,,,,,,,Desconocido
Esiliiga B,1126,Estonia,Regular Season - 21,False,2025-07-02,16402,16718,Paide II,JK Tabasalu,0,2,0.0,1.0,,,,,,,,,Desconocido
Ettan - Södra,564,Sweden,Södra - 16,True,2025-07-02,6663,12601,Eskilsminne,Olympic,2,0,1.0,0.0,,,,,,,,,Desconocido
FA Cup,294,South-Korea,Quarter-finals,True,2025-07-02,2747,2746,Daegu FC,Gangwon FC,1,2,0.0,1.0,,,,,,,,,Hyung-Jin Ko
FA Cup,294,South-Korea,Quarter-finals,True,2025-07-02,2766,2762,FC Seoul,Jeonbuk Motors,0,1,0.0,0.0,,,,,,,,,Dong-Jun Lee
FA Cup,294,South-Korea,Quarter-finals,True,2025-07-02,7078,2745,Gimpo Citizen,Bucheon FC 1995,1,3,0.0,2.0,,,,,,,,,Dong-Sik Jung
FA Cup,294,South-Korea,Quarter-finals,True,2025-07-02,2759,2767,Gwangju FC,Ulsan Hyundai FC,1,0,0.0,0.0,,,,,,,,,Jong-Hyeok Kim
FKF Premier League,276,Kenya,Relegation - Final,True,2025-07-02,2459,19488,Posta Rangers FC,Naivas,0,1,0.0,1.0,,,,,,,,,Desconocido
Friendlies Clubs,667,World,Club Friendlies 3,True,2025-07-02,406,404,Aarhus,AC Horsens,2,1,1.0,0.0,,,,,,,,,Desconocido
Friendlies Clubs,667,World,Club Friendlies 3,True,2025-07-02,344,348,Arka Gdynia,Pogon Szczecin,2,0,2.0,0.0,,,,,,,,,Desconocido
Friendlies Clubs,667,World,Club Friendlies 3,True,2025-07-02,12735,9361,Barockstadt Fulda-Lehn.,Bayern Alzenau,2,3,1.0,2.0,,,,,,,,,Desconocido
Friendlies Clubs,667,World,Club Friendlies 3,True,2025-07-02,2257,2646,Dunajska Streda,TSC Backa Topola,1,1,0.0,1.0,,,,,,,,,Desconocido
Friendlies Clubs,667,World,Club Friendlies 3,True,2025-07-02,397,401,FC Midtjylland,Randers FC,2,3,,,,,,,,,,,Desconocido
Friendlies Clubs,667,World,Club Friendlies 3,True,2025-07-02,9330,21415,Illertissen,Sonthofen,2,0,1.0,0.0,,,,,,,,,Desconocido
Friendlies Clubs,667,World,Club Friendlies 3,True,2025-07-02,336,6941,Jagiellonia,Górnik Łęczna,2,0,1.0,0.0,,,,,,,,,Desconocido
Friendlies Clubs,667,World,Club Friendlies 3,True,2025-07-02,12807,1634,Kottern,FC 08 Homburg,0,6,0.0,2.0,,,,,,,,,Desconocido
Friendlies Clubs,667,World,Club Friendlies 3,True,2025-07-02,4248,14750,Radomiak Radom,Pogoń Grod. Mazowiecki,1,1,0.0,1.0,,,,,,,,,Desconocido
Friendlies Clubs,667,World,Club Friendlies 3,True,2025-07-02,1652,4674,SSV Ulm 1846,Bayern München II,1,2,0.0,0.0,,,,,,,,,Desconocido
Friendlies Clubs,667,World,Club Friendlies 3,True,2025-07-02,6227,735,Thes Sport,St. Truiden,2,4,1.0,2.0,,,,,,,,,Desconocido
Friendlies Clubs,667,World,Club Friendlies 3,True,2025-07-02,3495,12835,Tychy 71,Polonia Bytom,2,1,,,,,,,,,,,Desconocido
Friendlies Clubs,667,World,Club Friendlies 3,True,2025-07-02,204,3921,VVV Venlo,RKSV Nuenen,8,0,1.0,0.0,,,,,,,,,Desconocido
Friendlies Clubs,667,World,Club Friendlies 3,True,2025-07-02,6962,3713,Widzew Łódź,Baník Ostrava,2,0,0.0,0.0,,,,,,,,,Desconocido
Friendlies Women,666,World,Friendlies,True,2025-07-02,1729,1737,Mexico W,Colombia W,1,0,0.0,0.0,,,,,,,,,Saphire Stockman
Friendlies Women,666,World,Friendlies,True,2025-07-02,1718,1717,USA W,Canada W,3,0,2.0,0.0,,,,,,,,,Marianela Araya Cruz
GFA League,845,Gambia,Regular Season - 29,False,2025-07-02,16799,25420,Banjul,Hart Acedemy,1,0,1.0,0.0,,,,,,,,,Desconocido
GFA League,845,Gambia,Regular Season - 29,False,2025-07-02,16801,10531,Fortune,Warriors,3,1,1.0,0.0,,,,,,,,,Desconocido
GFA League,845,Gambia,Regular Season - 29,False,2025-07-02,16802,16186,Marimoo,Falcons,1,0,1.0,0.0,,,,,,,,,Desconocido
GFA League,845,Gambia,Regular Season - 29,False,2025-07-02,18108,20811,Steve Biko,Greater Tomorrow,1,2,0.0,1.0,,,,,,,,,Desconocido
GFA League,845,Gambia,Regular Season - 29,False,2025-07-02,18109,25419,Team Rhino,Dutch Lions,0,0,0.0,0.0,,,,,,,,,Desconocido
Gaúcho - 2,478,Brazil,1st Phase - 9,True,2025-07-02,10057,10045,Veranópolis,Brasil Farroupilha,3,1,0.0,1.0,,,,,,,,,Desconocido
Iraqi League,542,Iraq,Regular Season - 38,False,2025-07-02,11065,25061,Al Minaa Basra,Diyala,3,0,1.0,0.0,,,,,,,,,Desconocido
Iraqi League,542,Iraq,Regular Season - 38,False,2025-07-02,25063,15547,Al-Karma,Zakho,0,0,0.0,0.0,,,,,,,,,Desconocido
Iraqi League,542,Iraq,Regular Season - 38,False,2025-07-02,15546,5242,Al-Qasim,Al Shorta,2,2,0.0,1.0,,,,,,,,,Desconocido
Iraqi League,542,Iraq,Regular Season - 38,False,2025-07-02,11071,8010,Naft,Al Zawra'a,2,1,1.0,0.0,,,,,,,,,Desconocido
J1 League,98,Japan,Regular Season - 5,False,2025-07-02,289,282,Vissel Kobe,Sanfrecce Hiroshima,1,0,0.0,0.0,,,,,,,,,"Koei Koya, Japan"
Kakkonen - Lohko A,247,Finland,Group A - 11,False,2025-07-02,2079,2243,GrIFK,MyPa,0,3,0.0,0.0,,,,,,,,,Pouria Notash
Kakkonen - Lohko A,247,Finland,Group A - 11,False,2025-07-02,9178,18503,PEPO,HaPK Edustus,2,1,1.0,1.0,,,,,,,,,Minka Vekkeli
Kakkonen - Lohko A,247,Finland,Group A - 11,False,2025-07-02,18596,13563,PuiU Helsinki,JPS,3,1,2.0,1.0,,,,,,,,,Desconocido
Kakkonen - Lohko A,247,Finland,Group A - 11,False,2025-07-02,9201,1169,Vaajakoski,Honka,0,4,0.0,2.0,,,,,,,,,Kalle Nummela
Kakkonen - Lohko B,248,Finland,Group B - 11,False,2025-07-02,18485,9188,Atlantis II,P-Iirot,0,4,0.0,2.0,,,,,,,,,Niko Jokinen
Kakkonen - Lohko B,248,Finland,Group B - 11,False,2025-07-02,9177,9185,NJS,Ilves II,1,1,0.0,1.0,,,,,,,,,Fazli Suka
Kakkonen - Lohko B,248,Finland,Group B - 11,False,2025-07-02,13508,2244,PPJ,TPV,2,3,0.0,2.0,,,,,,,,,Aapo Kyllönen
Kakkonen - Lohko C,249,Finland,Group C - 12,False,2025-07-02,9199,6073,VIFK,JS Hercules,5,1,2.0,0.0,,,,,,,,,Lassi Siukkola
League Two,929,China,Regular Season - 17,False,2025-07-02,25775,19320,Guizhou Zhucheng,Shangyu Pterosaur,5,0,1.0,0.0,,,,,,,,,Yang Wang
League Two,929,China,Regular Season - 17,False,2025-07-02,5665,17269,Jiangxi Liansheng,Wuxi Wugou,1,0,0.0,0.0,,,,,,,,,Xin He
League Two,929,China,Regular Season - 17,False,2025-07-02,21328,19321,Rizhao Yuqi,Tai'an Tiankuang,1,2,1.0,2.0,,,,,,,,,Xiangyu Guo
League Two,929,China,Regular Season - 17,False,2025-07-02,23288,23132,Shandong Taishan II,Changchun Xidu,4,1,3.0,1.0,,,,,,,,,Xiangsheng Xue
League Two,929,China,Regular Season - 17,False,2025-07-02,20674,5647,Xi'an Ronghai,BIT,2,1,1.0,0.0,,,,,,,,,Xing Xiong
League Two,929,China,Regular Season - 17,False,2025-07-02,17272,25774,Yichun Grand Tiger,Guangzhou Dandelion,0,1,0.0,1.0,,,,,,,,,Shenfei Zheng
Liga Pro Serie B,243,Ecuador,Regular Season - 16,False,2025-07-02,1159,10112,Guayaquil City FC,Chacaritas,6,0,3.0,0.0,,,,,,,,,Patricia Michelle Robles Romero
Liga Pro Serie B,243,Ecuador,Regular Season - 16,False,2025-07-02,2238,25736,Ind. Juniors,22 de Julio,2,0,1.0,0.0,,,,,,,,,Edison Adrián Silva Lara
Mineiro - 2,619,Brazil,2nd Phase - 2,True,2025-07-02,13086,13082,Betim,Mamoré,1,0,0.0,0.0,,,,,,,,,Desconocido
Mineiro - 2,619,Brazil,2nd Phase - 2,True,2025-07-02,7824,21166,CAP,North Esporte,0,1,0.0,0.0,,,,,,,,,Desconocido
NPSL,1118,USA,Midwest - 9,True,2025-07-02,25870,9020,Ambassadors Ohio,Erie Commodores,4,1,3.0,0.0,,,,,,,,,Desconocido
NPSL,1118,USA,South - 11,True,2025-07-02,23972,25877,Arkansas Wolves,Oklahoma United,4,3,2.0,2.0,,,,,,,,,Desconocido
NPSL,1118,USA,South - 11,True,2025-07-02,23974,23978,Bristol Rhythm,Charlottetowne Hops,3,6,3.0,1.0,,,,,,,,,Desconocido
NPSL,1118,USA,Midwest - 10,True,2025-07-02,25872,18470,Buffalo Stallions,Flower City Union,0,3,0.0,1.0,,,,,,,,,Desconocido
NPSL,1118,USA,South - 10,True,2025-07-02,25873,24020,Burlington United,865 Alliance,0,0,0.0,0.0,,,,,,,,,Desconocido
NPSL,1118,USA,East - 11,True,2025-07-02,23980,25875,DMV Elite,District Elite,1,2,1.0,0.0,,,,,,,,,Desconocido
NPSL,1118,USA,Midwest - 10,True,2025-07-02,9018,24011,Duluth,Siouxland United,3,2,0.0,1.0,,,,,,,,,Desconocido
NPSL,1118,USA,South - 11,True,2025-07-02,23998,10070,Miami Dutch Lions,Naples United,1,2,1.0,2.0,,,,,,,,,Desconocido
NPSL,1118,USA,East - 11,True,2025-07-02,24006,9037,Pennsylvania Classics,West Chester United,1,3,1.0,1.0,,,,,,,,,Desconocido
NPSL,1118,USA,Midwest - 10,True,2025-07-02,24013,25882,Syracuse FC,Rochester New York II,0,4,0.0,2.0,,,,,,,,,Desconocido
Northern NSW NPL,481,Australia,Regular Season - 9,False,2025-07-02,10208,10202,Maitland,Broadmeadow Magic,0,0,0.0,0.0,,,,,,,,,Desconocido
Premier Division,1080,Grenada,Regular Season - 9,False,2025-07-02,23370,23371,SAB Spartans,St. John's,0,2,0.0,1.0,,,,,,,,,Desconocido
Premier League,584,Libya,Relegation Round - 5,True,2025-07-02,12443,24591,Abilashehar,Majd,3,2,1.0,1.0,,,,,,,,,Desconocido
Premier League,390,Lebanon,Championship Round - 12,True,2025-07-02,11879,4569,Al Hikma,Al Ansar,0,2,0.0,1.0,,,,,,,,,Ali Reda
Premier League,425,Syria,Regular Season - 11,False,2025-07-02,9111,8035,Al Karama,Al Wahda,1,2,1.0,1.0,,,,,,,,,Desconocido
Premier League,425,Syria,Regular Season - 11,False,2025-07-02,24992,8040,Al Shouleh,Jaish,1,1,1.0,0.0,,,,,,,,,Desconocido
Premier League,584,Libya,Relegation Round - 5,True,2025-07-02,12448,22727,Al-Tirsana,Al Bashaer Club,4,3,2.0,1.0,,,,,,,,,Desconocido
Premier League,569,Kyrgyzstan,Regular Season - 13,False,2025-07-02,12235,12236,Alga,Ilbirs,2,1,0.0,1.0,,,,,,,,,Desconocido
Premier League,764,Mongolia,Regular Season - 23,False,2025-07-02,22067,16185,Central Stallions,Deren,1,3,1.0,1.0,,,,,,,,,Desconocido
Premier League,764,Mongolia,Regular Season - 23,False,2025-07-02,8027,16854,Erchim,Ulaanbaatar,0,3,0.0,3.0,,,,,,,,,Desconocido
Premier League,425,Syria,Regular Season - 11,False,2025-07-02,9115,8019,Hottin,Al Ittihad,1,1,0.0,0.0,,,,,,,,,Desconocido
Premier League,390,Lebanon,Championship Round - 12,True,2025-07-02,4573,4577,Safa,Tadamon Sour,5,2,3.0,1.0,,,,,,,,,Wael Haydar
Premier League,425,Syria,Regular Season - 11,False,2025-07-02,9123,9118,Shorta,Wathba,1,2,1.0,2.0,,,,,,,,,Desconocido
Premiership Women,1103,Northern-Ireland,Regular Season - 7,False,2025-07-02,10918,23261,Linfield W,Lisburn Ladies W,5,0,1.0,0.0,,,,,,,,,Desconocido
Primera División,281,Peru,Apertura - 4,True,2025-07-02,22479,2554,Juan Pablo II College,FBC Melgar,1,1,0.0,1.0,,,,,,,,,"Diego Haro, Peru"
Second League - Group 2,652,Russia,Group 2 - 15,False,2025-07-02,25868,2014,Baltika II,Chertanovo Moscow,3,3,1.0,3.0,,,,,,,,,Desconocido
Super Cup,530,Georgia,Final,True,2025-07-02,3499,14864,Dila,Spaeri,2,0,0.0,0.0,,,,,,,,,Aleko Aptsiauri
Super League,391,Malawi,Regular Season - 10,False,2025-07-02,23427,4597,Creck,Silver Strikers,1,2,0.0,1.0,,,,,,,,,Desconocido
Super League,369,Uzbekistan,Regular Season - 7,False,2025-07-02,4224,4217,Dinamo Samarqand,Neftchi,0,2,0.0,1.0,,,,,,,,,Firdavs Norsafarov
Super League,391,Malawi,Regular Season - 11,False,2025-07-02,25893,4599,Ekhaya,Nyasa Big Bullets,0,1,0.0,0.0,,,,,,,,,Desconocido
Super League,391,Malawi,Regular Season - 9,False,2025-07-02,4588,11125,Kamuzu Barracks,CIVO United,1,1,0.0,1.0,,,,,,,,,Desconocido
Super League,391,Malawi,Regular Season - 12,False,2025-07-02,25894,4583,Songwe Border United,Be Forward Wanderers,0,2,0.0,0.0,,,,,,,,,Desconocido
UEFA Championship - Women,743,World,Group Stage - 1,False,2025-07-02,1746,1771,Iceland W,Finland W,0,1,0.0,0.0,,,,,,,,,Katalin Kulcsar
UEFA Championship - Women,743,World,Group Stage - 1,False,2025-07-02,1732,1724,Switzerland W,Norway W,1,2,1.0,0.0,,,,,,,,,Ionela Alina Peşu
USL Championship,255,USA,Regular Season - 17,False,2025-07-02,3989,3990,Birmingham Legion,Charleston Battery,0,0,0.0,0.0,,,,,,,,,Matthew Thompson
USL League One,489,USA,Regular Season - 9,False,2025-07-02,25486,25838,Portland Hearts of Pine,Alta,0,2,0.0,1.0,,,,,,,,,Luis Arroyo
USL League One,489,USA,Regular Season - 9,False,2025-07-02,22785,25487,Spokane Velocity,Texoma,1,1,1.0,0.0,,,,,,,,,Ryan Farrell
USL League One,489,USA,Regular Season - 9,False,2025-07-02,25488,9026,Westchester SC,Greenville Triumph,0,3,0.0,3.0,,,,,,,,,Elvis Osmanovic
USL League Two,256,USA,Central Conference - 15,True,2025-07-02,23970,16690,Akron City,Toledo Villa,0,0,0.0,0.0,,,,,,,,,Desconocido
USL League Two,256,USA,Western Conference - 16,True,2025-07-02,18882,23124,Ballard,Tacoma Stars,3,0,1.0,0.0,,,,,,,,,Desconocido
USL League Two,256,USA,Southern Conference - 18,True,2025-07-02,23111,25944,Birmingham Legion II,Montgomery United,2,1,0.0,0.0,,,,,,,,,Desconocido
USL League Two,256,USA,Western Conference - 16,True,2025-07-02,23113,23107,Capo II,AMSG,2,1,1.0,1.0,,,,,,,,,Desconocido
USL League Two,256,USA,Central Conference - 16,True,2025-07-02,18889,23123,Chicago Dutch Lions,Sueno,1,6,0.0,3.0,,,,,,,,,Desconocido
USL League Two,256,USA,Western Conference - 16,True,2025-07-02,18891,25954,Colorado ISA,Colorado Storm,1,5,0.0,2.0,,,,,,,,,Desconocido
USL League Two,256,USA,Western Conference - 16,True,2025-07-02,18893,10145,Davis Legacy,Academica,0,2,0.0,1.0,,,,,,,,,Desconocido
USL League Two,256,USA,Eastern Conference - 20,True,2025-07-02,25938,4068,Delaware FC,Ocean City Nor'easters,1,4,0.0,2.0,,,,,,,,,Desconocido
USL League Two,256,USA,Eastern Conference - 19,True,2025-07-02,4049,9041,Evergreen,Christos,1,2,0.0,0.0,,,,,,,,,Desconocido
USL League Two,256,USA,Southern Conference - 19,True,2025-07-02,4051,9083,FC Miami City,Miami,5,0,4.0,0.0,,,,,,,,,Desconocido
USL League Two,256,USA,Central Conference - 16,True,2025-07-02,4052,18901,Flint City Bucks,Midwest United,0,2,0.0,0.0,,,,,,,,,Desconocido
USL League Two,256,USA,Southern Conference - 19,True,2025-07-02,23117,25946,Hattiesburg,Red River,1,0,0.0,0.0,,,,,,,,,Desconocido
USL League Two,256,USA,Southern Conference - 19,True,2025-07-02,23118,4056,Hill Country Lobos,Houston FC,1,2,0.0,0.0,,,,,,,,,Desconocido
USL League Two,256,USA,Eastern Conference - 20,True,2025-07-02,21283,16682,Ironbound,Morris Elite,0,1,0.0,0.0,,,,,,,,,Desconocido
USL League Two,256,USA,Central Conference - 15,True,2025-07-02,25941,4098,Kings Hammer Columbus,West Virginia Alliance,3,2,2.0,0.0,,,,,,,,,Desconocido
USL League Two,256,USA,Southern Conference - 19,True,2025-07-02,25956,4101,Kings Hammer Sun City,Weston,1,0,0.0,0.0,,,,,,,,,Desconocido
USL League Two,256,USA,Western Conference - 16,True,2025-07-02,4059,25936,Lane United,Bangers,2,1,1.0,0.0,,,,,,,,,Desconocido
USL League Two,256,USA,Eastern Conference - 20,True,2025-07-02,4063,9086,Manhattan,New Jersey Copa,4,1,2.0,0.0,,,,,,,,,Desconocido
USL League Two,256,USA,Eastern Conference - 19,True,2025-07-02,4067,4039,North Carolina II,Charlotte Eagles,3,1,1.0,0.0,,,,,,,,,Desconocido
USL League Two,256,USA,Eastern Conference - 20,True,2025-07-02,18907,23114,Patuxent,Charlottesville Blues,1,2,1.0,1.0,,,,,,,,,Desconocido
USL League Two,256,USA,Central Conference - 16,True,2025-07-02,10101,4047,Peoria,Des Moines Menace,0,0,0.0,0.0,,,,,,,,,Desconocido
USL League Two,256,USA,Southern Conference - 19,True,2025-07-02,21285,21289,Pinellas County,Sarasota Paradise,1,1,1.0,1.0,,,,,,,,,Desconocido
USL League Two,256,USA,Western Conference - 16,True,2025-07-02,18908,18899,Project 51O,Marin,2,1,1.0,1.0,,,,,,,,,Desconocido
USL League Two,256,USA,Western Conference - 16,True,2025-07-02,4079,4077,San Francisco City,SF Glens,2,1,1.0,0.0,,,,,,,,,Desconocido
USL League Two,256,USA,Eastern Conference - 19,True,2025-07-02,4082,18912,Seacoast United Phantoms,Vermont Green,2,3,0.0,1.0,,,,,,,,,Desconocido
USL League Two,256,USA,Southern Conference - 17,True,2025-07-02,10103,23979,Southern Soccer Academy,Columbus United,4,1,3.0,0.0,,,,,,,,,Desconocido
USL League Two,256,USA,Central Conference - 16,True,2025-07-02,18910,10069,St. Croix,Minneapolis City,1,2,0.0,1.0,,,,,,,,,Desconocido
USL League Two,256,USA,Eastern Conference - 20,True,2025-07-02,23122,4062,Staten Island Athletic,Long Island Rough Riders,1,6,1.0,4.0,,,,,,,,,Desconocido
USL League Two,256,USA,Central Conference - 16,True,2025-07-02,23227,17019,Steel City,Buffalo,0,0,0.0,0.0,,,,,,,,,Desconocido
USL League Two,256,USA,Southern Conference - 19,True,2025-07-02,4087,21281,The Villages,Brevard,5,0,2.0,0.0,,,,,,,,,Desconocido
USL League Two,256,USA,Eastern Conference - 19,True,2025-07-02,21293,13192,Virginia Marauders,Virginia Beach City,0,2,0.0,0.0,,,,,,,,,Desconocido
USL League Two,256,USA,Eastern Conference - 20,True,2025-07-02,4097,4066,Wake,North Carolina Fusion,0,1,0.0,0.0,,,,,,,,,Desconocido
USL League Two,256,USA,Western Conference - 16,True,2025-07-02,23128,23120,West Seattle Junction,Midlakes United,2,1,1.0,0.0,,,,,,,,,Desconocido
USL League Two,256,USA,Eastern Conference - 20,True,2025-07-02,4099,18894,Westchester Flames,FC Motown II,0,1,0.0,1.0,,,,,,,,,Desconocido
USL League Two,256,USA,Eastern Conference - 20,True,2025-07-02,4100,18884,Western Mass Pioneers,Blackwatch Rush,5,0,4.0,0.0,,,,,,,,,Desconocido
Veikkausliiga,244,Finland,Regular Season - 13,False,2025-07-02,649,2075,HJK Helsinki,FF Jaro,2,3,1.0,0.0,,,,,,,,,"Joni Hyytia, Finland"
Veikkausliiga,244,Finland,Regular Season - 13,False,2025-07-02,1163,2076,Ilves,Kooteepee,2,1,1.0,0.0,,,,,,,,,"Joona Kontinen, Brazil"
Veikkausliiga,244,Finland,Regular Season - 13,False,2025-07-02,1164,587,Inter Turku,Mariehamn,0,0,0.0,0.0,,,,,,,,,"Matti Roth, Finland"
Veikkausliiga,244,Finland,Regular Season - 13,False,2025-07-02,650,2080,VPS,Haka,1,2,1.0,2.0,,,,,,,,,"Antti Munukka, Finland"
Virsliga,365,Latvia,Regular season - 21,False,2025-07-02,4159,4144,Metta / LU,Tukums,0,3,0.0,1.0,,,,,,,,,Vitālijs Spasjoņņikovs
WPSL,1116,USA,East - 16,True,2025-07-02,25975,23808,Albany Rush W,Merrimack Valley Hawks,1,3,,,,,,,,,,,Desconocido
Ykkönen,245,Finland,Regular Season - 12,False,2025-07-02,10667,9190,Atlantis,Tampere United,2,0,0.0,0.0,,,,,,,,,Valentin Smirnov
Ykkönen,245,Finland,Regular Season - 12,False,2025-07-02,9175,18518,MP,Inter Turku II,2,2,0.0,2.0,,,,,,,,,Remi Rantakaulio
Ykkönen,245,Finland,Regular Season - 12,False,2025-07-02,9195,10199,OLS,KPV-j,1,1,0.0,1.0,,,,,,,,,Tatu Korkalainen
Ykkönen,245,Finland,Regular Season - 12,False,2025-07-02,9203,1167,PKKU,Rops,0,4,0.0,1.0,,,,,,,,,Lotta Vuorio
2. Division - Group 1,473,Norway,Group 1 - 12,False,2025-07-01,16218,7020,Brann II,Pors Grenland,0,2,0.0,0.0,,,,,,,,,Mattias Gripsgård Sakstad
Brasileiro U17,1128,Brazil,1st Phase - 8,True,2025-07-01,24470,24486,Atletico GO U17,Santos U17,0,2,0.0,1.0,,,,,,,,,Desconocido
Brasileiro U17,1128,Brazil,1st Phase - 8,True,2025-07-01,24472,24478,Bahia U17,Flamengo RJ U17,1,2,1.0,2.0,,,,,,,,,Desconocido
Brasileiro U17,1128,Brazil,1st Phase - 8,True,2025-07-01,24477,25797,Cuiaba U17,Juventude U17,0,2,0.0,1.0,,,,,,,,,Desconocido
Brasileiro U17,1128,Brazil,1st Phase - 8,True,2025-07-01,24483,24480,Internacional U17,Fortaleza U17,3,0,2.0,0.0,,,,,,,,,Desconocido
Brasileiro U17,1128,Brazil,1st Phase - 8,True,2025-07-01,24484,24482,Palmeiras U17,Gremio U17,4,1,3.0,1.0,,,,,,,,,Desconocido
Brasileiro U17,1128,Brazil,1st Phase - 8,True,2025-07-01,24487,24469,Sao Paulo U17,Athletico PR U17,1,3,1.0,0.0,,,,,,,,,Desconocido
Brasileiro U20 A,740,Brazil,1st Phase - 16,True,2025-07-01,12981,13055,América Mineiro U20,Santos U20,0,1,0.0,0.0,,,,,,,,,Desconocido
Brasileiro U20 A,740,Brazil,1st Phase - 16,True,2025-07-01,12952,13001,Atlético Mineiro U20,Cuiabá U20,0,0,0.0,0.0,,,,,,,,,Desconocido
Brisbane Premier League,191,Australia,Regular Season - 12,False,2025-07-01,22921,11179,Springfield United,Ipswich Knights,2,4,0.0,0.0,,,,,,,,,Desconocido
Brisbane Premier League,191,Australia,Regular Season - 8,False,2025-07-01,9036,17072,Virginia United,Newmarket,1,0,1.0,0.0,,,,,,,,,Desconocido
Calcutta Premier Division,1020,India,Regular Season - 2,False,2025-07-01,24100,21608,Calcutta Police,Peerless,0,2,0.0,2.0,,,,,,,,,Desconocido
Canadian Premier League,479,Canada,Regular Season - 13,False,2025-07-01,2621,3831,HFX Wanderers FC,Valour,3,1,0.0,1.0,,,,,,,,,Carly Marissa Shaw-MacLaren
Copa Chile,267,Chile,Round of 16,True,2025-07-01,2329,2317,A. Italiano,Deportes Temuco,2,0,2.0,0.0,,,,,,,,,Benjamín Saravia
Copa Chile,267,Chile,Round of 16,True,2025-07-01,16730,2332,Deportes Limache,Cobreloa,3,0,1.0,0.0,,,,,,,,,Piero Maza Gomez
Copa Chile,267,Chile,Round of 16,True,2025-07-01,2337,2336,Nublense,Magallanes,2,0,1.0,0.0,,,,,,,,,Reinerio Andrés Alvarado González
Cup,167,Iceland,Semi-finals,True,2025-07-01,274,275,Valur Reykjavik,Stjarnan,3,1,1.0,1.0,,,,,,,,,Jóhann Ingi Jónsson
Elite Two,813,Cameroon,Relegation Group,False,2025-07-01,5398,16525,APEJES Academy,FAP,4,4,2.0,2.0,,,,,,,,,Desconocido
Elite Two,813,Cameroon,Relegation Group,False,2025-07-01,22589,5559,ISOHSA,Racing,0,1,0.0,0.0,,,,,,,,,Desconocido
Elite Two,813,Cameroon,Relegation Group,False,2025-07-01,5558,5406,Yafoot,Fovu Club,3,2,,,,,,,,,,,Desconocido
FIFA Club World Cup,15,World,8th Finals,True,2025-07-01,165,2282,Borussia Dortmund,Monterrey,2,1,2.0,0.0,,,,,,,,,Facundo Raúl Tello Figueroa
FIFA Club World Cup,15,World,8th Finals,True,2025-07-01,541,496,Real Madrid,Juventus,1,0,0.0,0.0,,,,,,,,,Szymon Marciniak
Friendlies Clubs,667,World,Club Friendlies 3,True,2025-07-01,6767,6769,Elgin City,Fraserburgh,4,1,2.0,0.0,,,,,,,,,Desconocido
Friendlies Clubs,667,World,Club Friendlies 3,True,2025-07-01,184,4262,FC Ingolstadt 04,Eichstätt,5,0,2.0,0.0,,,,,,,,,Desconocido
Friendlies Clubs,667,World,Club Friendlies 3,True,2025-07-01,4682,1369,Hitchin Town,Barnet,0,3,0.0,3.0,,,,,,,,,Desconocido
Friendlies Clubs,667,World,Club Friendlies 3,True,2025-07-01,566,3723,Ludogorets,Hradec Králové,0,2,0.0,1.0,,,,,,,,,Desconocido
Friendlies Clubs,667,World,Club Friendlies 3,True,2025-07-01,6781,1387,Spartans,Ayr Utd,3,2,2.0,2.0,,,,,,,,,Desconocido
Friendlies Clubs,667,World,Club Friendlies 3,True,2025-07-01,415,256,Twente,Motherwell,3,0,1.0,0.0,,,,,,,,,Desconocido
Friendlies Clubs,667,World,Club Friendlies 3,True,2025-07-01,9347,14635,VfB Oldenburg,Bersenbrück,3,3,1.0,2.0,,,,,,,,,Desconocido
Friendlies Women,666,World,Friendlies,True,2025-07-01,18257,18262,Algeria W,Senegal W,0,3,0.0,0.0,,,,,,,,,Desconocido
Friendlies Women,666,World,Friendlies,True,2025-07-01,1744,16062,Belarus W,Azerbaijan W,2,0,0.0,0.0,,,,,,,,,Desconocido
Friendlies Women,666,World,Friendlies,True,2025-07-01,1731,16930,Ecuador W,Guatemala W,1,0,1.0,0.0,,,,,,,,,Desconocido
Friendlies Women,666,World,Friendlies,True,2025-07-01,1753,1755,Estonia W,Kosovo W,2,2,1.0,2.0,,,,,,,,,Desconocido
Friendlies Women,666,World,Friendlies,True,2025-07-01,1773,1776,Serbia W,Russia W,0,3,0.0,1.0,,,,,,,,,Desconocido
Gaúcho - 2,478,Brazil,1st Phase - 9,True,2025-07-01,10047,10149,Glória,Real,0,0,0.0,0.0,,,,,,,,,Desconocido
Gaúcho - 2,478,Brazil,1st Phase - 9,True,2025-07-01,25079,10056,Gramadense,União RS,1,0,1.0,0.0,,,,,,,,,Desconocido
Kakkonen - Lohko C,249,Finland,Group C - 12,False,2025-07-01,25738,9192,OsPa,JBK,4,1,2.0,0.0,,,,,,,,,Akseli Ropponen
Kakkonen - Lohko C,249,Finland,Group C - 12,False,2025-07-01,9214,18609,TP-47,SJK-juniorit,4,3,2.0,2.0,,,,,,,,,Eemil Hietakangas
League Two,929,China,Regular Season - 17,False,2025-07-01,25773,25840,Guangdong Mingtu,Wuhan Three Towns II,2,3,1.0,0.0,,,,,,,,,Dongyu Wang
League Two,929,China,Regular Season - 17,False,2025-07-01,21264,23268,Guangxi Lanhang,Guangxi Hengchen,0,5,0.0,2.0,,,,,,,,,Zihao Su
League Two,929,China,Regular Season - 17,False,2025-07-01,19317,25839,Hainan Star,Chengdu Rongcheng II,0,1,0.0,0.0,,,,,,,,,Hu Tengfei
League Two,929,China,Regular Season - 17,False,2025-07-01,5660,23270,Hubei Chufeng Heli,Langfang Glory City,1,1,1.0,0.0,,,,,,,,,Shen Chen
League Two,929,China,Regular Season - 17,False,2025-07-01,19319,23289,Nantong Haimen Codion,Shanghai Port II,1,1,0.0,1.0,,,,,,,,,Zhao Liu
League Two,929,China,Regular Season - 17,False,2025-07-01,17266,25779,Quanzhou Yassin,Shenzhen 2028,0,1,0.0,0.0,,,,,,,,,Junwei Zhang
Liga Pro Serie B,243,Ecuador,Regular Season - 16,False,2025-07-01,16476,10111,Cumbayá,9 de Octubre,1,0,1.0,0.0,,,,,,,,,Roque Veliz Castillo
Liga Pro Serie B,243,Ecuador,Regular Season - 16,False,2025-07-01,23310,1986,San Antonio,Gualaceo SC,2,2,1.0,0.0,,,,,,,,,Patricio Parra León
Ligue 1,378,Guinea,Regular Season - 26,False,2025-07-01,4410,4424,Ashanti GB,Milo,1,1,1.0,1.0,,,,,,,,,Desconocido
Ligue 1,378,Guinea,Regular Season - 26,False,2025-07-01,9320,20627,Flamme Olympique,ASM Sangarédi,3,0,,,,,,,,,,,Desconocido
Ligue 1,378,Guinea,Regular Season - 26,False,2025-07-01,25447,4422,Guinée Foot Elite,Wakirya,1,3,,,,,,,,,,,Desconocido
Ligue 1,378,Guinea,Regular Season - 26,False,2025-07-01,4416,4412,Hafia,CO Coyah,4,1,,,,,,,,,,,Desconocido
Ligue 1,378,Guinea,Regular Season - 26,False,2025-07-01,4418,20726,Kaloum Star,Renaissance,1,2,0.0,0.0,,,,,,,,,Desconocido
Ligue 1,378,Guinea,Regular Season - 26,False,2025-07-01,9321,4417,Loubha Télimélé,Horoya,2,1,0.0,0.0,,,,,,,,,Desconocido
Ligue 1,378,Guinea,Regular Season - 26,False,2025-07-01,25448,4411,RCC Kamsar,CI Kamsar,1,1,0.0,1.0,,,,,,,,,Desconocido
NPSL,1118,USA,East - 11,True,2025-07-01,24022,1599,Hershey,Philadelphia Union,0,6,0.0,1.0,,,,,,,,,Desconocido
NPSL,1118,USA,Midwest - 9,True,2025-07-01,24019,24009,Wisconsin Conquerors,SI Guardians,3,1,3.0,1.0,,,,,,,,,Desconocido
Premier League,764,Mongolia,Regular Season - 23,False,2025-07-01,22066,24722,Bayanzürkh Sporting,Hunters,0,1,0.0,1.0,,,,,,,,,Desconocido
Premier League,390,Lebanon,Relegation Round - 14,True,2025-07-01,4571,7516,Bekaa,Bourj,0,3,0.0,0.0,,,,,,,,,Desconocido
Premier League,764,Mongolia,Regular Season - 23,False,2025-07-01,17273,16187,Khoromkhon,Khangarid,1,6,0.0,1.0,,,,,,,,,Desconocido
Premier League,764,Mongolia,Regular Season - 23,False,2025-07-01,18104,16186,Khovd,Falcons,1,5,1.0,3.0,,,,,,,,,Desconocido
Premier League,390,Lebanon,Relegation Round - 14,True,2025-07-01,4572,22812,Racing,Reyady Abaseya,1,4,1.0,1.0,,,,,,,,,Desconocido
Premier League,1031,Bhutan,Regular Season,False,2025-07-01,25703,21275,Southern City,Samtse,1,0,0.0,0.0,,,,,,,,,Desconocido
Primera Nacional,129,Argentina,Regular Season - 20,False,2025-07-01,448,466,Colon Santa Fe,Atletico Mitre,0,1,0.0,0.0,,,,,,,,,Felipe Viola
Super Cup,530,Georgia,3rd Place,True,2025-07-01,3502,685,FC Iberia 1999,Torpedo Kutaisi,0,0,0.0,0.0,,,,,,,,,Guram Machitidze
Svenska Cupen,115,Sweden,1st Round,True,2025-07-01,6674,12586,Hudiksvall,Friska Viljor,2,2,1.0,2.0,,,,,,,,,Petter Lindbom
Svenska Cupen,115,Sweden,1st Round,True,2025-07-01,12577,12620,Vänersborgs FK,Torslanda,1,1,1.0,1.0,,,,,,,,,Petter Seger Undén
Svenska Cupen,115,Sweden,1st Round,True,2025-07-01,26094,26092,Västboås,Myresjö / Vetlanda,0,2,0.0,1.0,,,,,,,,,Jovan Krsmanovic
USL League Two,256,USA,Eastern Conference - 19,True,2025-07-01,4035,26064,Boston Bolts,New England FC,0,0,0.0,0.0,,,,,,,,,Desconocido
USL League Two,256,USA,Eastern Conference - 15,True,2025-07-01,9041,23971,Christos,Annapolis Blues,2,1,1.0,0.0,,,,,,,,,Desconocido
USL League Two,256,USA,Central Conference - 15,True,2025-07-01,4045,25957,Dayton Dutch Lions,Lexington II,0,1,0.0,0.0,,,,,,,,,Desconocido
USL League Two,256,USA,Southern Conference - 18,True,2025-07-01,10097,23116,East Atlanta,Dothan United,0,3,0.0,1.0,,,,,,,,,Desconocido
USL League Two,256,USA,Central Conference - 15,True,2025-07-01,18898,25945,Lansing City,Northern Indiana,0,2,0.0,1.0,,,,,,,,,Desconocido
USL League Two,256,USA,Southern Conference - 18,True,2025-07-01,25942,25940,Lonestar,GFI,1,0,0.0,0.0,,,,,,,,,Desconocido
USL League Two,256,USA,Eastern Conference - 19,True,2025-07-01,4076,10096,SC United Bantams,Charlotte Independence 2,7,1,3.0,0.0,,,,,,,,,Desconocido
USL League Two,256,USA,Southern Conference - 18,True,2025-07-01,18911,10094,Tennessee,Asheville City,2,4,0.0,0.0,,,,,,,,,Desconocido
Veikkausliiga,244,Finland,Regular Season - 13,False,2025-07-01,1165,2082,KuPS,Gnistan,6,2,3.0,1.0,,,,,,,,,"Mohammad Al-Emara, Finland"
Virsliga,365,Latvia,Regular season - 21,False,2025-07-01,10124,18834,Riga,FS Jelgava,3,0,2.0,0.0,,,,,,,,,Aleksandrs Anufrijevs
Virsliga,365,Latvia,Regular season - 21,False,2025-07-01,4143,4135,Super Nova,Auda,0,1,0.0,0.0,,,,,,,,,Edgars Maļcevs
WPSL,1116,USA,West - 14,True,2025-07-01,23760,23879,California Storm,Davis W,3,0,,,,,,,,,,,Desconocido
WPSL,1116,USA,West - 14,True,2025-07-01,23849,23848,San Francisco Nighthawks,San Francisco Elite,3,2,,,,,,,,,,,Desconocido
WPSL,1116,USA,East - 16,True,2025-07-01,26000,23820,Sporting CT,New York Shockers W,1,0,0.0,0.0,,,,,,,,,Desconocido
Ykkönen,245,Finland,Regular Season - 12,False,2025-07-01,2074,9182,FC jazz,EPS,7,0,2.0,0.0,,,,,,,,,Robin Kuloaro
