League,LeagueId,Country,Round,EsEliminatoria,Date,HomeTeamId,AwayTeamId,HomeTeam,AwayTeam,FTHG,FTAG,HTHG,HTAG,HC,AC,HY,AY,HR,AR,HS,AS,Referee
Primeira Liga,94.0,,,False,2024-09-30,21595.0,231.0,AVS,Farense,0.0,0.0,,,6.0,3.0,4.0,3.0,0.0,0.0,12.0,9.0,Desconocido
Premier League,569.0,,,False,2024-09-30,35.0,41.0,Bournemouth,Southampton,3.0,1.0,,,7.0,4.0,2.0,5.0,0.0,0.0,14.0,9.0,Desconocido
Serie B,72.0,,,False,2024-09-30,,520.0,Brescia,Cremonese,3.0,2.0,,,9.0,5.0,4.0,3.0,0.0,0.0,14.0,19.0,Desconocido
Ligue 2,62.0,,,False,2024-09-30,90.0,88.0,Guingamp,Caen,3.0,1.0,,,7.0,6.0,2.0,3.0,0.0,0.0,13.0,6.0,Desconocido
Turkey Super Lig,,,,False,2024-09-30,1001.0,,Kayserispor,Besiktas,0.0,3.0,,,7.0,3.0,4.0,3.0,0.0,0.0,10.0,9.0,Desconocido
Super League Greece,,,,False,2024-09-30,,2099.0,Lamia,Panserraikos,1.0,2.0,,,6.0,5.0,1.0,5.0,1.0,1.0,10.0,12.0,Desconocido
Serie A,71.0,,,False,2024-09-30,523.0,490.0,Parma,Cagliari,2.0,3.0,,,5.0,3.0,3.0,2.0,0.0,0.0,18.0,11.0,Desconocido
La Liga 2,,,,False,2024-09-30,,,Santander,Cartagena,1.0,2.0,,,6.0,1.0,0.0,4.0,0.0,0.0,15.0,9.0,Desconocido
Serie B,72.0,,,False,2024-09-30,1578.0,522.0,Sudtirol,Palermo,1.0,3.0,,,3.0,6.0,4.0,2.0,0.0,0.0,16.0,7.0,Desconocido
La Liga,140.0,,,False,2024-09-30,533.0,534.0,Villarreal,Las Palmas,3.0,1.0,,,3.0,2.0,0.0,3.0,0.0,0.0,17.0,7.0,Desconocido
Super League Greece,,,,False,2024-09-29,,617.0,AEK,Panathinaikos,2.0,0.0,,,6.0,1.0,6.0,4.0,0.0,0.0,15.0,7.0,Desconocido
Eredivisie,88.0,,,False,2024-09-29,201.0,207.0,AZ Alkmaar,Utrecht,1.0,2.0,,,8.0,1.0,1.0,2.0,0.0,0.0,22.0,8.0,Desconocido
Ligue 1,61.0,,,False,2024-09-29,77.0,93.0,Angers,Reims,1.0,3.0,,,5.0,4.0,0.0,3.0,0.0,0.0,14.0,21.0,Desconocido
Turkey Super Lig,,,,False,2024-09-29,1005.0,,Antalyaspor,Fenerbahce,0.0,2.0,,,2.0,5.0,1.0,1.0,0.0,0.0,10.0,14.0,Desconocido
Jupiler Pro League,144.0,,,False,2024-09-29,740.0,263.0,Antwerp,Beerschot VA,5.0,0.0,,,,,,,,,,,Desconocido
La Liga,140.0,,,False,2024-09-29,,536.0,Ath Bilbao,Sevilla,1.0,1.0,,,4.0,7.0,0.0,3.0,1.0,0.0,13.0,13.0,Desconocido
La Liga,140.0,,,False,2024-09-29,,541.0,Ath Madrid,Real Madrid,1.0,1.0,,,5.0,5.0,3.0,1.0,1.0,0.0,12.0,12.0,Desconocido
La Liga,140.0,,,False,2024-09-29,,,Betis,Espanol,1.0,0.0,,,8.0,4.0,2.0,4.0,0.0,0.0,20.0,8.0,Desconocido
Turkey Super Lig,,,,False,2024-09-29,,,Bodrumspor,Ad. Demirspor,3.0,1.0,,,7.0,6.0,3.0,5.0,0.0,0.0,14.0,8.0,Desconocido
La Liga 2,,,,False,2024-09-29,9580.0,22018.0,Burgos,Granada,2.0,2.0,,,6.0,3.0,4.0,6.0,0.0,0.0,5.0,9.0,Desconocido
La Liga 2,,,,False,2024-09-29,,719.0,Castellon,Tenerife,2.0,1.0,,,9.0,4.0,1.0,2.0,0.0,0.0,19.0,16.0,Desconocido
La Liga,140.0,,,False,2024-09-29,,547.0,Celta,Girona,1.0,1.0,,,4.0,4.0,1.0,0.0,0.0,0.0,12.0,9.0,Desconocido
Jupiler Pro League,144.0,,,False,2024-09-29,741.0,,Cercle Brugge,St Truiden,1.0,1.0,,,9.0,7.0,1.0,3.0,0.0,0.0,13.0,9.0,Desconocido
Serie B,72.0,,,False,2024-09-29,509.0,1693.0,Cesena,Mantova,4.0,2.0,,,5.0,8.0,3.0,1.0,0.0,0.0,16.0,16.0,Desconocido
Serie A,71.0,,,False,2024-09-29,895.0,,Como,Verona,3.0,2.0,,,9.0,1.0,2.0,5.0,0.0,1.0,24.0,6.0,Desconocido
La Liga 2,,,,False,2024-09-29,713.0,,Cordoba,Ferrol,3.0,1.0,,,6.0,4.0,3.0,2.0,0.0,0.0,23.0,8.0,Desconocido
Serie A,71.0,,,False,2024-09-29,511.0,502.0,Empoli,Fiorentina,0.0,0.0,,,2.0,4.0,0.0,1.0,0.0,0.0,8.0,13.0,Desconocido
Turkey Super Lig,,,,False,2024-09-29,,,Eyupspor,Gaziantep,3.0,2.0,,,5.0,5.0,1.0,4.0,0.0,0.0,11.0,11.0,Desconocido
Bundesliga 2,,,,False,2024-09-29,,,FC Koln,Karlsruhe,4.0,4.0,,,3.0,8.0,0.0,3.0,0.0,0.0,16.0,19.0,Desconocido
Primeira Liga,94.0,,,False,2024-09-29,242.0,225.0,Famalicao,Nacional,0.0,0.0,,,8.0,4.0,1.0,4.0,0.0,0.0,16.0,11.0,Desconocido
Jupiler Pro League,144.0,,,False,2024-09-29,631.0,,Gent,Oud-Heverlee Leuven,3.0,0.0,,,4.0,7.0,1.0,2.0,0.0,0.0,10.0,12.0,Desconocido
Eredivisie,88.0,,,False,2024-09-29,202.0,,Groningen,Go Ahead Eagles,0.0,1.0,,,7.0,7.0,2.0,3.0,0.0,0.0,7.0,16.0,Desconocido
Bundesliga 2,,,,False,2024-09-29,,,Hannover,Nurnberg,2.0,0.0,,,7.0,4.0,2.0,2.0,0.0,0.0,13.0,10.0,Desconocido
Bundesliga 2,,,,False,2024-09-29,,,Hertha,Elversberg,1.0,4.0,,,7.0,7.0,3.0,5.0,0.0,0.0,11.0,11.0,Desconocido
Bundesliga,218.0,,,False,2024-09-29,,162.0,Hoffenheim,Werder Bremen,3.0,4.0,,,2.0,6.0,3.0,3.0,1.0,0.0,10.0,18.0,Desconocido
Bundesliga,218.0,,,False,2024-09-29,191.0,,Holstein Kiel,Ein Frankfurt,2.0,4.0,,,4.0,9.0,1.0,3.0,0.0,0.0,10.0,18.0,Desconocido
Premier League,569.0,,,False,2024-09-29,57.0,66.0,Ipswich,Aston Villa,2.0,2.0,,,10.0,0.0,4.0,1.0,0.0,0.0,15.0,7.0,Desconocido
Serie B,72.0,,,False,2024-09-29,863.0,801.0,Juve Stabia,Pisa,2.0,0.0,,,7.0,1.0,4.0,1.0,0.0,1.0,13.0,8.0,Desconocido
La Liga 2,,,,False,2024-09-29,539.0,723.0,Levante,Almeria,4.0,2.0,,,5.0,3.0,1.0,1.0,0.0,0.0,13.0,17.0,Desconocido
Premier League,569.0,,,False,2024-09-29,,47.0,Man United,Tottenham,0.0,3.0,,,5.0,3.0,5.0,3.0,1.0,0.0,11.0,24.0,Desconocido
Serie B,72.0,,,False,2024-09-29,899.0,498.0,Modena,Sampdoria,1.0,3.0,,,6.0,6.0,2.0,4.0,0.0,0.0,8.0,13.0,Desconocido
Ligue 1,61.0,,,False,2024-09-29,83.0,,Nantes,St Etienne,2.0,2.0,,,8.0,4.0,2.0,2.0,1.0,0.0,16.0,5.0,Desconocido
Serie A,71.0,,,False,2024-09-29,492.0,1579.0,Napoli,Monza,2.0,0.0,,,1.0,3.0,1.0,2.0,0.0,0.0,11.0,5.0,Desconocido
Super League Greece,,,,False,2024-09-29,,949.0,OFI Crete,Panetolikos,1.0,2.0,,,4.0,2.0,2.0,4.0,0.0,0.0,7.0,10.0,Desconocido
Super League Greece,,,,False,2024-09-29,3415.0,12260.0,Olympiakos,Atromitos,2.0,0.0,,,5.0,5.0,2.0,1.0,0.0,0.0,12.0,4.0,Desconocido
La Liga 2,,,,False,2024-09-29,718.0,545.0,Oviedo,Eibar,1.0,0.0,,,7.0,4.0,1.0,2.0,0.0,1.0,19.0,8.0,Desconocido
Super League Greece,,,,False,2024-09-29,619.0,3408.0,PAOK,Aris,0.0,1.0,,,5.0,5.0,2.0,3.0,0.0,0.0,12.0,9.0,Desconocido
Primeira Liga,94.0,,,False,2024-09-29,,240.0,Porto,Arouca,4.0,0.0,,,8.0,2.0,2.0,3.0,0.0,1.0,26.0,4.0,Desconocido
Premiership Escocia,,,,False,2024-09-29,257.0,249.0,Rangers,Hibernian,1.0,0.0,,,4.0,7.0,2.0,2.0,0.0,0.0,18.0,18.0,Desconocido
Serie A,71.0,,,False,2024-09-29,,517.0,Roma,Venezia,2.0,1.0,,,6.0,3.0,1.0,2.0,0.0,0.0,22.0,18.0,Desconocido
Serie B,72.0,,,False,2024-09-29,514.0,1687.0,Salernitana,Catanzaro,0.0,0.0,,,5.0,0.0,3.0,2.0,0.0,0.0,9.0,3.0,Desconocido
Primeira Liga,94.0,,,False,2024-09-29,227.0,,Santa Clara,Boavista,1.0,0.0,,,3.0,0.0,4.0,3.0,0.0,0.0,15.0,4.0,Desconocido
Primeira Liga,94.0,,,False,2024-09-29,,226.0,Sp Braga,Rio Ave,4.0,0.0,,,4.0,5.0,0.0,2.0,0.0,0.0,18.0,13.0,Desconocido
Jupiler Pro League,144.0,,,False,2024-09-29,,734.0,St. Gilloise,Kortrijk,3.0,0.0,,,6.0,3.0,2.0,3.0,0.0,0.0,17.0,4.0,Desconocido
Ligue 1,61.0,,,False,2024-09-29,95.0,81.0,Strasbourg,Marseille,1.0,0.0,,,8.0,3.0,2.0,1.0,0.0,0.0,14.0,10.0,Desconocido
Championship,407.0,,,False,2024-09-29,76.0,56.0,Swansea,Bristol City,1.0,1.0,,,3.0,8.0,1.0,3.0,0.0,0.0,7.0,15.0,Desconocido
Serie A,71.0,,,False,2024-09-29,503.0,487.0,Torino,Lazio,2.0,3.0,,,3.0,1.0,2.0,3.0,0.0,0.0,12.0,13.0,Desconocido
Ligue 1,61.0,,,False,2024-09-29,96.0,80.0,Toulouse,Lyon,1.0,2.0,,,3.0,4.0,2.0,2.0,0.0,0.0,10.0,4.0,Desconocido
Turkey Super Lig,,,,False,2024-09-29,998.0,607.0,Trabzonspor,Konyaspor,3.0,2.0,,,4.0,2.0,4.0,1.0,0.0,0.0,11.0,9.0,Desconocido
Eredivisie,88.0,,,False,2024-09-29,415.0,203.0,Twente,NAC Breda,1.0,0.0,,,4.0,3.0,2.0,2.0,0.0,0.0,18.0,7.0,Desconocido
Eredivisie,88.0,,,False,2024-09-29,417.0,194.0,Waalwijk,Ajax,0.0,2.0,,,2.0,12.0,2.0,1.0,0.0,0.0,3.0,23.0,Desconocido
Eredivisie,88.0,,,False,2024-09-29,,,Zwolle,Almere City,1.0,0.0,,,6.0,8.0,2.0,4.0,0.0,0.0,11.0,15.0,Desconocido
Turkey Super Lig,,,,False,2024-09-28,996.0,1007.0,Alanyaspor,Rizespor,1.0,0.0,,,7.0,2.0,3.0,3.0,0.0,0.0,7.0,7.0,Desconocido
Premier League,569.0,,,False,2024-09-28,9419.0,46.0,Arsenal,Leicester,4.0,2.0,,,17.0,0.0,2.0,4.0,0.0,0.0,36.0,5.0,Desconocido
Super League Greece,,,,False,2024-09-28,955.0,,Asteras Tripolis,Levadeiakos,1.0,1.0,,,4.0,3.0,2.0,3.0,0.0,0.0,8.0,13.0,Desconocido
Championship Escocia,,,,False,2024-09-28,,1383.0,Ayr,Morton,1.0,0.0,,,5.0,2.0,2.0,3.0,0.0,0.0,12.0,4.0,Desconocido
Serie B,72.0,,,False,2024-09-28,508.0,10137.0,Bari,Cosenza,1.0,1.0,,,7.0,4.0,2.0,1.0,1.0,0.0,12.0,11.0,Desconocido
National League,43.0,,,False,2024-09-28,1369.0,,Barnet,Fylde,2.0,0.0,,,,,3.0,2.0,0.0,0.0,,,Desconocido
League 1,,,,False,2024-09-28,747.0,,Barnsley,Stockport,1.0,1.0,,,3.0,5.0,3.0,1.0,0.0,0.0,11.0,15.0,Desconocido
Bundesliga,218.0,,,False,2024-09-28,,,Bayern Munich,Leverkusen,1.0,1.0,,,6.0,1.0,1.0,3.0,0.0,0.0,18.0,3.0,Desconocido
Primeira Liga,94.0,,,False,2024-09-28,211.0,,Benfica,Gil Vicente,5.0,1.0,,,11.0,2.0,1.0,2.0,0.0,0.0,18.0,10.0,Desconocido
League 1,,,,False,2024-09-28,54.0,,Birmingham,Peterboro,3.0,2.0,,,7.0,6.0,3.0,3.0,0.0,0.0,12.0,5.0,Desconocido
Championship,407.0,,,False,2024-09-28,67.0,72.0,Blackburn,QPR,2.0,0.0,,,8.0,2.0,3.0,2.0,0.0,1.0,19.0,6.0,Desconocido
League 1,,,,False,2024-09-28,1356.0,,Blackpool,Burton,3.0,0.0,,,7.0,11.0,0.0,1.0,0.0,0.0,16.0,11.0,Desconocido
Serie A,71.0,,,False,2024-09-28,500.0,499.0,Bologna,Atalanta,1.0,1.0,,,2.0,9.0,3.0,3.0,1.0,0.0,5.0,23.0,Desconocido
League 2 Escocia,,,,False,2024-09-28,,,Bonnyrigg Rose,Forfar,0.0,1.0,,,3.0,4.0,2.0,1.0,0.0,0.0,3.0,6.0,Desconocido
National League,43.0,,,False,2024-09-28,,1838.0,Boston Utd,Maidenhead,1.0,2.0,,,,,3.0,3.0,0.0,0.0,,,Desconocido
Premier League,569.0,,,False,2024-09-28,55.0,48.0,Brentford,West Ham,1.0,1.0,,,7.0,7.0,2.0,3.0,0.0,0.0,8.0,19.0,Desconocido
League 1,,,,False,2024-09-28,,1358.0,Bristol Rvs,Wycombe,1.0,2.0,,,2.0,4.0,2.0,2.0,0.0,0.0,6.0,13.0,Desconocido
League 2,,,,False,2024-09-28,1832.0,1348.0,Bromley,Milton Keynes Dons,1.0,1.0,,,4.0,2.0,1.0,1.0,0.0,0.0,12.0,13.0,Desconocido
La Liga 2,,,,False,2024-09-28,724.0,9692.0,Cadiz,Eldense,1.0,2.0,,,2.0,4.0,1.0,5.0,0.0,0.0,23.0,15.0,Desconocido
League 1,,,,False,2024-09-28,,1379.0,Cambridge,Lincoln,0.0,2.0,,,6.0,2.0,1.0,3.0,0.0,0.0,11.0,10.0,Desconocido
League 2,,,,False,2024-09-28,1371.0,1365.0,Carlisle,Grimsby,2.0,3.0,,,5.0,4.0,3.0,0.0,0.0,0.0,11.0,12.0,Desconocido
Serie B,72.0,,,False,2024-09-28,1581.0,880.0,Carrarese,Reggiana,0.0,0.0,,,5.0,5.0,3.0,5.0,0.0,0.0,17.0,10.0,Desconocido
Primeira Liga,94.0,,,False,2024-09-28,4716.0,224.0,Casa Pia,Guimaraes,1.0,1.0,,,7.0,9.0,2.0,0.0,0.0,0.0,9.0,19.0,Desconocido
Premier League,569.0,,,False,2024-09-28,49.0,51.0,Chelsea,Brighton,4.0,2.0,,,8.0,2.0,3.0,2.0,0.0,0.0,15.0,15.0,Desconocido
League 2,,,,False,2024-09-28,1372.0,1336.0,Cheltenham,Fleetwood Town,0.0,2.0,,,2.0,6.0,2.0,3.0,0.0,0.0,6.0,14.0,Desconocido
League 1 Escocia,,,,False,2024-09-28,6763.0,4249.0,Cove Rangers,Arbroath,2.0,4.0,,,10.0,4.0,2.0,1.0,0.0,0.0,9.0,8.0,Desconocido
League 1,,,,False,2024-09-28,1362.0,68.0,Crawley Town,Bolton,0.0,2.0,,,6.0,4.0,2.0,3.0,0.0,0.0,8.0,11.0,Desconocido
National League,43.0,,,False,2024-09-28,,,Dag and Red,Solihull,1.0,1.0,,,,,5.0,1.0,0.0,0.0,,,Desconocido
Bundesliga 2,,,,False,2024-09-28,,,Darmstadt,Magdeburg,1.0,2.0,,,8.0,4.0,4.0,5.0,0.0,1.0,17.0,11.0,Desconocido
Jupiler Pro League,144.0,,,False,2024-09-28,6215.0,554.0,Dender,Anderlecht,1.0,1.0,,,5.0,6.0,3.0,2.0,0.0,0.0,6.0,12.0,Desconocido
Championship,407.0,,,False,2024-09-28,69.0,71.0,Derby,Norwich,2.0,3.0,,,9.0,5.0,3.0,2.0,0.0,0.0,16.0,10.0,Desconocido
League 2,,,,False,2024-09-28,1354.0,1345.0,Doncaster,Chesterfield,0.0,3.0,,,4.0,10.0,3.0,2.0,2.0,0.0,7.0,6.0,Desconocido
Premiership Escocia,,,,False,2024-09-28,253.0,252.0,Dundee,Aberdeen,1.0,2.0,,,10.0,4.0,0.0,3.0,0.0,0.0,14.0,8.0,Desconocido
Championship Escocia,,,,False,2024-09-28,1388.0,,Dunfermline,Queens Park,1.0,2.0,,,12.0,3.0,2.0,2.0,0.0,0.0,14.0,6.0,Desconocido
National League,43.0,,,False,2024-09-28,,1349.0,Ebbsfleet,Oldham,1.0,2.0,,,,,0.0,2.0,0.0,0.0,,,Desconocido
League 2 Escocia,,,,False,2024-09-28,,6766.0,Elgin,Edinburgh City,3.0,3.0,,,5.0,0.0,1.0,2.0,1.0,0.0,12.0,9.0,Desconocido
Primeira Liga,94.0,,,False,2024-09-28,15130.0,215.0,Estrela,Moreirense,2.0,1.0,,,2.0,7.0,3.0,3.0,0.0,1.0,4.0,13.0,Desconocido
Premier League,569.0,,,False,2024-09-28,45.0,52.0,Everton,Crystal Palace,2.0,1.0,,,5.0,8.0,2.0,1.0,0.0,0.0,8.0,17.0,Desconocido
National League,43.0,,,False,2024-09-28,1378.0,1366.0,Forest Green,Hartlepool,1.0,0.0,,,,,0.0,2.0,0.0,0.0,,,Desconocido
Bundesliga,218.0,,,False,2024-09-28,,,Freiburg,St Pauli,0.0,3.0,,,4.0,2.0,3.0,3.0,0.0,0.0,6.0,10.0,Desconocido
Turkey Super Lig,,,,False,2024-09-28,645.0,,Galatasaray,Kasimpasa,3.0,3.0,,,2.0,4.0,2.0,3.0,0.0,0.0,5.0,10.0,Desconocido
Jupiler Pro League,144.0,,,False,2024-09-28,742.0,,Genk,Mechelen,2.0,1.0,,,6.0,6.0,2.0,3.0,0.0,0.0,10.0,14.0,Desconocido
Serie A,71.0,,,False,2024-09-28,495.0,10019.0,Genoa,Juventus,0.0,3.0,,,5.0,3.0,2.0,1.0,0.0,0.0,7.0,12.0,Desconocido
La Liga,140.0,,,False,2024-09-28,546.0,542.0,Getafe,Alaves,2.0,0.0,,,2.0,2.0,3.0,6.0,0.0,0.0,14.0,9.0,Desconocido
League 2,,,,False,2024-09-28,1347.0,1819.0,Gillingham,Barrow,2.0,0.0,,,7.0,3.0,5.0,2.0,0.0,0.0,7.0,9.0,Desconocido
National League,43.0,,,False,2024-09-28,,8663.0,Halifax,Wealdstone,2.0,2.0,,,,,1.0,3.0,0.0,2.0,,,Desconocido
Bundesliga 2,,,,False,2024-09-28,,,Hamburg,Paderborn,2.0,2.0,,,7.0,3.0,3.0,3.0,0.0,0.0,17.0,12.0,Desconocido
Championship Escocia,,,,False,2024-09-28,,901.0,Hamilton,Partick,1.0,0.0,,,1.0,12.0,1.0,4.0,0.0,0.0,8.0,9.0,Desconocido
League 2,,,,False,2024-09-28,,1343.0,Harrogate,Bradford,2.0,1.0,,,4.0,2.0,2.0,1.0,0.0,0.0,11.0,11.0,Desconocido
Premiership Escocia,,,,False,2024-09-28,,902.0,Hearts,Ross County,1.0,1.0,,,11.0,5.0,1.0,4.0,0.0,0.0,21.0,13.0,Desconocido
Championship,407.0,,,False,2024-09-28,,43.0,Hull,Cardiff,4.0,1.0,,,7.0,5.0,3.0,4.0,0.0,0.0,18.0,16.0,Desconocido
League 1 Escocia,,,,False,2024-09-28,,6784.0,Inverness C,Stenhousemuir,0.0,0.0,,,3.0,1.0,2.0,1.0,0.0,0.0,8.0,6.0,Desconocido
League 1 Escocia,,,,False,2024-09-28,6773.0,6757.0,Kelty Hearts,Annan Athletic,3.0,0.0,,,8.0,2.0,1.0,0.0,0.0,1.0,7.0,3.0,Desconocido
Premiership Escocia,,,,False,2024-09-28,250.0,,Kilmarnock,Dundee United,3.0,3.0,,,7.0,3.0,1.0,2.0,0.0,0.0,15.0,19.0,Desconocido
Ligue 1,61.0,,,False,2024-09-28,111.0,79.0,Le Havre,Lille,0.0,3.0,,,1.0,5.0,2.0,1.0,0.0,0.0,7.0,18.0,Desconocido
Championship,407.0,,,False,2024-09-28,63.0,1346.0,Leeds,Coventry,3.0,0.0,,,7.0,3.0,1.0,1.0,0.0,0.0,13.0,7.0,Desconocido
Ligue 1,61.0,,,False,2024-09-28,116.0,84.0,Lens,Nice,0.0,0.0,,,11.0,4.0,4.0,2.0,1.0,0.0,22.0,15.0,Desconocido
League 1,,,,False,2024-09-28,1373.0,1837.0,Leyton Orient,Wrexham,0.0,0.0,,,1.0,3.0,1.0,3.0,0.0,0.0,9.0,6.0,Desconocido
Championship Escocia,,,,False,2024-09-28,255.0,,Livingston,Airdrie Utd,2.0,1.0,,,7.0,8.0,2.0,4.0,0.0,0.0,9.0,3.0,Desconocido
Bundesliga,218.0,,,False,2024-09-28,,182.0,M'gladbach,Union Berlin,1.0,0.0,,,2.0,4.0,3.0,1.0,0.0,0.0,8.0,9.0,Desconocido
Bundesliga,218.0,,,False,2024-09-28,,,Mainz,Heidenheim,0.0,2.0,,,7.0,6.0,4.0,4.0,1.0,1.0,7.0,14.0,Desconocido
La Liga 2,,,,False,2024-09-28,535.0,797.0,Malaga,Elche,0.0,3.0,,,4.0,5.0,5.0,4.0,0.0,0.0,5.0,14.0,Desconocido
Championship,407.0,,,False,2024-09-28,70.0,,Middlesbrough,Stoke,2.0,0.0,,,7.0,2.0,4.0,7.0,0.0,0.0,26.0,7.0,Desconocido
Championship,407.0,,,False,2024-09-28,58.0,59.0,Millwall,Preston,3.0,1.0,,,3.0,8.0,2.0,2.0,1.0,0.0,14.0,11.0,Desconocido
La Liga 2,,,,False,2024-09-28,799.0,726.0,Mirandes,Huesca,1.0,0.0,,,6.0,2.0,2.0,6.0,0.0,0.0,16.0,6.0,Desconocido
Ligue 1,61.0,,,False,2024-09-28,91.0,82.0,Monaco,Montpellier,2.0,1.0,,,6.0,2.0,4.0,3.0,0.0,1.0,21.0,9.0,Desconocido
League 1 Escocia,,,,False,2024-09-28,4251.0,,Montrose,Alloa,2.0,2.0,,,6.0,11.0,2.0,2.0,0.0,0.0,7.0,11.0,Desconocido
League 2,,,,False,2024-09-28,1375.0,1376.0,Morecambe,Notts County,1.0,1.0,,,7.0,4.0,2.0,1.0,1.0,0.0,10.0,18.0,Desconocido
Premiership Escocia,,,,False,2024-09-28,256.0,,Motherwell,St Mirren,2.0,1.0,,,9.0,6.0,4.0,2.0,1.0,1.0,9.0,15.0,Desconocido
Premier League,569.0,,,False,2024-09-28,34.0,,Newcastle,Man City,1.0,1.0,,,5.0,6.0,4.0,4.0,0.0,0.0,11.0,16.0,Desconocido
League 2,,,,False,2024-09-28,1367.0,1363.0,Newport County,Crewe,2.0,1.0,,,3.0,4.0,3.0,3.0,0.0,0.0,10.0,10.0,Desconocido
Eredivisie,88.0,,,False,2024-09-28,,209.0,Nijmegen,Feyenoord,1.0,1.0,,,3.0,9.0,1.0,1.0,0.0,0.0,10.0,17.0,Desconocido
League 1,,,,False,2024-09-28,1337.0,,Northampton,Mansfield,0.0,2.0,,,6.0,4.0,0.0,3.0,0.0,0.0,16.0,10.0,Desconocido
Premier League,569.0,,,False,2024-09-28,,36.0,Nott'm Forest,Fulham,0.0,1.0,,,6.0,5.0,2.0,4.0,0.0,0.0,11.0,14.0,Desconocido
La Liga,140.0,,,False,2024-09-28,727.0,529.0,Osasuna,Barcelona,4.0,2.0,,,5.0,8.0,2.0,2.0,0.0,0.0,11.0,12.0,Desconocido
Championship,407.0,,,False,2024-09-28,,44.0,Oxford,Burnley,0.0,0.0,,,2.0,6.0,1.0,2.0,0.0,0.0,3.0,14.0,Desconocido
League 2 Escocia,,,,False,2024-09-28,6777.0,6762.0,Peterhead,Clyde,2.0,2.0,,,4.0,2.0,1.0,2.0,0.0,0.0,10.0,10.0,Desconocido
League 2,,,,False,2024-09-28,1351.0,,Port Vale,Swindon,2.0,1.0,,,12.0,3.0,3.0,1.0,0.0,0.0,20.0,4.0,Desconocido
Championship,407.0,,,False,2024-09-28,1355.0,,Portsmouth,Sheffield United,0.0,0.0,,,15.0,9.0,2.0,2.0,0.0,0.0,9.0,12.0,Desconocido
Bundesliga 2,,,,False,2024-09-28,1313.0,,Preußen Münster,Schalke 04,1.0,2.0,,,7.0,4.0,3.0,3.0,0.0,0.0,19.0,14.0,Desconocido
League 1 Escocia,,,,False,2024-09-28,,1382.0,Queen of Sth,Dumbarton,2.0,0.0,,,5.0,3.0,1.0,3.0,0.0,1.0,12.0,16.0,Desconocido
Bundesliga,218.0,,,False,2024-09-28,173.0,,RB Leipzig,Augsburg,4.0,0.0,,,8.0,5.0,1.0,2.0,0.0,0.0,14.0,7.0,Desconocido
Championship Escocia,,,,False,2024-09-28,,1389.0,Raith Rvs,Falkirk,1.0,0.0,,,2.0,4.0,2.0,4.0,0.0,0.0,4.0,4.0,Desconocido
League 1,,,,False,2024-09-28,53.0,37.0,Reading,Huddersfield,2.0,1.0,,,2.0,11.0,1.0,3.0,0.0,0.0,6.0,19.0,Desconocido
Ligue 2,62.0,,,False,2024-09-28,,114.0,Red Star,Paris FC,1.0,3.0,,,6.0,7.0,3.0,2.0,0.0,0.0,12.0,11.0,Desconocido
Bundesliga 2,,,,False,2024-09-28,,,Regensburg,Kaiserslautern,0.0,0.0,,,4.0,4.0,2.0,4.0,0.0,0.0,7.0,9.0,Desconocido
National League,43.0,,,False,2024-09-28,1339.0,,Rochdale,Braintree Town,1.0,0.0,,,,,1.0,2.0,0.0,0.0,,,Desconocido
Turkey Super Lig,,,,False,2024-09-28,3603.0,,Samsunspor,Goztep,4.0,3.0,,,6.0,3.0,0.0,2.0,0.0,0.0,22.0,9.0,Desconocido
Serie B,72.0,,,False,2024-09-28,488.0,515.0,Sassuolo,Spezia,0.0,0.0,,,4.0,3.0,2.0,2.0,0.0,0.0,12.0,13.0,Desconocido
Championship,407.0,,,False,2024-09-28,,60.0,Sheffield Weds,West Brom,3.0,2.0,,,5.0,4.0,5.0,3.0,0.0,0.0,12.0,12.0,Desconocido
League 1,,,,False,2024-09-28,1352.0,73.0,Shrewsbury,Rotherham,1.0,1.0,,,3.0,5.0,2.0,2.0,0.0,0.0,4.0,12.0,Desconocido
La Liga,140.0,,,False,2024-09-28,,532.0,Sociedad,Valencia,3.0,0.0,,,6.0,4.0,0.0,0.0,0.0,0.0,11.0,9.0,Desconocido
National League,43.0,,,False,2024-09-28,1341.0,1823.0,Southend,Gateshead,1.0,3.0,,,,,1.0,3.0,0.0,0.0,,,Desconocido
La Liga 2,,,,False,2024-09-28,,732.0,Sp Gijon,Zaragoza,1.0,0.0,,,5.0,5.0,0.0,5.0,0.0,2.0,22.0,7.0,Desconocido
Eredivisie,88.0,,,False,2024-09-28,426.0,,Sparta Rotterdam,For Sittard,1.0,1.0,,,9.0,5.0,1.0,2.0,0.0,0.0,19.0,13.0,Desconocido
League 2 Escocia,,,,False,2024-09-28,6781.0,6764.0,Spartans,East Fife,0.0,1.0,,,5.0,4.0,3.0,2.0,0.0,0.0,5.0,9.0,Desconocido
Premiership Escocia,,,,False,2024-09-28,,247.0,St Johnstone,Celtic,0.0,6.0,,,3.0,13.0,1.0,1.0,0.0,0.0,5.0,19.0,Desconocido
Jupiler Pro League,144.0,,,False,2024-09-28,,,Standard,Westerlo,1.0,2.0,,,11.0,2.0,1.0,6.0,0.0,0.0,16.0,9.0,Desconocido
League 1,,,,False,2024-09-28,1368.0,1335.0,Stevenage,Charlton,1.0,0.0,,,12.0,6.0,4.0,4.0,0.0,0.0,11.0,7.0,Desconocido
League 2 Escocia,,,,False,2024-09-28,6785.0,,Stranraer,Stirling,0.0,2.0,,,5.0,2.0,3.0,2.0,0.0,0.0,5.0,5.0,Desconocido
National League,43.0,,,False,2024-09-28,7752.0,4700.0,Tamworth,Altrincham,1.0,2.0,,,,,2.0,2.0,0.0,1.0,,,Desconocido
Ligue 2,62.0,,,False,2024-09-28,,112.0,Troyes,Metz,2.0,1.0,,,1.0,2.0,3.0,2.0,0.0,0.0,6.0,12.0,Desconocido
Serie A,71.0,,,False,2024-09-28,494.0,505.0,Udinese,Inter,2.0,3.0,,,7.0,3.0,1.0,0.0,0.0,0.0,10.0,16.0,Desconocido
La Liga,140.0,,,False,2024-09-28,,537.0,Vallecano,Leganes,1.0,1.0,,,5.0,5.0,2.0,1.0,0.0,0.0,15.0,13.0,Desconocido
Super League Greece,,,,False,2024-09-28,2110.0,,Volos NFC,Athens Kallithea,1.0,1.0,,,6.0,4.0,2.0,1.0,0.0,0.0,11.0,3.0,Desconocido
League 2,,,,False,2024-09-28,1342.0,1361.0,Walsall,Colchester,4.0,0.0,,,5.0,5.0,1.0,3.0,0.0,0.0,15.0,9.0,Desconocido
Championship,407.0,,,False,2024-09-28,38.0,746.0,Watford,Sunderland,2.0,1.0,,,4.0,6.0,2.0,1.0,0.0,0.0,13.0,17.0,Desconocido
League 1,,,,False,2024-09-28,61.0,,Wigan,Exeter,0.0,0.0,,,6.0,6.0,0.0,2.0,0.0,0.0,16.0,5.0,Desconocido
Eredivisie,88.0,,,False,2024-09-28,195.0,197.0,Willem II,PSV Eindhoven,0.0,2.0,,,3.0,6.0,1.0,2.0,0.0,0.0,8.0,12.0,Desconocido
National League,43.0,,,False,2024-09-28,1836.0,,Woking,Sutton,1.0,2.0,,,,,4.0,4.0,0.0,0.0,,,Desconocido
Bundesliga,218.0,,,False,2024-09-28,,,Wolfsburg,Stuttgart,2.0,2.0,,,1.0,3.0,5.0,2.0,0.0,1.0,5.0,17.0,Desconocido
Premier League,569.0,,,False,2024-09-28,39.0,40.0,Wolves,Liverpool,1.0,2.0,,,2.0,10.0,2.0,3.0,0.0,0.0,8.0,10.0,Desconocido
National League,43.0,,,False,2024-09-28,,,Yeovil,Aldershot,1.0,1.0,,,,,2.0,2.0,0.0,0.0,,,Desconocido
National League,43.0,,,False,2024-09-28,1828.0,1822.0,York,Eastleigh,0.0,0.0,,,,,2.0,3.0,0.0,0.0,,,Desconocido
La Liga 2,,,,False,2024-09-27,722.0,,Albacete,La Coruna,2.0,5.0,,,10.0,3.0,3.0,2.0,0.0,0.0,20.0,14.0,Desconocido
Ligue 2,62.0,,,False,2024-09-27,87.0,1301.0,Amiens,Rodez,2.0,1.0,,,5.0,4.0,2.0,4.0,0.0,1.0,20.0,12.0,Desconocido
Ligue 1,61.0,,,False,2024-09-27,108.0,,Auxerre,Brest,3.0,0.0,,,2.0,3.0,2.0,0.0,0.0,0.0,15.0,8.0,Desconocido
Ligue 2,62.0,,,False,2024-09-27,1305.0,3012.0,Bastia,Annecy,2.0,2.0,,,3.0,3.0,1.0,4.0,0.0,0.0,20.0,9.0,Desconocido
Jupiler Pro League,144.0,,,False,2024-09-27,736.0,,Charleroi,Club Brugge,1.0,1.0,,,4.0,6.0,3.0,1.0,0.0,1.0,14.0,18.0,Desconocido
Serie B,72.0,,,False,2024-09-27,510.0,512.0,Cittadella,Frosinone,1.0,2.0,,,8.0,4.0,4.0,3.0,0.0,0.0,12.0,17.0,Desconocido
Bundesliga,218.0,,,False,2024-09-27,,,Dortmund,Bochum,4.0,2.0,,,11.0,0.0,2.0,0.0,0.0,0.0,23.0,10.0,Desconocido
Primeira Liga,94.0,,,False,2024-09-27,230.0,,Estoril,Sp Lisbon,0.0,3.0,,,1.0,14.0,2.0,0.0,0.0,0.0,5.0,22.0,Desconocido
Ligue 2,62.0,,,False,2024-09-27,101.0,,Grenoble,Clermont,3.0,0.0,,,5.0,8.0,1.0,1.0,0.0,1.0,10.0,7.0,Desconocido
Bundesliga 2,,,,False,2024-09-27,,,Greuther Furth,Fortuna Dusseldorf,1.0,2.0,,,6.0,0.0,1.0,1.0,0.0,0.0,15.0,12.0,Desconocido
Eredivisie,88.0,,,False,2024-09-27,206.0,210.0,Heracles,Heerenveen,2.0,1.0,,,9.0,4.0,2.0,2.0,0.0,0.0,15.0,13.0,Desconocido
Ligue 2,62.0,,,False,2024-09-27,433.0,,Laval,Pau FC,3.0,1.0,,,3.0,4.0,2.0,6.0,0.0,0.0,7.0,7.0,Desconocido
Ligue 2,62.0,,,False,2024-09-27,97.0,,Lorient,Ajaccio,3.0,0.0,,,8.0,3.0,2.0,2.0,0.0,1.0,27.0,7.0,Desconocido
Ligue 2,62.0,,,False,2024-09-27,,1304.0,Martigues,Dunkerque,1.0,1.0,,,7.0,10.0,1.0,3.0,1.0,0.0,5.0,18.0,Desconocido
Serie A,71.0,,,False,2024-09-27,,867.0,Milan,Lecce,3.0,0.0,,,4.0,7.0,1.0,1.0,1.0,0.0,15.0,16.0,Desconocido
Ligue 1,61.0,,,False,2024-09-27,,94.0,Paris SG,Rennes,3.0,1.0,,,6.0,4.0,1.0,3.0,0.0,0.0,22.0,13.0,Desconocido
Championship,407.0,,,False,2024-09-27,1357.0,1359.0,Plymouth,Luton,3.0,1.0,,,3.0,15.0,1.0,4.0,0.0,0.0,19.0,16.0,Desconocido
Turkey Super Lig,,,,False,2024-09-27,1002.0,,Sivasspor,Buyuksehyr,1.0,2.0,,,2.0,3.0,1.0,4.0,0.0,0.0,10.0,13.0,Desconocido
League 2,,,,False,2024-09-27,1381.0,,Tranmere,Salford,0.0,0.0,,,11.0,4.0,3.0,7.0,0.0,0.0,16.0,8.0,Desconocido
Bundesliga 2,,,,False,2024-09-27,,,Ulm,Braunschweig,3.0,1.0,,,3.0,5.0,2.0,5.0,0.0,1.0,18.0,9.0,Desconocido
La Liga,140.0,,,False,2024-09-27,720.0,798.0,Valladolid,Mallorca,1.0,2.0,,,7.0,4.0,3.0,2.0,0.0,0.0,11.0,14.0,Desconocido
La Liga,140.0,,,False,2024-09-26,,,Celta,Ath Madrid,0.0,1.0,,,2.0,3.0,2.0,2.0,0.0,0.0,9.0,7.0,Desconocido
Jupiler Pro League,144.0,,,False,2024-09-26,741.0,631.0,Cercle Brugge,Gent,2.0,1.0,,,6.0,5.0,2.0,3.0,0.0,0.0,14.0,6.0,Desconocido
La Liga,140.0,,,False,2024-09-26,,533.0,Espanol,Villarreal,1.0,2.0,,,4.0,1.0,5.0,3.0,0.0,0.0,11.0,15.0,Desconocido
La Liga,140.0,,,False,2024-09-26,534.0,,Las Palmas,Betis,1.0,1.0,,,1.0,4.0,4.0,2.0,0.0,0.0,8.0,14.0,Desconocido
La Liga,140.0,,,False,2024-09-25,529.0,546.0,Barcelona,Getafe,1.0,0.0,,,7.0,5.0,1.0,1.0,0.0,0.0,16.0,7.0,Desconocido
La Liga,140.0,,,False,2024-09-25,547.0,,Girona,Vallecano,0.0,0.0,,,4.0,3.0,3.0,4.0,0.0,0.0,11.0,2.0,Desconocido
Ligue 2,62.0,,,False,2024-09-24,,101.0,Ajaccio,Grenoble,2.0,0.0,,,6.0,3.0,4.0,1.0,0.0,0.0,12.0,7.0,Desconocido
National League,43.0,,,False,2024-09-24,,1369.0,Aldershot,Barnet,0.0,1.0,,,,,4.0,4.0,1.0,0.0,,,Desconocido
National League,43.0,,,False,2024-09-24,4700.0,,Altrincham,Dag and Red,2.0,1.0,,,,,0.0,3.0,0.0,0.0,,,Desconocido
Ligue 2,62.0,,,False,2024-09-24,3012.0,,Annecy,Troyes,1.0,0.0,,,3.0,7.0,3.0,1.0,0.0,0.0,9.0,18.0,Desconocido
Serie A,71.0,,,False,2024-09-24,499.0,895.0,Atalanta,Como,2.0,3.0,,,6.0,2.0,1.0,3.0,0.0,0.0,8.0,14.0,Desconocido
National League,43.0,,,False,2024-09-24,,,Braintree Town,Halifax,1.0,0.0,,,,,4.0,2.0,0.0,0.0,,,Desconocido
Ligue 2,62.0,,,False,2024-09-24,88.0,87.0,Caen,Amiens,2.0,1.0,,,10.0,2.0,3.0,2.0,0.0,0.0,15.0,7.0,Desconocido
Ligue 2,62.0,,,False,2024-09-24,,,Clermont,Red Star,1.0,1.0,,,6.0,4.0,2.0,1.0,0.0,0.0,11.0,6.0,Desconocido
Ligue 2,62.0,,,False,2024-09-24,1304.0,1305.0,Dunkerque,Bastia,2.0,1.0,,,5.0,2.0,0.0,2.0,0.0,0.0,12.0,11.0,Desconocido
National League,43.0,,,False,2024-09-24,1822.0,1836.0,Eastleigh,Woking,2.0,2.0,,,,,2.0,1.0,0.0,0.0,,,Desconocido
National League,43.0,,,False,2024-09-24,,7752.0,Fylde,Tamworth,1.0,2.0,,,,,4.0,4.0,0.0,0.0,,,Desconocido
National League,43.0,,,False,2024-09-24,1823.0,,Gateshead,Boston Utd,2.0,0.0,,,,,4.0,2.0,0.0,0.0,,,Desconocido
National League,43.0,,,False,2024-09-24,1366.0,1339.0,Hartlepool,Rochdale,0.0,3.0,,,,,1.0,1.0,0.0,0.0,,,Desconocido
League 1,,,,False,2024-09-24,37.0,1356.0,Huddersfield,Blackpool,0.0,2.0,,,10.0,2.0,2.0,0.0,0.0,0.0,8.0,11.0,Desconocido
League 1,,,,False,2024-09-24,1373.0,,Leyton Orient,Peterboro,2.0,2.0,,,7.0,3.0,2.0,1.0,0.0,0.0,13.0,7.0,Desconocido
National League,43.0,,,False,2024-09-24,1838.0,,Maidenhead,Ebbsfleet,2.0,1.0,,,,,3.0,3.0,0.0,0.0,,,Desconocido
Ligue 2,62.0,,,False,2024-09-24,112.0,,Metz,Martigues,6.0,0.0,,,5.0,5.0,1.0,2.0,0.0,0.0,18.0,12.0,Desconocido
National League,43.0,,,False,2024-09-24,1349.0,1378.0,Oldham,Forest Green,1.0,0.0,,,,,2.0,2.0,0.0,0.0,,,Desconocido
Ligue 2,62.0,,,False,2024-09-24,114.0,90.0,Paris FC,Guingamp,2.0,0.0,,,2.0,2.0,1.0,2.0,0.0,0.0,10.0,9.0,Desconocido
Ligue 2,62.0,,,False,2024-09-24,,97.0,Pau FC,Lorient,1.0,0.0,,,7.0,1.0,1.0,1.0,0.0,1.0,19.0,6.0,Desconocido
La Liga,140.0,,,False,2024-09-24,541.0,542.0,Real Madrid,Alaves,3.0,2.0,,,4.0,4.0,4.0,0.0,0.0,0.0,10.0,12.0,Desconocido
Ligue 2,62.0,,,False,2024-09-24,1301.0,433.0,Rodez,Laval,1.0,3.0,,,3.0,9.0,2.0,1.0,0.0,0.0,14.0,10.0,Desconocido
La Liga,140.0,,,False,2024-09-24,536.0,720.0,Sevilla,Valladolid,2.0,1.0,,,6.0,4.0,5.0,4.0,1.0,0.0,22.0,8.0,Desconocido
National League,43.0,,,False,2024-09-24,,1828.0,Solihull,York,0.0,3.0,,,,,1.0,1.0,0.0,0.0,,,Desconocido
National League,43.0,,,False,2024-09-24,,,Sutton,Yeovil,0.0,0.0,,,,,3.0,4.0,0.0,0.0,,,Desconocido
La Liga,140.0,,,False,2024-09-24,532.0,727.0,Valencia,Osasuna,0.0,0.0,,,10.0,5.0,2.0,3.0,0.0,0.0,10.0,9.0,Desconocido
National League,43.0,,,False,2024-09-24,8663.0,1341.0,Wealdstone,Southend,1.0,1.0,,,,,1.0,3.0,0.0,0.0,,,Desconocido
League 1,,,,False,2024-09-24,61.0,1368.0,Wigan,Stevenage,0.0,0.0,,,8.0,1.0,3.0,4.0,0.0,0.0,7.0,7.0,Desconocido
La Liga,140.0,,,False,2024-09-23,,798.0,Betis,Mallorca,1.0,2.0,,,6.0,3.0,3.0,2.0,0.0,0.0,14.0,6.0,Desconocido
Primeira Liga,94.0,,,False,2024-09-23,,211.0,Boavista,Benfica,0.0,3.0,,,4.0,5.0,2.0,0.0,0.0,0.0,7.0,16.0,Desconocido
League 2,,,,False,2024-09-23,1336.0,1375.0,Fleetwood Town,Morecambe,2.0,2.0,,,5.0,1.0,6.0,4.0,0.0,0.0,25.0,9.0,Desconocido
Turkey Super Lig,,,,False,2024-09-23,,998.0,Gaziantep,Trabzonspor,0.0,0.0,,,9.0,2.0,5.0,4.0,0.0,0.0,12.0,10.0,Desconocido
Turkey Super Lig,,,,False,2024-09-23,,1001.0,Goztep,Kayserispor,3.0,0.0,,,6.0,4.0,2.0,2.0,0.0,0.0,18.0,8.0,Desconocido
La Liga 2,,,,False,2024-09-23,726.0,713.0,Huesca,Cordoba,4.0,1.0,,,3.0,7.0,2.0,2.0,0.0,1.0,9.0,16.0,Desconocido
Turkey Super Lig,,,,False,2024-09-22,,996.0,Ad. Demirspor,Alanyaspor,0.0,2.0,,,6.0,6.0,1.0,3.0,0.0,0.0,8.0,12.0,Desconocido
Eredivisie,88.0,,,False,2024-09-22,,415.0,Almere City,Twente,0.0,5.0,,,7.0,5.0,1.0,1.0,0.0,0.0,16.0,16.0,Desconocido
La Liga 2,,,,False,2024-09-22,723.0,545.0,Almeria,Eibar,2.0,2.0,,,9.0,3.0,4.0,4.0,0.0,1.0,13.0,8.0,Desconocido
Ligue 1,61.0,,,False,2024-09-22,77.0,83.0,Angers,Nantes,1.0,1.0,,,3.0,6.0,1.0,4.0,0.0,0.0,4.0,9.0,Desconocido
La Liga,140.0,,,False,2024-09-22,,,Ath Bilbao,Celta,3.0,1.0,,,3.0,6.0,3.0,2.0,0.0,0.0,10.0,11.0,Desconocido
Super League Greece,,,,False,2024-09-22,,,Athens Kallithea,AEK,0.0,0.0,,,2.0,13.0,3.0,5.0,0.0,0.0,10.0,13.0,Desconocido
Super League Greece,,,,False,2024-09-22,12260.0,,Atromitos,Lamia,4.0,2.0,,,6.0,2.0,1.0,1.0,0.0,0.0,11.0,3.0,Desconocido
Turkey Super Lig,,,,False,2024-09-22,,,Besiktas,Eyupspor,2.0,1.0,,,8.0,4.0,1.0,4.0,0.0,0.0,16.0,10.0,Desconocido
Ligue 1,61.0,,,False,2024-09-22,,96.0,Brest,Toulouse,2.0,0.0,,,4.0,3.0,1.0,1.0,0.0,0.0,9.0,10.0,Desconocido
Premier League,569.0,,,False,2024-09-22,51.0,,Brighton,Nott'm Forest,2.0,2.0,,,9.0,1.0,3.0,4.0,0.0,1.0,14.0,4.0,Desconocido
La Liga 2,,,,False,2024-09-22,,724.0,Cartagena,Cadiz,1.0,2.0,,,10.0,9.0,4.0,4.0,0.0,0.0,12.0,13.0,Desconocido
La Liga 2,,,,False,2024-09-22,,,Castellon,Santander,0.0,1.0,,,7.0,3.0,1.0,2.0,0.0,0.0,18.0,10.0,Desconocido
Jupiler Pro League,144.0,,,False,2024-09-22,,631.0,Club Brugge,Gent,2.0,4.0,,,11.0,2.0,3.0,5.0,0.0,0.0,27.0,7.0,Desconocido
La Liga 2,,,,False,2024-09-22,797.0,799.0,Elche,Mirandes,1.0,0.0,,,5.0,0.0,2.0,3.0,0.0,0.0,19.0,5.0,Desconocido
Bundesliga 2,,,,False,2024-09-22,,,Elversberg,Ulm,1.0,3.0,,,9.0,8.0,3.0,2.0,0.0,0.0,19.0,18.0,Desconocido
Primeira Liga,94.0,,,False,2024-09-22,231.0,240.0,Farense,Arouca,0.0,1.0,,,10.0,6.0,1.0,4.0,0.0,0.0,16.0,11.0,Desconocido
Eredivisie,88.0,,,False,2024-09-22,209.0,203.0,Feyenoord,NAC Breda,2.0,0.0,,,5.0,2.0,2.0,2.0,0.0,0.0,25.0,5.0,Desconocido
Serie A,71.0,,,False,2024-09-22,502.0,487.0,Fiorentina,Lazio,2.0,1.0,,,3.0,10.0,3.0,4.0,0.0,0.0,14.0,20.0,Desconocido
Eredivisie,88.0,,,False,2024-09-22,,197.0,For Sittard,PSV Eindhoven,1.0,3.0,,,5.0,6.0,3.0,1.0,0.0,0.0,8.0,14.0,Desconocido
Serie B,72.0,,,False,2024-09-22,512.0,508.0,Frosinone,Bari,0.0,3.0,,,3.0,3.0,3.0,1.0,0.0,0.0,26.0,13.0,Desconocido
Jupiler Pro League,144.0,,,False,2024-09-22,742.0,6215.0,Genk,Dender,4.0,0.0,,,8.0,3.0,0.0,2.0,0.0,0.0,28.0,5.0,Desconocido
La Liga,140.0,,,False,2024-09-22,546.0,537.0,Getafe,Leganes,1.0,1.0,,,6.0,2.0,3.0,2.0,0.0,0.0,12.0,6.0,Desconocido
Primeira Liga,94.0,,,False,2024-09-22,,4716.0,Gil Vicente,Casa Pia,1.0,1.0,,,9.0,2.0,2.0,5.0,0.0,0.0,15.0,8.0,Desconocido
Eredivisie,88.0,,,False,2024-09-22,210.0,202.0,Heerenveen,Groningen,2.0,1.0,,,9.0,3.0,1.0,3.0,0.0,2.0,20.0,2.0,Desconocido
Serie A,71.0,,,False,2024-09-22,505.0,,Inter,Milan,1.0,2.0,,,6.0,2.0,4.0,1.0,0.0,0.0,13.0,16.0,Desconocido
Turkey Super Lig,,,,False,2024-09-22,,1005.0,Kasimpasa,Antalyaspor,0.0,0.0,,,3.0,1.0,1.0,6.0,1.0,0.0,13.0,4.0,Desconocido
Super League Greece,,,,False,2024-09-22,,,Levadeiakos,OFI Crete,1.0,1.0,,,4.0,2.0,3.0,3.0,0.0,0.0,13.0,3.0,Desconocido
Bundesliga,218.0,,,False,2024-09-22,,,Leverkusen,Wolfsburg,4.0,3.0,,,6.0,2.0,4.0,5.0,0.0,1.0,20.0,8.0,Desconocido
Ligue 1,61.0,,,False,2024-09-22,80.0,81.0,Lyon,Marseille,2.0,3.0,,,10.0,3.0,4.0,3.0,0.0,1.0,18.0,6.0,Desconocido
Bundesliga 2,,,,False,2024-09-22,,,Magdeburg,Karlsruhe,2.0,2.0,,,2.0,5.0,3.0,3.0,0.0,0.0,13.0,7.0,Desconocido
Premier League,569.0,,,False,2024-09-22,,9419.0,Man City,Arsenal,2.0,2.0,,,8.0,2.0,3.0,4.0,0.0,1.0,33.0,5.0,Desconocido
Serie B,72.0,,,False,2024-09-22,1693.0,510.0,Mantova,Cittadella,1.0,0.0,,,6.0,4.0,2.0,3.0,0.0,0.0,17.0,11.0,Desconocido
Jupiler Pro League,144.0,,,False,2024-09-22,,741.0,Mechelen,Cercle Brugge,2.0,0.0,,,2.0,4.0,2.0,2.0,0.0,0.0,9.0,7.0,Desconocido
Ligue 1,61.0,,,False,2024-09-22,91.0,111.0,Monaco,Le Havre,3.0,1.0,,,6.0,4.0,1.0,3.0,0.0,0.0,14.0,9.0,Desconocido
Ligue 1,61.0,,,False,2024-09-22,82.0,108.0,Montpellier,Auxerre,3.0,2.0,,,11.0,5.0,3.0,4.0,0.0,0.0,14.0,11.0,Desconocido
Serie A,71.0,,,False,2024-09-22,1579.0,500.0,Monza,Bologna,1.0,2.0,,,2.0,2.0,3.0,2.0,0.0,0.0,6.0,15.0,Desconocido
Jupiler Pro League,144.0,,,False,2024-09-22,,734.0,Oud-Heverlee Leuven,Kortrijk,1.0,1.0,,,10.0,3.0,3.0,4.0,0.0,0.0,16.0,9.0,Desconocido
Super League Greece,,,,False,2024-09-22,617.0,2099.0,Panathinaikos,Panserraikos,3.0,1.0,,,7.0,1.0,1.0,4.0,0.0,0.0,23.0,15.0,Desconocido
Championship,407.0,,,False,2024-09-22,59.0,67.0,Preston,Blackburn,0.0,0.0,,,4.0,4.0,4.0,4.0,1.0,1.0,7.0,6.0,Desconocido
Bundesliga 2,,,,False,2024-09-22,,1313.0,Regensburg,Preußen Münster,0.0,3.0,,,7.0,4.0,3.0,1.0,0.0,0.0,20.0,11.0,Desconocido
Turkey Super Lig,,,,False,2024-09-22,1007.0,3603.0,Rizespor,Samsunspor,0.0,1.0,,,3.0,0.0,2.0,2.0,0.0,0.0,13.0,9.0,Desconocido
Serie A,71.0,,,False,2024-09-22,,494.0,Roma,Udinese,3.0,0.0,,,2.0,1.0,2.0,2.0,0.0,0.0,14.0,9.0,Desconocido
Primeira Liga,94.0,,,False,2024-09-22,,21595.0,Sp Lisbon,AVS,3.0,0.0,,,9.0,1.0,0.0,3.0,0.0,0.0,22.0,3.0,Desconocido
Serie B,72.0,,,False,2024-09-22,515.0,1581.0,Spezia,Carrarese,4.0,2.0,,,9.0,5.0,3.0,4.0,0.0,0.0,19.0,12.0,Desconocido
Bundesliga,218.0,,,False,2024-09-22,,173.0,St Pauli,RB Leipzig,0.0,0.0,,,3.0,1.0,2.0,1.0,0.0,0.0,15.0,10.0,Desconocido
Bundesliga,218.0,,,False,2024-09-22,,,Stuttgart,Dortmund,5.0,1.0,,,6.0,4.0,1.0,3.0,0.0,0.0,16.0,6.0,Desconocido
La Liga 2,,,,False,2024-09-22,719.0,,Tenerife,Sp Gijon,1.0,1.0,,,5.0,7.0,2.0,2.0,0.0,0.0,14.0,7.0,Desconocido
La Liga,140.0,,,False,2024-09-22,,,Vallecano,Ath Madrid,1.0,1.0,,,3.0,4.0,0.0,0.0,0.0,0.0,15.0,10.0,Desconocido
La Liga,140.0,,,False,2024-09-22,533.0,529.0,Villarreal,Barcelona,1.0,5.0,,,7.0,3.0,6.0,1.0,0.0,0.0,13.0,17.0,Desconocido
League 2,,,,False,2024-09-21,,1351.0,Accrington,Port Vale,2.0,2.0,,,3.0,8.0,3.0,0.0,0.0,0.0,13.0,14.0,Desconocido
National League,43.0,,,False,2024-09-21,,1828.0,Aldershot,York,0.0,0.0,,,,,2.0,1.0,0.0,0.0,,,Desconocido
League 1 Escocia,,,,False,2024-09-21,,6773.0,Alloa,Kelty Hearts,1.0,0.0,,,7.0,7.0,2.0,5.0,0.0,0.0,8.0,8.0,Desconocido
National League,43.0,,,False,2024-09-21,4700.0,,Altrincham,Boston Utd,2.0,2.0,,,,,2.0,1.0,0.0,1.0,,,Desconocido
Jupiler Pro League,144.0,,,False,2024-09-21,554.0,736.0,Anderlecht,Charleroi,0.0,0.0,,,6.0,3.0,4.0,3.0,0.0,0.0,10.0,9.0,Desconocido
League 1 Escocia,,,,False,2024-09-21,4249.0,6757.0,Arbroath,Annan Athletic,2.0,0.0,,,8.0,1.0,4.0,0.0,0.0,0.0,8.0,3.0,Desconocido
Super League Greece,,,,False,2024-09-21,3408.0,3415.0,Aris,Olympiakos,2.0,1.0,,,3.0,5.0,2.0,4.0,0.0,0.0,6.0,9.0,Desconocido
Premier League,569.0,,,False,2024-09-21,66.0,39.0,Aston Villa,Wolves,3.0,1.0,,,6.0,5.0,3.0,6.0,0.0,0.0,9.0,10.0,Desconocido
League 2,,,,False,2024-09-21,1819.0,1367.0,Barrow,Newport County,2.0,0.0,,,10.0,2.0,1.0,4.0,0.0,0.0,21.0,8.0,Desconocido
Jupiler Pro League,144.0,,,False,2024-09-21,263.0,,Beerschot VA,St Truiden,0.0,3.0,,,4.0,7.0,0.0,1.0,0.0,0.0,14.0,20.0,Desconocido
Bundesliga,218.0,,,False,2024-09-21,,191.0,Bochum,Holstein Kiel,2.0,2.0,,,2.0,5.0,4.0,1.0,0.0,0.0,14.0,13.0,Desconocido
League 1,,,,False,2024-09-21,68.0,53.0,Bolton,Reading,5.0,2.0,,,6.0,7.0,4.0,2.0,0.0,0.0,18.0,18.0,Desconocido
League 2,,,,False,2024-09-21,1343.0,1333.0,Bradford,AFC Wimbledon,0.0,0.0,,,7.0,3.0,3.0,2.0,0.0,0.0,11.0,7.0,Desconocido
National League,43.0,,,False,2024-09-21,,7752.0,Braintree Town,Tamworth,0.0,1.0,,,,,2.0,4.0,0.0,0.0,,,Desconocido
Bundesliga 2,,,,False,2024-09-21,,,Braunschweig,Greuther Furth,2.0,0.0,,,8.0,1.0,3.0,6.0,0.0,0.0,20.0,9.0,Desconocido
Championship,407.0,,,False,2024-09-21,56.0,,Bristol City,Oxford,2.0,1.0,,,5.0,1.0,1.0,4.0,0.0,0.0,19.0,7.0,Desconocido
Championship,407.0,,,False,2024-09-21,44.0,1355.0,Burnley,Portsmouth,2.0,1.0,,,4.0,2.0,2.0,2.0,0.0,0.0,18.0,5.0,Desconocido
League 1,,,,False,2024-09-21,,747.0,Burton,Barnsley,1.0,2.0,,,3.0,4.0,2.0,2.0,0.0,0.0,8.0,13.0,Desconocido
Championship,407.0,,,False,2024-09-21,43.0,63.0,Cardiff,Leeds,0.0,2.0,,,0.0,4.0,2.0,2.0,1.0,0.0,3.0,15.0,Desconocido
League 1,,,,False,2024-09-21,1335.0,1356.0,Charlton,Blackpool,1.0,2.0,,,4.0,1.0,2.0,1.0,0.0,0.0,14.0,9.0,Desconocido
League 2,,,,False,2024-09-21,1345.0,1372.0,Chesterfield,Cheltenham,1.0,1.0,,,6.0,1.0,3.0,1.0,0.0,0.0,13.0,7.0,Desconocido
League 2 Escocia,,,,False,2024-09-21,6762.0,,Clyde,Elgin,0.0,0.0,,,8.0,1.0,2.0,2.0,0.0,1.0,10.0,3.0,Desconocido
League 2,,,,False,2024-09-21,1361.0,1381.0,Colchester,Tranmere,3.0,0.0,,,2.0,5.0,2.0,4.0,0.0,0.0,11.0,14.0,Desconocido
Serie B,72.0,,,False,2024-09-21,10137.0,488.0,Cosenza,Sassuolo,0.0,1.0,,,6.0,2.0,3.0,4.0,0.0,0.0,22.0,11.0,Desconocido
Championship,407.0,,,False,2024-09-21,1346.0,76.0,Coventry,Swansea,1.0,2.0,,,6.0,3.0,2.0,3.0,0.0,0.0,20.0,11.0,Desconocido
League 2,,,,False,2024-09-21,1363.0,,Crewe,Harrogate,3.0,0.0,,,5.0,7.0,3.0,3.0,0.0,0.0,19.0,8.0,Desconocido
Premier League,569.0,,,False,2024-09-21,52.0,,Crystal Palace,Man United,0.0,0.0,,,4.0,11.0,3.0,1.0,0.0,0.0,9.0,15.0,Desconocido
League 1 Escocia,,,,False,2024-09-21,1382.0,4251.0,Dumbarton,Montrose,0.0,1.0,,,15.0,0.0,0.0,1.0,0.0,0.0,11.0,1.0,Desconocido
League 2 Escocia,,,,False,2024-09-21,6764.0,6777.0,East Fife,Peterhead,2.0,0.0,,,9.0,6.0,2.0,3.0,0.0,0.0,5.0,8.0,Desconocido
National League,43.0,,,False,2024-09-21,1822.0,1339.0,Eastleigh,Rochdale,4.0,2.0,,,,,2.0,4.0,0.0,0.0,,,Desconocido
Bundesliga,218.0,,,False,2024-09-21,,,Ein Frankfurt,M'gladbach,2.0,0.0,,,8.0,5.0,1.0,1.0,0.0,0.0,14.0,22.0,Desconocido
La Liga 2,,,,False,2024-09-21,9692.0,718.0,Eldense,Oviedo,1.0,1.0,,,7.0,5.0,2.0,3.0,1.0,0.0,16.0,10.0,Desconocido
League 1,,,,False,2024-09-21,,1368.0,Exeter,Stevenage,2.0,0.0,,,8.0,4.0,1.0,2.0,0.0,0.0,14.0,10.0,Desconocido
Turkey Super Lig,,,,False,2024-09-21,,645.0,Fenerbahce,Galatasaray,1.0,3.0,,,10.0,2.0,3.0,6.0,0.0,0.0,27.0,14.0,Desconocido
La Liga 2,,,,False,2024-09-21,,722.0,Ferrol,Albacete,1.0,4.0,,,6.0,3.0,1.0,2.0,0.0,0.0,16.0,22.0,Desconocido
League 2 Escocia,,,,False,2024-09-21,,6785.0,Forfar,Stranraer,2.0,1.0,,,3.0,3.0,3.0,2.0,0.0,0.0,13.0,7.0,Desconocido
Bundesliga 2,,,,False,2024-09-21,,,Fortuna Dusseldorf,FC Koln,2.0,2.0,,,4.0,8.0,2.0,2.0,0.0,0.0,9.0,24.0,Desconocido
Premier League,569.0,,,False,2024-09-21,36.0,34.0,Fulham,Newcastle,3.0,1.0,,,6.0,0.0,6.0,0.0,0.0,0.0,22.0,15.0,Desconocido
National League,43.0,,,False,2024-09-21,,1836.0,Fylde,Woking,1.0,1.0,,,,,2.0,1.0,0.0,0.0,,,Desconocido
National League,43.0,,,False,2024-09-21,1823.0,1378.0,Gateshead,Forest Green,0.0,2.0,,,,,1.0,4.0,0.0,0.0,,,Desconocido
Eredivisie,88.0,,,False,2024-09-21,,194.0,Go Ahead Eagles,Ajax,1.0,1.0,,,7.0,2.0,2.0,2.0,0.0,0.0,9.0,8.0,Desconocido
League 2,,,,False,2024-09-21,1365.0,1832.0,Grimsby,Bromley,1.0,0.0,,,3.0,4.0,2.0,1.0,1.0,0.0,10.0,16.0,Desconocido
Primeira Liga,94.0,,,False,2024-09-21,224.0,,Guimaraes,Porto,0.0,3.0,,,5.0,6.0,4.0,4.0,0.0,0.0,6.0,12.0,Desconocido
National League,43.0,,,False,2024-09-21,1366.0,,Hartlepool,Dag and Red,0.0,1.0,,,,,1.0,7.0,1.0,0.0,,,Desconocido
Bundesliga,218.0,,,False,2024-09-21,,,Heidenheim,Freiburg,0.0,3.0,,,3.0,9.0,1.0,1.0,0.0,0.0,7.0,14.0,Desconocido
League 1,,,,False,2024-09-21,37.0,1337.0,Huddersfield,Northampton,1.0,3.0,,,7.0,1.0,2.0,4.0,0.0,1.0,16.0,7.0,Desconocido
League 1 Escocia,,,,False,2024-09-21,,6763.0,Inverness C,Cove Rangers,1.0,1.0,,,2.0,3.0,1.0,4.0,0.0,0.0,6.0,5.0,Desconocido
Serie A,71.0,,,False,2024-09-21,10019.0,492.0,Juventus,Napoli,0.0,0.0,,,4.0,3.0,1.0,0.0,0.0,0.0,9.0,8.0,Desconocido
Bundesliga 2,,,,False,2024-09-21,,,Kaiserslautern,Hamburg,2.0,2.0,,,3.0,10.0,2.0,3.0,0.0,0.0,10.0,17.0,Desconocido
Turkey Super Lig,,,,False,2024-09-21,607.0,1002.0,Konyaspor,Sivasspor,0.0,0.0,,,7.0,4.0,5.0,4.0,0.0,0.0,14.0,9.0,Desconocido
La Liga 2,,,,False,2024-09-21,,9580.0,La Coruna,Burgos,0.0,2.0,,,10.0,5.0,1.0,1.0,0.0,0.0,16.0,7.0,Desconocido
Serie A,71.0,,,False,2024-09-21,867.0,523.0,Lecce,Parma,2.0,2.0,,,2.0,12.0,4.0,0.0,1.0,1.0,14.0,24.0,Desconocido
Premier League,569.0,,,False,2024-09-21,46.0,45.0,Leicester,Everton,1.0,1.0,,,6.0,1.0,1.0,2.0,0.0,0.0,12.0,16.0,Desconocido
Ligue 1,61.0,,,False,2024-09-21,79.0,95.0,Lille,Strasbourg,3.0,3.0,,,9.0,5.0,2.0,2.0,0.0,0.0,15.0,12.0,Desconocido
League 1,,,,False,2024-09-21,1379.0,61.0,Lincoln,Wigan,0.0,0.0,,,3.0,1.0,2.0,1.0,0.0,0.0,6.0,6.0,Desconocido
Premier League,569.0,,,False,2024-09-21,40.0,35.0,Liverpool,Bournemouth,3.0,0.0,,,3.0,9.0,1.0,4.0,0.0,0.0,19.0,19.0,Desconocido
Championship,407.0,,,False,2024-09-21,1359.0,,Luton,Sheffield Weds,2.0,1.0,,,8.0,5.0,1.0,1.0,0.0,1.0,15.0,12.0,Desconocido
National League,43.0,,,False,2024-09-21,1838.0,,Maidenhead,Halifax,0.0,1.0,,,,,2.0,1.0,0.0,0.0,,,Desconocido
League 1,,,,False,2024-09-21,,1352.0,Mansfield,Shrewsbury,2.0,1.0,,,3.0,4.0,1.0,4.0,0.0,0.0,14.0,12.0,Desconocido
Ligue 2,62.0,,,False,2024-09-21,112.0,97.0,Metz,Lorient,1.0,1.0,,,1.0,10.0,2.0,2.0,0.0,0.0,7.0,16.0,Desconocido
League 2,,,,False,2024-09-21,1348.0,1354.0,Milton Keynes Dons,Doncaster,1.0,1.0,,,4.0,5.0,2.0,1.0,1.0,1.0,11.0,13.0,Desconocido
Serie B,72.0,,,False,2024-09-21,899.0,863.0,Modena,Juve Stabia,3.0,0.0,,,7.0,4.0,3.0,2.0,0.0,0.0,9.0,7.0,Desconocido
Primeira Liga,94.0,,,False,2024-09-21,215.0,242.0,Moreirense,Famalicao,0.0,0.0,,,4.0,3.0,5.0,3.0,0.0,0.0,8.0,6.0,Desconocido
Championship Escocia,,,,False,2024-09-21,1383.0,,Morton,Airdrie Utd,2.0,0.0,,,8.0,4.0,0.0,0.0,0.0,1.0,16.0,3.0,Desconocido
Eredivisie,88.0,,,False,2024-09-21,,206.0,Nijmegen,Heracles,1.0,2.0,,,7.0,3.0,3.0,4.0,0.0,0.0,21.0,11.0,Desconocido
Championship,407.0,,,False,2024-09-21,71.0,38.0,Norwich,Watford,4.0,1.0,,,3.0,5.0,2.0,1.0,0.0,0.0,19.0,11.0,Desconocido
League 2,,,,False,2024-09-21,1376.0,1347.0,Notts County,Gillingham,0.0,1.0,,,6.0,4.0,3.0,4.0,0.0,0.0,12.0,9.0,Desconocido
Bundesliga 2,,,,False,2024-09-21,,,Nurnberg,Hertha,0.0,2.0,,,7.0,4.0,2.0,3.0,0.0,0.0,7.0,19.0,Desconocido
National League,43.0,,,False,2024-09-21,1349.0,,Oldham,Yeovil,1.0,0.0,,,,,3.0,2.0,0.0,0.0,,,Desconocido
La Liga,140.0,,,False,2024-09-21,727.0,534.0,Osasuna,Las Palmas,2.0,1.0,,,2.0,4.0,2.0,5.0,0.0,0.0,13.0,11.0,Desconocido
Serie B,72.0,,,False,2024-09-21,522.0,509.0,Palermo,Cesena,0.0,0.0,,,4.0,4.0,4.0,5.0,0.0,0.0,15.0,11.0,Desconocido
Super League Greece,,,,False,2024-09-21,949.0,955.0,Panetolikos,Asteras Tripolis,1.0,1.0,,,1.0,3.0,4.0,5.0,0.0,1.0,10.0,10.0,Desconocido
Championship Escocia,,,,False,2024-09-21,901.0,1388.0,Partick,Dunfermline,1.0,0.0,,,6.0,2.0,2.0,4.0,0.0,0.0,8.0,5.0,Desconocido
League 1,,,,False,2024-09-21,,,Peterboro,Bristol Rvs,3.0,2.0,,,2.0,5.0,2.0,1.0,0.0,0.0,12.0,17.0,Desconocido
Serie B,72.0,,,False,2024-09-21,801.0,,Pisa,Brescia,2.0,1.0,,,2.0,4.0,1.0,3.0,0.0,0.0,13.0,14.0,Desconocido
Championship,407.0,,,False,2024-09-21,72.0,58.0,QPR,Millwall,1.0,1.0,,,5.0,10.0,2.0,1.0,0.0,0.0,7.0,16.0,Desconocido
Championship Escocia,,,,False,2024-09-21,,,Queens Park,Ayr,1.0,1.0,,,4.0,10.0,2.0,2.0,0.0,0.0,7.0,13.0,Desconocido
Championship Escocia,,,,False,2024-09-21,,,Raith Rvs,Hamilton,3.0,3.0,,,5.0,2.0,1.0,2.0,0.0,0.0,11.0,5.0,Desconocido
La Liga,140.0,,,False,2024-09-21,541.0,,Real Madrid,Espanol,4.0,1.0,,,9.0,4.0,4.0,3.0,0.0,0.0,31.0,10.0,Desconocido
Serie B,72.0,,,False,2024-09-21,880.0,514.0,Reggiana,Salernitana,0.0,0.0,,,5.0,5.0,1.0,4.0,0.0,0.0,10.0,15.0,Desconocido
Ligue 1,61.0,,,False,2024-09-21,93.0,,Reims,Paris SG,1.0,1.0,,,3.0,5.0,2.0,1.0,0.0,0.0,8.0,11.0,Desconocido
Ligue 1,61.0,,,False,2024-09-21,94.0,116.0,Rennes,Lens,1.0,1.0,,,4.0,3.0,2.0,4.0,0.0,0.0,11.0,10.0,Desconocido
Primeira Liga,94.0,,,False,2024-09-21,226.0,230.0,Rio Ave,Estoril,2.0,2.0,,,7.0,4.0,2.0,2.0,0.0,0.0,15.0,8.0,Desconocido
Premiership Escocia,,,,False,2024-09-21,902.0,,Ross County,St Johnstone,3.0,3.0,,,1.0,3.0,2.0,4.0,0.0,0.0,14.0,8.0,Desconocido
League 1,,,,False,2024-09-21,73.0,54.0,Rotherham,Birmingham,0.0,2.0,,,9.0,8.0,3.0,2.0,0.0,0.0,7.0,16.0,Desconocido
League 2,,,,False,2024-09-21,,1342.0,Salford,Walsall,0.0,2.0,,,6.0,5.0,1.0,4.0,0.0,0.0,18.0,17.0,Desconocido
Serie B,72.0,,,False,2024-09-21,498.0,1578.0,Sampdoria,Sudtirol,1.0,0.0,,,5.0,2.0,3.0,2.0,0.0,0.0,12.0,8.0,Desconocido
Primeira Liga,94.0,,,False,2024-09-21,227.0,15130.0,Santa Clara,Estrela,1.0,0.0,,,3.0,8.0,2.0,3.0,0.0,0.0,8.0,11.0,Desconocido
Championship,407.0,,,False,2024-09-21,,69.0,Sheffield United,Derby,1.0,0.0,,,11.0,2.0,3.0,2.0,0.0,0.0,18.0,3.0,Desconocido
National League,43.0,,,False,2024-09-21,,1341.0,Solihull,Southend,2.0,4.0,,,,,1.0,3.0,0.0,0.0,,,Desconocido
Premier League,569.0,,,False,2024-09-21,41.0,57.0,Southampton,Ipswich,1.0,1.0,,,2.0,10.0,4.0,4.0,0.0,0.0,11.0,13.0,Desconocido
Premiership Escocia,,,,False,2024-09-21,,,St Mirren,Hearts,2.0,1.0,,,5.0,4.0,3.0,3.0,0.0,0.0,11.0,9.0,Desconocido
League 1 Escocia,,,,False,2024-09-21,6784.0,,Stenhousemuir,Queen of Sth,0.0,0.0,,,3.0,6.0,6.0,3.0,0.0,0.0,4.0,14.0,Desconocido
League 2 Escocia,,,,False,2024-09-21,,,Stirling,Bonnyrigg Rose,0.0,2.0,,,7.0,7.0,4.0,6.0,0.0,0.0,9.0,14.0,Desconocido
League 1,,,,False,2024-09-21,,1373.0,Stockport,Leyton Orient,1.0,4.0,,,6.0,1.0,1.0,2.0,0.0,0.0,18.0,9.0,Desconocido
Championship,407.0,,,False,2024-09-21,746.0,70.0,Sunderland,Middlesbrough,1.0,0.0,,,3.0,5.0,3.0,2.0,0.0,0.0,9.0,11.0,Desconocido
National League,43.0,,,False,2024-09-21,,,Sutton,Ebbsfleet,3.0,2.0,,,,,4.0,2.0,0.0,0.0,,,Desconocido
League 2,,,,False,2024-09-21,,1371.0,Swindon,Carlisle,0.0,2.0,,,9.0,5.0,0.0,3.0,0.0,0.0,17.0,8.0,Desconocido
Premier League,569.0,,,False,2024-09-21,47.0,55.0,Tottenham,Brentford,3.0,1.0,,,9.0,4.0,3.0,1.0,0.0,0.0,23.0,6.0,Desconocido
Bundesliga,218.0,,,False,2024-09-21,182.0,,Union Berlin,Hoffenheim,2.0,1.0,,,5.0,5.0,3.0,3.0,0.0,0.0,12.0,6.0,Desconocido
Eredivisie,88.0,,,False,2024-09-21,207.0,195.0,Utrecht,Willem II,3.0,2.0,,,7.0,7.0,2.0,3.0,0.0,0.0,15.0,8.0,Desconocido
La Liga,140.0,,,False,2024-09-21,532.0,547.0,Valencia,Girona,2.0,0.0,,,5.0,4.0,3.0,2.0,0.0,0.0,7.0,8.0,Desconocido
La Liga,140.0,,,False,2024-09-21,720.0,,Valladolid,Sociedad,0.0,0.0,,,5.0,7.0,4.0,4.0,0.0,0.0,15.0,14.0,Desconocido
Serie A,71.0,,,False,2024-09-21,517.0,495.0,Venezia,Genoa,2.0,0.0,,,3.0,4.0,2.0,3.0,0.0,0.0,12.0,9.0,Desconocido
Super League Greece,,,,False,2024-09-21,2110.0,619.0,Volos NFC,PAOK,1.0,4.0,,,4.0,5.0,4.0,1.0,1.0,0.0,4.0,11.0,Desconocido
Eredivisie,88.0,,,False,2024-09-21,417.0,426.0,Waalwijk,Sparta Rotterdam,1.0,2.0,,,6.0,2.0,0.0,1.0,0.0,0.0,27.0,14.0,Desconocido
National League,43.0,,,False,2024-09-21,8663.0,1369.0,Wealdstone,Barnet,0.0,3.0,,,,,5.0,2.0,0.0,0.0,,,Desconocido
Bundesliga,218.0,,,False,2024-09-21,162.0,,Werder Bremen,Bayern Munich,0.0,5.0,,,1.0,4.0,0.0,3.0,0.0,0.0,0.0,25.0,Desconocido
Championship,407.0,,,False,2024-09-21,60.0,1357.0,West Brom,Plymouth,1.0,0.0,,,5.0,2.0,3.0,2.0,0.0,0.0,17.0,17.0,Desconocido
Premier League,569.0,,,False,2024-09-21,48.0,49.0,West Ham,Chelsea,0.0,3.0,,,6.0,5.0,5.0,2.0,0.0,0.0,15.0,12.0,Desconocido
Jupiler Pro League,144.0,,,False,2024-09-21,,740.0,Westerlo,Antwerp,1.0,2.0,,,10.0,8.0,4.0,1.0,0.0,0.0,18.0,11.0,Desconocido
League 1,,,,False,2024-09-21,1837.0,1362.0,Wrexham,Crawley Town,2.0,1.0,,,7.0,8.0,1.0,0.0,0.0,0.0,15.0,18.0,Desconocido
League 1,,,,False,2024-09-21,1358.0,,Wycombe,Cambridge,2.0,1.0,,,9.0,2.0,1.0,2.0,0.0,0.0,18.0,4.0,Desconocido
La Liga 2,,,,False,2024-09-21,732.0,539.0,Zaragoza,Levante,2.0,1.0,,,4.0,8.0,1.0,2.0,0.0,0.0,19.0,13.0,Desconocido
La Liga,140.0,,,False,2024-09-20,542.0,536.0,Alaves,Sevilla,2.0,1.0,,,3.0,5.0,1.0,4.0,0.0,0.0,10.0,8.0,Desconocido
Ligue 2,62.0,,,False,2024-09-20,87.0,,Amiens,Clermont,1.0,0.0,,,5.0,8.0,0.0,0.0,0.0,0.0,12.0,16.0,Desconocido
Bundesliga,218.0,,,False,2024-09-20,,,Augsburg,Mainz,2.0,3.0,,,14.0,1.0,3.0,5.0,1.0,1.0,30.0,5.0,Desconocido
Ligue 2,62.0,,,False,2024-09-20,1305.0,114.0,Bastia,Paris FC,2.0,1.0,,,3.0,6.0,3.0,4.0,1.0,2.0,15.0,13.0,Desconocido
Ligue 2,62.0,,,False,2024-09-20,88.0,,Caen,Ajaccio,1.0,0.0,,,10.0,1.0,1.0,3.0,0.0,0.0,19.0,3.0,Desconocido
Serie A,71.0,,,False,2024-09-20,490.0,511.0,Cagliari,Empoli,0.0,2.0,,,10.0,4.0,1.0,2.0,0.0,0.0,21.0,9.0,Desconocido
Serie B,72.0,,,False,2024-09-20,1687.0,520.0,Catanzaro,Cremonese,1.0,2.0,,,4.0,6.0,2.0,4.0,0.0,0.0,8.0,18.0,Desconocido
Ligue 2,62.0,,,False,2024-09-20,1304.0,,Dunkerque,Pau FC,3.0,2.0,,,5.0,5.0,4.0,5.0,0.0,0.0,14.0,16.0,Desconocido
La Liga 2,,,,False,2024-09-20,22018.0,535.0,Granada,Malaga,2.0,2.0,,,5.0,7.0,3.0,5.0,0.0,0.0,12.0,13.0,Desconocido
Ligue 2,62.0,,,False,2024-09-20,90.0,3012.0,Guingamp,Annecy,2.0,2.0,,,6.0,4.0,1.0,2.0,0.0,0.0,14.0,8.0,Desconocido
Turkey Super Lig,,,,False,2024-09-20,3575.0,,Hatayspor,Bodrumspor,0.0,1.0,,,9.0,7.0,2.0,6.0,0.0,0.0,13.0,8.0,Desconocido
Ligue 2,62.0,,,False,2024-09-20,,101.0,Martigues,Grenoble,0.0,4.0,,,2.0,5.0,0.0,2.0,1.0,0.0,12.0,19.0,Desconocido
Primeira Liga,94.0,,,False,2024-09-20,225.0,,Nacional,Sp Braga,0.0,3.0,,,6.0,6.0,3.0,3.0,0.0,0.0,12.0,15.0,Desconocido
Ligue 1,61.0,,,False,2024-09-20,84.0,,Nice,St Etienne,8.0,0.0,,,3.0,2.0,0.0,1.0,0.0,0.0,18.0,8.0,Desconocido
Bundesliga 2,,,,False,2024-09-20,,,Paderborn,Hannover,2.0,1.0,,,5.0,11.0,2.0,2.0,0.0,0.0,14.0,17.0,Desconocido
Ligue 2,62.0,,,False,2024-09-20,,433.0,Red Star,Laval,0.0,3.0,,,2.0,5.0,2.0,1.0,0.0,0.0,12.0,14.0,Desconocido
Bundesliga 2,,,,False,2024-09-20,,,Schalke 04,Darmstadt,3.0,5.0,,,3.0,3.0,4.0,7.0,0.0,0.0,18.0,11.0,Desconocido
Jupiler Pro League,144.0,,,False,2024-09-20,,,Standard,St. Gilloise,0.0,0.0,,,1.0,8.0,1.0,1.0,0.0,0.0,8.0,18.0,Desconocido
Championship,407.0,,,False,2024-09-20,,,Stoke,Hull,1.0,3.0,,,2.0,5.0,3.0,2.0,0.0,0.0,14.0,13.0,Desconocido
Ligue 2,62.0,,,False,2024-09-20,,1301.0,Troyes,Rodez,0.0,3.0,,,4.0,4.0,2.0,1.0,0.0,0.0,14.0,17.0,Desconocido
Serie A,71.0,,,False,2024-09-20,,503.0,Verona,Torino,2.0,3.0,,,5.0,6.0,3.0,1.0,1.0,0.0,8.0,16.0,Desconocido
Eredivisie,88.0,,,False,2024-09-20,,201.0,Zwolle,AZ Alkmaar,1.0,2.0,,,10.0,9.0,2.0,4.0,0.0,0.0,16.0,18.0,Desconocido
La Liga,140.0,,,False,2024-09-19,537.0,,Leganes,Ath Bilbao,0.0,2.0,,,4.0,7.0,3.0,0.0,0.0,0.0,14.0,10.0,Desconocido
Turkey Super Lig,,,,False,2024-09-19,998.0,1001.0,Trabzonspor,Kayserispor,2.0,2.0,,,8.0,3.0,0.0,6.0,0.0,1.0,21.0,10.0,Desconocido
Eredivisie,88.0,,,False,2024-09-18,194.0,,Ajax,For Sittard,5.0,0.0,,,15.0,0.0,0.0,1.0,0.0,1.0,25.0,4.0,Desconocido
La Liga,140.0,,,False,2024-09-18,,546.0,Betis,Getafe,2.0,1.0,,,8.0,4.0,3.0,5.0,0.0,0.0,18.0,15.0,Desconocido
Turkey Super Lig,,,,False,2024-09-18,3603.0,,Samsunspor,Buyuksehyr,2.0,0.0,,,4.0,2.0,5.0,2.0,0.0,0.0,13.0,15.0,Desconocido
Jupiler Pro League,144.0,,,False,2024-09-17,554.0,742.0,Anderlecht,Genk,0.0,2.0,,,4.0,4.0,1.0,2.0,0.0,0.0,18.0,19.0,Desconocido
League 2 Escocia,,,,False,2024-09-17,,6781.0,Elgin,Spartans,1.0,1.0,,,2.0,5.0,2.0,2.0,0.0,0.0,10.0,10.0,Desconocido
National League,43.0,,,False,2024-09-17,,1341.0,Fylde,Southend,2.0,1.0,,,,,0.0,2.0,0.0,0.0,,,Desconocido
Turkey Super Lig,,,,False,2024-09-17,645.0,,Galatasaray,Gaziantep,3.0,1.0,,,11.0,4.0,1.0,1.0,0.0,0.0,25.0,6.0,Desconocido
La Liga,140.0,,,False,2024-09-17,798.0,,Mallorca,Sociedad,1.0,0.0,,,5.0,5.0,1.0,1.0,0.0,0.0,10.0,13.0,Desconocido
Eredivisie,88.0,,,False,2024-09-17,415.0,210.0,Twente,Heerenveen,2.0,0.0,,,6.0,3.0,2.0,2.0,0.0,0.0,18.0,12.0,Desconocido
Super League Greece,,,,False,2024-09-16,,2110.0,AEK,Volos NFC,2.0,0.0,,,3.0,5.0,2.0,3.0,0.0,0.0,9.0,8.0,Desconocido
La Liga 2,,,,False,2024-09-16,723.0,,Almeria,Castellon,2.0,5.0,,,5.0,4.0,0.0,4.0,0.0,0.0,17.0,10.0,Desconocido
Turkey Super Lig,,,,False,2024-09-16,1005.0,,Antalyaspor,Ad. Demirspor,2.0,1.0,,,8.0,4.0,1.0,2.0,0.0,0.0,12.0,16.0,Desconocido
League 1,,,,False,2024-09-16,54.0,1837.0,Birmingham,Wrexham,3.0,1.0,,,5.0,1.0,3.0,3.0,1.0,0.0,8.0,5.0,Desconocido
Primeira Liga,94.0,,,False,2024-09-16,15130.0,,Estrela,Boavista,2.0,2.0,,,9.0,2.0,3.0,4.0,0.0,0.0,20.0,12.0,Desconocido
Ligue 2,62.0,,,False,2024-09-16,101.0,88.0,Grenoble,Caen,3.0,1.0,,,9.0,5.0,1.0,4.0,0.0,0.0,12.0,6.0,Desconocido
Serie A,71.0,,,False,2024-09-16,487.0,,Lazio,Verona,2.0,1.0,,,9.0,6.0,2.0,2.0,0.0,0.0,14.0,7.0,Desconocido
Serie A,71.0,,,False,2024-09-16,523.0,494.0,Parma,Udinese,2.0,3.0,,,5.0,6.0,2.0,3.0,1.0,0.0,9.0,18.0,Desconocido
La Liga,140.0,,,False,2024-09-16,,727.0,Vallecano,Osasuna,3.0,1.0,,,7.0,4.0,3.0,2.0,0.0,0.0,17.0,5.0,Desconocido
Turkey Super Lig,,,,False,2024-09-15,996.0,3575.0,Alanyaspor,Hatayspor,0.0,0.0,,,5.0,4.0,3.0,1.0,0.0,0.0,8.0,9.0,Desconocido
Jupiler Pro League,144.0,,,False,2024-09-15,740.0,,Antwerp,St. Gilloise,2.0,0.0,,,3.0,6.0,2.0,3.0,0.0,1.0,11.0,10.0,Desconocido
Serie A,71.0,,,False,2024-09-15,499.0,502.0,Atalanta,Fiorentina,3.0,2.0,,,4.0,2.0,2.0,3.0,0.0,0.0,13.0,13.0,Desconocido
La Liga,140.0,,,False,2024-09-15,,532.0,Ath Madrid,Valencia,3.0,0.0,,,7.0,3.0,1.0,2.0,0.0,0.0,14.0,5.0,Desconocido
Bundesliga,218.0,,,False,2024-09-15,,,Augsburg,St Pauli,3.0,1.0,,,7.0,7.0,4.0,3.0,0.0,0.0,18.0,12.0,Desconocido
La Liga 2,,,,False,2024-09-15,9580.0,732.0,Burgos,Zaragoza,1.0,0.0,,,6.0,7.0,3.0,3.0,0.0,0.0,16.0,13.0,Desconocido
La Liga 2,,,,False,2024-09-15,724.0,,Cadiz,Ferrol,0.0,0.0,,,4.0,3.0,2.0,3.0,0.0,0.0,13.0,16.0,Desconocido
Serie A,71.0,,,False,2024-09-15,490.0,492.0,Cagliari,Napoli,0.0,4.0,,,7.0,4.0,1.0,2.0,0.0,0.0,16.0,12.0,Desconocido
Serie B,72.0,,,False,2024-09-15,1581.0,488.0,Carrarese,Sassuolo,0.0,2.0,,,3.0,1.0,0.0,2.0,0.0,0.0,14.0,16.0,Desconocido
La Liga,140.0,,,False,2024-09-15,,720.0,Celta,Valladolid,3.0,1.0,,,5.0,3.0,3.0,5.0,0.0,1.0,14.0,6.0,Desconocido
Jupiler Pro League,144.0,,,False,2024-09-15,736.0,263.0,Charleroi,Beerschot VA,3.0,0.0,,,8.0,5.0,1.0,0.0,0.0,0.0,24.0,12.0,Desconocido
Serie B,72.0,,,False,2024-09-15,10137.0,498.0,Cosenza,Sampdoria,2.0,1.0,,,1.0,9.0,3.0,2.0,0.0,0.0,11.0,10.0,Desconocido
Premiership Escocia,,,,False,2024-09-15,,257.0,Dundee United,Rangers,0.0,1.0,,,4.0,4.0,4.0,6.0,0.0,0.0,5.0,11.0,Desconocido
La Liga 2,,,,False,2024-09-15,797.0,22018.0,Elche,Granada,2.0,2.0,,,3.0,6.0,1.0,4.0,0.0,0.0,13.0,10.0,Desconocido
Primeira Liga,94.0,,,False,2024-09-15,230.0,225.0,Estoril,Nacional,1.0,0.0,,,3.0,4.0,2.0,1.0,0.0,1.0,11.0,15.0,Desconocido
Serie A,71.0,,,False,2024-09-15,495.0,,Genoa,Roma,1.0,1.0,,,4.0,5.0,1.0,3.0,0.0,0.0,20.0,16.0,Desconocido
Jupiler Pro League,144.0,,,False,2024-09-15,631.0,,Gent,Mechelen,2.0,0.0,,,7.0,4.0,2.0,4.0,0.0,1.0,22.0,12.0,Desconocido
La Liga,140.0,,,False,2024-09-15,547.0,529.0,Girona,Barcelona,1.0,4.0,,,1.0,6.0,3.0,2.0,0.0,1.0,9.0,20.0,Desconocido
Bundesliga 2,,,,False,2024-09-15,,,Greuther Furth,Elversberg,0.0,0.0,,,8.0,6.0,3.0,1.0,0.0,0.0,10.0,15.0,Desconocido
Bundesliga 2,,,,False,2024-09-15,,,Hamburg,Regensburg,5.0,0.0,,,5.0,4.0,4.0,5.0,0.0,0.0,16.0,4.0,Desconocido
Eredivisie,88.0,,,False,2024-09-15,206.0,,Heracles,Almere City,0.0,0.0,,,10.0,2.0,1.0,2.0,0.0,0.0,23.0,10.0,Desconocido
Bundesliga 2,,,,False,2024-09-15,,,Hertha,Fortuna Dusseldorf,0.0,2.0,,,6.0,4.0,4.0,3.0,0.0,0.0,12.0,11.0,Desconocido
Turkey Super Lig,,,,False,2024-09-15,,,Kasimpasa,Fenerbahce,0.0,2.0,,,6.0,5.0,3.0,1.0,0.0,0.0,13.0,6.0,Desconocido
Turkey Super Lig,,,,False,2024-09-15,1001.0,,Kayserispor,Eyupspor,2.0,2.0,,,6.0,8.0,4.0,2.0,0.0,0.0,10.0,10.0,Desconocido
La Liga,140.0,,,False,2024-09-15,534.0,,Las Palmas,Ath Bilbao,2.0,3.0,,,9.0,3.0,1.0,2.0,0.0,1.0,15.0,9.0,Desconocido
Ligue 1,61.0,,,False,2024-09-15,116.0,80.0,Lens,Lyon,0.0,0.0,,,5.0,8.0,0.0,0.0,0.0,0.0,12.0,8.0,Desconocido
Bundesliga,218.0,,,False,2024-09-15,,162.0,Mainz,Werder Bremen,1.0,2.0,,,10.0,4.0,3.0,1.0,0.0,1.0,11.0,11.0,Desconocido
La Liga 2,,,,False,2024-09-15,799.0,722.0,Mirandes,Albacete,2.0,0.0,,,4.0,2.0,2.0,2.0,0.0,0.0,18.0,6.0,Desconocido
Serie A,71.0,,,False,2024-09-15,1579.0,505.0,Monza,Inter,1.0,1.0,,,1.0,8.0,1.0,2.0,0.0,0.0,5.0,16.0,Desconocido
Ligue 1,61.0,,,False,2024-09-15,83.0,93.0,Nantes,Reims,1.0,2.0,,,6.0,3.0,3.0,1.0,0.0,0.0,18.0,11.0,Desconocido
Super League Greece,,,,False,2024-09-15,,3408.0,OFI Crete,Aris,3.0,2.0,,,6.0,7.0,3.0,2.0,0.0,0.0,10.0,15.0,Desconocido
Super League Greece,,,,False,2024-09-15,3415.0,949.0,Olympiakos,Panetolikos,0.0,0.0,,,8.0,0.0,0.0,2.0,0.0,0.0,20.0,7.0,Desconocido
La Liga 2,,,,False,2024-09-15,718.0,,Oviedo,Cartagena,1.0,0.0,,,6.0,0.0,3.0,3.0,0.0,0.0,16.0,5.0,Desconocido
Super League Greece,,,,False,2024-09-15,619.0,617.0,PAOK,Panathinaikos,0.0,0.0,,,6.0,4.0,1.0,3.0,0.0,0.0,10.0,5.0,Desconocido
Super League Greece,,,,False,2024-09-15,2099.0,,Panserraikos,Levadeiakos,2.0,2.0,,,2.0,5.0,6.0,4.0,0.0,1.0,7.0,8.0,Desconocido
Primeira Liga,94.0,,,False,2024-09-15,,231.0,Porto,Farense,2.0,1.0,,,11.0,0.0,2.0,3.0,0.0,0.0,23.0,12.0,Desconocido
Championship,407.0,,,False,2024-09-15,1355.0,60.0,Portsmouth,West Brom,0.0,3.0,,,10.0,4.0,5.0,2.0,0.0,0.0,14.0,19.0,Desconocido
Serie B,72.0,,,False,2024-09-15,880.0,1578.0,Reggiana,Sudtirol,1.0,3.0,,,10.0,5.0,0.0,2.0,0.0,0.0,22.0,16.0,Desconocido
Ligue 1,61.0,,,False,2024-09-15,94.0,82.0,Rennes,Montpellier,3.0,0.0,,,3.0,4.0,1.0,3.0,0.0,0.0,11.0,12.0,Desconocido
Serie B,72.0,,,False,2024-09-15,514.0,801.0,Salernitana,Pisa,2.0,3.0,,,8.0,0.0,3.0,3.0,0.0,0.0,12.0,8.0,Desconocido
Primeira Liga,94.0,,,False,2024-09-15,,224.0,Sp Braga,Guimaraes,0.0,2.0,,,6.0,4.0,3.0,3.0,1.0,0.0,5.0,10.0,Desconocido
Eredivisie,88.0,,,False,2024-09-15,426.0,,Sparta Rotterdam,Go Ahead Eagles,1.0,2.0,,,5.0,13.0,1.0,1.0,0.0,0.0,16.0,16.0,Desconocido
Jupiler Pro League,144.0,,,False,2024-09-15,,,St Truiden,Oud-Heverlee Leuven,2.0,1.0,,,8.0,7.0,3.0,1.0,0.0,0.0,7.0,21.0,Desconocido
Ligue 1,61.0,,,False,2024-09-15,95.0,77.0,Strasbourg,Angers,1.0,1.0,,,6.0,9.0,4.0,1.0,0.0,0.0,10.0,12.0,Desconocido
Serie A,71.0,,,False,2024-09-15,503.0,867.0,Torino,Lecce,0.0,0.0,,,2.0,7.0,1.0,3.0,0.0,0.0,5.0,20.0,Desconocido
Premier League,569.0,,,False,2024-09-15,47.0,9419.0,Tottenham,Arsenal,0.0,1.0,,,7.0,6.0,5.0,3.0,0.0,0.0,15.0,7.0,Desconocido
Ligue 1,61.0,,,False,2024-09-15,96.0,111.0,Toulouse,Le Havre,2.0,0.0,,,6.0,5.0,1.0,1.0,0.0,0.0,15.0,5.0,Desconocido
Turkey Super Lig,,,,False,2024-09-15,998.0,,Trabzonspor,Besiktas,1.0,1.0,,,1.0,13.0,2.0,3.0,1.0,0.0,5.0,14.0,Desconocido
Eredivisie,88.0,,,False,2024-09-15,195.0,417.0,Willem II,Waalwijk,3.0,0.0,,,4.0,4.0,2.0,1.0,0.0,0.0,13.0,10.0,Desconocido
Premier League,569.0,,,False,2024-09-15,39.0,34.0,Wolves,Newcastle,1.0,2.0,,,4.0,7.0,3.0,3.0,0.0,0.0,12.0,14.0,Desconocido
League 2,,,,False,2024-09-14,1333.0,1348.0,AFC Wimbledon,Milton Keynes Dons,3.0,0.0,,,2.0,4.0,0.0,0.0,0.0,0.0,12.0,8.0,Desconocido
Primeira Liga,94.0,,,False,2024-09-14,21595.0,226.0,AVS,Rio Ave,1.0,0.0,,,4.0,11.0,4.0,2.0,0.0,0.0,11.0,17.0,Desconocido
Eredivisie,88.0,,,False,2024-09-14,201.0,210.0,AZ Alkmaar,Heerenveen,9.0,1.0,,,5.0,3.0,0.0,1.0,0.0,0.0,26.0,15.0,Desconocido
Premiership Escocia,,,,False,2024-09-14,252.0,256.0,Aberdeen,Motherwell,2.0,1.0,,,6.0,5.0,4.0,5.0,0.0,0.0,11.0,13.0,Desconocido
League 2,,,,False,2024-09-14,,1363.0,Accrington,Crewe,0.0,1.0,,,3.0,1.0,0.0,2.0,0.0,0.0,5.0,7.0,Desconocido
Championship Escocia,,,,False,2024-09-14,,1389.0,Airdrie Utd,Falkirk,0.0,2.0,,,3.0,14.0,3.0,4.0,0.0,0.0,11.0,22.0,Desconocido
League 1 Escocia,,,,False,2024-09-14,,,Alloa,Inverness C,2.0,2.0,,,6.0,4.0,1.0,2.0,0.0,0.0,6.0,10.0,Desconocido
Jupiler Pro League,144.0,,,False,2024-09-14,554.0,,Anderlecht,Westerlo,2.0,2.0,,,3.0,4.0,4.0,5.0,0.0,0.0,25.0,17.0,Desconocido
League 1 Escocia,,,,False,2024-09-14,6757.0,1382.0,Annan Athletic,Dumbarton,1.0,1.0,,,12.0,7.0,2.0,3.0,0.0,1.0,16.0,10.0,Desconocido
Super League Greece,,,,False,2024-09-14,955.0,12260.0,Asteras Tripolis,Atromitos,1.0,2.0,,,6.0,1.0,1.0,5.0,0.0,0.0,15.0,8.0,Desconocido
Premier League,569.0,,,False,2024-09-14,66.0,45.0,Aston Villa,Everton,3.0,2.0,,,6.0,2.0,1.0,4.0,0.0,0.0,17.0,6.0,Desconocido
Ligue 1,61.0,,,False,2024-09-14,108.0,91.0,Auxerre,Monaco,0.0,3.0,,,1.0,6.0,3.0,0.0,0.0,0.0,13.0,19.0,Desconocido
Championship Escocia,,,,False,2024-09-14,,901.0,Ayr,Partick,1.0,1.0,,,3.0,11.0,3.0,3.0,0.0,0.0,10.0,7.0,Desconocido
Serie B,72.0,,,False,2024-09-14,508.0,1693.0,Bari,Mantova,2.0,0.0,,,5.0,5.0,3.0,2.0,0.0,1.0,13.0,9.0,Desconocido
National League,43.0,,,False,2024-09-14,1369.0,,Barnet,Braintree Town,3.0,1.0,,,,,1.0,3.0,0.0,0.0,,,Desconocido
Primeira Liga,94.0,,,False,2024-09-14,211.0,227.0,Benfica,Santa Clara,4.0,1.0,,,5.0,1.0,1.0,3.0,0.0,0.0,15.0,6.0,Desconocido
Championship,407.0,,,False,2024-09-14,67.0,56.0,Blackburn,Bristol City,3.0,0.0,,,6.0,6.0,0.0,4.0,0.0,0.0,9.0,8.0,Desconocido
League 1,,,,False,2024-09-14,1356.0,,Blackpool,Exeter,2.0,1.0,,,11.0,5.0,7.0,4.0,0.0,0.0,15.0,11.0,Desconocido
Turkey Super Lig,,,,False,2024-09-14,,,Bodrumspor,Buyuksehyr,0.0,1.0,,,5.0,7.0,0.0,0.0,0.0,0.0,7.0,11.0,Desconocido
League 1,,,,False,2024-09-14,68.0,37.0,Bolton,Huddersfield,0.0,4.0,,,5.0,6.0,1.0,1.0,0.0,0.0,5.0,16.0,Desconocido
National League,43.0,,,False,2024-09-14,,,Boston Utd,Aldershot,1.0,1.0,,,,,5.0,2.0,0.0,0.0,,,Desconocido
Premier League,569.0,,,False,2024-09-14,35.0,49.0,Bournemouth,Chelsea,0.0,1.0,,,6.0,3.0,6.0,8.0,0.0,0.0,19.0,10.0,Desconocido
Serie B,72.0,,,False,2024-09-14,,512.0,Brescia,Frosinone,4.0,0.0,,,6.0,2.0,1.0,2.0,0.0,1.0,14.0,8.0,Desconocido
Premier League,569.0,,,False,2024-09-14,51.0,57.0,Brighton,Ipswich,0.0,0.0,,,9.0,2.0,4.0,3.0,0.0,0.0,21.0,6.0,Desconocido
League 1,,,,False,2024-09-14,,61.0,Bristol Rvs,Wigan,0.0,4.0,,,5.0,4.0,0.0,1.0,1.0,0.0,11.0,23.0,Desconocido
League 2,,,,False,2024-09-14,1832.0,1376.0,Bromley,Notts County,2.0,4.0,,,5.0,2.0,2.0,1.0,0.0,0.0,13.0,14.0,Desconocido
League 2,,,,False,2024-09-14,1371.0,1336.0,Carlisle,Fleetwood Town,2.0,3.0,,,3.0,4.0,4.0,4.0,0.0,0.0,9.0,13.0,Desconocido
Primeira Liga,94.0,,,False,2024-09-14,4716.0,215.0,Casa Pia,Moreirense,3.0,1.0,,,4.0,5.0,5.0,2.0,0.0,0.0,16.0,12.0,Desconocido
Premiership Escocia,,,,False,2024-09-14,247.0,,Celtic,Hearts,2.0,0.0,,,5.0,3.0,1.0,1.0,0.0,0.0,18.0,7.0,Desconocido
Jupiler Pro League,144.0,,,False,2024-09-14,741.0,742.0,Cercle Brugge,Genk,2.0,3.0,,,6.0,6.0,0.0,1.0,0.0,0.0,10.0,24.0,Desconocido
Serie B,72.0,,,False,2024-09-14,510.0,1687.0,Cittadella,Catanzaro,0.0,0.0,,,6.0,2.0,2.0,2.0,0.0,0.0,13.0,5.0,Desconocido
League 2 Escocia,,,,False,2024-09-14,6762.0,6766.0,Clyde,Edinburgh City,1.0,1.0,,,3.0,4.0,1.0,2.0,0.0,0.0,13.0,11.0,Desconocido
Serie A,71.0,,,False,2024-09-14,895.0,500.0,Como,Bologna,2.0,2.0,,,4.0,3.0,2.0,1.0,0.0,0.0,14.0,14.0,Desconocido
League 1,,,,False,2024-09-14,1362.0,,Crawley Town,Stockport,1.0,1.0,,,5.0,6.0,2.0,2.0,0.0,0.0,10.0,11.0,Desconocido
Serie B,72.0,,,False,2024-09-14,520.0,515.0,Cremonese,Spezia,1.0,1.0,,,2.0,3.0,1.0,4.0,0.0,0.0,9.0,11.0,Desconocido
Premier League,569.0,,,False,2024-09-14,52.0,46.0,Crystal Palace,Leicester,2.0,2.0,,,5.0,2.0,0.0,3.0,0.0,0.0,20.0,9.0,Desconocido
National League,43.0,,,False,2024-09-14,,1823.0,Dag and Red,Gateshead,7.0,1.0,,,,,1.0,0.0,0.0,0.0,,,Desconocido
Bundesliga 2,,,,False,2024-09-14,,,Darmstadt,Braunschweig,1.0,1.0,,,2.0,10.0,1.0,7.0,0.0,0.0,15.0,14.0,Desconocido
Championship,407.0,,,False,2024-09-14,69.0,43.0,Derby,Cardiff,1.0,0.0,,,7.0,6.0,2.0,3.0,0.0,0.0,12.0,9.0,Desconocido
National League,43.0,,,False,2024-09-14,,1366.0,Ebbsfleet,Hartlepool,1.0,0.0,,,,,1.0,2.0,0.0,0.0,,,Desconocido
La Liga 2,,,,False,2024-09-14,545.0,719.0,Eibar,Tenerife,1.0,0.0,,,4.0,6.0,1.0,2.0,0.0,0.0,5.0,7.0,Desconocido
League 2 Escocia,,,,False,2024-09-14,,,Elgin,Bonnyrigg Rose,2.0,1.0,,,7.0,0.0,2.0,2.0,0.0,0.0,13.0,4.0,Desconocido
Serie A,71.0,,,False,2024-09-14,511.0,10019.0,Empoli,Juventus,0.0,0.0,,,4.0,8.0,1.0,2.0,0.0,0.0,8.0,15.0,Desconocido
La Liga,140.0,,,False,2024-09-14,,542.0,Espanol,Alaves,3.0,2.0,,,0.0,5.0,2.0,3.0,0.0,0.0,9.0,19.0,Desconocido
Bundesliga 2,,,,False,2024-09-14,,,FC Koln,Magdeburg,1.0,2.0,,,10.0,2.0,4.0,3.0,0.0,0.0,33.0,11.0,Desconocido
Primeira Liga,94.0,,,False,2024-09-14,242.0,,Famalicao,Gil Vicente,1.0,1.0,,,8.0,1.0,1.0,0.0,0.0,0.0,13.0,8.0,Desconocido
National League,43.0,,,False,2024-09-14,1378.0,8663.0,Forest Green,Wealdstone,2.0,2.0,,,,,1.0,2.0,0.0,0.0,,,Desconocido
Bundesliga,218.0,,,False,2024-09-14,,,Freiburg,Bochum,2.0,1.0,,,5.0,6.0,0.0,3.0,0.0,0.0,27.0,13.0,Desconocido
Premier League,569.0,,,False,2024-09-14,36.0,48.0,Fulham,West Ham,1.0,1.0,,,3.0,2.0,2.0,3.0,0.0,0.0,21.0,11.0,Desconocido
Turkey Super Lig,,,,False,2024-09-14,645.0,1007.0,Galatasaray,Rizespor,5.0,0.0,,,6.0,1.0,0.0,0.0,0.0,0.0,23.0,2.0,Desconocido
League 2,,,,False,2024-09-14,1347.0,1381.0,Gillingham,Tranmere,3.0,0.0,,,5.0,10.0,2.0,0.0,1.0,0.0,12.0,19.0,Desconocido
League 2,,,,False,2024-09-14,1365.0,1819.0,Grimsby,Barrow,1.0,2.0,,,7.0,6.0,3.0,3.0,0.0,0.0,9.0,16.0,Desconocido
Eredivisie,88.0,,,False,2024-09-14,202.0,209.0,Groningen,Feyenoord,2.0,2.0,,,5.0,6.0,3.0,2.0,0.0,0.0,11.0,15.0,Desconocido
National League,43.0,,,False,2024-09-14,,1822.0,Halifax,Eastleigh,3.0,1.0,,,,,1.0,2.0,0.0,0.0,,,Desconocido
Bundesliga 2,,,,False,2024-09-14,,,Hannover,Kaiserslautern,3.0,1.0,,,10.0,3.0,5.0,3.0,0.0,0.0,18.0,14.0,Desconocido
Premiership Escocia,,,,False,2024-09-14,249.0,,Hibernian,St Johnstone,2.0,0.0,,,5.0,7.0,1.0,4.0,0.0,1.0,17.0,5.0,Desconocido
Bundesliga,218.0,,,False,2024-09-14,,,Hoffenheim,Leverkusen,1.0,4.0,,,4.0,12.0,2.0,2.0,0.0,0.0,14.0,20.0,Desconocido
Bundesliga,218.0,,,False,2024-09-14,191.0,,Holstein Kiel,Bayern Munich,1.0,6.0,,,2.0,10.0,0.0,1.0,0.0,0.0,5.0,23.0,Desconocido
Serie B,72.0,,,False,2024-09-14,863.0,522.0,Juve Stabia,Palermo,1.0,3.0,,,6.0,2.0,2.0,3.0,0.0,0.0,14.0,9.0,Desconocido
League 1 Escocia,,,,False,2024-09-14,6773.0,6763.0,Kelty Hearts,Cove Rangers,1.0,3.0,,,2.0,4.0,0.0,0.0,0.0,0.0,9.0,13.0,Desconocido
Jupiler Pro League,144.0,,,False,2024-09-14,734.0,,Kortrijk,Club Brugge,0.0,3.0,,,3.0,3.0,3.0,2.0,0.0,0.0,6.0,19.0,Desconocido
Super League Greece,,,,False,2024-09-14,,,Lamia,Athens Kallithea,0.0,0.0,,,1.0,3.0,2.0,2.0,0.0,0.0,9.0,10.0,Desconocido
Championship,407.0,,,False,2024-09-14,63.0,44.0,Leeds,Burnley,0.0,1.0,,,9.0,3.0,3.0,4.0,0.0,1.0,17.0,7.0,Desconocido
La Liga 2,,,,False,2024-09-14,539.0,9692.0,Levante,Eldense,3.0,1.0,,,10.0,2.0,2.0,7.0,0.0,2.0,26.0,5.0,Desconocido
Premier League,569.0,,,False,2024-09-14,40.0,,Liverpool,Nott'm Forest,0.0,1.0,,,7.0,2.0,4.0,4.0,0.0,0.0,14.0,5.0,Desconocido
Championship Escocia,,,,False,2024-09-14,255.0,,Livingston,Hamilton,3.0,0.0,,,5.0,3.0,4.0,4.0,0.0,0.0,13.0,1.0,Desconocido
Bundesliga,218.0,,,False,2024-09-14,,,M'gladbach,Stuttgart,1.0,3.0,,,6.0,2.0,2.0,2.0,0.0,0.0,15.0,12.0,Desconocido
La Liga 2,,,,False,2024-09-14,535.0,726.0,Malaga,Huesca,1.0,0.0,,,2.0,3.0,3.0,3.0,0.0,0.0,13.0,7.0,Desconocido
La Liga,140.0,,,False,2024-09-14,798.0,533.0,Mallorca,Villarreal,1.0,2.0,,,7.0,6.0,3.0,3.0,1.0,0.0,10.0,21.0,Desconocido
Premier League,569.0,,,False,2024-09-14,,55.0,Man City,Brentford,2.0,1.0,,,12.0,3.0,3.0,1.0,0.0,0.0,18.0,8.0,Desconocido
League 1,,,,False,2024-09-14,,,Mansfield,Cambridge,2.0,1.0,,,3.0,4.0,1.0,3.0,0.0,0.0,15.0,16.0,Desconocido
Ligue 1,61.0,,,False,2024-09-14,81.0,84.0,Marseille,Nice,2.0,0.0,,,1.0,2.0,5.0,2.0,1.0,0.0,10.0,12.0,Desconocido
Championship,407.0,,,False,2024-09-14,70.0,59.0,Middlesbrough,Preston,1.0,1.0,,,9.0,2.0,0.0,5.0,0.0,0.0,16.0,6.0,Desconocido
Serie A,71.0,,,False,2024-09-14,,517.0,Milan,Venezia,4.0,0.0,,,6.0,1.0,1.0,3.0,0.0,1.0,12.0,6.0,Desconocido
Championship,407.0,,,False,2024-09-14,58.0,1359.0,Millwall,Luton,0.0,1.0,,,6.0,4.0,2.0,3.0,0.0,0.0,11.0,10.0,Desconocido
League 1 Escocia,,,,False,2024-09-14,4251.0,6784.0,Montrose,Stenhousemuir,3.0,0.0,,,2.0,6.0,3.0,3.0,0.0,0.0,10.0,10.0,Desconocido
League 2,,,,False,2024-09-14,1375.0,1361.0,Morecambe,Colchester,3.0,3.0,,,0.0,2.0,2.0,1.0,1.0,0.0,10.0,23.0,Desconocido
Eredivisie,88.0,,,False,2024-09-14,203.0,,NAC Breda,For Sittard,1.0,0.0,,,3.0,8.0,2.0,1.0,0.0,0.0,13.0,10.0,Desconocido
League 1,,,,False,2024-09-14,1337.0,1358.0,Northampton,Wycombe,1.0,2.0,,,5.0,2.0,2.0,4.0,0.0,0.0,5.0,14.0,Desconocido
Championship,407.0,,,False,2024-09-14,,,Oxford,Stoke,1.0,0.0,,,4.0,6.0,0.0,1.0,0.0,0.0,14.0,9.0,Desconocido
Eredivisie,88.0,,,False,2024-09-14,197.0,,PSV Eindhoven,Nijmegen,2.0,0.0,,,15.0,3.0,0.0,1.0,0.0,1.0,26.0,2.0,Desconocido
Ligue 2,62.0,,,False,2024-09-14,114.0,112.0,Paris FC,Metz,1.0,2.0,,,5.0,2.0,1.0,3.0,0.0,0.0,13.0,7.0,Desconocido
Ligue 1,61.0,,,False,2024-09-14,,,Paris SG,Brest,3.0,1.0,,,9.0,1.0,2.0,3.0,0.0,0.0,22.0,5.0,Desconocido
League 1,,,,False,2024-09-14,,1379.0,Peterboro,Lincoln,1.0,1.0,,,5.0,3.0,3.0,1.0,0.0,0.0,9.0,8.0,Desconocido
League 2 Escocia,,,,False,2024-09-14,6777.0,,Peterhead,Stirling,2.0,1.0,,,7.0,1.0,1.0,1.0,0.0,1.0,12.0,6.0,Desconocido
Championship,407.0,,,False,2024-09-14,1357.0,746.0,Plymouth,Sunderland,3.0,2.0,,,3.0,5.0,4.0,4.0,0.0,0.0,13.0,17.0,Desconocido
League 2,,,,False,2024-09-14,1351.0,1345.0,Port Vale,Chesterfield,1.0,0.0,,,2.0,7.0,6.0,0.0,0.0,0.0,13.0,5.0,Desconocido
League 1 Escocia,,,,False,2024-09-14,,4249.0,Queen of Sth,Arbroath,2.0,1.0,,,4.0,5.0,3.0,0.0,0.0,0.0,11.0,6.0,Desconocido
Championship Escocia,,,,False,2024-09-14,,1383.0,Queens Park,Morton,1.0,0.0,,,8.0,6.0,5.0,4.0,0.0,0.0,14.0,5.0,Desconocido
Bundesliga,218.0,,,False,2024-09-14,173.0,182.0,RB Leipzig,Union Berlin,0.0,0.0,,,6.0,5.0,2.0,3.0,0.0,0.0,16.0,11.0,Desconocido
League 1,,,,False,2024-09-14,53.0,1373.0,Reading,Leyton Orient,0.0,1.0,,,1.0,7.0,0.0,6.0,0.0,0.0,11.0,12.0,Desconocido
National League,43.0,,,False,2024-09-14,1339.0,,Rochdale,Solihull,1.0,2.0,,,,,1.0,2.0,0.0,0.0,,,Desconocido
Premiership Escocia,,,,False,2024-09-14,902.0,253.0,Ross County,Dundee,2.0,0.0,,,3.0,8.0,2.0,1.0,0.0,0.0,9.0,8.0,Desconocido
League 1,,,,False,2024-09-14,73.0,,Rotherham,Burton,2.0,2.0,,,7.0,4.0,1.0,1.0,0.0,0.0,16.0,8.0,Desconocido
League 2,,,,False,2024-09-14,,1372.0,Salford,Cheltenham,2.0,1.0,,,4.0,6.0,1.0,0.0,0.0,0.0,9.0,13.0,Desconocido
Turkey Super Lig,,,,False,2024-09-14,3603.0,607.0,Samsunspor,Konyaspor,0.0,1.0,,,12.0,1.0,0.0,2.0,0.0,0.0,12.0,6.0,Desconocido
La Liga 2,,,,False,2024-09-14,,,Santander,Sp Gijon,1.0,0.0,,,5.0,4.0,2.0,5.0,0.0,0.0,13.0,8.0,Desconocido
La Liga,140.0,,,False,2024-09-14,536.0,546.0,Sevilla,Getafe,1.0,0.0,,,3.0,4.0,3.0,4.0,1.0,0.0,10.0,15.0,Desconocido
Championship,407.0,,,False,2024-09-14,,72.0,Sheffield Weds,QPR,1.0,1.0,,,11.0,4.0,0.0,3.0,0.0,0.0,13.0,13.0,Desconocido
League 1,,,,False,2024-09-14,1352.0,1335.0,Shrewsbury,Charlton,0.0,1.0,,,7.0,7.0,1.0,3.0,0.0,0.0,15.0,8.0,Desconocido
Turkey Super Lig,,,,False,2024-09-14,1002.0,,Sivasspor,Gaziantep,3.0,2.0,,,3.0,5.0,5.0,6.0,1.0,0.0,16.0,14.0,Desconocido
La Liga,140.0,,,False,2024-09-14,,541.0,Sociedad,Real Madrid,0.0,2.0,,,6.0,6.0,4.0,1.0,0.0,0.0,11.0,16.0,Desconocido
Premier League,569.0,,,False,2024-09-14,41.0,,Southampton,Man United,0.0,3.0,,,0.0,7.0,1.0,4.0,1.0,0.0,6.0,20.0,Desconocido
National League,43.0,,,False,2024-09-14,1341.0,,Southend,Sutton,1.0,3.0,,,,,2.0,5.0,0.0,0.0,,,Desconocido
League 2 Escocia,,,,False,2024-09-14,6781.0,,Spartans,Forfar,1.0,0.0,,,8.0,9.0,1.0,3.0,0.0,0.0,10.0,10.0,Desconocido
Premiership Escocia,,,,False,2024-09-14,,250.0,St Mirren,Kilmarnock,2.0,2.0,,,3.0,10.0,2.0,3.0,0.0,1.0,14.0,11.0,Desconocido
League 1,,,,False,2024-09-14,1368.0,747.0,Stevenage,Barnsley,3.0,0.0,,,7.0,10.0,4.0,2.0,0.0,0.0,13.0,8.0,Desconocido
League 2 Escocia,,,,False,2024-09-14,6785.0,6764.0,Stranraer,East Fife,2.0,1.0,,,0.0,2.0,1.0,3.0,0.0,1.0,13.0,8.0,Desconocido
Championship,407.0,,,False,2024-09-14,76.0,71.0,Swansea,Norwich,1.0,0.0,,,4.0,5.0,2.0,3.0,0.0,0.0,9.0,13.0,Desconocido
League 2,,,,False,2024-09-14,,1367.0,Swindon,Newport County,4.0,0.0,,,3.0,1.0,1.0,0.0,0.0,0.0,13.0,3.0,Desconocido
National League,43.0,,,False,2024-09-14,7752.0,1838.0,Tamworth,Maidenhead,3.0,1.0,,,,,0.0,2.0,0.0,0.0,,,Desconocido
Eredivisie,88.0,,,False,2024-09-14,415.0,,Twente,Zwolle,1.0,1.0,,,8.0,4.0,1.0,1.0,0.0,0.0,23.0,5.0,Desconocido
Bundesliga 2,,,,False,2024-09-14,,,Ulm,Nurnberg,1.0,2.0,,,2.0,6.0,5.0,6.0,0.0,1.0,12.0,15.0,Desconocido
League 2,,,,False,2024-09-14,1342.0,1343.0,Walsall,Bradford,2.0,1.0,,,7.0,6.0,1.0,5.0,0.0,0.0,12.0,5.0,Desconocido
Championship,407.0,,,False,2024-09-14,38.0,1346.0,Watford,Coventry,1.0,1.0,,,6.0,10.0,2.0,2.0,0.0,0.0,18.0,17.0,Desconocido
National League,43.0,,,False,2024-09-14,1836.0,1349.0,Woking,Oldham,1.0,3.0,,,,,1.0,1.0,0.0,0.0,,,Desconocido
Bundesliga,218.0,,,False,2024-09-14,,,Wolfsburg,Ein Frankfurt,1.0,2.0,,,5.0,4.0,1.0,2.0,0.0,0.0,17.0,15.0,Desconocido
National League,43.0,,,False,2024-09-14,,4700.0,Yeovil,Altrincham,0.0,0.0,,,,,2.0,0.0,0.0,0.0,,,Desconocido
National League,43.0,,,False,2024-09-14,1828.0,,York,Fylde,3.0,0.0,,,,,3.0,2.0,0.0,1.0,,,Desconocido
Ligue 2,62.0,,,False,2024-09-13,3012.0,87.0,Annecy,Amiens,3.0,0.0,,,6.0,7.0,3.0,2.0,0.0,0.0,9.0,12.0,Desconocido
Primeira Liga,94.0,,,False,2024-09-13,240.0,,Arouca,Sp Lisbon,0.0,3.0,,,2.0,8.0,3.0,0.0,0.0,0.0,6.0,21.0,Desconocido
Ligue 2,62.0,,,False,2024-09-13,1305.0,,Bastia,Troyes,0.0,0.0,,,5.0,6.0,3.0,5.0,0.0,0.0,12.0,8.0,Desconocido
La Liga,140.0,,,False,2024-09-13,,537.0,Betis,Leganes,2.0,0.0,,,11.0,1.0,1.0,2.0,0.0,0.0,14.0,3.0,Desconocido
Serie B,72.0,,,False,2024-09-13,509.0,899.0,Cesena,Modena,2.0,2.0,,,3.0,4.0,1.0,2.0,0.0,1.0,12.0,10.0,Desconocido
Ligue 2,62.0,,,False,2024-09-13,,1304.0,Clermont,Dunkerque,0.0,1.0,,,3.0,3.0,2.0,2.0,0.0,0.0,6.0,8.0,Desconocido
La Liga 2,,,,False,2024-09-13,713.0,,Cordoba,La Coruna,2.0,0.0,,,6.0,4.0,0.0,0.0,0.0,0.0,16.0,15.0,Desconocido
Jupiler Pro League,144.0,,,False,2024-09-13,6215.0,,Dender,Standard,0.0,2.0,,,8.0,0.0,2.0,2.0,0.0,0.0,15.0,6.0,Desconocido
Bundesliga,218.0,,,False,2024-09-13,,,Dortmund,Heidenheim,4.0,2.0,,,8.0,1.0,2.0,2.0,0.0,0.0,13.0,11.0,Desconocido
Championship Escocia,,,,False,2024-09-13,1388.0,,Dunfermline,Raith Rvs,2.0,0.0,,,5.0,0.0,3.0,4.0,0.0,1.0,13.0,3.0,Desconocido
Championship,407.0,,,False,2024-09-13,,,Hull,Sheffield United,0.0,2.0,,,16.0,3.0,1.0,4.0,0.0,0.0,10.0,9.0,Desconocido
Bundesliga 2,,,,False,2024-09-13,,,Karlsruhe,Schalke 04,2.0,0.0,,,4.0,3.0,4.0,1.0,0.0,0.0,14.0,8.0,Desconocido
Ligue 2,62.0,,,False,2024-09-13,433.0,,Laval,Ajaccio,1.0,1.0,,,6.0,5.0,4.0,5.0,0.0,0.0,1.0,2.0,Desconocido
Ligue 2,62.0,,,False,2024-09-13,97.0,,Lorient,Red Star,2.0,1.0,,,13.0,3.0,2.0,1.0,0.0,1.0,14.0,5.0,Desconocido
Ligue 2,62.0,,,False,2024-09-13,,,Pau FC,Martigues,3.0,0.0,,,5.0,3.0,1.0,2.0,0.0,0.0,19.0,8.0,Desconocido
Bundesliga 2,,,,False,2024-09-13,1313.0,,Preußen Münster,Paderborn,3.0,3.0,,,7.0,6.0,2.0,3.0,0.0,0.0,11.0,20.0,Desconocido
Ligue 2,62.0,,,False,2024-09-13,1301.0,90.0,Rodez,Guingamp,1.0,2.0,,,5.0,5.0,2.0,0.0,0.0,0.0,4.0,3.0,Desconocido
Ligue 1,61.0,,,False,2024-09-13,,79.0,St Etienne,Lille,1.0,0.0,,,2.0,7.0,1.0,1.0,0.0,0.0,10.0,17.0,Desconocido
League 2,,,,False,2024-09-12,,1354.0,Harrogate,Doncaster,2.0,0.0,,,5.0,6.0,3.0,3.0,0.0,0.0,8.0,21.0,Desconocido
UEFA Nations League,5.0,,,False,2024-09-10,,,Albania,Georgia,0.0,1.0,,,,,,,,,,,Desconocido
UEFA Nations League,5.0,,,False,2024-09-10,1110.0,1112.0,Andorra,Malta,0.0,1.0,,,,,,,,,,,Desconocido
CONCACAF Nations League,536.0,,,False,2024-09-10,5526.0,,Antigua and Barbuda,Bermuda,0.0,1.0,,,,,,,,,,,Desconocido
FIFA World Cup qualification,,,,False,2024-09-10,1547.0,12.0,Bahrain,Japan,0.0,5.0,,,,,,,,,,,Desconocido
National League,43.0,,,False,2024-09-10,1369.0,4700.0,Barnet,Altrincham,2.0,1.0,,,,,3.0,3.0,0.0,0.0,,,Desconocido
CONCACAF Nations League,536.0,,,False,2024-09-10,,8150.0,Belize,Anguilla,1.0,0.0,,,,,,,,,,,Desconocido
African Cup of Nations qualification,,,,False,2024-09-10,,1526.0,Benin,Libya,2.0,1.0,,,,,,,,,,,Desconocido
National League,43.0,,,False,2024-09-10,,1366.0,Boston Utd,Hartlepool,1.0,2.0,,,,,1.0,3.0,0.0,0.0,,,Desconocido
African Cup of Nations qualification,,,,False,2024-09-10,1520.0,,Botswana,Egypt,0.0,4.0,,,,,,,,,,,Desconocido
African Cup of Nations qualification,,,,False,2024-09-10,,,Burkina Faso,Malawi,3.0,1.0,,,,,,,,,,,Desconocido
AFC Asian Cup qualification,,,,False,2024-09-10,1543.0,,Cambodia,Sri Lanka,2.0,2.0,,,,,,,,,,,Desconocido
African Cup of Nations qualification,,,,False,2024-09-10,,1491.0,Cape Verde,Mauritania,2.0,0.0,,,,,,,,,,,Desconocido
African Cup of Nations qualification,,,,False,2024-09-10,,1501.0,Chad,Ivory Coast,0.0,2.0,,,,,,,,,,,Desconocido
FIFA World Cup qualification,,,,False,2024-09-10,,,Chile,Bolivia,1.0,2.0,,,,,,,,,,,Desconocido
FIFA World Cup qualification,,,,False,2024-09-10,1566.0,23.0,China,Saudi Arabia,1.0,2.0,,,,,,,,,,,Desconocido
FIFA World Cup qualification,,,,False,2024-09-10,,26.0,Colombia,Argentina,2.0,1.0,,,,,,,,,,,Desconocido
CONCACAF Nations League,536.0,,,False,2024-09-10,,5164.0,Cuba,Nicaragua,1.0,1.0,,,,,,,,,,,Desconocido
UEFA Nations League,5.0,,,False,2024-09-10,,,Czech Republic,Ukraine,3.0,2.0,,,,,,,,,,,Desconocido
National League,43.0,,,False,2024-09-10,,,Dag and Red,Sutton,3.0,0.0,,,,,2.0,1.0,0.0,0.0,,,Desconocido
CONCACAF Nations League,536.0,,,False,2024-09-10,5532.0,5531.0,Dominican Republic,Dominica,2.0,0.0,,,,,,,,,,,Desconocido
National League,43.0,,,False,2024-09-10,,,Ebbsfleet,Aldershot,0.0,0.0,,,,,1.0,0.0,0.0,0.0,,,Desconocido
FIFA World Cup qualification,,,,False,2024-09-10,2382.0,,Ecuador,Peru,1.0,0.0,,,,,,,,,,,Desconocido
UEFA Nations League,5.0,,,False,2024-09-10,10.0,,England,Finland,2.0,0.0,,,,,,,,,,,Desconocido
African Cup of Nations qualification,,,,False,2024-09-10,,,Eswatini,Mali,0.0,1.0,,,,,,,,,,,Desconocido
National League,43.0,,,False,2024-09-10,1378.0,,Forest Green,Fylde,3.0,0.0,,,,,3.0,2.0,0.0,0.0,,,Desconocido
African Cup of Nations qualification,,,,False,2024-09-10,,1527.0,Gabon,Central African Republic,2.0,0.0,,,,,,,,,,,Desconocido
African Cup of Nations qualification,,,,False,2024-09-10,,,Guinea,Tanzania,1.0,2.0,,,,,,,,,,,Desconocido
National League,43.0,,,False,2024-09-10,,1349.0,Halifax,Oldham,1.0,1.0,,,,,2.0,2.0,0.0,1.0,,,Desconocido
CONCACAF Nations League,536.0,,,False,2024-09-10,,,Honduras,Jamaica,1.0,2.0,,,,,,,,,,,Desconocido
UEFA Nations League,5.0,,,False,2024-09-10,,,Hungary,Bosnia and Herzegovina,0.0,0.0,,,,,,,,,,,Desconocido
FIFA World Cup qualification,,,,False,2024-09-10,1571.0,,Indonesia,Australia,0.0,0.0,,,,,,,,,,,Desconocido
FIFA World Cup qualification,,,,False,2024-09-10,1570.0,1567.0,Kuwait,Iraq,0.0,0.0,,,,,,,,,,,Desconocido
FIFA World Cup qualification,,,,False,2024-09-10,,1568.0,Kyrgyzstan,Uzbekistan,2.0,3.0,,,,,,,,,,,Desconocido
UEFA Nations League,5.0,,,False,2024-09-10,,,Latvia,Faroe Islands,1.0,0.0,,,,,,,,,,,Desconocido
African Cup of Nations qualification,,,,False,2024-09-10,,,Liberia,Algeria,0.0,3.0,,,,,,,,,,,Desconocido
AFC Asian Cup qualification,,,,False,2024-09-10,,5538.0,Macau,Brunei,0.0,1.0,,,,,,,,,,,Desconocido
Friendly,,,,False,2024-09-10,,,Mexico,Canada,0.0,0.0,,,,,,,,,,,Desconocido
Friendly,,,,False,2024-09-10,,,Moldova,San Marino,1.0,0.0,,,,,,,,,,,Desconocido
AFC Asian Cup qualification,,,,False,2024-09-10,,5537.0,Mongolia,Timor-Leste,2.0,0.0,,,,,,,,,,,Desconocido
African Cup of Nations qualification,,,,False,2024-09-10,,,Mozambique,Guinea-Bissau,2.0,1.0,,,,,,,,,,,Desconocido
African Cup of Nations qualification,,,,False,2024-09-10,1493.0,,Namibia,Kenya,1.0,2.0,,,,,,,,,,,Desconocido
UEFA Nations League,5.0,,,False,2024-09-10,1118.0,25.0,Netherlands,Germany,2.0,2.0,,,,,,,,,,,Desconocido
FIFA World Cup qualification,,,,False,2024-09-10,,1569.0,North Korea,Qatar,2.0,2.0,,,,,,,,,,,Desconocido
UEFA Nations League,5.0,,,False,2024-09-10,,,North Macedonia,Armenia,2.0,0.0,,,,,,,,,,,Desconocido
FIFA World Cup qualification,,,,False,2024-09-10,1552.0,17.0,Oman,South Korea,1.0,3.0,,,,,,,,,,,Desconocido
FIFA World Cup qualification,,,,False,2024-09-10,1562.0,,Palestine,Jordan,1.0,3.0,,,,,,,,,,,Desconocido
FIFA World Cup qualification,,,,False,2024-09-10,,,Paraguay,Brazil,1.0,0.0,,,,,,,,,,,Desconocido
UEFA Nations League,5.0,,,False,2024-09-10,,1117.0,Republic of Ireland,Greece,0.0,2.0,,,,,,,,,,,Desconocido
National League,43.0,,,False,2024-09-10,1339.0,1838.0,Rochdale,Maidenhead,3.0,1.0,,,,,1.0,1.0,0.0,0.0,,,Desconocido
African Cup of Nations qualification,,,,False,2024-09-10,,,Rwanda,Nigeria,0.0,0.0,,,,,,,,,,,Desconocido
CONCACAF Nations League,536.0,,,False,2024-09-10,,,Saint Kitts and Nevis,British Virgin Islands,2.0,0.0,,,,,,,,,,,Desconocido
African Cup of Nations qualification,,,,False,2024-09-10,,,South Sudan,South Africa,2.0,3.0,,,,,,,,,,,Desconocido
National League,43.0,,,False,2024-09-10,1341.0,1822.0,Southend,Eastleigh,2.0,0.0,,,,,1.0,4.0,0.0,0.0,,,Desconocido
CONCACAF Nations League,536.0,,,False,2024-09-10,5168.0,,Trinidad and Tobago,French Guiana,0.0,0.0,,,,,,,,,,,Desconocido
FIFA World Cup qualification,,,,False,2024-09-10,1563.0,22.0,United Arab Emirates,Iran,0.0,1.0,,,,,,,,,,,Desconocido
Friendly,,,,False,2024-09-10,,4673.0,United States,New Zealand,1.0,1.0,,,,,,,,,,,Desconocido
CONCACAF Nations League,536.0,,,False,2024-09-10,,,United States Virgin Islands,Barbados,0.0,3.0,,,,,,,,,,,Desconocido
FIFA World Cup qualification,,,,False,2024-09-10,,7.0,Venezuela,Uruguay,0.0,0.0,,,,,,,,,,,Desconocido
Friendly,,,,False,2024-09-10,1542.0,1564.0,Vietnam,Thailand,1.0,2.0,,,,,,,,,,,Desconocido
National League,43.0,,,False,2024-09-10,1836.0,8663.0,Woking,Wealdstone,1.0,0.0,,,,,2.0,3.0,0.0,0.0,,,Desconocido
National League,43.0,,,False,2024-09-10,,,Yeovil,Solihull,0.0,1.0,,,,,2.0,4.0,0.0,0.0,,,Desconocido
National League,43.0,,,False,2024-09-10,1828.0,,York,Braintree Town,2.0,1.0,,,,,0.0,3.0,0.0,0.0,,,Desconocido
African Cup of Nations qualification,,,,False,2024-09-10,,1499.0,Zambia,Sierra Leone,3.0,2.0,,,,,,,,,,,Desconocido
African Cup of Nations qualification,,,,False,2024-09-10,1522.0,1530.0,Zimbabwe,Cameroon,0.0,0.0,,,,,,,,,,,Desconocido
La Liga 2,,,,False,2024-09-09,722.0,545.0,Albacete,Eibar,0.0,1.0,,,4.0,3.0,2.0,2.0,0.0,0.0,18.0,11.0,Desconocido
African Cup of Nations qualification,,,,False,2024-09-09,,,Angola,Sudan,2.0,1.0,,,,,,,,,,,Desconocido
African Cup of Nations qualification,,,,False,2024-09-09,,,Burundi,Senegal,0.0,1.0,,,,,,,,,,,Desconocido
La Liga 2,,,,False,2024-09-09,,724.0,Castellon,Cadiz,1.0,3.0,,,3.0,7.0,2.0,2.0,0.0,0.0,17.0,9.0,Desconocido
CONCACAF Nations League,536.0,,,False,2024-09-09,5530.0,10984.0,Curaçao,Saint Martin,4.0,0.0,,,,,,,,,,,Desconocido
UEFA Nations League,5.0,,,False,2024-09-09,,1111.0,Cyprus,Kosovo,0.0,4.0,,,,,,,,,,,Desconocido
African Cup of Nations qualification,,,,False,2024-09-09,1521.0,,Equatorial Guinea,Togo,2.0,2.0,,,,,,,,,,,Desconocido
African Cup of Nations qualification,,,,False,2024-09-09,,,Ethiopia,DR Congo,0.0,2.0,,,,,,,,,,,Desconocido
UEFA Nations League,5.0,,,False,2024-09-09,2.0,1.0,France,Belgium,2.0,0.0,,,,,,,,,,,Desconocido
CONCACAF Nations League,536.0,,,False,2024-09-09,,,Grenada,Saint Lucia,1.0,2.0,,,,,,,,,,,Desconocido
CONCACAF Nations League,536.0,,,False,2024-09-09,,,Guadeloupe,Suriname,1.0,0.0,,,,,,,,,,,Desconocido
CONCACAF Nations League,536.0,,,False,2024-09-09,,29.0,Guatemala,Costa Rica,0.0,0.0,,,,,,,,,,,Desconocido
CONCACAF Nations League,536.0,,,False,2024-09-09,2386.0,,Haiti,Sint Maarten,6.0,0.0,,,,,,,,,,,Desconocido
Intercontinental Cup,,,,False,2024-09-09,,,India,Syria,0.0,3.0,,,,,,,,,,,Desconocido
UEFA Nations League,5.0,,,False,2024-09-09,1116.0,,Israel,Italy,1.0,2.0,,,,,,,,,,,Desconocido
African Cup of Nations qualification,,,,False,2024-09-09,,1524.0,Madagascar,Comoros,1.0,1.0,,,,,,,,,,,Desconocido
CONCACAF Nations League,536.0,,,False,2024-09-09,,5162.0,Martinique,Guyana,2.0,2.0,,,,,,,,,,,Desconocido
UEFA Nations League,5.0,,,False,2024-09-09,,767.0,Montenegro,Wales,1.0,2.0,,,,,,,,,,,Desconocido
African Cup of Nations qualification,,,,False,2024-09-09,,,Morocco,Lesotho,1.0,0.0,,,,,,,,,,,Desconocido
African Cup of Nations qualification,,,,False,2024-09-09,,1504.0,Niger,Ghana,1.0,1.0,,,,,,,,,,,Desconocido
UEFA Nations League,5.0,,,False,2024-09-09,1090.0,775.0,Norway,Austria,2.0,1.0,,,,,,,,,,,Desconocido
CONCACAF Nations League,536.0,,,False,2024-09-09,5539.0,8167.0,Puerto Rico,Aruba,1.0,0.0,,,,,,,,,,,Desconocido
UEFA Nations League,5.0,,,False,2024-09-09,,1097.0,Romania,Lithuania,3.0,1.0,,,,,,,,,,,Desconocido
FIFA World Cup qualification,,,,False,2024-09-09,,,Samoa,Tonga,2.0,1.0,,,,,,,,,,,Desconocido
UEFA Nations League,5.0,,,False,2024-09-09,,,Slovenia,Kazakhstan,3.0,0.0,,,,,,,,,,,Desconocido
UEFA Nations League,5.0,,,False,2024-09-09,,,Turkey,Iceland,3.0,1.0,,,,,,,,,,,Desconocido
African Cup of Nations qualification,,,,False,2024-09-09,1519.0,1517.0,Uganda,Congo,2.0,0.0,,,,,,,,,,,Desconocido
Friendly,,,,False,2024-09-08,,,Bhutan,Bangladesh,1.0,0.0,,,,,,,,,,,Desconocido
CONCACAF Nations League,536.0,,,False,2024-09-08,,,Bonaire,El Salvador,1.0,2.0,,,,,,,,,,,Desconocido
UEFA Nations League,5.0,,,False,2024-09-08,,,Bulgaria,Northern Ireland,1.0,0.0,,,,,,,,,,,Desconocido
La Liga 2,,,,False,2024-09-08,,539.0,Cartagena,Levante,0.0,1.0,,,5.0,5.0,0.0,1.0,0.0,0.0,14.0,10.0,Desconocido
UEFA Nations League,5.0,,,False,2024-09-08,,,Croatia,Poland,1.0,0.0,,,,,,,,,,,Desconocido
UEFA Nations League,5.0,,,False,2024-09-08,21.0,14.0,Denmark,Serbia,2.0,0.0,,,,,,,,,,,Desconocido
La Liga 2,,,,False,2024-09-08,9692.0,723.0,Eldense,Almeria,1.0,0.0,,,3.0,4.0,1.0,3.0,0.0,0.0,7.0,10.0,Desconocido
La Liga 2,,,,False,2024-09-08,,799.0,Ferrol,Mirandes,0.0,0.0,,,2.0,6.0,1.0,4.0,0.0,0.0,12.0,11.0,Desconocido
African Cup of Nations qualification,,,,False,2024-09-08,,28.0,Gambia,Tunisia,1.0,2.0,,,,,,,,,,,Desconocido
UEFA Nations League,5.0,,,False,2024-09-08,1093.0,1107.0,Gibraltar,Liechtenstein,2.0,2.0,,,,,,,,,,,Desconocido
UEFA Nations League,5.0,,,False,2024-09-08,,,Luxembourg,Belarus,0.0,1.0,,,,,,,,,,,Desconocido
Merdeka Tournament,,,,False,2024-09-08,1538.0,,Malaysia,Lebanon,1.0,0.0,,,,,,,,,,,Desconocido
UEFA Nations League,5.0,,,False,2024-09-08,27.0,,Portugal,Scotland,2.0,1.0,,,,,,,,,,,Desconocido
CONCACAF Nations League,536.0,,,False,2024-09-08,,8170.0,Saint Vincent and the Grenadines,Montserrat,2.0,0.0,,,,,,,,,,,Desconocido
UEFA Nations League,5.0,,,False,2024-09-08,,1096.0,Slovakia,Azerbaijan,2.0,0.0,,,,,,,,,,,Desconocido
UEFA Nations League,5.0,,,False,2024-09-08,,,Sweden,Estonia,3.0,0.0,,,,,,,,,,,Desconocido
UEFA Nations League,5.0,,,False,2024-09-08,15.0,9.0,Switzerland,Spain,1.0,4.0,,,,,,,,,,,Desconocido
Merdeka Tournament,,,,False,2024-09-08,1536.0,1555.0,Tajikistan,Philippines,0.0,0.0,,,,,,,,,,,Desconocido
La Liga 2,,,,False,2024-09-08,732.0,797.0,Zaragoza,Elche,3.0,0.0,,,6.0,3.0,1.0,6.0,0.0,1.0,21.0,5.0,Desconocido
National League,43.0,,,False,2024-09-07,,1339.0,Aldershot,Rochdale,0.0,2.0,,,,,3.0,1.0,0.0,0.0,,,Desconocido
National League,43.0,,,False,2024-09-07,4700.0,,Altrincham,Ebbsfleet,4.0,0.0,,,,,1.0,1.0,0.0,0.0,,,Desconocido
CONCACAF Nations League,536.0,,,False,2024-09-07,5526.0,5531.0,Antigua and Barbuda,Dominica,1.0,2.0,,,,,,,,,,,Desconocido
UEFA Nations League,5.0,,,False,2024-09-07,,,Armenia,Latvia,4.0,1.0,,,,,,,,,,,Desconocido
CONCACAF Nations League,536.0,,,False,2024-09-07,5157.0,,Bahamas,Barbados,2.0,3.0,,,,,,,,,,,Desconocido
League 1,,,,False,2024-09-07,747.0,,Barnsley,Bristol Rvs,2.0,1.0,,,12.0,5.0,4.0,0.0,0.0,0.0,16.0,8.0,Desconocido
League 2,,,,False,2024-09-07,1819.0,,Barrow,Swindon,1.0,1.0,,,6.0,5.0,1.0,2.0,1.0,1.0,7.0,19.0,Desconocido
CONCACAF Nations League,536.0,,,False,2024-09-07,,5532.0,Bermuda,Dominican Republic,2.0,3.0,,,,,,,,,,,Desconocido
League 2,,,,False,2024-09-07,1343.0,1371.0,Bradford,Carlisle,2.0,1.0,,,3.0,5.0,3.0,4.0,0.0,0.0,13.0,13.0,Desconocido
National League,43.0,,,False,2024-09-07,,1836.0,Braintree Town,Woking,0.0,0.0,,,,,1.0,2.0,0.0,0.0,,,Desconocido
African Cup of Nations qualification,,,,False,2024-09-07,1530.0,1493.0,Cameroon,Namibia,1.0,0.0,,,,,,,,,,,Desconocido
CONCACAF Nations League,536.0,,,False,2024-09-07,8169.0,,Cayman Islands,Saint Kitts and Nevis,1.0,4.0,,,,,,,,,,,Desconocido
League 1,,,,False,2024-09-07,1335.0,73.0,Charlton,Rotherham,1.0,1.0,,,2.0,3.0,1.0,0.0,0.0,0.0,9.0,12.0,Desconocido
League 2,,,,False,2024-09-07,1372.0,,Cheltenham,Harrogate,1.0,0.0,,,4.0,5.0,2.0,1.0,0.0,0.0,11.0,13.0,Desconocido
League 2,,,,False,2024-09-07,1345.0,1365.0,Chesterfield,Grimsby,2.0,1.0,,,4.0,3.0,2.0,4.0,1.0,0.0,12.0,14.0,Desconocido
League 2,,,,False,2024-09-07,1361.0,1832.0,Colchester,Bromley,1.0,1.0,,,8.0,7.0,3.0,3.0,0.0,1.0,14.0,9.0,Desconocido
La Liga 2,,,,False,2024-09-07,713.0,535.0,Cordoba,Malaga,0.0,0.0,,,8.0,1.0,0.0,0.0,0.0,0.0,13.0,1.0,Desconocido
League 2,,,,False,2024-09-07,1363.0,1375.0,Crewe,Morecambe,1.0,0.0,,,1.0,7.0,2.0,2.0,0.0,0.0,6.0,13.0,Desconocido
League 2,,,,False,2024-09-07,1354.0,1347.0,Doncaster,Gillingham,1.0,0.0,,,3.0,5.0,1.0,1.0,0.0,0.0,10.0,6.0,Desconocido
National League,43.0,,,False,2024-09-07,1822.0,7752.0,Eastleigh,Tamworth,1.0,0.0,,,,,4.0,5.0,0.0,0.0,,,Desconocido
UEFA Nations League,5.0,,,False,2024-09-07,,,Faroe Islands,North Macedonia,1.0,1.0,,,,,,,,,,,Desconocido
National League,43.0,,,False,2024-09-07,,,Fylde,Yeovil,3.0,4.0,,,,,1.0,1.0,0.0,0.0,,,Desconocido
National League,43.0,,,False,2024-09-07,1823.0,1369.0,Gateshead,Barnet,2.0,0.0,,,,,3.0,1.0,0.0,0.0,,,Desconocido
UEFA Nations League,5.0,,,False,2024-09-07,,,Georgia,Czech Republic,4.0,1.0,,,,,,,,,,,Desconocido
UEFA Nations League,5.0,,,False,2024-09-07,25.0,,Germany,Hungary,5.0,0.0,,,,,,,,,,,Desconocido
La Liga 2,,,,False,2024-09-07,22018.0,,Granada,La Coruna,1.0,1.0,,,4.0,6.0,3.0,0.0,0.0,0.0,13.0,11.0,Desconocido
UEFA Nations League,5.0,,,False,2024-09-07,1117.0,,Greece,Finland,3.0,0.0,,,,,,,,,,,Desconocido
National League,43.0,,,False,2024-09-07,1366.0,,Hartlepool,Halifax,0.0,0.0,,,,,4.0,2.0,0.0,0.0,,,Desconocido
La Liga 2,,,,False,2024-09-07,726.0,9580.0,Huesca,Burgos,0.0,1.0,,,4.0,4.0,5.0,2.0,1.0,0.0,12.0,5.0,Desconocido
National League,43.0,,,False,2024-09-07,1838.0,,Maidenhead,Dag and Red,1.0,1.0,,,,,4.0,1.0,0.0,0.0,,,Desconocido
African Cup of Nations qualification,,,,False,2024-09-07,1491.0,1520.0,Mauritania,Botswana,1.0,0.0,,,,,,,,,,,Desconocido
Friendly,,,,False,2024-09-07,,4673.0,Mexico,New Zealand,3.0,0.0,,,,,,,,,,,Desconocido
League 2,,,,False,2024-09-07,1348.0,1342.0,Milton Keynes Dons,Walsall,1.0,0.0,,,3.0,3.0,1.0,2.0,0.0,0.0,9.0,5.0,Desconocido
UEFA Nations League,5.0,,,False,2024-09-07,,1112.0,Moldova,Malta,2.0,0.0,,,,,,,,,,,Desconocido
UEFA Nations League,5.0,,,False,2024-09-07,1118.0,,Netherlands,Bosnia and Herzegovina,5.0,2.0,,,,,,,,,,,Desconocido
League 2,,,,False,2024-09-07,1367.0,1351.0,Newport County,Port Vale,1.0,4.0,,,0.0,7.0,3.0,2.0,2.0,0.0,9.0,24.0,Desconocido
African Cup of Nations qualification,,,,False,2024-09-07,,,Nigeria,Benin,3.0,0.0,,,,,,,,,,,Desconocido
League 2,,,,False,2024-09-07,1376.0,,Notts County,Accrington,2.0,0.0,,,9.0,2.0,0.0,6.0,0.0,0.0,15.0,11.0,Desconocido
National League,43.0,,,False,2024-09-07,1349.0,1341.0,Oldham,Southend,1.0,1.0,,,,,0.0,2.0,0.0,0.0,,,Desconocido
UEFA Nations League,5.0,,,False,2024-09-07,,10.0,Republic of Ireland,England,0.0,2.0,,,,,,,,,,,Desconocido
National League,43.0,,,False,2024-09-07,,1378.0,Solihull,Forest Green,0.0,1.0,,,,,3.0,3.0,0.0,0.0,,,Desconocido
La Liga 2,,,,False,2024-09-07,,718.0,Sp Gijon,Oviedo,3.0,1.0,,,1.0,6.0,4.0,3.0,0.0,0.0,10.0,11.0,Desconocido
National League,43.0,,,False,2024-09-07,,,Sutton,Boston Utd,0.0,3.0,,,,,3.0,2.0,0.0,0.0,,,Desconocido
CONCACAF Nations League,536.0,,,False,2024-09-07,5169.0,,Turks and Caicos Islands,Belize,0.0,4.0,,,,,,,,,,,Desconocido
UEFA Nations League,5.0,,,False,2024-09-07,,,Ukraine,Albania,1.0,2.0,,,,,,,,,,,Desconocido
Friendly,,,,False,2024-09-07,,,United States,Canada,1.0,2.0,,,,,,,,,,,Desconocido
National League,43.0,,,False,2024-09-07,8663.0,1828.0,Wealdstone,York,0.0,2.0,,,,,0.0,0.0,0.0,0.0,,,Desconocido
League 1,,,,False,2024-09-07,1837.0,1352.0,Wrexham,Shrewsbury,3.0,0.0,,,5.0,7.0,3.0,4.0,0.0,0.0,15.0,9.0,Desconocido
UEFA Nations League,5.0,,,False,2024-09-06,1.0,1116.0,Belgium,Israel,3.0,1.0,,,,,,,,,,,Desconocido
FIFA World Cup qualification,,,,False,2024-09-06,,2382.0,Brazil,Ecuador,1.0,0.0,,,,,,,,,,,Desconocido
AFC Asian Cup qualification,,,,False,2024-09-06,5538.0,,Brunei,Macau,3.0,0.0,,,,,,,,,,,Desconocido
FIFA World Cup qualification,,,,False,2024-09-06,,,Cook Islands,Tonga,1.0,3.0,,,,,,,,,,,Desconocido
African Cup of Nations qualification,,,,False,2024-09-06,,,DR Congo,Guinea,1.0,0.0,,,,,,,,,,,Desconocido
African Cup of Nations qualification,,,,False,2024-09-06,,,Egypt,Cape Verde,3.0,0.0,,,,,,,,,,,Desconocido
UEFA Nations League,5.0,,,False,2024-09-06,2.0,,France,Italy,1.0,3.0,,,,,,,,,,,Desconocido
CONCACAF Nations League,536.0,,,False,2024-09-06,,5164.0,French Guiana,Nicaragua,0.0,1.0,,,,,,,,,,,Desconocido
CONCACAF Nations League,536.0,,,False,2024-09-06,,10984.0,Grenada,Saint Martin,2.0,0.0,,,,,,,,,,,Desconocido
CONCACAF Nations League,536.0,,,False,2024-09-06,,5168.0,Honduras,Trinidad and Tobago,4.0,0.0,,,,,,,,,,,Desconocido
UEFA Nations League,5.0,,,False,2024-09-06,,,Iceland,Montenegro,2.0,0.0,,,,,,,,,,,Desconocido
African Cup of Nations qualification,,,,False,2024-09-06,1501.0,,Ivory Coast,Zambia,2.0,0.0,,,,,,,,,,,Desconocido
CONCACAF Nations League,536.0,,,False,2024-09-06,,,Jamaica,Cuba,0.0,0.0,,,,,,,,,,,Desconocido
UEFA Nations League,5.0,,,False,2024-09-06,,1090.0,Kazakhstan,Norway,0.0,0.0,,,,,,,,,,,Desconocido
African Cup of Nations qualification,,,,False,2024-09-06,,1522.0,Kenya,Zimbabwe,0.0,0.0,,,,,,,,,,,Desconocido
UEFA Nations League,5.0,,,False,2024-09-06,1111.0,,Kosovo,Romania,0.0,3.0,,,,,,,,,,,Desconocido
UEFA Nations League,5.0,,,False,2024-09-06,1097.0,,Lithuania,Cyprus,0.0,1.0,,,,,,,,,,,Desconocido
African Cup of Nations qualification,,,,False,2024-09-06,,,Mali,Mozambique,1.0,1.0,,,,,,,,,,,Desconocido
African Cup of Nations qualification,,,,False,2024-09-06,,,Morocco,Gabon,4.0,1.0,,,,,,,,,,,Desconocido
FIFA World Cup qualification,,,,False,2024-09-06,,,Peru,Colombia,1.0,1.0,,,,,,,,,,,Desconocido
CONCACAF Nations League,536.0,,,False,2024-09-06,5539.0,2386.0,Puerto Rico,Haiti,1.0,4.0,,,,,,,,,,,Desconocido
CONCACAF Nations League,536.0,,,False,2024-09-06,,5530.0,Saint Lucia,Curaçao,2.0,1.0,,,,,,,,,,,Desconocido
FIFA World Cup qualification,,,,False,2024-09-06,,,Samoa,American Samoa,2.0,0.0,,,,,,,,,,,Desconocido
African Cup of Nations qualification,,,,False,2024-09-06,,,Senegal,Burkina Faso,1.0,1.0,,,,,,,,,,,Desconocido
African Cup of Nations qualification,,,,False,2024-09-06,1499.0,,Sierra Leone,Chad,0.0,0.0,,,,,,,,,,,Desconocido
CONCACAF Nations League,536.0,,,False,2024-09-06,,8167.0,Sint Maarten,Aruba,2.0,0.0,,,,,,,,,,,Desconocido
UEFA Nations League,5.0,,,False,2024-09-06,,775.0,Slovenia,Austria,1.0,1.0,,,,,,,,,,,Desconocido
African Cup of Nations qualification,,,,False,2024-09-06,,1519.0,South Africa,Uganda,2.0,2.0,,,,,,,,,,,Desconocido
Intercontinental Cup,,,,False,2024-09-06,,,Syria,Mauritius,2.0,0.0,,,,,,,,,,,Desconocido
La Liga 2,,,,False,2024-09-06,719.0,,Tenerife,Santander,0.0,1.0,,,4.0,5.0,3.0,4.0,0.0,1.0,4.0,8.0,Desconocido
African Cup of Nations qualification,,,,False,2024-09-06,,,Togo,Liberia,1.0,1.0,,,,,,,,,,,Desconocido
FIFA World Cup qualification,,,,False,2024-09-06,7.0,,Uruguay,Paraguay,0.0,0.0,,,,,,,,,,,Desconocido
UEFA Nations League,5.0,,,False,2024-09-06,767.0,,Wales,Turkey,0.0,0.0,,,,,,,,,,,Desconocido
African Cup of Nations qualification,,,,False,2024-09-05,,1521.0,Algeria,Equatorial Guinea,2.0,0.0,,,,,,,,,,,Desconocido
FIFA World Cup qualification,,,,False,2024-09-05,26.0,,Argentina,Chile,3.0,0.0,,,,,,,,,,,Desconocido
FIFA World Cup qualification,,,,False,2024-09-05,,1547.0,Australia,Bahrain,0.0,1.0,,,,,,,,,,,Desconocido
UEFA Nations League,5.0,,,False,2024-09-05,1096.0,,Azerbaijan,Sweden,1.0,3.0,,,,,,,,,,,Desconocido
UEFA Nations League,5.0,,,False,2024-09-05,,,Belarus,Bulgaria,0.0,0.0,,,,,,,,,,,Desconocido
Friendly,,,,False,2024-09-05,,,Bhutan,Bangladesh,0.0,1.0,,,,,,,,,,,Desconocido
FIFA World Cup qualification,,,,False,2024-09-05,,,Bolivia,Venezuela,4.0,0.0,,,,,,,,,,,Desconocido
CONCACAF Nations League,536.0,,,False,2024-09-05,,,Bonaire,Saint Vincent and the Grenadines,1.0,1.0,,,,,,,,,,,Desconocido
African Cup of Nations qualification,,,,False,2024-09-05,1527.0,,Central African Republic,Lesotho,3.0,1.0,,,,,,,,,,,Desconocido
African Cup of Nations qualification,,,,False,2024-09-05,1517.0,,Congo,South Sudan,1.0,0.0,,,,,,,,,,,Desconocido
CONCACAF Nations League,536.0,,,False,2024-09-05,29.0,,Costa Rica,Guadeloupe,3.0,0.0,,,,,,,,,,,Desconocido
UEFA Nations League,5.0,,,False,2024-09-05,21.0,15.0,Denmark,Switzerland,2.0,0.0,,,,,,,,,,,Desconocido
UEFA Nations League,5.0,,,False,2024-09-05,,,Estonia,Slovakia,0.0,1.0,,,,,,,,,,,Desconocido
African Cup of Nations qualification,,,,False,2024-09-05,1504.0,,Ghana,Angola,0.0,1.0,,,,,,,,,,,Desconocido
CONCACAF Nations League,536.0,,,False,2024-09-05,,,Guatemala,Martinique,3.0,1.0,,,,,,,,,,,Desconocido
African Cup of Nations qualification,,,,False,2024-09-05,,,Guinea-Bissau,Eswatini,1.0,0.0,,,,,,,,,,,Desconocido
CONCACAF Nations League,536.0,,,False,2024-09-05,5162.0,,Guyana,Suriname,1.0,3.0,,,,,,,,,,,Desconocido
Tri-Nations Series,,,,False,2024-09-05,,5165.0,Hong Kong,Solomon Islands,3.0,0.0,,,,,,,,,,,Desconocido
FIFA World Cup qualification,,,,False,2024-09-05,22.0,,Iran,Kyrgyzstan,1.0,0.0,,,,,,,,,,,Desconocido
FIFA World Cup qualification,,,,False,2024-09-05,1567.0,1552.0,Iraq,Oman,1.0,0.0,,,,,,,,,,,Desconocido
FIFA World Cup qualification,,,,False,2024-09-05,12.0,1566.0,Japan,China,7.0,0.0,,,,,,,,,,,Desconocido
FIFA World Cup qualification,,,,False,2024-09-05,,1570.0,Jordan,Kuwait,1.0,1.0,,,,,,,,,,,Desconocido
African Cup of Nations qualification,,,,False,2024-09-05,,,Malawi,Burundi,2.0,3.0,,,,,,,,,,,Desconocido
CONCACAF Nations League,536.0,,,False,2024-09-05,8170.0,,Montserrat,El Salvador,1.0,4.0,,,,,,,,,,,Desconocido
UEFA Nations League,5.0,,,False,2024-09-05,,,Northern Ireland,Luxembourg,2.0,0.0,,,,,,,,,,,Desconocido
UEFA Nations League,5.0,,,False,2024-09-05,27.0,,Portugal,Croatia,2.0,1.0,,,,,,,,,,,Desconocido
FIFA World Cup qualification,,,,False,2024-09-05,1569.0,1563.0,Qatar,United Arab Emirates,1.0,3.0,,,,,,,,,,,Desconocido
UEFA Nations League,5.0,,,False,2024-09-05,,1107.0,San Marino,Liechtenstein,1.0,0.0,,,,,,,,,,,Desconocido
FIFA World Cup qualification,,,,False,2024-09-05,23.0,1571.0,Saudi Arabia,Indonesia,1.0,1.0,,,,,,,,,,,Desconocido
UEFA Nations League,5.0,,,False,2024-09-05,,,Scotland,Poland,2.0,3.0,,,,,,,,,,,Desconocido
UEFA Nations League,5.0,,,False,2024-09-05,14.0,9.0,Serbia,Spain,0.0,0.0,,,,,,,,,,,Desconocido
FIFA World Cup qualification,,,,False,2024-09-05,17.0,1562.0,South Korea,Palestine,0.0,0.0,,,,,,,,,,,Desconocido
AFC Asian Cup qualification,,,,False,2024-09-05,,1543.0,Sri Lanka,Cambodia,0.0,0.0,,,,,,,,,,,Desconocido
AFC Asian Cup qualification,,,,False,2024-09-05,5537.0,,Timor-Leste,Mongolia,4.0,1.0,,,,,,,,,,,Desconocido
African Cup of Nations qualification,,,,False,2024-09-05,28.0,,Tunisia,Madagascar,1.0,0.0,,,,,,,,,,,Desconocido
FIFA World Cup qualification,,,,False,2024-09-05,1568.0,,Uzbekistan,North Korea,1.0,0.0,,,,,,,,,,,Desconocido
Friendly,,,,False,2024-09-05,1542.0,,Vietnam,Russia,0.0,3.0,,,,,,,,,,,Desconocido
CONCACAF Nations League,536.0,,,False,2024-09-04,8169.0,,Cayman Islands,British Virgin Islands,1.0,0.0,,,,,,,,,,,Desconocido
African Cup of Nations qualification,,,,False,2024-09-04,1524.0,,Comoros,Gambia,1.0,1.0,,,,,,,,,,,Desconocido
Friendly,,,,False,2024-09-04,1093.0,1110.0,Gibraltar,Andorra,1.0,0.0,,,,,,,,,,,Desconocido
Merdeka Tournament,,,,False,2024-09-04,,1536.0,Lebanon,Tajikistan,1.0,0.0,,,,,,,,,,,Desconocido
African Cup of Nations qualification,,,,False,2024-09-04,1526.0,,Libya,Rwanda,1.0,1.0,,,,,,,,,,,Desconocido
Merdeka Tournament,,,,False,2024-09-04,1538.0,1555.0,Malaysia,Philippines,2.0,1.0,,,,,,,,,,,Desconocido
African Cup of Nations qualification,,,,False,2024-09-04,,,Sudan,Niger,1.0,0.0,,,,,,,,,,,Desconocido
African Cup of Nations qualification,,,,False,2024-09-04,,,Tanzania,Ethiopia,0.0,0.0,,,,,,,,,,,Desconocido
CONCACAF Nations League,536.0,,,False,2024-09-04,5169.0,8150.0,Turks and Caicos Islands,Anguilla,0.0,2.0,,,,,,,,,,,Desconocido
CONCACAF Nations League,536.0,,,False,2024-09-04,,5157.0,United States Virgin Islands,Bahamas,3.0,3.0,,,,,,,,,,,Desconocido
Intercontinental Cup,,,,False,2024-09-03,,,India,Mauritius,0.0,0.0,,,,,,,,,,,Desconocido
La Liga 2,,,,False,2024-09-02,545.0,539.0,Eibar,Levante,2.0,2.0,,,10.0,2.0,2.0,2.0,0.0,0.0,31.0,8.0,Desconocido
La Liga 2,,,,False,2024-09-02,797.0,713.0,Elche,Cordoba,3.0,1.0,,,5.0,4.0,0.0,2.0,0.0,0.0,18.0,5.0,Desconocido
Tri-Nations Series,,,,False,2024-09-02,5160.0,,Fiji,Hong Kong,1.0,1.0,,,,,,,,,,,Desconocido
Tri-Nations Series,,,,False,2024-09-02,5160.0,5165.0,Fiji,Solomon Islands,1.0,0.0,,,,,,,,,,,Desconocido
League 2,,,,False,2024-09-02,,1348.0,Salford,Milton Keynes Dons,1.0,0.0,,,4.0,5.0,1.0,0.0,0.0,0.0,13.0,16.0,Desconocido
La Liga,140.0,,,False,2024-09-01,542.0,534.0,Alaves,Las Palmas,2.0,0.0,,,6.0,5.0,3.0,0.0,0.0,0.0,15.0,12.0,Desconocido
Ligue 1,61.0,,,False,2024-09-01,77.0,84.0,Angers,Nice,1.0,4.0,,,4.0,7.0,6.0,4.0,0.0,1.0,12.0,12.0,Desconocido
Super League Greece,,,,False,2024-09-01,,617.0,Athens Kallithea,Panathinaikos,2.0,2.0,,,9.0,3.0,4.0,2.0,0.0,0.0,16.0,14.0,Desconocido
Super League Greece,,,,False,2024-09-01,12260.0,619.0,Atromitos,PAOK,1.0,2.0,,,4.0,2.0,4.0,3.0,0.0,0.0,5.0,6.0,Desconocido
Bundesliga,218.0,,,False,2024-09-01,,,Bayern Munich,Freiburg,2.0,0.0,,,2.0,4.0,1.0,0.0,0.0,0.0,11.0,8.0,Desconocido
Turkey Super Lig,,,,False,2024-09-01,,1002.0,Besiktas,Sivasspor,2.0,0.0,,,5.0,5.0,4.0,5.0,0.0,0.0,12.0,7.0,Desconocido
Bundesliga 2,,,,False,2024-09-01,,,Braunschweig,Karlsruhe,1.0,2.0,,,1.0,6.0,2.0,1.0,0.0,0.0,7.0,11.0,Desconocido
La Liga 2,,,,False,2024-09-01,9580.0,,Burgos,Castellon,0.0,2.0,,,8.0,6.0,0.0,1.0,0.0,0.0,10.0,13.0,Desconocido
Turkey Super Lig,,,,False,2024-09-01,,1005.0,Buyuksehyr,Antalyaspor,5.0,2.0,,,3.0,5.0,1.0,2.0,0.0,0.0,14.0,10.0,Desconocido
Serie B,72.0,,,False,2024-09-01,1687.0,1581.0,Catanzaro,Carrarese,3.0,1.0,,,0.0,5.0,2.0,2.0,0.0,0.0,17.0,7.0,Desconocido
Premiership Escocia,,,,False,2024-09-01,247.0,257.0,Celtic,Rangers,3.0,0.0,,,7.0,4.0,4.0,5.0,0.0,0.0,14.0,13.0,Desconocido
Premier League,569.0,,,False,2024-09-01,49.0,52.0,Chelsea,Crystal Palace,1.0,1.0,,,4.0,5.0,4.0,2.0,0.0,0.0,13.0,9.0,Desconocido
Jupiler Pro League,144.0,,,False,2024-09-01,,741.0,Club Brugge,Cercle Brugge,3.0,0.0,,,4.0,5.0,1.0,1.0,0.0,0.0,21.0,11.0,Desconocido
La Liga 2,,,,False,2024-09-01,9692.0,,Eldense,Cartagena,1.0,2.0,,,7.0,0.0,4.0,3.0,0.0,0.0,10.0,6.0,Desconocido
Turkey Super Lig,,,,False,2024-09-01,,998.0,Eyupspor,Trabzonspor,0.0,0.0,,,3.0,4.0,3.0,0.0,0.0,0.0,13.0,7.0,Desconocido
Serie A,71.0,,,False,2024-09-01,502.0,1579.0,Fiorentina,Monza,2.0,2.0,,,6.0,0.0,2.0,4.0,0.0,0.0,15.0,4.0,Desconocido
Serie B,72.0,,,False,2024-09-01,512.0,863.0,Frosinone,Juve Stabia,0.0,0.0,,,4.0,2.0,3.0,4.0,1.0,1.0,9.0,6.0,Desconocido
Serie A,71.0,,,False,2024-09-01,495.0,,Genoa,Verona,0.0,2.0,,,3.0,1.0,2.0,6.0,0.0,0.0,11.0,10.0,Desconocido
Jupiler Pro League,144.0,,,False,2024-09-01,631.0,740.0,Gent,Antwerp,1.0,1.0,,,1.0,5.0,4.0,3.0,0.0,0.0,15.0,15.0,Desconocido
La Liga,140.0,,,False,2024-09-01,546.0,,Getafe,Sociedad,0.0,0.0,,,4.0,1.0,1.0,1.0,0.0,0.0,16.0,1.0,Desconocido
Primeira Liga,94.0,,,False,2024-09-01,,,Gil Vicente,Sp Braga,0.0,0.0,,,4.0,5.0,4.0,1.0,0.0,0.0,10.0,8.0,Desconocido
Friendly,,,,False,2024-09-01,,7.0,Guatemala,Uruguay,1.0,1.0,,,,,,,,,,,Desconocido
Primeira Liga,94.0,,,False,2024-09-01,224.0,242.0,Guimaraes,Famalicao,2.0,1.0,,,5.0,7.0,5.0,3.0,0.0,0.0,8.0,8.0,Desconocido
Turkey Super Lig,,,,False,2024-09-01,3575.0,3603.0,Hatayspor,Samsunspor,0.0,3.0,,,2.0,4.0,0.0,2.0,0.0,0.0,5.0,14.0,Desconocido
Premiership Escocia,,,,False,2024-09-01,,,Hearts,Dundee United,0.0,1.0,,,6.0,4.0,2.0,4.0,0.0,0.0,14.0,12.0,Desconocido
Bundesliga,218.0,,,False,2024-09-01,,,Heidenheim,Augsburg,4.0,0.0,,,5.0,6.0,0.0,3.0,0.0,0.0,17.0,15.0,Desconocido
Serie A,71.0,,,False,2024-09-01,10019.0,,Juventus,Roma,0.0,0.0,,,6.0,4.0,2.0,2.0,0.0,0.0,8.0,7.0,Desconocido
Premiership Escocia,,,,False,2024-09-01,250.0,249.0,Kilmarnock,Hibernian,1.0,1.0,,,4.0,7.0,2.0,3.0,0.0,0.0,14.0,9.0,Desconocido
Jupiler Pro League,144.0,,,False,2024-09-01,734.0,,Kortrijk,St Truiden,1.0,1.0,,,8.0,6.0,1.0,1.0,0.0,0.0,15.0,8.0,Desconocido
La Liga 2,,,,False,2024-09-01,,,La Coruna,Ferrol,1.0,0.0,,,9.0,7.0,3.0,1.0,0.0,0.0,15.0,10.0,Desconocido
Ligue 1,61.0,,,False,2024-09-01,111.0,108.0,Le Havre,Auxerre,3.0,1.0,,,2.0,2.0,1.0,5.0,0.0,1.0,21.0,7.0,Desconocido
Super League Greece,,,,False,2024-09-01,,,Levadeiakos,AEK,0.0,3.0,,,1.0,6.0,3.0,3.0,0.0,0.0,9.0,17.0,Desconocido
Ligue 1,61.0,,,False,2024-09-01,79.0,,Lille,Paris SG,1.0,3.0,,,3.0,1.0,3.0,2.0,0.0,0.0,10.0,10.0,Desconocido
Premier League,569.0,,,False,2024-09-01,,40.0,Man United,Liverpool,0.0,3.0,,,5.0,2.0,4.0,1.0,0.0,0.0,8.0,11.0,Desconocido
Serie B,72.0,,,False,2024-09-01,1693.0,514.0,Mantova,Salernitana,1.0,0.0,,,0.0,1.0,0.0,3.0,0.0,0.0,7.0,5.0,Desconocido
La Liga 2,,,,False,2024-09-01,799.0,732.0,Mirandes,Zaragoza,0.0,0.0,,,6.0,6.0,2.0,2.0,0.0,0.0,19.0,11.0,Desconocido
Ligue 1,61.0,,,False,2024-09-01,91.0,116.0,Monaco,Lens,1.0,1.0,,,7.0,7.0,1.0,4.0,0.0,0.0,14.0,12.0,Desconocido
Primeira Liga,94.0,,,False,2024-09-01,225.0,231.0,Nacional,Farense,2.0,0.0,,,4.0,4.0,3.0,3.0,0.0,0.0,17.0,14.0,Desconocido
Premier League,569.0,,,False,2024-09-01,34.0,47.0,Newcastle,Tottenham,2.0,1.0,,,7.0,12.0,4.0,4.0,0.0,0.0,9.0,20.0,Desconocido
La Liga,140.0,,,False,2024-09-01,727.0,,Osasuna,Celta,3.0,2.0,,,6.0,3.0,2.0,0.0,0.0,1.0,10.0,12.0,Desconocido
Eredivisie,88.0,,,False,2024-09-01,197.0,,PSV Eindhoven,Go Ahead Eagles,3.0,0.0,,,5.0,3.0,0.0,3.0,0.0,0.0,19.0,9.0,Desconocido
Bundesliga 2,,,,False,2024-09-01,,,Paderborn,Ulm,0.0,0.0,,,4.0,4.0,3.0,3.0,0.0,0.0,18.0,11.0,Desconocido
Serie B,72.0,,,False,2024-09-01,522.0,10137.0,Palermo,Cosenza,1.0,1.0,,,12.0,8.0,1.0,4.0,0.0,0.0,22.0,14.0,Desconocido
La Liga,140.0,,,False,2024-09-01,541.0,,Real Madrid,Betis,2.0,0.0,,,7.0,3.0,2.0,0.0,0.0,0.0,20.0,12.0,Desconocido
Ligue 1,61.0,,,False,2024-09-01,93.0,94.0,Reims,Rennes,2.0,1.0,,,3.0,5.0,2.0,1.0,0.0,0.0,11.0,13.0,Desconocido
Primeira Liga,94.0,,,False,2024-09-01,226.0,240.0,Rio Ave,Arouca,1.0,0.0,,,8.0,8.0,1.0,3.0,0.0,0.0,11.0,13.0,Desconocido
Bundesliga 2,,,,False,2024-09-01,,,Schalke 04,FC Koln,1.0,3.0,,,6.0,3.0,2.0,4.0,0.0,0.0,15.0,11.0,Desconocido
La Liga,140.0,,,False,2024-09-01,536.0,547.0,Sevilla,Girona,0.0,2.0,,,7.0,5.0,3.0,2.0,0.0,0.0,16.0,11.0,Desconocido
Championship,407.0,,,False,2024-09-01,,38.0,Sheffield United,Watford,1.0,0.0,,,8.0,5.0,5.0,3.0,0.0,0.0,18.0,7.0,Desconocido
Serie B,72.0,,,False,2024-09-01,515.0,509.0,Spezia,Cesena,2.0,1.0,,,4.0,1.0,3.0,2.0,0.0,0.0,11.0,15.0,Desconocido
Jupiler Pro League,144.0,,,False,2024-09-01,,554.0,St. Gilloise,Anderlecht,0.0,0.0,,,8.0,4.0,3.0,4.0,0.0,0.0,22.0,10.0,Desconocido
Serie A,71.0,,,False,2024-09-01,494.0,895.0,Udinese,Como,1.0,0.0,,,4.0,6.0,3.0,0.0,0.0,0.0,10.0,21.0,Desconocido
Eredivisie,88.0,,,False,2024-09-01,207.0,415.0,Utrecht,Twente,2.0,1.0,,,5.0,4.0,0.0,2.0,0.0,0.0,7.0,15.0,Desconocido
Super League Greece,,,,False,2024-09-01,2110.0,,Volos NFC,OFI Crete,1.0,3.0,,,7.0,0.0,3.0,2.0,0.0,0.0,10.0,5.0,Desconocido
Eredivisie,88.0,,,False,2024-09-01,,206.0,Zwolle,Heracles,3.0,0.0,,,4.0,4.0,1.0,2.0,0.0,0.0,16.0,10.0,Desconocido
