League,LeagueId,Country,Round,EsEliminatoria,Date,HomeTeamId,AwayTeamId,HomeTeam,AwayTeam,FTHG,FTAG,HTHG,HTAG,HC,AC,HY,AY,HR,AR,HS,AS,Referee
Ligue 2,62.0,,,False,2025-10-31,3012.0,1299.0,Annecy,Boulogne,1.0,1.0,,,6.0,1.0,2.0,3.0,0.0,1.0,8.0,11.0,Desconocido
Bundesliga,218.0,,,False,2025-10-31,,,Augsburg,Dortmund,0.0,1.0,,,4.0,3.0,4.0,1.0,0.0,0.0,9.0,5.0,Desconocido
Championship Escocia,,,,False,2025-10-31,,1388.0,Ayr,Dunfermline,0.0,1.0,,,6.0,4.0,3.0,2.0,0.0,0.0,11.0,7.0,Desconocido
Ligue 2,62.0,,,False,2025-10-31,1305.0,,Bastia,Clermont,1.0,0.0,,,2.0,6.0,4.0,3.0,0.0,0.0,13.0,9.0,Desconocido
Turkey Super Lig,,,,False,2025-10-31,,7411.0,Buyuksehyr,Kocaelispor,1.0,0.0,,,6.0,5.0,2.0,2.0,0.0,0.0,16.0,11.0,Desconocido
Bundesliga 2,,,,False,2025-10-31,,,Elversberg,Hannover,2.0,2.0,,,5.0,4.0,3.0,2.0,0.0,0.0,13.0,10.0,Desconocido
La Liga,140.0,,,False,2025-10-31,546.0,547.0,Getafe,Girona,2.0,1.0,,,8.0,3.0,1.0,1.0,0.0,0.0,12.0,8.0,Desconocido
Ligue 2,62.0,,,False,2025-10-31,90.0,433.0,Guingamp,Laval,2.0,0.0,,,5.0,4.0,2.0,1.0,0.0,0.0,11.0,13.0,Desconocido
Ligue 2,62.0,,,False,2025-10-31,1298.0,102.0,Le Mans,Nancy,1.0,0.0,,,7.0,3.0,5.0,2.0,0.0,0.0,9.0,7.0,Desconocido
Ligue 2,62.0,,,False,2025-10-31,82.0,1301.0,Montpellier,Rodez,2.0,0.0,,,8.0,2.0,2.0,2.0,0.0,1.0,26.0,9.0,Desconocido
Eredivisie,88.0,,,False,2025-10-31,197.0,,PSV Eindhoven,For Sittard,5.0,2.0,,,7.0,4.0,0.0,4.0,0.0,0.0,21.0,10.0,Desconocido
Bundesliga 2,,,,False,2025-10-31,1313.0,191.0,Preußen Münster,Holstein Kiel,2.0,1.0,,,4.0,7.0,5.0,4.0,0.0,0.0,12.0,17.0,Desconocido
La Liga 2,,,,False,2025-10-31,,,Santander,Sociedad B,1.0,0.0,,,5.0,8.0,5.0,1.0,0.0,0.0,13.0,12.0,Desconocido
Primeira Liga,94.0,,,False,2025-10-31,,4724.0,Sp Lisbon,Alverca,2.0,0.0,,,10.0,0.0,1.0,1.0,0.0,0.0,27.0,8.0,Desconocido
Jupiler Pro League,144.0,,,False,2025-10-31,,736.0,Standard,Charleroi,3.0,1.0,,,4.0,5.0,2.0,3.0,0.0,0.0,8.0,12.0,Desconocido
Championship,407.0,,,False,2025-10-31,1837.0,1346.0,Wrexham,Coventry,3.0,2.0,,,3.0,6.0,2.0,1.0,0.0,0.0,13.0,18.0,Desconocido
Serie A,71.0,,,False,2025-10-30,490.0,488.0,Cagliari,Sassuolo,1.0,2.0,,,6.0,7.0,4.0,4.0,0.0,0.0,8.0,12.0,Desconocido
Serie A,71.0,,,False,2025-10-30,801.0,487.0,Pisa,Lazio,0.0,0.0,,,3.0,1.0,2.0,2.0,0.0,0.0,10.0,11.0,Desconocido
Serie A,71.0,,,False,2025-10-29,500.0,503.0,Bologna,Torino,0.0,0.0,,,3.0,3.0,2.0,3.0,0.0,0.0,11.0,8.0,Desconocido
Premiership Escocia,,,,False,2025-10-29,247.0,1389.0,Celtic,Falkirk,4.0,0.0,,,6.0,3.0,1.0,2.0,0.0,0.0,26.0,8.0,Desconocido
Serie A,71.0,,,False,2025-10-29,895.0,,Como,Verona,3.0,1.0,,,1.0,3.0,1.0,4.0,0.0,0.0,15.0,13.0,Desconocido
Serie A,71.0,,,False,2025-10-29,495.0,520.0,Genoa,Cremonese,0.0,2.0,,,7.0,3.0,3.0,1.0,0.0,0.0,16.0,12.0,Desconocido
Premiership Escocia,,,,False,2025-10-29,249.0,257.0,Hibernian,Rangers,0.0,1.0,,,5.0,4.0,2.0,3.0,0.0,0.0,7.0,7.0,Desconocido
Serie A,71.0,,,False,2025-10-29,505.0,502.0,Inter,Fiorentina,3.0,0.0,,,8.0,5.0,1.0,2.0,0.0,1.0,22.0,10.0,Desconocido
Serie A,71.0,,,False,2025-10-29,10019.0,494.0,Juventus,Udinese,3.0,1.0,,,8.0,4.0,1.0,4.0,0.0,0.0,25.0,8.0,Desconocido
Premiership Escocia,,,,False,2025-10-29,250.0,252.0,Kilmarnock,Aberdeen,0.0,1.0,,,7.0,2.0,4.0,6.0,0.0,0.0,14.0,6.0,Desconocido
Ligue 1,61.0,,,False,2025-10-29,111.0,,Le Havre,Brest,1.0,0.0,,,5.0,1.0,1.0,3.0,0.0,0.0,13.0,8.0,Desconocido
Ligue 1,61.0,,,False,2025-10-29,97.0,,Lorient,Paris SG,1.0,1.0,,,0.0,8.0,0.0,2.0,0.0,0.0,5.0,15.0,Desconocido
Serie B,72.0,,,False,2025-10-29,1693.0,1687.0,Mantova,Catanzaro,1.0,3.0,,,9.0,5.0,1.0,2.0,0.0,0.0,16.0,19.0,Desconocido
Ligue 1,61.0,,,False,2025-10-29,81.0,77.0,Marseille,Angers,2.0,2.0,,,1.0,5.0,2.0,1.0,0.0,0.0,11.0,12.0,Desconocido
Ligue 1,61.0,,,False,2025-10-29,112.0,116.0,Metz,Lens,2.0,0.0,,,2.0,5.0,3.0,2.0,1.0,0.0,16.0,10.0,Desconocido
Premiership Escocia,,,,False,2025-10-29,256.0,,Motherwell,Dundee United,2.0,0.0,,,4.0,2.0,1.0,2.0,0.0,0.0,10.0,9.0,Desconocido
Ligue 1,61.0,,,False,2025-10-29,83.0,91.0,Nantes,Monaco,3.0,5.0,,,1.0,3.0,3.0,5.0,0.0,0.0,18.0,19.0,Desconocido
Ligue 1,61.0,,,False,2025-10-29,84.0,79.0,Nice,Lille,2.0,0.0,,,2.0,13.0,3.0,3.0,0.0,0.0,8.0,21.0,Desconocido
Ligue 1,61.0,,,False,2025-10-29,114.0,80.0,Paris FC,Lyon,3.0,3.0,,,4.0,2.0,6.0,2.0,1.0,1.0,11.0,7.0,Desconocido
Serie A,71.0,,,False,2025-10-29,,523.0,Roma,Parma,2.0,1.0,,,9.0,2.0,0.0,3.0,0.0,0.0,18.0,8.0,Desconocido
Serie B,72.0,,,False,2025-10-29,515.0,870.0,Spezia,Padova,1.0,1.0,,,3.0,3.0,1.0,6.0,0.0,0.0,9.0,4.0,Desconocido
Premiership Escocia,,,,False,2025-10-29,,,St Mirren,Hearts,2.0,2.0,,,6.0,7.0,2.0,2.0,0.0,0.0,12.0,20.0,Desconocido
Ligue 1,61.0,,,False,2025-10-29,95.0,108.0,Strasbourg,Auxerre,3.0,0.0,,,4.0,3.0,1.0,1.0,0.0,0.0,18.0,6.0,Desconocido
Ligue 1,61.0,,,False,2025-10-29,96.0,94.0,Toulouse,Rennes,2.0,2.0,,,5.0,8.0,2.0,3.0,0.0,0.0,15.0,11.0,Desconocido
Serie B,72.0,,,False,2025-10-29,517.0,1578.0,Venezia,Sudtirol,3.0,0.0,,,1.0,4.0,1.0,2.0,0.0,0.0,17.0,4.0,Desconocido
League 2,,,,False,2025-10-28,,1381.0,Accrington,Tranmere,1.0,1.0,,,4.0,2.0,1.0,2.0,0.0,0.0,15.0,9.0,Desconocido
Serie A,71.0,,,False,2025-10-28,499.0,,Atalanta,Milan,1.0,1.0,,,9.0,4.0,1.0,3.0,0.0,0.0,17.0,6.0,Desconocido
Ligue 2,62.0,,,False,2025-10-28,1299.0,93.0,Boulogne,Reims,2.0,6.0,,,1.0,3.0,2.0,1.0,0.0,0.0,10.0,15.0,Desconocido
League 1,,,,False,2025-10-28,1343.0,1379.0,Bradford,Lincoln,0.0,0.0,,,2.0,2.0,2.0,0.0,0.0,0.0,16.0,15.0,Desconocido
Serie B,72.0,,,False,2025-10-28,509.0,1581.0,Cesena,Carrarese,2.0,1.0,,,5.0,4.0,1.0,1.0,0.0,0.0,12.0,9.0,Desconocido
Ligue 2,62.0,,,False,2025-10-28,,82.0,Clermont,Montpellier,1.0,1.0,,,4.0,10.0,0.0,3.0,0.0,0.0,13.0,16.0,Desconocido
Ligue 2,62.0,,,False,2025-10-28,1304.0,,Dunkerque,Red Star,3.0,0.0,,,3.0,3.0,1.0,4.0,0.0,0.0,9.0,7.0,Desconocido
Serie B,72.0,,,False,2025-10-28,511.0,498.0,Empoli,Sampdoria,1.0,1.0,,,4.0,5.0,3.0,1.0,1.0,1.0,7.0,14.0,Desconocido
Serie B,72.0,,,False,2025-10-28,512.0,527.0,Frosinone,Virtus Entella,4.0,0.0,,,10.0,3.0,1.0,0.0,0.0,0.0,21.0,11.0,Desconocido
Ligue 2,62.0,,,False,2025-10-28,101.0,90.0,Grenoble,Guingamp,0.0,0.0,,,3.0,2.0,1.0,2.0,0.0,0.0,4.0,6.0,Desconocido
Ligue 2,62.0,,,False,2025-10-28,433.0,1298.0,Laval,Le Mans,1.0,1.0,,,6.0,6.0,3.0,3.0,0.0,0.0,9.0,6.0,Desconocido
Serie A,71.0,,,False,2025-10-28,867.0,492.0,Lecce,Napoli,0.0,1.0,,,3.0,5.0,2.0,1.0,0.0,0.0,7.0,14.0,Desconocido
League 1,,,,False,2025-10-28,,1357.0,Mansfield,Plymouth,2.0,0.0,,,7.0,4.0,1.0,2.0,0.0,0.0,12.0,14.0,Desconocido
Ligue 2,62.0,,,False,2025-10-28,102.0,1305.0,Nancy,Bastia,2.0,0.0,,,2.0,4.0,1.0,2.0,0.0,0.0,9.0,6.0,Desconocido
Serie B,72.0,,,False,2025-10-28,522.0,1579.0,Palermo,Monza,0.0,3.0,,,6.0,6.0,1.0,4.0,0.0,0.0,17.0,12.0,Desconocido
Serie B,72.0,,,False,2025-10-28,525.0,528.0,Pescara,Avellino,1.0,1.0,,,5.0,8.0,1.0,3.0,0.0,0.0,28.0,20.0,Desconocido
Serie B,72.0,,,False,2025-10-28,880.0,899.0,Reggiana,Modena,1.0,0.0,,,1.0,9.0,2.0,3.0,0.0,0.0,8.0,22.0,Desconocido
Ligue 2,62.0,,,False,2025-10-28,1301.0,3012.0,Rodez,Annecy,2.0,1.0,,,4.0,4.0,2.0,3.0,0.0,0.0,5.0,8.0,Desconocido
Ligue 2,62.0,,,False,2025-10-28,,,St Etienne,Pau FC,6.0,0.0,,,4.0,4.0,2.0,1.0,0.0,1.0,16.0,11.0,Desconocido
Ligue 2,62.0,,,False,2025-10-28,,87.0,Troyes,Amiens,3.0,1.0,,,4.0,1.0,3.0,2.0,0.0,0.0,17.0,4.0,Desconocido
La Liga,140.0,,,False,2025-10-27,,,Betis,Ath Madrid,0.0,2.0,,,2.0,5.0,2.0,1.0,0.0,0.0,17.0,9.0,Desconocido
Turkey Super Lig,,,,False,2025-10-27,,,Gaziantep,Fenerbahce,0.0,4.0,,,6.0,4.0,2.0,5.0,1.0,0.0,8.0,20.0,Desconocido
Primeira Liga,94.0,,,False,2025-10-27,215.0,,Moreirense,Porto,1.0,2.0,,,2.0,7.0,3.0,1.0,0.0,0.0,8.0,16.0,Desconocido
League 1,,,,False,2025-10-27,1351.0,,Port Vale,Stockport,0.0,3.0,,,4.0,5.0,0.0,1.0,0.0,0.0,9.0,17.0,Desconocido
Turkey Super Lig,,,,False,2025-10-27,3603.0,1007.0,Samsunspor,Rizespor,1.0,1.0,,,7.0,4.0,0.0,2.0,0.0,0.0,26.0,8.0,Desconocido
Eredivisie,88.0,,,False,2025-10-26,201.0,207.0,AZ Alkmaar,Utrecht,4.0,1.0,,,8.0,2.0,0.0,1.0,0.0,0.0,18.0,8.0,Desconocido
Premiership Escocia,,,,False,2025-10-26,252.0,249.0,Aberdeen,Hibernian,1.0,2.0,,,6.0,3.0,0.0,2.0,0.0,0.0,16.0,19.0,Desconocido
La Liga 2,,,,False,2025-10-26,723.0,,Almeria,Castellon,1.0,0.0,,,6.0,3.0,1.0,2.0,0.0,0.0,15.0,9.0,Desconocido
Ligue 1,61.0,,,False,2025-10-26,77.0,97.0,Angers,Lorient,2.0,0.0,,,1.0,6.0,1.0,0.0,0.0,0.0,7.0,23.0,Desconocido
Turkey Super Lig,,,,False,2025-10-26,1005.0,,Antalyaspor,Buyuksehyr,0.0,4.0,,,3.0,8.0,3.0,2.0,1.0,0.0,10.0,19.0,Desconocido
Jupiler Pro League,144.0,,,False,2025-10-26,740.0,,Antwerp,Club Brugge,0.0,1.0,,,1.0,5.0,2.0,1.0,0.0,0.0,11.0,10.0,Desconocido
Premier League,569.0,,,False,2025-10-26,9419.0,52.0,Arsenal,Crystal Palace,1.0,0.0,,,4.0,3.0,0.0,0.0,0.0,0.0,10.0,7.0,Desconocido
Premier League,569.0,,,False,2025-10-26,66.0,,Aston Villa,Man City,1.0,0.0,,,5.0,6.0,1.0,4.0,0.0,0.0,9.0,18.0,Desconocido
Ligue 1,61.0,,,False,2025-10-26,108.0,111.0,Auxerre,Le Havre,0.0,1.0,,,13.0,5.0,2.0,2.0,0.0,0.0,14.0,9.0,Desconocido
Serie B,72.0,,,False,2025-10-26,508.0,1693.0,Bari,Mantova,1.0,0.0,,,3.0,2.0,2.0,5.0,0.0,0.0,6.0,14.0,Desconocido
Premier League,569.0,,,False,2025-10-26,35.0,,Bournemouth,Nott'm Forest,2.0,0.0,,,6.0,4.0,3.0,1.0,0.0,0.0,13.0,8.0,Desconocido
Bundesliga 2,,,,False,2025-10-26,,,Braunschweig,Hannover,0.0,3.0,,,2.0,5.0,2.0,5.0,1.0,0.0,8.0,24.0,Desconocido
Jupiler Pro League,144.0,,,False,2025-10-26,741.0,,Cercle Brugge,Waregem,1.0,1.0,,,0.0,3.0,0.0,1.0,0.0,0.0,18.0,18.0,Desconocido
Primeira Liga,94.0,,,False,2025-10-26,230.0,225.0,Estoril,Nacional,1.0,1.0,,,6.0,5.0,3.0,3.0,0.0,0.0,13.0,9.0,Desconocido
Premier League,569.0,,,False,2025-10-26,45.0,47.0,Everton,Tottenham,0.0,3.0,,,9.0,8.0,2.0,0.0,0.0,0.0,12.0,7.0,Desconocido
Primeira Liga,94.0,,,False,2025-10-26,242.0,224.0,Famalicao,Guimaraes,2.0,0.0,,,5.0,4.0,1.0,2.0,0.0,0.0,15.0,13.0,Desconocido
Eredivisie,88.0,,,False,2025-10-26,209.0,197.0,Feyenoord,PSV Eindhoven,2.0,3.0,,,3.0,5.0,0.0,1.0,0.0,0.0,12.0,11.0,Desconocido
Serie A,71.0,,,False,2025-10-26,502.0,500.0,Fiorentina,Bologna,2.0,2.0,,,5.0,6.0,3.0,5.0,0.0,1.0,19.0,6.0,Desconocido
Turkey Super Lig,,,,False,2025-10-26,645.0,,Galatasaray,Goztep,3.0,1.0,,,8.0,2.0,1.0,2.0,0.0,1.0,27.0,5.0,Desconocido
Turkey Super Lig,,,,False,2025-10-26,,607.0,Genclerbirligi,Konyaspor,1.0,2.0,,,6.0,5.0,4.0,3.0,1.0,0.0,15.0,16.0,Desconocido
Jupiler Pro League,144.0,,,False,2025-10-26,742.0,,Genk,RAAL La Louviere,1.0,1.0,,,9.0,3.0,1.0,3.0,0.0,0.0,17.0,10.0,Desconocido
Eredivisie,88.0,,,False,2025-10-26,,196.0,Go Ahead Eagles,Excelsior,2.0,0.0,,,4.0,10.0,1.0,2.0,0.0,0.0,12.0,11.0,Desconocido
Premiership Escocia,,,,False,2025-10-26,,247.0,Hearts,Celtic,3.0,1.0,,,5.0,9.0,4.0,1.0,0.0,0.0,12.0,8.0,Desconocido
Bundesliga 2,,,,False,2025-10-26,,,Kaiserslautern,Nurnberg,1.0,1.0,,,4.0,8.0,3.0,3.0,0.0,0.0,14.0,11.0,Desconocido
Turkey Super Lig,,,,False,2025-10-26,,,Kasimpasa,Besiktas,1.0,1.0,,,8.0,0.0,1.0,2.0,0.0,0.0,12.0,20.0,Desconocido
La Liga 2,,,,False,2025-10-26,,720.0,La Coruna,Valladolid,1.0,1.0,,,4.0,5.0,3.0,3.0,0.0,1.0,10.0,15.0,Desconocido
Serie A,71.0,,,False,2025-10-26,487.0,10019.0,Lazio,Juventus,1.0,0.0,,,2.0,5.0,2.0,4.0,0.0,0.0,13.0,14.0,Desconocido
Super League Greece,,,,False,2025-10-26,,3408.0,Levadeiakos,Aris,1.0,1.0,,,5.0,7.0,1.0,3.0,0.0,0.0,15.0,8.0,Desconocido
Bundesliga,218.0,,,False,2025-10-26,,,Leverkusen,Freiburg,2.0,0.0,,,2.0,3.0,1.0,2.0,0.0,1.0,19.0,10.0,Desconocido
Ligue 1,61.0,,,False,2025-10-26,79.0,112.0,Lille,Metz,6.0,1.0,,,7.0,8.0,3.0,2.0,0.0,0.0,23.0,10.0,Desconocido
Ligue 1,61.0,,,False,2025-10-26,80.0,95.0,Lyon,Strasbourg,2.0,1.0,,,4.0,2.0,0.0,4.0,0.0,1.0,8.0,7.0,Desconocido
Bundesliga 2,,,,False,2025-10-26,,1313.0,Magdeburg,Preußen Münster,2.0,0.0,,,2.0,5.0,1.0,4.0,0.0,0.0,12.0,10.0,Desconocido
La Liga 2,,,,False,2025-10-26,535.0,1110.0,Malaga,Andorra,4.0,1.0,,,2.0,7.0,2.0,3.0,1.0,0.0,16.0,23.0,Desconocido
La Liga,140.0,,,False,2025-10-26,798.0,539.0,Mallorca,Levante,1.0,1.0,,,5.0,4.0,3.0,2.0,0.0,0.0,20.0,13.0,Desconocido
Super League Greece,,,,False,2025-10-26,3415.0,,Olympiakos,AEK,2.0,0.0,,,4.0,4.0,3.0,2.0,0.0,0.0,11.0,6.0,Desconocido
La Liga,140.0,,,False,2025-10-26,727.0,,Osasuna,Celta,2.0,3.0,,,6.0,2.0,3.0,4.0,0.0,0.0,17.0,11.0,Desconocido
Super League Greece,,,,False,2025-10-26,619.0,2110.0,PAOK,Volos NFC,3.0,0.0,,,6.0,0.0,2.0,2.0,0.0,0.0,8.0,2.0,Desconocido
Serie B,72.0,,,False,2025-10-26,870.0,863.0,Padova,Juve Stabia,2.0,2.0,,,2.0,3.0,2.0,2.0,0.0,0.0,10.0,17.0,Desconocido
Super League Greece,,,,False,2025-10-26,617.0,955.0,Panathinaikos,Asteras Tripolis,2.0,0.0,,,6.0,2.0,3.0,3.0,0.0,0.0,17.0,3.0,Desconocido
Premiership Escocia,,,,False,2025-10-26,257.0,250.0,Rangers,Kilmarnock,3.0,1.0,,,9.0,2.0,1.0,2.0,0.0,0.0,13.0,7.0,Desconocido
La Liga,140.0,,,False,2025-10-26,541.0,529.0,Real Madrid,Barcelona,2.0,1.0,,,12.0,4.0,5.0,5.0,1.0,1.0,23.0,15.0,Desconocido
Ligue 1,61.0,,,False,2025-10-26,94.0,84.0,Rennes,Nice,1.0,2.0,,,7.0,3.0,5.0,2.0,0.0,0.0,19.0,8.0,Desconocido
Serie A,71.0,,,False,2025-10-26,488.0,,Sassuolo,Roma,0.0,1.0,,,6.0,6.0,3.0,2.0,0.0,0.0,11.0,15.0,Desconocido
Primeira Liga,94.0,,,False,2025-10-26,,4716.0,Sp Braga,Casa Pia,4.0,0.0,,,4.0,2.0,1.0,3.0,0.0,0.0,15.0,3.0,Desconocido
La Liga 2,,,,False,2025-10-26,,732.0,Sp Gijon,Zaragoza,1.0,0.0,,,2.0,16.0,1.0,1.0,1.0,0.0,4.0,22.0,Desconocido
Jupiler Pro League,144.0,,,False,2025-10-26,,,St. Gilloise,St Truiden,2.0,0.0,,,5.0,6.0,1.0,2.0,0.0,0.0,17.0,11.0,Desconocido
Bundesliga,218.0,,,False,2025-10-26,,,Stuttgart,Mainz,2.0,1.0,,,7.0,5.0,4.0,3.0,0.0,0.0,19.0,13.0,Desconocido
Primeira Liga,94.0,,,False,2025-10-26,218.0,,Tondela,Sp Lisbon,0.0,3.0,,,2.0,9.0,3.0,1.0,0.0,0.0,9.0,29.0,Desconocido
Serie A,71.0,,,False,2025-10-26,503.0,495.0,Torino,Genoa,2.0,1.0,,,9.0,1.0,2.0,2.0,0.0,0.0,13.0,11.0,Desconocido
Eredivisie,88.0,,,False,2025-10-26,415.0,194.0,Twente,Ajax,2.0,3.0,,,6.0,1.0,0.0,2.0,0.0,0.0,21.0,9.0,Desconocido
La Liga,140.0,,,False,2025-10-26,,542.0,Vallecano,Alaves,1.0,0.0,,,7.0,5.0,1.0,3.0,0.0,0.0,15.0,12.0,Desconocido
Serie A,71.0,,,False,2025-10-26,,490.0,Verona,Cagliari,2.0,2.0,,,3.0,2.0,3.0,4.0,0.0,0.0,10.0,7.0,Desconocido
Premier League,569.0,,,False,2025-10-26,39.0,44.0,Wolves,Burnley,2.0,3.0,,,5.0,3.0,1.0,0.0,0.0,0.0,15.0,11.0,Desconocido
League 1,,,,False,2025-10-25,1333.0,,AFC Wimbledon,Burton,0.0,1.0,,,9.0,2.0,2.0,3.0,0.0,0.0,13.0,10.0,Desconocido
Championship Escocia,,,,False,2025-10-25,,4249.0,Airdrie Utd,Arbroath,1.0,0.0,,,0.0,6.0,1.0,3.0,0.0,0.0,6.0,10.0,Desconocido
La Liga 2,,,,False,2025-10-25,722.0,713.0,Albacete,Cordoba,1.0,3.0,,,9.0,4.0,0.0,0.0,0.0,0.0,21.0,13.0,Desconocido
League 1 Escocia,,,,False,2025-10-25,,6784.0,Alloa,Stenhousemuir,0.0,0.0,,,5.0,5.0,2.0,3.0,1.0,0.0,6.0,7.0,Desconocido
Ligue 2,62.0,,,False,2025-10-25,87.0,1301.0,Amiens,Rodez,2.0,1.0,,,1.0,4.0,1.0,2.0,0.0,0.0,7.0,14.0,Desconocido
Ligue 2,62.0,,,False,2025-10-25,3012.0,,Annecy,St Etienne,4.0,0.0,,,4.0,4.0,2.0,0.0,0.0,1.0,13.0,6.0,Desconocido
La Liga,140.0,,,False,2025-10-25,,546.0,Ath Bilbao,Getafe,0.0,1.0,,,1.0,5.0,1.0,3.0,0.0,0.0,7.0,8.0,Desconocido
Bundesliga,218.0,,,False,2025-10-25,,173.0,Augsburg,RB Leipzig,0.0,6.0,,,2.0,3.0,3.0,1.0,0.0,0.0,15.0,15.0,Desconocido
Serie B,72.0,,,False,2025-10-25,528.0,515.0,Avellino,Spezia,0.0,4.0,,,7.0,6.0,2.0,1.0,1.0,0.0,7.0,23.0,Desconocido
League 1,,,,False,2025-10-25,747.0,73.0,Barnsley,Rotherham,0.0,1.0,,,11.0,3.0,4.0,0.0,0.0,0.0,19.0,4.0,Desconocido
League 2,,,,False,2025-10-25,1819.0,1369.0,Barrow,Barnet,2.0,2.0,,,4.0,7.0,2.0,1.0,1.0,0.0,6.0,18.0,Desconocido
Primeira Liga,94.0,,,False,2025-10-25,211.0,240.0,Benfica,Arouca,5.0,0.0,,,9.0,1.0,2.0,2.0,0.0,0.0,17.0,5.0,Desconocido
Bundesliga 2,,,,False,2025-10-25,,,Bielefeld,Elversberg,2.0,0.0,,,3.0,6.0,2.0,2.0,0.0,0.0,10.0,16.0,Desconocido
Championship,407.0,,,False,2025-10-25,67.0,41.0,Blackburn,Southampton,2.0,1.0,,,6.0,5.0,3.0,1.0,0.0,1.0,18.0,12.0,Desconocido
League 1,,,,False,2025-10-25,68.0,43.0,Bolton,Cardiff,1.0,0.0,,,7.0,3.0,2.0,1.0,0.0,0.0,17.0,4.0,Desconocido
National League,43.0,,,False,2025-10-25,,4700.0,Braintree Town,Altrincham,0.0,0.0,,,,,0.0,3.0,0.0,0.0,,,Desconocido
Premier League,569.0,,,False,2025-10-25,55.0,40.0,Brentford,Liverpool,3.0,2.0,,,5.0,4.0,3.0,2.0,0.0,0.0,17.0,18.0,Desconocido
Ligue 1,61.0,,,False,2025-10-25,,,Brest,Paris SG,0.0,3.0,,,2.0,7.0,1.0,1.0,0.0,0.0,8.0,18.0,Desconocido
Championship,407.0,,,False,2025-10-25,56.0,54.0,Bristol City,Birmingham,1.0,0.0,,,0.0,6.0,2.0,1.0,0.0,0.0,5.0,13.0,Desconocido
League 2,,,,False,2025-10-25,1832.0,1348.0,Bromley,Milton Keynes Dons,2.0,1.0,,,7.0,2.0,1.0,0.0,0.0,0.0,10.0,7.0,Desconocido
La Liga 2,,,,False,2025-10-25,9580.0,,Burgos,Sociedad B,1.0,0.0,,,6.0,3.0,4.0,3.0,0.0,0.0,14.0,5.0,Desconocido
Serie B,72.0,,,False,2025-10-25,1581.0,517.0,Carrarese,Venezia,3.0,2.0,,,6.0,4.0,5.0,4.0,0.0,0.0,14.0,25.0,Desconocido
Serie B,72.0,,,False,2025-10-25,1687.0,522.0,Catanzaro,Palermo,1.0,0.0,,,2.0,8.0,3.0,3.0,0.0,0.0,10.0,14.0,Desconocido
Premier League,569.0,,,False,2025-10-25,49.0,746.0,Chelsea,Sunderland,1.0,2.0,,,9.0,1.0,1.0,1.0,0.0,0.0,16.0,10.0,Desconocido
League 2,,,,False,2025-10-25,1372.0,1342.0,Cheltenham,Walsall,1.0,0.0,,,1.0,4.0,2.0,1.0,0.0,0.0,8.0,14.0,Desconocido
Championship,407.0,,,False,2025-10-25,1346.0,38.0,Coventry,Watford,3.0,1.0,,,5.0,7.0,3.0,2.0,0.0,1.0,12.0,13.0,Desconocido
League 2,,,,False,2025-10-25,1362.0,,Crawley Town,Bristol Rvs,4.0,0.0,,,5.0,3.0,2.0,3.0,0.0,1.0,14.0,4.0,Desconocido
Serie A,71.0,,,False,2025-10-25,520.0,499.0,Cremonese,Atalanta,1.0,1.0,,,2.0,10.0,3.0,1.0,0.0,0.0,9.0,20.0,Desconocido
League 2,,,,False,2025-10-25,1363.0,1365.0,Crewe,Grimsby,3.0,2.0,,,3.0,3.0,1.0,1.0,0.0,0.0,11.0,12.0,Desconocido
La Liga 2,,,,False,2025-10-25,725.0,,Cultural Leonesa,Ceuta,0.0,1.0,,,8.0,2.0,3.0,1.0,0.0,0.0,15.0,5.0,Desconocido
Championship,407.0,,,False,2025-10-25,69.0,72.0,Derby,QPR,1.0,0.0,,,5.0,2.0,2.0,2.0,0.0,0.0,12.0,6.0,Desconocido
Bundesliga,218.0,,,False,2025-10-25,,,Dortmund,FC Koln,1.0,0.0,,,17.0,2.0,2.0,2.0,0.0,0.0,27.0,5.0,Desconocido
Bundesliga 2,,,,False,2025-10-25,,,Dresden,Paderborn,1.0,2.0,,,10.0,4.0,2.0,2.0,0.0,0.0,8.0,12.0,Desconocido
Premiership Escocia,,,,False,2025-10-25,,,Dundee United,St Mirren,3.0,1.0,,,4.0,12.0,1.0,1.0,0.0,1.0,13.0,23.0,Desconocido
National League,43.0,,,False,2025-10-25,1822.0,1375.0,Eastleigh,Morecambe,2.0,1.0,,,,,2.0,4.0,0.0,0.0,,,Desconocido
La Liga 2,,,,False,2025-10-25,545.0,537.0,Eibar,Leganes,0.0,0.0,,,7.0,2.0,2.0,5.0,0.0,0.0,12.0,9.0,Desconocido
Bundesliga,218.0,,,False,2025-10-25,,,Ein Frankfurt,St Pauli,2.0,0.0,,,1.0,3.0,0.0,1.0,0.0,0.0,10.0,9.0,Desconocido
La Liga,140.0,,,False,2025-10-25,,797.0,Espanol,Elche,1.0,0.0,,,4.0,2.0,4.0,2.0,0.0,0.0,16.0,13.0,Desconocido
Primeira Liga,94.0,,,False,2025-10-25,15130.0,226.0,Estrela,Rio Ave,1.0,2.0,,,4.0,5.0,3.0,6.0,0.0,0.0,16.0,8.0,Desconocido
Premiership Escocia,,,,False,2025-10-25,1389.0,253.0,Falkirk,Dundee,2.0,1.0,,,5.0,3.0,2.0,2.0,0.0,0.0,12.0,13.0,Desconocido
League 2,,,,False,2025-10-25,1336.0,,Fleetwood Town,Accrington,2.0,1.0,,,7.0,9.0,1.0,3.0,0.0,0.0,15.0,13.0,Desconocido
Eredivisie,88.0,,,False,2025-10-25,,202.0,For Sittard,Groningen,1.0,2.0,,,7.0,7.0,3.0,1.0,0.0,0.0,9.0,16.0,Desconocido
National League,43.0,,,False,2025-10-25,1378.0,1830.0,Forest Green,Boreham Wood,2.0,1.0,,,,,0.0,1.0,0.0,0.0,,,Desconocido
National League,43.0,,,False,2025-10-25,1823.0,,Gateshead,Truro,2.0,2.0,,,,,3.0,1.0,0.0,0.0,,,Desconocido
Jupiler Pro League,144.0,,,False,2025-10-25,631.0,,Gent,Standard,4.0,0.0,,,4.0,4.0,0.0,2.0,0.0,0.0,16.0,12.0,Desconocido
League 2,,,,False,2025-10-25,1347.0,,Gillingham,Salford,1.0,2.0,,,5.0,5.0,2.0,5.0,0.0,0.0,14.0,13.0,Desconocido
La Liga,140.0,,,False,2025-10-25,547.0,718.0,Girona,Oviedo,3.0,3.0,,,11.0,4.0,4.0,3.0,0.0,0.0,8.0,10.0,Desconocido
La Liga 2,,,,False,2025-10-25,22018.0,724.0,Granada,Cadiz,0.0,0.0,,,8.0,4.0,1.0,2.0,0.0,0.0,18.0,11.0,Desconocido
National League,43.0,,,False,2025-10-25,,1828.0,Halifax,York,1.0,1.0,,,,,1.0,2.0,0.0,0.0,,,Desconocido
Bundesliga,218.0,,,False,2025-10-25,,,Hamburg,Wolfsburg,0.0,1.0,,,11.0,1.0,1.0,5.0,0.0,0.0,27.0,6.0,Desconocido
League 2,,,,False,2025-10-25,,1367.0,Harrogate,Newport County,0.0,3.0,,,4.0,1.0,2.0,0.0,0.0,0.0,13.0,16.0,Desconocido
National League,43.0,,,False,2025-10-25,1366.0,,Hartlepool,Solihull,2.0,0.0,,,,,3.0,2.0,0.0,0.0,,,Desconocido
Bundesliga 2,,,,False,2025-10-25,,,Hertha,Fortuna Dusseldorf,1.0,0.0,,,6.0,7.0,2.0,2.0,0.0,0.0,11.0,18.0,Desconocido
Bundesliga,218.0,,,False,2025-10-25,,,Hoffenheim,Heidenheim,3.0,1.0,,,7.0,5.0,1.0,1.0,0.0,0.0,14.0,12.0,Desconocido
Bundesliga 2,,,,False,2025-10-25,191.0,,Holstein Kiel,Bochum,1.0,1.0,,,9.0,7.0,1.0,5.0,0.0,0.0,19.0,12.0,Desconocido
Championship,407.0,,,False,2025-10-25,,1335.0,Hull,Charlton,1.0,1.0,,,6.0,2.0,2.0,1.0,0.0,0.0,15.0,11.0,Desconocido
Championship,407.0,,,False,2025-10-25,57.0,60.0,Ipswich,West Brom,1.0,0.0,,,4.0,5.0,1.0,1.0,0.0,0.0,15.0,10.0,Desconocido
League 1 Escocia,,,,False,2025-10-25,6773.0,6764.0,Kelty Hearts,East Fife,0.0,3.0,,,7.0,6.0,1.0,2.0,0.0,0.0,8.0,15.0,Desconocido
Super League Greece,,,,False,2025-10-25,5050.0,949.0,Kifisia,Panetolikos,1.0,1.0,,,4.0,4.0,6.0,1.0,1.0,0.0,11.0,12.0,Desconocido
Turkey Super Lig,,,,False,2025-10-25,7411.0,996.0,Kocaelispor,Alanyaspor,2.0,0.0,,,4.0,2.0,0.0,0.0,0.0,0.0,14.0,9.0,Desconocido
Ligue 1,61.0,,,False,2025-10-25,116.0,81.0,Lens,Marseille,2.0,1.0,,,4.0,8.0,3.0,2.0,0.0,0.0,8.0,17.0,Desconocido
League 1,,,,False,2025-10-25,1373.0,1379.0,Leyton Orient,Lincoln,1.0,0.0,,,5.0,3.0,0.0,2.0,0.0,0.0,11.0,9.0,Desconocido
Premiership Escocia,,,,False,2025-10-25,255.0,256.0,Livingston,Motherwell,1.0,2.0,,,0.0,3.0,2.0,2.0,0.0,0.0,11.0,15.0,Desconocido
Bundesliga,218.0,,,False,2025-10-25,,,M'gladbach,Bayern Munich,0.0,3.0,,,1.0,8.0,0.0,3.0,1.0,0.0,1.0,27.0,Desconocido
Premier League,569.0,,,False,2025-10-25,,51.0,Man United,Brighton,4.0,2.0,,,1.0,6.0,2.0,2.0,0.0,0.0,13.0,17.0,Desconocido
League 1,,,,False,2025-10-25,,61.0,Mansfield,Wigan,1.0,1.0,,,10.0,3.0,1.0,3.0,0.0,0.0,16.0,7.0,Desconocido
Jupiler Pro League,144.0,,,False,2025-10-25,,,Mechelen,Oud-Heverlee Leuven,1.0,1.0,,,6.0,2.0,3.0,5.0,0.0,0.0,14.0,13.0,Desconocido
Championship,407.0,,,False,2025-10-25,70.0,1837.0,Middlesbrough,Wrexham,1.0,1.0,,,4.0,4.0,0.0,5.0,0.0,0.0,14.0,6.0,Desconocido
Championship,407.0,,,False,2025-10-25,58.0,46.0,Millwall,Leicester,1.0,0.0,,,5.0,9.0,1.0,2.0,0.0,0.0,9.0,12.0,Desconocido
La Liga 2,,,,False,2025-10-25,799.0,,Mirandes,Santander,1.0,3.0,,,5.0,4.0,5.0,2.0,0.0,0.0,14.0,16.0,Desconocido
Ligue 1,61.0,,,False,2025-10-25,91.0,96.0,Monaco,Toulouse,1.0,0.0,,,2.0,5.0,3.0,4.0,0.0,0.0,14.0,10.0,Desconocido
Ligue 2,62.0,,,False,2025-10-25,82.0,102.0,Montpellier,Nancy,4.0,1.0,,,9.0,1.0,1.0,2.0,0.0,1.0,19.0,7.0,Desconocido
League 1 Escocia,,,,False,2025-10-25,4251.0,6763.0,Montrose,Cove Rangers,0.0,3.0,,,3.0,3.0,0.0,2.0,0.0,0.0,11.0,13.0,Desconocido
Serie B,72.0,,,False,2025-10-25,1579.0,880.0,Monza,Reggiana,3.0,1.0,,,7.0,2.0,2.0,3.0,0.0,0.0,18.0,3.0,Desconocido
Championship Escocia,,,,False,2025-10-25,1383.0,,Morton,St Johnstone,0.0,4.0,,,4.0,6.0,2.0,0.0,0.0,0.0,5.0,15.0,Desconocido
Serie A,71.0,,,False,2025-10-25,492.0,505.0,Napoli,Inter,3.0,1.0,,,1.0,4.0,2.0,1.0,0.0,0.0,7.0,15.0,Desconocido
Premier League,569.0,,,False,2025-10-25,34.0,36.0,Newcastle,Fulham,2.0,1.0,,,4.0,3.0,0.0,2.0,0.0,0.0,18.0,12.0,Desconocido
League 1,,,,False,2025-10-25,1337.0,1359.0,Northampton,Luton,0.0,1.0,,,6.0,10.0,2.0,2.0,0.0,0.0,11.0,14.0,Desconocido
League 2,,,,False,2025-10-25,1376.0,,Notts County,Cambridge,2.0,0.0,,,0.0,5.0,0.0,4.0,0.0,0.0,4.0,5.0,Desconocido
Super League Greece,,,,False,2025-10-25,,12260.0,OFI Crete,Atromitos,1.0,3.0,,,4.0,8.0,2.0,2.0,0.0,0.0,18.0,11.0,Desconocido
League 2,,,,False,2025-10-25,1349.0,1352.0,Oldham,Shrewsbury,2.0,2.0,,,7.0,2.0,1.0,4.0,0.0,0.0,12.0,9.0,Desconocido
Super League Greece,,,,False,2025-10-25,2099.0,953.0,Panserraikos,Larisa,0.0,2.0,,,1.0,6.0,2.0,3.0,1.0,0.0,9.0,20.0,Desconocido
Serie A,71.0,,,False,2025-10-25,523.0,895.0,Parma,Como,0.0,0.0,,,3.0,3.0,0.0,1.0,0.0,0.0,10.0,6.0,Desconocido
League 1,,,,False,2025-10-25,,1356.0,Peterboro,Blackpool,1.0,2.0,,,9.0,1.0,3.0,4.0,0.0,0.0,27.0,9.0,Desconocido
League 1 Escocia,,,,False,2025-10-25,6777.0,,Peterhead,Inverness C,0.0,1.0,,,5.0,4.0,4.0,4.0,0.0,0.0,10.0,6.0,Desconocido
Championship,407.0,,,False,2025-10-25,1355.0,,Portsmouth,Stoke,0.0,1.0,,,6.0,2.0,2.0,3.0,0.0,0.0,14.0,11.0,Desconocido
Championship Escocia,,,,False,2025-10-25,,,Queens Park,Ayr,0.0,0.0,,,1.0,17.0,2.0,3.0,1.0,0.0,1.0,23.0,Desconocido
Championship Escocia,,,,False,2025-10-25,,901.0,Raith Rvs,Partick,2.0,0.0,,,9.0,2.0,1.0,0.0,0.0,0.0,7.0,10.0,Desconocido
League 1,,,,False,2025-10-25,53.0,1354.0,Reading,Doncaster,1.0,1.0,,,1.0,6.0,1.0,1.0,0.0,0.0,15.0,13.0,Desconocido
Championship Escocia,,,,False,2025-10-25,902.0,1388.0,Ross County,Dunfermline,3.0,2.0,,,5.0,4.0,5.0,2.0,0.0,0.0,9.0,4.0,Desconocido
Serie B,72.0,,,False,2025-10-25,498.0,512.0,Sampdoria,Frosinone,1.0,1.0,,,5.0,8.0,0.0,3.0,0.0,0.0,13.0,16.0,Desconocido
Primeira Liga,94.0,,,False,2025-10-25,227.0,21595.0,Santa Clara,AVS,2.0,0.0,,,8.0,4.0,1.0,1.0,0.0,0.0,20.0,7.0,Desconocido
National League,43.0,,,False,2025-10-25,1340.0,,Scunthorpe,Aldershot,2.0,1.0,,,,,2.0,3.0,0.0,0.0,,,Desconocido
Championship,407.0,,,False,2025-10-25,,,Sheffield Weds,Oxford,1.0,2.0,,,8.0,3.0,0.0,0.0,0.0,0.0,17.0,11.0,Desconocido
National League,43.0,,,False,2025-10-25,1341.0,4701.0,Southend,Brackley Town,2.0,0.0,,,,,0.0,1.0,0.0,0.0,,,Desconocido
Eredivisie,88.0,,,False,2025-10-25,426.0,427.0,Sparta Rotterdam,Telstar,1.0,0.0,,,6.0,7.0,3.0,2.0,0.0,0.0,14.0,14.0,Desconocido
League 1,,,,False,2025-10-25,1368.0,1343.0,Stevenage,Bradford,1.0,1.0,,,4.0,1.0,3.0,3.0,0.0,0.0,11.0,4.0,Desconocido
Serie B,72.0,,,False,2025-10-25,1578.0,509.0,Sudtirol,Cesena,0.0,1.0,,,8.0,4.0,2.0,2.0,0.0,0.0,14.0,5.0,Desconocido
Championship,407.0,,,False,2025-10-25,76.0,71.0,Swansea,Norwich,2.0,1.0,,,2.0,3.0,3.0,1.0,0.0,0.0,9.0,7.0,Desconocido
League 2,,,,False,2025-10-25,,1361.0,Swindon,Colchester,0.0,0.0,,,1.0,5.0,1.0,0.0,0.0,0.0,9.0,9.0,Desconocido
National League,43.0,,,False,2025-10-25,7752.0,,Tamworth,Boston Utd,1.0,3.0,,,,,4.0,3.0,0.0,0.0,,,Desconocido
Turkey Super Lig,,,,False,2025-10-25,998.0,,Trabzonspor,Eyupspor,2.0,0.0,,,8.0,3.0,4.0,1.0,0.0,0.0,13.0,10.0,Desconocido
League 2,,,,False,2025-10-25,1381.0,1345.0,Tranmere,Chesterfield,1.0,1.0,,,4.0,7.0,0.0,2.0,0.0,0.0,13.0,9.0,Desconocido
Serie A,71.0,,,False,2025-10-25,494.0,867.0,Udinese,Lecce,3.0,2.0,,,4.0,9.0,2.0,2.0,0.0,0.0,8.0,13.0,Desconocido
La Liga,140.0,,,False,2025-10-25,532.0,533.0,Valencia,Villarreal,0.0,2.0,,,7.0,5.0,2.0,4.0,0.0,0.0,15.0,12.0,Desconocido
Serie B,72.0,,,False,2025-10-25,527.0,525.0,Virtus Entella,Pescara,1.0,1.0,,,11.0,5.0,2.0,1.0,0.0,0.0,21.0,11.0,Desconocido
Eredivisie,88.0,,,False,2025-10-25,,206.0,Volendam,Heracles,3.0,0.0,,,5.0,5.0,0.0,3.0,0.0,1.0,13.0,11.0,Desconocido
National League,43.0,,,False,2025-10-25,8663.0,,Wealdstone,Sutton,4.0,2.0,,,,,3.0,0.0,0.0,0.0,,,Desconocido
Jupiler Pro League,144.0,,,False,2025-10-25,,6215.0,Westerlo,Dender,1.0,1.0,,,11.0,3.0,2.0,2.0,0.0,0.0,23.0,11.0,Desconocido
National League,43.0,,,False,2025-10-25,1836.0,1339.0,Woking,Rochdale,0.0,0.0,,,,,2.0,1.0,0.0,0.0,,,Desconocido
League 1,,,,False,2025-10-25,1358.0,37.0,Wycombe,Huddersfield,3.0,0.0,,,8.0,1.0,1.0,0.0,0.0,1.0,22.0,5.0,Desconocido
National League,43.0,,,False,2025-10-25,,1371.0,Yeovil,Carlisle,1.0,1.0,,,,,2.0,1.0,0.0,0.0,,,Desconocido
Eredivisie,88.0,,,False,2025-10-25,,,Zwolle,Nijmegen,2.0,2.0,,,3.0,4.0,0.0,1.0,0.0,0.0,10.0,11.0,Desconocido
Primeira Liga,94.0,,,False,2025-10-24,4724.0,,Alverca,Gil Vicente,0.0,4.0,,,1.0,4.0,3.0,4.0,0.0,1.0,6.0,12.0,Desconocido
Jupiler Pro League,144.0,,,False,2025-10-24,736.0,554.0,Charleroi,Anderlecht,1.0,0.0,,,5.0,9.0,2.0,2.0,0.0,0.0,8.0,15.0,Desconocido
Bundesliga 2,,,,False,2025-10-24,,,Greuther Furth,Karlsruhe,1.0,4.0,,,9.0,5.0,0.0,3.0,0.0,0.0,16.0,13.0,Desconocido
Ligue 2,62.0,,,False,2025-10-24,90.0,,Guingamp,Clermont,0.0,1.0,,,6.0,1.0,2.0,3.0,0.0,0.0,21.0,4.0,Desconocido
League 1 Escocia,,,,False,2025-10-24,,,Hamilton,Queen of Sth,1.0,2.0,,,6.0,5.0,1.0,3.0,0.0,0.0,9.0,12.0,Desconocido
Eredivisie,88.0,,,False,2025-10-24,210.0,203.0,Heerenveen,NAC Breda,3.0,3.0,,,4.0,5.0,1.0,0.0,0.0,0.0,10.0,11.0,Desconocido
La Liga 2,,,,False,2025-10-24,726.0,534.0,Huesca,Las Palmas,1.0,1.0,,,5.0,4.0,3.0,1.0,0.0,0.0,13.0,12.0,Desconocido
Turkey Super Lig,,,,False,2025-10-24,,1001.0,Karagumruk,Kayserispor,2.0,2.0,,,1.0,7.0,2.0,4.0,0.0,1.0,10.0,14.0,Desconocido
Ligue 2,62.0,,,False,2025-10-24,1298.0,1299.0,Le Mans,Boulogne,1.0,0.0,,,10.0,3.0,2.0,2.0,0.0,0.0,15.0,4.0,Desconocido
Premier League,569.0,,,False,2025-10-24,63.0,48.0,Leeds,West Ham,2.0,1.0,,,3.0,4.0,3.0,3.0,0.0,0.0,13.0,9.0,Desconocido
Serie A,71.0,,,False,2025-10-24,,801.0,Milan,Pisa,2.0,2.0,,,6.0,2.0,1.0,3.0,0.0,0.0,20.0,8.0,Desconocido
Serie B,72.0,,,False,2025-10-24,899.0,511.0,Modena,Empoli,2.0,1.0,,,6.0,5.0,3.0,3.0,0.0,0.0,11.0,6.0,Desconocido
Ligue 1,61.0,,,False,2025-10-24,114.0,83.0,Paris FC,Nantes,1.0,2.0,,,8.0,2.0,3.0,2.0,0.0,0.0,14.0,11.0,Desconocido
Ligue 2,62.0,,,False,2025-10-24,,1304.0,Pau FC,Dunkerque,0.0,3.0,,,8.0,1.0,2.0,0.0,1.0,0.0,15.0,11.0,Desconocido
Championship,407.0,,,False,2025-10-24,59.0,,Preston,Sheffield United,3.0,2.0,,,2.0,4.0,4.0,1.0,0.0,0.0,15.0,12.0,Desconocido
Ligue 2,62.0,,,False,2025-10-24,,101.0,Red Star,Grenoble,1.0,0.0,,,9.0,4.0,1.0,1.0,0.0,0.0,15.0,11.0,Desconocido
Ligue 2,62.0,,,False,2025-10-24,93.0,,Reims,Troyes,0.0,0.0,,,7.0,1.0,1.0,2.0,0.0,0.0,12.0,14.0,Desconocido
Bundesliga 2,,,,False,2025-10-24,,,Schalke 04,Darmstadt,1.0,0.0,,,6.0,4.0,5.0,1.0,0.0,0.0,10.0,7.0,Desconocido
La Liga,140.0,,,False,2025-10-24,,536.0,Sociedad,Sevilla,2.0,1.0,,,1.0,9.0,1.0,3.0,0.0,0.0,5.0,6.0,Desconocido
Bundesliga,218.0,,,False,2025-10-24,162.0,182.0,Werder Bremen,Union Berlin,1.0,0.0,,,5.0,6.0,4.0,0.0,0.0,0.0,16.0,12.0,Desconocido
League 1,,,,False,2025-10-23,,1357.0,Exeter,Plymouth,2.0,0.0,,,4.0,4.0,3.0,2.0,0.0,0.0,13.0,9.0,Desconocido
Turkey Super Lig,,,,False,2025-10-22,607.0,,Konyaspor,Besiktas,0.0,2.0,,,17.0,3.0,1.0,3.0,0.0,0.0,22.0,9.0,Desconocido
Turkey Super Lig,,,,False,2025-10-22,1007.0,,Rizespor,Buyuksehyr,0.0,0.0,,,5.0,5.0,3.0,2.0,0.0,0.0,14.0,15.0,Desconocido
Championship,407.0,,,False,2025-10-22,,70.0,Sheffield Weds,Middlesbrough,0.0,1.0,,,6.0,5.0,3.0,1.0,0.0,0.0,11.0,19.0,Desconocido
Championship,407.0,,,False,2025-10-22,76.0,72.0,Swansea,QPR,0.0,1.0,,,6.0,3.0,1.0,4.0,1.0,0.0,11.0,15.0,Desconocido
Championship,407.0,,,False,2025-10-22,38.0,60.0,Watford,West Brom,2.0,1.0,,,4.0,5.0,0.0,2.0,0.0,0.0,19.0,9.0,Desconocido
Championship,407.0,,,False,2025-10-22,1837.0,,Wrexham,Oxford,1.0,0.0,,,6.0,3.0,3.0,1.0,1.0,0.0,11.0,6.0,Desconocido
Championship Escocia,,,,False,2025-10-21,,1388.0,Airdrie Utd,Dunfermline,0.0,4.0,,,5.0,8.0,2.0,1.0,1.0,0.0,2.0,8.0,Desconocido
Championship,407.0,,,False,2025-10-21,67.0,,Blackburn,Sheffield United,1.0,3.0,,,5.0,5.0,1.0,1.0,0.0,0.0,12.0,11.0,Desconocido
National League,43.0,,,False,2025-10-21,,1375.0,Boston Utd,Morecambe,0.0,4.0,,,,,3.0,1.0,0.0,0.0,,,Desconocido
Championship,407.0,,,False,2025-10-21,56.0,41.0,Bristol City,Southampton,3.0,1.0,,,2.0,3.0,1.0,2.0,0.0,0.0,13.0,14.0,Desconocido
Championship,407.0,,,False,2025-10-21,69.0,71.0,Derby,Norwich,1.0,0.0,,,5.0,13.0,2.0,1.0,0.0,0.0,8.0,17.0,Desconocido
National League,43.0,,,False,2025-10-21,1822.0,1340.0,Eastleigh,Scunthorpe,1.0,1.0,,,,,3.0,3.0,0.0,0.0,,,Desconocido
Championship,407.0,,,False,2025-10-21,,46.0,Hull,Leicester,2.0,1.0,,,1.0,7.0,1.0,2.0,0.0,0.0,9.0,18.0,Desconocido
Championship,407.0,,,False,2025-10-21,57.0,1335.0,Ipswich,Charlton,0.0,3.0,,,16.0,3.0,0.0,3.0,0.0,0.0,31.0,15.0,Desconocido
Championship,407.0,,,False,2025-10-21,58.0,,Millwall,Stoke,2.0,0.0,,,3.0,2.0,2.0,1.0,0.0,0.0,15.0,10.0,Desconocido
Championship Escocia,,,,False,2025-10-21,901.0,,Partick,Ayr,2.0,1.0,,,8.0,4.0,2.0,3.0,0.0,1.0,7.0,3.0,Desconocido
Championship,407.0,,,False,2025-10-21,1355.0,1346.0,Portsmouth,Coventry,1.0,2.0,,,6.0,5.0,1.0,1.0,0.0,0.0,15.0,19.0,Desconocido
Championship,407.0,,,False,2025-10-21,59.0,54.0,Preston,Birmingham,0.0,1.0,,,9.0,3.0,2.0,5.0,0.0,0.0,17.0,9.0,Desconocido
League 1,,,,False,2025-10-21,53.0,1337.0,Reading,Northampton,1.0,0.0,,,8.0,4.0,3.0,0.0,0.0,0.0,14.0,5.0,Desconocido
League 2,,,,False,2025-10-21,,1376.0,Swindon,Notts County,2.0,2.0,,,6.0,1.0,2.0,4.0,0.0,0.0,11.0,8.0,Desconocido
National League,43.0,,,False,2025-10-21,1828.0,1830.0,York,Boreham Wood,2.0,2.0,,,,,1.0,2.0,0.0,0.0,,,Desconocido
La Liga,140.0,,,False,2025-10-20,542.0,532.0,Alaves,Valencia,0.0,0.0,,,7.0,0.0,1.0,2.0,0.0,0.0,13.0,5.0,Desconocido
La Liga 2,,,,False,2025-10-20,724.0,9580.0,Cadiz,Burgos,1.0,3.0,,,1.0,4.0,3.0,4.0,0.0,0.0,9.0,13.0,Desconocido
Serie A,71.0,,,False,2025-10-20,520.0,494.0,Cremonese,Udinese,1.0,1.0,,,5.0,4.0,4.0,2.0,0.0,0.0,11.0,8.0,Desconocido
Turkey Super Lig,,,,False,2025-10-20,,,Eyupspor,Kasimpasa,2.0,0.0,,,8.0,10.0,1.0,1.0,0.0,0.0,17.0,9.0,Desconocido
Ligue 2,62.0,,,False,2025-10-20,102.0,87.0,Nancy,Amiens,0.0,1.0,,,7.0,4.0,1.0,3.0,0.0,0.0,23.0,5.0,Desconocido
Jupiler Pro League,144.0,,,False,2025-10-20,,740.0,Standard,Antwerp,1.0,0.0,,,4.0,5.0,2.0,3.0,1.0,0.0,11.0,16.0,Desconocido
Premier League,569.0,,,False,2025-10-20,48.0,55.0,West Ham,Brentford,0.0,2.0,,,6.0,10.0,1.0,1.0,0.0,0.0,7.0,22.0,Desconocido
Super League Greece,,,,False,2025-10-19,,619.0,AEK,PAOK,0.0,2.0,,,5.0,3.0,2.0,1.0,1.0,0.0,13.0,11.0,Desconocido
Turkey Super Lig,,,,False,2025-10-19,996.0,,Alanyaspor,Goztep,1.0,0.0,,,8.0,4.0,3.0,5.0,0.0,0.0,15.0,11.0,Desconocido
Super League Greece,,,,False,2025-10-19,3408.0,617.0,Aris,Panathinaikos,1.0,1.0,,,2.0,2.0,1.0,2.0,0.0,0.0,14.0,14.0,Desconocido
Super League Greece,,,,False,2025-10-19,955.0,5050.0,Asteras Tripolis,Kifisia,2.0,2.0,,,3.0,5.0,6.0,5.0,0.0,0.0,9.0,9.0,Desconocido
Serie A,71.0,,,False,2025-10-19,499.0,487.0,Atalanta,Lazio,0.0,0.0,,,7.0,1.0,4.0,0.0,0.0,0.0,16.0,4.0,Desconocido
Serie A,71.0,,,False,2025-10-19,490.0,500.0,Cagliari,Bologna,0.0,2.0,,,2.0,7.0,1.0,3.0,0.0,0.0,4.0,10.0,Desconocido
La Liga 2,,,,False,2025-10-19,,722.0,Castellon,Albacete,0.0,1.0,,,9.0,3.0,5.0,3.0,2.0,1.0,22.0,11.0,Desconocido
Serie B,72.0,,,False,2025-10-19,1687.0,870.0,Catanzaro,Padova,0.0,1.0,,,8.0,4.0,3.0,4.0,0.0,0.0,19.0,10.0,Desconocido
La Liga,140.0,,,False,2025-10-19,,,Celta,Sociedad,1.0,1.0,,,1.0,10.0,4.0,3.0,1.0,0.0,4.0,17.0,Desconocido
Jupiler Pro League,144.0,,,False,2025-10-19,741.0,742.0,Cercle Brugge,Genk,2.0,2.0,,,4.0,4.0,3.0,2.0,0.0,0.0,18.0,16.0,Desconocido
Serie A,71.0,,,False,2025-10-19,895.0,10019.0,Como,Juventus,2.0,0.0,,,4.0,1.0,3.0,1.0,0.0,0.0,12.0,15.0,Desconocido
La Liga 2,,,,False,2025-10-19,713.0,723.0,Cordoba,Almeria,1.0,1.0,,,3.0,2.0,2.0,2.0,0.0,0.0,14.0,13.0,Desconocido
Bundesliga 2,,,,False,2025-10-19,,,Darmstadt,Magdeburg,0.0,0.0,,,1.0,5.0,2.0,1.0,1.0,0.0,11.0,13.0,Desconocido
Jupiler Pro League,144.0,,,False,2025-10-19,6215.0,,Dender,Mechelen,1.0,3.0,,,4.0,4.0,1.0,0.0,0.0,0.0,19.0,11.0,Desconocido
Premiership Escocia,,,,False,2025-10-19,253.0,247.0,Dundee,Celtic,2.0,0.0,,,2.0,12.0,2.0,2.0,0.0,0.0,10.0,23.0,Desconocido
La Liga,140.0,,,False,2025-10-19,797.0,,Elche,Ath Bilbao,0.0,0.0,,,6.0,2.0,2.0,3.0,0.0,0.0,15.0,4.0,Desconocido
Bundesliga 2,,,,False,2025-10-19,,,Elversberg,Greuther Furth,6.0,0.0,,,6.0,3.0,1.0,3.0,0.0,0.0,18.0,10.0,Desconocido
Serie B,72.0,,,False,2025-10-19,511.0,517.0,Empoli,Venezia,1.0,1.0,,,5.0,6.0,3.0,1.0,0.0,0.0,9.0,16.0,Desconocido
Eredivisie,88.0,,,False,2025-10-19,196.0,,Excelsior,For Sittard,1.0,0.0,,,4.0,2.0,0.0,3.0,0.0,0.0,11.0,15.0,Desconocido
Turkey Super Lig,,,,False,2025-10-19,,,Fenerbahce,Karagumruk,2.0,1.0,,,6.0,6.0,2.0,5.0,0.0,1.0,21.0,16.0,Desconocido
Bundesliga,218.0,,,False,2025-10-19,,,Freiburg,Ein Frankfurt,2.0,2.0,,,3.0,1.0,2.0,3.0,0.0,0.0,12.0,8.0,Desconocido
Turkey Super Lig,,,,False,2025-10-19,,1005.0,Gaziantep,Antalyaspor,3.0,2.0,,,6.0,5.0,5.0,6.0,0.0,0.0,22.0,7.0,Desconocido
Serie A,71.0,,,False,2025-10-19,495.0,523.0,Genoa,Parma,0.0,0.0,,,3.0,0.0,2.0,5.0,0.0,1.0,23.0,1.0,Desconocido
La Liga,140.0,,,False,2025-10-19,546.0,541.0,Getafe,Real Madrid,0.0,1.0,,,1.0,4.0,4.0,1.0,2.0,0.0,7.0,23.0,Desconocido
Eredivisie,88.0,,,False,2025-10-19,202.0,426.0,Groningen,Sparta Rotterdam,0.0,2.0,,,7.0,4.0,3.0,2.0,0.0,0.0,12.0,8.0,Desconocido
Eredivisie,88.0,,,False,2025-10-19,206.0,209.0,Heracles,Feyenoord,0.0,7.0,,,2.0,8.0,1.0,2.0,0.0,0.0,4.0,19.0,Desconocido
Turkey Super Lig,,,,False,2025-10-19,1001.0,3603.0,Kayserispor,Samsunspor,1.0,3.0,,,7.0,5.0,2.0,3.0,0.0,0.0,14.0,13.0,Desconocido
La Liga 2,,,,False,2025-10-19,534.0,545.0,Las Palmas,Eibar,3.0,1.0,,,1.0,5.0,2.0,1.0,0.0,0.0,11.0,9.0,Desconocido
La Liga 2,,,,False,2025-10-19,537.0,535.0,Leganes,Malaga,2.0,0.0,,,7.0,5.0,1.0,0.0,0.0,0.0,15.0,14.0,Desconocido
Ligue 1,61.0,,,False,2025-10-19,116.0,114.0,Lens,Paris FC,2.0,1.0,,,11.0,3.0,2.0,2.0,0.0,0.0,11.0,9.0,Desconocido
La Liga,140.0,,,False,2025-10-19,539.0,,Levante,Vallecano,0.0,3.0,,,11.0,4.0,0.0,1.0,0.0,0.0,17.0,10.0,Desconocido
Premier League,569.0,,,False,2025-10-19,40.0,,Liverpool,Man United,1.0,2.0,,,9.0,4.0,0.0,2.0,0.0,0.0,19.0,12.0,Desconocido
Ligue 1,61.0,,,False,2025-10-19,97.0,,Lorient,Brest,3.0,3.0,,,5.0,2.0,3.0,2.0,0.0,0.0,12.0,8.0,Desconocido
Serie A,71.0,,,False,2025-10-19,,502.0,Milan,Fiorentina,2.0,1.0,,,1.0,3.0,3.0,3.0,0.0,0.0,14.0,5.0,Desconocido
Ligue 1,61.0,,,False,2025-10-19,83.0,79.0,Nantes,Lille,0.0,2.0,,,5.0,9.0,1.0,4.0,0.0,0.0,8.0,23.0,Desconocido
Bundesliga 2,,,,False,2025-10-19,,191.0,Nurnberg,Holstein Kiel,1.0,1.0,,,3.0,7.0,3.0,1.0,0.0,0.0,16.0,12.0,Desconocido
Serie B,72.0,,,False,2025-10-19,522.0,899.0,Palermo,Modena,1.0,1.0,,,3.0,5.0,1.0,1.0,0.0,0.0,10.0,17.0,Desconocido
Ligue 1,61.0,,,False,2025-10-19,94.0,108.0,Rennes,Auxerre,2.0,2.0,,,6.0,2.0,1.0,3.0,0.0,0.0,19.0,7.0,Desconocido
La Liga 2,,,,False,2025-10-19,,,Santander,La Coruna,2.0,1.0,,,6.0,6.0,3.0,1.0,0.0,0.0,21.0,11.0,Desconocido
Bundesliga,218.0,,,False,2025-10-19,,,St Pauli,Hoffenheim,0.0,3.0,,,9.0,7.0,1.0,3.0,0.0,0.0,10.0,14.0,Desconocido
Jupiler Pro League,144.0,,,False,2025-10-19,,554.0,St Truiden,Anderlecht,2.0,2.0,,,5.0,6.0,1.0,2.0,0.0,0.0,15.0,11.0,Desconocido
Eredivisie,88.0,,,False,2025-10-19,427.0,210.0,Telstar,Heerenveen,2.0,3.0,,,6.0,11.0,1.0,2.0,0.0,0.0,18.0,15.0,Desconocido
Premier League,569.0,,,False,2025-10-19,47.0,66.0,Tottenham,Aston Villa,1.0,2.0,,,6.0,6.0,2.0,0.0,0.0,0.0,9.0,8.0,Desconocido
Ligue 1,61.0,,,False,2025-10-19,96.0,112.0,Toulouse,Metz,4.0,0.0,,,5.0,1.0,2.0,1.0,0.0,1.0,16.0,2.0,Desconocido
La Liga 2,,,,False,2025-10-19,720.0,,Valladolid,Sp Gijon,2.0,3.0,,,5.0,1.0,0.0,3.0,0.0,0.0,17.0,7.0,Desconocido
Super League Greece,,,,False,2025-10-19,2110.0,2099.0,Volos NFC,Panserraikos,2.0,1.0,,,11.0,2.0,0.0,3.0,0.0,0.0,13.0,7.0,Desconocido
Jupiler Pro League,144.0,,,False,2025-10-19,,631.0,Waregem,Gent,4.0,1.0,,,3.0,12.0,0.0,2.0,0.0,0.0,15.0,14.0,Desconocido
League 2,,,,False,2025-10-18,,,Accrington,Swindon,4.0,0.0,,,3.0,5.0,0.0,3.0,0.0,1.0,19.0,8.0,Desconocido
Eredivisie,88.0,,,False,2025-10-18,194.0,201.0,Ajax,AZ Alkmaar,0.0,2.0,,,5.0,4.0,4.0,2.0,0.0,0.0,17.0,13.0,Desconocido
National League,43.0,,,False,2025-10-18,,7752.0,Aldershot,Tamworth,1.0,2.0,,,,,2.0,3.0,0.0,0.0,,,Desconocido
League 1 Escocia,,,,False,2025-10-18,,6764.0,Alloa,East Fife,1.0,1.0,,,3.0,5.0,2.0,3.0,0.0,0.0,4.0,8.0,Desconocido
National League,43.0,,,False,2025-10-18,4700.0,1836.0,Altrincham,Woking,1.0,3.0,,,,,2.0,4.0,0.0,0.0,,,Desconocido
Ligue 1,61.0,,,False,2025-10-18,77.0,91.0,Angers,Monaco,1.0,1.0,,,10.0,3.0,2.0,2.0,0.0,0.0,16.0,11.0,Desconocido
League 2 Escocia,,,,False,2025-10-18,6757.0,,Annan Athletic,Stirling,1.0,1.0,,,7.0,2.0,0.0,2.0,0.0,0.0,9.0,8.0,Desconocido
Championship Escocia,,,,False,2025-10-18,4249.0,,Arbroath,St Johnstone,3.0,1.0,,,4.0,2.0,3.0,2.0,0.0,0.0,6.0,13.0,Desconocido
La Liga,140.0,,,False,2025-10-18,,727.0,Ath Madrid,Osasuna,1.0,0.0,,,4.0,2.0,1.0,3.0,0.0,0.0,18.0,9.0,Desconocido
Super League Greece,,,,False,2025-10-18,12260.0,,Atromitos,Levadeiakos,2.0,2.0,,,1.0,5.0,6.0,0.0,0.0,0.0,7.0,9.0,Desconocido
Championship Escocia,,,,False,2025-10-18,,1383.0,Ayr,Morton,2.0,1.0,,,7.0,2.0,3.0,3.0,0.0,0.0,15.0,7.0,Desconocido
La Liga,140.0,,,False,2025-10-18,529.0,547.0,Barcelona,Girona,2.0,1.0,,,11.0,5.0,1.0,2.0,0.0,0.0,27.0,11.0,Desconocido
League 2,,,,False,2025-10-18,1369.0,1376.0,Barnet,Notts County,0.0,1.0,,,12.0,2.0,3.0,2.0,0.0,0.0,18.0,4.0,Desconocido
Bundesliga,218.0,,,False,2025-10-18,,,Bayern Munich,Dortmund,2.0,1.0,,,4.0,3.0,1.0,3.0,0.0,0.0,15.0,8.0,Desconocido
Turkey Super Lig,,,,False,2025-10-18,,,Besiktas,Genclerbirligi,1.0,2.0,,,5.0,4.0,2.0,4.0,0.0,0.0,11.0,6.0,Desconocido
Championship,407.0,,,False,2025-10-18,54.0,,Birmingham,Hull,2.0,3.0,,,9.0,7.0,2.0,7.0,1.0,0.0,29.0,14.0,Desconocido
League 1,,,,False,2025-10-18,1356.0,1358.0,Blackpool,Wycombe,1.0,1.0,,,2.0,2.0,3.0,0.0,0.0,0.0,6.0,14.0,Desconocido
Bundesliga 2,,,,False,2025-10-18,,,Bochum,Hertha,3.0,2.0,,,1.0,6.0,3.0,3.0,0.0,0.0,10.0,13.0,Desconocido
National League,43.0,,,False,2025-10-18,1830.0,1822.0,Boreham Wood,Eastleigh,2.0,0.0,,,,,3.0,3.0,0.0,0.0,,,Desconocido
National League,43.0,,,False,2025-10-18,,1340.0,Boston Utd,Scunthorpe,1.0,1.0,,,,,2.0,1.0,0.0,0.0,,,Desconocido
National League,43.0,,,False,2025-10-18,4701.0,1823.0,Brackley Town,Gateshead,0.0,0.0,,,,,2.0,2.0,1.0,0.0,,,Desconocido
League 1,,,,False,2025-10-18,1343.0,747.0,Bradford,Barnsley,2.0,2.0,,,11.0,11.0,0.0,1.0,0.0,0.0,25.0,9.0,Desconocido
Premier League,569.0,,,False,2025-10-18,51.0,34.0,Brighton,Newcastle,2.0,1.0,,,8.0,4.0,0.0,1.0,0.0,0.0,13.0,16.0,Desconocido
League 2,,,,False,2025-10-18,,1381.0,Bristol Rvs,Tranmere,1.0,4.0,,,6.0,5.0,2.0,2.0,0.0,0.0,12.0,20.0,Desconocido
Premier League,569.0,,,False,2025-10-18,44.0,63.0,Burnley,Leeds,2.0,0.0,,,1.0,5.0,2.0,1.0,0.0,0.0,4.0,19.0,Desconocido
League 1,,,,False,2025-10-18,,,Burton,Peterboro,0.0,1.0,,,6.0,3.0,2.0,2.0,0.0,1.0,15.0,7.0,Desconocido
Turkey Super Lig,,,,False,2025-10-18,,645.0,Buyuksehyr,Galatasaray,1.0,2.0,,,2.0,4.0,2.0,5.0,0.0,0.0,5.0,16.0,Desconocido
League 2,,,,False,2025-10-18,,1832.0,Cambridge,Bromley,2.0,1.0,,,3.0,3.0,2.0,1.0,0.0,0.0,13.0,11.0,Desconocido
League 1,,,,False,2025-10-18,43.0,53.0,Cardiff,Reading,2.0,1.0,,,4.0,10.0,1.0,0.0,0.0,0.0,11.0,26.0,Desconocido
National League,43.0,,,False,2025-10-18,1371.0,1378.0,Carlisle,Forest Green,4.0,2.0,,,,,4.0,3.0,0.0,1.0,,,Desconocido
La Liga 2,,,,False,2025-10-18,,799.0,Ceuta,Mirandes,2.0,0.0,,,5.0,5.0,2.0,1.0,0.0,0.0,12.0,7.0,Desconocido
Championship,407.0,,,False,2025-10-18,1335.0,,Charlton,Sheffield Weds,2.0,1.0,,,2.0,4.0,1.0,2.0,0.0,1.0,12.0,12.0,Desconocido
League 2,,,,False,2025-10-18,1345.0,1336.0,Chesterfield,Fleetwood Town,1.0,1.0,,,9.0,9.0,1.0,3.0,0.0,0.0,14.0,6.0,Desconocido
League 2,,,,False,2025-10-18,1361.0,,Colchester,Harrogate,3.0,1.0,,,5.0,4.0,1.0,3.0,0.0,0.0,19.0,5.0,Desconocido
League 1 Escocia,,,,False,2025-10-18,6763.0,6784.0,Cove Rangers,Stenhousemuir,0.0,1.0,,,3.0,1.0,3.0,3.0,0.0,0.0,8.0,2.0,Desconocido
Championship,407.0,,,False,2025-10-18,1346.0,67.0,Coventry,Blackburn,2.0,0.0,,,2.0,7.0,0.0,2.0,0.0,0.0,14.0,17.0,Desconocido
Premier League,569.0,,,False,2025-10-18,52.0,35.0,Crystal Palace,Bournemouth,3.0,3.0,,,6.0,5.0,1.0,4.0,0.0,0.0,20.0,8.0,Desconocido
League 1,,,,False,2025-10-18,1354.0,1337.0,Doncaster,Northampton,1.0,2.0,,,2.0,7.0,1.0,1.0,0.0,0.0,10.0,13.0,Desconocido
League 2 Escocia,,,,False,2025-10-18,1382.0,6781.0,Dumbarton,Spartans,1.0,2.0,,,9.0,4.0,2.0,2.0,0.0,0.0,8.0,14.0,Desconocido
Ligue 2,62.0,,,False,2025-10-18,1304.0,82.0,Dunkerque,Montpellier,0.0,1.0,,,6.0,4.0,2.0,2.0,0.0,0.0,10.0,8.0,Desconocido
League 2 Escocia,,,,False,2025-10-18,6765.0,,East Kilbride,Elgin,3.0,0.0,,,5.0,3.0,2.0,4.0,0.0,0.0,14.0,9.0,Desconocido
League 2 Escocia,,,,False,2025-10-18,6766.0,6785.0,Edinburgh City,Stranraer,1.0,3.0,,,9.0,5.0,4.0,3.0,0.0,0.0,15.0,12.0,Desconocido
Bundesliga,218.0,,,False,2025-10-18,,,FC Koln,Augsburg,1.0,1.0,,,5.0,2.0,2.0,2.0,0.0,0.0,9.0,10.0,Desconocido
League 2 Escocia,,,,False,2025-10-18,,6762.0,Forfar,Clyde,0.0,0.0,,,1.0,6.0,2.0,3.0,0.0,0.0,11.0,8.0,Desconocido
Serie B,72.0,,,False,2025-10-18,512.0,1579.0,Frosinone,Monza,0.0,1.0,,,5.0,2.0,1.0,3.0,0.0,0.0,15.0,20.0,Desconocido
Premier League,569.0,,,False,2025-10-18,36.0,9419.0,Fulham,Arsenal,0.0,1.0,,,6.0,10.0,0.0,0.0,0.0,0.0,9.0,16.0,Desconocido
League 2,,,,False,2025-10-18,1365.0,1347.0,Grimsby,Gillingham,1.0,0.0,,,6.0,2.0,3.0,4.0,0.0,2.0,24.0,3.0,Desconocido
Bundesliga,218.0,,,False,2025-10-18,,162.0,Heidenheim,Werder Bremen,2.0,2.0,,,12.0,2.0,1.0,3.0,0.0,0.0,31.0,11.0,Desconocido
Premiership Escocia,,,,False,2025-10-18,249.0,255.0,Hibernian,Livingston,4.0,0.0,,,7.0,10.0,1.0,2.0,0.0,0.0,23.0,8.0,Desconocido
League 1 Escocia,,,,False,2025-10-18,,6773.0,Inverness C,Kelty Hearts,2.0,2.0,,,11.0,2.0,0.0,3.0,0.0,0.0,19.0,7.0,Desconocido
Serie B,72.0,,,False,2025-10-18,863.0,528.0,Juve Stabia,Avellino,2.0,0.0,,,6.0,3.0,2.0,1.0,0.0,1.0,11.0,11.0,Desconocido
Bundesliga 2,,,,False,2025-10-18,,,Karlsruhe,Kaiserslautern,2.0,3.0,,,7.0,1.0,6.0,4.0,0.0,0.0,18.0,12.0,Desconocido
Premiership Escocia,,,,False,2025-10-18,250.0,,Kilmarnock,Hearts,0.0,3.0,,,4.0,5.0,2.0,2.0,0.0,0.0,7.0,19.0,Desconocido
Turkey Super Lig,,,,False,2025-10-18,607.0,7411.0,Konyaspor,Kocaelispor,2.0,3.0,,,3.0,4.0,4.0,5.0,0.0,0.0,12.0,7.0,Desconocido
Super League Greece,,,,False,2025-10-18,953.0,3415.0,Larisa,Olympiakos,0.0,2.0,,,1.0,6.0,3.0,1.0,0.0,0.0,4.0,14.0,Desconocido
Ligue 2,62.0,,,False,2025-10-18,433.0,,Laval,Red Star,0.0,1.0,,,6.0,5.0,1.0,2.0,0.0,0.0,9.0,10.0,Desconocido
Serie A,71.0,,,False,2025-10-18,867.0,488.0,Lecce,Sassuolo,0.0,0.0,,,6.0,4.0,2.0,2.0,0.0,0.0,11.0,9.0,Desconocido
Championship,407.0,,,False,2025-10-18,46.0,1355.0,Leicester,Portsmouth,1.0,1.0,,,14.0,4.0,1.0,2.0,0.0,0.0,19.0,8.0,Desconocido
League 1,,,,False,2025-10-18,1379.0,1368.0,Lincoln,Stevenage,1.0,0.0,,,1.0,2.0,1.0,1.0,0.0,0.0,18.0,4.0,Desconocido
League 1,,,,False,2025-10-18,1359.0,,Luton,Mansfield,0.0,2.0,,,5.0,1.0,0.0,0.0,0.0,0.0,16.0,10.0,Desconocido
Bundesliga,218.0,,,False,2025-10-18,,,Mainz,Leverkusen,3.0,4.0,,,2.0,3.0,4.0,4.0,0.0,0.0,12.0,20.0,Desconocido
Premier League,569.0,,,False,2025-10-18,,45.0,Man City,Everton,2.0,0.0,,,11.0,3.0,0.0,2.0,0.0,0.0,19.0,5.0,Desconocido
Serie B,72.0,,,False,2025-10-18,1693.0,1578.0,Mantova,Sudtirol,1.0,1.0,,,5.0,2.0,1.0,3.0,0.0,0.0,25.0,7.0,Desconocido
Ligue 1,61.0,,,False,2025-10-18,81.0,111.0,Marseille,Le Havre,6.0,2.0,,,2.0,1.0,2.0,1.0,0.0,1.0,18.0,8.0,Desconocido
League 2,,,,False,2025-10-18,1348.0,1363.0,Milton Keynes Dons,Crewe,3.0,1.0,,,4.0,7.0,4.0,0.0,0.0,0.0,10.0,10.0,Desconocido
League 1 Escocia,,,,False,2025-10-18,4251.0,,Montrose,Hamilton,0.0,4.0,,,4.0,2.0,2.0,4.0,1.0,0.0,6.0,7.0,Desconocido
National League,43.0,,,False,2025-10-18,1375.0,1341.0,Morecambe,Southend,0.0,3.0,,,,,3.0,1.0,0.0,0.0,,,Desconocido
Premiership Escocia,,,,False,2025-10-18,256.0,1389.0,Motherwell,Falkirk,1.0,2.0,,,6.0,4.0,1.0,5.0,0.0,0.0,15.0,9.0,Desconocido
Eredivisie,88.0,,,False,2025-10-18,203.0,,NAC Breda,Zwolle,2.0,2.0,,,3.0,2.0,0.0,3.0,0.0,0.0,19.0,11.0,Desconocido
League 2,,,,False,2025-10-18,1367.0,1372.0,Newport County,Cheltenham,0.0,2.0,,,3.0,3.0,4.0,1.0,0.0,0.0,9.0,10.0,Desconocido
Ligue 1,61.0,,,False,2025-10-18,84.0,80.0,Nice,Lyon,3.0,2.0,,,1.0,16.0,1.0,2.0,0.0,0.0,5.0,29.0,Desconocido
Eredivisie,88.0,,,False,2025-10-18,,415.0,Nijmegen,Twente,3.0,3.0,,,3.0,3.0,2.0,3.0,0.0,0.0,8.0,9.0,Desconocido
Championship,407.0,,,False,2025-10-18,71.0,56.0,Norwich,Bristol City,0.0,1.0,,,3.0,9.0,2.0,3.0,0.0,0.0,11.0,21.0,Desconocido
Premier League,569.0,,,False,2025-10-18,,49.0,Nott'm Forest,Chelsea,0.0,3.0,,,5.0,2.0,2.0,2.0,0.0,1.0,12.0,17.0,Desconocido
Jupiler Pro League,144.0,,,False,2025-10-18,,,Oud-Heverlee Leuven,Club Brugge,0.0,1.0,,,4.0,11.0,2.0,1.0,0.0,0.0,17.0,11.0,Desconocido
Championship,407.0,,,False,2025-10-18,,69.0,Oxford,Derby,1.0,0.0,,,4.0,12.0,4.0,1.0,0.0,0.0,19.0,6.0,Desconocido
Eredivisie,88.0,,,False,2025-10-18,197.0,,PSV Eindhoven,Go Ahead Eagles,2.0,1.0,,,6.0,1.0,1.0,1.0,0.0,0.0,24.0,4.0,Desconocido
Bundesliga 2,,,,False,2025-10-18,,,Paderborn,Bielefeld,4.0,3.0,,,8.0,5.0,5.0,3.0,0.0,0.0,20.0,16.0,Desconocido
Super League Greece,,,,False,2025-10-18,949.0,,Panetolikos,OFI Crete,4.0,2.0,,,4.0,7.0,4.0,4.0,1.0,1.0,10.0,14.0,Desconocido
Championship Escocia,,,,False,2025-10-18,901.0,902.0,Partick,Ross County,1.0,0.0,,,5.0,3.0,4.0,3.0,0.0,0.0,7.0,9.0,Desconocido
Serie B,72.0,,,False,2025-10-18,525.0,1581.0,Pescara,Carrarese,2.0,2.0,,,10.0,4.0,2.0,2.0,0.0,0.0,16.0,11.0,Desconocido
League 1 Escocia,,,,False,2025-10-18,6777.0,,Peterhead,Queen of Sth,3.0,0.0,,,5.0,2.0,2.0,4.0,0.0,0.0,10.0,6.0,Desconocido
Serie A,71.0,,,False,2025-10-18,801.0,,Pisa,Verona,0.0,0.0,,,3.0,8.0,4.0,2.0,0.0,0.0,7.0,15.0,Desconocido
League 1,,,,False,2025-10-18,1357.0,1333.0,Plymouth,AFC Wimbledon,1.0,2.0,,,10.0,2.0,0.0,3.0,0.0,0.0,9.0,8.0,Desconocido
Bundesliga 2,,,,False,2025-10-18,1313.0,,Preußen Münster,Dresden,2.0,2.0,,,4.0,3.0,2.0,3.0,0.0,1.0,12.0,14.0,Desconocido
Championship,407.0,,,False,2025-10-18,72.0,58.0,QPR,Millwall,1.0,2.0,,,8.0,3.0,2.0,4.0,0.0,0.0,20.0,5.0,Desconocido
Championship Escocia,,,,False,2025-10-18,,,Queens Park,Airdrie Utd,0.0,0.0,,,4.0,7.0,3.0,1.0,0.0,0.0,5.0,13.0,Desconocido
Jupiler Pro League,144.0,,,False,2025-10-18,,,RAAL La Louviere,Westerlo,0.0,0.0,,,2.0,2.0,0.0,1.0,0.0,0.0,8.0,7.0,Desconocido
Bundesliga,218.0,,,False,2025-10-18,173.0,,RB Leipzig,Hamburg,2.0,1.0,,,3.0,5.0,3.0,1.0,0.0,0.0,10.0,15.0,Desconocido
Premiership Escocia,,,,False,2025-10-18,257.0,,Rangers,Dundee United,2.0,2.0,,,7.0,2.0,0.0,4.0,0.0,0.0,29.0,10.0,Desconocido
Serie B,72.0,,,False,2025-10-18,880.0,508.0,Reggiana,Bari,3.0,1.0,,,3.0,1.0,3.0,1.0,0.0,1.0,14.0,11.0,Desconocido
Turkey Super Lig,,,,False,2025-10-18,1007.0,998.0,Rizespor,Trabzonspor,1.0,2.0,,,7.0,0.0,3.0,0.0,0.0,0.0,22.0,8.0,Desconocido
National League,43.0,,,False,2025-10-18,1339.0,,Rochdale,Yeovil,3.0,0.0,,,,,1.0,4.0,0.0,0.0,,,Desconocido
Serie A,71.0,,,False,2025-10-18,,505.0,Roma,Inter,0.0,1.0,,,4.0,5.0,4.0,3.0,0.0,0.0,15.0,12.0,Desconocido
League 1,,,,False,2025-10-18,73.0,1373.0,Rotherham,Leyton Orient,1.0,0.0,,,2.0,12.0,3.0,3.0,0.0,0.0,4.0,12.0,Desconocido
League 2,,,,False,2025-10-18,,1349.0,Salford,Oldham,1.0,0.0,,,7.0,7.0,3.0,2.0,0.0,1.0,29.0,15.0,Desconocido
La Liga,140.0,,,False,2025-10-18,536.0,798.0,Sevilla,Mallorca,1.0,3.0,,,9.0,2.0,2.0,1.0,0.0,0.0,13.0,7.0,Desconocido
Championship,407.0,,,False,2025-10-18,,38.0,Sheffield United,Watford,1.0,0.0,,,7.0,3.0,0.0,1.0,0.0,0.0,18.0,13.0,Desconocido
League 2,,,,False,2025-10-18,1352.0,1362.0,Shrewsbury,Crawley Town,1.0,0.0,,,6.0,6.0,3.0,3.0,0.0,1.0,13.0,15.0,Desconocido
National League,43.0,,,False,2025-10-18,,,Solihull,Braintree Town,2.0,0.0,,,,,3.0,3.0,0.0,0.0,,,Desconocido
Championship,407.0,,,False,2025-10-18,41.0,76.0,Southampton,Swansea,0.0,0.0,,,5.0,3.0,0.0,4.0,0.0,0.0,21.0,6.0,Desconocido
Serie B,72.0,,,False,2025-10-18,515.0,509.0,Spezia,Cesena,1.0,2.0,,,6.0,4.0,1.0,4.0,0.0,0.0,13.0,12.0,Desconocido
Ligue 2,62.0,,,False,2025-10-18,,1298.0,St Etienne,Le Mans,2.0,3.0,,,4.0,3.0,2.0,3.0,0.0,0.0,12.0,14.0,Desconocido
Premiership Escocia,,,,False,2025-10-18,,252.0,St Mirren,Aberdeen,0.0,1.0,,,5.0,2.0,2.0,4.0,0.0,0.0,9.0,17.0,Desconocido
Jupiler Pro League,144.0,,,False,2025-10-18,,736.0,St. Gilloise,Charleroi,3.0,1.0,,,1.0,2.0,0.0,3.0,0.0,0.0,15.0,9.0,Desconocido
League 1,,,,False,2025-10-18,,,Stockport,Exeter,1.0,0.0,,,4.0,3.0,1.0,1.0,0.0,0.0,12.0,9.0,Desconocido
Championship,407.0,,,False,2025-10-18,,1837.0,Stoke,Wrexham,1.0,0.0,,,6.0,4.0,2.0,0.0,0.0,0.0,12.0,5.0,Desconocido
Premier League,569.0,,,False,2025-10-18,746.0,39.0,Sunderland,Wolves,2.0,0.0,,,3.0,2.0,0.0,0.0,0.0,0.0,8.0,16.0,Desconocido
National League,43.0,,,False,2025-10-18,,1366.0,Sutton,Hartlepool,3.0,3.0,,,,,3.0,2.0,0.0,0.0,,,Desconocido
Serie A,71.0,,,False,2025-10-18,503.0,492.0,Torino,Napoli,1.0,0.0,,,3.0,11.0,1.0,2.0,0.0,0.0,12.0,22.0,Desconocido
National League,43.0,,,False,2025-10-18,,,Truro,Halifax,2.0,1.0,,,,,1.0,1.0,0.0,0.0,,,Desconocido
Eredivisie,88.0,,,False,2025-10-18,207.0,,Utrecht,Volendam,3.0,1.0,,,10.0,0.0,1.0,1.0,0.0,0.0,22.0,3.0,Desconocido
La Liga,140.0,,,False,2025-10-18,533.0,,Villarreal,Betis,2.0,2.0,,,5.0,6.0,1.0,1.0,0.0,0.0,7.0,16.0,Desconocido
League 2,,,,False,2025-10-18,1342.0,1819.0,Walsall,Barrow,1.0,2.0,,,14.0,0.0,1.0,2.0,0.0,1.0,24.0,5.0,Desconocido
Championship,407.0,,,False,2025-10-18,60.0,59.0,West Brom,Preston,2.0,1.0,,,8.0,4.0,2.0,1.0,0.0,0.0,16.0,17.0,Desconocido
League 1,,,,False,2025-10-18,61.0,1351.0,Wigan,Port Vale,1.0,0.0,,,4.0,7.0,1.0,2.0,1.0,0.0,10.0,13.0,Desconocido
Bundesliga,218.0,,,False,2025-10-18,,,Wolfsburg,Stuttgart,0.0,3.0,,,3.0,8.0,1.0,1.0,0.0,0.0,11.0,15.0,Desconocido
National League,43.0,,,False,2025-10-18,1828.0,8663.0,York,Wealdstone,4.0,0.0,,,,,1.0,1.0,0.0,0.0,,,Desconocido
La Liga 2,,,,False,2025-10-18,732.0,725.0,Zaragoza,Cultural Leonesa,0.0,5.0,,,3.0,5.0,5.0,2.0,2.0,0.0,9.0,20.0,Desconocido
La Liga 2,,,,False,2025-10-17,1110.0,22018.0,Andorra,Granada,0.0,0.0,,,5.0,3.0,4.0,2.0,0.0,0.0,13.0,13.0,Desconocido
Ligue 2,62.0,,,False,2025-10-17,1299.0,90.0,Boulogne,Guingamp,2.0,2.0,,,2.0,2.0,5.0,1.0,0.0,0.0,8.0,8.0,Desconocido
Ligue 2,62.0,,,False,2025-10-17,,3012.0,Clermont,Annecy,0.0,1.0,,,6.0,3.0,2.0,1.0,0.0,0.0,10.0,9.0,Desconocido
Championship Escocia,,,,False,2025-10-17,1388.0,,Dunfermline,Raith Rvs,2.0,0.0,,,2.0,4.0,4.0,3.0,0.0,0.0,11.0,6.0,Desconocido
Bundesliga 2,,,,False,2025-10-17,,,Fortuna Dusseldorf,Braunschweig,1.0,2.0,,,9.0,2.0,1.0,2.0,0.0,0.0,14.0,14.0,Desconocido
Ligue 2,62.0,,,False,2025-10-17,101.0,,Grenoble,Pau FC,1.0,1.0,,,3.0,5.0,1.0,2.0,0.0,0.0,12.0,24.0,Desconocido
Bundesliga 2,,,,False,2025-10-17,,,Hannover,Schalke 04,0.0,3.0,,,9.0,7.0,0.0,2.0,0.0,0.0,13.0,16.0,Desconocido
Championship,407.0,,,False,2025-10-17,70.0,57.0,Middlesbrough,Ipswich,2.0,1.0,,,5.0,9.0,3.0,1.0,0.0,0.0,15.0,17.0,Desconocido
La Liga,140.0,,,False,2025-10-17,718.0,,Oviedo,Espanol,0.0,2.0,,,3.0,5.0,2.0,1.0,0.0,0.0,13.0,19.0,Desconocido
Ligue 1,61.0,,,False,2025-10-17,,95.0,Paris SG,Strasbourg,3.0,3.0,,,4.0,1.0,2.0,1.0,0.0,0.0,21.0,12.0,Desconocido
Ligue 2,62.0,,,False,2025-10-17,1301.0,93.0,Rodez,Reims,2.0,2.0,,,2.0,10.0,2.0,4.0,0.0,0.0,13.0,13.0,Desconocido
Ligue 2,62.0,,,False,2025-10-17,,1305.0,Troyes,Bastia,1.0,0.0,,,2.0,5.0,4.0,3.0,1.0,0.0,10.0,17.0,Desconocido
Bundesliga,218.0,,,False,2025-10-17,182.0,,Union Berlin,M'gladbach,3.0,1.0,,,6.0,6.0,5.0,3.0,0.0,0.0,16.0,8.0,Desconocido
Serie B,72.0,,,False,2025-10-17,527.0,498.0,Virtus Entella,Sampdoria,3.0,1.0,,,12.0,5.0,3.0,1.0,0.0,0.0,17.0,14.0,Desconocido
League 1,,,,False,2025-10-16,37.0,68.0,Huddersfield,Bolton,1.0,2.0,,,6.0,8.0,1.0,4.0,0.0,0.0,7.0,14.0,Desconocido
AFC Asian Cup qualification,,,,False,2025-10-14,,,Afghanistan,Pakistan,1.0,1.0,,,,,,,,,,,Desconocido
Friendly,,,,False,2025-10-14,,,Albania,Jordan,4.0,2.0,,,,,,,,,,,Desconocido
FIFA World Cup qualification,,,,False,2025-10-14,,1519.0,Algeria,Uganda,2.0,1.0,,,,,,,,,,,Desconocido
FIFA World Cup qualification,,,,False,2025-10-14,1110.0,14.0,Andorra,Serbia,1.0,3.0,,,,,,,,,,,Desconocido
AFC Asian Cup qualification,,,,False,2025-10-14,,,Bhutan,Lebanon,0.0,4.0,,,,,,,,,,,Desconocido
Friendly,,,,False,2025-10-14,,,Canada,Colombia,0.0,0.0,,,,,,,,,,,Desconocido
FIFA World Cup qualification,,,,False,2025-10-14,5530.0,5168.0,Curaçao,Trinidad and Tobago,1.0,1.0,,,,,,,,,,,Desconocido
FIFA World Cup qualification,,,,False,2025-10-14,,,DR Congo,Sudan,1.0,0.0,,,,,,,,,,,Desconocido
FIFA World Cup qualification,,,,False,2025-10-14,,,El Salvador,Guatemala,0.0,1.0,,,,,,,,,,,Desconocido
FIFA World Cup qualification,,,,False,2025-10-14,,,Estonia,Moldova,1.0,1.0,,,,,,,,,,,Desconocido
FIFA World Cup qualification,,,,False,2025-10-14,,,Gabon,Burundi,2.0,0.0,,,,,,,,,,,Desconocido
FIFA World Cup qualification,,,,False,2025-10-14,,1520.0,Guinea,Botswana,2.0,2.0,,,,,,,,,,,Desconocido
AFC Asian Cup qualification,,,,False,2025-10-14,,,Hong Kong,Bangladesh,1.0,1.0,,,,,,,,,,,Desconocido
AFC Asian Cup qualification,,,,False,2025-10-14,,1546.0,India,Singapore,1.0,2.0,,,,,,,,,,,Desconocido
Friendly,,,,False,2025-10-14,22.0,,Iran,Tanzania,2.0,0.0,,,,,,,,,,,Desconocido
FIFA World Cup qualification,,,,False,2025-10-14,,1116.0,Italy,Israel,3.0,0.0,,,,,,,,,,,Desconocido
FIFA World Cup qualification,,,,False,2025-10-14,1501.0,,Ivory Coast,Kenya,3.0,0.0,,,,,,,,,,,Desconocido
FIFA World Cup qualification,,,,False,2025-10-14,,,Jamaica,Bermuda,4.0,0.0,,,,,,,,,,,Desconocido
Kirin Cup,,,,False,2025-10-14,12.0,,Japan,Brazil,3.0,2.0,,,,,,,,,,,Desconocido
FIFA World Cup qualification,,,,False,2025-10-14,,10.0,Latvia,England,0.0,5.0,,,,,,,,,,,Desconocido
AFC Asian Cup qualification,,,,False,2025-10-14,1538.0,1558.0,Malaysia,Laos,5.0,1.0,,,,,,,,,,,Desconocido
AFC Asian Cup qualification,,,,False,2025-10-14,1549.0,1536.0,Maldives,Tajikistan,0.0,3.0,,,,,,,,,,,Desconocido
Friendly,,,,False,2025-10-14,,2382.0,Mexico,Ecuador,1.0,1.0,,,,,,,,,,,Desconocido
FIFA World Cup qualification,,,,False,2025-10-14,,1517.0,Morocco,Congo,1.0,0.0,,,,,,,,,,,Desconocido
AFC Asian Cup qualification,,,,False,2025-10-14,1556.0,,Myanmar,Syria,0.0,3.0,,,,,,,,,,,Desconocido
FIFA World Cup qualification,,,,False,2025-10-14,,,Nigeria,Benin,4.0,0.0,,,,,,,,,,,Desconocido
Friendly,,,,False,2025-10-14,1090.0,4673.0,Norway,New Zealand,1.0,1.0,,,,,,,,,,,Desconocido
FIFA World Cup qualification,,,,False,2025-10-14,,,Panama,Suriname,1.0,1.0,,,,,,,,,,,Desconocido
AFC Asian Cup qualification,,,,False,2025-10-14,1555.0,5537.0,Philippines,Timor-Leste,3.0,1.0,,,,,,,,,,,Desconocido
FIFA World Cup qualification,,,,False,2025-10-14,27.0,,Portugal,Hungary,2.0,2.0,,,,,,,,,,,Desconocido
Friendly,,,,False,2025-10-14,5539.0,26.0,Puerto Rico,Argentina,0.0,6.0,,,,,,,,,,,Desconocido
FIFA World Cup qualification,,,,False,2025-10-14,1569.0,1563.0,Qatar,United Arab Emirates,2.0,1.0,,,,,,,,,,,Desconocido
FIFA World Cup qualification,,,,False,2025-10-14,,,Republic of Ireland,Armenia,1.0,0.0,,,,,,,,,,,Desconocido
Friendly,,,,False,2025-10-14,,,Russia,Bolivia,3.0,0.0,,,,,,,,,,,Desconocido
FIFA World Cup qualification,,,,False,2025-10-14,23.0,1567.0,Saudi Arabia,Iraq,0.0,0.0,,,,,,,,,,,Desconocido
FIFA World Cup qualification,,,,False,2025-10-14,,1491.0,Senegal,Mauritania,4.0,0.0,,,,,,,,,,,Desconocido
FIFA World Cup qualification,,,,False,2025-10-14,,,Seychelles,Gambia,0.0,7.0,,,,,,,,,,,Desconocido
FIFA World Cup qualification,,,,False,2025-10-14,,,Somalia,Mozambique,0.0,1.0,,,,,,,,,,,Desconocido
FIFA World Cup qualification,,,,False,2025-10-14,,,South Africa,Rwanda,3.0,0.0,,,,,,,,,,,Desconocido
Friendly,,,,False,2025-10-14,17.0,,South Korea,Paraguay,2.0,0.0,,,,,,,,,,,Desconocido
FIFA World Cup qualification,,,,False,2025-10-14,9.0,,Spain,Bulgaria,4.0,0.0,,,,,,,,,,,Desconocido
AFC Asian Cup qualification,,,,False,2025-10-14,,1564.0,Taiwan,Thailand,1.0,6.0,,,,,,,,,,,Desconocido
FIFA World Cup qualification,,,,False,2025-10-14,,,Turkey,Georgia,4.0,1.0,,,,,,,,,,,Desconocido
AFC Asian Cup qualification,,,,False,2025-10-14,,,Turkmenistan,Sri Lanka,2.0,1.0,,,,,,,,,,,Desconocido
Friendly,,,,False,2025-10-14,,,United States,Australia,2.0,1.0,,,,,,,,,,,Desconocido
AFC Asian Cup qualification,,,,False,2025-10-14,1542.0,,Vietnam,Nepal,1.0,0.0,,,,,,,,,,,Desconocido
AFC Asian Cup qualification,,,,False,2025-10-14,1550.0,5538.0,Yemen,Brunei,9.0,0.0,,,,,,,,,,,Desconocido
FIFA World Cup qualification,,,,False,2025-10-13,1530.0,,Cameroon,Angola,0.0,0.0,,,,,,,,,,,Desconocido
FIFA World Cup qualification,,,,False,2025-10-13,,,Cape Verde,Eswatini,3.0,0.0,,,,,,,,,,,Desconocido
La Liga 2,,,,False,2025-10-13,713.0,725.0,Cordoba,Cultural Leonesa,1.0,0.0,,,4.0,6.0,4.0,2.0,0.0,0.0,19.0,15.0,Desconocido
FIFA World Cup qualification,,,,False,2025-10-13,29.0,5164.0,Costa Rica,Nicaragua,4.0,1.0,,,,,,,,,,,Desconocido
FIFA World Cup qualification,,,,False,2025-10-13,1521.0,,Equatorial Guinea,Liberia,1.0,1.0,,,,,,,,,,,Desconocido
FIFA World Cup qualification,,,,False,2025-10-13,,2386.0,Honduras,Haiti,3.0,0.0,,,,,,,,,,,Desconocido
FIFA World Cup qualification,,,,False,2025-10-13,,2.0,Iceland,France,2.0,2.0,,,,,,,,,,,Desconocido
FIFA World Cup qualification,,,,False,2025-10-13,,1522.0,Lesotho,Zimbabwe,1.0,0.0,,,,,,,,,,,Desconocido
FIFA World Cup qualification,,,,False,2025-10-13,,1526.0,Mauritius,Libya,0.0,0.0,,,,,,,,,,,Desconocido
Friendly,,,,False,2025-10-13,,1107.0,Montenegro,Liechtenstein,2.0,1.0,,,,,,,,,,,Desconocido
FIFA World Cup qualification,,,,False,2025-10-13,,,North Macedonia,Kazakhstan,1.0,1.0,,,,,,,,,,,Desconocido
FIFA World Cup qualification,,,,False,2025-10-13,,25.0,Northern Ireland,Germany,0.0,1.0,,,,,,,,,,,Desconocido
FIFA World Cup qualification,,,,False,2025-10-13,,,Slovakia,Luxembourg,2.0,0.0,,,,,,,,,,,Desconocido
FIFA World Cup qualification,,,,False,2025-10-13,,15.0,Slovenia,Switzerland,0.0,0.0,,,,,,,,,,,Desconocido
FIFA World Cup qualification,,,,False,2025-10-13,,,South Sudan,Togo,0.0,0.0,,,,,,,,,,,Desconocido
FIFA World Cup qualification,,,,False,2025-10-13,,1111.0,Sweden,Kosovo,0.0,1.0,,,,,,,,,,,Desconocido
FIFA World Cup qualification,,,,False,2025-10-13,,,São Tomé and Príncipe,Malawi,1.0,0.0,,,,,,,,,,,Desconocido
FIFA World Cup qualification,,,,False,2025-10-13,28.0,1493.0,Tunisia,Namibia,3.0,0.0,,,,,,,,,,,Desconocido
FIFA World Cup qualification,,,,False,2025-10-13,,1096.0,Ukraine,Azerbaijan,2.0,1.0,,,,,,,,,,,Desconocido
Friendly,,,,False,2025-10-13,1568.0,7.0,Uzbekistan,Uruguay,1.0,2.0,,,,,,,,,,,Desconocido
FIFA World Cup qualification,,,,False,2025-10-13,767.0,1.0,Wales,Belgium,2.0,4.0,,,,,,,,,,,Desconocido
La Liga 2,,,,False,2025-10-12,722.0,,Albacete,Ceuta,0.0,0.0,,,6.0,3.0,1.0,3.0,0.0,0.0,13.0,3.0,Desconocido
La Liga 2,,,,False,2025-10-12,9580.0,720.0,Burgos,Valladolid,0.0,1.0,,,2.0,2.0,6.0,7.0,0.0,0.0,7.0,11.0,Desconocido
FIFA World Cup qualification,,,,False,2025-10-12,,,Burkina Faso,Ethiopia,3.0,1.0,,,,,,,,,,,Desconocido
La Liga 2,,,,False,2025-10-12,724.0,726.0,Cadiz,Huesca,1.0,0.0,,,13.0,2.0,2.0,3.0,0.0,0.0,11.0,9.0,Desconocido
FIFA World Cup qualification,,,,False,2025-10-12,,1527.0,Chad,Central African Republic,2.0,3.0,,,,,,,,,,,Desconocido
FIFA World Cup qualification,,,,False,2025-10-12,,1093.0,Croatia,Gibraltar,3.0,0.0,,,,,,,,,,,Desconocido
FIFA World Cup qualification,,,,False,2025-10-12,21.0,1117.0,Denmark,Greece,3.0,1.0,,,,,,,,,,,Desconocido
FIFA World Cup qualification,,,,False,2025-10-12,,1499.0,Djibouti,Sierra Leone,1.0,2.0,,,,,,,,,,,Desconocido
FIFA World Cup qualification,,,,False,2025-10-12,,,Egypt,Guinea-Bissau,1.0,0.0,,,,,,,,,,,Desconocido
La Liga 2,,,,False,2025-10-12,545.0,,Eibar,Castellon,0.0,0.0,,,1.0,7.0,1.0,4.0,0.0,0.0,7.0,16.0,Desconocido
FIFA World Cup qualification,,,,False,2025-10-12,,,Faroe Islands,Czech Republic,2.0,1.0,,,,,,,,,,,Desconocido
FIFA World Cup qualification,,,,False,2025-10-12,1504.0,1524.0,Ghana,Comoros,1.0,0.0,,,,,,,,,,,Desconocido
FIFA World Cup qualification,,,,False,2025-10-12,1097.0,,Lithuania,Poland,0.0,2.0,,,,,,,,,,,Desconocido
La Liga 2,,,,False,2025-10-12,535.0,,Malaga,La Coruna,3.0,0.0,,,1.0,9.0,1.0,3.0,0.0,0.0,15.0,10.0,Desconocido
FIFA World Cup qualification,,,,False,2025-10-12,,,Mali,Madagascar,4.0,1.0,,,,,,,,,,,Desconocido
Friendly,,,,False,2025-10-12,1112.0,,Malta,Bosnia and Herzegovina,1.0,4.0,,,,,,,,,,,Desconocido
FIFA World Cup qualification,,,,False,2025-10-12,1118.0,,Netherlands,Finland,4.0,0.0,,,,,,,,,,,Desconocido
FIFA World Cup qualification,,,,False,2025-10-12,,775.0,Romania,Austria,1.0,0.0,,,,,,,,,,,Desconocido
FIFA World Cup qualification,,,,False,2025-10-12,,,San Marino,Cyprus,0.0,4.0,,,,,,,,,,,Desconocido
FIFA World Cup qualification,,,,False,2025-10-12,,,Scotland,Belarus,2.0,1.0,,,,,,,,,,,Desconocido
La Liga 2,,,,False,2025-10-12,,,Sp Gijon,Santander,2.0,1.0,,,4.0,6.0,1.0,5.0,1.0,1.0,9.0,13.0,Desconocido
FIFA World Cup qualification,,,,False,2025-10-12,,,Zambia,Niger,0.0,1.0,,,,,,,,,,,Desconocido
League 1,,,,False,2025-10-11,1333.0,1351.0,AFC Wimbledon,Port Vale,1.0,1.0,,,5.0,11.0,2.0,2.0,0.0,0.0,6.0,16.0,Desconocido
League 2,,,,False,2025-10-11,,1367.0,Accrington,Newport County,0.0,1.0,,,4.0,3.0,1.0,1.0,0.0,0.0,12.0,7.0,Desconocido
La Liga 2,,,,False,2025-10-11,723.0,732.0,Almeria,Zaragoza,4.0,2.0,,,7.0,5.0,2.0,2.0,0.0,0.0,22.0,14.0,Desconocido
Championship Escocia,,,,False,2025-10-11,4249.0,,Arbroath,Queens Park,4.0,1.0,,,7.0,1.0,0.0,4.0,0.0,0.0,10.0,4.0,Desconocido
League 2,,,,False,2025-10-11,,1348.0,Bristol Rvs,Milton Keynes Dons,0.0,4.0,,,7.0,2.0,2.0,2.0,0.0,0.0,6.0,13.0,Desconocido
FIFA World Cup qualification,,,,False,2025-10-11,,,Bulgaria,Turkey,1.0,6.0,,,,,,,,,,,Desconocido
League 1,,,,False,2025-10-11,,68.0,Burton,Bolton,3.0,0.0,,,2.0,5.0,1.0,2.0,0.0,0.0,12.0,18.0,Desconocido
League 2,,,,False,2025-10-11,1345.0,,Chesterfield,Salford,2.0,0.0,,,4.0,7.0,3.0,2.0,0.0,0.0,10.0,10.0,Desconocido
League 2,,,,False,2025-10-11,1362.0,1342.0,Crawley Town,Walsall,1.0,1.0,,,4.0,7.0,2.0,2.0,0.0,0.0,16.0,9.0,Desconocido
League 2,,,,False,2025-10-11,1363.0,1832.0,Crewe,Bromley,0.0,1.0,,,5.0,5.0,1.0,2.0,0.0,0.0,7.0,12.0,Desconocido
FIFA World Cup qualification,,,,False,2025-10-11,,,Estonia,Italy,1.0,3.0,,,,,,,,,,,Desconocido
League 1,,,,False,2025-10-11,,53.0,Exeter,Reading,1.0,1.0,,,5.0,5.0,1.0,1.0,0.0,0.0,5.0,8.0,Desconocido
League 2,,,,False,2025-10-11,1336.0,,Fleetwood Town,Harrogate,3.0,2.0,,,4.0,3.0,0.0,0.0,0.0,0.0,16.0,13.0,Desconocido
League 2,,,,False,2025-10-11,1347.0,1372.0,Gillingham,Cheltenham,1.0,1.0,,,11.0,2.0,0.0,2.0,0.0,0.0,30.0,11.0,Desconocido
Friendly,,,,False,2025-10-11,,,Grenada,Cuba,2.0,0.0,,,,,,,,,,,Desconocido
League 2,,,,False,2025-10-11,1365.0,1361.0,Grimsby,Colchester,1.0,2.0,,,6.0,3.0,3.0,4.0,0.0,0.0,6.0,15.0,Desconocido
FIFA World Cup qualification,,,,False,2025-10-11,,,Hungary,Armenia,2.0,0.0,,,,,,,,,,,Desconocido
FIFA World Cup qualification,,,,False,2025-10-11,1567.0,1571.0,Iraq,Indonesia,1.0,0.0,,,,,,,,,,,Desconocido
FIFA World Cup qualification,,,,False,2025-10-11,,1110.0,Latvia,Andorra,2.0,2.0,,,,,,,,,,,Desconocido
League 1,,,,False,2025-10-11,1373.0,1354.0,Leyton Orient,Doncaster,4.0,0.0,,,4.0,5.0,1.0,1.0,0.0,0.0,13.0,16.0,Desconocido
Friendly,,,,False,2025-10-11,,,Mexico,Colombia,0.0,4.0,,,,,,,,,,,Desconocido
La Liga 2,,,,False,2025-10-11,799.0,537.0,Mirandes,Leganes,0.0,0.0,,,3.0,10.0,6.0,1.0,0.0,0.0,13.0,17.0,Desconocido
Championship Escocia,,,,False,2025-10-11,1383.0,901.0,Morton,Partick,1.0,1.0,,,3.0,11.0,3.0,0.0,0.0,0.0,6.0,26.0,Desconocido
League 1,,,,False,2025-10-11,1337.0,73.0,Northampton,Rotherham,1.0,2.0,,,4.0,4.0,3.0,2.0,0.0,0.0,3.0,11.0,Desconocido
FIFA World Cup qualification,,,,False,2025-10-11,1090.0,1116.0,Norway,Israel,5.0,0.0,,,,,,,,,,,Desconocido
League 2,,,,False,2025-10-11,1349.0,1819.0,Oldham,Barrow,0.0,0.0,,,7.0,4.0,1.0,1.0,0.0,0.0,18.0,6.0,Desconocido
FIFA World Cup qualification,,,,False,2025-10-11,27.0,,Portugal,Republic of Ireland,1.0,0.0,,,,,,,,,,,Desconocido
Championship Escocia,,,,False,2025-10-11,,,Raith Rvs,Ayr,0.0,2.0,,,6.0,3.0,2.0,3.0,0.0,0.0,8.0,10.0,Desconocido
FIFA World Cup qualification,,,,False,2025-10-11,14.0,,Serbia,Albania,0.0,1.0,,,,,,,,,,,Desconocido
League 2,,,,False,2025-10-11,1352.0,,Shrewsbury,Cambridge,2.0,0.0,,,3.0,3.0,2.0,1.0,0.0,0.0,4.0,6.0,Desconocido
La Liga 2,,,,False,2025-10-11,,1110.0,Sociedad B,Andorra,3.0,0.0,,,2.0,4.0,4.0,2.0,0.0,1.0,9.0,10.0,Desconocido
FIFA World Cup qualification,,,,False,2025-10-11,9.0,,Spain,Georgia,2.0,0.0,,,,,,,,,,,Desconocido
Championship Escocia,,,,False,2025-10-11,,902.0,St Johnstone,Ross County,0.0,0.0,,,17.0,0.0,0.0,0.0,0.0,0.0,12.0,4.0,Desconocido
League 1,,,,False,2025-10-11,,1356.0,Stockport,Blackpool,1.0,0.0,,,4.0,4.0,0.0,2.0,0.0,0.0,16.0,9.0,Desconocido
League 2,,,,False,2025-10-11,1381.0,1369.0,Tranmere,Barnet,0.0,2.0,,,2.0,6.0,0.0,4.0,0.0,1.0,13.0,14.0,Desconocido
FIFA World Cup qualification,,,,False,2025-10-11,1563.0,1552.0,United Arab Emirates,Oman,2.0,1.0,,,,,,,,,,,Desconocido
League 1,,,,False,2025-10-11,61.0,1358.0,Wigan,Wycombe,0.0,1.0,,,3.0,1.0,1.0,2.0,0.0,0.0,12.0,5.0,Desconocido
Friendly,,,,False,2025-10-10,26.0,,Argentina,Venezuela,1.0,0.0,,,,,,,,,,,Desconocido
FIFA World Cup qualification,,,,False,2025-10-10,1.0,,Belgium,North Macedonia,0.0,0.0,,,,,,,,,,,Desconocido
FIFA World Cup qualification,,,,False,2025-10-10,,5168.0,Bermuda,Trinidad and Tobago,0.0,3.0,,,,,,,,,,,Desconocido
Friendly,,,,False,2025-10-10,,,Canada,Australia,0.0,1.0,,,,,,,,,,,Desconocido
Friendly,,,,False,2025-10-10,,,Chile,Peru,2.0,1.0,,,,,,,,,,,Desconocido
FIFA World Cup qualification,,,,False,2025-10-10,5530.0,,Curaçao,Jamaica,2.0,0.0,,,,,,,,,,,Desconocido
FIFA World Cup qualification,,,,False,2025-10-10,,,El Salvador,Panama,0.0,1.0,,,,,,,,,,,Desconocido
FIFA World Cup qualification,,,,False,2025-10-10,2.0,1096.0,France,Azerbaijan,3.0,0.0,,,,,,,,,,,Desconocido
FIFA World Cup qualification,,,,False,2025-10-10,,,Gambia,Gabon,3.0,4.0,,,,,,,,,,,Desconocido
FIFA World Cup qualification,,,,False,2025-10-10,25.0,,Germany,Luxembourg,4.0,0.0,,,,,,,,,,,Desconocido
La Liga 2,,,,False,2025-10-10,22018.0,534.0,Granada,Las Palmas,0.0,0.0,,,7.0,7.0,1.0,1.0,0.0,0.0,11.0,9.0,Desconocido
FIFA World Cup qualification,,,,False,2025-10-10,,,Iceland,Ukraine,3.0,5.0,,,,,,,,,,,Desconocido
Kirin Cup,,,,False,2025-10-10,12.0,,Japan,Paraguay,2.0,2.0,,,,,,,,,,,Desconocido
Friendly,,,,False,2025-10-10,,,Jordan,Bolivia,0.0,1.0,,,,,,,,,,,Desconocido
FIFA World Cup qualification,,,,False,2025-10-10,,1107.0,Kazakhstan,Liechtenstein,4.0,0.0,,,,,,,,,,,Desconocido
FIFA World Cup qualification,,,,False,2025-10-10,1111.0,,Kosovo,Slovenia,0.0,0.0,,,,,,,,,,,Desconocido
FIFA World Cup qualification,,,,False,2025-10-10,,,Lesotho,Nigeria,1.0,2.0,,,,,,,,,,,Desconocido
FIFA World Cup qualification,,,,False,2025-10-10,,,Northern Ireland,Slovakia,2.0,0.0,,,,,,,,,,,Desconocido
Friendly,,,,False,2025-10-10,,22.0,Russia,Iran,2.0,1.0,,,,,,,,,,,Desconocido
FIFA World Cup qualification,,,,False,2025-10-10,,,Rwanda,Benin,0.0,1.0,,,,,,,,,,,Desconocido
FIFA World Cup qualification,,,,False,2025-10-10,,1501.0,Seychelles,Ivory Coast,0.0,7.0,,,,,,,,,,,Desconocido
FIFA World Cup qualification,,,,False,2025-10-10,,1522.0,South Africa,Zimbabwe,0.0,0.0,,,,,,,,,,,Desconocido
Friendly,,,,False,2025-10-10,17.0,,South Korea,Brazil,0.0,5.0,,,,,,,,,,,Desconocido
FIFA World Cup qualification,,,,False,2025-10-10,,,South Sudan,Senegal,0.0,5.0,,,,,,,,,,,Desconocido
FIFA World Cup qualification,,,,False,2025-10-10,,1491.0,Sudan,Mauritania,0.0,0.0,,,,,,,,,,,Desconocido
FIFA World Cup qualification,,,,False,2025-10-10,,,Suriname,Guatemala,1.0,1.0,,,,,,,,,,,Desconocido
FIFA World Cup qualification,,,,False,2025-10-10,,15.0,Sweden,Switzerland,0.0,2.0,,,,,,,,,,,Desconocido
FIFA World Cup qualification,,,,False,2025-10-10,,,Togo,DR Congo,0.0,1.0,,,,,,,,,,,Desconocido
FIFA World Cup qualification,,,,False,2025-10-10,28.0,,Tunisia,São Tomé and Príncipe,6.0,0.0,,,,,,,,,,,Desconocido
Friendly,,,,False,2025-10-10,,2382.0,United States,Ecuador,1.0,1.0,,,,,,,,,,,Desconocido
Friendly,,,,False,2025-10-10,7.0,5532.0,Uruguay,Dominican Republic,1.0,0.0,,,,,,,,,,,Desconocido
Friendly,,,,False,2025-10-10,1568.0,1570.0,Uzbekistan,Kuwait,2.0,0.0,,,,,,,,,,,Desconocido
FIFA World Cup qualification,,,,False,2025-10-09,,,Algeria,Somalia,3.0,0.0,,,,,,,,,,,Desconocido
FIFA World Cup qualification,,,,False,2025-10-09,775.0,,Austria,San Marino,10.0,0.0,,,,,,,,,,,Desconocido
AFC Asian Cup qualification,,,,False,2025-10-09,,,Bangladesh,Hong Kong,3.0,4.0,,,,,,,,,,,Desconocido
FIFA World Cup qualification,,,,False,2025-10-09,,21.0,Belarus,Denmark,0.0,6.0,,,,,,,,,,,Desconocido
FIFA World Cup qualification,,,,False,2025-10-09,1520.0,1519.0,Botswana,Uganda,0.0,1.0,,,,,,,,,,,Desconocido
AFC Asian Cup qualification,,,,False,2025-10-09,5538.0,1550.0,Brunei,Yemen,0.0,2.0,,,,,,,,,,,Desconocido
FIFA World Cup qualification,,,,False,2025-10-09,,,Burundi,Kenya,0.0,1.0,,,,,,,,,,,Desconocido
FIFA World Cup qualification,,,,False,2025-10-09,,,Cyprus,Bosnia and Herzegovina,2.0,2.0,,,,,,,,,,,Desconocido
FIFA World Cup qualification,,,,False,2025-10-09,,,Czech Republic,Croatia,0.0,0.0,,,,,,,,,,,Desconocido
Friendly,,,,False,2025-10-09,10.0,767.0,England,Wales,3.0,0.0,,,,,,,,,,,Desconocido
FIFA World Cup qualification,,,,False,2025-10-09,,,Faroe Islands,Montenegro,4.0,0.0,,,,,,,,,,,Desconocido
FIFA World Cup qualification,,,,False,2025-10-09,,1097.0,Finland,Lithuania,2.0,1.0,,,,,,,,,,,Desconocido
Friendly,,,,False,2025-10-09,,,Grenada,British Virgin Islands,4.0,1.0,,,,,,,,,,,Desconocido
FIFA World Cup qualification,,,,False,2025-10-09,,29.0,Honduras,Costa Rica,0.0,0.0,,,,,,,,,,,Desconocido
AFC Asian Cup qualification,,,,False,2025-10-09,1558.0,1538.0,Laos,Malaysia,0.0,3.0,,,,,,,,,,,Desconocido
AFC Asian Cup qualification,,,,False,2025-10-09,,,Lebanon,Bhutan,2.0,0.0,,,,,,,,,,,Desconocido
FIFA World Cup qualification,,,,False,2025-10-09,,1493.0,Liberia,Namibia,3.0,1.0,,,,,,,,,,,Desconocido
FIFA World Cup qualification,,,,False,2025-10-09,,1521.0,Malawi,Equatorial Guinea,3.0,0.0,,,,,,,,,,,Desconocido
FIFA World Cup qualification,,,,False,2025-10-09,1112.0,1118.0,Malta,Netherlands,0.0,4.0,,,,,,,,,,,Desconocido
Friendly,,,,False,2025-10-09,,1547.0,Morocco,Bahrain,1.0,0.0,,,,,,,,,,,Desconocido
FIFA World Cup qualification,,,,False,2025-10-09,,,Mozambique,Guinea,1.0,2.0,,,,,,,,,,,Desconocido
FIFA World Cup qualification,,,,False,2025-10-09,5164.0,2386.0,Nicaragua,Haiti,0.0,3.0,,,,,,,,,,,Desconocido
AFC Asian Cup qualification,,,,False,2025-10-09,,,Pakistan,Afghanistan,0.0,0.0,,,,,,,,,,,Desconocido
Friendly,,,,False,2025-10-09,,4673.0,Poland,New Zealand,1.0,0.0,,,,,,,,,,,Desconocido
Friendly,,,,False,2025-10-09,,,Romania,Moldova,2.0,1.0,,,,,,,,,,,Desconocido
FIFA World Cup qualification,,,,False,2025-10-09,,1117.0,Scotland,Greece,3.0,1.0,,,,,,,,,,,Desconocido
AFC Asian Cup qualification,,,,False,2025-10-09,1546.0,,Singapore,India,1.0,1.0,,,,,,,,,,,Desconocido
AFC Asian Cup qualification,,,,False,2025-10-09,,,Sri Lanka,Turkmenistan,1.0,0.0,,,,,,,,,,,Desconocido
AFC Asian Cup qualification,,,,False,2025-10-09,,1556.0,Syria,Myanmar,5.0,1.0,,,,,,,,,,,Desconocido
AFC Asian Cup qualification,,,,False,2025-10-09,1536.0,1549.0,Tajikistan,Maldives,2.0,0.0,,,,,,,,,,,Desconocido
AFC Asian Cup qualification,,,,False,2025-10-09,1564.0,,Thailand,Taiwan,2.0,0.0,,,,,,,,,,,Desconocido
AFC Asian Cup qualification,,,,False,2025-10-09,5537.0,1555.0,Timor-Leste,Philippines,1.0,4.0,,,,,,,,,,,Desconocido
AFC Asian Cup qualification,,,,False,2025-10-09,1542.0,,Vietnam,Nepal,3.0,1.0,,,,,,,,,,,Desconocido
FIFA World Cup qualification,,,,False,2025-10-08,1527.0,1504.0,Central African Republic,Ghana,0.0,5.0,,,,,,,,,,,Desconocido
FIFA World Cup qualification,,,,False,2025-10-08,,,Chad,Mali,0.0,2.0,,,,,,,,,,,Desconocido
FIFA World Cup qualification,,,,False,2025-10-08,1524.0,,Comoros,Madagascar,1.0,2.0,,,,,,,,,,,Desconocido
FIFA World Cup qualification,,,,False,2025-10-08,,,Djibouti,Egypt,0.0,3.0,,,,,,,,,,,Desconocido
FIFA World Cup qualification,,,,False,2025-10-08,,,Eswatini,Angola,2.0,2.0,,,,,,,,,,,Desconocido
FIFA World Cup qualification,,,,False,2025-10-08,,,Ethiopia,Guinea-Bissau,1.0,0.0,,,,,,,,,,,Desconocido
Friendly,,,,False,2025-10-08,1093.0,5163.0,Gibraltar,New Caledonia,0.0,2.0,,,,,,,,,,,Desconocido
FIFA World Cup qualification,,,,False,2025-10-08,1526.0,,Libya,Cape Verde,3.0,3.0,,,,,,,,,,,Desconocido
FIFA World Cup qualification,,,,False,2025-10-08,,1530.0,Mauritius,Cameroon,0.0,2.0,,,,,,,,,,,Desconocido
FIFA World Cup qualification,,,,False,2025-10-08,,1517.0,Niger,Congo,3.0,1.0,,,,,,,,,,,Desconocido
FIFA World Cup qualification,,,,False,2025-10-08,1569.0,1552.0,Qatar,Oman,0.0,0.0,,,,,,,,,,,Desconocido
Friendly,,,,False,2025-10-08,,,Saint Vincent and the Grenadines,Cuba,1.0,0.0,,,,,,,,,,,Desconocido
FIFA World Cup qualification,,,,False,2025-10-08,23.0,1571.0,Saudi Arabia,Indonesia,3.0,2.0,,,,,,,,,,,Desconocido
FIFA World Cup qualification,,,,False,2025-10-08,1499.0,,Sierra Leone,Burkina Faso,0.0,1.0,,,,,,,,,,,Desconocido
FIFA World Cup qualification,,,,False,2025-10-08,,,Tanzania,Zambia,0.0,1.0,,,,,,,,,,,Desconocido
League 1 Escocia,,,,False,2025-10-07,6773.0,,Kelty Hearts,Alloa,0.0,2.0,,,4.0,5.0,2.0,1.0,1.0,0.0,8.0,14.0,Desconocido
National League,43.0,,,False,2025-10-07,1340.0,1375.0,Scunthorpe,Morecambe,3.0,1.0,,,,,1.0,3.0,0.0,0.0,,,Desconocido
La Liga 2,,,,False,2025-10-06,725.0,722.0,Cultural Leonesa,Albacete,0.0,0.0,,,6.0,1.0,1.0,1.0,0.0,1.0,6.0,9.0,Desconocido
League 2,,,,False,2025-10-06,,1363.0,Harrogate,Crewe,1.0,2.0,,,3.0,6.0,2.0,0.0,0.0,0.0,10.0,14.0,Desconocido
Eredivisie,88.0,,,False,2025-10-05,201.0,427.0,AZ Alkmaar,Telstar,2.0,1.0,,,6.0,4.0,3.0,2.0,0.0,0.0,27.0,14.0,Desconocido
Premiership Escocia,,,,False,2025-10-05,252.0,253.0,Aberdeen,Dundee,4.0,0.0,,,11.0,2.0,1.0,0.0,0.0,0.0,20.0,8.0,Desconocido
La Liga,140.0,,,False,2025-10-05,542.0,797.0,Alaves,Elche,3.0,1.0,,,14.0,4.0,3.0,1.0,0.0,1.0,25.0,6.0,Desconocido
Jupiler Pro League,144.0,,,False,2025-10-05,554.0,,Anderlecht,Standard,1.0,0.0,,,6.0,4.0,3.0,3.0,0.0,1.0,16.0,9.0,Desconocido
Primeira Liga,94.0,,,False,2025-10-05,240.0,242.0,Arouca,Famalicao,1.0,1.0,,,4.0,11.0,5.0,1.0,1.0,0.0,7.0,14.0,Desconocido
Premier League,569.0,,,False,2025-10-05,66.0,44.0,Aston Villa,Burnley,2.0,1.0,,,6.0,4.0,3.0,1.0,0.0,0.0,15.0,5.0,Desconocido
Bundesliga 2,,,,False,2025-10-05,,,Bielefeld,Schalke 04,1.0,2.0,,,6.0,2.0,3.0,2.0,0.0,0.0,11.0,11.0,Desconocido
Serie A,71.0,,,False,2025-10-05,500.0,801.0,Bologna,Pisa,4.0,0.0,,,2.0,2.0,0.0,1.0,0.0,1.0,24.0,2.0,Desconocido
Premier League,569.0,,,False,2025-10-05,55.0,,Brentford,Man City,0.0,1.0,,,3.0,2.0,3.0,2.0,0.0,0.0,6.0,10.0,Desconocido
Serie B,72.0,,,False,2025-10-05,1581.0,863.0,Carrarese,Juve Stabia,3.0,0.0,,,5.0,3.0,2.0,4.0,0.0,0.0,10.0,15.0,Desconocido
La Liga 2,,,,False,2025-10-05,,,Castellon,Sp Gijon,3.0,1.0,,,3.0,1.0,3.0,6.0,0.0,0.0,12.0,5.0,Desconocido
La Liga,140.0,,,False,2025-10-05,,,Celta,Ath Madrid,1.0,1.0,,,6.0,3.0,1.0,3.0,0.0,1.0,18.0,6.0,Desconocido
Premiership Escocia,,,,False,2025-10-05,247.0,256.0,Celtic,Motherwell,3.0,2.0,,,10.0,0.0,2.0,0.0,0.0,0.0,16.0,5.0,Desconocido
Jupiler Pro League,144.0,,,False,2025-10-05,,,Club Brugge,St. Gilloise,1.0,0.0,,,7.0,3.0,2.0,3.0,0.0,0.0,10.0,7.0,Desconocido
La Liga,140.0,,,False,2025-10-05,,,Espanol,Betis,1.0,2.0,,,10.0,5.0,2.0,6.0,0.0,0.0,14.0,12.0,Desconocido
Premier League,569.0,,,False,2025-10-05,45.0,52.0,Everton,Crystal Palace,2.0,1.0,,,2.0,4.0,2.0,3.0,0.0,0.0,14.0,15.0,Desconocido
Premiership Escocia,,,,False,2025-10-05,1389.0,257.0,Falkirk,Rangers,1.0,1.0,,,7.0,6.0,1.0,4.0,0.0,0.0,16.0,11.0,Desconocido
Eredivisie,88.0,,,False,2025-10-05,209.0,207.0,Feyenoord,Utrecht,3.0,2.0,,,12.0,3.0,1.0,0.0,0.0,0.0,22.0,10.0,Desconocido
Serie A,71.0,,,False,2025-10-05,502.0,,Fiorentina,Roma,1.0,2.0,,,3.0,4.0,2.0,3.0,0.0,0.0,11.0,8.0,Desconocido
Jupiler Pro League,144.0,,,False,2025-10-05,742.0,6215.0,Genk,Dender,2.0,1.0,,,8.0,3.0,2.0,5.0,0.0,2.0,25.0,10.0,Desconocido
Eredivisie,88.0,,,False,2025-10-05,,,Go Ahead Eagles,Nijmegen,1.0,1.0,,,11.0,4.0,1.0,4.0,0.0,1.0,8.0,17.0,Desconocido
Turkey Super Lig,,,,False,2025-10-05,,,Goztep,Buyuksehyr,1.0,0.0,,,6.0,5.0,2.0,3.0,0.0,0.0,9.0,11.0,Desconocido
Bundesliga 2,,,,False,2025-10-05,,,Greuther Furth,Hannover,2.0,2.0,,,3.0,6.0,2.0,1.0,0.0,0.0,12.0,10.0,Desconocido
Bundesliga,218.0,,,False,2025-10-05,,,Hamburg,Mainz,4.0,0.0,,,1.0,4.0,2.0,3.0,0.0,0.0,15.0,11.0,Desconocido
Championship,407.0,,,False,2025-10-05,57.0,71.0,Ipswich,Norwich,3.0,1.0,,,8.0,8.0,1.0,3.0,0.0,0.0,19.0,12.0,Desconocido
Serie A,71.0,,,False,2025-10-05,10019.0,,Juventus,Milan,0.0,0.0,,,6.0,0.0,2.0,2.0,0.0,0.0,12.0,13.0,Desconocido
Turkey Super Lig,,,,False,2025-10-05,,,Karagumruk,Gaziantep,0.0,2.0,,,5.0,2.0,1.0,4.0,0.0,0.0,13.0,17.0,Desconocido
Turkey Super Lig,,,,False,2025-10-05,,607.0,Kasimpasa,Konyaspor,1.0,1.0,,,5.0,3.0,2.0,3.0,0.0,0.0,10.0,7.0,Desconocido
Super League Greece,,,,False,2025-10-05,5050.0,,Kifisia,AEK,2.0,3.0,,,6.0,3.0,3.0,6.0,0.0,1.0,16.0,9.0,Desconocido
La Liga 2,,,,False,2025-10-05,534.0,724.0,Las Palmas,Cadiz,1.0,0.0,,,6.0,5.0,1.0,4.0,0.0,0.0,14.0,8.0,Desconocido
Ligue 1,61.0,,,False,2025-10-05,111.0,94.0,Le Havre,Rennes,2.0,2.0,,,3.0,4.0,1.0,2.0,0.0,0.0,10.0,9.0,Desconocido
Super League Greece,,,,False,2025-10-05,,949.0,Levadeiakos,Panetolikos,6.0,0.0,,,6.0,2.0,0.0,3.0,0.0,2.0,17.0,8.0,Desconocido
Ligue 1,61.0,,,False,2025-10-05,79.0,,Lille,Paris SG,1.0,1.0,,,3.0,5.0,1.0,1.0,0.0,0.0,9.0,17.0,Desconocido
Ligue 1,61.0,,,False,2025-10-05,80.0,96.0,Lyon,Toulouse,1.0,2.0,,,8.0,5.0,1.0,3.0,0.0,0.0,13.0,14.0,Desconocido
Bundesliga,218.0,,,False,2025-10-05,,,M'gladbach,Freiburg,0.0,0.0,,,4.0,1.0,3.0,1.0,0.0,0.0,9.0,12.0,Desconocido
Bundesliga 2,,,,False,2025-10-05,,,Magdeburg,Elversberg,0.0,4.0,,,7.0,13.0,1.0,2.0,0.0,0.0,15.0,20.0,Desconocido
Serie B,72.0,,,False,2025-10-05,899.0,527.0,Modena,Virtus Entella,2.0,0.0,,,5.0,3.0,1.0,0.0,0.0,0.0,18.0,15.0,Desconocido
Ligue 1,61.0,,,False,2025-10-05,91.0,84.0,Monaco,Nice,2.0,2.0,,,6.0,7.0,1.0,3.0,0.0,1.0,20.0,9.0,Desconocido
Serie A,71.0,,,False,2025-10-05,492.0,495.0,Napoli,Genoa,2.0,1.0,,,7.0,5.0,1.0,3.0,0.0,0.0,12.0,6.0,Desconocido
Premier League,569.0,,,False,2025-10-05,34.0,,Newcastle,Nott'm Forest,2.0,0.0,,,8.0,1.0,0.0,4.0,0.0,0.0,18.0,5.0,Desconocido
Super League Greece,,,,False,2025-10-05,619.0,3415.0,PAOK,Olympiakos,2.0,1.0,,,1.0,3.0,4.0,3.0,0.0,0.0,10.0,9.0,Desconocido
Super League Greece,,,,False,2025-10-05,617.0,12260.0,Panathinaikos,Atromitos,1.0,0.0,,,6.0,2.0,0.0,2.0,0.0,0.0,19.0,3.0,Desconocido
Primeira Liga,94.0,,,False,2025-10-05,,211.0,Porto,Benfica,0.0,0.0,,,3.0,3.0,6.0,2.0,0.0,0.0,8.0,4.0,Desconocido
Primeira Liga,94.0,,,False,2025-10-05,226.0,218.0,Rio Ave,Tondela,3.0,0.0,,,6.0,7.0,7.0,4.0,1.0,1.0,13.0,13.0,Desconocido
Friendly,,,,False,2025-10-05,,10984.0,Saint Kitts and Nevis,Saint Martin,2.0,1.0,,,,,,,,,,,Desconocido
Friendly,,,,False,2025-10-05,,,Saint Vincent and the Grenadines,Cuba,7.0,0.0,,,,,,,,,,,Desconocido
Serie B,72.0,,,False,2025-10-05,498.0,525.0,Sampdoria,Pescara,4.0,1.0,,,8.0,1.0,2.0,1.0,0.0,1.0,28.0,6.0,Desconocido
Turkey Super Lig,,,,False,2025-10-05,3603.0,,Samsunspor,Fenerbahce,0.0,0.0,,,6.0,5.0,0.0,3.0,0.0,0.0,12.0,6.0,Desconocido
La Liga 2,,,,False,2025-10-05,,535.0,Santander,Malaga,3.0,0.0,,,11.0,3.0,2.0,0.0,0.0,1.0,16.0,10.0,Desconocido
La Liga,140.0,,,False,2025-10-05,536.0,529.0,Sevilla,Barcelona,4.0,1.0,,,7.0,6.0,7.0,5.0,0.0,0.0,13.0,17.0,Desconocido
La Liga,140.0,,,False,2025-10-05,,,Sociedad,Vallecano,0.0,1.0,,,7.0,5.0,1.0,2.0,0.0,0.0,10.0,7.0,Desconocido
Primeira Liga,94.0,,,False,2025-10-05,,,Sp Lisbon,Sp Braga,1.0,1.0,,,1.0,5.0,4.0,5.0,0.0,0.0,13.0,11.0,Desconocido
Ligue 1,61.0,,,False,2025-10-05,95.0,77.0,Strasbourg,Angers,5.0,0.0,,,2.0,5.0,2.0,2.0,0.0,0.0,18.0,5.0,Desconocido
Bundesliga,218.0,,,False,2025-10-05,,,Stuttgart,Heidenheim,1.0,0.0,,,1.0,1.0,1.0,1.0,0.0,0.0,18.0,5.0,Desconocido
Serie B,72.0,,,False,2025-10-05,1578.0,511.0,Sudtirol,Empoli,1.0,2.0,,,2.0,7.0,2.0,2.0,1.0,0.0,13.0,21.0,Desconocido
Eredivisie,88.0,,,False,2025-10-05,415.0,206.0,Twente,Heracles,2.0,1.0,,,4.0,3.0,0.0,2.0,1.0,0.0,21.0,7.0,Desconocido
Serie A,71.0,,,False,2025-10-05,494.0,490.0,Udinese,Cagliari,1.0,1.0,,,7.0,2.0,1.0,2.0,0.0,0.0,23.0,8.0,Desconocido
La Liga 2,,,,False,2025-10-05,720.0,799.0,Valladolid,Mirandes,1.0,1.0,,,14.0,2.0,0.0,1.0,0.0,0.0,22.0,10.0,Desconocido
Jupiler Pro League,144.0,,,False,2025-10-05,,,Westerlo,Oud-Heverlee Leuven,2.0,0.0,,,6.0,6.0,2.0,2.0,0.0,0.0,17.0,8.0,Desconocido
Premier League,569.0,,,False,2025-10-05,39.0,51.0,Wolves,Brighton,1.0,1.0,,,2.0,8.0,2.0,4.0,0.0,0.0,6.0,17.0,Desconocido
La Liga 2,,,,False,2025-10-05,732.0,713.0,Zaragoza,Cordoba,0.0,1.0,,,7.0,4.0,6.0,5.0,1.0,0.0,10.0,11.0,Desconocido
Primeira Liga,94.0,,,False,2025-10-04,21595.0,4724.0,AVS,Alverca,1.0,3.0,,,0.0,5.0,3.0,2.0,0.0,0.0,5.0,12.0,Desconocido
Championship Escocia,,,,False,2025-10-04,,1383.0,Airdrie Utd,Morton,1.0,2.0,,,4.0,4.0,1.0,2.0,0.0,0.0,5.0,4.0,Desconocido
La Liga 2,,,,False,2025-10-04,1110.0,537.0,Andorra,Leganes,1.0,2.0,,,7.0,1.0,2.0,3.0,1.0,0.0,8.0,11.0,Desconocido
Jupiler Pro League,144.0,,,False,2025-10-04,740.0,741.0,Antwerp,Cercle Brugge,1.0,1.0,,,8.0,3.0,1.0,1.0,0.0,0.0,18.0,12.0,Desconocido
Premier League,569.0,,,False,2025-10-04,9419.0,48.0,Arsenal,West Ham,2.0,0.0,,,8.0,3.0,0.0,2.0,0.0,0.0,21.0,4.0,Desconocido
Serie A,71.0,,,False,2025-10-04,499.0,895.0,Atalanta,Como,1.0,1.0,,,8.0,3.0,1.0,3.0,0.0,0.0,16.0,12.0,Desconocido
La Liga,140.0,,,False,2025-10-04,,798.0,Ath Bilbao,Mallorca,2.0,1.0,,,7.0,2.0,5.0,6.0,0.0,1.0,18.0,7.0,Desconocido
Bundesliga,218.0,,,False,2025-10-04,,,Augsburg,Wolfsburg,3.0,1.0,,,10.0,5.0,2.0,1.0,0.0,0.0,10.0,14.0,Desconocido
Ligue 1,61.0,,,False,2025-10-04,108.0,116.0,Auxerre,Lens,1.0,2.0,,,2.0,2.0,3.0,7.0,0.0,1.0,18.0,7.0,Desconocido
Serie B,72.0,,,False,2025-10-04,528.0,1693.0,Avellino,Mantova,0.0,0.0,,,8.0,7.0,2.0,3.0,0.0,0.0,12.0,19.0,Desconocido
Serie B,72.0,,,False,2025-10-04,508.0,870.0,Bari,Padova,2.0,1.0,,,7.0,7.0,2.0,0.0,0.0,1.0,15.0,17.0,Desconocido
League 2,,,,False,2025-10-04,1369.0,,Barnet,Accrington,2.0,0.0,,,4.0,4.0,1.0,3.0,0.0,0.0,15.0,15.0,Desconocido
League 2,,,,False,2025-10-04,1819.0,1352.0,Barrow,Shrewsbury,0.0,0.0,,,3.0,7.0,2.0,2.0,0.0,0.0,7.0,10.0,Desconocido
Championship,407.0,,,False,2025-10-04,67.0,,Blackburn,Stoke,1.0,1.0,,,7.0,6.0,1.0,1.0,0.0,0.0,17.0,11.0,Desconocido
League 1,,,,False,2025-10-04,1356.0,1333.0,Blackpool,AFC Wimbledon,0.0,2.0,,,1.0,2.0,3.0,1.0,0.0,0.0,3.0,8.0,Desconocido
League 1,,,,False,2025-10-04,68.0,,Bolton,Peterboro,2.0,1.0,,,7.0,1.0,2.0,3.0,0.0,0.0,19.0,9.0,Desconocido
National League,43.0,,,False,2025-10-04,,,Braintree Town,Sutton,0.0,0.0,,,,,1.0,3.0,0.0,0.0,,,Desconocido
Ligue 1,61.0,,,False,2025-10-04,,83.0,Brest,Nantes,0.0,0.0,,,12.0,3.0,2.0,1.0,0.0,0.0,17.0,6.0,Desconocido
Championship,407.0,,,False,2025-10-04,56.0,72.0,Bristol City,QPR,1.0,2.0,,,4.0,1.0,5.0,1.0,0.0,0.0,11.0,8.0,Desconocido
League 2,,,,False,2025-10-04,1832.0,1381.0,Bromley,Tranmere,3.0,3.0,,,8.0,2.0,2.0,3.0,1.0,0.0,17.0,9.0,Desconocido
League 2,,,,False,2025-10-04,,1362.0,Cambridge,Crawley Town,3.0,1.0,,,2.0,10.0,2.0,5.0,0.0,0.0,7.0,14.0,Desconocido
League 1,,,,False,2025-10-04,43.0,1373.0,Cardiff,Leyton Orient,4.0,3.0,,,6.0,8.0,2.0,2.0,0.0,0.0,16.0,26.0,Desconocido
Serie B,72.0,,,False,2025-10-04,509.0,880.0,Cesena,Reggiana,1.0,2.0,,,4.0,0.0,2.0,3.0,1.0,0.0,16.0,6.0,Desconocido
Premier League,569.0,,,False,2025-10-04,49.0,40.0,Chelsea,Liverpool,2.0,1.0,,,7.0,2.0,0.0,2.0,0.0,0.0,12.0,12.0,Desconocido
League 2,,,,False,2025-10-04,1372.0,1336.0,Cheltenham,Fleetwood Town,2.0,0.0,,,0.0,6.0,1.0,4.0,0.0,0.0,11.0,18.0,Desconocido
League 2 Escocia,,,,False,2025-10-04,6762.0,6765.0,Clyde,East Kilbride,2.0,2.0,,,2.0,7.0,1.0,1.0,0.0,0.0,11.0,14.0,Desconocido
League 2,,,,False,2025-10-04,1361.0,1345.0,Colchester,Chesterfield,6.0,2.0,,,3.0,3.0,1.0,1.0,0.0,0.0,23.0,6.0,Desconocido
Championship,407.0,,,False,2025-10-04,69.0,41.0,Derby,Southampton,1.0,1.0,,,3.0,5.0,4.0,2.0,0.0,0.0,9.0,13.0,Desconocido
League 1,,,,False,2025-10-04,1354.0,,Doncaster,Burton,1.0,1.0,,,5.0,10.0,1.0,1.0,0.0,0.0,15.0,15.0,Desconocido
Bundesliga,218.0,,,False,2025-10-04,,173.0,Dortmund,RB Leipzig,1.0,1.0,,,7.0,7.0,1.0,3.0,0.0,0.0,15.0,13.0,Desconocido
Bundesliga 2,,,,False,2025-10-04,,,Dresden,Karlsruhe,3.0,3.0,,,3.0,7.0,1.0,1.0,0.0,0.0,13.0,22.0,Desconocido
Premiership Escocia,,,,False,2025-10-04,,255.0,Dundee United,Livingston,1.0,1.0,,,4.0,5.0,1.0,1.0,0.0,0.0,19.0,7.0,Desconocido
Championship Escocia,,,,False,2025-10-04,1388.0,,Dunfermline,Queens Park,0.0,0.0,,,2.0,3.0,2.0,2.0,0.0,0.0,11.0,7.0,Desconocido
League 1 Escocia,,,,False,2025-10-04,6764.0,6763.0,East Fife,Cove Rangers,2.0,0.0,,,6.0,7.0,1.0,1.0,0.0,0.0,14.0,10.0,Desconocido
National League,43.0,,,False,2025-10-04,1822.0,,Eastleigh,Solihull,1.0,1.0,,,,,2.0,2.0,0.0,0.0,,,Desconocido
Bundesliga,218.0,,,False,2025-10-04,,,Ein Frankfurt,Bayern Munich,0.0,3.0,,,4.0,3.0,1.0,2.0,0.0,0.0,6.0,12.0,Desconocido
League 2 Escocia,,,,False,2025-10-04,,,Elgin,Forfar,2.0,1.0,,,7.0,4.0,1.0,3.0,0.0,0.0,10.0,8.0,Desconocido
Eredivisie,88.0,,,False,2025-10-04,,,For Sittard,Volendam,1.0,0.0,,,7.0,4.0,1.0,2.0,0.0,0.0,16.0,8.0,Desconocido
National League,43.0,,,False,2025-10-04,1378.0,1339.0,Forest Green,Rochdale,0.0,1.0,,,,,2.0,3.0,0.0,0.0,,,Desconocido
Turkey Super Lig,,,,False,2025-10-04,645.0,,Galatasaray,Besiktas,1.0,1.0,,,4.0,8.0,1.0,6.0,1.0,0.0,14.0,11.0,Desconocido
National League,43.0,,,False,2025-10-04,1823.0,,Gateshead,Boston Utd,1.0,3.0,,,,,1.0,1.0,0.0,0.0,,,Desconocido
Turkey Super Lig,,,,False,2025-10-04,,996.0,Genclerbirligi,Alanyaspor,2.0,2.0,,,7.0,5.0,2.0,3.0,0.0,0.0,12.0,12.0,Desconocido
Primeira Liga,94.0,,,False,2025-10-04,,15130.0,Gil Vicente,Estrela,2.0,0.0,,,5.0,7.0,2.0,3.0,1.0,0.0,15.0,15.0,Desconocido
La Liga,140.0,,,False,2025-10-04,547.0,532.0,Girona,Valencia,2.0,1.0,,,0.0,7.0,5.0,1.0,2.0,0.0,4.0,19.0,Desconocido
La Liga 2,,,,False,2025-10-04,22018.0,,Granada,Sociedad B,5.0,2.0,,,2.0,5.0,2.0,4.0,0.0,0.0,13.0,14.0,Desconocido
Primeira Liga,94.0,,,False,2025-10-04,224.0,227.0,Guimaraes,Santa Clara,2.0,1.0,,,9.0,3.0,4.0,5.0,0.0,0.0,14.0,13.0,Desconocido
National League,43.0,,,False,2025-10-04,,4701.0,Halifax,Brackley Town,2.0,0.0,,,,,0.0,3.0,0.0,0.0,,,Desconocido
League 1 Escocia,,,,False,2025-10-04,,,Hamilton,Inverness C,3.0,1.0,,,2.0,4.0,2.0,1.0,0.0,0.0,12.0,6.0,Desconocido
National League,43.0,,,False,2025-10-04,1366.0,1828.0,Hartlepool,York,1.0,2.0,,,,,2.0,0.0,0.0,0.0,,,Desconocido
Premiership Escocia,,,,False,2025-10-04,,249.0,Hearts,Hibernian,1.0,0.0,,,4.0,2.0,2.0,1.0,0.0,0.0,11.0,5.0,Desconocido
Eredivisie,88.0,,,False,2025-10-04,210.0,196.0,Heerenveen,Excelsior,2.0,1.0,,,7.0,3.0,1.0,3.0,0.0,0.0,19.0,9.0,Desconocido
Bundesliga 2,,,,False,2025-10-04,,1313.0,Hertha,Preußen Münster,2.0,1.0,,,5.0,4.0,4.0,3.0,0.0,0.0,17.0,17.0,Desconocido
Bundesliga 2,,,,False,2025-10-04,191.0,,Holstein Kiel,Darmstadt,1.0,1.0,,,5.0,0.0,1.0,1.0,0.0,0.0,22.0,8.0,Desconocido
League 1,,,,False,2025-10-04,37.0,,Huddersfield,Stockport,1.0,2.0,,,10.0,2.0,2.0,1.0,0.0,1.0,16.0,13.0,Desconocido
La Liga 2,,,,False,2025-10-04,726.0,9580.0,Huesca,Burgos,2.0,1.0,,,1.0,1.0,2.0,3.0,0.0,0.0,9.0,4.0,Desconocido
Championship,407.0,,,False,2025-10-04,,,Hull,Sheffield United,1.0,0.0,,,4.0,9.0,2.0,2.0,0.0,0.0,5.0,13.0,Desconocido
Serie A,71.0,,,False,2025-10-04,505.0,520.0,Inter,Cremonese,4.0,1.0,,,13.0,1.0,1.0,1.0,0.0,0.0,27.0,3.0,Desconocido
Bundesliga 2,,,,False,2025-10-04,,,Kaiserslautern,Bochum,3.0,2.0,,,11.0,2.0,2.0,5.0,0.0,0.0,22.0,10.0,Desconocido
League 1 Escocia,,,,False,2025-10-04,6773.0,6777.0,Kelty Hearts,Peterhead,1.0,2.0,,,2.0,4.0,3.0,0.0,0.0,0.0,4.0,4.0,Desconocido
Premiership Escocia,,,,False,2025-10-04,250.0,,Kilmarnock,St Mirren,2.0,0.0,,,4.0,9.0,1.0,2.0,0.0,0.0,9.0,7.0,Desconocido
Turkey Super Lig,,,,False,2025-10-04,7411.0,,Kocaelispor,Eyupspor,1.0,0.0,,,3.0,3.0,3.0,3.0,0.0,0.0,9.0,13.0,Desconocido
La Liga 2,,,,False,2025-10-04,,723.0,La Coruna,Almeria,1.0,1.0,,,4.0,2.0,4.0,3.0,0.0,0.0,15.0,10.0,Desconocido
Super League Greece,,,,False,2025-10-04,953.0,2110.0,Larisa,Volos NFC,2.0,5.0,,,10.0,2.0,4.0,3.0,0.0,0.0,15.0,20.0,Desconocido
Serie A,71.0,,,False,2025-10-04,487.0,503.0,Lazio,Torino,3.0,3.0,,,3.0,5.0,3.0,3.0,0.0,0.0,9.0,16.0,Desconocido
Premier League,569.0,,,False,2025-10-04,63.0,47.0,Leeds,Tottenham,1.0,2.0,,,4.0,1.0,2.0,3.0,0.0,0.0,16.0,9.0,Desconocido
Bundesliga,218.0,,,False,2025-10-04,,182.0,Leverkusen,Union Berlin,2.0,0.0,,,4.0,4.0,1.0,3.0,0.0,0.0,20.0,10.0,Desconocido
League 1,,,,False,2025-10-04,1379.0,,Lincoln,Exeter,0.0,1.0,,,7.0,2.0,0.0,2.0,0.0,0.0,16.0,7.0,Desconocido
Premier League,569.0,,,False,2025-10-04,,746.0,Man United,Sunderland,2.0,0.0,,,2.0,3.0,1.0,4.0,0.0,0.0,15.0,8.0,Desconocido
Jupiler Pro League,144.0,,,False,2025-10-04,,,Mechelen,St Truiden,1.0,3.0,,,5.0,9.0,3.0,1.0,0.0,0.0,10.0,19.0,Desconocido
Ligue 1,61.0,,,False,2025-10-04,112.0,81.0,Metz,Marseille,0.0,3.0,,,4.0,4.0,0.0,0.0,0.0,0.0,4.0,21.0,Desconocido
Championship,407.0,,,False,2025-10-04,58.0,60.0,Millwall,West Brom,3.0,0.0,,,4.0,5.0,1.0,2.0,0.0,0.0,11.0,10.0,Desconocido
League 2,,,,False,2025-10-04,1348.0,1347.0,Milton Keynes Dons,Gillingham,3.0,2.0,,,3.0,4.0,2.0,3.0,0.0,0.0,13.0,14.0,Desconocido
Ligue 2,62.0,,,False,2025-10-04,82.0,,Montpellier,St Etienne,0.0,2.0,,,8.0,3.0,4.0,4.0,0.0,0.0,18.0,8.0,Desconocido
Serie B,72.0,,,False,2025-10-04,1579.0,1687.0,Monza,Catanzaro,2.0,1.0,,,5.0,3.0,2.0,1.0,0.0,0.0,13.0,10.0,Desconocido
Primeira Liga,94.0,,,False,2025-10-04,225.0,215.0,Nacional,Moreirense,3.0,2.0,,,2.0,4.0,1.0,3.0,0.0,1.0,17.0,10.0,Desconocido
League 2,,,,False,2025-10-04,1367.0,,Newport County,Swindon,0.0,1.0,,,5.0,6.0,4.0,5.0,0.0,0.0,9.0,11.0,Desconocido
League 2,,,,False,2025-10-04,1376.0,1349.0,Notts County,Oldham,3.0,1.0,,,2.0,9.0,1.0,1.0,0.0,0.0,18.0,10.0,Desconocido
Super League Greece,,,,False,2025-10-04,,3408.0,OFI Crete,Aris,3.0,0.0,,,2.0,5.0,4.0,0.0,0.0,0.0,9.0,12.0,Desconocido
La Liga,140.0,,,False,2025-10-04,718.0,539.0,Oviedo,Levante,0.0,2.0,,,9.0,3.0,2.0,2.0,0.0,0.0,13.0,14.0,Desconocido
Super League Greece,,,,False,2025-10-04,2099.0,955.0,Panserraikos,Asteras Tripolis,2.0,1.0,,,2.0,4.0,5.0,4.0,0.0,0.0,10.0,10.0,Desconocido
Serie A,71.0,,,False,2025-10-04,523.0,867.0,Parma,Lecce,0.0,1.0,,,4.0,9.0,1.0,2.0,0.0,0.0,10.0,7.0,Desconocido
Championship Escocia,,,,False,2025-10-04,901.0,4249.0,Partick,Arbroath,1.0,1.0,,,6.0,5.0,2.0,1.0,0.0,0.0,16.0,9.0,Desconocido
League 1,,,,False,2025-10-04,1357.0,61.0,Plymouth,Wigan,1.0,1.0,,,7.0,5.0,2.0,5.0,0.0,0.0,9.0,9.0,Desconocido
League 1,,,,False,2025-10-04,1351.0,1337.0,Port Vale,Northampton,0.0,0.0,,,3.0,4.0,2.0,1.0,0.0,0.0,8.0,6.0,Desconocido
Championship,407.0,,,False,2025-10-04,1355.0,70.0,Portsmouth,Middlesbrough,1.0,0.0,,,2.0,8.0,2.0,1.0,0.0,0.0,8.0,12.0,Desconocido
Championship,407.0,,,False,2025-10-04,59.0,1335.0,Preston,Charlton,2.0,0.0,,,3.0,4.0,0.0,2.0,0.0,0.0,15.0,8.0,Desconocido
League 1 Escocia,,,,False,2025-10-04,,,Queen of Sth,Alloa,1.0,0.0,,,2.0,2.0,6.0,5.0,0.0,0.0,11.0,9.0,Desconocido
Jupiler Pro League,144.0,,,False,2025-10-04,,,RAAL La Louviere,Waregem,0.0,0.0,,,12.0,1.0,2.0,3.0,0.0,0.0,11.0,6.0,Desconocido
League 1,,,,False,2025-10-04,53.0,,Reading,Mansfield,1.0,1.0,,,4.0,5.0,2.0,1.0,0.0,0.0,16.0,14.0,Desconocido
La Liga,140.0,,,False,2025-10-04,541.0,533.0,Real Madrid,Villarreal,3.0,1.0,,,4.0,0.0,2.0,4.0,0.0,1.0,26.0,9.0,Desconocido
Ligue 2,62.0,,,False,2025-10-04,,1301.0,Red Star,Rodez,1.0,1.0,,,5.0,2.0,2.0,4.0,0.0,0.0,16.0,7.0,Desconocido
Ligue 2,62.0,,,False,2025-10-04,93.0,101.0,Reims,Grenoble,2.0,4.0,,,7.0,0.0,1.0,0.0,0.0,0.0,21.0,6.0,Desconocido
Championship Escocia,,,,False,2025-10-04,902.0,,Ross County,Raith Rvs,2.0,0.0,,,3.0,6.0,0.0,2.0,0.0,0.0,11.0,16.0,Desconocido
Friendly,,,,False,2025-10-04,,10984.0,Saint Kitts and Nevis,Saint Martin,5.0,0.0,,,,,,,,,,,Desconocido
League 2,,,,False,2025-10-04,,1365.0,Salford,Grimsby,0.0,2.0,,,4.0,5.0,3.0,3.0,0.0,0.0,13.0,13.0,Desconocido
National League,43.0,,,False,2025-10-04,1340.0,1371.0,Scunthorpe,Carlisle,0.0,1.0,,,,,4.0,4.0,1.0,0.0,,,Desconocido
Championship,407.0,,,False,2025-10-04,,1346.0,Sheffield Weds,Coventry,0.0,5.0,,,13.0,8.0,1.0,1.0,0.0,0.0,9.0,21.0,Desconocido
National League,43.0,,,False,2025-10-04,1341.0,,Southend,Aldershot,3.0,0.0,,,,,2.0,0.0,0.0,0.0,,,Desconocido
Eredivisie,88.0,,,False,2025-10-04,426.0,194.0,Sparta Rotterdam,Ajax,3.0,3.0,,,6.0,4.0,1.0,3.0,0.0,0.0,14.0,17.0,Desconocido
League 2 Escocia,,,,False,2025-10-04,6781.0,6766.0,Spartans,Edinburgh City,0.0,1.0,,,9.0,3.0,3.0,6.0,0.0,0.0,10.0,5.0,Desconocido
Serie B,72.0,,,False,2025-10-04,515.0,522.0,Spezia,Palermo,1.0,2.0,,,5.0,5.0,1.0,3.0,0.0,0.0,12.0,10.0,Desconocido
Championship Escocia,,,,False,2025-10-04,,,St Johnstone,Ayr,0.0,0.0,,,10.0,2.0,4.0,2.0,0.0,0.0,5.0,4.0,Desconocido
League 1 Escocia,,,,False,2025-10-04,6784.0,4251.0,Stenhousemuir,Montrose,3.0,1.0,,,2.0,3.0,1.0,3.0,0.0,0.0,12.0,13.0,Desconocido
League 1,,,,False,2025-10-04,1368.0,1359.0,Stevenage,Luton,2.0,0.0,,,1.0,5.0,3.0,1.0,0.0,0.0,7.0,9.0,Desconocido
League 2 Escocia,,,,False,2025-10-04,,1382.0,Stirling,Dumbarton,2.0,2.0,,,6.0,9.0,1.0,2.0,0.0,0.0,13.0,6.0,Desconocido
League 2 Escocia,,,,False,2025-10-04,6785.0,6757.0,Stranraer,Annan Athletic,0.0,1.0,,,11.0,4.0,1.0,3.0,0.0,0.0,10.0,9.0,Desconocido
Championship,407.0,,,False,2025-10-04,76.0,46.0,Swansea,Leicester,1.0,3.0,,,2.0,5.0,2.0,1.0,0.0,0.0,13.0,17.0,Desconocido
National League,43.0,,,False,2025-10-04,7752.0,1375.0,Tamworth,Morecambe,1.0,1.0,,,,,1.0,3.0,0.0,0.0,,,Desconocido
Serie B,72.0,,,False,2025-10-04,517.0,512.0,Venezia,Frosinone,3.0,0.0,,,3.0,7.0,3.0,4.0,0.0,0.0,17.0,17.0,Desconocido
League 2,,,,False,2025-10-04,1342.0,,Walsall,Bristol Rvs,2.0,1.0,,,3.0,2.0,3.0,3.0,0.0,0.0,6.0,6.0,Desconocido
Championship,407.0,,,False,2025-10-04,38.0,,Watford,Oxford,2.0,1.0,,,9.0,3.0,3.0,4.0,0.0,0.0,27.0,15.0,Desconocido
National League,43.0,,,False,2025-10-04,8663.0,4700.0,Wealdstone,Altrincham,1.0,1.0,,,,,1.0,2.0,0.0,0.0,,,Desconocido
Bundesliga,218.0,,,False,2025-10-04,162.0,,Werder Bremen,St Pauli,1.0,0.0,,,4.0,1.0,3.0,1.0,0.0,0.0,15.0,13.0,Desconocido
National League,43.0,,,False,2025-10-04,1836.0,,Woking,Truro,2.0,2.0,,,,,2.0,2.0,0.0,0.0,,,Desconocido
League 1,,,,False,2025-10-04,1358.0,747.0,Wycombe,Barnsley,2.0,2.0,,,11.0,4.0,1.0,2.0,0.0,0.0,12.0,8.0,Desconocido
National League,43.0,,,False,2025-10-04,,1830.0,Yeovil,Boreham Wood,0.0,3.0,,,,,1.0,1.0,0.0,0.0,,,Desconocido
Eredivisie,88.0,,,False,2025-10-04,,197.0,Zwolle,PSV Eindhoven,0.0,4.0,,,4.0,8.0,0.0,3.0,1.0,0.0,4.0,19.0,Desconocido
Ligue 2,62.0,,,False,2025-10-03,87.0,1299.0,Amiens,Boulogne,0.0,1.0,,,5.0,4.0,2.0,1.0,1.0,0.0,4.0,19.0,Desconocido
Ligue 2,62.0,,,False,2025-10-03,3012.0,433.0,Annecy,Laval,0.0,0.0,,,5.0,0.0,3.0,2.0,0.0,1.0,8.0,3.0,Desconocido
Turkey Super Lig,,,,False,2025-10-03,1005.0,1007.0,Antalyaspor,Rizespor,2.0,5.0,,,6.0,2.0,3.0,4.0,1.0,0.0,15.0,14.0,Desconocido
Ligue 2,62.0,,,False,2025-10-03,1305.0,1304.0,Bastia,Dunkerque,0.0,0.0,,,6.0,3.0,1.0,3.0,0.0,1.0,15.0,6.0,Desconocido
Premier League,569.0,,,False,2025-10-03,35.0,36.0,Bournemouth,Fulham,3.0,1.0,,,4.0,3.0,0.0,1.0,0.0,0.0,11.0,12.0,Desconocido
Bundesliga 2,,,,False,2025-10-03,,,Braunschweig,Paderborn,1.0,2.0,,,4.0,4.0,3.0,2.0,0.0,0.0,7.0,16.0,Desconocido
Primeira Liga,94.0,,,False,2025-10-03,4716.0,230.0,Casa Pia,Estoril,2.0,2.0,,,6.0,7.0,3.0,3.0,0.0,0.0,11.0,10.0,Desconocido
La Liga 2,,,,False,2025-10-03,,545.0,Ceuta,Eibar,1.0,0.0,,,7.0,3.0,4.0,1.0,0.0,1.0,12.0,5.0,Desconocido
Bundesliga 2,,,,False,2025-10-03,,,Fortuna Dusseldorf,Nurnberg,2.0,3.0,,,1.0,2.0,3.0,2.0,0.0,0.0,12.0,17.0,Desconocido
Jupiler Pro League,144.0,,,False,2025-10-03,631.0,736.0,Gent,Charleroi,2.0,1.0,,,4.0,2.0,2.0,4.0,0.0,0.0,9.0,9.0,Desconocido
Ligue 2,62.0,,,False,2025-10-03,90.0,102.0,Guingamp,Nancy,2.0,2.0,,,5.0,2.0,2.0,4.0,0.0,2.0,15.0,7.0,Desconocido
Bundesliga,218.0,,,False,2025-10-03,,,Hoffenheim,FC Koln,0.0,1.0,,,11.0,6.0,3.0,1.0,0.0,0.0,15.0,10.0,Desconocido
Ligue 2,62.0,,,False,2025-10-03,1298.0,,Le Mans,Troyes,2.0,2.0,,,1.0,6.0,1.0,3.0,0.0,0.0,13.0,8.0,Desconocido
Eredivisie,88.0,,,False,2025-10-03,203.0,202.0,NAC Breda,Groningen,1.0,2.0,,,7.0,6.0,3.0,1.0,0.0,0.0,11.0,14.0,Desconocido
La Liga,140.0,,,False,2025-10-03,727.0,546.0,Osasuna,Getafe,2.0,1.0,,,1.0,6.0,1.0,4.0,0.0,0.0,7.0,6.0,Desconocido
Ligue 1,61.0,,,False,2025-10-03,114.0,97.0,Paris FC,Lorient,2.0,0.0,,,1.0,5.0,0.0,2.0,0.0,0.0,10.0,8.0,Desconocido
Ligue 2,62.0,,,False,2025-10-03,,,Pau FC,Clermont,3.0,1.0,,,5.0,6.0,0.0,0.0,0.0,0.0,7.0,10.0,Desconocido
Turkey Super Lig,,,,False,2025-10-03,998.0,1001.0,Trabzonspor,Kayserispor,4.0,0.0,,,6.0,2.0,0.0,2.0,0.0,0.0,25.0,17.0,Desconocido
Serie A,71.0,,,False,2025-10-03,,488.0,Verona,Sassuolo,0.0,1.0,,,4.0,2.0,2.0,2.0,0.0,0.0,17.0,11.0,Desconocido
Championship,407.0,,,False,2025-10-03,1837.0,54.0,Wrexham,Birmingham,1.0,1.0,,,5.0,5.0,0.0,2.0,0.0,0.0,12.0,8.0,Desconocido
League 1,,,,False,2025-10-02,73.0,1343.0,Rotherham,Bradford,2.0,2.0,,,5.0,4.0,4.0,4.0,0.0,0.0,13.0,10.0,Desconocido
National League,43.0,,,False,2025-10-01,4700.0,7752.0,Altrincham,Tamworth,1.0,2.0,,,,,1.0,3.0,0.0,0.0,,,Desconocido
National League,43.0,,,False,2025-10-01,,1378.0,Boston Utd,Forest Green,0.0,0.0,,,,,1.0,0.0,0.0,0.0,,,Desconocido
National League,43.0,,,False,2025-10-01,4701.0,8663.0,Brackley Town,Wealdstone,0.0,2.0,,,,,3.0,1.0,0.0,0.0,,,Desconocido
National League,43.0,,,False,2025-10-01,1371.0,1366.0,Carlisle,Hartlepool,3.0,1.0,,,,,0.0,0.0,0.0,0.0,,,Desconocido
Serie B,72.0,,,False,2025-10-01,1581.0,899.0,Carrarese,Modena,0.0,0.0,,,4.0,6.0,3.0,4.0,0.0,0.0,14.0,10.0,Desconocido
Serie B,72.0,,,False,2025-10-01,511.0,1579.0,Empoli,Monza,1.0,1.0,,,4.0,4.0,2.0,2.0,0.0,0.0,12.0,16.0,Desconocido
Championship,407.0,,,False,2025-10-01,58.0,1346.0,Millwall,Coventry,0.0,4.0,,,3.0,3.0,2.0,2.0,0.0,0.0,13.0,13.0,Desconocido
Championship,407.0,,,False,2025-10-01,71.0,60.0,Norwich,West Brom,0.0,1.0,,,4.0,3.0,1.0,4.0,0.0,0.0,16.0,5.0,Desconocido
Serie B,72.0,,,False,2025-10-01,525.0,1578.0,Pescara,Sudtirol,1.0,1.0,,,5.0,2.0,2.0,3.0,0.0,0.0,9.0,13.0,Desconocido
Championship,407.0,,,False,2025-10-01,1355.0,38.0,Portsmouth,Watford,2.0,2.0,,,3.0,3.0,2.0,5.0,0.0,0.0,15.0,12.0,Desconocido
Championship,407.0,,,False,2025-10-01,72.0,,QPR,Oxford,0.0,0.0,,,9.0,1.0,3.0,1.0,0.0,0.0,13.0,9.0,Desconocido
National League,43.0,,,False,2025-10-01,1339.0,,Rochdale,Halifax,1.0,2.0,,,,,4.0,3.0,0.0,0.0,,,Desconocido
Serie B,72.0,,,False,2025-10-01,498.0,1687.0,Sampdoria,Catanzaro,0.0,0.0,,,3.0,5.0,0.0,1.0,0.0,0.0,11.0,16.0,Desconocido
National League,43.0,,,False,2025-10-01,1828.0,1340.0,York,Scunthorpe,1.0,3.0,,,,,2.0,2.0,0.0,0.0,,,Desconocido
