League,LeagueId,Country,Round,EsEliminatoria,Date,HomeTeamId,AwayTeamId,HomeTeam,AwayTeam,FTHG,FTAG,HTHG,HTAG,HC,AC,HY,AY,HR,AR,HS,AS,Referee
Primeira Liga,94.0,,,False,2026-04-29,,218.0,Sp Lisbon,Tondela,2.0,2.0,,,5.0,5.0,2.0,3.0,0.0,0.0,16.0,9.0,Desconocido
League 1,,,,False,2026-04-28,1337.0,747.0,Northampton,Barnsley,0.0,1.0,,,5.0,2.0,1.0,1.0,0.0,0.0,14.0,10.0,Desconocido
League 1,,,,False,2026-04-28,,,Peterboro,Mansfield,0.0,0.0,,,5.0,7.0,0.0,2.0,0.0,0.0,9.0,13.0,Desconocido
Championship,407.0,,,False,2026-04-28,41.0,57.0,Southampton,Ipswich,2.0,2.0,,,5.0,9.0,0.0,2.0,0.0,0.0,18.0,19.0,Desconocido
League 1,,,,False,2026-04-28,,1351.0,Stockport,Port Vale,1.0,2.0,,,7.0,1.0,2.0,0.0,0.0,0.0,13.0,10.0,Desconocido
Turkey Super Lig,,,,False,2026-04-27,996.0,3603.0,Alanyaspor,Samsunspor,2.0,3.0,,,12.0,5.0,2.0,3.0,0.0,0.0,17.0,12.0,Desconocido
Turkey Super Lig,,,,False,2026-04-27,,,Besiktas,Karagumruk,0.0,0.0,,,5.0,2.0,2.0,3.0,0.0,0.0,20.0,12.0,Desconocido
Ligue 2,62.0,,,False,2026-04-27,1299.0,1304.0,Boulogne,Dunkerque,2.0,6.0,,,5.0,3.0,1.0,1.0,1.0,0.0,9.0,10.0,Desconocido
La Liga 2,,,,False,2026-04-27,724.0,534.0,Cadiz,Las Palmas,1.0,2.0,,,6.0,5.0,1.0,0.0,1.0,0.0,11.0,14.0,Desconocido
Serie A,71.0,,,False,2026-04-27,490.0,499.0,Cagliari,Atalanta,3.0,2.0,,,4.0,6.0,0.0,0.0,0.0,0.0,9.0,12.0,Desconocido
La Liga,140.0,,,False,2026-04-27,,539.0,Espanol,Levante,0.0,0.0,,,4.0,4.0,3.0,3.0,1.0,0.0,9.0,8.0,Desconocido
Primeira Liga,94.0,,,False,2026-04-27,,4716.0,Gil Vicente,Casa Pia,2.0,1.0,,,4.0,3.0,5.0,3.0,0.0,0.0,12.0,7.0,Desconocido
Turkey Super Lig,,,,False,2026-04-27,607.0,998.0,Konyaspor,Trabzonspor,2.0,1.0,,,7.0,5.0,4.0,0.0,0.0,0.0,12.0,23.0,Desconocido
Serie A,71.0,,,False,2026-04-27,487.0,494.0,Lazio,Udinese,3.0,3.0,,,4.0,5.0,3.0,1.0,0.0,0.0,13.0,16.0,Desconocido
Premier League,569.0,,,False,2026-04-27,,55.0,Man United,Brentford,2.0,1.0,,,7.0,8.0,2.0,4.0,0.0,0.0,11.0,12.0,Desconocido
Primeira Liga,94.0,,,False,2026-04-26,21595.0,,AVS,Sp Lisbon,1.0,1.0,,,0.0,9.0,3.0,1.0,0.0,0.0,11.0,20.0,Desconocido
Jupiler Pro League,144.0,,,False,2026-04-26,554.0,,Anderlecht,St. Gilloise,1.0,3.0,,,4.0,3.0,2.0,3.0,1.0,0.0,13.0,12.0,Desconocido
Super League Greece,,,,False,2026-04-26,12260.0,955.0,Atromitos,Asteras Tripolis,2.0,1.0,,,5.0,10.0,1.0,1.0,0.0,0.0,13.0,13.0,Desconocido
Bundesliga 2,,,,False,2026-04-26,,,Bochum,Greuther Furth,2.0,1.0,,,5.0,5.0,0.0,0.0,0.0,0.0,17.0,14.0,Desconocido
La Liga 2,,,,False,2026-04-26,,,Ceuta,Santander,0.0,0.0,,,1.0,9.0,3.0,3.0,0.0,0.0,6.0,19.0,Desconocido
La Liga 2,,,,False,2026-04-26,713.0,,Cordoba,Sp Gijon,3.0,2.0,,,9.0,3.0,3.0,2.0,0.0,0.0,16.0,8.0,Desconocido
Championship,407.0,,,False,2026-04-26,1346.0,1837.0,Coventry,Wrexham,3.0,1.0,,,5.0,4.0,2.0,2.0,0.0,0.0,15.0,13.0,Desconocido
Bundesliga,218.0,,,False,2026-04-26,,,Dortmund,Freiburg,4.0,0.0,,,5.0,0.0,1.0,0.0,0.0,0.0,17.0,7.0,Desconocido
Premiership Escocia,,,,False,2026-04-26,,253.0,Dundee United,Dundee,3.0,0.0,,,2.0,4.0,1.0,0.0,0.0,0.0,18.0,10.0,Desconocido
Primeira Liga,94.0,,,False,2026-04-26,230.0,242.0,Estoril,Famalicao,0.0,1.0,,,9.0,4.0,0.0,2.0,0.0,0.0,9.0,6.0,Desconocido
Primeira Liga,94.0,,,False,2026-04-26,15130.0,,Estrela,Porto,1.0,2.0,,,0.0,6.0,3.0,3.0,0.0,0.0,11.0,11.0,Desconocido
Eredivisie,88.0,,,False,2026-04-26,196.0,207.0,Excelsior,Utrecht,5.0,0.0,,,3.0,2.0,0.0,3.0,0.0,1.0,18.0,10.0,Desconocido
Serie A,71.0,,,False,2026-04-26,502.0,488.0,Fiorentina,Sassuolo,0.0,0.0,,,7.0,4.0,2.0,1.0,0.0,0.0,22.0,11.0,Desconocido
Turkey Super Lig,,,,False,2026-04-26,645.0,,Galatasaray,Fenerbahce,3.0,0.0,,,6.0,4.0,5.0,6.0,0.0,1.0,21.0,5.0,Desconocido
Turkey Super Lig,,,,False,2026-04-26,,7411.0,Genclerbirligi,Kocaelispor,1.0,0.0,,,1.0,2.0,1.0,1.0,0.0,0.0,8.0,7.0,Desconocido
Serie A,71.0,,,False,2026-04-26,495.0,895.0,Genoa,Como,0.0,2.0,,,2.0,3.0,1.0,3.0,0.0,0.0,9.0,8.0,Desconocido
Jupiler Pro League,144.0,,,False,2026-04-26,631.0,,Gent,Club Brugge,0.0,2.0,,,7.0,9.0,2.0,0.0,0.0,0.0,17.0,16.0,Desconocido
La Liga 2,,,,False,2026-04-26,22018.0,723.0,Granada,Almeria,2.0,4.0,,,4.0,3.0,2.0,1.0,0.0,0.0,10.0,19.0,Desconocido
Eredivisie,88.0,,,False,2026-04-26,206.0,,Heracles,Volendam,0.0,2.0,,,5.0,9.0,1.0,0.0,0.0,0.0,14.0,18.0,Desconocido
Premiership Escocia,,,,False,2026-04-26,249.0,,Hibernian,Hearts,1.0,2.0,,,0.0,11.0,3.0,3.0,2.0,0.0,4.0,23.0,Desconocido
La Liga 2,,,,False,2026-04-26,726.0,732.0,Huesca,Zaragoza,1.0,0.0,,,1.0,5.0,2.0,6.0,1.0,2.0,12.0,7.0,Desconocido
Super League Greece,,,,False,2026-04-26,5050.0,949.0,Kifisia,Panetolikos,0.0,0.0,,,3.0,1.0,3.0,4.0,0.0,0.0,21.0,4.0,Desconocido
Super League Greece,,,,False,2026-04-26,953.0,2099.0,Larisa,Panserraikos,0.0,1.0,,,4.0,2.0,4.0,5.0,0.0,0.0,11.0,4.0,Desconocido
Ligue 1,61.0,,,False,2026-04-26,111.0,112.0,Le Havre,Metz,4.0,4.0,,,6.0,4.0,3.0,1.0,0.0,0.0,14.0,12.0,Desconocido
La Liga 2,,,,False,2026-04-26,537.0,1110.0,Leganes,Andorra,0.0,4.0,,,9.0,5.0,5.0,1.0,0.0,0.0,17.0,15.0,Desconocido
Ligue 1,61.0,,,False,2026-04-26,97.0,95.0,Lorient,Strasbourg,2.0,3.0,,,9.0,7.0,1.0,2.0,0.0,0.0,14.0,11.0,Desconocido
Ligue 1,61.0,,,False,2026-04-26,81.0,84.0,Marseille,Nice,1.0,1.0,,,7.0,1.0,4.0,1.0,0.0,0.0,24.0,5.0,Desconocido
Jupiler Pro League,144.0,,,False,2026-04-26,,,Mechelen,St Truiden,1.0,4.0,,,4.0,7.0,1.0,1.0,0.0,0.0,8.0,16.0,Desconocido
Serie A,71.0,,,False,2026-04-26,,10019.0,Milan,Juventus,0.0,0.0,,,1.0,3.0,2.0,3.0,0.0,0.0,8.0,10.0,Desconocido
La Liga 2,,,,False,2026-04-26,799.0,725.0,Mirandes,Cultural Leonesa,2.0,1.0,,,6.0,2.0,1.0,3.0,0.0,1.0,19.0,10.0,Desconocido
Bundesliga 2,,,,False,2026-04-26,,,Nurnberg,Magdeburg,1.0,0.0,,,3.0,5.0,1.0,3.0,0.0,0.0,14.0,6.0,Desconocido
La Liga,140.0,,,False,2026-04-26,727.0,536.0,Osasuna,Sevilla,2.0,1.0,,,4.0,4.0,2.0,2.0,0.0,0.0,15.0,8.0,Desconocido
La Liga,140.0,,,False,2026-04-26,718.0,797.0,Oviedo,Elche,1.0,2.0,,,6.0,1.0,2.0,0.0,0.0,1.0,12.0,4.0,Desconocido
Bundesliga 2,,,,False,2026-04-26,,,Paderborn,Schalke 04,2.0,3.0,,,7.0,2.0,0.0,1.0,0.0,0.0,14.0,11.0,Desconocido
Ligue 1,61.0,,,False,2026-04-26,114.0,79.0,Paris FC,Lille,0.0,1.0,,,7.0,3.0,6.0,3.0,1.0,0.0,7.0,10.0,Desconocido
Premiership Escocia,,,,False,2026-04-26,257.0,256.0,Rangers,Motherwell,2.0,3.0,,,7.0,5.0,1.0,2.0,0.0,0.0,16.0,9.0,Desconocido
Ligue 1,61.0,,,False,2026-04-26,94.0,83.0,Rennes,Nantes,2.0,1.0,,,6.0,8.0,3.0,2.0,0.0,0.0,14.0,24.0,Desconocido
Primeira Liga,94.0,,,False,2026-04-26,227.0,,Santa Clara,Sp Braga,2.0,1.0,,,4.0,1.0,4.0,4.0,0.0,0.0,14.0,3.0,Desconocido
Bundesliga,218.0,,,False,2026-04-26,,162.0,Stuttgart,Werder Bremen,1.0,1.0,,,14.0,2.0,0.0,1.0,0.0,0.0,20.0,9.0,Desconocido
Serie A,71.0,,,False,2026-04-26,503.0,505.0,Torino,Inter,2.0,2.0,,,5.0,5.0,1.0,2.0,0.0,0.0,14.0,14.0,Desconocido
La Liga,140.0,,,False,2026-04-26,,,Vallecano,Sociedad,3.0,3.0,,,6.0,4.0,6.0,4.0,1.0,0.0,24.0,13.0,Desconocido
La Liga,140.0,,,False,2026-04-26,533.0,,Villarreal,Celta,2.0,1.0,,,7.0,5.0,3.0,6.0,0.0,0.0,13.0,9.0,Desconocido
Jupiler Pro League,144.0,,,False,2026-04-26,,,Waregem,RAAL La Louviere,4.0,0.0,,,5.0,6.0,1.0,1.0,0.0,0.0,12.0,10.0,Desconocido
Premiership Escocia,,,,False,2026-04-25,252.0,250.0,Aberdeen,Kilmarnock,1.0,0.0,,,6.0,5.0,1.0,4.0,0.0,0.0,10.0,11.0,Desconocido
League 2,,,,False,2026-04-25,,1362.0,Accrington,Crawley Town,3.0,3.0,,,4.0,3.0,1.0,1.0,0.0,0.0,6.0,14.0,Desconocido
Championship Escocia,,,,False,2026-04-25,,,Airdrie Utd,Ayr,2.0,1.0,,,6.0,6.0,1.0,3.0,0.0,0.0,11.0,8.0,Desconocido
La Liga,140.0,,,False,2026-04-25,542.0,798.0,Alaves,Mallorca,2.0,1.0,,,9.0,4.0,2.0,1.0,0.0,0.0,15.0,4.0,Desconocido
National League,43.0,,,False,2026-04-25,,,Aldershot,Truro,0.0,2.0,,,,,1.0,2.0,0.0,0.0,,,Desconocido
National League,43.0,,,False,2026-04-25,4700.0,1823.0,Altrincham,Gateshead,3.0,1.0,,,,,0.0,0.0,0.0,0.0,,,Desconocido
Ligue 1,61.0,,,False,2026-04-25,77.0,,Angers,Paris SG,0.0,3.0,,,5.0,4.0,0.0,2.0,0.0,1.0,6.0,17.0,Desconocido
Championship Escocia,,,,False,2026-04-25,4249.0,901.0,Arbroath,Partick,0.0,0.0,,,5.0,3.0,1.0,0.0,0.0,0.0,9.0,4.0,Desconocido
Premier League,569.0,,,False,2026-04-25,9419.0,34.0,Arsenal,Newcastle,1.0,0.0,,,7.0,2.0,2.0,2.0,0.0,0.0,11.0,13.0,Desconocido
La Liga,140.0,,,False,2026-04-25,,,Ath Madrid,Ath Bilbao,3.0,2.0,,,3.0,4.0,0.0,0.0,0.0,0.0,6.0,12.0,Desconocido
Bundesliga,218.0,,,False,2026-04-25,,,Augsburg,Ein Frankfurt,1.0,1.0,,,9.0,7.0,1.0,2.0,0.0,0.0,17.0,19.0,Desconocido
League 2,,,,False,2026-04-25,1369.0,1347.0,Barnet,Gillingham,6.0,2.0,,,9.0,3.0,2.0,2.0,0.0,0.0,23.0,4.0,Desconocido
Primeira Liga,94.0,,,False,2026-04-25,211.0,215.0,Benfica,Moreirense,4.0,1.0,,,9.0,2.0,2.0,2.0,0.0,0.0,18.0,8.0,Desconocido
Championship,407.0,,,False,2026-04-25,54.0,56.0,Birmingham,Bristol City,2.0,1.0,,,6.0,5.0,3.0,1.0,0.0,0.0,11.0,9.0,Desconocido
League 1,,,,False,2026-04-25,1356.0,1373.0,Blackpool,Leyton Orient,1.0,0.0,,,6.0,4.0,1.0,3.0,0.0,0.0,17.0,12.0,Desconocido
Serie A,71.0,,,False,2026-04-25,500.0,,Bologna,Roma,0.0,2.0,,,7.0,7.0,0.0,3.0,0.0,0.0,10.0,7.0,Desconocido
National League,43.0,,,False,2026-04-25,1830.0,,Boreham Wood,Sutton,1.0,0.0,,,,,2.0,2.0,0.0,0.0,,,Desconocido
National League,43.0,,,False,2026-04-25,,1366.0,Boston Utd,Hartlepool,3.0,1.0,,,,,3.0,1.0,0.0,0.0,,,Desconocido
League 1,,,,False,2026-04-25,1343.0,68.0,Bradford,Bolton,1.0,1.0,,,6.0,5.0,2.0,2.0,0.0,0.0,12.0,17.0,Desconocido
League 2,,,,False,2026-04-25,,1372.0,Bristol Rvs,Cheltenham,4.0,0.0,,,1.0,7.0,5.0,1.0,0.0,0.0,9.0,10.0,Desconocido
La Liga 2,,,,False,2026-04-25,9580.0,,Burgos,La Coruna,1.0,1.0,,,7.0,3.0,3.0,3.0,1.0,0.0,12.0,7.0,Desconocido
League 1,,,,False,2026-04-25,,,Burton,Exeter,1.0,1.0,,,3.0,1.0,0.0,1.0,0.0,0.0,16.0,6.0,Desconocido
League 2,,,,False,2026-04-25,,1819.0,Cambridge,Barrow,3.0,0.0,,,10.0,3.0,0.0,3.0,0.0,0.0,15.0,3.0,Desconocido
League 1,,,,False,2026-04-25,43.0,1337.0,Cardiff,Northampton,5.0,1.0,,,3.0,2.0,1.0,1.0,0.0,0.0,25.0,10.0,Desconocido
National League,43.0,,,False,2026-04-25,1371.0,4701.0,Carlisle,Brackley Town,3.0,0.0,,,,,0.0,2.0,0.0,0.0,,,Desconocido
Serie B,72.0,,,False,2026-04-25,1687.0,515.0,Catanzaro,Spezia,4.0,2.0,,,9.0,2.0,1.0,3.0,0.0,0.0,14.0,12.0,Desconocido
Premiership Escocia,,,,False,2026-04-25,247.0,1389.0,Celtic,Falkirk,3.0,1.0,,,9.0,7.0,2.0,3.0,0.0,0.0,14.0,11.0,Desconocido
Serie B,72.0,,,False,2026-04-25,509.0,498.0,Cesena,Sampdoria,0.0,0.0,,,4.0,5.0,1.0,3.0,0.0,0.0,10.0,13.0,Desconocido
Championship,407.0,,,False,2026-04-25,1335.0,,Charlton,Hull,2.0,1.0,,,5.0,11.0,2.0,1.0,0.0,0.0,12.0,14.0,Desconocido
League 2,,,,False,2026-04-25,1345.0,1363.0,Chesterfield,Crewe,2.0,0.0,,,0.0,3.0,2.0,1.0,0.0,0.0,14.0,6.0,Desconocido
League 2 Escocia,,,,False,2026-04-25,6762.0,6757.0,Clyde,Annan Athletic,3.0,1.0,,,7.0,4.0,1.0,1.0,0.0,0.0,13.0,5.0,Desconocido
League 2,,,,False,2026-04-25,1361.0,1376.0,Colchester,Notts County,0.0,1.0,,,4.0,5.0,3.0,3.0,0.0,0.0,6.0,18.0,Desconocido
Bundesliga 2,,,,False,2026-04-25,,,Darmstadt,Elversberg,3.0,3.0,,,5.0,7.0,2.0,2.0,1.0,0.0,13.0,17.0,Desconocido
League 1,,,,False,2026-04-25,1354.0,1368.0,Doncaster,Stevenage,1.0,1.0,,,4.0,3.0,2.0,1.0,0.0,0.0,12.0,8.0,Desconocido
League 2 Escocia,,,,False,2026-04-25,1382.0,6765.0,Dumbarton,East Kilbride,0.0,1.0,,,3.0,2.0,2.0,2.0,0.0,0.0,7.0,19.0,Desconocido
League 1 Escocia,,,,False,2026-04-25,6764.0,,East Fife,Inverness C,1.0,1.0,,,3.0,10.0,1.0,1.0,0.0,0.0,10.0,5.0,Desconocido
Turkey Super Lig,,,,False,2026-04-25,,,Eyupspor,Gaziantep,3.0,0.0,,,6.0,5.0,2.0,2.0,0.0,0.0,14.0,11.0,Desconocido
Bundesliga,218.0,,,False,2026-04-25,,,FC Koln,Leverkusen,1.0,2.0,,,2.0,5.0,1.0,2.0,0.0,0.0,25.0,8.0,Desconocido
Eredivisie,88.0,,,False,2026-04-25,209.0,202.0,Feyenoord,Groningen,3.0,1.0,,,3.0,3.0,0.0,2.0,0.0,0.0,10.0,10.0,Desconocido
National League,43.0,,,False,2026-04-25,1378.0,1375.0,Forest Green,Morecambe,5.0,0.0,,,,,0.0,0.0,0.0,0.0,,,Desconocido
League 2 Escocia,,,,False,2026-04-25,,6766.0,Forfar,Edinburgh City,4.0,0.0,,,8.0,2.0,0.0,0.0,0.0,0.0,12.0,4.0,Desconocido
Serie B,72.0,,,False,2026-04-25,512.0,1581.0,Frosinone,Carrarese,3.0,0.0,,,8.0,8.0,2.0,3.0,0.0,0.0,20.0,15.0,Desconocido
Premier League,569.0,,,False,2026-04-25,36.0,66.0,Fulham,Aston Villa,1.0,0.0,,,2.0,5.0,2.0,2.0,0.0,0.0,13.0,10.0,Desconocido
Jupiler Pro League,144.0,,,False,2026-04-25,742.0,,Genk,Standard,1.0,1.0,,,13.0,2.0,3.0,2.0,0.0,0.0,24.0,9.0,Desconocido
La Liga,140.0,,,False,2026-04-25,546.0,529.0,Getafe,Barcelona,0.0,2.0,,,6.0,3.0,2.0,2.0,0.0,0.0,4.0,13.0,Desconocido
Turkey Super Lig,,,,False,2026-04-25,,1005.0,Goztep,Antalyaspor,2.0,0.0,,,4.0,3.0,2.0,0.0,0.0,0.0,16.0,19.0,Desconocido
Ligue 2,62.0,,,False,2026-04-25,101.0,1298.0,Grenoble,Le Mans,1.0,1.0,,,1.0,4.0,3.0,1.0,0.0,0.0,6.0,9.0,Desconocido
League 2,,,,False,2026-04-25,1365.0,,Grimsby,Swindon,4.0,0.0,,,9.0,5.0,0.0,2.0,0.0,0.0,16.0,11.0,Desconocido
Primeira Liga,94.0,,,False,2026-04-25,224.0,226.0,Guimaraes,Rio Ave,2.0,0.0,,,3.0,5.0,4.0,4.0,0.0,0.0,11.0,5.0,Desconocido
Bundesliga,218.0,,,False,2026-04-25,,,Hamburg,Hoffenheim,1.0,2.0,,,4.0,9.0,2.0,4.0,0.0,0.0,12.0,15.0,Desconocido
League 1 Escocia,,,,False,2026-04-25,,6777.0,Hamilton,Peterhead,3.0,1.0,,,3.0,4.0,2.0,1.0,0.0,0.0,7.0,9.0,Desconocido
Eredivisie,88.0,,,False,2026-04-25,210.0,,Heerenveen,For Sittard,2.0,1.0,,,7.0,0.0,2.0,1.0,0.0,1.0,15.0,16.0,Desconocido
Bundesliga,218.0,,,False,2026-04-25,,,Heidenheim,St Pauli,2.0,0.0,,,6.0,6.0,0.0,1.0,0.0,0.0,12.0,11.0,Desconocido
Bundesliga 2,,,,False,2026-04-25,,191.0,Hertha,Holstein Kiel,0.0,1.0,,,5.0,3.0,4.0,4.0,0.0,0.0,23.0,6.0,Desconocido
League 1,,,,False,2026-04-25,37.0,,Huddersfield,Mansfield,1.0,4.0,,,6.0,3.0,1.0,2.0,0.0,0.0,15.0,10.0,Desconocido
Bundesliga 2,,,,False,2026-04-25,,,Karlsruhe,Hannover,1.0,3.0,,,3.0,2.0,1.0,1.0,0.0,0.0,8.0,10.0,Desconocido
Turkey Super Lig,,,,False,2026-04-25,1001.0,1007.0,Kayserispor,Rizespor,2.0,0.0,,,8.0,6.0,3.0,2.0,0.0,0.0,17.0,12.0,Desconocido
League 1 Escocia,,,,False,2026-04-25,6773.0,6763.0,Kelty Hearts,Cove Rangers,0.0,2.0,,,8.0,2.0,3.0,2.0,0.0,0.0,11.0,11.0,Desconocido
League 1,,,,False,2026-04-25,1379.0,1358.0,Lincoln,Wycombe,4.0,3.0,,,2.0,10.0,2.0,1.0,0.0,0.0,13.0,28.0,Desconocido
Premier League,569.0,,,False,2026-04-25,40.0,52.0,Liverpool,Crystal Palace,3.0,1.0,,,5.0,8.0,1.0,3.0,0.0,0.0,9.0,14.0,Desconocido
League 1,,,,False,2026-04-25,1359.0,747.0,Luton,Barnsley,2.0,1.0,,,9.0,5.0,1.0,5.0,0.0,0.0,17.0,13.0,Desconocido
Ligue 1,61.0,,,False,2026-04-25,80.0,108.0,Lyon,Auxerre,3.0,2.0,,,6.0,3.0,1.0,2.0,0.0,0.0,12.0,9.0,Desconocido
Bundesliga,218.0,,,False,2026-04-25,,,Mainz,Bayern Munich,3.0,4.0,,,4.0,4.0,1.0,2.0,0.0,0.0,21.0,11.0,Desconocido
La Liga 2,,,,False,2026-04-25,535.0,,Malaga,Castellon,2.0,3.0,,,1.0,3.0,2.0,4.0,0.0,0.0,12.0,13.0,Desconocido
Championship,407.0,,,False,2026-04-25,70.0,38.0,Middlesbrough,Watford,5.0,1.0,,,6.0,3.0,1.0,2.0,0.0,0.0,20.0,12.0,Desconocido
League 2,,,,False,2026-04-25,1348.0,1381.0,Milton Keynes Dons,Tranmere,3.0,0.0,,,6.0,2.0,0.0,2.0,0.0,0.0,18.0,11.0,Desconocido
Eredivisie,88.0,,,False,2026-04-25,203.0,194.0,NAC Breda,Ajax,0.0,2.0,,,11.0,2.0,0.0,2.0,0.0,0.0,21.0,8.0,Desconocido
League 2,,,,False,2026-04-25,1367.0,1349.0,Newport County,Oldham,3.0,2.0,,,6.0,4.0,2.0,2.0,0.0,1.0,24.0,12.0,Desconocido
Championship,407.0,,,False,2026-04-25,71.0,76.0,Norwich,Swansea,1.0,1.0,,,5.0,2.0,3.0,5.0,0.0,0.0,16.0,8.0,Desconocido
Jupiler Pro League,144.0,,,False,2026-04-25,,736.0,Oud-Heverlee Leuven,Charleroi,0.0,2.0,,,4.0,6.0,2.0,0.0,0.0,0.0,4.0,11.0,Desconocido
Championship,407.0,,,False,2026-04-25,,,Oxford,Sheffield Weds,4.0,1.0,,,5.0,3.0,1.0,0.0,0.0,0.0,20.0,9.0,Desconocido
Serie A,71.0,,,False,2026-04-25,523.0,801.0,Parma,Pisa,1.0,0.0,,,7.0,4.0,1.0,2.0,0.0,0.0,15.0,12.0,Desconocido
Serie B,72.0,,,False,2026-04-25,525.0,863.0,Pescara,Juve Stabia,1.0,1.0,,,3.0,2.0,2.0,4.0,0.0,0.0,8.0,13.0,Desconocido
League 1,,,,False,2026-04-25,1357.0,1351.0,Plymouth,Port Vale,2.0,1.0,,,6.0,11.0,2.0,2.0,1.0,0.0,16.0,15.0,Desconocido
Bundesliga 2,,,,False,2026-04-25,1313.0,,Preußen Münster,Bielefeld,2.0,3.0,,,7.0,1.0,3.0,0.0,0.0,0.0,17.0,12.0,Desconocido
Championship,407.0,,,False,2026-04-25,72.0,69.0,QPR,Derby,2.0,3.0,,,10.0,6.0,1.0,3.0,0.0,0.0,23.0,12.0,Desconocido
League 1 Escocia,,,,False,2026-04-25,,4251.0,Queen of Sth,Montrose,2.0,2.0,,,2.0,2.0,0.0,4.0,0.0,0.0,12.0,6.0,Desconocido
Championship Escocia,,,,False,2026-04-25,,1388.0,Queens Park,Dunfermline,0.0,2.0,,,1.0,5.0,2.0,2.0,0.0,0.0,5.0,12.0,Desconocido
Serie B,72.0,,,False,2026-04-25,880.0,522.0,Reggiana,Palermo,1.0,1.0,,,2.0,7.0,3.0,1.0,1.0,0.0,3.0,20.0,Desconocido
Ligue 2,62.0,,,False,2026-04-25,93.0,102.0,Reims,Nancy,1.0,1.0,,,4.0,0.0,3.0,7.0,0.0,1.0,12.0,7.0,Desconocido
National League,43.0,,,False,2026-04-25,1339.0,1828.0,Rochdale,York,1.0,1.0,,,,,5.0,2.0,0.0,0.0,,,Desconocido
Championship Escocia,,,,False,2026-04-25,902.0,1383.0,Ross County,Morton,4.0,0.0,,,6.0,4.0,1.0,2.0,0.0,0.0,10.0,3.0,Desconocido
League 1,,,,False,2026-04-25,73.0,53.0,Rotherham,Reading,1.0,1.0,,,3.0,2.0,3.0,2.0,0.0,0.0,15.0,6.0,Desconocido
National League,43.0,,,False,2026-04-25,1340.0,1822.0,Scunthorpe,Eastleigh,0.0,1.0,,,,,1.0,3.0,0.0,0.0,,,Desconocido
Championship,407.0,,,False,2026-04-25,,59.0,Sheffield United,Preston,2.0,3.0,,,10.0,5.0,0.0,3.0,0.0,0.0,17.0,12.0,Desconocido
League 2,,,,False,2026-04-25,1352.0,1336.0,Shrewsbury,Fleetwood Town,2.0,2.0,,,5.0,2.0,1.0,2.0,0.0,0.0,13.0,5.0,Desconocido
National League,43.0,,,False,2026-04-25,1341.0,8663.0,Southend,Wealdstone,2.0,1.0,,,,,2.0,1.0,0.0,0.0,,,Desconocido
League 2 Escocia,,,,False,2026-04-25,6781.0,,Spartans,Elgin,1.0,1.0,,,4.0,3.0,2.0,3.0,0.0,0.0,6.0,8.0,Desconocido
Ligue 2,62.0,,,False,2026-04-25,,,St Etienne,Troyes,0.0,3.0,,,9.0,3.0,2.0,4.0,0.0,0.0,13.0,16.0,Desconocido
Premiership Escocia,,,,False,2026-04-25,,255.0,St Mirren,Livingston,0.0,2.0,,,8.0,7.0,2.0,2.0,0.0,0.0,17.0,4.0,Desconocido
League 1 Escocia,,,,False,2026-04-25,6784.0,,Stenhousemuir,Alloa,1.0,0.0,,,7.0,1.0,2.0,0.0,0.0,0.0,10.0,14.0,Desconocido
League 1,,,,False,2026-04-25,,,Stockport,Peterboro,3.0,1.0,,,7.0,7.0,2.0,1.0,0.0,0.0,28.0,11.0,Desconocido
Championship,407.0,,,False,2026-04-25,,1355.0,Stoke,Portsmouth,1.0,3.0,,,8.0,1.0,0.0,2.0,0.0,0.0,13.0,8.0,Desconocido
League 2 Escocia,,,,False,2026-04-25,6785.0,,Stranraer,Stirling,1.0,1.0,,,13.0,3.0,0.0,3.0,1.0,0.0,18.0,6.0,Desconocido
Serie B,72.0,,,False,2026-04-25,1578.0,1693.0,Sudtirol,Mantova,0.0,3.0,,,2.0,2.0,2.0,1.0,0.0,0.0,9.0,11.0,Desconocido
National League,43.0,,,False,2026-04-25,7752.0,,Tamworth,Braintree Town,5.0,1.0,,,,,1.0,1.0,0.0,0.0,,,Desconocido
Primeira Liga,94.0,,,False,2026-04-25,218.0,225.0,Tondela,Nacional,0.0,2.0,,,8.0,7.0,2.0,1.0,0.0,0.0,22.0,17.0,Desconocido
Ligue 1,61.0,,,False,2026-04-25,96.0,91.0,Toulouse,Monaco,2.0,2.0,,,4.0,2.0,3.0,2.0,0.0,0.0,18.0,8.0,Desconocido
Eredivisie,88.0,,,False,2026-04-25,415.0,,Twente,Nijmegen,1.0,1.0,,,3.0,9.0,1.0,2.0,0.0,0.0,13.0,20.0,Desconocido
La Liga,140.0,,,False,2026-04-25,532.0,547.0,Valencia,Girona,2.0,1.0,,,4.0,4.0,2.0,2.0,0.0,0.0,12.0,7.0,Desconocido
La Liga 2,,,,False,2026-04-25,720.0,,Valladolid,Sociedad B,1.0,0.0,,,9.0,1.0,2.0,1.0,0.0,0.0,11.0,11.0,Desconocido
Serie B,72.0,,,False,2026-04-25,517.0,511.0,Venezia,Empoli,2.0,0.0,,,9.0,6.0,0.0,2.0,0.0,0.0,18.0,9.0,Desconocido
Serie A,71.0,,,False,2026-04-25,,867.0,Verona,Lecce,0.0,0.0,,,2.0,4.0,2.0,5.0,0.0,0.0,6.0,12.0,Desconocido
Serie B,72.0,,,False,2026-04-25,527.0,870.0,Virtus Entella,Padova,1.0,0.0,,,5.0,3.0,1.0,3.0,0.0,0.0,14.0,8.0,Desconocido
League 2,,,,False,2026-04-25,1342.0,,Walsall,Harrogate,0.0,2.0,,,10.0,3.0,3.0,2.0,0.0,0.0,18.0,11.0,Desconocido
Championship,407.0,,,False,2026-04-25,60.0,57.0,West Brom,Ipswich,0.0,0.0,,,2.0,6.0,2.0,3.0,0.0,0.0,12.0,13.0,Desconocido
Premier League,569.0,,,False,2026-04-25,48.0,45.0,West Ham,Everton,2.0,1.0,,,3.0,4.0,3.0,4.0,0.0,0.0,10.0,11.0,Desconocido
Jupiler Pro League,144.0,,,False,2026-04-25,,740.0,Westerlo,Antwerp,2.0,4.0,,,2.0,7.0,4.0,3.0,1.0,0.0,10.0,20.0,Desconocido
League 1,,,,False,2026-04-25,61.0,1333.0,Wigan,AFC Wimbledon,0.0,1.0,,,10.0,3.0,3.0,4.0,0.0,0.0,16.0,4.0,Desconocido
National League,43.0,,,False,2026-04-25,1836.0,,Woking,Halifax,0.0,1.0,,,,,2.0,5.0,0.0,0.0,,,Desconocido
Bundesliga,218.0,,,False,2026-04-25,,,Wolfsburg,M'gladbach,0.0,0.0,,,8.0,5.0,1.0,3.0,0.0,1.0,12.0,10.0,Desconocido
Premier League,569.0,,,False,2026-04-25,39.0,47.0,Wolves,Tottenham,0.0,1.0,,,5.0,5.0,3.0,4.0,0.0,0.0,11.0,11.0,Desconocido
National League,43.0,,,False,2026-04-25,,,Yeovil,Solihull,1.0,4.0,,,,,3.0,1.0,0.0,0.0,,,Desconocido
La Liga 2,,,,False,2026-04-24,722.0,545.0,Albacete,Eibar,0.0,3.0,,,10.0,3.0,2.0,1.0,0.0,0.0,25.0,11.0,Desconocido
Primeira Liga,94.0,,,False,2026-04-24,4724.0,240.0,Alverca,Arouca,2.0,1.0,,,6.0,3.0,0.0,5.0,0.0,0.0,7.0,14.0,Desconocido
Ligue 2,62.0,,,False,2026-04-24,87.0,82.0,Amiens,Montpellier,0.0,2.0,,,8.0,7.0,3.0,1.0,0.0,0.0,22.0,15.0,Desconocido
Ligue 2,62.0,,,False,2026-04-24,3012.0,,Annecy,Pau FC,5.0,1.0,,,1.0,3.0,1.0,0.0,0.0,0.0,12.0,6.0,Desconocido
Serie B,72.0,,,False,2026-04-24,528.0,508.0,Avellino,Bari,2.0,0.0,,,8.0,4.0,2.0,2.0,0.0,0.0,18.0,9.0,Desconocido
La Liga,140.0,,,False,2026-04-24,,541.0,Betis,Real Madrid,1.0,1.0,,,7.0,6.0,1.0,2.0,0.0,0.0,19.0,12.0,Desconocido
Ligue 1,61.0,,,False,2026-04-24,,116.0,Brest,Lens,3.0,3.0,,,0.0,6.0,3.0,3.0,0.0,0.0,6.0,25.0,Desconocido
Turkey Super Lig,,,,False,2026-04-24,,,Buyuksehyr,Kasimpasa,4.0,0.0,,,6.0,2.0,3.0,1.0,0.0,1.0,14.0,5.0,Desconocido
Jupiler Pro League,144.0,,,False,2026-04-24,741.0,6215.0,Cercle Brugge,Dender,2.0,1.0,,,7.0,6.0,0.0,2.0,0.0,0.0,9.0,13.0,Desconocido
Ligue 2,62.0,,,False,2026-04-24,,1305.0,Clermont,Bastia,1.0,1.0,,,5.0,12.0,1.0,1.0,1.0,1.0,9.0,15.0,Desconocido
Bundesliga 2,,,,False,2026-04-24,,,Fortuna Dusseldorf,Dresden,3.0,1.0,,,3.0,6.0,0.0,0.0,0.0,0.0,9.0,17.0,Desconocido
Bundesliga 2,,,,False,2026-04-24,,,Kaiserslautern,Braunschweig,0.0,2.0,,,12.0,1.0,2.0,1.0,0.0,0.0,13.0,8.0,Desconocido
Ligue 2,62.0,,,False,2026-04-24,433.0,1301.0,Laval,Rodez,0.0,0.0,,,2.0,6.0,1.0,2.0,0.0,0.0,5.0,12.0,Desconocido
Championship,407.0,,,False,2026-04-24,46.0,58.0,Leicester,Millwall,1.0,1.0,,,2.0,12.0,1.0,3.0,0.0,0.0,10.0,22.0,Desconocido
Serie B,72.0,,,False,2026-04-24,1579.0,899.0,Monza,Modena,1.0,0.0,,,5.0,4.0,1.0,2.0,0.0,0.0,10.0,15.0,Desconocido
Serie A,71.0,,,False,2026-04-24,492.0,520.0,Napoli,Cremonese,4.0,0.0,,,7.0,5.0,0.0,0.0,0.0,0.0,25.0,7.0,Desconocido
Bundesliga,218.0,,,False,2026-04-24,173.0,182.0,RB Leipzig,Union Berlin,3.0,1.0,,,10.0,4.0,1.0,1.0,0.0,0.0,20.0,5.0,Desconocido
Ligue 2,62.0,,,False,2026-04-24,,90.0,Red Star,Guingamp,3.0,2.0,,,0.0,8.0,2.0,1.0,0.0,0.0,8.0,13.0,Desconocido
Championship Escocia,,,,False,2026-04-24,,,St Johnstone,Raith Rvs,2.0,0.0,,,11.0,0.0,3.0,3.0,0.0,0.0,19.0,8.0,Desconocido
Premier League,569.0,,,False,2026-04-24,746.0,,Sunderland,Nott'm Forest,0.0,5.0,,,3.0,6.0,2.0,5.0,0.0,0.0,14.0,10.0,Desconocido
Primeira Liga,94.0,,,False,2026-04-23,4716.0,,Casa Pia,Sp Braga,0.0,1.0,,,4.0,5.0,2.0,3.0,0.0,0.0,7.0,8.0,Desconocido
Eredivisie,88.0,,,False,2026-04-23,,201.0,Go Ahead Eagles,AZ Alkmaar,0.0,0.0,,,5.0,10.0,2.0,1.0,0.0,0.0,15.0,23.0,Desconocido
La Liga,140.0,,,False,2026-04-23,539.0,536.0,Levante,Sevilla,2.0,0.0,,,3.0,6.0,3.0,4.0,0.0,0.0,8.0,7.0,Desconocido
La Liga,140.0,,,False,2026-04-23,718.0,533.0,Oviedo,Villarreal,1.0,1.0,,,7.0,0.0,1.0,1.0,0.0,0.0,16.0,7.0,Desconocido
Eredivisie,88.0,,,False,2026-04-23,197.0,,PSV Eindhoven,Zwolle,6.0,1.0,,,4.0,4.0,1.0,1.0,0.0,0.0,17.0,6.0,Desconocido
League 2,,,,False,2026-04-23,,1832.0,Salford,Bromley,2.0,0.0,,,6.0,4.0,2.0,1.0,0.0,0.0,9.0,12.0,Desconocido
Jupiler Pro League,144.0,,,False,2026-04-23,,554.0,St Truiden,Anderlecht,2.0,0.0,,,4.0,7.0,0.0,2.0,0.0,0.0,16.0,19.0,Desconocido
La Liga,140.0,,,False,2026-04-23,,,Vallecano,Espanol,1.0,0.0,,,6.0,5.0,2.0,4.0,0.0,0.0,17.0,15.0,Desconocido
Super League Greece,,,,False,2026-04-22,955.0,949.0,Asteras Tripolis,Panetolikos,2.0,1.0,,,1.0,2.0,5.0,1.0,0.0,0.0,17.0,6.0,Desconocido
La Liga,140.0,,,False,2026-04-22,529.0,,Barcelona,Celta,1.0,0.0,,,5.0,3.0,1.0,1.0,0.0,0.0,10.0,6.0,Desconocido
Championship,407.0,,,False,2026-04-22,54.0,59.0,Birmingham,Preston,2.0,1.0,,,3.0,3.0,0.0,2.0,0.0,0.0,18.0,16.0,Desconocido
Premier League,569.0,,,False,2026-04-22,35.0,63.0,Bournemouth,Leeds,2.0,2.0,,,12.0,1.0,3.0,0.0,0.0,0.0,17.0,10.0,Desconocido
Premier League,569.0,,,False,2026-04-22,44.0,,Burnley,Man City,0.0,1.0,,,3.0,11.0,0.0,0.0,0.0,0.0,9.0,28.0,Desconocido
League 1,,,,False,2026-04-22,43.0,1351.0,Cardiff,Port Vale,1.0,0.0,,,6.0,6.0,1.0,0.0,0.0,0.0,14.0,6.0,Desconocido
Championship,407.0,,,False,2026-04-22,1335.0,57.0,Charlton,Ipswich,1.0,2.0,,,1.0,4.0,2.0,2.0,0.0,0.0,6.0,13.0,Desconocido
Jupiler Pro League,144.0,,,False,2026-04-22,,,Club Brugge,Mechelen,6.0,1.0,,,3.0,3.0,0.0,2.0,0.0,1.0,23.0,9.0,Desconocido
La Liga,140.0,,,False,2026-04-22,797.0,,Elche,Ath Madrid,3.0,2.0,,,13.0,3.0,2.0,2.0,0.0,1.0,14.0,6.0,Desconocido
Super League Greece,,,,False,2026-04-22,953.0,5050.0,Larisa,Kifisia,1.0,1.0,,,8.0,4.0,1.0,2.0,0.0,0.0,13.0,14.0,Desconocido
Championship,407.0,,,False,2026-04-22,70.0,,Middlesbrough,Sheffield Weds,1.0,0.0,,,9.0,1.0,2.0,2.0,0.0,0.0,18.0,8.0,Desconocido
Super League Greece,,,,False,2026-04-22,2099.0,12260.0,Panserraikos,Atromitos,0.0,4.0,,,6.0,7.0,5.0,1.0,0.0,0.0,8.0,14.0,Desconocido
Ligue 1,61.0,,,False,2026-04-22,,83.0,Paris SG,Nantes,3.0,0.0,,,7.0,6.0,2.0,1.0,0.0,0.0,14.0,11.0,Desconocido
Championship,407.0,,,False,2026-04-22,,67.0,Sheffield United,Blackburn,1.0,3.0,,,2.0,4.0,2.0,4.0,0.0,0.0,13.0,8.0,Desconocido
La Liga,140.0,,,False,2026-04-22,,546.0,Sociedad,Getafe,0.0,1.0,,,6.0,3.0,4.0,5.0,0.0,0.0,13.0,5.0,Desconocido
Jupiler Pro League,144.0,,,False,2026-04-22,,631.0,St. Gilloise,Gent,0.0,0.0,,,9.0,1.0,0.0,3.0,0.0,0.0,18.0,3.0,Desconocido
Eredivisie,88.0,,,False,2026-04-22,427.0,426.0,Telstar,Sparta Rotterdam,4.0,1.0,,,6.0,5.0,2.0,0.0,0.0,0.0,11.0,10.0,Desconocido
La Liga,140.0,,,False,2026-04-21,,727.0,Ath Bilbao,Osasuna,1.0,0.0,,,5.0,4.0,3.0,2.0,1.0,0.0,7.0,8.0,Desconocido
League 1,,,,False,2026-04-21,1343.0,1357.0,Bradford,Plymouth,1.0,1.0,,,5.0,4.0,1.0,5.0,0.0,0.0,13.0,11.0,Desconocido
Premier League,569.0,,,False,2026-04-21,51.0,49.0,Brighton,Chelsea,3.0,0.0,,,6.0,5.0,1.0,1.0,0.0,0.0,15.0,6.0,Desconocido
League 2,,,,False,2026-04-21,,1365.0,Cambridge,Grimsby,1.0,2.0,,,6.0,5.0,0.0,2.0,0.0,0.0,17.0,10.0,Desconocido
League 2,,,,False,2026-04-21,1372.0,1381.0,Cheltenham,Tranmere,1.0,3.0,,,4.0,5.0,1.0,0.0,0.0,0.0,11.0,14.0,Desconocido
Championship,407.0,,,False,2026-04-21,1346.0,1355.0,Coventry,Portsmouth,5.0,1.0,,,3.0,1.0,0.0,1.0,0.0,0.0,15.0,4.0,Desconocido
League 1,,,,False,2026-04-21,1354.0,1379.0,Doncaster,Lincoln,0.0,2.0,,,1.0,8.0,3.0,0.0,0.0,0.0,3.0,21.0,Desconocido
Championship Escocia,,,,False,2026-04-21,1388.0,,Dunfermline,St Johnstone,0.0,2.0,,,3.0,7.0,2.0,1.0,0.0,0.0,3.0,10.0,Desconocido
Jupiler Pro League,144.0,,,False,2026-04-21,742.0,736.0,Genk,Charleroi,1.0,1.0,,,10.0,1.0,1.0,1.0,0.0,0.0,21.0,12.0,Desconocido
La Liga,140.0,,,False,2026-04-21,547.0,,Girona,Betis,2.0,3.0,,,3.0,1.0,1.0,3.0,0.0,0.0,9.0,7.0,Desconocido
National League,43.0,,,False,2026-04-21,1366.0,1341.0,Hartlepool,Southend,4.0,3.0,,,,,0.0,2.0,0.0,0.0,,,Desconocido
Championship,407.0,,,False,2026-04-21,46.0,,Leicester,Hull,2.0,2.0,,,9.0,8.0,3.0,2.0,0.0,0.0,20.0,13.0,Desconocido
La Liga,140.0,,,False,2026-04-21,798.0,532.0,Mallorca,Valencia,1.0,1.0,,,7.0,4.0,0.0,2.0,0.0,0.0,20.0,10.0,Desconocido
Championship,407.0,,,False,2026-04-21,71.0,69.0,Norwich,Derby,2.0,1.0,,,3.0,4.0,2.0,3.0,0.0,0.0,14.0,11.0,Desconocido
Jupiler Pro League,144.0,,,False,2026-04-21,,,Oud-Heverlee Leuven,Westerlo,0.0,2.0,,,8.0,4.0,1.0,0.0,0.0,0.0,12.0,16.0,Desconocido
Championship,407.0,,,False,2026-04-21,,1837.0,Oxford,Wrexham,0.0,1.0,,,9.0,5.0,2.0,3.0,0.0,0.0,19.0,11.0,Desconocido
Championship,407.0,,,False,2026-04-21,72.0,76.0,QPR,Swansea,1.0,2.0,,,4.0,5.0,3.0,1.0,0.0,0.0,12.0,17.0,Desconocido
La Liga,140.0,,,False,2026-04-21,541.0,542.0,Real Madrid,Alaves,2.0,1.0,,,9.0,6.0,1.0,1.0,0.0,0.0,24.0,19.0,Desconocido
League 1,,,,False,2026-04-21,73.0,1359.0,Rotherham,Luton,0.0,2.0,,,2.0,6.0,1.0,2.0,0.0,0.0,15.0,14.0,Desconocido
Championship,407.0,,,False,2026-04-21,41.0,56.0,Southampton,Bristol City,2.0,2.0,,,7.0,3.0,3.0,3.0,0.0,0.0,10.0,8.0,Desconocido
Jupiler Pro League,144.0,,,False,2026-04-21,,740.0,Standard,Antwerp,1.0,2.0,,,6.0,4.0,1.0,2.0,0.0,0.0,15.0,17.0,Desconocido
League 1,,,,False,2026-04-21,1368.0,747.0,Stevenage,Barnsley,1.0,0.0,,,5.0,3.0,0.0,0.0,0.0,0.0,13.0,10.0,Desconocido
League 1,,,,False,2026-04-21,,,Stockport,Mansfield,0.0,1.0,,,6.0,5.0,3.0,5.0,0.0,0.0,16.0,9.0,Desconocido
Championship,407.0,,,False,2026-04-21,,58.0,Stoke,Millwall,1.0,3.0,,,11.0,1.0,0.0,3.0,0.0,0.0,12.0,14.0,Desconocido
Championship,407.0,,,False,2026-04-21,60.0,38.0,West Brom,Watford,3.0,0.0,,,4.0,3.0,4.0,3.0,0.0,0.0,14.0,8.0,Desconocido
Premier League,569.0,,,False,2026-04-20,52.0,48.0,Crystal Palace,West Ham,0.0,0.0,,,4.0,6.0,2.0,1.0,0.0,0.0,9.0,9.0,Desconocido
Ligue 2,62.0,,,False,2026-04-20,1304.0,433.0,Dunkerque,Laval,0.0,2.0,,,5.0,2.0,1.0,3.0,0.0,0.0,14.0,11.0,Desconocido
Turkey Super Lig,,,,False,2026-04-20,,1001.0,Gaziantep,Kayserispor,3.0,0.0,,,5.0,3.0,2.0,3.0,0.0,0.0,20.0,17.0,Desconocido
La Liga 2,,,,False,2026-04-20,,799.0,La Coruna,Mirandes,3.0,1.0,,,1.0,5.0,2.0,4.0,0.0,0.0,12.0,12.0,Desconocido
Serie A,71.0,,,False,2026-04-20,867.0,502.0,Lecce,Fiorentina,1.0,1.0,,,5.0,2.0,2.0,4.0,0.0,0.0,14.0,5.0,Desconocido
Primeira Liga,94.0,,,False,2026-04-20,215.0,230.0,Moreirense,Estoril,1.0,0.0,,,5.0,1.0,0.0,2.0,0.0,0.0,11.0,4.0,Desconocido
Super League Greece,,,,False,2026-04-19,,619.0,AEK,PAOK,3.0,0.0,,,6.0,3.0,1.0,3.0,0.0,0.0,20.0,8.0,Desconocido
La Liga 2,,,,False,2026-04-19,722.0,22018.0,Albacete,Granada,4.0,1.0,,,3.0,6.0,2.0,3.0,0.0,0.0,12.0,15.0,Desconocido
La Liga 2,,,,False,2026-04-19,723.0,535.0,Almeria,Malaga,3.0,2.0,,,3.0,5.0,2.0,3.0,1.0,1.0,19.0,13.0,Desconocido
La Liga 2,,,,False,2026-04-19,1110.0,720.0,Andorra,Valladolid,1.0,0.0,,,8.0,2.0,1.0,4.0,0.0,0.0,11.0,4.0,Desconocido
Primeira Liga,94.0,,,False,2026-04-19,240.0,15130.0,Arouca,Estrela,1.0,0.0,,,4.0,3.0,5.0,1.0,0.0,0.0,11.0,15.0,Desconocido
Premier League,569.0,,,False,2026-04-19,66.0,746.0,Aston Villa,Sunderland,4.0,3.0,,,4.0,5.0,1.0,3.0,0.0,0.0,15.0,10.0,Desconocido
Bundesliga,218.0,,,False,2026-04-19,,,Bayern Munich,Stuttgart,4.0,2.0,,,11.0,3.0,0.0,0.0,0.0,0.0,28.0,11.0,Desconocido
Bundesliga 2,,,,False,2026-04-19,,,Braunschweig,Hertha,1.0,1.0,,,8.0,2.0,4.0,3.0,0.0,1.0,16.0,10.0,Desconocido
Serie B,72.0,,,False,2026-04-19,1581.0,525.0,Carrarese,Pescara,2.0,2.0,,,6.0,5.0,1.0,1.0,0.0,0.0,14.0,14.0,Desconocido
Serie A,71.0,,,False,2026-04-19,520.0,503.0,Cremonese,Torino,0.0,0.0,,,6.0,1.0,0.0,3.0,0.0,0.0,14.0,4.0,Desconocido
Jupiler Pro League,144.0,,,False,2026-04-19,6215.0,741.0,Dender,Cercle Brugge,1.0,4.0,,,4.0,6.0,4.0,0.0,0.0,0.0,8.0,19.0,Desconocido
La Liga 2,,,,False,2026-04-19,545.0,726.0,Eibar,Huesca,2.0,1.0,,,4.0,4.0,3.0,2.0,0.0,1.0,13.0,6.0,Desconocido
Serie B,72.0,,,False,2026-04-19,511.0,527.0,Empoli,Virtus Entella,1.0,1.0,,,6.0,5.0,1.0,3.0,0.0,0.0,15.0,9.0,Desconocido
Premier League,569.0,,,False,2026-04-19,45.0,40.0,Everton,Liverpool,1.0,2.0,,,1.0,6.0,2.0,0.0,0.0,0.0,10.0,14.0,Desconocido
Bundesliga,218.0,,,False,2026-04-19,,,Freiburg,Heidenheim,2.0,1.0,,,5.0,4.0,1.0,0.0,0.0,0.0,17.0,13.0,Desconocido
Jupiler Pro League,144.0,,,False,2026-04-19,631.0,,Gent,St Truiden,0.0,0.0,,,6.0,5.0,0.0,1.0,0.0,0.0,13.0,12.0,Desconocido
Bundesliga 2,,,,False,2026-04-19,,,Greuther Furth,Darmstadt,3.0,2.0,,,5.0,3.0,2.0,2.0,0.0,0.0,20.0,12.0,Desconocido
Championship,407.0,,,False,2026-04-19,57.0,70.0,Ipswich,Middlesbrough,2.0,2.0,,,6.0,3.0,2.0,4.0,0.0,0.0,17.0,15.0,Desconocido
Serie A,71.0,,,False,2026-04-19,10019.0,500.0,Juventus,Bologna,2.0,0.0,,,6.0,1.0,1.0,0.0,0.0,0.0,14.0,7.0,Desconocido
Turkey Super Lig,,,,False,2026-04-19,,996.0,Kasimpasa,Alanyaspor,1.0,0.0,,,6.0,1.0,2.0,4.0,0.0,0.0,7.0,8.0,Desconocido
Bundesliga,218.0,,,False,2026-04-19,,,M'gladbach,Mainz,1.0,1.0,,,0.0,6.0,5.0,2.0,0.0,0.0,9.0,17.0,Desconocido
Premier League,569.0,,,False,2026-04-19,,9419.0,Man City,Arsenal,2.0,1.0,,,8.0,5.0,2.0,2.0,0.0,0.0,15.0,9.0,Desconocido
Ligue 1,61.0,,,False,2026-04-19,112.0,114.0,Metz,Paris FC,1.0,3.0,,,6.0,5.0,2.0,2.0,0.0,0.0,13.0,15.0,Desconocido
Ligue 1,61.0,,,False,2026-04-19,91.0,108.0,Monaco,Auxerre,2.0,2.0,,,11.0,3.0,2.0,3.0,0.0,0.0,15.0,12.0,Desconocido
Ligue 1,61.0,,,False,2026-04-19,83.0,,Nantes,Brest,1.0,1.0,,,11.0,0.0,2.0,2.0,1.0,0.0,17.0,4.0,Desconocido
Premier League,569.0,,,False,2026-04-19,,44.0,Nott'm Forest,Burnley,4.0,1.0,,,4.0,4.0,0.0,2.0,0.0,0.0,10.0,4.0,Desconocido
Serie B,72.0,,,False,2026-04-19,870.0,880.0,Padova,Reggiana,1.0,0.0,,,5.0,2.0,0.0,2.0,0.0,0.0,10.0,12.0,Desconocido
Super League Greece,,,,False,2026-04-19,617.0,3415.0,Panathinaikos,Olympiakos,0.0,2.0,,,3.0,1.0,4.0,4.0,0.0,0.0,16.0,7.0,Desconocido
Ligue 1,61.0,,,False,2026-04-19,,80.0,Paris SG,Lyon,1.0,2.0,,,13.0,5.0,5.0,1.0,0.0,0.0,23.0,6.0,Desconocido
League 1,,,,False,2026-04-19,,,Peterboro,Burton,1.0,1.0,,,4.0,4.0,1.0,2.0,0.0,0.0,15.0,14.0,Desconocido
Serie A,71.0,,,False,2026-04-19,801.0,495.0,Pisa,Genoa,1.0,2.0,,,5.0,5.0,3.0,1.0,0.0,0.0,12.0,13.0,Desconocido
League 1,,,,False,2026-04-19,1351.0,61.0,Port Vale,Wigan,0.0,0.0,,,8.0,3.0,0.0,1.0,0.0,0.0,18.0,8.0,Desconocido
Primeira Liga,94.0,,,False,2026-04-19,,218.0,Porto,Tondela,2.0,0.0,,,8.0,3.0,4.0,6.0,0.0,0.0,22.0,5.0,Desconocido
Jupiler Pro League,144.0,,,False,2026-04-19,,,RAAL La Louviere,Waregem,0.0,2.0,,,7.0,1.0,2.0,0.0,0.0,0.0,10.0,7.0,Desconocido
Turkey Super Lig,,,,False,2026-04-19,3603.0,,Samsunspor,Besiktas,2.0,1.0,,,1.0,7.0,5.0,2.0,0.0,0.0,14.0,14.0,Desconocido
Bundesliga 2,,,,False,2026-04-19,,1313.0,Schalke 04,Preußen Münster,4.0,1.0,,,7.0,2.0,1.0,2.0,0.0,0.0,24.0,4.0,Desconocido
Primeira Liga,94.0,,,False,2026-04-19,,242.0,Sp Braga,Famalicao,2.0,2.0,,,5.0,2.0,2.0,5.0,0.0,0.0,10.0,6.0,Desconocido
La Liga 2,,,,False,2026-04-19,,724.0,Sp Gijon,Cadiz,3.0,0.0,,,2.0,5.0,1.0,6.0,0.0,0.0,15.0,11.0,Desconocido
Primeira Liga,94.0,,,False,2026-04-19,,211.0,Sp Lisbon,Benfica,1.0,2.0,,,3.0,8.0,2.0,1.0,0.0,0.0,19.0,14.0,Desconocido
Jupiler Pro League,144.0,,,False,2026-04-19,,,St. Gilloise,Club Brugge,2.0,1.0,,,3.0,3.0,3.0,5.0,0.0,0.0,15.0,11.0,Desconocido
Ligue 1,61.0,,,False,2026-04-19,95.0,94.0,Strasbourg,Rennes,0.0,3.0,,,2.0,9.0,0.0,1.0,0.0,0.0,9.0,26.0,Desconocido
Turkey Super Lig,,,,False,2026-04-19,998.0,,Trabzonspor,Buyuksehyr,1.0,1.0,,,5.0,8.0,0.0,2.0,0.0,0.0,11.0,17.0,Desconocido
Serie A,71.0,,,False,2026-04-19,,,Verona,Milan,0.0,1.0,,,6.0,1.0,2.0,0.0,0.0,0.0,13.0,6.0,Desconocido
League 1,,,,False,2026-04-18,1333.0,1357.0,AFC Wimbledon,Plymouth,1.0,3.0,,,5.0,7.0,2.0,3.0,0.0,0.0,15.0,22.0,Desconocido
Championship Escocia,,,,False,2026-04-18,,901.0,Airdrie Utd,Partick,2.0,2.0,,,7.0,6.0,4.0,4.0,0.0,0.0,14.0,10.0,Desconocido
League 1 Escocia,,,,False,2026-04-18,,6764.0,Alloa,East Fife,2.0,0.0,,,1.0,3.0,2.0,2.0,0.0,0.0,9.0,4.0,Desconocido
Ligue 1,61.0,,,False,2026-04-18,77.0,111.0,Angers,Le Havre,1.0,1.0,,,4.0,3.0,1.0,3.0,0.0,1.0,11.0,16.0,Desconocido
League 2 Escocia,,,,False,2026-04-18,6757.0,6781.0,Annan Athletic,Spartans,0.0,2.0,,,3.0,8.0,1.0,2.0,0.0,0.0,6.0,16.0,Desconocido
Jupiler Pro League,144.0,,,False,2026-04-18,740.0,,Antwerp,Oud-Heverlee Leuven,2.0,0.0,,,11.0,2.0,2.0,4.0,0.0,2.0,23.0,5.0,Desconocido
Championship Escocia,,,,False,2026-04-18,4249.0,,Arbroath,Raith Rvs,2.0,1.0,,,4.0,2.0,3.0,2.0,0.0,0.0,6.0,5.0,Desconocido
Super League Greece,,,,False,2026-04-18,3408.0,2110.0,Aris,Volos NFC,3.0,2.0,,,4.0,5.0,5.0,5.0,0.0,0.0,22.0,11.0,Desconocido
Super League Greece,,,,False,2026-04-18,12260.0,953.0,Atromitos,Larisa,3.0,2.0,,,2.0,4.0,5.0,1.0,1.0,0.0,10.0,18.0,Desconocido
Serie B,72.0,,,False,2026-04-18,508.0,517.0,Bari,Venezia,0.0,3.0,,,4.0,3.0,1.0,0.0,0.0,0.0,6.0,17.0,Desconocido
League 1,,,,False,2026-04-18,747.0,1343.0,Barnsley,Bradford,2.0,2.0,,,5.0,10.0,2.0,3.0,1.0,0.0,9.0,14.0,Desconocido
League 2,,,,False,2026-04-18,1819.0,1342.0,Barrow,Walsall,1.0,3.0,,,5.0,3.0,1.0,0.0,0.0,0.0,10.0,18.0,Desconocido
Ligue 2,62.0,,,False,2026-04-18,1305.0,,Bastia,St Etienne,2.0,0.0,,,2.0,6.0,4.0,2.0,0.0,0.0,10.0,10.0,Desconocido
Bundesliga 2,,,,False,2026-04-18,,,Bielefeld,Nurnberg,1.0,1.0,,,2.0,2.0,2.0,1.0,0.0,0.0,10.0,9.0,Desconocido
League 1,,,,False,2026-04-18,68.0,37.0,Bolton,Huddersfield,3.0,3.0,,,6.0,4.0,4.0,5.0,1.0,0.0,24.0,9.0,Desconocido
National League,43.0,,,False,2026-04-18,4701.0,,Brackley Town,Aldershot,2.0,1.0,,,,,3.0,0.0,0.0,0.0,,,Desconocido
National League,43.0,,,False,2026-04-18,,1339.0,Braintree Town,Rochdale,1.0,2.0,,,,,2.0,2.0,0.0,0.0,,,Desconocido
Premier League,569.0,,,False,2026-04-18,55.0,36.0,Brentford,Fulham,0.0,0.0,,,9.0,3.0,0.0,1.0,0.0,0.0,13.0,11.0,Desconocido
Championship,407.0,,,False,2026-04-18,56.0,71.0,Bristol City,Norwich,2.0,4.0,,,2.0,10.0,0.0,2.0,0.0,0.0,9.0,19.0,Desconocido
Primeira Liga,94.0,,,False,2026-04-18,4716.0,227.0,Casa Pia,Santa Clara,0.0,0.0,,,4.0,6.0,3.0,2.0,0.0,0.0,10.0,5.0,Desconocido
La Liga 2,,,,False,2026-04-18,,9580.0,Castellon,Burgos,3.0,1.0,,,7.0,1.0,5.0,2.0,0.0,0.0,14.0,7.0,Desconocido
Jupiler Pro League,144.0,,,False,2026-04-18,736.0,,Charleroi,Standard,1.0,2.0,,,6.0,4.0,4.0,1.0,0.0,0.0,12.0,8.0,Desconocido
Premier League,569.0,,,False,2026-04-18,49.0,,Chelsea,Man United,0.0,1.0,,,7.0,1.0,1.0,3.0,0.0,0.0,21.0,4.0,Desconocido
League 2,,,,False,2026-04-18,1372.0,1367.0,Cheltenham,Newport County,1.0,0.0,,,2.0,8.0,1.0,4.0,0.0,0.0,8.0,17.0,Desconocido
League 2 Escocia,,,,False,2026-04-18,6762.0,1382.0,Clyde,Dumbarton,2.0,0.0,,,3.0,1.0,1.0,2.0,0.0,0.0,11.0,3.0,Desconocido
League 1 Escocia,,,,False,2026-04-18,6763.0,6784.0,Cove Rangers,Stenhousemuir,2.0,0.0,,,4.0,3.0,1.0,5.0,0.0,0.0,5.0,9.0,Desconocido
League 2,,,,False,2026-04-18,1362.0,1352.0,Crawley Town,Shrewsbury,0.0,0.0,,,7.0,2.0,1.0,1.0,0.0,0.0,13.0,7.0,Desconocido
League 2,,,,False,2026-04-18,1363.0,1348.0,Crewe,Milton Keynes Dons,1.0,3.0,,,3.0,6.0,1.0,1.0,0.0,0.0,8.0,17.0,Desconocido
La Liga 2,,,,False,2026-04-18,725.0,713.0,Cultural Leonesa,Cordoba,1.0,2.0,,,4.0,8.0,1.0,1.0,0.0,0.0,17.0,17.0,Desconocido
Championship,407.0,,,False,2026-04-18,69.0,,Derby,Oxford,1.0,0.0,,,7.0,3.0,4.0,1.0,0.0,0.0,15.0,11.0,Desconocido
Bundesliga 2,,,,False,2026-04-18,,,Dresden,Bochum,2.0,0.0,,,4.0,5.0,0.0,2.0,0.0,0.0,9.0,13.0,Desconocido
League 2 Escocia,,,,False,2026-04-18,6765.0,6766.0,East Kilbride,Edinburgh City,4.0,0.0,,,12.0,0.0,2.0,4.0,0.0,0.0,24.0,2.0,Desconocido
National League,43.0,,,False,2026-04-18,1822.0,7752.0,Eastleigh,Tamworth,1.0,1.0,,,,,4.0,2.0,0.0,0.0,,,Desconocido
Bundesliga,218.0,,,False,2026-04-18,,173.0,Ein Frankfurt,RB Leipzig,1.0,3.0,,,4.0,6.0,0.0,1.0,0.0,0.0,16.0,19.0,Desconocido
League 1,,,,False,2026-04-18,,,Exeter,Stockport,3.0,3.0,,,4.0,6.0,0.0,1.0,0.0,0.0,15.0,20.0,Desconocido
League 2,,,,False,2026-04-18,1336.0,1345.0,Fleetwood Town,Chesterfield,1.0,1.0,,,4.0,6.0,0.0,0.0,0.0,1.0,22.0,13.0,Desconocido
National League,43.0,,,False,2026-04-18,1823.0,1836.0,Gateshead,Woking,0.0,3.0,,,,,2.0,1.0,0.0,0.0,,,Desconocido
Turkey Super Lig,,,,False,2026-04-18,,645.0,Genclerbirligi,Galatasaray,1.0,2.0,,,2.0,4.0,2.0,2.0,0.0,0.0,11.0,9.0,Desconocido
Primeira Liga,94.0,,,False,2026-04-18,,224.0,Gil Vicente,Guimaraes,0.0,1.0,,,10.0,3.0,2.0,2.0,0.0,0.0,12.0,11.0,Desconocido
League 2,,,,False,2026-04-18,1347.0,1365.0,Gillingham,Grimsby,1.0,4.0,,,5.0,3.0,2.0,1.0,0.0,0.0,9.0,14.0,Desconocido
National League,43.0,,,False,2026-04-18,,1341.0,Halifax,Southend,2.0,6.0,,,,,2.0,1.0,0.0,0.0,,,Desconocido
Bundesliga 2,,,,False,2026-04-18,,,Hannover,Paderborn,1.0,1.0,,,5.0,3.0,3.0,1.0,0.0,0.0,5.0,16.0,Desconocido
League 2,,,,False,2026-04-18,,1361.0,Harrogate,Colchester,1.0,0.0,,,7.0,5.0,4.0,1.0,0.0,0.0,13.0,16.0,Desconocido
National League,43.0,,,False,2026-04-18,1366.0,1378.0,Hartlepool,Forest Green,2.0,1.0,,,,,1.0,1.0,0.0,0.0,,,Desconocido
Bundesliga,218.0,,,False,2026-04-18,,,Hoffenheim,Dortmund,2.0,1.0,,,4.0,3.0,2.0,3.0,0.0,0.0,13.0,8.0,Desconocido
Championship,407.0,,,False,2026-04-18,,54.0,Hull,Birmingham,1.0,1.0,,,2.0,6.0,4.0,4.0,0.0,0.0,14.0,11.0,Desconocido
League 1 Escocia,,,,False,2026-04-18,,6773.0,Inverness C,Kelty Hearts,1.0,0.0,,,4.0,5.0,1.0,1.0,0.0,0.0,8.0,6.0,Desconocido
Serie B,72.0,,,False,2026-04-18,863.0,1687.0,Juve Stabia,Catanzaro,1.0,1.0,,,3.0,4.0,1.0,1.0,0.0,0.0,7.0,14.0,Desconocido
Turkey Super Lig,,,,False,2026-04-18,,,Karagumruk,Eyupspor,1.0,2.0,,,6.0,5.0,0.0,3.0,0.0,1.0,12.0,6.0,Desconocido
Super League Greece,,,,False,2026-04-18,5050.0,955.0,Kifisia,Asteras Tripolis,0.0,0.0,,,4.0,1.0,1.0,2.0,0.0,0.0,13.0,3.0,Desconocido
Turkey Super Lig,,,,False,2026-04-18,7411.0,,Kocaelispor,Goztep,1.0,1.0,,,9.0,0.0,5.0,7.0,1.0,0.0,21.0,7.0,Desconocido
Premier League,569.0,,,False,2026-04-18,63.0,39.0,Leeds,Wolves,3.0,0.0,,,5.0,6.0,2.0,1.0,0.0,0.0,17.0,7.0,Desconocido
Bundesliga,218.0,,,False,2026-04-18,,,Leverkusen,Augsburg,1.0,2.0,,,11.0,4.0,2.0,1.0,0.0,0.0,35.0,11.0,Desconocido
League 1,,,,False,2026-04-18,1373.0,73.0,Leyton Orient,Rotherham,0.0,2.0,,,6.0,6.0,1.0,3.0,0.0,0.0,9.0,13.0,Desconocido
Ligue 1,61.0,,,False,2026-04-18,79.0,84.0,Lille,Nice,0.0,0.0,,,5.0,3.0,3.0,1.0,0.0,0.0,9.0,5.0,Desconocido
Ligue 1,61.0,,,False,2026-04-18,97.0,81.0,Lorient,Marseille,2.0,0.0,,,1.0,7.0,0.0,3.0,0.0,0.0,11.0,16.0,Desconocido
Bundesliga 2,,,,False,2026-04-18,,,Magdeburg,Fortuna Dusseldorf,2.0,0.0,,,7.0,6.0,1.0,3.0,0.0,0.0,11.0,11.0,Desconocido
League 1,,,,False,2026-04-18,,1359.0,Mansfield,Luton,2.0,2.0,,,3.0,9.0,2.0,1.0,0.0,0.0,13.0,21.0,Desconocido
Serie B,72.0,,,False,2026-04-18,1693.0,528.0,Mantova,Avellino,0.0,2.0,,,10.0,2.0,1.0,0.0,0.0,0.0,12.0,6.0,Desconocido
Jupiler Pro League,144.0,,,False,2026-04-18,,554.0,Mechelen,Anderlecht,1.0,2.0,,,5.0,3.0,4.0,6.0,0.0,0.0,18.0,13.0,Desconocido
Championship,407.0,,,False,2026-04-18,58.0,72.0,Millwall,QPR,2.0,0.0,,,6.0,10.0,1.0,3.0,0.0,0.0,11.0,5.0,Desconocido
Serie B,72.0,,,False,2026-04-18,899.0,512.0,Modena,Frosinone,1.0,2.0,,,2.0,6.0,3.0,4.0,0.0,0.0,19.0,20.0,Desconocido
League 1 Escocia,,,,False,2026-04-18,4251.0,,Montrose,Hamilton,0.0,2.0,,,5.0,14.0,0.0,1.0,0.0,0.0,7.0,10.0,Desconocido
National League,43.0,,,False,2026-04-18,1375.0,1830.0,Morecambe,Boreham Wood,0.0,3.0,,,,,0.0,0.0,0.0,0.0,,,Desconocido
Championship Escocia,,,,False,2026-04-18,1383.0,,Morton,Queens Park,0.0,0.0,,,11.0,4.0,0.0,0.0,0.0,1.0,24.0,7.0,Desconocido
Primeira Liga,94.0,,,False,2026-04-18,225.0,4724.0,Nacional,Alverca,1.0,0.0,,,4.0,8.0,2.0,1.0,0.0,0.0,10.0,8.0,Desconocido
Serie A,71.0,,,False,2026-04-18,492.0,487.0,Napoli,Lazio,0.0,2.0,,,12.0,0.0,1.0,3.0,0.0,0.0,12.0,14.0,Desconocido
Premier League,569.0,,,False,2026-04-18,34.0,35.0,Newcastle,Bournemouth,1.0,2.0,,,2.0,3.0,2.0,4.0,0.0,0.0,12.0,12.0,Desconocido
League 1,,,,False,2026-04-18,1337.0,1354.0,Northampton,Doncaster,1.0,3.0,,,5.0,5.0,5.0,2.0,0.0,0.0,7.0,19.0,Desconocido
League 2,,,,False,2026-04-18,1376.0,1369.0,Notts County,Barnet,1.0,2.0,,,1.0,7.0,1.0,1.0,0.0,0.0,9.0,14.0,Desconocido
Super League Greece,,,,False,2026-04-18,,,OFI Crete,Levadeiakos,2.0,0.0,,,3.0,1.0,1.0,5.0,0.0,0.0,14.0,12.0,Desconocido
League 2,,,,False,2026-04-18,1349.0,,Oldham,Salford,1.0,2.0,,,7.0,4.0,3.0,2.0,0.0,0.0,13.0,14.0,Desconocido
Serie B,72.0,,,False,2026-04-18,522.0,509.0,Palermo,Cesena,2.0,0.0,,,6.0,6.0,0.0,1.0,0.0,0.0,17.0,14.0,Desconocido
Super League Greece,,,,False,2026-04-18,949.0,2099.0,Panetolikos,Panserraikos,2.0,3.0,,,2.0,0.0,0.0,0.0,0.0,0.0,11.0,6.0,Desconocido
League 1 Escocia,,,,False,2026-04-18,6777.0,,Peterhead,Queen of Sth,1.0,1.0,,,7.0,5.0,3.0,4.0,0.0,0.0,8.0,10.0,Desconocido
Championship,407.0,,,False,2026-04-18,1355.0,46.0,Portsmouth,Leicester,1.0,0.0,,,5.0,7.0,2.0,3.0,0.0,0.0,11.0,14.0,Desconocido
Championship,407.0,,,False,2026-04-18,59.0,60.0,Preston,West Brom,0.0,2.0,,,8.0,6.0,0.0,0.0,0.0,0.0,9.0,8.0,Desconocido
League 1,,,,False,2026-04-18,53.0,43.0,Reading,Cardiff,1.0,3.0,,,7.0,9.0,3.0,4.0,0.0,0.0,15.0,15.0,Desconocido
Ligue 2,62.0,,,False,2026-04-18,93.0,,Reims,Red Star,3.0,2.0,,,6.0,5.0,5.0,2.0,0.0,0.0,11.0,12.0,Desconocido
Serie A,71.0,,,False,2026-04-18,,499.0,Roma,Atalanta,1.0,1.0,,,7.0,6.0,1.0,2.0,0.0,0.0,19.0,8.0,Desconocido
Championship Escocia,,,,False,2026-04-18,902.0,,Ross County,Ayr,2.0,1.0,,,4.0,5.0,3.0,2.0,0.0,0.0,12.0,8.0,Desconocido
Championship,407.0,,,False,2026-04-18,,1335.0,Sheffield Weds,Charlton,1.0,1.0,,,7.0,2.0,1.0,2.0,0.0,0.0,9.0,12.0,Desconocido
National League,43.0,,,False,2026-04-18,,,Solihull,Boston Utd,0.0,3.0,,,,,0.0,2.0,1.0,0.0,,,Desconocido
Serie B,72.0,,,False,2026-04-18,515.0,1578.0,Spezia,Sudtirol,6.0,1.0,,,3.0,3.0,0.0,1.0,0.0,1.0,19.0,5.0,Desconocido
League 1,,,,False,2026-04-18,1368.0,1379.0,Stevenage,Lincoln,2.0,2.0,,,2.0,8.0,1.0,3.0,0.0,0.0,6.0,7.0,Desconocido
League 2 Escocia,,,,False,2026-04-18,,,Stirling,Elgin,2.0,2.0,,,4.0,3.0,1.0,1.0,0.0,0.0,12.0,11.0,Desconocido
League 2 Escocia,,,,False,2026-04-18,6785.0,,Stranraer,Forfar,0.0,1.0,,,5.0,1.0,2.0,5.0,0.0,0.0,10.0,4.0,Desconocido
National League,43.0,,,False,2026-04-18,,4700.0,Sutton,Altrincham,1.0,2.0,,,,,1.0,5.0,0.0,0.0,,,Desconocido
Championship,407.0,,,False,2026-04-18,76.0,41.0,Swansea,Southampton,1.0,2.0,,,4.0,12.0,2.0,2.0,0.0,0.0,10.0,16.0,Desconocido
League 2,,,,False,2026-04-18,,,Swindon,Accrington,2.0,2.0,,,5.0,6.0,0.0,1.0,0.0,0.0,8.0,11.0,Desconocido
Premier League,569.0,,,False,2026-04-18,47.0,51.0,Tottenham,Brighton,2.0,2.0,,,7.0,5.0,3.0,1.0,0.0,0.0,13.0,10.0,Desconocido
League 2,,,,False,2026-04-18,1381.0,,Tranmere,Bristol Rvs,1.0,2.0,,,5.0,2.0,4.0,3.0,0.0,0.0,10.0,10.0,Desconocido
Ligue 2,62.0,,,False,2026-04-18,,1299.0,Troyes,Boulogne,1.0,0.0,,,8.0,1.0,1.0,1.0,0.0,0.0,11.0,5.0,Desconocido
National League,43.0,,,False,2026-04-18,,1371.0,Truro,Carlisle,0.0,1.0,,,,,0.0,0.0,0.0,0.0,,,Desconocido
Serie A,71.0,,,False,2026-04-18,494.0,523.0,Udinese,Parma,0.0,1.0,,,10.0,5.0,2.0,0.0,0.0,0.0,16.0,10.0,Desconocido
Bundesliga,218.0,,,False,2026-04-18,182.0,,Union Berlin,Wolfsburg,1.0,2.0,,,11.0,4.0,1.0,1.0,0.0,0.0,25.0,5.0,Desconocido
Championship,407.0,,,False,2026-04-18,38.0,,Watford,Sheffield United,0.0,2.0,,,8.0,5.0,2.0,4.0,0.0,0.0,14.0,11.0,Desconocido
National League,43.0,,,False,2026-04-18,8663.0,1340.0,Wealdstone,Scunthorpe,1.0,1.0,,,,,0.0,0.0,0.0,0.0,,,Desconocido
Bundesliga,218.0,,,False,2026-04-18,162.0,,Werder Bremen,Hamburg,3.0,1.0,,,7.0,3.0,4.0,3.0,0.0,1.0,18.0,11.0,Desconocido
Jupiler Pro League,144.0,,,False,2026-04-18,,742.0,Westerlo,Genk,1.0,2.0,,,3.0,7.0,1.0,2.0,0.0,0.0,12.0,10.0,Desconocido
Championship,407.0,,,False,2026-04-18,1837.0,,Wrexham,Stoke,2.0,0.0,,,2.0,6.0,0.0,1.0,0.0,0.0,9.0,6.0,Desconocido
League 1,,,,False,2026-04-18,1358.0,1356.0,Wycombe,Blackpool,0.0,1.0,,,10.0,6.0,2.0,2.0,0.0,1.0,15.0,5.0,Desconocido
National League,43.0,,,False,2026-04-18,1828.0,,York,Yeovil,3.0,0.0,,,,,3.0,2.0,0.0,0.0,,,Desconocido
La Liga 2,,,,False,2026-04-18,732.0,,Zaragoza,Ceuta,2.0,2.0,,,7.0,2.0,1.0,4.0,0.0,1.0,25.0,8.0,Desconocido
Turkey Super Lig,,,,False,2026-04-17,1005.0,607.0,Antalyaspor,Konyaspor,0.0,2.0,,,10.0,1.0,3.0,5.0,0.0,0.0,13.0,9.0,Desconocido
Championship,407.0,,,False,2026-04-17,67.0,1346.0,Blackburn,Coventry,1.0,1.0,,,3.0,3.0,4.0,1.0,0.0,0.0,7.0,12.0,Desconocido
Bundesliga 2,,,,False,2026-04-17,,,Elversberg,Karlsruhe,3.0,0.0,,,2.0,1.0,0.0,1.0,0.0,0.0,15.0,10.0,Desconocido
Turkey Super Lig,,,,False,2026-04-17,,1007.0,Fenerbahce,Rizespor,2.0,2.0,,,7.0,3.0,1.0,7.0,0.0,1.0,15.0,6.0,Desconocido
Bundesliga 2,,,,False,2026-04-17,191.0,,Holstein Kiel,Kaiserslautern,3.0,0.0,,,5.0,0.0,2.0,1.0,0.0,0.0,15.0,6.0,Desconocido
Serie A,71.0,,,False,2026-04-17,505.0,490.0,Inter,Cagliari,3.0,0.0,,,4.0,9.0,0.0,2.0,0.0,0.0,18.0,10.0,Desconocido
La Liga 2,,,,False,2026-04-17,534.0,537.0,Las Palmas,Leganes,2.0,0.0,,,5.0,5.0,3.0,0.0,0.0,0.0,12.0,11.0,Desconocido
Ligue 2,62.0,,,False,2026-04-17,1298.0,,Le Mans,Clermont,1.0,0.0,,,6.0,4.0,1.0,1.0,0.0,0.0,13.0,10.0,Desconocido
Ligue 1,61.0,,,False,2026-04-17,116.0,96.0,Lens,Toulouse,3.0,2.0,,,14.0,1.0,1.0,1.0,0.0,1.0,41.0,5.0,Desconocido
Ligue 2,62.0,,,False,2026-04-17,82.0,101.0,Montpellier,Grenoble,2.0,1.0,,,4.0,1.0,1.0,1.0,0.0,0.0,11.0,12.0,Desconocido
Ligue 2,62.0,,,False,2026-04-17,102.0,3012.0,Nancy,Annecy,1.0,5.0,,,1.0,3.0,0.0,1.0,0.0,0.0,8.0,16.0,Desconocido
Ligue 2,62.0,,,False,2026-04-17,,90.0,Pau FC,Guingamp,2.0,1.0,,,7.0,1.0,4.0,1.0,0.0,0.0,9.0,5.0,Desconocido
Primeira Liga,94.0,,,False,2026-04-17,226.0,21595.0,Rio Ave,AVS,2.0,2.0,,,4.0,9.0,1.0,2.0,0.0,0.0,20.0,13.0,Desconocido
Ligue 2,62.0,,,False,2026-04-17,1301.0,87.0,Rodez,Amiens,3.0,2.0,,,7.0,4.0,2.0,2.0,0.0,0.0,13.0,13.0,Desconocido
Serie B,72.0,,,False,2026-04-17,498.0,1579.0,Sampdoria,Monza,0.0,3.0,,,8.0,5.0,1.0,2.0,0.0,0.0,19.0,15.0,Desconocido
Serie A,71.0,,,False,2026-04-17,488.0,895.0,Sassuolo,Como,2.0,1.0,,,5.0,8.0,3.0,3.0,0.0,0.0,11.0,12.0,Desconocido
La Liga 2,,,,False,2026-04-17,,,Sociedad B,Santander,1.0,3.0,,,2.0,2.0,5.0,3.0,0.0,0.0,17.0,11.0,Desconocido
Bundesliga,218.0,,,False,2026-04-17,,,St Pauli,FC Koln,1.0,1.0,,,8.0,5.0,4.0,1.0,0.0,0.0,14.0,10.0,Desconocido
League 2,,,,False,2026-04-16,1832.0,,Bromley,Cambridge,0.0,0.0,,,4.0,6.0,1.0,2.0,0.0,0.0,15.0,9.0,Desconocido
League 1,,,,False,2026-04-16,,1351.0,Peterboro,Port Vale,1.0,3.0,,,9.0,1.0,1.0,1.0,0.0,0.0,17.0,7.0,Desconocido
League 1,,,,False,2026-04-15,1333.0,,AFC Wimbledon,Stockport,0.0,2.0,,,7.0,3.0,1.0,4.0,0.0,0.0,12.0,13.0,Desconocido
League 1,,,,False,2026-04-15,1359.0,1337.0,Luton,Northampton,2.0,1.0,,,11.0,5.0,2.0,3.0,0.0,0.0,25.0,12.0,Desconocido
Championship Escocia,,,,False,2026-04-14,,1388.0,Airdrie Utd,Dunfermline,2.0,2.0,,,5.0,5.0,2.0,1.0,0.0,0.0,8.0,5.0,Desconocido
National League,43.0,,,False,2026-04-14,,1341.0,Aldershot,Southend,0.0,2.0,,,,,4.0,0.0,1.0,0.0,,,Desconocido
League 2,,,,False,2026-04-14,1819.0,1349.0,Barrow,Oldham,3.0,2.0,,,7.0,4.0,3.0,1.0,0.0,0.0,12.0,10.0,Desconocido
League 1,,,,False,2026-04-14,68.0,1368.0,Bolton,Stevenage,5.0,1.0,,,8.0,3.0,0.0,1.0,0.0,1.0,24.0,10.0,Desconocido
Serie B,72.0,,,False,2026-04-14,1687.0,899.0,Catanzaro,Modena,2.0,2.0,,,5.0,5.0,2.0,1.0,0.0,0.0,8.0,8.0,Desconocido
League 2,,,,False,2026-04-14,1372.0,1347.0,Cheltenham,Gillingham,2.0,1.0,,,8.0,4.0,1.0,0.0,0.0,0.0,8.0,13.0,Desconocido
League 2,,,,False,2026-04-14,1345.0,1365.0,Chesterfield,Grimsby,2.0,1.0,,,8.0,4.0,3.0,3.0,0.0,0.0,14.0,8.0,Desconocido
League 2,,,,False,2026-04-14,1361.0,,Colchester,Accrington,2.0,1.0,,,6.0,2.0,4.0,1.0,0.0,0.0,17.0,11.0,Desconocido
League 1,,,,False,2026-04-14,37.0,43.0,Huddersfield,Cardiff,1.0,1.0,,,4.0,7.0,1.0,4.0,0.0,0.0,19.0,16.0,Desconocido
League 1,,,,False,2026-04-14,1373.0,,Leyton Orient,Mansfield,0.0,0.0,,,5.0,8.0,0.0,1.0,0.0,0.0,10.0,11.0,Desconocido
League 1 Escocia,,,,False,2026-04-14,6777.0,,Peterhead,Inverness C,0.0,2.0,,,2.0,2.0,2.0,3.0,0.0,0.0,4.0,19.0,Desconocido
League 1,,,,False,2026-04-14,1351.0,747.0,Port Vale,Barnsley,0.0,0.0,,,8.0,9.0,1.0,1.0,0.0,0.0,8.0,19.0,Desconocido
Championship,407.0,,,False,2026-04-14,1355.0,57.0,Portsmouth,Ipswich,2.0,0.0,,,3.0,7.0,2.0,2.0,0.0,0.0,11.0,11.0,Desconocido
Championship Escocia,,,,False,2026-04-14,,,Queens Park,Raith Rvs,0.0,2.0,,,0.0,8.0,2.0,3.0,1.0,0.0,3.0,18.0,Desconocido
Championship,407.0,,,False,2026-04-14,41.0,67.0,Southampton,Blackburn,3.0,0.0,,,7.0,4.0,0.0,2.0,0.0,0.0,16.0,8.0,Desconocido
National League,43.0,,,False,2026-04-14,8663.0,,Wealdstone,Boston Utd,1.0,1.0,,,,,0.0,2.0,0.0,0.0,,,Desconocido
League 1,,,,False,2026-04-14,61.0,73.0,Wigan,Rotherham,3.0,0.0,,,11.0,1.0,2.0,2.0,0.0,0.0,13.0,6.0,Desconocido
National League,43.0,,,False,2026-04-14,1836.0,,Woking,Solihull,0.0,0.0,,,,,3.0,2.0,0.0,0.0,,,Desconocido
Turkey Super Lig,,,,False,2026-04-13,,3603.0,Eyupspor,Samsunspor,1.0,2.0,,,2.0,7.0,4.0,3.0,1.0,0.0,9.0,13.0,Desconocido
Serie A,71.0,,,False,2026-04-13,502.0,487.0,Fiorentina,Lazio,1.0,0.0,,,5.0,6.0,3.0,2.0,0.0,0.0,8.0,13.0,Desconocido
La Liga,140.0,,,False,2026-04-13,539.0,546.0,Levante,Getafe,1.0,0.0,,,8.0,2.0,2.0,7.0,0.0,1.0,22.0,5.0,Desconocido
Premier League,569.0,,,False,2026-04-13,,63.0,Man United,Leeds,1.0,2.0,,,11.0,4.0,3.0,2.0,1.0,0.0,20.0,15.0,Desconocido
Turkey Super Lig,,,,False,2026-04-13,1007.0,,Rizespor,Gaziantep,2.0,1.0,,,9.0,1.0,2.0,4.0,0.0,0.0,24.0,10.0,Desconocido
Ligue 2,62.0,,,False,2026-04-13,1301.0,,Rodez,Troyes,2.0,1.0,,,3.0,3.0,2.0,4.0,0.0,1.0,20.0,14.0,Desconocido
Primeira Liga,94.0,,,False,2026-04-13,218.0,,Tondela,Gil Vicente,2.0,2.0,,,5.0,5.0,6.0,2.0,0.0,0.0,10.0,14.0,Desconocido
La Liga 2,,,,False,2026-04-13,720.0,545.0,Valladolid,Eibar,0.0,0.0,,,9.0,1.0,2.0,5.0,0.0,0.0,9.0,0.0,Desconocido
Eredivisie,88.0,,,False,2026-04-12,201.0,210.0,AZ Alkmaar,Heerenveen,3.0,0.0,,,6.0,6.0,1.0,1.0,0.0,0.0,23.0,7.0,Desconocido
Primeira Liga,94.0,,,False,2026-04-12,4724.0,4716.0,Alverca,Casa Pia,3.0,1.0,,,9.0,11.0,0.0,0.0,0.0,0.0,11.0,15.0,Desconocido
Jupiler Pro League,144.0,,,False,2026-04-12,554.0,631.0,Anderlecht,Gent,3.0,1.0,,,4.0,1.0,1.0,2.0,0.0,0.0,15.0,12.0,Desconocido
La Liga,140.0,,,False,2026-04-12,,533.0,Ath Bilbao,Villarreal,1.0,2.0,,,15.0,3.0,2.0,3.0,0.0,0.0,18.0,12.0,Desconocido
Primeira Liga,94.0,,,False,2026-04-12,211.0,225.0,Benfica,Nacional,2.0,0.0,,,15.0,1.0,1.0,5.0,0.0,0.0,24.0,7.0,Desconocido
Championship,407.0,,,False,2026-04-12,54.0,1837.0,Birmingham,Wrexham,2.0,0.0,,,6.0,3.0,1.0,1.0,0.0,0.0,15.0,4.0,Desconocido
Bundesliga 2,,,,False,2026-04-12,,,Bochum,Braunschweig,4.0,1.0,,,2.0,5.0,6.0,1.0,0.0,0.0,15.0,15.0,Desconocido
Serie A,71.0,,,False,2026-04-12,500.0,867.0,Bologna,Lecce,2.0,0.0,,,8.0,6.0,0.0,2.0,0.0,0.0,12.0,6.0,Desconocido
La Liga 2,,,,False,2026-04-12,724.0,1110.0,Cadiz,Andorra,0.0,1.0,,,6.0,3.0,4.0,2.0,0.0,0.0,11.0,7.0,Desconocido
La Liga,140.0,,,False,2026-04-12,,718.0,Celta,Oviedo,0.0,3.0,,,4.0,1.0,1.0,2.0,0.0,0.0,9.0,8.0,Desconocido
Premier League,569.0,,,False,2026-04-12,49.0,,Chelsea,Man City,0.0,3.0,,,4.0,12.0,3.0,1.0,0.0,0.0,12.0,18.0,Desconocido
Serie A,71.0,,,False,2026-04-12,895.0,505.0,Como,Inter,3.0,4.0,,,1.0,1.0,3.0,7.0,0.0,0.0,24.0,7.0,Desconocido
Premier League,569.0,,,False,2026-04-12,52.0,34.0,Crystal Palace,Newcastle,2.0,1.0,,,2.0,4.0,0.0,3.0,0.0,0.0,11.0,7.0,Desconocido
Jupiler Pro League,144.0,,,False,2026-04-12,6215.0,,Dender,Waregem,1.0,2.0,,,2.0,6.0,2.0,0.0,0.0,0.0,15.0,24.0,Desconocido
Bundesliga 2,,,,False,2026-04-12,,,Elversberg,Schalke 04,1.0,2.0,,,8.0,2.0,1.0,3.0,0.0,1.0,11.0,9.0,Desconocido
Primeira Liga,94.0,,,False,2026-04-12,230.0,,Estoril,Porto,1.0,3.0,,,1.0,8.0,3.0,1.0,0.0,0.0,8.0,20.0,Desconocido
Bundesliga,218.0,,,False,2026-04-12,,162.0,FC Koln,Werder Bremen,3.0,1.0,,,8.0,5.0,3.0,2.0,0.0,1.0,25.0,6.0,Desconocido
Premiership Escocia,,,,False,2026-04-12,1389.0,257.0,Falkirk,Rangers,3.0,6.0,,,2.0,1.0,3.0,4.0,0.0,0.0,7.0,20.0,Desconocido
Eredivisie,88.0,,,False,2026-04-12,,203.0,For Sittard,NAC Breda,1.0,1.0,,,5.0,8.0,2.0,1.0,0.0,0.0,10.0,14.0,Desconocido
Turkey Super Lig,,,,False,2026-04-12,645.0,7411.0,Galatasaray,Kocaelispor,1.0,1.0,,,4.0,1.0,0.0,1.0,0.0,0.0,13.0,8.0,Desconocido
Jupiler Pro League,144.0,,,False,2026-04-12,742.0,,Genk,Oud-Heverlee Leuven,0.0,0.0,,,3.0,2.0,2.0,3.0,0.0,0.0,16.0,7.0,Desconocido
Serie A,71.0,,,False,2026-04-12,495.0,488.0,Genoa,Sassuolo,2.0,1.0,,,5.0,3.0,2.0,3.0,1.0,1.0,14.0,15.0,Desconocido
Turkey Super Lig,,,,False,2026-04-12,,,Goztep,Kasimpasa,3.0,3.0,,,4.0,2.0,3.0,5.0,0.0,1.0,18.0,8.0,Desconocido
La Liga 2,,,,False,2026-04-12,22018.0,725.0,Granada,Cultural Leonesa,1.0,0.0,,,4.0,3.0,5.0,4.0,2.0,1.0,11.0,9.0,Desconocido
La Liga 2,,,,False,2026-04-12,726.0,,Huesca,La Coruna,1.0,1.0,,,6.0,9.0,2.0,2.0,1.0,0.0,9.0,17.0,Desconocido
Turkey Super Lig,,,,False,2026-04-12,607.0,,Konyaspor,Karagumruk,3.0,0.0,,,3.0,4.0,1.0,1.0,0.0,0.0,10.0,11.0,Desconocido
Ligue 1,61.0,,,False,2026-04-12,80.0,97.0,Lyon,Lorient,2.0,0.0,,,4.0,6.0,4.0,1.0,0.0,0.0,11.0,12.0,Desconocido
Bundesliga,218.0,,,False,2026-04-12,,,Mainz,Freiburg,0.0,1.0,,,6.0,4.0,1.0,3.0,0.0,0.0,10.0,8.0,Desconocido
La Liga,140.0,,,False,2026-04-12,798.0,,Mallorca,Vallecano,3.0,0.0,,,6.0,7.0,1.0,4.0,0.0,0.0,12.0,17.0,Desconocido
Jupiler Pro League,144.0,,,False,2026-04-12,,,Mechelen,St. Gilloise,0.0,1.0,,,2.0,9.0,1.0,4.0,0.0,0.0,4.0,18.0,Desconocido
La Liga 2,,,,False,2026-04-12,799.0,,Mirandes,Castellon,2.0,2.0,,,8.0,7.0,0.0,1.0,0.0,1.0,10.0,19.0,Desconocido
Ligue 1,61.0,,,False,2026-04-12,84.0,111.0,Nice,Le Havre,1.0,1.0,,,5.0,2.0,1.0,1.0,0.0,0.0,15.0,11.0,Desconocido
Eredivisie,88.0,,,False,2026-04-12,,209.0,Nijmegen,Feyenoord,1.0,1.0,,,4.0,1.0,3.0,4.0,0.0,0.0,15.0,13.0,Desconocido
Premier League,569.0,,,False,2026-04-12,,66.0,Nott'm Forest,Aston Villa,1.0,1.0,,,7.0,3.0,2.0,2.0,0.0,0.0,15.0,12.0,Desconocido
La Liga,140.0,,,False,2026-04-12,727.0,,Osasuna,Betis,1.0,1.0,,,6.0,3.0,3.0,4.0,0.0,0.0,12.0,8.0,Desconocido
Bundesliga 2,,,,False,2026-04-12,,,Paderborn,Magdeburg,4.0,3.0,,,4.0,7.0,2.0,1.0,0.0,0.0,10.0,16.0,Desconocido
Serie B,72.0,,,False,2026-04-12,870.0,511.0,Padova,Empoli,1.0,0.0,,,4.0,4.0,2.0,1.0,0.0,0.0,16.0,11.0,Desconocido
Serie A,71.0,,,False,2026-04-12,523.0,492.0,Parma,Napoli,1.0,1.0,,,3.0,7.0,1.0,0.0,0.0,0.0,3.0,20.0,Desconocido
Serie B,72.0,,,False,2026-04-12,880.0,1581.0,Reggiana,Carrarese,2.0,0.0,,,4.0,8.0,1.0,3.0,0.0,0.0,10.0,19.0,Desconocido
La Liga 2,,,,False,2026-04-12,,723.0,Santander,Almeria,5.0,1.0,,,8.0,0.0,4.0,2.0,1.0,1.0,26.0,10.0,Desconocido
Primeira Liga,94.0,,,False,2026-04-12,,240.0,Sp Braga,Arouca,1.0,0.0,,,6.0,5.0,2.0,2.0,1.0,0.0,6.0,9.0,Desconocido
Serie B,72.0,,,False,2026-04-12,515.0,1693.0,Spezia,Mantova,0.0,2.0,,,6.0,0.0,2.0,3.0,0.0,0.0,12.0,13.0,Desconocido
Bundesliga,218.0,,,False,2026-04-12,,,Stuttgart,Hamburg,4.0,0.0,,,8.0,2.0,2.0,1.0,0.0,0.0,23.0,9.0,Desconocido
Premier League,569.0,,,False,2026-04-12,746.0,47.0,Sunderland,Tottenham,1.0,0.0,,,2.0,6.0,3.0,3.0,0.0,0.0,13.0,11.0,Desconocido
Ligue 1,61.0,,,False,2026-04-12,96.0,79.0,Toulouse,Lille,0.0,4.0,,,4.0,2.0,2.0,0.0,1.0,0.0,9.0,15.0,Desconocido
Eredivisie,88.0,,,False,2026-04-12,,196.0,Zwolle,Excelsior,2.0,2.0,,,5.0,2.0,0.0,1.0,0.0,0.0,15.0,16.0,Desconocido
Primeira Liga,94.0,,,False,2026-04-11,21595.0,224.0,AVS,Guimaraes,1.0,1.0,,,5.0,4.0,5.0,1.0,0.0,0.0,17.0,14.0,Desconocido
Premiership Escocia,,,,False,2026-04-11,252.0,249.0,Aberdeen,Hibernian,2.0,0.0,,,3.0,3.0,2.0,2.0,0.0,1.0,17.0,4.0,Desconocido
League 2,,,,False,2026-04-11,,1336.0,Accrington,Fleetwood Town,1.0,2.0,,,4.0,8.0,2.0,2.0,0.0,0.0,11.0,13.0,Desconocido
Turkey Super Lig,,,,False,2026-04-11,996.0,998.0,Alanyaspor,Trabzonspor,1.0,1.0,,,2.0,5.0,3.0,1.0,0.0,0.0,8.0,17.0,Desconocido
National League,43.0,,,False,2026-04-11,,1823.0,Aldershot,Gateshead,0.0,1.0,,,,,3.0,5.0,0.0,0.0,,,Desconocido
National League,43.0,,,False,2026-04-11,4700.0,1822.0,Altrincham,Eastleigh,1.0,0.0,,,,,1.0,0.0,0.0,0.0,,,Desconocido
Premier League,569.0,,,False,2026-04-11,9419.0,35.0,Arsenal,Bournemouth,1.0,2.0,,,10.0,1.0,1.0,3.0,0.0,0.0,15.0,8.0,Desconocido
Serie A,71.0,,,False,2026-04-11,499.0,10019.0,Atalanta,Juventus,0.0,1.0,,,13.0,2.0,1.0,3.0,0.0,0.0,22.0,7.0,Desconocido
Ligue 1,61.0,,,False,2026-04-11,108.0,83.0,Auxerre,Nantes,0.0,0.0,,,3.0,2.0,0.0,4.0,0.0,0.0,5.0,13.0,Desconocido
Serie B,72.0,,,False,2026-04-11,528.0,1687.0,Avellino,Catanzaro,1.0,1.0,,,6.0,1.0,4.0,5.0,0.0,1.0,19.0,7.0,Desconocido
Championship Escocia,,,,False,2026-04-11,,4249.0,Ayr,Arbroath,1.0,0.0,,,7.0,3.0,3.0,2.0,0.0,0.0,12.0,3.0,Desconocido
La Liga,140.0,,,False,2026-04-11,529.0,,Barcelona,Espanol,4.0,1.0,,,7.0,5.0,3.0,6.0,0.0,0.0,20.0,10.0,Desconocido
League 2,,,,False,2026-04-11,1369.0,1819.0,Barnet,Barrow,3.0,2.0,,,8.0,0.0,1.0,1.0,0.0,0.0,23.0,5.0,Desconocido
League 1,,,,False,2026-04-11,1356.0,,Blackpool,Peterboro,3.0,1.0,,,11.0,3.0,1.0,2.0,1.0,0.0,16.0,11.0,Desconocido
National League,43.0,,,False,2026-04-11,1830.0,1366.0,Boreham Wood,Hartlepool,3.0,0.0,,,,,1.0,1.0,0.0,0.0,,,Desconocido
National League,43.0,,,False,2026-04-11,,,Boston Utd,Truro,1.0,0.0,,,,,1.0,0.0,0.0,0.0,,,Desconocido
Ligue 2,62.0,,,False,2026-04-11,1299.0,1298.0,Boulogne,Le Mans,0.0,0.0,,,2.0,7.0,0.0,0.0,0.0,0.0,2.0,13.0,Desconocido
League 1,,,,False,2026-04-11,1343.0,1368.0,Bradford,Stevenage,0.0,1.0,,,1.0,0.0,2.0,3.0,0.0,0.0,13.0,3.0,Desconocido
Premier League,569.0,,,False,2026-04-11,55.0,45.0,Brentford,Everton,2.0,2.0,,,2.0,3.0,0.0,2.0,0.0,0.0,17.0,14.0,Desconocido
League 2,,,,False,2026-04-11,,1362.0,Bristol Rvs,Crawley Town,3.0,1.0,,,4.0,2.0,2.0,1.0,1.0,0.0,11.0,23.0,Desconocido
La Liga 2,,,,False,2026-04-11,9580.0,,Burgos,Sp Gijon,1.0,0.0,,,2.0,4.0,3.0,3.0,0.0,0.0,10.0,11.0,Desconocido
Premier League,569.0,,,False,2026-04-11,44.0,51.0,Burnley,Brighton,0.0,2.0,,,8.0,2.0,2.0,1.0,0.0,0.0,10.0,13.0,Desconocido
League 1,,,,False,2026-04-11,,1333.0,Burton,AFC Wimbledon,1.0,0.0,,,9.0,2.0,1.0,0.0,0.0,0.0,12.0,5.0,Desconocido
Turkey Super Lig,,,,False,2026-04-11,,,Buyuksehyr,Genclerbirligi,3.0,0.0,,,4.0,2.0,2.0,1.0,0.0,0.0,21.0,12.0,Desconocido
Serie A,71.0,,,False,2026-04-11,490.0,520.0,Cagliari,Cremonese,1.0,0.0,,,6.0,5.0,1.0,1.0,0.0,0.0,17.0,5.0,Desconocido
League 2,,,,False,2026-04-11,,1376.0,Cambridge,Notts County,4.0,0.0,,,4.0,4.0,0.0,2.0,1.0,0.0,13.0,8.0,Desconocido
League 1,,,,False,2026-04-11,43.0,68.0,Cardiff,Bolton,2.0,0.0,,,8.0,1.0,1.0,0.0,0.0,0.0,19.0,6.0,Desconocido
National League,43.0,,,False,2026-04-11,1371.0,,Carlisle,Sutton,3.0,0.0,,,,,1.0,5.0,0.0,0.0,,,Desconocido
Premiership Escocia,,,,False,2026-04-11,247.0,,Celtic,St Mirren,1.0,0.0,,,3.0,7.0,0.0,2.0,0.0,0.0,7.0,5.0,Desconocido
Jupiler Pro League,144.0,,,False,2026-04-11,741.0,,Cercle Brugge,RAAL La Louviere,3.0,0.0,,,9.0,5.0,1.0,1.0,0.0,0.0,20.0,10.0,Desconocido
Championship,407.0,,,False,2026-04-11,1335.0,59.0,Charlton,Preston,1.0,2.0,,,7.0,4.0,2.0,3.0,0.0,0.0,17.0,14.0,Desconocido
League 2,,,,False,2026-04-11,1345.0,1381.0,Chesterfield,Tranmere,1.0,1.0,,,6.0,7.0,2.0,4.0,0.0,0.0,7.0,13.0,Desconocido
La Liga 2,,,,False,2026-04-11,713.0,732.0,Cordoba,Zaragoza,1.0,0.0,,,5.0,5.0,3.0,6.0,0.0,0.0,13.0,10.0,Desconocido
Championship,407.0,,,False,2026-04-11,1346.0,,Coventry,Sheffield Weds,0.0,0.0,,,7.0,2.0,0.0,3.0,0.0,0.0,20.0,8.0,Desconocido
Bundesliga 2,,,,False,2026-04-11,,,Darmstadt,Hannover,0.0,2.0,,,2.0,6.0,0.0,2.0,0.0,0.0,16.0,11.0,Desconocido
League 1,,,,False,2026-04-11,1354.0,53.0,Doncaster,Reading,1.0,0.0,,,2.0,4.0,1.0,2.0,0.0,0.0,9.0,8.0,Desconocido
Bundesliga,218.0,,,False,2026-04-11,,,Dortmund,Leverkusen,0.0,1.0,,,5.0,5.0,3.0,0.0,0.0,0.0,14.0,11.0,Desconocido
League 2 Escocia,,,,False,2026-04-11,1382.0,,Dumbarton,Stirling,2.0,1.0,,,10.0,6.0,1.0,3.0,1.0,0.0,14.0,9.0,Desconocido
Premiership Escocia,,,,False,2026-04-11,,255.0,Dundee United,Livingston,3.0,2.0,,,4.0,3.0,0.0,0.0,0.0,0.0,15.0,14.0,Desconocido
League 1 Escocia,,,,False,2026-04-11,6764.0,6777.0,East Fife,Peterhead,2.0,1.0,,,4.0,5.0,4.0,1.0,0.0,0.0,10.0,6.0,Desconocido
League 2 Escocia,,,,False,2026-04-11,6766.0,6762.0,Edinburgh City,Clyde,0.0,2.0,,,3.0,5.0,2.0,1.0,0.0,0.0,8.0,6.0,Desconocido
La Liga,140.0,,,False,2026-04-11,797.0,532.0,Elche,Valencia,1.0,0.0,,,5.0,9.0,1.0,1.0,0.0,0.0,8.0,22.0,Desconocido
League 2 Escocia,,,,False,2026-04-11,,6757.0,Elgin,Annan Athletic,0.0,3.0,,,5.0,2.0,3.0,3.0,0.0,0.0,8.0,11.0,Desconocido
Primeira Liga,94.0,,,False,2026-04-11,15130.0,,Estrela,Sp Lisbon,0.0,1.0,,,4.0,13.0,3.0,1.0,0.0,0.0,9.0,10.0,Desconocido
National League,43.0,,,False,2026-04-11,1378.0,,Forest Green,Braintree Town,3.0,1.0,,,,,1.0,1.0,0.0,0.0,,,Desconocido
League 2 Escocia,,,,False,2026-04-11,,6765.0,Forfar,East Kilbride,1.0,0.0,,,4.0,3.0,1.0,4.0,0.0,0.0,7.0,5.0,Desconocido
League 2,,,,False,2026-04-11,1365.0,1363.0,Grimsby,Crewe,3.0,2.0,,,2.0,5.0,1.0,0.0,0.0,0.0,16.0,8.0,Desconocido
Eredivisie,88.0,,,False,2026-04-11,202.0,,Groningen,Go Ahead Eagles,0.0,0.0,,,8.0,5.0,0.0,0.0,0.0,0.0,24.0,10.0,Desconocido
League 1 Escocia,,,,False,2026-04-11,,,Hamilton,Alloa,1.0,0.0,,,3.0,4.0,1.0,2.0,0.0,0.0,9.0,8.0,Desconocido
Premiership Escocia,,,,False,2026-04-11,,256.0,Hearts,Motherwell,3.0,1.0,,,6.0,4.0,1.0,2.0,0.0,0.0,12.0,12.0,Desconocido
Bundesliga,218.0,,,False,2026-04-11,,182.0,Heidenheim,Union Berlin,3.0,1.0,,,3.0,5.0,0.0,2.0,0.0,0.0,7.0,10.0,Desconocido
Eredivisie,88.0,,,False,2026-04-11,206.0,194.0,Heracles,Ajax,0.0,3.0,,,7.0,5.0,2.0,0.0,0.0,1.0,15.0,18.0,Desconocido
Bundesliga 2,,,,False,2026-04-11,,,Hertha,Kaiserslautern,0.0,1.0,,,5.0,5.0,2.0,0.0,0.0,0.0,19.0,11.0,Desconocido
League 1,,,,False,2026-04-11,37.0,1358.0,Huddersfield,Wycombe,3.0,3.0,,,10.0,5.0,0.0,2.0,0.0,0.0,22.0,8.0,Desconocido
Serie B,72.0,,,False,2026-04-11,863.0,509.0,Juve Stabia,Cesena,2.0,0.0,,,6.0,2.0,1.0,2.0,0.0,0.0,7.0,16.0,Desconocido
Turkey Super Lig,,,,False,2026-04-11,1001.0,,Kayserispor,Fenerbahce,0.0,4.0,,,4.0,5.0,3.0,3.0,0.0,0.0,11.0,18.0,Desconocido
League 1 Escocia,,,,False,2026-04-11,6773.0,4251.0,Kelty Hearts,Montrose,3.0,1.0,,,4.0,2.0,3.0,1.0,0.0,0.0,9.0,7.0,Desconocido
Premiership Escocia,,,,False,2026-04-11,250.0,253.0,Kilmarnock,Dundee,2.0,2.0,,,4.0,2.0,4.0,2.0,0.0,0.0,13.0,8.0,Desconocido
La Liga 2,,,,False,2026-04-11,537.0,722.0,Leganes,Albacete,2.0,1.0,,,10.0,4.0,1.0,3.0,0.0,0.0,20.0,9.0,Desconocido
Championship,407.0,,,False,2026-04-11,46.0,76.0,Leicester,Swansea,0.0,1.0,,,12.0,2.0,2.0,0.0,0.0,0.0,19.0,8.0,Desconocido
League 1,,,,False,2026-04-11,1379.0,1373.0,Lincoln,Leyton Orient,2.0,1.0,,,4.0,6.0,2.0,4.0,0.0,0.0,18.0,12.0,Desconocido
Premier League,569.0,,,False,2026-04-11,40.0,36.0,Liverpool,Fulham,2.0,0.0,,,6.0,9.0,0.0,0.0,0.0,0.0,18.0,19.0,Desconocido
La Liga 2,,,,False,2026-04-11,535.0,534.0,Malaga,Las Palmas,2.0,0.0,,,5.0,5.0,1.0,1.0,0.0,0.0,17.0,11.0,Desconocido
Championship,407.0,,,False,2026-04-11,70.0,1355.0,Middlesbrough,Portsmouth,0.0,1.0,,,14.0,2.0,1.0,4.0,0.0,0.0,20.0,3.0,Desconocido
Serie A,71.0,,,False,2026-04-11,,494.0,Milan,Udinese,0.0,3.0,,,4.0,3.0,1.0,1.0,0.0,0.0,20.0,12.0,Desconocido
League 2,,,,False,2026-04-11,1348.0,1832.0,Milton Keynes Dons,Bromley,2.0,1.0,,,2.0,9.0,1.0,3.0,1.0,0.0,10.0,19.0,Desconocido
Serie B,72.0,,,False,2026-04-11,1579.0,508.0,Monza,Bari,2.0,0.0,,,7.0,1.0,1.0,2.0,0.0,0.0,18.0,7.0,Desconocido
League 2,,,,False,2026-04-11,1367.0,,Newport County,Harrogate,2.0,1.0,,,8.0,7.0,2.0,1.0,0.0,0.0,11.0,10.0,Desconocido
Championship,407.0,,,False,2026-04-11,71.0,57.0,Norwich,Ipswich,0.0,2.0,,,13.0,1.0,5.0,5.0,0.0,0.0,15.0,9.0,Desconocido
Bundesliga 2,,,,False,2026-04-11,,,Nurnberg,Dresden,0.0,2.0,,,5.0,4.0,1.0,1.0,0.0,0.0,16.0,9.0,Desconocido
Championship,407.0,,,False,2026-04-11,,38.0,Oxford,Watford,2.0,0.0,,,10.0,5.0,1.0,2.0,0.0,0.0,15.0,12.0,Desconocido
Championship Escocia,,,,False,2026-04-11,901.0,1388.0,Partick,Dunfermline,2.0,0.0,,,5.0,2.0,0.0,0.0,0.0,0.0,12.0,5.0,Desconocido
Serie B,72.0,,,False,2026-04-11,525.0,498.0,Pescara,Sampdoria,1.0,2.0,,,5.0,3.0,3.0,4.0,0.0,0.0,12.0,14.0,Desconocido
League 1,,,,False,2026-04-11,1357.0,,Plymouth,Exeter,2.0,2.0,,,12.0,2.0,2.0,4.0,0.0,0.0,20.0,5.0,Desconocido
Bundesliga 2,,,,False,2026-04-11,1313.0,,Preußen Münster,Greuther Furth,0.0,0.0,,,6.0,4.0,0.0,0.0,0.0,0.0,12.0,6.0,Desconocido
Championship,407.0,,,False,2026-04-11,72.0,56.0,QPR,Bristol City,0.0,0.0,,,3.0,6.0,4.0,2.0,0.0,0.0,10.0,13.0,Desconocido
League 1 Escocia,,,,False,2026-04-11,,6763.0,Queen of Sth,Cove Rangers,2.0,0.0,,,7.0,5.0,1.0,1.0,0.0,0.0,22.0,7.0,Desconocido
Bundesliga,218.0,,,False,2026-04-11,173.0,,RB Leipzig,M'gladbach,1.0,0.0,,,11.0,4.0,4.0,1.0,0.0,0.0,24.0,15.0,Desconocido
Championship Escocia,,,,False,2026-04-11,,1383.0,Raith Rvs,Morton,3.0,2.0,,,9.0,2.0,0.0,2.0,0.0,0.0,16.0,7.0,Desconocido
Ligue 2,62.0,,,False,2026-04-11,,1305.0,Red Star,Bastia,4.0,3.0,,,4.0,2.0,2.0,1.0,0.0,0.0,18.0,12.0,Desconocido
Ligue 1,61.0,,,False,2026-04-11,94.0,77.0,Rennes,Angers,2.0,1.0,,,11.0,3.0,0.0,2.0,0.0,0.0,15.0,6.0,Desconocido
National League,43.0,,,False,2026-04-11,1339.0,8663.0,Rochdale,Wealdstone,2.0,1.0,,,,,2.0,1.0,0.0,0.0,,,Desconocido
League 1,,,,False,2026-04-11,73.0,747.0,Rotherham,Barnsley,1.0,3.0,,,3.0,2.0,0.0,4.0,0.0,0.0,7.0,9.0,Desconocido
League 2,,,,False,2026-04-11,,1347.0,Salford,Gillingham,0.0,0.0,,,3.0,5.0,1.0,2.0,0.0,0.0,12.0,5.0,Desconocido
Primeira Liga,94.0,,,False,2026-04-11,227.0,226.0,Santa Clara,Rio Ave,0.0,2.0,,,3.0,3.0,2.0,3.0,0.0,0.0,13.0,4.0,Desconocido
National League,43.0,,,False,2026-04-11,1340.0,4701.0,Scunthorpe,Brackley Town,1.0,0.0,,,,,1.0,3.0,0.0,0.0,,,Desconocido
La Liga,140.0,,,False,2026-04-11,536.0,,Sevilla,Ath Madrid,2.0,1.0,,,6.0,6.0,4.0,4.0,0.0,0.0,11.0,13.0,Desconocido
Championship,407.0,,,False,2026-04-11,,,Sheffield United,Hull,2.0,1.0,,,15.0,4.0,2.0,5.0,0.0,1.0,15.0,18.0,Desconocido
League 2,,,,False,2026-04-11,1352.0,1349.0,Shrewsbury,Oldham,1.0,0.0,,,3.0,5.0,2.0,2.0,0.0,0.0,8.0,10.0,Desconocido
La Liga,140.0,,,False,2026-04-11,,542.0,Sociedad,Alaves,3.0,3.0,,,9.0,5.0,2.0,4.0,1.0,0.0,12.0,12.0,Desconocido
Championship,407.0,,,False,2026-04-11,41.0,69.0,Southampton,Derby,2.0,1.0,,,6.0,2.0,1.0,2.0,0.0,0.0,15.0,9.0,Desconocido
National League,43.0,,,False,2026-04-11,1341.0,,Southend,Solihull,0.0,0.0,,,,,2.0,2.0,0.0,0.0,,,Desconocido
Eredivisie,88.0,,,False,2026-04-11,426.0,197.0,Sparta Rotterdam,PSV Eindhoven,0.0,2.0,,,2.0,5.0,1.0,6.0,0.0,0.0,9.0,18.0,Desconocido
League 2 Escocia,,,,False,2026-04-11,6781.0,6785.0,Spartans,Stranraer,1.0,2.0,,,6.0,7.0,1.0,4.0,0.0,0.0,14.0,11.0,Desconocido
Ligue 2,62.0,,,False,2026-04-11,,1304.0,St Etienne,Dunkerque,2.0,1.0,,,6.0,2.0,1.0,2.0,0.0,0.0,20.0,6.0,Desconocido
Championship Escocia,,,,False,2026-04-11,,,St Johnstone,Airdrie Utd,4.0,0.0,,,6.0,4.0,1.0,1.0,0.0,0.0,13.0,0.0,Desconocido
Bundesliga,218.0,,,False,2026-04-11,,,St Pauli,Bayern Munich,0.0,5.0,,,3.0,4.0,1.0,2.0,0.0,0.0,6.0,20.0,Desconocido
Jupiler Pro League,144.0,,,False,2026-04-11,,,St Truiden,Club Brugge,1.0,2.0,,,10.0,5.0,3.0,2.0,0.0,0.0,19.0,16.0,Desconocido
Jupiler Pro League,144.0,,,False,2026-04-11,,,Standard,Westerlo,1.0,2.0,,,1.0,7.0,3.0,2.0,1.0,0.0,7.0,18.0,Desconocido
League 1 Escocia,,,,False,2026-04-11,6784.0,,Stenhousemuir,Inverness C,1.0,1.0,,,5.0,4.0,2.0,5.0,0.0,0.0,9.0,9.0,Desconocido
Championship,407.0,,,False,2026-04-11,,67.0,Stoke,Blackburn,1.0,1.0,,,4.0,3.0,3.0,3.0,1.0,0.0,10.0,11.0,Desconocido
Serie B,72.0,,,False,2026-04-11,1578.0,899.0,Sudtirol,Modena,1.0,1.0,,,7.0,9.0,1.0,1.0,0.0,0.0,18.0,17.0,Desconocido
National League,43.0,,,False,2026-04-11,7752.0,1828.0,Tamworth,York,0.0,1.0,,,,,2.0,3.0,0.0,0.0,,,Desconocido
Serie A,71.0,,,False,2026-04-11,503.0,,Torino,Verona,2.0,1.0,,,3.0,6.0,1.0,4.0,0.0,0.0,11.0,18.0,Desconocido
Eredivisie,88.0,,,False,2026-04-11,207.0,427.0,Utrecht,Telstar,4.0,1.0,,,7.0,5.0,2.0,1.0,0.0,0.0,18.0,13.0,Desconocido
Serie B,72.0,,,False,2026-04-11,527.0,517.0,Virtus Entella,Venezia,1.0,1.0,,,4.0,2.0,3.0,4.0,0.0,1.0,9.0,10.0,Desconocido
League 2,,,,False,2026-04-11,1342.0,1372.0,Walsall,Cheltenham,0.0,4.0,,,0.0,5.0,1.0,1.0,0.0,0.0,8.0,15.0,Desconocido
League 1,,,,False,2026-04-11,61.0,,Wigan,Mansfield,2.0,1.0,,,2.0,4.0,2.0,1.0,0.0,0.0,8.0,13.0,Desconocido
National League,43.0,,,False,2026-04-11,1836.0,1375.0,Woking,Morecambe,5.0,1.0,,,,,3.0,0.0,0.0,0.0,,,Desconocido
Bundesliga,218.0,,,False,2026-04-11,,,Wolfsburg,Ein Frankfurt,1.0,2.0,,,7.0,7.0,2.0,1.0,0.0,0.0,22.0,10.0,Desconocido
National League,43.0,,,False,2026-04-11,,,Yeovil,Halifax,0.0,0.0,,,,,1.0,3.0,0.0,0.0,,,Desconocido
Ligue 2,62.0,,,False,2026-04-10,87.0,,Amiens,Pau FC,0.0,1.0,,,7.0,4.0,1.0,2.0,1.0,0.0,4.0,10.0,Desconocido
Ligue 2,62.0,,,False,2026-04-10,3012.0,82.0,Annecy,Montpellier,0.0,0.0,,,3.0,5.0,1.0,1.0,0.0,0.0,9.0,4.0,Desconocido
Bundesliga,218.0,,,False,2026-04-10,,,Augsburg,Hoffenheim,2.0,2.0,,,4.0,4.0,5.0,3.0,0.0,0.0,17.0,13.0,Desconocido
Turkey Super Lig,,,,False,2026-04-10,,1005.0,Besiktas,Antalyaspor,4.0,2.0,,,10.0,6.0,1.0,2.0,0.0,0.0,21.0,11.0,Desconocido
La Liga 2,,,,False,2026-04-10,,,Ceuta,Sociedad B,0.0,0.0,,,4.0,3.0,2.0,4.0,0.0,0.0,15.0,16.0,Desconocido
Jupiler Pro League,144.0,,,False,2026-04-10,736.0,740.0,Charleroi,Antwerp,2.0,1.0,,,2.0,9.0,3.0,2.0,0.0,0.0,13.0,12.0,Desconocido
Ligue 2,62.0,,,False,2026-04-10,,102.0,Clermont,Nancy,2.0,2.0,,,6.0,1.0,5.0,2.0,0.0,0.0,16.0,5.0,Desconocido
League 2,,,,False,2026-04-10,1361.0,,Colchester,Swindon,3.0,0.0,,,10.0,1.0,1.0,0.0,0.0,1.0,25.0,4.0,Desconocido
Primeira Liga,94.0,,,False,2026-04-10,242.0,215.0,Famalicao,Moreirense,1.0,1.0,,,13.0,0.0,5.0,6.0,0.0,0.0,18.0,2.0,Desconocido
Bundesliga 2,,,,False,2026-04-10,,191.0,Fortuna Dusseldorf,Holstein Kiel,1.0,2.0,,,7.0,3.0,2.0,4.0,0.0,0.0,14.0,11.0,Desconocido
Serie B,72.0,,,False,2026-04-10,512.0,522.0,Frosinone,Palermo,1.0,1.0,,,4.0,7.0,4.0,3.0,0.0,0.0,14.0,13.0,Desconocido
Ligue 2,62.0,,,False,2026-04-10,90.0,101.0,Guingamp,Grenoble,1.0,1.0,,,5.0,1.0,2.0,3.0,0.0,0.0,22.0,6.0,Desconocido
Bundesliga 2,,,,False,2026-04-10,,,Karlsruhe,Bielefeld,4.0,1.0,,,4.0,13.0,2.0,1.0,0.0,0.0,12.0,22.0,Desconocido
Ligue 2,62.0,,,False,2026-04-10,433.0,93.0,Laval,Reims,2.0,2.0,,,8.0,4.0,1.0,2.0,0.0,0.0,12.0,12.0,Desconocido
Ligue 1,61.0,,,False,2026-04-10,81.0,112.0,Marseille,Metz,3.0,1.0,,,7.0,4.0,1.0,2.0,0.0,0.0,18.0,6.0,Desconocido
Ligue 1,61.0,,,False,2026-04-10,114.0,91.0,Paris FC,Monaco,4.0,1.0,,,1.0,11.0,1.0,0.0,0.0,0.0,12.0,19.0,Desconocido
Championship Escocia,,,,False,2026-04-10,,902.0,Queens Park,Ross County,1.0,0.0,,,4.0,1.0,1.0,5.0,0.0,0.0,6.0,3.0,Desconocido
La Liga,140.0,,,False,2026-04-10,541.0,547.0,Real Madrid,Girona,1.0,1.0,,,10.0,1.0,2.0,1.0,0.0,0.0,22.0,10.0,Desconocido
Serie A,71.0,,,False,2026-04-10,,801.0,Roma,Pisa,3.0,0.0,,,1.0,3.0,1.0,1.0,0.0,0.0,8.0,9.0,Desconocido
Eredivisie,88.0,,,False,2026-04-10,415.0,,Twente,Volendam,2.0,1.0,,,7.0,1.0,1.0,1.0,0.0,0.0,23.0,8.0,Desconocido
Championship,407.0,,,False,2026-04-10,60.0,58.0,West Brom,Millwall,0.0,0.0,,,7.0,5.0,1.0,2.0,0.0,0.0,16.0,11.0,Desconocido
Premier League,569.0,,,False,2026-04-10,48.0,39.0,West Ham,Wolves,4.0,0.0,,,5.0,2.0,2.0,2.0,0.0,0.0,18.0,14.0,Desconocido
Turkey Super Lig,,,,False,2026-04-09,1007.0,3603.0,Rizespor,Samsunspor,4.0,1.0,,,5.0,11.0,2.0,1.0,0.0,0.0,13.0,15.0,Desconocido
Super League Greece,,,,False,2026-04-08,12260.0,5050.0,Atromitos,Kifisia,0.0,0.0,,,4.0,2.0,2.0,6.0,0.0,1.0,12.0,6.0,Desconocido
Turkey Super Lig,,,,False,2026-04-08,,645.0,Goztep,Galatasaray,1.0,3.0,,,4.0,2.0,0.0,1.0,0.0,0.0,17.0,7.0,Desconocido
Super League Greece,,,,False,2026-04-08,953.0,949.0,Larisa,Panetolikos,1.0,2.0,,,5.0,1.0,2.0,3.0,1.0,0.0,13.0,8.0,Desconocido
Super League Greece,,,,False,2026-04-08,2099.0,955.0,Panserraikos,Asteras Tripolis,0.0,0.0,,,6.0,4.0,2.0,2.0,0.0,0.0,10.0,4.0,Desconocido
Championship Escocia,,,,False,2026-04-07,,1388.0,Ayr,Dunfermline,0.0,3.0,,,3.0,0.0,3.0,1.0,1.0,0.0,2.0,8.0,Desconocido
League 2,,,,False,2026-04-07,1832.0,1352.0,Bromley,Shrewsbury,2.0,1.0,,,6.0,1.0,0.0,3.0,0.0,0.0,11.0,7.0,Desconocido
League 1 Escocia,,,,False,2026-04-07,4251.0,6763.0,Montrose,Cove Rangers,2.0,3.0,,,6.0,5.0,2.0,0.0,0.0,0.0,10.0,7.0,Desconocido
League 1,,,,False,2026-04-07,1351.0,73.0,Port Vale,Rotherham,1.0,0.0,,,4.0,6.0,1.0,0.0,0.0,0.0,7.0,10.0,Desconocido
Championship,407.0,,,False,2026-04-07,1837.0,41.0,Wrexham,Southampton,1.0,5.0,,,3.0,4.0,2.0,3.0,0.0,0.0,11.0,16.0,Desconocido
League 1,,,,False,2026-04-06,1333.0,1359.0,AFC Wimbledon,Luton,0.0,3.0,,,8.0,3.0,1.0,1.0,0.0,0.0,6.0,23.0,Desconocido
Primeira Liga,94.0,,,False,2026-04-06,240.0,230.0,Arouca,Estoril,3.0,2.0,,,3.0,3.0,3.0,2.0,0.0,0.0,12.0,12.0,Desconocido
Serie B,72.0,,,False,2026-04-06,508.0,899.0,Bari,Modena,3.0,1.0,,,4.0,7.0,2.0,2.0,0.0,0.0,12.0,19.0,Desconocido
League 1,,,,False,2026-04-06,747.0,1357.0,Barnsley,Plymouth,0.0,3.0,,,4.0,8.0,1.0,1.0,0.0,0.0,11.0,15.0,Desconocido
League 2,,,,False,2026-04-06,1819.0,1345.0,Barrow,Chesterfield,0.0,1.0,,,1.0,12.0,2.0,2.0,0.0,0.0,7.0,13.0,Desconocido
Championship,407.0,,,False,2026-04-06,67.0,60.0,Blackburn,West Brom,0.0,0.0,,,4.0,2.0,3.0,2.0,0.0,0.0,11.0,6.0,Desconocido
League 1,,,,False,2026-04-06,68.0,,Bolton,Stockport,2.0,2.0,,,12.0,4.0,0.0,1.0,0.0,1.0,13.0,12.0,Desconocido
National League,43.0,,,False,2026-04-06,4701.0,,Brackley Town,Boston Utd,1.0,1.0,,,,,1.0,3.0,0.0,0.0,,,Desconocido
National League,43.0,,,False,2026-04-06,,1836.0,Braintree Town,Woking,0.0,0.0,,,,,2.0,1.0,0.0,0.0,,,Desconocido
Championship,407.0,,,False,2026-04-06,56.0,,Bristol City,Sheffield United,1.0,0.0,,,0.0,5.0,1.0,3.0,0.0,0.0,5.0,21.0,Desconocido
Serie B,72.0,,,False,2026-04-06,1581.0,515.0,Carrarese,Spezia,3.0,1.0,,,2.0,5.0,1.0,4.0,1.0,3.0,12.0,16.0,Desconocido
Primeira Liga,94.0,,,False,2026-04-06,4716.0,211.0,Casa Pia,Benfica,1.0,1.0,,,3.0,12.0,1.0,0.0,0.0,0.0,8.0,18.0,Desconocido
La Liga 2,,,,False,2026-04-06,,22018.0,Castellon,Granada,3.0,2.0,,,6.0,4.0,2.0,3.0,0.0,0.0,11.0,12.0,Desconocido
Serie B,72.0,,,False,2026-04-06,1687.0,1579.0,Catanzaro,Monza,1.0,1.0,,,1.0,5.0,4.0,3.0,1.0,2.0,13.0,10.0,Desconocido
Serie B,72.0,,,False,2026-04-06,509.0,1578.0,Cesena,Sudtirol,1.0,1.0,,,4.0,6.0,0.0,3.0,0.0,0.0,11.0,10.0,Desconocido
League 2,,,,False,2026-04-06,1372.0,,Cheltenham,Cambridge,1.0,1.0,,,3.0,6.0,0.0,1.0,0.0,0.0,3.0,11.0,Desconocido
Jupiler Pro League,144.0,,,False,2026-04-06,,554.0,Club Brugge,Anderlecht,4.0,2.0,,,8.0,2.0,2.0,1.0,0.0,0.0,29.0,13.0,Desconocido
League 2,,,,False,2026-04-06,1362.0,1365.0,Crawley Town,Grimsby,0.0,2.0,,,3.0,9.0,1.0,1.0,1.0,0.0,7.0,16.0,Desconocido
League 2,,,,False,2026-04-06,1363.0,,Crewe,Salford,1.0,0.0,,,4.0,3.0,1.0,1.0,0.0,0.0,19.0,15.0,Desconocido
Championship,407.0,,,False,2026-04-06,69.0,,Derby,Stoke,2.0,0.0,,,5.0,3.0,2.0,1.0,0.0,0.0,20.0,7.0,Desconocido
National League,43.0,,,False,2026-04-06,1822.0,,Eastleigh,Yeovil,2.0,1.0,,,,,0.0,2.0,0.0,0.0,,,Desconocido
League 1,,,,False,2026-04-06,,1354.0,Exeter,Doncaster,3.0,0.0,,,7.0,4.0,1.0,0.0,0.0,0.0,13.0,19.0,Desconocido
League 2,,,,False,2026-04-06,1336.0,1369.0,Fleetwood Town,Barnet,2.0,5.0,,,9.0,6.0,2.0,3.0,1.0,0.0,13.0,16.0,Desconocido
National League,43.0,,,False,2026-04-06,1823.0,1340.0,Gateshead,Scunthorpe,2.0,0.0,,,,,0.0,0.0,0.0,1.0,,,Desconocido
Jupiler Pro League,144.0,,,False,2026-04-06,631.0,,Gent,Mechelen,1.0,1.0,,,5.0,10.0,1.0,0.0,0.0,0.0,6.0,8.0,Desconocido
League 2,,,,False,2026-04-06,1347.0,,Gillingham,Accrington,2.0,0.0,,,6.0,2.0,3.0,4.0,0.0,2.0,11.0,8.0,Desconocido
La Liga,140.0,,,False,2026-04-06,547.0,533.0,Girona,Villarreal,1.0,0.0,,,7.0,4.0,2.0,2.0,0.0,0.0,10.0,9.0,Desconocido
National League,43.0,,,False,2026-04-06,,7752.0,Halifax,Tamworth,2.0,2.0,,,,,2.0,3.0,0.0,1.0,,,Desconocido
League 2,,,,False,2026-04-06,,,Harrogate,Bristol Rvs,2.0,3.0,,,5.0,4.0,1.0,0.0,0.0,0.0,17.0,15.0,Desconocido
National League,43.0,,,False,2026-04-06,1366.0,1339.0,Hartlepool,Rochdale,0.0,0.0,,,,,1.0,3.0,0.0,0.0,,,Desconocido
Championship,407.0,,,False,2026-04-06,,1346.0,Hull,Coventry,0.0,0.0,,,2.0,4.0,1.0,1.0,0.0,0.0,13.0,6.0,Desconocido
Championship,407.0,,,False,2026-04-06,57.0,54.0,Ipswich,Birmingham,2.0,1.0,,,6.0,4.0,1.0,1.0,0.0,0.0,11.0,9.0,Desconocido
Serie A,71.0,,,False,2026-04-06,10019.0,495.0,Juventus,Genoa,2.0,0.0,,,5.0,5.0,4.0,1.0,0.0,0.0,16.0,12.0,Desconocido
Turkey Super Lig,,,,False,2026-04-06,7411.0,,Kocaelispor,Buyuksehyr,0.0,0.0,,,1.0,8.0,0.0,1.0,0.0,0.0,11.0,13.0,Desconocido
Ligue 2,62.0,,,False,2026-04-06,1298.0,,Le Mans,Pau FC,4.0,0.0,,,6.0,3.0,1.0,3.0,0.0,0.0,16.0,5.0,Desconocido
Serie A,71.0,,,False,2026-04-06,867.0,499.0,Lecce,Atalanta,0.0,3.0,,,2.0,5.0,0.0,2.0,0.0,0.0,11.0,16.0,Desconocido
League 1,,,,False,2026-04-06,1373.0,37.0,Leyton Orient,Huddersfield,1.0,2.0,,,7.0,3.0,2.0,3.0,0.0,0.0,6.0,10.0,Desconocido
League 1,,,,False,2026-04-06,,,Mansfield,Burton,0.0,0.0,,,3.0,3.0,3.0,1.0,0.0,0.0,11.0,11.0,Desconocido
Serie B,72.0,,,False,2026-04-06,1693.0,527.0,Mantova,Virtus Entella,1.0,0.0,,,4.0,2.0,4.0,3.0,0.0,0.0,12.0,10.0,Desconocido
Championship,407.0,,,False,2026-04-06,58.0,71.0,Millwall,Norwich,1.0,2.0,,,2.0,5.0,1.0,2.0,0.0,0.0,10.0,12.0,Desconocido
National League,43.0,,,False,2026-04-06,1375.0,1371.0,Morecambe,Carlisle,2.0,2.0,,,,,2.0,2.0,0.0,0.0,,,Desconocido
Serie A,71.0,,,False,2026-04-06,492.0,,Napoli,Milan,1.0,0.0,,,4.0,3.0,2.0,0.0,0.0,0.0,10.0,7.0,Desconocido
League 1,,,,False,2026-04-06,1337.0,61.0,Northampton,Wigan,1.0,3.0,,,2.0,8.0,0.0,2.0,0.0,0.0,7.0,10.0,Desconocido
League 2,,,,False,2026-04-06,1376.0,1367.0,Notts County,Newport County,3.0,1.0,,,8.0,4.0,2.0,3.0,0.0,0.0,15.0,4.0,Desconocido
League 2,,,,False,2026-04-06,1349.0,1348.0,Oldham,Milton Keynes Dons,1.0,1.0,,,8.0,2.0,0.0,2.0,0.0,0.0,13.0,12.0,Desconocido
League 1,,,,False,2026-04-06,,43.0,Peterboro,Cardiff,1.0,1.0,,,6.0,16.0,2.0,2.0,0.0,0.0,8.0,29.0,Desconocido
Championship,407.0,,,False,2026-04-06,1355.0,,Portsmouth,Oxford,2.0,2.0,,,6.0,5.0,2.0,3.0,1.0,0.0,9.0,9.0,Desconocido
Championship,407.0,,,False,2026-04-06,59.0,72.0,Preston,QPR,1.0,1.0,,,2.0,6.0,1.0,3.0,0.0,0.0,8.0,18.0,Desconocido
Jupiler Pro League,144.0,,,False,2026-04-06,,6215.0,RAAL La Louviere,Dender,0.0,1.0,,,4.0,3.0,3.0,4.0,0.0,0.0,22.0,7.0,Desconocido
League 1,,,,False,2026-04-06,53.0,1379.0,Reading,Lincoln,1.0,2.0,,,3.0,3.0,1.0,2.0,0.0,0.0,11.0,6.0,Desconocido
Serie B,72.0,,,False,2026-04-06,880.0,525.0,Reggiana,Pescara,1.0,3.0,,,2.0,3.0,0.0,3.0,1.0,0.0,10.0,20.0,Desconocido
Serie B,72.0,,,False,2026-04-06,498.0,511.0,Sampdoria,Empoli,1.0,0.0,,,7.0,4.0,2.0,2.0,0.0,0.0,13.0,10.0,Desconocido
Championship,407.0,,,False,2026-04-06,,46.0,Sheffield Weds,Leicester,1.0,1.0,,,1.0,10.0,0.0,0.0,0.0,0.0,6.0,24.0,Desconocido
National League,43.0,,,False,2026-04-06,,1830.0,Solihull,Boreham Wood,4.0,1.0,,,,,1.0,2.0,0.0,0.0,,,Desconocido
La Liga 2,,,,False,2026-04-06,,,Sp Gijon,Sociedad B,1.0,0.0,,,8.0,3.0,1.0,3.0,0.0,0.0,21.0,11.0,Desconocido
League 1,,,,False,2026-04-06,1368.0,1356.0,Stevenage,Blackpool,1.0,0.0,,,6.0,2.0,1.0,2.0,0.0,0.0,11.0,4.0,Desconocido
National League,43.0,,,False,2026-04-06,,1341.0,Sutton,Southend,0.0,3.0,,,,,2.0,1.0,0.0,0.0,,,Desconocido
Championship,407.0,,,False,2026-04-06,76.0,70.0,Swansea,Middlesbrough,2.0,2.0,,,2.0,10.0,3.0,3.0,0.0,0.0,12.0,29.0,Desconocido
League 2,,,,False,2026-04-06,,1342.0,Swindon,Walsall,2.0,1.0,,,4.0,8.0,1.0,1.0,0.0,0.0,7.0,11.0,Desconocido
League 2,,,,False,2026-04-06,1381.0,1361.0,Tranmere,Colchester,0.0,1.0,,,5.0,8.0,1.0,1.0,0.0,0.0,17.0,16.0,Desconocido
National League,43.0,,,False,2026-04-06,,1378.0,Truro,Forest Green,1.0,1.0,,,,,2.0,3.0,0.0,1.0,,,Desconocido
Serie A,71.0,,,False,2026-04-06,494.0,895.0,Udinese,Como,0.0,0.0,,,6.0,2.0,2.0,3.0,0.0,0.0,14.0,12.0,Desconocido
Serie B,72.0,,,False,2026-04-06,517.0,863.0,Venezia,Juve Stabia,3.0,1.0,,,5.0,4.0,3.0,2.0,0.0,0.0,19.0,12.0,Desconocido
Championship,407.0,,,False,2026-04-06,38.0,1335.0,Watford,Charlton,1.0,1.0,,,17.0,3.0,2.0,2.0,0.0,0.0,31.0,14.0,Desconocido
National League,43.0,,,False,2026-04-06,8663.0,,Wealdstone,Aldershot,3.0,0.0,,,,,2.0,2.0,0.0,0.0,,,Desconocido
League 1,,,,False,2026-04-06,1358.0,1343.0,Wycombe,Bradford,1.0,2.0,,,2.0,4.0,1.0,4.0,0.0,0.0,10.0,7.0,Desconocido
National League,43.0,,,False,2026-04-06,1828.0,4700.0,York,Altrincham,2.0,1.0,,,,,2.0,1.0,0.0,0.0,,,Desconocido
La Liga,140.0,,,False,2026-04-05,542.0,727.0,Alaves,Osasuna,2.0,2.0,,,7.0,1.0,2.0,5.0,0.0,0.0,18.0,8.0,Desconocido
La Liga 2,,,,False,2026-04-05,723.0,537.0,Almeria,Leganes,2.0,1.0,,,5.0,1.0,3.0,2.0,0.0,0.0,18.0,8.0,Desconocido
La Liga 2,,,,False,2026-04-05,1110.0,,Andorra,Santander,6.0,2.0,,,6.0,2.0,1.0,4.0,0.0,1.0,21.0,9.0,Desconocido
Ligue 1,61.0,,,False,2026-04-05,77.0,80.0,Angers,Lyon,0.0,0.0,,,3.0,7.0,3.0,0.0,0.0,0.0,7.0,11.0,Desconocido
Turkey Super Lig,,,,False,2026-04-05,1005.0,,Antalyaspor,Eyupspor,3.0,0.0,,,8.0,4.0,5.0,7.0,0.0,1.0,20.0,8.0,Desconocido
Bundesliga 2,,,,False,2026-04-05,,,Braunschweig,Nurnberg,1.0,1.0,,,9.0,4.0,1.0,2.0,0.0,0.0,16.0,10.0,Desconocido
Serie A,71.0,,,False,2026-04-05,520.0,500.0,Cremonese,Bologna,1.0,2.0,,,2.0,4.0,2.0,3.0,1.0,1.0,9.0,14.0,Desconocido
Premiership Escocia,,,,False,2026-04-05,253.0,247.0,Dundee,Celtic,1.0,2.0,,,1.0,4.0,0.0,2.0,1.0,0.0,8.0,17.0,Desconocido
La Liga 2,,,,False,2026-04-05,545.0,,Eibar,Ceuta,3.0,0.0,,,6.0,2.0,2.0,2.0,0.0,0.0,13.0,6.0,Desconocido
Bundesliga,218.0,,,False,2026-04-05,,,Ein Frankfurt,FC Koln,2.0,2.0,,,8.0,0.0,1.0,2.0,0.0,0.0,20.0,14.0,Desconocido
Turkey Super Lig,,,,False,2026-04-05,,,Fenerbahce,Besiktas,1.0,0.0,,,10.0,5.0,3.0,5.0,0.0,0.0,13.0,14.0,Desconocido
Serie B,72.0,,,False,2026-04-05,512.0,870.0,Frosinone,Padova,2.0,0.0,,,7.0,5.0,1.0,2.0,0.0,0.0,24.0,11.0,Desconocido
La Liga,140.0,,,False,2026-04-05,546.0,,Getafe,Ath Bilbao,2.0,0.0,,,4.0,3.0,3.0,1.0,0.0,0.0,10.0,5.0,Desconocido
Eredivisie,88.0,,,False,2026-04-05,,,Go Ahead Eagles,Zwolle,5.0,0.0,,,5.0,8.0,0.0,1.0,0.0,0.0,15.0,16.0,Desconocido
Bundesliga 2,,,,False,2026-04-05,,,Greuther Furth,Paderborn,0.0,2.0,,,3.0,4.0,1.0,3.0,0.0,0.0,16.0,15.0,Desconocido
Bundesliga 2,,,,False,2026-04-05,,,Hannover,Elversberg,1.0,1.0,,,10.0,4.0,3.0,3.0,0.0,0.0,11.0,12.0,Desconocido
Eredivisie,88.0,,,False,2026-04-05,210.0,206.0,Heerenveen,Heracles,4.0,1.0,,,8.0,1.0,0.0,1.0,0.0,0.0,24.0,7.0,Desconocido
Bundesliga 2,,,,False,2026-04-05,191.0,1313.0,Holstein Kiel,Preußen Münster,0.0,0.0,,,11.0,3.0,3.0,3.0,0.0,0.0,13.0,6.0,Desconocido
Serie A,71.0,,,False,2026-04-05,505.0,,Inter,Roma,5.0,2.0,,,7.0,4.0,0.0,1.0,0.0,0.0,17.0,9.0,Desconocido
Turkey Super Lig,,,,False,2026-04-05,,1007.0,Karagumruk,Rizespor,2.0,1.0,,,0.0,3.0,1.0,2.0,0.0,0.0,10.0,11.0,Desconocido
La Liga 2,,,,False,2026-04-05,534.0,726.0,Las Palmas,Huesca,2.0,1.0,,,4.0,1.0,0.0,2.0,0.0,0.0,13.0,6.0,Desconocido
Ligue 1,61.0,,,False,2026-04-05,111.0,108.0,Le Havre,Auxerre,1.0,1.0,,,5.0,5.0,2.0,2.0,0.0,0.0,10.0,12.0,Desconocido
Super League Greece,,,,False,2026-04-05,,3408.0,Levadeiakos,Aris,1.0,1.0,,,4.0,3.0,1.0,3.0,0.0,0.0,9.0,13.0,Desconocido
Premiership Escocia,,,,False,2026-04-05,255.0,,Livingston,Hearts,2.0,2.0,,,5.0,5.0,2.0,1.0,0.0,1.0,15.0,19.0,Desconocido
Ligue 1,61.0,,,False,2026-04-05,97.0,114.0,Lorient,Paris FC,1.0,1.0,,,5.0,6.0,1.0,2.0,0.0,0.0,10.0,7.0,Desconocido
Ligue 1,61.0,,,False,2026-04-05,112.0,83.0,Metz,Nantes,0.0,0.0,,,6.0,3.0,2.0,1.0,0.0,1.0,19.0,6.0,Desconocido
Ligue 1,61.0,,,False,2026-04-05,91.0,81.0,Monaco,Marseille,2.0,1.0,,,0.0,8.0,2.0,2.0,0.0,0.0,7.0,19.0,Desconocido
Eredivisie,88.0,,,False,2026-04-05,203.0,426.0,NAC Breda,Sparta Rotterdam,0.0,0.0,,,11.0,3.0,1.0,3.0,0.0,0.0,12.0,6.0,Desconocido
Super League Greece,,,,False,2026-04-05,3415.0,,Olympiakos,AEK,0.0,1.0,,,5.0,3.0,1.0,2.0,0.0,0.0,6.0,7.0,Desconocido
La Liga,140.0,,,False,2026-04-05,718.0,536.0,Oviedo,Sevilla,1.0,0.0,,,5.0,9.0,5.0,3.0,0.0,1.0,7.0,9.0,Desconocido
Super League Greece,,,,False,2026-04-05,619.0,617.0,PAOK,Panathinaikos,0.0,0.0,,,2.0,4.0,2.0,1.0,0.0,0.0,7.0,9.0,Desconocido
Serie B,72.0,,,False,2026-04-05,522.0,528.0,Palermo,Avellino,2.0,0.0,,,1.0,0.0,2.0,3.0,0.0,1.0,10.0,5.0,Desconocido
Serie A,71.0,,,False,2026-04-05,801.0,503.0,Pisa,Torino,0.0,1.0,,,1.0,2.0,1.0,0.0,0.0,0.0,7.0,13.0,Desconocido
Turkey Super Lig,,,,False,2026-04-05,3603.0,607.0,Samsunspor,Konyaspor,2.0,2.0,,,8.0,2.0,1.0,4.0,0.0,1.0,18.0,9.0,Desconocido
Bundesliga 2,,,,False,2026-04-05,,,Schalke 04,Karlsruhe,1.0,0.0,,,2.0,3.0,3.0,1.0,0.0,0.0,24.0,4.0,Desconocido
Bundesliga,218.0,,,False,2026-04-05,182.0,,Union Berlin,St Pauli,1.0,1.0,,,7.0,2.0,0.0,2.0,0.0,1.0,16.0,9.0,Desconocido
La Liga,140.0,,,False,2026-04-05,532.0,,Valencia,Celta,2.0,3.0,,,6.0,0.0,1.0,3.0,0.0,0.0,13.0,9.0,Desconocido
Eredivisie,88.0,,,False,2026-04-05,,209.0,Volendam,Feyenoord,0.0,0.0,,,5.0,5.0,3.0,0.0,0.0,0.0,13.0,17.0,Desconocido
Super League Greece,,,,False,2026-04-05,2110.0,,Volos NFC,OFI Crete,1.0,1.0,,,3.0,5.0,4.0,1.0,0.0,0.0,9.0,15.0,Desconocido
Jupiler Pro League,144.0,,,False,2026-04-05,,736.0,Westerlo,Charleroi,2.0,0.0,,,5.0,5.0,2.0,2.0,0.0,1.0,15.0,7.0,Desconocido
La Liga 2,,,,False,2026-04-05,732.0,799.0,Zaragoza,Mirandes,1.0,2.0,,,6.0,6.0,5.0,8.0,0.0,0.0,26.0,15.0,Desconocido
Eredivisie,88.0,,,False,2026-04-04,201.0,,AZ Alkmaar,For Sittard,2.0,0.0,,,10.0,6.0,0.0,3.0,0.0,0.0,15.0,9.0,Desconocido
Eredivisie,88.0,,,False,2026-04-04,194.0,415.0,Ajax,Twente,1.0,2.0,,,2.0,2.0,4.0,2.0,0.0,0.0,10.0,16.0,Desconocido
La Liga 2,,,,False,2026-04-04,722.0,9580.0,Albacete,Burgos,2.0,3.0,,,5.0,2.0,4.0,2.0,0.0,0.0,7.0,7.0,Desconocido
Championship Escocia,,,,False,2026-04-04,4249.0,,Arbroath,St Johnstone,2.0,4.0,,,3.0,4.0,4.0,4.0,0.0,0.0,4.0,8.0,Desconocido
Super League Greece,,,,False,2026-04-04,955.0,953.0,Asteras Tripolis,Larisa,3.0,1.0,,,4.0,8.0,1.0,2.0,0.0,0.0,11.0,11.0,Desconocido
La Liga,140.0,,,False,2026-04-04,,529.0,Ath Madrid,Barcelona,1.0,2.0,,,1.0,9.0,6.0,2.0,1.0,0.0,6.0,22.0,Desconocido
Championship Escocia,,,,False,2026-04-04,,901.0,Ayr,Partick,1.0,1.0,,,5.0,6.0,3.0,3.0,0.0,1.0,12.0,7.0,Desconocido
La Liga,140.0,,,False,2026-04-04,,,Betis,Espanol,0.0,0.0,,,4.0,3.0,1.0,3.0,0.0,0.0,19.0,8.0,Desconocido
Bundesliga 2,,,,False,2026-04-04,,,Bielefeld,Darmstadt,2.0,1.0,,,8.0,4.0,2.0,5.0,0.0,0.0,25.0,7.0,Desconocido
Ligue 1,61.0,,,False,2026-04-04,,94.0,Brest,Rennes,3.0,4.0,,,3.0,7.0,2.0,4.0,0.0,0.0,10.0,15.0,Desconocido
La Liga 2,,,,False,2026-04-04,724.0,713.0,Cadiz,Cordoba,1.0,3.0,,,1.0,5.0,3.0,3.0,1.0,0.0,10.0,13.0,Desconocido
League 2 Escocia,,,,False,2026-04-04,6762.0,,Clyde,Stirling,3.0,1.0,,,10.0,5.0,0.0,2.0,0.0,0.0,15.0,5.0,Desconocido
League 1 Escocia,,,,False,2026-04-04,6763.0,,Cove Rangers,Alloa,0.0,1.0,,,8.0,0.0,2.0,1.0,0.0,0.0,3.0,8.0,Desconocido
La Liga 2,,,,False,2026-04-04,725.0,720.0,Cultural Leonesa,Valladolid,1.0,0.0,,,3.0,2.0,7.0,3.0,0.0,0.0,7.0,4.0,Desconocido
Bundesliga 2,,,,False,2026-04-04,,,Dresden,Hertha,0.0,1.0,,,6.0,3.0,2.0,2.0,0.0,1.0,13.0,10.0,Desconocido
Championship Escocia,,,,False,2026-04-04,1388.0,1383.0,Dunfermline,Morton,3.0,1.0,,,6.0,4.0,0.0,1.0,0.0,0.0,16.0,8.0,Desconocido
League 2 Escocia,,,,False,2026-04-04,6765.0,6757.0,East Kilbride,Annan Athletic,2.0,1.0,,,5.0,5.0,2.0,4.0,0.0,0.0,12.0,6.0,Desconocido
League 2 Escocia,,,,False,2026-04-04,6766.0,6781.0,Edinburgh City,Spartans,0.0,3.0,,,5.0,11.0,2.0,2.0,0.0,0.0,7.0,15.0,Desconocido
Eredivisie,88.0,,,False,2026-04-04,196.0,,Excelsior,Nijmegen,0.0,2.0,,,2.0,5.0,0.0,0.0,0.0,0.0,8.0,12.0,Desconocido
League 2 Escocia,,,,False,2026-04-04,,,Forfar,Elgin,2.0,1.0,,,6.0,4.0,4.0,2.0,0.0,0.0,11.0,9.0,Desconocido
Bundesliga,218.0,,,False,2026-04-04,,,Freiburg,Bayern Munich,2.0,3.0,,,5.0,8.0,3.0,3.0,0.0,0.0,13.0,21.0,Desconocido
Turkey Super Lig,,,,False,2026-04-04,,996.0,Gaziantep,Alanyaspor,1.0,1.0,,,2.0,2.0,2.0,3.0,0.0,0.0,15.0,8.0,Desconocido
Turkey Super Lig,,,,False,2026-04-04,,,Genclerbirligi,Goztep,0.0,2.0,,,6.0,5.0,3.0,4.0,0.0,0.0,11.0,9.0,Desconocido
Bundesliga,218.0,,,False,2026-04-04,,,Hamburg,Augsburg,1.0,1.0,,,9.0,2.0,2.0,3.0,1.0,0.0,18.0,18.0,Desconocido
Premiership Escocia,,,,False,2026-04-04,249.0,250.0,Hibernian,Kilmarnock,3.0,0.0,,,3.0,9.0,1.0,3.0,0.0,0.0,5.0,11.0,Desconocido
Bundesliga,218.0,,,False,2026-04-04,,,Hoffenheim,Mainz,1.0,2.0,,,7.0,3.0,4.0,1.0,0.0,0.0,16.0,9.0,Desconocido
Bundesliga 2,,,,False,2026-04-04,,,Kaiserslautern,Fortuna Dusseldorf,3.0,0.0,,,9.0,6.0,0.0,0.0,0.0,1.0,23.0,9.0,Desconocido
Turkey Super Lig,,,,False,2026-04-04,,1001.0,Kasimpasa,Kayserispor,2.0,0.0,,,1.0,10.0,1.0,2.0,1.0,0.0,8.0,5.0,Desconocido
League 1 Escocia,,,,False,2026-04-04,6773.0,,Kelty Hearts,Queen of Sth,1.0,1.0,,,7.0,2.0,2.0,4.0,0.0,1.0,13.0,4.0,Desconocido
Super League Greece,,,,False,2026-04-04,5050.0,2099.0,Kifisia,Panserraikos,1.0,2.0,,,9.0,1.0,5.0,2.0,0.0,0.0,16.0,6.0,Desconocido
La Liga 2,,,,False,2026-04-04,,535.0,La Coruna,Malaga,1.0,1.0,,,11.0,9.0,2.0,4.0,0.0,0.0,19.0,13.0,Desconocido
Serie A,71.0,,,False,2026-04-04,487.0,523.0,Lazio,Parma,1.0,1.0,,,7.0,2.0,1.0,2.0,0.0,0.0,7.0,7.0,Desconocido
Bundesliga,218.0,,,False,2026-04-04,,,Leverkusen,Wolfsburg,6.0,3.0,,,12.0,2.0,1.0,3.0,0.0,0.0,25.0,11.0,Desconocido
Ligue 1,61.0,,,False,2026-04-04,79.0,116.0,Lille,Lens,3.0,0.0,,,3.0,3.0,3.0,2.0,0.0,0.0,13.0,5.0,Desconocido
Bundesliga,218.0,,,False,2026-04-04,,,M'gladbach,Heidenheim,2.0,2.0,,,2.0,3.0,4.0,0.0,0.0,0.0,15.0,15.0,Desconocido
Bundesliga 2,,,,False,2026-04-04,,,Magdeburg,Bochum,4.0,1.0,,,4.0,3.0,2.0,3.0,0.0,0.0,12.0,18.0,Desconocido
La Liga,140.0,,,False,2026-04-04,798.0,541.0,Mallorca,Real Madrid,2.0,1.0,,,6.0,4.0,3.0,2.0,0.0,0.0,6.0,15.0,Desconocido
Ligue 2,62.0,,,False,2026-04-04,82.0,,Montpellier,Troyes,2.0,2.0,,,5.0,9.0,2.0,2.0,0.0,0.0,14.0,15.0,Desconocido
League 1 Escocia,,,,False,2026-04-04,4251.0,6764.0,Montrose,East Fife,1.0,0.0,,,10.0,4.0,3.0,1.0,0.0,0.0,12.0,15.0,Desconocido
Primeira Liga,94.0,,,False,2026-04-04,215.0,,Moreirense,Sp Braga,0.0,1.0,,,4.0,9.0,0.0,3.0,0.0,0.0,12.0,10.0,Desconocido
Premiership Escocia,,,,False,2026-04-04,256.0,1389.0,Motherwell,Falkirk,2.0,3.0,,,6.0,2.0,2.0,3.0,0.0,0.0,14.0,12.0,Desconocido
Primeira Liga,94.0,,,False,2026-04-04,225.0,15130.0,Nacional,Estrela,2.0,0.0,,,5.0,6.0,4.0,3.0,0.0,0.0,16.0,11.0,Desconocido
Ligue 2,62.0,,,False,2026-04-04,102.0,,Nancy,St Etienne,1.0,1.0,,,2.0,4.0,1.0,2.0,0.0,0.0,6.0,14.0,Desconocido
Jupiler Pro League,144.0,,,False,2026-04-04,,,Oud-Heverlee Leuven,Standard,1.0,3.0,,,7.0,4.0,0.0,0.0,0.0,0.0,14.0,12.0,Desconocido
Eredivisie,88.0,,,False,2026-04-04,197.0,207.0,PSV Eindhoven,Utrecht,4.0,3.0,,,8.0,3.0,0.0,1.0,0.0,0.0,19.0,12.0,Desconocido
Super League Greece,,,,False,2026-04-04,949.0,12260.0,Panetolikos,Atromitos,1.0,1.0,,,3.0,10.0,2.0,2.0,0.0,0.0,9.0,10.0,Desconocido
Primeira Liga,94.0,,,False,2026-04-04,,242.0,Porto,Famalicao,2.0,2.0,,,4.0,3.0,5.0,4.0,0.0,0.0,8.0,11.0,Desconocido
Premiership Escocia,,,,False,2026-04-04,257.0,,Rangers,Dundee United,4.0,2.0,,,10.0,1.0,1.0,2.0,0.0,0.0,21.0,14.0,Desconocido
Ligue 2,62.0,,,False,2026-04-04,93.0,1299.0,Reims,Boulogne,0.0,0.0,,,7.0,3.0,1.0,1.0,0.0,0.0,18.0,10.0,Desconocido
Primeira Liga,94.0,,,False,2026-04-04,226.0,4724.0,Rio Ave,Alverca,1.0,2.0,,,8.0,4.0,2.0,1.0,0.0,0.0,18.0,14.0,Desconocido
Championship Escocia,,,,False,2026-04-04,902.0,,Ross County,Airdrie Utd,0.0,4.0,,,7.0,3.0,3.0,0.0,0.0,0.0,10.0,8.0,Desconocido
Serie A,71.0,,,False,2026-04-04,488.0,490.0,Sassuolo,Cagliari,2.0,1.0,,,2.0,2.0,1.0,0.0,0.0,0.0,9.0,11.0,Desconocido
La Liga,140.0,,,False,2026-04-04,,539.0,Sociedad,Levante,2.0,0.0,,,11.0,5.0,2.0,3.0,0.0,0.0,18.0,8.0,Desconocido
Premiership Escocia,,,,False,2026-04-04,,252.0,St Mirren,Aberdeen,2.0,0.0,,,8.0,5.0,1.0,3.0,0.0,0.0,11.0,7.0,Desconocido
Jupiler Pro League,144.0,,,False,2026-04-04,,,St. Gilloise,St Truiden,1.0,0.0,,,7.0,5.0,3.0,1.0,0.0,0.0,16.0,6.0,Desconocido
League 1 Escocia,,,,False,2026-04-04,6784.0,,Stenhousemuir,Hamilton,3.0,0.0,,,4.0,4.0,0.0,5.0,0.0,0.0,17.0,12.0,Desconocido
League 2 Escocia,,,,False,2026-04-04,6785.0,1382.0,Stranraer,Dumbarton,1.0,1.0,,,8.0,1.0,0.0,2.0,0.0,0.0,14.0,10.0,Desconocido
Ligue 1,61.0,,,False,2026-04-04,95.0,84.0,Strasbourg,Nice,3.0,1.0,,,4.0,10.0,0.0,2.0,0.0,0.0,16.0,8.0,Desconocido
Bundesliga,218.0,,,False,2026-04-04,,,Stuttgart,Dortmund,0.0,2.0,,,5.0,2.0,2.0,4.0,0.0,0.0,13.0,5.0,Desconocido
Eredivisie,88.0,,,False,2026-04-04,427.0,202.0,Telstar,Groningen,0.0,2.0,,,5.0,12.0,1.0,2.0,0.0,0.0,14.0,24.0,Desconocido
Turkey Super Lig,,,,False,2026-04-04,998.0,645.0,Trabzonspor,Galatasaray,2.0,1.0,,,3.0,10.0,4.0,4.0,0.0,1.0,13.0,19.0,Desconocido
Serie A,71.0,,,False,2026-04-04,,502.0,Verona,Fiorentina,0.0,1.0,,,9.0,1.0,3.0,1.0,1.0,1.0,21.0,5.0,Desconocido
Jupiler Pro League,144.0,,,False,2026-04-04,,741.0,Waregem,Cercle Brugge,2.0,2.0,,,8.0,3.0,2.0,3.0,0.0,0.0,6.0,10.0,Desconocido
Bundesliga,218.0,,,False,2026-04-04,162.0,173.0,Werder Bremen,RB Leipzig,1.0,2.0,,,1.0,0.0,2.0,1.0,0.0,0.0,13.0,7.0,Desconocido
League 2,,,,False,2026-04-03,,1363.0,Accrington,Crewe,2.0,0.0,,,4.0,7.0,3.0,1.0,0.0,0.0,14.0,4.0,Desconocido
National League,43.0,,,False,2026-04-03,,,Aldershot,Sutton,2.0,2.0,,,,,2.0,3.0,1.0,1.0,,,Desconocido
National League,43.0,,,False,2026-04-03,4700.0,,Altrincham,Halifax,0.0,1.0,,,,,3.0,3.0,0.0,0.0,,,Desconocido
Ligue 2,62.0,,,False,2026-04-03,3012.0,90.0,Annecy,Guingamp,1.0,0.0,,,4.0,7.0,3.0,2.0,1.0,0.0,12.0,13.0,Desconocido
Jupiler Pro League,144.0,,,False,2026-04-03,740.0,742.0,Antwerp,Genk,1.0,2.0,,,3.0,0.0,3.0,2.0,0.0,0.0,13.0,13.0,Desconocido
League 2,,,,False,2026-04-03,1369.0,1832.0,Barnet,Bromley,2.0,2.0,,,6.0,3.0,1.0,4.0,1.0,0.0,17.0,16.0,Desconocido
Ligue 2,62.0,,,False,2026-04-03,1305.0,87.0,Bastia,Amiens,1.0,1.0,,,2.0,7.0,2.0,1.0,0.0,0.0,18.0,9.0,Desconocido
Championship,407.0,,,False,2026-04-03,54.0,67.0,Birmingham,Blackburn,0.0,1.0,,,9.0,10.0,0.0,1.0,0.0,0.0,12.0,16.0,Desconocido
League 1,,,,False,2026-04-03,1356.0,,Blackpool,Exeter,1.0,0.0,,,5.0,10.0,1.0,1.0,0.0,0.0,15.0,9.0,Desconocido
National League,43.0,,,False,2026-04-03,1830.0,8663.0,Boreham Wood,Wealdstone,5.0,1.0,,,,,2.0,2.0,0.0,0.0,,,Desconocido
National League,43.0,,,False,2026-04-03,,1828.0,Boston Utd,York,0.0,1.0,,,,,1.0,1.0,0.0,0.0,,,Desconocido
League 1,,,,False,2026-04-03,1343.0,1337.0,Bradford,Northampton,1.0,0.0,,,5.0,6.0,3.0,1.0,0.0,0.0,18.0,11.0,Desconocido
League 2,,,,False,2026-04-03,,1336.0,Bristol Rvs,Fleetwood Town,1.0,0.0,,,5.0,4.0,4.0,4.0,0.0,0.0,11.0,14.0,Desconocido
League 1,,,,False,2026-04-03,,747.0,Burton,Barnsley,1.0,1.0,,,9.0,0.0,1.0,3.0,0.0,0.0,11.0,11.0,Desconocido
National League,43.0,,,False,2026-04-03,1371.0,1823.0,Carlisle,Gateshead,0.0,0.0,,,,,2.0,2.0,0.0,0.0,,,Desconocido
Championship,407.0,,,False,2026-04-03,1335.0,56.0,Charlton,Bristol City,1.0,2.0,,,7.0,3.0,2.0,2.0,0.0,0.0,13.0,17.0,Desconocido
League 2,,,,False,2026-04-03,1345.0,1372.0,Chesterfield,Cheltenham,1.0,0.0,,,6.0,1.0,1.0,1.0,0.0,0.0,13.0,6.0,Desconocido
League 2,,,,False,2026-04-03,1361.0,1349.0,Colchester,Oldham,1.0,3.0,,,7.0,2.0,1.0,2.0,0.0,0.0,15.0,9.0,Desconocido
Championship,407.0,,,False,2026-04-03,1346.0,69.0,Coventry,Derby,3.0,2.0,,,6.0,2.0,0.0,2.0,0.0,0.0,13.0,8.0,Desconocido
League 1,,,,False,2026-04-03,1354.0,,Doncaster,Mansfield,0.0,2.0,,,2.0,6.0,2.0,1.0,0.0,0.0,10.0,8.0,Desconocido
Ligue 2,62.0,,,False,2026-04-03,1304.0,1301.0,Dunkerque,Rodez,1.0,1.0,,,9.0,0.0,2.0,3.0,0.0,0.0,13.0,6.0,Desconocido
National League,43.0,,,False,2026-04-03,1378.0,4701.0,Forest Green,Brackley Town,4.0,0.0,,,,,0.0,1.0,0.0,1.0,,,Desconocido
Primeira Liga,94.0,,,False,2026-04-03,,21595.0,Gil Vicente,AVS,3.0,0.0,,,3.0,1.0,2.0,1.0,0.0,0.0,16.0,11.0,Desconocido
Ligue 2,62.0,,,False,2026-04-03,101.0,,Grenoble,Clermont,2.0,2.0,,,3.0,4.0,2.0,2.0,0.0,0.0,9.0,14.0,Desconocido
League 2,,,,False,2026-04-03,1365.0,,Grimsby,Harrogate,1.0,3.0,,,8.0,2.0,1.0,3.0,0.0,0.0,19.0,6.0,Desconocido
Primeira Liga,94.0,,,False,2026-04-03,224.0,218.0,Guimaraes,Tondela,5.0,0.0,,,3.0,1.0,1.0,1.0,0.0,0.0,12.0,3.0,Desconocido
League 1,,,,False,2026-04-03,37.0,53.0,Huddersfield,Reading,1.0,1.0,,,4.0,2.0,1.0,4.0,0.0,0.0,13.0,4.0,Desconocido
Championship,407.0,,,False,2026-04-03,46.0,59.0,Leicester,Preston,2.0,2.0,,,7.0,2.0,0.0,4.0,0.0,0.0,28.0,8.0,Desconocido
League 1,,,,False,2026-04-03,1379.0,1333.0,Lincoln,AFC Wimbledon,1.0,0.0,,,2.0,7.0,1.0,4.0,0.0,0.0,8.0,10.0,Desconocido
League 1,,,,False,2026-04-03,1359.0,,Luton,Peterboro,2.0,1.0,,,7.0,4.0,3.0,2.0,0.0,0.0,17.0,10.0,Desconocido
Championship,407.0,,,False,2026-04-03,70.0,58.0,Middlesbrough,Millwall,1.0,2.0,,,17.0,6.0,1.0,1.0,0.0,0.0,32.0,11.0,Desconocido
League 2,,,,False,2026-04-03,1348.0,1819.0,Milton Keynes Dons,Barrow,0.0,0.0,,,6.0,1.0,2.0,3.0,0.0,0.0,16.0,5.0,Desconocido
League 2,,,,False,2026-04-03,1367.0,1362.0,Newport County,Crawley Town,0.0,2.0,,,7.0,2.0,3.0,3.0,0.0,0.0,10.0,13.0,Desconocido
Championship,407.0,,,False,2026-04-03,71.0,1355.0,Norwich,Portsmouth,1.0,1.0,,,5.0,6.0,3.0,5.0,0.0,0.0,6.0,5.0,Desconocido
Championship,407.0,,,False,2026-04-03,,,Oxford,Hull,1.0,1.0,,,1.0,5.0,0.0,1.0,0.0,0.0,16.0,9.0,Desconocido
Ligue 1,61.0,,,False,2026-04-03,,96.0,Paris SG,Toulouse,3.0,1.0,,,5.0,2.0,0.0,1.0,0.0,0.0,17.0,5.0,Desconocido
League 1,,,,False,2026-04-03,1357.0,68.0,Plymouth,Bolton,1.0,2.0,,,4.0,4.0,0.0,2.0,0.0,1.0,14.0,9.0,Desconocido
Championship,407.0,,,False,2026-04-03,72.0,38.0,QPR,Watford,2.0,1.0,,,2.0,3.0,6.0,4.0,0.0,0.0,15.0,7.0,Desconocido
Ligue 2,62.0,,,False,2026-04-03,,433.0,Red Star,Laval,0.0,0.0,,,7.0,3.0,2.0,3.0,0.0,0.0,20.0,3.0,Desconocido
National League,43.0,,,False,2026-04-03,1339.0,1375.0,Rochdale,Morecambe,2.0,4.0,,,,,2.0,1.0,0.0,0.0,,,Desconocido
League 1,,,,False,2026-04-03,73.0,1368.0,Rotherham,Stevenage,0.0,0.0,,,4.0,4.0,1.0,4.0,1.0,0.0,10.0,11.0,Desconocido
League 2,,,,False,2026-04-03,,1376.0,Salford,Notts County,2.0,1.0,,,7.0,1.0,1.0,1.0,0.0,0.0,17.0,12.0,Desconocido
National League,43.0,,,False,2026-04-03,1340.0,1366.0,Scunthorpe,Hartlepool,0.0,0.0,,,,,1.0,3.0,0.0,0.0,,,Desconocido
Championship,407.0,,,False,2026-04-03,,76.0,Sheffield United,Swansea,3.0,3.0,,,4.0,2.0,1.0,1.0,0.0,0.0,13.0,8.0,Desconocido
League 2,,,,False,2026-04-03,1352.0,1381.0,Shrewsbury,Tranmere,1.0,0.0,,,5.0,5.0,0.0,1.0,0.0,0.0,20.0,6.0,Desconocido
National League,43.0,,,False,2026-04-03,1341.0,,Southend,Braintree Town,3.0,2.0,,,,,2.0,3.0,0.0,0.0,,,Desconocido
Primeira Liga,94.0,,,False,2026-04-03,,227.0,Sp Lisbon,Santa Clara,4.0,2.0,,,9.0,5.0,4.0,4.0,0.0,0.0,22.0,7.0,Desconocido
League 1,,,,False,2026-04-03,,1358.0,Stockport,Wycombe,3.0,0.0,,,8.0,10.0,3.0,1.0,0.0,0.0,17.0,12.0,Desconocido
Championship,407.0,,,False,2026-04-03,,,Stoke,Sheffield Weds,2.0,0.0,,,7.0,2.0,2.0,1.0,0.0,0.0,12.0,16.0,Desconocido
National League,43.0,,,False,2026-04-03,7752.0,,Tamworth,Solihull,1.0,0.0,,,,,3.0,2.0,0.0,0.0,,,Desconocido
La Liga,140.0,,,False,2026-04-03,,797.0,Vallecano,Elche,1.0,0.0,,,9.0,4.0,0.0,4.0,0.0,1.0,21.0,9.0,Desconocido
League 2,,,,False,2026-04-03,1342.0,1347.0,Walsall,Gillingham,2.0,2.0,,,5.0,3.0,0.0,2.0,0.0,0.0,11.0,12.0,Desconocido
Championship,407.0,,,False,2026-04-03,60.0,1837.0,West Brom,Wrexham,2.0,2.0,,,4.0,6.0,2.0,1.0,0.0,0.0,9.0,13.0,Desconocido
National League,43.0,,,False,2026-04-03,1836.0,1822.0,Woking,Eastleigh,3.0,3.0,,,,,3.0,2.0,0.0,0.0,,,Desconocido
National League,43.0,,,False,2026-04-03,,,Yeovil,Truro,1.0,0.0,,,,,2.0,1.0,0.0,0.0,,,Desconocido
League 2,,,,False,2026-04-02,,,Cambridge,Swindon,1.0,1.0,,,11.0,5.0,0.0,2.0,0.0,0.0,20.0,4.0,Desconocido
La Liga 2,,,,False,2026-04-02,,723.0,Castellon,Almeria,2.0,0.0,,,8.0,5.0,3.0,4.0,1.0,0.0,19.0,7.0,Desconocido
La Liga 2,,,,False,2026-04-02,534.0,22018.0,Las Palmas,Granada,2.0,0.0,,,4.0,3.0,2.0,1.0,0.0,0.0,8.0,10.0,Desconocido
La Liga 2,,,,False,2026-04-02,537.0,732.0,Leganes,Zaragoza,1.0,1.0,,,3.0,10.0,2.0,0.0,0.0,0.0,9.0,22.0,Desconocido
La Liga 2,,,,False,2026-04-02,,545.0,Sociedad B,Eibar,0.0,1.0,,,10.0,3.0,1.0,2.0,0.0,0.0,12.0,11.0,Desconocido
League 1,,,,False,2026-04-02,61.0,1373.0,Wigan,Leyton Orient,0.0,0.0,,,4.0,4.0,1.0,2.0,0.0,0.0,13.0,9.0,Desconocido
La Liga 2,,,,False,2026-04-01,1110.0,535.0,Andorra,Malaga,3.0,3.0,,,8.0,5.0,4.0,3.0,0.0,0.0,19.0,12.0,Desconocido
La Liga 2,,,,False,2026-04-01,9580.0,,Burgos,Ceuta,1.0,1.0,,,8.0,3.0,2.0,2.0,0.0,0.0,8.0,5.0,Desconocido
La Liga 2,,,,False,2026-04-01,726.0,725.0,Huesca,Cultural Leonesa,1.0,1.0,,,5.0,5.0,6.0,4.0,0.0,0.0,9.0,18.0,Desconocido
La Liga 2,,,,False,2026-04-01,,,Santander,Sp Gijon,3.0,1.0,,,3.0,7.0,4.0,2.0,0.0,0.0,10.0,15.0,Desconocido
