League,Date,HomeTeam,AwayTeam,FTHG,FTAG,HC,AC,HY,AY,HR,AR,HS,AS,LeagueId,Country,Round,EsEliminatoria,HomeTeamId,AwayTeamId,HTHG,HTAG
1st Division,2026-09-05,Bylis,Sopoti Librazhd,1.0,1.0,,,,,,,,,311,Albania,Regular Season - 1,False,3325.0,3839.0,0.0,0.0
1st Division,2026-09-05,FK Kukesi,Besëlidhja Lezhë,2.0,0.0,,,,,,,,,311,Albania,Regular Season - 1,False,577.0,3323.0,2.0,0.0
1st Division,2026-09-05,Iliria Fushë-Krujë,Pogradeci,0.0,0.0,,,,,,,,,311,Albania,Regular Season - 1,False,3330.0,3334.0,0.0,0.0
Superliga,2026-09-05,Laci,Teuta Durrës,1.0,3.0,,,,,,,,,310,Albania,Regular Season - 3,False,2256.0,3320.0,0.0,2.0
Capital Territory NPL,2026-09-05,Canberra FC,Queanbeyan City,1.0,0.0,,,,,,,,,189.0,Australia,Semi-finals,True,1448.0,23519.0,0.0,0.0
Capital Territory NPL,2026-09-05,Monaro Panthers,Cooma Tigers FC,1.0,2.0,,,,,,,,,189.0,Australia,Semi-finals,True,1453.0,1452.0,1.0,0.0
New South Wales NPL,2026-09-05,Northern Tigers,St. George Saints,0.0,0.0,,,,,,,,,192.0,Australia,Final,True,16776.0,16779.0,0.0,0.0
Northern NSW NPL,2026-09-05,Kahibah,Newcastle Croatia FC,2.0,1.0,,,,,,,,,481.0,Australia,Final,True,23502.0,27618.0,2.0,1.0
Queensland NPL,2026-09-05,Peninsula Power,Moreton City Excelsior,3.0,2.0,,,,,,,,,482.0,Australia,Semi-finals,True,10221.0,22916.0,2.0,1.0
Queensland Premier League,2026-09-05,Broadbeach United,SC Wanderers,2.0,0.0,,,,,,,,,833.0,Australia,Semi-finals,True,20850.0,10223.0,2.0,0.0
South Australia NPL,2026-09-05,Adelaide City,Playford City Patriots,6.0,0.0,,,,,,,,,194.0,Australia,Semi-finals,True,3785.0,16768.0,2.0,0.0
South Australia NPL,2026-09-05,West Torrens Birkalla,MetroStars,2.0,0.0,,,,,,,,,194.0,Australia,Semi-finals,True,16769.0,3793.0,0.0,0.0
South Australia State League 1,2026-09-05,Adelaide Raiders,Adelaide Blue Eagles,4.0,0.0,,,,,,,,,834.0,Australia,Semi-finals,True,3788.0,3784.0,3.0,0.0
South Australia State League 1,2026-09-05,Modbury Jets,Adelaide Olympic,6.0,0.0,,,,,,,,,834.0,Australia,Semi-finals,True,10010.0,3787.0,2.0,0.0
Tasmania Northern Championship,2026-09-05,Northern Rangers,Devonport U21,3.0,1.0,,,,,,,,,1091.0,Australia,Regular Season - 2,False,23511.0,23508.0,1.0,0.0
Victoria NPL,2026-09-05,Avondale,Preston Lions,2.0,0.0,,,,,,,,,195.0,Australia,Quarter-finals,True,3798.0,19705.0,2.0,0.0
Western Australia NPL,2026-09-05,Joondalup City,Armadale,1.0,2.0,,,,,,,,,196.0,Australia,Semi-finals,True,25701.0,3812.0,0.0,1.0
Western Australia NPL,2026-09-05,Mandurah City,UWA Nedlands,0.0,1.0,,,,,,,,,196.0,Australia,Semi-finals,True,22493.0,23533.0,0.0,0.0
Western Australia State League 1,2026-09-05,Rockingham City,Wembley Downs,1.0,0.0,,,,,,,,,1094.0,Australia,Semi-finals,True,3822.0,28396.0,,
Western Australia State League 1,2026-09-05,Subiaco,Balga,1.0,3.0,,,,,,,,,1094.0,Australia,Semi-finals,True,21034.0,28395.0,,
Cup,2026-09-05,Deutschlandsberger SC,Lask Linz,1.0,6.0,,,,,,,,,220,Austria,Round of 32,True,4972.0,1026.0,0.0,4.0
Cup,2026-09-05,FC BW Linz,Wacker Innsbruck,2.0,3.0,,,,,,,,,220,Austria,Round of 32,True,1394.0,1073.0,2.0,0.0
Cup,2026-09-05,SV Lafnitz,Austria Lustenau,2.0,6.0,,,,,,,,,220.0,Austria,Round of 32,True,1402.0,1399.0,2.0,2.0
Cup,2026-09-05,Voitsberg,Sturm Graz,1.0,4.0,,,,,,,,,220,Austria,Round of 32,True,8332.0,637.0,0.0,1.0
1. Division,2026-09-05,Bumprom,FC Energetik-Bgu Minsk,1.0,2.0,,,,,,,,,117.0,Belarus,Regular Season - 23,False,7802.0,2433.0,1.0,1.0
1. Division,2026-09-05,Osipovichy,Lida,1.0,2.0,,,,,,,,,117.0,Belarus,Regular Season - 23,False,4273.0,3387.0,0.0,1.0
1. Division,2026-09-05,Uni Minsk,Shakhter Soligorsk,2.0,2.0,,,,,,,,,117,Belarus,Regular Season - 23,False,18857.0,392.0,0.0,1.0
Premier League,2026-09-05,Torpedo Zhodino,FC Gomel,1.0,2.0,,,,,,,,,116.0,Belarus,Regular Season - 21,False,385.0,389.0,0.0,0.0
Challenger Pro League,2026-09-05,Club Brugge II,AS Eupen,0.0,1.0,,,,,,,,,145,Belgium,Regular Season - 4,False,14130.0,739.0,0.0,0.0
Challenger Pro League,2026-09-05,KAA Gent II,RSC Anderlecht II,2.0,2.0,,,,,,,,,145.0,Belgium,Regular Season - 4,False,19685.0,19046.0,2.0,1.0
Jupiler Pro League,2026-09-05,Charleroi,Union St. Gilloise,2.0,3.0,,,,,,,,,144,Belgium,Regular Season - 5,False,736.0,1393.0,2.0,2.0
Super League Women,2026-09-05,Club Brugge W,Standard Liege W,3.0,1.0,,,,,,,,,146,Belgium,Regular Season - 1,False,6344.0,1791.0,3.0,0.0
Super League Women,2026-09-05,RAAL La Louviere W,Zulte-Waregem W,1.0,0.0,,,,,,,,,146.0,Belgium,Regular Season - 1,False,27853.0,14035.0,0.0,0.0
Premijer Liga,2026-09-05,BSK Banja Luka,Čelik,3.0,2.0,,,,,,,,,315.0,Bosnia,Regular Season - 6,False,21736.0,3363.0,0.0,1.0
Carioca U20,2026-09-05,Nova Iguaçu U20,Portuguesa RJ U20,0.0,0.0,,,,,,,,,1114.0,Brazil,Regular Season - 5,False,13032.0,22842.0,0.0,0.0
Mineiro U20,2026-09-05,Cruzeiro U20,Boston City U20,3.0,2.0,,,,,,,,,1107.0,Brazil,Winners Stage - 1,False,13000.0,23645.0,3.0,1.0
Paulista - U20,2026-09-05,Sertãozinho U20,Ferroviária U20,1.0,1.0,,,,,,,,,1086.0,Brazil,Regular Season - 14,False,13057.0,13006.0,1.0,0.0
Pernambucano - U20,2026-09-05,1º de Maio U20,Retrô U20,0.0,4.0,,,,,,,,,1088.0,Brazil,Regular Season - 5,False,28227.0,13050.0,0.0,2.0
Pernambucano - U20,2026-09-05,Jaguar U20,Petrolina U20,1.0,2.0,,,,,,,,,1088.0,Brazil,Regular Season - 4,False,23496.0,13043.0,1.0,1.0
C-League,2026-09-05,Angkor Tiger,Kompong Dewa,0.0,0.0,,,,,,,,,410.0,Cambodia,Regular Season - 1,False,5385.0,26303.0,0.0,0.0
C-League,2026-09-05,Phnom Penh Crown,NagaWorld,2.0,2.0,,,,,,,,,410.0,Cambodia,Regular Season - 1,False,5394.0,5566.0,1.0,2.0
League One,2026-09-05,Changchun Yatai,Ningbo Professional,2.0,0.0,,,,,,,,,170.0,China,Regular Season - 22,False,834.0,27556.0,0.0,0.0
League One,2026-09-05,Dongguan United,Dalian Huayi,0.0,0.0,,,,,,,,,170.0,China,Regular Season - 22,False,17263.0,5652.0,0.0,0.0
League One,2026-09-05,Nantong Zhiyun,Guangzhou E-Power,1.0,1.0,,,,,,,,,170.0,China,Regular Season - 22,False,2626.0,23269.0,0.0,0.0
League One,2026-09-05,Shaanxi Union,Heilongjiang Lava Spring,2.0,1.0,,,,,,,,,170.0,China,Regular Season - 22,False,23286.0,1445.0,0.0,0.0
League One,2026-09-05,Wuxi Wugou,Yanbian Longding,2.0,0.0,,,,,,,,,170.0,China,Regular Season - 22,False,17269.0,17271.0,0.0,0.0
Super League,2026-09-05,Dalian Zhixing,Qingdao Jonoon,2.0,1.0,,,,,,,,,169.0,China,Regular Season - 26,False,21263.0,1431.0,2.0,1.0
Super League,2026-09-05,SHANGHAI SIPG,Beijing Guoan,0.0,0.0,,,,,,,,,169.0,China,Regular Season - 26,False,836.0,830.0,0.0,0.0
Super League,2026-09-05,Shandong Luneng,Sichuan Jiuniu,1.0,1.0,,,,,,,,,169.0,China,Regular Season - 26,False,844.0,5686.0,1.0,0.0
Super League,2026-09-05,Wuhan Three Towns,Qingdao Youth Island,2.0,2.0,,,,,,,,,169.0,China,Regular Season - 26,False,5695.0,17265.0,2.0,1.0
First NL,2026-09-05,Vukovar,HNK Cibalia,1.0,1.0,,,,,,,,,211,Croatia,Regular Season - 4,False,5730.0,1021.0,0.0,0.0
1. Liga U19,2026-09-05,Baník Ostrava U19,Opava U19,2.0,1.0,,,,,,,,,668.0,Czech-Republic,Regular Season - 5,False,14830.0,14835.0,0.0,0.0
1. Liga U19,2026-09-05,Dukla Praha U19,Zbrojovka Brno U19,2.0,2.0,,,,,,,,,668.0,Czech-Republic,Regular Season - 5,False,19200.0,14839.0,0.0,1.0
1. Liga U19,2026-09-05,Karviná U19,Slavia Praha U19,3.0,2.0,,,,,,,,,668.0,Czech-Republic,Regular Season - 5,False,14832.0,7933.0,1.0,1.0
1. Liga U19,2026-09-05,Pardubice U19,Sparta Praha U19,0.0,1.0,,,,,,,,,668.0,Czech-Republic,Regular Season - 5,False,14836.0,7995.0,0.0,0.0
1. Liga U19,2026-09-05,Viktoria Plzeň U19,Hradec Králové U19,0.0,0.0,,,,,,,,,668.0,Czech-Republic,Regular Season - 5,False,7970.0,14831.0,0.0,0.0
1. Liga U19,2026-09-05,Zlín U19,Mladá Boleslav U19,2.0,2.0,,,,,,,,,668.0,Czech-Republic,Regular Season - 5,False,14840.0,14834.0,2.0,0.0
1. Liga U19,2026-09-05,České Budějovice U19,Sigma Olomouc U19,7.0,2.0,,,,,,,,,668.0,Czech-Republic,Regular Season - 5,False,14841.0,7969.0,3.0,0.0
1. Liga Women,2026-09-05,Horní Heršpice W,Viktoria Plzeň W,0.0,2.0,,,,,,,,,669.0,Czech-Republic,Regular Season - 4,False,14842.0,14843.0,0.0,2.0
1. Liga Women,2026-09-05,Prague Raptors W,Baník Ostrava W,3.0,0.0,,,,,,,,,669.0,Czech-Republic,Regular Season - 4,False,28234.0,19197.0,2.0,0.0
3. liga - CFL A,2026-09-05,Loko Vltavín,Benešov,2.0,2.0,,,,,,,,,348.0,Czech-Republic,Group A - 5,False,7315.0,7273.0,2.0,2.0
3. liga - CFL A,2026-09-05,Motorlet Praha,Aritma Praha,4.0,0.0,,,,,,,,,348.0,Czech-Republic,Group A - 5,False,7319.0,7269.0,1.0,0.0
3. liga - CFL A,2026-09-05,Slavia III,Písek,1.0,1.0,,,,,,,,,348.0,Czech-Republic,Group A - 5,False,26232.0,7334.0,1.0,1.0
3. liga - CFL B,2026-09-05,Baník Souš,Horní Ředice,0.0,1.0,,,,,,,,,685.0,Czech-Republic,Group B - 5,False,7271.0,24191.0,0.0,1.0
3. liga - CFL B,2026-09-05,Mladá Boleslav II,Sokol Zápy,2.0,3.0,,,,,,,,,685.0,Czech-Republic,Group B - 5,False,12816.0,7356.0,1.0,1.0
3. liga - MSFL,2026-09-05,Frýdek-Místek,Uničov,1.0,1.0,,,,,,,,,349,Czech-Republic,MSFL - 6,False,7288.0,7369.0,0.0,1.0
3. liga - MSFL,2026-09-05,Vsetín,Havířov,1.0,0.0,,,,,,,,,349.0,Czech-Republic,MSFL - 6,False,7377.0,7293.0,1.0,0.0
3. liga - MSFL,2026-09-05,Vítkovice,Slovácko II,1.0,0.0,,,,,,,,,349,Czech-Republic,MSFL - 6,False,3732.0,8623.0,0.0,0.0
4. liga - Divizie A,2026-09-05,Komárov,Nyrsko,2.0,0.0,,,,,,,,,350.0,Czech-Republic,Group A - 5,False,7310.0,27888.0,2.0,0.0
4. liga - Divizie A,2026-09-05,Petřín Plzeň,Milevsko,3.0,0.0,,,,,,,,,350.0,Czech-Republic,Group A - 5,False,7330.0,26127.0,1.0,0.0
4. liga - Divizie A,2026-09-05,Slavoj Český Krumlov,Křimice,2.0,4.0,,,,,,,,,350.0,Czech-Republic,Group A - 5,False,19432.0,26228.0,0.0,2.0
4. liga - Divizie B,2026-09-05,Štětí,Chomutov,1.0,2.0,,,,,,,,,351.0,Czech-Republic,Group B - 5,False,7386.0,7282.0,1.0,2.0
4. liga - Divizie C,2026-09-05,Přepeře,Letohrad,8.0,1.0,,,,,,,,,352.0,Czech-Republic,Group C - 5,False,7336.0,7313.0,6.0,0.0
4. liga - Divizie C,2026-09-05,Vykan,Dvůr Králové,2.0,1.0,,,,,,,,,352.0,Czech-Republic,Group C - 5,False,27889.0,7286.0,0.0,0.0
4. liga - Divizie D,2026-09-05,Bedrichov,Tatran Bohunice,0.0,4.0,,,,,,,,,353,Czech-Republic,Group D - 6,False,27927.0,19436.0,0.0,3.0
4. liga - Divizie D,2026-09-05,FS Třebíč,Znojmo,1.0,6.0,,,,,,,,,353,Czech-Republic,Group D - 6,False,24190.0,3734.0,1.0,3.0
4. liga - Divizie D,2026-09-05,Kuřim,Sokol Tasovice,1.0,1.0,,,,,,,,,353.0,Czech-Republic,Group D - 6,False,19689.0,7355.0,0.0,1.0
4. liga - Divizie D,2026-09-05,Sparta Brno,Humpolec,1.0,0.0,,,,,,,,,353.0,Czech-Republic,Group D - 6,False,20825.0,7301.0,0.0,0.0
4. liga - Divizie D,2026-09-05,Velká Bíteš,Pelhřimov,2.0,0.0,,,,,,,,,353,Czech-Republic,Group D - 6,False,7371.0,21651.0,1.0,0.0
4. liga - Divizie E,2026-09-05,SK Krumvir,Holešov,1.0,0.0,,,,,,,,,354,Czech-Republic,Group E - 6,False,27929.0,16876.0,0.0,0.0
4. liga - Divizie F,2026-09-05,Nový Jičín,Bospor Bohumín,2.0,4.0,,,,,,,,,686.0,Czech-Republic,Group F - 6,False,7323.0,7277.0,0.0,1.0
4. liga - Divizie F,2026-09-05,Vratimov,Frýdlant,2.0,1.0,,,,,,,,,686.0,Czech-Republic,Group F - 6,False,16877.0,7289.0,0.0,1.0
Czech Liga,2026-09-05,Sigma Olomouc,Bohemians 1905,3.0,0.0,,,,,,,,,345.0,Czech-Republic,Regular Season - 7,False,2250.0,3714.0,2.0,0.0
Czech Liga,2026-09-05,Slavia Praha,Zbrojovka Brno,4.0,0.0,,,,,,,,,345.0,Czech-Republic,Regular Season - 7,False,560.0,3733.0,1.0,0.0
Czech Liga,2026-09-05,Slovácko,Pardubice,0.0,0.0,,,,,,,,,345.0,Czech-Republic,Regular Season - 7,False,3719.0,3724.0,0.0,0.0
1. Division,2026-09-05,AB Copenhagen,Aalborg,0.0,2.0,,,,,,,,,120.0,Denmark,Regular Season - 7,False,2060.0,402.0,0.0,1.0
1. Division,2026-09-05,FC Fredericia,Esbjerg,1.0,0.0,,,,,,,,,120.0,Denmark,Regular Season - 7,False,2061.0,403.0,0.0,0.0
2. Division,2026-09-05,FA 2000,Skive,2.0,2.0,,,,,,,,,122.0,Denmark,Regular Season - 6,False,8634.0,2068.0,1.0,1.0
2. Division,2026-09-05,HIK,Brabrand,2.0,1.0,,,,,,,,,122.0,Denmark,Regular Season - 6,False,6021.0,2071.0,1.0,1.0
2. Division,2026-09-05,Middelfart,Fremad Amager,1.0,1.0,,,,,,,,,122.0,Denmark,Regular Season - 6,False,6042.0,2065.0,0.0,1.0
2. Division,2026-09-05,Roskilde,VSK Århus,1.0,0.0,,,,,,,,,122.0,Denmark,Regular Season - 6,False,2067.0,6064.0,0.0,0.0
3. Division,2026-09-05,Holstebro,Vanløse,1.0,2.0,,,,,,,,,862.0,Denmark,Regular Season - 6,False,6028.0,6065.0,1.0,2.0
3. Division,2026-09-05,Ishøj,Holbæk B&I,0.0,4.0,,,,,,,,,862.0,Denmark,Regular Season - 6,False,8645.0,6027.0,0.0,1.0
3. Division,2026-09-05,Sundby,ASA Aarhus,1.0,0.0,,,,,,,,,862.0,Denmark,Regular Season - 6,False,11566.0,14443.0,0.0,0.0
B-Liga Women,2026-09-05,Osterbro W,B 93 W,3.0,1.0,,,,,,,,,1244.0,Denmark,Regular Season - 4,False,27631.0,13987.0,0.0,1.0
B-Liga Women,2026-09-05,Sundby W,Esbjerg W,2.0,1.0,,,,,,,,,1244.0,Denmark,Regular Season - 4,False,19135.0,28371.0,0.0,0.0
Kvindeliga,2026-09-05,FC Copenhagen W,ASA Aarhus W,1.0,0.0,,,,,,,,,638.0,Denmark,Regular Season - 6,False,27632.0,27630.0,1.0,0.0
Kvindeliga,2026-09-05,Køge W,Nordsjælland W,4.0,6.0,,,,,,,,,638.0,Denmark,Regular Season - 6,False,13982.0,13983.0,2.0,2.0
Kvindeliga,2026-09-05,Midtjylland W,AGF W,2.0,1.0,,,,,,,,,638.0,Denmark,Regular Season - 6,False,26101.0,14243.0,2.0,0.0
Championship,2026-09-05,Burnley,Bristol City,1.0,2.0,,,,,,,,,40,England,Regular Season - 5,False,44.0,56.0,0.0,0.0
Championship,2026-09-05,Lincoln,Southampton,1.0,1.0,,,,,,,,,40.0,England,Regular Season - 5,False,1379.0,41.0,0.0,1.0
Championship,2026-09-05,Millwall,Bolton,4.0,0.0,,,,,,,,,40,England,Regular Season - 5,False,58.0,68.0,1.0,0.0
Championship,2026-09-05,Portsmouth,Cardiff,2.0,0.0,,,,,,,,,40,England,Regular Season - 5,False,1355.0,43.0,1.0,0.0
Championship,2026-09-05,Preston,Blackburn,2.0,1.0,,,,,,,,,40.0,England,Regular Season - 5,False,59.0,67.0,2.0,0.0
Championship,2026-09-05,QPR,Middlesbrough,0.0,1.0,,,,,,,,,40,England,Regular Season - 5,False,72.0,70.0,0.0,1.0
Championship,2026-09-05,Sheffield Utd,Norwich,1.0,3.0,,,,,,,,,40,England,Regular Season - 5,False,62.0,71.0,1.0,2.0
Championship,2026-09-05,Stoke City,Charlton,4.0,0.0,,,,,,,,,40.0,England,Regular Season - 5,False,75.0,1335.0,4.0,0.0
Championship,2026-09-05,West Brom,Watford,1.0,0.0,,,,,,,,,40,England,Regular Season - 5,False,60.0,38.0,1.0,0.0
Championship,2026-09-05,West Ham,Derby,3.0,0.0,,,,,,,,,40,England,Regular Season - 5,False,48.0,69.0,1.0,0.0
FA Cup,2026-09-05,Burgess Hill Town,Jersey Bulls,0.0,0.0,,,,,,,,,45.0,England,1st Round Qualifying,True,7217.0,16987.0,0.0,0.0
FA Cup,2026-09-05,Curzon Ashton,Bradford (Park Avenue),1.0,2.0,,,,,,,,,45.0,England,1st Round Qualifying,True,4703.0,8651.0,0.0,1.0
FA Cup,2026-09-05,Knowle,Worcester City,1.0,1.0,,,,,,,,,45.0,England,1st Round Qualifying,True,18201.0,9010.0,0.0,0.0
FA WSL,2026-09-05,Chelsea W,Aston Villa W,1.0,1.0,,,,,,,,,44.0,England,Regular Season - 1,False,1853.0,14219.0,1.0,0.0
League One,2026-09-05,Barnsley,Stevenage,1.0,5.0,,,,,,,,,41,England,Regular Season - 5,False,747.0,1368.0,1.0,1.0
League One,2026-09-05,Bradford,Mansfield Town,1.0,0.0,,,,,,,,,41,England,Regular Season - 5,False,1343.0,1374.0,1.0,0.0
League One,2026-09-05,Burton Albion,Cambridge United,2.0,2.0,,,,,,,,,41,England,Regular Season - 5,False,748.0,1370.0,1.0,1.0
League One,2026-09-05,Doncaster,Plymouth,2.0,3.0,,,,,,,,,41,England,Regular Season - 5,False,1354.0,1357.0,0.0,1.0
League One,2026-09-05,Huddersfield,Notts County,1.0,1.0,,,,,,,,,41,England,Regular Season - 5,False,37.0,1376.0,1.0,1.0
League One,2026-09-05,Leicester,Oxford United,0.0,4.0,,,,,,,,,41,England,Regular Season - 5,False,46.0,1338.0,0.0,1.0
League One,2026-09-05,Luton,Leyton Orient,1.0,1.0,,,,,,,,,41,England,Regular Season - 5,False,1359.0,1373.0,1.0,1.0
League One,2026-09-05,Peterborough,Sheffield Wednesday,1.0,2.0,,,,,,,,,41.0,England,Regular Season - 5,False,1350.0,74.0,0.0,1.0
League One,2026-09-05,Reading,Blackpool,3.0,1.0,,,,,,,,,41,England,Regular Season - 5,False,53.0,1356.0,1.0,0.0
League One,2026-09-05,Wigan,Stockport County,0.0,4.0,,,,,,,,,41.0,England,Regular Season - 5,False,61.0,4686.0,0.0,3.0
League One,2026-09-05,Wycombe,Milton Keynes Dons,3.0,3.0,,,,,,,,,41,England,Regular Season - 5,False,1358.0,1348.0,2.0,0.0
League Two,2026-09-05,Accrington ST,Crawley Town,3.0,2.0,,,,,,,,,42,England,Regular Season - 5,False,1360.0,1362.0,1.0,1.0
League Two,2026-09-05,Bristol Rovers,Rotherham,1.0,0.0,,,,,,,,,42,England,Regular Season - 5,False,1334.0,73.0,1.0,0.0
League Two,2026-09-05,Cheltenham,Grimsby,2.0,2.0,,,,,,,,,42,England,Regular Season - 5,False,1372.0,1365.0,2.0,0.0
League Two,2026-09-05,Chesterfield,Barnet,3.0,3.0,,,,,,,,,42,England,Regular Season - 5,False,1345.0,1369.0,1.0,2.0
League Two,2026-09-05,Crewe,York,1.0,1.0,,,,,,,,,42,England,Regular Season - 5,False,1363.0,1828.0,1.0,1.0
League Two,2026-09-05,Exeter City,Walsall,0.0,0.0,,,,,,,,,42,England,Regular Season - 5,False,1364.0,1342.0,0.0,0.0
League Two,2026-09-05,Fleetwood Town,Shrewsbury,2.0,0.0,,,,,,,,,42.0,England,Regular Season - 5,False,1336.0,1352.0,1.0,0.0
League Two,2026-09-05,Northampton,Newport County,1.0,0.0,,,,,,,,,42,England,Regular Season - 5,False,1337.0,1367.0,0.0,0.0
League Two,2026-09-05,Rochdale,Gillingham,1.0,4.0,,,,,,,,,42,England,Regular Season - 5,False,1339.0,1347.0,0.0,1.0
League Two,2026-09-05,Salford City,Port Vale,1.0,0.0,,,,,,,,,42.0,England,Regular Season - 5,False,1844.0,1351.0,0.0,0.0
League Two,2026-09-05,Swindon Town,Colchester,3.0,1.0,,,,,,,,,42,England,Regular Season - 5,False,1353.0,1361.0,0.0,1.0
League Two,2026-09-05,Tranmere,Oldham,2.0,0.0,,,,,,,,,42,England,Regular Season - 5,False,1381.0,1349.0,1.0,0.0
National League,2026-09-05,AFC Fylde,Worthing,2.0,2.0,,,,,,,,,43,England,Regular Season - 6,False,1839.0,7761.0,0.0,1.0
National League,2026-09-05,AFC Hornchurch,Forest Green,0.0,1.0,,,,,,,,,43,England,Regular Season - 6,False,7690.0,1378.0,0.0,1.0
National League,2026-09-05,Aldershot Town,FC Halifax Town,1.0,0.0,,,,,,,,,43.0,England,Regular Season - 6,False,1818.0,1841.0,0.0,0.0
National League,2026-09-05,Barrow,Sutton Utd,3.0,0.0,,,,,,,,,43,England,Regular Season - 6,False,1819.0,1835.0,1.0,0.0
National League,2026-09-05,Gateshead,Solihull Moors,1.0,1.0,,,,,,,,,43,England,Regular Season - 6,False,1823.0,1834.0,0.0,0.0
National League,2026-09-05,Hartlepool,Woking,1.0,0.0,,,,,,,,,43,England,Regular Season - 6,False,1366.0,1836.0,0.0,0.0
National League,2026-09-05,Scunthorpe,Harrogate Town,0.0,2.0,,,,,,,,,43,England,Regular Season - 6,False,1340.0,1842.0,0.0,1.0
National League,2026-09-05,Southend,Yeovil Town,3.0,2.0,,,,,,,,,43.0,England,Regular Season - 6,False,1341.0,1377.0,0.0,1.0
National League,2026-09-05,Tamworth,Boston United,2.0,2.0,,,,,,,,,43,England,Regular Season - 6,False,7752.0,8146.0,1.0,1.0
National League - North,2026-09-05,Bedford Town,Radcliffe,1.0,0.0,,,,,,,,,50,England,National League North - 7,False,7616.0,7740.0,1.0,0.0
National League - North,2026-09-05,Brackley Town,Harborough Town,1.0,0.0,,,,,,,,,50,England,National League North - 7,False,4701.0,8812.0,1.0,0.0
National League - North,2026-09-05,Darlington 1883,King's Lynn Town,0.0,2.0,,,,,,,,,50,England,National League North - 7,False,10157.0,8655.0,0.0,1.0
National League - North,2026-09-05,Hebburn Town,Chester,1.0,1.0,,,,,,,,,50,England,National League North - 7,False,8822.0,1820.0,0.0,1.0
National League - North,2026-09-05,Hednesford Town,South Shields,0.0,1.0,,,,,,,,,50,England,National League North - 7,False,7721.0,7746.0,0.0,1.0
National League - North,2026-09-05,Hereford,Spennymoor Town,2.0,1.0,,,,,,,,,50,England,National League North - 7,False,4692.0,4707.0,1.0,0.0
National League - North,2026-09-05,Marine,Worksop Town,0.0,1.0,,,,,,,,,50,England,National League North - 7,False,7656.0,7266.0,0.0,0.0
National League - North,2026-09-05,Merthyr Town,Macclesfield,2.0,1.0,,,,,,,,,50,England,National League North - 7,False,7732.0,1380.0,0.0,0.0
National League - North,2026-09-05,Morecambe,Buxton,4.0,0.0,,,,,,,,,50,England,National League North - 7,False,1375.0,7706.0,0.0,0.0
National League - North,2026-09-05,Oxford City,Chorley,4.0,0.0,,,,,,,,,50,England,National League North - 7,False,4684.0,4679.0,2.0,0.0
National League - North,2026-09-05,Scarborough Athletic,AFC Telford United,0.0,1.0,,,,,,,,,50,England,National League North - 7,False,7745.0,4688.0,0.0,0.0
National League - North,2026-09-05,Spalding United,Southport,2.0,0.0,,,,,,,,,50,England,National League North - 7,False,7671.0,1826.0,1.0,0.0
National League - South,2026-09-05,AFC Totton,Hampton & Richmond,4.0,1.0,,,,,,,,,51,England,National League South - 7,False,7612.0,4680.0,3.0,0.0
National League - South,2026-09-05,Billericay Town,Dorking Wanderers,3.0,3.0,,,,,,,,,51,England,National League South - 7,False,4678.0,8659.0,2.0,2.0
National League - South,2026-09-05,Chelmsford City,Salisbury,1.0,1.0,,,,,,,,,51,England,National League South - 7,False,4689.0,7744.0,1.0,1.0
National League - South,2026-09-05,Dover,Maidenhead,0.0,3.0,,,,,,,,,51,England,National League South - 7,False,1829.0,1838.0,0.0,1.0
National League - South,2026-09-05,Farnborough,Tonbridge Angels,0.0,4.0,,,,,,,,,51,England,National League South - 7,False,7715.0,8662.0,0.0,2.0
National League - South,2026-09-05,Hemel Hempstead Town,Farnham Town,1.0,1.0,,,,,,,,,51,England,National League South - 7,False,8660.0,8783.0,1.0,1.0
National League - South,2026-09-05,Horsham,Dagenham & Redbridge,1.0,1.0,,,,,,,,,51,England,National League South - 7,False,7723.0,1821.0,1.0,1.0
National League - South,2026-09-05,Maidstone Utd,Weston-super-Mare,1.0,0.0,,,,,,,,,51,England,National League South - 7,False,1825.0,4687.0,0.0,0.0
National League - South,2026-09-05,Slough Town,Braintree,1.0,2.0,,,,,,,,,51,England,National League South - 7,False,4685.0,1831.0,1.0,1.0
National League - South,2026-09-05,Torquay,Folkestone Invicta,3.0,2.0,,,,,,,,,51,England,National League South - 7,False,1827.0,7716.0,2.0,0.0
National League - South,2026-09-05,Truro City,Chesham United,3.0,1.0,,,,,,,,,51,England,National League South - 7,False,4699.0,4702.0,1.0,1.0
National League - South,2026-09-05,Walton & Hersham,Ebbsfleet United,0.0,2.0,,,,,,,,,51,England,National League South - 7,False,8986.0,1840.0,0.0,1.0
Premier League,2026-09-05,Brentford,Sunderland,1.0,1.0,,,,,,,,,39,England,Regular Season - 3,False,55.0,746.0,0.0,0.0
Premier League,2026-09-05,Brighton,Leeds,1.0,1.0,,,,,,,,,39,England,Regular Season - 3,False,51.0,63.0,0.0,1.0
Premier League,2026-09-05,Fulham,Crystal Palace,2.0,3.0,,,,,,,,,39,England,Regular Season - 3,False,36.0,52.0,2.0,1.0
Premier League,2026-09-05,Manchester City,Coventry,1.0,0.0,,,,,,,,,39,England,Regular Season - 3,False,50.0,1346.0,1.0,0.0
Premier League,2026-09-05,Newcastle,Bournemouth,2.0,2.0,,,,,,,,,39.0,England,Regular Season - 3,False,34.0,35.0,1.0,2.0
Premier League,2026-09-05,Nottingham Forest,Tottenham,0.0,0.0,,,,,,,,,39,England,Regular Season - 3,False,65.0,47.0,0.0,0.0
U18 Premier League - North,2026-09-05,Blackburn Rovers U18,Everton U18,2.0,1.0,,,,,,,,,695.0,England,North,False,15375.0,15378.0,1.0,1.0
U18 Premier League - North,2026-09-05,Derby County U18,Nottingham Forest U18,0.0,2.0,,,,,,,,,695.0,England,North,False,15377.0,17426.0,0.0,1.0
U18 Premier League - North,2026-09-05,Leeds United U18,Burnley U18,1.0,3.0,,,,,,,,,695.0,England,North,False,15379.0,15376.0,1.0,2.0
U18 Premier League - North,2026-09-05,Leicester City U18,Newcastle United U18,1.0,4.0,,,,,,,,,695.0,England,North,False,15394.0,15384.0,0.0,1.0
U18 Premier League - North,2026-09-05,Manchester United U18,Middlesbrough U18,5.0,0.0,,,,,,,,,695.0,England,North,False,15382.0,15383.0,3.0,0.0
U18 Premier League - North,2026-09-05,Stoke City U18,Manchester City U18,5.0,8.0,,,,,,,,,695.0,England,North,False,15385.0,15381.0,1.0,5.0
U18 Premier League - South,2026-09-05,AFC Bournemouth U18,West Ham United U18,2.0,2.0,,,,,,,,,696.0,England,South,False,23159.0,15400.0,1.0,1.0
U18 Premier League - South,2026-09-05,Arsenal U18,Southampton U18,1.0,0.0,,,,,,,,,696.0,England,South,False,15388.0,15397.0,1.0,0.0
U18 Premier League - South,2026-09-05,Birmingham City U18,Ipswich Town U18,0.0,3.0,,,,,,,,,696.0,England,South,False,17425.0,23179.0,0.0,1.0
U18 Premier League - South,2026-09-05,Brentford U18,Aston Villa U18,0.0,5.0,,,,,,,,,696.0,England,South,False,23164.0,15389.0,0.0,2.0
U18 Premier League - South,2026-09-05,Crystal Palace U18,Tottenham Hotspur U18,2.0,4.0,,,,,,,,,696.0,England,South,False,15392.0,15398.0,2.0,0.0
U18 Premier League - South,2026-09-05,Fulham U18,Chelsea U18,4.0,3.0,,,,,,,,,696.0,England,South,False,15393.0,15391.0,1.0,2.0
U18 Premier League - South,2026-09-05,Norwich City U18,West Bromwich Albion U18,0.0,2.0,,,,,,,,,696.0,England,South,False,15395.0,15399.0,0.0,2.0
U18 Premier League - South,2026-09-05,Reading U18,Brighton U18,1.0,1.0,,,,,,,,,696.0,England,South,False,15396.0,15390.0,0.0,0.0
Esiliiga A,2026-09-05,Tallinna Kalev,Tartu Welco,1.0,1.0,,,,,,,,,328.0,Estonia,Regular Season - 27,False,3529.0,3524.0,0.0,1.0
Esiliiga B,2026-09-05,Tulevik,Legion,3.0,0.0,,,,,,,,,1126.0,Estonia,Regular Season - 27,False,3531.0,13152.0,1.0,0.0
Meistriliiga,2026-09-05,Kuressaare,Trans Narva,3.0,1.0,,,,,,,,,329.0,Estonia,Regular Season - 26,False,3526.0,2274.0,2.0,0.0
Meistriliiga,2026-09-05,Vaprus,Nõmme United,1.0,0.0,,,,,,,,,329,Estonia,Regular Season - 26,False,3525.0,10059.0,0.0,0.0
Ligue 2,2026-09-05,Metz,Rodez,4.0,1.0,,,,,,,,,62.0,France,Regular Season - 5,False,112.0,1301.0,3.0,1.0
Ligue 2,2026-09-05,Reims,Guingamp,2.0,2.0,,,,,,,,,62.0,France,Regular Season - 5,False,93.0,90.0,0.0,1.0
Ligue 3,2026-09-05,Bastia,Amiens,0.0,3.0,,,,,,,,,63.0,France,Regular Season - 5,False,1305.0,87.0,0.0,2.0
Ligue 3,2026-09-05,Bourg-en-bresse 01,Caen,0.0,2.0,,,,,,,,,63.0,France,Regular Season - 5,False,430.0,88.0,0.0,1.0
Ligue 3,2026-09-05,Concarneau,Thionville Lusitanos,2.0,2.0,,,,,,,,,63.0,France,Regular Season - 5,False,1300.0,22039.0,2.0,0.0
Ligue 3,2026-09-05,Fleury 91,Villefranche,6.0,1.0,,,,,,,,,63.0,France,Regular Season - 5,False,3179.0,1302.0,3.0,0.0
Ligue 3,2026-09-05,Gobelins,Aubagne,0.0,0.0,,,,,,,,,63.0,France,Regular Season - 5,False,9238.0,9930.0,0.0,0.0
Ligue 3,2026-09-05,La Roche VF,Quevilly,1.0,1.0,,,,,,,,,63.0,France,Regular Season - 5,False,9915.0,431.0,0.0,1.0
Ligue 3,2026-09-05,Le Puy Foot,Orleans,1.0,1.0,,,,,,,,,63.0,France,Regular Season - 5,False,3069.0,103.0,1.0,1.0
Ligue 3,2026-09-05,Versailles,Cannes,0.0,3.0,,,,,,,,,63.0,France,Regular Season - 5,False,3131.0,9932.0,0.0,1.0
Erovnuli Liga,2026-09-05,Dila,Gagra,1.0,0.0,,,,,,,,,327,Georgia,Regular Season - 24,False,3499.0,3505.0,0.0,0.0
Erovnuli Liga,2026-09-05,Meshakhte,Spaeri,2.0,2.0,,,,,,,,,327.0,Georgia,Regular Season - 24,False,13847.0,14864.0,2.0,1.0
2. Bundesliga,2026-09-05,1. FC Kaiserslautern,SV Darmstadt 98,3.0,0.0,,,,,,,,,79.0,Germany,Regular Season - 4,False,745.0,181.0,1.0,0.0
2. Bundesliga,2026-09-05,Holstein Kiel,1. FC Nürnberg,2.0,2.0,,,,,,,,,79.0,Germany,Regular Season - 4,False,191.0,171.0,1.0,1.0
2. Bundesliga,2026-09-05,VfL Wolfsburg,Energie Cottbus,4.0,4.0,,,,,,,,,79.0,Germany,Regular Season - 4,False,161.0,1320.0,3.0,1.0
3. Liga,2026-09-05,Hansa Rostock,SV Wehen,1.0,1.0,,,,,,,,,80.0,Germany,Regular Season - 4,False,1321.0,1319.0,0.0,0.0
3. Liga,2026-09-05,Preußen Münster,Havelse,2.0,1.0,,,,,,,,,80.0,Germany,Regular Season - 4,False,1313.0,9342.0,1.0,1.0
3. Liga,2026-09-05,SSV Jahn Regensburg,MSV Duisburg,1.0,2.0,,,,,,,,,80.0,Germany,Regular Season - 4,False,177.0,187.0,0.0,0.0
3. Liga,2026-09-05,SV Meppen,FC Saarbrücken,1.0,6.0,,,,,,,,,80.0,Germany,Regular Season - 4,False,1318.0,1639.0,1.0,3.0
3. Liga,2026-09-05,Waldhof Mannheim,Verl,0.0,1.0,,,,,,,,,80.0,Germany,Regular Season - 4,False,4268.0,4265.0,0.0,1.0
Bundesliga,2026-09-05,1899 Hoffenheim,Borussia Dortmund,2.0,3.0,,,,,,,,,78,Germany,Regular Season - 2,False,167.0,165.0,1.0,0.0
Bundesliga,2026-09-05,Bayer Leverkusen,Union Berlin,4.0,0.0,,,,,,,,,78,Germany,Regular Season - 2,False,168.0,182.0,2.0,0.0
Bundesliga,2026-09-05,Borussia Mönchengladbach,SV Elversberg,3.0,4.0,,,,,,,,,78,Germany,Regular Season - 2,False,163.0,1660.0,2.0,1.0
Bundesliga,2026-09-05,SC Paderborn 07,SC Freiburg,0.0,1.0,,,,,,,,,78,Germany,Regular Season - 2,False,185.0,160.0,0.0,1.0
Bundesliga,2026-09-05,Werder Bremen,RB Leipzig,3.0,1.0,,,,,,,,,78,Germany,Regular Season - 2,False,162.0,173.0,1.0,0.0
Frauen Bundesliga,2026-09-05,Hamburger SV W,RB Leipzig W,1.0,1.0,,,,,,,,,82.0,Germany,Regular Season - 3,False,20498.0,20501.0,1.0,1.0
Frauen Bundesliga,2026-09-05,Mainz 05 W,FC Koln W,0.0,4.0,,,,,,,,,82.0,Germany,Regular Season - 3,False,21564.0,1871.0,0.0,3.0
Oberliga - Baden-Württemberg,2026-09-05,Backnang,Reutlingen,2.0,3.0,,,,,,,,,753.0,Germany,Baden-Württemberg - 5,False,16113.0,13932.0,0.0,1.0
Oberliga - Baden-Württemberg,2026-09-05,Bahlinger SC,Teningen,2.0,1.0,,,,,,,,,753,Germany,Baden-Württemberg - 5,False,9359.0,13949.0,2.0,0.0
Oberliga - Baden-Württemberg,2026-09-05,Balingen,Normannia Gmünd,3.0,0.0,,,,,,,,,753,Germany,Baden-Württemberg - 5,False,9360.0,19257.0,1.0,0.0
Oberliga - Baden-Württemberg,2026-09-05,Essingen,CFR Pforzheim,0.0,4.0,,,,,,,,,753.0,Germany,Baden-Württemberg - 5,False,19668.0,1659.0,0.0,1.0
Oberliga - Baden-Württemberg,2026-09-05,Oberachern,FC 08 Villingen,0.0,1.0,,,,,,,,,753.0,Germany,Baden-Württemberg - 5,False,12822.0,1619.0,0.0,0.0
Oberliga - Bayern Nord,2026-09-05,Bayern Hof,Stadeln,2.0,1.0,,,,,,,,,938,Germany,Bayern Nord - 9,False,12737.0,26067.0,1.0,0.0
Oberliga - Bayern Nord,2026-09-05,Cham,Nordlingen,4.0,1.0,,,,,,,,,938.0,Germany,Bayern Nord - 9,False,19761.0,14512.0,1.0,0.0
Oberliga - Bayern Nord,2026-09-05,Eintracht Bamberg,Ingolstadt II,4.0,1.0,,,,,,,,,938.0,Germany,Bayern Nord - 9,False,12757.0,12792.0,1.0,1.0
Oberliga - Bayern Nord,2026-09-05,Großbardorf,Neudrossenfeld,4.0,1.0,,,,,,,,,938,Germany,Bayern Nord - 9,False,12774.0,21526.0,3.0,1.0
Oberliga - Bayern Süd,2026-09-05,Kottern,Kirchanschöring,2.0,1.0,,,,,,,,,939.0,Germany,Bayern Süd - 9,False,12807.0,12805.0,0.0,0.0
Oberliga - Bayern Süd,2026-09-05,Schalding-Heining,Pfaffenhofen,2.0,2.0,,,,,,,,,939.0,Germany,Bayern Süd - 9,False,9334.0,27899.0,1.0,1.0
Oberliga - Bayern Süd,2026-09-05,Schwabmünchen,Hankofen-Hailing,3.0,3.0,,,,,,,,,939.0,Germany,Bayern Süd - 9,False,12850.0,12780.0,1.0,1.0
Oberliga - Bayern Süd,2026-09-05,TuS Geretsried,Landshut,0.0,1.0,,,,,,,,,939.0,Germany,Bayern Süd - 9,False,26068.0,27898.0,0.0,1.0
Oberliga - Bremen,2026-09-05,BTS Neustadt,Geestemünde,1.0,0.0,,,,,,,,,749.0,Germany,Bremen - 5,False,16090.0,12769.0,0.0,0.0
Oberliga - Bremen,2026-09-05,Brinkumer SV,OSC Bremerhaven,1.0,0.0,,,,,,,,,749.0,Germany,Bremen - 5,False,12745.0,16094.0,0.0,0.0
Oberliga - Bremen,2026-09-05,Union Bremen,Eiche Horn,0.0,1.0,,,,,,,,,749.0,Germany,Bremen - 5,False,16095.0,24523.0,0.0,1.0
Oberliga - Bremen,2026-09-05,Woltmershausen,Hemelingen,1.0,3.0,,,,,,,,,749,Germany,Bremen - 5,False,19756.0,12783.0,0.0,0.0
Oberliga - Hessen,2026-09-05,Bayern Alzenau,Kassel,0.0,2.0,,,,,,,,,750,Germany,Hessen - 7,False,9361.0,26172.0,0.0,2.0
Oberliga - Hessen,2026-09-05,Eintracht Stadtallendorf,Hadamar,0.0,0.0,,,,,,,,,750.0,Germany,Hessen - 7,False,12761.0,14550.0,,
Oberliga - Hessen,2026-09-05,Unter-Flockenbach,FC Gießen,2.0,1.0,,,,,,,,,750,Germany,Hessen - 7,False,14808.0,9362.0,1.0,0.0
Oberliga - Rheinland-Pfalz / Saar,2026-09-05,FC Emmelshausen-Karbach,TuS RW Koblenz,1.0,1.0,,,,,,,,,752,Germany,Rheinland-Pfalz/Saar - 6,False,26592.0,1657.0,0.0,1.0
Oberliga - Rheinland-Pfalz / Saar,2026-09-05,Hertha Wiesbach,Gau-Odernheim,1.0,4.0,,,,,,,,,752,Germany,Rheinland-Pfalz/Saar - 6,False,12785.0,26168.0,1.0,2.0
Oberliga - Rheinland-Pfalz / Saar,2026-09-05,Mechtersheim,Gonsenheim,4.0,2.0,,,,,,,,,752,Germany,Rheinland-Pfalz/Saar - 6,False,14724.0,12773.0,2.0,1.0
Oberliga - Rheinland-Pfalz / Saar,2026-09-05,Schott Mainz,Pirmasens,2.0,1.0,,,,,,,,,752.0,Germany,Rheinland-Pfalz/Saar - 6,False,14524.0,9365.0,2.0,0.0
Oberliga - Rheinland-Pfalz / Saar,2026-09-05,TuS Koblenz,Ahrweiler,0.0,0.0,,,,,,,,,752,Germany,Rheinland-Pfalz/Saar - 6,False,1648.0,19204.0,0.0,0.0
Oberliga - Rheinland-Pfalz / Saar,2026-09-05,Wormatia Worms,RW Wittlich,5.0,1.0,,,,,,,,,752.0,Germany,Rheinland-Pfalz/Saar - 6,False,1663.0,28016.0,3.0,0.0
Oberliga - Schleswig-Holstein,2026-09-05,Heider SV,Rotenhof,1.0,1.0,,,,,,,,,744.0,Germany,Schleswig-Holstein - 7,False,9343.0,24434.0,1.0,0.0
Oberliga - Schleswig-Holstein,2026-09-05,Lübeck II,VfR Neumünster,4.0,1.0,,,,,,,,,744.0,Germany,Schleswig-Holstein - 7,False,16072.0,13940.0,1.0,1.0
Oberliga - Schleswig-Holstein,2026-09-05,Nordmark Satrup,Kaltenkirchen,1.0,1.0,,,,,,,,,744.0,Germany,Schleswig-Holstein - 7,False,21946.0,26175.0,1.0,1.0
Oberliga - Schleswig-Holstein,2026-09-05,Oldenburger SV,Kilia Kiel,0.0,3.0,,,,,,,,,744.0,Germany,Schleswig-Holstein - 7,False,16073.0,14500.0,0.0,2.0
Oberliga - Schleswig-Holstein,2026-09-05,Phönix L. II,TSB Flensburg,4.0,4.0,,,,,,,,,744,Germany,Schleswig-Holstein - 7,False,26176.0,12872.0,1.0,1.0
Oberliga - Schleswig-Holstein,2026-09-05,Rapid Lubeck,Holstein Kiel II,2.0,3.0,,,,,,,,,744,Germany,Schleswig-Holstein - 7,False,28084.0,9344.0,0.0,2.0
Regionalliga - Bayern,2026-09-05,Landsberg,Buchbach,1.0,3.0,,,,,,,,,83.0,Germany,Bayern - 7,False,14717.0,9326.0,0.0,2.0
Regionalliga - Bayern,2026-09-05,Nürnberg II,FC Schweinfurt 05,5.0,2.0,,,,,,,,,83.0,Germany,Bayern - 7,False,9332.0,1635.0,3.0,2.0
Regionalliga - Bayern,2026-09-05,Schwaben Augsburg,Memmingen,0.0,1.0,,,,,,,,,83.0,Germany,Bayern - 7,False,12849.0,9331.0,0.0,1.0
Regionalliga - Bayern,2026-09-05,SpVgg Unterhaching,Augsburg II,3.0,0.0,,,,,,,,,83.0,Germany,Bayern - 7,False,1314.0,9324.0,3.0,0.0
Regionalliga - Nord,2026-09-05,SSV Jeddeloh,Hamburger SV II,1.0,3.0,,,,,,,,,84.0,Germany,North - 7,False,1655.0,9340.0,1.0,2.0
Regionalliga - SudWest,2026-09-05,FSV Frankfurt,Kickers Offenbach,1.0,1.0,,,,,,,,,86.0,Germany,Sudwest - 5,False,1332.0,1628.0,0.0,1.0
Regionalliga - SudWest,2026-09-05,Freiburg II,TSV Steinbach,4.0,3.0,,,,,,,,,86.0,Germany,Sudwest - 5,False,9363.0,1656.0,2.0,1.0
Regionalliga - SudWest,2026-09-05,Hessen Kassel,SV Sandhausen,5.0,2.0,,,,,,,,,86.0,Germany,Sudwest - 5,False,12788.0,189.0,2.0,1.0
Regionalliga - SudWest,2026-09-05,Stuttgarter Kickers,FSV Mainz 05 II,1.0,2.0,,,,,,,,,86.0,Germany,Sudwest - 5,False,12868.0,1331.0,0.0,2.0
Regionalliga - SudWest,2026-09-05,VfR Aalen,Eintracht Trier,2.0,0.0,,,,,,,,,86.0,Germany,Sudwest - 5,False,1327.0,1627.0,1.0,0.0
Regionalliga - West,2026-09-05,Borussia M'gladbach II,Borussia Dortmund II,0.0,0.0,,,,,,,,,87.0,Germany,West - 7,False,9368.0,9367.0,0.0,0.0
Regionalliga - West,2026-09-05,FC Bocholt,Sportfreunde Siegen,1.0,3.0,,,,,,,,,87.0,Germany,West - 7,False,12764.0,13935.0,0.0,2.0
Regionalliga - West,2026-09-05,SV Rodinghausen,Wiedenbrück,2.0,3.0,,,,,,,,,87.0,Germany,West - 7,False,1650.0,12897.0,2.0,0.0
Regionalliga - West,2026-09-05,Westfalia Rhynern,Sportfreunde Lotte,3.0,2.0,,,,,,,,,87.0,Germany,West - 7,False,14826.0,1323.0,0.0,0.0
U19 Bundesliga,2026-09-05,Augsburg U19,Sandhausen U19,1.0,2.0,,,,,,,,,488.0,Germany,Preliminary,False,10247.0,21734.0,0.0,2.0
U19 Bundesliga,2026-09-05,Borussia Dortmund U19,Rot-Weiss Essen U19,5.0,1.0,,,,,,,,,488.0,Germany,Preliminary,False,7890.0,13957.0,3.0,1.0
U19 Bundesliga,2026-09-05,Carl Zeiss Jena U19,Chemnitzer FC U19,3.0,0.0,,,,,,,,,488.0,Germany,Preliminary,False,13951.0,10250.0,2.0,0.0
U19 Bundesliga,2026-09-05,Dynamo Dresden U19,Rot-Weiß Erfurt U19,6.0,2.0,,,,,,,,,488.0,Germany,Preliminary,False,10251.0,24543.0,1.0,1.0
U19 Bundesliga,2026-09-05,Eintracht Braunsch U19,Energie Cottbus U19,2.0,1.0,,,,,,,,,488.0,Germany,Preliminary,False,13961.0,10253.0,2.0,1.0
U19 Bundesliga,2026-09-05,Erzgebirge Aue U19,Eintracht Frankf U19,2.0,7.0,,,,,,,,,488.0,Germany,Preliminary,False,24539.0,10252.0,1.0,2.0
U19 Bundesliga,2026-09-05,Freiburg U19,Stuttgarter K'rs U19,1.0,1.0,,,,,,,,,488.0,Germany,Preliminary,False,10255.0,13959.0,0.0,0.0
U19 Bundesliga,2026-09-05,Hansa Rostock U19,Hamburger SV U19,3.0,5.0,,,,,,,,,488.0,Germany,Preliminary,False,15741.0,10257.0,3.0,2.0
U19 Bundesliga,2026-09-05,Holstein Kiel U19,Magdeburg U19,0.0,2.0,,,,,,,,,488.0,Germany,Preliminary,False,10260.0,10267.0,0.0,1.0
U19 Bundesliga,2026-09-05,Karlsruher SC U19,Ulm U19,1.0,0.0,,,,,,,,,488.0,Germany,Preliminary,False,10263.0,10274.0,0.0,0.0
U19 Bundesliga,2026-09-05,Meppen U19,Paderborn U19,1.0,0.0,,,,,,,,,488.0,Germany,Preliminary,False,19444.0,13956.0,0.0,0.0
U19 Bundesliga,2026-09-05,Viktoria Köln U19,Elversberg U19,4.0,1.0,,,,,,,,,488.0,Germany,Preliminary,False,10276.0,15740.0,3.0,1.0
Super League 2,2026-09-05,Panthrakikos,Pyrgos 1968,0.0,0.0,,,,,,,,,494.0,Greece,Regular Season - 1,False,2090.0,26587.0,0.0,0.0
Premier League,2026-09-05,Eastern,Kowloon City,4.0,0.0,,,,,,,,,380.0,Hong-Kong,Regular Season - 3,False,4451.0,20392.0,2.0,0.0
Premier League,2026-09-05,Wofoo Tai Po,BC Rangers,3.0,2.0,,,,,,,,,380.0,Hong-Kong,Regular Season - 3,False,4457.0,26471.0,1.0,1.0
NB II,2026-09-05,Kazincbarcikai,Kecskeméti TE,2.0,2.0,,,,,,,,,272,Hungary,Regular Season - 7,False,2410.0,5111.0,1.0,1.0
NB III - Northeast,2026-09-05,Debrecen II,Tiszaújváros,3.0,1.0,,,,,,,,,633,Hungary,Northeast - 7,False,13153.0,5149.0,2.0,0.0
NB III - Northeast,2026-09-05,Gödöllő,Eger,4.0,0.0,,,,,,,,,633,Hungary,Northeast - 7,False,11701.0,5089.0,2.0,0.0
NB III - Northeast,2026-09-05,Mátészalka,DEAC,1.0,1.0,,,,,,,,,633,Hungary,Northeast - 7,False,11760.0,5082.0,0.0,0.0
NB III - Northwest,2026-09-05,Bicskei,Veszprém,3.0,2.0,,,,,,,,,635,Hungary,Northwest - 7,False,7536.0,7569.0,2.0,1.0
NB III - Southeast,2026-09-05,Gyulai Termál,Dabas,5.0,0.0,,,,,,,,,1023,Hungary,Southeast - 7,False,11729.0,5083.0,2.0,0.0
NB III - Southeast,2026-09-05,III. Kerületi TUE,Szeged-Csanád II,1.0,0.0,,,,,,,,,1023,Hungary,Southeast - 7,False,5102.0,21857.0,1.0,0.0
NB III - Southeast,2026-09-05,Monori Se,BKV Előre,3.0,1.0,,,,,,,,,1023,Hungary,Southeast - 7,False,2411.0,5070.0,0.0,1.0
NB III - Southwest,2026-09-05,Érdi VSE,Ferencváros II,3.0,3.0,,,,,,,,,634,Hungary,Southwest - 7,False,5153.0,11861.0,0.0,2.0
1. Deild,2026-09-05,Grotta,Völsungur,0.0,2.0,,,,,,,,,165,Iceland,Regular Season - 22,False,2121.0,4166.0,0.0,2.0
1. Deild,2026-09-05,HK Kopavogur,Fylkir,2.0,1.0,,,,,,,,,165,Iceland,Regular Season - 22,False,2113.0,267.0,0.0,0.0
1. Deild,2026-09-05,IR Reykjavik,Leiknir R.,3.0,2.0,,,,,,,,,165,Iceland,Regular Season - 22,False,2122.0,2114.0,3.0,0.0
1. Deild,2026-09-05,Njardvik,Afturelding,1.0,1.0,,,,,,,,,165,Iceland,Regular Season - 22,False,2123.0,3514.0,1.0,0.0
1. Deild,2026-09-05,Vestri,Throttur Reykjavik,0.0,2.0,,,,,,,,,165,Iceland,Regular Season - 22,False,4165.0,829.0,0.0,0.0
1. Deild,2026-09-05,Ægir,Grindavik,1.0,1.0,,,,,,,,,165,Iceland,Regular Season - 22,False,4167.0,277.0,0.0,1.0
2. Deild,2026-09-05,Fjolnir,Thróttur Vogar,1.0,1.0,,,,,,,,,166,Iceland,Regular Season - 21,False,273.0,4171.0,1.0,0.0
2. Deild,2026-09-05,Haukar,Selfoss,1.0,2.0,,,,,,,,,166,Iceland,Regular Season - 21,False,2118.0,2115.0,0.0,2.0
Liga 1,2026-09-05,Bhayangkara FC,Persebaya Surabaya,1.0,1.0,,,,,,,,,274.0,Indonesia,Regular Season - 1,False,2443.0,2446.0,0.0,1.0
Liga 1,2026-09-05,PSIM Yogyakarta,Persita,1.0,1.0,,,,,,,,,274.0,Indonesia,Regular Season - 1,False,4235.0,4244.0,0.0,0.0
Liga 1,2026-09-05,Persik Kediri,Dewa United,0.0,1.0,,,,,,,,,274.0,Indonesia,Regular Season - 1,False,4241.0,17902.0,0.0,1.0
Liga 1,2026-09-05,Pusamania Borneo,Persija,0.0,1.0,,,,,,,,,274.0,Indonesia,Regular Season - 1,False,2442.0,10134.0,0.0,1.0
Campionato Primavera - 1,2026-09-05,Cagliari U20,Sassuolo U20,2.0,1.0,,,,,,,,,705.0,Italy,Regular Season - 3,False,24727.0,24741.0,2.0,0.0
Campionato Primavera - 1,2026-09-05,Genoa U20,Fiorentina U20,3.0,3.0,,,,,,,,,705.0,Italy,Regular Season - 3,False,24732.0,24731.0,1.0,2.0
Campionato Primavera - 2,2026-09-05,Ascoli U19,Spezia U19,1.0,1.0,,,,,,,,,706.0,Italy,Regular Season - 1,False,15654.0,15682.0,0.0,0.0
Campionato Primavera - 2,2026-09-05,Avellino U19,Napoli U19,3.0,1.0,,,,,,,,,706.0,Italy,Regular Season - 1,False,24356.0,7917.0,1.0,0.0
Campionato Primavera - 2,2026-09-05,Benevento U19,Frosinone U19,3.0,0.0,,,,,,,,,706.0,Italy,Regular Season - 1,False,15655.0,15666.0,2.0,0.0
Campionato Primavera - 2,2026-09-05,Catanzaro U19,Latina U19,2.0,0.0,,,,,,,,,706.0,Italy,Regular Season - 1,False,26373.0,27997.0,1.0,0.0
Campionato Primavera - 2,2026-09-05,Lecco U19,Cremonese U19,0.0,4.0,,,,,,,,,706,Italy,Regular Season - 1,False,26372.0,15662.0,0.0,2.0
Campionato Primavera - 2,2026-09-05,Modena U19,Pro Vercelli U19,4.0,0.0,,,,,,,,,706,Italy,Regular Season - 1,False,24357.0,24358.0,3.0,0.0
Campionato Primavera - 2,2026-09-05,Monopoli U19,Cosenza U19,4.0,0.0,,,,,,,,,706,Italy,Regular Season - 1,False,19855.0,15661.0,1.0,0.0
Campionato Primavera - 2,2026-09-05,Reggiana U19,Renate U19,1.0,3.0,,,,,,,,,706.0,Italy,Regular Season - 1,False,15676.0,22405.0,0.0,0.0
Campionato Primavera - 2,2026-09-05,Salernitana U19,Bari U19,0.0,4.0,,,,,,,,,706,Italy,Regular Season - 1,False,15679.0,22403.0,0.0,2.0
Campionato Primavera - 2,2026-09-05,Udinese U19,Padova U19,0.0,4.0,,,,,,,,,706.0,Italy,Regular Season - 1,False,15684.0,19856.0,0.0,4.0
Campionato Primavera - 2,2026-09-05,Venezia U19,Cittadella U19,5.0,2.0,,,,,,,,,706,Italy,Regular Season - 1,False,15685.0,15660.0,1.0,1.0
Campionato Primavera - 2,2026-09-05,Vicenza U19,Sudtirol U19,3.0,0.0,,,,,,,,,706.0,Italy,Regular Season - 1,False,15687.0,22406.0,1.0,0.0
Campionato Primavera - 2,2026-09-05,Virtus Entella U19,Brescia U19,3.0,1.0,,,,,,,,,706.0,Italy,Regular Season - 1,False,15688.0,15657.0,2.0,1.0
Serie A,2026-09-05,Fiorentina,Torino,1.0,2.0,,,,,,,,,135.0,Italy,Regular Season - 3,False,502.0,503.0,0.0,0.0
Serie B,2026-09-05,Sudtirol,Catanzaro,2.0,0.0,,,,,,,,,136.0,Italy,Regular Season - 3,False,1578.0,1687.0,0.0,0.0
J1 League,2026-09-05,Avispa Fukuoka,Mito Hollyhock,1.0,1.0,,,,,,,,,98.0,Japan,Regular Season - 6,False,316.0,305.0,0.0,0.0
J2 League,2026-09-05,Fujieda MYFC,Vanraure Hachinohe,0.0,0.0,,,,,,,,,99.0,Japan,Regular Season - 5,False,4317.0,4326.0,0.0,0.0
J2 League,2026-09-05,Montedio Yamagata,Ventforet Kofu,1.0,2.0,,,,,,,,,99.0,Japan,Regular Season - 5,False,312.0,308.0,0.0,2.0
J2 League,2026-09-05,Sagan Tosu,Tegevajaro Miyazaki,2.0,0.0,,,,,,,,,99.0,Japan,Regular Season - 5,False,295.0,10409.0,0.0,0.0
J2 League,2026-09-05,Shonan Bellmare,Vegalta Sendai,1.0,3.0,,,,,,,,,99.0,Japan,Regular Season - 5,False,284.0,286.0,1.0,2.0
J2 League,2026-09-05,Tokushima Vortis,Iwaki,1.0,0.0,,,,,,,,,99.0,Japan,Regular Season - 5,False,299.0,7127.0,1.0,0.0
J3 League,2026-09-05,Ehime FC,Kitakyushu,4.0,2.0,,,,,,,,,100.0,Japan,Regular Season - 5,False,318.0,805.0,2.0,1.0
J3 League,2026-09-05,FC Gifu,Kanazawa,0.0,1.0,,,,,,,,,100.0,Japan,Regular Season - 5,False,297.0,300.0,0.0,1.0
J3 League,2026-09-05,Gainare Tottori,Renofa Yamaguchi,0.0,3.0,,,,,,,,,100.0,Japan,Regular Season - 5,False,4319.0,309.0,0.0,2.0
J3 League,2026-09-05,Kagoshima United,FC Ryukyu,2.0,1.0,,,,,,,,,100.0,Japan,Regular Season - 5,False,2236.0,2235.0,0.0,0.0
J3 League,2026-09-05,Kamatamare Sanuki,Biwako Shiga,0.0,3.0,,,,,,,,,100.0,Japan,Regular Season - 5,False,317.0,7117.0,0.0,1.0
J3 League,2026-09-05,Matsumoto Yamaga,Osaka,0.0,0.0,,,,,,,,,100.0,Japan,Regular Season - 5,False,304.0,7138.0,0.0,0.0
J3 League,2026-09-05,Sagamihara,Parceiro Nagano,1.0,1.0,,,,,,,,,100.0,Japan,Regular Season - 5,False,4324.0,4323.0,0.0,1.0
J3 League,2026-09-05,Thespakusatsu Gunma,Fukushima United,1.0,3.0,,,,,,,,,100.0,Japan,Regular Season - 5,False,756.0,4318.0,1.0,2.0
J3 League,2026-09-05,Tochigi SC,Kochi United,2.0,0.0,,,,,,,,,100.0,Japan,Regular Season - 5,False,315.0,7129.0,1.0,0.0
WE League,2026-09-05,Cerezo Osaka W,Sanfrecce Hiroshima W,0.0,1.0,,,,,,,,,854.0,Japan,Regular Season - 3,False,22492.0,16955.0,0.0,0.0
WE League,2026-09-05,Elfen Saitama W,Parceiro Nagano W,0.0,0.0,,,,,,,,,854.0,Japan,Regular Season - 3,False,16946.0,16954.0,0.0,0.0
WE League,2026-09-05,JEF United W,Vegalta Sendai W,2.0,0.0,,,,,,,,,854.0,Japan,Regular Season - 3,False,16948.0,16956.0,1.0,0.0
WE League,2026-09-05,Omiya Ardija Ventus W,Albirex Niigata W,2.0,1.0,,,,,,,,,854.0,Japan,Regular Season - 3,False,16950.0,16953.0,0.0,1.0
WE League,2026-09-05,Urawa Reds W,Tokyo Verdy Beleza W,3.0,1.0,,,,,,,,,854.0,Japan,Regular Season - 3,False,16952.0,16951.0,3.0,1.0
Premier League,2026-09-05,Aktobe,Zhenys,1.0,0.0,,,,,,,,,389.0,Kazakhstan,Regular Season - 25,False,4563.0,16611.0,0.0,0.0
Premier League,2026-09-05,Kaspiy,Kairat Almaty,0.0,3.0,,,,,,,,,389.0,Kazakhstan,Regular Season - 25,False,4552.0,664.0,0.0,2.0
Premier League,2026-09-05,Kyzyl-Zhar,Atyrau,0.0,1.0,,,,,,,,,389,Kazakhstan,Regular Season - 25,False,4554.0,4564.0,0.0,0.0
Premier League,2026-09-05,Okzhetpes,Ordabasy,2.0,1.0,,,,,,,,,389.0,Kazakhstan,Regular Season - 25,False,4558.0,692.0,0.0,1.0
Premier League,2026-09-05,Zhetysu,Irtysh,1.0,0.0,,,,,,,,,389.0,Kazakhstan,Regular Season - 25,False,4560.0,4565.0,0.0,0.0
Liga E Pare,2026-09-05,Ramiz Sadiku,Suhareka,2.0,2.0,,,,,,,,,1195,Kosovo,Regular Season - 4,False,15579.0,22817.0,1.0,1.0
1. Liga,2026-09-05,JDFS Alberts,Smiltene,3.0,2.0,,,,,,,,,364.0,Latvia,Regular Season - 19,False,4139.0,4142.0,2.0,0.0
1. Liga,2026-09-05,Rīgas FS II,JFK Ventspils,4.0,1.0,,,,,,,,,364,Latvia,Regular Season - 19,False,18836.0,21202.0,1.0,1.0
1. Liga,2026-09-05,Valmiera / BSS,Metta / LU,2.0,2.0,,,,,,,,,364.0,Latvia,Regular Season - 19,False,4153.0,4159.0,1.0,2.0
Virsliga,2026-09-05,FS Jelgava,Super Nova,0.0,1.0,,,,,,,,,365,Latvia,Regular Season - 29,False,18834.0,4143.0,0.0,0.0
Virsliga,2026-09-05,Tukums,Ogre United,2.0,1.0,,,,,,,,,365.0,Latvia,Regular Season - 29,False,4144.0,18936.0,0.0,1.0
1 Lyga,2026-09-05,Atmosfera,Tauras,3.0,1.0,,,,,,,,,361.0,Lithuania,Regular Season - 23,False,3856.0,11885.0,0.0,1.0
1 Lyga,2026-09-05,Ekranas,Garliava,1.0,0.0,,,,,,,,,361.0,Lithuania,Regular Season - 23,False,10696.0,16674.0,0.0,0.0
1 Lyga,2026-09-05,Minija,Transinvest 2,3.0,0.0,,,,,,,,,361.0,Lithuania,Regular Season - 23,False,3864.0,27557.0,1.0,0.0
Super League,2026-09-05,Kamuzu Barracks,CIVO United,0.0,1.0,,,,,,,,,391.0,Malawi,Regular Season - 15,False,4588.0,11125.0,0.0,0.0
Super League,2026-09-05,MAFCO,Moyale Barracks,1.0,2.0,,,,,,,,,391.0,Malawi,Regular Season - 15,False,11127.0,4593.0,0.0,1.0
Super League,2026-09-05,Nyasa Big Bullets,Silver Strikers,5.0,0.0,,,,,,,,,391.0,Malawi,Regular Season - 15,False,4599.0,4597.0,3.0,0.0
Super League,2026-09-05,Red Lions,Masters FC,0.0,0.0,,,,,,,,,391.0,Malawi,Regular Season - 15,False,4601.0,27655.0,0.0,0.0
Super League,2026-09-05,Negeri Sembilan,Imigresen,2.0,2.0,,,,,,,,,278.0,Malaysia,Regular Season - 3,False,2502.0,10430.0,0.0,1.0
Super League,2026-09-05,Sabah FA,Kuching FA,0.0,2.0,,,,,,,,,278.0,Malaysia,Regular Season - 3,False,2505.0,10108.0,0.0,2.0
Super League,2026-09-05,Terengganu,Penang,0.0,0.0,,,,,,,,,278.0,Malaysia,Regular Season - 3,False,2518.0,2504.0,0.0,0.0
Super Liga,2026-09-05,Politehnica UTM,Dacia-Buiucani,2.0,1.0,,,,,,,,,394,Moldova,Regular Season - 11,False,26115.0,5375.0,1.0,0.0
National League,2026-09-05,Myawady,Shan United,0.0,4.0,,,,,,,,,588.0,Myanmar,Regular Season - 2,False,19048.0,8015.0,0.0,3.0
National League,2026-09-05,Thitsar Arman,Hantharwady United,2.0,2.0,,,,,,,,,588.0,Myanmar,Regular Season - 2,False,24091.0,12525.0,1.0,1.0
Derde Divisie,2026-09-05,DVS 33 Ermelo,Sparta Nijkerk,1.0,3.0,,,,,,,,,92,Netherlands,Regular Season - 4,False,1244.0,1274.0,1.0,1.0
Derde Divisie,2026-09-05,Eemdijk,Harkemase Boys,1.0,2.0,,,,,,,,,92.0,Netherlands,Regular Season - 4,False,1235.0,1258.0,0.0,0.0
Derde Divisie,2026-09-05,Excelsior Maassluis,Noordwijk,0.0,0.0,,,,,,,,,92.0,Netherlands,Regular Season - 4,False,17129.0,1247.0,0.0,0.0
Derde Divisie,2026-09-05,Hercules,ACV,0.0,3.0,,,,,,,,,92,Netherlands,Regular Season - 4,False,1264.0,3911.0,0.0,0.0
Derde Divisie,2026-09-05,Staphorst,SC Genemuiden,1.0,2.0,,,,,,,,,92.0,Netherlands,Regular Season - 4,False,1239.0,1273.0,1.0,0.0
Derde Divisie,2026-09-05,TOGB,Groene Ster,3.0,3.0,,,,,,,,,92,Netherlands,Regular Season - 4,False,19739.0,1236.0,1.0,0.0
Derde Divisie,2026-09-05,VV Scherpenzeel,Excelsior '31,3.0,1.0,,,,,,,,,92,Netherlands,Regular Season - 4,False,14241.0,6263.0,2.0,0.0
Derde Divisie,2026-09-05,Vvsb,FC Lisse,1.0,2.0,,,,,,,,,92,Netherlands,Regular Season - 4,False,1251.0,1257.0,0.0,1.0
Tweede Divisie,2026-09-05,GVVV Veenendaal,Quick Boys,0.0,3.0,,,,,,,,,492.0,Netherlands,Regular Season - 4,False,1261.0,1272.0,0.0,2.0
Tweede Divisie,2026-09-05,HHC,De Treffers,2.0,2.0,,,,,,,,,492.0,Netherlands,Regular Season - 4,False,1278.0,1277.0,0.0,1.0
Tweede Divisie,2026-09-05,Katwijk,Almere City II,3.0,2.0,,,,,,,,,492.0,Netherlands,Regular Season - 4,False,1237.0,9130.0,2.0,2.0
Tweede Divisie,2026-09-05,Kloetinge,Ijsselmeervogels,0.0,2.0,,,,,,,,,492.0,Netherlands,Regular Season - 4,False,3930.0,1280.0,0.0,1.0
Tweede Divisie,2026-09-05,Koninklijke HFC,Sparta Rotterdam II,2.0,2.0,,,,,,,,,492.0,Netherlands,Regular Season - 4,False,1246.0,10320.0,0.0,2.0
Tweede Divisie,2026-09-05,RKAV Volendam,Hoek,2.0,1.0,,,,,,,,,492.0,Netherlands,Regular Season - 4,False,1238.0,1276.0,1.0,0.0
Tweede Divisie,2026-09-05,ROHDA Raalte,Kozakken Boys,1.0,2.0,,,,,,,,,492.0,Netherlands,Regular Season - 4,False,6269.0,1242.0,1.0,0.0
Tweede Divisie,2026-09-05,Rijnsburgse Boys,AFC Amsterdam,3.0,0.0,,,,,,,,,492.0,Netherlands,Regular Season - 4,False,1248.0,1252.0,2.0,0.0
Tweede Divisie,2026-09-05,Spakenburg,Barendrecht,1.0,3.0,,,,,,,,,492.0,Netherlands,Regular Season - 4,False,1249.0,1271.0,1.0,1.0
Chatham Cup,2026-09-05,Cashmere Technical,Fencibles United,1.0,2.0,,,,,,,,,1127.0,New-Zealand,Final,True,20651.0,24253.0,0.0,1.0
Premiership,2026-09-05,Bangor,Ballymena United,2.0,2.0,,,,,,,,,408,Northern-Ireland,Regular Season - 5,False,11112.0,668.0,0.0,2.0
Premiership,2026-09-05,Cliftonville FC,Portadown,3.0,1.0,,,,,,,,,408,Northern-Ireland,Regular Season - 5,False,2266.0,5348.0,2.0,0.0
Premiership,2026-09-05,Limavady United,Dungannon Swifts,0.0,2.0,,,,,,,,,408,Northern-Ireland,Regular Season - 5,False,11114.0,5351.0,0.0,1.0
Premiership,2026-09-05,Linfield,Carrick Rangers,1.0,0.0,,,,,,,,,408,Northern-Ireland,Regular Season - 5,False,583.0,5350.0,0.0,0.0
1. Division,2026-09-05,Asane,hodd,2.0,2.0,,,,,,,,,104,Norway,Regular Season - 21,False,2148.0,2150.0,1.0,0.0
1. Division,2026-09-05,Haugesund,Sogndal,2.0,0.0,,,,,,,,,104,Norway,Regular Season - 21,False,328.0,758.0,1.0,0.0
1. Division,2026-09-05,Kongsvinger,Raufoss,9.0,1.0,,,,,,,,,104,Norway,Regular Season - 21,False,2144.0,2153.0,3.0,0.0
1. Division,2026-09-05,ODD Ballklubb,Stromsgodset,1.0,1.0,,,,,,,,,104,Norway,Regular Season - 21,False,330.0,324.0,0.0,1.0
1. Division,2026-09-05,Sandnes ULF,Ranheim,1.0,1.0,,,,,,,,,104,Norway,Regular Season - 21,False,2146.0,322.0,1.0,0.0
1. Division,2026-09-05,Strommen,Bryne,2.0,0.0,,,,,,,,,104,Norway,Regular Season - 21,False,2147.0,2142.0,0.0,0.0
1. Division Women,2026-09-05,Klepp W,TIL 2020 W,0.0,2.0,,,,,,,,,915.0,Norway,Regular Season - 11,False,15951.0,18989.0,0.0,1.0
2. Division - Group 1,2026-09-05,Brattvåg,Kvik Halden,1.0,0.0,,,,,,,,,473,Norway,Regular Season - 18,False,6970.0,7004.0,0.0,0.0
2. Division - Group 1,2026-09-05,Mjondalen,jerv,0.0,3.0,,,,,,,,,473.0,Norway,Regular Season - 18,False,2152.0,2151.0,0.0,2.0
2. Division - Group 1,2026-09-05,Sandviken,Eik-Tønsberg,2.0,0.0,,,,,,,,,473.0,Norway,Regular Season - 18,False,14545.0,16211.0,0.0,0.0
2. Division - Group 2,2026-09-05,Follo,Tromsdalen Uil,1.0,0.0,,,,,,,,,474.0,Norway,Regular Season - 18,False,6985.0,2158.0,1.0,0.0
2. Division - Group 2,2026-09-05,Skeid,Kjelsås,4.0,1.0,,,,,,,,,474.0,Norway,Regular Season - 18,False,2239.0,7001.0,2.0,1.0
2. Division - Group 2,2026-09-05,Stjørdals-Blink,Eidsvold,1.0,3.0,,,,,,,,,474,Norway,Regular Season - 18,False,7033.0,6978.0,0.0,3.0
3. Division - Girone 1,2026-09-05,Bærum,Nordstrand,1.0,0.0,,,,,,,,,774.0,Norway,Regular Season - 18,False,6974.0,7015.0,0.0,0.0
3. Division - Girone 1,2026-09-05,Frigg,IF Ready,5.0,2.0,,,,,,,,,774.0,Norway,Regular Season - 18,False,6987.0,6999.0,1.0,2.0
3. Division - Girone 1,2026-09-05,SF Grei,Union Carl Berner,0.0,1.0,,,,,,,,,774.0,Norway,Regular Season - 18,False,16868.0,23423.0,0.0,1.0
3. Division - Girone 1,2026-09-05,Ullern,Asker,2.0,6.0,,,,,,,,,774.0,Norway,Regular Season - 18,False,7042.0,6967.0,1.0,3.0
3. Division - Girone 1,2026-09-05,Vålerenga II,Konnerud,2.0,1.0,,,,,,,,,774,Norway,Regular Season - 18,False,10114.0,25912.0,0.0,0.0
3. Division - Girone 2,2026-09-05,Byåsen,Strindheim,1.0,2.0,,,,,,,,,775.0,Norway,Regular Season - 18,False,6973.0,12864.0,0.0,2.0
3. Division - Girone 2,2026-09-05,Herd,Melhus,1.0,4.0,,,,,,,,,775.0,Norway,Regular Season - 18,False,6996.0,16223.0,0.0,1.0
3. Division - Girone 2,2026-09-05,Nardo,Spjelkavik,4.0,2.0,,,,,,,,,775.0,Norway,Regular Season - 18,False,7014.0,7030.0,2.0,1.0
3. Division - Girone 2,2026-09-05,Orkla,NTNUI,3.0,1.0,,,,,,,,,775.0,Norway,Regular Season - 18,False,12824.0,7013.0,2.0,0.0
3. Division - Girone 3,2026-09-05,Austevoll,Varegg,2.0,2.0,,,,,,,,,776.0,Norway,Regular Season - 18,False,27276.0,19719.0,1.0,0.0
3. Division - Girone 3,2026-09-05,Djerv,Askøy,3.0,2.0,,,,,,,,,776.0,Norway,Regular Season - 18,False,16216.0,22870.0,2.0,1.0
3. Division - Girone 3,2026-09-05,Os,Førde,2.0,0.0,,,,,,,,,776.0,Norway,Regular Season - 18,False,12825.0,18435.0,1.0,0.0
3. Division - Girone 3,2026-09-05,Sogndal II,Fyllingsdalen,7.0,0.0,,,,,,,,,776.0,Norway,Regular Season - 18,False,16219.0,6990.0,3.0,0.0
3. Division - Girone 3,2026-09-05,Stord,Fana,3.0,5.0,,,,,,,,,776.0,Norway,Regular Season - 18,False,16220.0,6980.0,3.0,4.0
3. Division - Girone 4,2026-09-05,Flekkerøy,Madla,0.0,2.0,,,,,,,,,777.0,Norway,Regular Season - 18,False,6982.0,7009.0,0.0,1.0
3. Division - Girone 4,2026-09-05,Staal Jørpeland,Mandalskameratene,0.0,2.0,,,,,,,,,777.0,Norway,Regular Season - 18,False,12860.0,12812.0,0.0,1.0
3. Division - Girone 4,2026-09-05,Varhaug,Brodd,3.0,0.0,,,,,,,,,777.0,Norway,Regular Season - 18,False,23424.0,6971.0,1.0,0.0
3. Division - Girone 4,2026-09-05,Vindbjart,Hinna,2.0,0.0,,,,,,,,,777.0,Norway,Regular Season - 18,False,7047.0,6997.0,1.0,0.0
3. Division - Girone 4,2026-09-05,Våg,Åkra,3.0,2.0,,,,,,,,,777.0,Norway,Regular Season - 18,False,25500.0,7049.0,2.0,0.0
3. Division - Girone 5,2026-09-05,Fløya,Skjetten,2.0,2.0,,,,,,,,,778.0,Norway,Regular Season - 18,False,6984.0,7025.0,1.0,2.0
3. Division - Girone 5,2026-09-05,Ulfstind,Fauske Sprint,1.0,6.0,,,,,,,,,778.0,Norway,Regular Season - 18,False,22867.0,27277.0,0.0,3.0
3. Division - Girone 6,2026-09-05,Brumunddal,Elverum,1.0,1.0,,,,,,,,,779.0,Norway,Regular Season - 18,False,6972.0,2156.0,0.0,1.0
3. Division - Girone 6,2026-09-05,Fram,Bjørkelangen,4.0,0.0,,,,,,,,,779.0,Norway,Regular Season - 18,False,6986.0,22868.0,4.0,0.0
3. Division - Girone 6,2026-09-05,Lillehammer,Raelingen,3.0,0.0,,,,,,,,,779.0,Norway,Regular Season - 18,False,18437.0,27278.0,3.0,0.0
3. Division - Girone 6,2026-09-05,Råde,Gjøvik-Lyn,2.0,0.0,,,,,,,,,779.0,Norway,Regular Season - 18,False,18930.0,6992.0,2.0,0.0
3. Division - Girone 6,2026-09-05,Sandefjord II,Oppsal,2.0,1.0,,,,,,,,,779,Norway,Regular Season - 18,False,21418.0,7018.0,1.0,0.0
Eliteserien,2026-09-05,Rosenborg,Ham-Kam,4.0,0.0,,,,,,,,,103,Norway,Regular Season - 20,False,331.0,2159.0,1.0,0.0
Professional League,2026-09-05,Ibri,Smail,4.0,0.0,,,,,,,,,406,Oman,Regular Season - 2,False,15960.0,15962.0,0.0,0.0
Professional League,2026-09-05,Saham,Bahla,1.0,0.0,,,,,,,,,406,Oman,Regular Season - 2,False,5335.0,7505.0,0.0,0.0
Division Intermedia,2026-09-05,Atlético Tembetary,Encarnación,0.0,2.0,,,,,,,,,251.0,Paraguay,Regular Season - 22,False,10474.0,23155.0,0.0,2.0
Division Intermedia,2026-09-05,Tacuary,Deportivo Santani,0.0,3.0,,,,,,,,,251.0,Paraguay,Regular Season - 22,False,10491.0,1189.0,0.0,1.0
Central Youth League,2026-09-05,Arkonia U19,Polonia Warszawa U19,1.0,0.0,,,,,,,,,676.0,Poland,Regular Season - 5,False,26374.0,20593.0,0.0,0.0
Central Youth League,2026-09-05,Górnik Zabrze U19,Wisła Kraków U19,1.0,1.0,,,,,,,,,676,Poland,Regular Season - 5,False,16391.0,20595.0,1.0,1.0
Central Youth League,2026-09-05,Lech Poznań U19,Śląsk Wrocław U19,0.0,2.0,,,,,,,,,676.0,Poland,Regular Season - 5,False,7958.0,20596.0,0.0,0.0
Central Youth League,2026-09-05,Stal Rzeszów U19,Zagłębie Lubin U19,2.0,4.0,,,,,,,,,676.0,Poland,Regular Season - 5,False,24519.0,20244.0,0.0,2.0
Central Youth League,2026-09-05,Talent Warszawa U19,Legia Warszawa U19,0.0,1.0,,,,,,,,,676.0,Poland,Regular Season - 5,False,28017.0,7987.0,0.0,0.0
Ekstraklasa,2026-09-05,Widzew Łódź,Radomiak Radom,0.0,0.0,,,,,,,,,106.0,Poland,Regular Season - 7,False,6962.0,4248.0,0.0,0.0
I Liga,2026-09-05,Miedz Legnica,Chrobry Głogów,1.0,1.0,,,,,,,,,107,Poland,Regular Season - 7,False,335.0,3483.0,0.0,0.0
I Liga,2026-09-05,Stal Mielec,Odra Opole,1.0,1.0,,,,,,,,,107,Poland,Regular Season - 7,False,3493.0,3488.0,0.0,1.0
I Liga,2026-09-05,Stal Rzeszów,Polonia Warszawa,2.0,1.0,,,,,,,,,107,Poland,Regular Season - 7,False,6957.0,16239.0,2.0,0.0
II Liga - East,2026-09-05,Podhale Nowy Targ,Sandecja Nowy Sącz,2.0,1.0,,,,,,,,,109.0,Poland,Regular Season - 7,False,12834.0,3492.0,1.0,1.0
II Liga - East,2026-09-05,Sokół Kleczew,Górnik Łęczna,0.0,4.0,,,,,,,,,109.0,Poland,Regular Season - 7,False,16255.0,6941.0,0.0,0.0
III Liga - Group 1,2026-09-05,Lechia T. Mazowiecki,Troszyn,0.0,2.0,,,,,,,,,780,Poland,Group I - 7,False,16238.0,26177.0,0.0,1.0
III Liga - Group 1,2026-09-05,Mazovia Minsk Mazowiecki,Olimpia Zambrów,5.0,0.0,,,,,,,,,780.0,Poland,Group I - 7,False,27901.0,6946.0,2.0,0.0
III Liga - Group 1,2026-09-05,Weszlo,Ząbkovia Ząbki,2.0,0.0,,,,,,,,,780.0,Poland,Group I - 7,False,27902.0,26179.0,0.0,0.0
III Liga - Group 1,2026-09-05,Łomża,Jagiellonia II,1.0,2.0,,,,,,,,,780,Poland,Group I - 7,False,21656.0,16236.0,1.0,1.0
III Liga - Group 2,2026-09-05,Gedania Gdansk,Luzino,0.0,4.0,,,,,,,,,781.0,Poland,Group II - 7,False,18385.0,19693.0,0.0,1.0
III Liga - Group 2,2026-09-05,Grom Nowy Staw,Polonia Środa,4.0,4.0,,,,,,,,,781.0,Poland,Group II - 7,False,24786.0,6948.0,2.0,2.0
III Liga - Group 2,2026-09-05,Stargard Szczeciński,Kotwica Kórnik,2.0,4.0,,,,,,,,,781.0,Poland,Group II - 7,False,6959.0,24327.0,2.0,2.0
III Liga - Group 3,2026-09-05,Goczałkowice Zdrój,Kluczbork,3.0,0.0,,,,,,,,,782.0,Poland,Group III - 7,False,16259.0,12806.0,2.0,0.0
III Liga - Group 3,2026-09-05,Sparta Katowice,Polonia Nysa,4.0,0.0,,,,,,,,,782.0,Poland,Group III - 7,False,22910.0,14145.0,1.0,0.0
III Liga - Group 3,2026-09-05,Zagłębie Lubin II,Karkonosze Jelenia Góra,1.0,0.0,,,,,,,,,782.0,Poland,Group III - 7,False,6963.0,17402.0,0.0,0.0
III Liga - Group 3,2026-09-05,Ślęza Wrocław,Rakow II,1.0,2.0,,,,,,,,,782,Poland,Group III - 7,False,12901.0,27306.0,0.0,1.0
III Liga - Group 4,2026-09-05,Jarosław,Korona Kielce II,6.0,2.0,,,,,,,,,783,Poland,Group IV - 7,False,20830.0,16267.0,3.0,1.0
III Liga - Group 4,2026-09-05,KS Wieczysta Krakow II,Siarka Tarnobrzeg,0.0,2.0,,,,,,,,,783.0,Poland,Group IV - 7,False,27334.0,6955.0,0.0,1.0
III Liga - Group 4,2026-09-05,Wisła Kraków II,Chełmianka Chełm,0.0,2.0,,,,,,,,,783.0,Poland,Group IV - 7,False,24324.0,6936.0,0.0,1.0
Júniores U19,2026-09-05,União Leiria U19,Santa Clara U19,1.0,2.0,,,,,,,,,1041,Portugal,Regular Season - 4,False,26302.0,26301.0,0.0,1.0
Liga 3,2026-09-05,Vianense,Pacos Ferreira,2.0,2.0,,,,,,,,,865.0,Portugal,Regular Season - 4,False,4809.0,234.0,1.0,0.0
Liga Revelação U23,2026-09-05,Leixões U23,Sporting CP U23,3.0,4.0,,,,,,,,,701.0,Portugal,Regular Season - 5,False,15465.0,15470.0,3.0,1.0
Segunda Liga,2026-09-05,Penafiel,Academica,4.0,1.0,,,,,,,,,95.0,Portugal,Regular Season - 5,False,235.0,239.0,2.0,0.0
Segunda Liga,2026-09-05,Tondela,FC Porto B,3.0,0.0,,,,,,,,,95.0,Portugal,Regular Season - 5,False,218.0,243.0,1.0,0.0
Stars League,2026-09-05,Al-Rayyan SC,Al-Duhail SC,1.0,1.0,,,,,,,,,305,Qatar,Regular Season - 3,False,2897.0,2904.0,1.0,0.0
Liga 1 Feminin,2026-09-05,Olimpia Cluj W,Csikszereda MC W,3.0,2.0,,,,,,,,,728.0,Romania,Regular Season - 3,False,10899.0,19903.0,1.0,1.0
Liga 1 Feminin,2026-09-05,Univ. Craiova W,SSU Poli Timişoara W,1.0,6.0,,,,,,,,,728.0,Romania,Regular Season - 3,False,28171.0,17659.0,0.0,5.0
Liga I,2026-09-05,FC Botosani,Sepsi OSK Sfantu Gheorghe,5.0,0.0,,,,,,,,,283.0,Romania,Regular Season - 8,False,2581.0,2585.0,4.0,0.0
Liga II,2026-09-05,ASA Targu Mures,Metaloglobus,3.0,2.0,,,,,,,,,284.0,Romania,Regular Season - 6,False,2590.0,2604.0,2.0,1.0
Liga II,2026-09-05,CSA Steaua Bucureşti,Cetatea Suceava,2.0,2.0,,,,,,,,,284.0,Romania,Regular Season - 6,False,7466.0,26674.0,1.0,0.0
Liga II,2026-09-05,CSM Ramnicu Valcea,CSM Reşiţa,1.0,2.0,,,,,,,,,284.0,Romania,Regular Season - 6,False,2616.0,6229.0,0.0,2.0
Liga II,2026-09-05,Concordia,CS Afumati,1.0,2.0,,,,,,,,,284.0,Romania,Regular Season - 6,False,2580.0,2608.0,0.0,1.0
Liga II,2026-09-05,Popești-Leordeni,Bihor Oradea,3.0,2.0,,,,,,,,,284.0,Romania,Regular Season - 6,False,6891.0,20033.0,2.0,0.0
Liga II,2026-09-05,Unirea Slobozia,CS Dinamo București,8.0,0.0,,,,,,,,,284.0,Romania,Regular Season - 6,False,6916.0,19170.0,5.0,0.0
Liga II,2026-09-05,Viitorul Şelimbăr,Metalul Buzău,1.0,1.0,,,,,,,,,284.0,Romania,Regular Season - 6,False,6927.0,6875.0,0.0,1.0
Liga II,2026-09-05,Ştefăneşti,Gloria Bistriţa,1.0,2.0,,,,,,,,,284.0,Romania,Regular Season - 6,False,21686.0,22824.0,1.0,2.0
First League,2026-09-05,Chelyabinsk,Spartak Kostroma,0.0,1.0,,,,,,,,,236.0,Russia,Regular Season - 10,False,6790.0,19449.0,0.0,1.0
First League,2026-09-05,Enisey,FK Neftekhimik,0.0,2.0,,,,,,,,,236.0,Russia,Regular Season - 10,False,1089.0,2001.0,0.0,0.0
First League,2026-09-05,FC UFA,Veles,1.0,1.0,,,,,,,,,236.0,Russia,Regular Season - 10,False,1078.0,6833.0,1.0,1.0
First League,2026-09-05,Shinnik Yaroslavl,Rotor Volgograd,2.0,2.0,,,,,,,,,236,Russia,Regular Season - 10,False,1998.0,2010.0,1.0,1.0
First League,2026-09-05,Volga Ulyanovsk,Arsenal Tula,3.0,0.0,,,,,,,,,236.0,Russia,Regular Season - 10,False,6834.0,1077.0,1.0,0.0
Premier League,2026-09-05,Krylia Sovetov,FC Krasnodar,2.0,2.0,,,,,,,,,235.0,Russia,Regular Season - 7,False,1079.0,621.0,0.0,2.0
Premier League,2026-09-05,Zenit,CSKA Moscow,1.0,2.0,,,,,,,,,235,Russia,Regular Season - 7,False,596.0,555.0,0.0,1.0
Second League - Group 1,2026-09-05,Astrakhan,Dynamo Makhachkala II,1.0,1.0,,,,,,,,,651.0,Russia,Group 1 - 22,False,21540.0,21853.0,0.0,0.0
Second League - Group 1,2026-09-05,Izberbash,Pobeda,1.0,2.0,,,,,,,,,651.0,Russia,Group 1 - 22,False,27646.0,22171.0,1.0,1.0
Second League - Group 1,2026-09-05,Lugansk,Shahter Taganrog,1.0,1.0,,,,,,,,,651.0,Russia,Group 1 - 22,False,27647.0,27648.0,0.0,0.0
Second League - Group 1,2026-09-05,Sevastopol,Kyzyltash,2.0,1.0,,,,,,,,,651.0,Russia,Group 1 - 22,False,13240.0,17680.0,1.0,0.0
Second League - Group 1,2026-09-05,Spartak Nalchik,Nart Cherkessk,0.0,1.0,,,,,,,,,651,Russia,Group 1 - 22,False,2002.0,23315.0,0.0,0.0
Second League - Group 2,2026-09-05,Baltika II,Tver,1.0,1.0,,,,,,,,,652,Russia,Group 2 - 22,False,25868.0,14120.0,0.0,0.0
Second League - Group 3,2026-09-05,Avangard Kursk,Orel,3.0,2.0,,,,,,,,,650.0,Russia,Group 3 - 22,False,2009.0,23318.0,1.0,0.0
Second League - Group 3,2026-09-05,Kvant,Ryazan,1.0,3.0,,,,,,,,,650.0,Russia,Group 3 - 22,False,6807.0,6823.0,1.0,1.0
Second League - Group 3,2026-09-05,Metallurg Lipetsk,Shumbrat,0.0,1.0,,,,,,,,,650.0,Russia,Group 3 - 22,False,6815.0,26148.0,0.0,1.0
Second League - Group 3,2026-09-05,Rodina Moskva III,FK Spartak Tambov,0.0,1.0,,,,,,,,,650,Russia,Group 3 - 22,False,19448.0,19451.0,0.0,0.0
Second League - Group 3,2026-09-05,Rotor-2,Saturn Ramenskoye,1.0,3.0,,,,,,,,,650,Russia,Group 3 - 22,False,12840.0,6827.0,0.0,1.0
Second League - Group 3,2026-09-05,Salyut-Belgorod,Volna Nizhegorodskaya,0.0,2.0,,,,,,,,,650.0,Russia,Group 3 - 22,False,6826.0,14124.0,0.0,0.0
Second League - Group 3,2026-09-05,Zenit Penza,SKA Khabarovsk II,2.0,1.0,,,,,,,,,650.0,Russia,Group 3 - 22,False,16866.0,17721.0,0.0,1.0
Second League A - Division A Gold,2026-09-05,Dinamo Kirov,Rodina Moskva II,3.0,2.0,,,,,,,,,1025.0,Russia,Fall Season Gold - 8,False,21538.0,19453.0,1.0,1.0
Second League A - Division A Gold,2026-09-05,FK Sokol Saratov,Dinamo Bryansk,2.0,2.0,,,,,,,,,1025,Russia,Fall Season Gold - 8,False,1995.0,6795.0,1.0,0.0
Second League A - Division A Silver,2026-09-05,Irtysh Omsk,Dinamo Stavropol,0.0,1.0,,,,,,,,,1026.0,Russia,Division A Silver - 8,False,665.0,6796.0,0.0,0.0
Second League A - Division A Silver,2026-09-05,Tyumen,Dinamo Moskva II,5.0,2.0,,,,,,,,,1026.0,Russia,Division A Silver - 8,False,2000.0,14139.0,1.0,2.0
Second League A - Division A Silver,2026-09-05,Zenit 2,Torpedo Miass,2.0,0.0,,,,,,,,,1026.0,Russia,Division A Silver - 8,False,2005.0,16864.0,0.0,0.0
Supreme Division Women,2026-09-05,Rostov W,Spartak Moskva W,0.0,5.0,,,,,,,,,649.0,Russia,Regular Season - 18,False,16490.0,23214.0,0.0,3.0
Supreme Division Women,2026-09-05,Ryazan W,Lokomotiv Moskva W,0.0,4.0,,,,,,,,,649.0,Russia,Regular Season - 18,False,10921.0,14132.0,0.0,3.0
Supreme Division Women,2026-09-05,Zvezda Perm W,CSKA Moskva W,0.0,6.0,,,,,,,,,649.0,Russia,Regular Season - 18,False,16492.0,14131.0,0.0,1.0
National Soccer League,2026-09-05,Amagaju,Etoile de l'Est,2.0,0.0,,,,,,,,,405.0,Rwanda,Regular Season - 1,False,5311.0,18056.0,0.0,0.0
National Soccer League,2026-09-05,Etincelles,Sunrise,0.0,0.0,,,,,,,,,405.0,Rwanda,Regular Season - 1,False,5314.0,5324.0,0.0,0.0
Campionato,2026-09-05,Folgore,Cailungo,1.0,0.0,,,,,,,,,404.0,San-Marino,Regular Season - 2,False,672.0,5297.0,1.0,0.0
Campionato,2026-09-05,Libertas,Juvenes / Dogana,2.0,1.0,,,,,,,,,404.0,San-Marino,Regular Season - 2,False,5303.0,5302.0,1.0,0.0
Championship,2026-09-05,Arbroath,Dunfermline,1.0,1.0,,,,,,,,,180,Scotland,Regular Season - 5,False,4249.0,1388.0,0.0,0.0
Championship,2026-09-05,Inverness CT,Raith Rovers,0.0,2.0,,,,,,,,,180,Scotland,Regular Season - 5,False,903.0,1385.0,0.0,1.0
Championship,2026-09-05,Partick,Ayr Utd,1.0,0.0,,,,,,,,,180,Scotland,Regular Season - 5,False,901.0,1387.0,1.0,0.0
Championship,2026-09-05,Queen's Park,Morton,2.0,1.0,,,,,,,,,180,Scotland,Regular Season - 5,False,6778.0,1383.0,1.0,1.0
League One,2026-09-05,Cove Rangers,Alloa Athletic,1.0,1.0,,,,,,,,,183,Scotland,Regular Season - 6,False,6763.0,1391.0,1.0,0.0
League One,2026-09-05,East Fife,Ross County,2.0,2.0,,,,,,,,,183,Scotland,Regular Season - 6,False,6764.0,902.0,0.0,0.0
League One,2026-09-05,East Kilbride,Hamilton Academical,0.0,1.0,,,,,,,,,183,Scotland,Regular Season - 6,False,6765.0,248.0,0.0,1.0
League One,2026-09-05,Peterhead,Montrose,0.0,3.0,,,,,,,,,183,Scotland,Regular Season - 6,False,6777.0,4251.0,0.0,2.0
League One,2026-09-05,Queen of the South,Airdrie United,2.0,1.0,,,,,,,,,183,Scotland,Regular Season - 6,False,1384.0,4668.0,0.0,1.0
League Two,2026-09-05,Clyde,Edinburgh City,3.0,2.0,,,,,,,,,184,Scotland,Regular Season - 6,False,6762.0,6766.0,0.0,1.0
League Two,2026-09-05,Dumbarton,Elgin City,2.0,1.0,,,,,,,,,184,Scotland,Regular Season - 6,False,1382.0,6767.0,1.0,0.0
League Two,2026-09-05,Forfar Athletic,Stranraer,0.0,3.0,,,,,,,,,184,Scotland,Regular Season - 6,False,4250.0,6785.0,0.0,1.0
League Two,2026-09-05,Kelty Hearts,Annan Athletic,2.0,1.0,,,,,,,,,184,Scotland,Regular Season - 6,False,6773.0,6757.0,1.0,0.0
League Two,2026-09-05,Stirling Albion,Spartans,0.0,2.0,,,,,,,,,184,Scotland,Regular Season - 6,False,4669.0,6781.0,0.0,1.0
Premiership,2026-09-05,Aberdeen,Kilmarnock,0.0,0.0,,,,,,,,,179,Scotland,Regular Season - 6,False,252.0,250.0,0.0,0.0
Premiership,2026-09-05,Dundee Utd,Falkirk,1.0,1.0,,,,,,,,,179,Scotland,Regular Season - 6,False,1386.0,1389.0,0.0,1.0
Premiership,2026-09-05,Rangers,Motherwell,1.0,0.0,,,,,,,,,179,Scotland,Regular Season - 6,False,257.0,256.0,1.0,0.0
Prva Liga,2026-09-05,Naftagas,Metalac GM,0.0,0.0,,,,,,,,,287,Serbia,Regular Season - 7,False,19839.0,2647.0,0.0,0.0
Prva Liga,2026-09-05,Semendrija 1924,Javor,1.0,3.0,,,,,,,,,287,Serbia,Regular Season - 7,False,4254.0,2653.0,0.0,2.0
U19 league,2026-09-05,Usce U19,Cukaricki U19,1.0,3.0,,,,,,,,,1241.0,Serbia,Regular Season - 5,False,28271.0,28266.0,1.0,1.0
U19 league,2026-09-05,Vozdovac U19,OFK Beograd U19,0.0,3.0,,,,,,,,,1241.0,Serbia,Regular Season - 5,False,28269.0,28274.0,0.0,1.0
2. liga,2026-09-05,Galanta,Malženice,1.0,0.0,,,,,,,,,506,Slovakia,Regular Season - 7,False,14054.0,14058.0,0.0,0.0
2. liga,2026-09-05,Humenné,Petržalka,0.0,1.0,,,,,,,,,506,Slovakia,Regular Season - 7,False,14068.0,10538.0,0.0,0.0
2. liga,2026-09-05,Lokomotíva Zvolen,Pohronie,1.0,2.0,,,,,,,,,506,Slovakia,Regular Season - 7,False,10552.0,4134.0,1.0,1.0
2. liga,2026-09-05,MFK Bytča,Šamorín,1.0,2.0,,,,,,,,,506,Slovakia,Regular Season - 7,False,15006.0,10545.0,0.0,1.0
2. liga,2026-09-05,Považská Bystrica,Baník Lehota p.Vtáčnikom,2.0,1.0,,,,,,,,,506,Slovakia,Regular Season - 7,False,14062.0,14942.0,2.0,1.0
I Liga - Women,2026-09-05,Slovan Bratislava W,Tatran Prešov W,5.0,1.0,,,,,,,,,733.0,Slovakia,Regular Season - 4,False,10924.0,21586.0,2.0,1.0
I Liga - Women,2026-09-05,Spartak Trnava W,Komárno W,1.0,1.0,,,,,,,,,733.0,Slovakia,Regular Season - 4,False,15983.0,24078.0,0.0,0.0
I Liga - Women,2026-09-05,Z. Moravce-Vrable W,Ružomberok W,3.0,1.0,,,,,,,,,733.0,Slovakia,Regular Season - 4,False,27892.0,16873.0,1.0,0.0
1st Division,2026-09-05,Leicesterfield,Magesi,1.0,3.0,,,,,,,,,289,South-Africa,Regular Season - 3,False,26434.0,19999.0,1.0,0.0
1st Division,2026-09-05,Venda FC,University of Pretoria,0.0,2.0,,,,,,,,,289,South-Africa,Regular Season - 3,False,17357.0,10569.0,0.0,1.0
Premier Soccer League,2026-09-05,Chippa United,Milford FC,0.0,0.0,,,,,,,,,288.0,South-Africa,Regular Season - 5,False,2698.0,22234.0,0.0,0.0
Super League Women,2026-09-05,UWC Ladies,Richmond United W,3.0,0.0,,,,,,,,,1243.0,South-Africa,Group Stage,False,25378.0,28358.0,0.0,0.0
Super League Women,2026-09-05,University of Fort Hare W,City Lads W,2.0,0.0,,,,,,,,,1243.0,South-Africa,Group Stage,False,28362.0,28350.0,2.0,0.0
K League 1,2026-09-05,Bucheon FC 1995,Daejeon Citizen,0.0,5.0,,,,,,,,,292.0,South-Korea,Regular Season - 27,False,2745.0,2750.0,0.0,2.0
K League 1,2026-09-05,FC Seoul,Incheon United,1.0,0.0,,,,,,,,,292.0,South-Korea,Regular Season - 27,False,2766.0,2763.0,0.0,0.0
K League 1,2026-09-05,Jeju United FC,Ulsan Hyundai FC,0.0,0.0,,,,,,,,,292.0,South-Korea,Regular Season - 27,False,2761.0,2767.0,0.0,0.0
K League 1,2026-09-05,Jeonbuk Motors,Pohang Steelers,2.0,0.0,,,,,,,,,292.0,South-Korea,Regular Season - 27,False,2762.0,2764.0,0.0,0.0
K League 2,2026-09-05,Busan I Park,Ansan Greeners,0.0,1.0,,,,,,,,,293.0,South-Korea,Regular Season - 25,False,2752.0,2758.0,0.0,1.0
K League 2,2026-09-05,Cheonan City,Hwaseong,1.0,1.0,,,,,,,,,293.0,South-Korea,Regular Season - 25,False,7060.0,7087.0,0.0,0.0
K League 2,2026-09-05,Gimhae City,Jeonnam Dragons,2.0,2.0,,,,,,,,,293.0,South-Korea,Regular Season - 25,False,7076.0,2760.0,2.0,2.0
K League 2,2026-09-05,Yongin City,Suwon City FC,1.0,1.0,,,,,,,,,293.0,South-Korea,Regular Season - 25,False,9171.0,2756.0,1.0,0.0
K3 League,2026-09-05,Changwon City,Daejeon Korail,0.0,1.0,,,,,,,,,295.0,South-Korea,Regular Season - 21,False,7059.0,7068.0,0.0,1.0
K3 League,2026-09-05,Ulsan Citizen,Gyeongju HNP,1.0,2.0,,,,,,,,,295.0,South-Korea,Regular Season - 21,False,7108.0,7083.0,0.0,1.0
K4 League,2026-09-05,Geumsan Insam,Pyeongtaek Citizen,0.0,0.0,,,,,,,,,1234.0,South-Korea,Regular Season - 21,False,27858.0,7101.0,0.0,0.0
K4 League,2026-09-05,Pyeongchang United,Jecheon Citizen,2.0,1.0,,,,,,,,,1234.0,South-Korea,Regular Season - 21,False,18656.0,27860.0,0.0,1.0
WK-League,2026-09-05,Boeun Sangmu W,Hwacheon KSPO W,1.0,1.0,,,,,,,,,660.0,South-Korea,Regular Season - 24,False,14372.0,14376.0,0.0,0.0
WK-League,2026-09-05,Changnyeong W,Gyeongju W,1.0,1.0,,,,,,,,,660.0,South-Korea,Regular Season - 24,False,14373.0,14375.0,1.0,1.0
WK-League,2026-09-05,Gumi Sportstoto W,Seoul W,0.0,2.0,,,,,,,,,660.0,South-Korea,Regular Season - 24,False,14374.0,14378.0,0.0,0.0
WK-League,2026-09-05,Suwon FMC W,Incheon Red Angels W,2.0,0.0,,,,,,,,,660.0,South-Korea,Regular Season - 24,False,14379.0,14377.0,2.0,0.0
Primera División Femenina,2026-09-05,Espanyol W,FC Levante Badalona W,0.0,1.0,,,,,,,,,142.0,Spain,Regular Season - 2,False,1919.0,19896.0,0.0,0.0
Primera División Femenina,2026-09-05,Valencia W,Madrid CFF W,1.0,3.0,,,,,,,,,142.0,Spain,Regular Season - 2,False,1909.0,1921.0,0.0,2.0
Primera División RFEF - Group 2,2026-09-05,Real Madrid II,Juventud Torremolinos,2.0,0.0,,,,,,,,,436.0,Spain,Group 2 - 2,False,9575.0,15359.0,1.0,0.0
Segunda División,2026-09-05,Real Sociedad II,Tenerife,1.0,1.0,,,,,,,,,141.0,Spain,Regular Season - 4,False,9585.0,719.0,0.0,0.0
Segunda División,2026-09-05,Sporting Gijon,Girona,0.0,2.0,,,,,,,,,141,Spain,Regular Season - 4,False,731.0,547.0,0.0,1.0
Tercera División RFEF - Group 11,2026-09-05,Mercadal,Formentera,1.0,1.0,,,,,,,,,449,Spain,Group 11 - 1,False,17599.0,9780.0,0.0,1.0
Tercera División RFEF - Group 9,2026-09-05,Ciudad de Torredonjimeno,Melilla,1.0,2.0,,,,,,,,,447.0,Spain,Group 9 - 1,False,9743.0,5268.0,0.0,1.0
Allsvenskan,2026-09-05,Degerfors IF,Halmstad,2.0,0.0,,,,,,,,,113.0,Sweden,Regular Season - 20,False,2172.0,766.0,0.0,0.0
Allsvenskan,2026-09-05,Gais,BK Hacken,0.0,0.0,,,,,,,,,113.0,Sweden,Regular Season - 20,False,2170.0,367.0,0.0,0.0
Damallsvenskan,2026-09-05,Djurgården W,Rosengård W,0.0,1.0,,,,,,,,,549.0,Sweden,Regular Season - 17,False,11076.0,11075.0,0.0,0.0
Damallsvenskan,2026-09-05,Eskilstuna United W,AIK W,1.0,1.0,,,,,,,,,549,Sweden,Regular Season - 17,False,11077.0,15629.0,1.0,1.0
Damallsvenskan,2026-09-05,Hammarby W,Norrköping W,2.0,0.0,,,,,,,,,549.0,Sweden,Regular Season - 17,False,15630.0,16008.0,0.0,0.0
Damallsvenskan,2026-09-05,Kristianstad W,Brommapojkarna W,0.0,2.0,,,,,,,,,549.0,Sweden,Regular Season - 17,False,11079.0,16004.0,0.0,0.0
Damallsvenskan,2026-09-05,Piteå W,Växjö W,2.0,0.0,,,,,,,,,549.0,Sweden,Regular Season - 17,False,10900.0,11084.0,2.0,0.0
Damallsvenskan,2026-09-05,Vittsjö W,Uppsala W,5.0,0.0,,,,,,,,,549,Sweden,Regular Season - 17,False,11083.0,11082.0,1.0,0.0
Division 2 - Norra Götaland,2026-09-05,Herrestads,IF Karlstad II,2.0,2.0,,,,,,,,,592.0,Sweden,Norra Götaland - 20,False,18422.0,12571.0,0.0,0.0
Division 2 - Norra Götaland,2026-09-05,Motala,Stenungsund,2.0,2.0,,,,,,,,,592.0,Sweden,Norra Götaland - 20,False,11673.0,12575.0,2.0,1.0
Division 2 - Norra Götaland,2026-09-05,Tord,Husqvarna,1.0,3.0,,,,,,,,,592.0,Sweden,Norra Götaland - 20,False,12618.0,6675.0,0.0,1.0
Division 2 - Norra Svealand,2026-09-05,Franke,Gute,1.0,0.0,,,,,,,,,593.0,Sweden,Norra Svealand - 20,False,6665.0,6671.0,0.0,0.0
Division 2 - Norra Svealand,2026-09-05,Helges,Täby,1.0,1.0,,,,,,,,,593.0,Sweden,Norra Svealand - 20,False,27386.0,11663.0,0.0,0.0
Division 2 - Norra Svealand,2026-09-05,Korsnäs,Kungsängen,0.0,2.0,,,,,,,,,593.0,Sweden,Norra Svealand - 20,False,18427.0,12582.0,0.0,1.0
Division 2 - Norra Svealand,2026-09-05,Lidingö,Skiljebo,1.0,2.0,,,,,,,,,593,Sweden,Norra Svealand - 20,False,6685.0,12584.0,1.0,1.0
Division 2 - Norrland,2026-09-05,Boden,Kubikenborg,1.0,2.0,,,,,,,,,594.0,Sweden,Norrland - Promotion Round,True,11665.0,24030.0,1.0,2.0
Division 2 - Norrland,2026-09-05,Gottne,Lucksta,1.0,1.0,,,,,,,,,594.0,Sweden,Norrland - Promotion Round,True,6669.0,18999.0,1.0,1.0
Division 2 - Norrland,2026-09-05,IFK Luleå,Täfteå,2.0,1.0,,,,,,,,,594.0,Sweden,Norrland - Promotion Round,True,6679.0,12592.0,1.0,0.0
Division 2 - Norrland,2026-09-05,IFK Umeå,Friska Viljor,2.0,3.0,,,,,,,,,594.0,Sweden,Norrland - Relegation Round,True,12587.0,12586.0,1.0,2.0
Division 2 - Norrland,2026-09-05,Skellefteå,IFK Östersund,2.0,2.0,,,,,,,,,594.0,Sweden,Norrland - Promotion Round,True,11669.0,6681.0,1.0,1.0
Division 2 - Södra Götaland,2026-09-05,Oskarshamns AIK,Nosaby,1.0,2.0,,,,,,,,,597.0,Sweden,Södra Götaland - 20,False,6692.0,12616.0,1.0,0.0
Division 2 - Södra Götaland,2026-09-05,Räppe,Sölvesborg,2.0,3.0,,,,,,,,,597,Sweden,Södra Götaland - 20,False,12617.0,12660.0,1.0,0.0
Division 2 - Södra Götaland,2026-09-05,Torns,Växjö Norra,1.0,3.0,,,,,,,,,597.0,Sweden,Södra Götaland - 20,False,6701.0,25573.0,0.0,3.0
Division 2 - Södra Götaland,2026-09-05,Österlen,Karlshamn,6.0,0.0,,,,,,,,,597.0,Sweden,Södra Götaland - 20,False,12619.0,12615.0,2.0,0.0
Division 2 - Södra Svealand,2026-09-05,Eker Örebro,Karlslund,3.0,3.0,,,,,,,,,595.0,Sweden,Södra Svealand - 20,False,25570.0,11660.0,1.0,2.0
Division 2 - Södra Svealand,2026-09-05,Lindo FF,Nyköping,0.0,3.0,,,,,,,,,595.0,Sweden,Södra Svealand - 20,False,27308.0,6691.0,0.0,1.0
Division 2 - Södra Svealand,2026-09-05,Nacka Iliria,Smedby,1.0,1.0,,,,,,,,,595.0,Sweden,Södra Svealand - 20,False,14510.0,12650.0,0.0,0.0
Division 2 - Södra Svealand,2026-09-05,Örebro Syrianska,Sleipner,1.0,3.0,,,,,,,,,595.0,Sweden,Södra Svealand - 20,False,11664.0,11670.0,1.0,0.0
Division 2 - Västra Götaland,2026-09-05,Galtabacks,Dalstorps,2.0,1.0,,,,,,,,,596.0,Sweden,Västra Götaland - 20,False,27309.0,12613.0,1.0,1.0
Division 2 - Västra Götaland,2026-09-05,Torslanda,Böljan,2.0,5.0,,,,,,,,,596.0,Sweden,Västra Götaland - 20,False,12620.0,25575.0,0.0,3.0
Division 2 - Västra Götaland,2026-09-05,Västra Frölunda,Onsala,3.0,1.0,,,,,,,,,596.0,Sweden,Västra Götaland - 20,False,12609.0,12606.0,1.0,1.0
Elitettan,2026-09-05,Alingsås W,Linköping W,1.0,2.0,,,,,,,,,736,Sweden,Regular Season - 17,False,16001.0,11080.0,0.0,1.0
Elitettan,2026-09-05,Göteborg W,Husqvarna W,2.0,1.0,,,,,,,,,736.0,Sweden,Regular Season - 17,False,10893.0,16033.0,1.0,1.0
Elitettan,2026-09-05,Häcken II W,Enskede W,2.0,0.0,,,,,,,,,736,Sweden,Regular Season - 17,False,20820.0,16030.0,0.0,0.0
Elitettan,2026-09-05,Jitex W,Gamla Upsala W,1.0,2.0,,,,,,,,,736.0,Sweden,Regular Season - 17,False,16005.0,16032.0,1.0,1.0
Elitettan,2026-09-05,Sandviken W,Örebro SK W,1.0,1.0,,,,,,,,,736.0,Sweden,Regular Season - 17,False,15957.0,16028.0,0.0,1.0
Elitettan,2026-09-05,Trelleborg W,KIF Örebro W,2.0,2.0,,,,,,,,,736.0,Sweden,Regular Season - 17,False,17639.0,11078.0,2.0,0.0
Ettan - Norra,2026-09-05,IF Karlstad,AFC Eskilstuna,1.0,2.0,,,,,,,,,563,Sweden,Norra - 20,False,11659.0,765.0,1.0,0.0
Ettan - Norra,2026-09-05,Järfälla,FBK Karlstad,0.0,3.0,,,,,,,,,563,Sweden,Norra - 20,False,16598.0,12622.0,0.0,2.0
Ettan - Norra,2026-09-05,Sollentuna,Gefle IF,1.0,0.0,,,,,,,,,563,Sweden,Norra - 20,False,6699.0,813.0,1.0,0.0
Ettan - Norra,2026-09-05,Stockholm Internazionale,Hammarby Talang,3.0,0.0,,,,,,,,,563.0,Sweden,Norra - 20,False,12585.0,16596.0,0.0,0.0
Ettan - Södra,2026-09-05,AFC Malmo,Atvidabergs FF,2.0,2.0,,,,,,,,,564,Sweden,Södra - 20,False,27669.0,2162.0,1.0,2.0
Ettan - Södra,2026-09-05,Hässleholms IF,Kristianstad,2.0,1.0,,,,,,,,,564.0,Sweden,Södra - 20,False,6676.0,11675.0,0.0,1.0
Ettan - Södra,2026-09-05,Olympic,Angelholms FF,5.0,0.0,,,,,,,,,564.0,Sweden,Södra - 20,False,12601.0,2168.0,1.0,0.0
Ettan - Södra,2026-09-05,Trollhättan,Eskilsminne,4.0,2.0,,,,,,,,,564,Sweden,Södra - 20,False,6702.0,6663.0,4.0,1.0
Superettan,2026-09-05,IFK Varnamo,Varbergs BoIS FC,1.0,1.0,,,,,,,,,114.0,Sweden,Regular Season - 22,False,2163.0,2171.0,0.0,0.0
Superettan,2026-09-05,Norrby IF,Landskrona BoIS,1.0,3.0,,,,,,,,,114.0,Sweden,Regular Season - 22,False,2173.0,2176.0,1.0,1.0
Superettan,2026-09-05,Oddevold,Falkenbergs FF,2.0,1.0,,,,,,,,,114.0,Sweden,Regular Season - 22,False,11674.0,812.0,1.0,1.0
1. Liga Classic - Group 2,2026-09-05,Black Stars,FC Wohlen,1.0,0.0,,,,,,,,,600,Switzerland,Group 2 - 5,False,6617.0,2183.0,1.0,0.0
1. Liga Promotion,2026-09-05,Basel II,Brühl,3.0,0.0,,,,,,,,,510,Switzerland,Regular Season - 6,False,10585.0,10587.0,1.0,0.0
1. Liga Promotion,2026-09-05,Breitenrain,Luzern II,1.0,0.0,,,,,,,,,510,Switzerland,Regular Season - 6,False,10586.0,12706.0,0.0,0.0
1. Liga Promotion,2026-09-05,FC Schaffhausen,YF Juventus,0.0,3.0,,,,,,,,,510,Switzerland,Regular Season - 6,False,2182.0,6652.0,0.0,1.0
1. Liga Promotion,2026-09-05,Paradiso,Bellinzona,4.0,0.0,,,,,,,,,510,Switzerland,Regular Season - 6,False,12717.0,6616.0,3.0,0.0
Vysshaya Liga,2026-09-05,Istiqlol,Khosilot Farkhor,1.0,0.0,,,,,,,,,571,Tajikistan,Regular Season - 16,False,8012.0,8041.0,0.0,0.0
Thai League 1,2026-09-05,Bangkok United,Sisaket United,3.0,1.0,,,,,,,,,296.0,Thailand,Regular Season - 1,False,2770.0,18395.0,3.0,1.0
Thai League 1,2026-09-05,Chiangrai United,Chonburi FC,1.0,0.0,,,,,,,,,296.0,Thailand,Regular Season - 1,False,2771.0,2772.0,1.0,0.0
Thai League 1,2026-09-05,Rasi Salai United,Port FC,1.0,2.0,,,,,,,,,296.0,Thailand,Regular Season - 1,False,15282.0,2789.0,1.0,1.0
Thai League 1,2026-09-05,Rayong FC,Prachuap,1.0,0.0,,,,,,,,,296.0,Thailand,Regular Season - 1,False,2797.0,2791.0,0.0,0.0
Thai League 2,2026-09-05,Chanthaburi,Khon Kaen United,0.0,1.0,,,,,,,,,297.0,Thailand,Regular Season - 1,False,6557.0,10086.0,0.0,1.0
Thai League 2,2026-09-05,Chiangmai United,Esan Pattaya,0.0,1.0,,,,,,,,,297.0,Thailand,Regular Season - 1,False,2863.0,13309.0,0.0,0.0
Thai League 2,2026-09-05,Mahasarakham United,Songkhla,1.0,1.0,,,,,,,,,297.0,Thailand,Regular Season - 1,False,17910.0,6604.0,1.0,0.0
Thai League 2,2026-09-05,Nakhon Pathom,Nakhon Ratchasima FC,2.0,2.0,,,,,,,,,297.0,Thailand,Regular Season - 1,False,6578.0,2773.0,1.0,0.0
1. Lig,2026-09-05,Bandırmaspor,Boluspor,6.0,0.0,,,,,,,,,204.0,Turkey,Regular Season - 6,False,3584.0,3569.0,5.0,0.0
3. Lig - Group 2,2026-09-05,Bursa Yıldırımspor,Söke 1970,1.0,0.0,,,,,,,,,553,Turkey,3. Lig Group 2 - 1,False,6517.0,19303.0,0.0,0.0
Süper Lig,2026-09-05,Erzurumspor FK,Konyaspor,1.0,0.0,,,,,,,,,203,Turkey,Regular Season - 4,False,1009.0,607.0,1.0,0.0
U19 league,2026-09-05,Erzurumspor U19,Konyaspor U19,0.0,3.0,,,,,,,,,1240.0,Turkey,Regular Season - 4,False,28243.0,28251.0,0.0,2.0
U19 league,2026-09-05,Fenerbahce U19,Beşiktaş U19,1.0,2.0,,,,,,,,,1240.0,Turkey,Regular Season - 4,False,28245.0,7973.0,1.0,1.0
Druha Liga,2026-09-05,Dnister Zalishchyky,Podillya Khmelnytskyi,3.0,2.0,,,,,,,,,336,Ukraine,Regular Season - 5,False,28007.0,6495.0,1.0,0.0
Druha Liga,2026-09-05,SC Poltava 2,Trostianets,0.0,0.0,,,,,,,,,336.0,Ukraine,Regular Season - 5,False,28008.0,17167.0,0.0,0.0
Druha Liga,2026-09-05,Skala 1911 Stryi,Ruh Lviv,1.0,0.0,,,,,,,,,336,Ukraine,Regular Season - 5,False,21956.0,3632.0,1.0,0.0
Persha Liga,2026-09-05,Ahrobiznes Volochysk,Probiy Horodenka,6.0,0.0,,,,,,,,,334.0,Ukraine,Regular Season - 6,False,3620.0,24568.0,2.0,0.0
Persha Liga,2026-09-05,Chernihiv,Nyva Ternopil,1.0,0.0,,,,,,,,,334.0,Ukraine,Regular Season - 6,False,14433.0,6493.0,1.0,0.0
Persha Liga,2026-09-05,Metal Kharkiv,UCSA,3.0,1.0,,,,,,,,,334.0,Ukraine,Regular Season - 6,False,14437.0,21957.0,1.0,1.0
Persha Liga,2026-09-05,Prykarpattia,Oleksandria,0.0,0.0,,,,,,,,,334.0,Ukraine,Regular Season - 6,False,3631.0,3619.0,0.0,0.0
Persha Liga,2026-09-05,Viktoriya Mykolaivka,Polissya II,1.0,1.0,,,,,,,,,334.0,Ukraine,Regular Season - 6,False,13223.0,24589.0,1.0,1.0
Persha Liga,2026-09-05,Yarud Mariupol',Kulykiv,1.0,1.0,,,,,,,,,334.0,Ukraine,Regular Season - 6,False,14441.0,24566.0,1.0,0.0
Premier League,2026-09-05,FC Kharkiv,Obolon'-Brovar,5.0,0.0,,,,,,,,,333.0,Ukraine,Regular Season - 5,False,3628.0,3630.0,5.0,0.0
Premier League,2026-09-05,Kryvbas KR,Kolos Kovalivka,2.0,2.0,,,,,,,,,333.0,Ukraine,Regular Season - 5,False,6489.0,3627.0,1.0,1.0
Pro League,2026-09-05,Baniyas SC,Hatta SC,0.0,1.0,,,,,,,,,301,United-Arab-Emirates,Regular Season - 4,False,2877.0,2869.0,0.0,0.0
Pro League,2026-09-05,Sharjah FC,Dubai United,4.0,3.0,,,,,,,,,301,United-Arab-Emirates,Regular Season - 4,False,2874.0,22321.0,3.0,2.0
Pro League U23,2026-09-05,Al Ain U23,Ittihad Kalba U23,2.0,0.0,,,,,,,,,1218,United-Arab-Emirates,Regular Season - 4,False,27485.0,27495.0,0.0,0.0
Super League,2026-09-05,Kokand-1912,Dinamo Samarqand,1.0,1.0,,,,,,,,,369.0,Uzbekistan,Regular Season - 20,False,4212.0,4224.0,1.0,0.0
Super League,2026-09-05,Sogdiana,Mash'al,5.0,2.0,,,,,,,,,369.0,Uzbekistan,Regular Season - 20,False,4223.0,4213.0,3.0,1.0
V.League 1,2026-09-05,Công An Nhân Dân,Hồng Lĩnh Hà Tĩnh,2.0,0.0,,,,,,,,,340.0,Vietnam,Regular Season - 1,False,16400.0,11134.0,1.0,0.0
V.League 1,2026-09-05,Hai Phong,Phu Dong,1.0,4.0,,,,,,,,,340.0,Vietnam,Regular Season - 1,False,3671.0,9167.0,1.0,0.0
V.League 1,2026-09-05,Ho Chi Minh,Ha Noi,3.0,1.0,,,,,,,,,340.0,Vietnam,Regular Season - 1,False,3672.0,3670.0,1.0,0.0
FAW Championship,2026-09-05,Bangor City 1876 FC,Rhyl,2.0,2.0,,,,,,,,,111,Wales,North - 7,False,7581.0,5623.0,1.0,0.0
FAW Championship,2026-09-05,Brickfield Rangers,Guilsfield,2.0,0.0,,,,,,,,,111,Wales,North - 7,False,6443.0,5616.0,1.0,0.0
FAW Championship,2026-09-05,Buckley Town,Penrhyncoch,5.0,0.0,,,,,,,,,111,Wales,North - 7,False,5609.0,5620.0,2.0,0.0
FAW Championship,2026-09-05,Llanuwchllyn,Holyhead Hotspur,4.0,0.0,,,,,,,,,111,Wales,North - 7,False,11303.0,6457.0,3.0,0.0
FAW Championship,2026-09-05,Newtown AFC,Denbigh Town,1.0,0.0,,,,,,,,,111,Wales,North - 7,False,358.0,6451.0,0.0,0.0
FAW Championship,2026-09-05,Porthmadog,Bala Town,1.0,2.0,,,,,,,,,111,Wales,North - 7,False,5621.0,352.0,0.0,1.0
Premier League,2026-09-05,Penybont,Colwyn Bay,1.0,0.0,,,,,,,,,110.0,Wales,Regular Season - 7,False,2191.0,5611.0,1.0,0.0
CAF Champions League,2026-09-05,Aigle Noir,Al Hilal Omdurman,0.0,2.0,,,,,,,,,12.0,World,1st Preliminary Round,True,4447.0,5237.0,0.0,1.0
CAF Champions League,2026-09-05,EL Merriekh Bentiu,Heegan,1.0,0.0,,,,,,,,,12,World,1st Preliminary Round,True,24352.0,16811.0,1.0,0.0
CAF Confederation Cup,2026-09-05,Atomic Ngome,Black Bulls Maputo,0.0,1.0,,,,,,,,,20.0,World,1st Preliminary Round,True,28145.0,19859.0,0.0,0.0
CAF Confederation Cup,2026-09-05,Green Mamba,1º de Agosto,0.0,2.0,,,,,,,,,20,World,1st Preliminary Round,True,6421.0,4913.0,0.0,0.0
CAF Confederation Cup,2026-09-05,KMKM,Al Ahli Tripoli,0.0,3.0,,,,,,,,,20.0,World,1st Preliminary Round,True,6423.0,12424.0,0.0,3.0
CAF Confederation Cup,2026-09-05,Red Arrows,Inate Rouge,2.0,0.0,,,,,,,,,20.0,World,1st Preliminary Round,True,5213.0,28148.0,1.0,0.0
World Cup - U20 - Women,2026-09-05,Brazil U20 W,Tanzania U20 W,4.0,1.0,,,,,,,,,920.0,World,Group Stage - 1,False,19079.0,28369.0,1.0,1.0
World Cup - U20 - Women,2026-09-05,Poland U20 W,Argentina U20 W,3.0,0.0,,,,,,,,,920.0,World,Group Stage - 1,False,28367.0,23457.0,2.0,0.0
Premier Soccer League,2026-09-05,Agama,Manica Diamonds,1.0,0.0,,,,,,,,,401,Zimbabwe,Regular Season - 28,False,27273.0,5227.0,0.0,0.0
Premier Soccer League,2026-09-05,CAPS United,Dynamos,1.0,1.0,,,,,,,,,401.0,Zimbabwe,Regular Season - 28,False,5218.0,5221.0,0.0,0.0
Premier Soccer League,2026-09-05,Chicken Inn,MWOS,0.0,0.0,,,,,,,,,401.0,Zimbabwe,Regular Season - 28,False,5220.0,25734.0,0.0,0.0
Premier Soccer League,2026-09-05,Hardrock,TelOne,4.0,1.0,,,,,,,,,401,Zimbabwe,Regular Season - 28,False,27274.0,5231.0,0.0,0.0
Premier Soccer League,2026-09-05,Kariba,Simba Bhora,0.0,0.0,,,,,,,,,401.0,Zimbabwe,Regular Season - 28,False,5226.0,21055.0,0.0,0.0
Premier Soccer League,2026-09-05,Ngezi Platinum,Hunters,0.0,0.0,,,,,,,,,401.0,Zimbabwe,Regular Season - 28,False,5229.0,27275.0,0.0,0.0
Premier Soccer League,2026-09-05,Triangle United,Highlanders,0.0,0.0,,,,,,,,,401,Zimbabwe,Regular Season - 28,False,5232.0,5224.0,0.0,0.0
Superliga,2026-09-04,Egnatia Rrogozhinë,Skenderbeu Korce,2.0,1.0,,,,,,,,,310.0,Albania,Regular Season - 3,False,3327.0,605.0,1.0,1.0
Ligue 1,2026-09-04,JS Kabylie,MB Rouisset,1.0,0.0,,,,,,,,,186.0,Algeria,Regular Season - 1,False,918.0,10777.0,1.0,0.0
Ligue 1,2026-09-04,Khenchela,USM Alger,0.0,0.0,,,,,,,,,186.0,Algeria,Regular Season - 1,False,10752.0,910.0,0.0,0.0
Liga Profesional Argentina,2026-09-04,Belgrano Cordoba,Huracan,1.0,1.0,,,,,,,,,128.0,Argentina,Clausura - 8,False,440.0,445.0,0.0,0.0
Liga Profesional Argentina,2026-09-04,Estudiantes de Rio Cuarto,Sarmiento Junin,0.0,2.0,,,,,,,,,128.0,Argentina,Clausura - 8,False,2424.0,474.0,0.0,1.0
Liga Profesional Argentina,2026-09-04,Platense,Deportivo Riestra,1.0,1.0,,,,,,,,,128.0,Argentina,Clausura - 8,False,1064.0,476.0,1.0,0.0
Primera C,2026-09-04,Mercedes,Defensores de Cambaceres,0.0,3.0,,,,,,,,,132.0,Argentina,Regular Season - 27,False,18915.0,8392.0,0.0,2.0
Primera C,2026-09-04,Yupanqui,Leones de Rosario,0.0,1.0,,,,,,,,,132.0,Argentina,Regular Season - 27,False,8398.0,27282.0,0.0,0.0
Primera Nacional,2026-09-04,Defensores De Belgrano,Racing Cordoba,3.0,0.0,,,,,,,,,129.0,Argentina,Regular Season - 28,False,1067.0,1957.0,2.0,0.0
Primera Nacional,2026-09-04,Ferro Carril Oeste,Atletico Mitre,0.0,0.0,,,,,,,,,129.0,Argentina,Regular Season - 28,False,470.0,466.0,0.0,0.0
Torneo Federal A,2026-09-04,Juventud Antoniana,Kimberley Mar del Plata,0.0,3.0,,,,,,,,,134.0,Argentina,Winners Stage - 7,False,1961.0,3975.0,0.0,2.0
Premier League,2026-09-04,FC Noah,Gandzasar,3.0,2.0,,,,,,,,,342.0,Armenia,Regular Season - 6,False,3684.0,688.0,2.0,2.0
Premier League,2026-09-04,Syunik,Pyunik Yerevan,0.0,0.0,,,,,,,,,342.0,Armenia,Regular Season - 6,False,20087.0,709.0,0.0,0.0
New South Wales NPL 2,2026-09-04,Parramatta Eagles,Prospect United,4.0,1.0,,,,,,,,,835.0,Australia,Final,True,28391.0,27463.0,1.0,0.0
Tasmania NPL,2026-09-04,South Hobart,Devonport City,5.0,1.0,,,,,,,,,648.0,Australia,Final,True,14106.0,14100.0,1.0,1.0
Western Australia NPL,2026-09-04,Bayswater City,Olympic Kingsway,5.0,3.0,,,,,,,,,196.0,Australia,Quarter-finals,True,3814.0,20890.0,2.0,3.0
Western Australia NPL,2026-09-04,Perth RedStar,Perth,1.0,3.0,,,,,,,,,196.0,Australia,Quarter-finals,True,18732.0,3819.0,0.0,1.0
Cup,2026-09-04,Floridsdorfer AC,Schwarz-Weiß Bregenz,0.0,0.0,,,,,,,,,220.0,Austria,Round of 32,True,1395.0,8259.0,0.0,0.0
Cup,2026-09-04,SCR Altach,Bischofshofen,7.0,0.0,,,,,,,,,220.0,Austria,Round of 32,True,618.0,8260.0,5.0,0.0
Cup,2026-09-04,SV Kapfenberg,WSPG Wels,0.0,1.0,,,,,,,,,220.0,Austria,Round of 32,True,1401.0,22213.0,0.0,0.0
Cup,2026-09-04,Wallern / Marienkirchen,Ried,1.0,5.0,,,,,,,,,220.0,Austria,Round of 32,True,21534.0,1028.0,0.0,4.0
Regionalliga - North,2026-09-04,Grödig,UFC Hallein,2.0,1.0,,,,,,,,,1239.0,Austria,North - 7,False,4974.0,19315.0,1.0,1.0
Regionalliga - North,2026-09-04,Kuchl,Gurten,0.0,1.0,,,,,,,,,1239.0,Austria,North - 7,False,14714.0,4942.0,0.0,1.0
Regionalliga - North,2026-09-04,Leonfelden,Wohnbau Dietach,3.0,2.0,,,,,,,,,1239.0,Austria,North - 7,False,27885.0,19193.0,0.0,1.0
Regionalliga - North,2026-09-04,Pinzgau Saalfelden,Ried II,2.0,0.0,,,,,,,,,1239.0,Austria,North - 7,False,4980.0,8250.0,1.0,0.0
Regionalliga - North,2026-09-04,TSV St. Johann,Seekirchen,2.0,1.0,,,,,,,,,1239.0,Austria,North - 7,False,4994.0,4958.0,1.0,0.0
Regionalliga - Ost,2026-09-04,Favoritner AC,Leobendorf,3.0,0.0,,,,,,,,,221.0,Austria,Ost - 6,False,8367.0,4951.0,1.0,0.0
Regionalliga - Ost,2026-09-04,Gloggnitz,Mannsdorf-Großenzersdorf,2.0,3.0,,,,,,,,,221.0,Austria,Ost - 6,False,4941.0,4952.0,0.0,1.0
Regionalliga - Ost,2026-09-04,Mattersburg SV 2020,Wienerberg,3.0,0.0,,,,,,,,,221.0,Austria,Ost - 6,False,27886.0,5008.0,2.0,0.0
Regionalliga - Ost,2026-09-04,Oberwart,Donau,0.0,2.0,,,,,,,,,221.0,Austria,Ost - 6,False,11200.0,8365.0,0.0,0.0
Regionalliga - Ost,2026-09-04,Wiener SC,Fach-Donaufeld,0.0,0.0,,,,,,,,,221.0,Austria,Ost - 6,False,4965.0,8366.0,0.0,0.0
Regionalliga - South,2026-09-04,Allerheiligen,Tillmitsch,4.0,2.0,,,,,,,,,1238.0,Austria,South - 5,False,4934.0,21533.0,1.0,0.0
Regionalliga - South,2026-09-04,Bleiburg,Treibach,3.0,1.0,,,,,,,,,1238.0,Austria,South - 6,False,8273.0,4962.0,1.0,1.0
Regionalliga - South,2026-09-04,Völkermarkt,Wolfsberger AC II,0.0,1.0,,,,,,,,,1238.0,Austria,South - 6,False,4987.0,8253.0,0.0,1.0
Regionalliga - South,2026-09-04,Weiz,Hartberg (Am),2.0,1.0,,,,,,,,,1238.0,Austria,South - 5,False,4996.0,28052.0,0.0,0.0
Regionalliga - South,2026-09-04,Wolfsberg,Donau Klagenfurt,0.0,0.0,,,,,,,,,1238.0,Austria,South - 6,False,4967.0,21723.0,0.0,0.0
Regionalliga - West,2026-09-04,Kufstein,Lauterach,2.0,2.0,,,,,,,,,223.0,Austria,West - 6,False,4948.0,8255.0,1.0,1.0
Birinci Dasta,2026-09-04,Mingəçevir,Zaqatala,2.0,2.0,,,,,,,,,418.0,Azerbaijan,Regular Season - 1,False,5573.0,5500.0,1.0,1.0
Birinci Dasta,2026-09-04,Şimal,Cəbrayıl,1.0,2.0,,,,,,,,,418.0,Azerbaijan,Regular Season - 1,False,25273.0,22789.0,1.0,1.0
Premyer Liqa,2026-09-04,Kapaz,Şamaxı FK,1.0,4.0,,,,,,,,,419.0,Azerbaijan,Regular Season - 4,False,5490.0,666.0,0.0,2.0
Premyer Liqa,2026-09-04,Qabala,Imisli FK,2.0,1.0,,,,,,,,,419.0,Azerbaijan,Regular Season - 4,False,627.0,5570.0,1.0,1.0
Premier League,2026-09-04,Al Ittifaq Maqaba,Muharraq,1.0,0.0,,,,,,,,,417.0,Bahrain,Regular Season - 2,False,10234.0,5488.0,1.0,0.0
Premier League,2026-09-04,Khalidiya,A'Ali,3.0,1.0,,,,,,,,,417.0,Bahrain,Regular Season - 2,False,17666.0,20386.0,0.0,1.0
1. Division,2026-09-04,Minsk II,Niva,3.0,4.0,,,,,,,,,117.0,Belarus,Regular Season - 23,False,11249.0,16656.0,2.0,1.0
1. Division,2026-09-04,Molodechno-DYuSSh 4,BATE II,3.0,0.0,,,,,,,,,117.0,Belarus,Regular Season - 23,False,7798.0,23272.0,0.0,0.0
1. Division,2026-09-04,Volna,Dinamo Minsk II,2.0,1.0,,,,,,,,,117.0,Belarus,Regular Season - 23,False,3395.0,11266.0,1.0,1.0
Premier League,2026-09-04,Slavia Mozyr,FC Vitebsk,3.0,0.0,,,,,,,,,116.0,Belarus,Regular Season - 21,False,751.0,382.0,2.0,0.0
Challenger Pro League,2026-09-04,Beerschot VA,Patro Eisden,4.0,2.0,,,,,,,,,145.0,Belgium,Regular Season - 4,False,263.0,6222.0,1.0,1.0
Challenger Pro League,2026-09-04,Dender,Seraing United,2.0,0.0,,,,,,,,,145.0,Belgium,Regular Season - 4,False,6215.0,10244.0,1.0,0.0
Jupiler Pro League,2026-09-04,Lommel United,Club Brugge KV,0.0,1.0,,,,,,,,,144.0,Belgium,Regular Season - 5,False,259.0,569.0,0.0,1.0
Reserve Pro League,2026-09-04,Francs Borains U21,Westerlo U21,2.0,4.0,,,,,,,,,518.0,Belgium,Regular Season - 2,False,22198.0,19587.0,1.0,1.0
Reserve Pro League,2026-09-04,Kortrijk U21,K. Beerschot V.A. Reserve U21,1.0,0.0,,,,,,,,,518.0,Belgium,Regular Season - 2,False,19584.0,26404.0,0.0,0.0
Reserve Pro League,2026-09-04,RFC Seraing Reserve U21,RAAL La Louviere U21,1.0,2.0,,,,,,,,,518.0,Belgium,Regular Season - 2,False,26403.0,24650.0,0.0,0.0
Reserve Pro League,2026-09-04,RWDM U21,Sp. Hasselt U21,2.0,0.0,,,,,,,,,518.0,Belgium,Regular Season - 2,False,19586.0,28081.0,1.0,0.0
Reserve Pro League,2026-09-04,Waasland-Beveren U21,RFC de Liege U21,6.0,0.0,,,,,,,,,518.0,Belgium,Regular Season - 2,False,14016.0,22200.0,4.0,0.0
Nacional B,2026-09-04,26 de Febrero,Ingenieros,4.0,1.0,,,,,,,,,710.0,Bolivia,Regular Season - 3,False,28288.0,26484.0,1.0,1.0
Nacional B,2026-09-04,Deportivo Tigres,Club Universitario,1.0,1.0,,,,,,,,,710.0,Bolivia,Regular Season - 3,False,28291.0,3875.0,0.0,1.0
Primera División,2026-09-04,ABB,Universitario de Vinto,2.0,0.0,,,,,,,,,344.0,Bolivia,Apertura - 18,False,17743.0,17762.0,1.0,0.0
Primera División,2026-09-04,Real Oruro,San Antonio Bulo Bulo,2.0,0.0,,,,,,,,,344.0,Bolivia,Apertura - 18,False,20252.0,17760.0,1.0,0.0
Amazonense - 2,2026-09-04,Fast Clube-Am,Operário AM,2.0,1.0,,,,,,,,,1134.0,Brazil,Semi-finals,True,2211.0,18309.0,1.0,0.0
Amazonense - 2,2026-09-04,RB do Norte,Manicoré,0.0,0.0,,,,,,,,,1134.0,Brazil,Semi-finals,True,24793.0,10868.0,0.0,0.0
Brasileiro U20 A,2026-09-04,Palmeiras U20,Vasco da Gama U20,0.0,2.0,,,,,,,,,740.0,Brazil,Final,True,12968.0,12979.0,0.0,1.0
Brasileiro Women,2026-09-04,Palmeiras W,Bahia W,1.0,1.0,,,,,,,,,74.0,Brazil,Quarter-finals,True,9981.0,16496.0,1.0,0.0
Carioca U20,2026-09-04,Bangu U20,Flamengo U20,0.0,3.0,,,,,,,,,1114.0,Brazil,Regular Season - 5,False,22831.0,11054.0,0.0,1.0
Carioca U20,2026-09-04,Botafogo U20,Sampaio Correa FE U20,4.0,0.0,,,,,,,,,1114.0,Brazil,Regular Season - 5,False,22875.0,23387.0,3.0,0.0
Cearense U20,2026-09-04,Ceará U20,Fortaleza U20,0.0,0.0,,,,,,,,,1112.0,Brazil,Final,True,12956.0,13009.0,0.0,0.0
Copa Paulista,2026-09-04,Bandeirante SP,União São João,3.0,1.0,,,,,,,,,742.0,Brazil,Round of 16,True,15621.0,22852.0,3.0,1.0
Paulista - U20,2026-09-04,Aguai U20,Santo André U20,0.0,2.0,,,,,,,,,1086.0,Brazil,Regular Season - 14,False,23465.0,13054.0,,
Paulista - U20,2026-09-04,Desportivo Brasil U20,São Paulo U20,0.0,1.0,,,,,,,,,1086.0,Brazil,Regular Season - 14,False,13003.0,12973.0,0.0,0.0
Paulista - U20,2026-09-04,EC São Bernardo U20,Bandeirante U20,4.0,1.0,,,,,,,,,1086.0,Brazil,Regular Season - 14,False,13005.0,23466.0,2.0,1.0
Paulista - U20,2026-09-04,Guarani U20,XV de Jaú U20,3.0,0.0,,,,,,,,,1086.0,Brazil,Regular Season - 14,False,13012.0,13076.0,2.0,0.0
Paulista - U20,2026-09-04,Itapirense U20,Juventus U20,0.0,5.0,,,,,,,,,1086.0,Brazil,Regular Season - 14,False,13015.0,13021.0,0.0,1.0
Paulista - U20,2026-09-04,Jabaquara U20,União Suzano U20,0.0,2.0,,,,,,,,,1086.0,Brazil,Regular Season - 14,False,23478.0,20775.0,0.0,0.0
Paulista - U20,2026-09-04,Mauá U20,Capivariano U20,0.0,1.0,,,,,,,,,1086.0,Brazil,Regular Season - 14,False,13026.0,12993.0,0.0,1.0
Paulista - U20,2026-09-04,Mirassol U20,Ponte Preta U20,2.0,3.0,,,,,,,,,1086.0,Brazil,Regular Season - 14,False,13027.0,13044.0,0.0,1.0
Paulista - U20,2026-09-04,Osasco Audax U20,RB Bragantino U20,1.0,0.0,,,,,,,,,1086.0,Brazil,Regular Season - 14,False,13037.0,18345.0,1.0,0.0
Paulista - U20,2026-09-04,Porto Football U20,Gremio Prudente U20,1.0,7.0,,,,,,,,,1086.0,Brazil,Regular Season - 14,False,23483.0,23475.0,0.0,4.0
Paulista - U20,2026-09-04,Portuguesa Santista U20,Santos U20,0.0,1.0,,,,,,,,,1086.0,Brazil,Regular Season - 14,False,18344.0,13055.0,0.0,0.0
Paulista - U20,2026-09-04,SC Paulinense SP U20,Novorizontino U20,1.0,4.0,,,,,,,,,1086.0,Brazil,Regular Season - 14,False,27797.0,13033.0,0.0,2.0
Paulista - U20,2026-09-04,Sfera U20,Ituano U20,5.0,2.0,,,,,,,,,1086.0,Brazil,Regular Season - 14,False,22848.0,13016.0,0.0,2.0
Paulista - U20,2026-09-04,São Bento U20,Corinthians U20,0.0,0.0,,,,,,,,,1086.0,Brazil,Regular Season - 14,False,13059.0,12998.0,0.0,0.0
Paulista - U20,2026-09-04,Tanabi SP U20,Referencia U20,0.0,2.0,,,,,,,,,1086.0,Brazil,Regular Season - 14,False,13063.0,23485.0,,
Paulista - U20,2026-09-04,Velo Clube U20,Botafogo SP U20,0.0,4.0,,,,,,,,,1086.0,Brazil,Regular Season - 14,False,13069.0,12987.0,0.0,2.0
Paulista - U20,2026-09-04,XV de Piracicaba U20,Ibrachina U20,0.0,0.0,,,,,,,,,1086.0,Brazil,Regular Season - 14,False,13077.0,18336.0,0.0,0.0
Pernambucano - U20,2026-09-04,Academica Vitoria U20,Serrano PE U20,2.0,0.0,,,,,,,,,1088.0,Brazil,Regular Season - 4,False,28228.0,23498.0,0.0,0.0
Serie B,2026-09-04,Athletic Club,Vila Nova,5.0,0.0,,,,,,,,,72.0,Brazil,Regular Season - 26,False,13975.0,142.0,3.0,0.0
Serie B,2026-09-04,CRB,America Mineiro,3.0,1.0,,,,,,,,,72.0,Brazil,Regular Season - 26,False,146.0,125.0,1.0,0.0
Serie B,2026-09-04,Criciuma,Cuiaba,2.0,0.0,,,,,,,,,72.0,Brazil,Regular Season - 26,False,140.0,1193.0,1.0,0.0
First League,2026-09-04,Arda Kardzhali,Botev Plovdiv,2.0,3.0,,,,,,,,,172.0,Bulgaria,Regular Season - 8,False,1430.0,634.0,0.0,2.0
First League,2026-09-04,Septemvri Sofia,Botev Vratsa,2.0,3.0,,,,,,,,,172.0,Bulgaria,Regular Season - 8,False,856.0,859.0,0.0,1.0
Primera B,2026-09-04,D. Puerto Montt,Curico Unido,2.0,0.0,,,,,,,,,266.0,Chile,Regular Season - 24,False,2342.0,2316.0,0.0,0.0
Primera B,2026-09-04,Rangers de Talca,Deportes Temuco,1.0,0.0,,,,,,,,,266.0,Chile,Regular Season - 24,False,2344.0,2317.0,1.0,0.0
Primera B,2026-09-04,Santiago Wanderers,Deportes Iquique,1.0,0.0,,,,,,,,,266.0,Chile,Regular Season - 24,False,2333.0,2319.0,1.0,0.0
Primera División,2026-09-04,Concepción,A. Italiano,0.0,1.0,,,,,,,,,265.0,Chile,Regular Season - 22,False,5635.0,2329.0,0.0,1.0
Liga Femenina,2026-09-04,Atlético Nacional W,La Equidad W,1.0,0.0,,,,,,,,,712.0,Colombia,Promotion Group - 4,False,15722.0,15727.0,1.0,0.0
Liga Femenina,2026-09-04,Deportivo Cali W,Orsomarso W,1.0,0.0,,,,,,,,,712.0,Colombia,Promotion Group - 4,False,15723.0,18432.0,1.0,0.0
Primera B,2026-09-04,Bogota FC,Ind. Yumbo,0.0,2.0,,,,,,,,,240.0,Colombia,Clausura - 8,False,1458.0,27411.0,0.0,1.0
Primera B,2026-09-04,Leones FC,Depor FC,0.0,3.0,,,,,,,,,240.0,Colombia,Clausura - 8,False,1143.0,1468.0,0.0,2.0
Primera B,2026-09-04,Orsomarso,Real Cartagena,0.0,1.0,,,,,,,,,240.0,Colombia,Clausura - 8,False,1469.0,1459.0,0.0,1.0
Primera División,2026-09-04,Escorpiones Belén,Inter San Carlos,0.0,2.0,,,,,,,,,162.0,Costa-Rica,Apertura - 7,False,17377.0,24391.0,0.0,1.0
HNL,2026-09-04,NK Varazdin,Istra 1961,0.0,0.0,,,,,,,,,210.0,Croatia,Regular Season - 6,False,1483.0,1016.0,0.0,0.0
Second NL,2026-09-04,Lucko,Solin,0.0,1.0,,,,,,,,,946.0,Croatia,Regular Season - 3,False,1477.0,1480.0,0.0,1.0
Second NL,2026-09-04,Uljanik,Dugo Selo,3.0,0.0,,,,,,,,,946.0,Croatia,Regular Season - 3,False,8582.0,8602.0,1.0,0.0
1. Division,2026-09-04,Omonia 29is Maiou,Karmiotissa,2.0,2.0,,,,,,,,,318.0,Cyprus,Regular Season - 2,False,14126.0,3413.0,0.0,2.0
3. liga - CFL A,2026-09-04,České Budějovice,Dukla Praha II,2.0,2.0,,,,,,,,,348.0,Czech-Republic,Group A - 5,False,3736.0,15132.0,1.0,1.0
4. liga - Divizie A,2026-09-04,Hluboka nad Vltavou,Spartak Soběslav,2.0,2.0,,,,,,,,,350.0,Czech-Republic,Group A - 5,False,21982.0,7360.0,1.0,0.0
4. liga - Divizie F,2026-09-04,Hlučín,Bílovec,1.0,0.0,,,,,,,,,686.0,Czech-Republic,Group F - 6,False,7296.0,16875.0,1.0,0.0
FNL,2026-09-04,Karviná,Kladno,2.0,0.0,,,,,,,,,346.0,Czech-Republic,Regular Season - 7,False,3716.0,7307.0,0.0,0.0
FNL,2026-09-04,Prostějov,Táborsko,1.0,1.0,,,,,,,,,346.0,Czech-Republic,Regular Season - 7,False,3725.0,3726.0,0.0,1.0
FNL,2026-09-04,Vlašim,Třinec,2.0,1.0,,,,,,,,,346.0,Czech-Republic,Regular Season - 7,False,3730.0,3727.0,2.0,1.0
FNL,2026-09-04,Vysočina Jihlava,Arsenal Česká Lípa,2.0,0.0,,,,,,,,,346.0,Czech-Republic,Regular Season - 7,False,3731.0,7270.0,1.0,0.0
FNL,2026-09-04,Ústí nad Labem,Slavia Praha II,1.0,1.0,,,,,,,,,346.0,Czech-Republic,Regular Season - 7,False,3735.0,8618.0,1.0,1.0
1. Division,2026-09-04,HB Koge,Hillerød,1.0,1.0,,,,,,,,,120.0,Denmark,Regular Season - 7,False,2063.0,6026.0,0.0,1.0
1. Division,2026-09-04,Hobro,Hvidovre,1.0,3.0,,,,,,,,,120.0,Denmark,Regular Season - 7,False,408.0,2072.0,0.0,1.0
1. Division,2026-09-04,Vejle,Vendsyssel FF,4.0,1.0,,,,,,,,,120.0,Denmark,Regular Season - 7,False,395.0,399.0,4.0,0.0
2. Division,2026-09-04,B 93,Naestved,1.0,1.0,,,,,,,,,122.0,Denmark,Regular Season - 6,False,6009.0,2066.0,1.0,0.0
3. Division,2026-09-04,Brønshøj,FC Helsingor,2.0,1.0,,,,,,,,,862.0,Denmark,Regular Season - 6,False,6012.0,2062.0,0.0,0.0
3. Division,2026-09-04,Frem,Ringsted,5.0,2.0,,,,,,,,,862.0,Denmark,Regular Season - 6,False,6018.0,11532.0,3.0,1.0
Superliga,2026-09-04,Viborg,Lyngby,0.0,2.0,,,,,,,,,119.0,Denmark,Regular Season - 7,False,2070.0,625.0,0.0,1.0
Liga Pro,2026-09-04,Tecnico Universitario,LDU de Quito,1.0,3.0,,,,,,,,,242.0,Ecuador,Regular Season - 29,False,1151.0,1158.0,1.0,0.0
Liga Pro Serie B,2026-09-04,Atletico FC,9 de Octubre,2.0,2.0,,,,,,,,,243.0,Ecuador,Promotion Group - 2,False,27548.0,10111.0,1.0,0.0
Liga Pro Serie B,2026-09-04,El Nacional,LDU Portoviejo,0.0,2.0,,,,,,,,,243.0,Ecuador,Relegation Group - 2,False,1150.0,1988.0,0.0,1.0
Liga Pro Serie B,2026-09-04,Ind. Juniors,Deportivo Cuenca Juniors,1.0,0.0,,,,,,,,,243.0,Ecuador,Promotion Group - 2,False,2238.0,26031.0,1.0,0.0
Second League,2026-09-04,Baladiyyat Al Mehalla,Mega Sport,1.0,0.0,,,,,,,,,887.0,Egypt,Regular Season - 3,False,18036.0,28011.0,0.0,0.0
Second League,2026-09-04,El Dakhleya,Pharco,0.0,0.0,,,,,,,,,887.0,Egypt,Regular Season - 3,False,1032.0,15736.0,0.0,0.0
Second League,2026-09-04,Ismaily SC,AL Nasr SC,1.0,1.0,,,,,,,,,887.0,Egypt,Regular Season - 3,False,1030.0,2617.0,0.0,1.0
Second League,2026-09-04,Proxy,Tersana,2.0,0.0,,,,,,,,,887.0,Egypt,Regular Season - 3,False,20461.0,15739.0,1.0,0.0
Second League,2026-09-04,Tanta SC,Masar,0.0,1.0,,,,,,,,,887.0,Egypt,Regular Season - 3,False,1045.0,25468.0,0.0,1.0
FA Cup,2026-09-04,Aveley,Cheshunt,4.0,2.0,,,,,,,,,45.0,England,1st Round Qualifying,True,7207.0,7708.0,2.0,2.0
FA Cup,2026-09-04,Flackwell Heath,Hanwell Town,0.0,1.0,,,,,,,,,45.0,England,1st Round Qualifying,True,8785.0,7645.0,0.0,0.0
FA Cup,2026-09-04,Ossett United,Pontefract Collieries,1.0,0.0,,,,,,,,,45.0,England,1st Round Qualifying,True,7662.0,7247.0,0.0,0.0
FA Cup,2026-09-04,Quorn,Shepshed Dynamo,2.0,1.0,,,,,,,,,45.0,England,1st Round Qualifying,True,8903.0,8929.0,1.0,1.0
FA Cup,2026-09-04,Three Bridges,Kingstonian,0.0,1.0,,,,,,,,,45.0,England,1st Round Qualifying,True,7676.0,7725.0,0.0,0.0
FA WSL,2026-09-04,London City Lionesses W,Manchester United W,2.0,1.0,,,,,,,,,44.0,England,Regular Season - 1,False,15406.0,4898.0,1.0,0.0
National League,2026-09-04,Altrincham,Eastleigh,2.0,1.0,,,,,,,,,43.0,England,Regular Season - 6,False,4700.0,1822.0,1.0,1.0
Premier League,2026-09-04,Ipswich,Liverpool,0.0,2.0,,,,,,,,,39.0,England,Regular Season - 3,False,57.0,40.0,0.0,2.0
Premier League Cup,2026-09-04,Bolton Wanderers Res.,Southampton U21,1.0,1.0,,,,,,,,,871.0,England,Group Stage,False,19877.0,7201.0,0.0,0.0
Premier League Cup,2026-09-04,Charlton Athletic U21,Leeds United U21,1.0,0.0,,,,,,,,,871.0,England,Group Stage,False,20082.0,14430.0,1.0,0.0
Premier League Cup,2026-09-04,Coventry City U21,West Bromwich Albion U21,0.0,3.0,,,,,,,,,871.0,England,Group Stage,False,20092.0,11913.0,0.0,2.0
Premier League Cup,2026-09-04,Leicester City U21,AFC Bournemouth U21,0.0,1.0,,,,,,,,,871.0,England,Group Stage,False,7195.0,20000.0,0.0,0.0
Premier League Cup,2026-09-04,Stockport County U21,Stoke City U21,4.0,0.0,,,,,,,,,871.0,England,Group Stage,False,24849.0,11911.0,3.0,0.0
Premier League Cup,2026-09-04,West Ham United U21,Brighton U21,1.0,1.0,,,,,,,,,871.0,England,Group Stage,False,7203.0,7191.0,0.0,1.0
Professional Development League,2026-09-04,Sheffield Wednesday U21,Wigan Athletic U21,4.0,1.0,,,,,,,,,703.0,England,Regular Season,False,20096.0,20097.0,2.0,0.0
Women's Championship,2026-09-04,Watford W,Burnley W,0.0,0.0,,,,,,,,,699.0,England,Regular Season - 1,False,15457.0,15439.0,0.0,0.0
Esiliiga A,2026-09-04,FCI Levadia II,Flora II,6.0,2.0,,,,,,,,,328.0,Estonia,Regular Season - 27,False,3517.0,3518.0,2.0,2.0
1. Deild,2026-09-04,ÍF II,Hoyvík,1.0,2.0,,,,,,,,,366.0,Faroe-Islands,Regular Season - 22,False,4187.0,10076.0,0.0,2.0
Kakkonen - Lohko A,2026-09-04,MyPa,Reipas,5.0,1.0,,,,,,,,,247.0,Finland,Group A,False,2243.0,9179.0,3.0,1.0
Kakkonen - Lohko A,2026-09-04,PPJ,Kiffen,4.0,1.0,,,,,,,,,247.0,Finland,Group A,False,13508.0,9174.0,2.0,1.0
Kakkonen - Lohko B,2026-09-04,GrIFK,EBK,1.0,1.0,,,,,,,,,248.0,Finland,Group B,False,2079.0,13552.0,0.0,0.0
Kakkonen - Lohko B,2026-09-04,NJS,Musa,4.0,0.0,,,,,,,,,248.0,Finland,Group B,False,9177.0,2245.0,1.0,0.0
Ykkösliiga,2026-09-04,JIPPO,Kooteepee,0.0,2.0,,,,,,,,,1087.0,Finland,Group Stage,False,9172.0,2076.0,0.0,1.0
Ykkösliiga,2026-09-04,PK-35,EIF,0.0,0.0,,,,,,,,,1087.0,Finland,Group Stage,False,10669.0,2078.0,0.0,0.0
Feminine Division 1,2026-09-04,FC Fleury 91 W,Lyon W,1.0,7.0,,,,,,,,,64.0,France,Regular Season - 1,False,1677.0,1674.0,1.0,6.0
Ligue 1,2026-09-04,Lyon,Auxerre,3.0,1.0,,,,,,,,,61.0,France,Regular Season - 3,False,80.0,108.0,2.0,1.0
Ligue 1,2026-09-04,Paris Saint Germain,Monaco,1.0,2.0,,,,,,,,,61.0,France,Regular Season - 3,False,85.0,91.0,1.0,0.0
Ligue 2,2026-09-04,Boulogne,Dijon,1.0,1.0,,,,,,,,,62.0,France,Regular Season - 5,False,1299.0,89.0,1.0,0.0
Ligue 2,2026-09-04,Dunkerque,Clermont Foot,1.0,1.0,,,,,,,,,62.0,France,Regular Season - 5,False,1304.0,99.0,1.0,0.0
Ligue 2,2026-09-04,Grenoble,Annecy,1.0,2.0,,,,,,,,,62.0,France,Regular Season - 5,False,101.0,3012.0,0.0,0.0
Ligue 2,2026-09-04,Laval,RED Star FC 93,1.0,2.0,,,,,,,,,62.0,France,Regular Season - 5,False,433.0,104.0,0.0,2.0
Ligue 2,2026-09-04,PAU,Sochaux,1.0,1.0,,,,,,,,,62.0,France,Regular Season - 5,False,1297.0,115.0,1.0,0.0
National 2 - Group B,2026-09-04,Angoulême,Chauray,2.0,0.0,,,,,,,,,68.0,France,Group B - 3,False,3011.0,3037.0,1.0,0.0
National 2 - Group B,2026-09-04,Les Herbiers,Avranches,1.0,2.0,,,,,,,,,68.0,France,Group B - 3,False,1308.0,1303.0,1.0,0.0
National 2 - Group B,2026-09-04,Saint-Malo,Stade Briochin,0.0,0.0,,,,,,,,,68.0,France,Group B - 3,False,3108.0,3229.0,0.0,0.0
Erovnuli Liga,2026-09-04,Rustavi,Dinamo Batumi,0.0,1.0,,,,,,,,,327.0,Georgia,Regular Season - 24,False,3501.0,705.0,0.0,0.0
2. Bundesliga,2026-09-04,Arminia Bielefeld,FC St. Pauli,2.0,2.0,,,,,,,,,79.0,Germany,Regular Season - 4,False,188.0,186.0,1.0,1.0
2. Bundesliga,2026-09-04,Hannover 96,Karlsruher SC,2.0,2.0,,,,,,,,,79.0,Germany,Regular Season - 4,False,166.0,785.0,2.0,1.0
3. Liga,2026-09-04,FC Ingolstadt 04,Alemannia Aachen,0.0,3.0,,,,,,,,,80.0,Germany,Regular Season - 4,False,184.0,4259.0,0.0,3.0
Bundesliga,2026-09-04,VfB Stuttgart,1. FC Köln,4.0,1.0,,,,,,,,,78.0,Germany,Regular Season - 2,False,172.0,192.0,1.0,0.0
Frauen Bundesliga,2026-09-04,1899 Hoffenheim W,Bayer Leverkusen W,1.0,2.0,,,,,,,,,82.0,Germany,Regular Season - 3,False,1858.0,1859.0,1.0,1.0
Oberliga - Baden-Württemberg,2026-09-04,FC Holzhausen,FC Nöttingen,3.0,1.0,,,,,,,,,753.0,Germany,Baden-Württemberg - 5,False,19467.0,1638.0,2.0,1.0
Oberliga - Baden-Württemberg,2026-09-04,Young Boys Reutlingen,Karlsruhe II,2.0,2.0,,,,,,,,,753.0,Germany,Baden-Württemberg - 5,False,27969.0,26166.0,1.0,2.0
Oberliga - Bayern Nord,2026-09-04,Ammerthal,Viktoria Aschaffenburg,0.0,6.0,,,,,,,,,938.0,Germany,Bayern Nord - 9,False,14619.0,9336.0,0.0,1.0
Oberliga - Bayern Nord,2026-09-04,DJK Bamberg,Würzburger FV,1.0,0.0,,,,,,,,,938.0,Germany,Bayern Nord - 9,False,17027.0,12898.0,0.0,0.0
Oberliga - Bayern Nord,2026-09-04,Kornburg,Gebenbach,1.0,1.0,,,,,,,,,938.0,Germany,Bayern Nord - 9,False,19759.0,19228.0,1.0,1.0
Oberliga - Bayern Nord,2026-09-04,Weiden,Fortuna Regensburg,1.0,2.0,,,,,,,,,938.0,Germany,Bayern Nord - 9,False,19760.0,19226.0,1.0,0.0
Oberliga - Bayern Süd,2026-09-04,1860 München II,Gundelfingen,4.0,2.0,,,,,,,,,939.0,Germany,Bayern Süd - 9,False,12724.0,19234.0,1.0,1.0
Oberliga - Bayern Süd,2026-09-04,1860 Rosenheim,Erlbach,1.0,0.0,,,,,,,,,939.0,Germany,Bayern Süd - 9,False,9322.0,19220.0,0.0,0.0
Oberliga - Bayern Süd,2026-09-04,Heimstetten,Deisenhofen,4.0,2.0,,,,,,,,,939.0,Germany,Bayern Süd - 9,False,9329.0,12751.0,2.0,0.0
Oberliga - Bremen,2026-09-04,Leher TS,Vatan Sport,4.0,0.0,,,,,,,,,749.0,Germany,Bremen - 5,False,1644.0,16096.0,1.0,0.0
Oberliga - Bremen,2026-09-04,Oberneuland,Aumund-Vegesack,2.0,3.0,,,,,,,,,749.0,Germany,Bremen - 5,False,4263.0,13937.0,0.0,2.0
Oberliga - Hamburg,2026-09-04,Harksheide,Concordia,1.0,3.0,,,,,,,,,745.0,Germany,Hamburg - 6,False,19470.0,16085.0,1.0,2.0
Oberliga - Hamburg,2026-09-04,Norderstedt II,Teutonia Ottensen,0.0,5.0,,,,,,,,,745.0,Germany,Hamburg - 6,False,28012.0,12878.0,0.0,2.0
Oberliga - Hamburg,2026-09-04,Vorwärts-Wacker 04,Victoria Hamburg,1.0,1.0,,,,,,,,,745.0,Germany,Hamburg - 6,False,20895.0,12890.0,1.0,1.0
Oberliga - Hessen,2026-09-04,1960 Hanau,Eddersheim,2.0,3.0,,,,,,,,,750.0,Germany,Hessen - 7,False,21947.0,12755.0,1.0,2.0
Oberliga - Hessen,2026-09-04,Hünfelder SV,Rot-Weiß Walldorf,0.0,0.0,,,,,,,,,750.0,Germany,Hessen - 7,False,16100.0,16102.0,0.0,0.0
Oberliga - Niederrhein,2026-09-04,Germania Ratingen,SC St. Tönis,1.0,1.0,,,,,,,,,751.0,Germany,Niederrhein - 4,False,14689.0,19466.0,1.0,0.0
Oberliga - Niederrhein,2026-09-04,KFC Uerdingen 05,Scherpenberg,6.0,1.0,,,,,,,,,751.0,Germany,Niederrhein - 3,False,1322.0,14780.0,3.0,1.0
Oberliga - Niederrhein,2026-09-04,Wuppertaler SV,BW Dingden,0.0,2.0,,,,,,,,,751.0,Germany,Niederrhein - 4,False,9375.0,26165.0,0.0,1.0
Oberliga - Rheinland-Pfalz / Saar,2026-09-04,Diefflen,Auersmacher,0.0,2.0,,,,,,,,,752.0,Germany,Rheinland-Pfalz/Saar - 6,False,14655.0,14468.0,0.0,0.0
Oberliga - Rheinland-Pfalz / Saar,2026-09-04,FV Engers 07,Cosmos Koblenz,2.0,1.0,,,,,,,,,752.0,Germany,Rheinland-Pfalz/Saar - 6,False,12767.0,20395.0,1.0,1.0
Oberliga - Westfalen,2026-09-04,Gievenbeck,Preußen Münster II,2.0,1.0,,,,,,,,,747.0,Germany,Westfalen - 5,False,14693.0,14753.0,0.0,1.0
Oberliga - Westfalen,2026-09-04,Lippstadt 08,Verl II,5.0,2.0,,,,,,,,,747.0,Germany,Westfalen - 5,False,9372.0,24431.0,2.0,0.0
Oberliga - Westfalen,2026-09-04,Sprockhovel,Vreden,4.0,4.0,,,,,,,,,747.0,Germany,Westfalen - 5,False,14527.0,16088.0,2.0,3.0
Regionalliga - Bayern,2026-09-04,Aubstadt,Ansbach,2.0,0.0,,,,,,,,,83.0,Germany,Bayern - 7,False,9323.0,14621.0,1.0,0.0
Regionalliga - Bayern,2026-09-04,Bayern München II,Eichstätt,3.0,0.0,,,,,,,,,83.0,Germany,Bayern - 7,False,4674.0,4262.0,2.0,0.0
Regionalliga - Bayern,2026-09-04,Bayreuth,Wacker Burghausen,2.0,4.0,,,,,,,,,83.0,Germany,Bayern - 7,False,9325.0,9337.0,1.0,0.0
Regionalliga - Bayern,2026-09-04,Eltersdorf,Illertissen,3.0,0.0,,,,,,,,,83.0,Germany,Bayern - 7,False,12762.0,9330.0,1.0,0.0
Regionalliga - Bayern,2026-09-04,Vilzing,TSV 1860 München,2.0,2.0,,,,,,,,,83.0,Germany,Bayern - 7,False,12893.0,786.0,0.0,1.0
Regionalliga - Nord,2026-09-04,Hannover 96 II,St. Pauli II,3.0,2.0,,,,,,,,,84.0,Germany,North - 7,False,9341.0,9346.0,2.0,2.0
Regionalliga - Nord,2026-09-04,SV Drochtersen/Assel,Eimsbütteler TV,7.0,1.0,,,,,,,,,84.0,Germany,North - 7,False,1623.0,13947.0,2.0,1.0
Regionalliga - SudWest,2026-09-04,Eintracht Frankfurt II,FC Astoria Walldorf,1.0,1.0,,,,,,,,,86.0,Germany,Sudwest - 5,False,19217.0,1626.0,1.0,1.0
Regionalliga - SudWest,2026-09-04,SSV Ulm 1846,SGV Freiberg,4.0,4.0,,,,,,,,,86.0,Germany,Sudwest - 5,False,1652.0,12846.0,1.0,2.0
Regionalliga - West,2026-09-04,Bonner SC,Köln II,2.0,1.0,,,,,,,,,87.0,Germany,West - 7,False,1637.0,9371.0,1.0,1.0
U19 Bundesliga,2026-09-04,Ingolstadt U19,Unterhaching U19,1.0,3.0,,,,,,,,,488.0,Germany,Preliminary,False,10261.0,13963.0,1.0,0.0
Premier Division,2026-09-04,Lincoln Red Imps FC,Europa Point,4.0,0.0,,,,,,,,,758.0,Gibraltar,Regular Season - 1,False,667.0,16131.0,2.0,0.0
Liga Nacional,2026-09-04,Antigua GFC,Aurora,2.0,1.0,,,,,,,,,339.0,Guatemala,Regular Season - 7,False,3656.0,10154.0,0.0,0.0
Liga Nacional,2026-09-04,Atlético Choloma,Olancho,0.0,0.0,,,,,,,,,234.0,Honduras,Apertura - 6,False,11685.0,19456.0,0.0,0.0
NB I,2026-09-04,Vasas,Nyiregyhaza,3.0,2.0,,,,,,,,,271.0,Hungary,Regular Season - 7,False,675.0,2403.0,2.0,1.0
Calcutta Premier Division,2026-09-04,Measurers,Calcutta Police,3.0,3.0,,,,,,,,,1020.0,India,Regular season,False,24102.0,24100.0,0.0,2.0
Calcutta Premier Division,2026-09-04,Peerless,Mohammedan,2.0,0.0,,,,,,,,,1020.0,India,Regular season,False,21608.0,15585.0,1.0,0.0
Calcutta Premier Division,2026-09-04,United,Wari,8.0,0.0,,,,,,,,,1020.0,India,Regular season,False,8241.0,21612.0,4.0,0.0
Liga 1,2026-09-04,Arema FC,Adhyaksa,4.0,0.0,,,,,,,,,274.0,Indonesia,Regular Season - 1,False,2438.0,24993.0,3.0,0.0
Liga 1,2026-09-04,Bali United,PSS Sleman,2.0,1.0,,,,,,,,,274.0,Indonesia,Regular Season - 1,False,2448.0,3882.0,1.0,0.0
Iraqi League,2026-09-04,Al Shorta,Erbil,0.0,0.0,,,,,,,,,542.0,Iraq,Regular Season - 5,False,5242.0,11070.0,0.0,0.0
Iraqi League,2026-09-04,Ghaz Al Shamal,Al-Jolan SC,0.0,1.0,,,,,,,,,542.0,Iraq,Regular Season - 5,False,28223.0,28222.0,0.0,0.0
Iraqi League,2026-09-04,Karbala,Al Karkh,1.0,0.0,,,,,,,,,542.0,Iraq,Regular Season - 5,False,20464.0,15544.0,0.0,0.0
Iraqi League,2026-09-04,Naft Maysan,Newroz,0.0,2.0,,,,,,,,,542.0,Iraq,Regular Season - 5,False,11074.0,25062.0,0.0,1.0
FAI Cup,2026-09-04,Drogheda United,Galway United,1.0,2.0,,,,,,,,,359.0,Ireland,Quarter-finals,True,3850.0,3851.0,1.0,1.0
FAI Cup,2026-09-04,Waterford,Sligo Rovers,3.0,0.0,,,,,,,,,359.0,Ireland,Quarter-finals,True,3845.0,3842.0,1.0,0.0
First Division,2026-09-04,Bray Wanderers,Cork City,1.0,1.0,,,,,,,,,358.0,Ireland,Regular Season - 30,False,3847.0,653.0,1.0,1.0
First Division,2026-09-04,Cobh Ramblers,UCD,1.0,1.0,,,,,,,,,358.0,Ireland,Regular Season - 30,False,3849.0,3844.0,0.0,0.0
First Division,2026-09-04,Finn Harps,Athlone Town,0.0,1.0,,,,,,,,,358.0,Ireland,Regular Season - 30,False,3841.0,3846.0,0.0,0.0
First Division,2026-09-04,Treaty United,Wexford,0.0,1.0,,,,,,,,,358.0,Ireland,Regular Season - 30,False,16498.0,3855.0,0.0,1.0
Premier Division,2026-09-04,Shamrock Rovers,Shelbourne,0.0,0.0,,,,,,,,,357.0,Ireland,Regular Season - 28,False,652.0,3854.0,0.0,0.0
Liga Alef,2026-09-04,Hapoel Ihud Bnei Jatt,Hapoel Ironi Karmiel,1.0,3.0,,,,,,,,,496.0,Israel,North - 1,False,6155.0,20101.0,1.0,1.0
Liga Alef,2026-09-04,Hapoel Marmorek,Hapoel Hadera,1.0,0.0,,,,,,,,,496.0,Israel,South - 1,False,4498.0,4500.0,1.0,0.0
Liga Alef,2026-09-04,Holon Yermiyahu,Hapoel Ramat HaSharon,0.0,0.0,,,,,,,,,496.0,Israel,South - 1,False,6171.0,4490.0,0.0,0.0
Liga Alef,2026-09-04,Ironi Nesher,Tzeirey Tamra,6.0,1.0,,,,,,,,,496.0,Israel,North - 1,False,4502.0,20110.0,2.0,0.0
Liga Alef,2026-09-04,Kfar Saba 1928,FC Jerusalem,1.0,2.0,,,,,,,,,496.0,Israel,South - 1,False,24788.0,17996.0,0.0,2.0
Liga Alef,2026-09-04,Maccabi Nujeidat Ahmed,Tira,0.0,1.0,,,,,,,,,496.0,Israel,North - 1,False,6198.0,6210.0,0.0,0.0
Campionato Primavera - 1,2026-09-04,Bologna U20,Internazionale U20,0.0,3.0,,,,,,,,,705.0,Italy,Regular Season - 3,False,24726.0,24734.0,,
Campionato Primavera - 1,2026-09-04,Lecce U20,Roma U20,1.0,1.0,,,,,,,,,705.0,Italy,Regular Season - 3,False,24736.0,24739.0,0.0,0.0
Campionato Primavera - 1,2026-09-04,Torino U20,Como U20,2.0,4.0,,,,,,,,,705.0,Italy,Regular Season - 3,False,24742.0,27904.0,2.0,2.0
Campionato Primavera - 2,2026-09-04,Pisa U19,Perugia U19,2.0,3.0,,,,,,,,,706.0,Italy,Regular Season - 1,False,15674.0,17729.0,1.0,2.0
Serie A,2026-09-04,Genoa,Como,1.0,4.0,,,,,,,,,135.0,Italy,Regular Season - 3,False,495.0,895.0,1.0,3.0
League,2026-09-04,Al Wihdat,Al Faisaly,0.0,0.0,,,,,,,,,387.0,Jordan,Regular Season - 1,False,4537.0,4531.0,0.0,0.0
League,2026-09-04,Shabab Al Ordon,Al Ramtha,1.0,1.0,,,,,,,,,387.0,Jordan,Regular Season - 1,False,4539.0,4534.0,0.0,0.0
1. Division,2026-09-04,Jaiyq,Yelimay Semey 2,2.0,0.0,,,,,,,,,388.0,Kazakhstan,Regular Season - 21,False,27561.0,27635.0,1.0,0.0
1. Division,2026-09-04,Kaspij Aktau 2,Turan Turkistan,0.0,3.0,,,,,,,,,388.0,Kazakhstan,Regular Season - 9,False,27633.0,21502.0,0.0,2.0
Liga E Pare,2026-09-04,Vëllaznimi,Prishtina e Re,0.0,4.0,,,,,,,,,1195.0,Kosovo,Regular Season - 4,False,15582.0,22816.0,0.0,1.0
Superliga,2026-09-04,Prishtina,Vushtrria,1.0,0.0,,,,,,,,,664.0,Kosovo,Regular Season - 4,False,680.0,14396.0,0.0,0.0
Premier League,2026-09-04,Al Arabi,Al Sulaibikhat,3.0,3.0,,,,,,,,,330.0,Kuwait,Regular Season - 3,False,3532.0,3543.0,2.0,1.0
Premier League,2026-09-04,Al Qadsia,Al Nasar,3.0,0.0,,,,,,,,,330.0,Kuwait,Regular Season - 3,False,3537.0,3536.0,2.0,0.0
Premier League,2026-09-04,Toktogul,Talant,1.0,1.0,,,,,,,,,569.0,Kyrgyzstan,Regular Season - 22,False,27550.0,18731.0,0.0,1.0
1 Lyga,2026-09-04,BFA,Babrungas,2.0,1.0,,,,,,,,,361.0,Lithuania,Regular Season - 23,False,3857.0,14382.0,2.0,0.0
1 Lyga,2026-09-04,Be1 NFA,Kauno Žalgiris II,1.0,0.0,,,,,,,,,361.0,Lithuania,Regular Season - 23,False,16747.0,13971.0,0.0,0.0
1 Lyga,2026-09-04,Hegelmann II,FA Šiauliai II,5.0,1.0,,,,,,,,,361.0,Lithuania,Regular Season - 23,False,23156.0,18840.0,4.0,1.0
1 Lyga,2026-09-04,Jonava,Dainava,0.0,0.0,,,,,,,,,361.0,Lithuania,Regular Season - 23,False,3862.0,3859.0,0.0,0.0
First League,2026-09-04,Bregalnica Štip,Shkëndija Haraçinë,0.0,1.0,,,,,,,,,371.0,Macedonia,Regular Season - 6,False,4333.0,24781.0,0.0,0.0
First League,2026-09-04,Shkendija,Tikveš,1.0,3.0,,,,,,,,,371.0,Macedonia,Regular Season - 6,False,609.0,4348.0,0.0,1.0
Super League,2026-09-04,Kelantan Red Warrior FC,Kuala Lumpur FA,1.0,3.0,,,,,,,,,278.0,Malaysia,Regular Season - 3,False,27373.0,2517.0,1.0,0.0
Liga MX,2026-09-04,FC Juarez,CF Pachuca,0.0,2.0,,,,,,,,,262.0,Mexico,Apertura - 7,False,2298.0,2292.0,0.0,0.0
Liga MX Femenil,2026-09-04,Atlas W,Guadalajara W,0.0,4.0,,,,,,,,,673.0,Mexico,Regular Season - 6,False,14873.0,14876.0,0.0,2.0
Liga MX Femenil,2026-09-04,Pumas UNAM W,América W,1.0,2.0,,,,,,,,,673.0,Mexico,Regular Season - 6,False,14870.0,14868.0,1.0,1.0
Liga MX U21,2026-09-04,Juarez U21,Pachuca U21,1.0,1.0,,,,,,,,,1200.0,Mexico,Regular Season - 7,False,26834.0,26838.0,1.0,1.0
Liga Premier Serie A,2026-09-04,FC Santiago,Héroes de Zaci,3.0,0.0,,,,,,,,,722.0,Mexico,Apertura - 2,False,22055.0,26526.0,1.0,0.0
Liga Premier Serie A,2026-09-04,Guerreros del Pacifico,Ciervos,2.0,0.0,,,,,,,,,722.0,Mexico,Apertura - 2,False,28304.0,15925.0,2.0,0.0
Liga Premier Serie B,2026-09-04,Celaya 2,Cruz Azul Lagunas,2.0,1.0,,,,,,,,,872.0,Mexico,Apertura - 2,False,28297.0,28298.0,1.0,0.0
Liga Premier Serie B,2026-09-04,Huracanes Izcalli,Racing de Veracruz 2,0.0,2.0,,,,,,,,,872.0,Mexico,Apertura - 2,False,17806.0,28302.0,0.0,2.0
Liga de Expansión MX,2026-09-04,CA La Paz,Mineros de Zacatecas,3.0,0.0,,,,,,,,,263.0,Mexico,Apertura - 7,False,19024.0,2299.0,1.0,0.0
Liga de Expansión MX,2026-09-04,Durango,Tlaxcala,1.0,1.0,,,,,,,,,263.0,Mexico,Apertura - 7,False,15941.0,14280.0,0.0,1.0
Primera Premier,2026-09-04,Reboceros La Piedad,H2O Purepechas,3.0,0.0,,,,,,,,,1242.0,Mexico,Regular Season - 2,False,15937.0,28340.0,1.0,0.0
Liga 1,2026-09-04,Oguzsport,Victoria Bardar,1.0,1.0,,,,,,,,,395.0,Moldova,Regular Season - 6,False,24956.0,5384.0,,
Liga 1,2026-09-04,Spartanii Selemet,Zimbru II,3.0,4.0,,,,,,,,,395.0,Moldova,Regular Season - 6,False,5380.0,26152.0,1.0,2.0
First League,2026-09-04,Petrovac,Sutjeska,0.0,0.0,,,,,,,,,355.0,Montenegro,Regular Season - 6,False,3741.0,673.0,0.0,0.0
National League,2026-09-04,GFA,Yangon United,1.0,5.0,,,,,,,,,588.0,Myanmar,Regular Season - 2,False,12533.0,8013.0,1.0,2.0
National League,2026-09-04,Yangon Royals,Yadanarbon,0.0,0.0,,,,,,,,,588.0,Myanmar,Regular Season - 2,False,28338.0,8017.0,0.0,0.0
Eerste Divisie,2026-09-04,Almere City FC,Jong Ajax,0.0,1.0,,,,,,,,,89.0,Netherlands,Regular Season - 5,False,419.0,425.0,0.0,0.0
Eerste Divisie,2026-09-04,Emmen,FC Volendam,5.0,3.0,,,,,,,,,89.0,Netherlands,Regular Season - 5,False,208.0,416.0,1.0,0.0
Eerste Divisie,2026-09-04,Helmond Sport,VVV Venlo,4.0,2.0,,,,,,,,,89.0,Netherlands,Regular Season - 5,False,424.0,204.0,2.0,0.0
Eerste Divisie,2026-09-04,Heracles,De Graafschap,5.0,0.0,,,,,,,,,89.0,Netherlands,Regular Season - 5,False,206.0,199.0,2.0,0.0
Eerste Divisie,2026-09-04,Vitesse,FC OSS,2.0,1.0,,,,,,,,,89.0,Netherlands,Regular Season - 5,False,200.0,423.0,0.0,0.0
Eerste Divisie,2026-09-04,Waalwijk,NAC Breda,4.0,2.0,,,,,,,,,89.0,Netherlands,Regular Season - 5,False,417.0,203.0,1.0,0.0
Eredivisie,2026-09-04,Sparta Rotterdam,PEC Zwolle,2.0,2.0,,,,,,,,,88.0,Netherlands,Regular Season - 5,False,426.0,193.0,1.0,1.0
Championship,2026-09-04,Annagh United,Ards,2.0,1.0,,,,,,,,,407.0,Northern-Ireland,Regular Season - 6,False,11109.0,5338.0,,
Championship,2026-09-04,Newry City AFC,Armagh City,2.0,2.0,,,,,,,,,407.0,Northern-Ireland,Regular Season - 6,False,5346.0,11110.0,,
Premiership,2026-09-04,Larne,Glentoran,2.0,1.0,,,,,,,,,408.0,Northern-Ireland,Regular Season - 5,False,5354.0,5352.0,0.0,0.0
Premiership Women,2026-09-04,Crusaders W,Larne W,3.0,0.0,,,,,,,,,1103.0,Northern-Ireland,Group Stage,False,21488.0,23629.0,0.0,0.0
Premiership Women,2026-09-04,Derry City W,Cliftonville W,0.0,4.0,,,,,,,,,1103.0,Northern-Ireland,Group Stage,False,23632.0,21486.0,0.0,3.0
Premiership Women,2026-09-04,Lisburn Ladies W,Glentoran BU W,0.0,4.0,,,,,,,,,1103.0,Northern-Ireland,Group Stage,False,23261.0,16840.0,0.0,2.0
Premiership Women,2026-09-04,Lisburn Rangers W,Linfield W,5.0,2.0,,,,,,,,,1103.0,Northern-Ireland,Group Stage,False,23630.0,10918.0,4.0,1.0
1. Division Women,2026-09-04,Fyllingsdalen W,Odd W,4.0,2.0,,,,,,,,,915.0,Norway,Regular Season - 16,False,20885.0,22859.0,1.0,1.0
1. Division Women,2026-09-04,Åsane W,Viking FK W,1.0,1.0,,,,,,,,,915.0,Norway,Regular Season - 11,False,18992.0,22860.0,1.0,1.0
3. Division - Girone 1,2026-09-04,Gamle Oslo,Heming,2.0,1.0,,,,,,,,,774.0,Norway,Regular Season - 18,False,18924.0,6995.0,1.0,1.0
Eliteserien,2026-09-04,Aalesund,Start,2.0,0.0,,,,,,,,,103.0,Norway,Regular Season - 20,False,757.0,334.0,2.0,0.0
Eliteserien,2026-09-04,Fredrikstad,Bodo/Glimt,1.0,2.0,,,,,,,,,103.0,Norway,Regular Season - 20,False,2149.0,327.0,0.0,1.0
Eliteserien,2026-09-04,Sandefjord,Viking,1.0,1.0,,,,,,,,,103.0,Norway,Regular Season - 20,False,332.0,759.0,0.0,0.0
Liga Panameña de Fútbol,2026-09-04,CD Arabe Unido,Veraguas,3.0,1.0,,,,,,,,,304.0,Panama,Apertura - 7,False,2882.0,15620.0,2.0,0.0
Division Intermedia,2026-09-04,Independiente F.b.c.,Fernando De La Mora,0.0,0.0,,,,,,,,,251.0,Paraguay,Regular Season - 22,False,1186.0,2130.0,0.0,0.0
Division Intermedia,2026-09-04,Resistencia,Guairena FC,2.0,1.0,,,,,,,,,251.0,Paraguay,Regular Season - 22,False,2135.0,2138.0,1.0,1.0
Division Intermedia,2026-09-04,Sportivo Carapeguá,Paraguari AC,2.0,3.0,,,,,,,,,251.0,Paraguay,Regular Season - 22,False,20786.0,27627.0,0.0,2.0
Liga Women,2026-09-04,FBC Melgar W,Killas W,1.0,0.0,,,,,,,,,1229.0,Peru,Clausura - 8,False,27775.0,27777.0,,
Primera División,2026-09-04,Alianza Atletico,UTC Cajamarca,3.0,2.0,,,,,,,,,281.0,Peru,Clausura - 8,False,2560.0,2539.0,2.0,1.0
Primera División,2026-09-04,FC Cajamarca,Cienciano,2.0,5.0,,,,,,,,,281.0,Peru,Clausura - 8,False,22543.0,2562.0,2.0,3.0
Segunda División,2026-09-04,Comerciantes,Ayacucho FC,5.0,1.0,,,,,,,,,282.0,Peru,Regular Season - 17,False,10494.0,2542.0,1.0,0.0
Segunda División,2026-09-04,Sport Huancayo 2,Deportivo Binacional,7.0,0.0,,,,,,,,,282.0,Peru,Regular Season - 17,False,27639.0,2550.0,4.0,0.0
Ekstraklasa,2026-09-04,Piast Gliwice,GKS Katowice,3.0,0.0,,,,,,,,,106.0,Poland,Regular Season - 7,False,349.0,3484.0,2.0,0.0
I Liga,2026-09-04,Nieciecza,Lechia Gdansk,2.0,1.0,,,,,,,,,107.0,Poland,Regular Season - 7,False,3487.0,343.0,0.0,0.0
I Liga,2026-09-04,Pogoń Grod. Mazowiecki,Warta Poznań,1.0,0.0,,,,,,,,,107.0,Poland,Regular Season - 7,False,14750.0,3496.0,0.0,0.0
II Liga - East,2026-09-04,Stal Stalowa Wola,Zawisza Bydgoszcz,3.0,3.0,,,,,,,,,109.0,Poland,Regular Season - 7,False,6958.0,13843.0,1.0,1.0
III Liga - Group 1,2026-09-04,Pelikan Łowicz,Swit,4.0,1.0,,,,,,,,,780.0,Poland,Group I - 7,False,12829.0,12869.0,1.0,0.0
III Liga - Group 1,2026-09-04,Warta Sieradz,Olimpia Elbląg,4.0,1.0,,,,,,,,,780.0,Poland,Group I - 7,False,19619.0,6945.0,2.0,1.0
III Liga - Group 2,2026-09-04,Elana Toruń,Wda Świecie,1.0,2.0,,,,,,,,,781.0,Poland,Group II - 7,False,6938.0,24328.0,0.0,0.0
III Liga - Group 2,2026-09-04,Unia Swarzędz,Lech Poznań II,1.0,1.0,,,,,,,,,781.0,Poland,Group II - 7,False,16257.0,9133.0,1.0,1.0
III Liga - Group 4,2026-09-04,Sokół Kolb.,Star Starachowice,0.0,0.0,,,,,,,,,783.0,Poland,Group IV - 7,False,26185.0,21660.0,0.0,0.0
Campeonato de Portugal Prio - Group B,2026-09-04,Salgueiros,Machico,1.0,1.0,,,,,,,,,458.0,Portugal,Group B - 16,False,4859.0,4764.0,0.0,1.0
Liga 3,2026-09-04,União Santarém,Caldas,0.0,1.0,,,,,,,,,865.0,Portugal,Regular Season - 4,False,6369.0,4733.0,0.0,1.0
Primeira Liga,2026-09-04,FC Porto,Moreirense,2.0,1.0,,,,,,,,,94.0,Portugal,Regular Season - 5,False,212.0,215.0,1.0,1.0
Stars League,2026-09-04,Al Shamal,Al Shahaniya,4.0,2.0,,,,,,,,,305.0,Qatar,Regular Season - 3,False,2916.0,2893.0,1.0,1.0
Stars League,2026-09-04,Lusail City,Al Wakrah,4.0,0.0,,,,,,,,,305.0,Qatar,Regular Season - 3,False,7527.0,2900.0,3.0,0.0
Liga I,2026-09-04,CFR 1907 Cluj,Farul Constanta,0.0,0.0,,,,,,,,,283.0,Romania,Regular Season - 8,False,2246.0,2596.0,0.0,0.0
Liga II,2026-09-04,Slatina,Chindia Targoviste,3.0,2.0,,,,,,,,,284.0,Romania,Regular Season - 6,False,6898.0,2586.0,1.0,0.0
Liga III - Serie 1,2026-09-04,Aerostar Bacau,Gheorgheni,2.0,1.0,,,,,,,,,784.0,Romania,Group 1 - 2,False,2593.0,7473.0,1.0,0.0
Liga III - Serie 1,2026-09-04,Odorheiu Secuiesc,CSM FC Vaslui,1.0,1.0,,,,,,,,,784.0,Romania,Group 1 - 2,False,6883.0,7467.0,0.0,0.0
Liga III - Serie 1,2026-09-04,Paşcani,CSM Adjud,1.0,2.0,,,,,,,,,784.0,Romania,Group 1 - 2,False,6887.0,21665.0,0.0,0.0
Liga III - Serie 2,2026-09-04,Inter Sibiu,Săcele,0.0,1.0,,,,,,,,,785.0,Romania,Group 2 - 2,False,26845.0,6905.0,,
Liga III - Serie 2,2026-09-04,Sepsi II,Tricolorul Breaza,3.0,2.0,,,,,,,,,785.0,Romania,Group 2 - 2,False,16294.0,22203.0,0.0,1.0
Liga III - Serie 3,2026-09-04,Blejoi,Voința Crevedia,3.0,1.0,,,,,,,,,786.0,Romania,Group 3 - 2,False,7461.0,26678.0,2.0,1.0
Liga III - Serie 3,2026-09-04,Flacăra Moreni,Urban Titu,5.0,0.0,,,,,,,,,786.0,Romania,Group 3 - 2,False,6862.0,24379.0,3.0,0.0
Liga III - Serie 5,2026-09-04,Alexandria,Progresul Spartac,1.0,0.0,,,,,,,,,788.0,Romania,Group 5 - 2,False,6842.0,6892.0,0.0,0.0
Liga III - Serie 5,2026-09-04,Cetatea,FCSB II,9.0,0.0,,,,,,,,,788.0,Romania,Group 5 - 2,False,19174.0,16287.0,4.0,0.0
Liga III - Serie 5,2026-09-04,Dinamo Bucureşti II,Axi Adunații-Copăceni,0.0,2.0,,,,,,,,,788.0,Romania,Group 5 - 2,False,16286.0,24361.0,0.0,2.0
Liga III - Serie 5,2026-09-04,LPS HD Clinceni,Dunărea 2020 Giurgiu,1.0,3.0,,,,,,,,,788.0,Romania,Group 5 - 2,False,23382.0,14582.0,0.0,0.0
Liga III - Serie 5,2026-09-04,Oxigen Bucuresti,Omega Sport,1.0,2.0,,,,,,,,,788.0,Romania,Group 5 - 2,False,28327.0,28326.0,0.0,0.0
Liga III - Serie 5,2026-09-04,Progresul Mogosoaia,Voluntari II,1.0,0.0,,,,,,,,,788.0,Romania,Group 5 - 2,False,26677.0,16289.0,0.0,0.0
Liga III - Serie 6,2026-09-04,CSM Targu Jiu,Filiaşi,3.0,1.0,,,,,,,,,789.0,Romania,Group 6 - 2,False,26679.0,6861.0,2.0,0.0
Liga III - Serie 6,2026-09-04,Unirea Bascov,CS Drobeta-Turnu Severin,0.0,2.0,,,,,,,,,789.0,Romania,Group 6 - 2,False,6912.0,28322.0,0.0,1.0
Liga III - Serie 7,2026-09-04,Ghiroda şi Giarmata Vii,Metalurgistul Cugir,3.0,3.0,,,,,,,,,790.0,Romania,Group 7 - 2,False,6865.0,6876.0,2.0,1.0
Liga III - Serie 7,2026-09-04,Progresul Pecica,Poli Timisoara 2,5.0,2.0,,,,,,,,,790.0,Romania,Group 7 - 2,False,7483.0,28329.0,2.0,1.0
Liga III - Serie 7,2026-09-04,Timişul Şag,Cetate Deva,1.0,1.0,,,,,,,,,790.0,Romania,Group 7 - 2,False,24842.0,6853.0,1.0,0.0
Liga III - Serie 7,2026-09-04,Universitatea Alba Iulia,Viitorul Arad,2.0,2.0,,,,,,,,,790.0,Romania,Group 7 - 2,False,14596.0,21680.0,1.0,0.0
Liga III - Serie 8,2026-09-04,Unirea Dej,SCM Zalău,0.0,2.0,,,,,,,,,791.0,Romania,Group 8 - 2,False,6914.0,7488.0,0.0,2.0
Liga III - Serie 8,2026-09-04,Viitorul Cluj,Bihorul Beiuş,1.0,1.0,,,,,,,,,791.0,Romania,Group 8 - 2,False,19851.0,24362.0,1.0,1.0
First League,2026-09-04,Tekstilshchik,Torpedo Moskva,1.0,4.0,,,,,,,,,236.0,Russia,Regular Season - 10,False,3984.0,3985.0,0.0,2.0
Supreme Division Women,2026-09-04,Krylya Sovetov W,Dinamo Moskva W,0.0,1.0,,,,,,,,,649.0,Russia,Regular Season - 18,False,21119.0,21118.0,0.0,1.0
Youth Championship,2026-09-04,Akademiya Konoplev U20,Ural U20,3.0,0.0,,,,,,,,,238.0,Russia,Regular Season - 22,False,15175.0,9231.0,2.0,0.0
Youth Championship,2026-09-04,CSKA Moskva U19,Nizhny Novgorod U19,5.0,1.0,,,,,,,,,238.0,Russia,Regular Season - 22,False,7951.0,17151.0,1.0,0.0
Youth Championship,2026-09-04,Chertanovo U20,Almaz Antey U19,1.0,2.0,,,,,,,,,238.0,Russia,Regular Season - 22,False,15176.0,27473.0,0.0,0.0
Youth Championship,2026-09-04,Fakel U19,Dinamo Moskva U19,0.0,1.0,,,,,,,,,238.0,Russia,Regular Season - 22,False,19295.0,16594.0,0.0,1.0
Youth Championship,2026-09-04,Krasnodar U19,Dynamo Makhachkala U19,1.0,2.0,,,,,,,,,238.0,Russia,Regular Season - 22,False,7985.0,27236.0,0.0,1.0
Youth Championship,2026-09-04,Rodina Moscow U19,Lokomotiv Moskva U19,6.0,1.0,,,,,,,,,238.0,Russia,Regular Season - 22,False,27237.0,7910.0,2.0,0.0
Youth Championship,2026-09-04,Rostov U19,Spartak Moskva U19,0.0,0.0,,,,,,,,,238.0,Russia,Regular Season - 22,False,16595.0,7996.0,0.0,0.0
Youth Championship,2026-09-04,Zenit U19,Rubin Kazan U20,5.0,0.0,,,,,,,,,238.0,Russia,Regular Season - 22,False,7941.0,9226.0,3.0,0.0
Campionato,2026-09-04,Domagnano,San Giovanni,4.0,0.0,,,,,,,,,404.0,San-Marino,Regular Season - 2,False,5299.0,5307.0,3.0,0.0
Campionato,2026-09-04,Faetano,Tre Fiori,0.0,4.0,,,,,,,,,404.0,San-Marino,Regular Season - 2,False,5300.0,2260.0,0.0,1.0
Campionato,2026-09-04,Fiorentino,Virtus,0.0,1.0,,,,,,,,,404.0,San-Marino,Regular Season - 2,False,5301.0,5308.0,0.0,1.0
Campionato,2026-09-04,Tre Penne,Cosmos,2.0,0.0,,,,,,,,,404.0,San-Marino,Regular Season - 2,False,700.0,5298.0,1.0,0.0
Pro League,2026-09-04,Abha,Al-Ettifaq,0.0,1.0,,,,,,,,,307.0,Saudi-Arabia,Regular Season - 5,False,2951.0,2934.0,0.0,0.0
Pro League,2026-09-04,Al Shabab,Al-Hilal Saudi FC,0.0,2.0,,,,,,,,,307.0,Saudi-Arabia,Regular Season - 5,False,2940.0,2932.0,0.0,0.0
Pro League,2026-09-04,Al-Ahli Jeddah,Al Riyadh,5.0,0.0,,,,,,,,,307.0,Saudi-Arabia,Regular Season - 5,False,2929.0,10511.0,3.0,0.0
Championship,2026-09-04,Livingston,Stenhousemuir,0.0,1.0,,,,,,,,,180.0,Scotland,Regular Season - 5,False,255.0,6784.0,0.0,1.0
Super Liga,2026-09-04,Novi Pazar,Železničar Pančevo,2.0,0.0,,,,,,,,,286.0,Serbia,Regular Season - 8,False,2643.0,12360.0,0.0,0.0
U19 league,2026-09-04,Vojvodina U19,Mladost Lucani U19,3.0,1.0,,,,,,,,,1241.0,Serbia,Regular Season - 5,False,28270.0,28268.0,0.0,1.0
2. liga,2026-09-04,Liptovský Mikuláš,Inter Bratislava,3.0,3.0,,,,,,,,,506.0,Slovakia,Regular Season - 7,False,10536.0,10547.0,2.0,2.0
3. liga - West,2026-09-04,Baník Prievidza,DAC II,3.0,2.0,,,,,,,,,644.0,Slovakia,West - 5,False,14943.0,26244.0,1.0,1.0
3. liga - West,2026-09-04,Gabčíkovo,Komárno II,0.0,1.0,,,,,,,,,644.0,Slovakia,West - 5,False,21926.0,26245.0,0.0,1.0
3. liga - West,2026-09-04,MŠK Senec,Rača,0.0,1.0,,,,,,,,,644.0,Slovakia,West - 5,False,14044.0,14046.0,0.0,0.0
1. SNL,2026-09-04,Nafta,Radomlje,3.0,1.0,,,,,,,,,373.0,Slovenia,Regular Season - 8,False,4376.0,4378.0,0.0,0.0
2. SNL,2026-09-04,Dekani,Tabor Sežana,0.0,0.0,,,,,,,,,374.0,Slovenia,Regular Season - 5,False,4370.0,4362.0,0.0,0.0
2. SNL,2026-09-04,Dren Vrhnika,Rudar,4.0,2.0,,,,,,,,,374.0,Slovenia,Regular Season - 5,False,20127.0,4361.0,2.0,1.0
2. SNL,2026-09-04,Ilirija,Primorje,0.0,0.0,,,,,,,,,374.0,Slovenia,Regular Season - 5,False,4381.0,14007.0,0.0,0.0
2. SNL,2026-09-04,Triglav,Bistrica,1.0,0.0,,,,,,,,,374.0,Slovenia,Regular Season - 5,False,4363.0,6718.0,0.0,0.0
3. SNL - East,2026-09-04,Korotan Prevalje,Čarda Martjanci,1.0,1.0,,,,,,,,,794.0,Slovenia,East - 4,False,16303.0,14454.0,0.0,0.0
3. SNL - West,2026-09-04,Šencur,Žiri,0.0,0.0,,,,,,,,,795.0,Slovenia,West - 4,False,6727.0,16315.0,0.0,0.0
1st Division,2026-09-04,Casric Stars,Midlands Wanderers,1.0,0.0,,,,,,,,,289.0,South-Africa,Regular Season - 3,False,19997.0,26397.0,0.0,0.0
Premier Soccer League,2026-09-04,Marumo Gallants,Polokwane City,2.0,2.0,,,,,,,,,288.0,South-Africa,Regular Season - 5,False,2682.0,2693.0,2.0,2.0
Premier Soccer League,2026-09-04,Richards Bay,Amazulu,1.0,2.0,,,,,,,,,288.0,South-Africa,Regular Season - 5,False,10567.0,2669.0,0.0,0.0
Super League Women,2026-09-04,First Touch W,Ezemvelo W,1.0,0.0,,,,,,,,,1243.0,South-Africa,Group Stage,False,28354.0,28353.0,,
K League 2,2026-09-04,Cheongju,Seoul E-Land FC,0.0,2.0,,,,,,,,,293.0,South-Korea,Regular Season - 25,False,7061.0,2749.0,0.0,2.0
K League 2,2026-09-04,Paju Citizen,Daegu FC,0.0,0.0,,,,,,,,,293.0,South-Korea,Regular Season - 25,False,7098.0,2747.0,0.0,0.0
La Liga,2026-09-04,Real Betis,Real Madrid,1.0,0.0,,,,,,,,,140.0,Spain,Regular Season - 4,False,543.0,541.0,0.0,0.0
Primera División RFEF - Group 1,2026-09-04,Ponferradina,Lugo,0.0,0.0,,,,,,,,,435.0,Spain,Group 1 - 2,False,4907.0,716.0,0.0,0.0
Primera División RFEF - Group 2,2026-09-04,Villarreal II,Algeciras,2.0,1.0,,,,,,,,,436.0,Spain,Group 2 - 2,False,9595.0,9597.0,1.0,1.0
Segunda División,2026-09-04,Las Palmas,Leganes,0.0,0.0,,,,,,,,,141.0,Spain,Regular Season - 4,False,534.0,537.0,0.0,0.0
Division 2 - Norra Götaland,2026-09-04,Kumla,IFK Skövde,0.0,0.0,,,,,,,,,592.0,Sweden,Norra Götaland - 20,False,12598.0,16605.0,0.0,0.0
Division 2 - Norra Götaland,2026-09-04,Vänersborgs FK,Ahlafors,1.0,0.0,,,,,,,,,592.0,Sweden,Norra Götaland - 20,False,12577.0,12570.0,0.0,0.0
Division 2 - Södra Svealand,2026-09-04,Rågsved,Haninge,2.0,1.0,,,,,,,,,595.0,Sweden,Södra Svealand - 20,False,16745.0,6672.0,0.0,1.0
Division 2 - Västra Götaland,2026-09-04,Landvetter IS,Kongahälla,3.0,4.0,,,,,,,,,596.0,Sweden,Västra Götaland - 20,False,18424.0,22935.0,2.0,0.0
Ettan - Norra,2026-09-04,Assyriska FF,Stocksund,2.0,1.0,,,,,,,,,563.0,Sweden,Norra - 20,False,2169.0,6700.0,2.0,0.0
Ettan - Södra,2026-09-04,Rosengård,Laholm,4.0,2.0,,,,,,,,,564.0,Sweden,Södra - 20,False,6694.0,12657.0,1.0,1.0
Superettan,2026-09-04,IFK Norrkoping,Ljungskile SK,2.0,2.0,,,,,,,,,114.0,Sweden,Regular Season - 22,False,378.0,2165.0,1.0,1.0
Superettan,2026-09-04,Osters IF,United Nordic,1.0,2.0,,,,,,,,,114.0,Sweden,Regular Season - 22,False,2174.0,16601.0,0.0,0.0
1. Liga Classic - Group 1,2026-09-04,Portalban / Gletterens,Lausanne Sport II,1.0,2.0,,,,,,,,,599.0,Switzerland,Group 1 - 5,False,16337.0,12693.0,1.0,0.0
AXA Women’s Super League,2026-09-04,Basel W,St. Gallen W,1.0,0.0,,,,,,,,,739.0,Switzerland,Regular Season - 4,False,16038.0,16041.0,1.0,0.0
Challenge League,2026-09-04,FC Aarau,Rapperswil,3.0,2.0,,,,,,,,,208.0,Switzerland,Regular Season - 7,False,2177.0,2185.0,0.0,1.0
Challenge League,2026-09-04,FC Winterthur,Neuchatel Xamax FC,4.0,0.0,,,,,,,,,208.0,Switzerland,Regular Season - 7,False,2180.0,1015.0,3.0,0.0
Challenge League,2026-09-04,SC Kriens,Stade Lausanne-Ouchy,0.0,2.0,,,,,,,,,208.0,Switzerland,Regular Season - 7,False,2186.0,4269.0,0.0,2.0
Challenge League,2026-09-04,Étoile Carouge,FC WIL 1900,1.0,1.0,,,,,,,,,208.0,Switzerland,Regular Season - 7,False,6654.0,2179.0,1.0,0.0
Ligi kuu Bara,2026-09-04,Dodoma Jiji,Mashujaa,1.0,0.0,,,,,,,,,567.0,Tanzania,Regular Season - 5,False,14345.0,22176.0,0.0,0.0
Ligi kuu Bara,2026-09-04,Tabora United,Mbeya City,0.0,0.0,,,,,,,,,567.0,Tanzania,Regular Season - 5,False,22175.0,12194.0,0.0,0.0
Thai League 1,2026-09-04,Pattani,BG Pathum United,0.0,0.0,,,,,,,,,296.0,Thailand,Regular Season - 1,False,6582.0,2769.0,0.0,0.0
Thai League 2,2026-09-04,Uttaradit,Muangthong United,0.0,0.0,,,,,,,,,297.0,Thailand,Regular Season - 1,False,6610.0,2786.0,0.0,0.0
Süper Lig,2026-09-04,Başakşehir,Galatasaray,2.0,3.0,,,,,,,,,203.0,Turkey,Regular Season - 4,False,564.0,645.0,0.0,1.0
MLS Next Pro,2026-09-04,Carolina Core,New England II,2.0,2.0,,,,,,,,,909.0,USA,Group Stage,False,23063.0,10281.0,0.0,0.0
MLS Next Pro,2026-09-04,Crown Legacy,Chicago Fire II,4.0,0.0,,,,,,,,,909.0,USA,Group Stage,False,21139.0,4040.0,2.0,0.0
MLS Next Pro,2026-09-04,Houston Dynamo FC II,Austin II,0.0,2.0,,,,,,,,,909.0,USA,Group Stage,False,18813.0,21138.0,0.0,1.0
MLS Next Pro,2026-09-04,Inter Miami II,Orlando City II,1.0,4.0,,,,,,,,,909.0,USA,Group Stage,False,10280.0,4026.0,1.0,3.0
MLS Next Pro,2026-09-04,North Texas,Real Monarchs,4.0,1.0,,,,,,,,,909.0,USA,Group Stage,False,10282.0,4012.0,0.0,1.0
MLS Next Pro,2026-09-04,Philadelphia Union II,Columbus Crew II,1.0,0.0,,,,,,,,,909.0,USA,Group Stage,False,3988.0,18811.0,0.0,0.0
MLS Next Pro,2026-09-04,Toronto II,FC Cincinnati II,2.0,1.0,,,,,,,,,909.0,USA,Group Stage,False,4025.0,18812.0,1.0,1.0
Major League Soccer,2026-09-04,New York City FC,Nashville SC,0.0,0.0,,,,,,,,,253.0,USA,Regular Season - 23,False,1604.0,9569.0,0.0,0.0
NWSL Women,2026-09-04,Bay FC W,Kansas City W,1.0,2.0,,,,,,,,,254.0,USA,Group Stage,False,22943.0,16487.0,1.0,1.0
NWSL Women,2026-09-04,Utah Royals W,Boston Legacy W,1.0,2.0,,,,,,,,,254.0,USA,Group Stage,False,3004.0,27377.0,1.0,1.0
USL Championship,2026-09-04,Loudoun United,Colorado Springs,4.0,5.0,,,,,,,,,255.0,USA,Group Stage,False,3999.0,3992.0,1.0,1.0
USL Super League,2026-09-04,DC Power W,Sporting JAX W,1.0,1.0,,,,,,,,,1130.0,USA,Group Stage,False,24659.0,25855.0,0.0,0.0
Premier League,2026-09-04,URA,SC Villa,0.0,1.0,,,,,,,,,585.0,Uganda,Regular Season - 2,False,12459.0,12457.0,0.0,1.0
Druha Liga,2026-09-04,Atlet,Oleksandria II,2.0,0.0,,,,,,,,,336.0,Ukraine,Regular Season - 5,False,26187.0,24588.0,2.0,0.0
Druha Liga,2026-09-04,Dinaz Vyshhorod,Vilkhivtsi,2.0,2.0,,,,,,,,,336.0,Ukraine,Regular Season - 5,False,6487.0,24570.0,1.0,2.0
Druha Liga,2026-09-04,Karbon Cherkasy,Lozova,1.0,0.0,,,,,,,,,336.0,Ukraine,Regular Season - 5,False,26451.0,26758.0,1.0,0.0
Druha Liga,2026-09-04,Nyva Vinnytsya,Nyva Ternopil II,4.0,1.0,,,,,,,,,336.0,Ukraine,Regular Season - 5,False,6494.0,24587.0,3.0,0.0
Persha Liga,2026-09-04,Kolos Kovalivka II,Lokomotiv Kyiv,1.0,0.0,,,,,,,,,334.0,Ukraine,Regular Season - 6,False,24585.0,21954.0,0.0,0.0
Persha Liga,2026-09-04,SK Poltava,Inhulets,0.0,0.0,,,,,,,,,334.0,Ukraine,Regular Season - 6,False,17165.0,3625.0,0.0,0.0
Premier League,2026-09-04,Chornomorets,Livyi Bereh,0.0,0.0,,,,,,,,,333.0,Ukraine,Regular Season - 5,False,3615.0,17162.0,0.0,0.0
Premier League,2026-09-04,Polessya,Kudrivka,5.0,1.0,,,,,,,,,333.0,Ukraine,Regular Season - 5,False,6496.0,21953.0,2.0,1.0
Division 1,2026-09-04,Al Bataeh,Al Arabi,1.0,2.0,,,,,,,,,303.0,United-Arab-Emirates,Regular Season - 3,False,9136.0,9135.0,0.0,1.0
Division 1,2026-09-04,Al Urooba,Al Jazira Al Hamra,2.0,0.0,,,,,,,,,303.0,United-Arab-Emirates,Regular Season - 3,False,9139.0,13265.0,0.0,0.0
Division 1,2026-09-04,Gulf United,Al Thaid,2.0,3.0,,,,,,,,,303.0,United-Arab-Emirates,Regular Season - 3,False,22322.0,9138.0,1.0,1.0
Pro League,2026-09-04,Al-Ittihad Kalba,Al Ain,0.0,2.0,,,,,,,,,301.0,United-Arab-Emirates,Regular Season - 4,False,2876.0,2865.0,0.0,2.0
Pro League,2026-09-04,Al-Wasl FC,Khorfakkan,5.0,2.0,,,,,,,,,301.0,United-Arab-Emirates,Regular Season - 4,False,2872.0,4912.0,2.0,0.0
Primera División,2026-09-04,Atletico Torque,Cerro Largo,2.0,1.0,,,,,,,,,268.0,Uruguay,Clausura - 5,False,2365.0,2369.0,0.0,1.0
Segunda División,2026-09-04,La Luz,Sportivo Huracan,1.0,3.0,,,,,,,,,269.0,Uruguay,2nd Phase - 17,False,18295.0,2377.0,1.0,1.0
Super League,2026-09-04,Bunyodkor,Surkhon,0.0,1.0,,,,,,,,,369.0,Uzbekistan,Regular Season - 20,False,4210.0,4225.0,0.0,0.0
Super League,2026-09-04,Nasaf,Neftchi,6.0,2.0,,,,,,,,,369.0,Uzbekistan,Regular Season - 20,False,4215.0,4217.0,4.0,0.0
Super League,2026-09-04,Navbahor,Lokomotiv,1.0,1.0,,,,,,,,,369.0,Uzbekistan,Regular Season - 20,False,4216.0,3695.0,1.0,0.0
Super League,2026-09-04,Pakhtakor,Andijan,3.0,0.0,,,,,,,,,369.0,Uzbekistan,Regular Season - 20,False,4220.0,4209.0,2.0,0.0
V.League 1,2026-09-04,Bình Phước,Viettel,0.0,2.0,,,,,,,,,340.0,Vietnam,Regular Season - 1,False,9161.0,3681.0,0.0,0.0
FAW Championship,2026-09-04,Baglan Dragons,Afan Lido,2.0,1.0,,,,,,,,,111.0,Wales,South - 7,False,20358.0,2200.0,2.0,0.0
FAW Championship,2026-09-04,Ruthin Town,Caersws,0.0,3.0,,,,,,,,,111.0,Wales,North - 7,False,5624.0,6445.0,0.0,2.0
FAW Championship,2026-09-04,Trethomas Bluebirds,Caerphilly Athletic,2.0,2.0,,,,,,,,,111.0,Wales,South - 7,False,11310.0,11283.0,1.0,1.0
FAW Championship,2026-09-04,llanelli AFC,Treowen Stars,0.0,2.0,,,,,,,,,111.0,Wales,South - 7,False,355.0,11309.0,0.0,1.0
Premier League,2026-09-04,Briton Ferry,Airbus UK,0.0,2.0,,,,,,,,,110.0,Wales,Regular Season - 7,False,2201.0,4909.0,0.0,1.0
Premier League,2026-09-04,Caernarfon Town,Flint Town United,3.0,0.0,,,,,,,,,110.0,Wales,Regular Season - 7,False,356.0,5614.0,1.0,0.0
Premier League,2026-09-04,Cardiff MET,Cambrian & Clydach,2.0,2.0,,,,,,,,,110.0,Wales,Regular Season - 7,False,353.0,2202.0,1.0,0.0
Premier League,2026-09-04,GAP Connah S Quay FC,Haverfordwest County AFC,1.0,1.0,,,,,,,,,110.0,Wales,Regular Season - 7,False,357.0,2194.0,0.0,0.0
Premier League,2026-09-04,Holywell,Trefelin,1.0,1.0,,,,,,,,,110.0,Wales,Regular Season - 7,False,6459.0,6479.0,0.0,0.0
Premier League,2026-09-04,Llandudno,Ammanford AFC,2.0,0.0,,,,,,,,,110.0,Wales,Regular Season - 7,False,362.0,2188.0,1.0,0.0
ASEAN Club Championship,2026-09-04,Manila Digger,Kasuka,5.0,1.0,,,,,,,,,1129.0,World,Play-offs,True,21576.0,16066.0,2.0,0.0
CAF Champions League,2026-09-04,Asswehly,KVZ,1.0,0.0,,,,,,,,,12.0,World,1st Preliminary Round,True,12436.0,8103.0,0.0,0.0
CAF Champions League,2026-09-04,JS Saoura,Horoya,1.0,0.0,,,,,,,,,12.0,World,1st Preliminary Round,True,914.0,4417.0,1.0,0.0
CAF Champions League,2026-09-04,Port,Zamalek SC,1.0,2.0,,,,,,,,,12.0,World,1st Preliminary Round,True,26759.0,1040.0,0.0,2.0
CAF Confederation Cup,2026-09-04,AS PSI,Korhogo,2.0,2.0,,,,,,,,,20.0,World,1st Preliminary Round,True,24425.0,18179.0,0.0,1.0
CAF Confederation Cup,2026-09-04,ASPL 2000,Galaxy,1.0,1.0,,,,,,,,,20.0,World,1st Preliminary Round,True,8078.0,5422.0,1.0,1.0
CAF Confederation Cup,2026-09-04,Al Hilal Port Sudan,Welwalo Adigrat Uni,2.0,1.0,,,,,,,,,20.0,World,1st Preliminary Round,True,15595.0,4125.0,1.0,1.0
CAF Confederation Cup,2026-09-04,ES Zarzis,Diambars,3.0,1.0,,,,,,,,,20.0,World,1st Preliminary Round,True,989.0,5552.0,1.0,1.0
CAF Confederation Cup,2026-09-04,Panthère,Rayon Sports,1.0,1.0,,,,,,,,,20.0,World,1st Preliminary Round,True,5564.0,5323.0,1.0,0.0
Friendlies Clubs,2026-09-04,Jabal Al Mukaber,Shabab Al Khaleel,3.0,2.0,,,,,,,,,667.0,World,Club Friendlies,False,12484.0,8046.0,2.0,0.0
Friendlies Clubs,2026-09-04,Olympic,Brisbane Roar,3.0,4.0,,,,,,,,,667.0,World,Club Friendlies,False,10220.0,947.0,,
Premier Soccer League,2026-09-04,Herentals,Bulawayo Chiefs,2.0,1.0,,,,,,,,,401.0,Zimbabwe,Regular Season - 28,False,5223.0,5217.0,0.0,0.0
Ligue 1,2026-09-03,ES Setif,Ben Aknoun,0.0,1.0,,,,,,,,,186.0,Algeria,Regular Season - 1,False,905.0,10792.0,0.0,0.0
Ligue 1,2026-09-03,JS El Biar,Olympique Akbou,0.0,2.0,,,,,,,,,186.0,Algeria,Regular Season - 1,False,20699.0,10780.0,0.0,0.0
Reserve League,2026-09-03,Barracas Central Res.,Banfield Res.,0.0,2.0,,,,,,,,,906.0,Argentina,Clausura - 7,False,18680.0,18679.0,0.0,0.0
Reserve League,2026-09-03,Boca Juniors Res.,Quilmes 2,1.0,0.0,,,,,,,,,906.0,Argentina,Clausura - 7,False,18681.0,27413.0,1.0,0.0
Reserve League,2026-09-03,Defensa y Justicia Res.,Independiente Riva. Res.,4.0,0.0,,,,,,,,,906.0,Argentina,Clausura - 7,False,18684.0,22938.0,0.0,0.0
Reserve League,2026-09-03,Gimnasia Mendoza 2,Rosario Central Res.,1.0,2.0,,,,,,,,,906.0,Argentina,Clausura - 7,False,27272.0,18696.0,1.0,1.0
Reserve League,2026-09-03,Huracán Res.,Central Córdoba SdE Res.,5.0,1.0,,,,,,,,,906.0,Argentina,Clausura - 7,False,18688.0,18682.0,4.0,0.0
Premier League,2026-09-03,Alashkert,Van,4.0,0.0,,,,,,,,,342.0,Armenia,Regular Season - 6,False,582.0,6286.0,2.0,0.0
Npl Nsw U20,2026-09-03,Manly Utd U20,NWS Spirit U20,3.0,0.0,,,,,,,,,1230.0,Australia,Quarter-finals,True,27803.0,27805.0,1.0,0.0
Npl Nsw U20,2026-09-03,Marconi S. U20,Sydney FC U20,1.0,2.0,,,,,,,,,1230.0,Australia,Quarter-finals,True,27804.0,27811.0,1.0,1.0
Birinci Dasta,2026-09-03,Baku Sportinq,Karvan,0.0,3.0,,,,,,,,,418.0,Azerbaijan,Regular Season - 1,False,22788.0,11239.0,0.0,1.0
Birinci Dasta,2026-09-03,MOIK,Şahdağ,0.0,1.0,,,,,,,,,418.0,Azerbaijan,Regular Season - 1,False,5492.0,5576.0,0.0,1.0
Birinci Dasta,2026-09-03,Xankəndi FK,Səbail,1.0,1.0,,,,,,,,,418.0,Azerbaijan,Regular Season - 1,False,26966.0,4199.0,1.0,1.0
Premier League,2026-09-03,FC Isloch Minsk R.,Bate Borisov,2.0,0.0,,,,,,,,,116.0,Belarus,Regular Season - 15,False,391.0,388.0,1.0,0.0
Jupiler Pro League,2026-09-03,Anderlecht,Kortrijk,1.0,0.0,,,,,,,,,144.0,Belgium,Regular Season - 3,False,554.0,734.0,1.0,0.0
Jupiler Pro League,2026-09-03,Gent,OH Leuven,1.0,0.0,,,,,,,,,144.0,Belgium,Regular Season - 3,False,631.0,260.0,0.0,0.0
Copa de la División Profesional,2026-09-03,Nacional Potosí,Real Tomayapo,5.0,1.0,,,,,,,,,964.0,Bolivia,Group Stage - 1,False,3706.0,15708.0,1.0,0.0
Copa Do Brasil,2026-09-03,Gremio,Internacional,3.0,1.0,,,,,,,,,73.0,Brazil,Quarter-finals,True,130.0,119.0,2.0,0.0
Pernambucano - U20,2026-09-03,Santa Cruz U20,1º de Maio U20,4.0,0.0,,,,,,,,,1088.0,Brazil,Regular Season - 4,False,13053.0,28227.0,2.0,0.0
Serie B,2026-09-03,Nautico Recife,Botafogo SP,1.0,0.0,,,,,,,,,72.0,Brazil,Regular Season - 26,False,755.0,2618.0,0.0,0.0
Serie D,2026-09-03,CSA,Nacional AM,0.0,0.0,,,,,,,,,76.0,Brazil,Final,True,150.0,7781.0,0.0,0.0
Second League,2026-09-03,Beroe,Montana,0.0,0.0,,,,,,,,,173.0,Bulgaria,Regular Season - 7,False,857.0,1424.0,0.0,0.0
Second League,2026-09-03,CSKA Sofia II,Spartak Pleven,5.0,1.0,,,,,,,,,173.0,Bulgaria,Regular Season - 7,False,1415.0,1418.0,2.0,1.0
Second League,2026-09-03,Lokomotiv G. Oryahovitsa,Dobrudzha,2.0,0.0,,,,,,,,,173.0,Bulgaria,Regular Season - 7,False,1420.0,1427.0,1.0,0.0
Second League,2026-09-03,Vihren,Etar Veliko Tarnovo,4.0,1.0,,,,,,,,,173.0,Bulgaria,Regular Season - 7,False,5025.0,855.0,2.0,0.0
Liga Femenina,2026-09-03,Internacional Palmira W,Millonarios W,2.0,2.0,,,,,,,,,712.0,Colombia,Promotion Group - 4,False,22940.0,15729.0,2.0,0.0
Primera A,2026-09-03,America de Cali,Alianza Valledupar,3.0,0.0,,,,,,,,,239.0,Colombia,Clausura - 9,False,1138.0,1141.0,2.0,0.0
Primera A,2026-09-03,Deportivo Pereira,Independiente Medellin,0.0,3.0,,,,,,,,,239.0,Colombia,Clausura - 7,False,1462.0,1128.0,0.0,0.0
Primera B,2026-09-03,Internacional Palmira,Real Cundinamarca,0.0,2.0,,,,,,,,,240.0,Colombia,Clausura - 8,False,23326.0,22099.0,0.0,1.0
Super Cup,2026-09-03,Omonia Nicosia,Pafos,0.0,1.0,,,,,,,,,852.0,Cyprus,Final,True,3402.0,3403.0,0.0,0.0
DBU Pokalen,2026-09-03,Thisted FC,Sonderjyske,0.0,2.0,,,,,,,,,121.0,Denmark,Round of 64,True,2069.0,396.0,0.0,0.0
Superliga,2026-09-03,FC Copenhagen,FC Nordsjaelland,2.0,0.0,,,,,,,,,119.0,Denmark,Regular Season - 6,False,400.0,398.0,2.0,0.0
Liga Pro,2026-09-03,Leones del Norte,Orense SC,1.0,0.0,,,,,,,,,242.0,Ecuador,Regular Season - 28,False,19034.0,1992.0,0.0,0.0
Liga Pro,2026-09-03,Libertad,Emelec,1.0,1.0,,,,,,,,,242.0,Ecuador,Regular Season - 28,False,18762.0,1148.0,1.0,0.0
Liga Pro,2026-09-03,Universidad Catolica,Aucas,1.0,1.0,,,,,,,,,242.0,Ecuador,Regular Season - 28,False,1157.0,1156.0,1.0,0.0
Liga Pro Serie B,2026-09-03,Cuniburo,San Antonio,4.0,2.0,,,,,,,,,243.0,Ecuador,Promotion Group - 2,False,21103.0,23310.0,0.0,0.0
Liga Pro Serie B,2026-09-03,Santo Domingo,Cumbayá,2.0,1.0,,,,,,,,,243.0,Ecuador,Relegation Group - 2,False,19414.0,16476.0,0.0,0.0
Premier League,2026-09-03,Al Ahly,Smouha SC,1.0,0.0,,,,,,,,,233.0,Egypt,Regular Season - 3,False,1577.0,1044.0,0.0,0.0
Second League,2026-09-03,Dayrout,Itesalat,0.0,2.0,,,,,,,,,887.0,Egypt,Regular Season - 3,False,18022.0,18032.0,0.0,0.0
Second League,2026-09-03,El Mansura,Kahraba Ismailia,2.0,0.0,,,,,,,,,887.0,Egypt,Regular Season - 3,False,16432.0,20458.0,0.0,0.0
Second League,2026-09-03,El Seka El Hadid,Maleyet Kafr El Zayiat,1.0,1.0,,,,,,,,,887.0,Egypt,Regular Season - 3,False,18031.0,25467.0,0.0,0.0
Second League,2026-09-03,Haras El Hodood,El Entag EL Harby,2.0,1.0,,,,,,,,,887.0,Egypt,Regular Season - 3,False,1576.0,1034.0,1.0,1.0
Second League,2026-09-03,La Viena FC,Team,0.0,1.0,,,,,,,,,887.0,Egypt,Regular Season - 3,False,16436.0,25472.0,0.0,0.0
Esiliiga A,2026-09-03,Nõmme United II,Elva,0.0,1.0,,,,,,,,,328.0,Estonia,Regular Season - 26,False,25755.0,3516.0,0.0,1.0
Esiliiga A,2026-09-03,Viimsi,FC Tallinn,1.0,2.0,,,,,,,,,328.0,Estonia,Regular Season - 27,False,14340.0,14287.0,1.0,0.0
Kakkonen - Lohko A,2026-09-03,Atlantis,PEPO,0.0,0.0,,,,,,,,,247.0,Finland,Group A,False,10667.0,9178.0,0.0,0.0
Kakkonen - Lohko A,2026-09-03,HIFK Helsinki,HPS,1.0,1.0,,,,,,,,,247.0,Finland,Group A,False,1172.0,13517.0,1.0,0.0
Ligue 1,2026-09-03,Toulouse,Lille,0.0,1.0,,,,,,,,,61.0,France,Regular Season - 3,False,96.0,79.0,0.0,0.0
Ligue 3,2026-09-03,Rouen,Valenciennes,1.0,1.0,,,,,,,,,63.0,France,Regular Season - 5,False,3221.0,105.0,1.0,0.0
Liga 3,2026-09-03,FC Iberia 1999 II,Dinamo Tbilisi II,1.0,1.0,,,,,,,,,1104.0,Georgia,Regular Season - 20,False,14863.0,13865.0,1.0,0.0
Liga 3,2026-09-03,Gardabani,Betlemi,2.0,1.0,,,,,,,,,1104.0,Georgia,Regular Season - 20,False,13851.0,13860.0,0.0,0.0
Liga 3,2026-09-03,Guria,Gonio,2.0,0.0,,,,,,,,,1104.0,Georgia,Regular Season - 20,False,3506.0,18973.0,2.0,0.0
Liga 3,2026-09-03,Iberia 2010,Irao,3.0,2.0,,,,,,,,,1104.0,Georgia,Regular Season - 20,False,16505.0,16507.0,2.0,1.0
Liga 3,2026-09-03,Iveria Khashuri,WIT Georgia,2.0,2.0,,,,,,,,,1104.0,Georgia,Regular Season - 20,False,27370.0,3504.0,1.0,2.0
Liga 3,2026-09-03,Kolkheti Khobi,Didube 2014,1.0,1.0,,,,,,,,,1104.0,Georgia,Regular Season - 20,False,13853.0,14857.0,1.0,1.0
Liga 3,2026-09-03,Lokomotivi Tbilisi,Varketili,3.0,3.0,,,,,,,,,1104.0,Georgia,Regular Season - 20,False,3500.0,14866.0,2.0,0.0
Liga 3,2026-09-03,Margveti 2006,Merani Tbilisi,0.0,2.0,,,,,,,,,1104.0,Georgia,Regular Season - 20,False,16511.0,3508.0,0.0,0.0
Oberliga - Bayern Süd,2026-09-03,Sportfreunde Schwaig,Ismaning,2.0,2.0,,,,,,,,,939.0,Germany,Bayern Süd - 9,False,20870.0,12796.0,0.0,2.0
U19 Bundesliga,2026-09-03,Stuttgart U19,SGV Freiberg Fussball U19,3.0,2.0,,,,,,,,,488.0,Germany,Preliminary,False,10273.0,27468.0,0.0,0.0
Cup,2026-09-03,Panathinaikos,Niki Volos,1.0,0.0,,,,,,,,,199.0,Greece,Greek Cup - 1,False,617.0,5056.0,0.0,0.0
Liga Nacional,2026-09-03,CD Olimpia,Platense FC,4.0,1.0,,,,,,,,,234.0,Honduras,Apertura - 6,False,1051.0,1057.0,2.0,1.0
NB I,2026-09-03,Gyori ETO FC,Ferencvarosi TC,0.0,3.0,,,,,,,,,271.0,Hungary,Regular Season - 3,False,2402.0,651.0,0.0,1.0
Calcutta Premier Division,2026-09-03,Coal India,NA Suruchi Sangha,1.0,0.0,,,,,,,,,1020.0,India,Regular season,False,28009.0,24103.0,1.0,0.0
Calcutta Premier Division,2026-09-03,Kalighat Club,Aryan,0.0,3.0,,,,,,,,,1020.0,India,Regular season,False,24101.0,22001.0,0.0,2.0
Persian Gulf Pro League,2026-09-03,Fajr Sepasi,Mes Shahr-e Babak,1.0,1.0,,,,,,,,,290.0,Iran,Regular Season - 5,False,2713.0,10388.0,1.0,0.0
Iraqi League,2026-09-03,Al Kahrabaa,Gharraf,0.0,0.0,,,,,,,,,542.0,Iraq,Regular Season - 5,False,11064.0,26600.0,0.0,0.0
Iraqi League,2026-09-03,Diyala,Al-Karma,1.0,2.0,,,,,,,,,542.0,Iraq,Regular Season - 5,False,25061.0,25063.0,0.0,1.0
Iraqi League,2026-09-03,Duhok,Al Quwa Al Jawiya,2.0,1.0,,,,,,,,,542.0,Iraq,Regular Season - 5,False,20463.0,8009.0,0.0,1.0
Iraqi League,2026-09-03,Mosul,Al Zawra'a,2.0,2.0,,,,,,,,,542.0,Iraq,Regular Season - 5,False,26598.0,8010.0,0.0,1.0
Liga Alef,2026-09-03,Maccabi Ashdod,Hapoel Herzliya,1.0,2.0,,,,,,,,,496.0,Israel,South - 1,False,6184.0,6153.0,1.0,2.0
Liga Alef,2026-09-03,Maccabi Kiryat Malachi,Hapoel Mahane Yehuda,1.0,1.0,,,,,,,,,496.0,Israel,South - 1,False,6195.0,6163.0,0.0,0.0
Liga Alef,2026-09-03,Maccabi Yavne,Hapoel Azor,3.0,0.0,,,,,,,,,496.0,Israel,South - 1,False,6200.0,6146.0,1.0,0.0
Liga Alef,2026-09-03,Nordia Jerusalem,Dimona,0.0,2.0,,,,,,,,,496.0,Israel,South - 1,False,6201.0,6142.0,,
Liga Alef,2026-09-03,Shimshon Tel Aviv,Ironi Beit Shemesh,2.0,0.0,,,,,,,,,496.0,Israel,South - 1,False,6208.0,22856.0,2.0,0.0
Liga Alef,2026-09-03,Tzeirey Tira,Hapoel Sderot,1.0,4.0,,,,,,,,,496.0,Israel,South - 1,False,7609.0,6167.0,1.0,3.0
Ligat Ha'al,2026-09-03,Hapoel Tel Aviv,Beitar Jerusalem,3.0,0.0,,,,,,,,,383.0,Israel,Regular Season - 1,False,4501.0,657.0,1.0,0.0
Coppa Italia,2026-09-03,Cagliari,Hellas Verona,1.0,2.0,,,,,,,,,137.0,Italy,Round of 32,True,490.0,504.0,0.0,1.0
Coppa Italia,2026-09-03,Palermo,Mantova,5.0,2.0,,,,,,,,,137.0,Italy,Round of 32,True,522.0,1693.0,2.0,0.0
Coppa Italia Serie C,2026-09-03,Cittadella,Renate,4.0,1.0,,,,,,,,,891.0,Italy,Round of 32,True,510.0,875.0,2.0,1.0
Coppa Italia Serie C,2026-09-03,Novara,Livorno,0.0,0.0,,,,,,,,,891.0,Italy,Round of 32,True,513.0,868.0,0.0,0.0
Coppa Italia Serie C,2026-09-03,Trento,Desenzano Calvina,0.0,1.0,,,,,,,,,891.0,Italy,Round of 32,True,17147.0,17816.0,0.0,0.0
League,2026-09-03,Al Buqa'a,Doqarah,1.0,0.0,,,,,,,,,387.0,Jordan,Regular Season - 1,False,4530.0,22188.0,1.0,0.0
1. Division,2026-09-03,Akademiya Ontustik,Aktobe Jas,2.0,1.0,,,,,,,,,388.0,Kazakhstan,Regular Season - 21,False,4545.0,4546.0,1.0,0.0
1. Division,2026-09-03,Arys,Ekibastuz,3.0,1.0,,,,,,,,,388.0,Kazakhstan,Regular Season - 21,False,10414.0,4551.0,0.0,0.0
1. Division,2026-09-03,Astana II,Taraz,4.0,0.0,,,,,,,,,388.0,Kazakhstan,Regular Season - 21,False,4548.0,4559.0,2.0,0.0
1. Division,2026-09-03,Shakhter Karagandy,Khan Tengri,4.0,0.0,,,,,,,,,388.0,Kazakhstan,Regular Season - 21,False,4566.0,18805.0,2.0,0.0
1. Division,2026-09-03,Tobol 2,Sport Academy Kairat,0.0,1.0,,,,,,,,,388.0,Kazakhstan,Regular Season - 21,False,27634.0,4556.0,0.0,1.0
Premier League,2026-09-03,Abdish-Ata,Ozgon,0.0,5.0,,,,,,,,,569.0,Kyrgyzstan,Regular Season - 22,False,12234.0,25767.0,0.0,3.0
Cup,2026-09-03,Rīgas FS,Riga,2.0,3.0,,,,,,,,,658.0,Latvia,Semi-finals,True,4160.0,10124.0,1.0,1.0
A Lyga,2026-09-03,Banga,Panevėžys,0.0,3.0,,,,,,,,,362.0,Lithuania,Regular Season - 24,False,3858.0,3874.0,0.0,1.0
Cup,2026-09-03,Šiauliai,Kauno Žalgiris,0.0,1.0,,,,,,,,,661.0,Lithuania,Semi-finals,True,3870.0,3872.0,0.0,0.0
Cup,2026-09-03,Ovce Pole,Vardar Skopje,0.0,5.0,,,,,,,,,756.0,Macedonia,Round of 32,True,28313.0,574.0,0.0,1.0
Liga de Expansión MX,2026-09-03,Tepatitlán,Dorados,1.0,4.0,,,,,,,,,263.0,Mexico,Apertura - 7,False,14279.0,2297.0,1.0,3.0
First League,2026-09-03,Mornar,Bokelj,2.0,0.0,,,,,,,,,355.0,Montenegro,Regular Season - 6,False,3740.0,3744.0,2.0,0.0
Primera Division,2026-09-03,Managua,Diriangén,3.0,3.0,,,,,,,,,396.0,Nicaragua,Apertura - 8,False,4644.0,4641.0,2.0,2.0
Primera Division,2026-09-03,Matagalpa,UNAN Managua,1.0,0.0,,,,,,,,,396.0,Nicaragua,Apertura - 8,False,19159.0,4647.0,0.0,0.0
Division Intermedia,2026-09-03,Deportivo Capiata,3 de Noviembre,4.0,3.0,,,,,,,,,251.0,Paraguay,Regular Season - 22,False,1180.0,21374.0,1.0,0.0
Division Intermedia,2026-09-03,SOL DE America,General Caballero,1.0,1.0,,,,,,,,,251.0,Paraguay,Regular Season - 22,False,1177.0,1181.0,0.0,1.0
Division Profesional - Clausura,2026-09-03,Deportivo Recoleta,Cerro Porteno,1.0,3.0,,,,,,,,,252.0,Paraguay,Clausura - 8,False,10476.0,1176.0,0.0,3.0
Cup,2026-09-03,Avia Świdnik,Wieczysta Kraków,3.0,1.0,,,,,,,,,108.0,Poland,Round of 64,True,16264.0,17115.0,1.0,1.0
Cup,2026-09-03,Slask Wroclaw,Pogon Szczecin,2.0,1.0,,,,,,,,,108.0,Poland,Round of 64,True,337.0,348.0,1.0,0.0
Cup,2026-09-03,Tychy 71,ŁKS Łódź,1.0,0.0,,,,,,,,,108.0,Poland,Round of 64,True,3495.0,3498.0,0.0,0.0
Ekstraklasa,2026-09-03,Lech Poznan,Jagiellonia,2.0,1.0,,,,,,,,,106.0,Poland,Regular Season - 5,False,347.0,336.0,1.0,1.0
Ekstraklasa,2026-09-03,Raków Częstochowa,Gornik Zabrze,1.0,2.0,,,,,,,,,106.0,Poland,Regular Season - 5,False,3491.0,340.0,0.0,2.0
Stars League,2026-09-03,Al Ahli Doha,Qatar SC,1.0,0.0,,,,,,,,,305.0,Qatar,Regular Season - 3,False,2896.0,2907.0,0.0,0.0
Stars League,2026-09-03,Al-Sailiya,Al-Arabi SC,0.0,2.0,,,,,,,,,305.0,Qatar,Regular Season - 3,False,2898.0,2905.0,0.0,1.0
Cupa României,2026-09-03,FC Bacau,Universitatea Craiova,1.0,2.0,,,,,,,,,285.0,Romania,Group Stage,False,22000.0,632.0,0.0,2.0
Cupa României,2026-09-03,FC Politehnica Timisoara,Rapid,0.0,2.0,,,,,,,,,285.0,Romania,Group Stage,False,2606.0,6231.0,0.0,0.0
Cup,2026-09-03,Dynamo,Akhmat,3.0,0.0,,,,,,,,,237.0,Russia,Group Stage - 3,False,1088.0,1085.0,1.0,0.0
Pro League,2026-09-03,Al Diriyah,Al-Qadisiyah FC,0.0,2.0,,,,,,,,,307.0,Saudi-Arabia,Regular Season - 5,False,26738.0,2933.0,0.0,0.0
Pro League,2026-09-03,Al-Fayha,Al Kholood,2.0,2.0,,,,,,,,,307.0,Saudi-Arabia,Regular Season - 5,False,2944.0,10509.0,1.0,1.0
Pro League,2026-09-03,NEOM,Al Khaleej Saihat,3.0,0.0,,,,,,,,,307.0,Saudi-Arabia,Regular Season - 5,False,10513.0,2928.0,3.0,0.0
Premiership,2026-09-03,Hibernian,Heart Of Midlothian,1.0,3.0,,,,,,,,,179.0,Scotland,Regular Season - 5,False,249.0,254.0,0.0,2.0
La Liga,2026-09-03,Real Sociedad,Celta Vigo,0.0,0.0,,,,,,,,,140.0,Spain,Regular Season - 6,False,548.0,538.0,0.0,0.0
Allsvenskan,2026-09-03,Mjallby AIF,Djurgardens IF,0.0,2.0,,,,,,,,,113.0,Sweden,Regular Season - 10,False,2240.0,364.0,0.0,0.0
Super League,2026-09-03,FC Basel 1893,FC Sion,1.0,2.0,,,,,,,,,207.0,Switzerland,Regular Season - 6,False,551.0,630.0,1.0,0.0
Super League,2026-09-03,FC Lugano,Servette FC,1.0,0.0,,,,,,,,,207.0,Switzerland,Regular Season - 6,False,606.0,2184.0,0.0,0.0
1. Lig,2026-09-03,Bodrum FK,Esenler Erokspor,0.0,0.0,,,,,,,,,204.0,Turkey,Regular Season - 5,False,3583.0,7402.0,0.0,0.0
1. Lig,2026-09-03,Bursaspor,İstanbulspor,4.0,0.0,,,,,,,,,204.0,Turkey,Regular Season - 5,False,1003.0,3578.0,1.0,0.0
1. Lig,2026-09-03,Iğdır FK,Manisa F.K.,4.0,2.0,,,,,,,,,204.0,Turkey,Regular Season - 5,False,17259.0,3597.0,3.0,1.0
Premier League,2026-09-03,Express,KCCA,2.0,0.0,,,,,,,,,585.0,Uganda,Regular Season - 2,False,12452.0,6422.0,0.0,0.0
Premier League,2026-09-03,Kataka,BUL,1.0,4.0,,,,,,,,,585.0,Uganda,Regular Season - 2,False,28319.0,12449.0,1.0,2.0
U19 League,2026-09-03,Kolos Kovalivka U19,SK Metalurh U19,2.0,1.0,,,,,,,,,1065.0,Ukraine,Regular Season - 5,False,23075.0,28082.0,1.0,1.0
U19 League,2026-09-03,Obolon' Kyiv U19,Rukh Vynnyky U19,1.0,3.0,,,,,,,,,1065.0,Ukraine,Regular Season - 5,False,23080.0,20240.0,1.0,1.0
Copa Uruguay,2026-09-03,Albion FC,Progreso,2.0,1.0,,,,,,,,,930.0,Uruguay,Group Stage - 2,False,2378.0,2363.0,1.0,0.0
Copa Uruguay,2026-09-03,CA River Plate,Club Nacional,2.0,3.0,,,,,,,,,930.0,Uruguay,Group Stage - 2,False,2351.0,2356.0,2.0,3.0
Copa Uruguay,2026-09-03,Oriental,Racing Montevideo,1.0,2.0,,,,,,,,,930.0,Uruguay,Group Stage - 2,False,2376.0,2359.0,1.0,1.0
Super League,2026-09-03,Olmaliq,Xorazm,1.0,0.0,,,,,,,,,369.0,Uzbekistan,Regular Season - 20,False,4219.0,16381.0,1.0,0.0
Primera División,2026-09-03,Anzoátegui FC,Monagas SC,1.0,3.0,,,,,,,,,299.0,Venezuela,Clausura - 7,False,18806.0,2811.0,1.0,1.0
Primera División,2026-09-03,Estudiantes de Merida FC,UCV,1.0,1.0,,,,,,,,,299.0,Venezuela,Clausura - 7,False,2818.0,2840.0,1.0,1.0
Primera División,2026-09-03,Metropolitanos FC,Trujillanos FC,4.0,1.0,,,,,,,,,299.0,Venezuela,Clausura - 7,False,2825.0,2815.0,1.0,0.0
Primera División,2026-09-03,Puerto Cabello,Deportivo La Guaira,1.0,1.0,,,,,,,,,299.0,Venezuela,Clausura - 7,False,2827.0,2813.0,0.0,1.0
Primera División,2026-09-03,Rayo Zuliano,Carabobo FC,4.0,3.0,,,,,,,,,299.0,Venezuela,Clausura - 7,False,16847.0,2810.0,2.0,1.0
AFC U20 Asian Cup,2026-09-03,Afghanistan U20,Tajikistan U20,1.0,4.0,,,,,,,,,965.0,World,Group Stage - 2,False,25089.0,21060.0,1.0,3.0
AFC U20 Asian Cup,2026-09-03,Bahrain U20,Jordan U20,1.0,2.0,,,,,,,,,965.0,World,Group Stage - 2,False,19624.0,19627.0,0.0,0.0
AFC U20 Asian Cup,2026-09-03,Bangladesh U20,Syria U20,0.0,3.0,,,,,,,,,965.0,World,Group Stage - 2,False,25090.0,21059.0,0.0,2.0
AFC U20 Asian Cup,2026-09-03,Bhutan U20,Chinese Taipei U20,1.0,2.0,,,,,,,,,965.0,World,Group Stage - 2,False,25091.0,25094.0,0.0,1.0
AFC U20 Asian Cup,2026-09-03,Brunei U20,Myanmar U20,0.0,7.0,,,,,,,,,965.0,World,Group Stage - 2,False,25092.0,25104.0,0.0,2.0
AFC U20 Asian Cup,2026-09-03,Cambodia U20,Japan U20,0.0,8.0,,,,,,,,,965.0,World,Group Stage - 2,False,25093.0,10290.0,0.0,2.0
AFC U20 Asian Cup,2026-09-03,Guam U20,Northern Mariana Islands U20,3.0,0.0,,,,,,,,,965.0,World,Group Stage - 2,False,25095.0,25106.0,1.0,0.0
AFC U20 Asian Cup,2026-09-03,"Hong Kong, China U20",Qatar U20,0.0,3.0,,,,,,,,,965.0,World,Group Stage - 2,False,25096.0,10300.0,0.0,3.0
AFC U20 Asian Cup,2026-09-03,India U20,Uzbekistan U20,0.0,4.0,,,,,,,,,965.0,World,Group Stage - 2,False,25097.0,21061.0,0.0,2.0
AFC U20 Asian Cup,2026-09-03,Korea DPR U20,Iran U20,2.0,1.0,,,,,,,,,965.0,World,Group Stage - 2,False,25113.0,10312.0,0.0,0.0
AFC U20 Asian Cup,2026-09-03,Kuwait U20,Yemen U20,1.0,3.0,,,,,,,,,965.0,World,Group Stage - 2,False,25098.0,19633.0,0.0,1.0
AFC U20 Asian Cup,2026-09-03,Kyrgyz Republic U20,Lebanon U20,2.0,3.0,,,,,,,,,965.0,World,Group Stage - 2,False,21058.0,19628.0,1.0,2.0
AFC U20 Asian Cup,2026-09-03,Laos U20,Indonesia U20,0.0,3.0,,,,,,,,,965.0,World,Group Stage - 2,False,25099.0,21057.0,0.0,2.0
AFC U20 Asian Cup,2026-09-03,Macau U20,Singapore U20,0.0,1.0,,,,,,,,,965.0,World,Group Stage - 2,False,25100.0,25108.0,0.0,1.0
AFC U20 Asian Cup,2026-09-03,Malaysia U20,Australia U20,2.0,2.0,,,,,,,,,965.0,World,Group Stage - 2,False,25101.0,21056.0,0.0,1.0
AFC U20 Asian Cup,2026-09-03,Oman U20,Saudi Arabia U20,2.0,3.0,,,,,,,,,965.0,World,Group Stage - 2,False,19629.0,10301.0,1.0,1.0
AFC U20 Asian Cup,2026-09-03,Palestine U20,Vietnam U20,2.0,1.0,,,,,,,,,965.0,World,Group Stage - 2,False,19630.0,10315.0,1.0,0.0
AFC U20 Asian Cup,2026-09-03,Sri Lanka U20,Maldives U20,0.0,4.0,,,,,,,,,965.0,World,Group Stage - 2,False,25109.0,25102.0,0.0,1.0
AFC U20 Asian Cup,2026-09-03,Turkmenistan U20,Thailand U20,0.0,1.0,,,,,,,,,965.0,World,Group Stage - 2,False,25112.0,25110.0,0.0,0.0
AFC U20 Asian Cup,2026-09-03,UAE U20,Iraq U20,1.0,2.0,,,,,,,,,965.0,World,Group Stage - 2,False,19632.0,19626.0,1.0,1.0
CONCACAF Caribbean Club Championship,2026-09-03,Cavalier,Portmore United,0.0,2.0,,,,,,,,,856.0,World,Group Stage - 3,False,3437.0,3443.0,0.0,1.0
Copa Argentina,2026-09-02,Velez Sarsfield,Boca Juniors,0.0,0.0,,,,,,,,,130.0,Argentina,Round of 16,True,438.0,451.0,0.0,0.0
Primera Nacional,2026-09-02,Colegiales,Midland,3.0,0.0,,,,,,,,,129.0,Argentina,Regular Season - 21,False,8377.0,1963.0,2.0,0.0
Reserve League,2026-09-02,Atlético Tucumán Res.,San Lorenzo Res.,2.0,1.0,,,,,,,,,906.0,Argentina,Clausura - 7,False,18678.0,18697.0,1.0,0.0
Reserve League,2026-09-02,Estudiantes Rio Cuarto 2,San Martín San Juan Res.,1.0,0.0,,,,,,,,,906.0,Argentina,Clausura - 7,False,27271.0,25592.0,1.0,0.0
Reserve League,2026-09-02,Ferro 2,Estudiantes La Plata Res,0.0,1.0,,,,,,,,,906.0,Argentina,Clausura - 7,False,26250.0,18685.0,0.0,0.0
Reserve League,2026-09-02,Godoy Cruz Res.,Tigre Res.,2.0,2.0,,,,,,,,,906.0,Argentina,Clausura - 7,False,18687.0,18700.0,1.0,1.0
Reserve League,2026-09-02,Independiente Res.,Platense Res.,1.0,1.0,,,,,,,,,906.0,Argentina,Clausura - 7,False,18689.0,18693.0,0.0,0.0
Reserve League,2026-09-02,Newell's Old Boys Res.,Deportivo Riestra Res.,0.0,2.0,,,,,,,,,906.0,Argentina,Clausura - 7,False,18691.0,22937.0,0.0,1.0
Reserve League,2026-09-02,Talleres Córdoba Res.,Instituto Res.,0.0,1.0,,,,,,,,,906.0,Argentina,Clausura - 7,False,18699.0,20818.0,0.0,1.0
First League,2026-09-02,Lernayin Artsakh,Banants II,5.0,0.0,,,,,,,,,343.0,Armenia,Regular Season - 5,False,6281.0,3690.0,3.0,0.0
First League,2026-09-02,Pyunik II,Sardarapat 2,1.0,0.0,,,,,,,,,343.0,Armenia,Regular Season - 5,False,3696.0,27992.0,0.0,0.0
New South Wales NPL,2026-09-02,Marconi Stallions,NWS Spirit,1.0,3.0,,,,,,,,,192.0,Australia,Quarter-finals,True,3768.0,16775.0,0.0,1.0
New South Wales NPL,2026-09-02,Sutherland Sharks,Manly United,1.0,1.0,,,,,,,,,192.0,Australia,Quarter-finals,True,3771.0,3767.0,0.0,0.0
Bundesliga,2026-09-02,Austria Vienna,WSG Wattens,0.0,1.0,,,,,,,,,218.0,Austria,Regular Season - 4,False,601.0,1398.0,0.0,0.0
Bundesliga,2026-09-02,Red Bull Salzburg,Rapid Vienna,5.0,1.0,,,,,,,,,218.0,Austria,Regular Season - 4,False,571.0,781.0,3.0,0.0
Premier League,2026-09-02,East Riffa,Sitra,0.0,0.0,,,,,,,,,417.0,Bahrain,Regular Season - 2,False,5485.0,10238.0,0.0,0.0
Premier League,2026-09-02,Malkiya,Al Najma,0.0,1.0,,,,,,,,,417.0,Bahrain,Regular Season - 2,False,5486.0,5479.0,0.0,0.0
Premier League,2026-09-02,Dinamo Minsk,Naftan,5.0,1.0,,,,,,,,,116.0,Belarus,Regular Season - 15,False,394.0,750.0,4.0,0.0
Premier League,2026-09-02,ML Vitebsk,Belshina,1.0,1.0,,,,,,,,,116.0,Belarus,Regular Season - 15,False,7808.0,3384.0,1.0,0.0
First Amateur Division,2026-09-02,Flénu,Onhaye,1.0,2.0,,,,,,,,,487.0,Belgium,ACFF - 1,False,19779.0,5888.0,1.0,0.0
Jupiler Pro League,2026-09-02,St. Truiden,Union St. Gilloise,0.0,3.0,,,,,,,,,144.0,Belgium,Regular Season - 3,False,735.0,1393.0,0.0,1.0
Copa de la División Profesional,2026-09-02,Gualberto Villarroel SJ,Bolívar,0.0,1.0,,,,,,,,,964.0,Bolivia,Group Stage - 1,False,22266.0,3702.0,0.0,0.0
1st League - RS,2026-09-02,FK Majevica Lopare,Kozara Gradiška,0.0,0.0,,,,,,,,,317.0,Bosnia,RS - 3,False,26989.0,3369.0,0.0,0.0
1st League - RS,2026-09-02,FK Romanija Pale,Omarska,3.0,2.0,,,,,,,,,317.0,Bosnia,RS - 3,False,21737.0,17374.0,2.0,0.0
1st League - RS,2026-09-02,Leotar,Rudar Prijedor,3.0,0.0,,,,,,,,,317.0,Bosnia,RS - 3,False,3370.0,3377.0,2.0,0.0
1st League - RS,2026-09-02,Potkozarje,Zvijezda 09,3.0,2.0,,,,,,,,,317.0,Bosnia,RS - 3,False,28055.0,3362.0,,
1st League - RS,2026-09-02,Slavija,Sutjeska Foča,2.0,1.0,,,,,,,,,317.0,Bosnia,RS - 3,False,3378.0,4285.0,0.0,0.0
1st League - RS,2026-09-02,Velež Nevesinje,Drina Zvornik,0.0,8.0,,,,,,,,,317.0,Bosnia,RS - 3,False,15290.0,4291.0,0.0,4.0
Premijer Liga,2026-09-02,Borac Banja Luka,Zeljeznicar Sarajevo,2.0,0.0,,,,,,,,,315.0,Bosnia,Regular Season - 5,False,3364.0,654.0,1.0,0.0
Premijer Liga,2026-09-02,Siroki Brijeg,FK Sarajevo,1.0,2.0,,,,,,,,,315.0,Bosnia,Regular Season - 5,False,642.0,679.0,0.0,0.0
Premijer Liga,2026-09-02,Velež,Radnik Bijeljina,1.0,1.0,,,,,,,,,315.0,Bosnia,Regular Season - 5,False,3381.0,3359.0,0.0,0.0
Brasileiro U17,2026-09-02,Athletico PR U17,Corinthians U17,1.0,4.0,,,,,,,,,1128.0,Brazil,Regular Season - 14,False,24469.0,24475.0,,
Brasileiro U17,2026-09-02,Atletico GO U17,Vasco U17,3.0,5.0,,,,,,,,,1128.0,Brazil,Regular Season - 14,False,24470.0,25807.0,,
Brasileiro U17,2026-09-02,Bahia U17,Atlético Mineiro U17,1.0,2.0,,,,,,,,,1128.0,Brazil,Regular Season - 14,False,24472.0,24471.0,,
Brasileiro U17,2026-09-02,Juventude U17,Fluminense U17,0.0,2.0,,,,,,,,,1128.0,Brazil,Regular Season - 14,False,25797.0,24479.0,,
Brasileiro U17,2026-09-02,Palmeiras U17,America MG U17,3.0,2.0,,,,,,,,,1128.0,Brazil,Regular Season - 14,False,24484.0,24468.0,2.0,1.0
Brasileiro U17,2026-09-02,RB Bragantino U17,Vitoria U17,2.0,0.0,,,,,,,,,1128.0,Brazil,Regular Season - 14,False,24485.0,27733.0,,
Copa Do Brasil,2026-09-02,Santos,Palmeiras,0.0,0.0,,,,,,,,,73.0,Brazil,Quarter-finals,True,128.0,121.0,0.0,0.0
Copa Do Brasil,2026-09-02,Vitoria,Vasco DA Gama,0.0,2.0,,,,,,,,,73.0,Brazil,Quarter-finals,True,136.0,133.0,0.0,0.0
Copa Rio,2026-09-02,Madureira,Boavista SC,0.0,0.0,,,,,,,,,1035.0,Brazil,Semi-finals,True,7780.0,2206.0,0.0,0.0
Copa Rio,2026-09-02,Sampaio Corrêa RJ,Nova Iguaçu,2.0,1.0,,,,,,,,,1035.0,Brazil,Semi-finals,True,13115.0,7782.0,1.0,1.0
Pernambucano - U20,2026-09-02,Atletico Torres U20,CA Porto U20,0.0,6.0,,,,,,,,,1088.0,Brazil,Regular Season - 4,False,23489.0,23491.0,0.0,2.0
Pernambucano - U20,2026-09-02,Central SC U20,Ipojuca U20,0.0,2.0,,,,,,,,,1088.0,Brazil,Regular Season - 4,False,23492.0,23495.0,0.0,0.0
Pernambucano - U20,2026-09-02,Retrô U20,Atletico PE U20,6.0,0.0,,,,,,,,,1088.0,Brazil,Regular Season - 4,False,13050.0,26778.0,3.0,0.0
Serie A,2026-09-02,Flamengo,Mirassol,2.0,0.0,,,,,,,,,71.0,Brazil,Regular Season - 4,False,127.0,7848.0,2.0,0.0
Serie D,2026-09-02,Goiatuba EC,Sao Jose,1.0,1.0,,,,,,,,,76.0,Brazil,Final,True,18296.0,2232.0,0.0,1.0
First League,2026-09-02,Slavia Sofia,Levski Sofia,1.0,2.0,,,,,,,,,172.0,Bulgaria,Regular Season - 5,False,854.0,646.0,0.0,0.0
Second League,2026-09-02,Chernomorets 1919 Burgas,Ludogorets II,1.0,0.0,,,,,,,,,173.0,Bulgaria,Regular Season - 7,False,8530.0,1409.0,1.0,0.0
Second League,2026-09-02,Marek,Nesebar,1.0,0.0,,,,,,,,,173.0,Bulgaria,Regular Season - 7,False,8543.0,1410.0,1.0,0.0
Second League,2026-09-02,Rilski Sportist,Sportist Svoge,2.0,1.0,,,,,,,,,173.0,Bulgaria,Regular Season - 7,False,8547.0,8550.0,1.0,0.0
Second League,2026-09-02,Yantra 2019,Pirin Blagoevgrad,2.0,0.0,,,,,,,,,173.0,Bulgaria,Regular Season - 7,False,8528.0,1428.0,0.0,0.0
Canadian Championship,2026-09-02,Vancouver Whitecaps,CF Montreal,1.0,1.0,,,,,,,,,259.0,Canada,Semi-finals,True,1603.0,1614.0,0.0,1.0
Primera División,2026-09-02,Coquimbo Unido,Universidad de Concepcion,1.0,0.0,,,,,,,,,265.0,Chile,Regular Season - 16,False,2330.0,2324.0,0.0,0.0
Primera División,2026-09-02,Deportes Limache,Nublense,2.0,0.0,,,,,,,,,265.0,Chile,Regular Season - 17,False,16730.0,2337.0,0.0,0.0
FA Cup,2026-09-02,Yunnan Yukun,Chongqing Tongliang Long,1.0,0.0,,,,,,,,,171.0,China,Quarter-finals,True,21265.0,21262.0,0.0,0.0
Copa Colombia,2026-09-02,Quindio,Llaneros,1.0,1.0,,,,,,,,,241.0,Colombia,Round of 16,True,1461.0,1464.0,1.0,1.0
Liga Femenina,2026-09-02,Santa Fe W,América de Cali W,1.0,1.0,,,,,,,,,712.0,Colombia,Promotion Group - 3,False,15730.0,15721.0,1.0,1.0
Primera A,2026-09-02,Santa Fe,Millonarios,3.0,2.0,,,,,,,,,239.0,Colombia,Clausura - 16,False,1139.0,1125.0,1.0,1.0
First NL,2026-09-02,Croatia Zmijavci,Bsk Bijelo Brdo,1.0,0.0,,,,,,,,,211.0,Croatia,Regular Season - 3,False,6254.0,1487.0,0.0,0.0
First NL,2026-09-02,Dugopolje,Karlovac 1919,2.0,2.0,,,,,,,,,211.0,Croatia,Regular Season - 3,False,1471.0,15295.0,1.0,0.0
First NL,2026-09-02,HNK Cibalia,Orijent 1919,0.0,0.0,,,,,,,,,211.0,Croatia,Regular Season - 3,False,1021.0,6256.0,0.0,0.0
First NL,2026-09-02,Jadran LP,Dubrava Zagreb,1.0,1.0,,,,,,,,,211.0,Croatia,Regular Season - 3,False,5708.0,6255.0,1.0,0.0
First NL,2026-09-02,Mladost Ždralovi,Sesvete,1.0,0.0,,,,,,,,,211.0,Croatia,Regular Season - 3,False,8593.0,1479.0,0.0,0.0
First NL,2026-09-02,Opatija,Hrvace,1.0,0.0,,,,,,,,,211.0,Croatia,Regular Season - 3,False,6246.0,6241.0,1.0,0.0
First NL,2026-09-02,Segesta Sisak,Kustosija,0.0,0.0,,,,,,,,,211.0,Croatia,Regular Season - 3,False,5722.0,1481.0,0.0,0.0
First NL,2026-09-02,Vukovar,Dinamo Zagreb U21,2.0,6.0,,,,,,,,,211.0,Croatia,Regular Season - 3,False,5730.0,22416.0,1.0,3.0
3. liga - CFL A,2026-09-02,Benešov,Sparta Praha II,1.0,1.0,,,,,,,,,348.0,Czech-Republic,Group A - 3,False,7273.0,8619.0,0.0,1.0
3. liga - CFL A,2026-09-02,Povltava FA,Jiskra Domažlice,3.0,5.0,,,,,,,,,348.0,Czech-Republic,Group A - 3,False,14005.0,7304.0,0.0,2.0
3. liga - MSFL,2026-09-02,Blansko,Polanka nad Odrou,1.0,1.0,,,,,,,,,349.0,Czech-Republic,MSFL - 17,False,7276.0,7332.0,0.0,1.0
3. liga - MSFL,2026-09-02,Hodonín,Sigma Olomouc II,2.0,0.0,,,,,,,,,349.0,Czech-Republic,MSFL - 17,False,7297.0,8622.0,1.0,0.0
3. liga - MSFL,2026-09-02,Hranice,Unie Hlubina,1.0,4.0,,,,,,,,,349.0,Czech-Republic,MSFL - 17,False,7300.0,7368.0,0.0,2.0
3. liga - MSFL,2026-09-02,Karviná II,Frýdek-Místek,0.0,3.0,,,,,,,,,349.0,Czech-Republic,MSFL - 17,False,15134.0,7288.0,0.0,1.0
3. liga - MSFL,2026-09-02,Líšeň II,Havířov,2.0,0.0,,,,,,,,,349.0,Czech-Republic,MSFL - 17,False,21650.0,7293.0,1.0,0.0
3. liga - MSFL,2026-09-02,Slovácko II,Vrchovina,3.0,1.0,,,,,,,,,349.0,Czech-Republic,MSFL - 17,False,8623.0,7376.0,1.0,1.0
3. liga - MSFL,2026-09-02,Vítkovice,Uničov,3.0,1.0,,,,,,,,,349.0,Czech-Republic,MSFL - 17,False,3732.0,7369.0,2.0,1.0
3. liga - MSFL,2026-09-02,Zbrojovka Brno II,Vsetín,5.0,0.0,,,,,,,,,349.0,Czech-Republic,MSFL - 17,False,8633.0,7377.0,4.0,0.0
3. liga - MSFL,2026-09-02,Zlín II,Uherský Brod,1.0,1.0,,,,,,,,,349.0,Czech-Republic,MSFL - 17,False,8625.0,8624.0,1.0,1.0
4. liga - Divizie A,2026-09-02,Komárov,Doubravka,1.0,0.0,,,,,,,,,350.0,Czech-Republic,Group A - 3,False,7310.0,7285.0,0.0,0.0
Czech Liga,2026-09-02,Bohemians 1905,FK Jablonec,1.0,1.0,,,,,,,,,345.0,Czech-Republic,Regular Season - 4,False,3714.0,1122.0,0.0,1.0
Czech Liga,2026-09-02,Zbrojovka Brno,Hradec Králové,1.0,0.0,,,,,,,,,345.0,Czech-Republic,Regular Season - 4,False,3733.0,3723.0,0.0,0.0
Superliga,2026-09-02,Aarhus,FC Midtjylland,0.0,2.0,,,,,,,,,119.0,Denmark,Regular Season - 6,False,406.0,397.0,0.0,1.0
Liga Pro,2026-09-02,Barcelona SC,Independiente del Valle,2.0,1.0,,,,,,,,,242.0,Ecuador,Regular Season - 28,False,1152.0,1153.0,0.0,1.0
Liga Pro,2026-09-02,Deportivo Cuenca,Guayaquil City FC,1.0,0.0,,,,,,,,,242.0,Ecuador,Regular Season - 28,False,1154.0,1159.0,0.0,0.0
Liga Pro,2026-09-02,Macara,Manta FC,4.0,3.0,,,,,,,,,242.0,Ecuador,Regular Season - 28,False,1155.0,1980.0,1.0,1.0
Premier League,2026-09-02,Abu Qair Semad,Al Ittihad,0.0,2.0,,,,,,,,,233.0,Egypt,Regular Season - 3,False,15731.0,1572.0,0.0,0.0
Premier League,2026-09-02,Ceramica Cleopatra,Future FC,2.0,0.0,,,,,,,,,233.0,Egypt,Regular Season - 3,False,14651.0,16431.0,1.0,0.0
Premier League,2026-09-02,El Gouna FC,El Mokawloon,0.0,1.0,,,,,,,,,233.0,Egypt,Regular Season - 3,False,1574.0,1575.0,0.0,1.0
Championship,2026-09-02,Burnley,Middlesbrough,1.0,1.0,,,,,,,,,40.0,England,Regular Season - 4,False,44.0,70.0,0.0,1.0
Championship,2026-09-02,Millwall,Wrexham,0.0,3.0,,,,,,,,,40.0,England,Regular Season - 4,False,58.0,1837.0,0.0,1.0
Championship,2026-09-02,QPR,Cardiff,2.0,1.0,,,,,,,,,40.0,England,Regular Season - 4,False,72.0,43.0,1.0,0.0
Championship,2026-09-02,West Brom,Charlton,1.0,1.0,,,,,,,,,40.0,England,Regular Season - 4,False,60.0,1335.0,0.0,0.0
FA Trophy,2026-09-02,Winslow United,Milton Keynes Irish,3.0,3.0,,,,,,,,,47.0,England,1st Round Qualifying,True,9004.0,16990.0,2.0,1.0
League One,2026-09-02,Barnsley,Blackpool,2.0,1.0,,,,,,,,,41.0,England,Regular Season - 4,False,747.0,1356.0,0.0,0.0
League One,2026-09-02,Burton Albion,AFC Wimbledon,4.0,1.0,,,,,,,,,41.0,England,Regular Season - 4,False,748.0,1333.0,2.0,1.0
League One,2026-09-02,Luton,Stockport County,2.0,0.0,,,,,,,,,41.0,England,Regular Season - 4,False,1359.0,4686.0,0.0,0.0
League One,2026-09-02,Reading,Mansfield Town,5.0,0.0,,,,,,,,,41.0,England,Regular Season - 4,False,53.0,1374.0,3.0,0.0
League One,2026-09-02,Wigan,Milton Keynes Dons,3.0,1.0,,,,,,,,,41.0,England,Regular Season - 4,False,61.0,1348.0,1.0,0.0
Premier League Cup,2026-09-02,Preston North End U21,Wolves U21,0.0,1.0,,,,,,,,,871.0,England,Group Stage,False,24848.0,7204.0,0.0,0.0
Cup,2026-09-02,Nõmme United,Vaprus,3.0,2.0,,,,,,,,,657.0,Estonia,Round of 16,True,10059.0,3525.0,3.0,1.0
Meistriliiga,2026-09-02,Flora Tallinn,Tammeka,3.0,2.0,,,,,,,,,329.0,Estonia,Regular Season - 22,False,687.0,3530.0,2.0,1.0
Kakkonen - Lohko B,2026-09-02,EPS,Honka,0.0,1.0,,,,,,,,,248.0,Finland,Group B,False,9182.0,1169.0,0.0,1.0
Kakkonen - Lohko B,2026-09-02,HJS Akatemia,Ilves II,1.0,5.0,,,,,,,,,248.0,Finland,Group B,False,9209.0,9185.0,1.0,2.0
Kakkonen - Lohko B,2026-09-02,P-Iirot,ÅIFK,2.0,1.0,,,,,,,,,248.0,Finland,Group B,False,9188.0,13494.0,0.0,1.0
Kakkonen - Lohko C,2026-09-02,JBK,Huima / Urho,1.0,1.0,,,,,,,,,249.0,Finland,Group C,False,9192.0,22980.0,0.0,0.0
Kakkonen - Lohko C,2026-09-02,Kraft,Jaro 2,2.0,1.0,,,,,,,,,249.0,Finland,Group C,False,9213.0,27701.0,1.0,0.0
Kakkonen - Lohko C,2026-09-02,VPS II,GBK,6.0,4.0,,,,,,,,,249.0,Finland,Group C,False,9200.0,9191.0,3.0,0.0
David Kipiani Cup,2026-09-02,Samtredia,FC Iberia 1999,2.0,0.0,,,,,,,,,672.0,Georgia,Round of 16,True,581.0,3502.0,1.0,0.0
DFB Pokal,2026-09-02,VfL Osnabrück,Bayern München,1.0,4.0,,,,,,,,,81.0,Germany,Round of 64,True,1324.0,157.0,1.0,2.0
Regionalliga - Nord,2026-09-02,HSC Hannover,Phönix Lübeck,0.0,3.0,,,,,,,,,84.0,Germany,North - 5,False,9339.0,12831.0,0.0,1.0
Regionalliga - Nordost,2026-09-02,FC Carl Zeiss Jena,Altglienicke,1.0,0.0,,,,,,,,,85.0,Germany,Nordost - 6,False,1325.0,9349.0,1.0,0.0
Regionalliga - Nordost,2026-09-02,Hallescher FC,Tasmania Berlin,2.0,0.0,,,,,,,,,85.0,Germany,Nordost - 6,False,1316.0,12874.0,1.0,0.0
Regionalliga - West,2026-09-02,SG Wattenscheid 09,SV Rodinghausen,2.0,1.0,,,,,,,,,87.0,Germany,West - 6,False,1629.0,1650.0,2.0,0.0
Regionalliga - West,2026-09-02,Sportfreunde Lotte,Bergisch Gladbach,0.0,2.0,,,,,,,,,87.0,Germany,West - 6,False,1323.0,9366.0,0.0,1.0
Regionalliga - West,2026-09-02,Sportfreunde Siegen,Paderborn II,2.0,2.0,,,,,,,,,87.0,Germany,West - 6,False,13935.0,12827.0,1.0,2.0
Regionalliga - West,2026-09-02,Wiedenbrück,Borussia M'gladbach II,1.0,4.0,,,,,,,,,87.0,Germany,West - 6,False,12897.0,9368.0,0.0,1.0
Cup,2026-09-02,Larisa,Olympiakos Piraeus,0.0,4.0,,,,,,,,,199.0,Greece,Greek Cup - 1,False,953.0,553.0,0.0,1.0
Cup,2026-09-02,Marko,Kifisia,2.0,2.0,,,,,,,,,199.0,Greece,Greek Cup - 1,False,12403.0,5050.0,1.0,1.0
Cup,2026-09-02,Nestos Chrisoupolis,AEK Athens FC,0.0,2.0,,,,,,,,,199.0,Greece,Greek Cup - 1,False,12367.0,575.0,0.0,1.0
Cup,2026-09-02,PAOK,OFI,0.0,0.0,,,,,,,,,199.0,Greece,Greek Cup - 1,False,619.0,1124.0,0.0,0.0
Cup,2026-09-02,Panserraikos,Atromitos,0.0,1.0,,,,,,,,,199.0,Greece,Greek Cup - 1,False,2099.0,12260.0,0.0,0.0
Calcutta Premier Division,2026-09-02,George Telegraph,Calcutta Customs,0.0,6.0,,,,,,,,,1020.0,India,Regular season,False,21604.0,21599.0,0.0,2.0
Calcutta Premier Division,2026-09-02,United Kolkata,East Bengal,0.0,3.0,,,,,,,,,1020.0,India,Regular season,False,26118.0,3463.0,0.0,1.0
Persian Gulf Pro League,2026-09-02,Esteghlal FC,Persepolis FC,1.0,1.0,,,,,,,,,290.0,Iran,Regular Season - 5,False,2733.0,2742.0,0.0,0.0
Persian Gulf Pro League,2026-09-02,Kheybar Khorramabad,Foolad FC,2.0,0.0,,,,,,,,,290.0,Iran,Regular Season - 5,False,2716.0,2734.0,1.0,0.0
Persian Gulf Pro League,2026-09-02,Malavan,Nassaji Mazandaran,0.0,1.0,,,,,,,,,290.0,Iran,Regular Season - 5,False,2717.0,2719.0,0.0,0.0
Persian Gulf Pro League,2026-09-02,Sanat Naft,Sepahan FC,0.0,0.0,,,,,,,,,290.0,Iran,Regular Season - 5,False,2743.0,2744.0,0.0,0.0
Persian Gulf Pro League,2026-09-02,ZOB Ahan,Paykan,1.0,0.0,,,,,,,,,290.0,Iran,Regular Season - 5,False,2738.0,2741.0,0.0,0.0
Ligat Ha'al,2026-09-02,Hapoel Beer Sheva,Hapoel Haifa,2.0,2.0,,,,,,,,,383.0,Israel,Regular Season - 1,False,563.0,2253.0,1.0,0.0
Coppa Italia,2026-09-02,Sassuolo,Frosinone,1.0,1.0,,,,,,,,,137.0,Italy,Round of 32,True,488.0,512.0,1.0,1.0
Coppa Italia,2026-09-02,Udinese,Venezia,2.0,1.0,,,,,,,,,137.0,Italy,Round of 32,True,494.0,517.0,1.0,1.0
Coppa Italia Serie C,2026-09-02,Arzignano Valchiampo,Dolomiti Bellunesi,2.0,2.0,,,,,,,,,891.0,Italy,Round of 32,True,6378.0,17820.0,0.0,1.0
Coppa Italia Serie C,2026-09-02,Athletic Carpi,PRO Vercelli,1.0,1.0,,,,,,,,,891.0,Italy,Round of 32,True,17825.0,526.0,0.0,0.0
Coppa Italia Serie C,2026-09-02,Catania,Savoia,0.0,3.0,,,,,,,,,891.0,Italy,Round of 32,True,1580.0,9564.0,0.0,2.0
Coppa Italia Serie C,2026-09-02,Gubbio,Vis Pesaro,5.0,0.0,,,,,,,,,891.0,Italy,Round of 32,True,866.0,1708.0,2.0,0.0
Coppa Italia Serie C,2026-09-02,Sorrento,Cosenza,1.0,0.0,,,,,,,,,891.0,Italy,Round of 32,True,9537.0,10137.0,0.0,0.0
Coppa Italia Serie C,2026-09-02,Spezia,Vado,3.0,0.0,,,,,,,,,891.0,Italy,Round of 32,True,515.0,9442.0,0.0,0.0
Coppa Italia Serie C,2026-09-02,Team Altamura,Sambenedettese,2.0,2.0,,,,,,,,,891.0,Italy,Round of 32,True,9549.0,871.0,0.0,1.0
Coppa Italia Serie C,2026-09-02,Union Brescia,Giana Erminio,5.0,2.0,,,,,,,,,891.0,Italy,Round of 32,True,26356.0,865.0,3.0,0.0
J-League Cup,2026-09-02,Ehime FC,Blaublitz Akita,1.0,0.0,,,,,,,,,101.0,Japan,Round of 128,True,318.0,4315.0,1.0,0.0
J-League Cup,2026-09-02,FC Gifu,Tokushima Vortis,0.0,0.0,,,,,,,,,101.0,Japan,Round of 128,True,297.0,299.0,0.0,0.0
J-League Cup,2026-09-02,FC Ryukyu,Yokohama FC,2.0,3.0,,,,,,,,,101.0,Japan,Round of 128,True,2235.0,307.0,1.0,2.0
J-League Cup,2026-09-02,Gainare Tottori,Omiya Ardija,3.0,1.0,,,,,,,,,101.0,Japan,Round of 128,True,4319.0,313.0,2.0,0.0
J-League Cup,2026-09-02,Kagoshima United,Consadole Sapporo,0.0,1.0,,,,,,,,,101.0,Japan,Round of 128,True,2236.0,279.0,0.0,0.0
J-League Cup,2026-09-02,Kanazawa,Imabari,2.0,1.0,,,,,,,,,101.0,Japan,Round of 128,True,300.0,10075.0,1.0,0.0
J-League Cup,2026-09-02,Kitakyushu,Iwaki,1.0,0.0,,,,,,,,,101.0,Japan,Round of 128,True,805.0,7127.0,0.0,0.0
J-League Cup,2026-09-02,Nara Club,Sagan Tosu,1.0,2.0,,,,,,,,,101.0,Japan,Round of 128,True,7135.0,295.0,1.0,1.0
J-League Cup,2026-09-02,Osaka,Ventforet Kofu,3.0,0.0,,,,,,,,,101.0,Japan,Round of 128,True,7138.0,308.0,1.0,0.0
J-League Cup,2026-09-02,Renofa Yamaguchi,Fujieda MYFC,0.0,2.0,,,,,,,,,101.0,Japan,Round of 128,True,309.0,4317.0,0.0,0.0
J-League Cup,2026-09-02,Roasso Kumamoto,Oita Trinita,2.0,0.0,,,,,,,,,101.0,Japan,Round of 128,True,314.0,298.0,1.0,0.0
J-League Cup,2026-09-02,Sagamihara,Jubilo Iwata,0.0,3.0,,,,,,,,,101.0,Japan,Round of 128,True,4324.0,280.0,0.0,3.0
J-League Cup,2026-09-02,Tegevajaro Miyazaki,Kataller Toyama,1.0,2.0,,,,,,,,,101.0,Japan,Round of 128,True,10409.0,4322.0,1.0,1.0
J-League Cup,2026-09-02,Thespakusatsu Gunma,Albirex Niigata,1.0,2.0,,,,,,,,,101.0,Japan,Round of 128,True,756.0,311.0,1.0,1.0
J-League Cup,2026-09-02,Vanraure Hachinohe,Tochigi City,0.0,2.0,,,,,,,,,101.0,Japan,Round of 128,True,4326.0,7145.0,0.0,1.0
J1 League,2026-09-02,Avispa Fukuoka,Urawa,2.0,3.0,,,,,,,,,98.0,Japan,Regular Season - 5,False,316.0,287.0,2.0,1.0
J1 League,2026-09-02,Cerezo Osaka,Kashiwa Reysol,2.0,0.0,,,,,,,,,98.0,Japan,Regular Season - 5,False,291.0,281.0,1.0,0.0
J1 League,2026-09-02,JEF United Chiba,Fagiano Okayama,1.0,2.0,,,,,,,,,98.0,Japan,Regular Season - 5,False,301.0,310.0,1.0,1.0
J1 League,2026-09-02,Machida Zelvia,Kawasaki Frontale,2.0,1.0,,,,,,,,,98.0,Japan,Regular Season - 5,False,303.0,294.0,0.0,0.0
J1 League,2026-09-02,Mito Hollyhock,Kashima,4.0,2.0,,,,,,,,,98.0,Japan,Regular Season - 5,False,305.0,290.0,2.0,0.0
J1 League,2026-09-02,Sanfrecce Hiroshima,Nagoya Grampus,3.0,0.0,,,,,,,,,98.0,Japan,Regular Season - 5,False,282.0,288.0,0.0,0.0
J1 League,2026-09-02,Shimizu S-pulse,FC Tokyo,1.0,1.0,,,,,,,,,98.0,Japan,Regular Season - 5,False,283.0,292.0,0.0,0.0
J1 League,2026-09-02,Tokyo Verdy,Vissel Kobe,0.0,2.0,,,,,,,,,98.0,Japan,Regular Season - 5,False,306.0,289.0,0.0,1.0
J1 League,2026-09-02,V-varen Nagasaki,Gamba Osaka,2.0,2.0,,,,,,,,,98.0,Japan,Regular Season - 5,False,285.0,293.0,0.0,0.0
J1 League,2026-09-02,Yokohama F. Marinos,Kyoto Sanga,1.0,1.0,,,,,,,,,98.0,Japan,Regular Season - 5,False,296.0,302.0,0.0,0.0
WE League,2026-09-02,INAC Kobe Leonessa W,Parceiro Nagano W,2.0,2.0,,,,,,,,,854.0,Japan,Regular Season - 7,False,16947.0,16954.0,1.0,2.0
Cup,2026-09-02,BFC Daugavpils,Auda,2.0,2.0,,,,,,,,,658.0,Latvia,Semi-finals,True,4149.0,4135.0,0.0,2.0
Cup,2026-09-02,Triesen II,Vaduz III,1.0,0.0,,,,,,,,,761.0,Liechtenstein,Round of 32,True,16160.0,16163.0,,
Cup,2026-09-02,Pobeda Valandovo,Struga,1.0,10.0,,,,,,,,,756.0,Macedonia,Round of 32,True,4355.0,4346.0,0.0,7.0
Cup,2026-09-02,Studenicani,Pelister,1.0,6.0,,,,,,,,,756.0,Macedonia,Round of 32,True,28310.0,693.0,1.0,4.0
Cup,2026-09-02,Velazerimi 77,Makedonija GjP,0.0,8.0,,,,,,,,,756.0,Macedonia,Round of 32,True,4350.0,4196.0,0.0,5.0
Cup,2026-09-02,Venec Negotino,Akademija Pandev,0.0,8.0,,,,,,,,,756.0,Macedonia,Round of 32,True,28314.0,4194.0,0.0,4.0
FA Cup,2026-09-02,Kedah,Imigresen,2.0,2.0,,,,,,,,,500.0,Malaysia,Round of 16,True,2527.0,10430.0,1.0,0.0
FA Cup,2026-09-02,Kelantan City,Negeri Sembilan,2.0,0.0,,,,,,,,,500.0,Malaysia,Round of 16,True,28339.0,2502.0,1.0,0.0
FA Cup,2026-09-02,Melaka,Penang,0.0,1.0,,,,,,,,,500.0,Malaysia,Round of 16,True,21038.0,2504.0,0.0,1.0
FA Cup,2026-09-02,Sabah FA,Selangor,2.0,2.0,,,,,,,,,500.0,Malaysia,Round of 16,True,2505.0,2526.0,1.0,1.0
Premier League,2026-09-02,Floriana,Gzira United,4.0,1.0,,,,,,,,,393.0,Malta,Regular Season - 4,False,4625.0,2264.0,0.0,0.0
Premier League,2026-09-02,Hibernians,Valletta FC,0.0,2.0,,,,,,,,,393.0,Malta,Regular Season - 4,False,3884.0,659.0,0.0,1.0
Cupa,2026-09-02,FC National Ialoveni,Congaz,1.0,2.0,,,,,,,,,674.0,Moldova,Round of 32,True,26757.0,17623.0,0.0,2.0
Cupa,2026-09-02,FC Stăuceni,FC Chișinău,1.0,1.0,,,,,,,,,674.0,Moldova,Round of 32,True,17625.0,22186.0,1.0,1.0
Cupa,2026-09-02,FCM Ungheni,Olimp Comrat,9.0,0.0,,,,,,,,,674.0,Moldova,Round of 32,True,14894.0,14010.0,5.0,0.0
Cupa,2026-09-02,Iskra,Țarigrad,4.0,1.0,,,,,,,,,674.0,Moldova,Round of 32,True,5372.0,20090.0,3.0,1.0
KNVB Beker,2026-09-02,ACV,Westlandia,6.0,1.0,,,,,,,,,90.0,Netherlands,1st Preliminary Round,True,3911.0,1243.0,5.0,0.0
KNVB Beker,2026-09-02,ATC 65,DVS 33 Ermelo,1.0,2.0,,,,,,,,,90.0,Netherlands,1st Preliminary Round,True,28172.0,1244.0,1.0,1.0
KNVB Beker,2026-09-02,Dongen,JOS Watergraafsmeer,2.0,4.0,,,,,,,,,90.0,Netherlands,1st Preliminary Round,True,1285.0,3895.0,0.0,0.0
KNVB Beker,2026-09-02,FC 's-Gravenzande,Gemert,0.0,2.0,,,,,,,,,90.0,Netherlands,1st Preliminary Round,True,3890.0,1230.0,0.0,0.0
KNVB Beker,2026-09-02,GOES,Noordwijk,0.0,1.0,,,,,,,,,90.0,Netherlands,1st Preliminary Round,True,3892.0,1247.0,0.0,1.0
KNVB Beker,2026-09-02,GSV 28,Roosendaal,0.0,4.0,,,,,,,,,90.0,Netherlands,1st Preliminary Round,True,28175.0,19266.0,0.0,3.0
KNVB Beker,2026-09-02,Groene Ster,Heerjansdam,2.0,1.0,,,,,,,,,90.0,Netherlands,1st Preliminary Round,True,1236.0,24631.0,1.0,1.0
KNVB Beker,2026-09-02,Hercules,EVV,1.0,3.0,,,,,,,,,90.0,Netherlands,1st Preliminary Round,True,1264.0,1286.0,1.0,0.0
KNVB Beker,2026-09-02,Hollandia,Halsteren,2.0,2.0,,,,,,,,,90.0,Netherlands,1st Preliminary Round,True,14234.0,3928.0,1.0,1.0
KNVB Beker,2026-09-02,Hoogeveen,SVZW,2.0,2.0,,,,,,,,,90.0,Netherlands,1st Preliminary Round,True,14235.0,3936.0,1.0,0.0
KNVB Beker,2026-09-02,Lierop,Zwaluwen,0.0,7.0,,,,,,,,,90.0,Netherlands,1st Preliminary Round,True,28177.0,1275.0,0.0,1.0
KNVB Beker,2026-09-02,Mierlo-Hout,Groesbeek,2.0,3.0,,,,,,,,,90.0,Netherlands,1st Preliminary Round,True,6267.0,28176.0,,
KNVB Beker,2026-09-02,Purmersteijn,Zwaluw VFC,4.0,3.0,,,,,,,,,90.0,Netherlands,1st Preliminary Round,True,3920.0,21645.0,,
KNVB Beker,2026-09-02,Rijnvogels,Bennekom,5.0,0.0,,,,,,,,,90.0,Netherlands,1st Preliminary Round,True,1288.0,3927.0,2.0,0.0
KNVB Beker,2026-09-02,Rkvv Spartaan,UDI '19,0.0,5.0,,,,,,,,,90.0,Netherlands,1st Preliminary Round,True,28179.0,3938.0,0.0,1.0
KNVB Beker,2026-09-02,Sparta Nijkerk,Venray,2.0,0.0,,,,,,,,,90.0,Netherlands,1st Preliminary Round,True,1274.0,14242.0,1.0,0.0
KNVB Beker,2026-09-02,Staphorst,UNA,2.0,2.0,,,,,,,,,90.0,Netherlands,1st Preliminary Round,True,1239.0,1284.0,1.0,1.0
KNVB Beker,2026-09-02,Surhusterfean,Dovo,1.0,2.0,,,,,,,,,90.0,Netherlands,1st Preliminary Round,True,28180.0,1234.0,,
KNVB Beker,2026-09-02,TOGB,Katwijk,3.0,2.0,,,,,,,,,90.0,Netherlands,1st Preliminary Round,True,19739.0,1237.0,1.0,0.0
KNVB Beker,2026-09-02,Vvsb,Ajax Amateurs,2.0,0.0,,,,,,,,,90.0,Netherlands,1st Preliminary Round,True,1251.0,1266.0,1.0,0.0
Primera Division,2026-09-02,H&H Export,Walter Ferretti,1.0,1.0,,,,,,,,,396.0,Nicaragua,Apertura - 8,False,17135.0,4648.0,1.0,0.0
Primera Division,2026-09-02,Jalapa,Rancho Santana,1.0,1.0,,,,,,,,,396.0,Nicaragua,Apertura - 8,False,10160.0,24510.0,1.0,0.0
Primera Division,2026-09-02,Real Estelí,San Marcos,2.0,0.0,,,,,,,,,396.0,Nicaragua,Apertura - 8,False,4645.0,23311.0,2.0,0.0
NM Cupen,2026-09-02,Aurskog Finstadbru,Lillestrom,0.0,3.0,,,,,,,,,105.0,Norway,Round 1,True,28265.0,321.0,0.0,2.0
NM Cupen,2026-09-02,Brodd,Viking,1.0,3.0,,,,,,,,,105.0,Norway,Round 1,True,6971.0,759.0,1.0,0.0
Division Profesional - Clausura,2026-09-02,Nacional Asuncion,Libertad Asuncion,3.0,0.0,,,,,,,,,252.0,Paraguay,Clausura - 8,False,1175.0,1179.0,1.0,0.0
Division Profesional - Clausura,2026-09-02,Olimpia,Club Guarani,1.0,1.0,,,,,,,,,252.0,Paraguay,Clausura - 8,False,1182.0,1174.0,0.0,1.0
Division Profesional - Clausura,2026-09-02,Sportivo Ameliano,Sportivo Trinidense,0.0,3.0,,,,,,,,,252.0,Paraguay,Clausura - 8,False,10487.0,1187.0,0.0,1.0
Cup,2026-09-02,Beskid,Śląsk Wrocław II,1.0,3.0,,,,,,,,,108.0,Poland,Round of 64,True,26386.0,12900.0,1.0,1.0
Cup,2026-09-02,Górnik Polkowice,Polonia Warszawa,0.0,1.0,,,,,,,,,108.0,Poland,Round of 64,True,9132.0,16239.0,0.0,0.0
Cup,2026-09-02,Górnik Zabrze II,Olimpia Grudziądz,3.0,4.0,,,,,,,,,108.0,Poland,Round of 64,True,12776.0,4247.0,1.0,2.0
Cup,2026-09-02,Górnik Łęczna,Stal Mielec,3.0,3.0,,,,,,,,,108.0,Poland,Round of 64,True,6941.0,3493.0,1.0,0.0
Cup,2026-09-02,Lechia Zielona Góra,Ruch Chorzów,0.0,2.0,,,,,,,,,108.0,Poland,Round of 64,True,14143.0,6953.0,0.0,2.0
Cup,2026-09-02,Luzino,Wisla Plock,2.0,3.0,,,,,,,,,108.0,Poland,Round of 64,True,19693.0,341.0,0.0,2.0
Cup,2026-09-02,Miedz Legnica,Chrobry Głogów,0.0,1.0,,,,,,,,,108.0,Poland,Round of 64,True,335.0,3483.0,0.0,1.0
Cup,2026-09-02,Resovia Rzeszów,Arka Gdynia,0.0,4.0,,,,,,,,,108.0,Poland,Round of 64,True,6951.0,344.0,0.0,1.0
Cup,2026-09-02,Sokół Ostróda,Sokół Kleczew,1.0,2.0,,,,,,,,,108.0,Poland,Round of 64,True,12857.0,16255.0,1.0,1.0
Cup,2026-09-02,Widzew Łódź,Korona Kielce,0.0,1.0,,,,,,,,,108.0,Poland,Round of 64,True,6962.0,346.0,0.0,0.0
Cup,2026-09-02,Znicz Pruszków,Cracovia Krakow,1.0,1.0,,,,,,,,,108.0,Poland,Round of 64,True,6964.0,350.0,0.0,0.0
Liga Revelação U23,2026-09-02,Benfica U23,Academico Viseu U23,1.0,2.0,,,,,,,,,701.0,Portugal,Regular Season - 4,False,15460.0,21718.0,1.0,1.0
Cupa României,2026-09-02,Arges Pitesti,FCSB,0.0,5.0,,,,,,,,,285.0,Romania,Group Stage,False,2592.0,559.0,0.0,2.0
Cupa României,2026-09-02,FC Botosani,Corvinul Hunedoara,0.0,1.0,,,,,,,,,285.0,Romania,Group Stage,False,2581.0,20034.0,0.0,1.0
Cupa României,2026-09-02,Gloria Bistriţa,Csikszereda,0.0,2.0,,,,,,,,,285.0,Romania,Group Stage,False,22824.0,6230.0,0.0,1.0
Cupa României,2026-09-02,Minerul Lupeni,Uta Arad,0.0,3.0,,,,,,,,,285.0,Romania,Group Stage,False,24371.0,2589.0,0.0,2.0
Cupa României,2026-09-02,Sporting Lieşti,Dinamo Bucuresti,1.0,4.0,,,,,,,,,285.0,Romania,Group Stage,False,6899.0,635.0,0.0,3.0
Cup,2026-09-02,Baltika,Krylia Sovetov,0.0,0.0,,,,,,,,,237.0,Russia,Group Stage - 3,False,2006.0,1079.0,0.0,0.0
Cup,2026-09-02,FC Orenburg,Rubin,1.0,1.0,,,,,,,,,237.0,Russia,Group Stage - 3,False,1080.0,1083.0,0.0,1.0
Cup,2026-09-02,Spartak Moscow,Rodina Moskva,3.0,1.0,,,,,,,,,237.0,Russia,Group Stage - 3,False,558.0,6822.0,1.0,1.0
Cup,2026-09-02,Zenit,Dinamo Makhachkala,3.0,0.0,,,,,,,,,237.0,Russia,Group Stage - 3,False,596.0,6813.0,2.0,0.0
Division 1,2026-09-02,Al Ula,Al-Raed,2.0,0.0,,,,,,,,,308.0,Saudi-Arabia,Regular Season - 3,False,26357.0,2935.0,2.0,0.0
Division 1,2026-09-02,Al Wehda Club,Damac,2.0,2.0,,,,,,,,,308.0,Saudi-Arabia,Regular Season - 3,False,2937.0,2956.0,1.0,0.0
Division 1,2026-09-02,Hajer,Al Anwar,1.0,1.0,,,,,,,,,308.0,Saudi-Arabia,Regular Season - 3,False,2948.0,10503.0,1.0,0.0
Premiership,2026-09-02,Celtic,Aberdeen,3.0,0.0,,,,,,,,,179.0,Scotland,Regular Season - 5,False,247.0,252.0,3.0,0.0
Premiership,2026-09-02,Dundee,ST Johnstone,1.0,1.0,,,,,,,,,179.0,Scotland,Regular Season - 5,False,253.0,258.0,0.0,0.0
Premiership,2026-09-02,Falkirk,Rangers,1.0,2.0,,,,,,,,,179.0,Scotland,Regular Season - 5,False,1389.0,257.0,1.0,1.0
Premiership,2026-09-02,Kilmarnock,ST Mirren,0.0,1.0,,,,,,,,,179.0,Scotland,Regular Season - 5,False,250.0,251.0,0.0,1.0
Premiership,2026-09-02,Motherwell,Dundee Utd,3.0,0.0,,,,,,,,,179.0,Scotland,Regular Season - 5,False,256.0,1386.0,1.0,0.0
Cup,2026-09-02,Budučnost Krušik,Stepojevac Vaga,3.0,1.0,,,,,,,,,732.0,Serbia,Round of 64,True,12308.0,12347.0,1.0,0.0
Cup,2026-09-02,Jedinstvo Kruševac,FK Trayal,3.0,0.0,,,,,,,,,732.0,Serbia,Round of 64,True,22082.0,2651.0,1.0,0.0
Cup,2026-09-02,Mokra Gora,FAP,0.0,1.0,,,,,,,,,732.0,Serbia,Round of 64,True,12327.0,19845.0,0.0,0.0
Cup,2026-09-02,Sloven Ruma,Kabel Novi Sad,2.0,1.0,,,,,,,,,732.0,Serbia,Round of 64,True,22084.0,4253.0,1.0,0.0
Cup,2026-09-02,Boleráz,Šoporňa,3.0,1.0,,,,,,,,,680.0,Slovakia,Round of 64,True,14948.0,15094.0,2.0,0.0
Cup,2026-09-02,Brezno,Lokomotíva Zvolen,0.0,4.0,,,,,,,,,680.0,Slovakia,Round of 64,True,14949.0,10552.0,0.0,1.0
Cup,2026-09-02,Fiľakovo,Dukla Banská Bystrica,0.0,2.0,,,,,,,,,680.0,Slovakia,Round of 64,True,14081.0,10533.0,0.0,1.0
Cup,2026-09-02,Fomat Martin,Skalica,1.0,4.0,,,,,,,,,680.0,Slovakia,Round of 64,True,14082.0,10542.0,1.0,1.0
Cup,2026-09-02,Harichovce,FK Košice,0.0,7.0,,,,,,,,,680.0,Slovakia,Round of 64,True,14974.0,10534.0,0.0,4.0
Cup,2026-09-02,Kostolné Kračany,Slovan Duslo Šaľa,1.0,1.0,,,,,,,,,680.0,Slovakia,Round of 64,True,14994.0,14063.0,0.0,0.0
Cup,2026-09-02,Kysucké Nové Mesto,Čadca,1.0,3.0,,,,,,,,,680.0,Slovakia,Round of 64,True,14999.0,14092.0,0.0,2.0
Cup,2026-09-02,Lokomotíva Košice,Slávia TU Košice,3.0,0.0,,,,,,,,,680.0,Slovakia,Round of 64,True,10549.0,14074.0,2.0,0.0
Cup,2026-09-02,MSK Tesla Stropkov,Humenné,1.0,1.0,,,,,,,,,680.0,Slovakia,Round of 64,True,14069.0,14068.0,1.0,1.0
Cup,2026-09-02,Nové Zámky,Petržalka,3.0,3.0,,,,,,,,,680.0,Slovakia,Round of 64,True,14061.0,10538.0,1.0,0.0
Cup,2026-09-02,Oravské Veselé,Považská Bystrica,2.0,3.0,,,,,,,,,680.0,Slovakia,Round of 64,True,14089.0,14062.0,0.0,0.0
Cup,2026-09-02,Partizán Bardejov,Vranov nad Topľou,1.0,2.0,,,,,,,,,680.0,Slovakia,Round of 64,True,10537.0,14079.0,0.0,2.0
Cup,2026-09-02,Piešťany,Beluša,1.0,1.0,,,,,,,,,680.0,Slovakia,Round of 64,True,15023.0,14053.0,0.0,1.0
Cup,2026-09-02,Poprad,Ružomberok,0.0,2.0,,,,,,,,,680.0,Slovakia,Round of 64,True,10539.0,3549.0,0.0,1.0
Cup,2026-09-02,Príbelce,Pohronie,1.0,3.0,,,,,,,,,680.0,Slovakia,Round of 128,True,15030.0,4134.0,0.0,1.0
Cup,2026-09-02,Púchov,Spartak Trnava,1.0,3.0,,,,,,,,,680.0,Slovakia,Round of 64,True,10540.0,1120.0,1.0,1.0
Cup,2026-09-02,Slovan Kendice,Tatran Prešov,0.0,8.0,,,,,,,,,680.0,Slovakia,Round of 64,True,24412.0,10550.0,0.0,5.0
Cup,2026-09-02,Slovan Nitra-Chrenová,Slovan Bratislava,0.0,8.0,,,,,,,,,680.0,Slovakia,Round of 128,True,19390.0,656.0,0.0,6.0
Cup,2026-09-02,Svätý Jur,Dunajská Lužná,2.0,1.0,,,,,,,,,680.0,Slovakia,Round of 64,True,15063.0,14040.0,1.0,1.0
Cup,2026-09-02,Tatran Krásno,AS Trencin,0.0,2.0,,,,,,,,,680.0,Slovakia,Round of 64,True,14091.0,655.0,0.0,1.0
1. SNL,2026-09-02,Aluminij,Celje,0.0,2.0,,,,,,,,,373.0,Slovenia,Regular Season - 2,False,4358.0,4360.0,0.0,0.0
1st Division,2026-09-02,Cape Town City,Leicesterfield,1.0,1.0,,,,,,,,,289.0,South-Africa,Regular Season - 2,False,2697.0,26434.0,1.0,1.0
Premier Soccer League,2026-09-02,Mamelodi Sundowns,Milford FC,2.0,0.0,,,,,,,,,288.0,South-Africa,Regular Season - 10,False,2699.0,22234.0,1.0,0.0
WK-League,2026-09-02,Changnyeong W,Boeun Sangmu W,0.0,1.0,,,,,,,,,660.0,South-Korea,Regular Season - 23,False,14373.0,14372.0,0.0,0.0
WK-League,2026-09-02,Gumi Sportstoto W,Gyeongju W,0.0,1.0,,,,,,,,,660.0,South-Korea,Regular Season - 23,False,14374.0,14375.0,0.0,0.0
WK-League,2026-09-02,Hwacheon KSPO W,Suwon FMC W,2.0,0.0,,,,,,,,,660.0,South-Korea,Regular Season - 23,False,14376.0,14379.0,1.0,0.0
WK-League,2026-09-02,Seoul W,Incheon Red Angels W,1.0,0.0,,,,,,,,,660.0,South-Korea,Regular Season - 23,False,14378.0,14377.0,0.0,0.0
Svenska Cupen,2026-09-02,Olympic,IFK Goteborg,0.0,5.0,,,,,,,,,115.0,Sweden,Final,True,12601.0,366.0,0.0,3.0
Super League,2026-09-02,FC Luzern,FC Vaduz,2.0,1.0,,,,,,,,,207.0,Switzerland,Regular Season - 6,False,644.0,660.0,0.0,0.0
Super League,2026-09-02,FC Thun,Lausanne,0.0,0.0,,,,,,,,,207.0,Switzerland,Regular Season - 6,False,1012.0,1014.0,0.0,0.0
Super League,2026-09-02,Grasshoppers,FC ST. Gallen,2.0,0.0,,,,,,,,,207.0,Switzerland,Regular Season - 6,False,1013.0,1011.0,1.0,0.0
1. Lig,2026-09-02,Fatih Karagümrük,Kayserispor,1.0,1.0,,,,,,,,,204.0,Turkey,Regular Season - 5,False,3589.0,1001.0,0.0,0.0
1. Lig,2026-09-02,Sivasspor,Mardin 1969,2.0,2.0,,,,,,,,,204.0,Turkey,Regular Season - 5,False,1002.0,6533.0,0.0,2.0
1. Lig,2026-09-02,Vanspor FK,Batman Petrolspor,0.0,2.0,,,,,,,,,204.0,Turkey,Regular Season - 5,False,6342.0,7395.0,0.0,1.0
USL Championship,2026-09-02,Charleston Battery,Hartford Athletic,1.0,2.0,,,,,,,,,255.0,USA,Group Stage,False,3990.0,3995.0,1.0,0.0
USL League One,2026-09-02,Charlotte Independence,Portland Hearts of Pine,3.0,2.0,,,,,,,,,489.0,USA,Group Stage,False,3991.0,25486.0,1.0,0.0
USL League One,2026-09-02,Fort Wayne,Richmond Kickers,2.0,0.0,,,,,,,,,489.0,USA,Group Stage,False,16679.0,4024.0,1.0,0.0
USL League One,2026-09-02,Forward Madison,One Knoxville,1.0,1.0,,,,,,,,,489.0,USA,Group Stage,False,9025.0,18905.0,0.0,0.0
USL League One,2026-09-02,NY Cosmos,Sarasota Paradise,1.0,2.0,,,,,,,,,489.0,USA,Group Stage,False,9033.0,21289.0,0.0,0.0
USL League One,2026-09-02,Westchester SC,Chattanooga Red Wolves,0.0,1.0,,,,,,,,,489.0,USA,Group Stage,False,25488.0,9016.0,0.0,1.0
Premier League,2026-09-02,Blacks Power,Police,1.0,0.0,,,,,,,,,585.0,Uganda,Regular Season - 2,False,20297.0,12461.0,0.0,0.0
Premier League,2026-09-02,Ntugasaze,Maroons,1.0,3.0,,,,,,,,,585.0,Uganda,Regular Season - 2,False,28318.0,12454.0,0.0,2.0
U19 League,2026-09-02,Dynamo Kyiv U19,LNZ Cherkasy U19,4.0,1.0,,,,,,,,,1065.0,Ukraine,Regular Season - 5,False,7898.0,23077.0,0.0,1.0
U19 League,2026-09-02,Karpaty Lviv U19,Livyi Bereh U19,4.0,2.0,,,,,,,,,1065.0,Ukraine,Regular Season - 5,False,24177.0,25118.0,3.0,1.0
U19 League,2026-09-02,Metalist 1925 U19,Shakhtar Donetsk U19,2.0,1.0,,,,,,,,,1065.0,Ukraine,Regular Season - 5,False,23078.0,7929.0,1.0,1.0
U19 League,2026-09-02,Veres Rivne U19,Oleksandria U19,3.0,1.0,,,,,,,,,1065.0,Ukraine,Regular Season - 5,False,23082.0,23081.0,2.0,0.0
U19 League,2026-09-02,Zhytomyr U19,Lviv U19,2.0,1.0,,,,,,,,,1065.0,Ukraine,Regular Season - 5,False,23084.0,28083.0,0.0,1.0
Copa Uruguay,2026-09-02,Atenas,Penarol,2.0,2.0,,,,,,,,,930.0,Uruguay,Group Stage - 2,False,2364.0,2348.0,2.0,0.0
Copa Uruguay,2026-09-02,Central Espanol,Juventud,3.0,0.0,,,,,,,,,930.0,Uruguay,Group Stage - 2,False,2368.0,2353.0,1.0,0.0
Copa Uruguay,2026-09-02,Cerrito,Deportivo Maldonado,0.0,2.0,,,,,,,,,930.0,Uruguay,Group Stage - 2,False,2367.0,2370.0,0.0,0.0
Copa Uruguay,2026-09-02,Liverpool Montevideo,Boston River,0.0,1.0,,,,,,,,,930.0,Uruguay,Group Stage - 2,False,2358.0,2361.0,0.0,0.0
Pro League A,2026-09-02,Olimpik-Mobiuz,Metalourg,2.0,3.0,,,,,,,,,1075.0,Uzbekistan,Regular Season - 19,False,23309.0,4214.0,1.0,2.0
Primera División,2026-09-02,Caracas FC,Portuguesa FC,1.0,1.0,,,,,,,,,299.0,Venezuela,Clausura - 7,False,2808.0,2814.0,1.0,0.0
Primera División,2026-09-02,Zamora FC,Deportivo Tachira FC,2.0,5.0,,,,,,,,,299.0,Venezuela,Clausura - 7,False,2806.0,2807.0,0.0,1.0
Segunda División,2026-09-02,Atletico el Vigia FC,Club Atletico Barinas,2.0,1.0,,,,,,,,,300.0,Venezuela,Regular Season - 26,False,2832.0,27528.0,0.0,1.0
Segunda División,2026-09-02,Deportivo Lara,Fundación Lara Deportiva,2.0,1.0,,,,,,,,,300.0,Venezuela,Regular Season - 26,False,2812.0,10091.0,1.0,0.0
Segunda División,2026-09-02,Real Frontera,Zamora FC B,0.0,2.0,,,,,,,,,300.0,Venezuela,Regular Season - 26,False,2847.0,2841.0,0.0,1.0
Segunda División,2026-09-02,Yaracuyanos FC,Urena SC,4.0,3.0,,,,,,,,,300.0,Venezuela,Regular Season - 26,False,2829.0,2816.0,2.0,2.0
CONCACAF Caribbean Club Championship,2026-09-02,Broki,Delfines Del Este,0.0,0.0,,,,,,,,,856.0,World,Group Stage - 3,False,12213.0,16139.0,0.0,0.0
CONCACAF Caribbean Club Championship,2026-09-02,Salcedo,Mount Pleasant Academy,1.0,1.0,,,,,,,,,856.0,World,Group Stage - 3,False,25556.0,3442.0,0.0,1.0
Friendlies Clubs,2026-09-02,Real Aranjuez,Deportivo Alavés III,1.0,6.0,,,,,,,,,667.0,World,Club Friendlies,False,15352.0,22134.0,1.0,3.0
Leagues Cup,2026-09-02,Club America,Monterrey,2.0,2.0,,,,,,,,,772.0,World,Semi-finals,True,2287.0,2282.0,0.0,0.0
Leagues Cup,2026-09-02,Toluca,Leon,2.0,0.0,,,,,,,,,772.0,World,Semi-finals,True,2281.0,2289.0,1.0,0.0
Premier League International Cup,2026-09-02,Aston Villa U21,Brondby U21,0.0,4.0,,,,,,,,,1039.0,World,Group Stage,False,7190.0,28186.0,0.0,3.0
Premier League International Cup,2026-09-02,Crystal Palace U21,Paris Saint-Germain U21,2.0,1.0,,,,,,,,,1039.0,World,Group Stage,False,17000.0,26595.0,1.0,0.0
Premier League International Cup,2026-09-02,Everton U21,Milan II,1.0,2.0,,,,,,,,,1039.0,World,Group Stage,False,7193.0,24205.0,0.0,1.0
UEFA Champions League Women,2026-09-02,Inter Milano W,VfL Wolfsburg W,3.0,1.0,,,,,,,,,525.0,World,3rd Qualifying Round,True,7533.0,1863.0,1.0,0.0
UEFA Champions League Women,2026-09-02,Juventus W,St. Pölten W,1.0,1.0,,,,,,,,,525.0,World,3rd Qualifying Round,True,1886.0,10227.0,1.0,0.0
UEFA Champions League Women,2026-09-02,Køge W,PSV/Eindhoven W,1.0,1.0,,,,,,,,,525.0,World,3rd Qualifying Round,True,13982.0,1895.0,0.0,0.0
UEFA Champions League Women,2026-09-02,OH Leuven W,Czarni Sosnowiec W,2.0,1.0,,,,,,,,,525.0,World,3rd Qualifying Round,True,1790.0,16838.0,0.0,1.0
UEFA Champions League Women,2026-09-02,Paris Saint Germain W,Eintracht Frankfurt W,5.0,1.0,,,,,,,,,525.0,World,3rd Qualifying Round,True,1667.0,14014.0,1.0,0.0
UEFA Champions League Women,2026-09-02,Real Madrid W,Ajax W,2.0,1.0,,,,,,,,,525.0,World,3rd Qualifying Round,True,15224.0,1898.0,0.0,0.0
UEFA Champions League Women,2026-09-02,Real Sociedad W,Chelsea W,0.0,1.0,,,,,,,,,525.0,World,3rd Qualifying Round,True,1912.0,1853.0,0.0,0.0
UEFA Champions League Women,2026-09-02,Servette Chênois W,Sparta Praha W,3.0,0.0,,,,,,,,,525.0,World,3rd Qualifying Round,True,15548.0,10925.0,2.0,0.0
UEFA Europa Cup - Women,2026-09-02,Agram W,Minsk W,0.0,1.0,,,,,,,,,1191.0,World,1st Qualifying Round - Semi-Finals,True,26233.0,10895.0,0.0,0.0
UEFA Europa Cup - Women,2026-09-02,Brøndby W,Spartak Subotica W,4.0,1.0,,,,,,,,,1191.0,World,1st Qualifying Round - Semi-Finals,True,10883.0,10903.0,2.0,0.0
UEFA Europa Cup - Women,2026-09-02,Csikszereda MC W,Breidablik W,0.0,1.0,,,,,,,,,1191.0,World,1st Qualifying Round - Semi-Finals,True,19903.0,10914.0,0.0,0.0
UEFA Europa Cup - Women,2026-09-02,FH W,Apollon Limassol W,0.0,1.0,,,,,,,,,1191.0,World,1st Qualifying Round - Semi-Finals,True,14848.0,10911.0,0.0,1.0
UEFA Europa Cup - Women,2026-09-02,Feyenoord W,Anderlecht W,3.0,1.0,,,,,,,,,1191.0,World,1st Qualifying Round - Semi-Finals,True,16853.0,1792.0,3.0,1.0
UEFA Europa Cup - Women,2026-09-02,Fortuna Hjørring W,Hajduk Split W,1.0,1.0,,,,,,,,,1191.0,World,1st Qualifying Round - Semi-Finals,True,10890.0,27869.0,0.0,0.0
UEFA Europa Cup - Women,2026-09-02,Gintra-Universitetas W,Sturm Graz W,3.0,5.0,,,,,,,,,1191.0,World,1st Qualifying Round - Semi-Finals,True,10891.0,10232.0,3.0,4.0
UEFA Europa Cup - Women,2026-09-02,Kolos Kovalivka W,Torreense W,1.0,3.0,,,,,,,,,1191.0,World,1st Qualifying Round - Semi-Finals,True,24210.0,20512.0,0.0,1.0
UEFA Europa Cup - Women,2026-09-02,Rosenborg W,SeaSters Odesa W,3.0,0.0,,,,,,,,,1191.0,World,1st Qualifying Round - Semi-Finals,True,15956.0,27875.0,0.0,0.0
UEFA Europa Cup - Women,2026-09-02,Slovan Liberec W,SFK 2000 W,1.0,1.0,,,,,,,,,1191.0,World,1st Qualifying Round - Semi-Finals,True,14846.0,10902.0,0.0,0.0
UEFA Europa Cup - Women,2026-09-02,Vålerenga W,Radomlje W,7.0,1.0,,,,,,,,,1191.0,World,1st Qualifying Round - Semi-Finals,True,15535.0,28221.0,3.0,1.0
Premier Soccer League,2026-09-02,Scotland Mabvuku,Platinum,0.0,0.0,,,,,,,,,401.0,Zimbabwe,Regular Season - 28,False,25735.0,5230.0,0.0,0.0
Girabola,2026-09-01,1º de Agosto,Interclube,2.0,1.0,,,,,,,,,397.0,Angola,Regular Season - 3,False,4913.0,4920.0,0.0,1.0
Reserve League,2026-09-01,Aldosivi Res.,Racing Club Res.,2.0,2.0,,,,,,,,,906.0,Argentina,Clausura - 7,False,18676.0,18694.0,1.0,0.0
Reserve League,2026-09-01,Argentinos Juniors Res.,Sarmiento Res.,1.0,1.0,,,,,,,,,906.0,Argentina,Clausura - 7,False,18677.0,18698.0,1.0,0.0
Reserve League,2026-09-01,Atl. Rafaela 2,Colón Res.,2.0,1.0,,,,,,,,,906.0,Argentina,Clausura - 7,False,27412.0,18683.0,1.0,1.0
Reserve League,2026-09-01,Gimnasia La Plata Res.,River Plate Res.,0.0,1.0,,,,,,,,,906.0,Argentina,Clausura - 7,False,18686.0,18695.0,0.0,0.0
Reserve League,2026-09-01,Lanús Res.,Belgrano Córdoba Res.,3.0,1.0,,,,,,,,,906.0,Argentina,Clausura - 7,False,18690.0,20817.0,1.0,1.0
Reserve League,2026-09-01,Unión Santa Fe Res.,Vélez Sársfield Res.,0.0,0.0,,,,,,,,,906.0,Argentina,Clausura - 7,False,18701.0,18702.0,0.0,0.0
Torneo Promocional Amateur,2026-09-01,Juventud de Bernal,Estrella de Berisso,2.0,2.0,,,,,,,,,1067.0,Argentina,Regular Season - 13,False,23103.0,23100.0,1.0,2.0
First League,2026-09-01,Ararat-Armenia II,Mika,1.0,1.0,,,,,,,,,343.0,Armenia,Regular Season - 5,False,3689.0,11174.0,1.0,0.0
First League,2026-09-01,BKMA II,Bentonit Ijevan,2.0,0.0,,,,,,,,,343.0,Armenia,Regular Season - 5,False,17171.0,24965.0,2.0,0.0
First League,2026-09-01,Noah II,Andranik,0.0,0.0,,,,,,,,,343.0,Armenia,Regular Season - 5,False,21879.0,21877.0,0.0,0.0
First League,2026-09-01,Olympia Yerevan,Araks Ararat,2.0,1.0,,,,,,,,,343.0,Armenia,Regular Season - 5,False,27987.0,25114.0,1.0,1.0
Bundesliga,2026-09-01,Wolfsberger AC,Lask Linz,1.0,3.0,,,,,,,,,218.0,Austria,Regular Season - 4,False,1025.0,1026.0,1.0,0.0
Regionalliga - Ost,2026-09-01,SV Horn,Parndorf,0.0,1.0,,,,,,,,,221.0,Austria,Ost - 6,False,1397.0,4955.0,0.0,0.0
Regionalliga - South,2026-09-01,Deutschlandsberger SC,Gleisdorf 09,4.0,2.0,,,,,,,,,1238.0,Austria,South - 5,False,4972.0,4940.0,2.0,1.0
Regionalliga - South,2026-09-01,SV Lafnitz,Kalsdorf,2.0,2.0,,,,,,,,,1238.0,Austria,South - 5,False,1402.0,4946.0,1.0,2.0
Copa de la División Profesional,2026-09-01,Universitario de Vinto,Aurora,1.0,1.0,,,,,,,,,964.0,Bolivia,Group Stage - 2,False,17762.0,3637.0,1.0,0.0
Premijer Liga,2026-09-01,Sloga Doboj,Čelik,0.0,0.0,,,,,,,,,315.0,Bosnia,Regular Season - 5,False,8504.0,3363.0,0.0,0.0
Premijer Liga,2026-09-01,Zrinjski,BSK Banja Luka,3.0,1.0,,,,,,,,,315.0,Bosnia,Regular Season - 5,False,588.0,21736.0,0.0,0.0
Brasileiro U17,2026-09-01,Cruzeiro U17,Flamengo RJ U17,1.0,1.0,,,,,,,,,1128.0,Brazil,Regular Season - 14,False,24476.0,24478.0,0.0,0.0
Brasileiro U17,2026-09-01,Fortaleza U17,Sao Paulo U17,3.0,1.0,,,,,,,,,1128.0,Brazil,Regular Season - 14,False,24480.0,24487.0,2.0,0.0
Brasileiro U17,2026-09-01,Santos U17,Botafogo U17,4.0,2.0,,,,,,,,,1128.0,Brazil,Regular Season - 14,False,24486.0,24473.0,2.0,1.0
Copa Do Brasil,2026-09-01,Atletico-MG,Cruzeiro,2.0,1.0,,,,,,,,,73.0,Brazil,Quarter-finals,True,1062.0,135.0,0.0,1.0
Goiano - 2,2026-09-01,Rio Verde,Trindade,1.0,0.0,,,,,,,,,1030.0,Brazil,Regular Season - 9,False,24771.0,23307.0,0.0,0.0
Serie B,2026-09-01,Londrina,Juventude,0.0,0.0,,,,,,,,,72.0,Brazil,Regular Season - 25,False,148.0,152.0,0.0,0.0
Second League,2026-09-01,Hebar 1918,Fratria,1.0,1.0,,,,,,,,,173.0,Bulgaria,Regular Season - 7,False,4659.0,21836.0,0.0,0.0
Canadian Championship,2026-09-01,Supra du Quebec,Forge,1.0,1.0,,,,,,,,,259.0,Canada,Semi-finals,True,27461.0,3830.0,1.0,0.0
Segunda División,2026-09-01,Colchagua,Municipal Salamanca,0.0,1.0,,,,,,,,,711.0,Chile,Promotion Group - 4,False,5633.0,18775.0,0.0,0.0
FA Cup,2026-09-01,Beijing Guoan,Rizhao Yuqi,3.0,1.0,,,,,,,,,171.0,China,Quarter-finals,True,830.0,21328.0,1.0,0.0
FA Cup,2026-09-01,Dalian Zhixing,Shanghai Shenhua,1.0,0.0,,,,,,,,,171.0,China,Quarter-finals,True,21263.0,833.0,0.0,0.0
FA Cup,2026-09-01,Shandong Luneng,SHANGHAI SIPG,0.0,3.0,,,,,,,,,171.0,China,Quarter-finals,True,844.0,836.0,0.0,2.0
Liga Femenina,2026-09-01,Orsomarso W,Deportivo Cali W,0.0,0.0,,,,,,,,,712.0,Colombia,Promotion Group - 3,False,18432.0,15723.0,0.0,0.0
Primera A,2026-09-01,Fortaleza FC,Once Caldas,1.0,2.0,,,,,,,,,239.0,Colombia,Clausura - 8,False,1147.0,1136.0,1.0,1.0
Primera B,2026-09-01,Barranquilla,Popayan,2.0,1.0,,,,,,,,,240.0,Colombia,Clausura - 7,False,1466.0,1460.0,1.0,1.0
Primera B,2026-09-01,Envigado,Union Magdalena,0.0,1.0,,,,,,,,,240.0,Colombia,Clausura - 3,False,1129.0,1465.0,0.0,0.0
1. Liga U19,2026-09-01,Sigma Olomouc U19,Sparta Praha U19,5.0,3.0,,,,,,,,,668.0,Czech-Republic,Regular Season - 1,False,7969.0,7995.0,1.0,1.0
DBU Pokalen,2026-09-01,Lyseng,AC Horsens,0.0,4.0,,,,,,,,,121.0,Denmark,Round of 64,True,6038.0,404.0,0.0,1.0
Kvindeliga,2026-09-01,Nordsjælland W,KoldingQ W,4.0,0.0,,,,,,,,,638.0,Denmark,Regular Season - 5,False,13983.0,13981.0,1.0,0.0
Liga Pro,2026-09-01,Delfin SC,Tecnico Universitario,1.0,0.0,,,,,,,,,242.0,Ecuador,Regular Season - 28,False,1149.0,1151.0,1.0,0.0
Liga Pro,2026-09-01,LDU de Quito,Mushuc Runa SC,0.0,0.0,,,,,,,,,242.0,Ecuador,Regular Season - 28,False,1158.0,1162.0,0.0,0.0
Premier League,2026-09-01,El Geish,Masr,0.0,1.0,,,,,,,,,233.0,Egypt,Regular Season - 3,False,1039.0,7520.0,0.0,0.0
Premier League,2026-09-01,Ghazl El Mehalla,Enppi,0.0,0.0,,,,,,,,,233.0,Egypt,Regular Season - 3,False,13819.0,1037.0,0.0,0.0
Premier League,2026-09-01,Wadi Degla,Olympic El Qanah,0.0,0.0,,,,,,,,,233.0,Egypt,Regular Season - 3,False,1046.0,13822.0,0.0,0.0
Championship,2026-09-01,Birmingham,Southampton,1.0,1.0,,,,,,,,,40.0,England,Regular Season - 4,False,54.0,41.0,0.0,1.0
Championship,2026-09-01,Lincoln,Blackburn,0.0,0.0,,,,,,,,,40.0,England,Regular Season - 4,False,1379.0,67.0,0.0,0.0
Championship,2026-09-01,Portsmouth,Derby,0.0,2.0,,,,,,,,,40.0,England,Regular Season - 4,False,1355.0,69.0,0.0,1.0
Championship,2026-09-01,Preston,Bristol City,1.0,3.0,,,,,,,,,40.0,England,Regular Season - 4,False,59.0,56.0,0.0,1.0
Championship,2026-09-01,Sheffield Utd,Bolton,3.0,2.0,,,,,,,,,40.0,England,Regular Season - 4,False,62.0,68.0,1.0,1.0
Championship,2026-09-01,Stoke City,Norwich,1.0,0.0,,,,,,,,,40.0,England,Regular Season - 4,False,75.0,71.0,1.0,0.0
Championship,2026-09-01,Swansea,Watford,2.0,0.0,,,,,,,,,40.0,England,Regular Season - 4,False,76.0,38.0,2.0,0.0
Championship,2026-09-01,West Ham,Wolves,4.0,2.0,,,,,,,,,40.0,England,Regular Season - 4,False,48.0,39.0,2.0,1.0
League One,2026-09-01,Bradford,Cambridge United,1.0,2.0,,,,,,,,,41.0,England,Regular Season - 4,False,1343.0,1370.0,0.0,0.0
League One,2026-09-01,Bromley,Leyton Orient,0.0,5.0,,,,,,,,,41.0,England,Regular Season - 4,False,1832.0,1373.0,0.0,1.0
League One,2026-09-01,Doncaster,Notts County,1.0,1.0,,,,,,,,,41.0,England,Regular Season - 4,False,1354.0,1376.0,1.0,0.0
League One,2026-09-01,Huddersfield,Oxford United,3.0,1.0,,,,,,,,,41.0,England,Regular Season - 4,False,37.0,1338.0,0.0,0.0
League One,2026-09-01,Leicester,Plymouth,2.0,0.0,,,,,,,,,41.0,England,Regular Season - 4,False,46.0,1357.0,2.0,0.0
League One,2026-09-01,Peterborough,Stevenage,0.0,0.0,,,,,,,,,41.0,England,Regular Season - 4,False,1350.0,1368.0,0.0,0.0
League One,2026-09-01,Wycombe,Sheffield Wednesday,1.0,2.0,,,,,,,,,41.0,England,Regular Season - 4,False,1358.0,74.0,1.0,2.0
League Two,2026-09-01,Accrington ST,Grimsby,2.0,2.0,,,,,,,,,42.0,England,Regular Season - 4,False,1360.0,1365.0,1.0,2.0
League Two,2026-09-01,Bristol Rovers,Colchester,2.0,0.0,,,,,,,,,42.0,England,Regular Season - 4,False,1334.0,1361.0,1.0,0.0
League Two,2026-09-01,Cheltenham,York,3.0,2.0,,,,,,,,,42.0,England,Regular Season - 4,False,1372.0,1828.0,1.0,1.0
League Two,2026-09-01,Chesterfield,Gillingham,1.0,1.0,,,,,,,,,42.0,England,Regular Season - 4,False,1345.0,1347.0,1.0,0.0
League Two,2026-09-01,Crewe,Walsall,2.0,2.0,,,,,,,,,42.0,England,Regular Season - 4,False,1363.0,1342.0,0.0,1.0
League Two,2026-09-01,Exeter City,Barnet,1.0,1.0,,,,,,,,,42.0,England,Regular Season - 4,False,1364.0,1369.0,0.0,0.0
League Two,2026-09-01,Fleetwood Town,Oldham,1.0,1.0,,,,,,,,,42.0,England,Regular Season - 4,False,1336.0,1349.0,0.0,1.0
League Two,2026-09-01,Northampton,Crawley Town,1.0,1.0,,,,,,,,,42.0,England,Regular Season - 4,False,1337.0,1362.0,1.0,0.0
League Two,2026-09-01,Rochdale,Shrewsbury,3.0,0.0,,,,,,,,,42.0,England,Regular Season - 4,False,1339.0,1352.0,2.0,0.0
League Two,2026-09-01,Salford City,Newport County,2.0,1.0,,,,,,,,,42.0,England,Regular Season - 4,False,1844.0,1367.0,0.0,0.0
League Two,2026-09-01,Swindon Town,Port Vale,3.0,1.0,,,,,,,,,42.0,England,Regular Season - 4,False,1353.0,1351.0,1.0,1.0
League Two,2026-09-01,Tranmere,Rotherham,2.0,2.0,,,,,,,,,42.0,England,Regular Season - 4,False,1381.0,73.0,1.0,0.0
National League,2026-09-01,FC Halifax Town,Hartlepool,1.0,0.0,,,,,,,,,43.0,England,Regular Season - 5,False,1841.0,1366.0,0.0,0.0
Non League Premier - Northern,2026-09-01,Leek Town,Warrington Town,1.0,2.0,,,,,,,,,59.0,England,Regular Season - 8,False,7239.0,7756.0,1.0,1.0
Non League Premier - Southern Central,2026-09-01,Stourbridge,Leamington,0.0,2.0,,,,,,,,,931.0,England,Regular Season - 6,False,4710.0,8656.0,0.0,1.0
Professional Development League,2026-09-01,Bristol City U21,Sheffield United U21,3.0,1.0,,,,,,,,,703.0,England,Regular Season,False,20080.0,20086.0,0.0,1.0
Professional Development League,2026-09-01,Cardiff City U21,Sheffield Wednesday U21,0.0,0.0,,,,,,,,,703.0,England,Regular Season,False,20016.0,20096.0,0.0,0.0
Professional Development League,2026-09-01,Charlton Athletic U21,Wigan Athletic U21,2.0,2.0,,,,,,,,,703.0,England,Regular Season,False,20082.0,20097.0,2.0,2.0
Professional Development League,2026-09-01,Colchester United U21,Barnsley U21,3.0,4.0,,,,,,,,,703.0,England,Regular Season,False,20083.0,20091.0,3.0,4.0
Professional Development League,2026-09-01,Fleetwood Town U21,Millwall U21,1.0,0.0,,,,,,,,,703.0,England,Regular Season,False,22173.0,20095.0,1.0,0.0
Professional Development League,2026-09-01,Huddersfield Town U21,Queens Park Rangers U21,3.0,1.0,,,,,,,,,703.0,England,Regular Season,False,20017.0,20085.0,2.0,1.0
Professional Development League,2026-09-01,Hull City U21,Swansea City U21,0.0,2.0,,,,,,,,,703.0,England,Regular Season,False,20084.0,11912.0,0.0,2.0
DFB Pokal,2026-09-01,HEBC,Borussia Dortmund,0.0,5.0,,,,,,,,,81.0,Germany,Round of 64,True,16078.0,165.0,0.0,4.0
Regionalliga - SudWest,2026-09-01,Hessen Kassel,Eintracht Trier,0.0,1.0,,,,,,,,,86.0,Germany,Sudwest - 3,False,12788.0,1627.0,0.0,0.0
Regionalliga - West,2026-09-01,Bochum II,Köln II,0.0,4.0,,,,,,,,,87.0,Germany,West - 6,False,24430.0,9371.0,0.0,2.0
Regionalliga - West,2026-09-01,Borussia Dortmund II,Schalke 04 II,3.0,1.0,,,,,,,,,87.0,Germany,West - 6,False,9367.0,9373.0,2.0,0.0
Regionalliga - West,2026-09-01,FC Bocholt,Bonner SC,2.0,2.0,,,,,,,,,87.0,Germany,West - 6,False,12764.0,1637.0,1.0,1.0
Regionalliga - West,2026-09-01,FC Gutersloh,Hilden,6.0,0.0,,,,,,,,,87.0,Germany,West - 6,False,14485.0,12790.0,1.0,0.0
Regionalliga - West,2026-09-01,Rot-weiss Oberhausen,Westfalia Rhynern,4.0,1.0,,,,,,,,,87.0,Germany,West - 6,False,1658.0,14826.0,3.0,0.0
Cup,2026-09-01,Volos NFC,Kalamata,2.0,2.0,,,,,,,,,199.0,Greece,Greek Cup - 1,False,2110.0,5046.0,0.0,2.0
Úrvalsdeild,2026-09-01,KR Reykjavik,Vikingur Reykjavik,1.0,1.0,,,,,,,,,164.0,Iceland,Regular Season - 21,False,271.0,278.0,0.0,0.0
Calcutta Premier Division,2026-09-01,Bidhannagar,Kalighat,0.0,4.0,,,,,,,,,1020.0,India,Regular season,False,28010.0,21605.0,0.0,2.0
Calcutta Premier Division,2026-09-01,Railway,Kidderpore,5.0,2.0,,,,,,,,,1020.0,India,Regular season,False,21609.0,21606.0,2.0,2.0
Persian Gulf Pro League,2026-09-01,Esteghlal Khuzestan,Chadormalu SC,1.0,1.0,,,,,,,,,290.0,Iran,Regular Season - 5,False,2739.0,20299.0,0.0,1.0
Persian Gulf Pro League,2026-09-01,Gol Gohar,Aluminium Arak,0.0,2.0,,,,,,,,,290.0,Iran,Regular Season - 5,False,2714.0,2703.0,0.0,2.0
Persian Gulf Pro League,2026-09-01,Shams Azar Qazvin,Tractor Sazi,0.0,0.0,,,,,,,,,290.0,Iran,Regular Season - 5,False,18159.0,2737.0,0.0,0.0
Coppa Italia,2026-09-01,Parma,Cremonese,0.0,2.0,,,,,,,,,137.0,Italy,Round of 32,True,523.0,520.0,0.0,2.0
Coppa Italia,2026-09-01,Torino,Monza,0.0,1.0,,,,,,,,,137.0,Italy,Round of 32,True,503.0,1579.0,0.0,1.0
Coppa Italia Serie C,2026-09-01,Bari,AZ Picerno,1.0,1.0,,,,,,,,,891.0,Italy,Round of 32,True,508.0,1587.0,1.0,1.0
Coppa Italia Serie C,2026-09-01,Campobasso FC,Scafatese,1.0,1.0,,,,,,,,,891.0,Italy,Round of 32,True,9510.0,24701.0,0.0,0.0
Coppa Italia Serie C,2026-09-01,Potenza,SS Monopoli,1.0,1.0,,,,,,,,,891.0,Italy,Round of 32,True,1710.0,10138.0,0.0,1.0
Coppa Italia Serie C,2026-09-01,Ravenna,Forli,2.0,1.0,,,,,,,,,891.0,Italy,Round of 32,True,1705.0,1688.0,0.0,0.0
Premier League,2026-09-01,Al Tadhamon,Al Salmiyah,0.0,2.0,,,,,,,,,330.0,Kuwait,Regular Season - 2,False,3539.0,3538.0,0.0,2.0
Premier League,2026-09-01,Kazma,Al Sahel,0.0,0.0,,,,,,,,,330.0,Kuwait,Regular Season - 2,False,3540.0,3542.0,0.0,0.0
Premier League,2026-09-01,Neftchi,Alga,3.0,1.0,,,,,,,,,569.0,Kyrgyzstan,Regular Season - 21,False,12240.0,12235.0,2.0,1.0
Premier League,2026-09-01,OshMU Aldier,Muras United,3.0,2.0,,,,,,,,,569.0,Kyrgyzstan,Regular Season - 21,False,21168.0,21167.0,1.0,2.0
Cup,2026-09-01,Minija,Dainava,3.0,2.0,,,,,,,,,661.0,Lithuania,Semi-finals,True,3864.0,3859.0,0.0,1.0
FA Cup,2026-09-01,Damansara,Johor Darul Takzim FC,1.0,4.0,,,,,,,,,500.0,Malaysia,Round of 16,True,26352.0,2523.0,0.0,3.0
FA Cup,2026-09-01,Kelantan Red Warrior FC,Kuching FA,0.0,0.0,,,,,,,,,500.0,Malaysia,Round of 16,True,27373.0,10108.0,0.0,0.0
FA Cup,2026-09-01,Perak,Kuala Lumpur FA,0.0,1.0,,,,,,,,,500.0,Malaysia,Round of 16,True,2524.0,2517.0,0.0,0.0
Cupa,2026-09-01,Oguzsport,Vulturii Cutezători,2.0,1.0,,,,,,,,,674.0,Moldova,Round of 32,True,24956.0,20089.0,1.0,1.0
Cupa,2026-09-01,Spartanii Selemet,Univer Comrat,0.0,3.0,,,,,,,,,674.0,Moldova,Round of 32,True,5380.0,27498.0,0.0,1.0
Cupa,2026-09-01,Victoria Bardar,Făleşti,5.0,3.0,,,,,,,,,674.0,Moldova,Round of 32,True,5384.0,14009.0,2.0,3.0
KNVB Beker,2026-09-01,ADO '20,Excelsior Maassluis,1.0,1.0,,,,,,,,,90.0,Netherlands,1st Preliminary Round,True,3886.0,17129.0,1.0,0.0
KNVB Beker,2026-09-01,AFC '34,VV Scherpenzeel,4.0,1.0,,,,,,,,,90.0,Netherlands,1st Preliminary Round,True,3924.0,14241.0,1.0,1.0
KNVB Beker,2026-09-01,Achilles Veen,Poortugaal,4.0,2.0,,,,,,,,,90.0,Netherlands,1st Preliminary Round,True,1282.0,24634.0,3.0,1.0
KNVB Beker,2026-09-01,Be Quick 1887,AFC Amsterdam,0.0,2.0,,,,,,,,,90.0,Netherlands,1st Preliminary Round,True,3914.0,1252.0,0.0,0.0
KNVB Beker,2026-09-01,Elinkwijk,Eemdijk,0.0,3.0,,,,,,,,,90.0,Netherlands,1st Preliminary Round,True,24628.0,1235.0,0.0,1.0
KNVB Beker,2026-09-01,HZVV,Frisia,0.0,4.0,,,,,,,,,90.0,Netherlands,1st Preliminary Round,True,14695.0,28174.0,,
KNVB Beker,2026-09-01,Harkemase Boys,Excelsior '31,0.0,1.0,,,,,,,,,90.0,Netherlands,1st Preliminary Round,True,1258.0,6263.0,0.0,0.0
KNVB Beker,2026-09-01,LONGA '30,Koninklijke HFC,0.0,4.0,,,,,,,,,90.0,Netherlands,1st Preliminary Round,True,14716.0,1246.0,0.0,3.0
KNVB Beker,2026-09-01,NSVV,Kloetinge,2.0,4.0,,,,,,,,,90.0,Netherlands,1st Preliminary Round,True,28178.0,3930.0,0.0,1.0
KNVB Beker,2026-09-01,SC Genemuiden,FC Lisse,2.0,1.0,,,,,,,,,90.0,Netherlands,1st Preliminary Round,True,1273.0,1257.0,0.0,0.0
KNVB Beker,2026-09-01,Sportlust '46,Blauw Geel,3.0,1.0,,,,,,,,,90.0,Netherlands,1st Preliminary Round,True,3904.0,1263.0,1.0,1.0
KNVB Beker,2026-09-01,TEC,Almkerk,4.0,2.0,,,,,,,,,90.0,Netherlands,1st Preliminary Round,True,1255.0,28173.0,1.0,1.0
3. Division - Girone 1,2026-09-01,Nordstrand,SF Grei,3.0,5.0,,,,,,,,,774.0,Norway,Regular Season - 17,False,7015.0,16868.0,1.0,2.0
3. Division - Girone 6,2026-09-01,Gjøvik-Lyn,Brumunddal,5.0,0.0,,,,,,,,,779.0,Norway,Regular Season - 17,False,6992.0,6972.0,3.0,0.0
Toppserien,2026-09-01,LSK Kvinner W,Bodø / Glimt W,1.0,1.0,,,,,,,,,725.0,Norway,Regular Season - 14,False,10894.0,22858.0,0.0,0.0
Division Profesional - Clausura,2026-09-01,2 de Mayo,Sportivo Luqueno,2.0,2.0,,,,,,,,,252.0,Paraguay,Clausura - 8,False,2140.0,1183.0,0.0,1.0
Division Profesional - Clausura,2026-09-01,Rubio NU,Club Sp. San Lorenzo,3.0,1.0,,,,,,,,,252.0,Paraguay,Clausura - 8,False,1185.0,2125.0,1.0,1.0
Primera División,2026-09-01,Atletico Grau,FBC Melgar,1.0,0.0,,,,,,,,,281.0,Peru,Clausura - 7,False,2564.0,2554.0,0.0,0.0
Cup,2026-09-01,Chemik Bydgoszcz,Piast Gliwice,0.0,3.0,,,,,,,,,108.0,Poland,Round of 64,True,6934.0,349.0,0.0,1.0
Cup,2026-09-01,Kluczbork,Lechia Gdansk,1.0,2.0,,,,,,,,,108.0,Poland,Round of 64,True,12806.0,343.0,0.0,0.0
Cup,2026-09-01,Kluczevia Stargard,Pogoń Siedlce,2.0,3.0,,,,,,,,,108.0,Poland,Round of 64,True,17398.0,6947.0,1.0,0.0
Cup,2026-09-01,Korona Kielce II,Radomiak Radom,0.0,1.0,,,,,,,,,108.0,Poland,Round of 64,True,16267.0,4248.0,0.0,1.0
Cup,2026-09-01,Motor Lublin,Legia Warszawa,3.0,0.0,,,,,,,,,108.0,Poland,Round of 64,True,14562.0,339.0,2.0,0.0
Cup,2026-09-01,Odra Opole,Wisla Krakow,2.0,1.0,,,,,,,,,108.0,Poland,Round of 64,True,3488.0,338.0,0.0,1.0
Cup,2026-09-01,Podhale Nowy Targ,Pogoń Grod. Mazowiecki,3.0,1.0,,,,,,,,,108.0,Poland,Round of 64,True,12834.0,14750.0,1.0,1.0
Cup,2026-09-01,Polonia Środa,Sandecja Nowy Sącz,3.0,2.0,,,,,,,,,108.0,Poland,Round of 64,True,6948.0,3492.0,2.0,1.0
Cup,2026-09-01,Siarka Tarnobrzeg,Zaglebie Lubin,3.0,2.0,,,,,,,,,108.0,Poland,Round of 64,True,6955.0,345.0,1.0,0.0
Cup,2026-09-01,Stal Rzeszów,Podbeskidzie,3.0,0.0,,,,,,,,,108.0,Poland,Round of 64,True,6957.0,3489.0,0.0,0.0
Cup,2026-09-01,Wigry Suwałki,Nieciecza,1.0,5.0,,,,,,,,,108.0,Poland,Round of 64,True,3497.0,3487.0,0.0,3.0
Cup,2026-09-01,Wisła Płock II,Puszcza Niepołomice,0.0,2.0,,,,,,,,,108.0,Poland,Round of 64,True,23046.0,3490.0,0.0,0.0
Liga Revelação U23,2026-09-01,Estrela U23,Sporting CP U23,1.0,2.0,,,,,,,,,701.0,Portugal,Regular Season - 4,False,19824.0,15470.0,1.0,1.0
Liga Revelação U23,2026-09-01,Farense U23,Famalicão U23,4.0,3.0,,,,,,,,,701.0,Portugal,Regular Season - 4,False,17474.0,15464.0,2.0,1.0
Liga Revelação U23,2026-09-01,Felgueiras U23,Estoril U23,2.0,2.0,,,,,,,,,701.0,Portugal,Regular Season - 4,False,28013.0,15463.0,2.0,0.0
Liga Revelação U23,2026-09-01,Gil Vicente U23,Rio Ave U23,0.0,2.0,,,,,,,,,701.0,Portugal,Regular Season - 4,False,19825.0,15468.0,0.0,1.0
Liga Revelação U23,2026-09-01,Moreirense U23,Portimonense U23,0.0,0.0,,,,,,,,,701.0,Portugal,Regular Season - 4,False,28014.0,15467.0,0.0,0.0
Liga Revelação U23,2026-09-01,Penafiel U23,Leixões U23,1.0,1.0,,,,,,,,,701.0,Portugal,Regular Season - 4,False,28015.0,15465.0,1.0,1.0
Liga Revelação U23,2026-09-01,União Leiria U23,Marítimo U23,2.0,0.0,,,,,,,,,701.0,Portugal,Regular Season - 4,False,26257.0,15466.0,1.0,0.0
Qatar Cup,2026-09-01,Al Sadd,Al-Gharafa,2.0,1.0,,,,,,,,,825.0,Qatar,Semi-finals,True,2895.0,2903.0,2.0,1.0
Qatar Cup,2026-09-01,Al Shamal,Al-Rayyan SC,3.0,3.0,,,,,,,,,825.0,Qatar,Semi-finals,True,2916.0,2897.0,1.0,1.0
Cupa României,2026-09-01,Chindia Targoviste,FC Voluntari,0.0,1.0,,,,,,,,,285.0,Romania,Group Stage,False,2586.0,2578.0,0.0,1.0
Cupa României,2026-09-01,Corona Braşov,Bihor Oradea,2.0,2.0,,,,,,,,,285.0,Romania,Group Stage,False,16291.0,20033.0,0.0,1.0
Cupa României,2026-09-01,Progresul Spartac,Concordia,2.0,5.0,,,,,,,,,285.0,Romania,Group Stage,False,6892.0,2580.0,1.0,3.0
Cupa României,2026-09-01,Sepsi OSK Sfantu Gheorghe,CFR 1907 Cluj,1.0,3.0,,,,,,,,,285.0,Romania,Group Stage,False,2585.0,2246.0,0.0,1.0
Cupa României,2026-09-01,Universitatea Cluj,Petrolul Ploiesti,1.0,0.0,,,,,,,,,285.0,Romania,Group Stage,False,2599.0,2598.0,0.0,0.0
Cup,2026-09-01,Akron,Lokomotiv,0.0,0.0,,,,,,,,,237.0,Russia,Group Stage - 3,False,6786.0,597.0,0.0,0.0
Cup,2026-09-01,FC Rostov,CSKA Moscow,2.0,0.0,,,,,,,,,237.0,Russia,Group Stage - 3,False,779.0,555.0,0.0,0.0
Cup,2026-09-01,Fakel,FC Krasnodar,1.0,1.0,,,,,,,,,237.0,Russia,Group Stage - 3,False,1993.0,621.0,0.0,0.0
Division 1,2026-09-01,Al Jeel,Jeddah Club,0.0,0.0,,,,,,,,,308.0,Saudi-Arabia,Regular Season - 3,False,2955.0,2947.0,0.0,0.0
Division 1,2026-09-01,Al Najma,Al Jabalain,1.0,1.0,,,,,,,,,308.0,Saudi-Arabia,Regular Season - 3,False,2992.0,2958.0,0.0,0.0
Division 1,2026-09-01,Al Orubah,Al Zulfi,1.0,1.0,,,,,,,,,308.0,Saudi-Arabia,Regular Season - 3,False,2961.0,10524.0,1.0,0.0
Pro League,2026-09-01,Al-Hilal Saudi FC,Al-Ahli Jeddah,3.0,0.0,,,,,,,,,307.0,Saudi-Arabia,Regular Season - 3,False,2932.0,2929.0,2.0,0.0
Challenge Cup,2026-09-01,Stranraer,Celtic II,3.0,4.0,,,,,,,,,182.0,Scotland,Group Stage - 3,False,6785.0,16845.0,1.0,0.0
Prva Liga,2026-09-01,Teleoptik,FK Vozdovac,1.0,2.0,,,,,,,,,287.0,Serbia,Regular Season - 6,False,2645.0,2658.0,0.0,2.0
Cup,2026-09-01,Tomášov,Inter Bratislava,0.0,1.0,,,,,,,,,680.0,Slovakia,Round of 64,True,14052.0,10547.0,0.0,0.0
Premier Soccer League,2026-09-01,Durban City,Stellenbosch,0.0,0.0,,,,,,,,,288.0,South-Africa,Regular Season - 5,False,24757.0,4905.0,0.0,0.0
Premier Soccer League,2026-09-01,Kruger United,Orlando Pirates,0.0,4.0,,,,,,,,,288.0,South-Africa,Regular Season - 5,False,24759.0,2700.0,0.0,1.0
Superettan,2026-09-01,Helsingborg,Orebro SK,1.0,1.0,,,,,,,,,114.0,Sweden,Regular Season - 21,False,811.0,365.0,0.0,0.0
Challenge League,2026-09-01,Neuchatel Xamax FC,Yverdon Sport,1.0,2.0,,,,,,,,,208.0,Switzerland,Regular Season - 6,False,1015.0,6653.0,1.0,1.0
Challenge League,2026-09-01,Rapperswil,SC Kriens,1.0,1.0,,,,,,,,,208.0,Switzerland,Regular Season - 6,False,2185.0,2186.0,0.0,0.0
Challenge League,2026-09-01,Stade Lausanne-Ouchy,Étoile Carouge,3.0,0.0,,,,,,,,,208.0,Switzerland,Regular Season - 6,False,4269.0,6654.0,1.0,0.0
Challenge League,2026-09-01,Stade Nyonnais,FC Winterthur,2.0,2.0,,,,,,,,,208.0,Switzerland,Regular Season - 6,False,6646.0,2180.0,1.0,2.0
Super League,2026-09-01,FC Zurich,BSC Young Boys,2.0,4.0,,,,,,,,,207.0,Switzerland,Regular Season - 6,False,783.0,565.0,1.0,2.0
Ligi kuu Bara,2026-09-01,Singida Black Stars,Namungo,3.0,2.0,,,,,,,,,567.0,Tanzania,Regular Season - 5,False,24353.0,12197.0,1.0,1.0
1. Lig,2026-09-01,Bandırmaspor,Antalyaspor,0.0,1.0,,,,,,,,,204.0,Turkey,Regular Season - 5,False,3584.0,1005.0,0.0,1.0
1. Lig,2026-09-01,Boluspor,Keçiörengücü,0.0,2.0,,,,,,,,,204.0,Turkey,Regular Season - 5,False,3569.0,3595.0,0.0,2.0
1. Lig,2026-09-01,Sarıyer,Pendikspor,2.0,0.0,,,,,,,,,204.0,Turkey,Regular Season - 5,False,3605.0,3601.0,0.0,0.0
1. Lig,2026-09-01,Ümraniyespor,Muğlaspor,0.0,1.0,,,,,,,,,204.0,Turkey,Regular Season - 5,False,3577.0,7414.0,0.0,1.0
MLS Next Pro,2026-09-01,Inter Miami II,New York City II,4.0,2.0,,,,,,,,,909.0,USA,Group Stage,False,10280.0,18815.0,3.0,1.0
Premier League,2026-09-01,Entebbe UPPC,UPDF,2.0,1.0,,,,,,,,,585.0,Uganda,Regular Season - 2,False,26700.0,12466.0,1.0,1.0
Premier League,2026-09-01,NEC,Lugazi,3.0,1.0,,,,,,,,,585.0,Uganda,Regular Season - 2,False,22699.0,24776.0,0.0,0.0
Copa Uruguay,2026-09-01,Atletico Torque,Danubio,2.0,0.0,,,,,,,,,930.0,Uruguay,Group Stage - 2,False,2365.0,2352.0,0.0,0.0
Copa Uruguay,2026-09-01,Colón,Fenix,3.0,3.0,,,,,,,,,930.0,Uruguay,Group Stage - 2,False,15628.0,2357.0,1.0,1.0
Copa Uruguay,2026-09-01,Wanderers,Cerro,1.0,1.0,,,,,,,,,930.0,Uruguay,Group Stage - 2,False,2360.0,2362.0,0.0,1.0
CONCACAF Caribbean Club Championship,2026-09-01,Defence Force,Club Sando,0.0,2.0,,,,,,,,,856.0,World,Group Stage - 3,False,12563.0,12561.0,0.0,1.0
UEFA Champions League Women,2026-09-01,Austria Wien W,Brann W,4.0,0.0,,,,,,,,,525.0,World,3rd Qualifying Round,True,17575.0,18380.0,1.0,0.0
UEFA Europa Cup - Women,2026-09-01,Metalist 1925 W,Mitrovica W,5.0,0.0,,,,,,,,,1191.0,World,1st Qualifying Round - Semi-Finals,True,26298.0,10896.0,2.0,0.0
