FixtureId,League,LeagueId,Country,Round,EsEliminatoria,Date,HomeTeamId,AwayTeamId,HomeTeam,AwayTeam,FTHG,FTAG,HTHG,HTAG,HC,AC,HY,AY,HR,AR,HS,AS,Referee
1499954.0,Primera C,132,Argentina,Regular Season - 17,False,2026-06-30,1967,1937,Central Ballester,Atletico Atlas,0.0,2.0,0.0,1.0,,,,,,,,,Desconocido
1499956.0,Primera C,132,Argentina,Regular Season - 17,False,2026-06-30,8391,1947,Claypole,Canuelas,0.0,2.0,0.0,0.0,,,,,,,,,Desconocido
1517542.0,New South Wales NPL,192,Australia,Regular Season - 16,False,2026-06-30,16777,3773,SD Raiders,Sydney FC U23,0.0,1.0,0.0,0.0,,,,,,,,,Desconocido
1560856.0,Npl Nsw U20,1230,Australia,Regular Season - 16,False,2026-06-30,27807,27811,SD Raiders U20,Sydney FC U20,4.0,3.0,2.0,1.0,,,,,,,,,Desconocido
1524142.0,Queensland Premier League,833,Australia,Regular Season - 11,False,2026-06-30,11180,10222,Logan Lightning,Redlands United,5.0,1.0,3.0,1.0,,,,,,,,,Desconocido
1543921.0,Brasileiro U17,1128,Brazil,Regular Season - 6,False,2026-06-30,24473,24471,Botafogo U17,Atlético Mineiro U17,4.0,2.0,1.0,1.0,,,,,,,,,Desconocido
1543923.0,Brasileiro U17,1128,Brazil,Regular Season - 6,False,2026-06-30,24476,24487,Cruzeiro U17,Sao Paulo U17,0.0,0.0,0.0,0.0,,,,,,,,,Desconocido
1543924.0,Brasileiro U17,1128,Brazil,Regular Season - 6,False,2026-06-30,24478,25797,Flamengo RJ U17,Juventude U17,2.0,2.0,,,,,,,,,,,Desconocido
1543925.0,Brasileiro U17,1128,Brazil,Regular Season - 6,False,2026-06-30,24480,24472,Fortaleza U17,Bahia U17,3.0,2.0,,,,,,,,,,,Desconocido
1543926.0,Brasileiro U17,1128,Brazil,Regular Season - 6,False,2026-06-30,24482,24470,Gremio U17,Atletico GO U17,5.0,4.0,3.0,0.0,,,,,,,,,Desconocido
1543927.0,Brasileiro U17,1128,Brazil,Regular Season - 6,False,2026-06-30,24483,24479,Internacional U17,Fluminense U17,4.0,1.0,,,,,,,,,,,Desconocido
1543928.0,Brasileiro U17,1128,Brazil,Regular Season - 6,False,2026-06-30,24484,24469,Palmeiras U17,Athletico PR U17,3.0,1.0,1.0,0.0,,,,,,,,,Desconocido
1543929.0,Brasileiro U17,1128,Brazil,Regular Season - 6,False,2026-06-30,24486,24475,Santos U17,Corinthians U17,2.0,1.0,0.0,0.0,,,,,,,,,Desconocido
1543930.0,Brasileiro U17,1128,Brazil,Regular Season - 6,False,2026-06-30,27733,25807,Vitoria U17,Vasco U17,0.0,2.0,0.0,1.0,,,,,,,,,Desconocido
1550764.0,Carioca C,1106,Brazil,Regular Season - 7,False,2026-06-30,13110,23641,Campos AA,Uni Souza,3.0,1.0,2.0,0.0,,,,,,,,,Desconocido
1554028.0,Paraibano U20,1120,Brazil,Semi-finals,True,2026-06-30,24050,22844,Treze U20,Queimadense U20,5.0,0.0,3.0,0.0,,,,,,,,,Desconocido
1520742.0,Serie B,72,Brazil,Regular Season - 15,False,2026-06-30,2618,146,Botafogo SP,CRB,0.0,1.0,0.0,1.0,,,,,,,,,P. Zanovelli
1526865.0,Serie C,75,Brazil,Regular Season - 12,False,2026-06-30,1197,1211,Botafogo PB,Brusque,2.0,0.0,0.0,0.0,,,,,,,,,M. Lima Barbosa
1526872.0,Serie C,75,Brazil,Regular Season - 12,False,2026-06-30,7770,7852,Caxias,Anápolis,1.0,1.0,0.0,0.0,,,,,,,,,D. Serafim
1526873.0,Serie C,75,Brazil,Regular Season - 12,False,2026-06-30,7814,10862,Volta Redonda,Amazonas,3.0,0.0,0.0,0.0,,,,,,,,,M. Martins
1544430.0,Copa Chile,267,Chile,Group Stage - 2,False,2026-06-30,2329,2318,A. Italiano,Palestino,3.0,2.0,1.0,1.0,,,,,,,,,Desconocido
1544431.0,Copa Chile,267,Chile,Group Stage - 2,False,2026-06-30,2994,2325,U. Catolica,Everton de Vina,2.0,1.0,1.0,1.0,,,,,,,,,Desconocido
1551262.0,Cup,657,Estonia,Round of 128,True,2026-06-30,14297,3516,Järva-Jaani,Elva,0.0,4.0,0.0,1.0,,,,,,,,,Desconocido
1519540.0,Esiliiga A,328,Estonia,Regular Season - 8,False,2026-06-30,25755,3518,Nõmme United II,Flora II,3.0,3.0,1.0,1.0,,,,,,,,,Desconocido
1541706.0,Kakkonen - Lohko C,249,Finland,Group C - 10,False,2026-06-30,18609,9201,SJK-juniorit,Vaajakoski,3.0,0.0,2.0,0.0,,,,,,,,,Desconocido
1553081.0,Suomen Cup,246,Finland,Semi-finals,True,2026-06-30,650,1164,VPS,Inter Turku,2.0,3.0,1.0,0.0,,,,,,,,,O. Reitala
1567315.0,Championnat D1,968,Gabon,Regular Season - 25,False,2026-06-30,21187,15564,Bitam,Bouenguidi,1.0,0.0,1.0,0.0,,,,,,,,,Desconocido
1567317.0,Championnat D1,968,Gabon,Regular Season - 25,False,2026-06-30,6415,27625,Cercle Mbéri,Ogooue FC,1.0,0.0,0.0,0.0,,,,,,,,,Desconocido
1567313.0,Championnat D1,968,Gabon,Regular Season - 25,False,2026-06-30,21189,8069,Dikaki,Pélican,0.0,7.0,0.0,5.0,,,,,,,,,Desconocido
1567316.0,Championnat D1,968,Gabon,Regular Season - 25,False,2026-06-30,21190,21193,FC 105,US Oyem,0.0,1.0,0.0,1.0,,,,,,,,,Desconocido
1567318.0,Championnat D1,968,Gabon,Regular Season - 25,False,2026-06-30,8089,21194,Mangasport,Vautour Club,0.0,1.0,0.0,0.0,,,,,,,,,Desconocido
1567314.0,Championnat D1,968,Gabon,Regular Season - 25,False,2026-06-30,27734,21191,Oyem AC,Lozo,1.0,0.0,1.0,0.0,,,,,,,,,Desconocido
1567319.0,Championnat D1,968,Gabon,Regular Season - 25,False,2026-06-30,27575,19865,Stade Migoveen,Stade Mandji,2.0,0.0,2.0,0.0,,,,,,,,,Desconocido
1515877.0,Virsliga,365,Latvia,Regular Season - 21,False,2026-06-30,661,18936,FK Liepaja,Ogre United,4.0,0.0,3.0,0.0,,,,,,,,,A. Treimanis
1515876.0,Virsliga,365,Latvia,Regular Season - 21,False,2026-06-30,4160,4149,Rīgas FS,BFC Daugavpils,3.0,1.0,1.0,0.0,,,,,,,,,J. Keziks
1559545.0,Premier League,764,Mongolia,Regular Season - 22,False,2026-06-30,16185,16187,Deren,Khangarid,2.0,1.0,1.0,1.0,,,,,,,,,Desconocido
1559544.0,Premier League,764,Mongolia,Regular Season - 22,False,2026-06-30,16854,22067,Ulaanbaatar,Central Stallions,2.0,3.0,0.0,3.0,,,,,,,,,Desconocido
1551292.0,Division Intermedia,251,Paraguay,Regular Season - 12,False,2026-06-30,1186,17183,Independiente F.b.c.,Benjamín Aceval,1.0,2.0,1.0,1.0,,,,,,,,,Desconocido
1551291.0,Division Intermedia,251,Paraguay,Regular Season - 12,False,2026-06-30,2135,23155,Resistencia,Encarnación,1.0,0.0,0.0,0.0,,,,,,,,,Desconocido
1477266.0,Ligi kuu Bara,567,Tanzania,Regular Season - 30,False,2026-06-30,8057,14345,Azam,Dodoma Jiji,2.0,0.0,0.0,0.0,,,,,,,,,Desconocido
1477267.0,Ligi kuu Bara,567,Tanzania,Regular Season - 30,False,2026-06-30,12189,24707,Coastal Union,Pamba Jiji,2.0,1.0,1.0,0.0,,,,,,,,,Desconocido
1477268.0,Ligi kuu Bara,567,Tanzania,Regular Season - 30,False,2026-06-30,19838,24353,Fountain Gate,Singida Black Stars,4.0,3.0,2.0,2.0,,,,,,,,,Desconocido
1477269.0,Ligi kuu Bara,567,Tanzania,Regular Season - 30,False,2026-06-30,12190,5370,JKT Tanzania,Young Africans,0.0,3.0,0.0,1.0,,,,,,,,,Desconocido
1477270.0,Ligi kuu Bara,567,Tanzania,Regular Season - 30,False,2026-06-30,22176,12202,Mashujaa,Tanzania Prisons,0.0,1.0,0.0,0.0,,,,,,,,,Desconocido
1477271.0,Ligi kuu Bara,567,Tanzania,Regular Season - 30,False,2026-06-30,12194,22175,Mbeya City,Tabora United,0.0,0.0,0.0,0.0,,,,,,,,,Desconocido
1477272.0,Ligi kuu Bara,567,Tanzania,Regular Season - 30,False,2026-06-30,12197,12195,Namungo,Mtibwa Sugar,2.0,1.0,1.0,1.0,,,,,,,,,Desconocido
1477273.0,Ligi kuu Bara,567,Tanzania,Regular Season - 30,False,2026-06-30,6432,8061,Simba,KMC,1.0,0.0,0.0,0.0,,,,,,,,,Desconocido
1525182.0,USL League Two,256,USA,Group Stage,False,2026-06-30,25936,18904,Bangers,Oly Town,2.0,0.0,1.0,0.0,,,,,,,,,Desconocido
1524896.0,USL League Two,256,USA,Group Stage,False,2026-06-30,4035,4100,Boston Bolts,Western Mass Pioneers,1.0,2.0,0.0,1.0,,,,,,,,,Desconocido
1525176.0,USL League Two,256,USA,Group Stage,False,2026-06-30,4039,23993,Charlotte Eagles,Hickory,1.0,3.0,0.0,1.0,,,,,,,,,Desconocido
1525177.0,USL League Two,256,USA,Group Stage,False,2026-06-30,25954,18891,Colorado Storm,Colorado ISA,3.0,1.0,2.0,0.0,,,,,,,,,Desconocido
1525178.0,USL League Two,256,USA,Group Stage,False,2026-06-30,25955,23970,Erie Sports Center,Akron City,1.0,6.0,0.0,3.0,,,,,,,,,Desconocido
1525216.0,USL League Two,256,USA,Group Stage,False,2026-06-30,9047,25943,Fort Worth Vaqueros,McKinney Chupacabras,1.0,3.0,0.0,0.0,,,,,,,,,Desconocido
1525174.0,USL League Two,256,USA,Group Stage,False,2026-06-30,23119,23112,Inter Gainesville,Brooke House,3.0,1.0,1.0,0.0,,,,,,,,,Desconocido
1525179.0,USL League Two,256,USA,Group Stage,False,2026-06-30,16680,10100,Kalamazoo FC,Oakland County,2.0,0.0,1.0,0.0,,,,,,,,,Desconocido
1525418.0,USL League Two,256,USA,Group Stage,False,2026-06-30,4001,4064,Memphis 901,Mississippi Brilla,1.0,3.0,1.0,2.0,,,,,,,,,Desconocido
1525180.0,USL League Two,256,USA,Group Stage,False,2026-06-30,18901,4052,Midwest United,Flint City Bucks,1.0,4.0,1.0,2.0,,,,,,,,,Desconocido
1525181.0,USL League Two,256,USA,Group Stage,False,2026-06-30,18907,27516,Patuxent,Hill City,0.0,1.0,0.0,1.0,,,,,,,,,Desconocido
1525419.0,USL League Two,256,USA,Group Stage,False,2026-06-30,4075,27756,Reading United,Eagle FC,1.0,1.0,1.0,0.0,,,,,,,,,Desconocido
1525175.0,USL League Two,256,USA,Group Stage,False,2026-06-30,25948,23124,Snohomish United,Tacoma Stars,2.0,1.0,1.0,0.0,,,,,,,,,Desconocido
1525183.0,USL League Two,256,USA,Group Stage,False,2026-06-30,24029,4047,Sunflower State,Des Moines Menace,2.0,1.0,1.0,1.0,,,,,,,,,Desconocido
1525184.0,USL League Two,256,USA,Group Stage,False,2026-06-30,4093,4109,Ventura County Fusion,Tucson,2.0,1.0,1.0,0.0,,,,,,,,,Desconocido
1525173.0,USL League Two,256,USA,Group Stage,False,2026-06-30,21293,23971,Virginia Marauders,Annapolis Blues,1.0,4.0,0.0,1.0,,,,,,,,,Desconocido
1583632.0,Friendlies,10,World,Friendly International,True,2026-06-30,17952,17962,Finland U17,Lithuania U17,1.0,1.0,0.0,1.0,,,,,,,,,Desconocido
1583631.0,Friendlies,10,World,Friendly International,True,2026-06-30,17960,17950,Latvia U17,Estonia U17,3.0,0.0,0.0,0.0,,,,,,,,,Desconocido
1548733.0,Friendlies Clubs,667,World,Club Friendlies,True,2026-06-30,1391,255,Alloa Athletic,Livingston,0.0,3.0,0.0,2.0,,,,,,,,,Desconocido
1567494.0,Friendlies Clubs,667,World,Club Friendlies,True,2026-06-30,9338,186,Altona 93,FC St. Pauli,2.0,6.0,2.0,3.0,,,,,,,,,Desconocido
1550495.0,Friendlies Clubs,667,World,Club Friendlies,True,2026-06-30,1387,1382,Ayr Utd,Dumbarton,3.0,0.0,2.0,0.0,,,,,,,,,Desconocido
1560478.0,Friendlies Clubs,667,World,Club Friendlies,True,2026-06-30,12744,561,Brinje-Grosuplje,HNK Rijeka,0.0,3.0,0.0,2.0,,,,,,,,,Desconocido
1546601.0,Friendlies Clubs,667,World,Club Friendlies,True,2026-06-30,555,1998,CSKA Moscow,Shinnik Yaroslavl,1.0,1.0,0.0,0.0,,,,,,,,,Desconocido
1547890.0,Friendlies Clubs,667,World,Club Friendlies,True,2026-06-30,5610,7585,Caerau (Ely),Cardiff Corinthians,0.0,0.0,0.0,0.0,,,,,,,,,Desconocido
1550480.0,Friendlies Clubs,667,World,Club Friendlies,True,2026-06-30,3916,414,Chevremont,Roda,0.0,10.0,0.0,5.0,,,,,,,,,Desconocido
1548734.0,Friendlies Clubs,667,World,Club Friendlies,True,2026-06-30,7435,902,Clachnacuddin,Ross County,0.0,2.0,0.0,1.0,,,,,,,,,Desconocido
1550496.0,Friendlies Clubs,667,World,Club Friendlies,True,2026-06-30,6762,6778,Clyde,Queen's Park,1.0,3.0,0.0,2.0,,,,,,,,,Desconocido
1550494.0,Friendlies Clubs,667,World,Club Friendlies,True,2026-06-30,6763,7445,Cove Rangers,Inverurie Loco Works,4.0,1.0,1.0,1.0,,,,,,,,,Desconocido
1567495.0,Friendlies Clubs,667,World,Club Friendlies,True,2026-06-30,5776,1393,Diegem Sport,Union St. Gilloise,0.0,7.0,0.0,4.0,,,,,,,,,Desconocido
1560483.0,Friendlies Clubs,667,World,Club Friendlies,True,2026-06-30,15598,4249,Dunipace,Arbroath,0.0,4.0,0.0,1.0,,,,,,,,,Desconocido
1547889.0,Friendlies Clubs,667,World,Club Friendlies,True,2026-06-30,2177,12718,FC Aarau,St. Gallen II,1.0,3.0,1.0,1.0,,,,,,,,,Desconocido
1546602.0,Friendlies Clubs,667,World,Club Friendlies,True,2026-06-30,422,1284,FC Eindhoven,UNA,3.0,1.0,0.0,1.0,,,,,,,,,Desconocido
1560479.0,Friendlies Clubs,667,World,Club Friendlies,True,2026-06-30,2012,1087,FC Sochi,Ska-khabarovsk,4.0,2.0,3.0,1.0,,,,,,,,,Desconocido
1567492.0,Friendlies Clubs,667,World,Club Friendlies,True,2026-06-30,2578,2415,FC Voluntari,Tiszakecske FC,3.0,2.0,2.0,1.0,,,,,,,,,Desconocido
1548735.0,Friendlies Clubs,667,World,Club Friendlies,True,2026-06-30,4250,258,Forfar Athletic,ST Johnstone,0.0,4.0,0.0,3.0,,,,,,,,,Desconocido
1554596.0,Friendlies Clubs,667,World,Club Friendlies,True,2026-06-30,7444,6757,Gretna 2008,Annan Athletic,2.0,4.0,1.0,1.0,,,,,,,,,Desconocido
1554589.0,Friendlies Clubs,667,World,Club Friendlies,True,2026-06-30,2410,3552,Kazincbarcikai,Zemplín Michalovce,0.0,0.0,0.0,0.0,,,,,,,,,Desconocido
1548732.0,Friendlies Clubs,667,World,Club Friendlies,True,2026-06-30,646,2657,Levski Sofia,Radnik Surdulica,5.0,0.0,2.0,0.0,,,,,,,,,Desconocido
1567497.0,Friendlies Clubs,667,World,Club Friendlies,True,2026-06-30,6744,248,Linlithgow Rose,Hamilton Academical,2.0,2.0,0.0,2.0,,,,,,,,,Desconocido
1560481.0,Friendlies Clubs,667,World,Club Friendlies,True,2026-06-30,26066,12893,Luhe-Wildenau,Vilzing,1.0,7.0,0.0,5.0,,,,,,,,,Desconocido
1583202.0,Friendlies Clubs,667,World,Club Friendly,True,2026-06-30,604,582,Maccabi Tel Aviv,Alashkert,1.0,0.0,0.0,0.0,,,,,,,,,Desconocido
1567493.0,Friendlies Clubs,667,World,Club Friendlies,True,2026-06-30,21525,19475,Magdeburg II,Schöningen,2.0,2.0,1.0,1.0,,,,,,,,,Desconocido
1583204.0,Friendlies Clubs,667,World,Club Friendly,True,2026-06-30,6465,4909,Mold Alexandra,Airbus UK,3.0,4.0,2.0,2.0,,,,,,,,,Desconocido
1583203.0,Friendlies Clubs,667,World,Club Friendly,True,2026-06-30,15600,6749,Musselburgh Athletic,Preston Athletic,3.0,2.0,,,,,,,,,,,Desconocido
1548736.0,Friendlies Clubs,667,World,Club Friendlies,True,2026-06-30,7448,6767,Nairn County,Elgin City,0.0,6.0,0.0,2.0,,,,,,,,,Desconocido
1554590.0,Friendlies Clubs,667,World,Club Friendlies,True,2026-06-30,2403,3733,Nyiregyhaza,Zbrojovka Brno,0.0,3.0,0.0,1.0,,,,,,,,,Desconocido
1567491.0,Friendlies Clubs,667,World,Club Friendlies,True,2026-06-30,4247,2598,Olimpia Grudziądz,Petrolul Ploiesti,4.0,1.0,4.0,1.0,,,,,,,,,Desconocido
1560482.0,Friendlies Clubs,667,World,Club Friendlies,True,2026-06-30,1385,6766,Raith Rovers,Edinburgh City,4.0,0.0,1.0,0.0,,,,,,,,,Desconocido
1546603.0,Friendlies Clubs,667,World,Club Friendlies,True,2026-06-30,652,249,Shamrock Rovers,Hibernian,1.0,0.0,1.0,0.0,,,,,,,,,Desconocido
1554591.0,Friendlies Clubs,667,World,Club Friendlies,True,2026-06-30,637,17161,Sturm Graz,LNZ Cherkasy,2.0,6.0,1.0,4.0,,,,,,,,,Desconocido
1554594.0,Friendlies Clubs,667,World,Club Friendlies,True,2026-06-30,3726,1404,Táborsko,SKU Amstetten,0.0,3.0,0.0,1.0,,,,,,,,,Desconocido
1560480.0,Friendlies Clubs,667,World,Club Friendlies,True,2026-06-30,5308,574,Virtus,Vardar Skopje,2.0,3.0,0.0,2.0,,,,,,,,,Desconocido
1554592.0,Friendlies Clubs,667,World,Club Friendlies,True,2026-06-30,417,1658,Waalwijk,Rot-weiss Oberhausen,2.0,1.0,1.0,1.0,,,,,,,,,Desconocido
1560477.0,Friendlies Clubs,667,World,Club Friendlies,True,2026-06-30,599,609,Zorya Luhansk,Shkendija,2.0,2.0,1.0,1.0,,,,,,,,,Desconocido
1554593.0,Friendlies Clubs,667,World,Club Friendlies,True,2026-06-30,12360,1025,Železničar Pančevo,Wolfsberger AC,0.0,2.0,0.0,1.0,,,,,,,,,Desconocido
1561061.0,UEFA U19 Championship - Women,918,World,Group Stage,False,2026-06-30,10359,19067,Bosnia-Herzegovina U19,Sweden U19 W,0.0,5.0,0.0,3.0,,,,,,,,,E. Heaslip
1561062.0,UEFA U19 Championship - Women,918,World,Group Stage,False,2026-06-30,26028,19063,Poland U19 W,Germany U19 W,1.0,1.0,1.0,0.0,,,,,,,,,M. Bockova
1565177.0,World Cup,1,World,Round of 32,True,2026-06-30,2,5,France,Sweden,3.0,0.0,1.0,0.0,,,,,,,,,"Danny Makkelie, Netherlands"
1564789.0,World Cup,1,World,Round of 32,True,2026-06-30,1501,1090,Ivory Coast,Norway,1.0,2.0,0.0,1.0,,,,,,,,,"Jesús Valenzuela, Venezuela"
1567306.0,World Cup,1,World,Round of 32,True,2026-06-30,16,2382,Mexico,Ecuador,2.0,0.0,2.0,0.0,,,,,,,,,S. Vincic
1499959.0,Primera C,132,Argentina,Regular Season - 17,False,2026-06-29,8374,1955,Fénix,General Lamadrid,3.0,1.0,2.0,0.0,,,,,,,,,Desconocido
1499965.0,Primera C,132,Argentina,Regular Season - 17,False,2026-06-29,1931,1958,Sportivo Barracas,Lujan,2.0,0.0,0.0,0.0,,,,,,,,,Desconocido
1549946.0,Torneo Promocional Amateur,1067,Argentina,Regular Season - 5,False,2026-06-29,23103,23098,Juventud de Bernal,Deportivo Metalurgico,1.0,5.0,0.0,1.0,,,,,,,,,Desconocido
1543588.0,Premier League,1031,Bhutan,Regular Season,False,2026-06-29,21277,9426,Tsirang,Paro,0.0,2.0,0.0,1.0,,,,,,,,,Desconocido
1539842.0,Catarinense U20,1076,Brazil,Regular Season - 12,False,2026-06-29,13019,23325,Joinville U20,Nação U20,0.0,1.0,0.0,1.0,,,,,,,,,Desconocido
1554052.0,Serie D,76,Brazil,Round of 32,True,2026-06-29,13080,10687,Democrata GV,Ivinhema,1.0,1.0,0.0,1.0,,,,,,,,,Desconocido
1544469.0,Copa Chile,267,Chile,Group Stage - 4,False,2026-06-29,2321,2315,Union Espanola,Colo Colo,0.0,3.0,0.0,1.0,,,,,,,,,Desconocido
1506497.0,Meistaradeildin,367,Faroe-Islands,Regular Season - 15,False,2026-06-29,4186,4184,B68,AB,0.0,1.0,0.0,1.0,,,,,,,,,A. Petersen
1506493.0,Meistaradeildin,367,Faroe-Islands,Regular Season - 15,False,2026-06-29,4133,4191,HB Torshavn,Skála,4.0,1.0,2.0,0.0,,,,,,,,,J. H. Ellefsen
1506496.0,Meistaradeildin,367,Faroe-Islands,Regular Season - 15,False,2026-06-29,580,682,Vikingur Gota,NSI Runavik,3.0,3.0,3.0,1.0,,,,,,,,,E. Rasmussen
1517201.0,Ykkönen,245,Finland,Group Stage,False,2026-06-29,6075,2244,VJS,TPV,2.0,1.0,1.0,0.0,,,,,,,,,Desconocido
1514201.0,1. Deild,165,Iceland,Regular Season - 9,False,2026-06-29,3514,4167,Afturelding,Ægir,8.0,1.0,2.0,1.0,,,,,,,,,Desconocido
1508795.0,Úrvalsdeild,164,Iceland,Regular Season - 12,False,2026-06-29,827,2117,IA Akranes,Fram Reykjavik,0.0,2.0,0.0,2.0,,,,,,,,,P. Gudmundsson
1565181.0,Persian Gulf Pro League,290,Iran,Final,True,2026-06-29,2714,20299,Gol Gohar,Chadormalu SC,0.0,0.0,0.0,0.0,,,,,,,,,Desconocido
1553799.0,Premier League,330,Kuwait,Championship Playoffs - 5,True,2026-06-29,3532,3533,Al Arabi,Al Fahaheel,3.0,0.0,2.0,0.0,,,,,,,,,Desconocido
1553800.0,Premier League,330,Kuwait,Championship Playoffs - 5,True,2026-06-29,3537,3535,Al Qadsia,Al Kuwait,0.0,0.0,0.0,0.0,,,,,,,,,Desconocido
1553801.0,Premier League,330,Kuwait,Championship Playoffs - 5,True,2026-06-29,3540,3538,Kazma,Al Salmiyah,3.0,0.0,1.0,0.0,,,,,,,,,Desconocido
1515874.0,Virsliga,365,Latvia,Regular Season - 21,False,2026-06-29,4135,10124,Auda,Riga,0.0,2.0,0.0,2.0,,,,,,,,,V. Mordatenko
1515875.0,Virsliga,365,Latvia,Regular Season - 21,False,2026-06-29,18834,4138,FS Jelgava,Grobiņa,2.0,0.0,1.0,0.0,,,,,,,,,A. Golubevs
1508072.0,Premier League,390,Lebanon,Regular Season - 21,False,2026-06-29,11879,4577,Al Hikma,Tadamon Sour,4.0,1.0,0.0,0.0,,,,,,,,,Desconocido
1508071.0,Premier League,390,Lebanon,Regular Season - 21,False,2026-06-29,11880,4569,Al Mabarrah,Al Ansar,0.0,7.0,0.0,4.0,,,,,,,,,Desconocido
1508069.0,Premier League,390,Lebanon,Regular Season - 21,False,2026-06-29,4570,4572,Al Nejmeh,Racing,5.0,0.0,2.0,0.0,,,,,,,,,Desconocido
1547574.0,A Lyga,362,Lithuania,Regular Season - 19,False,2026-06-29,3874,612,Panevėžys,Suduva Marijampole,1.0,2.0,1.0,0.0,,,,,,,,,M. Lukjancukas
1547573.0,A Lyga,362,Lithuania,Regular Season - 19,False,2026-06-29,3870,18878,Šiauliai,TransINVEST Vilnius,1.0,3.0,1.0,1.0,,,,,,,,,R. Valikonis
1538630.0,Super League,391,Malawi,Regular Season - 8,False,2026-06-29,4599,27655,Nyasa Big Bullets,Masters FC,1.0,0.0,0.0,0.0,,,,,,,,,Desconocido
1553076.0,Copa De La Liga,1232,Peru,Group Stage - 3,False,2026-06-29,20960,2550,Deportivo Garcilaso,Deportivo Binacional,4.0,1.0,2.0,1.0,,,,,,,,,Desconocido
1553075.0,Copa De La Liga,1232,Peru,Group Stage - 3,False,2026-06-29,2554,22489,FBC Melgar,UCV Moquegua,0.0,0.0,0.0,0.0,,,,,,,,,Desconocido
1524564.0,USL League Two,256,USA,Group Stage,False,2026-06-29,10094,10096,Asheville City,Charlotte Independence 2,1.0,0.0,0.0,0.0,,,,,,,,,Desconocido
1525172.0,USL League Two,256,USA,Group Stage,False,2026-06-29,23118,25942,Hill Country Lobos,Lonestar,3.0,5.0,1.0,1.0,,,,,,,,,Desconocido
1525417.0,USL League Two,256,USA,Group Stage,False,2026-06-29,3961,13200,Unión Villa Krause,Real Colorado Foxes,2.0,2.0,0.0,1.0,,,,,,,,,Desconocido
1560476.0,Friendlies Clubs,667,World,Club Friendlies,True,2026-06-29,1085,3364,Akhmat,Borac Banja Luka,3.0,1.0,1.0,0.0,,,,,,,,,Desconocido
1567489.0,Friendlies Clubs,667,World,Club Friendlies,True,2026-06-29,2592,3339,Arges Pitesti,Vllaznia Shkodër,5.0,2.0,1.0,1.0,,,,,,,,,Desconocido
1562846.0,Friendlies Clubs,667,World,Club Friendlies,True,2026-06-29,1426,573,CSKA 1948,FK Partizan,3.0,0.0,1.0,0.0,,,,,,,,,Desconocido
1548731.0,Friendlies Clubs,667,World,Club Friendlies,True,2026-06-29,598,656,FK Crvena Zvezda,Slovan Bratislava,1.0,1.0,0.0,0.0,,,,,,,,,Desconocido
1562847.0,Friendlies Clubs,667,World,Club Friendlies,True,2026-06-29,5343,5354,H&W Welders,Larne,1.0,2.0,1.0,1.0,,,,,,,,,Desconocido
1567490.0,Friendlies Clubs,667,World,Club Friendlies,True,2026-06-29,2011,3984,Nizhny Novgorod,Tekstilshchik,6.0,1.0,2.0,0.0,,,,,,,,,Desconocido
1546599.0,Friendlies Clubs,667,World,Club Friendlies,True,2026-06-29,405,4676,Odense,Kolding IF,2.0,1.0,1.0,0.0,,,,,,,,,Desconocido
1583232.0,Friendlies Clubs,667,World,Club Friendly,True,2026-06-29,2585,14281,Sepsi OSK Sfantu Gheorghe,Drita,1.0,0.0,0.0,0.0,,,,,,,,,Desconocido
1554588.0,Friendlies Clubs,667,World,Club Friendlies,True,2026-06-29,632,6496,Universitatea Craiova,Polessya,4.0,3.0,0.0,2.0,,,,,,,,,Desconocido
1543333.0,UEFA U19 Championship,493,World,Group Stage,False,2026-06-29,10329,10352,Croatia U19,Ukraine U19,1.0,3.0,1.0,1.0,,,,,,,,,I. Stojchevski
1543332.0,UEFA U19 Championship,493,World,Group Stage,False,2026-06-29,10338,10346,Italy U19,Serbia U19,2.0,0.0,1.0,0.0,,,,,,,,,F. Badstubner
1562344.0,World Cup,1,World,Round of 32,True,2026-06-29,6,12,Brazil,Japan,2.0,1.0,0.0,1.0,,,,,,,,,"Maurizio Mariani, Italy"
1565176.0,World Cup,1,World,Round of 32,True,2026-06-29,25,2380,Germany,Paraguay,1.0,1.0,0.0,1.0,,,,,,,,,"Jalal Jayed, Morocco"
1562345.0,World Cup,1,World,Round of 32,True,2026-06-29,1118,31,Netherlands,Morocco,1.0,1.0,0.0,0.0,,,,,,,,,W. Sampaio
1499485.0,Primera B Metropolitana,131,Argentina,Regular Season - 22,False,2026-06-28,2430,8008,Argentino de Merlo,Comunicaciones,3.0,2.0,3.0,0.0,,,,,,,,,Desconocido
1499486.0,Primera B Metropolitana,131,Argentina,Regular Season - 22,False,2026-06-28,459,2429,Arsenal Sarandi,Dock Sud,0.0,0.0,0.0,0.0,,,,,,,,,Desconocido
1499490.0,Primera B Metropolitana,131,Argentina,Regular Season - 22,False,2026-06-28,1924,8376,Deportivo Laferrere,Argentino Quilmes,1.0,1.0,0.0,1.0,,,,,,,,,Desconocido
1499491.0,Primera B Metropolitana,131,Argentina,Regular Season - 22,False,2026-06-28,8395,8380,Liniers,Villa San Carlos,1.0,1.0,1.0,0.0,,,,,,,,,Desconocido
1499494.0,Primera B Metropolitana,131,Argentina,Regular Season - 22,False,2026-06-28,1956,8388,UAI Urquiza,Sportivo Italiano,0.0,0.0,0.0,0.0,,,,,,,,,Desconocido
1499957.0,Primera C,132,Argentina,Regular Season - 17,False,2026-06-28,8392,23099,Defensores de Cambaceres,Estrella Del Sur,0.0,3.0,0.0,1.0,,,,,,,,,Desconocido
1499961.0,Primera C,132,Argentina,Regular Season - 17,False,2026-06-28,1940,8382,Leandro N. Alem,Berazategui,1.0,1.0,1.0,0.0,,,,,,,,,Desconocido
1499963.0,Primera C,132,Argentina,Regular Season - 17,False,2026-06-28,8397,1964,Puerto Nuevo,Victoriano Arenas,2.0,1.0,2.0,0.0,,,,,,,,,Desconocido
1559513.0,Reserve League,906,Argentina,Apertura - Quarter-finals,True,2026-06-28,18681,18678,Boca Juniors Res.,Atlético Tucumán Res.,3.0,0.0,1.0,0.0,,,,,,,,,Desconocido
1559512.0,Reserve League,906,Argentina,Apertura - Quarter-finals,True,2026-06-28,18702,18691,Vélez Sársfield Res.,Newell's Old Boys Res.,2.0,1.0,1.0,1.0,,,,,,,,,Desconocido
1530418.0,Torneo Federal A,134,Argentina,Regular Season - 15,False,2026-06-28,21040,25758,9 de Julio Rafaela,Gimnasia Chivilcoy,2.0,1.0,1.0,0.0,,,,,,,,,Desconocido
1530420.0,Torneo Federal A,134,Argentina,Regular Season - 15,False,2026-06-28,27571,3945,Atletico Escobar,Gimnasia Concepción,2.0,1.0,1.0,0.0,,,,,,,,,Desconocido
1530421.0,Torneo Federal A,134,Argentina,Regular Season - 15,False,2026-06-28,8399,443,Circulo Deportivo,Olimpo Bahia Blanca,1.0,1.0,0.0,0.0,,,,,,,,,Desconocido
1530422.0,Torneo Federal A,134,Argentina,Regular Season - 15,False,2026-06-28,25757,21042,Costa Brava,San Martín Mendoza,2.0,1.0,1.0,0.0,,,,,,,,,Desconocido
1530424.0,Torneo Federal A,134,Argentina,Regular Season - 15,False,2026-06-28,21041,1966,El Linqueño,Sportivo Belgrano,1.0,1.0,0.0,1.0,,,,,,,,,Desconocido
1530426.0,Torneo Federal A,134,Argentina,Regular Season - 15,False,2026-06-28,3972,475,Germinal de Rawson,Santamarina,1.0,0.0,1.0,0.0,,,,,,,,,Desconocido
1530427.0,Torneo Federal A,134,Argentina,Regular Season - 15,False,2026-06-28,1960,789,Independiente De Chivilcoy,Douglas Haig,0.0,4.0,0.0,2.0,,,,,,,,,Desconocido
1530428.0,Torneo Federal A,134,Argentina,Regular Season - 15,False,2026-06-28,1961,27572,Juventud Antoniana,Defensores de Vilelas,4.0,0.0,3.0,0.0,,,,,,,,,Desconocido
1530429.0,Torneo Federal A,134,Argentina,Regular Season - 15,False,2026-06-28,3975,472,Kimberley Mar del Plata,Guillermo Brown,3.0,0.0,1.0,0.0,,,,,,,,,Desconocido
1530431.0,Torneo Federal A,134,Argentina,Regular Season - 15,False,2026-06-28,1953,27573,Sarmiento Resistencia,Tucuman Central,1.0,0.0,0.0,0.0,,,,,,,,,Desconocido
1530430.0,Torneo Federal A,134,Argentina,Regular Season - 15,False,2026-06-28,23255,25756,Sarmiento de La Banda,Bartolomé Mitre,1.0,0.0,1.0,0.0,,,,,,,,,Desconocido
1530432.0,Torneo Federal A,134,Argentina,Regular Season - 15,False,2026-06-28,3982,1935,Sol de América,San Martin Formosa,1.0,2.0,0.0,1.0,,,,,,,,,Desconocido
1530434.0,Torneo Federal A,134,Argentina,Regular Season - 15,False,2026-06-28,1938,1962,Villa Mitre,Alvarado,1.0,0.0,1.0,0.0,,,,,,,,,Desconocido
1549957.0,Torneo Promocional Amateur,1067,Argentina,Regular Season - 7,False,2026-06-28,27785,27788,Alumni Los Hornos,Las Mandarinas,0.0,1.0,0.0,0.0,,,,,,,,,Desconocido
1549944.0,Torneo Promocional Amateur,1067,Argentina,Regular Season - 5,False,2026-06-28,23094,23106,Atletico Pilar,SAT Moreno,1.0,2.0,0.0,1.0,,,,,,,,,Desconocido
1549958.0,Torneo Promocional Amateur,1067,Argentina,Regular Season - 7,False,2026-06-28,23096,23102,Belgrano Zarate,Ezeiza,0.0,0.0,0.0,0.0,,,,,,,,,Desconocido
1549956.0,Torneo Promocional Amateur,1067,Argentina,Regular Season - 7,False,2026-06-28,27787,23095,Control Orientado,Barrancas UMET,2.0,0.0,0.0,0.0,,,,,,,,,Desconocido
1537486.0,Capital Territory NPL,189,Australia,Regular Season - 15,False,2026-06-28,1448,1447,Canberra FC,Tuggeranong United,1.0,2.0,1.0,1.0,,,,,,,,,Desconocido
1537487.0,Capital Territory NPL,189,Australia,Regular Season - 15,False,2026-06-28,23517,23516,Canberra Juventus,Brindabella,2.0,0.0,0.0,0.0,,,,,,,,,Desconocido
1540122.0,NNSW League 1,1090,Australia,Regular Season - 13,False,2026-06-28,10206,25461,Lake Macquarie,Dudley Redhead United,7.0,2.0,,,,,,,,,,,Desconocido
1532591.0,NNSW League 1,1090,Australia,Regular Season - 13,False,2026-06-28,11195,27618,West Wallsend,Newcastle Croatia FC,2.0,1.0,,,,,,,,,,,Desconocido
1517582.0,New South Wales NPL,192,Australia,Regular Season - 21,False,2026-06-28,3764,3770,APIA Leichhardt Tigers,Rockdale City Suns,0.0,2.0,0.0,1.0,,,,,,,,,Desconocido
1517581.0,New South Wales NPL,192,Australia,Regular Season - 21,False,2026-06-28,3768,3765,Marconi Stallions,Blacktown City,2.0,0.0,1.0,0.0,,,,,,,,,Desconocido
1517897.0,New South Wales NPL 2,835,Australia,Regular Season - 21,False,2026-06-28,27463,20798,Prospect United,Bulls Academy,1.0,1.0,1.0,0.0,,,,,,,,,Desconocido
1523778.0,Northern NSW NPL,481,Australia,Regular Season - 17,False,2026-06-28,10202,10210,Broadmeadow Magic,Weston Bears,5.0,1.0,1.0,1.0,,,,,,,,,Desconocido
1549315.0,Npl Nsw U20,1230,Australia,Regular Season - 21,False,2026-06-28,27801,27806,APIA Leichhardt U20,Rockdale Ilinden U20,1.0,2.0,1.0,1.0,,,,,,,,,Desconocido
1524063.0,Queensland NPL,482,Australia,Regular Season - 16,False,2026-06-28,10216,22916,Gold Coast United,Moreton City Excelsior,0.0,1.0,0.0,0.0,,,,,,,,,Desconocido
1524064.0,Queensland NPL,482,Australia,Regular Season - 16,False,2026-06-28,10217,11184,Lions,WDSC Wolves,6.0,2.0,2.0,0.0,,,,,,,,,Desconocido
1529262.0,Tasmania NPL,648,Australia,Regular Season - 13,False,2026-06-28,14102,14100,Kingborough Lions,Devonport City,2.0,1.0,1.0,0.0,,,,,,,,,Desconocido
1529263.0,Tasmania NPL,648,Australia,Regular Season - 13,False,2026-06-28,14103,27675,Launceston City,South East Utd.,1.0,0.0,0.0,0.0,,,,,,,,,Desconocido
1521967.0,Victoria NPL,195,Australia,Regular Season - 18,False,2026-06-28,3811,3802,South Melbourne,Green Gully,1.0,2.0,0.0,1.0,,,,,,,,,Desconocido
1534346.0,1. Division,117,Belarus,Regular Season - 13,False,2026-06-28,23272,2433,BATE II,FC Energetik-Bgu Minsk,3.0,4.0,0.0,3.0,,,,,,,,,Desconocido
1534350.0,1. Division,117,Belarus,Regular Season - 13,False,2026-06-28,3390,11249,Orsha,Minsk II,0.0,4.0,0.0,1.0,,,,,,,,,Desconocido
1534351.0,1. Division,117,Belarus,Regular Season - 13,False,2026-06-28,13149,11266,Ostrovets FC,Dinamo Minsk II,1.0,1.0,0.0,1.0,,,,,,,,,Desconocido
1525906.0,Premier League,116,Belarus,Regular Season - 13,False,2026-06-28,384,387,FC Dnepr Mogilev,Neman,2.0,0.0,2.0,0.0,,,,,,,,,P. Koronets
1525908.0,Premier League,116,Belarus,Regular Season - 13,False,2026-06-28,391,3384,FC Isloch Minsk R.,Belshina,4.0,0.0,2.0,0.0,,,,,,,,,S. Gorayutin
1554453.0,Baiano U20,1073,Brazil,Quarter-finals,True,2026-06-28,23276,13072,Barcelona BA U20,Vitória U20,0.0,5.0,0.0,4.0,,,,,,,,,Desconocido
1554454.0,Baiano U20,1073,Brazil,Quarter-finals,True,2026-06-28,23281,12954,Jacobina U20,Bahia U20,0.0,3.0,0.0,2.0,,,,,,,,,Desconocido
1585083.0,Brasiliense U20,1100,Brazil,Regular Season - 7,False,2026-06-28,27754,16737,Brasília U20,Planaltina DF U20,0.0,0.0,0.0,0.0,,,,,,,,,Desconocido
1585081.0,Brasiliense U20,1100,Brazil,Regular Season - 7,False,2026-06-28,12992,18353,Capital TO U20,Taguatinga U20,9.0,1.0,3.0,0.0,,,,,,,,,Desconocido
1585082.0,Brasiliense U20,1100,Brazil,Regular Season - 7,False,2026-06-28,23614,23615,Luziânia U20,Paranoa U20,0.0,2.0,0.0,0.0,,,,,,,,,Desconocido
1576771.0,Brasiliense U20,1100,Brazil,Regular Season - 7,False,2026-06-28,23616,23609,Samambaia U20,Brasiliense U20,0.0,0.0,0.0,0.0,,,,,,,,,Desconocido
1585084.0,Brasiliense U20,1100,Brazil,Regular Season - 7,False,2026-06-28,25932,20752,Santa Maria U20,Ceilândia U20,2.0,2.0,1.0,2.0,,,,,,,,,Desconocido
1550762.0,Carioca C,1106,Brazil,Regular Season - 7,False,2026-06-28,25961,25962,Barcelona RJ,Búzios,0.0,7.0,0.0,3.0,,,,,,,,,Desconocido
1550763.0,Carioca C,1106,Brazil,Regular Season - 7,False,2026-06-28,27827,23635,Brescia Clube,EC Resende,0.0,2.0,0.0,0.0,,,,,,,,,Desconocido
1550765.0,Carioca C,1106,Brazil,Regular Season - 7,False,2026-06-28,27826,27825,Cardoso Moreira,Independente RJ,2.0,0.0,0.0,0.0,,,,,,,,,Desconocido
1550767.0,Carioca C,1106,Brazil,Regular Season - 7,False,2026-06-28,23636,23634,EC Vera Cruz,CAAC Brasil,1.0,2.0,0.0,0.0,,,,,,,,,Desconocido
1550769.0,Carioca C,1106,Brazil,Regular Season - 7,False,2026-06-28,13119,23642,Tigres do Brasil,Uniao Central,4.0,0.0,2.0,0.0,,,,,,,,,Desconocido
1541991.0,Catarinense - 2,936,Brazil,Regular Season - 12,False,2026-06-28,21209,12283,Caravaggio,Guarani de Palhoça,2.0,3.0,0.0,2.0,,,,,,,,,Desconocido
1541989.0,Catarinense - 2,936,Brazil,Regular Season - 12,False,2026-06-28,7828,25116,Hercílio Luz,Fluminense-SC,4.0,2.0,1.0,1.0,,,,,,,,,Desconocido
1539841.0,Catarinense U20,1076,Brazil,Regular Season - 12,False,2026-06-28,27672,12995,Carlos Renaux U20,Chapecoense U20,2.0,4.0,0.0,3.0,,,,,,,,,Desconocido
1550838.0,Estadual Junior U20,1143,Brazil,Semi-finals,True,2026-06-28,13020,12972,Juventude U20,São José PA U20,2.0,1.0,1.0,1.0,,,,,,,,,Desconocido
1544796.0,Maranhense - 2,1148,Brazil,Regular Season - 5,False,2026-06-28,12918,25519,Pinheiro,Viana,2.0,1.0,1.0,0.0,,,,,,,,,Desconocido
1547699.0,Mineiro - 2,619,Brazil,Regular Season - 7,False,2026-06-28,16751,23247,Aymorés,Valeriodoce,0.0,1.0,0.0,1.0,,,,,,,,,Desconocido
1547701.0,Mineiro - 2,619,Brazil,Regular Season - 7,False,2026-06-28,153,13082,BOA,Mamoré,0.0,0.0,0.0,0.0,,,,,,,,,Desconocido
1547697.0,Mineiro - 2,619,Brazil,Regular Season - 7,False,2026-06-28,7824,18795,CAP,Uberaba,0.0,1.0,0.0,0.0,,,,,,,,,Desconocido
1547278.0,Paulista - U20,1086,Brazil,Regular Season - 4,False,2026-06-28,13045,13006,Portuguesa U20,Ferroviária U20,0.0,0.0,0.0,0.0,,,,,,,,,Desconocido
1547286.0,Paulista - U20,1086,Brazil,Regular Season - 4,False,2026-06-28,18345,12993,RB Bragantino U20,Capivariano U20,3.0,1.0,1.0,0.0,,,,,,,,,Desconocido
1547287.0,Paulista - U20,1086,Brazil,Regular Season - 4,False,2026-06-28,13055,12998,Santos U20,Corinthians U20,0.0,0.0,0.0,0.0,,,,,,,,,Desconocido
1547288.0,Paulista - U20,1086,Brazil,Regular Season - 4,False,2026-06-28,13061,12973,São Caetano U20,São Paulo U20,0.0,2.0,0.0,1.0,,,,,,,,,Desconocido
1559573.0,Paulista Série B,1098,Brazil,Round of 16,True,2026-06-28,1217,23575,Gremio Osasco Audax,Flamengo SP,0.0,0.0,0.0,0.0,,,,,,,,,Desconocido
1559575.0,Paulista Série B,1098,Brazil,Round of 16,True,2026-06-28,27691,27686,Paulínia FU,Itaquá Athletico Clube,1.0,3.0,1.0,1.0,,,,,,,,,Desconocido
1559576.0,Paulista Série B,1098,Brazil,Round of 16,True,2026-06-28,25772,22945,Santacruzense,America SP,0.0,0.0,0.0,0.0,,,,,,,,,Desconocido
1559578.0,Paulista Série B,1098,Brazil,Round of 16,True,2026-06-28,23582,22948,Tupa,Independente SP,0.0,2.0,0.0,0.0,,,,,,,,,Desconocido
1520740.0,Serie B,72,Brazil,Regular Season - 15,False,2026-06-28,13975,145,Athletic Club,Avai,1.0,0.0,0.0,0.0,,,,,,,,,D. C. Muniz dos Santos
1520741.0,Serie B,72,Brazil,Regular Season - 15,False,2026-06-28,144,139,Atletico Goianiense,Ponte Preta,2.0,0.0,2.0,0.0,,,,,,,,,B. Machado
1520745.0,Serie B,72,Brazil,Regular Season - 15,False,2026-06-28,154,123,Fortaleza EC,Sport Recife,2.0,1.0,1.0,0.0,,,,,,,,,A. Daronco
1520746.0,Serie B,72,Brazil,Regular Season - 15,False,2026-06-28,152,129,Juventude,Ceara,2.0,0.0,2.0,0.0,,,,,,,,,L. Casagrande
1520747.0,Serie B,72,Brazil,Regular Season - 15,False,2026-06-28,755,151,Nautico Recife,Goias,0.0,1.0,0.0,1.0,,,,,,,,,E. Batista
1526866.0,Serie C,75,Brazil,Regular Season - 12,False,2026-06-28,137,138,Figueirense,Guarani Campinas,1.0,1.0,0.0,0.0,,,,,,,,,E. R. de Almeida Andrade
1526870.0,Serie C,75,Brazil,Regular Season - 12,False,2026-06-28,7779,7832,Ituano,Maranhão,0.0,0.0,0.0,0.0,,,,,,,,,C. Deretti
1526874.0,Serie C,75,Brazil,Regular Season - 12,False,2026-06-28,1221,7772,Ypiranga-RS,Confiança,1.0,1.0,0.0,1.0,,,,,,,,,P. de Oliveira
1554048.0,Serie D,76,Brazil,Round of 32,True,2026-06-28,754,1203,ABC,Altos,1.0,1.0,1.0,1.0,,,,,,,,,Desconocido
1553751.0,Serie D,76,Brazil,Round of 32,True,2026-06-28,1194,12941,Cianorte,Independiente FSJ,0.0,1.0,0.0,1.0,,,,,,,,,Desconocido
1554053.0,Serie D,76,Brazil,Round of 32,True,2026-06-28,1195,2210,Ferroviario,Central SC,2.0,0.0,0.0,0.0,,,,,,,,,Desconocido
1554054.0,Serie D,76,Brazil,Round of 32,True,2026-06-28,12944,23158,Guaporé,Monte Roraima,2.0,0.0,2.0,0.0,,,,,,,,,Desconocido
1554055.0,Serie D,76,Brazil,Round of 32,True,2026-06-28,1224,20710,Juazeirense,Serra Branca,0.0,1.0,0.0,0.0,,,,,,,,,Desconocido
1553755.0,Serie D,76,Brazil,Round of 32,True,2026-06-28,752,7771,Luverdense,Ceilândia,1.0,1.0,0.0,0.0,,,,,,,,,Desconocido
1554056.0,Serie D,76,Brazil,Round of 32,True,2026-06-28,18308,10853,Manauara,Independência,1.0,1.0,0.0,0.0,,,,,,,,,Desconocido
1553757.0,Serie D,76,Brazil,Round of 32,True,2026-06-28,10677,10673,Marcílio Dias,Cascavel,2.0,1.0,0.0,1.0,,,,,,,,,Desconocido
1554057.0,Serie D,76,Brazil,Round of 32,True,2026-06-28,7781,12290,Nacional AM,Araguaína,0.0,0.0,0.0,0.0,,,,,,,,,Desconocido
1553758.0,Serie D,76,Brazil,Round of 32,True,2026-06-28,10037,7835,Noroeste,Portuguesa RJ,1.0,3.0,0.0,2.0,,,,,,,,,Desconocido
1554059.0,Serie D,76,Brazil,Round of 32,True,2026-06-28,12946,1218,Porto Velho,Sao Raimundo,1.0,1.0,1.0,0.0,,,,,,,,,Desconocido
1554062.0,Serie D,76,Brazil,Round of 32,True,2026-06-28,7787,7831,Treze,Jacuipense,0.0,0.0,0.0,0.0,,,,,,,,,Desconocido
1512952.0,Elite One,411,Cameroon,Regular Season - 26,False,2026-06-28,5556,5564,Aigle Royal,Panthère,2.0,2.0,2.0,0.0,,,,,,,,,Desconocido
1512951.0,Elite One,411,Cameroon,Regular Season - 26,False,2026-06-28,20799,5409,Aigle Royal de Moungo,PWD Bamenda,2.0,1.0,0.0,0.0,,,,,,,,,Desconocido
1512954.0,Elite One,411,Cameroon,Regular Season - 26,False,2026-06-28,5560,20800,Canon,Victoria United,4.0,0.0,0.0,0.0,,,,,,,,,Desconocido
1512955.0,Elite One,411,Cameroon,Regular Season - 26,False,2026-06-28,5400,16526,Colombe,Jeunes Fauves,7.0,0.0,3.0,0.0,,,,,,,,,Desconocido
1512957.0,Elite One,411,Cameroon,Regular Season - 26,False,2026-06-28,15566,5401,Gazelle,Cotonsport,0.0,0.0,0.0,0.0,,,,,,,,,Desconocido
1512953.0,Elite One,411,Cameroon,Regular Season - 26,False,2026-06-28,5414,16524,Unisport Bafang,Dynamo de Douala,2.0,7.0,1.0,3.0,,,,,,,,,Desconocido
1534058.0,Northern Super League,1182,Canada,Regular season,False,2026-06-28,25901,25896,Vancouver Rise W,AFC Toronto W,1.0,3.0,1.0,1.0,,,,,,,,,Desconocido
1544460.0,Copa Chile,267,Chile,Group Stage - 4,False,2026-06-28,2331,2327,Cobresal,Antofagasta,0.0,1.0,0.0,1.0,,,,,,,,,Desconocido
1544464.0,Copa Chile,267,Chile,Group Stage - 4,False,2026-06-28,2316,2324,Curico Unido,Universidad de Concepcion,2.0,2.0,2.0,2.0,,,,,,,,,Desconocido
1544461.0,Copa Chile,267,Chile,Group Stage - 4,False,2026-06-28,2341,2332,D. La Serena,Cobreloa,2.0,1.0,2.0,0.0,,,,,,,,,Desconocido
1544468.0,Copa Chile,267,Chile,Group Stage - 4,False,2026-06-28,2342,5635,D. Puerto Montt,Concepción,2.0,0.0,0.0,0.0,,,,,,,,,Desconocido
1544462.0,Copa Chile,267,Chile,Group Stage - 4,False,2026-06-28,2328,2317,Huachipato,Deportes Temuco,2.0,0.0,1.0,0.0,,,,,,,,,Desconocido
1544465.0,Copa Chile,267,Chile,Group Stage - 4,False,2026-06-28,2320,5644,O'Higgins,Recoleta,1.0,1.0,0.0,0.0,,,,,,,,,Desconocido
1544466.0,Copa Chile,267,Chile,Group Stage - 4,False,2026-06-28,2344,2337,Rangers de Talca,Nublense,0.0,1.0,0.0,1.0,,,,,,,,,Desconocido
1544463.0,Copa Chile,267,Chile,Group Stage - 4,False,2026-06-28,2326,2333,Union La Calera,Santiago Wanderers,4.0,0.0,1.0,0.0,,,,,,,,,Desconocido
1544467.0,Copa Chile,267,Chile,Group Stage - 4,False,2026-06-28,2323,2340,Universidad de Chile,Union San Felipe,2.0,0.0,1.0,0.0,,,,,,,,,Desconocido
1531892.0,Segunda División,711,Chile,Regular Season - 12,False,2026-06-28,5639,27606,General Velásquez,Lota Schwager,2.0,1.0,2.0,1.0,,,,,,,,,Desconocido
1529118.0,Segunda División,711,Chile,Regular Season - 12,False,2026-06-28,18775,18779,Municipal Salamanca,Real San Joaquín,0.0,0.0,0.0,0.0,,,,,,,,,Desconocido
1529122.0,Segunda División,711,Chile,Regular Season - 12,False,2026-06-28,2335,15717,Santiago Morning,Linares Unido,0.0,1.0,0.0,0.0,,,,,,,,,Desconocido
1528636.0,League One,170,China,Regular Season - 12,False,2026-06-28,1445,17269,Heilongjiang Lava Spring,Wuxi Wugou,3.0,3.0,2.0,2.0,,,,,,,,,L. Haixin
1528774.0,League One,170,China,Regular Season - 12,False,2026-06-28,5688,27556,Suzhou Dongwu,Ningbo Professional,1.0,2.0,0.0,2.0,,,,,,,,,F. Mu
1532789.0,League Two,929,China,Regular Season - 14,False,2026-06-28,5647,19321,BIT,Tai'an Tiankuang,1.0,1.0,1.0,1.0,,,,,,,,,K. Wu
1532791.0,League Two,929,China,Regular Season - 14,False,2026-06-28,5665,25774,Jiangxi Liansheng,Guangzhou Dandelion,2.0,0.0,2.0,0.0,,,,,,,,,P. Li
1532790.0,League Two,929,China,Regular Season - 14,False,2026-06-28,23288,20674,Shandong Taishan II,Xi'an Ronghai,1.0,0.0,0.0,0.0,,,,,,,,,L. Zhaohao
1532792.0,League Two,929,China,Regular Season - 14,False,2026-06-28,25779,25839,Shenzhen 2028,Chengdu Rongcheng II,1.0,0.0,0.0,0.0,,,,,,,,,Y. He
1532794.0,League Two,929,China,Regular Season - 14,False,2026-06-28,25840,23270,Wuhan Three Towns II,Langfang Glory City,0.0,1.0,0.0,0.0,,,,,,,,,C. Gao
1532793.0,League Two,929,China,Regular Season - 14,False,2026-06-28,17272,19320,Yichun Grand Tiger,Shangyu Pterosaur,0.0,1.0,0.0,1.0,,,,,,,,,Qianchi Gu
1523186.0,Super League,169,China,Regular Season - 16,False,2026-06-28,21263,833,Dalian Zhixing,Shanghai Shenhua,1.0,4.0,1.0,2.0,,,,,,,,,"Yuchen Mu, China"
1523185.0,Super League,169,China,Regular Season - 16,False,2026-06-28,17265,848,Qingdao Youth Island,Hangzhou Greentown,3.0,1.0,1.0,1.0,,,,,,,,,"Kai He, China"
1513585.0,Meistriliiga,329,Estonia,Regular Season - 19,False,2026-06-28,2273,687,FC Levadia Tallinn,Flora Tallinn,1.0,2.0,1.0,0.0,,,,,,,,,J. Jaanovits
1513584.0,Meistriliiga,329,Estonia,Regular Season - 19,False,2026-06-28,662,3528,Kalju Nomme,Paide,1.0,1.0,0.0,0.0,,,,,,,,,G. Osomkov
1541109.0,Premier League,363,Ethiopia,Regular Season - 37,False,2026-06-28,4110,4124,Adama Kenema,Welayta Dicha,0.0,2.0,0.0,0.0,,,,,,,,,Desconocido
1541112.0,Premier League,363,Ethiopia,Regular Season - 37,False,2026-06-28,4112,4123,Bahardar,Sidama Bunna,0.0,1.0,0.0,1.0,,,,,,,,,Desconocido
1541113.0,Premier League,363,Ethiopia,Regular Season - 37,False,2026-06-28,4127,4111,Mebrat Hayl,Awassa Kenema,1.0,1.0,1.0,0.0,,,,,,,,,Desconocido
1541114.0,Premier League,363,Ethiopia,Regular Season - 37,False,2026-06-28,26880,4120,Sheger Ketema,Mekelakeya,2.0,0.0,2.0,0.0,,,,,,,,,Desconocido
1506631.0,1. Deild,366,Faroe-Islands,Regular Season - 15,False,2026-06-28,4192,4176,TB,B71,1.0,6.0,0.0,4.0,,,,,,,,,Desconocido
1506495.0,Meistaradeildin,367,Faroe-Islands,Regular Season - 15,False,2026-06-28,4177,678,EB / Streymur,B36 Torshavn,2.0,2.0,2.0,1.0,,,,,,,,,B. Danielsen
1506494.0,Meistaradeildin,367,Faroe-Islands,Regular Season - 15,False,2026-06-28,701,4174,KI Klaksvik,07 Vestur,0.0,1.0,0.0,0.0,,,,,,,,,H. Madsen
1541515.0,Kakkonen - Lohko B,248,Finland,Group B - 10,False,2026-06-28,9185,13552,Ilves II,EBK,3.0,2.0,0.0,1.0,,,,,,,,,Desconocido
1539057.0,Kansallinen Liiga,640,Finland,Regular Season - 10,False,2026-06-28,13995,16383,Åland United W,HPS W,0.0,0.0,0.0,0.0,,,,,,,,,Desconocido
1517199.0,Ykkönen,245,Finland,Group Stage,False,2026-06-28,10199,9203,KPV-j,PKKU,1.0,3.0,0.0,0.0,,,,,,,,,Desconocido
1517200.0,Ykkönen,245,Finland,Group Stage,False,2026-06-28,9195,18758,OLS,KuPS Akatemia,2.0,2.0,2.0,1.0,,,,,,,,,Desconocido
1504251.0,Ykkösliiga,1087,Finland,Group Stage,False,2026-06-28,9187,9173,KäPa,JäPS,3.0,1.0,1.0,1.0,,,,,,,,,A. Ropponen
1553725.0,Cup,167,Iceland,Semi-finals,True,2026-06-28,276,278,Breidablik,Vikingur Reykjavik,3.0,0.0,0.0,0.0,,,,,,,,,S. H. Thrastarson
1508790.0,Úrvalsdeild,164,Iceland,Regular Season - 12,False,2026-06-28,270,268,FH hafnarfjordur,IBV Vestmannaeyjar,1.0,1.0,1.0,0.0,,,,,,,,,H. M. Jonasson
1508791.0,Úrvalsdeild,164,Iceland,Regular Season - 12,False,2026-06-28,269,271,Keflavik,KR Reykjavik,3.0,2.0,1.0,1.0,,,,,,,,,G. F. Robertsson
1508792.0,Úrvalsdeild,164,Iceland,Regular Season - 12,False,2026-06-28,275,272,Stjarnan,KA Akureyri,3.0,1.0,2.0,0.0,,,,,,,,,J. I. Jonsson
1508793.0,Úrvalsdeild,164,Iceland,Regular Season - 12,False,2026-06-28,2116,274,Thor Akureyri,Valur Reykjavik,2.0,4.0,0.0,2.0,,,,,,,,,I. O. Kristjansson
1528007.0,Premier League,389,Kazakhstan,Regular Season - 15,False,2026-06-28,2259,4544,FK Tobol Kostanay,Altay,3.0,1.0,1.0,1.0,,,,,,,,,D. Gorda
1528004.0,Premier League,389,Kazakhstan,Regular Season - 15,False,2026-06-28,4565,4562,Irtysh,Kaisar,1.0,2.0,1.0,1.0,,,,,,,,,G. Chekhovsky
1528008.0,Premier League,389,Kazakhstan,Regular Season - 15,False,2026-06-28,21010,692,Ulytau,Ordabasy,0.0,1.0,0.0,1.0,,,,,,,,,D. Sakhi
1528010.0,Premier League,389,Kazakhstan,Regular Season - 15,False,2026-06-28,16611,562,Zhenys,FC Astana,2.0,2.0,0.0,1.0,,,,,,,,,A. Zatula
1527601.0,Premier League,569,Kyrgyzstan,Regular Season - 11,False,2026-06-28,25767,18731,Ozgon,Talant,0.0,1.0,0.0,0.0,,,,,,,,,Desconocido
1529560.0,1. Liga,364,Latvia,Regular Season - 11,False,2026-06-28,21202,4153,JFK Ventspils,Valmiera / BSS,0.0,2.0,0.0,0.0,,,,,,,,,Desconocido
1529558.0,1. Liga,364,Latvia,Regular Season - 11,False,2026-06-28,23266,4159,Leevon / PPK,Metta / LU,1.0,3.0,0.0,2.0,,,,,,,,,Desconocido
1529559.0,1. Liga,364,Latvia,Regular Season - 11,False,2026-06-28,4142,16835,Smiltene,Skanste,2.0,4.0,0.0,1.0,,,,,,,,,Desconocido
1508068.0,Premier League,390,Lebanon,Regular Season - 21,False,2026-06-28,4567,4576,Al Ahed,Shabab Al Sahel,4.0,2.0,3.0,0.0,,,,,,,,,Desconocido
1508070.0,Premier League,390,Lebanon,Regular Season - 21,False,2026-06-28,26399,4573,Jwaaya FC,Safa,1.0,1.0,0.0,0.0,,,,,,,,,Desconocido
1529760.0,1 Lyga,361,Lithuania,Regular Season - 15,False,2026-06-28,13971,3857,Kauno Žalgiris II,BFA,0.0,1.0,0.0,0.0,,,,,,,,,Desconocido
1547570.0,A Lyga,362,Lithuania,Regular Season - 19,False,2026-06-28,3858,3861,Banga,Hegelmann Litauen,2.0,0.0,0.0,0.0,,,,,,,,,K. Drungilas
1547571.0,A Lyga,362,Lithuania,Regular Season - 19,False,2026-06-28,3860,586,Džiugas Telšiai,FK Zalgiris Vilnius,0.0,0.0,0.0,0.0,,,,,,,,,D. Svegzda
1565675.0,Primeira Divisão,969,Macao,Regular Season - 14,False,2026-06-28,21201,25715,Benfica,Chiba,2.0,1.0,0.0,1.0,,,,,,,,,Desconocido
1583820.0,Primeira Divisão,969,Macao,Regular Season - 14,False,2026-06-28,27371,23062,Gorilla of the Universe,Universidade de Macau,5.0,3.0,2.0,2.0,,,,,,,,,Desconocido
1538632.0,Super League,391,Malawi,Regular Season - 8,False,2026-06-28,23427,11125,Creck,CIVO United,0.0,1.0,0.0,1.0,,,,,,,,,Desconocido
1538634.0,Super League,391,Malawi,Regular Season - 8,False,2026-06-28,18747,4583,Dedza Dynamos,Be Forward Wanderers,1.0,1.0,1.0,0.0,,,,,,,,,Desconocido
1538635.0,Super League,391,Malawi,Regular Season - 8,False,2026-06-28,25893,11127,Ekhaya,MAFCO,1.0,0.0,0.0,0.0,,,,,,,,,Desconocido
1538636.0,Super League,391,Malawi,Regular Season - 8,False,2026-06-28,4589,4593,Karonga United,Moyale Barracks,0.0,0.0,0.0,0.0,,,,,,,,,Desconocido
1538633.0,Super League,391,Malawi,Regular Season - 8,False,2026-06-28,4597,4601,Silver Strikers,Red Lions,3.0,0.0,2.0,0.0,,,,,,,,,Desconocido
1553729.0,Super Liga,394,Moldova,Regular Season - 1,False,2026-06-28,2271,5375,Petrocub,Dacia-Buiucani,2.0,1.0,0.0,0.0,,,,,,,,,Desconocido
1553730.0,Super Liga,394,Moldova,Regular Season - 1,False,2026-06-28,568,5379,Sheriff Tiraspol,Sireți,3.0,0.0,1.0,0.0,,,,,,,,,Desconocido
1559543.0,Premier League,764,Mongolia,Regular Season - 21,False,2026-06-28,24722,26669,Hunters,Khovd Western,2.0,0.0,1.0,0.0,,,,,,,,,Desconocido
1559542.0,Premier League,764,Mongolia,Regular Season - 21,False,2026-06-28,26667,18104,Ulaangom City,Khovd,3.0,3.0,0.0,3.0,,,,,,,,,Desconocido
1563058.0,Botola Pro,200,Morocco,Regular Season - 28,False,2026-06-28,964,971,Difaa EL Jadida,Kawkab Marrakech,1.0,1.0,1.0,0.0,,,,,,,,,E. El Hanafi
1563059.0,Botola Pro,200,Morocco,Regular Season - 28,False,2026-06-28,969,14806,FAR Rabat,UTS Rabat,2.0,2.0,1.0,2.0,,,,,,,,,A. El Maataoui
1563060.0,Botola Pro,200,Morocco,Regular Season - 28,False,2026-06-28,977,962,FUS Rabat,Renaissance Berkane,2.0,1.0,1.0,0.0,,,,,,,,,M. Jamlaoui
1563061.0,Botola Pro,200,Morocco,Regular Season - 28,False,2026-06-28,973,3449,Hassania Agadir,CR Khemis Zemamra,1.0,1.0,1.0,0.0,,,,,,,,,M. El Baroudi
1563062.0,Botola Pro,200,Morocco,Regular Season - 28,False,2026-06-28,974,976,Ittihad Tanger,Raja Casablanca,1.0,1.0,0.0,1.0,,,,,,,,,M. El Houidri
1563063.0,Botola Pro,200,Morocco,Regular Season - 28,False,2026-06-28,3453,25058,Maghreb Fès,Yacoub El Mansour,2.0,1.0,2.0,0.0,,,,,,,,,A. Berrada
1563064.0,Botola Pro,200,Morocco,Regular Season - 28,False,2026-06-28,975,22218,Olympique Safi,CODM Meknès,2.0,2.0,1.0,0.0,,,,,,,,,A. Berrada
1563065.0,Botola Pro,200,Morocco,Regular Season - 28,False,2026-06-28,968,3454,Wydad AC,Olympique Dcheïra,1.0,3.0,1.0,2.0,,,,,,,,,Y. Triki
1535393.0,Premiership Women,1103,Northern-Ireland,Group Stage,False,2026-06-28,16840,23632,Glentoran BU W,Derry City W,3.0,1.0,2.0,0.0,,,,,,,,,Desconocido
1535700.0,1. Division Women,915,Norway,Regular Season - 11,False,2026-06-28,15952,20884,Kolbotn W,Grei W,0.0,3.0,0.0,1.0,,,,,,,,,Desconocido
1535635.0,1. Division Women,915,Norway,Regular Season - 11,False,2026-06-28,25762,15954,Start W,Arna-Bjørnar W,1.0,0.0,0.0,0.0,,,,,,,,,Desconocido
1496096.0,2. Division - Group 1,473,Norway,Regular Season - 12,False,2026-06-28,7028,2151,Sotra,jerv,1.0,3.0,1.0,1.0,,,,,,,,,Desconocido
1496275.0,2. Division - Group 2,474,Norway,Regular Season - 12,False,2026-06-28,6985,2145,Follo,Levanger,0.0,2.0,0.0,1.0,,,,,,,,,Desconocido
1496278.0,2. Division - Group 2,474,Norway,Regular Season - 12,False,2026-06-28,2239,7039,Skeid,Trygg/Lade,7.0,1.0,2.0,1.0,,,,,,,,,Desconocido
1496279.0,2. Division - Group 2,474,Norway,Regular Season - 12,False,2026-06-28,7033,7000,Stjørdals-Blink,Junkeren,1.0,1.0,0.0,1.0,,,,,,,,,Desconocido
1496460.0,3. Division - Girone 1,774,Norway,Regular Season - 12,False,2026-06-28,21420,6995,KFUM II,Heming,2.0,2.0,0.0,2.0,,,,,,,,,Desconocido
1496826.0,3. Division - Girone 3,776,Norway,Regular Season - 12,False,2026-06-28,19719,7043,Varegg,Vard,1.0,1.0,0.0,0.0,,,,,,,,,Desconocido
1497002.0,3. Division - Girone 4,777,Norway,Regular Season - 12,False,2026-06-28,6971,18439,Brodd,Haugesund II,4.0,0.0,1.0,0.0,,,,,,,,,Desconocido
1497007.0,3. Division - Girone 4,777,Norway,Regular Season - 12,False,2026-06-28,23424,9975,Varhaug,Odd II,2.0,2.0,0.0,1.0,,,,,,,,,Desconocido
1497008.0,3. Division - Girone 4,777,Norway,Regular Season - 12,False,2026-06-28,7047,16231,Vindbjart,Stabæk II,2.0,3.0,2.0,2.0,,,,,,,,,Desconocido
1497184.0,3. Division - Girone 5,778,Norway,Regular Season - 12,False,2026-06-28,6965,16228,Alta,Finnsnes,3.0,0.0,1.0,0.0,,,,,,,,,Desconocido
1497187.0,3. Division - Girone 5,778,Norway,Regular Season - 12,False,2026-06-28,16207,16232,Lillestrøm II,Tromsø II,5.0,3.0,4.0,0.0,,,,,,,,,Desconocido
1497189.0,3. Division - Girone 5,778,Norway,Regular Season - 12,False,2026-06-28,12865,7024,Strømsgodset II,Skjervøy,5.0,1.0,2.0,0.0,,,,,,,,,Desconocido
1497372.0,3. Division - Girone 6,779,Norway,Regular Season - 12,False,2026-06-28,18930,25499,Råde,Lyn II,3.0,5.0,1.0,2.0,,,,,,,,,Desconocido
1551288.0,Division Intermedia,251,Paraguay,Regular Season - 12,False,2026-06-28,21374,27627,3 de Noviembre,Paraguari AC,1.0,1.0,1.0,0.0,,,,,,,,,Desconocido
1551290.0,Division Intermedia,251,Paraguay,Regular Season - 12,False,2026-06-28,1177,23154,SOL DE America,12 de Junio VH,1.0,0.0,0.0,0.0,,,,,,,,,Desconocido
1553071.0,Copa De La Liga,1232,Peru,Group Stage - 3,False,2026-06-28,2553,2560,Alianza Lima,Alianza Atletico,1.0,2.0,0.0,1.0,,,,,,,,,Desconocido
1553072.0,Copa De La Liga,1232,Peru,Group Stage - 3,False,2026-06-28,2541,2551,Cesar Vallejo,Carlos A. Mannucci,2.0,3.0,1.0,2.0,,,,,,,,,Desconocido
1553073.0,Copa De La Liga,1232,Peru,Group Stage - 3,False,2026-06-28,2572,4226,Club Deportivo Los Chankas,Santos,3.0,0.0,2.0,0.0,,,,,,,,,Desconocido
1553074.0,Copa De La Liga,1232,Peru,Group Stage - 3,False,2026-06-28,10013,2562,Cusco,Cienciano,1.0,2.0,1.0,1.0,,,,,,,,,Desconocido
1560400.0,Liga Women,1229,Peru,Apertura - Semi-finals,True,2026-06-28,27778,27772,Sporting Cristal W,Atl. Andahuaylas W,4.0,1.0,1.0,0.0,,,,,,,,,Desconocido
1536394.0,Second League - Group 2,652,Russia,Group 2 - 14,False,2026-06-28,24450,6840,Cherepovets,Zvezda St. Petersburg,0.0,2.0,0.0,0.0,,,,,,,,,Desconocido
1536395.0,Second League - Group 2,652,Russia,Group 2 - 14,False,2026-06-28,2014,19447,Chertanovo Moscow,Dinamo Vologda,1.0,1.0,0.0,0.0,,,,,,,,,Desconocido
1536393.0,Second League - Group 2,652,Russia,Group 2 - 14,False,2026-06-28,17725,6830,Dinamo St. Petersburg,Torpedo Vladimir,1.0,1.0,0.0,1.0,,,,,,,,,Desconocido
1536396.0,Second League - Group 2,652,Russia,Group 2 - 14,False,2026-06-28,19452,21539,Kosmos Dolgoprudny,Irkutsk,2.0,0.0,2.0,0.0,,,,,,,,,Desconocido
1536397.0,Second League - Group 2,652,Russia,Group 2 - 14,False,2026-06-28,2003,6812,Spartak Moscow 2,Luki-Energiya,0.0,2.0,0.0,1.0,,,,,,,,,Desconocido
1536398.0,Second League - Group 2,652,Russia,Group 2 - 14,False,2026-06-28,14120,6817,Tver,Murom,1.0,0.0,0.0,0.0,,,,,,,,,Desconocido
1536399.0,Second League - Group 2,652,Russia,Group 2 - 14,False,2026-06-28,17724,25868,Yenisey II,Baltika II,1.0,6.0,0.0,4.0,,,,,,,,,Desconocido
1536623.0,Second League - Group 3,650,Russia,Group 3 - 14,False,2026-06-28,17720,6826,Arsenal Tula II,Salyut-Belgorod,0.0,4.0,0.0,1.0,,,,,,,,,Desconocido
1536830.0,Second League - Group 4,653,Russia,Group 4 - 14,False,2026-06-28,21535,14141,Akron II,Orenburg II,1.0,1.0,0.0,0.0,,,,,,,,,Desconocido
1536831.0,Second League - Group 4,653,Russia,Group 4 - 14,False,2026-06-28,25866,16858,Chelyabinsk II,Khimik Dzerzhinsk,0.0,3.0,0.0,2.0,,,,,,,,,Desconocido
1536832.0,Second League - Group 4,653,Russia,Group 4 - 14,False,2026-06-28,6794,21032,Dinamo Barnaul,Rubin Kazan 2,2.0,0.0,0.0,0.0,,,,,,,,,Desconocido
1536833.0,Second League - Group 4,653,Russia,Group 4 - 14,False,2026-06-28,6818,14140,Nosta,Krylya Sovetov II,1.0,1.0,0.0,1.0,,,,,,,,,Desconocido
1536834.0,Second League - Group 4,653,Russia,Group 4 - 14,False,2026-06-28,27651,25867,Pobeda Nizhniy Novgorod,KDV,4.0,0.0,1.0,0.0,,,,,,,,,Desconocido
1536835.0,Second League - Group 4,653,Russia,Group 4 - 14,False,2026-06-28,12887,27650,Ural II,Izhevsk,0.0,0.0,0.0,0.0,,,,,,,,,Desconocido
1529959.0,Supreme Division Women,649,Russia,Regular Season - 12,False,2026-06-28,14133,14135,Yenisey W,Krasnodar W,0.0,0.0,0.0,0.0,,,,,,,,,Desconocido
1637190.0,Super League Women,1243,South-Africa,Regular season,False,2026-06-28,28350,28354,City Lads W,First Touch W,0.0,2.0,0.0,2.0,,,,,,,,,Desconocido
1637189.0,Super League Women,1243,South-Africa,Regular season,False,2026-06-28,28357,28362,Ramatlaohle W,University of Fort Hare W,1.0,1.0,1.0,1.0,,,,,,,,,Desconocido
1637188.0,Super League Women,1243,South-Africa,Regular season,False,2026-06-28,28359,28351,Stellenbosch W,Copperbelt Ladies W,1.0,2.0,1.0,1.0,,,,,,,,,Desconocido
1520515.0,K3 League,295,South-Korea,Regular Season - 16,False,2026-06-28,7056,7068,Busan Transportation,Daejeon Korail,0.0,1.0,0.0,1.0,,,,,,,,,Desconocido
1520517.0,K3 League,295,South-Korea,Regular Season - 16,False,2026-06-28,18653,7075,Dangjin Citizen,Gangneung City,5.0,2.0,3.0,1.0,,,,,,,,,Desconocido
1520516.0,K3 League,295,South-Korea,Regular Season - 16,False,2026-06-28,7083,7099,Gyeongju HNP,Pocheon,1.0,3.0,0.0,2.0,,,,,,,,,Desconocido
1569809.0,K4 League,1234,South-Korea,Regular Season - 16,False,2026-06-28,27860,25719,Jecheon Citizen,Gijang United,1.0,1.0,1.0,0.0,,,,,,,,,Desconocido
1569808.0,K4 League,1234,South-Korea,Regular Season - 16,False,2026-06-28,27863,23089,Jincheon,Namyangju,2.0,2.0,1.0,0.0,,,,,,,,,Desconocido
1569807.0,K4 League,1234,South-Korea,Regular Season - 16,False,2026-06-28,25720,18656,Sejong SA,Pyeongchang United,1.0,3.0,1.0,2.0,,,,,,,,,Desconocido
1515770.0,Division 2 - Norrland,594,Sweden,Norrland - 14,True,2026-06-28,18999,6669,Lucksta,Gottne,3.0,0.0,2.0,0.0,,,,,,,,,Desconocido
1510969.0,Division 2 - Södra Götaland,597,Sweden,Södra Götaland - 14,True,2026-06-28,25572,12615,Linero,Karlshamn,3.0,1.0,2.0,0.0,,,,,,,,,Desconocido
1511164.0,Division 2 - Södra Svealand,595,Sweden,Södra Svealand - 14,True,2026-06-28,11660,26890,Karlslund,Fittja,2.0,2.0,1.0,0.0,,,,,,,,,Desconocido
1511166.0,Division 2 - Södra Svealand,595,Sweden,Södra Svealand - 14,True,2026-06-28,16745,11666,Rågsved,Forward,1.0,2.0,1.0,1.0,,,,,,,,,Desconocido
1511165.0,Division 2 - Södra Svealand,595,Sweden,Södra Svealand - 14,True,2026-06-28,11664,2167,Örebro Syrianska,Syrianska FC,3.0,0.0,1.0,0.0,,,,,,,,,Desconocido
1511346.0,Division 2 - Västra Götaland,596,Sweden,Västra Götaland - 14,True,2026-06-28,21359,22935,Jonsered,Kongahälla,1.0,0.0,0.0,0.0,,,,,,,,,Desconocido
1505202.0,Ettan - Norra,563,Sweden,Norra - 14,True,2026-06-28,6705,16598,Umeå FC,Järfälla,1.0,3.0,1.0,1.0,,,,,,,,,Desconocido
1504481.0,Ettan - Södra,564,Sweden,Södra - 14,True,2026-06-28,12601,6663,Olympic,Eskilsminne,2.0,1.0,0.0,0.0,,,,,,,,,Desconocido
1497621.0,Superettan,114,Sweden,Regular Season - 14,False,2026-06-28,378,2173,IFK Norrkoping,Norrby IF,0.0,1.0,0.0,1.0,,,,,,,,,R. Beigi
1497618.0,Superettan,114,Sweden,Regular Season - 14,False,2026-06-28,2176,2163,Landskrona BoIS,IFK Varnamo,1.0,0.0,0.0,0.0,,,,,,,,,F. Nehdi
1497622.0,Superettan,114,Sweden,Regular Season - 14,False,2026-06-28,6697,811,Sandviken,Helsingborg,4.0,2.0,2.0,1.0,,,,,,,,,M. Persson
1550071.0,Premier League,425,Syria,Regular Season - 29,False,2026-06-28,9111,24992,Al Karama,Al Shouleh,5.0,0.0,2.0,0.0,,,,,,,,,Desconocido
1550073.0,Premier League,425,Syria,Regular Season - 29,False,2026-06-28,9114,27267,Foutoua,Khan Shaykhun SC,4.0,3.0,3.0,1.0,,,,,,,,,Desconocido
1550074.0,Premier League,425,Syria,Regular Season - 29,False,2026-06-28,15301,9113,Horriya,Al Taliya,0.0,1.0,0.0,0.0,,,,,,,,,Desconocido
1550075.0,Premier League,425,Syria,Regular Season - 29,False,2026-06-28,9115,27269,Hottin,Damascus Al-Ahli,2.0,3.0,1.0,2.0,,,,,,,,,Desconocido
1550076.0,Premier League,425,Syria,Regular Season - 29,False,2026-06-28,9116,8019,Jabala,Al Ittihad,1.0,4.0,1.0,1.0,,,,,,,,,Desconocido
1550070.0,Premier League,425,Syria,Regular Season - 29,False,2026-06-28,8040,9118,Jaish,Wathba,0.0,3.0,0.0,2.0,,,,,,,,,Desconocido
1527708.0,Vysshaya Liga,571,Tajikistan,Regular Season - 12,False,2026-06-28,12272,12268,Ravshan,Regar-TadAZ,0.0,1.0,0.0,0.0,,,,,,,,,Desconocido
1527709.0,Vysshaya Liga,571,Tajikistan,Regular Season - 12,False,2026-06-28,27266,8012,Sardor Tursunzoda,Istiqlol,0.0,1.0,0.0,1.0,,,,,,,,,Desconocido
1581822.0,Ligi kuu Bara,567,Tanzania,Semi-finals,True,2026-06-28,17753,12199,Mbeya Kwanza,Polisi Tanzania,0.0,4.0,,,,,,,,,,,Desconocido
1513186.0,MLS Next Pro,909,USA,Group Stage,False,2026-06-28,23063,21140,Carolina Core,Huntsville City,1.0,0.0,1.0,0.0,,,,,,,,,Desconocido
1513187.0,MLS Next Pro,909,USA,Group Stage,False,2026-06-28,18812,10280,FC Cincinnati II,Inter Miami II,1.0,0.0,1.0,0.0,,,,,,,,,Desconocido
1513192.0,MLS Next Pro,909,USA,Group Stage,False,2026-06-28,21141,18813,Los Angeles FC II,Houston Dynamo FC II,3.0,1.0,1.0,1.0,,,,,,,,,Desconocido
1513184.0,MLS Next Pro,909,USA,Group Stage,False,2026-06-28,18814,4020,Minnesota United II,Tacoma Defiance,2.0,2.0,1.0,1.0,,,,,,,,,Desconocido
1513189.0,MLS Next Pro,909,USA,Group Stage,False,2026-06-28,4004,3988,New York RB II,Philadelphia Union II,5.0,0.0,1.0,0.0,,,,,,,,,Desconocido
1513190.0,MLS Next Pro,909,USA,Group Stage,False,2026-06-28,4026,18811,Orlando City II,Columbus Crew II,2.0,2.0,0.0,1.0,,,,,,,,,Desconocido
1513191.0,MLS Next Pro,909,USA,Group Stage,False,2026-06-28,18740,21138,St. Louis City II,Austin II,0.0,2.0,0.0,1.0,,,,,,,,,Desconocido
1513185.0,MLS Next Pro,909,USA,Group Stage,False,2026-06-28,4025,10281,Toronto II,New England II,1.0,3.0,1.0,0.0,,,,,,,,,Desconocido
1525169.0,USL League Two,256,USA,Group Stage,False,2026-06-28,10145,18899,Academica,Marin,3.0,2.0,1.0,0.0,,,,,,,,,Desconocido
1525163.0,USL League Two,256,USA,Group Stage,False,2026-06-28,23108,25954,Albion Colorado,Colorado Storm,0.0,1.0,0.0,1.0,,,,,,,,,Desconocido
1525162.0,USL League Two,256,USA,Group Stage,False,2026-06-28,25936,25953,Bangers,Bigfoot,2.0,0.0,1.0,0.0,,,,,,,,,Desconocido
1525167.0,USL League Two,256,USA,Group Stage,False,2026-06-28,18884,4035,Blackwatch Rush,Boston Bolts,1.0,0.0,0.0,0.0,,,,,,,,,Desconocido
1525161.0,USL League Two,256,USA,Group Stage,False,2026-06-28,25955,27521,Erie Sports Center,Pittsburgh Riverhounds 2,0.0,4.0,0.0,3.0,,,,,,,,,Desconocido
1525164.0,USL League Two,256,USA,Group Stage,False,2026-06-28,16728,4068,Lone Star II,Ocean City Nor'easters,0.0,4.0,0.0,1.0,,,,,,,,,Desconocido
1525159.0,USL League Two,256,USA,Group Stage,False,2026-06-28,18900,21281,Miami AC,Brevard,3.0,2.0,1.0,0.0,,,,,,,,,Desconocido
1525160.0,USL League Two,256,USA,Group Stage,False,2026-06-28,4077,4079,SF Glens,San Francisco City,0.0,2.0,0.0,0.0,,,,,,,,,Desconocido
1525165.0,USL League Two,256,USA,Group Stage,False,2026-06-28,4082,4034,Seacoast United Phantoms,Black Rock,1.0,3.0,0.0,1.0,,,,,,,,,Desconocido
1525171.0,USL League Two,256,USA,Group Stage,False,2026-06-28,10103,23116,Southern Soccer Academy,Dothan United,3.0,1.0,2.0,0.0,,,,,,,,,Desconocido
1525166.0,USL League Two,256,USA,Group Stage,False,2026-06-28,23124,23128,Tacoma Stars,West Seattle Junction,1.0,2.0,0.0,1.0,,,,,,,,,Desconocido
1525170.0,USL League Two,256,USA,Group Stage,False,2026-06-28,9037,4060,West Chester United,Lehigh Valley United,2.0,3.0,1.0,2.0,,,,,,,,,Desconocido
1525168.0,USL League Two,256,USA,Group Stage,False,2026-06-28,4101,27518,Weston,Lakeland United,2.0,3.0,1.0,1.0,,,,,,,,,Desconocido
1532324.0,USL W League,1117,USA,Regular Season - 1,False,2026-06-28,23929,23898,Albion Colorado W,Colorado Storm W,0.0,11.0,,,,,,,,,,,Desconocido
1532317.0,USL W League,1117,USA,Regular Season - 1,False,2026-06-28,23930,23946,Ann Arbor W,Kalamazoo FC W,3.0,2.0,,,,,,,,,,,Desconocido
1532320.0,USL W League,1117,USA,Regular Season - 1,False,2026-06-28,23931,23933,Asheville City W,Birmingham Legion W,2.0,1.0,,,,,,,,,,,Desconocido
1532365.0,USL W League,1117,USA,Regular Season - 1,False,2026-06-28,27743,23854,Edgewater Castle W,Sioux Falls City W,2.0,0.0,,,,,,,,,,,Desconocido
1532364.0,USL W League,1117,USA,Regular Season - 1,False,2026-06-28,27748,23928,Hartford Athletic W,AC Connecticut W,7.0,0.0,,,,,,,,,,,Desconocido
1532321.0,USL W League,1117,USA,Regular Season - 1,False,2026-06-28,24134,23899,Lancaster Inferno W,Eagle FC W,0.0,3.0,,,,,,,,,,,Desconocido
1532323.0,USL W League,1117,USA,Regular Season - 1,False,2026-06-28,25849,25857,Lonestar San Antonio W,AHFC Royals W,0.0,4.0,,,,,,,,,,,Desconocido
1532314.0,USL W League,1117,USA,Regular Season - 1,False,2026-06-28,23949,23916,Long Island Rough Riders W,Paisley Athletic W,15.0,0.0,,,,,,,,,,,Desconocido
1532315.0,USL W League,1117,USA,Regular Season - 1,False,2026-06-28,23950,23895,Manhattan W,Cedar Stars W,3.0,2.0,,,,,,,,,,,Desconocido
1532319.0,USL W League,1117,USA,Regular Season - 1,False,2026-06-28,23951,23934,Miami AC W,Brooke House W,0.0,3.0,,,,,,,,,,,Desconocido
1532313.0,USL W League,1117,USA,Regular Season - 1,False,2026-06-28,23913,23956,Northern Virginia FC W,Patuxent W,10.0,0.0,,,,,,,,,,,Desconocido
1532318.0,USL W League,1117,USA,Regular Season - 1,False,2026-06-28,23919,23910,RKC Third Coast W,Minnesota Aurora W,0.0,3.0,,,,,,,,,,,Desconocido
1532366.0,USL W League,1117,USA,Regular Season - 1,False,2026-06-28,25853,27752,Salmon Bay W,Snohomish United W,2.0,1.0,,,,,,,,,,,Desconocido
1532316.0,USL W League,1117,USA,Regular Season - 1,False,2026-06-28,23926,25856,Tacoma Galaxy W,West Seattle Rhodies W,2.0,3.0,,,,,,,,,,,Desconocido
1556620.0,Segunda División,269,Uruguay,2nd Phase - 8,True,2026-06-28,2351,18295,CA River Plate,La Luz,0.0,0.0,0.0,0.0,,,,,,,,,Desconocido
1556621.0,Segunda División,269,Uruguay,2nd Phase - 8,True,2026-06-28,2367,2355,Cerrito,Plaza Colonia,1.0,0.0,0.0,0.0,,,,,,,,,Desconocido
1556622.0,Segunda División,269,Uruguay,2nd Phase - 8,True,2026-06-28,2376,15628,Oriental,Colón,1.0,1.0,1.0,0.0,,,,,,,,,Desconocido
1583630.0,Friendlies,10,World,Friendly International,True,2026-06-28,10998,11001,El Salvador U20,Guatemala U20,1.0,1.0,,,,,,,,,,,Desconocido
1583628.0,Friendlies,10,World,Friendly International,True,2026-06-28,17952,17950,Finland U17,Estonia U17,0.0,0.0,0.0,0.0,,,,,,,,,Desconocido
1583629.0,Friendlies,10,World,Friendly International,True,2026-06-28,17960,17962,Latvia U17,Lithuania U17,5.0,1.0,1.0,0.0,,,,,,,,,Desconocido
1547886.0,Friendlies Clubs,667,World,Club Friendlies,True,2026-06-28,377,2241,AIK Stockholm,Vasteras SK FK,3.0,2.0,2.0,1.0,,,,,,,,,Desconocido
1560473.0,Friendlies Clubs,667,World,Club Friendlies,True,2026-06-28,12728,1635,Abtswind,FC Schweinfurt 05,3.0,2.0,2.0,2.0,,,,,,,,,Desconocido
1554580.0,Friendlies Clubs,667,World,Club Friendlies,True,2026-06-28,4358,3684,Aluminij,FC Noah,0.0,2.0,0.0,1.0,,,,,,,,,Desconocido
1554586.0,Friendlies Clubs,667,World,Club Friendlies,True,2026-06-28,12735,16103,Barockstadt Fulda-Lehn.,SV Steinbach,3.0,0.0,1.0,0.0,,,,,,,,,Desconocido
1554579.0,Friendlies Clubs,667,World,Club Friendlies,True,2026-06-28,407,2072,Brondby,Hvidovre,8.0,1.0,4.0,1.0,,,,,,,,,Desconocido
1583225.0,Friendlies Clubs,667,World,Club Friendly,True,2026-06-28,578,5770,F91 Dudelange,Crossing Schaerbeek,1.0,3.0,0.0,1.0,,,,,,,,,Desconocido
1562845.0,Friendlies Clubs,667,World,Club Friendlies,True,2026-06-28,651,13976,Ferencvarosi TC,Sabah FA,1.0,1.0,1.0,0.0,,,,,,,,,Desconocido
1583226.0,Friendlies Clubs,667,World,Club Friendly,True,2026-06-28,2149,372,Fredrikstad,IF Elfsborg,0.0,0.0,0.0,0.0,,,,,,,,,Desconocido
1554581.0,Friendlies Clubs,667,World,Club Friendlies,True,2026-06-28,3484,344,GKS Katowice,Arka Gdynia,2.0,0.0,2.0,0.0,,,,,,,,,Desconocido
1547887.0,Friendlies Clubs,667,World,Club Friendlies,True,2026-06-28,1316,340,Hallescher FC,Gornik Zabrze,1.0,2.0,0.0,0.0,,,,,,,,,Desconocido
1560472.0,Friendlies Clubs,667,World,Club Friendlies,True,2026-06-28,12798,9328,Jahn Regensburg II,Greuther Fürth II,2.0,3.0,1.0,2.0,,,,,,,,,Desconocido
1548730.0,Friendlies Clubs,667,World,Club Friendlies,True,2026-06-28,1079,2001,Krylia Sovetov,FK Neftekhimik,1.0,1.0,0.0,1.0,,,,,,,,,Desconocido
1583231.0,Friendlies Clubs,667,World,Club Friendly,True,2026-06-28,699,2643,Mladost Lucani,Novi Pazar,3.0,1.0,2.0,1.0,,,,,,,,,Desconocido
1550491.0,Friendlies Clubs,667,World,Club Friendlies,True,2026-06-28,329,327,Molde,Bodo/Glimt,1.0,4.0,0.0,2.0,,,,,,,,,Desconocido
1554587.0,Friendlies Clubs,667,World,Club Friendlies,True,2026-06-28,9033,2285,NY Cosmos,Santos Laguna,1.0,2.0,0.0,2.0,,,,,,,,,Desconocido
1550493.0,Friendlies Clubs,667,World,Club Friendlies,True,2026-06-28,5883,6219,Nijlen,K. Lierse S.K.,0.0,4.0,0.0,2.0,,,,,,,,,Desconocido
1562844.0,Friendlies Clubs,667,World,Club Friendlies,True,2026-06-28,6494,14434,Nyva Vinnytsya,Epitsentr Dunayivtsi,1.0,4.0,1.0,2.0,,,,,,,,,Desconocido
1560474.0,Friendlies Clubs,667,World,Club Friendlies,True,2026-06-28,3488,1426,Odra Opole,CSKA 1948,2.0,3.0,,,,,,,,,,,Desconocido
1583229.0,Friendlies Clubs,667,World,Club Friendly,True,2026-06-28,3488,853,Odra Opole,CSKA Sofia,2.0,3.0,0.0,1.0,,,,,,,,,Desconocido
1554582.0,Friendlies Clubs,667,World,Club Friendlies,True,2026-06-28,3488,3554,Odra Opole,Žilina,0.0,0.0,0.0,0.0,,,,,,,,,Desconocido
1554583.0,Friendlies Clubs,667,World,Club Friendlies,True,2026-06-28,677,2656,Olimpija Ljubljana,Cukaricki,0.0,3.0,0.0,2.0,,,,,,,,,Desconocido
1583230.0,Friendlies Clubs,667,World,Club Friendly,True,2026-06-28,5888,6221,Onhaye,Olympic Charleroi,1.0,5.0,0.0,4.0,,,,,,,,,Desconocido
1583227.0,Friendlies Clubs,667,World,Club Friendly,True,2026-06-28,14753,14826,Preußen Münster II,Westfalia Rhynern,1.0,2.0,1.0,2.0,,,,,,,,,Desconocido
1554584.0,Friendlies Clubs,667,World,Club Friendlies,True,2026-06-28,2010,1078,Rotor Volgograd,FC UFA,1.0,0.0,0.0,0.0,,,,,,,,,Desconocido
1550492.0,Friendlies Clubs,667,World,Club Friendlies,True,2026-06-28,19449,6834,Spartak Kostroma,Volga Ulyanovsk,1.0,1.0,1.0,1.0,,,,,,,,,Desconocido
1583228.0,Friendlies Clubs,667,World,Club Friendly,True,2026-06-28,15055,10557,Spartak Medzev,Rimavská Sobota,4.0,0.0,1.0,0.0,,,,,,,,,Desconocido
1554585.0,Friendlies Clubs,667,World,Club Friendlies,True,2026-06-28,17115,572,Wieczysta Kraków,Dynamo Kyiv,2.0,4.0,0.0,1.0,,,,,,,,,Desconocido
1560471.0,Friendlies Clubs,667,World,Club Friendlies,True,2026-06-28,3553,14943,Zlaté Moravce,Baník Prievidza,5.0,3.0,2.0,1.0,,,,,,,,,Desconocido
1543331.0,UEFA U19 Championship,493,World,Group Stage,False,2026-06-28,10336,10331,Germany U19,Denmark U19,4.0,3.0,3.0,1.0,,,,,,,,,S. Barrott
1543330.0,UEFA U19 Championship,493,World,Group Stage,False,2026-06-28,10353,10349,Wales U19,Spain U19,0.0,7.0,0.0,4.0,,,,,,,,,J. Ostling
1561060.0,UEFA U19 Championship - Women,918,World,Group Stage,False,2026-06-28,21270,21272,Austria U19 W,Iceland U19 W,3.0,0.0,2.0,0.0,,,,,,,,,T. Sorokopudova
1561059.0,UEFA U19 Championship - Women,918,World,Group Stage,False,2026-06-28,27196,19066,Switzerland U19 W,Spain U19 W,2.0,2.0,1.0,1.0,,,,,,,,,E. Heaslip
1561329.0,World Cup,1,World,Round of 32,True,2026-06-28,1531,5529,South Africa,Canada,0.0,1.0,0.0,0.0,,,,,,,,,"Joao Pedro Pinheiro, Portugal"
1561316.0,Premier Soccer League,401,Zimbabwe,Regular Season - 20,False,2026-06-28,27273,5223,Agama,Herentals,1.0,0.0,0.0,0.0,,,,,,,,,Desconocido
1561317.0,Premier Soccer League,401,Zimbabwe,Regular Season - 20,False,2026-06-28,5221,5217,Dynamos,Bulawayo Chiefs,0.0,0.0,0.0,0.0,,,,,,,,,Desconocido
1499487.0,Primera B Metropolitana,131,Argentina,Regular Season - 22,False,2026-06-27,468,471,Brown DE Adrogue,Flandria,2.0,0.0,0.0,0.0,,,,,,,,,Desconocido
1499488.0,Primera B Metropolitana,131,Argentina,Regular Season - 22,False,2026-06-27,2427,8386,Deportivo Armenio,Ituzaingó,2.0,1.0,0.0,1.0,,,,,,,,,Desconocido
1499489.0,Primera B Metropolitana,131,Argentina,Regular Season - 22,False,2026-06-27,8385,8383,Excursionistas,Deportivo Merlo,5.0,0.0,3.0,0.0,,,,,,,,,Desconocido
1499492.0,Primera B Metropolitana,131,Argentina,Regular Season - 22,False,2026-06-27,2422,8387,Real Pilar,San Martín Burzaco,0.0,0.0,0.0,0.0,,,,,,,,,Desconocido
1499493.0,Primera B Metropolitana,131,Argentina,Regular Season - 22,False,2026-06-27,1927,1945,Talleres Remedios,Defensores Unidos,1.0,0.0,1.0,0.0,,,,,,,,,Desconocido
1499495.0,Primera B Metropolitana,131,Argentina,Regular Season - 22,False,2026-06-27,481,3943,Villa Dalmine,Deportivo Camioneros,0.0,1.0,0.0,1.0,,,,,,,,,Desconocido
1499955.0,Primera C,132,Argentina,Regular Season - 17,False,2026-06-27,790,8393,Central Cordoba,Deportivo Muñiz,0.0,0.0,0.0,0.0,,,,,,,,,Desconocido
1499958.0,Primera C,132,Argentina,Regular Season - 17,False,2026-06-27,8394,8390,Deportivo Paraguayo,Centro Español,0.0,2.0,0.0,1.0,,,,,,,,,Desconocido
1500178.0,Primera C,132,Argentina,Regular Season - 17,False,2026-06-27,8384,27282,El Porvenir,Leones de Rosario,0.0,0.0,0.0,0.0,,,,,,,,,Desconocido
1499960.0,Primera C,132,Argentina,Regular Season - 17,False,2026-06-27,486,8389,Juventud Unida,Argentino Rosario,3.0,0.0,1.0,0.0,,,,,,,,,Desconocido
1499962.0,Primera C,132,Argentina,Regular Season - 17,False,2026-06-27,18915,8378,Mercedes,JJ Urquiza,5.0,0.0,4.0,0.0,,,,,,,,,Desconocido
1499964.0,Primera C,132,Argentina,Regular Season - 17,False,2026-06-27,1942,8396,Sacachispas,Lugano,0.0,1.0,0.0,0.0,,,,,,,,,Desconocido
1499966.0,Primera C,132,Argentina,Regular Season - 17,False,2026-06-27,8398,8381,Yupanqui,Deportivo Español,1.0,2.0,1.0,0.0,,,,,,,,,Desconocido
1559511.0,Reserve League,906,Argentina,Apertura - Quarter-finals,True,2026-06-27,18689,18694,Independiente Res.,Racing Club Res.,2.0,3.0,0.0,1.0,,,,,,,,,Desconocido
1559510.0,Reserve League,906,Argentina,Apertura - Quarter-finals,True,2026-06-27,18695,18690,River Plate Res.,Lanús Res.,3.0,1.0,2.0,1.0,,,,,,,,,Desconocido
1530419.0,Torneo Federal A,134,Argentina,Regular Season - 15,False,2026-06-27,18764,3947,Argentino Monte Maíz,Juventud Unida Univ.,0.0,0.0,0.0,0.0,,,,,,,,,Desconocido
1530423.0,Torneo Federal A,134,Argentina,Regular Season - 15,False,2026-06-27,1959,21043,Deportivo Rincon,Atenas,0.0,1.0,0.0,0.0,,,,,,,,,Desconocido
1530425.0,Torneo Federal A,134,Argentina,Regular Season - 15,False,2026-06-27,27574,1949,Fundacion Amigos,Cipolletti,0.0,0.0,0.0,0.0,,,,,,,,,Desconocido
1530433.0,Torneo Federal A,134,Argentina,Regular Season - 15,False,2026-06-27,1950,2426,Sportivo Las Parejas,Defensores de Belgrano VR,1.0,1.0,1.0,1.0,,,,,,,,,Desconocido
1549945.0,Torneo Promocional Amateur,1067,Argentina,Regular Season - 5,False,2026-06-27,23097,23105,Defensores Glew,Provincial,4.0,2.0,2.0,0.0,,,,,,,,,Desconocido
1549947.0,Torneo Promocional Amateur,1067,Argentina,Regular Season - 5,False,2026-06-27,23104,23100,Nautico Hacoaj,Estrella de Berisso,2.0,2.0,1.0,1.0,,,,,,,,,Desconocido
1549959.0,Torneo Promocional Amateur,1067,Argentina,Regular Season - 7,False,2026-06-27,27796,23101,Uribelarrea,Everton La Plata,1.0,0.0,0.0,0.0,,,,,,,,,Desconocido
1537485.0,Capital Territory NPL,189,Australia,Regular Season - 15,False,2026-06-27,1453,1452,Monaro Panthers,Cooma Tigers FC,2.0,0.0,1.0,0.0,,,,,,,,,Desconocido
1537483.0,Capital Territory NPL,189,Australia,Regular Season - 15,False,2026-06-27,18419,1450,O'Connor Knights,Canberra Olympic,1.0,0.0,0.0,0.0,,,,,,,,,Desconocido
1537484.0,Capital Territory NPL,189,Australia,Regular Season - 15,False,2026-06-27,23519,23518,Queanbeyan City,Canberra White Eagles,2.0,1.0,1.0,0.0,,,,,,,,,Desconocido
1532587.0,NNSW League 1,1090,Australia,Regular Season - 13,False,2026-06-27,23505,23501,Toronto Awaba Stags,Cessnock City Hornets,0.0,2.0,,,,,,,,,,,Desconocido
1517579.0,New South Wales NPL,192,Australia,Regular Season - 21,False,2026-06-27,16775,3777,NWS Spirit,Wollongong Wolves,2.0,0.0,2.0,0.0,,,,,,,,,Desconocido
1517578.0,New South Wales NPL,192,Australia,Regular Season - 21,False,2026-06-27,16777,16778,SD Raiders,St George City FA,3.0,1.0,0.0,1.0,,,,,,,,,Desconocido
1517580.0,New South Wales NPL,192,Australia,Regular Season - 21,False,2026-06-27,16779,3774,St. George Saints,Sydney Olympic,1.0,2.0,0.0,1.0,,,,,,,,,Desconocido
1517666.0,New South Wales NPL,192,Australia,Regular Season - 21,False,2026-06-27,22854,3771,UNSW,Sutherland Sharks,1.0,3.0,1.0,1.0,,,,,,,,,Desconocido
1517577.0,New South Wales NPL,192,Australia,Regular Season - 21,False,2026-06-27,14025,3767,Western Sydney Wanderers U23,Manly United,3.0,3.0,1.0,2.0,,,,,,,,,Desconocido
1517800.0,New South Wales NPL 2,835,Australia,Regular Season - 21,False,2026-06-27,20791,16772,Canterbury Bankstown,Central Coast II,6.0,0.0,2.0,0.0,,,,,,,,,Desconocido
1517898.0,New South Wales NPL 2,835,Australia,Regular Season - 21,False,2026-06-27,27462,16773,Hurstville FC,Hills Brumbies,2.0,1.0,0.0,1.0,,,,,,,,,Desconocido
1517802.0,New South Wales NPL 2,835,Australia,Regular Season - 21,False,2026-06-27,20795,11187,Inter Lions,Newcastle Jets II,2.0,1.0,1.0,0.0,,,,,,,,,Desconocido
1517798.0,New South Wales NPL 2,835,Australia,Regular Season - 21,False,2026-06-27,20796,3766,Macarthur Rams,Hakoah Sydney City,1.0,1.0,1.0,1.0,,,,,,,,,Desconocido
1517801.0,New South Wales NPL 2,835,Australia,Regular Season - 21,False,2026-06-27,3769,20790,Mt Druitt Town,Bankstown City Lions,2.0,3.0,0.0,2.0,,,,,,,,,Desconocido
1517799.0,New South Wales NPL 2,835,Australia,Regular Season - 21,False,2026-06-27,16776,20793,Northern Tigers,Dulwich Hill,3.0,1.0,2.0,0.0,,,,,,,,,Desconocido
1523777.0,Northern NSW NPL,481,Australia,Regular Season - 17,False,2026-06-27,10203,23500,Charlestown City Blues,Belmont Swansea,1.0,3.0,0.0,3.0,,,,,,,,,Desconocido
1523774.0,Northern NSW NPL,481,Australia,Regular Season - 17,False,2026-06-27,10204,10201,Edgeworth Eagles,Adamstown Rosebuds,3.0,2.0,1.0,2.0,,,,,,,,,Desconocido
1523775.0,Northern NSW NPL,481,Australia,Regular Season - 17,False,2026-06-27,10205,18313,Hamilton Olympic,Cooks Hill United,0.0,0.0,0.0,0.0,,,,,,,,,Desconocido
1523776.0,Northern NSW NPL,481,Australia,Regular Season - 17,False,2026-06-27,10209,10207,Valentine,Lambton Jaffas,1.0,1.0,0.0,0.0,,,,,,,,,Desconocido
1549314.0,Npl Nsw U20,1230,Australia,Regular Season - 21,False,2026-06-27,27804,27802,Marconi S. U20,Blacktown City U20,3.0,1.0,2.0,1.0,,,,,,,,,Desconocido
1549313.0,Npl Nsw U20,1230,Australia,Regular Season - 21,False,2026-06-27,27805,27816,NWS Spirit U20,Wollongong Wolves U20,7.0,1.0,1.0,1.0,,,,,,,,,Desconocido
1549312.0,Npl Nsw U20,1230,Australia,Regular Season - 21,False,2026-06-27,27807,27809,SD Raiders U20,St. George City U20,2.0,2.0,0.0,1.0,,,,,,,,,Desconocido
1549310.0,Npl Nsw U20,1230,Australia,Regular Season - 21,False,2026-06-27,27808,27812,St George Saints U20,Sydney Olympic U20,3.0,3.0,2.0,1.0,,,,,,,,,Desconocido
1549311.0,Npl Nsw U20,1230,Australia,Regular Season - 21,False,2026-06-27,27815,27803,WS Wanderers U20,Manly Utd U20,2.0,8.0,2.0,2.0,,,,,,,,,Desconocido
1524062.0,Queensland NPL,482,Australia,Regular Season - 16,False,2026-06-27,2531,10220,Eastern Suburbs,Olympic,1.0,2.0,1.0,2.0,,,,,,,,,Desconocido
1524061.0,Queensland NPL,482,Australia,Regular Season - 16,False,2026-06-27,25449,10211,Magic United,Brisbane City,3.0,5.0,2.0,2.0,,,,,,,,,Desconocido
1524060.0,Queensland NPL,482,Australia,Regular Season - 16,False,2026-06-27,10221,10212,Peninsula Power,Brisbane Roar II,3.0,1.0,1.0,1.0,,,,,,,,,Desconocido
1524165.0,Queensland Premier League,833,Australia,Regular Season - 16,False,2026-06-27,20850,10214,Broadbeach United,Capalaba,3.0,1.0,2.0,0.0,,,,,,,,,Desconocido
1524164.0,Queensland Premier League,833,Australia,Regular Season - 16,False,2026-06-27,11180,3756,Logan Lightning,Caboolture,1.0,3.0,1.0,1.0,,,,,,,,,Desconocido
1524221.0,Queensland Premier League,833,Australia,Regular Season - 16,False,2026-06-27,10223,27512,SC Wanderers,Robina City,0.0,0.0,0.0,0.0,,,,,,,,,Desconocido
1524220.0,Queensland Premier League,833,Australia,Regular Season - 16,False,2026-06-27,9993,9992,St George Willawong,North Star,2.0,0.0,2.0,0.0,,,,,,,,,Desconocido
1527094.0,South Australia NPL,194,Australia,Regular Season - 16,False,2026-06-27,3791,3796,Campbelltown City,West Adelaide,0.0,0.0,0.0,0.0,,,,,,,,,Desconocido
1527093.0,South Australia NPL,194,Australia,Regular Season - 16,False,2026-06-27,3794,3793,Para Hills Knights,MetroStars,0.0,9.0,0.0,4.0,,,,,,,,,Desconocido
1527095.0,South Australia NPL,194,Australia,Regular Season - 16,False,2026-06-27,16768,16770,Playford City Patriots,FK Beograd,0.0,1.0,0.0,1.0,,,,,,,,,Desconocido
1527326.0,South Australia State League 1,834,Australia,Regular Season - 16,False,2026-06-27,3788,16763,Adelaide Raiders,Adelaide Cobras,7.0,0.0,1.0,0.0,,,,,,,,,Desconocido
1527384.0,South Australia State League 1,834,Australia,Regular Season - 16,False,2026-06-27,16765,3784,Adelaide Victory,Adelaide Blue Eagles,4.0,0.0,1.0,0.0,,,,,,,,,Desconocido
1527325.0,South Australia State League 1,834,Australia,Regular Season - 16,False,2026-06-27,10010,3787,Modbury Jets,Adelaide Olympic,4.0,1.0,1.0,0.0,,,,,,,,,Desconocido
1527328.0,South Australia State League 1,834,Australia,Regular Season - 16,False,2026-06-27,22807,25459,Salisbury United,The Cove,0.0,4.0,0.0,3.0,,,,,,,,,Desconocido
1527327.0,South Australia State League 1,834,Australia,Regular Season - 16,False,2026-06-27,3795,16767,South Adelaide Panthers,Fulham United,0.0,1.0,0.0,1.0,,,,,,,,,Desconocido
1529260.0,Tasmania NPL,648,Australia,Regular Season - 13,False,2026-06-27,14099,21047,Clarence Zebras,Launceston United,1.0,1.0,0.0,0.0,,,,,,,,,Desconocido
1529261.0,Tasmania NPL,648,Australia,Regular Season - 13,False,2026-06-27,14105,23514,Riverside,Ulverstone,6.0,0.0,3.0,0.0,,,,,,,,,Desconocido
1529259.0,Tasmania NPL,648,Australia,Regular Season - 13,False,2026-06-27,14106,14101,South Hobart,Glenorchy Knights,6.0,1.0,2.0,0.0,,,,,,,,,Desconocido
1533113.0,Tasmania Northern Championship,1091,Australia,Regular Season - 12,False,2026-06-27,23507,23511,Burnie Utd.,Northern Rangers,0.0,6.0,0.0,1.0,,,,,,,,,Desconocido
1533112.0,Tasmania Northern Championship,1091,Australia,Regular Season - 12,False,2026-06-27,23508,23509,Devonport U21,Launceston U21,4.0,1.0,2.0,0.0,,,,,,,,,Desconocido
1533115.0,Tasmania Northern Championship,1091,Australia,Regular Season - 12,False,2026-06-27,23512,23510,Riverside Olympic U21,Launceston United U21,2.0,0.0,2.0,0.0,,,,,,,,,Desconocido
1533114.0,Tasmania Northern Championship,1091,Australia,Regular Season - 12,False,2026-06-27,23513,27750,Somerset,Ulverstone U21,2.0,2.0,1.0,1.0,,,,,,,,,Desconocido
1533038.0,Tasmania Southern Championship,1093,Australia,Regular Season - 12,False,2026-06-27,23521,23524,Clarence Zebras II,Hobart Utd.,2.0,2.0,1.0,1.0,,,,,,,,,Desconocido
1533037.0,Tasmania Southern Championship,1093,Australia,Regular Season - 12,False,2026-06-27,23523,23525,Hobart City,New Town,2.0,2.0,0.0,1.0,,,,,,,,,Desconocido
1521965.0,Victoria NPL,195,Australia,Regular Season - 18,False,2026-06-27,3801,3804,Dandenong Thunder,Hume City,1.0,3.0,0.0,1.0,,,,,,,,,Desconocido
1521966.0,Victoria NPL,195,Australia,Regular Season - 18,False,2026-06-27,21921,19705,Sunshine Georgies,Preston Lions,0.0,2.0,0.0,0.0,,,,,,,,,Desconocido
1527224.0,Western Australia NPL,196,Australia,Regular Season - 16,False,2026-06-27,3812,3819,Armadale,Perth,1.0,4.0,0.0,2.0,,,,,,,,,Desconocido
1527227.0,Western Australia NPL,196,Australia,Regular Season - 16,False,2026-06-27,23530,3823,Dianella White Eagle,Sorrento,2.0,1.0,0.0,1.0,,,,,,,,,Desconocido
1527226.0,Western Australia NPL,196,Australia,Regular Season - 16,False,2026-06-27,21025,23196,Fremantle City,Western Knights,3.0,0.0,0.0,0.0,,,,,,,,,Desconocido
1527223.0,Western Australia NPL,196,Australia,Regular Season - 16,False,2026-06-27,20890,3813,Olympic Kingsway,Balcatta,5.0,4.0,3.0,2.0,,,,,,,,,Desconocido
1527225.0,Western Australia NPL,196,Australia,Regular Season - 16,False,2026-06-27,3820,3824,Perth Glory II,Stirling Lions,1.0,1.0,1.0,0.0,,,,,,,,,Desconocido
1535507.0,Western Australia State League 1,1094,Australia,Regular Season - 14,False,2026-06-27,3817,3818,Floreat Athena,Inglewood United,2.0,0.0,1.0,0.0,,,,,,,,,Desconocido
1535508.0,Western Australia State League 1,1094,Australia,Regular Season - 14,False,2026-06-27,10093,25700,Gwelup Croatia,Curtin University,0.0,0.0,0.0,0.0,,,,,,,,,Desconocido
1535509.0,Western Australia State League 1,1094,Australia,Regular Season - 14,False,2026-06-27,22493,23531,Mandurah City,Kingsley Westside,3.0,1.0,1.0,1.0,,,,,,,,,Desconocido
1535512.0,Western Australia State League 1,1094,Australia,Regular Season - 14,False,2026-06-27,27636,23532,Quinns FC,Murdoch Melville,3.0,1.0,0.0,1.0,,,,,,,,,Desconocido
1535510.0,Western Australia State League 1,1094,Australia,Regular Season - 14,False,2026-06-27,21034,25701,Subiaco,Joondalup City,1.0,4.0,1.0,3.0,,,,,,,,,Desconocido
1535511.0,Western Australia State League 1,1094,Australia,Regular Season - 14,False,2026-06-27,23533,3815,UWA Nedlands,Cockburn City,2.0,1.0,0.0,0.0,,,,,,,,,Desconocido
1534347.0,1. Division,117,Belarus,Regular Season - 13,False,2026-06-27,23433,4273,Gomel II,Osipovichy,5.0,2.0,3.0,0.0,,,,,,,,,Desconocido
1534349.0,1. Division,117,Belarus,Regular Season - 13,False,2026-06-27,7798,3387,Molodechno-DYuSSh 4,Lida,0.0,2.0,0.0,1.0,,,,,,,,,Desconocido
1534348.0,1. Division,117,Belarus,Regular Season - 13,False,2026-06-27,3392,379,Slonim,FC Slutsk,2.0,1.0,1.0,1.0,,,,,,,,,Desconocido
1534534.0,1. Division,117,Belarus,Regular Season - 13,False,2026-06-27,3393,392,Smorgon,Shakhter Soligorsk,2.0,0.0,0.0,0.0,,,,,,,,,Desconocido
1534352.0,1. Division,117,Belarus,Regular Season - 13,False,2026-06-27,18857,16656,Uni Minsk,Niva,1.0,3.0,0.0,3.0,,,,,,,,,Desconocido
1534353.0,1. Division,117,Belarus,Regular Season - 13,False,2026-06-27,3395,7802,Volna,Bumprom,2.0,1.0,0.0,0.0,,,,,,,,,Desconocido
1525907.0,Premier League,116,Belarus,Regular Season - 13,False,2026-06-27,386,380,Dinamo Brest,FC Minsk,0.0,0.0,0.0,0.0,,,,,,,,,D. Markov
1525905.0,Premier League,116,Belarus,Regular Season - 13,False,2026-06-27,394,382,Dinamo Minsk,FC Vitebsk,1.0,1.0,1.0,1.0,,,,,,,,,V. Shimusik
1525909.0,Premier League,116,Belarus,Regular Season - 13,False,2026-06-27,7808,750,ML Vitebsk,Naftan,2.0,1.0,1.0,1.0,,,,,,,,,A. Lashuk
1525910.0,Premier League,116,Belarus,Regular Season - 13,False,2026-06-27,385,388,Torpedo Zhodino,Bate Borisov,3.0,0.0,1.0,0.0,,,,,,,,,S. Stetsurin
1543587.0,Premier League,1031,Bhutan,Regular Season,False,2026-06-27,19007,5592,Ugyen Academy,Thimphu City,1.0,7.0,1.0,4.0,,,,,,,,,Desconocido
1554456.0,Baiano U20,1073,Brazil,Quarter-finals,True,2026-06-27,13017,25813,Jacuipense U20,Fluminense de Feira U20,3.0,3.0,3.0,1.0,,,,,,,,,Desconocido
1554455.0,Baiano U20,1073,Brazil,Quarter-finals,True,2026-06-27,23284,18326,SSA U20,Camaçariense U20,1.0,2.0,0.0,0.0,,,,,,,,,Desconocido
1585079.0,Brasiliense U20,1100,Brazil,Regular Season - 7,False,2026-06-27,12991,23612,Canaã U20,Grêmio Valparaíso U20,4.0,0.0,1.0,0.0,,,,,,,,,Desconocido
1546254.0,Brasiliense U20,1100,Brazil,Regular Season - 7,False,2026-06-27,12960,23610,Gama U20,CFZ Brasilia U20,3.0,3.0,1.0,1.0,,,,,,,,,Desconocido
1585080.0,Brasiliense U20,1100,Brazil,Regular Season - 7,False,2026-06-27,16472,23613,Planaltina U20,Legiao U20,2.0,4.0,0.0,1.0,,,,,,,,,Desconocido
1576770.0,Brasiliense U20,1100,Brazil,Regular Season - 7,False,2026-06-27,18346,13000,Real Brasília U20,Cruzeiro U20,4.0,0.0,1.0,0.0,,,,,,,,,Desconocido
1546255.0,Brasiliense U20,1100,Brazil,Regular Season - 7,False,2026-06-27,25933,25930,Sobradinho U20,ARUC U20,8.0,0.0,4.0,0.0,,,,,,,,,Desconocido
1543290.0,Carioca A2,851,Brazil,1st Phase - 10,True,2026-06-27,2203,14000,Americano Campos,CFRJ / Maricá,1.0,1.0,0.0,0.0,,,,,,,,,Desconocido
1543292.0,Carioca A2,851,Brazil,1st Phase - 10,True,2026-06-27,13107,4857,Audax Rio,Resende,2.0,0.0,2.0,0.0,,,,,,,,,Desconocido
1543295.0,Carioca A2,851,Brazil,1st Phase - 10,True,2026-06-27,20006,13114,CEAC / Araruama,Olaria,1.0,0.0,0.0,0.0,,,,,,,,,Desconocido
1543293.0,Carioca A2,851,Brazil,1st Phase - 10,True,2026-06-27,10672,17738,Cabofriense,Pérolas Negras,1.0,2.0,0.0,0.0,,,,,,,,,Desconocido
1543294.0,Carioca A2,851,Brazil,1st Phase - 10,True,2026-06-27,13117,13118,Serrano RJ,São Gonçalo EC RJ,0.0,3.0,0.0,0.0,,,,,,,,,Desconocido
1539839.0,Catarinense U20,1076,Brazil,Regular Season - 12,False,2026-06-27,23322,12953,Brusque U20,Avaí U20,0.0,5.0,0.0,2.0,,,,,,,,,Desconocido
1539840.0,Catarinense U20,1076,Brazil,Regular Season - 12,False,2026-06-27,20755,23321,Figueirense U20,Barra SC U20,3.0,2.0,1.0,0.0,,,,,,,,,Desconocido
1557274.0,Copa Gaúcha,1158,Brazil,Semi-finals,True,2026-06-27,10044,25079,Bagé,Gramadense,0.0,1.0,0.0,0.0,,,,,,,,,Desconocido
1557275.0,Copa Gaúcha,1158,Brazil,Semi-finals,True,2026-06-27,16479,141,Santa Cruz RS,Brasil DE Pelotas,1.0,1.0,1.0,0.0,,,,,,,,,Desconocido
1550837.0,Estadual Junior U20,1143,Brazil,Semi-finals,True,2026-06-27,12962,13011,Internacional U20,Grêmio U20,4.0,2.0,1.0,1.0,,,,,,,,,Desconocido
1553724.0,Goiano U20,1069,Brazil,Final,True,2026-06-27,23198,12986,Cerrado EC U20,Atlético GO U20,2.0,1.0,1.0,0.0,,,,,,,,,Desconocido
1544793.0,Maranhense - 2,1148,Brazil,Regular Season - 4,False,2026-06-27,12919,25045,São José MA,Sao Luis,0.0,2.0,0.0,0.0,,,,,,,,,Desconocido
1544795.0,Maranhense - 2,1148,Brazil,Regular Season - 5,False,2026-06-27,15607,7773,Timon MA,Cordino,0.0,0.0,0.0,0.0,,,,,,,,,Desconocido
1547698.0,Mineiro - 2,619,Brazil,Regular Season - 7,False,2026-06-27,13081,13129,Democrata SL,Coimbra,1.0,0.0,1.0,0.0,,,,,,,,,Desconocido
1547700.0,Mineiro - 2,619,Brazil,Regular Season - 7,False,2026-06-27,12296,7769,Guarani MG,Caldense,2.0,0.0,0.0,0.0,,,,,,,,,Desconocido
1547702.0,Mineiro - 2,619,Brazil,Regular Season - 7,False,2026-06-27,7869,12277,Villa Nova,Ipatinga,6.0,0.0,1.0,0.0,,,,,,,,,Desconocido
1536165.0,Mineiro U20,1107,Brazil,Regular Season - 11,False,2026-06-27,23645,12981,Boston City U20,América Mineiro U20,2.0,1.0,1.0,1.0,,,,,,,,,Desconocido
1536166.0,Mineiro U20,1107,Brazil,Regular Season - 11,False,2026-06-27,22833,12952,Coimbra U20,Atlético Mineiro U20,0.0,1.0,0.0,0.0,,,,,,,,,Desconocido
1536167.0,Mineiro U20,1107,Brazil,Regular Season - 11,False,2026-06-27,13000,23643,Cruzeiro U20,Athletic Club MG U20,3.0,2.0,0.0,1.0,,,,,,,,,Desconocido
1536168.0,Mineiro U20,1107,Brazil,Regular Season - 11,False,2026-06-27,27643,23649,Nacional de Muriae U20,Minas Boca U20,4.0,1.0,3.0,0.0,,,,,,,,,Desconocido
1536169.0,Mineiro U20,1107,Brazil,Regular Season - 11,False,2026-06-27,27642,20758,Sao Joao del Rei U20,Inter de Minas U20,0.0,1.0,0.0,0.0,,,,,,,,,Desconocido
1536170.0,Mineiro U20,1107,Brazil,Regular Season - 11,False,2026-06-27,27641,25892,Social U20,Villa Real U20,3.0,0.0,1.0,0.0,,,,,,,,,Desconocido
1536171.0,Mineiro U20,1107,Brazil,Regular Season - 11,False,2026-06-27,27640,23644,Uberabinha U20,Betim U20,0.0,1.0,0.0,1.0,,,,,,,,,Desconocido
1554029.0,Paraibano U20,1120,Brazil,Semi-finals,True,2026-06-27,24037,24047,Cruzeiro Itaporanga U20,Sousa U20,1.0,0.0,0.0,0.0,,,,,,,,,Desconocido
1547285.0,Paulista - U20,1086,Brazil,Regular Season - 4,False,2026-06-27,12968,13012,Palmeiras U20,Guarani U20,4.0,0.0,1.0,0.0,,,,,,,,,Desconocido
1547284.0,Paulista - U20,1086,Brazil,Regular Season - 4,False,2026-06-27,13057,13059,Sertãozinho U20,São Bento U20,0.0,0.0,0.0,0.0,,,,,,,,,Desconocido
1559572.0,Paulista Série B,1098,Brazil,Round of 16,True,2026-06-27,25770,18303,Assisense,Matonense,0.0,1.0,0.0,0.0,,,,,,,,,Desconocido
1559574.0,Paulista Série B,1098,Brazil,Round of 16,True,2026-06-27,23577,27687,Manthiqueira,José Bonifácio,0.0,2.0,0.0,1.0,,,,,,,,,Desconocido
1559577.0,Paulista Série B,1098,Brazil,Round of 16,True,2026-06-27,23580,27690,Sao Carlos,Sporting Paulinense,0.0,1.0,0.0,0.0,,,,,,,,,Desconocido
1559579.0,Paulista Série B,1098,Brazil,Round of 16,True,2026-06-27,23583,23578,Uniao Mogi,Maua,2.0,3.0,1.0,1.0,,,,,,,,,Desconocido
1520743.0,Serie B,72,Brazil,Regular Season - 15,False,2026-06-27,140,7865,Criciuma,São Bernardo,1.0,0.0,1.0,0.0,,,,,,,,,B. Arleu
1520749.0,Serie B,72,Brazil,Regular Season - 15,False,2026-06-27,1223,125,Operario-PR,America Mineiro,1.0,0.0,0.0,0.0,,,,,,,,,J. Pinheiro
1526869.0,Serie C,75,Brazil,Regular Season - 12,False,2026-06-27,2204,7826,AO Itabaiana,Ferroviária,1.0,0.0,0.0,0.0,,,,,,,,,Desconocido
1526867.0,Serie C,75,Brazil,Regular Season - 12,False,2026-06-27,7774,18271,Floresta,Barra,2.0,1.0,1.0,0.0,,,,,,,,,T. Gomes
1526868.0,Serie C,75,Brazil,Regular Season - 12,False,2026-06-27,1201,7833,Inter De Limeira,Maringá,2.0,2.0,0.0,0.0,,,,,,,,,F. A. Santos Sa Junior
1526871.0,Serie C,75,Brazil,Regular Season - 12,False,2026-06-27,149,753,Paysandu,Santa Cruz,1.0,3.0,0.0,2.0,,,,,,,,,J. Vitor Gobi
1554049.0,Serie D,76,Brazil,Round of 32,True,2026-06-27,2233,15617,America-RN,Fluminense PI,1.0,0.0,1.0,0.0,,,,,,,,,Desconocido
1553749.0,Serie D,76,Brazil,Round of 32,True,2026-06-27,19635,10004,Blumenau,São Luiz,1.0,1.0,0.0,1.0,,,,,,,,,Desconocido
1554051.0,Serie D,76,Brazil,Round of 32,True,2026-06-27,150,10002,CSA,Lagarto,2.0,0.0,0.0,0.0,,,,,,,,,Desconocido
1553750.0,Serie D,76,Brazil,Round of 32,True,2026-06-27,12921,1202,Capital Brasilia,Aparecidense,4.0,0.0,2.0,0.0,,,,,,,,,Desconocido
1553752.0,Serie D,76,Brazil,Round of 32,True,2026-06-27,1222,2215,Gama,Mixto,1.0,0.0,1.0,0.0,,,,,,,,,Desconocido
1553753.0,Serie D,76,Brazil,Round of 32,True,2026-06-27,18296,2208,Goiatuba EC,Brasiliense,1.0,0.0,1.0,0.0,,,,,,,,,Desconocido
1553754.0,Serie D,76,Brazil,Round of 32,True,2026-06-27,15505,15611,Iguatu,Tuna Luso,1.0,1.0,1.0,0.0,,,,,,,,,Desconocido
1554050.0,Serie D,76,Brazil,Round of 32,True,2026-06-27,12277,7837,Ipatinga,Vitória ES,2.0,0.0,0.0,0.0,,,,,,,,,Desconocido
1553756.0,Serie D,76,Brazil,Round of 32,True,2026-06-27,13089,2213,Maracanã,Imperatriz,0.0,0.0,0.0,0.0,,,,,,,,,Desconocido
1554058.0,Serie D,76,Brazil,Round of 32,True,2026-06-27,13094,20781,Piauí,Maguary PE,1.0,0.0,0.0,0.0,,,,,,,,,Desconocido
1553760.0,Serie D,76,Brazil,Round of 32,True,2026-06-27,1214,13115,Portuguesa,Sampaio Corrêa RJ,1.0,0.0,0.0,0.0,,,,,,,,,Desconocido
1553761.0,Serie D,76,Brazil,Round of 32,True,2026-06-27,21207,2232,Santa Catarina,Sao Jose,1.0,1.0,0.0,0.0,,,,,,,,,Desconocido
1554060.0,Serie D,76,Brazil,Round of 32,True,2026-06-27,2224,1207,Sergipe,ASA,0.0,1.0,0.0,1.0,,,,,,,,,Desconocido
1554061.0,Serie D,76,Brazil,Round of 32,True,2026-06-27,2227,10671,Tombense,CRAC,0.0,0.0,0.0,0.0,,,,,,,,,Desconocido
1553762.0,Serie D,76,Brazil,Round of 32,True,2026-06-27,7868,155,Trem,Sampaio Correa,1.0,2.0,1.0,2.0,,,,,,,,,Desconocido
1554063.0,Serie D,76,Brazil,Round of 32,True,2026-06-27,1196,10690,Uberlandia,Rio Branco ES,2.0,2.0,0.0,1.0,,,,,,,,,Desconocido
1553759.0,Serie D,76,Brazil,Round of 32,True,2026-06-27,7870,13104,XV de Piracicaba,América RJ,2.0,0.0,2.0,0.0,,,,,,,,,Desconocido
1553747.0,Serie D,76,Brazil,Round of 32,True,2026-06-27,10018,10041,Água Santa,Velo Clube,1.0,1.0,0.0,1.0,,,,,,,,,Desconocido
1553748.0,Serie D,76,Brazil,Round of 32,True,2026-06-27,7879,7784,Águia de Marabá,Parnahyba,2.0,0.0,1.0,0.0,,,,,,,,,Desconocido
1512956.0,Elite One,411,Cameroon,Regular Season - 26,False,2026-06-27,5405,5410,Fortuna Mfou,Stade Renard,1.0,2.0,0.0,0.0,,,,,,,,,Desconocido
1534057.0,Northern Super League,1182,Canada,Regular season,False,2026-06-27,25897,25898,Calgary Wild W,Halifax Tides W,0.0,1.0,0.0,0.0,,,,,,,,,Desconocido
1544458.0,Copa Chile,267,Chile,Group Stage - 4,False,2026-06-27,2329,2336,A. Italiano,Magallanes,2.0,1.0,2.0,0.0,,,,,,,,,Desconocido
1544456.0,Copa Chile,267,Chile,Group Stage - 4,False,2026-06-27,16730,2319,Deportes Limache,Deportes Iquique,1.0,4.0,0.0,2.0,,,,,,,,,Desconocido
1544455.0,Copa Chile,267,Chile,Group Stage - 4,False,2026-06-27,2346,2318,Deportes Santa Cruz,Palestino,0.0,0.0,0.0,0.0,,,,,,,,,Desconocido
1544457.0,Copa Chile,267,Chile,Group Stage - 4,False,2026-06-27,2345,2330,San Marcos de Arica,Coquimbo Unido,0.0,1.0,0.0,0.0,,,,,,,,,Desconocido
1544459.0,Copa Chile,267,Chile,Group Stage - 4,False,2026-06-27,2994,2322,U. Catolica,San Luis,4.0,2.0,2.0,1.0,,,,,,,,,Desconocido
1529119.0,Segunda División,711,Chile,Regular Season - 12,False,2026-06-27,21114,5634,Concón National,Colina,1.0,1.0,0.0,0.0,,,,,,,,,Desconocido
1529120.0,Segunda División,711,Chile,Regular Season - 12,False,2026-06-27,5636,5633,Deportes Rengo,Colchagua,0.0,1.0,0.0,0.0,,,,,,,,,Desconocido
1528630.0,League One,170,China,Regular Season - 12,False,2026-06-27,834,23268,Changchun Yatai,Guangxi Hengchen,1.0,2.0,0.0,0.0,,,,,,,,,X. He
1528631.0,League One,170,China,Regular Season - 12,False,2026-06-27,5652,23265,Dalian Huayi,Shenzhen Juniors,5.0,4.0,3.0,3.0,,,,,,,,,Yan Xu
1528632.0,League One,170,China,Regular Season - 12,False,2026-06-27,17263,17271,Dongguan United,Yanbian Longding,0.0,2.0,0.0,2.0,,,,,,,,,H. Chen
1528633.0,League One,170,China,Regular Season - 12,False,2026-06-27,23269,23286,Guangzhou E-Power,Shaanxi Union,2.0,1.0,1.0,1.0,,,,,,,,,Ma Teng
1528635.0,League One,170,China,Regular Season - 12,False,2026-06-27,17264,16619,Hebei Kungfu,Nanjing City,2.0,1.0,1.0,1.0,,,,,,,,,X. Qin
1528634.0,League One,170,China,Regular Season - 12,False,2026-06-27,2626,1439,Nantong Zhiyun,Meizhou Kejia,1.0,3.0,0.0,1.0,,,,,,,,,Gu Zhongchao
1532783.0,League Two,929,China,Regular Season - 14,False,2026-06-27,23132,19319,Changchun Xidu,Nantong Haimen Codion,0.0,0.0,0.0,0.0,,,,,,,,,L. Huang
1532784.0,League Two,929,China,Regular Season - 14,False,2026-06-27,27620,23289,Dalian Kewei,Shanghai Port II,1.0,0.0,0.0,0.0,,,,,,,,,Yi Jiajin
1532786.0,League Two,929,China,Regular Season - 14,False,2026-06-27,25773,27622,Guangdong Mingtu,Xiamen Feilu,1.0,2.0,1.0,1.0,,,,,,,,,G. Xiang
1532787.0,League Two,929,China,Regular Season - 14,False,2026-06-27,5660,25775,Hubei Chufeng Heli,Guizhou Zhucheng,2.0,0.0,2.0,0.0,,,,,,,,,Y. Hu
1532788.0,League Two,929,China,Regular Season - 14,False,2026-06-27,21328,27621,Rizhao Yuqi,Dalian Yingbo B,0.0,0.0,0.0,0.0,,,,,,,,,X. Zhou
1532785.0,League Two,929,China,Regular Season - 14,False,2026-06-27,27619,5679,Shanghai Second,Qingdao Red Lions,0.0,2.0,0.0,1.0,,,,,,,,,Liu Xiao
1523183.0,Super League,169,China,Regular Season - 16,False,2026-06-27,830,5695,Beijing Guoan,Wuhan Three Towns,1.0,0.0,0.0,0.0,,,,,,,,,"Jingyuan Jin, China"
1523184.0,Super League,169,China,Regular Season - 16,False,2026-06-27,21262,837,Chongqing Tongliang Long,Tianjin Teda,1.0,0.0,0.0,0.0,,,,,,,,,"Yi Huang, China"
1523181.0,Super League,169,China,Regular Season - 16,False,2026-06-27,840,836,Henan Jianye,SHANGHAI SIPG,1.0,2.0,1.0,1.0,,,,,,,,,"Meng Xiangkun, China"
1523180.0,Super League,169,China,Regular Season - 16,False,2026-06-27,5684,844,Shenyang Urban,Shandong Luneng,1.0,5.0,0.0,2.0,,,,,,,,,"Jianxin Du, China"
1523182.0,Super League,169,China,Regular Season - 16,False,2026-06-27,5686,5648,Sichuan Jiuniu,Chengdu Better City,2.0,3.0,0.0,1.0,,,,,,,,,"Fangyu Dong, China"
1541111.0,Premier League,363,Ethiopia,Regular Season - 37,False,2026-06-27,20030,9986,Ethiopian Medhin,Suhul Shire,0.0,3.0,0.0,2.0,,,,,,,,,Desconocido
1541110.0,Premier League,363,Ethiopia,Regular Season - 37,False,2026-06-27,9983,4115,Hadiya Hosaena,Dire Dawa Kenema,1.0,1.0,1.0,0.0,,,,,,,,,Desconocido
1506630.0,1. Deild,366,Faroe-Islands,Regular Season - 15,False,2026-06-27,4190,4182,EB / Streymur II,Suduroy,0.0,2.0,0.0,1.0,,,,,,,,,Desconocido
1506628.0,1. Deild,366,Faroe-Islands,Regular Season - 15,False,2026-06-27,10076,4187,Hoyvík,ÍF II,1.0,2.0,1.0,2.0,,,,,,,,,Desconocido
1506629.0,1. Deild,366,Faroe-Islands,Regular Season - 15,False,2026-06-27,4181,4185,NSÍ II,B36 II,0.0,1.0,0.0,1.0,,,,,,,,,Desconocido
1506632.0,1. Deild,366,Faroe-Islands,Regular Season - 15,False,2026-06-27,4183,4179,Víkingur II,HB II,3.0,1.0,2.0,0.0,,,,,,,,,Desconocido
1541629.0,Kakkonen - Lohko A,247,Finland,Group A - 10,False,2026-06-27,9174,9179,Kiffen,Reipas,3.0,2.0,2.0,1.0,,,,,,,,,Desconocido
1541626.0,Kakkonen - Lohko A,247,Finland,Group A - 10,False,2026-06-27,2243,10667,MyPa,Atlantis,1.0,2.0,1.0,1.0,,,,,,,,,Desconocido
1541627.0,Kakkonen - Lohko A,247,Finland,Group A - 10,False,2026-06-27,9178,13508,PEPO,PPJ,2.0,2.0,1.0,1.0,,,,,,,,,Desconocido
1541628.0,Kakkonen - Lohko A,247,Finland,Group A - 10,False,2026-06-27,18596,13517,PuiU Helsinki,HPS,0.0,2.0,0.0,1.0,,,,,,,,,Desconocido
1541625.0,Kakkonen - Lohko A,247,Finland,Group A - 10,False,2026-06-27,18667,1172,Union Plaani,HIFK Helsinki,0.0,3.0,0.0,2.0,,,,,,,,,Desconocido
1541513.0,Kakkonen - Lohko B,248,Finland,Group B - 10,False,2026-06-27,9182,2079,EPS,GrIFK,1.0,3.0,0.0,1.0,,,,,,,,,Desconocido
1541514.0,Kakkonen - Lohko B,248,Finland,Group B - 10,False,2026-06-27,9209,9177,HJS Akatemia,NJS,3.0,0.0,2.0,0.0,,,,,,,,,Desconocido
1541512.0,Kakkonen - Lohko B,248,Finland,Group B - 10,False,2026-06-27,2245,9188,Musa,P-Iirot,2.0,2.0,1.0,2.0,,,,,,,,,Desconocido
1541703.0,Kakkonen - Lohko C,249,Finland,Group C - 10,False,2026-06-27,9191,6073,GBK,JS Hercules,7.0,0.0,5.0,0.0,,,,,,,,,Desconocido
1541704.0,Kakkonen - Lohko C,249,Finland,Group C - 10,False,2026-06-27,22980,9192,Huima / Urho,JBK,3.0,2.0,2.0,1.0,,,,,,,,,Desconocido
1541705.0,Kakkonen - Lohko C,249,Finland,Group C - 10,False,2026-06-27,9214,9200,TP-47,VPS II,0.0,3.0,0.0,1.0,,,,,,,,,Desconocido
1539055.0,Kansallinen Liiga,640,Finland,Regular Season - 10,False,2026-06-27,27659,10920,IF Gnistan,PK-35 Vantaa W,3.0,0.0,2.0,0.0,,,,,,,,,Desconocido
1539056.0,Kansallinen Liiga,640,Finland,Regular Season - 10,False,2026-06-27,13991,13990,Ilves W,HJK W,1.0,3.0,0.0,3.0,,,,,,,,,Desconocido
1539054.0,Kansallinen Liiga,640,Finland,Regular Season - 10,False,2026-06-27,13997,25564,KuPS W,VIFK W,5.0,1.0,2.0,0.0,,,,,,,,,Desconocido
1495720.0,Veikkausliiga,244,Finland,Regular Season - 13,False,2026-06-27,2077,1166,AC Oulu,Lahti,1.0,1.0,0.0,0.0,,,,,,,,,M. Al-Emara
1495718.0,Veikkausliiga,244,Finland,Regular Season - 13,False,2026-06-27,2082,650,Gnistan,VPS,1.0,1.0,1.0,1.0,,,,,,,,,J. Kontinen
1495716.0,Veikkausliiga,244,Finland,Regular Season - 13,False,2026-06-27,649,1165,HJK Helsinki,KuPS,0.0,4.0,0.0,1.0,,,,,,,,,A. Munukka
1495715.0,Veikkausliiga,244,Finland,Regular Season - 13,False,2026-06-27,1163,689,Ilves,SJK,2.0,2.0,0.0,0.0,,,,,,,,,M. Roth
1495717.0,Veikkausliiga,244,Finland,Regular Season - 13,False,2026-06-27,587,1164,Mariehamn,Inter Turku,0.0,2.0,0.0,1.0,,,,,,,,,J. Hyytia
1495719.0,Veikkausliiga,244,Finland,Regular Season - 13,False,2026-06-27,1168,2075,Turku PS,FF Jaro,3.0,2.0,1.0,2.0,,,,,,,,,D. Antamo
1517198.0,Ykkönen,245,Finland,Group Stage,False,2026-06-27,1167,9189,Rops,SalPa,2.0,2.0,1.0,1.0,,,,,,,,,Desconocido
1504249.0,Ykkösliiga,1087,Finland,Group Stage,False,2026-06-27,2080,2076,Haka,Kooteepee,0.0,2.0,0.0,1.0,,,,,,,,,M. Pesonen
1504250.0,Ykkösliiga,1087,Finland,Group Stage,False,2026-06-27,9172,2078,JIPPO,EIF,1.0,1.0,1.0,0.0,,,,,,,,,M. Haapakoski
1559571.0,Championnat D1,968,Gabon,Regular Season - 24,False,2026-06-27,15564,6415,Bouenguidi,Cercle Mbéri,1.0,0.0,0.0,0.0,,,,,,,,,Desconocido
1559565.0,Championnat D1,968,Gabon,Regular Season - 24,False,2026-06-27,21191,21190,Lozo,FC 105,0.0,0.0,0.0,0.0,,,,,,,,,Desconocido
1559566.0,Championnat D1,968,Gabon,Regular Season - 24,False,2026-06-27,27625,27734,Ogooue FC,Oyem AC,0.0,0.0,0.0,0.0,,,,,,,,,Desconocido
1559567.0,Championnat D1,968,Gabon,Regular Season - 24,False,2026-06-27,8069,21187,Pélican,Bitam,3.0,2.0,1.0,1.0,,,,,,,,,Desconocido
1559568.0,Championnat D1,968,Gabon,Regular Season - 24,False,2026-06-27,19865,21189,Stade Mandji,Dikaki,3.0,1.0,1.0,1.0,,,,,,,,,Desconocido
1559569.0,Championnat D1,968,Gabon,Regular Season - 24,False,2026-06-27,21193,8089,US Oyem,Mangasport,1.0,0.0,0.0,0.0,,,,,,,,,Desconocido
1559570.0,Championnat D1,968,Gabon,Regular Season - 24,False,2026-06-27,21194,27575,Vautour Club,Stade Migoveen,2.0,1.0,1.0,1.0,,,,,,,,,Desconocido
1567305.0,Super Cup,530,Georgia,Semi-finals,True,2026-06-27,3499,685,Dila,Torpedo Kutaisi,0.0,1.0,0.0,0.0,,,,,,,,,Desconocido
1567304.0,Super Cup,530,Georgia,Semi-finals,True,2026-06-27,3502,2262,FC Iberia 1999,Dinamo Tbilisi,1.0,0.0,1.0,0.0,,,,,,,,,Desconocido
1514217.0,1. Deild,165,Iceland,Regular Season - 11,False,2026-06-27,829,4165,Throttur Reykjavik,Vestri,1.0,1.0,0.0,1.0,,,,,,,,,Desconocido
1514218.0,1. Deild,165,Iceland,Regular Season - 11,False,2026-06-27,4166,2121,Völsungur,Grotta,2.0,2.0,1.0,0.0,,,,,,,,,Desconocido
1543411.0,2. Deild,166,Iceland,Regular Season - 10,False,2026-06-27,4172,18366,Dalvík / Reynir,Fjardabyggd / Leiknir,1.0,0.0,0.0,0.0,,,,,,,,,Desconocido
1543412.0,2. Deild,166,Iceland,Regular Season - 10,False,2026-06-27,6093,6085,Kormákur / Hvöt,Hvíti riddarinn,4.0,0.0,2.0,0.0,,,,,,,,,Desconocido
1543414.0,2. Deild,166,Iceland,Regular Season - 10,False,2026-06-27,4170,2124,Kári,Magni,1.0,1.0,0.0,0.0,,,,,,,,,Desconocido
1543413.0,2. Deild,166,Iceland,Regular Season - 10,False,2026-06-27,828,4173,Vikingur Olafsiik,KFG,1.0,0.0,0.0,0.0,,,,,,,,,Desconocido
1548239.0,Azadegan League,291,Iran,Regular Season - 31,False,2026-06-27,20801,20802,Ario Eslamshahr,Be'sat Kermanshah,2.0,0.0,2.0,0.0,,,,,,,,,Desconocido
1548240.0,Azadegan League,291,Iran,Regular Season - 31,False,2026-06-27,25364,2736,Fard Alborz,Saipa,2.0,1.0,1.0,1.0,,,,,,,,,Desconocido
1548241.0,Azadegan League,291,Iran,Regular Season - 31,False,2026-06-27,15541,7500,Havadar,Damash Gilanian,4.0,1.0,3.0,1.0,,,,,,,,,Desconocido
1548235.0,Azadegan League,291,Iran,Regular Season - 31,False,2026-06-27,10388,7502,Mes Shahr-e Babak,Niroye Zamini,1.0,0.0,0.0,0.0,,,,,,,,,Desconocido
1550086.0,Azadegan League,291,Iran,Regular Season - 31,False,2026-06-27,22236,22890,Mes Soongoun,Shenavarsazi Qeshm,1.0,1.0,0.0,0.0,,,,,,,,,Desconocido
1548236.0,Azadegan League,291,Iran,Regular Season - 31,False,2026-06-27,24800,2743,Naft Bandar Abbas,Sanat Naft,0.0,0.0,0.0,0.0,,,,,,,,,Desconocido
1548237.0,Azadegan League,291,Iran,Regular Season - 31,False,2026-06-27,10399,2719,Naft Gachsaran,Nassaji Mazandaran,0.0,3.0,0.0,2.0,,,,,,,,,Desconocido
1548238.0,Azadegan League,291,Iran,Regular Season - 31,False,2026-06-27,2702,2726,Pars Jonoubi JAM,Navad Urmia,2.0,0.0,0.0,0.0,,,,,,,,,Desconocido
1548242.0,Azadegan League,291,Iran,Regular Season - 31,False,2026-06-27,18302,2718,Shahrdari Noshahr,Mes Kerman,1.0,1.0,0.0,1.0,,,,,,,,,Desconocido
1492725.0,Premier Division,357,Ireland,Regular Season - 22,False,2026-06-27,3842,3854,Sligo Rovers,Shelbourne,2.0,2.0,1.0,0.0,,,,,,,,,R. Hennessey
1528006.0,Premier League,389,Kazakhstan,Regular Season - 15,False,2026-06-27,4552,4564,Kaspiy,Atyrau,2.0,0.0,2.0,0.0,,,,,,,,,B. Abdullaev
1528005.0,Premier League,389,Kazakhstan,Regular Season - 15,False,2026-06-27,4558,664,Okzhetpes,Kairat Almaty,1.0,3.0,1.0,1.0,,,,,,,,,S. Karabaev
1528009.0,Premier League,389,Kazakhstan,Regular Season - 15,False,2026-06-27,21011,4554,Yelimay Semey,Kyzyl-Zhar,2.0,0.0,0.0,0.0,,,,,,,,,S. Sulikanov
1528011.0,Premier League,389,Kazakhstan,Regular Season - 15,False,2026-06-27,4560,4563,Zhetysu,Aktobe,1.0,0.0,1.0,0.0,,,,,,,,,A. Tasybaev
1529557.0,1. Liga,364,Latvia,Regular Season - 11,False,2026-06-27,25785,14366,Riga Mariners,Mārupe,2.0,0.0,1.0,0.0,,,,,,,,,Desconocido
1529556.0,1. Liga,364,Latvia,Regular Season - 11,False,2026-06-27,4141,4139,Rēzekne FA,JDFS Alberts,2.0,4.0,1.0,2.0,,,,,,,,,Desconocido
1529555.0,1. Liga,364,Latvia,Regular Season - 11,False,2026-06-27,18836,18835,Rīgas FS II,Riga FC II,1.0,3.0,1.0,1.0,,,,,,,,,Desconocido
1529554.0,1. Liga,364,Latvia,Regular Season - 11,False,2026-06-27,27565,18837,Super Nova 2,Tukums II,3.0,1.0,2.0,0.0,,,,,,,,,Desconocido
1529754.0,1 Lyga,361,Lithuania,Regular Season - 15,False,2026-06-27,3859,14384,Dainava,Neptūną Klaipėda,1.0,0.0,1.0,0.0,,,,,,,,,Desconocido
1529757.0,1 Lyga,361,Lithuania,Regular Season - 15,False,2026-06-27,10696,3856,Ekranas,Atmosfera,1.0,2.0,1.0,2.0,,,,,,,,,Desconocido
1529759.0,1 Lyga,361,Lithuania,Regular Season - 15,False,2026-06-27,18840,14382,FA Šiauliai II,Babrungas,0.0,1.0,0.0,1.0,,,,,,,,,Desconocido
1529756.0,1 Lyga,361,Lithuania,Regular Season - 15,False,2026-06-27,23156,3862,Hegelmann II,Jonava,2.0,1.0,0.0,0.0,,,,,,,,,Desconocido
1529758.0,1 Lyga,361,Lithuania,Regular Season - 15,False,2026-06-27,27557,11885,Transinvest 2,Tauras,0.0,1.0,0.0,0.0,,,,,,,,,Desconocido
1583818.0,Primeira Divisão,969,Macao,Regular Season - 14,False,2026-06-27,27372,9420,Artilheiros,CPK,1.0,10.0,0.0,6.0,,,,,,,,,Desconocido
1583819.0,Primeira Divisão,969,Macao,Regular Season - 14,False,2026-06-27,21195,23061,Cheng Fung,Jia Hua,1.0,4.0,0.0,1.0,,,,,,,,,Desconocido
1538631.0,Super League,391,Malawi,Regular Season - 8,False,2026-06-27,4585,4588,Chitipa United,Kamuzu Barracks,2.0,1.0,0.0,0.0,,,,,,,,,Desconocido
1538637.0,Super League,391,Malawi,Regular Season - 8,False,2026-06-27,27656,4584,Mitundu Baptist,Blue Eagles,3.0,2.0,1.0,0.0,,,,,,,,,Desconocido
1553727.0,Super Liga,394,Moldova,Regular Season - 1,False,2026-06-27,14008,26115,CSF Bălți,Politehnica UTM,3.0,0.0,2.0,0.0,,,,,,,,,Desconocido
1553728.0,Super Liga,394,Moldova,Regular Season - 1,False,2026-06-27,691,4633,Milsami Orhei,Zimbru,0.0,0.0,0.0,0.0,,,,,,,,,Desconocido
1559541.0,Premier League,764,Mongolia,Regular Season - 21,False,2026-06-27,22067,16187,Central Stallions,Khangarid,2.0,2.0,2.0,0.0,,,,,,,,,Desconocido
1559540.0,Premier League,764,Mongolia,Regular Season - 21,False,2026-06-27,16185,16854,Deren,Ulaanbaatar,0.0,2.0,0.0,1.0,,,,,,,,,Desconocido
1556569.0,Botola 2,201,Morocco,Regular Season - 29,False,2026-06-27,18753,1075,Amal Tiznit,Mouloudia Oujda,1.0,1.0,1.0,1.0,,,,,,,,,Desconocido
1556570.0,Botola 2,201,Morocco,Regular Season - 29,False,2026-06-27,3450,26496,Chabab Ben Guerir,Union Sportive Boujaad,0.0,0.0,0.0,0.0,,,,,,,,,Desconocido
1556571.0,Botola 2,201,Morocco,Regular Season - 29,False,2026-06-27,979,3456,KAC Kenitra,Riadi Salmi,1.0,2.0,0.0,1.0,,,,,,,,,Desconocido
1556572.0,Botola 2,201,Morocco,Regular Season - 29,False,2026-06-27,966,965,Racing de Casablanca,Moghreb Tetouan,0.0,2.0,0.0,1.0,,,,,,,,,Desconocido
1556573.0,Botola 2,201,Morocco,Regular Season - 29,False,2026-06-27,3455,6387,Raja Beni Mellal,Chabab Mohammédia,2.0,0.0,2.0,0.0,,,,,,,,,Desconocido
1556574.0,Botola 2,201,Morocco,Regular Season - 29,False,2026-06-27,15549,3458,Stade Marocain,Widad Témara,0.0,1.0,0.0,0.0,,,,,,,,,Desconocido
1556575.0,Botola 2,201,Morocco,Regular Season - 29,False,2026-06-27,17716,970,USM Oujda,Chabab Atl. Khenifra,1.0,1.0,0.0,0.0,,,,,,,,,Desconocido
1556576.0,Botola 2,201,Morocco,Regular Season - 29,False,2026-06-27,3459,3451,Wydad Fès,El Massira,3.0,0.0,1.0,0.0,,,,,,,,,Desconocido
1495871.0,1. Division,104,Norway,Regular Season - 13,False,2026-06-27,2148,322,Asane,Ranheim,3.0,0.0,0.0,0.0,,,,,,,,,O. Valen
1495872.0,1. Division,104,Norway,Regular Season - 13,False,2026-06-27,328,2144,Haugesund,Kongsvinger,4.0,2.0,3.0,2.0,,,,,,,,,H. Sletner
1495873.0,1. Division,104,Norway,Regular Season - 13,False,2026-06-27,7006,2150,Lyn,hodd,1.0,4.0,1.0,2.0,,,,,,,,,H. Pedersen
1495874.0,1. Division,104,Norway,Regular Season - 13,False,2026-06-27,2146,2153,Sandnes ULF,Raufoss,3.0,0.0,0.0,0.0,,,,,,,,,A. Al Fahad
1495875.0,1. Division,104,Norway,Regular Season - 13,False,2026-06-27,758,6976,Sogndal,Egersund,4.0,2.0,3.0,1.0,,,,,,,,,A. Medic
1495876.0,1. Division,104,Norway,Regular Season - 13,False,2026-06-27,323,2142,Stabaek,Bryne,2.0,0.0,2.0,0.0,,,,,,,,,A. Bodding
1495877.0,1. Division,104,Norway,Regular Season - 13,False,2026-06-27,2147,7012,Strommen,Moss,3.0,2.0,2.0,1.0,,,,,,,,,J. W. Grundt
1495878.0,1. Division,104,Norway,Regular Season - 13,False,2026-06-27,324,330,Stromsgodset,ODD Ballklubb,2.0,2.0,1.0,1.0,,,,,,,,,M. Tennoy
1535636.0,1. Division Women,915,Norway,Regular Season - 11,False,2026-06-27,27218,20885,Bryne W,Fyllingsdalen W,0.0,1.0,0.0,0.0,,,,,,,,,Desconocido
1535701.0,1. Division Women,915,Norway,Regular Season - 11,False,2026-06-27,22859,27637,Odd W,Frigg Oslo FK W,1.0,0.0,0.0,0.0,,,,,,,,,Desconocido
1496092.0,2. Division - Group 1,473,Norway,Regular Season - 12,False,2026-06-27,7007,6970,Lysekloster,Brattvåg,1.0,1.0,0.0,0.0,,,,,,,,,Desconocido
1496093.0,2. Division - Group 1,473,Norway,Regular Season - 12,False,2026-06-27,2152,16217,Mjondalen,Bjarg,1.0,0.0,1.0,0.0,,,,,,,,,Desconocido
1496094.0,2. Division - Group 1,473,Norway,Regular Season - 12,False,2026-06-27,7020,2155,Pors Grenland,Arendal,2.0,4.0,1.0,1.0,,,,,,,,,Desconocido
1496095.0,2. Division - Group 1,473,Norway,Regular Season - 12,False,2026-06-27,14545,2161,Sandviken,Notodden,0.0,4.0,0.0,2.0,,,,,,,,,Desconocido
1496097.0,2. Division - Group 1,473,Norway,Regular Season - 12,False,2026-06-27,7040,16211,Træff,Eik-Tønsberg,3.0,1.0,2.0,1.0,,,,,,,,,Desconocido
1496098.0,2. Division - Group 1,473,Norway,Regular Season - 12,False,2026-06-27,7046,7004,Vidar,Kvik Halden,2.0,4.0,1.0,0.0,,,,,,,,,Desconocido
1496276.0,2. Division - Group 2,474,Norway,Regular Season - 12,False,2026-06-27,7001,6998,Kjelsås,Hønefoss,1.0,3.0,1.0,1.0,,,,,,,,,Desconocido
1496277.0,2. Division - Group 2,474,Norway,Regular Season - 12,False,2026-06-27,7008,6993,Lørenskog,Grorud,1.0,0.0,1.0,0.0,,,,,,,,,Desconocido
1496280.0,2. Division - Group 2,474,Norway,Regular Season - 12,False,2026-06-27,2154,16229,Ull/Kisa,Rana,1.0,3.0,0.0,2.0,,,,,,,,,Desconocido
1496456.0,3. Division - Girone 1,774,Norway,Regular Season - 12,False,2026-06-27,6967,7042,Asker,Ullern,3.0,2.0,0.0,1.0,,,,,,,,,Desconocido
1496457.0,3. Division - Girone 1,774,Norway,Regular Season - 12,False,2026-06-27,6987,6974,Frigg,Bærum,1.0,1.0,1.0,0.0,,,,,,,,,Desconocido
1496459.0,3. Division - Girone 1,774,Norway,Regular Season - 12,False,2026-06-27,16868,7015,SF Grei,Nordstrand,1.0,5.0,1.0,3.0,,,,,,,,,Desconocido
1496638.0,3. Division - Girone 2,775,Norway,Regular Season - 12,False,2026-06-27,6973,16222,Byåsen,Aalesund II,2.0,1.0,1.0,1.0,,,,,,,,,Desconocido
1496640.0,3. Division - Girone 2,775,Norway,Regular Season - 12,False,2026-06-27,6996,7013,Herd,NTNUI,2.0,2.0,0.0,2.0,,,,,,,,,Desconocido
1496639.0,3. Division - Girone 2,775,Norway,Regular Season - 12,False,2026-06-27,25498,16226,Kvik Trondheim,Volda,0.0,2.0,0.0,1.0,,,,,,,,,Desconocido
1496641.0,3. Division - Girone 2,775,Norway,Regular Season - 12,False,2026-06-27,12824,12817,Orkla,Molde II,3.0,5.0,1.0,2.0,,,,,,,,,Desconocido
1496642.0,3. Division - Girone 2,775,Norway,Regular Season - 12,False,2026-06-27,16224,7014,Ranheim II,Nardo,5.0,3.0,2.0,3.0,,,,,,,,,Desconocido
1496643.0,3. Division - Girone 2,775,Norway,Regular Season - 12,False,2026-06-27,10113,7030,Rosenborg II,Spjelkavik,2.0,1.0,0.0,0.0,,,,,,,,,Desconocido
1496821.0,3. Division - Girone 3,776,Norway,Regular Season - 12,False,2026-06-27,22870,18435,Askøy,Førde,2.0,0.0,1.0,0.0,,,,,,,,,Desconocido
1496823.0,3. Division - Girone 3,776,Norway,Regular Season - 12,False,2026-06-27,16218,6980,Brann II,Fana,3.0,2.0,3.0,0.0,,,,,,,,,Desconocido
1496824.0,3. Division - Girone 3,776,Norway,Regular Season - 12,False,2026-06-27,16216,18925,Djerv,Gneist,6.0,2.0,3.0,0.0,,,,,,,,,Desconocido
1496825.0,3. Division - Girone 3,776,Norway,Regular Season - 12,False,2026-06-27,16219,16220,Sogndal II,Stord,0.0,2.0,0.0,0.0,,,,,,,,,Desconocido
1497004.0,3. Division - Girone 4,777,Norway,Regular Season - 12,False,2026-06-27,7009,12812,Madla,Mandalskameratene,2.0,2.0,0.0,0.0,,,,,,,,,Desconocido
1497185.0,3. Division - Girone 5,778,Norway,Regular Season - 12,False,2026-06-27,18444,16206,Bossekop,Kongsvinger II,0.0,2.0,0.0,2.0,,,,,,,,,Desconocido
1497186.0,3. Division - Girone 5,778,Norway,Regular Season - 12,False,2026-06-27,27277,6984,Fauske Sprint,Fløya,3.0,1.0,2.0,0.0,,,,,,,,,Desconocido
1497190.0,3. Division - Girone 5,778,Norway,Regular Season - 12,False,2026-06-27,22867,6994,Ulfstind,Harstad,1.0,1.0,1.0,0.0,,,,,,,,,Desconocido
1497368.0,3. Division - Girone 6,779,Norway,Regular Season - 12,False,2026-06-27,6986,21349,Fram,Drøbak / Frogn,1.0,1.0,0.0,0.0,,,,,,,,,Desconocido
1497369.0,3. Division - Girone 6,779,Norway,Regular Season - 12,False,2026-06-27,18437,2156,Lillehammer,Elverum,2.0,2.0,1.0,2.0,,,,,,,,,Desconocido
1497370.0,3. Division - Girone 6,779,Norway,Regular Season - 12,False,2026-06-27,7018,27278,Oppsal,Raelingen,3.0,1.0,1.0,0.0,,,,,,,,,Desconocido
1497371.0,3. Division - Girone 6,779,Norway,Regular Season - 12,False,2026-06-27,7052,21418,Ørn Horten,Sandefjord II,4.0,3.0,1.0,2.0,,,,,,,,,Desconocido
1551286.0,Division Intermedia,251,Paraguay,Regular Season - 12,False,2026-06-27,1180,20786,Deportivo Capiata,Sportivo Carapeguá,5.0,2.0,2.0,1.0,,,,,,,,,Desconocido
1551287.0,Division Intermedia,251,Paraguay,Regular Season - 12,False,2026-06-27,1181,2130,General Caballero,Fernando De La Mora,2.0,3.0,0.0,1.0,,,,,,,,,Desconocido
1551285.0,Division Intermedia,251,Paraguay,Regular Season - 12,False,2026-06-27,10491,10474,Tacuary,Atlético Tembetary,4.0,2.0,1.0,1.0,,,,,,,,,Desconocido
1553068.0,Copa De La Liga,1232,Peru,Group Stage - 3,False,2026-06-27,10494,20324,Comerciantes,Estudiantil CNI,0.0,0.0,0.0,0.0,,,,,,,,,Desconocido
1553067.0,Copa De La Liga,1232,Peru,Group Stage - 3,False,2026-06-27,2558,22479,Comerciantes Unidos,Juan Pablo II College,0.0,0.0,0.0,0.0,,,,,,,,,Desconocido
1553070.0,Copa De La Liga,1232,Peru,Group Stage - 3,False,2026-06-27,2544,2543,Sport Boys,Academia Cantolao,3.0,0.0,0.0,0.0,,,,,,,,,Desconocido
1553069.0,Copa De La Liga,1232,Peru,Group Stage - 3,False,2026-06-27,2546,2552,Sporting Cristal,Union Comercio,2.0,0.0,0.0,0.0,,,,,,,,,Desconocido
1560399.0,Liga Women,1229,Peru,Apertura - Semi-finals,True,2026-06-27,20518,27779,Alianza Lima W,U. de Deportes W,1.0,0.0,1.0,0.0,,,,,,,,,Desconocido
1536229.0,Second League - Group 1,651,Russia,Group 1 - 14,False,2026-06-27,27644,21853,FK Chayka 2,Dynamo Makhachkala II,3.0,0.0,3.0,0.0,,,,,,,,,Desconocido
1536002.0,Second League - Group 1,651,Russia,Group 1 - 14,False,2026-06-27,17680,6798,Kyzyltash,Druzhba,3.0,2.0,0.0,1.0,,,,,,,,,Desconocido
1536230.0,Second League - Group 1,651,Russia,Group 1 - 14,False,2026-06-27,27647,22171,Lugansk,Pobeda,1.0,2.0,1.0,0.0,,,,,,,,,Desconocido
1536003.0,Second League - Group 1,651,Russia,Group 1 - 14,False,2026-06-27,23316,21540,Rostov II,Astrakhan,2.0,0.0,2.0,0.0,,,,,,,,,Desconocido
1536004.0,Second League - Group 1,651,Russia,Group 1 - 14,False,2026-06-27,17682,23315,Rubin Yalta,Nart Cherkessk,1.0,2.0,0.0,1.0,,,,,,,,,Desconocido
1536001.0,Second League - Group 1,651,Russia,Group 1 - 14,False,2026-06-27,13240,23314,Sevastopol,Angust Nazran,1.0,0.0,1.0,0.0,,,,,,,,,Desconocido
1536232.0,Second League - Group 1,651,Russia,Group 1 - 14,False,2026-06-27,27648,27646,Shahter Taganrog,Izberbash,3.0,0.0,3.0,0.0,,,,,,,,,Desconocido
1536618.0,Second League - Group 3,650,Russia,Group 3 - 14,False,2026-06-27,2009,6827,Avangard Kursk,Saturn Ramenskoye,6.0,3.0,2.0,0.0,,,,,,,,,Desconocido
1536622.0,Second League - Group 3,650,Russia,Group 3 - 14,False,2026-06-27,19451,14124,FK Spartak Tambov,Volna Nizhegorodskaya,0.0,2.0,0.0,1.0,,,,,,,,,Desconocido
1536619.0,Second League - Group 3,650,Russia,Group 3 - 14,False,2026-06-27,6815,19448,Metallurg Lipetsk,Rodina Moskva III,3.0,2.0,1.0,2.0,,,,,,,,,Desconocido
1536621.0,Second League - Group 3,650,Russia,Group 3 - 14,False,2026-06-27,17721,12840,SKA Khabarovsk II,Rotor-2,3.0,2.0,1.0,0.0,,,,,,,,,Desconocido
1536616.0,Second League - Group 3,650,Russia,Group 3 - 14,False,2026-06-27,26148,6823,Shumbrat,Ryazan,2.0,0.0,1.0,0.0,,,,,,,,,Desconocido
1536617.0,Second League - Group 3,650,Russia,Group 3 - 14,False,2026-06-27,6829,6807,Strogino,Kvant,3.0,1.0,3.0,0.0,,,,,,,,,Desconocido
1536620.0,Second League - Group 3,650,Russia,Group 3 - 14,False,2026-06-27,16866,23318,Zenit Penza,Orel,3.0,1.0,1.0,0.0,,,,,,,,,Desconocido
1529956.0,Supreme Division Women,649,Russia,Regular Season - 12,False,2026-06-27,14131,14134,CSKA Moskva W,Zenit W,0.0,0.0,0.0,0.0,,,,,,,,,Desconocido
1529957.0,Supreme Division Women,649,Russia,Regular Season - 12,False,2026-06-27,21118,16492,Dinamo Moskva W,Zvezda Perm W,0.0,0.0,0.0,0.0,,,,,,,,,Desconocido
1529958.0,Supreme Division Women,649,Russia,Regular Season - 12,False,2026-06-27,21119,16490,Krylya Sovetov W,Rostov W,4.0,0.0,3.0,0.0,,,,,,,,,Desconocido
1529960.0,Supreme Division Women,649,Russia,Regular Season - 12,False,2026-06-27,16491,10885,Rubin Kazan W,Chertanovo W,2.0,2.0,0.0,1.0,,,,,,,,,Desconocido
1529961.0,Supreme Division Women,649,Russia,Regular Season - 12,False,2026-06-27,23214,14132,Spartak Moskva W,Lokomotiv Moskva W,1.0,1.0,0.0,1.0,,,,,,,,,Desconocido
1637187.0,Super League Women,1243,South-Africa,Regular season,False,2026-06-27,28355,28353,JVW FC W,Ezemvelo W,2.0,1.0,2.0,1.0,,,,,,,,,Desconocido
1637186.0,Super League Women,1243,South-Africa,Regular season,False,2026-06-27,25376,28358,Mamelodi Sundowns W,Richmond United W,5.0,0.0,2.0,0.0,,,,,,,,,Desconocido
1637185.0,Super League Women,1243,South-Africa,Regular season,False,2026-06-27,28356,25378,Pretoria U. W,UWC W,2.0,0.0,0.0,0.0,,,,,,,,,Desconocido
1520511.0,K3 League,295,South-Korea,Regular Season - 16,False,2026-06-27,7059,7112,Changwon City,Yeoju Sejong,2.0,2.0,1.0,0.0,,,,,,,,,Desconocido
1520513.0,K3 League,295,South-Korea,Regular Season - 16,False,2026-06-27,7064,7111,Chuncheon,Yangpyeong,3.0,3.0,1.0,0.0,,,,,,,,,Desconocido
1520512.0,K3 League,295,South-Korea,Regular Season - 16,False,2026-06-27,7105,25717,Siheung Citizen,Jeonbuk Motors II,1.0,1.0,0.0,0.0,,,,,,,,,Desconocido
1520514.0,K3 League,295,South-Korea,Regular Season - 16,False,2026-06-27,7108,7096,Ulsan Citizen,Mokpo City,4.0,1.0,1.0,0.0,,,,,,,,,Desconocido
1569805.0,K4 League,1234,South-Korea,Regular Season - 16,False,2026-06-27,27859,27858,Haman,Geumsan Insam,1.0,3.0,0.0,1.0,,,,,,,,,Desconocido
1569804.0,K4 League,1234,South-Korea,Regular Season - 16,False,2026-06-27,16452,27865,Jinju Citizen,Seosan Pioneer,1.0,0.0,0.0,0.0,,,,,,,,,Desconocido
1569806.0,K4 League,1234,South-Korea,Regular Season - 16,False,2026-06-27,7101,7092,Pyeongtaek Citizen,Jungnang Chorus Mustang,1.0,1.0,1.0,0.0,,,,,,,,,Desconocido
1533740.0,WK-League,660,South-Korea,Regular Season - 14,False,2026-06-27,14372,14377,Boeun Sangmu W,Incheon Red Angels W,1.0,1.0,0.0,0.0,,,,,,,,,Desconocido
1533739.0,WK-League,660,South-Korea,Regular Season - 14,False,2026-06-27,14373,14374,Changnyeong W,Gumi Sportstoto W,0.0,0.0,0.0,0.0,,,,,,,,,Desconocido
1495503.0,Damallsvenskan,549,Sweden,Regular Season - 11,False,2026-06-27,21698,11079,Malmö FF W,Kristianstad W,6.0,0.0,3.0,0.0,,,,,,,,,T. Olofsson
1510620.0,Division 2 - Norra Götaland,592,Sweden,Norra Götaland - 14,True,2026-06-27,12570,12618,Ahlafors,Tord,2.0,2.0,1.0,1.0,,,,,,,,,Desconocido
1510614.0,Division 2 - Norra Götaland,592,Sweden,Norra Götaland - 14,True,2026-06-27,6675,12571,Husqvarna,IF Karlstad II,3.0,1.0,1.0,1.0,,,,,,,,,Desconocido
1510615.0,Division 2 - Norra Götaland,592,Sweden,Norra Götaland - 14,True,2026-06-27,11673,12577,Motala,Vänersborgs FK,0.0,1.0,0.0,0.0,,,,,,,,,Desconocido
1510799.0,Division 2 - Norra Svealand,593,Sweden,Norra Svealand - 14,True,2026-06-27,25574,18427,Bollstanäs,Korsnäs,5.0,1.0,1.0,1.0,,,,,,,,,Desconocido
1510798.0,Division 2 - Norra Svealand,593,Sweden,Norra Svealand - 14,True,2026-06-27,22932,6685,Falu BS,Lidingö,2.0,0.0,1.0,0.0,,,,,,,,,Desconocido
1510797.0,Division 2 - Norra Svealand,593,Sweden,Norra Svealand - 14,True,2026-06-27,6665,20838,Franke,Viggbyholms IK,1.0,2.0,1.0,0.0,,,,,,,,,Desconocido
1510802.0,Division 2 - Norra Svealand,593,Sweden,Norra Svealand - 14,True,2026-06-27,11663,6671,Täby,Gute,2.0,1.0,0.0,1.0,,,,,,,,,Desconocido
1515766.0,Division 2 - Norrland,594,Sweden,Norrland - 14,True,2026-06-27,6679,11669,IFK Luleå,Skellefteå,0.0,1.0,0.0,0.0,,,,,,,,,Desconocido
1515767.0,Division 2 - Norrland,594,Sweden,Norrland - 14,True,2026-06-27,12587,16604,IFK Umeå,Storfors,2.0,1.0,2.0,0.0,,,,,,,,,Desconocido
1515768.0,Division 2 - Norrland,594,Sweden,Norrland - 14,True,2026-06-27,12592,11665,Täfteå,Boden,1.0,1.0,0.0,0.0,,,,,,,,,Desconocido
1515771.0,Division 2 - Norrland,594,Sweden,Norrland - 14,True,2026-06-27,11662,12586,Umea FF,Friska Viljor,3.0,3.0,2.0,0.0,,,,,,,,,Desconocido
1510970.0,Division 2 - Södra Götaland,597,Sweden,Södra Götaland - 14,True,2026-06-27,12617,26891,Räppe,Staffanstorp United,1.0,4.0,0.0,2.0,,,,,,,,,Desconocido
1510968.0,Division 2 - Södra Götaland,597,Sweden,Södra Götaland - 14,True,2026-06-27,12660,6692,Sölvesborg,Oskarshamns AIK,1.0,0.0,0.0,0.0,,,,,,,,,Desconocido
1510967.0,Division 2 - Södra Götaland,597,Sweden,Södra Götaland - 14,True,2026-06-27,12619,6683,Österlen,Karlskrona,0.0,3.0,0.0,3.0,,,,,,,,,Desconocido
1511163.0,Division 2 - Södra Svealand,595,Sweden,Södra Svealand - 14,True,2026-06-27,25570,20835,Eker Örebro,Farsta,1.0,4.0,1.0,2.0,,,,,,,,,Desconocido
1511160.0,Division 2 - Södra Svealand,595,Sweden,Södra Svealand - 14,True,2026-06-27,6672,11670,Haninge,Sleipner,6.0,1.0,3.0,0.0,,,,,,,,,Desconocido
1511342.0,Division 2 - Västra Götaland,596,Sweden,Västra Götaland - 14,True,2026-06-27,6657,25576,Astrio,Hestrafor,1.0,2.0,0.0,1.0,,,,,,,,,Desconocido
1511348.0,Division 2 - Västra Götaland,596,Sweden,Västra Götaland - 14,True,2026-06-27,14543,12620,Åstorp,Torslanda,1.0,1.0,1.0,0.0,,,,,,,,,Desconocido
1505195.0,Ettan - Norra,563,Sweden,Norra - 14,True,2026-06-27,16597,11659,Arlanda,IF Karlstad,1.0,0.0,0.0,0.0,,,,,,,,,Desconocido
1505198.0,Ettan - Norra,563,Sweden,Norra - 14,True,2026-06-27,813,6700,Gefle IF,Stocksund,2.0,1.0,0.0,1.0,,,,,,,,,Desconocido
1505201.0,Ettan - Norra,563,Sweden,Norra - 14,True,2026-06-27,12585,12578,Stockholm Internazionale,Enköping,2.0,0.0,1.0,0.0,,,,,,,,,Desconocido
1504475.0,Ettan - Södra,564,Sweden,Södra - 14,True,2026-06-27,27669,764,AFC Malmo,Jonkopings Sodra,1.0,0.0,1.0,0.0,,,,,,,,,Desconocido
1504476.0,Ettan - Södra,564,Sweden,Södra - 14,True,2026-06-27,2162,6694,Atvidabergs FF,Rosengård,3.0,3.0,3.0,2.0,,,,,,,,,Desconocido
1504479.0,Ettan - Södra,564,Sweden,Södra - 14,True,2026-06-27,12657,6706,Laholm,Utsikten,3.0,1.0,3.0,0.0,,,,,,,,,Desconocido
1504480.0,Ettan - Södra,564,Sweden,Södra - 14,True,2026-06-27,6687,6698,Lund,Skövde AIK,2.0,1.0,2.0,0.0,,,,,,,,,Desconocido
1504482.0,Ettan - Södra,564,Sweden,Södra - 14,True,2026-06-27,6702,2168,Trollhättan,Angelholms FF,1.0,1.0,0.0,0.0,,,,,,,,,Desconocido
1497623.0,Superettan,114,Sweden,Regular Season - 14,False,2026-06-27,373,376,GIF Sundsvall,Ostersunds FK,0.0,2.0,0.0,0.0,,,,,,,,,F. Oppong
1497619.0,Superettan,114,Sweden,Regular Season - 14,False,2026-06-27,2165,365,Ljungskile SK,Orebro SK,3.0,2.0,1.0,2.0,,,,,,,,,G. Maqedonci
1497620.0,Superettan,114,Sweden,Regular Season - 14,False,2026-06-27,16601,11674,United Nordic,Oddevold,3.0,3.0,2.0,0.0,,,,,,,,,J. Svraka
1497624.0,Superettan,114,Sweden,Regular Season - 14,False,2026-06-27,2171,2174,Varbergs BoIS FC,Osters IF,2.0,1.0,0.0,0.0,,,,,,,,,R. Hasani
1550072.0,Premier League,425,Syria,Regular Season - 29,False,2026-06-27,8035,9117,Al Wahda,Tishreen,1.0,0.0,1.0,0.0,,,,,,,,,Desconocido
1527710.0,Vysshaya Liga,571,Tajikistan,Regular Season - 12,False,2026-06-27,12270,12265,Barki Tajik,Khatlon,2.0,2.0,1.0,2.0,,,,,,,,,Desconocido
1527711.0,Vysshaya Liga,571,Tajikistan,Regular Season - 12,False,2026-06-27,16494,8031,Eskhata,Khujand,0.0,1.0,0.0,1.0,,,,,,,,,Desconocido
1477258.0,Ligi kuu Bara,567,Tanzania,Regular Season - 29,False,2026-06-27,12189,8057,Coastal Union,Azam,0.0,2.0,0.0,2.0,,,,,,,,,Desconocido
1477259.0,Ligi kuu Bara,567,Tanzania,Regular Season - 29,False,2026-06-27,14345,12194,Dodoma Jiji,Mbeya City,1.0,1.0,1.0,1.0,,,,,,,,,Desconocido
1477260.0,Ligi kuu Bara,567,Tanzania,Regular Season - 29,False,2026-06-27,22176,8061,Mashujaa,KMC,2.0,0.0,2.0,0.0,,,,,,,,,Desconocido
1477261.0,Ligi kuu Bara,567,Tanzania,Regular Season - 29,False,2026-06-27,12197,19838,Namungo,Fountain Gate,0.0,0.0,0.0,0.0,,,,,,,,,Desconocido
1477262.0,Ligi kuu Bara,567,Tanzania,Regular Season - 29,False,2026-06-27,24707,12190,Pamba Jiji,JKT Tanzania,1.0,2.0,1.0,1.0,,,,,,,,,Desconocido
1477263.0,Ligi kuu Bara,567,Tanzania,Regular Season - 29,False,2026-06-27,6432,24353,Simba,Singida Black Stars,2.0,0.0,1.0,0.0,,,,,,,,,Desconocido
1477264.0,Ligi kuu Bara,567,Tanzania,Regular Season - 29,False,2026-06-27,12202,12195,Tanzania Prisons,Mtibwa Sugar,2.0,1.0,0.0,0.0,,,,,,,,,Desconocido
1477265.0,Ligi kuu Bara,567,Tanzania,Regular Season - 29,False,2026-06-27,5370,22175,Young Africans,Tabora United,3.0,0.0,1.0,0.0,,,,,,,,,Desconocido
1513180.0,MLS Next Pro,909,USA,Group Stage,False,2026-06-27,3986,21139,Atlanta United II,Crown Legacy,3.0,3.0,2.0,2.0,,,,,,,,,Desconocido
1513181.0,MLS Next Pro,909,USA,Group Stage,False,2026-06-27,9073,4040,Chattanooga,Chicago Fire II,2.0,2.0,1.0,0.0,,,,,,,,,Desconocido
1513183.0,MLS Next Pro,909,USA,Group Stage,False,2026-06-27,4102,4028,Colorado Rapids II,Vancouver Whitecaps II,1.0,0.0,0.0,0.0,,,,,,,,,Desconocido
1513179.0,MLS Next Pro,909,USA,Group Stage,False,2026-06-27,4011,18816,Portland Timbers II,The Town,2.0,3.0,1.0,1.0,,,,,,,,,Desconocido
1513182.0,MLS Next Pro,909,USA,Group Stage,False,2026-06-27,3997,4012,Ventura County,Real Monarchs,3.0,1.0,0.0,1.0,,,,,,,,,Desconocido
1525127.0,USL League Two,256,USA,Group Stage,False,2026-06-27,23970,27519,Akron City,Lorain County Leviathan,4.0,0.0,3.0,0.0,,,,,,,,,Desconocido
1525122.0,USL League Two,256,USA,Group Stage,False,2026-06-27,23109,18908,Almaden,Project 51O,2.0,1.0,1.0,0.0,,,,,,,,,Desconocido
1525153.0,USL League Two,256,USA,Group Stage,False,2026-06-27,23971,9041,Annapolis Blues,Christos,6.0,2.0,2.0,1.0,,,,,,,,,Desconocido
1525154.0,USL League Two,256,USA,Group Stage,False,2026-06-27,27513,18907,Bethesda SC,Patuxent,1.0,0.0,1.0,0.0,,,,,,,,,Desconocido
1525128.0,USL League Two,256,USA,Group Stage,False,2026-06-27,9071,27514,Boston City,Connecticut Rush,1.0,1.0,1.0,1.0,,,,,,,,,Desconocido
1525117.0,USL League Two,256,USA,Group Stage,False,2026-06-27,17019,23227,Buffalo,Steel City,1.0,1.0,0.0,0.0,,,,,,,,,Desconocido
1525131.0,USL League Two,256,USA,Group Stage,False,2026-06-27,18893,10490,Davis Legacy,Sportivo San Juan,2.0,2.0,1.0,1.0,,,,,,,,,Desconocido
1525132.0,USL League Two,256,USA,Group Stage,False,2026-06-27,25938,16686,Delaware FC,Real Central New Jersey,5.0,1.0,3.0,0.0,,,,,,,,,Desconocido
1525143.0,USL League Two,256,USA,Group Stage,False,2026-06-27,4047,10101,Des Moines Menace,Peoria,1.0,2.0,0.0,1.0,,,,,,,,,Desconocido
1525115.0,USL League Two,256,USA,Group Stage,False,2026-06-27,27515,18889,Edgewater Castle,Chicago Dutch Lions,0.0,5.0,0.0,3.0,,,,,,,,,Desconocido
1525133.0,USL League Two,256,USA,Group Stage,False,2026-06-27,18895,18891,Flatirons Rush,Colorado ISA,3.0,3.0,3.0,1.0,,,,,,,,,Desconocido
1525134.0,USL League Two,256,USA,Group Stage,False,2026-06-27,4052,10100,Flint City Bucks,Oakland County,1.0,1.0,0.0,0.0,,,,,,,,,Desconocido
1525135.0,USL League Two,256,USA,Group Stage,False,2026-06-27,23993,10096,Hickory,Charlotte Independence 2,0.0,2.0,0.0,1.0,,,,,,,,,Desconocido
1525136.0,USL League Two,256,USA,Group Stage,False,2026-06-27,27516,13192,Hill City,Virginia Beach City,1.0,2.0,0.0,1.0,,,,,,,,,Desconocido
1525137.0,USL League Two,256,USA,Group Stage,False,2026-06-27,23118,18896,Hill Country Lobos,Houston Sur,4.0,0.0,3.0,0.0,,,,,,,,,Desconocido
1525155.0,USL League Two,256,USA,Group Stage,False,2026-06-27,18897,16682,Hudson Valley Hammers,Morris Elite,4.0,3.0,1.0,1.0,,,,,,,,,Desconocido
1525012.0,USL League Two,256,USA,Group Stage,False,2026-06-27,23119,27523,Inter Gainesville,Sporting Jax 2,4.0,1.0,2.0,1.0,,,,,,,,,Desconocido
1525138.0,USL League Two,256,USA,Group Stage,False,2026-06-27,18898,9065,Lansing City,AFC Ann Arbor,2.0,5.0,1.0,2.0,,,,,,,,,Desconocido
1525158.0,USL League Two,256,USA,Group Stage,False,2026-06-27,9028,4032,Laredo Heat,AHFC Royals,1.0,0.0,1.0,0.0,,,,,,,,,Desconocido
1525139.0,USL League Two,256,USA,Group Stage,False,2026-06-27,9029,25946,Little Rock Rangers,Red River,3.0,1.0,1.0,1.0,,,,,,,,,Desconocido
1525140.0,USL League Two,256,USA,Group Stage,False,2026-06-27,25942,4056,Lonestar,Houston FC,2.0,1.0,1.0,0.0,,,,,,,,,Desconocido
1525141.0,USL League Two,256,USA,Group Stage,False,2026-06-27,27520,21293,Loudoun 2,Virginia Marauders,4.0,0.0,2.0,0.0,,,,,,,,,Desconocido
1525118.0,USL League Two,256,USA,Group Stage,False,2026-06-27,10098,25941,Louisville City II,Kings Hammer Columbus,2.0,0.0,1.0,0.0,,,,,,,,,Desconocido
1525142.0,USL League Two,256,USA,Group Stage,False,2026-06-27,23224,25487,Lubbock Matadors,Texoma,1.0,2.0,0.0,0.0,,,,,,,,,Desconocido
1525125.0,USL League Two,256,USA,Group Stage,False,2026-06-27,23120,18882,Midlakes United,Ballard,2.0,3.0,1.0,2.0,,,,,,,,,Desconocido
1525144.0,USL League Two,256,USA,Group Stage,False,2026-06-27,4064,27517,Mississippi Brilla,Jackson Boom,4.0,1.0,3.0,1.0,,,,,,,,,Desconocido
1525116.0,USL League Two,256,USA,Group Stage,False,2026-06-27,9086,21283,New Jersey Copa,Ironbound,1.0,2.0,0.0,1.0,,,,,,,,,Desconocido
1525126.0,USL League Two,256,USA,Group Stage,False,2026-06-27,26805,20961,Port City,Appalachian,0.0,3.0,0.0,2.0,,,,,,,,,Desconocido
1525415.0,USL League Two,256,USA,Group Stage,False,2026-06-27,4075,23825,Reading United,PA Classics,8.0,2.0,2.0,1.0,,,,,,,,,Desconocido
1525416.0,USL League Two,256,USA,Group Stage,False,2026-06-27,13200,23127,Real Colorado Foxes,Utah United,1.0,3.0,1.0,1.0,,,,,,,,,Desconocido
1525145.0,USL League Two,256,USA,Group Stage,False,2026-06-27,21287,25951,Redlands,Stars FC,1.0,1.0,0.0,1.0,,,,,,,,,Desconocido
1525123.0,USL League Two,256,USA,Group Stage,False,2026-06-27,23121,10069,River Light,Minneapolis City,2.0,5.0,0.0,3.0,,,,,,,,,Desconocido
1525120.0,USL League Two,256,USA,Group Stage,False,2026-06-27,21288,27526,Rochester,Rockford Raptors,0.0,2.0,0.0,1.0,,,,,,,,,Desconocido
1525147.0,USL League Two,256,USA,Group Stage,False,2026-06-27,4076,4066,SC United Bantams,North Carolina Fusion,3.0,3.0,2.0,3.0,,,,,,,,,Desconocido
1525146.0,USL League Two,256,USA,Group Stage,False,2026-06-27,27525,25940,San Antonio FC 2,GFI,2.0,2.0,1.0,1.0,,,,,,,,,Desconocido
1525148.0,USL League Two,256,USA,Group Stage,False,2026-06-27,27524,18903,Shark Coast,Nona,3.0,2.0,2.0,2.0,,,,,,,,,Desconocido
1525149.0,USL League Two,256,USA,Group Stage,False,2026-06-27,25950,25949,St. Louis Ambush,Springfield,0.0,3.0,0.0,1.0,,,,,,,,,Desconocido
1525124.0,USL League Two,256,USA,Group Stage,False,2026-06-27,23122,4062,Staten Island Athletic,Long Island Rough Riders,0.0,6.0,0.0,3.0,,,,,,,,,Desconocido
1525150.0,USL League Two,256,USA,Group Stage,False,2026-06-27,24029,25947,Sunflower State,Santafé Wanderers,0.0,5.0,0.0,2.0,,,,,,,,,Desconocido
1525129.0,USL League Two,256,USA,Group Stage,False,2026-06-27,4087,23112,The Villages,Brooke House,4.0,1.0,0.0,0.0,,,,,,,,,Desconocido
1525151.0,USL League Two,256,USA,Group Stage,False,2026-06-27,4089,4097,Tobacco Road,Wake,2.0,3.0,1.0,1.0,,,,,,,,,Desconocido
1525152.0,USL League Two,256,USA,Group Stage,False,2026-06-27,16690,25945,Toledo Villa,Northern Indiana,2.0,3.0,1.0,1.0,,,,,,,,,Desconocido
1525157.0,USL League Two,256,USA,Group Stage,False,2026-06-27,24018,10066,West Texas,Denton Diablos,5.0,5.0,1.0,2.0,,,,,,,,,Desconocido
1525121.0,USL League Two,256,USA,Group Stage,False,2026-06-27,4098,4045,West Virginia Alliance,Dayton Dutch Lions,2.0,1.0,1.0,0.0,,,,,,,,,Desconocido
1525156.0,USL League Two,256,USA,Group Stage,False,2026-06-27,4099,4038,Westchester Flames,Cedar Stars Rush,0.0,1.0,0.0,1.0,,,,,,,,,Desconocido
1532303.0,USL W League,1117,USA,Regular Season - 1,False,2026-06-27,25858,25851,Annapolis Blues W,Norfolk W,4.0,0.0,,,,,,,,,,,Desconocido
1532310.0,USL W League,1117,USA,Regular Season - 1,False,2026-06-27,25842,23959,Carolina Ascent II W,SC United Bantams W,2.0,2.0,,,,,,,,,,,Desconocido
1532404.0,USL W League,1117,USA,Regular Season - 1,False,2026-06-27,23896,27610,Challenge W,Hill Country Linces W,5.0,2.0,,,,,,,,,,,Desconocido
1532299.0,USL W League,1117,USA,Regular Season - 1,False,2026-06-27,23941,25859,Cleveland Force W,Buffalo W,4.0,1.0,,,,,,,,,,,Desconocido
1532309.0,USL W League,1117,USA,Regular Season - 1,False,2026-06-27,23943,25863,Detroit City W,Union Macomb W,1.0,3.0,,,,,,,,,,,Desconocido
1532301.0,USL W League,1117,USA,Regular Season - 1,False,2026-06-27,25843,25844,Erie Sports Center W,Flower City 1872 W,3.0,3.0,,,,,,,,,,,Desconocido
1532306.0,USL W League,1117,USA,Regular Season - 1,False,2026-06-27,23901,23942,Flatirons II W,Colorado ISA W,1.0,1.0,,,,,,,,,,,Desconocido
1532406.0,USL W League,1117,USA,Regular Season - 1,False,2026-06-27,27609,23857,Los Angeles SC W,SoCal Dutch Lions W,1.0,0.0,,,,,,,,,,,Desconocido
1532405.0,USL W League,1117,USA,Regular Season - 1,False,2026-06-27,27612,23918,Monterey Bay FC W,Pleasanton Rage W,3.0,2.0,,,,,,,,,,,Desconocido
1532305.0,USL W League,1117,USA,Regular Season - 1,False,2026-06-27,23911,23897,NC Courage II W,Charlotte Eagles II W,0.0,4.0,,,,,,,,,,,Desconocido
1532469.0,USL W League,1117,USA,Regular Season - 1,False,2026-06-27,27613,27744,New England Mutiny W,Vermont Green W,0.0,3.0,,,,,,,,,,,Desconocido
1532302.0,USL W League,1117,USA,Regular Season - 1,False,2026-06-27,25860,23953,New Jersey Copa W,Morris Elite W,3.0,2.0,,,,,,,,,,,Desconocido
1532308.0,USL W League,1117,USA,Regular Season - 1,False,2026-06-27,25852,25861,Pittsburgh Riveters W,Steel City W,5.0,0.0,,,,,,,,,,,Desconocido
1532304.0,USL W League,1117,USA,Regular Season - 1,False,2026-06-27,16488,25862,Racing Louisville W,Toledo Villa W,3.0,0.0,,,,,,,,,,,Desconocido
1532470.0,USL W League,1117,USA,Regular Season - 1,False,2026-06-27,27617,25864,Real Colorado W,Utah United W,3.0,0.0,,,,,,,,,,,Desconocido
1532300.0,USL W League,1117,USA,Regular Season - 1,False,2026-06-27,23921,23936,Richmond Ivy W,Charlottesville Blues W,3.0,0.0,,,,,,,,,,,Desconocido
1532363.0,USL W League,1117,USA,Regular Season - 1,False,2026-06-27,23958,27749,Rochester W,Rockford Raptors W,1.0,3.0,,,,,,,,,,,Desconocido
1532311.0,USL W League,1117,USA,Regular Season - 1,False,2026-06-27,25854,23893,San Juan SC W,California Storm II W,0.0,0.0,,,,,,,,,,,Desconocido
1532307.0,USL W League,1117,USA,Regular Season - 1,False,2026-06-27,25929,25934,Sta Clarita Blue Heat W,AMSG W,7.0,0.0,,,,,,,,,,,Desconocido
1532312.0,USL W League,1117,USA,Regular Season - 1,False,2026-06-27,23924,23908,Stockton Cargo W,Marin FC Siren W,3.0,2.0,,,,,,,,,,,Desconocido
1532322.0,USL W League,1117,USA,Regular Season - 1,False,2026-06-27,23925,25845,TLH Reckoning W,Fort Lauderdale Utd II W,2.0,0.0,,,,,,,,,,,Desconocido
1532471.0,USL W League,1117,USA,Regular Season - 1,False,2026-06-27,25865,27614,Virginia Beach United W,Virginia Development Academy W,1.0,3.0,,,,,,,,,,,Desconocido
1556616.0,Segunda División,269,Uruguay,2nd Phase - 8,True,2026-06-27,2364,2374,Atenas,Tacuarembo,2.0,0.0,2.0,0.0,,,,,,,,,Desconocido
1556619.0,Segunda División,269,Uruguay,2nd Phase - 8,True,2026-06-27,19410,2373,Paysandu,Miramar,2.0,3.0,1.0,0.0,,,,,,,,,Desconocido
1556618.0,Segunda División,269,Uruguay,2nd Phase - 8,True,2026-06-27,2377,2371,Sportivo Huracan,Rentistas,1.0,2.0,0.0,1.0,,,,,,,,,Desconocido
1556617.0,Segunda División,269,Uruguay,2nd Phase - 8,True,2026-06-27,16740,2357,Uruguay Montevideo,Fenix,3.0,2.0,1.0,2.0,,,,,,,,,Desconocido
1564788.0,All-Island Cup - Women,1013,World,Semi-finals,True,2026-06-27,21491,15494,Galway United W,Peamount United W,1.0,1.0,0.0,1.0,,,,,,,,,Desconocido
1564787.0,All-Island Cup - Women,1013,World,Semi-finals,True,2026-06-27,19837,21485,Shelbourne W,Bohemians WFC W,4.0,0.0,1.0,0.0,,,,,,,,,Desconocido
1548717.0,Friendlies Clubs,667,World,Club Friendlies,True,2026-06-27,655,10538,AS Trencin,Petržalka,4.0,2.0,0.0,1.0,,,,,,,,,Desconocido
1554557.0,Friendlies Clubs,667,World,Club Friendlies,True,2026-06-27,19189,5000,ASV Salzburg,Austria Salzburg,1.0,5.0,1.0,2.0,,,,,,,,,Desconocido
1547864.0,Friendlies Clubs,667,World,Club Friendlies,True,2026-06-27,406,2070,Aarhus,Viborg,1.0,1.0,1.0,1.0,,,,,,,,,Desconocido
1548721.0,Friendlies Clubs,667,World,Club Friendlies,True,2026-06-27,4668,6767,Airdrie United,Elgin City,1.0,1.0,1.0,1.0,,,,,,,,,Desconocido
1567476.0,Friendlies Clubs,667,World,Club Friendly,True,2026-06-27,1085,2633,Akhmat,OFK Beograd,3.0,0.0,2.0,0.0,,,,,,,,,Desconocido
1554563.0,Friendlies Clubs,667,World,Club Friendlies,True,2026-06-27,6757,6778,Annan Athletic,Queen's Park,0.0,0.0,0.0,0.0,,,,,,,,,Desconocido
1547868.0,Friendlies Clubs,667,World,Club Friendlies,True,2026-06-27,14621,19759,Ansbach,Kornburg,4.0,0.0,0.0,0.0,,,,,,,,,Desconocido
1560450.0,Friendlies Clubs,667,World,Club Friendlies,True,2026-06-27,3683,702,Ararat-Armenia,Vojvodina,1.0,1.0,1.0,0.0,,,,,,,,,Desconocido
1554556.0,Friendlies Clubs,667,World,Club Friendlies,True,2026-06-27,4249,251,Arbroath,ST Mirren,2.0,4.0,1.0,2.0,,,,,,,,,Desconocido
1550482.0,Friendlies Clubs,667,World,Club Friendlies,True,2026-06-27,1387,22024,Ayr Utd,Glenafton Athletic,3.0,0.0,2.0,0.0,,,,,,,,,Desconocido
1548727.0,Friendlies Clubs,667,World,Club Friendlies,True,2026-06-27,1636,348,BFC Dynamo,Pogon Szczecin,0.0,3.0,0.0,1.0,,,,,,,,,Desconocido
1548722.0,Friendlies Clubs,667,World,Club Friendlies,True,2026-06-27,352,5611,Bala Town,Colwyn Bay,0.0,4.0,0.0,2.0,,,,,,,,,Desconocido
1548723.0,Friendlies Clubs,667,World,Club Friendlies,True,2026-06-27,6729,6777,Banks O' Dee,Peterhead,0.0,3.0,0.0,1.0,,,,,,,,,Desconocido
1547869.0,Friendlies Clubs,667,World,Club Friendlies,True,2026-06-27,4674,339,Bayern München II,Legia Warszawa,0.0,2.0,0.0,1.0,,,,,,,,,Desconocido
1554558.0,Friendlies Clubs,667,World,Club Friendlies,True,2026-06-27,9325,19758,Bayreuth,ASV Neumarkt,5.0,0.0,3.0,0.0,,,,,,,,,Desconocido
1567478.0,Friendlies Clubs,667,World,Club Friendly,True,2026-06-27,634,12733,Botev Plovdiv,Ballkani,2.0,0.0,1.0,0.0,,,,,,,,,Desconocido
1560451.0,Friendlies Clubs,667,World,Club Friendlies,True,2026-06-27,4359,561,Bravo,HNK Rijeka,1.0,2.0,0.0,2.0,,,,,,,,,Desconocido
1554562.0,Friendlies Clubs,667,World,Club Friendlies,True,2026-06-27,1390,4610,Brechin,St. Andrews,2.0,1.0,2.0,0.0,,,,,,,,,Desconocido
1560453.0,Friendlies Clubs,667,World,Club Friendlies,True,2026-06-27,576,2394,Budapest Honved,Kisvarda FC,2.0,1.0,1.0,1.0,,,,,,,,,Desconocido
1567477.0,Friendlies Clubs,667,World,Club Friendly,True,2026-06-27,579,3742,Buducnost Podgorica,Arsenal Tivat,4.0,1.0,1.0,1.0,,,,,,,,,Desconocido
1567458.0,Friendlies Clubs,667,World,Club Friendly,True,2026-06-27,1415,8550,CSKA Sofia II,Sportist Svoge,2.0,1.0,0.0,1.0,,,,,,,,,Desconocido
1567481.0,Friendlies Clubs,667,World,Club Friendly,True,2026-06-27,10673,130,Cascavel,Gremio,1.0,2.0,1.0,1.0,,,,,,,,,Desconocido
1554545.0,Friendlies Clubs,667,World,Club Friendlies,True,2026-06-27,4360,609,Celje,Shkendija,1.0,0.0,0.0,0.0,,,,,,,,,Desconocido
1547870.0,Friendlies Clubs,667,World,Club Friendlies,True,2026-06-27,7435,903,Clachnacuddin,Inverness CT,1.0,3.0,0.0,1.0,,,,,,,,,Desconocido
1550488.0,Friendlies Clubs,667,World,Club Friendlies,True,2026-06-27,6762,1388,Clyde,Dunfermline,1.0,2.0,1.0,2.0,,,,,,,,,Desconocido
1567468.0,Friendlies Clubs,667,World,Club Friendly,True,2026-06-27,21511,24432,Coburg,Eintracht Münchberg,0.0,2.0,0.0,1.0,,,,,,,,,Desconocido
1554559.0,Friendlies Clubs,667,World,Club Friendlies,True,2026-06-27,6763,252,Cove Rangers,Aberdeen,0.0,1.0,0.0,1.0,,,,,,,,,Desconocido
1554560.0,Friendlies Clubs,667,World,Club Friendlies,True,2026-06-27,14157,734,Diksmuide,Kortrijk,1.0,5.0,0.0,2.0,,,,,,,,,Desconocido
1554535.0,Friendlies Clubs,667,World,Club Friendlies,True,2026-06-27,2393,3552,Diosgyori VTK,Zemplín Michalovce,1.0,0.0,1.0,0.0,,,,,,,,,Desconocido
1547866.0,Friendlies Clubs,667,World,Club Friendlies,True,2026-06-27,409,9373,Dordrecht,Schalke 04 II,3.0,0.0,1.0,0.0,,,,,,,,,Desconocido
1546598.0,Friendlies Clubs,667,World,Club Friendlies,True,2026-06-27,2257,2646,Dunajska Streda,TSC Backa Topola,2.0,1.0,1.0,1.0,,,,,,,,,Desconocido
1560452.0,Friendlies Clubs,667,World,Club Friendlies,True,2026-06-27,1088,3985,Dynamo,Torpedo Moskva,0.0,2.0,0.0,2.0,,,,,,,,,Desconocido
1554564.0,Friendlies Clubs,667,World,Club Friendlies,True,2026-06-27,6765,6773,East Kilbride,Kelty Hearts,4.0,0.0,3.0,0.0,,,,,,,,,Desconocido
1547863.0,Friendlies Clubs,667,World,Club Friendlies,True,2026-06-27,403,395,Esbjerg,Vejle,3.0,3.0,0.0,1.0,,,,,,,,,Desconocido
1567457.0,Friendlies Clubs,667,World,Club Friendly,True,2026-06-27,22000,14894,FC Bacau,FCM Ungheni,1.0,0.0,0.0,0.0,,,,,,,,,Desconocido
1562837.0,Friendlies Clubs,667,World,Club Friendlies,True,2026-06-27,2581,3327,FC Botosani,Egnatia Rrogozhinë,1.0,3.0,,,,,,,,,,,Desconocido
1547871.0,Friendlies Clubs,667,World,Club Friendlies,True,2026-06-27,400,2240,FC Copenhagen,Mjallby AIF,5.0,3.0,3.0,2.0,,,,,,,,,Desconocido
1560470.0,Friendlies Clubs,667,World,Club Friendlies,True,2026-06-27,2298,2312,FC Juarez,Atlante FC,2.0,0.0,0.0,0.0,,,,,,,,,Desconocido
1550486.0,Friendlies Clubs,667,World,Club Friendlies,True,2026-06-27,606,1015,FC Lugano,Neuchatel Xamax FC,2.0,1.0,1.0,1.0,,,,,,,,,Desconocido
1546592.0,Friendlies Clubs,667,World,Club Friendlies,True,2026-06-27,644,4269,FC Luzern,Stade Lausanne-Ouchy,3.0,2.0,1.0,2.0,,,,,,,,,Desconocido
1554550.0,Friendlies Clubs,667,World,Club Friendlies,True,2026-06-27,398,404,FC Nordsjaelland,AC Horsens,1.0,1.0,0.0,1.0,,,,,,,,,Desconocido
1546596.0,Friendlies Clubs,667,World,Club Friendlies,True,2026-06-27,1011,618,FC ST. Gallen,SCR Altach,3.0,2.0,2.0,1.0,,,,,,,,,Desconocido
1550489.0,Friendlies Clubs,667,World,Club Friendlies,True,2026-06-27,630,6654,FC Sion,Étoile Carouge,7.0,0.0,3.0,0.0,,,,,,,,,Desconocido
1554539.0,Friendlies Clubs,667,World,Club Friendlies,True,2026-06-27,783,2182,FC Zurich,FC Schaffhausen,3.0,2.0,2.0,0.0,,,,,,,,,Desconocido
1567469.0,Friendlies Clubs,667,World,Club Friendly,True,2026-06-27,1122,640,FK Jablonec,Mlada Boleslav,5.0,0.0,3.0,0.0,,,,,,,,,Desconocido
1554565.0,Friendlies Clubs,667,World,Club Friendlies,True,2026-06-27,2596,21836,Farul Constanta,Fratria,1.0,1.0,0.0,1.0,,,,,,,,,Desconocido
1567470.0,Friendlies Clubs,667,World,Club Friendly,True,2026-06-27,5614,5623,Flint Town United,Rhyl,3.0,2.0,2.0,2.0,,,,,,,,,Desconocido
1548724.0,Friendlies Clubs,667,World,Club Friendlies,True,2026-06-27,4250,4251,Forfar Athletic,Montrose,1.0,1.0,0.0,0.0,,,,,,,,,Desconocido
1554561.0,Friendlies Clubs,667,World,Club Friendlies,True,2026-06-27,7441,902,Forres Mechanics,Ross County,1.0,5.0,,,,,,,,,,,Desconocido
1554566.0,Friendlies Clubs,667,World,Club Friendlies,True,2026-06-27,6769,6755,Fraserburgh,Aberdeen U21,3.0,1.0,2.0,1.0,,,,,,,,,Desconocido
1554567.0,Friendlies Clubs,667,World,Club Friendlies,True,2026-06-27,7443,6766,Gala Fairydean Rovers,Edinburgh City,3.0,3.0,1.0,1.0,,,,,,,,,Desconocido
1546595.0,Friendlies Clubs,667,World,Club Friendlies,True,2026-06-27,366,2159,IFK Goteborg,Ham-Kam,1.0,2.0,1.0,0.0,,,,,,,,,Desconocido
1560455.0,Friendlies Clubs,667,World,Club Friendlies,True,2026-06-27,9330,14512,Illertissen,Nordlingen,2.0,1.0,1.0,1.0,,,,,,,,,Desconocido
1560454.0,Friendlies Clubs,667,World,Club Friendlies,True,2026-06-27,10547,10545,Inter Bratislava,Šamorín,2.0,0.0,1.0,0.0,,,,,,,,,Desconocido
1560456.0,Friendlies Clubs,667,World,Club Friendlies,True,2026-06-27,374,371,Kalmar FF,IF Brommapojkarna,2.0,0.0,2.0,0.0,,,,,,,,,Desconocido
1562842.0,Friendlies Clubs,667,World,Club Friendlies,True,2026-06-27,5344,11112,Knockbreda,Bangor,0.0,5.0,0.0,1.0,,,,,,,,,Desconocido
1560457.0,Friendlies Clubs,667,World,Club Friendlies,True,2026-06-27,4374,3339,Koper,Vllaznia Shkodër,4.0,2.0,2.0,1.0,,,,,,,,,Desconocido
1554569.0,Friendlies Clubs,667,World,Club Friendlies,True,2026-06-27,14504,1013,Kreuzlingen,Grasshoppers,0.0,4.0,0.0,1.0,,,,,,,,,Desconocido
1548725.0,Friendlies Clubs,667,World,Club Friendlies,True,2026-06-27,320,757,Kristiansund BK,Aalesund,0.0,3.0,0.0,1.0,,,,,,,,,Desconocido
1567472.0,Friendlies Clubs,667,World,Club Friendly,True,2026-06-27,6489,3625,Kryvbas KR,Inhulets,1.0,2.0,1.0,1.0,,,,,,,,,Desconocido
1554548.0,Friendlies Clubs,667,World,Club Friendlies,True,2026-06-27,17161,608,LNZ Cherkasy,HNK Hajduk Split,0.0,1.0,0.0,1.0,,,,,,,,,Desconocido
1560468.0,Friendlies Clubs,667,World,Club Friendlies,True,2026-06-27,2249,574,La Fiorita,Vardar Skopje,1.0,1.0,1.0,0.0,,,,,,,,,Desconocido
1567465.0,Friendlies Clubs,667,World,Club Friendly,True,2026-06-27,14717,12850,Landsberg,Schwabmünchen,4.0,1.0,3.0,1.0,,,,,,,,,Desconocido
1546597.0,Friendlies Clubs,667,World,Club Friendlies,True,2026-06-27,1014,16332,Lausanne,La Sarraz-Eclépens,3.0,0.0,2.0,0.0,,,,,,,,,Desconocido
1554547.0,Friendlies Clubs,667,World,Club Friendlies,True,2026-06-27,343,2598,Lechia Gdansk,Petrolul Ploiesti,0.0,5.0,0.0,2.0,,,,,,,,,Desconocido
1550490.0,Friendlies Clubs,667,World,Club Friendlies,True,2026-06-27,2289,2299,Leon,Mineros de Zacatecas,7.0,4.0,,,,,,,,,,,Desconocido
1548712.0,Friendlies Clubs,667,World,Club Friendlies,True,2026-06-27,646,859,Levski Sofia,Botev Vratsa,1.0,1.0,0.0,0.0,,,,,,,,,Desconocido
1554536.0,Friendlies Clubs,667,World,Club Friendlies,True,2026-06-27,10536,12834,Liptovský Mikuláš,Podhale Nowy Targ,2.0,0.0,2.0,0.0,,,,,,,,,Desconocido
1548726.0,Friendlies Clubs,667,World,Club Friendlies,True,2026-06-27,255,253,Livingston,Dundee,2.0,0.0,0.0,0.0,,,,,,,,,Desconocido
1560465.0,Friendlies Clubs,667,World,Club Friendlies,True,2026-06-27,362,8997,Llandudno,Whitchurch Alport,5.0,2.0,4.0,0.0,,,,,,,,,Desconocido
1554568.0,Friendlies Clubs,667,World,Club Friendlies,True,2026-06-27,597,6822,Lokomotiv,Rodina Moskva,0.0,0.0,0.0,0.0,,,,,,,,,Desconocido
1554540.0,Friendlies Clubs,667,World,Club Friendlies,True,2026-06-27,12809,14754,Luckenwalde,RSV Eintracht,0.0,0.0,0.0,0.0,,,,,,,,,Desconocido
1554549.0,Friendlies Clubs,667,World,Club Friendlies,True,2026-06-27,2637,3741,Macva,Petrovac,0.0,0.0,0.0,0.0,,,,,,,,,Desconocido
1550483.0,Friendlies Clubs,667,World,Club Friendlies,True,2026-06-27,5867,6220,Malmundaria,Liège,0.0,7.0,,,,,,,,,,,Desconocido
1554577.0,Friendlies Clubs,667,World,Club Friendlies,True,2026-06-27,5871,631,Merelbeke,Gent,1.0,6.0,0.0,3.0,,,,,,,,,Desconocido
1560458.0,Friendlies Clubs,667,World,Club Friendlies,True,2026-06-27,6875,21686,Metalul Buzău,Ştefăneşti,4.0,2.0,2.0,0.0,,,,,,,,,Desconocido
1548714.0,Friendlies Clubs,667,World,Club Friendlies,True,2026-06-27,2389,10534,Mezokovesd-zsory,FK Košice,2.0,3.0,1.0,1.0,,,,,,,,,Desconocido
1560459.0,Friendlies Clubs,667,World,Club Friendlies,True,2026-06-27,14562,635,Motor Lublin,Dinamo Bucuresti,3.0,1.0,1.0,1.0,,,,,,,,,Desconocido
1562838.0,Friendlies Clubs,667,World,Club Friendlies,True,2026-06-27,1017,1483,NK Lokomotiva Zagreb,NK Varazdin,2.0,1.0,1.0,0.0,,,,,,,,,Desconocido
1567475.0,Friendlies Clubs,667,World,Club Friendly,True,2026-06-27,4376,2578,Nafta,FC Voluntari,0.0,3.0,0.0,1.0,,,,,,,,,Desconocido
1567464.0,Friendlies Clubs,667,World,Club Friendly,True,2026-06-27,9332,7307,Nürnberg II,Kladno,1.0,1.0,1.0,0.0,,,,,,,,,Desconocido
1547874.0,Friendlies Clubs,667,World,Club Friendlies,True,2026-06-27,3717,3725,Opava,Prostějov,1.0,1.0,0.0,1.0,,,,,,,,,Desconocido
1554542.0,Friendlies Clubs,667,World,Club Friendlies,True,2026-06-27,9356,9349,Optik Rathenow,Altglienicke,0.0,1.0,0.0,0.0,,,,,,,,,Desconocido
1547867.0,Friendlies Clubs,667,World,Club Friendlies,True,2026-06-27,2390,10535,Paks,Komárno,4.0,1.0,2.0,1.0,,,,,,,,,Desconocido
1547861.0,Friendlies Clubs,667,World,Club Friendlies,True,2026-06-27,567,4257,Plzen,Artis,4.0,2.0,0.0,1.0,,,,,,,,,Desconocido
1554574.0,Friendlies Clubs,667,World,Club Friendlies,True,2026-06-27,3548,10550,Podbrezová,Tatran Prešov,5.0,0.0,1.0,0.0,,,,,,,,,Desconocido
1546593.0,Friendlies Clubs,667,World,Club Friendlies,True,2026-06-27,6947,6961,Pogoń Siedlce,Unia Skierniewice,0.0,3.0,0.0,0.0,,,,,,,,,Desconocido
1567456.0,Friendlies Clubs,667,World,Club Friendly,True,2026-06-27,4134,14942,Pohronie,Baník Lehota p.Vtáčnikom,0.0,1.0,0.0,0.0,,,,,,,,,Desconocido
1548728.0,Friendlies Clubs,667,World,Club Friendlies,True,2026-06-27,19794,901,Pollok,Partick,0.0,0.0,0.0,0.0,,,,,,,,,Desconocido
1554537.0,Friendlies Clubs,667,World,Club Friendlies,True,2026-06-27,14062,8621,Považská Bystrica,Baník Ostrava II,1.0,4.0,1.0,2.0,,,,,,,,,Desconocido
1567460.0,Friendlies Clubs,667,World,Club Friendly,True,2026-06-27,658,2035,Progres Niederkorn,UN Kaerjeng 97,0.0,3.0,0.0,1.0,,,,,,,,,Desconocido
1550484.0,Friendlies Clubs,667,World,Club Friendlies,True,2026-06-27,3490,21660,Puszcza Niepołomice,Star Starachowice,3.0,0.0,1.0,0.0,,,,,,,,,Desconocido
1547884.0,Friendlies Clubs,667,World,Club Friendlies,True,2026-06-27,1384,357,Queen of the South,GAP Connah S Quay FC,0.0,1.0,0.0,1.0,,,,,,,,,Desconocido
1567463.0,Friendlies Clubs,667,World,Club Friendly,True,2026-06-27,2030,2042,Racing FC Union Luxembourg,Etzella Ettelbruck,3.0,1.0,0.0,1.0,,,,,,,,,Desconocido
1550485.0,Friendlies Clubs,667,World,Club Friendlies,True,2026-06-27,5907,600,Racing Waregem,Zulte Waregem,0.0,6.0,0.0,1.0,,,,,,,,,Desconocido
1567480.0,Friendlies Clubs,667,World,Club Friendly,True,2026-06-27,2644,2649,Radnicki 1923,Borac Cacak,2.0,0.0,2.0,0.0,,,,,,,,,Desconocido
1560460.0,Friendlies Clubs,667,World,Club Friendlies,True,2026-06-27,1385,248,Raith Rovers,Hamilton Academical,2.0,2.0,0.0,2.0,,,,,,,,,Desconocido
1547873.0,Friendlies Clubs,667,World,Club Friendlies,True,2026-06-27,3491,349,Raków Częstochowa,Piast Gliwice,2.0,0.0,1.0,0.0,,,,,,,,,Desconocido
1548716.0,Friendlies Clubs,667,World,Club Friendlies,True,2026-06-27,781,1395,Rapid Vienna,Floridsdorfer AC,4.0,1.0,3.0,1.0,,,,,,,,,Desconocido
1560469.0,Friendlies Clubs,667,World,Club Friendlies,True,2026-06-27,5914,6222,Rochefort,Patro Eisden,3.0,3.0,1.0,0.0,,,,,,,,,Desconocido
1547872.0,Friendlies Clubs,667,World,Club Friendlies,True,2026-06-27,2186,660,SC Kriens,FC Vaduz,1.0,2.0,1.0,0.0,,,,,,,,,Desconocido
1567466.0,Friendlies Clubs,667,World,Club Friendly,True,2026-06-27,1622,1618,SV Babelsberg 03,BFC Preussen,2.0,1.0,0.0,1.0,,,,,,,,,Desconocido
1567467.0,Friendlies Clubs,667,World,Club Friendly,True,2026-06-27,3492,6942,Sandecja Nowy Sącz,Hutnik Kraków,2.0,2.0,2.0,1.0,,,,,,,,,Desconocido
1560449.0,Friendlies Clubs,667,World,Club Friendlies,True,2026-06-27,8259,12718,Schwarz-Weiß Bregenz,St. Gallen II,4.0,1.0,3.0,0.0,,,,,,,,,Desconocido
1554551.0,Friendlies Clubs,667,World,Club Friendlies,True,2026-06-27,856,8543,Septemvri Sofia,Marek,3.0,0.0,1.0,0.0,,,,,,,,,Desconocido
1547876.0,Friendlies Clubs,667,World,Club Friendlies,True,2026-06-27,2250,3549,Sigma Olomouc,Ružomberok,1.0,0.0,0.0,0.0,,,,,,,,,Desconocido
1567462.0,Friendlies Clubs,667,World,Club Friendly,True,2026-06-27,2073,2061,Silkeborg,FC Fredericia,1.0,2.0,0.0,1.0,,,,,,,,,Desconocido
1567455.0,Friendlies Clubs,667,World,Club Friendly,True,2026-06-27,6898,2616,Slatina,CSM Ramnicu Valcea,1.0,1.0,1.0,1.0,,,,,,,,,Desconocido
1548711.0,Friendlies Clubs,667,World,Club Friendlies,True,2026-06-27,782,3735,Slovan Liberec,Ústí nad Labem,2.0,0.0,0.0,0.0,,,,,,,,,Desconocido
1560462.0,Friendlies Clubs,667,World,Club Friendlies,True,2026-06-27,4660,683,Spartak Varna,Dunav Ruse,0.0,0.0,0.0,0.0,,,,,,,,,Desconocido
1547875.0,Friendlies Clubs,667,World,Club Friendlies,True,2026-06-27,13935,20395,Sportfreunde Siegen,Cosmos Koblenz,6.0,0.0,2.0,0.0,,,,,,,,,Desconocido
1547877.0,Friendlies Clubs,667,World,Club Friendlies,True,2026-06-27,6785,5342,Stranraer,Dundela,4.0,0.0,1.0,0.0,,,,,,,,,Desconocido
1567474.0,Friendlies Clubs,667,World,Club Friendly,True,2026-06-27,4346,3326,Struga,Dinamo Tirana,2.0,3.0,1.0,1.0,,,,,,,,,Desconocido
1550487.0,Friendlies Clubs,667,World,Club Friendlies,True,2026-06-27,1072,1023,TSV Hartberg,Admira Wacker,3.0,1.0,1.0,0.0,,,,,,,,,Desconocido
1560463.0,Friendlies Clubs,667,World,Club Friendlies,True,2026-06-27,1656,16108,TSV Steinbach,Eisbachtal,3.0,0.0,0.0,0.0,,,,,,,,,Desconocido
1550481.0,Friendlies Clubs,667,World,Club Friendlies,True,2026-06-27,3720,1120,Teplice,Spartak Trnava,2.0,0.0,1.0,0.0,,,,,,,,,Desconocido
1554570.0,Friendlies Clubs,667,World,Club Friendlies,True,2026-06-27,12719,783,Thalwil,FC Zurich,4.0,6.0,2.0,2.0,,,,,,,,,Desconocido
1567459.0,Friendlies Clubs,667,World,Club Friendly,True,2026-06-27,3727,10540,Třinec,Púchov,3.0,2.0,2.0,1.0,,,,,,,,,Desconocido
1567479.0,Friendlies Clubs,667,World,Club Friendly,True,2026-06-27,2036,2038,UNA Strassen,Victoria Rosport,2.0,0.0,1.0,0.0,,,,,,,,,Desconocido
1554576.0,Friendlies Clubs,667,World,Club Friendlies,True,2026-06-27,8291,4941,USC Rohrbach,Gloggnitz,0.0,3.0,0.0,0.0,,,,,,,,,Desconocido
1548718.0,Friendlies Clubs,667,World,Club Friendlies,True,2026-06-27,2255,2599,Ujpest,Universitatea Cluj,0.0,0.0,0.0,0.0,,,,,,,,,Desconocido
1554532.0,Friendlies Clubs,667,World,Club Friendlies,True,2026-06-27,2589,7469,Uta Arad,Dumbrăviţa,4.0,0.0,1.0,0.0,,,,,,,,,Desconocido
1548719.0,Friendlies Clubs,667,World,Club Friendlies,True,2026-06-27,207,199,Utrecht,De Graafschap,1.0,2.0,1.0,2.0,,,,,,,,,Desconocido
1562840.0,Friendlies Clubs,667,World,Club Friendlies,True,2026-06-27,326,2170,Valerenga,Gais,1.0,2.0,1.0,1.0,,,,,,,,,Desconocido
1554554.0,Friendlies Clubs,667,World,Club Friendlies,True,2026-06-27,6501,14441,Veres Rivne,Yarud Mariupol',1.0,1.0,1.0,1.0,,,,,,,,,Desconocido
1554538.0,Friendlies Clubs,667,World,Club Friendlies,True,2026-06-27,3729,8618,Viktoria Žižkov,Slavia Praha II,3.0,2.0,2.0,0.0,,,,,,,,,Desconocido
1567461.0,Friendlies Clubs,667,World,Club Friendly,True,2026-06-27,3730,3715,Vlašim,Dukla Praha,2.0,1.0,0.0,1.0,,,,,,,,,Desconocido
1554546.0,Friendlies Clubs,667,World,Club Friendlies,True,2026-06-27,3731,3718,Vysočina Jihlava,Příbram,3.0,1.0,1.0,0.0,,,,,,,,,Desconocido
1567473.0,Friendlies Clubs,667,World,Club Friendly,True,2026-06-27,1398,556,WSG Wattens,Qarabag,0.0,4.0,0.0,1.0,,,,,,,,,Desconocido
1547885.0,Friendlies Clubs,667,World,Club Friendlies,True,2026-06-27,22213,1026,WSPG Wels,Lask Linz,0.0,5.0,0.0,2.0,,,,,,,,,Desconocido
1547880.0,Friendlies Clubs,667,World,Club Friendlies,True,2026-06-27,6962,6957,Widzew Łódź,Stal Rzeszów,4.0,0.0,1.0,0.0,,,,,,,,,Desconocido
1554578.0,Friendlies Clubs,667,World,Club Friendlies,True,2026-06-27,21831,263,Wilrijk,Beerschot VA,1.0,4.0,0.0,3.0,,,,,,,,,Desconocido
1548720.0,Friendlies Clubs,667,World,Club Friendlies,True,2026-06-27,338,3487,Wisla Krakow,Nieciecza,3.0,4.0,0.0,1.0,,,,,,,,,Desconocido
1547881.0,Friendlies Clubs,667,World,Club Friendlies,True,2026-06-27,341,14750,Wisla Plock,Pogoń Grod. Mazowiecki,2.0,1.0,1.0,0.0,,,,,,,,,Desconocido
1554575.0,Friendlies Clubs,667,World,Club Friendlies,True,2026-06-27,1025,2403,Wolfsberger AC,Nyiregyhaza,2.0,0.0,1.0,0.0,,,,,,,,,Desconocido
1567471.0,Friendlies Clubs,667,World,Club Friendly,True,2026-06-27,596,6811,Zenit,Leningradets,4.0,0.0,2.0,0.0,,,,,,,,,Desconocido
1554534.0,Friendlies Clubs,667,World,Club Friendlies,True,2026-06-27,3553,10533,Zlaté Moravce,Dukla Banská Bystrica,2.0,0.0,1.0,0.0,,,,,,,,,Desconocido
1554555.0,Friendlies Clubs,667,World,Club Friendlies,True,2026-06-27,603,7291,Zlin,Hanácká,0.0,2.0,0.0,1.0,,,,,,,,,Desconocido
1554533.0,Friendlies Clubs,667,World,Club Friendlies,True,2026-06-27,603,10542,Zlin,Skalica,1.0,2.0,0.0,0.0,,,,,,,,,Desconocido
1554530.0,Friendlies Clubs,667,World,Club Friendlies,True,2026-06-27,6964,16239,Znicz Pruszków,Polonia Warszawa,3.0,2.0,1.0,1.0,,,,,,,,,Desconocido
1561057.0,UEFA U19 Championship - Women,918,World,Group Stage,False,2026-06-27,10359,19063,Bosnia-Herzegovina U19,Germany U19 W,0.0,5.0,0.0,1.0,,,,,,,,,M. Pachtova
1561058.0,UEFA U19 Championship - Women,918,World,Group Stage,False,2026-06-27,19067,26028,Sweden U19 W,Poland U19 W,1.0,0.0,0.0,0.0,,,,,,,,,D. Bianchi
1489418.0,World Cup,1,World,Group Stage - 3,False,2026-06-27,1532,775,Algeria,Austria,3.0,3.0,1.0,1.0,,,,,,,,,I. Tantashev
1489419.0,World Cup,1,World,Group Stage - 3,False,2026-06-27,8,27,Colombia,Portugal,0.0,0.0,0.0,0.0,,,,,,,,,"Alireza Faghani, Australia"
1539013.0,World Cup,1,World,Group Stage - 3,False,2026-06-27,1508,1568,Congo DR,Uzbekistan,3.0,1.0,0.0,1.0,,,,,,,,,"Felix Zwayer, Germany"
1489420.0,World Cup,1,World,Group Stage - 3,False,2026-06-27,3,1504,Croatia,Ghana,2.0,1.0,1.0,0.0,,,,,,,,,"Drew Fischer, Canada"
1489421.0,World Cup,1,World,Group Stage - 3,False,2026-06-27,1548,26,Jordan,Argentina,1.0,3.0,0.0,2.0,,,,,,,,,I. Kovacs
1489422.0,World Cup,1,World,Group Stage - 3,False,2026-06-27,11,10,Panama,England,0.0,2.0,0.0,0.0,,,,,,,,,"Abdulrahman Al-Jassim, Qatar"
1561310.0,Premier Soccer League,401,Zimbabwe,Regular Season - 20,False,2026-06-27,5218,5232,CAPS United,Triangle United,2.0,2.0,1.0,2.0,,,,,,,,,Desconocido
1561311.0,Premier Soccer League,401,Zimbabwe,Regular Season - 20,False,2026-06-27,5220,27274,Chicken Inn,Hardrock,0.0,2.0,0.0,0.0,,,,,,,,,Desconocido
1561315.0,Premier Soccer League,401,Zimbabwe,Regular Season - 20,False,2026-06-27,5226,5229,Kariba,Ngezi Platinum,1.0,1.0,0.0,0.0,,,,,,,,,Desconocido
1561312.0,Premier Soccer League,401,Zimbabwe,Regular Season - 20,False,2026-06-27,25734,5224,MWOS,Highlanders,1.0,2.0,0.0,1.0,,,,,,,,,Desconocido
1561313.0,Premier Soccer League,401,Zimbabwe,Regular Season - 20,False,2026-06-27,5230,27275,Platinum,Hunters,1.0,1.0,1.0,0.0,,,,,,,,,Desconocido
1561314.0,Premier Soccer League,401,Zimbabwe,Regular Season - 20,False,2026-06-27,21055,5231,Simba Bhora,TelOne,1.0,2.0,0.0,1.0,,,,,,,,,Desconocido
1517576.0,New South Wales NPL,192,Australia,Regular Season - 21,False,2026-06-26,3773,3776,Sydney FC U23,Sydney United,1.0,0.0,0.0,0.0,,,,,,,,,Desconocido
1517797.0,New South Wales NPL 2,835,Australia,Regular Season - 21,False,2026-06-26,16771,20797,Blacktown Spartans,Rydalmere Lions,3.0,1.0,1.0,0.0,,,,,,,,,Desconocido
1549308.0,Npl Nsw U20,1230,Australia,Regular Season - 21,False,2026-06-26,27811,27813,Sydney FC U20,Sydney Utd U20,5.0,5.0,1.0,3.0,,,,,,,,,Desconocido
1549309.0,Npl Nsw U20,1230,Australia,Regular Season - 21,False,2026-06-26,27814,27810,UNSW U20,Sutherland Sharks U20,3.0,1.0,1.0,1.0,,,,,,,,,Desconocido
1524059.0,Queensland NPL,482,Australia,Regular Season - 16,False,2026-06-26,11182,10215,Rochedale Rovers,Gold Coast Knights,4.0,1.0,1.0,1.0,,,,,,,,,Desconocido
1524162.0,Queensland Premier League,833,Australia,Regular Season - 16,False,2026-06-26,10213,22895,Brisbane Strikers,Ipswich,1.0,0.0,0.0,0.0,,,,,,,,,Desconocido
1524163.0,Queensland Premier League,833,Australia,Regular Season - 16,False,2026-06-26,11178,10222,Holland Park Hawks,Redlands United,1.0,4.0,0.0,3.0,,,,,,,,,Desconocido
1527092.0,South Australia NPL,194,Australia,Regular Season - 16,False,2026-06-26,3786,3785,Adelaide Comets,Adelaide City,0.0,1.0,0.0,0.0,,,,,,,,,Desconocido
1527090.0,South Australia NPL,194,Australia,Regular Season - 16,False,2026-06-26,3792,3789,Croydon Kings,Adelaide United II,3.0,0.0,1.0,0.0,,,,,,,,,Desconocido
1527091.0,South Australia NPL,194,Australia,Regular Season - 16,False,2026-06-26,16769,12866,West Torrens Birkalla,Sturt Lions,4.0,1.0,2.0,1.0,,,,,,,,,Desconocido
1527383.0,South Australia State League 1,834,Australia,Regular Season - 16,False,2026-06-26,16766,10009,Eastern United,Cumberland United,0.0,1.0,0.0,0.0,,,,,,,,,Desconocido
1533035.0,Tasmania Southern Championship,1093,Australia,Regular Season - 12,False,2026-06-26,23522,23527,Glenorchy Knights U21,South Hobart II,0.0,6.0,0.0,2.0,,,,,,,,,Desconocido
1533034.0,Tasmania Southern Championship,1093,Australia,Regular Season - 12,False,2026-06-26,14104,23529,Olympia Warriors,University of Tasmania,4.0,2.0,4.0,1.0,,,,,,,,,Desconocido
1521964.0,Victoria NPL,195,Australia,Regular Season - 18,False,2026-06-26,3799,3797,Bentleigh Greens,Altona Magic,0.0,1.0,0.0,1.0,,,,,,,,,Desconocido
1521963.0,Victoria NPL,195,Australia,Regular Season - 18,False,2026-06-26,3800,3798,Dandenong City,Avondale,3.0,1.0,2.0,0.0,,,,,,,,,Desconocido
1521962.0,Victoria NPL,195,Australia,Regular Season - 18,False,2026-06-26,3803,3808,Heidelberg United,Oakleigh Cannons,0.0,1.0,0.0,0.0,,,,,,,,,Desconocido
1522033.0,Victoria NPL,195,Australia,Regular Season - 18,False,2026-06-26,9978,20783,St. Albans Saints,Melbourne City II,0.0,2.0,0.0,1.0,,,,,,,,,Desconocido
1541431.0,Victoria Premier League 2,1226,Australia,Regular Season - 16,False,2026-06-26,27697,16785,Keilor Park,Moreland City,2.0,0.0,2.0,0.0,,,,,,,,,Desconocido
1527222.0,Western Australia NPL,196,Australia,Regular Season - 16,False,2026-06-26,3814,18732,Bayswater City,Perth RedStar,3.0,0.0,0.0,0.0,,,,,,,,,Desconocido
1525903.0,Premier League,116,Belarus,Regular Season - 13,False,2026-06-26,9419,389,Arsenal,FC Gomel,1.0,1.0,1.0,0.0,,,,,,,,,D. Dmitriev
1525904.0,Premier League,116,Belarus,Regular Season - 13,False,2026-06-26,3383,751,Baranovichi,Slavia Mozyr,1.0,1.0,0.0,1.0,,,,,,,,,A. Yasel
1543586.0,Premier League,1031,Bhutan,Regular Season,False,2026-06-26,19005,5593,RTC,Transport United,0.0,1.0,0.0,0.0,,,,,,,,,Desconocido
1547270.0,Paulista - U20,1086,Brazil,Regular Season - 4,False,2026-06-26,23466,13034,Bandeirante U20,Oeste U20,1.0,2.0,1.0,1.0,,,,,,,,,Desconocido
1547271.0,Paulista - U20,1086,Brazil,Regular Season - 4,False,2026-06-26,12987,13077,Botafogo SP U20,XV de Piracicaba U20,1.0,1.0,0.0,1.0,,,,,,,,,Desconocido
1547273.0,Paulista - U20,1086,Brazil,Regular Season - 4,False,2026-06-26,13005,13054,EC São Bernardo U20,Santo André U20,0.0,0.0,0.0,0.0,,,,,,,,,Desconocido
1547274.0,Paulista - U20,1086,Brazil,Regular Season - 4,False,2026-06-26,13015,18344,Itapirense U20,Portuguesa Santista U20,5.0,3.0,1.0,3.0,,,,,,,,,Desconocido
1547272.0,Paulista - U20,1086,Brazil,Regular Season - 4,False,2026-06-26,13021,20775,Juventus U20,União Suzano U20,4.0,1.0,1.0,1.0,,,,,,,,,Desconocido
1547275.0,Paulista - U20,1086,Brazil,Regular Season - 4,False,2026-06-26,13027,23478,Mirassol U20,Jabaquara U20,0.0,1.0,0.0,1.0,,,,,,,,,Desconocido
1547276.0,Paulista - U20,1086,Brazil,Regular Season - 4,False,2026-06-26,13037,23483,Osasco Audax U20,Porto Football U20,1.0,0.0,1.0,0.0,,,,,,,,,Desconocido
1547279.0,Paulista - U20,1086,Brazil,Regular Season - 4,False,2026-06-26,23485,23475,Referencia U20,Gremio Prudente U20,1.0,2.0,1.0,1.0,,,,,,,,,Desconocido
1547277.0,Paulista - U20,1086,Brazil,Regular Season - 4,False,2026-06-26,27797,13003,SC Paulinense SP U20,Desportivo Brasil U20,1.0,0.0,0.0,0.0,,,,,,,,,Desconocido
1547280.0,Paulista - U20,1086,Brazil,Regular Season - 4,False,2026-06-26,22848,13026,Sfera U20,Mauá U20,6.0,0.0,4.0,0.0,,,,,,,,,Desconocido
1547281.0,Paulista - U20,1086,Brazil,Regular Season - 4,False,2026-06-26,13063,13076,Tanabi SP U20,XV de Jaú U20,2.0,1.0,0.0,1.0,,,,,,,,,Desconocido
1547282.0,Paulista - U20,1086,Brazil,Regular Season - 4,False,2026-06-26,18356,13033,União São João U20,Novorizontino U20,0.0,0.0,0.0,0.0,,,,,,,,,Desconocido
1547283.0,Paulista - U20,1086,Brazil,Regular Season - 4,False,2026-06-26,13069,23465,Velo Clube U20,Aguai U20,2.0,2.0,0.0,1.0,,,,,,,,,Desconocido
1547269.0,Paulista - U20,1086,Brazil,Regular Season - 4,False,2026-06-26,13078,13007,Água Santa U20,Flamengo SP U20,1.0,2.0,0.0,1.0,,,,,,,,,Desconocido
1520748.0,Serie B,72,Brazil,Regular Season - 15,False,2026-06-26,7834,142,Novorizontino,Vila Nova,2.0,1.0,1.0,1.0,,,,,,,,,L. Torezin
1517301.0,Canadian Premier League,479,Canada,Group Stage,False,2026-06-26,2621,2622,HFX Wanderers FC,Pacific FC,5.0,2.0,2.0,1.0,,,,,,,,,R. Villanueva
1544454.0,Copa Chile,267,Chile,Group Stage - 4,False,2026-06-26,2325,2343,Everton de Vina,Deportes Copiapo,3.0,0.0,0.0,0.0,,,,,,,,,Desconocido
1529121.0,Segunda División,711,Chile,Regular Season - 12,False,2026-06-26,21117,18776,Santiago City,Provincial Ovalle,3.0,2.0,1.0,2.0,,,,,,,,,Desconocido
1523179.0,Super League,169,China,Regular Season - 16,False,2026-06-26,1431,21265,Qingdao Jonoon,Yunnan Yukun,4.0,2.0,4.0,2.0,,,,,,,,,"Liang Songshang, China"
1513578.0,Meistriliiga,329,Estonia,Regular Season - 17,False,2026-06-26,3525,3526,Vaprus,Kuressaare,1.0,0.0,1.0,0.0,,,,,,,,,J. Jakobson
1541108.0,Premier League,363,Ethiopia,Regular Season - 37,False,2026-06-26,4126,4125,Arba Minch Kenema,Welwalo Adigrat Uni,0.0,1.0,0.0,1.0,,,,,,,,,Desconocido
1541107.0,Premier League,363,Ethiopia,Regular Season - 37,False,2026-06-26,4116,4121,Ethiopia Bunna,Mekelle Kenema,3.0,0.0,1.0,0.0,,,,,,,,,Desconocido
1541106.0,Premier League,363,Ethiopia,Regular Season - 37,False,2026-06-26,4119,4117,Kedus Giorgis,Fasil Ketema,1.0,0.0,1.0,0.0,,,,,,,,,Desconocido
1541105.0,Premier League,363,Ethiopia,Regular Season - 37,False,2026-06-26,26881,4130,Negelle Arsi,Ethiopia Nigd Bank,2.0,0.0,1.0,0.0,,,,,,,,,Desconocido
1541511.0,Kakkonen - Lohko B,248,Finland,Group B - 9,False,2026-06-26,13494,1169,ÅIFK,Honka,0.0,1.0,0.0,0.0,,,,,,,,,Desconocido
1504247.0,Ykkösliiga,1087,Finland,Group Stage,False,2026-06-26,2085,9198,Klubi-04,SJK Akatemia,2.0,0.0,1.0,0.0,,,,,,,,,J. Vuorinen
1504248.0,Ykkösliiga,1087,Finland,Group Stage,False,2026-06-26,10669,9175,PK-35,MP,2.0,1.0,1.0,1.0,,,,,,,,,K. Nummela
1546813.0,David Kipiani Cup,672,Georgia,Round of 64,True,2026-06-26,26081,14866,Aragvelebi,Varketili,0.0,4.0,0.0,1.0,,,,,,,,,Desconocido
1546814.0,David Kipiani Cup,672,Georgia,Round of 64,True,2026-06-26,21314,3500,Basa,Lokomotivi Tbilisi,2.0,1.0,1.0,1.0,,,,,,,,,Desconocido
1546815.0,David Kipiani Cup,672,Georgia,Round of 64,True,2026-06-26,27794,18973,Dinamo Sokhumi,Gonio,0.0,3.0,0.0,1.0,,,,,,,,,Desconocido
1546816.0,David Kipiani Cup,672,Georgia,Round of 64,True,2026-06-26,27793,3504,Dmanisi,WIT Georgia,0.0,3.0,0.0,1.0,,,,,,,,,Desconocido
1546817.0,David Kipiani Cup,672,Georgia,Round of 64,True,2026-06-26,23601,13856,Gagra II,Odishi 1919,1.0,2.0,1.0,1.0,,,,,,,,,Desconocido
1546818.0,David Kipiani Cup,672,Georgia,Round of 64,True,2026-06-26,13851,16505,Gardabani,Iberia 2010,1.0,5.0,0.0,3.0,,,,,,,,,Desconocido
1546819.0,David Kipiani Cup,672,Georgia,Round of 64,True,2026-06-26,3506,3508,Guria,Merani Tbilisi,6.0,1.0,5.0,0.0,,,,,,,,,Desconocido
1546820.0,David Kipiani Cup,672,Georgia,Round of 64,True,2026-06-26,27370,13860,Iveria Khashuri,Betlemi,5.0,4.0,0.0,1.0,,,,,,,,,Desconocido
1546821.0,David Kipiani Cup,672,Georgia,Round of 64,True,2026-06-26,16513,14863,Merani Martvili II,FC Iberia 1999 II,1.0,2.0,1.0,0.0,,,,,,,,,Desconocido
1546822.0,David Kipiani Cup,672,Georgia,Round of 64,True,2026-06-26,13862,14861,Mertskhali,Gori,1.0,3.0,0.0,1.0,,,,,,,,,Desconocido
1546824.0,David Kipiani Cup,672,Georgia,Round of 64,True,2026-06-26,16515,14857,Samtskhe Akhaltsikhe,Didube 2014,4.0,1.0,3.0,0.0,,,,,,,,,Desconocido
1546825.0,David Kipiani Cup,672,Georgia,Round of 64,True,2026-06-26,13857,13865,Skuri,Dinamo Tbilisi II,3.0,4.0,1.0,3.0,,,,,,,,,Desconocido
1546826.0,David Kipiani Cup,672,Georgia,Round of 64,True,2026-06-26,16519,16511,Torpedo Kutaisi II,Margveti 2006,0.0,4.0,0.0,2.0,,,,,,,,,Desconocido
1546827.0,David Kipiani Cup,672,Georgia,Round of 64,True,2026-06-26,27795,16516,West Georgia,Shturmi,0.0,2.0,0.0,2.0,,,,,,,,,Desconocido
1514213.0,1. Deild,165,Iceland,Regular Season - 11,False,2026-06-26,3514,2123,Afturelding,Njardvik,2.0,0.0,0.0,0.0,,,,,,,,,Desconocido
1514214.0,1. Deild,165,Iceland,Regular Season - 11,False,2026-06-26,267,2113,Fylkir,HK Kopavogur,0.0,2.0,0.0,1.0,,,,,,,,,Desconocido
1514215.0,1. Deild,165,Iceland,Regular Season - 11,False,2026-06-26,277,4167,Grindavik,Ægir,0.0,0.0,0.0,0.0,,,,,,,,,Desconocido
1514216.0,1. Deild,165,Iceland,Regular Season - 11,False,2026-06-26,2114,2122,Leiknir R.,IR Reykjavik,2.0,1.0,0.0,1.0,,,,,,,,,Desconocido
1543409.0,2. Deild,166,Iceland,Regular Season - 10,False,2026-06-26,2115,2118,Selfoss,Haukar,2.0,2.0,0.0,1.0,,,,,,,,,Desconocido
1543410.0,2. Deild,166,Iceland,Regular Season - 10,False,2026-06-26,4171,273,Thróttur Vogar,Fjolnir,3.0,2.0,2.0,1.0,,,,,,,,,Desconocido
1565180.0,Persian Gulf Pro League,290,Iran,Semi-finals,True,2026-06-26,20299,2742,Chadormalu SC,Persepolis FC,2.0,1.0,0.0,1.0,,,,,,,,,Desconocido
1492920.0,First Division,358,Ireland,Regular Season - 21,False,2026-06-26,3846,3841,Athlone Town,Finn Harps,1.0,1.0,1.0,0.0,,,,,,,,,Desconocido
1492921.0,First Division,358,Ireland,Regular Season - 21,False,2026-06-26,653,3847,Cork City,Bray Wanderers,2.0,0.0,1.0,0.0,,,,,,,,,Desconocido
1492922.0,First Division,358,Ireland,Regular Season - 21,False,2026-06-26,11328,3853,Kerry,Longford Town,2.0,1.0,0.0,0.0,,,,,,,,,Desconocido
1492923.0,First Division,358,Ireland,Regular Season - 21,False,2026-06-26,3844,3849,UCD,Cobh Ramblers,2.0,0.0,1.0,0.0,,,,,,,,,Desconocido
1492924.0,First Division,358,Ireland,Regular Season - 21,False,2026-06-26,3855,16498,Wexford,Treaty United,0.0,0.0,0.0,0.0,,,,,,,,,Desconocido
1492721.0,Premier Division,357,Ireland,Regular Season - 22,False,2026-06-26,3840,3843,Bohemians,St Patrick's Athl.,2.0,0.0,1.0,0.0,,,,,,,,,R. Harvey
1492722.0,Premier Division,357,Ireland,Regular Season - 22,False,2026-06-26,670,3850,Derry City,Drogheda United,2.0,0.0,1.0,0.0,,,,,,,,,A. Patchell
1492723.0,Premier Division,357,Ireland,Regular Season - 22,False,2026-06-26,584,3845,Dundalk,Waterford,2.0,3.0,2.0,1.0,,,,,,,,,M. Lynch
1492724.0,Premier Division,357,Ireland,Regular Season - 22,False,2026-06-26,652,3851,Shamrock Rovers,Galway United,3.0,1.0,2.0,0.0,,,,,,,,,A. Hunter
1534773.0,1. Division,388,Kazakhstan,Regular Season - 11,False,2026-06-26,4551,4548,Ekibastuz,Astana II,1.0,1.0,0.0,1.0,,,,,,,,,Desconocido
1534777.0,1. Division,388,Kazakhstan,Regular Season - 11,False,2026-06-26,4559,4566,Taraz,Shakhter Karagandy,0.0,2.0,0.0,1.0,,,,,,,,,Desconocido
1553798.0,Premier League,330,Kuwait,Relegation Play-Off - 3,True,2026-06-26,3536,3534,Al Nasar,Al Jahra,1.0,1.0,0.0,1.0,,,,,,,,,Desconocido
1553797.0,Premier League,330,Kuwait,Relegation Play-Off - 3,True,2026-06-26,3539,3541,Al Tadhamon,Al Shabab,1.0,3.0,1.0,0.0,,,,,,,,,Desconocido
1515873.0,Virsliga,365,Latvia,Regular Season - 20,False,2026-06-26,661,4160,FK Liepaja,Rīgas FS,0.0,2.0,0.0,0.0,,,,,,,,,A. Griscenko
1515872.0,Virsliga,365,Latvia,Regular Season - 20,False,2026-06-26,18936,4144,Ogre United,Tukums,3.0,2.0,1.0,2.0,,,,,,,,,A. Anufrijevs
1529753.0,1 Lyga,361,Lithuania,Regular Season - 15,False,2026-06-26,16747,3871,Be1 NFA,Žalgiris II,2.0,1.0,1.0,0.0,,,,,,,,,Desconocido
1529755.0,1 Lyga,361,Lithuania,Regular Season - 15,False,2026-06-26,16674,3864,Garliava,Minija,0.0,1.0,0.0,1.0,,,,,,,,,Desconocido
1561587.0,Primeira Divisão,969,Macao,Regular Season - 14,False,2026-06-26,21196,25716,Hang Sai,Shao Jiang,2.0,5.0,0.0,3.0,,,,,,,,,Desconocido
1535392.0,Premiership Women,1103,Northern-Ireland,Group Stage,False,2026-06-26,21486,23629,Cliftonville W,Larne W,3.0,0.0,1.0,0.0,,,,,,,,,Desconocido
1535395.0,Premiership Women,1103,Northern-Ireland,Group Stage,False,2026-06-26,21488,10918,Crusaders Strikers W,Linfield W,1.0,9.0,1.0,4.0,,,,,,,,,Desconocido
1535394.0,Premiership Women,1103,Northern-Ireland,Group Stage,False,2026-06-26,23261,23630,Lisburn Ladies W,Lisburn Rangers W,0.0,3.0,0.0,1.0,,,,,,,,,Desconocido
1496274.0,2. Division - Group 2,474,Norway,Regular Season - 12,False,2026-06-26,6978,2158,Eidsvold,Tromsdalen Uil,2.0,1.0,1.0,0.0,,,,,,,,,Desconocido
1496462.0,3. Division - Girone 1,774,Norway,Regular Season - 12,False,2026-06-26,10114,23423,Vålerenga II,Union Carl Berner,2.0,1.0,0.0,0.0,,,,,,,,,Desconocido
1497003.0,3. Division - Girone 4,777,Norway,Regular Season - 12,False,2026-06-26,6982,7049,Flekkerøy,Åkra,3.0,1.0,1.0,1.0,,,,,,,,,Desconocido
1497188.0,3. Division - Girone 5,778,Norway,Regular Season - 12,False,2026-06-26,19711,7025,Skedsmo,Skjetten,0.0,1.0,0.0,0.0,,,,,,,,,Desconocido
1553064.0,Copa De La Liga,1232,Peru,Group Stage - 3,False,2026-06-26,2548,26867,Alianza Universidad,Minas,3.0,1.0,1.0,0.0,,,,,,,,,Desconocido
1553065.0,Copa De La Liga,1232,Peru,Group Stage - 3,False,2026-06-26,2555,10492,Sport Huancayo,ADT,1.0,0.0,1.0,0.0,,,,,,,,,Desconocido
1553063.0,Copa De La Liga,1232,Peru,Group Stage - 3,False,2026-06-26,2539,22543,UTC Cajamarca,FC Cajamarca,3.0,1.0,1.0,0.0,,,,,,,,,Desconocido
1553066.0,Copa De La Liga,1232,Peru,Group Stage - 3,False,2026-06-26,2540,2564,Universitario,Atletico Grau,1.0,1.0,1.0,0.0,,,,,,,,,Desconocido
1519074.0,Youth Championship,238,Russia,Regular Season - 12,False,2026-06-26,15175,15176,Akademiya Konoplev U20,Chertanovo U20,3.0,0.0,1.0,0.0,,,,,,,,,Desconocido
1519075.0,Youth Championship,238,Russia,Regular Season - 12,False,2026-06-26,7985,16594,Krasnodar U19,Dinamo Moskva U19,2.0,0.0,1.0,0.0,,,,,,,,,Desconocido
1519076.0,Youth Championship,238,Russia,Regular Season - 12,False,2026-06-26,27237,7951,Rodina Moscow U19,CSKA Moskva U19,2.0,3.0,1.0,3.0,,,,,,,,,Desconocido
1519073.0,Youth Championship,238,Russia,Regular Season - 12,False,2026-06-26,16595,19295,Rostov U19,Fakel U19,2.0,1.0,2.0,1.0,,,,,,,,,Desconocido
1519077.0,Youth Championship,238,Russia,Regular Season - 12,False,2026-06-26,9226,7910,Rubin Kazan U20,Lokomotiv Moskva U19,1.0,3.0,1.0,1.0,,,,,,,,,Desconocido
1519216.0,Youth Championship,238,Russia,Regular Season - 12,False,2026-06-26,9231,27473,Ural U20,Almaz Antey U19,1.0,0.0,0.0,0.0,,,,,,,,,Desconocido
1519078.0,Youth Championship,238,Russia,Regular Season - 12,False,2026-06-26,7941,17151,Zenit U19,Nizhny Novgorod U19,3.0,0.0,1.0,0.0,,,,,,,,,Desconocido
1637184.0,Super League Women,1243,South-Africa,Regular season,False,2026-06-26,28352,28360,Diepkloof W,TS Galaxy W,1.0,4.0,0.0,2.0,,,,,,,,,Desconocido
1637183.0,Super League Women,1243,South-Africa,Regular season,False,2026-06-26,28361,28363,Tshwane University W,University of Johannesburg W,2.0,4.0,0.0,3.0,,,,,,,,,Desconocido
1533738.0,WK-League,660,South-Korea,Regular Season - 14,False,2026-06-26,14379,14375,Suwon FMC W,Gyeongju W,1.0,2.0,1.0,2.0,,,,,,,,,Desconocido
1510619.0,Division 2 - Norra Götaland,592,Sweden,Norra Götaland - 14,True,2026-06-26,25569,18422,Skara,Herrestads,2.0,0.0,1.0,0.0,,,,,,,,,Desconocido
1510616.0,Division 2 - Norra Götaland,592,Sweden,Norra Götaland - 14,True,2026-06-26,6713,12575,Vänersborgs IF,Stenungsund,1.0,0.0,0.0,0.0,,,,,,,,,Desconocido
1510801.0,Division 2 - Norra Svealand,593,Sweden,Norra Svealand - 14,True,2026-06-26,12582,12584,Kungsängen,Skiljebo,1.0,3.0,1.0,1.0,,,,,,,,,Desconocido
1510965.0,Division 2 - Södra Götaland,597,Sweden,Södra Götaland - 14,True,2026-06-26,12612,25573,Berga,Växjö Norra,3.0,1.0,2.0,1.0,,,,,,,,,Desconocido
1511343.0,Division 2 - Västra Götaland,596,Sweden,Västra Götaland - 14,True,2026-06-26,12613,6686,Dalstorps,Lindome,2.0,2.0,1.0,1.0,,,,,,,,,Desconocido
1511347.0,Division 2 - Västra Götaland,596,Sweden,Västra Götaland - 14,True,2026-06-26,12606,18424,Onsala,Landvetter IS,2.0,4.0,2.0,2.0,,,,,,,,,Desconocido
1505196.0,Ettan - Norra,563,Sweden,Norra - 14,True,2026-06-26,2169,6708,Assyriska FF,Vasalund,3.0,1.0,2.0,1.0,,,,,,,,,Desconocido
1505197.0,Ettan - Norra,563,Sweden,Norra - 14,True,2026-06-26,12622,16596,FBK Karlstad,Hammarby Talang,0.0,7.0,0.0,2.0,,,,,,,,,Desconocido
1505200.0,Ettan - Norra,563,Sweden,Norra - 14,True,2026-06-26,6699,765,Sollentuna,AFC Eskilstuna,1.0,4.0,1.0,2.0,,,,,,,,,Desconocido
1504477.0,Ettan - Södra,564,Sweden,Södra - 14,True,2026-06-26,6676,6703,Hässleholms IF,Tvååker,4.0,2.0,3.0,1.0,,,,,,,,,Desconocido
1504478.0,Ettan - Södra,564,Sweden,Södra - 14,True,2026-06-26,11675,369,Kristianstad,Trelleborg,0.0,0.0,0.0,0.0,,,,,,,,,Desconocido
1497617.0,Superettan,114,Sweden,Regular Season - 14,False,2026-06-26,2175,812,IK brage,Falkenbergs FF,2.0,4.0,2.0,1.0,,,,,,,,,F. Alknas
1527706.0,Vysshaya Liga,571,Tajikistan,Regular Season - 12,False,2026-06-26,12261,8041,CSKA Pomir,Khosilot Farkhor,2.0,3.0,1.0,1.0,,,,,,,,,Desconocido
1527707.0,Vysshaya Liga,571,Tajikistan,Regular Season - 12,False,2026-06-26,12264,12271,Istaravshan,Parvoz,1.0,1.0,1.0,1.0,,,,,,,,,Desconocido
1513188.0,MLS Next Pro,909,USA,Group Stage,False,2026-06-26,27420,18815,Connecticut FC,New York City II,1.0,4.0,1.0,2.0,,,,,,,,,Desconocido
1563057.0,NWSL Women - Challenge Cup,641,USA,Final,True,2026-06-26,3003,16487,NJ/NY Gotham FC W,Kansas City W,2.0,0.0,1.0,0.0,,,,,,,,,Desconocido
1525110.0,USL League Two,256,USA,Group Stage,False,2026-06-26,10094,4039,Asheville City,Charlotte Eagles,2.0,0.0,1.0,0.0,,,,,,,,,Desconocido
1525108.0,USL League Two,256,USA,Group Stage,False,2026-06-26,23111,10103,Birmingham Legion II,Southern Soccer Academy,2.0,2.0,2.0,0.0,,,,,,,,,Desconocido
1524991.0,USL League Two,256,USA,Group Stage,False,2026-06-26,21281,4101,Brevard,Weston,2.0,2.0,1.0,0.0,,,,,,,,,Desconocido
1525414.0,USL League Two,256,USA,Group Stage,False,2026-06-26,27756,4068,Eagle FC,Ocean City Nor'easters,0.0,3.0,0.0,1.0,,,,,,,,,Desconocido
1525111.0,USL League Two,256,USA,Group Stage,False,2026-06-26,25944,23216,Montgomery United,Apotheos,4.0,1.0,0.0,0.0,,,,,,,,,Desconocido
1525109.0,USL League Two,256,USA,Group Stage,False,2026-06-26,25948,25953,Snohomish United,Bigfoot,3.0,0.0,1.0,0.0,,,,,,,,,Desconocido
1525112.0,USL League Two,256,USA,Group Stage,False,2026-06-26,4109,25937,Tucson,City SC,3.0,1.0,0.0,0.0,,,,,,,,,Desconocido
1525113.0,USL League Two,256,USA,Group Stage,False,2026-06-26,18912,4034,Vermont Green,Black Rock,3.0,1.0,1.0,1.0,,,,,,,,,Desconocido
1525114.0,USL League Two,256,USA,Group Stage,False,2026-06-26,4100,4031,Western Mass Pioneers,AC Connecticut,1.0,0.0,1.0,0.0,,,,,,,,,Desconocido
1532296.0,USL W League,1117,USA,Regular Season - 1,False,2026-06-26,23933,23922,Birmingham Legion W,SSA Royals W,0.0,2.0,,,,,,,,,,,Desconocido
1532295.0,USL W League,1117,USA,Regular Season - 1,False,2026-06-26,23895,23916,Cedar Stars W,Paisley Athletic W,6.0,0.0,,,,,,,,,,,Desconocido
1532298.0,USL W League,1117,USA,Regular Season - 1,False,2026-06-26,25849,23907,Lonestar San Antonio W,Lonestar II W,0.0,2.0,,,,,,,,,,,Desconocido
1532294.0,USL W League,1117,USA,Regular Season - 1,False,2026-06-26,23951,25850,Miami AC W,Miami City W,0.0,4.0,,,,,,,,,,,Desconocido
1532467.0,USL W League,1117,USA,Regular Season - 1,False,2026-06-26,23915,27615,Olympia W,Portland Cherry Bombs FC W,0.0,2.0,,,,,,,,,,,Desconocido
1532466.0,USL W League,1117,USA,Regular Season - 1,False,2026-06-26,27616,27743,Rally Madison FC W,Edgewater Castle W,1.0,4.0,,,,,,,,,,,Desconocido
1532297.0,USL W League,1117,USA,Regular Season - 1,False,2026-06-26,23957,23854,River Light W,Sioux Falls City W,3.0,1.0,,,,,,,,,,,Desconocido
1583645.0,Friendlies,10,World,Friendly International,True,2026-06-26,10998,11001,El Salvador U20,Guatemala U20,0.0,0.0,0.0,0.0,,,,,,,,,Desconocido
1560446.0,Friendlies Clubs,667,World,Club Friendlies,True,2026-06-26,6004,319,Aarhus Fremad,Brann,1.0,2.0,0.0,1.0,,,,,,,,,Desconocido
1554519.0,Friendlies Clubs,667,World,Club Friendlies,True,2026-06-26,6786,2006,Akron,Baltika,0.0,1.0,0.0,0.0,,,,,,,,,Desconocido
1550477.0,Friendlies Clubs,667,World,Club Friendlies,True,2026-06-26,1399,2179,Austria Lustenau,FC WIL 1900,2.0,0.0,1.0,0.0,,,,,,,,,Desconocido
1550478.0,Friendlies Clubs,667,World,Club Friendlies,True,2026-06-26,2006,6834,Baltika,Volga Ulyanovsk,3.0,0.0,0.0,0.0,,,,,,,,,Desconocido
1548710.0,Friendlies Clubs,667,World,Club Friendlies,True,2026-06-26,17138,5352,Belfast Celtic,Glentoran,1.0,8.0,0.0,5.0,,,,,,,,,Desconocido
1560444.0,Friendlies Clubs,667,World,Club Friendlies,True,2026-06-26,3364,12316,Borac Banja Luka,IMT Novi Beograd,1.0,1.0,1.0,0.0,,,,,,,,,Desconocido
1554520.0,Friendlies Clubs,667,World,Club Friendlies,True,2026-06-26,634,1430,Botev Plovdiv,Arda Kardzhali,2.0,1.0,1.0,0.0,,,,,,,,,Desconocido
1547860.0,Friendlies Clubs,667,World,Club Friendlies,True,2026-06-26,5610,2193,Caerau (Ely),Undy Athletic,2.0,0.0,,,,,,,,,,,Desconocido
1567453.0,Friendlies Clubs,667,World,Club Friendly,True,2026-06-26,2202,20364,Cambrian & Clydach,Newport City,1.0,0.0,1.0,0.0,,,,,,,,,Desconocido
1567454.0,Friendlies Clubs,667,World,Club Friendly,True,2026-06-26,353,7598,Cardiff MET,Pontardawe Town,5.0,0.0,4.0,0.0,,,,,,,,,Desconocido
1567449.0,Friendlies Clubs,667,World,Club Friendly,True,2026-06-26,2290,2314,Club Queretaro,Atletico San Luis,2.0,2.0,0.0,1.0,,,,,,,,,Desconocido
1560445.0,Friendlies Clubs,667,World,Club Friendlies,True,2026-06-26,2012,1077,FC Sochi,Arsenal Tula,3.0,3.0,1.0,0.0,,,,,,,,,Desconocido
1554521.0,Friendlies Clubs,667,World,Club Friendlies,True,2026-06-26,1122,3730,FK Jablonec,Vlašim,2.0,1.0,1.0,0.0,,,,,,,,,Desconocido
1554529.0,Friendlies Clubs,667,World,Club Friendlies,True,2026-06-26,7444,6778,Gretna 2008,Queen's Park,0.0,5.0,0.0,5.0,,,,,,,,,Desconocido
1562836.0,Friendlies Clubs,667,World,Club Friendlies,True,2026-06-26,5343,354,H&W Welders,The New Saints,1.0,2.0,1.0,1.0,,,,,,,,,Desconocido
1567451.0,Friendlies Clubs,667,World,Club Friendly,True,2026-06-26,20859,21390,KAC 1909,Velden,1.0,6.0,0.0,1.0,,,,,,,,,Desconocido
1562832.0,Friendlies Clubs,667,World,Club Friendlies,True,2026-06-26,321,2172,Lillestrom,Degerfors IF,2.0,3.0,2.0,1.0,,,,,,,,,Desconocido
1567448.0,Friendlies Clubs,667,World,Club Friendly,True,2026-06-26,1416,14281,Lokomotiv Sofia,Drita,2.0,1.0,0.0,1.0,,,,,,,,,Desconocido
1548708.0,Friendlies Clubs,667,World,Club Friendlies,True,2026-06-26,566,855,Ludogorets,Etar Veliko Tarnovo,7.0,4.0,5.0,2.0,,,,,,,,,Desconocido
1554524.0,Friendlies Clubs,667,World,Club Friendlies,True,2026-06-26,2396,2410,MTK Budapest,Kazincbarcikai,4.0,2.0,4.0,1.0,,,,,,,,,Desconocido
1546588.0,Friendlies Clubs,667,World,Club Friendlies,True,2026-06-26,375,397,Malmo FF,FC Midtjylland,2.0,2.0,2.0,0.0,,,,,,,,,Desconocido
1562835.0,Friendlies Clubs,667,World,Club Friendlies,True,2026-06-26,27886,1401,Mattersburg SV 2020,SV Kapfenberg,0.0,2.0,0.0,1.0,,,,,,,,,Desconocido
1550479.0,Friendlies Clubs,667,World,Club Friendlies,True,2026-06-26,640,3715,Mlada Boleslav,Dukla Praha,2.0,0.0,1.0,0.0,,,,,,,,,Desconocido
1560448.0,Friendlies Clubs,667,World,Club Friendlies,True,2026-06-26,11200,8251,Oberwart,Sturm Graz II,4.0,0.0,3.0,0.0,,,,,,,,,Desconocido
1554522.0,Friendlies Clubs,667,World,Club Friendlies,True,2026-06-26,12827,12788,Paderborn II,Hessen Kassel,2.0,0.0,1.0,0.0,,,,,,,,,Desconocido
1562834.0,Friendlies Clubs,667,World,Club Friendlies,True,2026-06-26,4955,601,Parndorf,Austria Vienna,0.0,4.0,0.0,3.0,,,,,,,,,Desconocido
1567450.0,Friendlies Clubs,667,World,Club Friendly,True,2026-06-26,4378,620,Radomlje,Dinamo Zagreb,0.0,3.0,0.0,2.0,,,,,,,,,Desconocido
1550476.0,Friendlies Clubs,667,World,Club Friendlies,True,2026-06-26,401,396,Randers FC,Sonderjyske,2.0,4.0,1.0,2.0,,,,,,,,,Desconocido
1546590.0,Friendlies Clubs,667,World,Club Friendlies,True,2026-06-26,8247,8365,Rapid Wien II,Donau,6.0,1.0,2.0,1.0,,,,,,,,,Desconocido
1547859.0,Friendlies Clubs,667,World,Club Friendlies,True,2026-06-26,2185,551,Rapperswil,FC Basel 1893,0.0,3.0,0.0,1.0,,,,,,,,,Desconocido
1548709.0,Friendlies Clubs,667,World,Club Friendlies,True,2026-06-26,1028,5000,Ried,Austria Salzburg,2.0,2.0,0.0,2.0,,,,,,,,,Desconocido
1554523.0,Friendlies Clubs,667,World,Club Friendlies,True,2026-06-26,1083,6801,Rubin,KAMAZ,1.0,1.0,0.0,0.0,,,,,,,,,Desconocido
1567452.0,Friendlies Clubs,667,World,Club Friendly,True,2026-06-26,15900,2037,Résidence Walferdange,US Mondorf-les-bains,2.0,1.0,0.0,0.0,,,,,,,,,Desconocido
1554525.0,Friendlies Clubs,667,World,Club Friendlies,True,2026-06-26,1397,1027,SV Horn,SKN ST. Polten,1.0,3.0,0.0,2.0,,,,,,,,,Desconocido
1546589.0,Friendlies Clubs,667,World,Club Friendlies,True,2026-06-26,4958,571,Seekirchen,Red Bull Salzburg,0.0,5.0,0.0,3.0,,,,,,,,,Desconocido
1562833.0,Friendlies Clubs,667,World,Club Friendlies,True,2026-06-26,370,364,Sirius,Djurgardens IF,1.0,1.0,0.0,1.0,,,,,,,,,Desconocido
1554528.0,Friendlies Clubs,667,World,Club Friendlies,True,2026-06-26,637,4197,Sturm Graz,Mura,5.0,0.0,2.0,0.0,,,,,,,,,Desconocido
1560447.0,Friendlies Clubs,667,World,Club Friendlies,True,2026-06-26,24418,3553,Tatran Cementáreň Ladce,Zlaté Moravce,1.0,5.0,1.0,5.0,,,,,,,,,Desconocido
1554527.0,Friendlies Clubs,667,World,Club Friendlies,True,2026-06-26,4996,4952,Weiz,Mannsdorf-Großenzersdorf,1.0,3.0,0.0,2.0,,,,,,,,,Desconocido
1547882.0,Friendlies Clubs,667,World,Club Friendlies,True,2026-06-26,345,335,Zaglebie Lubin,Miedz Legnica,3.0,0.0,3.0,0.0,,,,,,,,,Desconocido
1489413.0,World Cup,1,World,Group Stage - 3,False,2026-06-26,1533,23,Cape Verde Islands,Saudi Arabia,0.0,0.0,0.0,0.0,,,,,,,,,"François Letexier, France"
1489414.0,World Cup,1,World,Group Stage - 3,False,2026-06-26,32,22,Egypt,Iran,1.0,1.0,1.0,1.0,,,,,,,,,"Szymon Marciniak, Poland"
1489415.0,World Cup,1,World,Group Stage - 3,False,2026-06-26,4673,1,New Zealand,Belgium,1.0,5.0,0.0,1.0,,,,,,,,,"Adham Mohammad, Jordan"
1489416.0,World Cup,1,World,Group Stage - 3,False,2026-06-26,1090,2,Norway,France,1.0,4.0,1.0,3.0,,,,,,,,,"Michael Oliver, England"
1539074.0,World Cup,1,World,Group Stage - 3,False,2026-06-26,13,1567,Senegal,Iraq,5.0,0.0,1.0,0.0,,,,,,,,,"Anthony Taylor, England"
1489417.0,World Cup,1,World,Group Stage - 3,False,2026-06-26,7,9,Uruguay,Spain,0.0,1.0,0.0,1.0,,,,,,,,,"Ismail Elfath, USA"
1561309.0,Premier Soccer League,401,Zimbabwe,Regular Season - 20,False,2026-06-26,25735,5227,Scotland Mabvuku,Manica Diamonds,5.0,0.0,3.0,0.0,,,,,,,,,Desconocido
1543915.0,Brasileiro U17,1128,Brazil,Regular Season - 5,False,2026-06-25,24472,27733,Bahia U17,Vitoria U17,1.0,0.0,0.0,0.0,,,,,,,,,Desconocido
1526194.0,Brasileiro U20 A,740,Brazil,Regular Season - 18,False,2026-06-25,12998,11054,Corinthians U20,Flamengo U20,2.0,2.0,1.0,2.0,,,,,,,,,Desconocido
1526197.0,Brasileiro U20 A,740,Brazil,Regular Season - 18,False,2026-06-25,13008,12968,Fluminense U20,Palmeiras U20,0.0,3.0,0.0,3.0,,,,,,,,,Desconocido
1526199.0,Brasileiro U20 A,740,Brazil,Regular Season - 18,False,2026-06-25,18345,22875,RB Bragantino U20,Botafogo U20,2.0,5.0,1.0,2.0,,,,,,,,,Desconocido
1526201.0,Brasileiro U20 A,740,Brazil,Regular Season - 18,False,2026-06-25,12979,12999,Vasco da Gama U20,Criciuma U20,1.0,2.0,1.0,1.0,,,,,,,,,Desconocido
1544794.0,Maranhense - 2,1148,Brazil,Regular Season - 4,False,2026-06-25,27738,25044,Araioses,Expressinho,1.0,0.0,0.0,0.0,,,,,,,,,Desconocido
1547268.0,Paulista - U20,1086,Brazil,Regular Season - 4,False,2026-06-25,27289,13044,América-SP U20,Ponte Preta U20,0.0,1.0,0.0,0.0,,,,,,,,,Desconocido
1520744.0,Serie B,72,Brazil,Regular Season - 15,False,2026-06-25,1193,148,Cuiaba,Londrina,2.0,2.0,0.0,2.0,,,,,,,,,M. Delgado
1534056.0,Northern Super League,1182,Canada,Regular season,False,2026-06-25,25899,25900,Montreal Roses W,Ottawa Rapid W,1.0,2.0,0.0,1.0,,,,,,,,,Desconocido
1544428.0,Copa Chile,267,Chile,Group Stage - 1,False,2026-06-25,2315,2320,Colo Colo,O'Higgins,3.0,2.0,2.0,0.0,,,,,,,,,Desconocido
1544429.0,Copa Chile,267,Chile,Group Stage - 1,False,2026-06-25,2337,2324,Nublense,Universidad de Concepcion,4.0,2.0,1.0,1.0,,,,,,,,,Desconocido
1543345.0,Løgmanssteypid,491,Faroe-Islands,Semi-finals,True,2026-06-25,580,4133,Vikingur Gota,HB Torshavn,4.0,0.0,2.0,0.0,,,,,,,,,E. Rasmussen
1517196.0,Ykkönen,245,Finland,Group Stage,False,2026-06-25,2074,9190,FC jazz,Tampere United,0.0,1.0,0.0,0.0,,,,,,,,,Desconocido
1517197.0,Ykkönen,245,Finland,Group Stage,False,2026-06-25,1171,18518,JJK,Inter Turku II,11.0,1.0,6.0,0.0,,,,,,,,,Desconocido
1546828.0,David Kipiani Cup,672,Georgia,Round of 64,True,2026-06-25,13875,10015,Zooveti,Aragvi Dusheti,0.0,2.0,0.0,0.0,,,,,,,,,Desconocido
1508794.0,Úrvalsdeild,164,Iceland,Regular Season - 12,False,2026-06-25,276,278,Breidablik,Vikingur Reykjavik,1.0,4.0,0.0,1.0,,,,,,,,,I. O. Kristjansson
1534772.0,1. Division,388,Kazakhstan,Regular Season - 11,False,2026-06-25,4546,10414,Aktobe Jas,Arys,3.0,1.0,0.0,1.0,,,,,,,,,Desconocido
1534774.0,1. Division,388,Kazakhstan,Regular Season - 11,False,2026-06-25,27561,4545,Jaiyq,Akademiya Ontustik,0.0,1.0,0.0,0.0,,,,,,,,,Desconocido
1534776.0,1. Division,388,Kazakhstan,Regular Season - 11,False,2026-06-25,27633,27634,Kaspij Aktau 2,Tobol 2,2.0,1.0,1.0,1.0,,,,,,,,,Desconocido
1534775.0,1. Division,388,Kazakhstan,Regular Season - 11,False,2026-06-25,4556,18805,Sport Academy Kairat,Khan Tengri,5.0,0.0,2.0,0.0,,,,,,,,,Desconocido
1534778.0,1. Division,388,Kazakhstan,Regular Season - 11,False,2026-06-25,27635,21502,Yelimay Semey 2,Turan Turkistan,0.0,3.0,0.0,2.0,,,,,,,,,Desconocido
1553794.0,Premier League,330,Kuwait,Championship Playoffs - 4,True,2026-06-25,3533,3537,Al Fahaheel,Al Qadsia,0.0,2.0,0.0,0.0,,,,,,,,,Desconocido
1553795.0,Premier League,330,Kuwait,Championship Playoffs - 4,True,2026-06-25,3535,3540,Al Kuwait,Kazma,0.0,0.0,0.0,0.0,,,,,,,,,Desconocido
1553796.0,Premier League,330,Kuwait,Championship Playoffs - 4,True,2026-06-25,3538,3532,Al Salmiyah,Al Arabi,1.0,0.0,0.0,0.0,,,,,,,,,Desconocido
1515869.0,Virsliga,365,Latvia,Regular Season - 20,False,2026-06-25,4149,10124,BFC Daugavpils,Riga,0.0,0.0,0.0,0.0,,,,,,,,,A. Kenins
1515870.0,Virsliga,365,Latvia,Regular Season - 20,False,2026-06-25,4138,4135,Grobiņa,Auda,0.0,0.0,0.0,0.0,,,,,,,,,A. Treimanis
1515871.0,Virsliga,365,Latvia,Regular Season - 20,False,2026-06-25,4143,18834,Super Nova,FS Jelgava,1.0,5.0,1.0,3.0,,,,,,,,,E. Malcevs
1508065.0,Premier League,390,Lebanon,Regular Season - 20,False,2026-06-25,11879,11880,Al Hikma,Al Mabarrah,4.0,2.0,4.0,1.0,,,,,,,,,Desconocido
1508066.0,Premier League,390,Lebanon,Regular Season - 20,False,2026-06-25,4570,4577,Al Nejmeh,Tadamon Sour,1.0,0.0,1.0,0.0,,,,,,,,,Desconocido
1559539.0,Premier League,764,Mongolia,Regular Season - 20,False,2026-06-25,17273,26667,Khoromkhon,Ulaangom City,2.0,4.0,2.0,1.0,,,,,,,,,Desconocido
1559538.0,Premier League,764,Mongolia,Regular Season - 20,False,2026-06-25,18104,24722,Khovd,Hunters,1.0,6.0,0.0,1.0,,,,,,,,,Desconocido
1555010.0,Botola Pro,200,Morocco,Regular Season - 27,False,2026-06-25,22218,973,CODM Meknès,Hassania Agadir,0.0,0.0,0.0,0.0,,,,,,,,,A. Boulfaid
1555013.0,Botola Pro,200,Morocco,Regular Season - 27,False,2026-06-25,3449,975,CR Khemis Zemamra,Olympique Safi,1.0,1.0,0.0,0.0,,,,,,,,,M. Jamlaoui
1555012.0,Botola Pro,200,Morocco,Regular Season - 27,False,2026-06-25,971,977,Kawkab Marrakech,FUS Rabat,2.0,0.0,2.0,0.0,,,,,,,,,Y. Laoudini
1555011.0,Botola Pro,200,Morocco,Regular Season - 27,False,2026-06-25,3454,974,Olympique Dcheïra,Ittihad Tanger,2.0,0.0,2.0,0.0,,,,,,,,,M. Kechchaf
1555009.0,Botola Pro,200,Morocco,Regular Season - 27,False,2026-06-25,962,969,Renaissance Berkane,FAR Rabat,2.0,2.0,1.0,1.0,,,,,,,,,M. El Baroudi
1555014.0,Botola Pro,200,Morocco,Regular Season - 27,False,2026-06-25,14806,964,UTS Rabat,Difaa EL Jadida,1.0,2.0,0.0,0.0,,,,,,,,,Y. Triki
1555015.0,Botola Pro,200,Morocco,Regular Season - 27,False,2026-06-25,968,3453,Wydad AC,Maghreb Fès,0.0,1.0,0.0,1.0,,,,,,,,,M. Sourdy
1555016.0,Botola Pro,200,Morocco,Regular Season - 27,False,2026-06-25,25058,976,Yacoub El Mansour,Raja Casablanca,2.0,1.0,1.0,1.0,,,,,,,,,H. Temsamani
1496461.0,3. Division - Girone 1,774,Norway,Regular Season - 12,False,2026-06-25,25912,6999,Konnerud,IF Ready,0.0,1.0,0.0,0.0,,,,,,,,,Desconocido
1496644.0,3. Division - Girone 2,775,Norway,Regular Season - 12,False,2026-06-25,12864,16223,Strindheim,Melhus,2.0,1.0,1.0,0.0,,,,,,,,,Desconocido
1496822.0,3. Division - Girone 3,776,Norway,Regular Season - 12,False,2026-06-25,27276,6990,Austevoll,Fyllingsdalen,2.0,0.0,0.0,0.0,,,,,,,,,Desconocido
1496820.0,3. Division - Girone 3,776,Norway,Regular Season - 12,False,2026-06-25,22871,12825,Åsane II,Os,3.0,5.0,1.0,2.0,,,,,,,,,Desconocido
1497005.0,3. Division - Girone 4,777,Norway,Regular Season - 12,False,2026-06-25,12860,6997,Staal Jørpeland,Hinna,1.0,1.0,0.0,1.0,,,,,,,,,Desconocido
1497006.0,3. Division - Girone 4,777,Norway,Regular Season - 12,False,2026-06-25,25500,12891,Våg,Viking II,3.0,2.0,2.0,0.0,,,,,,,,,Desconocido
1497366.0,3. Division - Girone 6,779,Norway,Regular Season - 12,False,2026-06-25,22868,16215,Bjørkelangen,Sarpsborg 08 II,2.0,0.0,2.0,0.0,,,,,,,,,Desconocido
1497367.0,3. Division - Girone 6,779,Norway,Regular Season - 12,False,2026-06-25,6972,6992,Brumunddal,Gjøvik-Lyn,0.0,3.0,0.0,2.0,,,,,,,,,Desconocido
1495505.0,Damallsvenskan,549,Sweden,Regular Season - 11,False,2026-06-25,10900,15630,Piteå W,Hammarby W,1.0,1.0,1.0,0.0,,,,,,,,,E. Svardsudd
1510618.0,Division 2 - Norra Götaland,592,Sweden,Norra Götaland - 14,True,2026-06-25,16605,12573,IFK Skövde,Lidköping,1.0,2.0,0.0,1.0,,,,,,,,,Desconocido
1510800.0,Division 2 - Norra Svealand,593,Sweden,Norra Svealand - 14,True,2026-06-25,27386,23659,Helges,Sunnersta,0.0,3.0,0.0,1.0,,,,,,,,,Desconocido
1511161.0,Division 2 - Södra Svealand,595,Sweden,Södra Svealand - 14,True,2026-06-25,6691,14510,Nyköping,Nacka Iliria,4.0,1.0,2.0,0.0,,,,,,,,,Desconocido
1511345.0,Division 2 - Västra Götaland,596,Sweden,Västra Götaland - 14,True,2026-06-25,27309,25575,Galtabacks,Böljan,0.0,0.0,0.0,0.0,,,,,,,,,Desconocido
1525104.0,USL League Two,256,USA,Group Stage,False,2026-06-25,18895,23127,Flatirons Rush,Utah United,0.0,3.0,0.0,1.0,,,,,,,,,Desconocido
1525105.0,USL League Two,256,USA,Group Stage,False,2026-06-25,23117,27517,Hattiesburg,Jackson Boom,1.0,0.0,0.0,0.0,,,,,,,,,Desconocido
1525107.0,USL League Two,256,USA,Group Stage,False,2026-06-25,4062,4038,Long Island Rough Riders,Cedar Stars Rush,4.0,1.0,3.0,1.0,,,,,,,,,Desconocido
1525106.0,USL League Two,256,USA,Group Stage,False,2026-06-25,4082,4035,Seacoast United Phantoms,Boston Bolts,2.0,0.0,0.0,0.0,,,,,,,,,Desconocido
1532293.0,USL W League,1117,USA,Regular Season - 1,False,2026-06-25,23934,23892,Brooke House W,Brevard Riptide W,0.0,3.0,,,,,,,,,,,Desconocido
1532292.0,USL W League,1117,USA,Regular Season - 1,False,2026-06-25,23901,25864,Flatirons II W,Utah United W,1.0,10.0,,,,,,,,,,,Desconocido
1532362.0,USL W League,1117,USA,Regular Season - 1,False,2026-06-25,25846,27748,Hudson Valley Crusaders W,Hartford Athletic W,3.0,1.0,,,,,,,,,,,Desconocido
1567488.0,Friendlies Clubs,667,World,Club Friendly,True,2026-06-25,2656,2592,Cukaricki,Arges Pitesti,0.0,2.0,0.0,1.0,,,,,,,,,Desconocido
1560442.0,Friendlies Clubs,667,World,Club Friendlies,True,2026-06-25,2581,1388,FC Botosani,Dunfermline,1.0,0.0,0.0,0.0,,,,,,,,,Desconocido
1560443.0,Friendlies Clubs,667,World,Club Friendlies,True,2026-06-25,621,26146,FC Krasnodar,PSK Dinskaya,5.0,1.0,3.0,0.0,,,,,,,,,Desconocido
1554518.0,Friendlies Clubs,667,World,Club Friendlies,True,2026-06-25,1080,2001,FC Orenburg,FK Neftekhimik,0.0,1.0,0.0,0.0,,,,,,,,,Desconocido
1554517.0,Friendlies Clubs,667,World,Club Friendlies,True,2026-06-25,3484,12902,GKS Katowice,Świt Skolwin,7.0,0.0,2.0,0.0,,,,,,,,,Desconocido
1548707.0,Friendlies Clubs,667,World,Club Friendlies,True,2026-06-25,1404,598,SKU Amstetten,FK Crvena Zvezda,1.0,2.0,0.0,1.0,,,,,,,,,Desconocido
1567487.0,Friendlies Clubs,667,World,Club Friendly,True,2026-06-25,325,2166,Tromso,Orgryte IS,4.0,1.0,1.0,0.0,,,,,,,,,Desconocido
1489409.0,World Cup,1,World,Group Stage - 3,False,2026-06-25,5530,1501,Curaçao,Ivory Coast,0.0,2.0,0.0,1.0,,,,,,,,,"Glenn Nyberg, Sweden"
1489410.0,World Cup,1,World,Group Stage - 3,False,2026-06-25,2382,25,Ecuador,Germany,2.0,1.0,1.0,1.0,,,,,,,,,"Tori Penso, USA"
1539011.0,World Cup,1,World,Group Stage - 3,False,2026-06-25,12,5,Japan,Sweden,1.0,1.0,0.0,0.0,,,,,,,,,"Iván Barton, El Salvador"
1489411.0,World Cup,1,World,Group Stage - 3,False,2026-06-25,2380,20,Paraguay,Australia,0.0,0.0,0.0,0.0,,,,,,,,,"Clement Turpin, France"
1489412.0,World Cup,1,World,Group Stage - 3,False,2026-06-25,28,1118,Tunisia,Netherlands,1.0,3.0,0.0,2.0,,,,,,,,,"Katia García, Mexico"
1539012.0,World Cup,1,World,Group Stage - 3,False,2026-06-25,777,2384,Türkiye,USA,3.0,2.0,2.0,1.0,,,,,,,,,"Mustapha Ghorbal, Algeria"
1561330.0,Division di Honor,421,Aruba,Final,True,2026-06-24,8236,8238,Caravel,Estrella,1.0,6.0,0.0,3.0,,,,,,,,,Desconocido
1532573.0,NNSW League 1,1090,Australia,Regular Season - 10,False,2026-06-24,10206,11195,Lake Macquarie,West Wallsend,7.0,1.0,5.0,0.0,,,,,,,,,Desconocido
1523718.0,Northern NSW NPL,481,Australia,Regular Season - 7,False,2026-06-24,10203,18313,Charlestown City Blues,Cooks Hill United,2.0,2.0,0.0,0.0,,,,,,,,,Desconocido
1523755.0,Northern NSW NPL,481,Australia,Regular Season - 13,False,2026-06-24,23502,10201,Kahibah,Adamstown Rosebuds,1.0,2.0,1.0,0.0,,,,,,,,,Desconocido
1543585.0,Premier League,1031,Bhutan,Regular Season,False,2026-06-24,27725,5590,Drukpa,Tensung,1.0,1.0,0.0,0.0,,,,,,,,,Desconocido
1526193.0,Brasileiro U20 A,740,Brazil,Regular Season - 18,False,2026-06-24,12953,12984,Avaí U20,Athletico PR U20,0.0,2.0,0.0,1.0,,,,,,,,,Desconocido
1543285.0,Carioca A2,851,Brazil,1st Phase - 9,True,2026-06-24,13104,20006,América RJ,CEAC / Araruama,0.0,1.0,0.0,0.0,,,,,,,,,Desconocido
1541988.0,Catarinense - 2,936,Brazil,Regular Season - 11,False,2026-06-24,19635,21209,Blumenau,Caravaggio,1.0,2.0,0.0,0.0,,,,,,,,,Desconocido
1539836.0,Catarinense U20,1076,Brazil,Regular Season - 11,False,2026-06-24,23322,23325,Brusque U20,Nação U20,2.0,4.0,0.0,1.0,,,,,,,,,Desconocido
1560416.0,Copa Rio,1035,Brazil,Round 1,True,2026-06-24,13118,13117,São Gonçalo EC RJ,Serrano RJ,3.0,2.0,2.0,1.0,,,,,,,,,Desconocido
1544792.0,Maranhense - 2,1148,Brazil,Regular Season - 4,False,2026-06-24,25043,25129,Americano Bacabal,Tupan,2.0,2.0,2.0,1.0,,,,,,,,,Desconocido
1547693.0,Mineiro - 2,619,Brazil,Regular Season - 6,False,2026-06-24,7824,153,CAP,BOA,0.0,0.0,0.0,0.0,,,,,,,,,Desconocido
1547691.0,Mineiro - 2,619,Brazil,Regular Season - 6,False,2026-06-24,13129,16751,Coimbra,Aymorés,0.0,0.0,0.0,0.0,,,,,,,,,Desconocido
1547695.0,Mineiro - 2,619,Brazil,Regular Season - 6,False,2026-06-24,13081,7869,Democrata SL,Villa Nova,1.0,0.0,0.0,0.0,,,,,,,,,Desconocido
1544426.0,Copa Chile,267,Chile,Group Stage - 1,False,2026-06-24,5635,2328,Concepción,Huachipato,3.0,2.0,1.0,0.0,,,,,,,,,Desconocido
1544425.0,Copa Chile,267,Chile,Group Stage - 1,False,2026-06-24,2341,2331,D. La Serena,Cobresal,0.0,0.0,0.0,0.0,,,,,,,,,Desconocido
1544427.0,Copa Chile,267,Chile,Group Stage - 1,False,2026-06-24,2326,2323,Union La Calera,Universidad de Chile,3.0,3.0,2.0,1.0,,,,,,,,,Desconocido
1532778.0,League Two,929,China,Regular Season - 13,False,2026-06-24,5647,23288,BIT,Shandong Taishan II,1.0,3.0,0.0,1.0,,,,,,,,,Changzhi Liu
1532782.0,League Two,929,China,Regular Season - 13,False,2026-06-24,25839,25774,Chengdu Rongcheng II,Guangzhou Dandelion,0.0,0.0,0.0,0.0,,,,,,,,,W. Li
1532779.0,League Two,929,China,Regular Season - 13,False,2026-06-24,5665,19320,Jiangxi Liansheng,Shangyu Pterosaur,0.0,1.0,0.0,0.0,,,,,,,,,B. Chen
1532780.0,League Two,929,China,Regular Season - 13,False,2026-06-24,25779,23270,Shenzhen 2028,Langfang Glory City,3.0,1.0,1.0,1.0,,,,,,,,,Z. Xianda
1532777.0,League Two,929,China,Regular Season - 13,False,2026-06-24,20674,19321,Xi'an Ronghai,Tai'an Tiankuang,3.0,2.0,2.0,0.0,,,,,,,,,Yuan Shiwei
1532781.0,League Two,929,China,Regular Season - 13,False,2026-06-24,17272,25840,Yichun Grand Tiger,Wuhan Three Towns II,2.0,1.0,1.0,0.0,,,,,,,,,S. Tang
1506576.0,1. Deild,366,Faroe-Islands,Regular Season - 4,False,2026-06-24,4192,4179,TB,HB II,1.0,2.0,0.0,2.0,,,,,,,,,Desconocido
1543344.0,Løgmanssteypid,491,Faroe-Islands,Semi-finals,True,2026-06-24,682,701,NSI Runavik,KI Klaksvik,2.0,0.0,0.0,0.0,,,,,,,,,H. Madsen
1533184.0,Championnat D1,968,Gabon,Regular Season - 3,False,2026-06-24,21194,21187,Vautour Club,Bitam,2.0,0.0,2.0,0.0,,,,,,,,,Desconocido
1546823.0,David Kipiani Cup,672,Georgia,Round of 64,True,2026-06-24,26083,16507,Rustavi II,Irao,2.0,3.0,1.0,2.0,,,,,,,,,Desconocido
1509150.0,Erovnuli Liga,327,Georgia,Regular Season - 19,False,2026-06-24,3505,10017,Gagra,Samgurali,0.0,0.0,0.0,0.0,,,,,,,,,B. Kunchulia
1508064.0,Premier League,390,Lebanon,Regular Season - 20,False,2026-06-24,4567,4573,Al Ahed,Safa,4.0,1.0,2.0,1.0,,,,,,,,,Desconocido
1508067.0,Premier League,390,Lebanon,Regular Season - 20,False,2026-06-24,4569,26399,Al Ansar,Jwaaya FC,3.0,0.0,0.0,0.0,,,,,,,,,Desconocido
1508063.0,Premier League,390,Lebanon,Regular Season - 20,False,2026-06-24,4576,22812,Shabab Al Sahel,Reyady Abaseya,3.0,0.0,2.0,0.0,,,,,,,,,Desconocido
1530596.0,1 Lyga,361,Lithuania,Regular Season - 1,False,2026-06-24,14382,13971,Babrungas,Kauno Žalgiris II,0.0,0.0,0.0,0.0,,,,,,,,,Desconocido
1547224.0,Cup,661,Lithuania,Quarter-finals,True,2026-06-24,3859,18878,Dainava,TransINVEST Vilnius,1.0,1.0,1.0,1.0,,,,,,,,,Desconocido
1547225.0,Cup,661,Lithuania,Quarter-finals,True,2026-06-24,3870,3860,Šiauliai,Džiugas Telšiai,2.0,1.0,1.0,1.0,,,,,,,,,Desconocido
1559536.0,Premier League,764,Mongolia,Regular Season - 20,False,2026-06-24,16185,22067,Deren,Central Stallions,2.0,0.0,1.0,0.0,,,,,,,,,Desconocido
1559537.0,Premier League,764,Mongolia,Regular Season - 20,False,2026-06-24,16854,16187,Ulaanbaatar,Khangarid,3.0,1.0,0.0,0.0,,,,,,,,,Desconocido
1496458.0,3. Division - Girone 1,774,Norway,Regular Season - 12,False,2026-06-24,18924,7005,Gamle Oslo,Lokomotiv Oslo,6.0,1.0,2.0,0.0,,,,,,,,,Desconocido
1519072.0,Youth Championship,238,Russia,Regular Season - 12,False,2026-06-24,27236,7996,Dynamo Makhachkala U19,Spartak Moskva U19,0.0,0.0,0.0,0.0,,,,,,,,,Desconocido
1495502.0,Damallsvenskan,549,Sweden,Regular Season - 11,False,2026-06-24,15629,11077,AIK W,Eskilstuna United W,1.0,0.0,0.0,0.0,,,,,,,,,D. Demo
1495504.0,Damallsvenskan,549,Sweden,Regular Season - 11,False,2026-06-24,16008,11083,Norrköping W,Vittsjö W,1.0,1.0,1.0,0.0,,,,,,,,,A. Karman
1495506.0,Damallsvenskan,549,Sweden,Regular Season - 11,False,2026-06-24,11075,11076,Rosengård W,Djurgården W,4.0,1.0,2.0,0.0,,,,,,,,,U. Lov
1495507.0,Damallsvenskan,549,Sweden,Regular Season - 11,False,2026-06-24,11082,16483,Uppsala W,Häcken W,2.0,3.0,1.0,2.0,,,,,,,,,A. Oberlauf
1495508.0,Damallsvenskan,549,Sweden,Regular Season - 11,False,2026-06-24,11084,16004,Växjö W,Brommapojkarna W,2.0,1.0,0.0,1.0,,,,,,,,,C. Ekwall
1510617.0,Division 2 - Norra Götaland,592,Sweden,Norra Götaland - 14,True,2026-06-24,6670,12598,Grebbestad,Kumla,2.0,1.0,0.0,1.0,,,,,,,,,Desconocido
1510796.0,Division 2 - Norra Svealand,593,Sweden,Norra Svealand - 14,True,2026-06-24,27410,6662,Angby,Enskede,0.0,0.0,0.0,0.0,,,,,,,,,Desconocido
1515769.0,Division 2 - Norrland,594,Sweden,Norrland - 14,True,2026-06-24,24030,27459,Kubikenborg,Fransta,3.0,0.0,1.0,0.0,,,,,,,,,Desconocido
1511056.0,Division 2 - Södra Götaland,597,Sweden,Södra Götaland - 14,True,2026-06-24,27849,6701,Lilla Torg,Torns,4.0,0.0,1.0,0.0,,,,,,,,,Desconocido
1511162.0,Division 2 - Södra Svealand,595,Sweden,Södra Svealand - 14,True,2026-06-24,27308,12650,Lindo FF,Smedby,2.0,0.0,1.0,0.0,,,,,,,,,Desconocido
1511344.0,Division 2 - Västra Götaland,596,Sweden,Västra Götaland - 14,True,2026-06-24,12609,6693,Västra Frölunda,Qviding FIF,5.0,0.0,2.0,0.0,,,,,,,,,Desconocido
1505199.0,Ettan - Norra,563,Sweden,Norra - 14,True,2026-06-24,6682,11671,Karlberg,Piteå,3.0,1.0,2.0,0.0,,,,,,,,,Desconocido
1550062.0,Premier League,425,Syria,Regular Season - 28,False,2026-06-24,8019,9115,Al Ittihad,Hottin,4.0,0.0,2.0,0.0,,,,,,,,,Desconocido
1550064.0,Premier League,425,Syria,Regular Season - 28,False,2026-06-24,24992,27270,Al Shouleh,Omaya SC,0.0,1.0,0.0,0.0,,,,,,,,,Desconocido
1550065.0,Premier League,425,Syria,Regular Season - 28,False,2026-06-24,9113,9116,Al Taliya,Jabala,1.0,0.0,0.0,0.0,,,,,,,,,Desconocido
1550066.0,Premier League,425,Syria,Regular Season - 28,False,2026-06-24,27269,8040,Damascus Al-Ahli,Jaish,0.0,1.0,0.0,0.0,,,,,,,,,Desconocido
1550068.0,Premier League,425,Syria,Regular Season - 28,False,2026-06-24,27267,9111,Khan Shaykhun SC,Al Karama,1.0,1.0,0.0,1.0,,,,,,,,,Desconocido
1550063.0,Premier League,425,Syria,Regular Season - 28,False,2026-06-24,9123,8035,Shorta,Al Wahda,1.0,1.0,1.0,0.0,,,,,,,,,Desconocido
1550069.0,Premier League,425,Syria,Regular Season - 28,False,2026-06-24,9117,15301,Tishreen,Horriya,1.0,1.0,0.0,0.0,,,,,,,,,Desconocido
1550067.0,Premier League,425,Syria,Regular Season - 28,False,2026-06-24,9118,9114,Wathba,Foutoua,4.0,0.0,3.0,0.0,,,,,,,,,Desconocido
1477250.0,Ligi kuu Bara,567,Tanzania,Regular Season - 28,False,2026-06-24,14345,12190,Dodoma Jiji,JKT Tanzania,0.0,0.0,0.0,0.0,,,,,,,,,Desconocido
1477251.0,Ligi kuu Bara,567,Tanzania,Regular Season - 28,False,2026-06-24,19838,22176,Fountain Gate,Mashujaa,0.0,1.0,0.0,0.0,,,,,,,,,Desconocido
1477252.0,Ligi kuu Bara,567,Tanzania,Regular Season - 28,False,2026-06-24,8061,12197,KMC,Namungo,2.0,3.0,1.0,2.0,,,,,,,,,Desconocido
1477253.0,Ligi kuu Bara,567,Tanzania,Regular Season - 28,False,2026-06-24,12195,6432,Mtibwa Sugar,Simba,0.0,3.0,0.0,1.0,,,,,,,,,Desconocido
1477254.0,Ligi kuu Bara,567,Tanzania,Regular Season - 28,False,2026-06-24,24707,12194,Pamba Jiji,Mbeya City,0.0,2.0,0.0,1.0,,,,,,,,,Desconocido
1477255.0,Ligi kuu Bara,567,Tanzania,Regular Season - 28,False,2026-06-24,24353,12202,Singida Black Stars,Tanzania Prisons,3.0,1.0,2.0,0.0,,,,,,,,,Desconocido
1477256.0,Ligi kuu Bara,567,Tanzania,Regular Season - 28,False,2026-06-24,22175,12189,Tabora United,Coastal Union,1.0,1.0,0.0,0.0,,,,,,,,,Desconocido
1477257.0,Ligi kuu Bara,567,Tanzania,Regular Season - 28,False,2026-06-24,5370,8057,Young Africans,Azam,3.0,0.0,1.0,0.0,,,,,,,,,Desconocido
1513373.0,MLS Next Pro,909,USA,Group Stage,False,2026-06-24,21141,18814,Los Angeles FC II,Minnesota United II,1.0,0.0,0.0,0.0,,,,,,,,,Desconocido
1493555.0,USL Championship,255,USA,Group Stage,False,2026-06-24,3990,3999,Charleston Battery,Loudoun United,4.0,1.0,2.0,0.0,,,,,,,,,K. Broadley
1493556.0,USL Championship,255,USA,Group Stage,False,2026-06-24,3992,4017,Colorado Springs,San Antonio,1.0,2.0,1.0,1.0,,,,,,,,,C. Radosav
1493557.0,USL Championship,255,USA,Group Stage,False,2026-06-24,9030,4007,Miami FC,Orange County SC,2.0,4.0,1.0,1.0,,,,,,,,,A. Billeter
1493876.0,USL League One,489,USA,Group Stage,False,2026-06-24,4043,25838,Corpus Christi,Alta,0.0,0.0,0.0,0.0,,,,,,,,,Desconocido
1493878.0,USL League One,489,USA,Group Stage,False,2026-06-24,25486,4024,Portland Hearts of Pine,Richmond Kickers,5.0,1.0,1.0,1.0,,,,,,,,,Desconocido
1493879.0,USL League One,489,USA,Group Stage,False,2026-06-24,22785,25488,Spokane Velocity,Westchester SC,2.0,1.0,1.0,1.0,,,,,,,,,Desconocido
1531212.0,USL League One Cup,1095,USA,Group Stage,False,2026-06-24,3991,9026,Charlotte Independence,Greenville Triumph,1.0,0.0,0.0,0.0,,,,,,,,,Desconocido
1525082.0,USL League Two,256,USA,Group Stage,False,2026-06-24,9065,4052,AFC Ann Arbor,Flint City Bucks,2.0,1.0,1.0,0.0,,,,,,,,,Desconocido
1524562.0,USL League Two,256,USA,Group Stage,False,2026-06-24,23107,20963,AMSG,Capo,1.0,5.0,0.0,3.0,,,,,,,,,Desconocido
1525081.0,USL League Two,256,USA,Group Stage,False,2026-06-24,10145,4079,Academica,San Francisco City,2.0,3.0,2.0,2.0,,,,,,,,,Desconocido
1525073.0,USL League Two,256,USA,Group Stage,False,2026-06-24,18882,23128,Ballard,West Seattle Junction,3.0,1.0,2.0,0.0,,,,,,,,,Desconocido
1525079.0,USL League Two,256,USA,Group Stage,False,2026-06-24,27513,23971,Bethesda SC,Annapolis Blues,3.0,3.0,1.0,1.0,,,,,,,,,Desconocido
1525102.0,USL League Two,256,USA,Group Stage,False,2026-06-24,23114,4061,Charlottesville Blues,Lionsbridge,0.0,3.0,0.0,3.0,,,,,,,,,Desconocido
1525076.0,USL League Two,256,USA,Group Stage,False,2026-06-24,18890,17019,Cleveland Force,Buffalo,1.0,7.0,1.0,3.0,,,,,,,,,Desconocido
1525074.0,USL League Two,256,USA,Group Stage,False,2026-06-24,18891,23108,Colorado ISA,Albion Colorado,1.0,4.0,0.0,2.0,,,,,,,,,Desconocido
1525412.0,USL League Two,256,USA,Group Stage,False,2026-06-24,25954,13200,Colorado Storm,Real Colorado Foxes,4.0,0.0,2.0,0.0,,,,,,,,,Desconocido
1525084.0,USL League Two,256,USA,Group Stage,False,2026-06-24,27514,26064,Connecticut Rush,New England FC,1.0,2.0,1.0,1.0,,,,,,,,,Desconocido
1525075.0,USL League Two,256,USA,Group Stage,False,2026-06-24,18893,18908,Davis Legacy,Project 51O,1.0,2.0,1.0,1.0,,,,,,,,,Desconocido
1525069.0,USL League Two,256,USA,Group Stage,False,2026-06-24,25955,23227,Erie Sports Center,Steel City,1.0,3.0,0.0,0.0,,,,,,,,,Desconocido
1525072.0,USL League Two,256,USA,Group Stage,False,2026-06-24,4049,27516,Evergreen,Hill City,3.0,4.0,2.0,3.0,,,,,,,,,Desconocido
1525086.0,USL League Two,256,USA,Group Stage,False,2026-06-24,25940,4036,GFI,Brazos Valley,2.0,0.0,1.0,0.0,,,,,,,,,Desconocido
1525087.0,USL League Two,256,USA,Group Stage,False,2026-06-24,23993,4089,Hickory,Tobacco Road,4.0,0.0,2.0,0.0,,,,,,,,,Desconocido
1525088.0,USL League Two,256,USA,Group Stage,False,2026-06-24,18896,4032,Houston Sur,AHFC Royals,0.0,2.0,0.0,1.0,,,,,,,,,Desconocido
1525085.0,USL League Two,256,USA,Group Stage,False,2026-06-24,10280,4101,Inter Miami II,Weston,3.0,1.0,1.0,1.0,,,,,,,,,Desconocido
1525097.0,USL League Two,256,USA,Group Stage,False,2026-06-24,21283,18894,Ironbound,FC Motown II,1.0,0.0,0.0,0.0,,,,,,,,,Desconocido
1525089.0,USL League Two,256,USA,Group Stage,False,2026-06-24,16680,18901,Kalamazoo FC,Midwest United,2.0,2.0,1.0,0.0,,,,,,,,,Desconocido
1525103.0,USL League Two,256,USA,Group Stage,False,2026-06-24,25942,27525,Lonestar,San Antonio FC 2,1.0,1.0,0.0,0.0,,,,,,,,,Desconocido
1525077.0,USL League Two,256,USA,Group Stage,False,2026-06-24,10098,4098,Louisville City II,West Virginia Alliance,1.0,1.0,1.0,1.0,,,,,,,,,Desconocido
1525090.0,USL League Two,256,USA,Group Stage,False,2026-06-24,23224,25943,Lubbock Matadors,McKinney Chupacabras,1.0,1.0,1.0,0.0,,,,,,,,,Desconocido
1525070.0,USL League Two,256,USA,Group Stage,False,2026-06-24,18899,10490,Marin,Sportivo San Juan,3.0,3.0,1.0,0.0,,,,,,,,,Desconocido
1525071.0,USL League Two,256,USA,Group Stage,False,2026-06-24,18900,4051,Miami AC,FC Miami City,1.0,1.0,0.0,1.0,,,,,,,,,Desconocido
1525091.0,USL League Two,256,USA,Group Stage,False,2026-06-24,10069,21286,Minneapolis City,RKC,3.0,1.0,3.0,1.0,,,,,,,,,Desconocido
1525413.0,USL League Two,256,USA,Group Stage,False,2026-06-24,4064,4001,Mississippi Brilla,Memphis 901,3.0,3.0,2.0,2.0,,,,,,,,,Desconocido
1525098.0,USL League Two,256,USA,Group Stage,False,2026-06-24,16682,9086,Morris Elite,New Jersey Copa,2.0,0.0,0.0,0.0,,,,,,,,,Desconocido
1525092.0,USL League Two,256,USA,Group Stage,False,2026-06-24,18907,27520,Patuxent,Loudoun 2,1.0,7.0,0.0,3.0,,,,,,,,,Desconocido
1525093.0,USL League Two,256,USA,Group Stage,False,2026-06-24,16686,4060,Real Central New Jersey,Lehigh Valley United,1.0,2.0,0.0,1.0,,,,,,,,,Desconocido
1525094.0,USL League Two,256,USA,Group Stage,False,2026-06-24,27526,27515,Rockford Raptors,Edgewater Castle,3.0,2.0,1.0,1.0,,,,,,,,,Desconocido
1525078.0,USL League Two,256,USA,Group Stage,False,2026-06-24,25947,24029,Santafé Wanderers,Sunflower State,5.0,2.0,2.0,1.0,,,,,,,,,Desconocido
1525099.0,USL League Two,256,USA,Group Stage,False,2026-06-24,25951,25937,Stars FC,City SC,5.0,2.0,3.0,0.0,,,,,,,,,Desconocido
1525095.0,USL League Two,256,USA,Group Stage,False,2026-06-24,23123,23121,Sueno,River Light,3.0,3.0,1.0,1.0,,,,,,,,,Desconocido
1525083.0,USL League Two,256,USA,Group Stage,False,2026-06-24,4087,23119,The Villages,Inter Gainesville,4.0,2.0,2.0,1.0,,,,,,,,,Desconocido
1525096.0,USL League Two,256,USA,Group Stage,False,2026-06-24,4093,4083,Ventura County Fusion,Seahorses,5.0,1.0,3.0,0.0,,,,,,,,,Desconocido
1525101.0,USL League Two,256,USA,Group Stage,False,2026-06-24,24018,9047,West Texas,Fort Worth Vaqueros,2.0,1.0,1.0,0.0,,,,,,,,,Desconocido
1525100.0,USL League Two,256,USA,Group Stage,False,2026-06-24,4099,18897,Westchester Flames,Hudson Valley Hammers,0.0,3.0,0.0,2.0,,,,,,,,,Desconocido
1532402.0,USL W League,1117,USA,Regular Season - 1,False,2026-06-24,25934,27609,AMSG W,Los Angeles SC W,2.0,6.0,,,,,,,,,,,Desconocido
1532461.0,USL W League,1117,USA,Regular Season - 1,False,2026-06-24,25858,27614,Annapolis Blues W,Virginia Development Academy W,2.0,1.0,,,,,,,,,,,Desconocido
1532465.0,USL W League,1117,USA,Regular Season - 1,False,2026-06-24,25841,27615,Bigfoot W,Portland Cherry Bombs FC W,2.0,2.0,,,,,,,,,,,Desconocido
1532284.0,USL W League,1117,USA,Regular Season - 1,False,2026-06-24,25859,25852,Buffalo W,Pittsburgh Riveters W,1.0,3.0,,,,,,,,,,,Desconocido
1532286.0,USL W League,1117,USA,Regular Season - 1,False,2026-06-24,23896,25857,Challenge W,AHFC Royals W,2.0,1.0,,,,,,,,,,,Desconocido
1532278.0,USL W League,1117,USA,Regular Season - 1,False,2026-06-24,23936,25865,Charlottesville Blues W,Virginia Beach United W,0.0,3.0,,,,,,,,,,,Desconocido
1532275.0,USL W League,1117,USA,Regular Season - 1,False,2026-06-24,23941,25844,Cleveland Force W,Flower City 1872 W,4.0,1.0,,,,,,,,,,,Desconocido
1532287.0,USL W League,1117,USA,Regular Season - 1,False,2026-06-24,23942,23929,Colorado ISA W,Albion Colorado W,3.0,1.0,,,,,,,,,,,Desconocido
1532464.0,USL W League,1117,USA,Regular Season - 1,False,2026-06-24,23898,27617,Colorado Storm W,Real Colorado W,1.0,0.0,,,,,,,,,,,Desconocido
1532279.0,USL W League,1117,USA,Regular Season - 1,False,2026-06-24,23880,16488,Dayton Dutch Lions W,Racing Louisville W,3.0,4.0,,,,,,,,,,,Desconocido
1532283.0,USL W League,1117,USA,Regular Season - 1,False,2026-06-24,23943,23952,Detroit City W,Midwest United W,2.0,3.0,,,,,,,,,,,Desconocido
1532282.0,USL W League,1117,USA,Regular Season - 1,False,2026-06-24,25845,25850,Fort Lauderdale Utd II W,Miami City W,3.0,3.0,,,,,,,,,,,Desconocido
1532281.0,USL W League,1117,USA,Regular Season - 1,False,2026-06-24,23945,25862,Indy Eleven W,Toledo Villa W,3.0,1.0,,,,,,,,,,,Desconocido
1532280.0,USL W League,1117,USA,Regular Season - 1,False,2026-06-24,23949,23895,Long Island Rough Riders W,Cedar Stars W,6.0,1.0,,,,,,,,,,,Desconocido
1532403.0,USL W League,1117,USA,Regular Season - 1,False,2026-06-24,27611,24134,Loudoun United FC W,Lancaster Inferno W,2.0,2.0,,,,,,,,,,,Desconocido
1532285.0,USL W League,1117,USA,Regular Season - 1,False,2026-06-24,23950,23953,Manhattan W,Morris Elite W,1.0,2.0,,,,,,,,,,,Desconocido
1532276.0,USL W League,1117,USA,Regular Season - 1,False,2026-06-24,23911,23959,NC Courage II W,SC United Bantams W,2.0,1.0,,,,,,,,,,,Desconocido
1532274.0,USL W League,1117,USA,Regular Season - 1,False,2026-06-24,23913,23899,Northern Virginia FC W,Eagle FC W,1.0,5.0,,,,,,,,,,,Desconocido
1532289.0,USL W League,1117,USA,Regular Season - 1,False,2026-06-24,23918,25854,Pleasanton Rage W,San Juan SC W,1.0,2.0,,,,,,,,,,,Desconocido
1532462.0,USL W League,1117,USA,Regular Season - 1,False,2026-06-24,23829,23954,Port City NC W,North Carolina Fusion W,5.0,0.0,,,,,,,,,,,Desconocido
1532463.0,USL W League,1117,USA,Regular Season - 1,False,2026-06-24,27616,23919,Rally Madison FC W,RKC Third Coast W,5.0,1.0,,,,,,,,,,,Desconocido
1532291.0,USL W League,1117,USA,Regular Season - 1,False,2026-06-24,25853,23926,Salmon Bay W,Tacoma Galaxy W,3.0,0.0,,,,,,,,,,,Desconocido
1532290.0,USL W League,1117,USA,Regular Season - 1,False,2026-06-24,25856,23915,West Seattle Rhodies W,Olympia W,1.0,0.0,,,,,,,,,,,Desconocido
1560798.0,Copa Venezuela,1113,Venezuela,Round 1 - Group A,False,2026-06-24,18806,27527,Anzoátegui FC,Atletico Avila FC,3.0,1.0,2.0,0.0,,,,,,,,,Desconocido
1560800.0,Copa Venezuela,1113,Venezuela,Round 1 - Group C,False,2026-06-24,2808,2817,Caracas FC,Aragua FC,1.0,1.0,0.0,0.0,,,,,,,,,Desconocido
1560803.0,Copa Venezuela,1113,Venezuela,Round 1 - Group E,False,2026-06-24,2858,2811,Dinamo de Puerto La Cruz,Monagas SC,0.0,4.0,0.0,1.0,,,,,,,,,Desconocido
1560799.0,Copa Venezuela,1113,Venezuela,Round 1 - Group C,False,2026-06-24,10091,2829,Fundación Lara Deportiva,Yaracuyanos FC,0.0,4.0,0.0,3.0,,,,,,,,,Desconocido
1560796.0,Copa Venezuela,1113,Venezuela,Round 1 - Group E,False,2026-06-24,2824,21231,Mineros de Guyana,Bolívar,1.0,1.0,0.0,1.0,,,,,,,,,Desconocido
1560797.0,Copa Venezuela,1113,Venezuela,Round 1 - Group D,False,2026-06-24,16847,2815,Rayo Zuliano,Trujillanos FC,0.0,0.0,0.0,0.0,,,,,,,,,Desconocido
1560795.0,Copa Venezuela,1113,Venezuela,Round 1 - Group B,False,2026-06-24,2847,27528,Real Frontera,Club Atletico Barinas,0.0,1.0,0.0,0.0,,,,,,,,,Desconocido
1560801.0,Copa Venezuela,1113,Venezuela,Round 1 - Group D,False,2026-06-24,2816,2812,Urena SC,Deportivo Lara,1.0,0.0,0.0,0.0,,,,,,,,,Desconocido
1560802.0,Copa Venezuela,1113,Venezuela,Round 1 - Group B,False,2026-06-24,2806,2832,Zamora FC,Atletico el Vigia FC,6.0,1.0,4.0,1.0,,,,,,,,,Desconocido
1546586.0,Friendlies Clubs,667,World,Club Friendlies,True,2026-06-24,367,363,BK Hacken,Hammarby FF,1.0,4.0,1.0,3.0,,,,,,,,,Desconocido
1567486.0,Friendlies Clubs,667,World,Club Friendly,True,2026-06-24,5071,11784,BVSC,Majosi,2.0,0.0,2.0,0.0,,,,,,,,,Desconocido
1560441.0,Friendlies Clubs,667,World,Club Friendlies,True,2026-06-24,8294,1026,Bad Schallerbach,Lask Linz,0.0,6.0,0.0,4.0,,,,,,,,,Desconocido
1560439.0,Friendlies Clubs,667,World,Club Friendlies,True,2026-06-24,12744,20034,Brinje-Grosuplje,Corvinul Hunedoara,1.0,0.0,1.0,0.0,,,,,,,,,Desconocido
1554509.0,Friendlies Clubs,667,World,Club Friendlies,True,2026-06-24,853,6496,CSKA Sofia,Polessya,0.0,4.0,0.0,1.0,,,,,,,,,Desconocido
1554508.0,Friendlies Clubs,667,World,Club Friendlies,True,2026-06-24,10533,10550,Dukla Banská Bystrica,Tatran Prešov,0.0,0.0,0.0,0.0,,,,,,,,,Desconocido
1554510.0,Friendlies Clubs,667,World,Club Friendlies,True,2026-06-24,572,3554,Dynamo Kyiv,Žilina,2.0,0.0,1.0,0.0,,,,,,,,,Desconocido
1554513.0,Friendlies Clubs,667,World,Club Friendlies,True,2026-06-24,1635,1651,FC Schweinfurt 05,BSG Chemie Leipzig,1.0,1.0,1.0,0.0,,,,,,,,,Desconocido
1547858.0,Friendlies Clubs,667,World,Club Friendlies,True,2026-06-24,6625,2185,Freienbach,Rapperswil,1.0,3.0,1.0,0.0,,,,,,,,,Desconocido
1546587.0,Friendlies Clubs,667,World,Club Friendlies,True,2026-06-24,5352,354,Glentoran,The New Saints,1.0,1.0,1.0,1.0,,,,,,,,,Desconocido
1548705.0,Friendlies Clubs,667,World,Club Friendlies,True,2026-06-24,340,3490,Gornik Zabrze,Puszcza Niepołomice,3.0,0.0,2.0,0.0,,,,,,,,,Desconocido
1554512.0,Friendlies Clubs,667,World,Club Friendlies,True,2026-06-24,4256,656,Grazer AK,Slovan Bratislava,0.0,1.0,0.0,1.0,,,,,,,,,Desconocido
1567484.0,Friendlies Clubs,667,World,Club Friendly,True,2026-06-24,4659,12733,Hebar 1918,Ballkani,0.0,1.0,0.0,0.0,,,,,,,,,Desconocido
1542334.0,Friendlies Clubs,667,World,Club Friendlies,True,2026-06-24,2240,766,Mjallby AIF,Halmstad,3.0,3.0,1.0,0.0,,,,,,,,,Desconocido
1567483.0,Friendlies Clubs,667,World,Club Friendly,True,2026-06-24,3740,673,Mornar,Sutjeska,1.0,0.0,1.0,0.0,,,,,,,,,Desconocido
1547857.0,Friendlies Clubs,667,World,Club Friendlies,True,2026-06-24,2390,5139,Paks,Szentlőrinc SE,3.0,3.0,2.0,3.0,,,,,,,,,Desconocido
1550475.0,Friendlies Clubs,667,World,Club Friendlies,True,2026-06-24,5913,6220,Richelle United,Liège,1.0,1.0,,,,,,,,,,,Desconocido
1547856.0,Friendlies Clubs,667,World,Club Friendlies,True,2026-06-24,3549,14058,Ružomberok,Malženice,1.0,0.0,1.0,0.0,,,,,,,,,Desconocido
1560438.0,Friendlies Clubs,667,World,Club Friendlies,True,2026-06-24,3719,3731,Slovácko,Vysočina Jihlava,1.0,2.0,1.0,1.0,,,,,,,,,Desconocido
1554516.0,Friendlies Clubs,667,World,Club Friendlies,True,2026-06-24,12874,1618,Tasmania Berlin,BFC Preussen,1.0,4.0,0.0,2.0,,,,,,,,,Desconocido
1554515.0,Friendlies Clubs,667,World,Club Friendlies,True,2026-06-24,632,13976,Universitatea Craiova,Sabah FA,1.0,1.0,1.0,0.0,,,,,,,,,Desconocido
1567485.0,Friendlies Clubs,667,World,Club Friendly,True,2026-06-24,702,2402,Vojvodina,Gyori ETO FC,1.0,2.0,1.0,1.0,,,,,,,,,Desconocido
1554514.0,Friendlies Clubs,667,World,Club Friendlies,True,2026-06-24,4996,4990,Weiz,First Vienna,2.0,6.0,1.0,1.0,,,,,,,,,Desconocido
1554511.0,Friendlies Clubs,667,World,Club Friendlies,True,2026-06-24,8528,851,Yantra 2019,Cherno More Varna,0.0,1.0,0.0,1.0,,,,,,,,,Desconocido
1567482.0,Friendlies Clubs,667,World,Club Friendly,True,2026-06-24,12360,2642,Železničar Pančevo,Zemun,3.0,3.0,,,,,,,,,,,Desconocido
1539009.0,World Cup,1,World,Group Stage - 3,False,2026-06-24,1113,1569,Bosnia & Herzegovina,Qatar,3.0,1.0,2.0,1.0,,,,,,,,,"Jesús Valenzuela, Venezuela"
1539010.0,World Cup,1,World,Group Stage - 3,False,2026-06-24,770,16,Czechia,Mexico,0.0,3.0,0.0,0.0,,,,,,,,,"Yael Falcon Perez, Argentina"
1489405.0,World Cup,1,World,Group Stage - 3,False,2026-06-24,31,2386,Morocco,Haiti,4.0,2.0,2.0,2.0,,,,,,,,,"Danny Makkelie, Netherlands"
1489406.0,World Cup,1,World,Group Stage - 3,False,2026-06-24,1108,6,Scotland,Brazil,0.0,3.0,0.0,2.0,,,,,,,,,"César Ramos Palazuelos, Mexico"
1489407.0,World Cup,1,World,Group Stage - 3,False,2026-06-24,1531,17,South Africa,South Korea,1.0,0.0,0.0,0.0,,,,,,,,,"Facundo Raul Tello Figueroa, Argentina"
1489408.0,World Cup,1,World,Group Stage - 3,False,2026-06-24,15,5529,Switzerland,Canada,2.0,1.0,0.0,0.0,,,,,,,,,"Ramon Abatti Abel, Brazil"
1498356.0,Primera Nacional,129,Argentina,Regular Season - 4,False,2026-06-23,484,465,Nueva Chicago,Atletico DE Rafaela,0.0,0.0,0.0,0.0,,,,,,,,,Desconocido
1549949.0,Torneo Promocional Amateur,1067,Argentina,Regular Season - 6,False,2026-06-23,27786,27787,Buenos Aires City,Control Orientado,1.0,2.0,0.0,1.0,,,,,,,,,Desconocido
1549937.0,Torneo Promocional Amateur,1067,Argentina,Regular Season - 4,False,2026-06-23,23100,23097,Estrella de Berisso,Defensores Glew,1.0,1.0,1.0,1.0,,,,,,,,,Desconocido
1549951.0,Torneo Promocional Amateur,1067,Argentina,Regular Season - 6,False,2026-06-23,23102,27796,Ezeiza,Uribelarrea,0.0,0.0,0.0,0.0,,,,,,,,,Desconocido
1523752.0,Northern NSW NPL,481,Australia,Regular Season - 13,False,2026-06-23,10204,10207,Edgeworth Eagles,Lambton Jaffas,3.0,2.0,0.0,1.0,,,,,,,,,Desconocido
1524043.0,Queensland NPL,482,Australia,Regular Season - 13,False,2026-06-23,10215,2531,Gold Coast Knights,Eastern Suburbs,4.0,1.0,3.0,0.0,,,,,,,,,Desconocido
1524150.0,Queensland Premier League,833,Australia,Regular Season - 13,False,2026-06-23,11180,11178,Logan Lightning,Holland Park Hawks,2.0,3.0,0.0,2.0,,,,,,,,,Desconocido
1524211.0,Queensland Premier League,833,Australia,Regular Season - 11,False,2026-06-23,27512,10214,Robina City,Capalaba,5.0,1.0,4.0,1.0,,,,,,,,,Desconocido
1543584.0,Premier League,1031,Bhutan,Regular Season,False,2026-06-23,9426,19007,Paro,Ugyen Academy,11.0,0.0,5.0,0.0,,,,,,,,,Desconocido
1543911.0,Brasileiro U17,1128,Brazil,Regular Season - 5,False,2026-06-23,24468,24487,America MG U17,Sao Paulo U17,0.0,0.0,0.0,0.0,,,,,,,,,Desconocido
1543912.0,Brasileiro U17,1128,Brazil,Regular Season - 5,False,2026-06-23,24469,24483,Athletico PR U17,Internacional U17,3.0,2.0,1.0,0.0,,,,,,,,,Desconocido
1543913.0,Brasileiro U17,1128,Brazil,Regular Season - 5,False,2026-06-23,24470,24480,Atletico GO U17,Fortaleza U17,0.0,2.0,0.0,1.0,,,,,,,,,Desconocido
1543914.0,Brasileiro U17,1128,Brazil,Regular Season - 5,False,2026-06-23,24471,24484,Atlético Mineiro U17,Palmeiras U17,3.0,4.0,0.0,2.0,,,,,,,,,Desconocido
1543916.0,Brasileiro U17,1128,Brazil,Regular Season - 5,False,2026-06-23,24475,24473,Corinthians U17,Botafogo U17,4.0,0.0,2.0,0.0,,,,,,,,,Desconocido
1543917.0,Brasileiro U17,1128,Brazil,Regular Season - 5,False,2026-06-23,24479,24485,Fluminense U17,RB Bragantino U17,2.0,0.0,,,,,,,,,,,Desconocido
1543918.0,Brasileiro U17,1128,Brazil,Regular Season - 5,False,2026-06-23,25797,24476,Juventude U17,Cruzeiro U17,2.0,1.0,1.0,1.0,,,,,,,,,Desconocido
1543919.0,Brasileiro U17,1128,Brazil,Regular Season - 5,False,2026-06-23,24486,24482,Santos U17,Gremio U17,0.0,1.0,0.0,0.0,,,,,,,,,Desconocido
1543920.0,Brasileiro U17,1128,Brazil,Regular Season - 5,False,2026-06-23,25807,24478,Vasco U17,Flamengo RJ U17,1.0,1.0,0.0,1.0,,,,,,,,,Desconocido
1526195.0,Brasileiro U20 A,740,Brazil,Regular Season - 18,False,2026-06-23,13000,12981,Cruzeiro U20,América Mineiro U20,2.0,2.0,1.0,0.0,,,,,,,,,Desconocido
1526196.0,Brasileiro U20 A,740,Brazil,Regular Season - 18,False,2026-06-23,13001,13020,Cuiabá U20,Juventude U20,2.0,0.0,0.0,0.0,,,,,,,,,Desconocido
1526198.0,Brasileiro U20 A,740,Brazil,Regular Season - 18,False,2026-06-23,13011,12954,Grêmio U20,Bahia U20,4.0,0.0,2.0,0.0,,,,,,,,,Desconocido
1526200.0,Brasileiro U20 A,740,Brazil,Regular Season - 18,False,2026-06-23,12973,13009,São Paulo U20,Fortaleza U20,1.0,0.0,0.0,0.0,,,,,,,,,Desconocido
1526202.0,Brasileiro U20 A,740,Brazil,Regular Season - 18,False,2026-06-23,13072,13055,Vitória U20,Santos U20,1.0,2.0,0.0,0.0,,,,,,,,,Desconocido
1576769.0,Brasiliense U20,1100,Brazil,Regular Season - 6,False,2026-06-23,23609,25933,Brasiliense U20,Sobradinho U20,1.0,0.0,0.0,0.0,,,,,,,,,Desconocido
1576768.0,Brasiliense U20,1100,Brazil,Regular Season - 6,False,2026-06-23,12992,16472,Capital TO U20,Planaltina U20,6.0,0.0,2.0,0.0,,,,,,,,,Desconocido
1550647.0,Copa Espírito Santo,1097,Brazil,Semi-finals,True,2026-06-23,7837,15609,Vitória ES,Vilavelhense,0.0,0.0,0.0,0.0,,,,,,,,,Desconocido
1560413.0,Copa Rio,1035,Brazil,Round 1,True,2026-06-23,2203,7815,Americano Campos,Macaé,2.0,1.0,1.0,1.0,,,,,,,,,Desconocido
1560417.0,Copa Rio,1035,Brazil,Round 1,True,2026-06-23,13104,13112,América RJ,Goytacaz,3.0,0.0,0.0,0.0,,,,,,,,,Desconocido
1560411.0,Copa Rio,1035,Brazil,Round 1,True,2026-06-23,10672,13109,Cabofriense,Bonsucesso,0.0,0.0,0.0,0.0,,,,,,,,,Desconocido
1560412.0,Copa Rio,1035,Brazil,Round 1,True,2026-06-23,13114,12278,Olaria,Duque de Caxias,4.0,0.0,2.0,0.0,,,,,,,,,Desconocido
1560414.0,Copa Rio,1035,Brazil,Round 1,True,2026-06-23,17738,23640,Pérolas Negras,Santa Cruz RJ,5.0,1.0,2.0,1.0,,,,,,,,,Desconocido
1560415.0,Copa Rio,1035,Brazil,Round 1,True,2026-06-23,4857,22354,Resende,SE Belford Roxo,8.0,1.0,3.0,0.0,,,,,,,,,Desconocido
1547692.0,Mineiro - 2,619,Brazil,Regular Season - 6,False,2026-06-23,13082,7769,Mamoré,Caldense,1.0,0.0,0.0,0.0,,,,,,,,,Desconocido
1547694.0,Mineiro - 2,619,Brazil,Regular Season - 6,False,2026-06-23,18795,12296,Uberaba,Guarani MG,2.0,1.0,2.0,1.0,,,,,,,,,Desconocido
1547696.0,Mineiro - 2,619,Brazil,Regular Season - 6,False,2026-06-23,23247,12277,Valeriodoce,Ipatinga,1.0,1.0,1.0,1.0,,,,,,,,,Desconocido
1520730.0,Serie B,72,Brazil,Regular Season - 14,False,2026-06-23,125,140,America Mineiro,Criciuma,0.0,1.0,0.0,1.0,,,,,,,,,E. Batista
1544422.0,Copa Chile,267,Chile,Group Stage - 1,False,2026-06-23,2330,16730,Coquimbo Unido,Deportes Limache,1.0,1.0,0.0,1.0,,,,,,,,,Desconocido
1544423.0,Copa Chile,267,Chile,Group Stage - 1,False,2026-06-23,2325,2994,Everton de Vina,U. Catolica,1.0,3.0,0.0,3.0,,,,,,,,,Desconocido
1544424.0,Copa Chile,267,Chile,Group Stage - 1,False,2026-06-23,2318,2329,Palestino,A. Italiano,1.0,2.0,0.0,1.0,,,,,,,,,Desconocido
1532771.0,League Two,929,China,Regular Season - 13,False,2026-06-23,23132,21328,Changchun Xidu,Rizhao Yuqi,0.0,0.0,0.0,0.0,,,,,,,,,P. Li
1532775.0,League Two,929,China,Regular Season - 13,False,2026-06-23,25773,25775,Guangdong Mingtu,Guizhou Zhucheng,0.0,0.0,0.0,0.0,,,,,,,,,Y. Zhang
1532776.0,League Two,929,China,Regular Season - 13,False,2026-06-23,19319,23289,Nantong Haimen Codion,Shanghai Port II,2.0,2.0,2.0,0.0,,,,,,,,,W. Cheng
1532772.0,League Two,929,China,Regular Season - 13,False,2026-06-23,5679,27620,Qingdao Red Lions,Dalian Kewei,0.0,0.0,0.0,0.0,,,,,,,,,H. Baosheng
1532773.0,League Two,929,China,Regular Season - 13,False,2026-06-23,27619,27621,Shanghai Second,Dalian Yingbo B,1.0,2.0,1.0,1.0,,,,,,,,,Cao Zigang
1532774.0,League Two,929,China,Regular Season - 13,False,2026-06-23,27622,5660,Xiamen Feilu,Hubei Chufeng Heli,0.0,0.0,0.0,0.0,,,,,,,,,L. Han
1495713.0,Veikkausliiga,244,Finland,Regular Season - 12,False,2026-06-23,2075,2082,FF Jaro,Gnistan,1.0,1.0,0.0,1.0,,,,,,,,,"Joni Hyytia, Finland"
1495712.0,Veikkausliiga,244,Finland,Regular Season - 12,False,2026-06-23,1164,689,Inter Turku,SJK,1.0,1.0,0.0,1.0,,,,,,,,,"Mohammad Al-Emara, Finland"
1495709.0,Veikkausliiga,244,Finland,Regular Season - 12,False,2026-06-23,1165,1163,KuPS,Ilves,4.0,3.0,4.0,1.0,,,,,,,,,"Dennis Antamo, Finland"
1495710.0,Veikkausliiga,244,Finland,Regular Season - 12,False,2026-06-23,1166,1168,Lahti,Turku PS,0.0,0.0,0.0,0.0,,,,,,,,,"Oliver Reitala, Finland"
1495714.0,Veikkausliiga,244,Finland,Regular Season - 12,False,2026-06-23,587,649,Mariehamn,HJK Helsinki,0.0,4.0,0.0,1.0,,,,,,,,,"Amir Hajizadeh, Finland"
1495711.0,Veikkausliiga,244,Finland,Regular Season - 12,False,2026-06-23,650,2077,VPS,AC Oulu,5.0,1.0,3.0,1.0,,,,,,,,,"Peiman Simani, Finland"
1509149.0,Erovnuli Liga,327,Georgia,Regular Season - 19,False,2026-06-23,2262,705,Dinamo Tbilisi,Dinamo Batumi,2.0,1.0,0.0,1.0,,,,,,,,,J. Khorava
1509151.0,Erovnuli Liga,327,Georgia,Regular Season - 19,False,2026-06-23,3502,13847,FC Iberia 1999,Meshakhte,2.0,1.0,0.0,0.0,,,,,,,,,A. Parjikia
1527621.0,Premier League,569,Kyrgyzstan,Regular Season - 13,False,2026-06-23,12235,25765,Alga,Bars,3.0,1.0,1.0,1.0,,,,,,,,,Desconocido
1527622.0,Premier League,569,Kyrgyzstan,Regular Season - 13,False,2026-06-23,12240,8026,Neftchi,Dordoi Bishkek,1.0,3.0,1.0,2.0,,,,,,,,,Desconocido
1547223.0,Cup,661,Lithuania,Quarter-finals,True,2026-06-23,3857,3872,BFA,Kauno Žalgiris,0.0,3.0,0.0,1.0,,,,,,,,,Desconocido
1547226.0,Cup,661,Lithuania,Quarter-finals,True,2026-06-23,3864,3874,Minija,Panevėžys,2.0,1.0,1.0,0.0,,,,,,,,,Desconocido
1536386.0,Second League - Group 2,652,Russia,Group 2 - 13,False,2026-06-23,6840,2003,Zvezda St. Petersburg,Spartak Moscow 2,2.0,3.0,2.0,1.0,,,,,,,,,Desconocido
1545642.0,Svenska Cupen,115,Sweden,Semi-finals,True,2026-06-23,6657,2168,Astrio,Angelholms FF,0.0,3.0,0.0,0.0,,,,,,,,,Desconocido
1545643.0,Svenska Cupen,115,Sweden,Semi-finals,True,2026-06-23,16598,16597,Järfälla,Arlanda,0.0,2.0,0.0,1.0,,,,,,,,,Desconocido
1525056.0,USL League Two,256,USA,Group Stage,False,2026-06-23,4034,4031,Black Rock,AC Connecticut,2.0,1.0,1.0,0.0,,,,,,,,,Desconocido
1525055.0,USL League Two,256,USA,Group Stage,False,2026-06-23,18884,4100,Blackwatch Rush,Western Mass Pioneers,4.0,3.0,3.0,1.0,,,,,,,,,Desconocido
1525057.0,USL League Two,256,USA,Group Stage,False,2026-06-23,9071,18912,Boston City,Vermont Green,1.0,4.0,1.0,1.0,,,,,,,,,Desconocido
1525067.0,USL League Two,256,USA,Group Stage,False,2026-06-23,25938,4075,Delaware FC,Reading United,1.0,2.0,0.0,2.0,,,,,,,,,Desconocido
1525411.0,USL League Two,256,USA,Group Stage,False,2026-06-23,27756,23825,Eagle FC,PA Classics,0.0,3.0,0.0,0.0,,,,,,,,,Desconocido
1525058.0,USL League Two,256,USA,Group Stage,False,2026-06-23,23118,9028,Hill Country Lobos,Laredo Heat,0.0,5.0,0.0,3.0,,,,,,,,,Desconocido
1524966.0,USL League Two,256,USA,Group Stage,False,2026-06-23,10067,23117,Louisiana Krewe,Hattiesburg,3.0,1.0,2.0,1.0,,,,,,,,,Desconocido
1525054.0,USL League Two,256,USA,Group Stage,False,2026-06-23,23120,25948,Midlakes United,Snohomish United,0.0,4.0,0.0,3.0,,,,,,,,,Desconocido
1525059.0,USL League Two,256,USA,Group Stage,False,2026-06-23,18903,23112,Nona,Brooke House,5.0,0.0,4.0,0.0,,,,,,,,,Desconocido
1525060.0,USL League Two,256,USA,Group Stage,False,2026-06-23,4066,10094,North Carolina Fusion,Asheville City,1.0,2.0,1.0,1.0,,,,,,,,,Desconocido
1525052.0,USL League Two,256,USA,Group Stage,False,2026-06-23,25945,25941,Northern Indiana,Kings Hammer Columbus,2.0,1.0,1.0,0.0,,,,,,,,,Desconocido
1525065.0,USL League Two,256,USA,Group Stage,False,2026-06-23,10101,25950,Peoria,St. Louis Ambush,2.0,0.0,1.0,0.0,,,,,,,,,Desconocido
1525053.0,USL League Two,256,USA,Group Stage,False,2026-06-23,27521,23970,Pittsburgh Riverhounds 2,Akron City,2.0,1.0,1.0,0.0,,,,,,,,,Desconocido
1525080.0,USL League Two,256,USA,Group Stage,False,2026-06-23,26805,4076,Port City,SC United Bantams,1.0,2.0,1.0,1.0,,,,,,,,,Desconocido
1525066.0,USL League Two,256,USA,Group Stage,False,2026-06-23,10103,25944,Southern Soccer Academy,Montgomery United,4.0,0.0,1.0,0.0,,,,,,,,,Desconocido
1525061.0,USL League Two,256,USA,Group Stage,False,2026-06-23,27523,27524,Sporting Jax 2,Shark Coast,1.0,1.0,1.0,0.0,,,,,,,,,Desconocido
1525062.0,USL League Two,256,USA,Group Stage,False,2026-06-23,16690,4045,Toledo Villa,Dayton Dutch Lions,0.0,1.0,0.0,1.0,,,,,,,,,Desconocido
1525063.0,USL League Two,256,USA,Group Stage,False,2026-06-23,23125,18898,Union Macomb,Lansing City,2.0,3.0,0.0,2.0,,,,,,,,,Desconocido
1525064.0,USL League Two,256,USA,Group Stage,False,2026-06-23,4097,10096,Wake,Charlotte Independence 2,0.0,4.0,0.0,2.0,,,,,,,,,Desconocido
1525068.0,USL League Two,256,USA,Group Stage,False,2026-06-23,9037,4068,West Chester United,Ocean City Nor'easters,0.0,1.0,0.0,0.0,,,,,,,,,Desconocido
1532460.0,USL W League,1117,USA,Regular Season - 1,False,2026-06-23,23928,27613,AC Connecticut W,New England Mutiny W,1.0,4.0,,,,,,,,,,,Desconocido
1532270.0,USL W League,1117,USA,Regular Season - 1,False,2026-06-23,23937,23922,Chattanooga Red Wolves W,SSA Royals W,1.0,2.0,,,,,,,,,,,Desconocido
1532271.0,USL W League,1117,USA,Regular Season - 1,False,2026-06-23,25848,23931,Knoxville W,Asheville City W,0.0,2.0,,,,,,,,,,,Desconocido
1532272.0,USL W League,1117,USA,Regular Season - 1,False,2026-06-23,23907,25849,Lonestar II W,Lonestar San Antonio W,1.0,0.0,,,,,,,,,,,Desconocido
1532264.0,USL W League,1117,USA,Regular Season - 1,False,2026-06-23,23921,25851,Richmond Ivy W,Norfolk W,1.0,1.0,,,,,,,,,,,Desconocido
1532360.0,USL W League,1117,USA,Regular Season - 1,False,2026-06-23,23957,27743,River Light W,Edgewater Castle W,0.0,0.0,,,,,,,,,,,Desconocido
1532266.0,USL W League,1117,USA,Regular Season - 1,False,2026-06-23,23958,23910,Rochester W,Minnesota Aurora W,0.0,1.0,,,,,,,,,,,Desconocido
1532361.0,USL W League,1117,USA,Regular Season - 1,False,2026-06-23,23854,27749,Sioux Falls City W,Rockford Raptors W,0.0,1.0,,,,,,,,,,,Desconocido
1532267.0,USL W League,1117,USA,Regular Season - 1,False,2026-06-23,25855,23925,Sporting JAX W,TLH Reckoning W,0.0,1.0,,,,,,,,,,,Desconocido
1532269.0,USL W League,1117,USA,Regular Season - 1,False,2026-06-23,25861,25843,Steel City W,Erie Sports Center W,4.0,1.0,,,,,,,,,,,Desconocido
1532273.0,USL W League,1117,USA,Regular Season - 1,False,2026-06-23,23924,23893,Stockton Cargo W,California Storm II W,2.0,3.0,,,,,,,,,,,Desconocido
1532265.0,USL W League,1117,USA,Regular Season - 1,False,2026-06-23,25863,23946,Union Macomb W,Kalamazoo FC W,2.0,1.0,,,,,,,,,,,Desconocido
1532268.0,USL W League,1117,USA,Regular Season - 1,False,2026-06-23,23967,25842,Wake W,Carolina Ascent II W,4.0,3.0,,,,,,,,,,,Desconocido
1550474.0,Friendlies Clubs,667,World,Club Friendlies,True,2026-06-23,1391,7434,Alloa Athletic,Civil Service Strollers,5.0,0.0,2.0,0.0,,,,,,,,,Desconocido
1562829.0,Friendlies Clubs,667,World,Club Friendly,True,2026-06-23,4358,709,Aluminij,Pyunik Yerevan,2.0,2.0,1.0,1.0,,,,,,,,,Desconocido
1554506.0,Friendlies Clubs,667,World,Club Friendlies,True,2026-06-23,6757,26605,Annan Athletic,Johnstone Burgh,4.0,1.0,3.0,0.0,,,,,,,,,Desconocido
1554507.0,Friendlies Clubs,667,World,Club Friendlies,True,2026-06-23,23971,2285,Annapolis Blues,Santos Laguna,0.0,2.0,0.0,1.0,,,,,,,,,Desconocido
1560436.0,Friendlies Clubs,667,World,Club Friendlies,True,2026-06-23,3364,673,Borac Banja Luka,Sutjeska,1.0,0.0,0.0,0.0,,,,,,,,,Desconocido
1554498.0,Friendlies Clubs,667,World,Club Friendlies,True,2026-06-23,634,1418,Botev Plovdiv,Spartak Pleven,4.0,0.0,2.0,0.0,,,,,,,,,Desconocido
1548702.0,Friendlies Clubs,667,World,Club Friendlies,True,2026-06-23,9326,27403,Buchbach,1. FC Passau,3.0,0.0,2.0,0.0,,,,,,,,,Desconocido
1560437.0,Friendlies Clubs,667,World,Club Friendlies,True,2026-06-23,5609,362,Buckley Town,Llandudno,0.0,6.0,0.0,3.0,,,,,,,,,Desconocido
1554505.0,Friendlies Clubs,667,World,Club Friendlies,True,2026-06-23,389,1089,FC Gomel,Enisey,0.0,0.0,0.0,0.0,,,,,,,,,Desconocido
1547855.0,Friendlies Clubs,667,World,Club Friendlies,True,2026-06-23,21383,4262,Großschwarzenlohe,Eichstätt,2.0,3.0,,,,,,,,,,,Desconocido
1562831.0,Friendlies Clubs,667,World,Club Friendly,True,2026-06-23,6457,6459,Holyhead Hotspur,Holywell,2.0,2.0,,,,,,,,,,,Desconocido
1554499.0,Friendlies Clubs,667,World,Club Friendlies,True,2026-06-23,14068,3552,Humenné,Zemplín Michalovce,1.0,2.0,0.0,1.0,,,,,,,,,Desconocido
1554500.0,Friendlies Clubs,667,World,Club Friendlies,True,2026-06-23,4374,3684,Koper,FC Noah,2.0,0.0,,,,,,,,,,,Desconocido
1562828.0,Friendlies Clubs,667,World,Club Friendly,True,2026-06-23,5354,357,Larne,GAP Connah S Quay FC,1.0,0.0,0.0,0.0,,,,,,,,,Desconocido
1548701.0,Friendlies Clubs,667,World,Club Friendlies,True,2026-06-23,646,855,Levski Sofia,Etar Veliko Tarnovo,6.0,0.0,5.0,0.0,,,,,,,,,Desconocido
1548703.0,Friendlies Clubs,667,World,Club Friendlies,True,2026-06-23,7448,903,Nairn County,Inverness CT,1.0,3.0,1.0,2.0,,,,,,,,,Desconocido
1554501.0,Friendlies Clubs,667,World,Club Friendlies,True,2026-06-23,677,3339,Olimpija Ljubljana,Vllaznia Shkodër,4.0,0.0,1.0,0.0,,,,,,,,,Desconocido
1554502.0,Friendlies Clubs,667,World,Club Friendlies,True,2026-06-23,609,608,Shkendija,HNK Hajduk Split,0.0,4.0,0.0,2.0,,,,,,,,,Desconocido
1554504.0,Friendlies Clubs,667,World,Club Friendlies,True,2026-06-23,4331,3326,Sileks,Dinamo Tirana,1.0,2.0,0.0,1.0,,,,,,,,,Desconocido
1562830.0,Friendlies Clubs,667,World,Club Friendly,True,2026-06-23,11310,2191,Trethomas Bluebirds,Penybont,0.0,3.0,0.0,2.0,,,,,,,,,Desconocido
1554503.0,Friendlies Clubs,667,World,Club Friendlies,True,2026-06-23,3733,3725,Zbrojovka Brno,Prostějov,4.0,1.0,1.0,0.0,,,,,,,,,Desconocido
1539008.0,World Cup,1,World,Group Stage - 2,False,2026-06-23,8,1508,Colombia,Congo DR,1.0,0.0,0.0,0.0,,,,,,,,,"Maurizio Mariani, Italy"
1489402.0,World Cup,1,World,Group Stage - 2,False,2026-06-23,10,1504,England,Ghana,0.0,0.0,0.0,0.0,,,,,,,,,"Said Martinez, Honduras"
1489403.0,World Cup,1,World,Group Stage - 2,False,2026-06-23,11,3,Panama,Croatia,0.0,1.0,0.0,0.0,,,,,,,,,"Pierre Ghislain Atcho, Gabon"
1489404.0,World Cup,1,World,Group Stage - 2,False,2026-06-23,27,1568,Portugal,Uzbekistan,5.0,0.0,3.0,0.0,,,,,,,,,"Jalal Jayed, Morocco"
1530401.0,Torneo Federal A,134,Argentina,Regular Season - 14,False,2026-06-22,21040,21041,9 de Julio Rafaela,El Linqueño,3.0,2.0,2.0,1.0,,,,,,,,,Desconocido
1549303.0,Npl Nsw U20,1230,Australia,Regular Season - 20,False,2026-06-22,27812,27806,Sydney Olympic U20,Rockdale Ilinden U20,1.0,3.0,0.0,1.0,,,,,,,,,Desconocido
1522133.0,Victoria NPL 2,836,Australia,Regular Season - 18,False,2026-06-22,22823,16780,Melbourne Victory II,Brunswick City,4.0,1.0,1.0,1.0,,,,,,,,,Desconocido
1543583.0,Premier League,1031,Bhutan,Regular Season,False,2026-06-22,5591,21277,Thimphu,Tsirang,0.0,0.0,0.0,0.0,,,,,,,,,Desconocido
1539835.0,Catarinense U20,1076,Brazil,Regular Season - 11,False,2026-06-22,13019,20755,Joinville U20,Figueirense U20,1.0,1.0,0.0,0.0,,,,,,,,,Desconocido
1520736.0,Serie B,72,Brazil,Regular Season - 14,False,2026-06-22,139,7834,Ponte Preta,Novorizontino,0.0,2.0,0.0,1.0,,,,,,,,,M. Lima Barbosa
1526859.0,Serie C,75,Brazil,Regular Season - 11,False,2026-06-22,7772,138,Confiança,Guarani Campinas,2.0,0.0,0.0,0.0,,,,,,,,,A. Goncalves
1519585.0,Esiliiga A,328,Estonia,Regular Season - 17,False,2026-06-22,3516,3518,Elva,Flora II,0.0,3.0,0.0,1.0,,,,,,,,,Desconocido
1519586.0,Esiliiga A,328,Estonia,Regular Season - 17,False,2026-06-22,3527,14340,Maardu,Viimsi,1.0,0.0,0.0,0.0,,,,,,,,,Desconocido
1521630.0,Esiliiga B,1126,Estonia,Regular Season - 17,False,2026-06-22,13152,25403,Legion,Parnu JK Vaprus U21,1.0,4.0,0.0,1.0,,,,,,,,,Desconocido
1521631.0,Esiliiga B,1126,Estonia,Regular Season - 17,False,2026-06-22,7906,24237,Levadia U19,Johvi Phoenix,2.0,0.0,1.0,0.0,,,,,,,,,Desconocido
1521632.0,Esiliiga B,1126,Estonia,Regular Season - 17,False,2026-06-22,3522,24236,Tallinna Kalev II,Narva U21,2.0,3.0,1.0,1.0,,,,,,,,,Desconocido
1521633.0,Esiliiga B,1126,Estonia,Regular Season - 17,False,2026-06-22,3531,10168,Tulevik,Luunja,2.0,2.0,1.0,0.0,,,,,,,,,Desconocido
1541098.0,Premier League,363,Ethiopia,Regular Season - 36,False,2026-06-22,4117,4126,Fasil Ketema,Arba Minch Kenema,2.0,0.0,1.0,0.0,,,,,,,,,Desconocido
1541096.0,Premier League,363,Ethiopia,Regular Season - 36,False,2026-06-22,9986,4119,Suhul Shire,Kedus Giorgis,0.0,0.0,0.0,0.0,,,,,,,,,Desconocido
1541103.0,Premier League,363,Ethiopia,Regular Season - 36,False,2026-06-22,4124,4127,Welayta Dicha,Mebrat Hayl,1.0,2.0,1.0,1.0,,,,,,,,,Desconocido
1541100.0,Premier League,363,Ethiopia,Regular Season - 36,False,2026-06-22,4125,9983,Welwalo Adigrat Uni,Hadiya Hosaena,0.0,1.0,0.0,1.0,,,,,,,,,Desconocido
1529021.0,GFA League,845,Gambia,Regular Season - 16,False,2026-06-22,22706,22707,BST Galaxy,Bombada,4.0,1.0,2.0,1.0,,,,,,,,,Desconocido
1529025.0,GFA League,845,Gambia,Regular Season - 16,False,2026-06-22,25419,6413,Dutch Lions,Brikama United,3.0,3.0,2.0,1.0,,,,,,,,,Desconocido
1529022.0,GFA League,845,Gambia,Regular Season - 16,False,2026-06-22,27265,25420,Falcons,Hart Acedemy,2.0,1.0,2.0,0.0,,,,,,,,,Desconocido
1529023.0,GFA League,845,Gambia,Regular Season - 16,False,2026-06-22,16801,18108,Fortune,Steve Biko,1.0,0.0,0.0,0.0,,,,,,,,,Desconocido
1529024.0,GFA League,845,Gambia,Regular Season - 16,False,2026-06-22,8102,27264,GPA,Medina United,0.0,1.0,0.0,0.0,,,,,,,,,Desconocido
1529026.0,GFA League,845,Gambia,Regular Season - 16,False,2026-06-22,8087,18107,Hawks,Samger,1.0,1.0,0.0,1.0,,,,,,,,,Desconocido
1529027.0,GFA League,845,Gambia,Regular Season - 16,False,2026-06-22,16804,20811,Real de Banjul,Greater Tomorrow,2.0,3.0,2.0,2.0,,,,,,,,,Desconocido
1529028.0,GFA League,845,Gambia,Regular Season - 16,False,2026-06-22,18109,22708,Team Rhino,TMT,1.0,2.0,0.0,2.0,,,,,,,,,Desconocido
1509148.0,Erovnuli Liga,327,Georgia,Regular Season - 19,False,2026-06-22,3499,3501,Dila,Rustavi,3.0,0.0,0.0,0.0,,,,,,,,,G. Machitidze
1509152.0,Erovnuli Liga,327,Georgia,Regular Season - 19,False,2026-06-22,685,14864,Torpedo Kutaisi,Spaeri,0.0,0.0,0.0,0.0,,,,,,,,,K. Revazashvili
1507185.0,Erovnuli Liga 2,326,Georgia,Regular Season - 19,False,2026-06-22,14860,13856,Gareji,Odishi 1919,1.0,2.0,1.0,2.0,,,,,,,,,Desconocido
1507186.0,Erovnuli Liga 2,326,Georgia,Regular Season - 19,False,2026-06-22,3507,16516,Kolkheti Poti,Shturmi,0.0,0.0,0.0,0.0,,,,,,,,,Desconocido
1507187.0,Erovnuli Liga 2,326,Georgia,Regular Season - 19,False,2026-06-22,10016,14861,Merani Martvili,Gori,0.0,2.0,0.0,0.0,,,,,,,,,Desconocido
1507184.0,Erovnuli Liga 2,326,Georgia,Regular Season - 19,False,2026-06-22,3503,581,Sioni,Samtredia,3.0,2.0,1.0,1.0,,,,,,,,,Desconocido
1507188.0,Erovnuli Liga 2,326,Georgia,Regular Season - 19,False,2026-06-22,3511,10015,Telavi,Aragvi Dusheti,1.0,0.0,0.0,0.0,,,,,,,,,Desconocido
1508789.0,Úrvalsdeild,164,Iceland,Regular Season - 11,False,2026-06-22,271,827,KR Reykjavik,IA Akranes,5.0,3.0,2.0,2.0,,,,,,,,,H. M. Jonasson
1492737.0,Premier Division,357,Ireland,Regular Season - 25,False,2026-06-22,652,670,Shamrock Rovers,Derry City,1.0,1.0,0.0,1.0,,,,,,,,,Desconocido
1492736.0,Premier Division,357,Ireland,Regular Season - 25,False,2026-06-22,3854,3840,Shelbourne,Bohemians,0.0,3.0,0.0,2.0,,,,,,,,,Desconocido
1553791.0,Premier League,330,Kuwait,Championship Playoffs - 3,True,2026-06-22,3535,3532,Al Kuwait,Al Arabi,3.0,2.0,1.0,1.0,,,,,,,,,Desconocido
1553792.0,Premier League,330,Kuwait,Championship Playoffs - 3,True,2026-06-22,3537,3540,Al Qadsia,Kazma,1.0,2.0,0.0,1.0,,,,,,,,,Desconocido
1553793.0,Premier League,330,Kuwait,Championship Playoffs - 3,True,2026-06-22,3538,3533,Al Salmiyah,Al Fahaheel,2.0,1.0,0.0,0.0,,,,,,,,,Desconocido
1527616.0,Premier League,569,Kyrgyzstan,Regular Season - 13,False,2026-06-22,8022,21168,Alay,OshMU Aldier,0.0,2.0,0.0,1.0,,,,,,,,,Desconocido
1527618.0,Premier League,569,Kyrgyzstan,Regular Season - 13,False,2026-06-22,27432,21167,Asia Talas,Muras United,0.0,4.0,0.0,0.0,,,,,,,,,Desconocido
1527617.0,Premier League,569,Kyrgyzstan,Regular Season - 13,False,2026-06-22,25764,25766,Asiagoal,Bishkek City,0.0,1.0,0.0,1.0,,,,,,,,,Desconocido
1548952.0,Cup,658,Latvia,Round of 32,True,2026-06-22,4142,4153,Smiltene,Valmiera / BSS,1.0,4.0,1.0,3.0,,,,,,,,,Desconocido
1515868.0,Virsliga,365,Latvia,Regular Season - 19,False,2026-06-22,4160,18936,Rīgas FS,Ogre United,6.0,0.0,3.0,0.0,,,,,,,,,D. Kozlovs
1559534.0,Premier League,764,Mongolia,Regular Season - 19,False,2026-06-22,24722,17273,Hunters,Khoromkhon,9.0,0.0,3.0,0.0,,,,,,,,,Desconocido
1559535.0,Premier League,764,Mongolia,Regular Season - 19,False,2026-06-22,26669,18104,Khovd Western,Khovd,3.0,0.0,0.0,0.0,,,,,,,,,Desconocido
1496631.0,3. Division - Girone 2,775,Norway,Regular Season - 11,False,2026-06-22,16222,16224,Aalesund II,Ranheim II,2.0,5.0,1.0,5.0,,,,,,,,,Desconocido
1496813.0,3. Division - Girone 3,776,Norway,Regular Season - 11,False,2026-06-22,6980,16219,Fana,Sogndal II,5.0,2.0,3.0,1.0,,,,,,,,,Desconocido
1496814.0,3. Division - Girone 3,776,Norway,Regular Season - 11,False,2026-06-22,18435,22871,Førde,Åsane II,4.0,0.0,2.0,0.0,,,,,,,,,Desconocido
1496996.0,3. Division - Girone 4,777,Norway,Regular Season - 11,False,2026-06-22,18439,7009,Haugesund II,Madla,3.0,2.0,1.0,0.0,,,,,,,,,Desconocido
1496999.0,3. Division - Girone 4,777,Norway,Regular Season - 11,False,2026-06-22,9975,6982,Odd II,Flekkerøy,3.0,1.0,0.0,0.0,,,,,,,,,Desconocido
1553062.0,Copa De La Liga,1232,Peru,Group Stage - 2,False,2026-06-22,2564,2556,Atletico Grau,Molinos El Pirata,3.0,2.0,2.0,0.0,,,,,,,,,Desconocido
1553061.0,Copa De La Liga,1232,Peru,Group Stage - 2,False,2026-06-22,2550,10013,Deportivo Binacional,Cusco,4.0,3.0,2.0,2.0,,,,,,,,,Desconocido
1515760.0,Division 2 - Norrland,594,Sweden,Norrland - 13,True,2026-06-22,11665,6679,Boden,IFK Luleå,1.0,4.0,0.0,2.0,,,,,,,,,Desconocido
1511157.0,Division 2 - Södra Svealand,595,Sweden,Södra Svealand - 13,True,2026-06-22,11670,6691,Sleipner,Nyköping,1.0,1.0,1.0,1.0,,,,,,,,,Desconocido
1511159.0,Division 2 - Södra Svealand,595,Sweden,Södra Svealand - 13,True,2026-06-22,2167,16745,Syrianska FC,Rågsved,2.0,2.0,1.0,2.0,,,,,,,,,Desconocido
1497612.0,Superettan,114,Sweden,Regular Season - 13,False,2026-06-22,11674,2165,Oddevold,Ljungskile SK,0.0,0.0,0.0,0.0,,,,,,,,,"Farouk Nehdi, Sweden"
1497613.0,Superettan,114,Sweden,Regular Season - 13,False,2026-06-22,365,6697,Orebro SK,Sandviken,1.0,1.0,1.0,1.0,,,,,,,,,"Fredrik Alknas, Sweden"
1497616.0,Superettan,114,Sweden,Regular Season - 13,False,2026-06-22,2171,2176,Varbergs BoIS FC,Landskrona BoIS,2.0,3.0,2.0,1.0,,,,,,,,,"Fredrik Oppong, Sweden"
1545641.0,Svenska Cupen,115,Sweden,Semi-finals,True,2026-06-22,18424,12613,Landvetter IS,Dalstorps,0.0,1.0,0.0,0.0,,,,,,,,,Desconocido
1545632.0,Svenska Cupen,115,Sweden,Semi-finals,True,2026-06-22,12617,6676,Räppe,Hässleholms IF,1.0,2.0,0.0,1.0,,,,,,,,,Desconocido
1524798.0,USL League Two,256,USA,Group Stage,False,2026-06-22,10066,25943,Denton Diablos,McKinney Chupacabras,3.0,1.0,1.0,0.0,,,,,,,,,Desconocido
1525051.0,USL League Two,256,USA,Group Stage,False,2026-06-22,18895,3961,Flatirons Rush,Unión Villa Krause,1.0,2.0,0.0,1.0,,,,,,,,,Desconocido
1532263.0,USL W League,1117,USA,Regular Season - 1,False,2026-06-22,23916,23949,Paisley Athletic W,Long Island Rough Riders W,3.0,4.0,,,,,,,,,,,Desconocido
1532359.0,USL W League,1117,USA,Regular Season - 1,False,2026-06-22,27744,27748,Vermont Green W,Hartford Athletic W,2.0,1.0,,,,,,,,,,,Desconocido
1554496.0,Friendlies Clubs,667,World,Club Friendlies,True,2026-06-22,377,374,AIK Stockholm,Kalmar FF,0.0,2.0,0.0,2.0,,,,,,,,,Desconocido
1562827.0,Friendlies Clubs,667,World,Club Friendly,True,2026-06-22,699,3741,Mladost Lucani,Petrovac,1.0,0.0,1.0,0.0,,,,,,,,,Desconocido
1550472.0,Friendlies Clubs,667,World,Club Friendlies,True,2026-06-22,3985,6834,Torpedo Moskva,Volga Ulyanovsk,1.0,0.0,1.0,0.0,,,,,,,,,Desconocido
1489399.0,World Cup,1,World,Group Stage - 2,False,2026-06-22,26,775,Argentina,Austria,2.0,0.0,1.0,0.0,,,,,,,,,"Amin Mohamed Omar, Egypt"
1539017.0,World Cup,1,World,Group Stage - 2,False,2026-06-22,2,1567,France,Iraq,3.0,0.0,1.0,0.0,,,,,,,,,"Drew Fischer, Canada"
1489400.0,World Cup,1,World,Group Stage - 2,False,2026-06-22,1548,1532,Jordan,Algeria,1.0,2.0,1.0,0.0,,,,,,,,,"Slavko Vinčić, Slovenia"
1489401.0,World Cup,1,World,Group Stage - 2,False,2026-06-22,1090,13,Norway,Senegal,3.0,2.0,1.0,0.0,,,,,,,,,"Wilton Pereira Sampaio, Brazil"
1499474.0,Primera B Metropolitana,131,Argentina,Regular Season - 21,False,2026-06-21,2430,2429,Argentino de Merlo,Dock Sud,3.0,1.0,0.0,0.0,,,,,,,,,Desconocido
1499475.0,Primera B Metropolitana,131,Argentina,Regular Season - 21,False,2026-06-21,459,8383,Arsenal Sarandi,Deportivo Merlo,4.0,2.0,3.0,1.0,,,,,,,,,Desconocido
1499482.0,Primera B Metropolitana,131,Argentina,Regular Season - 21,False,2026-06-21,1927,8008,Talleres Remedios,Comunicaciones,0.0,0.0,0.0,0.0,,,,,,,,,Desconocido
1498345.0,Primera Nacional,129,Argentina,Regular Season - 4,False,2026-06-21,8375,466,Almirante Brown,Atletico Mitre,3.0,1.0,1.0,1.0,,,,,,,,,Desconocido
1498346.0,Primera Nacional,129,Argentina,Regular Season - 4,False,2026-06-21,1951,439,Central Norte,Godoy Cruz,1.0,0.0,1.0,0.0,,,,,,,,,Desconocido
1498347.0,Primera Nacional,129,Argentina,Regular Season - 4,False,2026-06-21,447,1965,Chacarita Juniors,Tristan Suarez,0.0,0.0,0.0,0.0,,,,,,,,,Desconocido
1498350.0,Primera Nacional,129,Argentina,Regular Season - 4,False,2026-06-21,3969,479,Club Atlético Güemes,Gimnasia Jujuy,1.0,3.0,1.0,2.0,,,,,,,,,Desconocido
1498352.0,Primera Nacional,129,Argentina,Regular Season - 4,False,2026-06-21,1067,464,Defensores De Belgrano,All Boys,0.0,1.0,0.0,0.0,,,,,,,,,Desconocido
1498353.0,Primera Nacional,129,Argentina,Regular Season - 4,False,2026-06-21,1929,483,Deportivo Madryn,Los Andes,2.0,1.0,2.0,1.0,,,,,,,,,Desconocido
1498354.0,Primera Nacional,129,Argentina,Regular Season - 4,False,2026-06-21,1954,1928,Deportivo Maipu,Gimnasia Y Tiro,0.0,0.0,0.0,0.0,,,,,,,,,Desconocido
1498355.0,Primera Nacional,129,Argentina,Regular Season - 4,False,2026-06-21,470,469,Ferro Carril Oeste,Deportivo Moron,1.0,0.0,0.0,0.0,,,,,,,,,Desconocido
1498357.0,Primera Nacional,129,Argentina,Regular Season - 4,False,2026-06-21,444,1963,Patronato,Midland,1.0,1.0,1.0,0.0,,,,,,,,,Desconocido
1530404.0,Torneo Federal A,134,Argentina,Regular Season - 14,False,2026-06-21,21043,25757,Atenas,Costa Brava,1.0,1.0,1.0,1.0,,,,,,,,,Desconocido
1530406.0,Torneo Federal A,134,Argentina,Regular Season - 14,False,2026-06-21,1949,1959,Cipolletti,Deportivo Rincon,2.0,1.0,1.0,1.0,,,,,,,,,Desconocido
1530407.0,Torneo Federal A,134,Argentina,Regular Season - 14,False,2026-06-21,2426,1960,Defensores de Belgrano VR,Independiente De Chivilcoy,2.0,0.0,1.0,0.0,,,,,,,,,Desconocido
1530408.0,Torneo Federal A,134,Argentina,Regular Season - 14,False,2026-06-21,27572,3982,Defensores de Vilelas,Sol de América,2.0,1.0,0.0,1.0,,,,,,,,,Desconocido
1530410.0,Torneo Federal A,134,Argentina,Regular Season - 14,False,2026-06-21,3945,1950,Gimnasia Concepción,Sportivo Las Parejas,0.0,1.0,0.0,1.0,,,,,,,,,Desconocido
1530411.0,Torneo Federal A,134,Argentina,Regular Season - 14,False,2026-06-21,472,1941,Guillermo Brown,Sol de Mayo,0.0,1.0,0.0,1.0,,,,,,,,,Desconocido
1530414.0,Torneo Federal A,134,Argentina,Regular Season - 14,False,2026-06-21,1935,1953,San Martin Formosa,Sarmiento Resistencia,3.0,0.0,2.0,0.0,,,,,,,,,Desconocido
1530417.0,Torneo Federal A,134,Argentina,Regular Season - 14,False,2026-06-21,27573,467,Tucuman Central,Boca Unidos,2.0,0.0,2.0,0.0,,,,,,,,,Desconocido
1549948.0,Torneo Promocional Amateur,1067,Argentina,Regular Season - 6,False,2026-06-21,23095,23096,Barrancas UMET,Belgrano Zarate,1.0,0.0,0.0,0.0,,,,,,,,,Desconocido
1549936.0,Torneo Promocional Amateur,1067,Argentina,Regular Season - 4,False,2026-06-21,23098,23104,Deportivo Metalurgico,Nautico Hacoaj,0.0,1.0,0.0,0.0,,,,,,,,,Desconocido
1532586.0,NNSW League 1,1090,Australia,Regular Season - 12,False,2026-06-21,25461,23506,Dudley Redhead United,Wallsend Red Devils,0.0,0.0,0.0,0.0,,,,,,,,,Desconocido
1517574.0,New South Wales NPL,192,Australia,Regular Season - 20,False,2026-06-21,3765,3764,Blacktown City,APIA Leichhardt Tigers,1.0,3.0,1.0,1.0,,,,,,,,,Desconocido
1517665.0,New South Wales NPL,192,Australia,Regular Season - 20,False,2026-06-21,3768,22854,Marconi Stallions,UNSW,1.0,0.0,1.0,0.0,,,,,,,,,Desconocido
1517575.0,New South Wales NPL,192,Australia,Regular Season - 20,False,2026-06-21,3776,16777,Sydney United,SD Raiders,1.0,0.0,0.0,0.0,,,,,,,,,Desconocido
1517569.0,New South Wales NPL,192,Australia,Regular Season - 20,False,2026-06-21,3777,3773,Wollongong Wolves,Sydney FC U23,2.0,3.0,2.0,2.0,,,,,,,,,Desconocido
1523773.0,Northern NSW NPL,481,Australia,Regular Season - 16,False,2026-06-21,23502,10203,Kahibah,Charlestown City Blues,4.0,1.0,1.0,1.0,,,,,,,,,Desconocido
1549307.0,Npl Nsw U20,1230,Australia,Regular Season - 20,False,2026-06-21,27813,27807,Sydney Utd U20,SD Raiders U20,2.0,2.0,1.0,2.0,,,,,,,,,Desconocido
1524058.0,Queensland NPL,482,Australia,Regular Season - 15,False,2026-06-21,10217,11182,Lions,Rochedale Rovers,2.0,1.0,1.0,0.0,,,,,,,,,Desconocido
1524057.0,Queensland NPL,482,Australia,Regular Season - 15,False,2026-06-21,10220,10221,Olympic,Peninsula Power,1.0,3.0,0.0,1.0,,,,,,,,,Desconocido
1521961.0,Victoria NPL,195,Australia,Regular Season - 17,False,2026-06-21,9978,3797,St. Albans Saints,Altona Magic,2.0,1.0,1.0,1.0,,,,,,,,,Desconocido
1534344.0,1. Division,117,Belarus,Regular Season - 12,False,2026-06-21,2433,18857,FC Energetik-Bgu Minsk,Uni Minsk,4.0,0.0,3.0,0.0,,,,,,,,,Desconocido
1534345.0,1. Division,117,Belarus,Regular Season - 12,False,2026-06-21,379,23272,FC Slutsk,BATE II,2.0,0.0,2.0,0.0,,,,,,,,,Desconocido
1534342.0,1. Division,117,Belarus,Regular Season - 12,False,2026-06-21,16656,7798,Niva,Molodechno-DYuSSh 4,6.0,0.0,4.0,0.0,,,,,,,,,Desconocido
1525895.0,Premier League,116,Belarus,Regular Season - 12,False,2026-06-21,388,9419,Bate Borisov,Arsenal,2.0,3.0,1.0,0.0,,,,,,,,,V. Shimusik
1525898.0,Premier League,116,Belarus,Regular Season - 12,False,2026-06-21,380,7808,FC Minsk,ML Vitebsk,2.0,2.0,1.0,1.0,,,,,,,,,A. Shipitsa
1525900.0,Premier League,116,Belarus,Regular Season - 12,False,2026-06-21,387,394,Neman,Dinamo Minsk,1.0,3.0,0.0,1.0,,,,,,,,,D. Markov
1543650.0,Baiano - 2,613,Brazil,Regular Season - 8,False,2026-06-21,27726,1225,Barreiras FC,Vitoria Da Conquista,2.0,1.0,1.0,0.0,,,,,,,,,Desconocido
1543622.0,Baiano - 2,613,Brazil,Regular Season - 8,False,2026-06-21,1200,23592,Fluminense De Feira,SSA,4.0,0.0,3.0,0.0,,,,,,,,,Desconocido
1546253.0,Brasiliense U20,1100,Brazil,Regular Season - 6,False,2026-06-21,27753,12960,Brazlândia FC SAF U20,Gama U20,3.0,3.0,1.0,2.0,,,,,,,,,Desconocido
1576766.0,Brasiliense U20,1100,Brazil,Regular Season - 6,False,2026-06-21,23611,23614,Ceilandense U20,Luziânia U20,0.0,0.0,0.0,0.0,,,,,,,,,Desconocido
1576767.0,Brasiliense U20,1100,Brazil,Regular Season - 6,False,2026-06-21,20752,12991,Ceilândia U20,Canaã U20,1.0,6.0,1.0,3.0,,,,,,,,,Desconocido
1576765.0,Brasiliense U20,1100,Brazil,Regular Season - 6,False,2026-06-21,25932,27754,Santa Maria U20,Brasília U20,2.0,1.0,1.0,0.0,,,,,,,,,Desconocido
1542027.0,Catarinense - 2,936,Brazil,Regular Season - 11,False,2026-06-21,25116,25117,Fluminense-SC,Jaraguá,1.0,0.0,1.0,0.0,,,,,,,,,Desconocido
1541987.0,Catarinense - 2,936,Brazil,Regular Season - 11,False,2026-06-21,12283,19637,Guarani de Palhoça,Nação,0.0,0.0,0.0,0.0,,,,,,,,,Desconocido
1541985.0,Catarinense - 2,936,Brazil,Regular Season - 11,False,2026-06-21,7828,7860,Hercílio Luz,Metropolitano,3.0,0.0,1.0,0.0,,,,,,,,,Desconocido
1541986.0,Catarinense - 2,936,Brazil,Regular Season - 11,False,2026-06-21,12912,1204,Juventus SC,Tubarao,0.0,2.0,0.0,1.0,,,,,,,,,Desconocido
1539837.0,Catarinense U20,1076,Brazil,Regular Season - 11,False,2026-06-21,27672,18329,Carlos Renaux U20,Concórdia U20,3.0,2.0,1.0,1.0,,,,,,,,,Desconocido
1553723.0,Goiano U20,1069,Brazil,Final,True,2026-06-21,12986,23198,Atlético GO U20,Cerrado EC U20,0.0,0.0,0.0,0.0,,,,,,,,,Desconocido
1544789.0,Maranhense - 2,1148,Brazil,Regular Season - 3,False,2026-06-21,25043,12919,Americano Bacabal,São José MA,1.0,0.0,1.0,0.0,,,,,,,,,Desconocido
1544791.0,Maranhense - 2,1148,Brazil,Regular Season - 4,False,2026-06-21,26642,12918,Lago Verde,Pinheiro,0.0,1.0,0.0,1.0,,,,,,,,,Desconocido
1547689.0,Mineiro - 2,619,Brazil,Regular Season - 5,False,2026-06-21,153,7824,BOA,CAP,0.0,2.0,0.0,1.0,,,,,,,,,Desconocido
1547690.0,Mineiro - 2,619,Brazil,Regular Season - 5,False,2026-06-21,7869,13081,Villa Nova,Democrata SL,2.0,1.0,1.0,1.0,,,,,,,,,Desconocido
1553079.0,Paranaense U20,1071,Brazil,Final,True,2026-06-21,23232,22841,Araucaria U20,Patriotas U20,1.0,1.0,0.0,1.0,,,,,,,,,Desconocido
1520731.0,Serie B,72,Brazil,Regular Season - 14,False,2026-06-21,145,1193,Avai,Cuiaba,1.0,0.0,1.0,0.0,,,,,,,,,Y. Ferreira
1520733.0,Serie B,72,Brazil,Regular Season - 14,False,2026-06-21,146,154,CRB,Fortaleza EC,1.0,1.0,1.0,0.0,,,,,,,,,B. Arleu
1520734.0,Serie B,72,Brazil,Regular Season - 14,False,2026-06-21,151,1223,Goias,Operario-PR,0.0,3.0,0.0,3.0,,,,,,,,,B. Vasconcelos
1520737.0,Serie B,72,Brazil,Regular Season - 14,False,2026-06-21,7865,152,São Bernardo,Juventude,0.0,1.0,0.0,0.0,,,,,,,,,D. Lacerda
1526856.0,Serie C,75,Brazil,Regular Season - 11,False,2026-06-21,18271,10862,Barra,Amazonas,1.0,1.0,0.0,1.0,,,,,,,,,F. dos Santos
1526858.0,Serie C,75,Brazil,Regular Season - 11,False,2026-06-21,1211,7774,Brusque,Floresta,2.0,1.0,1.0,1.0,,,,,,,,,A. Gomes
1526864.0,Serie C,75,Brazil,Regular Season - 11,False,2026-06-21,7770,7833,Caxias,Maringá,1.0,1.0,1.0,0.0,,,,,,,,,R. Junior
1526860.0,Serie C,75,Brazil,Regular Season - 11,False,2026-06-21,7826,1201,Ferroviária,Inter De Limeira,2.0,0.0,1.0,0.0,,,,,,,,,B. Correia
1554034.0,Serie D,76,Brazil,Round of 32,True,2026-06-21,1207,2224,ASA,Sergipe,1.0,1.0,0.0,1.0,,,,,,,,,Desconocido
1554032.0,Serie D,76,Brazil,Round of 32,True,2026-06-21,1203,754,Altos,ABC,0.0,1.0,0.0,0.0,,,,,,,,,Desconocido
1554033.0,Serie D,76,Brazil,Round of 32,True,2026-06-21,12290,7781,Araguaína,Nacional AM,0.0,1.0,0.0,0.0,,,,,,,,,Desconocido
1553733.0,Serie D,76,Brazil,Round of 32,True,2026-06-21,2208,18296,Brasiliense,Goiatuba EC,0.0,0.0,0.0,0.0,,,,,,,,,Desconocido
1554036.0,Serie D,76,Brazil,Round of 32,True,2026-06-21,10671,2227,CRAC,Tombense,1.0,0.0,1.0,0.0,,,,,,,,,Desconocido
1553734.0,Serie D,76,Brazil,Round of 32,True,2026-06-21,10673,10677,Cascavel,Marcílio Dias,2.0,2.0,1.0,1.0,,,,,,,,,Desconocido
1554035.0,Serie D,76,Brazil,Round of 32,True,2026-06-21,2210,1195,Central SC,Ferroviario,1.0,1.0,0.0,1.0,,,,,,,,,Desconocido
1554038.0,Serie D,76,Brazil,Round of 32,True,2026-06-21,10853,18308,Independência,Manauara,0.0,2.0,0.0,1.0,,,,,,,,,Desconocido
1554039.0,Serie D,76,Brazil,Round of 32,True,2026-06-21,10687,13080,Ivinhema,Democrata GV,3.0,1.0,0.0,0.0,,,,,,,,,Desconocido
1554040.0,Serie D,76,Brazil,Round of 32,True,2026-06-21,7831,7787,Jacuipense,Treze,1.0,3.0,0.0,1.0,,,,,,,,,Desconocido
1554041.0,Serie D,76,Brazil,Round of 32,True,2026-06-21,10002,150,Lagarto,CSA,1.0,1.0,0.0,1.0,,,,,,,,,Desconocido
1554042.0,Serie D,76,Brazil,Round of 32,True,2026-06-21,20781,13094,Maguary PE,Piauí,2.0,0.0,2.0,0.0,,,,,,,,,Desconocido
1553739.0,Serie D,76,Brazil,Round of 32,True,2026-06-21,7784,7879,Parnahyba,Águia de Marabá,2.0,1.0,2.0,1.0,,,,,,,,,Desconocido
1553740.0,Serie D,76,Brazil,Round of 32,True,2026-06-21,7835,10037,Portuguesa RJ,Noroeste,1.0,1.0,1.0,1.0,,,,,,,,,Desconocido
1554044.0,Serie D,76,Brazil,Round of 32,True,2026-06-21,10690,1196,Rio Branco ES,Uberlandia,0.0,2.0,0.0,0.0,,,,,,,,,Desconocido
1553741.0,Serie D,76,Brazil,Round of 32,True,2026-06-21,155,7868,Sampaio Correa,Trem,0.0,2.0,0.0,0.0,,,,,,,,,Desconocido
1553736.0,Serie D,76,Brazil,Round of 32,True,2026-06-21,2232,21207,Sao Jose,Santa Catarina,1.0,1.0,0.0,1.0,,,,,,,,,Desconocido
1554045.0,Serie D,76,Brazil,Round of 32,True,2026-06-21,1218,12946,Sao Raimundo,Porto Velho,1.0,1.0,0.0,0.0,,,,,,,,,Desconocido
1554046.0,Serie D,76,Brazil,Round of 32,True,2026-06-21,20710,1224,Serra Branca,Juazeirense,2.0,0.0,0.0,0.0,,,,,,,,,Desconocido
1553745.0,Serie D,76,Brazil,Round of 32,True,2026-06-21,15611,15505,Tuna Luso,Iguatu,1.0,2.0,1.0,0.0,,,,,,,,,Desconocido
1512945.0,Elite One,411,Cameroon,Regular Season - 25,False,2026-06-21,5400,5556,Colombe,Aigle Royal,1.0,0.0,1.0,0.0,,,,,,,,,Desconocido
1512947.0,Elite One,411,Cameroon,Regular Season - 25,False,2026-06-21,16526,5405,Jeunes Fauves,Fortuna Mfou,2.0,4.0,0.0,1.0,,,,,,,,,Desconocido
1512944.0,Elite One,411,Cameroon,Regular Season - 25,False,2026-06-21,5409,16524,PWD Bamenda,Dynamo de Douala,0.0,3.0,0.0,2.0,,,,,,,,,Desconocido
1512949.0,Elite One,411,Cameroon,Regular Season - 25,False,2026-06-21,5564,20799,Panthère,Aigle Royal de Moungo,4.0,0.0,2.0,0.0,,,,,,,,,Desconocido
1512950.0,Elite One,411,Cameroon,Regular Season - 25,False,2026-06-21,5410,20800,Stade Renard,Victoria United,1.0,0.0,0.0,0.0,,,,,,,,,Desconocido
1547552.0,Elite Two,813,Cameroon,Relegation Group - 7,False,2026-06-21,22588,16527,Bafmeng United,Foncha ST,5.0,1.0,,,,,,,,,,,Desconocido
1547551.0,Elite Two,813,Cameroon,Relegation Group - 7,False,2026-06-21,16525,5557,FAP,Bamboutos,0.0,0.0,0.0,0.0,,,,,,,,,Desconocido
1547553.0,Elite Two,813,Cameroon,Relegation Group - 7,False,2026-06-21,27458,10153,Sable,Tonnerre,2.0,2.0,2.0,0.0,,,,,,,,,Desconocido
1547554.0,Elite Two,813,Cameroon,Relegation Group - 7,False,2026-06-21,5558,5413,Yafoot,Union Douala,0.0,7.0,,,,,,,,,,,Desconocido
1534055.0,Northern Super League,1182,Canada,Regular season,False,2026-06-21,25899,25897,Montreal Roses W,Calgary Wild W,1.0,1.0,1.0,1.0,,,,,,,,,Desconocido
1534054.0,Northern Super League,1182,Canada,Regular season,False,2026-06-21,25900,25896,Ottawa Rapid W,AFC Toronto W,1.0,1.0,1.0,1.0,,,,,,,,,Desconocido
1544448.0,Copa Chile,267,Chile,Group Stage - 3,False,2026-06-21,2327,2341,Antofagasta,D. La Serena,4.0,2.0,2.0,1.0,,,,,,,,,Desconocido
1544444.0,Copa Chile,267,Chile,Group Stage - 3,False,2026-06-21,2316,2337,Curico Unido,Nublense,1.0,0.0,0.0,0.0,,,,,,,,,Desconocido
1544450.0,Copa Chile,267,Chile,Group Stage - 3,False,2026-06-21,2317,5635,Deportes Temuco,Concepción,1.0,1.0,1.0,1.0,,,,,,,,,Desconocido
1544449.0,Copa Chile,267,Chile,Group Stage - 3,False,2026-06-21,2328,2342,Huachipato,D. Puerto Montt,0.0,2.0,0.0,0.0,,,,,,,,,Desconocido
1544453.0,Copa Chile,267,Chile,Group Stage - 3,False,2026-06-21,2320,2321,O'Higgins,Union Espanola,1.0,1.0,0.0,1.0,,,,,,,,,Desconocido
1544451.0,Copa Chile,267,Chile,Group Stage - 3,False,2026-06-21,2326,2340,Union La Calera,Union San Felipe,0.0,2.0,0.0,1.0,,,,,,,,,Desconocido
1544452.0,Copa Chile,267,Chile,Group Stage - 3,False,2026-06-21,2323,2333,Universidad de Chile,Santiago Wanderers,4.0,1.0,2.0,0.0,,,,,,,,,Desconocido
1529114.0,Segunda División,711,Chile,Regular Season - 11,False,2026-06-21,5633,5643,Colchagua,Provincial Osorno,0.0,0.0,0.0,0.0,,,,,,,,,Desconocido
1529113.0,Segunda División,711,Chile,Regular Season - 11,False,2026-06-21,5634,18775,Colina,Municipal Salamanca,1.0,2.0,1.0,1.0,,,,,,,,,Desconocido
1531891.0,Segunda División,711,Chile,Regular Season - 11,False,2026-06-21,27606,2335,Lota Schwager,Santiago Morning,1.0,1.0,0.0,1.0,,,,,,,,,Desconocido
1529116.0,Segunda División,711,Chile,Regular Season - 11,False,2026-06-21,18776,18779,Provincial Ovalle,Real San Joaquín,1.0,6.0,0.0,3.0,,,,,,,,,Desconocido
1545501.0,FA Cup,171,China,Round of 32,True,2026-06-21,5688,21265,Suzhou Dongwu,Yunnan Yukun,2.0,4.0,2.0,3.0,,,,,,,,,Desconocido
1519582.0,Esiliiga A,328,Estonia,Regular Season - 17,False,2026-06-21,3517,14287,FCI Levadia II,FC Tallinn,4.0,0.0,3.0,0.0,,,,,,,,,Desconocido
1519583.0,Esiliiga A,328,Estonia,Regular Season - 17,False,2026-06-21,3529,13826,Tallinna Kalev,Nõmme Kalju II,5.0,1.0,1.0,1.0,,,,,,,,,Desconocido
1519584.0,Esiliiga A,328,Estonia,Regular Season - 17,False,2026-06-21,3524,25755,Tartu Welco,Nõmme United II,5.0,2.0,3.0,1.0,,,,,,,,,Desconocido
1521629.0,Esiliiga B,1126,Estonia,Regular Season - 17,False,2026-06-21,16718,16962,JK Tabasalu,Tartu Kalev,3.0,1.0,1.0,1.0,,,,,,,,,Desconocido
1513577.0,Meistriliiga,329,Estonia,Regular Season - 17,False,2026-06-21,687,3528,Flora Tallinn,Paide,1.0,2.0,1.0,1.0,,,,,,,,,K. Kulljastinen
1513576.0,Meistriliiga,329,Estonia,Regular Season - 17,False,2026-06-21,3530,2274,Tammeka,Trans Narva,1.0,0.0,0.0,0.0,,,,,,,,,M. Pukk
1541099.0,Premier League,363,Ethiopia,Regular Season - 36,False,2026-06-21,4111,4112,Awassa Kenema,Bahardar,0.0,0.0,0.0,0.0,,,,,,,,,Desconocido
1541102.0,Premier League,363,Ethiopia,Regular Season - 36,False,2026-06-21,4120,20030,Mekelakeya,Ethiopian Medhin,1.0,0.0,0.0,0.0,,,,,,,,,Desconocido
1541101.0,Premier League,363,Ethiopia,Regular Season - 36,False,2026-06-21,4121,4110,Mekelle Kenema,Adama Kenema,0.0,0.0,0.0,0.0,,,,,,,,,Desconocido
1506627.0,1. Deild,366,Faroe-Islands,Regular Season - 14,False,2026-06-21,4190,4183,EB / Streymur II,Víkingur II,1.0,6.0,0.0,5.0,,,,,,,,,Desconocido
1506490.0,Meistaradeildin,367,Faroe-Islands,Regular Season - 14,False,2026-06-21,4174,4184,07 Vestur,AB,2.0,0.0,1.0,0.0,,,,,,,,,A. Hansen
1506491.0,Meistaradeildin,367,Faroe-Islands,Regular Season - 14,False,2026-06-21,678,4133,B36 Torshavn,HB Torshavn,0.0,3.0,0.0,2.0,,,,,,,,,J. Ossursson Mohr
1554025.0,Championnat D1,968,Gabon,Regular Season - 23,False,2026-06-21,21189,21187,Dikaki,Bitam,1.0,2.0,1.0,1.0,,,,,,,,,Desconocido
1507386.0,Liga 3,1104,Georgia,Regular Season - 15,False,2026-06-21,13860,3504,Betlemi,WIT Georgia,0.0,2.0,0.0,0.0,,,,,,,,,Desconocido
1507387.0,Liga 3,1104,Georgia,Regular Season - 15,False,2026-06-21,14857,3506,Didube 2014,Guria,1.0,2.0,0.0,0.0,,,,,,,,,Desconocido
1507388.0,Liga 3,1104,Georgia,Regular Season - 15,False,2026-06-21,13851,14866,Gardabani,Varketili,1.0,3.0,1.0,2.0,,,,,,,,,Desconocido
1507389.0,Liga 3,1104,Georgia,Regular Season - 15,False,2026-06-21,16505,14863,Iberia 2010,FC Iberia 1999 II,0.0,2.0,0.0,2.0,,,,,,,,,Desconocido
1507390.0,Liga 3,1104,Georgia,Regular Season - 15,False,2026-06-21,27370,3500,Iveria Khashuri,Lokomotivi Tbilisi,0.0,0.0,0.0,0.0,,,,,,,,,Desconocido
1507391.0,Liga 3,1104,Georgia,Regular Season - 15,False,2026-06-21,13853,18973,Kolkheti Khobi,Gonio,0.0,1.0,0.0,0.0,,,,,,,,,Desconocido
1507392.0,Liga 3,1104,Georgia,Regular Season - 15,False,2026-06-21,16511,13865,Margveti 2006,Dinamo Tbilisi II,2.0,0.0,2.0,0.0,,,,,,,,,Desconocido
1507393.0,Liga 3,1104,Georgia,Regular Season - 15,False,2026-06-21,3508,16507,Merani Tbilisi,Irao,1.0,1.0,0.0,0.0,,,,,,,,,Desconocido
1514207.0,1. Deild,165,Iceland,Regular Season - 10,False,2026-06-21,2121,267,Grotta,Fylkir,2.0,5.0,2.0,0.0,,,,,,,,,Desconocido
1514208.0,1. Deild,165,Iceland,Regular Season - 10,False,2026-06-21,2113,277,HK Kopavogur,Grindavik,2.0,2.0,2.0,1.0,,,,,,,,,Desconocido
1514210.0,1. Deild,165,Iceland,Regular Season - 10,False,2026-06-21,2122,4166,IR Reykjavik,Völsungur,4.0,4.0,3.0,1.0,,,,,,,,,Desconocido
1514211.0,1. Deild,165,Iceland,Regular Season - 10,False,2026-06-21,4165,3514,Vestri,Afturelding,2.0,0.0,0.0,0.0,,,,,,,,,Desconocido
1514212.0,1. Deild,165,Iceland,Regular Season - 10,False,2026-06-21,4167,829,Ægir,Throttur Reykjavik,1.0,3.0,1.0,0.0,,,,,,,,,Desconocido
1508784.0,Úrvalsdeild,164,Iceland,Regular Season - 11,False,2026-06-21,276,272,Breidablik,KA Akureyri,3.0,1.0,0.0,0.0,,,,,,,,,T. Thordarson
1508785.0,Úrvalsdeild,164,Iceland,Regular Season - 11,False,2026-06-21,270,2116,FH hafnarfjordur,Thor Akureyri,1.0,1.0,1.0,0.0,,,,,,,,,G. F. Robertsson
1508788.0,Úrvalsdeild,164,Iceland,Regular Season - 11,False,2026-06-21,2117,278,Fram Reykjavik,Vikingur Reykjavik,0.0,5.0,0.0,2.0,,,,,,,,,S. H. Thrastarson
1508787.0,Úrvalsdeild,164,Iceland,Regular Season - 11,False,2026-06-21,268,275,IBV Vestmannaeyjar,Stjarnan,2.0,1.0,2.0,1.0,,,,,,,,,A. Stefansson
1508786.0,Úrvalsdeild,164,Iceland,Regular Season - 11,False,2026-06-21,274,269,Valur Reykjavik,Keflavik,1.0,1.0,1.0,0.0,,,,,,,,,P. Gudmundsson
1548226.0,Azadegan League,291,Iran,Regular Season - 30,False,2026-06-21,20802,15541,Be'sat Kermanshah,Havadar,0.0,1.0,0.0,1.0,,,,,,,,,Desconocido
1548227.0,Azadegan League,291,Iran,Regular Season - 30,False,2026-06-21,7500,22236,Damash Gilanian,Mes Soongoun,1.0,1.0,1.0,0.0,,,,,,,,,Desconocido
1548228.0,Azadegan League,291,Iran,Regular Season - 30,False,2026-06-21,2718,2702,Mes Kerman,Pars Jonoubi JAM,1.0,1.0,0.0,0.0,,,,,,,,,Desconocido
1548232.0,Azadegan League,291,Iran,Regular Season - 30,False,2026-06-21,2719,10388,Nassaji Mazandaran,Mes Shahr-e Babak,1.0,0.0,0.0,0.0,,,,,,,,,Desconocido
1548229.0,Azadegan League,291,Iran,Regular Season - 30,False,2026-06-21,2726,24800,Navad Urmia,Naft Bandar Abbas,0.0,2.0,0.0,0.0,,,,,,,,,Desconocido
1548230.0,Azadegan League,291,Iran,Regular Season - 30,False,2026-06-21,7502,25364,Niroye Zamini,Fard Alborz,0.0,2.0,0.0,1.0,,,,,,,,,Desconocido
1548231.0,Azadegan League,291,Iran,Regular Season - 30,False,2026-06-21,2736,20801,Saipa,Ario Eslamshahr,1.0,0.0,0.0,0.0,,,,,,,,,Desconocido
1548233.0,Azadegan League,291,Iran,Regular Season - 30,False,2026-06-21,2743,18302,Sanat Naft,Shahrdari Noshahr,1.0,1.0,1.0,1.0,,,,,,,,,Desconocido
1548234.0,Azadegan League,291,Iran,Regular Season - 30,False,2026-06-21,22890,10399,Shenavarsazi Qeshm,Naft Gachsaran,4.0,2.0,2.0,0.0,,,,,,,,,Desconocido
1527996.0,Premier League,389,Kazakhstan,Regular Season - 14,False,2026-06-21,4563,562,Aktobe,FC Astana,2.0,0.0,1.0,0.0,,,,,,,,,D. Gorda
1528000.0,Premier League,389,Kazakhstan,Regular Season - 14,False,2026-06-21,4554,664,Kyzyl-Zhar,Kairat Almaty,2.0,4.0,2.0,2.0,,,,,,,,,D. Tevyashov
1528001.0,Premier League,389,Kazakhstan,Regular Season - 14,False,2026-06-21,4558,2259,Okzhetpes,FK Tobol Kostanay,2.0,1.0,0.0,1.0,,,,,,,,,S. Nozhenko
1527998.0,Premier League,389,Kazakhstan,Regular Season - 14,False,2026-06-21,21011,4564,Yelimay Semey,Atyrau,1.0,2.0,1.0,2.0,,,,,,,,,A. Kuchma
1553789.0,Premier League,330,Kuwait,Relegation Play-Off - 2,True,2026-06-21,3541,3534,Al Shabab,Al Jahra,1.0,2.0,0.0,0.0,,,,,,,,,Desconocido
1553790.0,Premier League,330,Kuwait,Relegation Play-Off - 2,True,2026-06-21,3539,3536,Al Tadhamon,Al Nasar,1.0,1.0,1.0,0.0,,,,,,,,,Desconocido
1527620.0,Premier League,569,Kyrgyzstan,Regular Season - 13,False,2026-06-21,12238,12234,Kara-Balta,Abdish-Ata,2.0,2.0,1.0,1.0,,,,,,,,,Desconocido
1527623.0,Premier League,569,Kyrgyzstan,Regular Season - 13,False,2026-06-21,25767,27550,Ozgon,Toktogul,2.0,1.0,0.0,1.0,,,,,,,,,Desconocido
1515865.0,Virsliga,365,Latvia,Regular Season - 19,False,2026-06-21,18834,4144,FS Jelgava,Tukums,4.0,1.0,1.0,0.0,,,,,,,,,V. Mordatenko
1515867.0,Virsliga,365,Latvia,Regular Season - 19,False,2026-06-21,10124,661,Riga,FK Liepaja,4.0,0.0,3.0,0.0,,,,,,,,,K. Ratnieks
1515866.0,Virsliga,365,Latvia,Regular Season - 19,False,2026-06-21,4143,4135,Super Nova,Auda,0.0,2.0,0.0,0.0,,,,,,,,,A. Kenins
1508060.0,Premier League,390,Lebanon,Regular Season - 19,False,2026-06-21,4570,11880,Al Nejmeh,Al Mabarrah,5.0,0.0,2.0,0.0,,,,,,,,,Desconocido
1508059.0,Premier League,390,Lebanon,Regular Season - 19,False,2026-06-21,4577,4572,Tadamon Sour,Racing,1.0,0.0,0.0,0.0,,,,,,,,,Desconocido
1529752.0,1 Lyga,361,Lithuania,Regular Season - 14,False,2026-06-21,3859,18840,Dainava,FA Šiauliai II,5.0,0.0,1.0,0.0,,,,,,,,,Desconocido
1529751.0,1 Lyga,361,Lithuania,Regular Season - 14,False,2026-06-21,3871,3862,Žalgiris II,Jonava,1.0,2.0,1.0,2.0,,,,,,,,,Desconocido
1522831.0,A Lyga,362,Lithuania,Regular Season - 18,False,2026-06-21,3860,612,Džiugas Telšiai,Suduva Marijampole,1.0,2.0,0.0,1.0,,,,,,,,,O. Abramavicius
1583816.0,Primeira Divisão,969,Macao,Regular Season - 13,False,2026-06-21,9420,21196,CPK,Hang Sai,3.0,0.0,1.0,0.0,,,,,,,,,Desconocido
1583817.0,Primeira Divisão,969,Macao,Regular Season - 13,False,2026-06-21,25715,27372,Chiba,Artilheiros,3.0,1.0,0.0,0.0,,,,,,,,,Desconocido
1538626.0,Super League,391,Malawi,Regular Season - 7,False,2026-06-21,4584,4589,Blue Eagles,Karonga United,3.0,2.0,2.0,2.0,,,,,,,,,Desconocido
1538627.0,Super League,391,Malawi,Regular Season - 7,False,2026-06-21,4588,4599,Kamuzu Barracks,Nyasa Big Bullets,1.0,2.0,0.0,1.0,,,,,,,,,Desconocido
1538624.0,Super League,391,Malawi,Regular Season - 7,False,2026-06-21,27655,23427,Masters FC,Creck,1.0,3.0,0.0,2.0,,,,,,,,,Desconocido
1538628.0,Super League,391,Malawi,Regular Season - 7,False,2026-06-21,4593,27656,Moyale Barracks,Mitundu Baptist,2.0,0.0,2.0,0.0,,,,,,,,,Desconocido
1538629.0,Super League,391,Malawi,Regular Season - 7,False,2026-06-21,4601,4585,Red Lions,Chitipa United,1.0,0.0,0.0,0.0,,,,,,,,,Desconocido
1559532.0,Premier League,764,Mongolia,Regular Season - 19,False,2026-06-21,22067,16854,Central Stallions,Ulaanbaatar,0.0,3.0,0.0,2.0,,,,,,,,,Desconocido
1559533.0,Premier League,764,Mongolia,Regular Season - 19,False,2026-06-21,16187,16185,Khangarid,Deren,2.0,3.0,1.0,1.0,,,,,,,,,Desconocido
1555001.0,Botola Pro,200,Morocco,Regular Season - 26,False,2026-06-21,964,968,Difaa EL Jadida,Wydad AC,1.0,0.0,1.0,0.0,,,,,,,,,B. Abdelmounaim
1555002.0,Botola Pro,200,Morocco,Regular Season - 26,False,2026-06-21,969,971,FAR Rabat,Kawkab Marrakech,2.0,0.0,0.0,0.0,,,,,,,,,M. El Houidri
1555003.0,Botola Pro,200,Morocco,Regular Season - 26,False,2026-06-21,977,3454,FUS Rabat,Olympique Dcheïra,0.0,2.0,0.0,1.0,,,,,,,,,H. Temsamani
1555004.0,Botola Pro,200,Morocco,Regular Season - 26,False,2026-06-21,973,14806,Hassania Agadir,UTS Rabat,1.0,0.0,0.0,0.0,,,,,,,,,E. El Hanafi
1555005.0,Botola Pro,200,Morocco,Regular Season - 26,False,2026-06-21,974,3449,Ittihad Tanger,CR Khemis Zemamra,1.0,0.0,0.0,0.0,,,,,,,,,M. Tounsi
1555006.0,Botola Pro,200,Morocco,Regular Season - 26,False,2026-06-21,3453,962,Maghreb Fès,Renaissance Berkane,1.0,2.0,1.0,2.0,,,,,,,,,S. Boujidi
1555007.0,Botola Pro,200,Morocco,Regular Season - 26,False,2026-06-21,975,25058,Olympique Safi,Yacoub El Mansour,0.0,1.0,0.0,1.0,,,,,,,,,Desconocido
1555008.0,Botola Pro,200,Morocco,Regular Season - 26,False,2026-06-21,976,22218,Raja Casablanca,CODM Meknès,2.0,1.0,1.0,0.0,,,,,,,,,Desconocido
1495863.0,1. Division,104,Norway,Regular Season - 12,False,2026-06-21,2142,2148,Bryne,Asane,1.0,0.0,1.0,0.0,,,,,,,,,E. Wisted-Thu
1495864.0,1. Division,104,Norway,Regular Season - 12,False,2026-06-21,6976,328,Egersund,Haugesund,5.0,2.0,3.0,1.0,,,,,,,,,P. Heiberg
1495865.0,1. Division,104,Norway,Regular Season - 12,False,2026-06-21,2144,324,Kongsvinger,Stromsgodset,4.0,4.0,1.0,2.0,,,,,,,,,M. Kellerhals
1495866.0,1. Division,104,Norway,Regular Season - 12,False,2026-06-21,7012,2146,Moss,Sandnes ULF,1.0,4.0,0.0,1.0,,,,,,,,,A. Al Hatem
1495867.0,1. Division,104,Norway,Regular Season - 12,False,2026-06-21,330,2150,ODD Ballklubb,hodd,0.0,0.0,0.0,0.0,,,,,,,,,M. Hafezi
1495869.0,1. Division,104,Norway,Regular Season - 12,False,2026-06-21,2153,758,Raufoss,Sogndal,3.0,1.0,2.0,1.0,,,,,,,,,J. Mertens
1495870.0,1. Division,104,Norway,Regular Season - 12,False,2026-06-21,2147,323,Strommen,Stabaek,1.0,0.0,0.0,0.0,,,,,,,,,H. Holthe
1535633.0,1. Division Women,915,Norway,Regular Season - 10,False,2026-06-21,15954,27218,Arna-Bjørnar W,Bryne W,3.0,0.0,3.0,0.0,,,,,,,,,Desconocido
1535699.0,1. Division Women,915,Norway,Regular Season - 10,False,2026-06-21,27637,25762,Frigg Oslo FK W,Start W,1.0,3.0,0.0,3.0,,,,,,,,,Desconocido
1535698.0,1. Division Women,915,Norway,Regular Season - 10,False,2026-06-21,20884,22859,Grei W,Odd W,1.0,3.0,0.0,3.0,,,,,,,,,Desconocido
1535632.0,1. Division Women,915,Norway,Regular Season - 10,False,2026-06-21,18989,18992,TIL 2020 W,Åsane W,0.0,2.0,0.0,1.0,,,,,,,,,Desconocido
1535631.0,1. Division Women,915,Norway,Regular Season - 10,False,2026-06-21,22860,15952,Viking FK W,Kolbotn W,3.0,1.0,2.0,0.0,,,,,,,,,Desconocido
1496085.0,2. Division - Group 1,473,Norway,Regular Season - 11,False,2026-06-21,2155,7040,Arendal,Træff,3.0,1.0,1.0,1.0,,,,,,,,,Desconocido
1496087.0,2. Division - Group 1,473,Norway,Regular Season - 11,False,2026-06-21,6970,2151,Brattvåg,jerv,1.0,2.0,1.0,0.0,,,,,,,,,Desconocido
1496267.0,2. Division - Group 2,474,Norway,Regular Season - 11,False,2026-06-21,6993,7000,Grorud,Junkeren,3.0,0.0,3.0,0.0,,,,,,,,,Desconocido
1496268.0,2. Division - Group 2,474,Norway,Regular Season - 11,False,2026-06-21,6998,6978,Hønefoss,Eidsvold,2.0,1.0,0.0,1.0,,,,,,,,,Desconocido
1496273.0,2. Division - Group 2,474,Norway,Regular Season - 11,False,2026-06-21,7039,7008,Trygg/Lade,Lørenskog,1.0,4.0,1.0,2.0,,,,,,,,,Desconocido
1496453.0,3. Division - Girone 1,774,Norway,Regular Season - 11,False,2026-06-21,6999,10114,IF Ready,Vålerenga II,1.0,2.0,0.0,0.0,,,,,,,,,Desconocido
1496634.0,3. Division - Girone 2,775,Norway,Regular Season - 11,False,2026-06-21,12817,12864,Molde II,Strindheim,2.0,4.0,1.0,2.0,,,,,,,,,Desconocido
1496998.0,3. Division - Girone 4,777,Norway,Regular Season - 11,False,2026-06-21,12812,25500,Mandalskameratene,Våg,2.0,1.0,0.0,0.0,,,,,,,,,Desconocido
1497000.0,3. Division - Girone 4,777,Norway,Regular Season - 11,False,2026-06-21,16231,23424,Stabæk II,Varhaug,1.0,4.0,0.0,1.0,,,,,,,,,Desconocido
1497001.0,3. Division - Girone 4,777,Norway,Regular Season - 11,False,2026-06-21,12891,12860,Viking II,Staal Jørpeland,5.0,2.0,1.0,0.0,,,,,,,,,Desconocido
1496995.0,3. Division - Girone 4,777,Norway,Regular Season - 11,False,2026-06-21,7049,7047,Åkra,Vindbjart,0.0,2.0,0.0,0.0,,,,,,,,,Desconocido
1497178.0,3. Division - Girone 5,778,Norway,Regular Season - 11,False,2026-06-21,6984,12865,Fløya,Strømsgodset II,4.0,0.0,2.0,0.0,,,,,,,,,Desconocido
1497179.0,3. Division - Girone 5,778,Norway,Regular Season - 11,False,2026-06-21,6994,16206,Harstad,Kongsvinger II,6.0,1.0,2.0,0.0,,,,,,,,,Desconocido
1497183.0,3. Division - Girone 5,778,Norway,Regular Season - 11,False,2026-06-21,16232,19711,Tromsø II,Skedsmo,2.0,3.0,1.0,1.0,,,,,,,,,Desconocido
1497363.0,3. Division - Girone 6,779,Norway,Regular Season - 11,False,2026-06-21,21418,6972,Sandefjord II,Brumunddal,2.0,2.0,1.0,1.0,,,,,,,,,Desconocido
1495361.0,Toppserien,725,Norway,Regular Season - 11,False,2026-06-21,18380,10894,Brann W,LSK Kvinner W,0.0,0.0,0.0,0.0,,,,,,,,,M. Ahmady
1553060.0,Copa De La Liga,1232,Peru,Group Stage - 2,False,2026-06-21,2562,20960,Cienciano,Deportivo Garcilaso,2.0,1.0,1.0,1.0,,,,,,,,,Desconocido
1553059.0,Copa De La Liga,1232,Peru,Group Stage - 2,False,2026-06-21,20324,2546,Estudiantil CNI,Sporting Cristal,1.0,2.0,0.0,0.0,,,,,,,,,Desconocido
1553057.0,Copa De La Liga,1232,Peru,Group Stage - 2,False,2026-06-21,26867,2555,Minas,Sport Huancayo,1.0,2.0,1.0,1.0,,,,,,,,,Desconocido
1553058.0,Copa De La Liga,1232,Peru,Group Stage - 2,False,2026-06-21,4226,2542,Santos,Ayacucho FC,2.0,1.0,0.0,0.0,,,,,,,,,Desconocido
1553056.0,Copa De La Liga,1232,Peru,Group Stage - 2,False,2026-06-21,22489,22462,UCV Moquegua,Bentín Tacna Heroica,3.0,2.0,2.0,2.0,,,,,,,,,Desconocido
1554031.0,Liga Women,1229,Peru,Apertura - Quarter-finals,True,2026-06-21,20518,27781,Alianza Lima W,Yanapuma W,4.0,1.0,2.0,1.0,,,,,,,,,Desconocido
1536000.0,Second League - Group 1,651,Russia,Group 1 - 13,False,2026-06-21,21853,17680,Dynamo Makhachkala II,Kyzyltash,2.0,3.0,0.0,1.0,,,,,,,,,Desconocido
1536387.0,Second League - Group 2,652,Russia,Group 2 - 13,False,2026-06-21,25868,2014,Baltika II,Chertanovo Moscow,1.0,3.0,0.0,2.0,,,,,,,,,Desconocido
1536388.0,Second League - Group 2,652,Russia,Group 2 - 13,False,2026-06-21,19447,19452,Dinamo Vologda,Kosmos Dolgoprudny,2.0,4.0,1.0,2.0,,,,,,,,,Desconocido
1536389.0,Second League - Group 2,652,Russia,Group 2 - 13,False,2026-06-21,21539,17725,Irkutsk,Dinamo St. Petersburg,0.0,4.0,0.0,2.0,,,,,,,,,Desconocido
1536390.0,Second League - Group 2,652,Russia,Group 2 - 13,False,2026-06-21,6812,14120,Luki-Energiya,Tver,2.0,1.0,0.0,0.0,,,,,,,,,Desconocido
1536391.0,Second League - Group 2,652,Russia,Group 2 - 13,False,2026-06-21,6817,27645,Murom,Iskra Smolensk,6.0,0.0,4.0,0.0,,,,,,,,,Desconocido
1536392.0,Second League - Group 2,652,Russia,Group 2 - 13,False,2026-06-21,6830,24450,Torpedo Vladimir,Cherepovets,1.0,0.0,0.0,0.0,,,,,,,,,Desconocido
1536824.0,Second League - Group 4,653,Russia,Group 4 - 13,False,2026-06-21,27650,25866,Izhevsk,Chelyabinsk II,1.0,0.0,1.0,0.0,,,,,,,,,Desconocido
1536825.0,Second League - Group 4,653,Russia,Group 4 - 13,False,2026-06-21,25867,12887,KDV,Ural II,4.0,1.0,3.0,0.0,,,,,,,,,Desconocido
1536826.0,Second League - Group 4,653,Russia,Group 4 - 13,False,2026-06-21,14140,16858,Krylya Sovetov II,Khimik Dzerzhinsk,0.0,2.0,0.0,1.0,,,,,,,,,Desconocido
1536827.0,Second League - Group 4,653,Russia,Group 4 - 13,False,2026-06-21,6818,6794,Nosta,Dinamo Barnaul,0.0,1.0,0.0,1.0,,,,,,,,,Desconocido
1536828.0,Second League - Group 4,653,Russia,Group 4 - 13,False,2026-06-21,14141,27651,Orenburg II,Pobeda Nizhniy Novgorod,2.0,4.0,2.0,2.0,,,,,,,,,Desconocido
1536829.0,Second League - Group 4,653,Russia,Group 4 - 13,False,2026-06-21,21032,21535,Rubin Kazan 2,Akron II,1.0,0.0,1.0,0.0,,,,,,,,,Desconocido
1553807.0,Second League A - Division A Gold,1025,Russia,Playoffs - 1,True,2026-06-21,6819,6833,Novosibirsk,Veles,2.0,1.0,2.0,0.0,,,,,,,,,Desconocido
1637182.0,Super League Women,1243,South-Africa,Regular season,False,2026-06-21,28353,28357,Ezemvelo W,Ramatlaohle W,1.0,2.0,1.0,1.0,,,,,,,,,Desconocido
1637181.0,Super League Women,1243,South-Africa,Regular season,False,2026-06-21,28360,28351,TS Galaxy W,Copperbelt Ladies W,4.0,1.0,1.0,1.0,,,,,,,,,Desconocido
1637180.0,Super League Women,1243,South-Africa,Regular season,False,2026-06-21,28362,28363,University of Fort Hare W,University of Johannesburg W,2.0,0.0,0.0,0.0,,,,,,,,,Desconocido
1520508.0,K3 League,295,South-Korea,Regular Season - 15,False,2026-06-21,7056,7083,Busan Transportation,Gyeongju HNP,1.0,1.0,0.0,1.0,,,,,,,,,Desconocido
1520510.0,K3 League,295,South-Korea,Regular Season - 15,False,2026-06-21,7099,7075,Pocheon,Gangneung City,3.0,1.0,1.0,0.0,,,,,,,,,Desconocido
1569802.0,K4 League,1234,South-Korea,Regular Season - 15,False,2026-06-21,27858,27863,Geumsan Insam,Jincheon,2.0,2.0,,,,,,,,,,,Desconocido
1569801.0,K4 League,1234,South-Korea,Regular Season - 15,False,2026-06-21,16452,7092,Jinju Citizen,Jungnang Chorus Mustang,2.0,1.0,,,,,,,,,,,Desconocido
1569803.0,K4 League,1234,South-Korea,Regular Season - 15,False,2026-06-21,7101,27860,Pyeongtaek Citizen,Jecheon Citizen,2.0,3.0,,,,,,,,,,,Desconocido
1553705.0,Tercera División RFEF - Promotion - Play-offs,977,Spain,Promotion Play-offs - 1,True,2026-06-21,9895,9397,Albacete II,Leioa,2.0,0.0,0.0,0.0,,,,,,,,,Desconocido
1553710.0,Tercera División RFEF - Promotion - Play-offs,977,Spain,Promotion Play-offs - 1,True,2026-06-21,20262,5256,Badalona II,Compostela,2.0,0.0,0.0,0.0,,,,,,,,,Desconocido
1553708.0,Tercera División RFEF - Promotion - Play-offs,977,Spain,Promotion Play-offs - 1,True,2026-06-21,9415,9388,Tamaraceite,Guijuelo,2.0,0.0,1.0,0.0,,,,,,,,,Desconocido
1510610.0,Division 2 - Norra Götaland,592,Sweden,Norra Götaland - 13,True,2026-06-21,12571,11673,IF Karlstad II,Motala,1.0,3.0,0.0,2.0,,,,,,,,,Desconocido
1510791.0,Division 2 - Norra Svealand,593,Sweden,Norra Svealand - 13,True,2026-06-21,18427,23659,Korsnäs,Sunnersta,1.0,4.0,0.0,4.0,,,,,,,,,Desconocido
1510792.0,Division 2 - Norra Svealand,593,Sweden,Norra Svealand - 13,True,2026-06-21,6685,12582,Lidingö,Kungsängen,1.0,1.0,1.0,1.0,,,,,,,,,Desconocido
1510794.0,Division 2 - Norra Svealand,593,Sweden,Norra Svealand - 13,True,2026-06-21,11663,27386,Täby,Helges,3.0,0.0,1.0,0.0,,,,,,,,,Desconocido
1515761.0,Division 2 - Norrland,594,Sweden,Norrland - 13,True,2026-06-21,11669,12593,Skellefteå,Umeå FC Akademi,4.0,0.0,2.0,0.0,,,,,,,,,Desconocido
1515765.0,Division 2 - Norrland,594,Sweden,Norrland - 13,True,2026-06-21,11662,6681,Umea FF,IFK Östersund,1.0,1.0,0.0,0.0,,,,,,,,,Desconocido
1511153.0,Division 2 - Södra Svealand,595,Sweden,Södra Svealand - 13,True,2026-06-21,11666,26890,Forward,Fittja,3.0,1.0,1.0,0.0,,,,,,,,,Desconocido
1511154.0,Division 2 - Södra Svealand,595,Sweden,Södra Svealand - 13,True,2026-06-21,11660,20835,Karlslund,Farsta,1.0,0.0,0.0,0.0,,,,,,,,,Desconocido
1511155.0,Division 2 - Södra Svealand,595,Sweden,Södra Svealand - 13,True,2026-06-21,14510,25570,Nacka Iliria,Eker Örebro,0.0,1.0,0.0,1.0,,,,,,,,,Desconocido
1511158.0,Division 2 - Södra Svealand,595,Sweden,Södra Svealand - 13,True,2026-06-21,12650,6672,Smedby,Haninge,1.0,4.0,0.0,3.0,,,,,,,,,Desconocido
1511156.0,Division 2 - Södra Svealand,595,Sweden,Södra Svealand - 13,True,2026-06-21,11664,27308,Örebro Syrianska,Lindo FF,0.0,2.0,0.0,0.0,,,,,,,,,Desconocido
1503704.0,Elitettan,736,Sweden,Regular Season - 10,False,2026-06-21,16030,15957,Enskede W,Sandviken W,4.0,0.0,3.0,0.0,,,,,,,,,Desconocido
1501415.0,Elitettan,736,Sweden,Regular Season - 10,False,2026-06-21,10893,17639,Göteborg W,Trelleborg W,3.0,1.0,3.0,0.0,,,,,,,,,Desconocido
1501420.0,Elitettan,736,Sweden,Regular Season - 10,False,2026-06-21,16028,11081,Örebro SK W,Umeå W,1.0,0.0,0.0,0.0,,,,,,,,,Desconocido
1505188.0,Ettan - Norra,563,Sweden,Norra - 13,True,2026-06-21,2169,11659,Assyriska FF,IF Karlstad,2.0,2.0,1.0,1.0,,,,,,,,,Desconocido
1505189.0,Ettan - Norra,563,Sweden,Norra - 13,True,2026-06-21,12578,6705,Enköping,Umeå FC,3.0,1.0,1.0,0.0,,,,,,,,,Desconocido
1505192.0,Ettan - Norra,563,Sweden,Norra - 13,True,2026-06-21,11671,765,Piteå,AFC Eskilstuna,2.0,2.0,1.0,1.0,,,,,,,,,Desconocido
1504467.0,Ettan - Södra,564,Sweden,Södra - 13,True,2026-06-21,27669,12601,AFC Malmo,Olympic,1.0,2.0,0.0,2.0,,,,,,,,,Desconocido
1504470.0,Ettan - Södra,564,Sweden,Södra - 13,True,2026-06-21,11675,12657,Kristianstad,Laholm,0.0,3.0,0.0,2.0,,,,,,,,,Desconocido
1497610.0,Superettan,114,Sweden,Regular Season - 13,False,2026-06-21,811,373,Helsingborg,GIF Sundsvall,5.0,2.0,1.0,1.0,,,,,,,,,"Niclas Karlsson, Sweden"
1497609.0,Superettan,114,Sweden,Regular Season - 13,False,2026-06-21,2175,2163,IK brage,IFK Varnamo,5.0,1.0,2.0,1.0,,,,,,,,,"Rambod Beigi, Sweden"
1497611.0,Superettan,114,Sweden,Regular Season - 13,False,2026-06-21,2173,16601,Norrby IF,United Nordic,0.0,0.0,0.0,0.0,,,,,,,,,"Victor Wolf, Sweden"
1497614.0,Superettan,114,Sweden,Regular Season - 13,False,2026-06-21,2174,812,Osters IF,Falkenbergs FF,1.0,3.0,0.0,2.0,,,,,,,,,"Max Persson, Sweden"
1497615.0,Superettan,114,Sweden,Regular Season - 13,False,2026-06-21,376,378,Ostersunds FK,IFK Norrkoping,0.0,2.0,0.0,1.0,,,,,,,,,"Rinon Hasani, Sweden"
1545640.0,Svenska Cupen,115,Sweden,Semi-finals,True,2026-06-21,25574,6671,Bollstanäs,Gute,5.0,2.0,2.0,0.0,,,,,,,,,Desconocido
1513175.0,MLS Next Pro,909,USA,Group Stage,False,2026-06-21,21138,4019,Austin II,Sporting KC II,2.0,1.0,2.0,0.0,,,,,,,,,Desconocido
1513171.0,MLS Next Pro,909,USA,Group Stage,False,2026-06-21,18811,3986,Columbus Crew II,Atlanta United II,3.0,2.0,2.0,1.0,,,,,,,,,Desconocido
1513172.0,MLS Next Pro,909,USA,Group Stage,False,2026-06-21,10281,4040,New England II,Chicago Fire II,1.0,2.0,0.0,2.0,,,,,,,,,Desconocido
1513170.0,MLS Next Pro,909,USA,Group Stage,False,2026-06-21,18815,9073,New York City II,Chattanooga,1.0,1.0,1.0,1.0,,,,,,,,,Desconocido
1513173.0,MLS Next Pro,909,USA,Group Stage,False,2026-06-21,4004,4025,New York RB II,Toronto II,5.0,0.0,1.0,0.0,,,,,,,,,Desconocido
1513174.0,MLS Next Pro,909,USA,Group Stage,False,2026-06-21,4026,3988,Orlando City II,Philadelphia Union II,1.0,2.0,0.0,0.0,,,,,,,,,Desconocido
1513176.0,MLS Next Pro,909,USA,Group Stage,False,2026-06-21,4020,4012,Tacoma Defiance,Real Monarchs,1.0,0.0,0.0,0.0,,,,,,,,,Desconocido
1525047.0,USL League Two,256,USA,Group Stage,False,2026-06-21,4032,27525,AHFC Royals,San Antonio FC 2,5.0,2.0,2.0,1.0,,,,,,,,,Desconocido
1525049.0,USL League Two,256,USA,Group Stage,False,2026-06-21,23107,25937,AMSG,City SC,2.0,4.0,1.0,1.0,,,,,,,,,Desconocido
1525048.0,USL League Two,256,USA,Group Stage,False,2026-06-21,23108,18891,Albion Colorado,Colorado ISA,1.0,1.0,1.0,0.0,,,,,,,,,Desconocido
1525050.0,USL League Two,256,USA,Group Stage,False,2026-06-21,23971,4049,Annapolis Blues,Evergreen,0.0,3.0,0.0,1.0,,,,,,,,,Desconocido
1525043.0,USL League Two,256,USA,Group Stage,False,2026-06-21,18889,21286,Chicago Dutch Lions,RKC,2.0,0.0,0.0,0.0,,,,,,,,,Desconocido
1525044.0,USL League Two,256,USA,Group Stage,False,2026-06-21,4062,4099,Long Island Rough Riders,Westchester Flames,4.0,0.0,1.0,0.0,,,,,,,,,Desconocido
1525046.0,USL League Two,256,USA,Group Stage,False,2026-06-21,23123,18910,Sueno,St. Croix,3.0,1.0,2.0,1.0,,,,,,,,,Desconocido
1525045.0,USL League Two,256,USA,Group Stage,False,2026-06-21,23128,18882,West Seattle Junction,Ballard,1.0,2.0,0.0,1.0,,,,,,,,,Desconocido
1532259.0,USL W League,1117,USA,Regular Season - 1,False,2026-06-21,25934,23857,AMSG W,SoCal Dutch Lions W,2.0,2.0,,,,,,,,,,,Desconocido
1532258.0,USL W League,1117,USA,Regular Season - 1,False,2026-06-21,23929,23942,Albion Colorado W,Colorado ISA W,1.0,1.0,,,,,,,,,,,Desconocido
1532256.0,USL W League,1117,USA,Regular Season - 1,False,2026-06-21,25858,25865,Annapolis Blues W,Virginia Beach United W,0.0,1.0,,,,,,,,,,,Desconocido
1532262.0,USL W League,1117,USA,Regular Season - 1,False,2026-06-21,23893,23908,California Storm II W,Marin FC Siren W,2.0,1.0,,,,,,,,,,,Desconocido
1532260.0,USL W League,1117,USA,Regular Season - 1,False,2026-06-21,24134,23913,Lancaster Inferno W,Northern Virginia FC W,0.0,1.0,,,,,,,,,,,Desconocido
1532401.0,USL W League,1117,USA,Regular Season - 1,False,2026-06-21,27609,25929,Los Angeles SC W,Sta Clarita Blue Heat W,0.0,9.0,,,,,,,,,,,Desconocido
1532255.0,USL W League,1117,USA,Regular Season - 1,False,2026-06-21,25860,23950,New Jersey Copa W,Manhattan W,2.0,1.0,,,,,,,,,,,Desconocido
1532400.0,USL W League,1117,USA,Regular Season - 1,False,2026-06-21,23914,27612,Oakland Soul W,Monterey Bay FC W,0.0,1.0,,,,,,,,,,,Desconocido
1532399.0,USL W League,1117,USA,Regular Season - 1,False,2026-06-21,23956,27611,Patuxent W,Loudoun United FC W,1.0,14.0,,,,,,,,,,,Desconocido
1532257.0,USL W League,1117,USA,Regular Season - 1,False,2026-06-21,25852,23941,Pittsburgh Riveters W,Cleveland Force W,3.0,1.0,,,,,,,,,,,Desconocido
1532358.0,USL W League,1117,USA,Regular Season - 1,False,2026-06-21,27752,25853,Snohomish United W,Salmon Bay W,3.0,3.0,,,,,,,,,,,Desconocido
1532459.0,USL W League,1117,USA,Regular Season - 1,False,2026-06-21,27614,23936,Virginia Development Academy W,Charlottesville Blues W,4.0,0.0,,,,,,,,,,,Desconocido
1532458.0,USL W League,1117,USA,Regular Season - 1,False,2026-06-21,25856,27615,West Seattle Rhodies W,Portland Cherry Bombs FC W,1.0,1.0,,,,,,,,,,,Desconocido
1553721.0,Segunda División,269,Uruguay,2nd Phase - 7,True,2026-06-21,18295,2367,La Luz,Cerrito,2.0,0.0,1.0,0.0,,,,,,,,,Desconocido
1553722.0,Segunda División,269,Uruguay,2nd Phase - 7,True,2026-06-21,2371,16740,Rentistas,Uruguay Montevideo,1.0,0.0,0.0,0.0,,,,,,,,,Desconocido
1547854.0,Friendlies Clubs,667,World,Club Friendlies,True,2026-06-21,1077,19449,Arsenal Tula,Spartak Kostroma,1.0,1.0,0.0,0.0,,,,,,,,,Desconocido
1560433.0,Friendlies Clubs,667,World,Club Friendly,True,2026-06-21,1426,14281,CSKA 1948,Drita,4.0,1.0,2.0,1.0,,,,,,,,,Desconocido
1554495.0,Friendlies Clubs,667,World,Club Friendlies,True,2026-06-21,14276,2282,Cancún,Monterrey,1.0,4.0,1.0,2.0,,,,,,,,,Desconocido
1554494.0,Friendlies Clubs,667,World,Club Friendlies,True,2026-06-21,329,2143,Molde,KFUM Oslo,5.0,1.0,3.0,0.0,,,,,,,,,Desconocido
1560432.0,Friendlies Clubs,667,World,Club Friendly,True,2026-06-21,2011,1078,Nizhny Novgorod,FC UFA,2.0,1.0,1.0,1.0,,,,,,,,,Desconocido
1554492.0,Friendlies Clubs,667,World,Club Friendlies,True,2026-06-21,14754,1618,RSV Eintracht,BFC Preussen,1.0,0.0,0.0,0.0,,,,,,,,,Desconocido
1489395.0,World Cup,1,World,Group Stage - 2,False,2026-06-21,1,22,Belgium,Iran,0.0,0.0,0.0,0.0,,,,,,,,,"Dario Herrera, Argentina"
1489396.0,World Cup,1,World,Group Stage - 2,False,2026-06-21,4673,32,New Zealand,Egypt,1.0,3.0,1.0,0.0,,,,,,,,,"Omar Mohamed Al Ali, United Arab Emirates"
1489397.0,World Cup,1,World,Group Stage - 2,False,2026-06-21,9,23,Spain,Saudi Arabia,4.0,0.0,3.0,0.0,,,,,,,,,"Raphael Claus, Brazil"
1489394.0,World Cup,1,World,Group Stage - 2,False,2026-06-21,28,12,Tunisia,Japan,0.0,4.0,0.0,2.0,,,,,,,,,"Istvan Kovacs, Romania"
1489398.0,World Cup,1,World,Group Stage - 2,False,2026-06-21,7,1533,Uruguay,Cape Verde Islands,2.0,2.0,2.0,1.0,,,,,,,,,"Espen Eskas, Norway"
1553995.0,Premier Soccer League,401,Zimbabwe,Regular Season - 19,False,2026-06-21,27274,5226,Hardrock,Kariba,4.0,0.0,1.0,0.0,,,,,,,,,Desconocido
1553996.0,Premier Soccer League,401,Zimbabwe,Regular Season - 19,False,2026-06-21,5224,5221,Highlanders,Dynamos,1.0,1.0,1.0,0.0,,,,,,,,,Desconocido
1553997.0,Premier Soccer League,401,Zimbabwe,Regular Season - 19,False,2026-06-21,5227,5230,Manica Diamonds,Platinum,1.0,1.0,0.0,0.0,,,,,,,,,Desconocido
1553998.0,Premier Soccer League,401,Zimbabwe,Regular Season - 19,False,2026-06-21,5232,5220,Triangle United,Chicken Inn,1.0,2.0,0.0,1.0,,,,,,,,,Desconocido
1499476.0,Primera B Metropolitana,131,Argentina,Regular Season - 21,False,2026-06-20,468,8376,Brown DE Adrogue,Argentino Quilmes,2.0,4.0,0.0,2.0,,,,,,,,,Desconocido
1499477.0,Primera B Metropolitana,131,Argentina,Regular Season - 21,False,2026-06-20,2427,471,Deportivo Armenio,Flandria,2.0,1.0,1.0,0.0,,,,,,,,,Desconocido
1499480.0,Primera B Metropolitana,131,Argentina,Regular Season - 21,False,2026-06-20,1924,1945,Deportivo Laferrere,Defensores Unidos,1.0,0.0,0.0,0.0,,,,,,,,,Desconocido
1499478.0,Primera B Metropolitana,131,Argentina,Regular Season - 21,False,2026-06-20,8385,3943,Excursionistas,Deportivo Camioneros,1.0,1.0,0.0,0.0,,,,,,,,,Desconocido
1499481.0,Primera B Metropolitana,131,Argentina,Regular Season - 21,False,2026-06-20,2422,8380,Real Pilar,Villa San Carlos,1.0,1.0,1.0,0.0,,,,,,,,,Desconocido
1499483.0,Primera B Metropolitana,131,Argentina,Regular Season - 21,False,2026-06-20,1956,8387,UAI Urquiza,San Martín Burzaco,0.0,0.0,0.0,0.0,,,,,,,,,Desconocido
1499484.0,Primera B Metropolitana,131,Argentina,Regular Season - 21,False,2026-06-20,481,8388,Villa Dalmine,Sportivo Italiano,2.0,1.0,0.0,1.0,,,,,,,,,Desconocido
1498343.0,Primera Nacional,129,Argentina,Regular Season - 4,False,2026-06-20,2425,8379,Acassuso,San Miguel,0.0,2.0,0.0,1.0,,,,,,,,,Desconocido
1498344.0,Primera Nacional,129,Argentina,Regular Season - 4,False,2026-06-20,482,1948,Almagro,Atlanta,2.0,0.0,0.0,0.0,,,,,,,,,Desconocido
1498348.0,Primera Nacional,129,Argentina,Regular Season - 4,False,2026-06-20,1946,448,Chaco For Ever,Colon Santa Fe,1.0,0.0,0.0,0.0,,,,,,,,,Desconocido
1498349.0,Primera Nacional,129,Argentina,Regular Season - 4,False,2026-06-20,16612,1936,Ciudad de Bolívar,CA Estudiantes,1.0,2.0,1.0,0.0,,,,,,,,,Desconocido
1498351.0,Primera Nacional,129,Argentina,Regular Season - 4,False,2026-06-20,8377,480,Colegiales,Quilmes,3.0,1.0,1.0,0.0,,,,,,,,,Desconocido
1498358.0,Primera Nacional,129,Argentina,Regular Season - 4,False,2026-06-20,461,462,San Martin S.J.,Agropecuario,2.0,0.0,1.0,0.0,,,,,,,,,Desconocido
1498359.0,Primera Nacional,129,Argentina,Regular Season - 4,False,2026-06-20,1932,1957,San Telmo,Racing Cordoba,2.0,0.0,2.0,0.0,,,,,,,,,Desconocido
1498360.0,Primera Nacional,129,Argentina,Regular Season - 4,False,2026-06-20,454,485,Temperley,San Martin Tucuman,1.0,1.0,1.0,0.0,,,,,,,,,Desconocido
1530402.0,Torneo Federal A,134,Argentina,Regular Season - 14,False,2026-06-20,1962,8399,Alvarado,Circulo Deportivo,1.0,0.0,1.0,0.0,,,,,,,,,Desconocido
1530403.0,Torneo Federal A,134,Argentina,Regular Season - 14,False,2026-06-20,25756,1961,Bartolomé Mitre,Juventud Antoniana,0.0,0.0,0.0,0.0,,,,,,,,,Desconocido
1530409.0,Torneo Federal A,134,Argentina,Regular Season - 14,False,2026-06-20,789,1966,Douglas Haig,Sportivo Belgrano,0.0,0.0,0.0,0.0,,,,,,,,,Desconocido
1530405.0,Torneo Federal A,134,Argentina,Regular Season - 14,False,2026-06-20,25758,27571,Gimnasia Chivilcoy,Atletico Escobar,2.0,0.0,1.0,0.0,,,,,,,,,Desconocido
1530412.0,Torneo Federal A,134,Argentina,Regular Season - 14,False,2026-06-20,3947,27574,Juventud Unida Univ.,Fundacion Amigos,0.0,0.0,0.0,0.0,,,,,,,,,Desconocido
1530413.0,Torneo Federal A,134,Argentina,Regular Season - 14,False,2026-06-20,443,3975,Olimpo Bahia Blanca,Kimberley Mar del Plata,0.0,0.0,0.0,0.0,,,,,,,,,Desconocido
1530415.0,Torneo Federal A,134,Argentina,Regular Season - 14,False,2026-06-20,21042,2428,San Martín Mendoza,Huracan Las Heras,3.0,1.0,1.0,0.0,,,,,,,,,Desconocido
1530416.0,Torneo Federal A,134,Argentina,Regular Season - 14,False,2026-06-20,475,1938,Santamarina,Villa Mitre,0.0,2.0,0.0,0.0,,,,,,,,,Desconocido
1549950.0,Torneo Promocional Amateur,1067,Argentina,Regular Season - 6,False,2026-06-20,23101,27785,Everton La Plata,Alumni Los Hornos,1.0,0.0,1.0,0.0,,,,,,,,,Desconocido
1549938.0,Torneo Promocional Amateur,1067,Argentina,Regular Season - 4,False,2026-06-20,23105,23094,Provincial,Atletico Pilar,1.0,0.0,1.0,0.0,,,,,,,,,Desconocido
1549939.0,Torneo Promocional Amateur,1067,Argentina,Regular Season - 4,False,2026-06-20,23106,23103,SAT Moreno,Juventud de Bernal,1.0,0.0,0.0,0.0,,,,,,,,,Desconocido
1537481.0,Capital Territory NPL,189,Australia,Regular Season - 14,False,2026-06-20,1449,23519,Belconnen United,Queanbeyan City,1.0,2.0,0.0,1.0,,,,,,,,,Desconocido
1537479.0,Capital Territory NPL,189,Australia,Regular Season - 14,False,2026-06-20,23516,18419,Brindabella,O'Connor Knights,1.0,0.0,0.0,0.0,,,,,,,,,Desconocido
1537478.0,Capital Territory NPL,189,Australia,Regular Season - 14,False,2026-06-20,1450,1453,Canberra Olympic,Monaro Panthers,2.0,5.0,1.0,2.0,,,,,,,,,Desconocido
1537482.0,Capital Territory NPL,189,Australia,Regular Season - 14,False,2026-06-20,1452,1448,Cooma Tigers FC,Canberra FC,1.0,1.0,1.0,1.0,,,,,,,,,Desconocido
1532584.0,NNSW League 1,1090,Australia,Regular Season - 12,False,2026-06-20,10206,23501,Lake Macquarie,Cessnock City Hornets,5.0,0.0,,,,,,,,,,,Desconocido
1532583.0,NNSW League 1,1090,Australia,Regular Season - 12,False,2026-06-20,20789,27618,New Lambton,Newcastle Croatia FC,1.0,4.0,1.0,2.0,,,,,,,,,Desconocido
1532585.0,NNSW League 1,1090,Australia,Regular Season - 12,False,2026-06-20,23503,11195,Singleton Strikers,West Wallsend,0.0,4.0,0.0,2.0,,,,,,,,,Desconocido
1532582.0,NNSW League 1,1090,Australia,Regular Season - 12,False,2026-06-20,23505,11194,Toronto Awaba Stags,South Cardiff,1.0,0.0,,,,,,,,,,,Desconocido
1517572.0,New South Wales NPL,192,Australia,Regular Season - 20,False,2026-06-20,3767,16779,Manly United,St. George Saints,2.0,0.0,1.0,0.0,,,,,,,,,Desconocido
1517573.0,New South Wales NPL,192,Australia,Regular Season - 20,False,2026-06-20,16778,16775,St George City FA,NWS Spirit,1.0,0.0,0.0,0.0,,,,,,,,,Desconocido
1517571.0,New South Wales NPL,192,Australia,Regular Season - 20,False,2026-06-20,3774,3770,Sydney Olympic,Rockdale City Suns,0.0,4.0,0.0,3.0,,,,,,,,,Desconocido
1517570.0,New South Wales NPL,192,Australia,Regular Season - 20,False,2026-06-20,14025,3771,Western Sydney Wanderers U23,Sutherland Sharks,0.0,3.0,0.0,1.0,,,,,,,,,Desconocido
1517792.0,New South Wales NPL 2,835,Australia,Regular Season - 20,False,2026-06-20,20790,16772,Bankstown City Lions,Central Coast II,2.0,1.0,0.0,1.0,,,,,,,,,Desconocido
1517896.0,New South Wales NPL 2,835,Australia,Regular Season - 20,False,2026-06-20,20798,27462,Bulls Academy,Hurstville FC,4.0,1.0,2.0,1.0,,,,,,,,,Desconocido
1517794.0,New South Wales NPL 2,835,Australia,Regular Season - 20,False,2026-06-20,20793,16771,Dulwich Hill,Blacktown Spartans,1.0,1.0,0.0,0.0,,,,,,,,,Desconocido
1517791.0,New South Wales NPL 2,835,Australia,Regular Season - 20,False,2026-06-20,3766,16776,Hakoah Sydney City,Northern Tigers,1.0,0.0,0.0,0.0,,,,,,,,,Desconocido
1517895.0,New South Wales NPL 2,835,Australia,Regular Season - 20,False,2026-06-20,16773,27463,Hills Brumbies,Prospect United,0.0,0.0,0.0,0.0,,,,,,,,,Desconocido
1517796.0,New South Wales NPL 2,835,Australia,Regular Season - 20,False,2026-06-20,20795,3769,Inter Lions,Mt Druitt Town,1.0,0.0,0.0,0.0,,,,,,,,,Desconocido
1517793.0,New South Wales NPL 2,835,Australia,Regular Season - 20,False,2026-06-20,11187,20796,Newcastle Jets II,Macarthur Rams,0.0,1.0,0.0,1.0,,,,,,,,,Desconocido
1517795.0,New South Wales NPL 2,835,Australia,Regular Season - 20,False,2026-06-20,20797,20791,Rydalmere Lions,Canterbury Bankstown,1.0,5.0,0.0,2.0,,,,,,,,,Desconocido
1523770.0,Northern NSW NPL,481,Australia,Regular Season - 16,False,2026-06-20,23500,10202,Belmont Swansea,Broadmeadow Magic,1.0,0.0,0.0,0.0,,,,,,,,,Desconocido
1523768.0,Northern NSW NPL,481,Australia,Regular Season - 16,False,2026-06-20,18313,10210,Cooks Hill United,Weston Bears,3.0,3.0,1.0,2.0,,,,,,,,,Desconocido
1523769.0,Northern NSW NPL,481,Australia,Regular Season - 16,False,2026-06-20,10207,10201,Lambton Jaffas,Adamstown Rosebuds,1.0,1.0,1.0,1.0,,,,,,,,,Desconocido
1523772.0,Northern NSW NPL,481,Australia,Regular Season - 16,False,2026-06-20,10208,10205,Maitland,Hamilton Olympic,1.0,0.0,1.0,0.0,,,,,,,,,Desconocido
1523771.0,Northern NSW NPL,481,Australia,Regular Season - 16,False,2026-06-20,10209,10204,Valentine,Edgeworth Eagles,2.0,1.0,0.0,1.0,,,,,,,,,Desconocido
1549304.0,Npl Nsw U20,1230,Australia,Regular Season - 20,False,2026-06-20,27802,27801,Blacktown City U20,APIA Leichhardt U20,0.0,1.0,0.0,0.0,,,,,,,,,Desconocido
1549302.0,Npl Nsw U20,1230,Australia,Regular Season - 20,False,2026-06-20,27803,27808,Manly Utd U20,St George Saints U20,1.0,0.0,0.0,0.0,,,,,,,,,Desconocido
1549305.0,Npl Nsw U20,1230,Australia,Regular Season - 20,False,2026-06-20,27804,27814,Marconi S. U20,UNSW U20,3.0,0.0,1.0,0.0,,,,,,,,,Desconocido
1549300.0,Npl Nsw U20,1230,Australia,Regular Season - 20,False,2026-06-20,27809,27805,St. George City U20,NWS Spirit U20,2.0,3.0,1.0,2.0,,,,,,,,,Desconocido
1549301.0,Npl Nsw U20,1230,Australia,Regular Season - 20,False,2026-06-20,27815,27810,WS Wanderers U20,Sutherland Sharks U20,2.0,0.0,1.0,0.0,,,,,,,,,Desconocido
1549306.0,Npl Nsw U20,1230,Australia,Regular Season - 20,False,2026-06-20,27816,27811,Wollongong Wolves U20,Sydney FC U20,1.0,1.0,1.0,0.0,,,,,,,,,Desconocido
1524056.0,Queensland NPL,482,Australia,Regular Season - 15,False,2026-06-20,2531,10211,Eastern Suburbs,Brisbane City,3.0,1.0,2.0,0.0,,,,,,,,,Desconocido
1524054.0,Queensland NPL,482,Australia,Regular Season - 15,False,2026-06-20,10216,10212,Gold Coast United,Brisbane Roar II,1.0,4.0,1.0,2.0,,,,,,,,,Desconocido
1524055.0,Queensland NPL,482,Australia,Regular Season - 15,False,2026-06-20,22916,11184,Moreton City Excelsior,WDSC Wolves,2.0,2.0,0.0,1.0,,,,,,,,,Desconocido
1524160.0,Queensland Premier League,833,Australia,Regular Season - 15,False,2026-06-20,10214,10223,Capalaba,SC Wanderers,0.0,5.0,0.0,1.0,,,,,,,,,Desconocido
1524219.0,Queensland Premier League,833,Australia,Regular Season - 15,False,2026-06-20,9992,20850,North Star,Broadbeach United,1.0,3.0,0.0,3.0,,,,,,,,,Desconocido
1524161.0,Queensland Premier League,833,Australia,Regular Season - 15,False,2026-06-20,10222,22895,Redlands United,Ipswich,5.0,0.0,1.0,0.0,,,,,,,,,Desconocido
1524218.0,Queensland Premier League,833,Australia,Regular Season - 15,False,2026-06-20,27512,11180,Robina City,Logan Lightning,1.0,0.0,0.0,0.0,,,,,,,,,Desconocido
1527089.0,South Australia NPL,194,Australia,Regular Season - 15,False,2026-06-20,3785,3793,Adelaide City,MetroStars,3.0,0.0,2.0,0.0,,,,,,,,,Desconocido
1527084.0,South Australia NPL,194,Australia,Regular Season - 15,False,2026-06-20,3789,3786,Adelaide United II,Adelaide Comets,1.0,1.0,0.0,0.0,,,,,,,,,Desconocido
1527088.0,South Australia NPL,194,Australia,Regular Season - 15,False,2026-06-20,16770,16769,FK Beograd,West Torrens Birkalla,2.0,0.0,2.0,0.0,,,,,,,,,Desconocido
1527085.0,South Australia NPL,194,Australia,Regular Season - 15,False,2026-06-20,16768,3791,Playford City Patriots,Campbelltown City,4.0,1.0,1.0,0.0,,,,,,,,,Desconocido
1527087.0,South Australia NPL,194,Australia,Regular Season - 15,False,2026-06-20,12866,3794,Sturt Lions,Para Hills Knights,6.0,0.0,4.0,0.0,,,,,,,,,Desconocido
1527086.0,South Australia NPL,194,Australia,Regular Season - 15,False,2026-06-20,3796,3792,West Adelaide,Croydon Kings,5.0,5.0,4.0,1.0,,,,,,,,,Desconocido
1527382.0,South Australia State League 1,834,Australia,Regular Season - 15,False,2026-06-20,16763,16766,Adelaide Cobras,Eastern United,1.0,1.0,1.0,0.0,,,,,,,,,Desconocido
1527322.0,South Australia State League 1,834,Australia,Regular Season - 15,False,2026-06-20,3787,25459,Adelaide Olympic,The Cove,2.0,0.0,0.0,0.0,,,,,,,,,Desconocido
1527381.0,South Australia State League 1,834,Australia,Regular Season - 15,False,2026-06-20,16765,3788,Adelaide Victory,Adelaide Raiders,1.0,3.0,0.0,3.0,,,,,,,,,Desconocido
1527323.0,South Australia State League 1,834,Australia,Regular Season - 15,False,2026-06-20,10009,3795,Cumberland United,South Adelaide Panthers,5.0,1.0,4.0,1.0,,,,,,,,,Desconocido
1527324.0,South Australia State League 1,834,Australia,Regular Season - 15,False,2026-06-20,16767,22807,Fulham United,Salisbury United,2.0,2.0,0.0,2.0,,,,,,,,,Desconocido
1527321.0,South Australia State League 1,834,Australia,Regular Season - 15,False,2026-06-20,10010,3784,Modbury Jets,Adelaide Blue Eagles,1.0,1.0,1.0,1.0,,,,,,,,,Desconocido
1529254.0,Tasmania NPL,648,Australia,Regular Season - 12,False,2026-06-20,14100,14099,Devonport City,Clarence Zebras,2.0,2.0,1.0,1.0,,,,,,,,,Desconocido
1529258.0,Tasmania NPL,648,Australia,Regular Season - 12,False,2026-06-20,14102,14106,Kingborough Lions,South Hobart,1.0,1.0,0.0,0.0,,,,,,,,,Desconocido
1529257.0,Tasmania NPL,648,Australia,Regular Season - 12,False,2026-06-20,21047,23514,Launceston United,Ulverstone,3.0,2.0,2.0,1.0,,,,,,,,,Desconocido
1529256.0,Tasmania NPL,648,Australia,Regular Season - 12,False,2026-06-20,27675,14101,South East Utd.,Glenorchy Knights,1.0,0.0,1.0,0.0,,,,,,,,,Desconocido
1533110.0,Tasmania Northern Championship,1091,Australia,Regular Season - 11,False,2026-06-20,23508,23512,Devonport U21,Riverside Olympic U21,14.0,1.0,4.0,0.0,,,,,,,,,Desconocido
1533111.0,Tasmania Northern Championship,1091,Australia,Regular Season - 11,False,2026-06-20,23509,23510,Launceston U21,Launceston United U21,7.0,0.0,4.0,0.0,,,,,,,,,Desconocido
1533109.0,Tasmania Northern Championship,1091,Australia,Regular Season - 11,False,2026-06-20,23511,23513,Northern Rangers,Somerset,10.0,2.0,6.0,0.0,,,,,,,,,Desconocido
1533031.0,Tasmania Southern Championship,1093,Australia,Regular Season - 11,False,2026-06-20,23521,23529,Clarence Zebras II,University of Tasmania,1.0,4.0,1.0,4.0,,,,,,,,,Desconocido
1533032.0,Tasmania Southern Championship,1093,Australia,Regular Season - 11,False,2026-06-20,23523,23528,Hobart City,Taroona,2.0,2.0,0.0,0.0,,,,,,,,,Desconocido
1533030.0,Tasmania Southern Championship,1093,Australia,Regular Season - 11,False,2026-06-20,23525,23524,New Town,Hobart Utd.,6.0,3.0,3.0,2.0,,,,,,,,,Desconocido
1521958.0,Victoria NPL,195,Australia,Regular Season - 17,False,2026-06-20,3798,3801,Avondale,Dandenong Thunder,11.0,0.0,3.0,0.0,,,,,,,,,Desconocido
1521959.0,Victoria NPL,195,Australia,Regular Season - 17,False,2026-06-20,3803,19705,Heidelberg United,Preston Lions,0.0,1.0,0.0,0.0,,,,,,,,,Desconocido
1521957.0,Victoria NPL,195,Australia,Regular Season - 17,False,2026-06-20,3804,3802,Hume City,Green Gully,3.0,2.0,0.0,1.0,,,,,,,,,Desconocido
1521960.0,Victoria NPL,195,Australia,Regular Season - 17,False,2026-06-20,21921,3800,Sunshine Georgies,Dandenong City,3.0,2.0,3.0,0.0,,,,,,,,,Desconocido
1522131.0,Victoria NPL 2,836,Australia,Regular Season - 18,False,2026-06-20,16784,16787,Manningham United Blues,North Geelong Warriors,2.0,3.0,0.0,2.0,,,,,,,,,Desconocido
1522132.0,Victoria NPL 2,836,Australia,Regular Season - 18,False,2026-06-20,24077,3807,Melbourne Srbija,Melbourne Knights,2.0,0.0,1.0,0.0,,,,,,,,,Desconocido
1522130.0,Victoria NPL 2,836,Australia,Regular Season - 18,False,2026-06-20,25418,16788,North Sunshine Eagles,Northcote City,0.0,2.0,0.0,1.0,,,,,,,,,Desconocido
1541440.0,Victoria Premier League 2,1226,Australia,Regular Season - 18,False,2026-06-20,27693,27698,Altona City,Malvern,0.0,2.0,0.0,2.0,,,,,,,,,Desconocido
1527218.0,Western Australia NPL,196,Australia,Regular Season - 15,False,2026-06-20,3813,3819,Balcatta,Perth,1.0,1.0,0.0,1.0,,,,,,,,,Desconocido
1527221.0,Western Australia NPL,196,Australia,Regular Season - 15,False,2026-06-20,21025,23530,Fremantle City,Dianella White Eagle,1.0,0.0,0.0,0.0,,,,,,,,,Desconocido
1527216.0,Western Australia NPL,196,Australia,Regular Season - 15,False,2026-06-20,20890,3824,Olympic Kingsway,Stirling Lions,0.0,3.0,0.0,2.0,,,,,,,,,Desconocido
1527219.0,Western Australia NPL,196,Australia,Regular Season - 15,False,2026-06-20,3820,18732,Perth Glory II,Perth RedStar,1.0,2.0,1.0,1.0,,,,,,,,,Desconocido
1527220.0,Western Australia NPL,196,Australia,Regular Season - 15,False,2026-06-20,3823,3812,Sorrento,Armadale,0.0,3.0,0.0,0.0,,,,,,,,,Desconocido
1527217.0,Western Australia NPL,196,Australia,Regular Season - 15,False,2026-06-20,23196,3814,Western Knights,Bayswater City,4.0,4.0,2.0,2.0,,,,,,,,,Desconocido
1535504.0,Western Australia State League 1,1094,Australia,Regular Season - 13,False,2026-06-20,25700,23531,Curtin University,Kingsley Westside,0.0,1.0,0.0,0.0,,,,,,,,,Desconocido
1535501.0,Western Australia State League 1,1094,Australia,Regular Season - 13,False,2026-06-20,25701,3817,Joondalup City,Floreat Athena,1.0,3.0,1.0,1.0,,,,,,,,,Desconocido
1535506.0,Western Australia State League 1,1094,Australia,Regular Season - 13,False,2026-06-20,22493,3815,Mandurah City,Cockburn City,2.0,2.0,1.0,1.0,,,,,,,,,Desconocido
1535502.0,Western Australia State League 1,1094,Australia,Regular Season - 13,False,2026-06-20,23532,3818,Murdoch Melville,Inglewood United,1.0,1.0,1.0,0.0,,,,,,,,,Desconocido
1535505.0,Western Australia State League 1,1094,Australia,Regular Season - 13,False,2026-06-20,27636,21034,Quinns FC,Subiaco,1.0,2.0,0.0,1.0,,,,,,,,,Desconocido
1535503.0,Western Australia State League 1,1094,Australia,Regular Season - 13,False,2026-06-20,23533,10093,UWA Nedlands,Gwelup Croatia,2.0,0.0,0.0,0.0,,,,,,,,,Desconocido
1534338.0,1. Division,117,Belarus,Regular Season - 12,False,2026-06-20,7802,3393,Bumprom,Smorgon,2.0,1.0,0.0,0.0,,,,,,,,,Desconocido
1534343.0,1. Division,117,Belarus,Regular Season - 12,False,2026-06-20,4273,3390,Osipovichy,Orsha,2.0,1.0,0.0,0.0,,,,,,,,,Desconocido
1534533.0,1. Division,117,Belarus,Regular Season - 12,False,2026-06-20,392,13149,Shakhter Soligorsk,Ostrovets FC,4.0,1.0,0.0,0.0,,,,,,,,,Desconocido
1525896.0,Premier League,116,Belarus,Regular Season - 12,False,2026-06-20,3384,385,Belshina,Torpedo Zhodino,0.0,2.0,0.0,1.0,,,,,,,,,E. Naumov
1525897.0,Premier League,116,Belarus,Regular Season - 12,False,2026-06-20,389,384,FC Gomel,FC Dnepr Mogilev,2.0,0.0,1.0,0.0,,,,,,,,,D. Dmitriev
1525902.0,Premier League,116,Belarus,Regular Season - 12,False,2026-06-20,382,386,FC Vitebsk,Dinamo Brest,1.0,2.0,1.0,2.0,,,,,,,,,A. Kourgheli
1525901.0,Premier League,116,Belarus,Regular Season - 12,False,2026-06-20,751,391,Slavia Mozyr,FC Isloch Minsk R.,0.0,2.0,0.0,1.0,,,,,,,,,A. Lashuk
1522999.0,Championnat National,415,Benin,Regular Season - 34,False,2026-06-20,16418,16425,AS Cotonou,Espoir Savalou,1.0,1.0,,,,,,,,,,,Desconocido
1523000.0,Championnat National,415,Benin,Regular Season - 34,False,2026-06-20,5453,16420,ASPAC,Cavaliers,1.0,1.0,,,,,,,,,,,Desconocido
1523001.0,Championnat National,415,Benin,Regular Season - 34,False,2026-06-20,20668,5468,Bani Gansè,AS Sobemap,1.0,0.0,,,,,,,,,,,Desconocido
1522997.0,Championnat National,415,Benin,Regular Season - 34,False,2026-06-20,18113,18114,Coton Sport Ouidah,Loto Popo,1.0,1.0,,,,,,,,,,,Desconocido
1523002.0,Championnat National,415,Benin,Regular Season - 34,False,2026-06-20,16422,16421,Damissa,Dadjè,3.0,0.0,2.0,0.0,,,,,,,,,Desconocido
1522998.0,Championnat National,415,Benin,Regular Season - 34,False,2026-06-20,5459,5457,Dragons,Buffles,1.0,1.0,,,,,,,,,,,Desconocido
1523003.0,Championnat National,415,Benin,Regular Season - 34,False,2026-06-20,16427,5456,Hodio,Ayema,1.0,1.0,,,,,,,,,,,Desconocido
1523004.0,Championnat National,415,Benin,Regular Season - 34,False,2026-06-20,5464,5454,JSP,ASVO,1.0,0.0,,,,,,,,,,,Desconocido
1523005.0,Championnat National,415,Benin,Regular Season - 34,False,2026-06-20,25025,5460,Kraké,Dynamo Abomey,2.0,1.0,,,,,,,,,,,Desconocido
1543582.0,Premier League,1031,Bhutan,Regular Season,False,2026-06-20,5592,5433,Thimphu City,Bhutan U19,3.0,2.0,1.0,1.0,,,,,,,,,Desconocido
1543651.0,Baiano - 2,613,Brazil,Regular Season - 8,False,2026-06-20,16670,16672,Camaçari,Grapiuna Itabuna,1.0,3.0,1.0,1.0,,,,,,,,,Desconocido
1543652.0,Baiano - 2,613,Brazil,Regular Season - 8,False,2026-06-20,27727,27728,Feira FC,Redenção FC,0.0,0.0,0.0,0.0,,,,,,,,,Desconocido
1526183.0,Brasileiro U20 A,740,Brazil,Regular Season - 17,False,2026-06-20,12953,13020,Avaí U20,Juventude U20,1.0,3.0,1.0,1.0,,,,,,,,,Desconocido
1526184.0,Brasileiro U20 A,740,Brazil,Regular Season - 17,False,2026-06-20,13000,12998,Cruzeiro U20,Corinthians U20,1.0,2.0,0.0,2.0,,,,,,,,,Desconocido
1526185.0,Brasileiro U20 A,740,Brazil,Regular Season - 17,False,2026-06-20,13001,12999,Cuiabá U20,Criciuma U20,2.0,1.0,1.0,1.0,,,,,,,,,Desconocido
1526186.0,Brasileiro U20 A,740,Brazil,Regular Season - 17,False,2026-06-20,13008,12984,Fluminense U20,Athletico PR U20,0.0,0.0,0.0,0.0,,,,,,,,,Desconocido
1526187.0,Brasileiro U20 A,740,Brazil,Regular Season - 17,False,2026-06-20,13011,13009,Grêmio U20,Fortaleza U20,2.0,1.0,0.0,0.0,,,,,,,,,Desconocido
1526188.0,Brasileiro U20 A,740,Brazil,Regular Season - 17,False,2026-06-20,12968,12981,Palmeiras U20,América Mineiro U20,7.0,1.0,4.0,1.0,,,,,,,,,Desconocido
1526189.0,Brasileiro U20 A,740,Brazil,Regular Season - 17,False,2026-06-20,13055,12954,Santos U20,Bahia U20,0.0,2.0,0.0,0.0,,,,,,,,,Desconocido
1526190.0,Brasileiro U20 A,740,Brazil,Regular Season - 17,False,2026-06-20,12973,11054,São Paulo U20,Flamengo U20,1.0,1.0,1.0,0.0,,,,,,,,,Desconocido
1526191.0,Brasileiro U20 A,740,Brazil,Regular Season - 17,False,2026-06-20,12979,18345,Vasco da Gama U20,RB Bragantino U20,0.0,1.0,0.0,0.0,,,,,,,,,Desconocido
1526192.0,Brasileiro U20 A,740,Brazil,Regular Season - 17,False,2026-06-20,13072,22875,Vitória U20,Botafogo U20,2.0,0.0,0.0,0.0,,,,,,,,,Desconocido
1546249.0,Brasiliense U20,1100,Brazil,Regular Season - 6,False,2026-06-20,23612,18346,Grêmio Valparaíso U20,Real Brasília U20,0.0,3.0,0.0,1.0,,,,,,,,,Desconocido
1546250.0,Brasiliense U20,1100,Brazil,Regular Season - 6,False,2026-06-20,23613,23610,Legiao U20,CFZ Brasilia U20,2.0,0.0,1.0,0.0,,,,,,,,,Desconocido
1546252.0,Brasiliense U20,1100,Brazil,Regular Season - 6,False,2026-06-20,16737,23615,Planaltina DF U20,Paranoa U20,3.0,2.0,1.0,1.0,,,,,,,,,Desconocido
1546251.0,Brasiliense U20,1100,Brazil,Regular Season - 6,False,2026-06-20,18353,23616,Taguatinga U20,Samambaia U20,0.0,4.0,0.0,3.0,,,,,,,,,Desconocido
1543284.0,Carioca A2,851,Brazil,1st Phase - 9,True,2026-06-20,14000,13107,CFRJ / Maricá,Audax Rio,1.0,0.0,0.0,0.0,,,,,,,,,Desconocido
1543286.0,Carioca A2,851,Brazil,1st Phase - 9,True,2026-06-20,13114,10672,Olaria,Cabofriense,1.0,0.0,1.0,0.0,,,,,,,,,Desconocido
1543287.0,Carioca A2,851,Brazil,1st Phase - 9,True,2026-06-20,17738,2203,Pérolas Negras,Americano Campos,0.0,1.0,0.0,1.0,,,,,,,,,Desconocido
1543288.0,Carioca A2,851,Brazil,1st Phase - 9,True,2026-06-20,4857,13117,Resende,Serrano RJ,0.0,0.0,0.0,0.0,,,,,,,,,Desconocido
1543289.0,Carioca A2,851,Brazil,1st Phase - 9,True,2026-06-20,13118,13109,São Gonçalo EC RJ,Bonsucesso,2.0,0.0,1.0,0.0,,,,,,,,,Desconocido
1540220.0,Cearense U20,1112,Brazil,Regular Season - 6,False,2026-06-20,23720,27677,Alianca U20,Tiangua CE U20,3.0,0.0,0.0,0.0,,,,,,,,,Desconocido
1540196.0,Cearense U20,1112,Brazil,Regular Season - 6,False,2026-06-20,12956,12985,Ceará U20,Atlético Cearense U20,2.0,1.0,0.0,0.0,,,,,,,,,Desconocido
1540197.0,Cearense U20,1112,Brazil,Regular Season - 6,False,2026-06-20,23726,26054,Ferroviario U20,Anjos do Céu U20,1.0,0.0,0.0,0.0,,,,,,,,,Desconocido
1540218.0,Cearense U20,1112,Brazil,Regular Season - 6,False,2026-06-20,16471,27678,Floresta CE U20,Vila Real FC U20,1.0,0.0,0.0,0.0,,,,,,,,,Desconocido
1540198.0,Cearense U20,1112,Brazil,Regular Season - 6,False,2026-06-20,26056,20764,Quixadá U20,Tirol U20,0.0,1.0,0.0,0.0,,,,,,,,,Desconocido
1550646.0,Copa Espírito Santo,1097,Brazil,Semi-finals,True,2026-06-20,20717,12929,Porto Vitória,Rio Branco-VN,3.0,3.0,0.0,3.0,,,,,,,,,Desconocido
1544790.0,Maranhense - 2,1148,Brazil,Regular Season - 4,False,2026-06-20,26641,15607,Balsas,Timon MA,1.0,1.0,1.0,1.0,,,,,,,,,Desconocido
1544788.0,Maranhense - 2,1148,Brazil,Regular Season - 3,False,2026-06-20,25129,25044,Tupan,Expressinho,1.0,0.0,0.0,0.0,,,,,,,,,Desconocido
1547686.0,Mineiro - 2,619,Brazil,Regular Season - 5,False,2026-06-20,16751,13129,Aymorés,Coimbra,3.0,1.0,1.0,0.0,,,,,,,,,Desconocido
1547688.0,Mineiro - 2,619,Brazil,Regular Season - 5,False,2026-06-20,7769,13082,Caldense,Mamoré,0.0,0.0,0.0,0.0,,,,,,,,,Desconocido
1547687.0,Mineiro - 2,619,Brazil,Regular Season - 5,False,2026-06-20,12296,18795,Guarani MG,Uberaba,2.0,2.0,0.0,2.0,,,,,,,,,Desconocido
1547685.0,Mineiro - 2,619,Brazil,Regular Season - 5,False,2026-06-20,12277,23247,Ipatinga,Valeriodoce,0.0,1.0,0.0,0.0,,,,,,,,,Desconocido
1554026.0,Paraibano U20,1120,Brazil,Semi-finals,True,2026-06-20,22844,24050,Queimadense U20,Treze U20,1.0,2.0,0.0,0.0,,,,,,,,,Desconocido
1554027.0,Paraibano U20,1120,Brazil,Semi-finals,True,2026-06-20,24047,24037,Sousa U20,Cruzeiro Itaporanga U20,1.0,2.0,0.0,1.0,,,,,,,,,Desconocido
1541281.0,Paulista Série B,1098,Brazil,Regular Season - 10,False,2026-06-20,22945,27687,America SP,José Bonifácio,1.0,1.0,0.0,0.0,,,,,,,,,Desconocido
1541283.0,Paulista Série B,1098,Brazil,Regular Season - 10,False,2026-06-20,25770,27688,Assisense,Riopretano,4.0,4.0,3.0,2.0,,,,,,,,,Desconocido
1541217.0,Paulista Série B,1098,Brazil,Regular Season - 10,False,2026-06-20,1217,23575,Gremio Osasco Audax,Flamengo SP,0.0,1.0,0.0,0.0,,,,,,,,,Desconocido
1541285.0,Paulista Série B,1098,Brazil,Regular Season - 10,False,2026-06-20,25771,27690,Guarulhos,Sporting Paulinense,1.0,2.0,1.0,0.0,,,,,,,,,Desconocido
1541284.0,Paulista Série B,1098,Brazil,Regular Season - 10,False,2026-06-20,22948,27685,Independente SP,Grêmio Catanduvense,17.0,0.0,11.0,0.0,,,,,,,,,Desconocido
1541219.0,Paulista Série B,1098,Brazil,Regular Season - 10,False,2026-06-20,23577,23579,Manthiqueira,Mauaense,2.0,1.0,2.0,0.0,,,,,,,,,Desconocido
1541215.0,Paulista Série B,1098,Brazil,Regular Season - 10,False,2026-06-20,18303,7816,Matonense,Mogi Mirim,2.0,1.0,1.0,1.0,,,,,,,,,Desconocido
1541218.0,Paulista Série B,1098,Brazil,Regular Season - 10,False,2026-06-20,23578,23571,Maua,Barcelona EC,6.0,0.0,2.0,0.0,,,,,,,,,Desconocido
1541286.0,Paulista Série B,1098,Brazil,Regular Season - 10,False,2026-06-20,27691,27689,Paulínia FU,Votoraty,3.0,1.0,1.0,1.0,,,,,,,,,Desconocido
1541216.0,Paulista Série B,1098,Brazil,Regular Season - 10,False,2026-06-20,25772,23580,Santacruzense,Sao Carlos,1.0,1.0,0.0,0.0,,,,,,,,,Desconocido
1541282.0,Paulista Série B,1098,Brazil,Regular Season - 10,False,2026-06-20,23582,27692,Tupa,Santa Fé FC,1.0,2.0,0.0,0.0,,,,,,,,,Desconocido
1541287.0,Paulista Série B,1098,Brazil,Regular Season - 10,False,2026-06-20,23583,27686,Uniao Mogi,Itaquá Athletico Clube,2.0,1.0,1.0,1.0,,,,,,,,,Desconocido
1520732.0,Serie B,72,Brazil,Regular Season - 14,False,2026-06-20,129,2618,Ceara,Botafogo SP,0.0,1.0,0.0,0.0,,,,,,,,,A. Filho
1520735.0,Serie B,72,Brazil,Regular Season - 14,False,2026-06-20,148,13975,Londrina,Athletic Club,2.0,0.0,0.0,0.0,,,,,,,,,C. Deretti
1520739.0,Serie B,72,Brazil,Regular Season - 14,False,2026-06-20,142,755,Vila Nova,Nautico Recife,4.0,3.0,4.0,1.0,,,,,,,,,A. Daronco
1526855.0,Serie C,75,Brazil,Regular Season - 11,False,2026-06-20,7852,2204,Anápolis,AO Itabaiana,2.0,0.0,1.0,0.0,,,,,,,,,F. Mendes
1526857.0,Serie C,75,Brazil,Regular Season - 11,False,2026-06-20,1197,7814,Botafogo PB,Volta Redonda,2.0,0.0,2.0,0.0,,,,,,,,,D. Correia
1526861.0,Serie C,75,Brazil,Regular Season - 11,False,2026-06-20,7779,137,Ituano,Figueirense,0.0,0.0,0.0,0.0,,,,,,,,,W. Oliveira
1526862.0,Serie C,75,Brazil,Regular Season - 11,False,2026-06-20,7832,149,Maranhão,Paysandu,0.0,1.0,0.0,0.0,,,,,,,,,J. Mendonca
1526863.0,Serie C,75,Brazil,Regular Season - 11,False,2026-06-20,753,1221,Santa Cruz,Ypiranga-RS,0.0,1.0,0.0,1.0,,,,,,,,,L. Willers Lorenzatto
1553731.0,Serie D,76,Brazil,Round of 32,True,2026-06-20,13104,7870,América RJ,XV de Piracicaba,1.0,1.0,1.0,1.0,,,,,,,,,Desconocido
1553732.0,Serie D,76,Brazil,Round of 32,True,2026-06-20,1202,12921,Aparecidense,Capital Brasilia,1.0,1.0,1.0,0.0,,,,,,,,,Desconocido
1553735.0,Serie D,76,Brazil,Round of 32,True,2026-06-20,7771,752,Ceilândia,Luverdense,1.0,2.0,1.0,1.0,,,,,,,,,Desconocido
1554037.0,Serie D,76,Brazil,Round of 32,True,2026-06-20,15617,2233,Fluminense PI,America-RN,0.0,3.0,0.0,1.0,,,,,,,,,Desconocido
1553737.0,Serie D,76,Brazil,Round of 32,True,2026-06-20,2213,13089,Imperatriz,Maracanã,1.0,1.0,1.0,0.0,,,,,,,,,Desconocido
1553743.0,Serie D,76,Brazil,Round of 32,True,2026-06-20,12941,1194,Independiente FSJ,Cianorte,0.0,1.0,0.0,0.0,,,,,,,,,Desconocido
1553738.0,Serie D,76,Brazil,Round of 32,True,2026-06-20,2215,1222,Mixto,Gama,1.0,2.0,0.0,2.0,,,,,,,,,Desconocido
1554043.0,Serie D,76,Brazil,Round of 32,True,2026-06-20,23158,12944,Monte Roraima,Guaporé,3.0,2.0,1.0,0.0,,,,,,,,,Desconocido
1553742.0,Serie D,76,Brazil,Round of 32,True,2026-06-20,13115,1214,Sampaio Corrêa RJ,Portuguesa,1.0,1.0,0.0,0.0,,,,,,,,,Desconocido
1553744.0,Serie D,76,Brazil,Round of 32,True,2026-06-20,10004,19635,São Luiz,Blumenau,1.0,1.0,1.0,0.0,,,,,,,,,Desconocido
1553746.0,Serie D,76,Brazil,Round of 32,True,2026-06-20,10041,10018,Velo Clube,Água Santa,0.0,0.0,0.0,0.0,,,,,,,,,Desconocido
1554047.0,Serie D,76,Brazil,Round of 32,True,2026-06-20,7837,12277,Vitória ES,Ipatinga,1.0,0.0,0.0,0.0,,,,,,,,,Desconocido
1547567.0,Elite Two,813,Cameroon,Championship Group - 5,False,2026-06-20,25429,5398,Atlantic,APEJES Academy,1.0,5.0,1.0,2.0,,,,,,,,,Desconocido
1547568.0,Elite Two,813,Cameroon,Championship Group - 5,False,2026-06-20,5399,27457,Avion Academy,Kumba,6.0,1.0,,,,,,,,,,,Desconocido
1547569.0,Elite Two,813,Cameroon,Championship Group - 5,False,2026-06-20,25430,5407,Union Abong-Mbang,Les Astres,1.0,1.0,,,,,,,,,,,Desconocido
1544441.0,Copa Chile,267,Chile,Group Stage - 3,False,2026-06-20,2332,2331,Cobreloa,Cobresal,2.0,0.0,0.0,0.0,,,,,,,,,Desconocido
1544447.0,Copa Chile,267,Chile,Group Stage - 3,False,2026-06-20,2330,2319,Coquimbo Unido,Deportes Iquique,3.0,0.0,1.0,0.0,,,,,,,,,Desconocido
1544442.0,Copa Chile,267,Chile,Group Stage - 3,False,2026-06-20,2343,2994,Deportes Copiapo,U. Catolica,0.0,3.0,0.0,1.0,,,,,,,,,Desconocido
1544445.0,Copa Chile,267,Chile,Group Stage - 3,False,2026-06-20,2325,2322,Everton de Vina,San Luis,2.0,2.0,2.0,0.0,,,,,,,,,Desconocido
1544440.0,Copa Chile,267,Chile,Group Stage - 3,False,2026-06-20,2318,2336,Palestino,Magallanes,4.0,1.0,2.0,0.0,,,,,,,,,Desconocido
1544446.0,Copa Chile,267,Chile,Group Stage - 3,False,2026-06-20,2344,2324,Rangers de Talca,Universidad de Concepcion,2.0,1.0,0.0,0.0,,,,,,,,,Desconocido
1544443.0,Copa Chile,267,Chile,Group Stage - 3,False,2026-06-20,5644,2315,Recoleta,Colo Colo,0.0,3.0,0.0,2.0,,,,,,,,,Desconocido
1529115.0,Segunda División,711,Chile,Regular Season - 11,False,2026-06-20,15717,5636,Linares Unido,Deportes Rengo,3.0,1.0,1.0,0.0,,,,,,,,,Desconocido
1529117.0,Segunda División,711,Chile,Regular Season - 11,False,2026-06-20,5646,21117,Trasandino,Santiago City,5.0,1.0,3.0,1.0,,,,,,,,,Desconocido
1545490.0,FA Cup,171,China,Round of 32,True,2026-06-20,23268,844,Guangxi Hengchen,Shandong Luneng,0.0,5.0,0.0,2.0,,,,,,,,,Desconocido
1545500.0,FA Cup,171,China,Round of 32,True,2026-06-20,17264,833,Hebei Kungfu,Shanghai Shenhua,0.0,2.0,0.0,1.0,,,,,,,,,Desconocido
1545494.0,FA Cup,171,China,Round of 32,True,2026-06-20,27556,21262,Ningbo Professional,Chongqing Tongliang Long,0.0,2.0,0.0,1.0,,,,,,,,,Desconocido
1545495.0,FA Cup,171,China,Round of 32,True,2026-06-20,5679,5695,Qingdao Red Lions,Wuhan Three Towns,0.0,0.0,0.0,0.0,,,,,,,,,Desconocido
1545498.0,FA Cup,171,China,Round of 32,True,2026-06-20,25778,5648,Shanghai Zetian,Chengdu Better City,0.0,4.0,0.0,1.0,,,,,,,,,Desconocido
1545502.0,FA Cup,171,China,Round of 32,True,2026-06-20,17269,1431,Wuxi Wugou,Qingdao Jonoon,2.0,2.0,1.0,2.0,,,,,,,,,Desconocido
1532770.0,League Two,929,China,Regular Season - 12,False,2026-06-20,25839,17272,Chengdu Rongcheng II,Yichun Grand Tiger,1.0,2.0,0.0,1.0,,,,,,,,,G. Shen
1532767.0,League Two,929,China,Regular Season - 12,False,2026-06-20,19321,23288,Tai'an Tiankuang,Shandong Taishan II,0.0,1.0,0.0,0.0,,,,,,,,,X. Wang
1532769.0,League Two,929,China,Regular Season - 12,False,2026-06-20,25840,25779,Wuhan Three Towns II,Shenzhen 2028,1.0,1.0,1.0,1.0,,,,,,,,,Dan Ning
1546787.0,Ligue 1,424,Congo-DR,Championship Group - 14,False,2026-06-20,8571,15286,Don Bosco,JSK,1.0,2.0,0.0,0.0,,,,,,,,,Desconocido
1546790.0,Ligue 1,424,Congo-DR,Championship Group - 14,False,2026-06-20,8578,6437,Saint Eloi Lupopo,Vita Club,1.0,0.0,0.0,0.0,,,,,,,,,Desconocido
1546789.0,Ligue 1,424,Congo-DR,Championship Group - 14,False,2026-06-20,8572,8064,Simba,Maniema Union,2.0,1.0,1.0,1.0,,,,,,,,,Desconocido
1546788.0,Ligue 1,424,Congo-DR,Championship Group - 14,False,2026-06-20,6435,20468,TP Mazembe,Céleste,2.0,0.0,1.0,0.0,,,,,,,,,Desconocido
1513575.0,Meistriliiga,329,Estonia,Regular Season - 17,False,2026-06-20,2273,662,FC Levadia Tallinn,Kalju Nomme,1.0,1.0,0.0,0.0,,,,,,,,,K. Kaivoja
1513574.0,Meistriliiga,329,Estonia,Regular Season - 17,False,2026-06-20,18657,10059,Laagri,Nõmme United,1.0,3.0,1.0,0.0,,,,,,,,,K. Tohver
1541104.0,Premier League,363,Ethiopia,Regular Season - 36,False,2026-06-20,4115,26880,Dire Dawa Kenema,Sheger Ketema,2.0,0.0,1.0,0.0,,,,,,,,,Desconocido
1541095.0,Premier League,363,Ethiopia,Regular Season - 36,False,2026-06-20,4130,4116,Ethiopia Nigd Bank,Ethiopia Bunna,0.0,0.0,0.0,0.0,,,,,,,,,Desconocido
1541097.0,Premier League,363,Ethiopia,Regular Season - 36,False,2026-06-20,4123,26881,Sidama Bunna,Negelle Arsi,1.0,1.0,1.0,0.0,,,,,,,,,Desconocido
1506624.0,1. Deild,366,Faroe-Islands,Regular Season - 14,False,2026-06-20,4185,4176,B36 II,B71,1.0,2.0,1.0,1.0,,,,,,,,,Desconocido
1506625.0,1. Deild,366,Faroe-Islands,Regular Season - 14,False,2026-06-20,4179,10076,HB II,Hoyvík,0.0,1.0,0.0,0.0,,,,,,,,,Desconocido
1506489.0,Meistaradeildin,367,Faroe-Islands,Regular Season - 14,False,2026-06-20,4177,4191,EB / Streymur,Skála,1.0,1.0,1.0,0.0,,,,,,,,,H. Madsen
1506492.0,Meistaradeildin,367,Faroe-Islands,Regular Season - 14,False,2026-06-20,682,4186,NSI Runavik,B68,1.0,0.0,1.0,0.0,,,,,,,,,H. Ziskason
1554021.0,Championnat D1,968,Gabon,Regular Season - 23,False,2026-06-20,6415,8069,Cercle Mbéri,Pélican,2.0,0.0,2.0,0.0,,,,,,,,,Desconocido
1554019.0,Championnat D1,968,Gabon,Regular Season - 23,False,2026-06-20,21190,27625,FC 105,Ogooue FC,0.0,1.0,0.0,1.0,,,,,,,,,Desconocido
1554020.0,Championnat D1,968,Gabon,Regular Season - 23,False,2026-06-20,8089,21191,Mangasport,Lozo,2.0,1.0,1.0,1.0,,,,,,,,,Desconocido
1554022.0,Championnat D1,968,Gabon,Regular Season - 23,False,2026-06-20,27734,15564,Oyem AC,Bouenguidi,2.0,0.0,0.0,0.0,,,,,,,,,Desconocido
1554023.0,Championnat D1,968,Gabon,Regular Season - 23,False,2026-06-20,19865,21194,Stade Mandji,Vautour Club,1.0,2.0,0.0,1.0,,,,,,,,,Desconocido
1554024.0,Championnat D1,968,Gabon,Regular Season - 23,False,2026-06-20,27575,21193,Stade Migoveen,US Oyem,0.0,1.0,0.0,0.0,,,,,,,,,Desconocido
1543407.0,2. Deild,166,Iceland,Regular Season - 9,False,2026-06-20,18366,6093,Fjardabyggd / Leiknir,Kormákur / Hvöt,2.0,2.0,1.0,0.0,,,,,,,,,Desconocido
1543406.0,2. Deild,166,Iceland,Regular Season - 9,False,2026-06-20,2118,828,Haukar,Vikingur Olafsiik,1.0,0.0,1.0,0.0,,,,,,,,,Desconocido
1543408.0,2. Deild,166,Iceland,Regular Season - 9,False,2026-06-20,4173,4172,KFG,Dalvík / Reynir,0.0,6.0,0.0,5.0,,,,,,,,,Desconocido
1543405.0,2. Deild,166,Iceland,Regular Season - 9,False,2026-06-20,2124,2115,Magni,Selfoss,4.0,1.0,0.0,0.0,,,,,,,,,Desconocido
1527997.0,Premier League,389,Kazakhstan,Regular Season - 14,False,2026-06-20,4544,4560,Altay,Zhetysu,3.0,3.0,0.0,2.0,,,,,,,,,R. Sultangaliev
1527999.0,Premier League,389,Kazakhstan,Regular Season - 14,False,2026-06-20,4562,21010,Kaisar,Ulytau,0.0,0.0,0.0,0.0,,,,,,,,,S. Karabaev
1528002.0,Premier League,389,Kazakhstan,Regular Season - 14,False,2026-06-20,692,4552,Ordabasy,Kaspiy,2.0,0.0,2.0,0.0,,,,,,,,,S. Bayimbet
1528003.0,Premier League,389,Kazakhstan,Regular Season - 14,False,2026-06-20,16611,4565,Zhenys,Irtysh,0.0,0.0,0.0,0.0,,,,,,,,,S. Sulikanov
1527619.0,Premier League,569,Kyrgyzstan,Regular Season - 13,False,2026-06-20,12236,18731,Ilbirs,Talant,0.0,0.0,0.0,0.0,,,,,,,,,Desconocido
1548953.0,Cup,658,Latvia,Round of 32,True,2026-06-20,21202,23266,JFK Ventspils,Leevon / PPK,1.0,3.0,1.0,2.0,,,,,,,,,Desconocido
1548955.0,Cup,658,Latvia,Round of 32,True,2026-06-20,4159,18962,Metta / LU,Ķekava / Auda,5.0,0.0,3.0,0.0,,,,,,,,,Desconocido
1548956.0,Cup,658,Latvia,Round of 32,True,2026-06-20,25785,4139,Riga Mariners,JDFS Alberts,1.0,0.0,0.0,0.0,,,,,,,,,Desconocido
1548957.0,Cup,658,Latvia,Round of 32,True,2026-06-20,11863,16836,Salaspils,Spēks,1.0,3.0,1.0,0.0,,,,,,,,,Desconocido
1515864.0,Virsliga,365,Latvia,Regular Season - 19,False,2026-06-20,4149,4138,BFC Daugavpils,Grobiņa,1.0,0.0,0.0,0.0,,,,,,,,,S. Vasjkovs
1546570.0,Premier League,390,Lebanon,Regular Season - 19,False,2026-06-20,4569,4567,Al Ansar,Al Ahed,3.0,1.0,3.0,0.0,,,,,,,,,Desconocido
1508058.0,Premier League,390,Lebanon,Regular Season - 19,False,2026-06-20,11879,26399,Al Hikma,Jwaaya FC,3.0,3.0,2.0,2.0,,,,,,,,,Desconocido
1508061.0,Premier League,390,Lebanon,Regular Season - 19,False,2026-06-20,22812,4573,Reyady Abaseya,Safa,2.0,4.0,0.0,3.0,,,,,,,,,Desconocido
1529749.0,1 Lyga,361,Lithuania,Regular Season - 14,False,2026-06-20,3856,3864,Atmosfera,Minija,0.0,1.0,0.0,0.0,,,,,,,,,Desconocido
1529750.0,1 Lyga,361,Lithuania,Regular Season - 14,False,2026-06-20,3857,23156,BFA,Hegelmann II,0.0,1.0,0.0,0.0,,,,,,,,,Desconocido
1529748.0,1 Lyga,361,Lithuania,Regular Season - 14,False,2026-06-20,11885,10696,Tauras,Ekranas,2.0,1.0,1.0,1.0,,,,,,,,,Desconocido
1522830.0,A Lyga,362,Lithuania,Regular Season - 18,False,2026-06-20,3858,586,Banga,FK Zalgiris Vilnius,3.0,0.0,1.0,0.0,,,,,,,,,R. Smitas
1522828.0,A Lyga,362,Lithuania,Regular Season - 18,False,2026-06-20,3874,3870,Panevėžys,Šiauliai,3.0,2.0,2.0,1.0,,,,,,,,,D. Simenas
1522829.0,A Lyga,362,Lithuania,Regular Season - 18,False,2026-06-20,18878,3872,TransINVEST Vilnius,Kauno Žalgiris,1.0,2.0,1.0,0.0,,,,,,,,,V. Paulauskas
1583815.0,Primeira Divisão,969,Macao,Regular Season - 13,False,2026-06-20,21195,27371,Cheng Fung,Gorilla of the Universe,4.0,4.0,1.0,1.0,,,,,,,,,Desconocido
1583814.0,Primeira Divisão,969,Macao,Regular Season - 13,False,2026-06-20,25716,23062,Shao Jiang,Universidade de Macau,6.0,0.0,3.0,0.0,,,,,,,,,Desconocido
1538625.0,Super League,391,Malawi,Regular Season - 7,False,2026-06-20,4583,25893,Be Forward Wanderers,Ekhaya,1.0,1.0,0.0,1.0,,,,,,,,,Desconocido
1538622.0,Super League,391,Malawi,Regular Season - 7,False,2026-06-20,11125,4597,CIVO United,Silver Strikers,1.0,1.0,1.0,0.0,,,,,,,,,Desconocido
1538623.0,Super League,391,Malawi,Regular Season - 7,False,2026-06-20,11127,18747,MAFCO,Dedza Dynamos,3.0,0.0,1.0,0.0,,,,,,,,,Desconocido
1556561.0,Botola 2,201,Morocco,Regular Season - 28,False,2026-06-20,970,979,Chabab Atl. Khenifra,KAC Kenitra,2.0,1.0,1.0,0.0,,,,,,,,,Desconocido
1556562.0,Botola 2,201,Morocco,Regular Season - 28,False,2026-06-20,6387,15549,Chabab Mohammédia,Stade Marocain,0.0,1.0,0.0,1.0,,,,,,,,,Desconocido
1556563.0,Botola 2,201,Morocco,Regular Season - 28,False,2026-06-20,3451,966,El Massira,Racing de Casablanca,2.0,1.0,2.0,1.0,,,,,,,,,Desconocido
1556565.0,Botola 2,201,Morocco,Regular Season - 28,False,2026-06-20,965,18753,Moghreb Tetouan,Amal Tiznit,3.0,1.0,2.0,0.0,,,,,,,,,Desconocido
1556566.0,Botola 2,201,Morocco,Regular Season - 28,False,2026-06-20,1075,3450,Mouloudia Oujda,Chabab Ben Guerir,1.0,1.0,0.0,1.0,,,,,,,,,Desconocido
1556564.0,Botola 2,201,Morocco,Regular Season - 28,False,2026-06-20,3456,17716,Riadi Salmi,USM Oujda,2.0,0.0,0.0,0.0,,,,,,,,,Desconocido
1556567.0,Botola 2,201,Morocco,Regular Season - 28,False,2026-06-20,26496,3459,Union Sportive Boujaad,Wydad Fès,1.0,1.0,1.0,1.0,,,,,,,,,Desconocido
1556568.0,Botola 2,201,Morocco,Regular Season - 28,False,2026-06-20,3458,3455,Widad Témara,Raja Beni Mellal,2.0,1.0,2.0,0.0,,,,,,,,,Desconocido
1535697.0,1. Division Women,915,Norway,Regular Season - 10,False,2026-06-20,20885,15951,Fyllingsdalen W,Klepp W,2.0,0.0,1.0,0.0,,,,,,,,,Desconocido
1496086.0,2. Division - Group 1,473,Norway,Regular Season - 11,False,2026-06-20,16217,7046,Bjarg,Vidar,3.0,1.0,1.0,0.0,,,,,,,,,Desconocido
1496088.0,2. Division - Group 1,473,Norway,Regular Season - 11,False,2026-06-20,7004,7028,Kvik Halden,Sotra,2.0,1.0,0.0,0.0,,,,,,,,,Desconocido
1496089.0,2. Division - Group 1,473,Norway,Regular Season - 11,False,2026-06-20,2161,2152,Notodden,Mjondalen,1.0,2.0,0.0,0.0,,,,,,,,,Desconocido
1496090.0,2. Division - Group 1,473,Norway,Regular Season - 11,False,2026-06-20,7020,16211,Pors Grenland,Eik-Tønsberg,2.0,0.0,0.0,0.0,,,,,,,,,Desconocido
1496091.0,2. Division - Group 1,473,Norway,Regular Season - 11,False,2026-06-20,14545,7007,Sandviken,Lysekloster,2.0,3.0,2.0,1.0,,,,,,,,,Desconocido
1496269.0,2. Division - Group 2,474,Norway,Regular Season - 11,False,2026-06-20,7001,2154,Kjelsås,Ull/Kisa,3.0,0.0,0.0,0.0,,,,,,,,,Desconocido
1496270.0,2. Division - Group 2,474,Norway,Regular Season - 11,False,2026-06-20,2145,2239,Levanger,Skeid,2.0,1.0,1.0,1.0,,,,,,,,,Desconocido
1496272.0,2. Division - Group 2,474,Norway,Regular Season - 11,False,2026-06-20,2158,7033,Tromsdalen Uil,Stjørdals-Blink,2.0,4.0,1.0,3.0,,,,,,,,,Desconocido
1496449.0,3. Division - Girone 1,774,Norway,Regular Season - 11,False,2026-06-20,6974,25912,Bærum,Konnerud,7.0,2.0,2.0,1.0,,,,,,,,,Desconocido
1496450.0,3. Division - Girone 1,774,Norway,Regular Season - 11,False,2026-06-20,6995,18924,Heming,Gamle Oslo,1.0,0.0,0.0,0.0,,,,,,,,,Desconocido
1496451.0,3. Division - Girone 1,774,Norway,Regular Season - 11,False,2026-06-20,7005,6987,Lokomotiv Oslo,Frigg,1.0,3.0,0.0,0.0,,,,,,,,,Desconocido
1496452.0,3. Division - Girone 1,774,Norway,Regular Season - 11,False,2026-06-20,7015,6967,Nordstrand,Asker,0.0,2.0,0.0,1.0,,,,,,,,,Desconocido
1496454.0,3. Division - Girone 1,774,Norway,Regular Season - 11,False,2026-06-20,7042,21420,Ullern,KFUM II,2.0,3.0,1.0,3.0,,,,,,,,,Desconocido
1496455.0,3. Division - Girone 1,774,Norway,Regular Season - 11,False,2026-06-20,23423,16868,Union Carl Berner,SF Grei,2.0,1.0,1.0,1.0,,,,,,,,,Desconocido
1496632.0,3. Division - Girone 2,775,Norway,Regular Season - 11,False,2026-06-20,25498,6996,Kvik Trondheim,Herd,1.0,5.0,1.0,2.0,,,,,,,,,Desconocido
1496635.0,3. Division - Girone 2,775,Norway,Regular Season - 11,False,2026-06-20,7014,7013,Nardo,NTNUI,2.0,0.0,0.0,0.0,,,,,,,,,Desconocido
1496636.0,3. Division - Girone 2,775,Norway,Regular Season - 11,False,2026-06-20,7030,12824,Spjelkavik,Orkla,0.0,2.0,0.0,1.0,,,,,,,,,Desconocido
1496637.0,3. Division - Girone 2,775,Norway,Regular Season - 11,False,2026-06-20,16226,6973,Volda,Byåsen,3.0,2.0,2.0,2.0,,,,,,,,,Desconocido
1496815.0,3. Division - Girone 3,776,Norway,Regular Season - 11,False,2026-06-20,6990,16216,Fyllingsdalen,Djerv,1.0,1.0,0.0,0.0,,,,,,,,,Desconocido
1496816.0,3. Division - Girone 3,776,Norway,Regular Season - 11,False,2026-06-20,18925,22870,Gneist,Askøy,0.0,2.0,0.0,1.0,,,,,,,,,Desconocido
1496817.0,3. Division - Girone 3,776,Norway,Regular Season - 11,False,2026-06-20,12825,16218,Os,Brann II,5.0,2.0,4.0,1.0,,,,,,,,,Desconocido
1496818.0,3. Division - Girone 3,776,Norway,Regular Season - 11,False,2026-06-20,16220,19719,Stord,Varegg,1.0,1.0,0.0,0.0,,,,,,,,,Desconocido
1496819.0,3. Division - Girone 3,776,Norway,Regular Season - 11,False,2026-06-20,7043,27276,Vard,Austevoll,0.0,3.0,0.0,0.0,,,,,,,,,Desconocido
1497177.0,3. Division - Girone 5,778,Norway,Regular Season - 11,False,2026-06-20,16228,27277,Finnsnes,Fauske Sprint,5.0,1.0,2.0,0.0,,,,,,,,,Desconocido
1497180.0,3. Division - Girone 5,778,Norway,Regular Season - 11,False,2026-06-20,16207,22867,Lillestrøm II,Ulfstind,10.0,1.0,4.0,0.0,,,,,,,,,Desconocido
1497181.0,3. Division - Girone 5,778,Norway,Regular Season - 11,False,2026-06-20,7024,18444,Skjervøy,Bossekop,3.0,8.0,1.0,4.0,,,,,,,,,Desconocido
1497182.0,3. Division - Girone 5,778,Norway,Regular Season - 11,False,2026-06-20,7025,6965,Skjetten,Alta,1.0,1.0,0.0,1.0,,,,,,,,,Desconocido
1497359.0,3. Division - Girone 6,779,Norway,Regular Season - 11,False,2026-06-20,21349,18930,Drøbak / Frogn,Råde,1.0,2.0,0.0,1.0,,,,,,,,,Desconocido
1497360.0,3. Division - Girone 6,779,Norway,Regular Season - 11,False,2026-06-20,2156,7018,Elverum,Oppsal,2.0,1.0,2.0,1.0,,,,,,,,,Desconocido
1497365.0,3. Division - Girone 6,779,Norway,Regular Season - 11,False,2026-06-20,6992,7052,Gjøvik-Lyn,Ørn Horten,3.0,0.0,0.0,0.0,,,,,,,,,Desconocido
1497361.0,3. Division - Girone 6,779,Norway,Regular Season - 11,False,2026-06-20,25499,18437,Lyn II,Lillehammer,3.0,5.0,0.0,3.0,,,,,,,,,Desconocido
1497362.0,3. Division - Girone 6,779,Norway,Regular Season - 11,False,2026-06-20,27278,22868,Raelingen,Bjørkelangen,3.0,1.0,2.0,1.0,,,,,,,,,Desconocido
1497364.0,3. Division - Girone 6,779,Norway,Regular Season - 11,False,2026-06-20,16215,6986,Sarpsborg 08 II,Fram,2.0,1.0,2.0,0.0,,,,,,,,,Desconocido
1495360.0,Toppserien,725,Norway,Regular Season - 11,False,2026-06-20,18985,22858,Fortuna Ålesund W,Bodø / Glimt W,8.0,1.0,5.0,1.0,,,,,,,,,N. Turoy
1495362.0,Toppserien,725,Norway,Regular Season - 11,False,2026-06-20,18991,15955,Hønefoss W,Lyn W,1.0,0.0,0.0,0.0,,,,,,,,,S. F. Zangeneh
1495363.0,Toppserien,725,Norway,Regular Season - 11,False,2026-06-20,25761,25760,Molde W,Haugesund W,3.0,3.0,0.0,1.0,,,,,,,,,M. B. Folstad
1495364.0,Toppserien,725,Norway,Regular Season - 11,False,2026-06-20,15956,15535,Rosenborg W,Vålerenga W,3.0,2.0,2.0,1.0,,,,,,,,,O. Skaret Barsoe
1495365.0,Toppserien,725,Norway,Regular Season - 11,False,2026-06-20,15953,18379,Stabæk W,Røa W,0.0,1.0,0.0,1.0,,,,,,,,,M. Holthe
1553051.0,Copa De La Liga,1232,Peru,Group Stage - 2,False,2026-06-20,2543,2549,Academia Cantolao,U. San Martin,4.0,3.0,2.0,1.0,,,,,,,,,Desconocido
1553055.0,Copa De La Liga,1232,Peru,Group Stage - 2,False,2026-06-20,2551,2553,Carlos A. Mannucci,Alianza Lima,3.0,1.0,1.0,0.0,,,,,,,,,Desconocido
1553052.0,Copa De La Liga,1232,Peru,Group Stage - 2,False,2026-06-20,22543,10014,FC Cajamarca,Deportivo Llacuabamba,1.0,1.0,0.0,0.0,,,,,,,,,Desconocido
1553054.0,Copa De La Liga,1232,Peru,Group Stage - 2,False,2026-06-20,22479,22469,Juan Pablo II College,Deportiva Agropecuaria,0.0,0.0,0.0,0.0,,,,,,,,,Desconocido
1553053.0,Copa De La Liga,1232,Peru,Group Stage - 2,False,2026-06-20,2552,10494,Union Comercio,Comerciantes,0.0,1.0,0.0,0.0,,,,,,,,,Desconocido
1554030.0,Liga Women,1229,Peru,Apertura - Quarter-finals,True,2026-06-20,27778,27775,Sporting Cristal W,FBC Melgar W,8.0,1.0,2.0,1.0,,,,,,,,,Desconocido
1535998.0,Second League - Group 1,651,Russia,Group 1 - 13,False,2026-06-20,23314,23316,Angust Nazran,Rostov II,1.0,2.0,1.0,0.0,,,,,,,,,Desconocido
1535999.0,Second League - Group 1,651,Russia,Group 1 - 13,False,2026-06-20,21540,13240,Astrakhan,Sevastopol,1.0,2.0,0.0,1.0,,,,,,,,,Desconocido
1536226.0,Second League - Group 1,651,Russia,Group 1 - 13,False,2026-06-20,6798,27644,Druzhba,FK Chayka 2,3.0,0.0,0.0,0.0,,,,,,,,,Desconocido
1536225.0,Second League - Group 1,651,Russia,Group 1 - 13,False,2026-06-20,27646,17682,Izberbash,Rubin Yalta,2.0,1.0,2.0,0.0,,,,,,,,,Desconocido
1536227.0,Second League - Group 1,651,Russia,Group 1 - 13,False,2026-06-20,23315,27648,Nart Cherkessk,Shahter Taganrog,1.0,1.0,1.0,1.0,,,,,,,,,Desconocido
1536228.0,Second League - Group 1,651,Russia,Group 1 - 13,False,2026-06-20,2002,27647,Spartak Nalchik,Lugansk,3.0,0.0,2.0,0.0,,,,,,,,,Desconocido
1536608.0,Second League - Group 3,650,Russia,Group 3 - 13,False,2026-06-20,6807,17721,Kvant,SKA Khabarovsk II,1.0,3.0,0.0,1.0,,,,,,,,,Desconocido
1536609.0,Second League - Group 3,650,Russia,Group 3 - 13,False,2026-06-20,23318,17720,Orel,Arsenal Tula II,4.0,1.0,2.0,0.0,,,,,,,,,Desconocido
1536610.0,Second League - Group 3,650,Russia,Group 3 - 13,False,2026-06-20,19448,16866,Rodina Moskva III,Zenit Penza,9.0,1.0,3.0,1.0,,,,,,,,,Desconocido
1536611.0,Second League - Group 3,650,Russia,Group 3 - 13,False,2026-06-20,12840,26148,Rotor-2,Shumbrat,0.0,1.0,0.0,0.0,,,,,,,,,Desconocido
1536612.0,Second League - Group 3,650,Russia,Group 3 - 13,False,2026-06-20,6823,19451,Ryazan,FK Spartak Tambov,1.0,2.0,1.0,1.0,,,,,,,,,Desconocido
1536613.0,Second League - Group 3,650,Russia,Group 3 - 13,False,2026-06-20,6826,6829,Salyut-Belgorod,Strogino,1.0,0.0,1.0,0.0,,,,,,,,,Desconocido
1536614.0,Second League - Group 3,650,Russia,Group 3 - 13,False,2026-06-20,6827,6815,Saturn Ramenskoye,Metallurg Lipetsk,1.0,0.0,0.0,0.0,,,,,,,,,Desconocido
1536615.0,Second League - Group 3,650,Russia,Group 3 - 13,False,2026-06-20,14124,2009,Volna Nizhegorodskaya,Avangard Kursk,2.0,0.0,0.0,0.0,,,,,,,,,Desconocido
1529950.0,Supreme Division Women,649,Russia,Regular Season - 11,False,2026-06-20,10885,14132,Chertanovo W,Lokomotiv Moskva W,0.0,3.0,0.0,1.0,,,,,,,,,Desconocido
1529951.0,Supreme Division Women,649,Russia,Regular Season - 11,False,2026-06-20,21118,14135,Dinamo Moskva W,Krasnodar W,2.0,0.0,1.0,0.0,,,,,,,,,Desconocido
1529952.0,Supreme Division Women,649,Russia,Regular Season - 11,False,2026-06-20,16490,14133,Rostov W,Yenisey W,1.0,0.0,0.0,0.0,,,,,,,,,Desconocido
1529953.0,Supreme Division Women,649,Russia,Regular Season - 11,False,2026-06-20,16491,14131,Rubin Kazan W,CSKA Moskva W,2.0,3.0,0.0,2.0,,,,,,,,,Desconocido
1529954.0,Supreme Division Women,649,Russia,Regular Season - 11,False,2026-06-20,14134,10921,Zenit W,Ryazan W,3.0,0.0,2.0,0.0,,,,,,,,,Desconocido
1529955.0,Supreme Division Women,649,Russia,Regular Season - 11,False,2026-06-20,16492,23214,Zvezda Perm W,Spartak Moskva W,0.0,3.0,0.0,0.0,,,,,,,,,Desconocido
1637179.0,Super League Women,1243,South-Africa,Regular season,False,2026-06-20,28350,28355,City Lads W,JVW FC W,0.0,4.0,0.0,3.0,,,,,,,,,Desconocido
1637178.0,Super League Women,1243,South-Africa,Regular season,False,2026-06-20,28354,28361,First Touch W,Tshwane University W,1.0,1.0,0.0,0.0,,,,,,,,,Desconocido
1637177.0,Super League Women,1243,South-Africa,Regular season,False,2026-06-20,25378,28359,UWC W,Stellenbosch W,1.0,0.0,1.0,0.0,,,,,,,,,Desconocido
1557951.0,FA Cup,294,South-Korea,1/128-finals,True,2026-06-20,21104,27862,Cheongju Showking,Yangcheon TNT,3.0,9.0,1.0,2.0,,,,,,,,,Desconocido
1557952.0,FA Cup,294,South-Korea,1/128-finals,True,2026-06-20,27864,27857,Seogot,Areum,2.0,1.0,1.0,0.0,,,,,,,,,Desconocido
1557953.0,FA Cup,294,South-Korea,1/128-finals,True,2026-06-20,27861,27856,Yangsan United,Anseong,1.0,2.0,1.0,1.0,,,,,,,,,Desconocido
1557954.0,FA Cup,294,South-Korea,1/128-finals,True,2026-06-20,27855,27866,Yeonsu Songdo,Ulsan FC,0.0,4.0,0.0,2.0,,,,,,,,,Desconocido
1520504.0,K3 League,295,South-Korea,Regular Season - 15,False,2026-06-20,7059,7096,Changwon City,Mokpo City,1.0,1.0,0.0,0.0,,,,,,,,,Desconocido
1520506.0,K3 League,295,South-Korea,Regular Season - 15,False,2026-06-20,7064,7105,Chuncheon,Siheung Citizen,2.0,3.0,2.0,2.0,,,,,,,,,Desconocido
1520507.0,K3 League,295,South-Korea,Regular Season - 15,False,2026-06-20,7068,25717,Daejeon Korail,Jeonbuk Motors II,4.0,0.0,1.0,0.0,,,,,,,,,Desconocido
1520509.0,K3 League,295,South-Korea,Regular Season - 15,False,2026-06-20,18653,7108,Dangjin Citizen,Ulsan Citizen,1.0,1.0,1.0,1.0,,,,,,,,,Desconocido
1520505.0,K3 League,295,South-Korea,Regular Season - 15,False,2026-06-20,7111,7112,Yangpyeong,Yeoju Sejong,1.0,2.0,1.0,0.0,,,,,,,,,Desconocido
1569800.0,K4 League,1234,South-Korea,Regular Season - 15,False,2026-06-20,18654,25720,Geoje Citizen,Sejong SA,1.0,2.0,1.0,2.0,,,,,,,,,Desconocido
1569799.0,K4 League,1234,South-Korea,Regular Season - 15,False,2026-06-20,25719,27859,Gijang United,Haman,3.0,1.0,,,,,,,,,,,Desconocido
1569798.0,K4 League,1234,South-Korea,Regular Season - 15,False,2026-06-20,23089,18656,Namyangju,Pyeongchang United,2.0,3.0,,,,,,,,,,,Desconocido
1533736.0,WK-League,660,South-Korea,Regular Season - 13,False,2026-06-20,14372,14379,Boeun Sangmu W,Suwon FMC W,0.0,2.0,0.0,1.0,,,,,,,,,Desconocido
1533734.0,WK-League,660,South-Korea,Regular Season - 13,False,2026-06-20,14376,14374,Hwacheon KSPO W,Gumi Sportstoto W,2.0,0.0,1.0,0.0,,,,,,,,,Desconocido
1533735.0,WK-League,660,South-Korea,Regular Season - 13,False,2026-06-20,14377,14373,Incheon Red Angels W,Changnyeong W,3.0,2.0,3.0,0.0,,,,,,,,,Desconocido
1533733.0,WK-League,660,South-Korea,Regular Season - 13,False,2026-06-20,14378,14375,Seoul W,Gyeongju W,1.0,3.0,0.0,2.0,,,,,,,,,Desconocido
1550672.0,Primera División RFEF - Play Offs,1006,Spain,Promotion Play Offs,True,2026-06-20,9571,4907,Celta de Vigo II,Ponferradina,4.0,1.0,1.0,1.0,,,,,,,,,Desconocido
1551272.0,Segunda División,141,Spain,Final,True,2026-06-20,723,535,Almeria,Malaga,1.0,2.0,0.0,0.0,,,,,,,,,C. Muniz
1553704.0,Tercera División RFEF - Promotion - Play-offs,977,Spain,Promotion Play-offs - 1,True,2026-06-20,9862,9651,Arnedo,Tropezón,1.0,0.0,0.0,0.0,,,,,,,,,Desconocido
1553711.0,Tercera División RFEF - Promotion - Play-offs,977,Spain,Promotion Play-offs - 1,True,2026-06-20,9619,24723,Caudal,Atlético Central,1.0,1.0,1.0,0.0,,,,,,,,,Desconocido
1553712.0,Tercera División RFEF - Promotion - Play-offs,977,Spain,Promotion Play-offs - 1,True,2026-06-20,9886,9382,Cuarte,Badajoz,1.0,1.0,1.0,0.0,,,,,,,,,Desconocido
1553707.0,Tercera División RFEF - Promotion - Play-offs,977,Spain,Promotion Play-offs - 1,True,2026-06-20,9393,9718,La Nucía,Trival Valderas,1.0,0.0,0.0,0.0,,,,,,,,,Desconocido
1553706.0,Tercera División RFEF - Promotion - Play-offs,977,Spain,Promotion Play-offs - 1,True,2026-06-20,9854,9820,Pamplona,Real Murcia II,1.0,1.0,1.0,1.0,,,,,,,,,Desconocido
1553709.0,Tercera División RFEF - Promotion - Play-offs,977,Spain,Promotion Play-offs - 1,True,2026-06-20,9405,20272,Peña Deportiva,Arenas Armilla,5.0,2.0,1.0,1.0,,,,,,,,,Desconocido
1527688.0,Vysshaya Liga,571,Tajikistan,Regular Season - 9,False,2026-06-20,12270,12271,Barki Tajik,Parvoz,2.0,0.0,0.0,0.0,,,,,,,,,Desconocido
1532523.0,Ýokary Liga,636,Turkmenistan,Regular Season - 14,False,2026-06-20,8020,13159,Ahal,Aşgabat,4.0,3.0,2.0,2.0,,,,,,,,,Desconocido
1532524.0,Ýokary Liga,636,Turkmenistan,Regular Season - 14,False,2026-06-20,8023,8039,Altyn Asyr,Nebitci,4.0,2.0,2.0,0.0,,,,,,,,,Desconocido
1532525.0,Ýokary Liga,636,Turkmenistan,Regular Season - 14,False,2026-06-20,21232,13157,Arkadag,Köpetdag Aşgabat,3.0,0.0,1.0,0.0,,,,,,,,,Desconocido
1532526.0,Ýokary Liga,636,Turkmenistan,Regular Season - 14,False,2026-06-20,13158,12903,Merw,Şagadam,2.0,0.0,0.0,0.0,,,,,,,,,Desconocido
1513166.0,MLS Next Pro,909,USA,Group Stage,False,2026-06-20,4102,4011,Colorado Rapids II,Portland Timbers II,0.0,2.0,0.0,0.0,,,,,,,,,Desconocido
1513165.0,MLS Next Pro,909,USA,Group Stage,False,2026-06-20,10280,23063,Inter Miami II,Carolina Core,0.0,0.0,0.0,0.0,,,,,,,,,Desconocido
1513168.0,MLS Next Pro,909,USA,Group Stage,False,2026-06-20,18814,18740,Minnesota United II,St. Louis City II,5.0,2.0,2.0,1.0,,,,,,,,,Desconocido
1493546.0,USL Championship,255,USA,Group Stage,False,2026-06-20,3989,3999,Birmingham Legion,Loudoun United,1.0,1.0,0.0,0.0,,,,,,,,,A. Pennington
1493547.0,USL Championship,255,USA,Group Stage,False,2026-06-20,27252,4021,Brooklyn,Tampa Bay Rowdies,0.0,2.0,0.0,2.0,,,,,,,,,S. Boiko
1493548.0,USL Championship,255,USA,Group Stage,False,2026-06-20,4022,3992,FC Tulsa,Colorado Springs,1.0,2.0,1.0,0.0,,,,,,,,,M. Thompson
1493549.0,USL Championship,255,USA,Group Stage,False,2026-06-20,3995,4010,Hartford Athletic,Pittsburgh Riverhounds,0.0,0.0,0.0,0.0,,,,,,,,,J. Scheer
1493704.0,USL Championship,255,USA,Group Stage,False,2026-06-20,3998,4007,Las Vegas Lights,Orange County SC,2.0,3.0,1.0,1.0,,,,,,,,,G. Flores
1493550.0,USL Championship,255,USA,Group Stage,False,2026-06-20,18375,3993,Monterey Bay,El Paso Locomotive,1.0,0.0,0.0,0.0,,,,,,,,,R. Vincze
1493552.0,USL Championship,255,USA,Group Stage,False,2026-06-20,4009,10874,Phoenix Rising,Oakland Roots,3.0,4.0,0.0,0.0,,,,,,,,,R. Fierro
1493553.0,USL Championship,255,USA,Group Stage,False,2026-06-20,4015,4003,Sacramento Republic,New Mexico United,0.0,1.0,0.0,0.0,,,,,,,,,N. Bensalah
1493554.0,USL Championship,255,USA,Group Stage,False,2026-06-20,25959,3990,Sporting JAX,Charleston Battery,2.0,5.0,1.0,3.0,,,,,,,,,M. Hassan
1493868.0,USL League One,489,USA,Group Stage,False,2026-06-20,27251,10283,Boise,Union Omaha,1.0,0.0,0.0,0.0,,,,,,,,,Desconocido
1493869.0,USL League One,489,USA,Group Stage,False,2026-06-20,9016,25485,Chattanooga Red Wolves,Naples,1.0,0.0,0.0,0.0,,,,,,,,,Desconocido
1493870.0,USL League One,489,USA,Group Stage,False,2026-06-20,4043,21289,Corpus Christi,Sarasota Paradise,4.0,1.0,2.0,0.0,,,,,,,,,Desconocido
1493871.0,USL League One,489,USA,Group Stage,False,2026-06-20,9025,9033,Forward Madison,NY Cosmos,3.0,1.0,2.0,0.0,,,,,,,,,Desconocido
1493872.0,USL League One,489,USA,Group Stage,False,2026-06-20,9026,25838,Greenville Triumph,Alta,1.0,2.0,1.0,0.0,,,,,,,,,Desconocido
1493873.0,USL League One,489,USA,Group Stage,False,2026-06-20,4024,16679,Richmond Kickers,Fort Wayne,0.0,2.0,0.0,2.0,,,,,,,,,Desconocido
1493874.0,USL League One,489,USA,Group Stage,False,2026-06-20,22785,18905,Spokane Velocity,One Knoxville,0.0,4.0,0.0,2.0,,,,,,,,,Desconocido
1542666.0,USL League One Cup,1095,USA,Group Stage,False,2026-06-20,9043,4000,Detroit City,Louisville City,0.0,0.0,0.0,0.0,,,,,,,,,Desconocido
1542667.0,USL League One Cup,1095,USA,Group Stage,False,2026-06-20,20808,3996,Lexington,Indy Eleven,0.0,0.0,0.0,0.0,,,,,,,,,Desconocido
1525008.0,USL League Two,256,USA,Group Stage,False,2026-06-20,4031,4034,AC Connecticut,Black Rock,1.0,2.0,1.0,1.0,,,,,,,,,Desconocido
1525015.0,USL League Two,256,USA,Group Stage,False,2026-06-20,10145,18908,Academica,Project 51O,3.0,5.0,1.0,3.0,,,,,,,,,Desconocido
1525016.0,USL League Two,256,USA,Group Stage,False,2026-06-20,23970,23227,Akron City,Steel City,0.0,1.0,0.0,1.0,,,,,,,,,Desconocido
1525009.0,USL League Two,256,USA,Group Stage,False,2026-06-20,23109,4077,Almaden,SF Glens,3.0,0.0,2.0,0.0,,,,,,,,,Desconocido
1525041.0,USL League Two,256,USA,Group Stage,False,2026-06-20,23216,23111,Apotheos,Birmingham Legion II,0.0,1.0,0.0,1.0,,,,,,,,,Desconocido
1525002.0,USL League Two,256,USA,Group Stage,False,2026-06-20,25953,23124,Bigfoot,Tacoma Stars,3.0,1.0,1.0,1.0,,,,,,,,,Desconocido
1525017.0,USL League Two,256,USA,Group Stage,False,2026-06-20,18884,27514,Blackwatch Rush,Connecticut Rush,1.0,2.0,0.0,0.0,,,,,,,,,Desconocido
1525033.0,USL League Two,256,USA,Group Stage,False,2026-06-20,4036,25942,Brazos Valley,Lonestar,1.0,2.0,1.0,1.0,,,,,,,,,Desconocido
1525000.0,USL League Two,256,USA,Group Stage,False,2026-06-20,17019,27521,Buffalo,Pittsburgh Riverhounds 2,3.0,1.0,2.0,0.0,,,,,,,,,Desconocido
1525018.0,USL League Two,256,USA,Group Stage,False,2026-06-20,4038,16682,Cedar Stars Rush,Morris Elite,2.0,0.0,0.0,0.0,,,,,,,,,Desconocido
1525036.0,USL League Two,256,USA,Group Stage,False,2026-06-20,10096,20961,Charlotte Independence 2,Appalachian,0.0,0.0,0.0,0.0,,,,,,,,,Desconocido
1525042.0,USL League Two,256,USA,Group Stage,False,2026-06-20,23114,21293,Charlottesville Blues,Virginia Marauders,4.0,0.0,2.0,0.0,,,,,,,,,Desconocido
1525010.0,USL League Two,256,USA,Group Stage,False,2026-06-20,18890,27519,Cleveland Force,Lorain County Leviathan,0.0,5.0,0.0,3.0,,,,,,,,,Desconocido
1525037.0,USL League Two,256,USA,Group Stage,False,2026-06-20,23979,23116,Columbus United,Dothan United,1.0,1.0,1.0,0.0,,,,,,,,,Desconocido
1525011.0,USL League Two,256,USA,Group Stage,False,2026-06-20,4045,25945,Dayton Dutch Lions,Northern Indiana,4.0,2.0,2.0,1.0,,,,,,,,,Desconocido
1525038.0,USL League Two,256,USA,Group Stage,False,2026-06-20,10066,23224,Denton Diablos,Lubbock Matadors,2.0,1.0,1.0,0.0,,,,,,,,,Desconocido
1524998.0,USL League Two,256,USA,Group Stage,False,2026-06-20,10097,10103,East Atlanta,Southern Soccer Academy,1.0,3.0,0.0,1.0,,,,,,,,,Desconocido
1525019.0,USL League Two,256,USA,Group Stage,False,2026-06-20,25940,23118,GFI,Hill Country Lobos,4.0,0.0,3.0,0.0,,,,,,,,,Desconocido
1525020.0,USL League Two,256,USA,Group Stage,False,2026-06-20,23993,4097,Hickory,Wake,2.0,1.0,2.0,0.0,,,,,,,,,Desconocido
1525021.0,USL League Two,256,USA,Group Stage,False,2026-06-20,27516,9041,Hill City,Christos,1.0,2.0,0.0,1.0,,,,,,,,,Desconocido
1525004.0,USL League Two,256,USA,Group Stage,False,2026-06-20,16680,9065,Kalamazoo FC,AFC Ann Arbor,4.0,2.0,3.0,2.0,,,,,,,,,Desconocido
1525001.0,USL League Two,256,USA,Group Stage,False,2026-06-20,25941,10098,Kings Hammer Columbus,Louisville City II,4.0,1.0,2.0,1.0,,,,,,,,,Desconocido
1525022.0,USL League Two,256,USA,Group Stage,False,2026-06-20,4061,13192,Lionsbridge,Virginia Beach City,2.0,0.0,0.0,0.0,,,,,,,,,Desconocido
1525023.0,USL League Two,256,USA,Group Stage,False,2026-06-20,9029,4064,Little Rock Rangers,Mississippi Brilla,1.0,0.0,1.0,0.0,,,,,,,,,Desconocido
1525003.0,USL League Two,256,USA,Group Stage,False,2026-06-20,16728,25938,Lone Star II,Delaware FC,0.0,5.0,0.0,2.0,,,,,,,,,Desconocido
1525024.0,USL League Two,256,USA,Group Stage,False,2026-06-20,4063,18897,Manhattan,Hudson Valley Hammers,3.0,3.0,3.0,1.0,,,,,,,,,Desconocido
1525039.0,USL League Two,256,USA,Group Stage,False,2026-06-20,25943,24018,McKinney Chupacabras,West Texas,2.0,1.0,2.0,1.0,,,,,,,,,Desconocido
1525409.0,USL League Two,256,USA,Group Stage,False,2026-06-20,4001,23117,Memphis 901,Hattiesburg,3.0,1.0,0.0,0.0,,,,,,,,,Desconocido
1525005.0,USL League Two,256,USA,Group Stage,False,2026-06-20,10069,27515,Minneapolis City,Edgewater Castle,3.0,1.0,2.0,0.0,,,,,,,,,Desconocido
1525013.0,USL League Two,256,USA,Group Stage,False,2026-06-20,4067,26805,North Carolina II,Port City,1.0,1.0,1.0,0.0,,,,,,,,,Desconocido
1525026.0,USL League Two,256,USA,Group Stage,False,2026-06-20,4068,4075,Ocean City Nor'easters,Reading United,3.0,0.0,3.0,0.0,,,,,,,,,Desconocido
1525014.0,USL League Two,256,USA,Group Stage,False,2026-06-20,18904,23120,Oly Town,Midlakes United,3.0,1.0,1.0,0.0,,,,,,,,,Desconocido
1525410.0,USL League Two,256,USA,Group Stage,False,2026-06-20,23825,16686,PA Classics,Real Central New Jersey,2.0,2.0,1.0,0.0,,,,,,,,,Desconocido
1525040.0,USL League Two,256,USA,Group Stage,False,2026-06-20,10101,24029,Peoria,Sunflower State,2.0,0.0,0.0,0.0,,,,,,,,,Desconocido
1525028.0,USL League Two,256,USA,Group Stage,False,2026-06-20,25946,10067,Red River,Louisiana Krewe,4.0,1.0,2.0,0.0,,,,,,,,,Desconocido
1525027.0,USL League Two,256,USA,Group Stage,False,2026-06-20,21287,4083,Redlands,Seahorses,5.0,1.0,3.0,0.0,,,,,,,,,Desconocido
1525029.0,USL League Two,256,USA,Group Stage,False,2026-06-20,4076,4039,SC United Bantams,Charlotte Eagles,0.0,0.0,0.0,0.0,,,,,,,,,Desconocido
1525030.0,USL League Two,256,USA,Group Stage,False,2026-06-20,27524,4087,Shark Coast,The Villages,0.0,0.0,0.0,0.0,,,,,,,,,Desconocido
1525006.0,USL League Two,256,USA,Group Stage,False,2026-06-20,25949,25947,Springfield,Santafé Wanderers,0.0,3.0,0.0,1.0,,,,,,,,,Desconocido
1525031.0,USL League Two,256,USA,Group Stage,False,2026-06-20,16690,4098,Toledo Villa,West Virginia Alliance,3.0,4.0,3.0,3.0,,,,,,,,,Desconocido
1525032.0,USL League Two,256,USA,Group Stage,False,2026-06-20,4109,4093,Tucson,Ventura County Fusion,2.0,2.0,2.0,1.0,,,,,,,,,Desconocido
1525034.0,USL League Two,256,USA,Group Stage,False,2026-06-20,23125,10100,Union Macomb,Oakland County,2.0,2.0,1.0,2.0,,,,,,,,,Desconocido
1525007.0,USL League Two,256,USA,Group Stage,False,2026-06-20,23127,25954,Utah United,Colorado Storm,0.0,0.0,0.0,0.0,,,,,,,,,Desconocido
1525035.0,USL League Two,256,USA,Group Stage,False,2026-06-20,18912,9071,Vermont Green,Boston City,10.0,1.0,3.0,1.0,,,,,,,,,Desconocido
1532247.0,USL W League,1117,USA,Regular Season - 1,False,2026-06-20,23931,23937,Asheville City W,Chattanooga Red Wolves W,4.0,0.0,,,,,,,,,,,Desconocido
1532254.0,USL W League,1117,USA,Regular Season - 1,False,2026-06-20,25841,23926,Bigfoot W,Tacoma Galaxy W,3.0,5.0,,,,,,,,,,,Desconocido
1532245.0,USL W League,1117,USA,Regular Season - 1,False,2026-06-20,25859,25843,Buffalo W,Erie Sports Center W,7.0,2.0,,,,,,,,,,,Desconocido
1532455.0,USL W League,1117,USA,Regular Season - 1,False,2026-06-20,25842,23829,Carolina Ascent II W,Port City NC W,1.0,2.0,,,,,,,,,,,Desconocido
1532246.0,USL W League,1117,USA,Regular Season - 1,False,2026-06-20,23897,23967,Charlotte Eagles II W,Wake W,3.0,1.0,,,,,,,,,,,Desconocido
1532241.0,USL W League,1117,USA,Regular Season - 1,False,2026-06-20,23880,25862,Dayton Dutch Lions W,Toledo Villa W,3.0,0.0,,,,,,,,,,,Desconocido
1532249.0,USL W League,1117,USA,Regular Season - 1,False,2026-06-20,23943,25863,Detroit City W,Union Macomb W,2.0,2.0,,,,,,,,,,,Desconocido
1532248.0,USL W League,1117,USA,Regular Season - 1,False,2026-06-20,25848,23922,Knoxville W,SSA Royals W,1.0,1.0,,,,,,,,,,,Desconocido
1532251.0,USL W League,1117,USA,Regular Season - 1,False,2026-06-20,23907,23896,Lonestar II W,Challenge W,2.0,3.0,,,,,,,,,,,Desconocido
1532243.0,USL W League,1117,USA,Regular Season - 1,False,2026-06-20,23951,23892,Miami AC W,Brevard Riptide W,0.0,4.0,,,,,,,,,,,Desconocido
1532240.0,USL W League,1117,USA,Regular Season - 1,False,2026-06-20,25850,25855,Miami City W,Sporting JAX W,2.0,0.0,,,,,,,,,,,Desconocido
1532242.0,USL W League,1117,USA,Regular Season - 1,False,2026-06-20,23910,23957,Minnesota Aurora W,River Light W,4.0,1.0,,,,,,,,,,,Desconocido
1532456.0,USL W League,1117,USA,Regular Season - 1,False,2026-06-20,27613,25846,New England Mutiny W,Hudson Valley Crusaders W,2.0,4.0,,,,,,,,,,,Desconocido
1532244.0,USL W League,1117,USA,Regular Season - 1,False,2026-06-20,25851,23921,Norfolk W,Richmond Ivy W,1.0,2.0,,,,,,,,,,,Desconocido
1532250.0,USL W League,1117,USA,Regular Season - 1,False,2026-06-20,23919,23958,RKC Third Coast W,Rochester W,5.0,0.0,,,,,,,,,,,Desconocido
1532457.0,USL W League,1117,USA,Regular Season - 1,False,2026-06-20,27617,23901,Real Colorado W,Flatirons II W,6.0,0.0,,,,,,,,,,,Desconocido
1532253.0,USL W League,1117,USA,Regular Season - 1,False,2026-06-20,25854,23918,San Juan SC W,Pleasanton Rage W,5.0,0.0,,,,,,,,,,,Desconocido
1532357.0,USL W League,1117,USA,Regular Season - 1,False,2026-06-20,23854,27743,Sioux Falls City W,Edgewater Castle W,1.0,1.0,,,,,,,,,,,Desconocido
1532252.0,USL W League,1117,USA,Regular Season - 1,False,2026-06-20,25864,23898,Utah United W,Colorado Storm W,1.0,2.0,,,,,,,,,,,Desconocido
1553717.0,Segunda División,269,Uruguay,2nd Phase - 7,True,2026-06-20,15628,2351,Colón,CA River Plate,2.0,1.0,1.0,1.0,,,,,,,,,Desconocido
1553718.0,Segunda División,269,Uruguay,2nd Phase - 7,True,2026-06-20,2357,2376,Fenix,Oriental,2.0,2.0,0.0,1.0,,,,,,,,,Desconocido
1553720.0,Segunda División,269,Uruguay,2nd Phase - 7,True,2026-06-20,2355,2364,Plaza Colonia,Atenas,1.0,2.0,1.0,1.0,,,,,,,,,Desconocido
1553719.0,Segunda División,269,Uruguay,2nd Phase - 7,True,2026-06-20,2374,19410,Tacuarembo,Paysandu,1.0,0.0,1.0,0.0,,,,,,,,,Desconocido
1554481.0,Friendlies Clubs,667,World,Club Friendlies,True,2026-06-20,14621,21383,Ansbach,Großschwarzenlohe,7.0,1.0,1.0,1.0,,,,,,,,,Desconocido
1560429.0,Friendlies Clubs,667,World,Club Friendly,True,2026-06-20,3683,4197,Ararat-Armenia,Mura,1.0,1.0,1.0,0.0,,,,,,,,,Desconocido
1554485.0,Friendlies Clubs,667,World,Club Friendlies,True,2026-06-20,9323,12898,Aubstadt,Würzburger FV,1.0,1.0,0.0,1.0,,,,,,,,,Desconocido
1560427.0,Friendlies Clubs,667,World,Club Friendly,True,2026-06-20,12744,853,Brinje-Grosuplje,CSKA Sofia,1.0,2.0,1.0,0.0,,,,,,,,,Desconocido
1560421.0,Friendlies Clubs,667,World,Club Friendly,True,2026-06-20,7466,21686,CSA Steaua Bucureşti,Ştefăneşti,2.0,1.0,0.0,0.0,,,,,,,,,Desconocido
1548698.0,Friendlies Clubs,667,World,Club Friendlies,True,2026-06-20,2400,2255,Cegledi VSE,Ujpest,0.0,4.0,0.0,1.0,,,,,,,,,Desconocido
1546580.0,Friendlies Clubs,667,World,Club Friendlies,True,2026-06-20,2257,10545,Dunajska Streda,Šamorín,2.0,3.0,0.0,2.0,,,,,,,,,Desconocido
1560428.0,Friendlies Clubs,667,World,Club Friendly,True,2026-06-20,683,1420,Dunav Ruse,Lokomotiv G. Oryahovitsa,1.0,2.0,1.0,0.0,,,,,,,,,Desconocido
1554476.0,Friendlies Clubs,667,World,Club Friendlies,True,2026-06-20,572,560,Dynamo Kyiv,Slavia Praha,1.0,1.0,0.0,1.0,,,,,,,,,Desconocido
1547853.0,Friendlies Clubs,667,World,Club Friendlies,True,2026-06-20,4262,12792,Eichstätt,Ingolstadt II,1.0,0.0,1.0,0.0,,,,,,,,,Desconocido
1546581.0,Friendlies Clubs,667,World,Club Friendlies,True,2026-06-20,397,321,FC Midtjylland,Lillestrom,1.0,0.0,0.0,0.0,,,,,,,,,Desconocido
1560425.0,Friendlies Clubs,667,World,Club Friendly,True,2026-06-20,2149,2159,Fredrikstad,Ham-Kam,1.0,1.0,0.0,1.0,,,,,,,,,Desconocido
1554483.0,Friendlies Clubs,667,World,Club Friendlies,True,2026-06-20,7443,6773,Gala Fairydean Rovers,Kelty Hearts,2.0,1.0,1.0,0.0,,,,,,,,,Desconocido
1546584.0,Friendlies Clubs,667,World,Club Friendlies,True,2026-06-20,5352,356,Glentoran,Caernarfon Town,1.0,2.0,0.0,1.0,,,,,,,,,Desconocido
1554489.0,Friendlies Clubs,667,World,Club Friendlies,True,2026-06-20,6940,12835,Gryf Wejherowo,Polonia Bytom,0.0,1.0,0.0,0.0,,,,,,,,,Desconocido
1548699.0,Friendlies Clubs,667,World,Club Friendlies,True,2026-06-20,6941,635,Górnik Łęczna,Dinamo Bucuresti,1.0,2.0,0.0,1.0,,,,,,,,,Desconocido
1546585.0,Friendlies Clubs,667,World,Club Friendlies,True,2026-06-20,17206,618,Hörbranz,SCR Altach,0.0,4.0,0.0,2.0,,,,,,,,,Desconocido
1560426.0,Friendlies Clubs,667,World,Club Friendly,True,2026-06-20,10547,3553,Inter Bratislava,Zlaté Moravce,0.0,1.0,0.0,0.0,,,,,,,,,Desconocido
1560430.0,Friendlies Clubs,667,World,Club Friendly,True,2026-06-20,3747,3364,Jedinstvo,Borac Banja Luka,0.0,8.0,0.0,3.0,,,,,,,,,Desconocido
1547851.0,Friendlies Clubs,667,World,Club Friendlies,True,2026-06-20,7544,2390,Kelen,Paks,1.0,10.0,1.0,6.0,,,,,,,,,Desconocido
1554488.0,Friendlies Clubs,667,World,Club Friendlies,True,2026-06-20,5853,734,Lauwe,Kortrijk,0.0,6.0,0.0,1.0,,,,,,,,,Desconocido
1554487.0,Friendlies Clubs,667,World,Club Friendlies,True,2026-06-20,6744,1382,Linlithgow Rose,Dumbarton,4.0,3.0,2.0,1.0,,,,,,,,,Desconocido
1554484.0,Friendlies Clubs,667,World,Club Friendlies,True,2026-06-20,2637,2642,Macva,Zemun,1.0,1.0,0.0,1.0,,,,,,,,,Desconocido
1554490.0,Friendlies Clubs,667,World,Club Friendlies,True,2026-06-20,2288,2284,Necaxa,Monarcas,1.0,0.0,,,,,,,,,,,Desconocido
1554477.0,Friendlies Clubs,667,World,Club Friendlies,True,2026-06-20,3548,10552,Podbrezová,Lokomotíva Zvolen,2.0,0.0,1.0,0.0,,,,,,,,,Desconocido
1554478.0,Friendlies Clubs,667,World,Club Friendlies,True,2026-06-20,7483,2589,Progresul Pecica,Uta Arad,0.0,3.0,0.0,0.0,,,,,,,,,Desconocido
1546583.0,Friendlies Clubs,667,World,Club Friendlies,True,2026-06-20,16321,1014,Renens,Lausanne,0.0,9.0,0.0,4.0,,,,,,,,,Desconocido
1560431.0,Friendlies Clubs,667,World,Club Friendly,True,2026-06-20,8475,6222,Schoonbeek-Beverst,Patro Eisden,1.0,2.0,0.0,2.0,,,,,,,,,Desconocido
1560422.0,Friendlies Clubs,667,World,Club Friendly,True,2026-06-20,2585,6230,Sepsi OSK Sfantu Gheorghe,Csikszereda,2.0,0.0,2.0,0.0,,,,,,,,,Desconocido
1550471.0,Friendlies Clubs,667,World,Club Friendlies,True,2026-06-20,10544,655,Slovan Bratislava II,AS Trencin,1.0,2.0,1.0,0.0,,,,,,,,,Desconocido
1560423.0,Friendlies Clubs,667,World,Club Friendly,True,2026-06-20,14787,14485,Spelle-Venhaus,FC Gutersloh,1.0,0.0,1.0,0.0,,,,,,,,,Desconocido
1548700.0,Friendlies Clubs,667,World,Club Friendlies,True,2026-06-20,20870,9326,Sportfreunde Schwaig,Buchbach,1.0,2.0,0.0,2.0,,,,,,,,,Desconocido
1546579.0,Friendlies Clubs,667,World,Club Friendlies,True,2026-06-20,6785,5354,Stranraer,Larne,0.0,0.0,0.0,0.0,,,,,,,,,Desconocido
1554486.0,Friendlies Clubs,667,World,Club Friendlies,True,2026-06-20,17322,3487,Unia Tarnow,Nieciecza,0.0,5.0,0.0,2.0,,,,,,,,,Desconocido
1560424.0,Friendlies Clubs,667,World,Club Friendly,True,2026-06-20,1084,6790,Ural,Chelyabinsk,3.0,0.0,3.0,0.0,,,,,,,,,Desconocido
1554480.0,Friendlies Clubs,667,World,Club Friendlies,True,2026-06-20,3729,3731,Viktoria Žižkov,Vysočina Jihlava,2.0,3.0,2.0,2.0,,,,,,,,,Desconocido
1554479.0,Friendlies Clubs,667,World,Club Friendlies,True,2026-06-20,3730,3715,Vlašim,Dukla Praha,2.0,3.0,0.0,1.0,,,,,,,,,Desconocido
1548696.0,Friendlies Clubs,667,World,Club Friendlies,True,2026-06-20,603,10538,Zlin,Petržalka,3.0,3.0,0.0,1.0,,,,,,,,,Desconocido
1547852.0,Friendlies Clubs,667,World,Club Friendlies,True,2026-06-20,3554,3717,Žilina,Opava,1.0,1.0,1.0,1.0,,,,,,,,,Desconocido
1489392.0,World Cup,1,World,Group Stage - 2,False,2026-06-20,2382,5530,Ecuador,Curaçao,0.0,0.0,0.0,0.0,,,,,,,,,"Ma Ning, China"
1489393.0,World Cup,1,World,Group Stage - 2,False,2026-06-20,25,1501,Germany,Ivory Coast,2.0,1.0,0.0,1.0,,,,,,,,,"Juan Gabriel Benitez, Paraguay"
1539007.0,World Cup,1,World,Group Stage - 2,False,2026-06-20,1118,5,Netherlands,Sweden,5.0,1.0,2.0,0.0,,,,,,,,,"Michael Oliver, England"
1553990.0,Premier Soccer League,401,Zimbabwe,Regular Season - 19,False,2026-06-20,5217,27273,Bulawayo Chiefs,Agama,2.0,0.0,1.0,0.0,,,,,,,,,Desconocido
1553991.0,Premier Soccer League,401,Zimbabwe,Regular Season - 19,False,2026-06-20,5223,5218,Herentals,CAPS United,2.0,1.0,1.0,1.0,,,,,,,,,Desconocido
1553992.0,Premier Soccer League,401,Zimbabwe,Regular Season - 19,False,2026-06-20,27275,21055,Hunters,Simba Bhora,2.0,1.0,2.0,1.0,,,,,,,,,Desconocido
1553993.0,Premier Soccer League,401,Zimbabwe,Regular Season - 19,False,2026-06-20,5229,25735,Ngezi Platinum,Scotland Mabvuku,0.0,2.0,0.0,0.0,,,,,,,,,Desconocido
1553994.0,Premier Soccer League,401,Zimbabwe,Regular Season - 19,False,2026-06-20,5231,25734,TelOne,MWOS,1.0,1.0,0.0,1.0,,,,,,,,,Desconocido
1499479.0,Primera B Metropolitana,131,Argentina,Regular Season - 21,False,2026-06-19,8386,8395,Ituzaingó,Liniers,1.0,1.0,1.0,1.0,,,,,,,,,Desconocido
1512474.0,Reserve League,906,Argentina,Apertura - 18,True,2026-06-19,18680,18698,Barracas Central Res.,Sarmiento Res.,0.0,0.0,0.0,0.0,,,,,,,,,Desconocido
1512476.0,Reserve League,906,Argentina,Apertura - 18,True,2026-06-19,18683,27271,Colón Res.,Estudiantes Rio Cuarto 2,1.0,0.0,1.0,0.0,,,,,,,,,Desconocido
1512477.0,Reserve League,906,Argentina,Apertura - 18,True,2026-06-19,18685,18682,Estudiantes La Plata Res,Central Córdoba SdE Res.,3.0,2.0,0.0,1.0,,,,,,,,,Desconocido
1512480.0,Reserve League,906,Argentina,Apertura - 18,True,2026-06-19,18687,18676,Godoy Cruz Res.,Aldosivi Res.,2.0,2.0,2.0,2.0,,,,,,,,,Desconocido
1512484.0,Reserve League,906,Argentina,Apertura - 18,True,2026-06-19,18693,22938,Platense Res.,Independiente Riva. Res.,2.0,1.0,1.0,1.0,,,,,,,,,Desconocido
1512488.0,Reserve League,906,Argentina,Apertura - 18,True,2026-06-19,18700,18697,Tigre Res.,San Lorenzo Res.,2.0,2.0,1.0,1.0,,,,,,,,,Desconocido
1524053.0,Queensland NPL,482,Australia,Regular Season - 15,False,2026-06-19,10215,25449,Gold Coast Knights,Magic United,2.0,1.0,0.0,0.0,,,,,,,,,Desconocido
1524158.0,Queensland Premier League,833,Australia,Regular Season - 15,False,2026-06-19,3756,10213,Caboolture,Brisbane Strikers,1.0,2.0,1.0,1.0,,,,,,,,,Desconocido
1524159.0,Queensland Premier League,833,Australia,Regular Season - 15,False,2026-06-19,11178,9993,Holland Park Hawks,St George Willawong,2.0,1.0,1.0,1.0,,,,,,,,,Desconocido
1533108.0,Tasmania Northern Championship,1091,Australia,Regular Season - 11,False,2026-06-19,27750,23507,Ulverstone U21,Burnie Utd.,4.0,2.0,1.0,1.0,,,,,,,,,Desconocido
1533029.0,Tasmania Southern Championship,1093,Australia,Regular Season - 11,False,2026-06-19,14104,23527,Olympia Warriors,South Hobart II,2.0,1.0,1.0,1.0,,,,,,,,,Desconocido
1522651.0,Victoria NPL,195,Australia,Regular Season - 17,False,2026-06-19,3799,3811,Bentleigh Greens,South Melbourne,1.0,5.0,1.0,3.0,,,,,,,,,Desconocido
1522032.0,Victoria NPL,195,Australia,Regular Season - 17,False,2026-06-19,3808,20783,Oakleigh Cannons,Melbourne City II,3.0,1.0,1.0,0.0,,,,,,,,,Desconocido
1522206.0,Victoria NPL 2,836,Australia,Regular Season - 18,False,2026-06-19,27510,16781,Brunswick Juventus FC,Bulleen Lions,1.0,5.0,1.0,1.0,,,,,,,,,Desconocido
1522207.0,Victoria NPL 2,836,Australia,Regular Season - 18,False,2026-06-19,27511,20784,Eltham Redbacks FC,Western United II,3.0,4.0,1.0,3.0,,,,,,,,,Desconocido
1522129.0,Victoria NPL 2,836,Australia,Regular Season - 18,False,2026-06-19,16783,3810,Langwarrin,Port Melbourne,5.0,0.0,2.0,0.0,,,,,,,,,Desconocido
1541360.0,Victoria Premier League 2,1226,Australia,Regular Season - 18,False,2026-06-19,27695,3806,Box Hill,Kingston City,3.0,1.0,2.0,0.0,,,,,,,,,Desconocido
1541437.0,Victoria Premier League 2,1226,Australia,Regular Season - 18,False,2026-06-19,9977,27699,Eastern Lions,Springvale,0.0,0.0,0.0,0.0,,,,,,,,,Desconocido
1541361.0,Victoria Premier League 2,1226,Australia,Regular Season - 18,False,2026-06-19,27696,16789,Essendon Royals SC,Werribee City,3.0,2.0,1.0,1.0,,,,,,,,,Desconocido
1541438.0,Victoria Premier League 2,1226,Australia,Regular Season - 18,False,2026-06-19,27700,27694,Whittlesea United,Bayside Argonauts,3.0,4.0,1.0,3.0,,,,,,,,,Desconocido
1534339.0,1. Division,117,Belarus,Regular Season - 12,False,2026-06-19,11266,3392,Dinamo Minsk II,Slonim,3.0,1.0,1.0,1.0,,,,,,,,,Desconocido
1534340.0,1. Division,117,Belarus,Regular Season - 12,False,2026-06-19,3387,23433,Lida,Gomel II,2.0,1.0,2.0,0.0,,,,,,,,,Desconocido
1534341.0,1. Division,117,Belarus,Regular Season - 12,False,2026-06-19,11249,3395,Minsk II,Volna,1.0,2.0,0.0,1.0,,,,,,,,,Desconocido
1525899.0,Premier League,116,Belarus,Regular Season - 12,False,2026-06-19,750,3383,Naftan,Baranovichi,1.0,0.0,1.0,0.0,,,,,,,,,S. Ananyev
1543623.0,Baiano - 2,613,Brazil,Regular Season - 8,False,2026-06-19,21169,7858,Leonico,Jacobina,5.0,2.0,2.0,2.0,,,,,,,,,Desconocido
1540219.0,Cearense U20,1112,Brazil,Regular Season - 6,False,2026-06-19,23727,27676,Horizonte U20,Juazeiro EC U20,3.0,0.0,0.0,0.0,,,,,,,,,Desconocido
1544438.0,Copa Chile,267,Chile,Group Stage - 3,False,2026-06-19,2329,2346,A. Italiano,Deportes Santa Cruz,0.0,1.0,0.0,0.0,,,,,,,,,Desconocido
1544439.0,Copa Chile,267,Chile,Group Stage - 3,False,2026-06-19,2345,16730,San Marcos de Arica,Deportes Limache,1.0,3.0,1.0,1.0,,,,,,,,,Desconocido
1545488.0,FA Cup,171,China,Round of 32,True,2026-06-19,27620,5684,Dalian Kewei,Shenyang Urban,1.0,0.0,1.0,0.0,,,,,,,,,Desconocido
1545489.0,FA Cup,171,China,Round of 32,True,2026-06-19,23269,830,Guangzhou E-Power,Beijing Guoan,1.0,2.0,0.0,1.0,,,,,,,,,Desconocido
1545492.0,FA Cup,171,China,Round of 32,True,2026-06-19,5665,840,Jiangxi Liansheng,Henan Jianye,0.0,2.0,0.0,0.0,,,,,,,,,Desconocido
1545491.0,FA Cup,171,China,Round of 32,True,2026-06-19,23270,21263,Langfang Glory City,Dalian Zhixing,1.0,1.0,0.0,1.0,,,,,,,,,Desconocido
1545493.0,FA Cup,171,China,Round of 32,True,2026-06-19,21328,837,Rizhao Yuqi,Tianjin Teda,1.0,1.0,1.0,1.0,,,,,,,,,Desconocido
1545496.0,FA Cup,171,China,Round of 32,True,2026-06-19,23286,848,Shaanxi Union,Hangzhou Greentown,1.0,1.0,1.0,0.0,,,,,,,,,Desconocido
1545497.0,FA Cup,171,China,Round of 32,True,2026-06-19,27619,836,Shanghai Second,SHANGHAI SIPG,1.0,2.0,0.0,1.0,,,,,,,,,Desconocido
1545503.0,FA Cup,171,China,Round of 32,True,2026-06-19,23265,5686,Shenzhen Juniors,Sichuan Jiuniu,1.0,3.0,0.0,3.0,,,,,,,,,Desconocido
1545499.0,FA Cup,171,China,Round of 32,True,2026-06-19,20674,17265,Xi'an Ronghai,Qingdao Youth Island,1.0,1.0,1.0,1.0,,,,,,,,,Desconocido
1532762.0,League Two,929,China,Regular Season - 12,False,2026-06-19,27621,19319,Dalian Yingbo B,Nantong Haimen Codion,2.0,1.0,0.0,1.0,,,,,,,,,X. Wang
1532763.0,League Two,929,China,Regular Season - 12,False,2026-06-19,25774,5660,Guangzhou Dandelion,Hubei Chufeng Heli,2.0,3.0,0.0,2.0,,,,,,,,,Xue Xiangsheng
1532765.0,League Two,929,China,Regular Season - 12,False,2026-06-19,25775,27622,Guizhou Zhucheng,Xiamen Feilu,1.0,0.0,1.0,0.0,,,,,,,,,J. Han
1532764.0,League Two,929,China,Regular Season - 12,False,2026-06-19,19320,25773,Shangyu Pterosaur,Guangdong Mingtu,0.0,2.0,0.0,1.0,,,,,,,,,Ye Chenjie
1521627.0,Esiliiga B,1126,Estonia,Regular Season - 16,False,2026-06-19,25403,3522,Parnu JK Vaprus U21,Tallinna Kalev II,2.0,2.0,2.0,1.0,,,,,,,,,Desconocido
1521628.0,Esiliiga B,1126,Estonia,Regular Season - 16,False,2026-06-19,3531,7906,Tulevik,Levadia U19,2.0,3.0,2.0,2.0,,,,,,,,,Desconocido
1506623.0,1. Deild,366,Faroe-Islands,Regular Season - 14,False,2026-06-19,4182,4192,Suduroy,TB,2.0,2.0,1.0,1.0,,,,,,,,,Desconocido
1506626.0,1. Deild,366,Faroe-Islands,Regular Season - 14,False,2026-06-19,4187,4181,ÍF II,NSÍ II,1.0,1.0,1.0,0.0,,,,,,,,,Desconocido
1506488.0,Meistaradeildin,367,Faroe-Islands,Regular Season - 14,False,2026-06-19,580,701,Vikingur Gota,KI Klaksvik,2.0,2.0,2.0,2.0,,,,,,,,,J. H. Ellefsen
1514209.0,1. Deild,165,Iceland,Regular Season - 10,False,2026-06-19,2123,2114,Njardvik,Leiknir R.,1.0,0.0,1.0,0.0,,,,,,,,,Desconocido
1543404.0,2. Deild,166,Iceland,Regular Season - 9,False,2026-06-19,273,6085,Fjolnir,Hvíti riddarinn,1.0,1.0,1.0,0.0,,,,,,,,,Desconocido
1543403.0,2. Deild,166,Iceland,Regular Season - 9,False,2026-06-19,4171,4170,Thróttur Vogar,Kári,1.0,4.0,0.0,1.0,,,,,,,,,Desconocido
1492915.0,First Division,358,Ireland,Regular Season - 20,False,2026-06-19,3846,3855,Athlone Town,Wexford,2.0,2.0,1.0,1.0,,,,,,,,,Desconocido
1492916.0,First Division,358,Ireland,Regular Season - 20,False,2026-06-19,3847,3853,Bray Wanderers,Longford Town,5.0,2.0,1.0,0.0,,,,,,,,,Desconocido
1492917.0,First Division,358,Ireland,Regular Season - 20,False,2026-06-19,3849,3841,Cobh Ramblers,Finn Harps,3.0,1.0,0.0,1.0,,,,,,,,,Desconocido
1492918.0,First Division,358,Ireland,Regular Season - 20,False,2026-06-19,653,16498,Cork City,Treaty United,4.0,0.0,0.0,0.0,,,,,,,,,Desconocido
1492919.0,First Division,358,Ireland,Regular Season - 20,False,2026-06-19,3844,11328,UCD,Kerry,0.0,1.0,0.0,1.0,,,,,,,,,Desconocido
1492716.0,Premier Division,357,Ireland,Regular Season - 21,False,2026-06-19,3840,584,Bohemians,Dundalk,1.0,2.0,1.0,1.0,,,,,,,,,P. McLaughlin
1492717.0,Premier Division,357,Ireland,Regular Season - 21,False,2026-06-19,3850,3854,Drogheda United,Shelbourne,2.0,2.0,2.0,1.0,,,,,,,,,A. Hunter
1492718.0,Premier Division,357,Ireland,Regular Season - 21,False,2026-06-19,3851,670,Galway United,Derry City,2.0,1.0,1.0,0.0,,,,,,,,,D. Carolan
1492719.0,Premier Division,357,Ireland,Regular Season - 21,False,2026-06-19,3843,3842,St Patrick's Athl.,Sligo Rovers,2.0,0.0,0.0,0.0,,,,,,,,,P. Norton
1492720.0,Premier Division,357,Ireland,Regular Season - 21,False,2026-06-19,3845,652,Waterford,Shamrock Rovers,0.0,2.0,0.0,1.0,,,,,,,,,O. Moran
1534768.0,1. Division,388,Kazakhstan,Regular Season - 10,False,2026-06-19,18805,4559,Khan Tengri,Taraz,2.0,1.0,0.0,1.0,,,,,,,,,Desconocido
1534769.0,1. Division,388,Kazakhstan,Regular Season - 10,False,2026-06-19,4566,27561,Shakhter Karagandy,Jaiyq,3.0,0.0,2.0,0.0,,,,,,,,,Desconocido
1553786.0,Premier League,330,Kuwait,Championship Playoffs - 2,True,2026-06-19,3532,3537,Al Arabi,Al Qadsia,2.0,0.0,0.0,0.0,,,,,,,,,Desconocido
1553788.0,Premier League,330,Kuwait,Championship Playoffs - 2,True,2026-06-19,3533,3540,Al Fahaheel,Kazma,1.0,1.0,1.0,0.0,,,,,,,,,Desconocido
1553787.0,Premier League,330,Kuwait,Championship Playoffs - 2,True,2026-06-19,3538,3535,Al Salmiyah,Al Kuwait,3.0,3.0,1.0,1.0,,,,,,,,,Desconocido
1548954.0,Cup,658,Latvia,Round of 32,True,2026-06-19,14366,14350,Mārupe,Aliance,4.0,2.0,0.0,0.0,,,,,,,,,Desconocido
1529745.0,1 Lyga,361,Lithuania,Regular Season - 14,False,2026-06-19,14382,16747,Babrungas,Be1 NFA,1.0,0.0,0.0,0.0,,,,,,,,,Desconocido
1529747.0,1 Lyga,361,Lithuania,Regular Season - 14,False,2026-06-19,16674,27557,Garliava,Transinvest 2,3.0,0.0,1.0,0.0,,,,,,,,,Desconocido
1583813.0,Primeira Divisão,969,Macao,Regular Season - 13,False,2026-06-19,23061,21201,Jia Hua,Benfica,5.0,0.0,3.0,0.0,,,,,,,,,Desconocido
1535388.0,Premiership Women,1103,Northern-Ireland,Group Stage,False,2026-06-19,21486,23632,Cliftonville W,Derry City W,5.0,1.0,1.0,0.0,,,,,,,,,Desconocido
1535391.0,Premiership Women,1103,Northern-Ireland,Group Stage,False,2026-06-19,21488,16840,Crusaders Strikers W,Glentoran BU W,2.0,4.0,0.0,3.0,,,,,,,,,Desconocido
1535389.0,Premiership Women,1103,Northern-Ireland,Group Stage,False,2026-06-19,23629,23630,Larne W,Lisburn Rangers W,0.0,3.0,0.0,2.0,,,,,,,,,Desconocido
1535390.0,Premiership Women,1103,Northern-Ireland,Group Stage,False,2026-06-19,10918,23261,Linfield W,Lisburn Ladies W,8.0,1.0,3.0,1.0,,,,,,,,,Desconocido
1495868.0,1. Division,104,Norway,Regular Season - 12,False,2026-06-19,322,7006,Ranheim,Lyn,3.0,2.0,1.0,1.0,,,,,,,,,M. Berg
1496633.0,3. Division - Girone 2,775,Norway,Regular Season - 11,False,2026-06-19,16223,10113,Melhus,Rosenborg II,1.0,1.0,1.0,0.0,,,,,,,,,Desconocido
1496997.0,3. Division - Girone 4,777,Norway,Regular Season - 11,False,2026-06-19,6997,6971,Hinna,Brodd,3.0,3.0,2.0,1.0,,,,,,,,,Desconocido
1553049.0,Copa De La Liga,1232,Peru,Group Stage - 2,False,2026-06-19,10492,2548,ADT,Alianza Universidad,3.0,1.0,2.0,1.0,,,,,,,,,Desconocido
1553050.0,Copa De La Liga,1232,Peru,Group Stage - 2,False,2026-06-19,2560,2541,Alianza Atletico,Cesar Vallejo,2.0,0.0,0.0,0.0,,,,,,,,,Desconocido
1637176.0,Super League Women,1243,South-Africa,Regular season,False,2026-06-19,28356,25376,Pretoria U. W,Mamelodi Sundowns W,0.0,4.0,0.0,3.0,,,,,,,,,Desconocido
1637175.0,Super League Women,1243,South-Africa,Regular season,False,2026-06-19,28358,28352,Richmond United W,Diepkloof W,2.0,1.0,1.0,1.0,,,,,,,,,Desconocido
1550673.0,Primera División RFEF - Play Offs,1006,Spain,Promotion Play Offs,True,2026-06-19,9593,9418,Sabadell,Zamora,4.0,0.0,1.0,0.0,,,,,,,,,Desconocido
1550055.0,Premier League,425,Syria,Regular Season - 27,False,2026-06-19,9111,9123,Al Karama,Shorta,5.0,2.0,4.0,1.0,,,,,,,,,Desconocido
1550056.0,Premier League,425,Syria,Regular Season - 27,False,2026-06-19,24992,9117,Al Shouleh,Tishreen,1.0,0.0,1.0,0.0,,,,,,,,,Desconocido
1550057.0,Premier League,425,Syria,Regular Season - 27,False,2026-06-19,8035,8019,Al Wahda,Al Ittihad,1.0,1.0,0.0,0.0,,,,,,,,,Desconocido
1550058.0,Premier League,425,Syria,Regular Season - 27,False,2026-06-19,15301,27269,Horriya,Damascus Al-Ahli,2.0,3.0,2.0,2.0,,,,,,,,,Desconocido
1550059.0,Premier League,425,Syria,Regular Season - 27,False,2026-06-19,9115,27267,Hottin,Khan Shaykhun SC,1.0,0.0,0.0,0.0,,,,,,,,,Desconocido
1550060.0,Premier League,425,Syria,Regular Season - 27,False,2026-06-19,9116,9118,Jabala,Wathba,0.0,1.0,0.0,1.0,,,,,,,,,Desconocido
1550054.0,Premier League,425,Syria,Regular Season - 27,False,2026-06-19,8040,9114,Jaish,Foutoua,1.0,0.0,1.0,0.0,,,,,,,,,Desconocido
1550061.0,Premier League,425,Syria,Regular Season - 27,False,2026-06-19,27270,9113,Omaya SC,Al Taliya,1.0,0.0,0.0,0.0,,,,,,,,,Desconocido
1493867.0,USL League One,489,USA,Group Stage,False,2026-06-19,25488,25486,Westchester SC,Portland Hearts of Pine,5.0,1.0,2.0,0.0,,,,,,,,,Desconocido
1524997.0,USL League Two,256,USA,Group Stage,False,2026-06-19,18894,9086,FC Motown II,New Jersey Copa,3.0,0.0,1.0,0.0,,,,,,,,,Desconocido
1524993.0,USL League Two,256,USA,Group Stage,False,2026-06-19,18896,4056,Houston Sur,Houston FC,0.0,3.0,0.0,3.0,,,,,,,,,Desconocido
1524994.0,USL League Two,256,USA,Group Stage,False,2026-06-19,27520,27513,Loudoun 2,Bethesda SC,3.0,2.0,1.0,0.0,,,,,,,,,Desconocido
1524992.0,USL League Two,256,USA,Group Stage,False,2026-06-19,25948,25936,Snohomish United,Bangers,4.0,0.0,2.0,0.0,,,,,,,,,Desconocido
1524995.0,USL League Two,256,USA,Group Stage,False,2026-06-19,4089,10094,Tobacco Road,Asheville City,0.0,5.0,0.0,2.0,,,,,,,,,Desconocido
1524996.0,USL League Two,256,USA,Group Stage,False,2026-06-19,4100,4035,Western Mass Pioneers,Boston Bolts,2.0,2.0,2.0,1.0,,,,,,,,,Desconocido
1532398.0,USL W League,1117,USA,Regular Season - 1,False,2026-06-19,23893,27612,California Storm II W,Monterey Bay FC W,4.0,1.0,,,,,,,,,,,Desconocido
1532397.0,USL W League,1117,USA,Regular Season - 1,False,2026-06-19,25849,27610,Lonestar San Antonio W,Hill Country Linces W,6.0,1.0,,,,,,,,,,,Desconocido
1532237.0,USL W League,1117,USA,Regular Season - 1,False,2026-06-19,23952,23930,Midwest United W,Ann Arbor W,0.0,1.0,,,,,,,,,,,Desconocido
1532454.0,USL W League,1117,USA,Regular Season - 1,False,2026-06-19,27615,27752,Portland Cherry Bombs FC W,Snohomish United W,1.0,5.0,,,,,,,,,,,Desconocido
1532453.0,USL W League,1117,USA,Regular Season - 1,False,2026-06-19,27616,27749,Rally Madison FC W,Rockford Raptors W,3.0,3.0,,,,,,,,,,,Desconocido
1532238.0,USL W League,1117,USA,Regular Season - 1,False,2026-06-19,23925,23934,TLH Reckoning W,Brooke House W,0.0,2.0,,,,,,,,,,,Desconocido
1532356.0,USL W League,1117,USA,Regular Season - 1,False,2026-06-19,27744,23928,Vermont Green W,AC Connecticut W,10.0,0.0,,,,,,,,,,,Desconocido
1553716.0,Segunda División,269,Uruguay,2nd Phase - 7,True,2026-06-19,2373,2377,Miramar,Sportivo Huracan,0.0,1.0,0.0,1.0,,,,,,,,,Desconocido
1560420.0,Friendlies Clubs,667,World,Club Friendly,True,2026-06-19,684,2036,FC Differdange 03,UNA Strassen,1.0,1.0,0.0,1.0,,,,,,,,,Desconocido
1554473.0,Friendlies Clubs,667,World,Club Friendlies,True,2026-06-19,4256,2402,Grazer AK,Gyori ETO FC,2.0,2.0,1.0,1.0,,,,,,,,,Desconocido
1560419.0,Friendlies Clubs,667,World,Club Friendly,True,2026-06-19,4374,609,Koper,Shkendija,1.0,2.0,1.0,0.0,,,,,,,,,Desconocido
1548697.0,Friendlies Clubs,667,World,Club Friendlies,True,2026-06-19,646,8518,Levski Sofia,Akademik Svishtov,4.0,0.0,3.0,0.0,,,,,,,,,Desconocido
1554471.0,Friendlies Clubs,667,World,Club Friendlies,True,2026-06-19,10536,14942,Liptovský Mikuláš,Baník Lehota p.Vtáčnikom,2.0,2.0,1.0,1.0,,,,,,,,,Desconocido
1554472.0,Friendlies Clubs,667,World,Club Friendlies,True,2026-06-19,14062,4134,Považská Bystrica,Pohronie,0.0,2.0,0.0,2.0,,,,,,,,,Desconocido
1546578.0,Friendlies Clubs,667,World,Club Friendlies,True,2026-06-19,8247,11200,Rapid Wien II,Oberwart,3.0,2.0,1.0,1.0,,,,,,,,,Desconocido
1554470.0,Friendlies Clubs,667,World,Club Friendlies,True,2026-06-19,20192,4358,Rače,Aluminij,1.0,1.0,0.0,0.0,,,,,,,,,Desconocido
1554475.0,Friendlies Clubs,667,World,Club Friendlies,True,2026-06-19,15937,2290,Reboceros La Piedad,Club Queretaro,0.0,2.0,0.0,1.0,,,,,,,,,Desconocido
1554474.0,Friendlies Clubs,667,World,Club Friendlies,True,2026-06-19,15139,1398,Zirl,WSG Wattens,1.0,16.0,1.0,9.0,,,,,,,,,Desconocido
1489389.0,World Cup,1,World,Group Stage - 2,False,2026-06-19,6,2386,Brazil,Haiti,3.0,0.0,3.0,0.0,,,,,,,,,"Alejandro Hernandez, Spain"
1489390.0,World Cup,1,World,Group Stage - 2,False,2026-06-19,1108,31,Scotland,Morocco,0.0,1.0,0.0,1.0,,,,,,,,,"Ilgiz Tantashev, Uzbekistan"
1539006.0,World Cup,1,World,Group Stage - 2,False,2026-06-19,777,2380,Türkiye,Paraguay,0.0,1.0,0.0,1.0,,,,,,,,,"Iván Barton, El Salvador"
1489391.0,World Cup,1,World,Group Stage - 2,False,2026-06-19,2384,20,USA,Australia,2.0,0.0,2.0,0.0,,,,,,,,,"Felix Zwayer, Germany"
1512475.0,Reserve League,906,Argentina,Apertura - 18,True,2026-06-18,18681,18690,Boca Juniors Res.,Lanús Res.,0.0,1.0,0.0,0.0,,,,,,,,,Desconocido
1512478.0,Reserve League,906,Argentina,Apertura - 18,True,2026-06-18,26250,18691,Ferro 2,Newell's Old Boys Res.,2.0,2.0,0.0,0.0,,,,,,,,,Desconocido
1512481.0,Reserve League,906,Argentina,Apertura - 18,True,2026-06-18,18688,18684,Huracán Res.,Defensa y Justicia Res.,1.0,1.0,0.0,1.0,,,,,,,,,Desconocido
1512482.0,Reserve League,906,Argentina,Apertura - 18,True,2026-06-18,18689,20817,Independiente Res.,Belgrano Córdoba Res.,3.0,2.0,0.0,1.0,,,,,,,,,Desconocido
1512485.0,Reserve League,906,Argentina,Apertura - 18,True,2026-06-18,27413,25592,Quilmes 2,San Martín San Juan Res.,6.0,1.0,2.0,0.0,,,,,,,,,Desconocido
1543581.0,Premier League,1031,Bhutan,Regular Season,False,2026-06-18,21277,5590,Tsirang,Tensung,3.0,0.0,1.0,0.0,,,,,,,,,Desconocido
1553805.0,Brasileiro U20 B,1183,Brazil,Quarter-finals,True,2026-06-18,12956,12962,Ceará U20,Internacional U20,3.0,1.0,1.0,1.0,,,,,,,,,Desconocido
1520738.0,Serie B,72,Brazil,Regular Season - 14,False,2026-06-18,123,144,Sport Recife,Atletico Goianiense,1.0,1.0,1.0,0.0,,,,,,,,,R. Klein
1547547.0,Elite Two,813,Cameroon,Relegation Group - 6,False,2026-06-18,5557,22588,Bamboutos,Bafmeng United,1.0,3.0,1.0,2.0,,,,,,,,,Desconocido
1547548.0,Elite Two,813,Cameroon,Relegation Group - 6,False,2026-06-18,16527,16525,Foncha ST,FAP,1.0,4.0,,,,,,,,,,,Desconocido
1547549.0,Elite Two,813,Cameroon,Relegation Group - 6,False,2026-06-18,10153,5558,Tonnerre,Yafoot,1.0,1.0,0.0,1.0,,,,,,,,,Desconocido
1547550.0,Elite Two,813,Cameroon,Relegation Group - 6,False,2026-06-18,5413,27458,Union Douala,Sable,1.0,1.0,1.0,1.0,,,,,,,,,Desconocido
1534053.0,Northern Super League,1182,Canada,Regular season,False,2026-06-18,25898,25901,Halifax Tides W,Vancouver Rise W,1.0,1.0,0.0,0.0,,,,,,,,,Desconocido
1505449.0,Primera División,265,Chile,Regular Season - 13,False,2026-06-18,2323,2320,Universidad de Chile,O'Higgins,2.0,0.0,1.0,0.0,,,,,,,,,P. Maza
1551261.0,Cup,657,Estonia,Round of 128,True,2026-06-18,14335,27841,Team Helm,Deliirium,30.0,0.0,14.0,0.0,,,,,,,,,Desconocido
1519581.0,Esiliiga A,328,Estonia,Regular Season - 16,False,2026-06-18,3516,14340,Elva,Viimsi,0.0,1.0,0.0,1.0,,,,,,,,,Desconocido
1519579.0,Esiliiga A,328,Estonia,Regular Season - 16,False,2026-06-18,14287,3518,FC Tallinn,Flora II,1.0,3.0,0.0,1.0,,,,,,,,,Desconocido
1519577.0,Esiliiga A,328,Estonia,Regular Season - 16,False,2026-06-18,3517,3524,FCI Levadia II,Tartu Welco,1.0,3.0,1.0,0.0,,,,,,,,,Desconocido
1519580.0,Esiliiga A,328,Estonia,Regular Season - 16,False,2026-06-18,3527,13826,Maardu,Nõmme Kalju II,2.0,1.0,1.0,1.0,,,,,,,,,Desconocido
1519578.0,Esiliiga A,328,Estonia,Regular Season - 16,False,2026-06-18,25755,3529,Nõmme United II,Tallinna Kalev,1.0,2.0,1.0,0.0,,,,,,,,,Desconocido
1521624.0,Esiliiga B,1126,Estonia,Regular Season - 16,False,2026-06-18,24237,13152,Johvi Phoenix,Legion,6.0,1.0,2.0,0.0,,,,,,,,,Desconocido
1521626.0,Esiliiga B,1126,Estonia,Regular Season - 16,False,2026-06-18,10168,16718,Luunja,JK Tabasalu,1.0,3.0,0.0,3.0,,,,,,,,,Desconocido
1521625.0,Esiliiga B,1126,Estonia,Regular Season - 16,False,2026-06-18,24236,16962,Narva U21,Tartu Kalev,3.0,2.0,1.0,0.0,,,,,,,,,Desconocido
1495703.0,Veikkausliiga,244,Finland,Regular Season - 11,False,2026-06-18,2077,587,AC Oulu,Mariehamn,2.0,1.0,0.0,0.0,,,,,,,,,"Juuso Vuorinen, Finland"
1509144.0,Erovnuli Liga,327,Georgia,Regular Season - 18,False,2026-06-18,2262,10017,Dinamo Tbilisi,Samgurali,5.0,3.0,2.0,2.0,,,,,,,,,A. Aptsiauri
1509146.0,Erovnuli Liga,327,Georgia,Regular Season - 18,False,2026-06-18,13847,3505,Meshakhte,Gagra,1.0,1.0,0.0,0.0,,,,,,,,,B. Bregadze
1534765.0,1. Division,388,Kazakhstan,Regular Season - 10,False,2026-06-18,4545,27635,Akademiya Ontustik,Yelimay Semey 2,1.0,1.0,1.0,1.0,,,,,,,,,Desconocido
1534766.0,1. Division,388,Kazakhstan,Regular Season - 10,False,2026-06-18,10414,27633,Arys,Kaspij Aktau 2,1.0,2.0,0.0,0.0,,,,,,,,,Desconocido
1534767.0,1. Division,388,Kazakhstan,Regular Season - 10,False,2026-06-18,4548,4556,Astana II,Sport Academy Kairat,2.0,3.0,1.0,2.0,,,,,,,,,Desconocido
1534770.0,1. Division,388,Kazakhstan,Regular Season - 10,False,2026-06-18,27634,4551,Tobol 2,Ekibastuz,3.0,3.0,2.0,1.0,,,,,,,,,Desconocido
1534771.0,1. Division,388,Kazakhstan,Regular Season - 10,False,2026-06-18,21502,4546,Turan Turkistan,Aktobe Jas,4.0,0.0,2.0,0.0,,,,,,,,,Desconocido
1529746.0,1 Lyga,361,Lithuania,Regular Season - 14,False,2026-06-18,14384,13971,Neptūną Klaipėda,Kauno Žalgiris II,2.0,1.0,2.0,0.0,,,,,,,,,Desconocido
1542416.0,Premier League,764,Mongolia,Regular Season - 18,False,2026-06-18,18104,16185,Khovd,Deren,0.0,6.0,0.0,0.0,,,,,,,,,Desconocido
1542415.0,Premier League,764,Mongolia,Regular Season - 18,False,2026-06-18,26669,16187,Khovd Western,Khangarid,1.0,2.0,0.0,2.0,,,,,,,,,Desconocido
1553768.0,Botola Pro,200,Morocco,Regular Season - 25,False,2026-06-18,3454,969,Olympique Dcheïra,FAR Rabat,1.0,1.0,0.0,1.0,,,,,,,,,M. Jamlaoui
1553767.0,Botola Pro,200,Morocco,Regular Season - 25,False,2026-06-18,962,975,Renaissance Berkane,Olympique Safi,0.0,0.0,0.0,0.0,,,,,,,,,Y. Laoudini
1553769.0,Botola Pro,200,Morocco,Regular Season - 25,False,2026-06-18,968,977,Wydad AC,FUS Rabat,1.0,2.0,0.0,1.0,,,,,,,,,A. Boulfaid
1553770.0,Botola Pro,200,Morocco,Regular Season - 25,False,2026-06-18,25058,973,Yacoub El Mansour,Hassania Agadir,2.0,1.0,0.0,0.0,,,,,,,,,N. Benrqia
1495499.0,Damallsvenskan,549,Sweden,Regular Season - 10,False,2026-06-18,16004,11083,Brommapojkarna W,Vittsjö W,1.0,2.0,1.0,0.0,,,,,,,,,U. Lov
1495496.0,Damallsvenskan,549,Sweden,Regular Season - 10,False,2026-06-18,11077,10900,Eskilstuna United W,Piteå W,2.0,0.0,2.0,0.0,,,,,,,,,H. Laajanen
1495497.0,Damallsvenskan,549,Sweden,Regular Season - 10,False,2026-06-18,16483,11075,Häcken W,Rosengård W,2.0,0.0,1.0,0.0,,,,,,,,,D. Demo
1495500.0,Damallsvenskan,549,Sweden,Regular Season - 10,False,2026-06-18,11079,11082,Kristianstad W,Uppsala W,3.0,2.0,2.0,1.0,,,,,,,,,L. Johansson
1495501.0,Damallsvenskan,549,Sweden,Regular Season - 10,False,2026-06-18,16008,11084,Norrköping W,Växjö W,0.0,0.0,0.0,0.0,,,,,,,,,T. Olofsson
1510608.0,Division 2 - Norra Götaland,592,Sweden,Norra Götaland - 13,True,2026-06-18,12570,25569,Ahlafors,Skara,1.0,1.0,1.0,1.0,,,,,,,,,Desconocido
1510607.0,Division 2 - Norra Götaland,592,Sweden,Norra Götaland - 13,True,2026-06-18,6670,6713,Grebbestad,Vänersborgs IF,4.0,3.0,1.0,3.0,,,,,,,,,Desconocido
1510609.0,Division 2 - Norra Götaland,592,Sweden,Norra Götaland - 13,True,2026-06-18,18422,16605,Herrestads,IFK Skövde,1.0,2.0,1.0,1.0,,,,,,,,,Desconocido
1510611.0,Division 2 - Norra Götaland,592,Sweden,Norra Götaland - 13,True,2026-06-18,12598,12618,Kumla,Tord,1.0,0.0,0.0,0.0,,,,,,,,,Desconocido
1510612.0,Division 2 - Norra Götaland,592,Sweden,Norra Götaland - 13,True,2026-06-18,12573,6675,Lidköping,Husqvarna,1.0,2.0,0.0,1.0,,,,,,,,,Desconocido
1510613.0,Division 2 - Norra Götaland,592,Sweden,Norra Götaland - 13,True,2026-06-18,12577,12575,Vänersborgs FK,Stenungsund,2.0,4.0,1.0,2.0,,,,,,,,,Desconocido
1510790.0,Division 2 - Norra Svealand,593,Sweden,Norra Svealand - 13,True,2026-06-18,6671,22932,Gute,Falu BS,0.0,1.0,0.0,0.0,,,,,,,,,Desconocido
1510793.0,Division 2 - Norra Svealand,593,Sweden,Norra Svealand - 13,True,2026-06-18,12584,6665,Skiljebo,Franke,2.0,2.0,0.0,2.0,,,,,,,,,Desconocido
1510795.0,Division 2 - Norra Svealand,593,Sweden,Norra Svealand - 13,True,2026-06-18,20838,27410,Viggbyholms IK,Angby,0.0,2.0,0.0,1.0,,,,,,,,,Desconocido
1515763.0,Division 2 - Norrland,594,Sweden,Norrland - 13,True,2026-06-18,27459,12586,Fransta,Friska Viljor,1.0,3.0,0.0,0.0,,,,,,,,,Desconocido
1515764.0,Division 2 - Norrland,594,Sweden,Norrland - 13,True,2026-06-18,24030,6669,Kubikenborg,Gottne,2.0,3.0,1.0,2.0,,,,,,,,,Desconocido
1515762.0,Division 2 - Norrland,594,Sweden,Norrland - 13,True,2026-06-18,16604,12592,Storfors,Täfteå,0.0,4.0,0.0,2.0,,,,,,,,,Desconocido
1510960.0,Division 2 - Södra Götaland,597,Sweden,Södra Götaland - 13,True,2026-06-18,6683,12615,Karlskrona,Karlshamn,3.0,1.0,1.0,1.0,,,,,,,,,Desconocido
1510963.0,Division 2 - Södra Götaland,597,Sweden,Södra Götaland - 13,True,2026-06-18,26891,25572,Staffanstorp United,Linero,3.0,3.0,1.0,1.0,,,,,,,,,Desconocido
1510962.0,Division 2 - Södra Götaland,597,Sweden,Södra Götaland - 13,True,2026-06-18,12660,12617,Sölvesborg,Räppe,1.0,1.0,1.0,0.0,,,,,,,,,Desconocido
1511335.0,Division 2 - Västra Götaland,596,Sweden,Västra Götaland - 13,True,2026-06-18,25575,12606,Böljan,Onsala,1.0,2.0,0.0,2.0,,,,,,,,,Desconocido
1511336.0,Division 2 - Västra Götaland,596,Sweden,Västra Götaland - 13,True,2026-06-18,12613,6657,Dalstorps,Astrio,4.0,0.0,1.0,0.0,,,,,,,,,Desconocido
1511339.0,Division 2 - Västra Götaland,596,Sweden,Västra Götaland - 13,True,2026-06-18,6686,14543,Lindome,Åstorp,3.0,0.0,2.0,0.0,,,,,,,,,Desconocido
1511340.0,Division 2 - Västra Götaland,596,Sweden,Västra Götaland - 13,True,2026-06-18,6693,27309,Qviding FIF,Galtabacks,3.0,2.0,1.0,1.0,,,,,,,,,Desconocido
1511341.0,Division 2 - Västra Götaland,596,Sweden,Västra Götaland - 13,True,2026-06-18,12620,12609,Torslanda,Västra Frölunda,1.0,1.0,1.0,0.0,,,,,,,,,Desconocido
1501417.0,Elitettan,736,Sweden,Regular Season - 10,False,2026-06-18,16033,21693,Husqvarna W,Elfsborg W,1.0,1.0,1.0,0.0,,,,,,,,,Desconocido
1501418.0,Elitettan,736,Sweden,Regular Season - 10,False,2026-06-18,16005,11078,Jitex W,KIF Örebro W,0.0,1.0,0.0,1.0,,,,,,,,,Desconocido
1501419.0,Elitettan,736,Sweden,Regular Season - 10,False,2026-06-18,11080,16001,Linköping W,Alingsås W,4.0,0.0,0.0,0.0,,,,,,,,,Desconocido
1505187.0,Ettan - Norra,563,Sweden,Norra - 13,True,2026-06-18,16597,6700,Arlanda,Stocksund,1.0,0.0,0.0,0.0,,,,,,,,,Desconocido
1505190.0,Ettan - Norra,563,Sweden,Norra - 13,True,2026-06-18,813,12585,Gefle IF,Stockholm Internazionale,0.0,2.0,0.0,1.0,,,,,,,,,Desconocido
1505191.0,Ettan - Norra,563,Sweden,Norra - 13,True,2026-06-18,16596,16598,Hammarby Talang,Järfälla,1.0,1.0,1.0,1.0,,,,,,,,,Desconocido
1505193.0,Ettan - Norra,563,Sweden,Norra - 13,True,2026-06-18,6699,12622,Sollentuna,FBK Karlstad,0.0,2.0,0.0,2.0,,,,,,,,,Desconocido
1505194.0,Ettan - Norra,563,Sweden,Norra - 13,True,2026-06-18,6708,6682,Vasalund,Karlberg,0.0,4.0,0.0,3.0,,,,,,,,,Desconocido
1504468.0,Ettan - Södra,564,Sweden,Södra - 13,True,2026-06-18,6663,6702,Eskilsminne,Trollhättan,2.0,0.0,1.0,0.0,,,,,,,,,Desconocido
1504469.0,Ettan - Södra,564,Sweden,Södra - 13,True,2026-06-18,764,6687,Jonkopings Sodra,Lund,0.0,0.0,0.0,0.0,,,,,,,,,Desconocido
1504471.0,Ettan - Södra,564,Sweden,Södra - 13,True,2026-06-18,6698,6676,Skövde AIK,Hässleholms IF,2.0,2.0,0.0,1.0,,,,,,,,,Desconocido
1504472.0,Ettan - Södra,564,Sweden,Södra - 13,True,2026-06-18,369,6694,Trelleborg,Rosengård,3.0,2.0,2.0,2.0,,,,,,,,,Desconocido
1504473.0,Ettan - Södra,564,Sweden,Södra - 13,True,2026-06-18,6703,2168,Tvååker,Angelholms FF,3.0,2.0,2.0,1.0,,,,,,,,,Desconocido
1477246.0,Ligi kuu Bara,567,Tanzania,Regular Season - 27,False,2026-06-18,19838,5370,Fountain Gate,Young Africans,0.0,2.0,0.0,0.0,,,,,,,,,Desconocido
1457805.0,Ligi kuu Bara,567,Tanzania,Regular Season - 27,False,2026-06-18,12190,12202,JKT Tanzania,Tanzania Prisons,0.0,1.0,0.0,1.0,,,,,,,,,Desconocido
1477244.0,Ligi kuu Bara,567,Tanzania,Regular Season - 27,False,2026-06-18,24707,12195,Pamba Jiji,Mtibwa Sugar,4.0,0.0,2.0,0.0,,,,,,,,,Desconocido
1513164.0,MLS Next Pro,909,USA,Group Stage,False,2026-06-18,27420,18812,Connecticut FC,FC Cincinnati II,4.0,0.0,3.0,0.0,,,,,,,,,Desconocido
1524984.0,USL League Two,256,USA,Group Stage,False,2026-06-18,18882,25953,Ballard,Bigfoot,6.0,1.0,5.0,1.0,,,,,,,,,Desconocido
1524989.0,USL League Two,256,USA,Group Stage,False,2026-06-18,18895,23108,Flatirons Rush,Albion Colorado,0.0,3.0,0.0,1.0,,,,,,,,,Desconocido
1524985.0,USL League Two,256,USA,Group Stage,False,2026-06-18,18898,18901,Lansing City,Midwest United,1.0,5.0,0.0,2.0,,,,,,,,,Desconocido
1524986.0,USL League Two,256,USA,Group Stage,False,2026-06-18,16686,4068,Real Central New Jersey,Ocean City Nor'easters,1.0,4.0,0.0,2.0,,,,,,,,,Desconocido
1524987.0,USL League Two,256,USA,Group Stage,False,2026-06-18,10490,4079,Sportivo San Juan,San Francisco City,2.0,6.0,1.0,3.0,,,,,,,,,Desconocido
1524988.0,USL League Two,256,USA,Group Stage,False,2026-06-18,25487,24018,Texoma,West Texas,1.0,0.0,1.0,0.0,,,,,,,,,Desconocido
1524990.0,USL League Two,256,USA,Group Stage,False,2026-06-18,23127,3961,Utah United,Unión Villa Krause,3.0,1.0,1.0,0.0,,,,,,,,,Desconocido
1532234.0,USL W League,1117,USA,Regular Season - 1,False,2026-06-18,25857,23896,AHFC Royals W,Challenge W,1.0,3.0,,,,,,,,,,,Desconocido
1532235.0,USL W League,1117,USA,Regular Season - 1,False,2026-06-18,25841,23915,Bigfoot W,Olympia W,1.0,1.0,,,,,,,,,,,Desconocido
1532232.0,USL W League,1117,USA,Regular Season - 1,False,2026-06-18,23901,23929,Flatirons II W,Albion Colorado W,0.0,0.0,,,,,,,,,,,Desconocido
1532236.0,USL W League,1117,USA,Regular Season - 1,False,2026-06-18,23918,23924,Pleasanton Rage W,Stockton Cargo W,2.0,1.0,,,,,,,,,,,Desconocido
1532233.0,USL W League,1117,USA,Regular Season - 1,False,2026-06-18,25861,25844,Steel City W,Flower City 1872 W,2.0,0.0,,,,,,,,,,,Desconocido
1554469.0,Friendlies Clubs,667,World,Club Friendlies,True,2026-06-18,1405,1401,Austria Klagenfurt,SV Kapfenberg,1.0,0.0,1.0,0.0,,,,,,,,,Desconocido
1554468.0,Friendlies Clubs,667,World,Club Friendlies,True,2026-06-18,22763,8079,Basake Holy Stars,Aduana Stars,0.0,0.0,0.0,0.0,,,,,,,,,Desconocido
1554466.0,Friendlies Clubs,667,World,Club Friendlies,True,2026-06-18,380,1089,FC Minsk,Enisey,0.0,0.0,0.0,0.0,,,,,,,,,Desconocido
1554467.0,Friendlies Clubs,667,World,Club Friendlies,True,2026-06-18,2001,6801,FK Neftekhimik,KAMAZ,0.0,0.0,0.0,0.0,,,,,,,,,Desconocido
1545678.0,Friendlies Clubs,667,World,Club Friendlies,True,2026-06-18,366,326,IFK Goteborg,Valerenga,1.0,1.0,1.0,0.0,,,,,,,,,Desconocido
1489387.0,World Cup,1,World,Group Stage - 2,False,2026-06-18,5529,1569,Canada,Qatar,6.0,0.0,3.0,0.0,,,,,,,,,"Cristian Garay, Chile"
1539004.0,World Cup,1,World,Group Stage - 2,False,2026-06-18,770,1531,Czechia,South Africa,1.0,1.0,1.0,0.0,,,,,,,,,"Tori Penso, USA"
1489388.0,World Cup,1,World,Group Stage - 2,False,2026-06-18,16,17,Mexico,South Korea,1.0,0.0,0.0,0.0,,,,,,,,,"Gustavo Tejera, Uruguay"
1539005.0,World Cup,1,World,Group Stage - 2,False,2026-06-18,15,1113,Switzerland,Bosnia & Herzegovina,4.0,1.0,0.0,0.0,,,,,,,,,"Joao Pedro Pinheiro, Portugal"
1498571.0,Primera Nacional,129,Argentina,Regular Season - 16,False,2026-06-17,479,484,Gimnasia Jujuy,Nueva Chicago,4.0,0.0,2.0,0.0,,,,,,,,,Desconocido
1512472.0,Reserve League,906,Argentina,Apertura - 18,True,2026-06-17,18678,18686,Atlético Tucumán Res.,Gimnasia La Plata Res.,2.0,1.0,2.0,0.0,,,,,,,,,Desconocido
1512473.0,Reserve League,906,Argentina,Apertura - 18,True,2026-06-17,18679,18695,Banfield Res.,River Plate Res.,0.0,1.0,0.0,1.0,,,,,,,,,Desconocido
1512479.0,Reserve League,906,Argentina,Apertura - 18,True,2026-06-17,27272,18677,Gimnasia Mendoza 2,Argentinos Juniors Res.,2.0,1.0,0.0,1.0,,,,,,,,,Desconocido
1512483.0,Reserve League,906,Argentina,Apertura - 18,True,2026-06-17,20818,18701,Instituto Res.,Unión Santa Fe Res.,0.0,2.0,0.0,1.0,,,,,,,,,Desconocido
1512486.0,Reserve League,906,Argentina,Apertura - 18,True,2026-06-17,18696,18702,Rosario Central Res.,Vélez Sársfield Res.,0.0,4.0,0.0,1.0,,,,,,,,,Desconocido
1512487.0,Reserve League,906,Argentina,Apertura - 18,True,2026-06-17,18699,18694,Talleres Córdoba Res.,Racing Club Res.,2.0,3.0,0.0,0.0,,,,,,,,,Desconocido
1549940.0,Torneo Promocional Amateur,1067,Argentina,Regular Season - 5,False,2026-06-17,27785,23102,Alumni Los Hornos,Ezeiza,0.0,1.0,0.0,0.0,,,,,,,,,Desconocido
1549941.0,Torneo Promocional Amateur,1067,Argentina,Regular Season - 5,False,2026-06-17,23096,27786,Belgrano Zarate,Buenos Aires City,1.0,0.0,1.0,0.0,,,,,,,,,Desconocido
1549942.0,Torneo Promocional Amateur,1067,Argentina,Regular Season - 5,False,2026-06-17,27788,23101,Las Mandarinas,Everton La Plata,1.0,2.0,0.0,0.0,,,,,,,,,Desconocido
1549943.0,Torneo Promocional Amateur,1067,Argentina,Regular Season - 5,False,2026-06-17,27796,23095,Uribelarrea,Barrancas UMET,2.0,0.0,0.0,0.0,,,,,,,,,Desconocido
1537473.0,Capital Territory NPL,189,Australia,Regular Season - 13,False,2026-06-17,23518,1448,Canberra White Eagles,Canberra FC,1.0,2.0,0.0,0.0,,,,,,,,,Desconocido
1547799.0,Coppa,486,Belarus,Round of 32,True,2026-06-17,2433,7808,FC Energetik-Bgu Minsk,ML Vitebsk,3.0,5.0,0.0,0.0,,,,,,,,,Desconocido
1547800.0,Coppa,486,Belarus,Round of 32,True,2026-06-17,379,394,FC Slutsk,Dinamo Minsk,0.0,2.0,0.0,0.0,,,,,,,,,Desconocido
1547798.0,Coppa,486,Belarus,Round of 32,True,2026-06-17,7798,388,Molodechno-DYuSSh 4,Bate Borisov,1.0,4.0,0.0,3.0,,,,,,,,,Desconocido
1543901.0,Brasileiro U17,1128,Brazil,Regular Season - 4,False,2026-06-17,24468,24483,America MG U17,Internacional U17,6.0,1.0,2.0,0.0,,,,,,,,,Desconocido
1543902.0,Brasileiro U17,1128,Brazil,Regular Season - 4,False,2026-06-17,24469,24470,Athletico PR U17,Atletico GO U17,3.0,1.0,1.0,1.0,,,,,,,,,Desconocido
1543909.0,Brasileiro U17,1128,Brazil,Regular Season - 4,False,2026-06-17,24482,27733,Gremio U17,Vitoria U17,0.0,1.0,0.0,1.0,,,,,,,,,Desconocido
1543905.0,Brasileiro U17,1128,Brazil,Regular Season - 4,False,2026-06-17,24485,25807,RB Bragantino U17,Vasco U17,3.0,2.0,1.0,0.0,,,,,,,,,Desconocido
1543910.0,Brasileiro U17,1128,Brazil,Regular Season - 4,False,2026-06-17,24487,24479,Sao Paulo U17,Fluminense U17,1.0,4.0,0.0,1.0,,,,,,,,,Desconocido
1526175.0,Brasileiro U20 A,740,Brazil,Regular Season - 16,False,2026-06-17,12954,12979,Bahia U20,Vasco da Gama U20,1.0,1.0,1.0,1.0,,,,,,,,,Desconocido
1526176.0,Brasileiro U20 A,740,Brazil,Regular Season - 16,False,2026-06-17,22875,13011,Botafogo U20,Grêmio U20,1.0,0.0,0.0,0.0,,,,,,,,,Desconocido
1526177.0,Brasileiro U20 A,740,Brazil,Regular Season - 16,False,2026-06-17,12998,13072,Corinthians U20,Vitória U20,2.0,1.0,1.0,1.0,,,,,,,,,Desconocido
1526179.0,Brasileiro U20 A,740,Brazil,Regular Season - 16,False,2026-06-17,11054,13001,Flamengo U20,Cuiabá U20,1.0,1.0,0.0,1.0,,,,,,,,,Desconocido
1526180.0,Brasileiro U20 A,740,Brazil,Regular Season - 16,False,2026-06-17,13009,12953,Fortaleza U20,Avaí U20,0.0,0.0,0.0,0.0,,,,,,,,,Desconocido
1526181.0,Brasileiro U20 A,740,Brazil,Regular Season - 16,False,2026-06-17,13020,12973,Juventude U20,São Paulo U20,1.0,0.0,1.0,0.0,,,,,,,,,Desconocido
1526182.0,Brasileiro U20 A,740,Brazil,Regular Season - 16,False,2026-06-17,18345,13008,RB Bragantino U20,Fluminense U20,3.0,0.0,0.0,0.0,,,,,,,,,Desconocido
1553804.0,Brasileiro U20 B,1183,Brazil,Quarter-finals,True,2026-06-17,12989,12971,CRB U20,Sport Recife U20,0.0,0.0,0.0,0.0,,,,,,,,,Desconocido
1553803.0,Brasileiro U20 B,1183,Brazil,Quarter-finals,True,2026-06-17,12957,12952,Coritiba U20,Atlético Mineiro U20,0.0,1.0,0.0,0.0,,,,,,,,,Desconocido
1541981.0,Catarinense - 2,936,Brazil,Regular Season - 10,False,2026-06-17,19637,12912,Nação,Juventus SC,1.0,0.0,1.0,0.0,,,,,,,,,Desconocido
1541984.0,Catarinense - 2,936,Brazil,Regular Season - 10,False,2026-06-17,1204,19635,Tubarao,Blumenau,2.0,3.0,1.0,1.0,,,,,,,,,Desconocido
1550645.0,Copa Espírito Santo,1097,Brazil,Semi-finals,True,2026-06-17,15609,7837,Vilavelhense,Vitória ES,2.0,2.0,1.0,0.0,,,,,,,,,Desconocido
1544588.0,Copa Gaúcha,1158,Brazil,Group Stage - 6,False,2026-06-17,25078,10044,Farroupilha,Bagé,1.0,2.0,1.0,1.0,,,,,,,,,Desconocido
1544589.0,Copa Gaúcha,1158,Brazil,Group Stage - 6,False,2026-06-17,10049,141,Guarany de Bagé,Brasil DE Pelotas,3.0,3.0,1.0,1.0,,,,,,,,,Desconocido
1544590.0,Copa Gaúcha,1158,Brazil,Group Stage - 6,False,2026-06-17,21233,10045,Monsoon,Brasil Farroupilha,2.0,1.0,2.0,1.0,,,,,,,,,Desconocido
1544591.0,Copa Gaúcha,1158,Brazil,Group Stage - 6,False,2026-06-17,16479,25079,Santa Cruz RS,Gramadense,2.0,2.0,2.0,2.0,,,,,,,,,Desconocido
1560404.0,Copa Rio,1035,Brazil,Round 1,True,2026-06-17,13109,10672,Bonsucesso,Cabofriense,3.0,1.0,0.0,1.0,,,,,,,,,Desconocido
1560405.0,Copa Rio,1035,Brazil,Round 1,True,2026-06-17,12278,13114,Duque de Caxias,Olaria,0.0,2.0,0.0,1.0,,,,,,,,,Desconocido
1560403.0,Copa Rio,1035,Brazil,Round 1,True,2026-06-17,13112,13104,Goytacaz,América RJ,0.0,3.0,0.0,0.0,,,,,,,,,Desconocido
1560409.0,Copa Rio,1035,Brazil,Round 1,True,2026-06-17,7815,2203,Macaé,Americano Campos,0.0,0.0,0.0,0.0,,,,,,,,,Desconocido
1560406.0,Copa Rio,1035,Brazil,Round 1,True,2026-06-17,22354,4857,SE Belford Roxo,Resende,1.0,3.0,0.0,2.0,,,,,,,,,Desconocido
1560410.0,Copa Rio,1035,Brazil,Round 1,True,2026-06-17,23640,17738,Santa Cruz RJ,Pérolas Negras,0.0,5.0,0.0,1.0,,,,,,,,,Desconocido
1560408.0,Copa Rio,1035,Brazil,Round 1,True,2026-06-17,13117,13118,Serrano RJ,São Gonçalo EC RJ,0.0,0.0,0.0,0.0,,,,,,,,,Desconocido
1560407.0,Copa Rio,1035,Brazil,Round 1,True,2026-06-17,23664,20006,São Cristóvão RJ,CEAC / Araruama,0.0,0.0,0.0,0.0,,,,,,,,,Desconocido
1544787.0,Maranhense - 2,1148,Brazil,Regular Season - 3,False,2026-06-17,25045,27738,Sao Luis,Araioses,0.0,1.0,0.0,1.0,,,,,,,,,Desconocido
1547680.0,Mineiro - 2,619,Brazil,Regular Season - 4,False,2026-06-17,7769,12296,Caldense,Guarani MG,0.0,0.0,0.0,0.0,,,,,,,,,Desconocido
1547679.0,Mineiro - 2,619,Brazil,Regular Season - 4,False,2026-06-17,13129,13081,Coimbra,Democrata SL,1.0,1.0,0.0,1.0,,,,,,,,,Desconocido
1547683.0,Mineiro - 2,619,Brazil,Regular Season - 4,False,2026-06-17,12277,7869,Ipatinga,Villa Nova,0.0,1.0,0.0,1.0,,,,,,,,,Desconocido
1547681.0,Mineiro - 2,619,Brazil,Regular Season - 4,False,2026-06-17,13082,153,Mamoré,BOA,0.0,1.0,0.0,1.0,,,,,,,,,Desconocido
1547682.0,Mineiro - 2,619,Brazil,Regular Season - 4,False,2026-06-17,18795,7824,Uberaba,CAP,1.0,1.0,0.0,1.0,,,,,,,,,Desconocido
1547684.0,Mineiro - 2,619,Brazil,Regular Season - 4,False,2026-06-17,23247,16751,Valeriodoce,Aymorés,0.0,0.0,0.0,0.0,,,,,,,,,Desconocido
1512946.0,Elite One,411,Cameroon,Regular Season - 25,False,2026-06-17,5401,5414,Cotonsport,Unisport Bafang,3.0,0.0,1.0,0.0,,,,,,,,,Desconocido
1512948.0,Elite One,411,Cameroon,Regular Season - 25,False,2026-06-17,15566,5560,Gazelle,Canon,0.0,2.0,0.0,0.0,,,,,,,,,Desconocido
1547564.0,Elite Two,813,Cameroon,Championship Group - 4,False,2026-06-17,5398,27457,APEJES Academy,Kumba,1.0,1.0,0.0,0.0,,,,,,,,,Desconocido
1547565.0,Elite Two,813,Cameroon,Championship Group - 4,False,2026-06-17,25429,25430,Atlantic,Union Abong-Mbang,0.0,1.0,0.0,0.0,,,,,,,,,Desconocido
1547566.0,Elite Two,813,Cameroon,Championship Group - 4,False,2026-06-17,5407,5399,Les Astres,Avion Academy,0.0,2.0,0.0,1.0,,,,,,,,,Desconocido
1546783.0,Ligue 1,424,Congo-DR,Championship Group - 13,False,2026-06-17,8571,6435,Don Bosco,TP Mazembe,0.0,3.0,0.0,3.0,,,,,,,,,Desconocido
1546784.0,Ligue 1,424,Congo-DR,Championship Group - 13,False,2026-06-17,8064,15286,Maniema Union,JSK,1.0,1.0,1.0,0.0,,,,,,,,,Desconocido
1546786.0,Ligue 1,424,Congo-DR,Championship Group - 13,False,2026-06-17,8578,20468,Saint Eloi Lupopo,Céleste,1.0,1.0,0.0,1.0,,,,,,,,,Desconocido
1546785.0,Ligue 1,424,Congo-DR,Championship Group - 13,False,2026-06-17,8572,6437,Simba,Vita Club,0.0,0.0,0.0,0.0,,,,,,,,,Desconocido
1513571.0,Meistriliiga,329,Estonia,Regular Season - 16,False,2026-06-17,662,3530,Kalju Nomme,Tammeka,1.0,2.0,1.0,1.0,,,,,,,,,R. Maalinn
1513572.0,Meistriliiga,329,Estonia,Regular Season - 16,False,2026-06-17,10059,2273,Nõmme United,FC Levadia Tallinn,1.0,2.0,0.0,1.0,,,,,,,,,G. Osomkov
1513573.0,Meistriliiga,329,Estonia,Regular Season - 16,False,2026-06-17,3528,18657,Paide,Laagri,1.0,0.0,1.0,0.0,,,,,,,,,T. Uprus
1495707.0,Veikkausliiga,244,Finland,Regular Season - 11,False,2026-06-17,2082,1166,Gnistan,Lahti,1.0,0.0,0.0,0.0,,,,,,,,,"Antti Munukka, Finland"
1495704.0,Veikkausliiga,244,Finland,Regular Season - 11,False,2026-06-17,649,1164,HJK Helsinki,Inter Turku,3.0,3.0,1.0,2.0,,,,,,,,,"Peiman Simani, Finland"
1495705.0,Veikkausliiga,244,Finland,Regular Season - 11,False,2026-06-17,1163,2075,Ilves,FF Jaro,5.0,0.0,4.0,0.0,,,,,,,,,"Joona Kontinen, Finland"
1495708.0,Veikkausliiga,244,Finland,Regular Season - 11,False,2026-06-17,689,650,SJK,VPS,1.0,2.0,1.0,0.0,,,,,,,,,"Dennis Antamo, Finland"
1495706.0,Veikkausliiga,244,Finland,Regular Season - 11,False,2026-06-17,1168,1165,Turku PS,KuPS,1.0,2.0,0.0,1.0,,,,,,,,,"Mohammad Al-Emara, Finland"
1533181.0,Championnat D1,968,Gabon,Regular Season - 2,False,2026-06-17,21187,21193,Bitam,US Oyem,0.0,0.0,0.0,0.0,,,,,,,,,Desconocido
1531383.0,GFA League,845,Gambia,Regular Season - 29,False,2026-06-17,16801,16804,Fortune,Real de Banjul,1.0,0.0,1.0,0.0,,,,,,,,,Desconocido
1531384.0,GFA League,845,Gambia,Regular Season - 29,False,2026-06-17,8102,18109,GPA,Team Rhino,4.0,0.0,1.0,0.0,,,,,,,,,Desconocido
1531386.0,GFA League,845,Gambia,Regular Season - 29,False,2026-06-17,25420,6413,Hart Acedemy,Brikama United,3.0,1.0,1.0,0.0,,,,,,,,,Desconocido
1531387.0,GFA League,845,Gambia,Regular Season - 29,False,2026-06-17,27264,25419,Medina United,Dutch Lions,2.0,1.0,1.0,1.0,,,,,,,,,Desconocido
1531388.0,GFA League,845,Gambia,Regular Season - 29,False,2026-06-17,18107,22707,Samger,Bombada,2.0,1.0,2.0,0.0,,,,,,,,,Desconocido
1509145.0,Erovnuli Liga,327,Georgia,Regular Season - 18,False,2026-06-17,3502,3501,FC Iberia 1999,Rustavi,1.0,2.0,1.0,0.0,,,,,,,,,G. Kikacheishvili
1509147.0,Erovnuli Liga,327,Georgia,Regular Season - 18,False,2026-06-17,685,705,Torpedo Kutaisi,Dinamo Batumi,2.0,3.0,1.0,2.0,,,,,,,,,G. Avazashvili
1507179.0,Erovnuli Liga 2,326,Georgia,Regular Season - 18,False,2026-06-17,10015,3503,Aragvi Dusheti,Sioni,3.0,2.0,2.0,2.0,,,,,,,,,Desconocido
1507180.0,Erovnuli Liga 2,326,Georgia,Regular Season - 18,False,2026-06-17,14860,16516,Gareji,Shturmi,0.0,0.0,0.0,0.0,,,,,,,,,Desconocido
1507181.0,Erovnuli Liga 2,326,Georgia,Regular Season - 18,False,2026-06-17,3507,14861,Kolkheti Poti,Gori,1.0,1.0,1.0,0.0,,,,,,,,,Desconocido
1507182.0,Erovnuli Liga 2,326,Georgia,Regular Season - 18,False,2026-06-17,10016,581,Merani Martvili,Samtredia,2.0,1.0,0.0,1.0,,,,,,,,,Desconocido
1507183.0,Erovnuli Liga 2,326,Georgia,Regular Season - 18,False,2026-06-17,3511,13856,Telavi,Odishi 1919,1.0,0.0,1.0,0.0,,,,,,,,,Desconocido
1514202.0,1. Deild,165,Iceland,Regular Season - 9,False,2026-06-17,277,267,Grindavik,Fylkir,0.0,1.0,0.0,0.0,,,,,,,,,Desconocido
1514203.0,1. Deild,165,Iceland,Regular Season - 9,False,2026-06-17,2122,2121,IR Reykjavik,Grotta,2.0,1.0,0.0,0.0,,,,,,,,,Desconocido
1514237.0,1. Deild,165,Iceland,Regular Season - 15,False,2026-06-17,4165,4167,Vestri,Ægir,3.0,2.0,2.0,1.0,,,,,,,,,Desconocido
1528022.0,Premier League,389,Kazakhstan,Regular Season - 17,False,2026-06-17,664,4554,Kairat Almaty,Kyzyl-Zhar,3.0,0.0,0.0,0.0,,,,,,,,,A. Zatula
1553784.0,Premier League,330,Kuwait,Relegation Play-Off - 1,True,2026-06-17,3534,3539,Al Jahra,Al Tadhamon,0.0,1.0,0.0,1.0,,,,,,,,,Desconocido
1553785.0,Premier League,330,Kuwait,Relegation Play-Off - 1,True,2026-06-17,3541,3536,Al Shabab,Al Nasar,0.0,3.0,0.0,1.0,,,,,,,,,Desconocido
1515861.0,Virsliga,365,Latvia,Regular Season - 18,False,2026-06-17,18834,18936,FS Jelgava,Ogre United,0.0,2.0,0.0,1.0,,,,,,,,,V. Spasjonnikovs
1515863.0,Virsliga,365,Latvia,Regular Season - 18,False,2026-06-17,10124,4160,Riga,Rīgas FS,2.0,1.0,2.0,0.0,,,,,,,,,E. Malcevs
1515862.0,Virsliga,365,Latvia,Regular Season - 18,False,2026-06-17,4144,4135,Tukums,Auda,2.0,1.0,1.0,1.0,,,,,,,,,A. Anufrijevs
1547578.0,A Lyga,362,Lithuania,Regular Season - 20,False,2026-06-17,3861,3860,Hegelmann Litauen,Džiugas Telšiai,1.0,1.0,0.0,0.0,,,,,,,,,R. Valikonis
1547579.0,A Lyga,362,Lithuania,Regular Season - 20,False,2026-06-17,3872,3858,Kauno Žalgiris,Banga,0.0,1.0,0.0,0.0,,,,,,,,,D. Svegzda
1542413.0,Premier League,764,Mongolia,Regular Season - 18,False,2026-06-17,22067,16854,Central Stallions,Ulaanbaatar,1.0,0.0,0.0,0.0,,,,,,,,,Desconocido
1542414.0,Premier League,764,Mongolia,Regular Season - 18,False,2026-06-17,17273,26667,Khoromkhon,Ulaangom City,2.0,5.0,1.0,2.0,,,,,,,,,Desconocido
1553765.0,Botola Pro,200,Morocco,Regular Season - 25,False,2026-06-17,3449,976,CR Khemis Zemamra,Raja Casablanca,3.0,4.0,2.0,2.0,,,,,,,,,M. Sourdy
1553763.0,Botola Pro,200,Morocco,Regular Season - 25,False,2026-06-17,971,974,Kawkab Marrakech,Ittihad Tanger,0.0,2.0,0.0,1.0,,,,,,,,,Y. Triki
1553764.0,Botola Pro,200,Morocco,Regular Season - 25,False,2026-06-17,3453,964,Maghreb Fès,Difaa EL Jadida,2.0,1.0,0.0,1.0,,,,,,,,,A. Berrada
1553766.0,Botola Pro,200,Morocco,Regular Season - 25,False,2026-06-17,14806,22218,UTS Rabat,CODM Meknès,2.0,0.0,0.0,0.0,,,,,,,,,M. Kechaf
1554359.0,Federation Cup,1231,Nigeria,Semi-finals,True,2026-06-17,5175,5194,El Kanemi Warriors,Wikki Tourist,3.0,1.0,3.0,0.0,,,,,,,,,Desconocido
1554360.0,Federation Cup,1231,Nigeria,Semi-finals,True,2026-06-17,5188,24512,Nasarawa United,Ikorodu City,1.0,1.0,1.0,1.0,,,,,,,,,Desconocido
1553806.0,Second League A - Division A Gold,1025,Russia,Playoffs - 1,True,2026-06-17,6833,6819,Veles,Novosibirsk,4.0,1.0,1.0,0.0,,,,,,,,,Desconocido
1533729.0,WK-League,660,South-Korea,Regular Season - 12,False,2026-06-17,14373,14379,Changnyeong W,Suwon FMC W,1.0,6.0,0.0,1.0,,,,,,,,,Desconocido
1533731.0,WK-League,660,South-Korea,Regular Season - 12,False,2026-06-17,14374,14377,Gumi Sportstoto W,Incheon Red Angels W,0.0,0.0,0.0,0.0,,,,,,,,,Desconocido
1533730.0,WK-League,660,South-Korea,Regular Season - 12,False,2026-06-17,14375,14376,Gyeongju W,Hwacheon KSPO W,0.0,1.0,0.0,0.0,,,,,,,,,Desconocido
1533732.0,WK-League,660,South-Korea,Regular Season - 12,False,2026-06-17,14378,14372,Seoul W,Boeun Sangmu W,2.0,1.0,2.0,0.0,,,,,,,,,Desconocido
1495495.0,Damallsvenskan,549,Sweden,Regular Season - 10,False,2026-06-17,11076,21698,Djurgården W,Malmö FF W,0.0,1.0,0.0,1.0,,,,,,,,,S. Borck-Janeheim
1495498.0,Damallsvenskan,549,Sweden,Regular Season - 10,False,2026-06-17,15630,15629,Hammarby W,AIK W,4.0,1.0,3.0,0.0,,,,,,,,,E. Svardsudd
1510789.0,Division 2 - Norra Svealand,593,Sweden,Norra Svealand - 13,True,2026-06-17,6662,25574,Enskede,Bollstanäs,3.0,1.0,0.0,1.0,,,,,,,,,Desconocido
1510959.0,Division 2 - Södra Götaland,597,Sweden,Södra Götaland - 13,True,2026-06-17,20839,12612,IFK Trelleborg,Berga,2.0,1.0,1.0,1.0,,,,,,,,,Desconocido
1511055.0,Division 2 - Södra Götaland,597,Sweden,Södra Götaland - 13,True,2026-06-17,12616,27849,Nosaby,Lilla Torg,3.0,3.0,0.0,1.0,,,,,,,,,Desconocido
1510961.0,Division 2 - Södra Götaland,597,Sweden,Södra Götaland - 13,True,2026-06-17,6692,25573,Oskarshamns AIK,Växjö Norra,2.0,0.0,0.0,0.0,,,,,,,,,Desconocido
1510964.0,Division 2 - Södra Götaland,597,Sweden,Södra Götaland - 13,True,2026-06-17,6701,12619,Torns,Österlen,2.0,3.0,2.0,1.0,,,,,,,,,Desconocido
1511072.0,Division 2 - Södra Svealand,595,Sweden,Södra Svealand - 1,True,2026-06-17,11666,11660,Forward,Karlslund,2.0,2.0,2.0,2.0,,,,,,,,,Desconocido
1511337.0,Division 2 - Västra Götaland,596,Sweden,Västra Götaland - 13,True,2026-06-17,22935,25576,Kongahälla,Hestrafor,0.0,3.0,0.0,2.0,,,,,,,,,Desconocido
1511338.0,Division 2 - Västra Götaland,596,Sweden,Västra Götaland - 13,True,2026-06-17,18424,21359,Landvetter IS,Jonsered,1.0,0.0,0.0,0.0,,,,,,,,,Desconocido
1501416.0,Elitettan,736,Sweden,Regular Season - 10,False,2026-06-17,20820,16032,Häcken II W,Gamla Upsala W,1.0,2.0,0.0,2.0,,,,,,,,,Desconocido
1504474.0,Ettan - Södra,564,Sweden,Södra - 13,True,2026-06-17,6706,2162,Utsikten,Atvidabergs FF,0.0,3.0,0.0,2.0,,,,,,,,,Desconocido
1545639.0,Svenska Cupen,115,Sweden,Semi-finals,True,2026-06-17,16745,12578,Rågsved,Enköping,0.0,2.0,0.0,0.0,,,,,,,,,Desconocido
1527692.0,Vysshaya Liga,571,Tajikistan,Regular Season - 9,False,2026-06-17,12264,27266,Istaravshan,Sardor Tursunzoda,1.0,1.0,0.0,0.0,,,,,,,,,Desconocido
1477247.0,Ligi kuu Bara,567,Tanzania,Regular Season - 27,False,2026-06-17,12194,6432,Mbeya City,Simba,0.0,1.0,0.0,1.0,,,,,,,,,Desconocido
1477249.0,Ligi kuu Bara,567,Tanzania,Regular Season - 27,False,2026-06-17,24353,14345,Singida Black Stars,Dodoma Jiji,5.0,0.0,3.0,0.0,,,,,,,,,Desconocido
1512961.0,MLS Next Pro,909,USA,Group Stage,False,2026-06-17,18815,23063,New York City II,Carolina Core,3.0,2.0,1.0,0.0,,,,,,,,,Desconocido
1513163.0,MLS Next Pro,909,USA,Group Stage,False,2026-06-17,4020,18813,Tacoma Defiance,Houston Dynamo FC II,2.0,1.0,0.0,1.0,,,,,,,,,Desconocido
1513162.0,MLS Next Pro,909,USA,Group Stage,False,2026-06-17,4028,18816,Vancouver Whitecaps II,The Town,3.0,2.0,1.0,1.0,,,,,,,,,Desconocido
1493543.0,USL Championship,255,USA,Group Stage,False,2026-06-17,4022,18375,FC Tulsa,Monterey Bay,2.0,0.0,1.0,0.0,,,,,,,,,R. Albuquerque
1493545.0,USL Championship,255,USA,Group Stage,False,2026-06-17,10874,3989,Oakland Roots,Birmingham Legion,1.0,1.0,0.0,1.0,,,,,,,,,T. Wiseman
1493866.0,USL League One,489,USA,Group Stage,False,2026-06-17,9025,16679,Forward Madison,Fort Wayne,1.0,1.0,1.0,0.0,,,,,,,,,Desconocido
1524958.0,USL League Two,256,USA,Group Stage,False,2026-06-17,23107,4093,AMSG,Ventura County Fusion,0.0,5.0,0.0,0.0,,,,,,,,,Desconocido
1524959.0,USL League Two,256,USA,Group Stage,False,2026-06-17,23971,27516,Annapolis Blues,Hill City,5.0,2.0,3.0,2.0,,,,,,,,,Desconocido
1524977.0,USL League Two,256,USA,Group Stage,False,2026-06-17,23216,10103,Apotheos,Southern Soccer Academy,0.0,3.0,0.0,0.0,,,,,,,,,Desconocido
1524957.0,USL League Two,256,USA,Group Stage,False,2026-06-17,18884,4031,Blackwatch Rush,AC Connecticut,1.0,0.0,0.0,0.0,,,,,,,,,Desconocido
1524953.0,USL League Two,256,USA,Group Stage,False,2026-06-17,23112,23119,Brooke House,Inter Gainesville,4.0,1.0,3.0,1.0,,,,,,,,,Desconocido
1524982.0,USL League Two,256,USA,Group Stage,False,2026-06-17,20963,25937,Capo,City SC,2.0,5.0,,,,,,,,,,,Desconocido
1524951.0,USL League Two,256,USA,Group Stage,False,2026-06-17,4039,4076,Charlotte Eagles,SC United Bantams,1.0,2.0,1.0,1.0,,,,,,,,,Desconocido
1524960.0,USL League Two,256,USA,Group Stage,False,2026-06-17,10096,4066,Charlotte Independence 2,North Carolina Fusion,3.0,1.0,2.0,0.0,,,,,,,,,Desconocido
1524948.0,USL League Two,256,USA,Group Stage,False,2026-06-17,9041,4049,Christos,Evergreen,1.0,5.0,1.0,3.0,,,,,,,,,Desconocido
1524978.0,USL League Two,256,USA,Group Stage,False,2026-06-17,23979,23111,Columbus United,Birmingham Legion II,3.0,3.0,0.0,3.0,,,,,,,,,Desconocido
1524961.0,USL League Two,256,USA,Group Stage,False,2026-06-17,27514,4100,Connecticut Rush,Western Mass Pioneers,0.0,1.0,0.0,1.0,,,,,,,,,Desconocido
1524962.0,USL League Two,256,USA,Group Stage,False,2026-06-17,18893,18899,Davis Legacy,Marin,3.0,1.0,1.0,0.0,,,,,,,,,Desconocido
1524949.0,USL League Two,256,USA,Group Stage,False,2026-06-17,10097,25944,East Atlanta,Montgomery United,1.0,2.0,0.0,1.0,,,,,,,,,Desconocido
1524979.0,USL League Two,256,USA,Group Stage,False,2026-06-17,9047,25943,Fort Worth Vaqueros,McKinney Chupacabras,1.0,7.0,0.0,4.0,,,,,,,,,Desconocido
1524963.0,USL League Two,256,USA,Group Stage,False,2026-06-17,27517,25946,Jackson Boom,Red River,0.0,3.0,0.0,3.0,,,,,,,,,Desconocido
1524983.0,USL League Two,256,USA,Group Stage,False,2026-06-17,9028,4036,Laredo Heat,Brazos Valley,3.0,0.0,3.0,0.0,,,,,,,,,Desconocido
1524965.0,USL League Two,256,USA,Group Stage,False,2026-06-17,4061,18907,Lionsbridge,Patuxent,6.0,0.0,3.0,0.0,,,,,,,,,Desconocido
1524954.0,USL League Two,256,USA,Group Stage,False,2026-06-17,10098,4045,Louisville City II,Dayton Dutch Lions,1.0,0.0,0.0,0.0,,,,,,,,,Desconocido
1525408.0,USL League Two,256,USA,Group Stage,False,2026-06-17,4001,9029,Memphis 901,Little Rock Rangers,0.0,1.0,0.0,0.0,,,,,,,,,Desconocido
1524955.0,USL League Two,256,USA,Group Stage,False,2026-06-17,18900,27518,Miami AC,Lakeland United,2.0,5.0,1.0,2.0,,,,,,,,,Desconocido
1524967.0,USL League Two,256,USA,Group Stage,False,2026-06-17,27521,27519,Pittsburgh Riverhounds 2,Lorain County Leviathan,3.0,2.0,1.0,0.0,,,,,,,,,Desconocido
1524956.0,USL League Two,256,USA,Group Stage,False,2026-06-17,26805,23993,Port City,Hickory,1.0,2.0,0.0,1.0,,,,,,,,,Desconocido
1524952.0,USL League Two,256,USA,Group Stage,False,2026-06-17,21288,21286,Rochester,RKC,2.0,1.0,1.0,0.0,,,,,,,,,Desconocido
1524968.0,USL League Two,256,USA,Group Stage,False,2026-06-17,27526,23123,Rockford Raptors,Sueno,1.0,0.0,1.0,0.0,,,,,,,,,Desconocido
1524950.0,USL League Two,256,USA,Group Stage,False,2026-06-17,4077,10145,SF Glens,Academica,1.0,0.0,0.0,0.0,,,,,,,,,Desconocido
1524969.0,USL League Two,256,USA,Group Stage,False,2026-06-17,4083,21287,Seahorses,Redlands,2.0,3.0,2.0,2.0,,,,,,,,,Desconocido
1524970.0,USL League Two,256,USA,Group Stage,False,2026-06-17,27523,18903,Sporting Jax 2,Nona,0.0,3.0,0.0,0.0,,,,,,,,,Desconocido
1524980.0,USL League Two,256,USA,Group Stage,False,2026-06-17,25949,10101,Springfield,Peoria,0.0,5.0,0.0,1.0,,,,,,,,,Desconocido
1524971.0,USL League Two,256,USA,Group Stage,False,2026-06-17,25950,4047,St. Louis Ambush,Des Moines Menace,0.0,1.0,0.0,0.0,,,,,,,,,Desconocido
1524972.0,USL League Two,256,USA,Group Stage,False,2026-06-17,4089,20961,Tobacco Road,Appalachian,1.0,1.0,0.0,1.0,,,,,,,,,Desconocido
1524973.0,USL League Two,256,USA,Group Stage,False,2026-06-17,16690,25941,Toledo Villa,Kings Hammer Columbus,1.0,2.0,1.0,2.0,,,,,,,,,Desconocido
1524974.0,USL League Two,256,USA,Group Stage,False,2026-06-17,13192,27513,Virginia Beach City,Bethesda SC,2.0,3.0,0.0,1.0,,,,,,,,,Desconocido
1524441.0,USL League Two,256,USA,Group Stage,False,2026-06-17,21293,23114,Virginia Marauders,Charlottesville Blues,0.0,4.0,0.0,0.0,,,,,,,,,Desconocido
1524975.0,USL League Two,256,USA,Group Stage,False,2026-06-17,4097,4067,Wake,North Carolina II,1.0,2.0,0.0,0.0,,,,,,,,,Desconocido
1524981.0,USL League Two,256,USA,Group Stage,False,2026-06-17,4099,21283,Westchester Flames,Ironbound,3.0,3.0,2.0,3.0,,,,,,,,,Desconocido
1524976.0,USL League Two,256,USA,Group Stage,False,2026-06-17,4101,4051,Weston,FC Miami City,3.0,1.0,1.0,0.0,,,,,,,,,Desconocido
1532221.0,USL W League,1117,USA,Regular Season - 1,False,2026-06-17,25934,25929,AMSG W,Sta Clarita Blue Heat W,0.0,5.0,,,,,,,,,,,Desconocido
1532226.0,USL W League,1117,USA,Regular Season - 1,False,2026-06-17,23897,23959,Charlotte Eagles II W,SC United Bantams W,2.0,1.0,,,,,,,,,,,Desconocido
1532451.0,USL W League,1117,USA,Regular Season - 1,False,2026-06-17,23936,27614,Charlottesville Blues W,Virginia Development Academy W,1.0,2.0,,,,,,,,,,,Desconocido
1532222.0,USL W League,1117,USA,Regular Season - 1,False,2026-06-17,23937,25848,Chattanooga Red Wolves W,Knoxville W,0.0,3.0,,,,,,,,,,,Desconocido
1532216.0,USL W League,1117,USA,Regular Season - 1,False,2026-06-17,23941,25843,Cleveland Force W,Erie Sports Center W,2.0,0.0,,,,,,,,,,,Desconocido
1532223.0,USL W League,1117,USA,Regular Season - 1,False,2026-06-17,23899,24134,Eagle FC W,Lancaster Inferno W,3.0,2.0,,,,,,,,,,,Desconocido
1532229.0,USL W League,1117,USA,Regular Season - 1,False,2026-06-17,23908,23914,Marin FC Siren W,Oakland Soul W,0.0,6.0,,,,,,,,,,,Desconocido
1532215.0,USL W League,1117,USA,Regular Season - 1,False,2026-06-17,23951,25845,Miami AC W,Fort Lauderdale Utd II W,0.0,2.0,,,,,,,,,,,Desconocido
1532228.0,USL W League,1117,USA,Regular Season - 1,False,2026-06-17,23910,23854,Minnesota Aurora W,Sioux Falls City W,2.0,0.0,,,,,,,,,,,Desconocido
1532225.0,USL W League,1117,USA,Regular Season - 1,False,2026-06-17,23953,23916,Morris Elite W,Paisley Athletic W,2.0,2.0,,,,,,,,,,,Desconocido
1532220.0,USL W League,1117,USA,Regular Season - 1,False,2026-06-17,23954,23911,North Carolina Fusion W,NC Courage II W,0.0,3.0,,,,,,,,,,,Desconocido
1532219.0,USL W League,1117,USA,Regular Season - 1,False,2026-06-17,16488,23880,Racing Louisville W,Dayton Dutch Lions W,2.0,1.0,,,,,,,,,,,Desconocido
1532452.0,USL W League,1117,USA,Regular Season - 1,False,2026-06-17,27617,23942,Real Colorado W,Colorado ISA W,4.0,3.0,,,,,,,,,,,Desconocido
1532227.0,USL W League,1117,USA,Regular Season - 1,False,2026-06-17,23957,23919,River Light W,RKC Third Coast W,4.0,1.0,,,,,,,,,,,Desconocido
1532224.0,USL W League,1117,USA,Regular Season - 1,False,2026-06-17,23922,23931,SSA Royals W,Asheville City W,1.0,5.0,,,,,,,,,,,Desconocido
1532230.0,USL W League,1117,USA,Regular Season - 1,False,2026-06-17,25853,25856,Salmon Bay W,West Seattle Rhodies W,2.0,1.0,,,,,,,,,,,Desconocido
1532231.0,USL W League,1117,USA,Regular Season - 1,False,2026-06-17,23857,25935,SoCal Dutch Lions W,Capo W,0.0,5.0,,,,,,,,,,,Desconocido
1532217.0,USL W League,1117,USA,Regular Season - 1,False,2026-06-17,25855,25850,Sporting JAX W,Miami City W,0.0,0.0,,,,,,,,,,,Desconocido
1532450.0,USL W League,1117,USA,Regular Season - 1,False,2026-06-17,23967,23829,Wake W,Port City NC W,1.0,4.0,,,,,,,,,,,Desconocido
1550470.0,Friendlies Clubs,667,World,Club Friendlies,True,2026-06-17,1077,6834,Arsenal Tula,Volga Ulyanovsk,1.0,2.0,0.0,2.0,,,,,,,,,Desconocido
1554462.0,Friendlies Clubs,667,World,Club Friendlies,True,2026-06-17,2170,766,Gais,Halmstad,1.0,1.0,0.0,0.0,,,,,,,,,Desconocido
1554465.0,Friendlies Clubs,667,World,Club Friendly,True,2026-06-17,1158,2554,LDU de Quito,FBC Melgar,0.0,0.0,0.0,0.0,,,,,,,,,Desconocido
1547850.0,Friendlies Clubs,667,World,Club Friendlies,True,2026-06-17,24549,734,Marke,Kortrijk,1.0,4.0,1.0,2.0,,,,,,,,,Desconocido
1554463.0,Friendlies Clubs,667,World,Club Friendlies,True,2026-06-17,387,1089,Neman,Enisey,0.0,2.0,0.0,1.0,,,,,,,,,Desconocido
1554464.0,Friendlies Clubs,667,World,Club Friendlies,True,2026-06-17,3339,3745,Vllaznia Shkodër,Dečić,1.0,1.0,1.0,0.0,,,,,,,,,Desconocido
1489382.0,World Cup,1,World,Group Stage - 1,False,2026-06-17,775,1548,Austria,Jordan,3.0,1.0,1.0,0.0,,,,,,,,,"Dahane Beida, Mauritania"
1489384.0,World Cup,1,World,Group Stage - 1,False,2026-06-17,10,3,England,Croatia,4.0,2.0,2.0,2.0,,,,,,,,,"Clement Turpin, France"
1489385.0,World Cup,1,World,Group Stage - 1,False,2026-06-17,1504,11,Ghana,Panama,1.0,0.0,0.0,0.0,,,,,,,,,"Glenn Nyberg, Sweden"
1539003.0,World Cup,1,World,Group Stage - 1,False,2026-06-17,27,1508,Portugal,Congo DR,1.0,1.0,1.0,1.0,,,,,,,,,"Abdulrahman Al-Jassim, Qatar"
1489386.0,World Cup,1,World,Group Stage - 1,False,2026-06-17,1568,8,Uzbekistan,Colombia,1.0,3.0,0.0,1.0,,,,,,,,,"Anthony Taylor, England"
1547745.0,Division di Honor,421,Aruba,Final Group - 3,False,2026-06-16,8239,8234,La Fama,Britannia,2.0,2.0,1.0,1.0,,,,,,,,,Desconocido
1524044.0,Queensland NPL,482,Australia,Regular Season - 13,False,2026-06-16,11182,22916,Rochedale Rovers,Moreton City Excelsior,2.0,5.0,0.0,2.0,,,,,,,,,Desconocido
1524029.0,Queensland NPL,482,Australia,Regular Season - 11,False,2026-06-16,11184,2531,WDSC Wolves,Eastern Suburbs,1.0,2.0,1.0,0.0,,,,,,,,,Desconocido
1524151.0,Queensland Premier League,833,Australia,Regular Season - 13,False,2026-06-16,10222,10223,Redlands United,SC Wanderers,2.0,4.0,2.0,2.0,,,,,,,,,Desconocido
1543580.0,Premier League,1031,Bhutan,Regular Season,False,2026-06-16,19007,5591,Ugyen Academy,Thimphu,2.0,4.0,1.0,2.0,,,,,,,,,Desconocido
1543903.0,Brasileiro U17,1128,Brazil,Regular Season - 4,False,2026-06-16,24472,24486,Bahia U17,Santos U17,0.0,1.0,0.0,0.0,,,,,,,,,Desconocido
1543904.0,Brasileiro U17,1128,Brazil,Regular Season - 4,False,2026-06-16,24473,24484,Botafogo U17,Palmeiras U17,2.0,6.0,1.0,1.0,,,,,,,,,Desconocido
1543906.0,Brasileiro U17,1128,Brazil,Regular Season - 4,False,2026-06-16,24476,24475,Cruzeiro U17,Corinthians U17,3.0,2.0,2.0,0.0,,,,,,,,,Desconocido
1543907.0,Brasileiro U17,1128,Brazil,Regular Season - 4,False,2026-06-16,24478,24471,Flamengo RJ U17,Atlético Mineiro U17,1.0,3.0,0.0,3.0,,,,,,,,,Desconocido
1543908.0,Brasileiro U17,1128,Brazil,Regular Season - 4,False,2026-06-16,24480,25797,Fortaleza U17,Juventude U17,3.0,1.0,1.0,1.0,,,,,,,,,Desconocido
1526173.0,Brasileiro U20 A,740,Brazil,Regular Season - 16,False,2026-06-16,12981,13055,América Mineiro U20,Santos U20,1.0,3.0,0.0,3.0,,,,,,,,,Desconocido
1526174.0,Brasileiro U20 A,740,Brazil,Regular Season - 16,False,2026-06-16,12984,13000,Athletico PR U20,Cruzeiro U20,3.0,0.0,0.0,0.0,,,,,,,,,Desconocido
1526178.0,Brasileiro U20 A,740,Brazil,Regular Season - 16,False,2026-06-16,12999,12968,Criciuma U20,Palmeiras U20,0.0,6.0,0.0,2.0,,,,,,,,,Desconocido
1553802.0,Brasileiro U20 B,1183,Brazil,Quarter-finals,True,2026-06-16,12986,12961,Atlético GO U20,Goiás U20,0.0,1.0,0.0,0.0,,,,,,,,,Desconocido
1539861.0,Catarinense U20,1076,Brazil,Regular Season - 16,False,2026-06-16,18329,23322,Concórdia U20,Brusque U20,2.0,1.0,1.0,1.0,,,,,,,,,Desconocido
1520725.0,Serie B,72,Brazil,Regular Season - 13,False,2026-06-16,154,125,Fortaleza EC,America Mineiro,0.0,3.0,0.0,2.0,,,,,,,,,A. Gomes Stefano
1547544.0,Elite Two,813,Cameroon,Relegation Group - 5,False,2026-06-16,22588,10153,Bafmeng United,Tonnerre,0.0,0.0,0.0,0.0,,,,,,,,,Desconocido
1547543.0,Elite Two,813,Cameroon,Relegation Group - 5,False,2026-06-16,16525,5413,FAP,Union Douala,0.0,0.0,0.0,0.0,,,,,,,,,Desconocido
1547545.0,Elite Two,813,Cameroon,Relegation Group - 5,False,2026-06-16,27458,16527,Sable,Foncha ST,2.0,1.0,2.0,1.0,,,,,,,,,Desconocido
1547546.0,Elite Two,813,Cameroon,Relegation Group - 5,False,2026-06-16,5558,5557,Yafoot,Bamboutos,0.0,2.0,0.0,1.0,,,,,,,,,Desconocido
1551260.0,Cup,657,Estonia,Round of 128,True,2026-06-16,14303,27845,Kose,Kummik,8.0,0.0,2.0,0.0,,,,,,,,,Desconocido
1513570.0,Meistriliiga,329,Estonia,Regular Season - 16,False,2026-06-16,3526,2274,Kuressaare,Trans Narva,0.0,0.0,0.0,0.0,,,,,,,,,K. Kaivoja
1513569.0,Meistriliiga,329,Estonia,Regular Season - 16,False,2026-06-16,3525,687,Vaprus,Flora Tallinn,1.0,2.0,1.0,1.0,,,,,,,,,J. Jaanovits
1541093.0,Premier League,363,Ethiopia,Regular Season - 35,False,2026-06-16,4112,4124,Bahardar,Welayta Dicha,0.0,2.0,0.0,1.0,,,,,,,,,Desconocido
1541092.0,Premier League,363,Ethiopia,Regular Season - 35,False,2026-06-16,4127,4121,Mebrat Hayl,Mekelle Kenema,0.0,0.0,0.0,0.0,,,,,,,,,Desconocido
1541094.0,Premier League,363,Ethiopia,Regular Season - 35,False,2026-06-16,26880,4125,Sheger Ketema,Welwalo Adigrat Uni,0.0,0.0,0.0,0.0,,,,,,,,,Desconocido
1531385.0,GFA League,845,Gambia,Regular Season - 29,False,2026-06-16,20811,22706,Greater Tomorrow,BST Galaxy,0.0,1.0,0.0,0.0,,,,,,,,,Desconocido
1531389.0,GFA League,845,Gambia,Regular Season - 29,False,2026-06-16,18108,27265,Steve Biko,Falcons,1.0,1.0,1.0,0.0,,,,,,,,,Desconocido
1531390.0,GFA League,845,Gambia,Regular Season - 29,False,2026-06-16,22708,8087,TMT,Hawks,1.0,1.0,1.0,0.0,,,,,,,,,Desconocido
1509143.0,Erovnuli Liga,327,Georgia,Regular Season - 18,False,2026-06-16,3499,14864,Dila,Spaeri,3.0,1.0,1.0,1.0,,,,,,,,,I. Shengelia
1508778.0,Úrvalsdeild,164,Iceland,Regular Season - 10,False,2026-06-16,827,274,IA Akranes,Valur Reykjavik,1.0,0.0,1.0,0.0,,,,,,,,,G. F. Robertsson
1508781.0,Úrvalsdeild,164,Iceland,Regular Season - 10,False,2026-06-16,275,276,Stjarnan,Breidablik,4.0,4.0,2.0,3.0,,,,,,,,,I. O. Kristjansson
1508783.0,Úrvalsdeild,164,Iceland,Regular Season - 10,False,2026-06-16,278,271,Vikingur Reykjavik,KR Reykjavik,2.0,0.0,1.0,0.0,,,,,,,,,J. I. Jonsson
1548219.0,Azadegan League,291,Iran,Regular Season - 29,False,2026-06-16,20801,24800,Ario Eslamshahr,Naft Bandar Abbas,1.0,0.0,0.0,0.0,,,,,,,,,Desconocido
1548217.0,Azadegan League,291,Iran,Regular Season - 29,False,2026-06-16,18302,2726,Shahrdari Noshahr,Navad Urmia,0.0,0.0,0.0,0.0,,,,,,,,,Desconocido
1548225.0,Azadegan League,291,Iran,Regular Season - 29,False,2026-06-16,22890,7500,Shenavarsazi Qeshm,Damash Gilanian,1.0,0.0,0.0,0.0,,,,,,,,,Desconocido
1553781.0,Premier League,330,Kuwait,Championship Playoffs - 1,True,2026-06-16,3535,3533,Al Kuwait,Al Fahaheel,4.0,0.0,1.0,0.0,,,,,,,,,Desconocido
1553783.0,Premier League,330,Kuwait,Championship Playoffs - 1,True,2026-06-16,3537,3538,Al Qadsia,Al Salmiyah,3.0,2.0,3.0,1.0,,,,,,,,,Desconocido
1553782.0,Premier League,330,Kuwait,Championship Playoffs - 1,True,2026-06-16,3540,3532,Kazma,Al Arabi,0.0,2.0,0.0,0.0,,,,,,,,,Desconocido
1515859.0,Virsliga,365,Latvia,Regular Season - 18,False,2026-06-16,4149,4143,BFC Daugavpils,Super Nova,0.0,0.0,0.0,0.0,,,,,,,,,S. Vasjkovs
1515860.0,Virsliga,365,Latvia,Regular Season - 18,False,2026-06-16,4138,661,Grobiņa,FK Liepaja,1.0,0.0,1.0,0.0,,,,,,,,,A. Treimanis
1508054.0,Premier League,390,Lebanon,Regular Season - 18,False,2026-06-16,4567,11879,Al Ahed,Al Hikma,1.0,0.0,0.0,0.0,,,,,,,,,Desconocido
1546569.0,Premier League,390,Lebanon,Regular Season - 18,False,2026-06-16,26399,4570,Jwaaya FC,Al Nejmeh,2.0,1.0,0.0,0.0,,,,,,,,,Desconocido
1508055.0,Premier League,390,Lebanon,Regular Season - 18,False,2026-06-16,4576,4572,Shabab Al Sahel,Racing,2.0,0.0,1.0,0.0,,,,,,,,,Desconocido
1508056.0,Premier League,390,Lebanon,Regular Season - 18,False,2026-06-16,4577,11880,Tadamon Sour,Al Mabarrah,1.0,1.0,0.0,0.0,,,,,,,,,Desconocido
1547577.0,A Lyga,362,Lithuania,Regular Season - 20,False,2026-06-16,586,3874,FK Zalgiris Vilnius,Panevėžys,3.0,0.0,2.0,0.0,,,,,,,,,O. Abramavicius
1547576.0,A Lyga,362,Lithuania,Regular Season - 20,False,2026-06-16,612,3870,Suduva Marijampole,Šiauliai,2.0,1.0,1.0,1.0,,,,,,,,,R. Smitas
1497608.0,Superettan,114,Sweden,Regular Season - 12,False,2026-06-16,2163,811,IFK Varnamo,Helsingborg,0.0,1.0,0.0,1.0,,,,,,,,,O. Johnson
1497602.0,Superettan,114,Sweden,Regular Season - 12,False,2026-06-16,2176,16601,Landskrona BoIS,United Nordic,2.0,0.0,2.0,0.0,,,,,,,,,R. Hasani
1477245.0,Ligi kuu Bara,567,Tanzania,Regular Season - 27,False,2026-06-16,8057,22176,Azam,Mashujaa,2.0,0.0,2.0,0.0,,,,,,,,,Desconocido
1477248.0,Ligi kuu Bara,567,Tanzania,Regular Season - 27,False,2026-06-16,12197,22175,Namungo,Tabora United,0.0,0.0,0.0,0.0,,,,,,,,,Desconocido
1524941.0,USL League Two,256,USA,Group Stage,False,2026-06-16,4035,9071,Boston Bolts,Boston City,4.0,2.0,2.0,1.0,,,,,,,,,Desconocido
1524940.0,USL League Two,256,USA,Group Stage,False,2026-06-16,18890,25955,Cleveland Force,Erie Sports Center,4.0,3.0,2.0,2.0,,,,,,,,,Desconocido
1525407.0,USL League Two,256,USA,Group Stage,False,2026-06-16,25938,23825,Delaware FC,PA Classics,0.0,2.0,0.0,1.0,,,,,,,,,Desconocido
1525406.0,USL League Two,256,USA,Group Stage,False,2026-06-16,27756,4060,Eagle FC,Lehigh Valley United,1.0,3.0,0.0,2.0,,,,,,,,,Desconocido
1524946.0,USL League Two,256,USA,Group Stage,False,2026-06-16,18894,18897,FC Motown II,Hudson Valley Hammers,3.0,1.0,1.0,0.0,,,,,,,,,Desconocido
1524942.0,USL League Two,256,USA,Group Stage,False,2026-06-16,18896,25940,Houston Sur,GFI,3.0,8.0,2.0,3.0,,,,,,,,,Desconocido
1524945.0,USL League Two,256,USA,Group Stage,False,2026-06-16,4063,4062,Manhattan,Long Island Rough Riders,0.0,4.0,0.0,2.0,,,,,,,,,Desconocido
1524939.0,USL League Two,256,USA,Group Stage,False,2026-06-16,9086,23122,New Jersey Copa,Staten Island Athletic,2.0,1.0,1.0,1.0,,,,,,,,,Desconocido
1524943.0,USL League Two,256,USA,Group Stage,False,2026-06-16,4075,16686,Reading United,Real Central New Jersey,2.0,2.0,2.0,2.0,,,,,,,,,Desconocido
1524854.0,USL League Two,256,USA,Group Stage,False,2026-06-16,23121,27515,River Light,Edgewater Castle,7.0,1.0,2.0,1.0,,,,,,,,,Desconocido
1524944.0,USL League Two,256,USA,Group Stage,False,2026-06-16,18912,4082,Vermont Green,Seacoast United Phantoms,2.0,2.0,2.0,0.0,,,,,,,,,Desconocido
1524947.0,USL League Two,256,USA,Group Stage,False,2026-06-16,9037,16728,West Chester United,Lone Star II,3.0,1.0,1.0,1.0,,,,,,,,,Desconocido
1532396.0,USL W League,1117,USA,Regular Season - 1,False,2026-06-16,25857,27610,AHFC Royals W,Hill Country Linces W,3.0,0.0,,,,,,,,,,,Desconocido
1532209.0,USL W League,1117,USA,Regular Season - 1,False,2026-06-16,23930,23943,Ann Arbor W,Detroit City W,2.0,6.0,,,,,,,,,,,Desconocido
1532208.0,USL W League,1117,USA,Regular Season - 1,False,2026-06-16,23892,23925,Brevard Riptide W,TLH Reckoning W,2.0,2.0,,,,,,,,,,,Desconocido
1532213.0,USL W League,1117,USA,Regular Season - 1,False,2026-06-16,23893,25854,California Storm II W,San Juan SC W,3.0,2.0,,,,,,,,,,,Desconocido
1532210.0,USL W League,1117,USA,Regular Season - 1,False,2026-06-16,23895,23950,Cedar Stars W,Manhattan W,6.0,1.0,,,,,,,,,,,Desconocido
1532449.0,USL W League,1117,USA,Regular Season - 1,False,2026-06-16,27743,27616,Edgewater Castle W,Rally Madison FC W,0.0,3.0,,,,,,,,,,,Desconocido
1532353.0,USL W League,1117,USA,Regular Season - 1,False,2026-06-16,25846,27744,Hudson Valley Crusaders W,Vermont Green W,1.0,1.0,,,,,,,,,,,Desconocido
1532212.0,USL W League,1117,USA,Regular Season - 1,False,2026-06-16,25849,23907,Lonestar San Antonio W,Lonestar II W,2.0,3.0,,,,,,,,,,,Desconocido
1532211.0,USL W League,1117,USA,Regular Season - 1,False,2026-06-16,23952,23946,Midwest United W,Kalamazoo FC W,1.0,1.0,,,,,,,,,,,Desconocido
1532207.0,USL W League,1117,USA,Regular Season - 1,False,2026-06-16,25851,25865,Norfolk W,Virginia Beach United W,0.0,2.0,,,,,,,,,,,Desconocido
1532214.0,USL W League,1117,USA,Regular Season - 1,False,2026-06-16,23913,23956,Northern Virginia FC W,Patuxent W,2.0,0.0,,,,,,,,,,,Desconocido
1532354.0,USL W League,1117,USA,Regular Season - 1,False,2026-06-16,27749,23958,Rockford Raptors W,Rochester W,4.0,1.0,,,,,,,,,,,Desconocido
1532355.0,USL W League,1117,USA,Regular Season - 1,False,2026-06-16,27752,23926,Snohomish United W,Tacoma Galaxy W,4.0,0.0,,,,,,,,,,,Desconocido
1554461.0,Friendlies Clubs,667,World,Club Friendly,True,2026-06-16,2011,1078,Nizhny Novgorod,FC UFA,2.0,2.0,2.0,1.0,,,,,,,,,Desconocido
1489381.0,World Cup,1,World,Group Stage - 1,False,2026-06-16,26,1532,Argentina,Algeria,3.0,0.0,1.0,0.0,,,,,,,,,"Szymon Marciniak, Poland"
1489383.0,World Cup,1,World,Group Stage - 1,False,2026-06-16,2,13,France,Senegal,3.0,1.0,0.0,0.0,,,,,,,,,"Alireza Faghani, Australia"
1539016.0,World Cup,1,World,Group Stage - 1,False,2026-06-16,1567,1090,Iraq,Norway,1.0,4.0,1.0,2.0,,,,,,,,,"Pierre Ghislain Atcho, Gabon"
1499945.0,Primera C,132,Argentina,Regular Season - 16,False,2026-06-15,8392,8382,Defensores de Cambaceres,Berazategui,0.0,1.0,0.0,0.0,,,,,,,,,Desconocido
1500177.0,Primera C,132,Argentina,Regular Season - 16,False,2026-06-15,8374,27282,Fénix,Leones de Rosario,0.0,1.0,0.0,1.0,,,,,,,,,Desconocido
1499952.0,Primera C,132,Argentina,Regular Season - 16,False,2026-06-15,1942,8389,Sacachispas,Argentino Rosario,1.0,0.0,0.0,0.0,,,,,,,,,Desconocido
1499953.0,Primera C,132,Argentina,Regular Season - 16,False,2026-06-15,1931,1955,Sportivo Barracas,General Lamadrid,2.0,0.0,1.0,0.0,,,,,,,,,Desconocido
1512471.0,Reserve League,906,Argentina,Apertura - 18,True,2026-06-15,27412,22937,Atl. Rafaela 2,Deportivo Riestra Res.,0.0,0.0,0.0,0.0,,,,,,,,,Desconocido
1530398.0,Torneo Federal A,134,Argentina,Regular Season - 13,False,2026-06-15,1966,2426,Sportivo Belgrano,Defensores de Belgrano VR,1.0,0.0,0.0,0.0,,,,,,,,,Desconocido
1547744.0,Division di Honor,421,Aruba,Final Group - 3,False,2026-06-15,8237,26895,Dakota,Sporting,1.0,1.0,1.0,0.0,,,,,,,,,Desconocido
1543579.0,Premier League,1031,Bhutan,Regular Season,False,2026-06-15,5433,9426,Bhutan U19,Paro,1.0,5.0,0.0,1.0,,,,,,,,,Desconocido
1520723.0,Serie B,72,Brazil,Regular Season - 13,False,2026-06-15,140,129,Criciuma,Ceara,1.0,1.0,1.0,0.0,,,,,,,,,J. Vitor Gobi
1520727.0,Serie B,72,Brazil,Regular Season - 13,False,2026-06-15,148,145,Londrina,Avai,3.0,2.0,1.0,1.0,,,,,,,,,S. Sampaio
1526847.0,Serie C,75,Brazil,Regular Season - 10,False,2026-06-15,7826,18271,Ferroviária,Barra,1.0,0.0,0.0,0.0,,,,,,,,,B. Monteiro
1526851.0,Serie C,75,Brazil,Regular Season - 10,False,2026-06-15,7833,7832,Maringá,Maranhão,0.0,0.0,0.0,0.0,,,,,,,,,J. Nascimento
1526854.0,Serie C,75,Brazil,Regular Season - 10,False,2026-06-15,1221,1197,Ypiranga-RS,Botafogo PB,1.0,1.0,1.0,0.0,,,,,,,,,J. Pfleger
1547561.0,Elite Two,813,Cameroon,Championship Group - 3,False,2026-06-15,5399,25429,Avion Academy,Atlantic,1.0,2.0,0.0,1.0,,,,,,,,,Desconocido
1547562.0,Elite Two,813,Cameroon,Championship Group - 3,False,2026-06-15,27457,5407,Kumba,Les Astres,2.0,5.0,1.0,2.0,,,,,,,,,Desconocido
1547563.0,Elite Two,813,Cameroon,Championship Group - 3,False,2026-06-15,25430,5398,Union Abong-Mbang,APEJES Academy,2.0,1.0,1.0,0.0,,,,,,,,,Desconocido
1519573.0,Esiliiga A,328,Estonia,Regular Season - 15,False,2026-06-15,13826,25755,Nõmme Kalju II,Nõmme United II,4.0,1.0,2.0,1.0,,,,,,,,,Desconocido
1521623.0,Esiliiga B,1126,Estonia,Regular Season - 15,False,2026-06-15,25403,7906,Parnu JK Vaprus U21,Levadia U19,4.0,2.0,0.0,1.0,,,,,,,,,Desconocido
1541090.0,Premier League,363,Ethiopia,Regular Season - 35,False,2026-06-15,4110,4130,Adama Kenema,Ethiopia Nigd Bank,2.0,1.0,1.0,0.0,,,,,,,,,Desconocido
1541089.0,Premier League,363,Ethiopia,Regular Season - 35,False,2026-06-15,4126,9986,Arba Minch Kenema,Suhul Shire,2.0,0.0,1.0,0.0,,,,,,,,,Desconocido
1541091.0,Premier League,363,Ethiopia,Regular Season - 35,False,2026-06-15,9983,4117,Hadiya Hosaena,Fasil Ketema,0.0,1.0,0.0,1.0,,,,,,,,,Desconocido
1541088.0,Premier League,363,Ethiopia,Regular Season - 35,False,2026-06-15,26881,4111,Negelle Arsi,Awassa Kenema,2.0,1.0,1.0,0.0,,,,,,,,,Desconocido
1504246.0,Ykkösliiga,1087,Finland,Group Stage,False,2026-06-15,9198,2080,SJK Akatemia,Haka,0.0,2.0,0.0,1.0,,,,,,,,,A. Sugulle
1507378.0,Liga 3,1104,Georgia,Regular Season - 14,False,2026-06-15,13865,13851,Dinamo Tbilisi II,Gardabani,4.0,1.0,2.0,0.0,,,,,,,,,Desconocido
1507381.0,Liga 3,1104,Georgia,Regular Season - 14,False,2026-06-15,14863,13853,FC Iberia 1999 II,Kolkheti Khobi,3.0,0.0,1.0,0.0,,,,,,,,,Desconocido
1507379.0,Liga 3,1104,Georgia,Regular Season - 14,False,2026-06-15,18973,16511,Gonio,Margveti 2006,4.0,0.0,2.0,0.0,,,,,,,,,Desconocido
1507380.0,Liga 3,1104,Georgia,Regular Season - 14,False,2026-06-15,3506,27370,Guria,Iveria Khashuri,5.0,2.0,1.0,1.0,,,,,,,,,Desconocido
1507383.0,Liga 3,1104,Georgia,Regular Season - 14,False,2026-06-15,16507,14857,Irao,Didube 2014,1.0,3.0,0.0,1.0,,,,,,,,,Desconocido
1507382.0,Liga 3,1104,Georgia,Regular Season - 14,False,2026-06-15,3500,16505,Lokomotivi Tbilisi,Iberia 2010,1.0,0.0,1.0,0.0,,,,,,,,,Desconocido
1507384.0,Liga 3,1104,Georgia,Regular Season - 14,False,2026-06-15,14866,13860,Varketili,Betlemi,7.0,1.0,2.0,0.0,,,,,,,,,Desconocido
1543401.0,2. Deild,166,Iceland,Regular Season - 8,False,2026-06-15,273,4170,Fjolnir,Kári,2.0,2.0,0.0,0.0,,,,,,,,,Desconocido
1543402.0,2. Deild,166,Iceland,Regular Season - 8,False,2026-06-15,2115,4171,Selfoss,Thróttur Vogar,3.0,1.0,1.0,0.0,,,,,,,,,Desconocido
1508782.0,Úrvalsdeild,164,Iceland,Regular Season - 10,False,2026-06-15,272,2117,KA Akureyri,Fram Reykjavik,3.0,4.0,2.0,3.0,,,,,,,,,E. I. Arnason
1548220.0,Azadegan League,291,Iran,Regular Season - 29,False,2026-06-15,25364,2743,Fard Alborz,Sanat Naft,1.0,2.0,0.0,0.0,,,,,,,,,Desconocido
1548221.0,Azadegan League,291,Iran,Regular Season - 29,False,2026-06-15,15541,2718,Havadar,Mes Kerman,1.0,1.0,1.0,0.0,,,,,,,,,Desconocido
1548222.0,Azadegan League,291,Iran,Regular Season - 29,False,2026-06-15,10388,20802,Mes Shahr-e Babak,Be'sat Kermanshah,0.0,0.0,0.0,0.0,,,,,,,,,Desconocido
1548218.0,Azadegan League,291,Iran,Regular Season - 29,False,2026-06-15,22236,2719,Mes Soongoun,Nassaji Mazandaran,1.0,1.0,0.0,1.0,,,,,,,,,Desconocido
1548223.0,Azadegan League,291,Iran,Regular Season - 29,False,2026-06-15,10399,7502,Naft Gachsaran,Niroye Zamini,0.0,3.0,0.0,2.0,,,,,,,,,Desconocido
1548224.0,Azadegan League,291,Iran,Regular Season - 29,False,2026-06-15,2702,2736,Pars Jonoubi JAM,Saipa,0.0,0.0,0.0,0.0,,,,,,,,,Desconocido
1496628.0,3. Division - Girone 2,775,Norway,Regular Season - 10,False,2026-06-15,16224,25498,Ranheim II,Kvik Trondheim,1.0,1.0,0.0,0.0,,,,,,,,,Desconocido
1496806.0,3. Division - Girone 3,776,Norway,Regular Season - 10,False,2026-06-15,22871,16220,Åsane II,Stord,1.0,2.0,1.0,0.0,,,,,,,,,Desconocido
1496991.0,3. Division - Girone 4,777,Norway,Regular Season - 10,False,2026-06-15,12860,9975,Staal Jørpeland,Odd II,5.0,2.0,3.0,1.0,,,,,,,,,Desconocido
1496992.0,3. Division - Girone 4,777,Norway,Regular Season - 10,False,2026-06-15,25500,16231,Våg,Stabæk II,3.0,2.0,2.0,1.0,,,,,,,,,Desconocido
1497173.0,3. Division - Girone 5,778,Norway,Regular Season - 10,False,2026-06-15,16206,7025,Kongsvinger II,Skjetten,3.0,5.0,3.0,3.0,,,,,,,,,Desconocido
1497354.0,3. Division - Girone 6,779,Norway,Regular Season - 10,False,2026-06-15,6986,25499,Fram,Lyn II,0.0,1.0,0.0,0.0,,,,,,,,,Desconocido
1553047.0,Copa De La Liga,1232,Peru,Group Stage - 1,False,2026-06-15,10014,2539,Deportivo Llacuabamba,UTC Cajamarca,2.0,2.0,0.0,0.0,,,,,,,,,Desconocido
1553048.0,Copa De La Liga,1232,Peru,Group Stage - 1,False,2026-06-15,20324,2552,Estudiantil CNI,Union Comercio,1.0,3.0,0.0,1.0,,,,,,,,,Desconocido
1510606.0,Division 2 - Norra Götaland,592,Sweden,Norra Götaland - 12,True,2026-06-15,6713,18422,Vänersborgs IF,Herrestads,2.0,2.0,1.0,1.0,,,,,,,,,Desconocido
1515756.0,Division 2 - Norrland,594,Sweden,Norrland - 12,True,2026-06-15,12593,12587,Umeå FC Akademi,IFK Umeå,3.0,3.0,0.0,2.0,,,,,,,,,Desconocido
1511149.0,Division 2 - Södra Svealand,595,Sweden,Södra Svealand - 12,True,2026-06-15,6691,12650,Nyköping,Smedby,0.0,1.0,0.0,0.0,,,,,,,,,Desconocido
1497607.0,Superettan,114,Sweden,Regular Season - 12,False,2026-06-15,373,2174,GIF Sundsvall,Osters IF,0.0,4.0,0.0,4.0,,,,,,,,,"Jasmin Svraka, Sweden"
1497605.0,Superettan,114,Sweden,Regular Season - 12,False,2026-06-15,378,2171,IFK Norrkoping,Varbergs BoIS FC,2.0,0.0,1.0,0.0,,,,,,,,,"Max Persson, Sweden"
1477243.0,Ligi kuu Bara,567,Tanzania,Regular Season - 27,False,2026-06-15,8061,12189,KMC,Coastal Union,1.0,3.0,1.0,2.0,,,,,,,,,Desconocido
1524549.0,USL League Two,256,USA,Group Stage,False,2026-06-15,9041,23971,Christos,Annapolis Blues,1.0,0.0,1.0,0.0,,,,,,,,,Desconocido
1525405.0,USL League Two,256,USA,Group Stage,False,2026-06-15,13200,3961,Real Colorado Foxes,Unión Villa Krause,2.0,1.0,0.0,0.0,,,,,,,,,Desconocido
1532205.0,USL W League,1117,USA,Regular Season - 1,False,2026-06-15,23933,23937,Birmingham Legion W,Chattanooga Red Wolves W,4.0,0.0,,,,,,,,,,,Desconocido
1532206.0,USL W League,1117,USA,Regular Season - 1,False,2026-06-15,23901,23898,Flatirons II W,Colorado Storm W,1.0,8.0,,,,,,,,,,,Desconocido
1532448.0,USL W League,1117,USA,Regular Season - 1,False,2026-06-15,27748,27613,Hartford Athletic W,New England Mutiny W,2.0,1.0,,,,,,,,,,,Desconocido
1489377.0,World Cup,1,World,Group Stage - 1,False,2026-06-15,1,32,Belgium,Egypt,1.0,1.0,0.0,1.0,,,,,,,,,"Ramon Abatti Abel, Brazil"
1489378.0,World Cup,1,World,Group Stage - 1,False,2026-06-15,22,4673,Iran,New Zealand,2.0,2.0,1.0,1.0,,,,,,,,,"César Ramos Palazuelos, Mexico"
1489379.0,World Cup,1,World,Group Stage - 1,False,2026-06-15,23,7,Saudi Arabia,Uruguay,1.0,1.0,1.0,0.0,,,,,,,,,"Maurizio Mariani, Italy"
1489380.0,World Cup,1,World,Group Stage - 1,False,2026-06-15,9,1533,Spain,Cape Verde Islands,0.0,0.0,0.0,0.0,,,,,,,,,"Adham Mohammad, Jordan"
1499463.0,Primera B Metropolitana,131,Argentina,Regular Season - 20,False,2026-06-14,8376,2427,Argentino Quilmes,Deportivo Armenio,1.0,1.0,1.0,0.0,,,,,,,,,Desconocido
1499466.0,Primera B Metropolitana,131,Argentina,Regular Season - 20,False,2026-06-14,8383,2430,Deportivo Merlo,Argentino de Merlo,2.0,2.0,0.0,2.0,,,,,,,,,Desconocido
1499470.0,Primera B Metropolitana,131,Argentina,Regular Season - 20,False,2026-06-14,8395,2422,Liniers,Real Pilar,0.0,1.0,0.0,1.0,,,,,,,,,Desconocido
1499941.0,Primera C,132,Argentina,Regular Season - 16,False,2026-06-14,1967,1947,Central Ballester,Canuelas,0.0,1.0,0.0,1.0,,,,,,,,,Desconocido
1499943.0,Primera C,132,Argentina,Regular Season - 16,False,2026-06-14,8391,8393,Claypole,Deportivo Muñiz,2.0,1.0,0.0,1.0,,,,,,,,,Desconocido
1499948.0,Primera C,132,Argentina,Regular Season - 16,False,2026-06-14,486,23099,Juventud Unida,Estrella Del Sur,2.0,0.0,1.0,0.0,,,,,,,,,Desconocido
1499950.0,Primera C,132,Argentina,Regular Season - 16,False,2026-06-14,8396,18915,Lugano,Mercedes,1.0,0.0,1.0,0.0,,,,,,,,,Desconocido
1499944.0,Primera C,132,Argentina,Regular Season - 16,False,2026-06-14,1958,8398,Lujan,Yupanqui,2.0,0.0,1.0,0.0,,,,,,,,,Desconocido
1499951.0,Primera C,132,Argentina,Regular Season - 16,False,2026-06-14,8397,8390,Puerto Nuevo,Centro Español,0.0,2.0,0.0,0.0,,,,,,,,,Desconocido
1498596.0,Primera Nacional,129,Argentina,Regular Season - 18,False,2026-06-14,8375,439,Almirante Brown,Godoy Cruz,1.0,0.0,0.0,0.0,,,,,,,,,Desconocido
1498598.0,Primera Nacional,129,Argentina,Regular Season - 18,False,2026-06-14,466,483,Atletico Mitre,Los Andes,0.0,3.0,0.0,2.0,,,,,,,,,Desconocido
1498597.0,Primera Nacional,129,Argentina,Regular Season - 18,False,2026-06-14,1936,464,CA Estudiantes,All Boys,2.0,1.0,1.0,0.0,,,,,,,,,Desconocido
1498599.0,Primera Nacional,129,Argentina,Regular Season - 18,False,2026-06-14,1951,1932,Central Norte,San Telmo,0.0,0.0,0.0,0.0,,,,,,,,,Desconocido
1498603.0,Primera Nacional,129,Argentina,Regular Season - 18,False,2026-06-14,1929,8379,Deportivo Madryn,San Miguel,2.0,2.0,1.0,0.0,,,,,,,,,Desconocido
1498604.0,Primera Nacional,129,Argentina,Regular Season - 18,False,2026-06-14,1954,1965,Deportivo Maipu,Tristan Suarez,0.0,1.0,0.0,0.0,,,,,,,,,Desconocido
1498605.0,Primera Nacional,129,Argentina,Regular Season - 18,False,2026-06-14,470,2425,Ferro Carril Oeste,Acassuso,2.0,1.0,0.0,0.0,,,,,,,,,Desconocido
1498609.0,Primera Nacional,129,Argentina,Regular Season - 18,False,2026-06-14,444,465,Patronato,Atletico DE Rafaela,0.0,0.0,0.0,0.0,,,,,,,,,Desconocido
1498611.0,Primera Nacional,129,Argentina,Regular Season - 18,False,2026-06-14,1957,1946,Racing Cordoba,Chaco For Ever,2.0,0.0,1.0,0.0,,,,,,,,,Desconocido
1498612.0,Primera Nacional,129,Argentina,Regular Season - 18,False,2026-06-14,454,3969,Temperley,Club Atlético Güemes,4.0,1.0,2.0,1.0,,,,,,,,,Desconocido
1530385.0,Torneo Federal A,134,Argentina,Regular Season - 13,False,2026-06-14,467,1935,Boca Unidos,San Martin Formosa,3.0,1.0,1.0,0.0,,,,,,,,,Desconocido
1530386.0,Torneo Federal A,134,Argentina,Regular Season - 13,False,2026-06-14,8399,475,Circulo Deportivo,Santamarina,0.0,0.0,0.0,0.0,,,,,,,,,Desconocido
1530387.0,Torneo Federal A,134,Argentina,Regular Season - 13,False,2026-06-14,25757,1949,Costa Brava,Cipolletti,1.0,0.0,0.0,0.0,,,,,,,,,Desconocido
1530388.0,Torneo Federal A,134,Argentina,Regular Season - 13,False,2026-06-14,1959,3947,Deportivo Rincon,Juventud Unida Univ.,2.0,1.0,0.0,0.0,,,,,,,,,Desconocido
1530389.0,Torneo Federal A,134,Argentina,Regular Season - 13,False,2026-06-14,21041,789,El Linqueño,Douglas Haig,2.0,0.0,1.0,0.0,,,,,,,,,Desconocido
1530390.0,Torneo Federal A,134,Argentina,Regular Season - 13,False,2026-06-14,27574,18764,Fundacion Amigos,Argentino Monte Maíz,2.0,2.0,1.0,1.0,,,,,,,,,Desconocido
1530391.0,Torneo Federal A,134,Argentina,Regular Season - 13,False,2026-06-14,2428,21043,Huracan Las Heras,Atenas,1.0,0.0,1.0,0.0,,,,,,,,,Desconocido
1530392.0,Torneo Federal A,134,Argentina,Regular Season - 13,False,2026-06-14,1960,3945,Independiente De Chivilcoy,Gimnasia Concepción,0.0,0.0,0.0,0.0,,,,,,,,,Desconocido
1530394.0,Torneo Federal A,134,Argentina,Regular Season - 13,False,2026-06-14,3975,1962,Kimberley Mar del Plata,Alvarado,2.0,2.0,1.0,1.0,,,,,,,,,Desconocido
1530395.0,Torneo Federal A,134,Argentina,Regular Season - 13,False,2026-06-14,1953,27572,Sarmiento Resistencia,Defensores de Vilelas,2.0,0.0,0.0,0.0,,,,,,,,,Desconocido
1530396.0,Torneo Federal A,134,Argentina,Regular Season - 13,False,2026-06-14,3982,25756,Sol de América,Bartolomé Mitre,0.0,0.0,0.0,0.0,,,,,,,,,Desconocido
1530397.0,Torneo Federal A,134,Argentina,Regular Season - 13,False,2026-06-14,1941,443,Sol de Mayo,Olimpo Bahia Blanca,1.0,1.0,0.0,1.0,,,,,,,,,Desconocido
1530400.0,Torneo Federal A,134,Argentina,Regular Season - 13,False,2026-06-14,1938,3972,Villa Mitre,Germinal de Rawson,0.0,0.0,0.0,0.0,,,,,,,,,Desconocido
1549933.0,Torneo Promocional Amateur,1067,Argentina,Regular Season - 4,False,2026-06-14,23095,27785,Barrancas UMET,Alumni Los Hornos,2.0,1.0,1.0,0.0,,,,,,,,,Desconocido
1537477.0,Capital Territory NPL,189,Australia,Regular Season - 13,False,2026-06-14,23517,1452,Canberra Juventus,Cooma Tigers FC,1.0,5.0,0.0,2.0,,,,,,,,,Desconocido
1517567.0,New South Wales NPL,192,Australia,Regular Season - 19,False,2026-06-14,3770,16777,Rockdale City Suns,SD Raiders,0.0,1.0,0.0,0.0,,,,,,,,,Desconocido
1517893.0,New South Wales NPL 2,835,Australia,Regular Season - 19,False,2026-06-14,27463,20793,Prospect United,Dulwich Hill,0.0,0.0,0.0,0.0,,,,,,,,,Desconocido
1549299.0,Npl Nsw U20,1230,Australia,Regular Season - 19,False,2026-06-14,27806,27807,Rockdale Ilinden U20,SD Raiders U20,2.0,2.0,1.0,1.0,,,,,,,,,Desconocido
1529252.0,Tasmania NPL,648,Australia,Regular Season - 11,False,2026-06-14,23514,14103,Ulverstone,Launceston City,1.0,3.0,0.0,0.0,,,,,,,,,Desconocido
1465749.0,Landesliga - Wien,232,Austria,Wien - 29,True,2026-06-14,24459,11201,First Vienna II,Red Star Penzing,1.0,0.0,,,,,,,,,,,Desconocido
1465754.0,Landesliga - Wien,232,Austria,Wien - 29,True,2026-06-14,8368,5008,Gerasdorf Stammersdorf,Wienerberg,1.0,4.0,,,,,,,,,,,Desconocido
1465750.0,Landesliga - Wien,232,Austria,Wien - 29,True,2026-06-14,11223,26575,Hellas Kagran,FAC Wien,2.0,1.0,,,,,,,,,,,Desconocido
1465753.0,Landesliga - Wien,232,Austria,Wien - 29,True,2026-06-14,8248,24460,Schwechat,LAC-Inter,0.0,3.0,,,,,,,,,,,Desconocido
1465751.0,Landesliga - Wien,232,Austria,Wien - 29,True,2026-06-14,11229,4971,Simmeringer SC,Austria XIII,2.0,4.0,,,,,,,,,,,Desconocido
1465747.0,Landesliga - Wien,232,Austria,Wien - 29,True,2026-06-14,8371,8373,Slovan HAC,Vorwärts Brigittenau,4.0,1.0,,,,,,,,,,,Desconocido
1465748.0,Landesliga - Wien,232,Austria,Wien - 29,True,2026-06-14,4984,17304,Stadlau,Dinamo Helfort,3.0,5.0,,,,,,,,,,,Desconocido
1534330.0,1. Division,117,Belarus,Regular Season - 11,False,2026-06-14,23272,11266,BATE II,Dinamo Minsk II,3.0,2.0,1.0,2.0,,,,,,,,,Desconocido
1534331.0,1. Division,117,Belarus,Regular Season - 11,False,2026-06-14,23433,16656,Gomel II,Niva,1.0,2.0,0.0,0.0,,,,,,,,,Desconocido
1534335.0,1. Division,117,Belarus,Regular Season - 11,False,2026-06-14,3393,11249,Smorgon,Minsk II,1.0,0.0,1.0,0.0,,,,,,,,,Desconocido
1525890.0,Premier League,116,Belarus,Regular Season - 11,False,2026-06-14,384,9419,FC Dnepr Mogilev,Arsenal,0.0,1.0,0.0,1.0,,,,,,,,,A. Yasel
1525894.0,Premier League,116,Belarus,Regular Season - 11,False,2026-06-14,385,751,Torpedo Zhodino,Slavia Mozyr,1.0,1.0,0.0,0.0,,,,,,,,,S. Gorayutin
1543578.0,Premier League,1031,Bhutan,Regular Season,False,2026-06-14,5593,5592,Transport United,Thimphu City,0.0,3.0,0.0,1.0,,,,,,,,,Desconocido
1543648.0,Baiano - 2,613,Brazil,Regular Season - 7,False,2026-06-14,16672,27727,Grapiuna Itabuna,Feira FC,0.0,7.0,0.0,1.0,,,,,,,,,Desconocido
1543646.0,Baiano - 2,613,Brazil,Regular Season - 7,False,2026-06-14,1225,27728,Vitoria Da Conquista,Redenção FC,0.0,1.0,0.0,1.0,,,,,,,,,Desconocido
1549403.0,Baiano U20,1073,Brazil,Round of 16,True,2026-06-14,22835,23281,Conquista U20,Jacobina U20,1.0,0.0,,,,,,,,,,,Desconocido
1576763.0,Brasiliense U20,1100,Brazil,Regular Season - 5,False,2026-06-14,27754,13000,Brasília U20,Cruzeiro U20,2.0,2.0,1.0,2.0,,,,,,,,,Desconocido
1546248.0,Brasiliense U20,1100,Brazil,Regular Season - 5,False,2026-06-14,23610,23609,CFZ Brasilia U20,Brasiliense U20,0.0,4.0,0.0,2.0,,,,,,,,,Desconocido
1576764.0,Brasiliense U20,1100,Brazil,Regular Season - 5,False,2026-06-14,12991,23611,Canaã U20,Ceilandense U20,2.0,0.0,1.0,0.0,,,,,,,,,Desconocido
1576762.0,Brasiliense U20,1100,Brazil,Regular Season - 5,False,2026-06-14,23615,23612,Paranoa U20,Grêmio Valparaíso U20,1.0,3.0,0.0,0.0,,,,,,,,,Desconocido
1543281.0,Carioca A2,851,Brazil,1st Phase - 8,True,2026-06-14,13107,17738,Audax Rio,Pérolas Negras,0.0,1.0,0.0,1.0,,,,,,,,,Desconocido
1543283.0,Carioca A2,851,Brazil,1st Phase - 8,True,2026-06-14,20006,13118,CEAC / Araruama,São Gonçalo EC RJ,1.0,1.0,1.0,0.0,,,,,,,,,Desconocido
1543280.0,Carioca A2,851,Brazil,1st Phase - 8,True,2026-06-14,10672,2203,Cabofriense,Americano Campos,1.0,2.0,0.0,1.0,,,,,,,,,Desconocido
1543278.0,Carioca A2,851,Brazil,1st Phase - 8,True,2026-06-14,13117,14000,Serrano RJ,CFRJ / Maricá,1.0,1.0,0.0,1.0,,,,,,,,,Desconocido
1541982.0,Catarinense - 2,936,Brazil,Regular Season - 10,False,2026-06-14,21209,25116,Caravaggio,Fluminense-SC,1.0,0.0,0.0,0.0,,,,,,,,,Desconocido
1542026.0,Catarinense - 2,936,Brazil,Regular Season - 10,False,2026-06-14,25117,7828,Jaraguá,Hercílio Luz,0.0,2.0,0.0,0.0,,,,,,,,,Desconocido
1541983.0,Catarinense - 2,936,Brazil,Regular Season - 10,False,2026-06-14,7860,12283,Metropolitano,Guarani de Palhoça,3.0,1.0,2.0,1.0,,,,,,,,,Desconocido
1539830.0,Catarinense U20,1076,Brazil,Regular Season - 10,False,2026-06-14,12995,23322,Chapecoense U20,Brusque U20,4.0,1.0,2.0,1.0,,,,,,,,,Desconocido
1548057.0,Cearense - 2,620,Brazil,Final,True,2026-06-14,7874,15506,Icasa,Itapipoca,1.0,1.0,1.0,1.0,,,,,,,,,Desconocido
1550644.0,Copa Espírito Santo,1097,Brazil,Semi-finals,True,2026-06-14,12929,20717,Rio Branco-VN,Porto Vitória,1.0,0.0,0.0,0.0,,,,,,,,,Desconocido
1544587.0,Copa Gaúcha,1158,Brazil,Group Stage - 5,False,2026-06-14,10044,10049,Bagé,Guarany de Bagé,1.0,2.0,0.0,0.0,,,,,,,,,Desconocido
1544584.0,Copa Gaúcha,1158,Brazil,Group Stage - 5,False,2026-06-14,10045,16479,Brasil Farroupilha,Santa Cruz RS,1.0,1.0,0.0,0.0,,,,,,,,,Desconocido
1550836.0,Estadual Junior U20,1143,Brazil,Semi-finals,True,2026-06-14,13011,12962,Grêmio U20,Internacional U20,0.0,1.0,0.0,0.0,,,,,,,,,Desconocido
1544786.0,Maranhense - 2,1148,Brazil,Regular Season - 3,False,2026-06-14,26642,25519,Lago Verde,Viana,7.0,1.0,3.0,0.0,,,,,,,,,Desconocido
1544783.0,Maranhense - 2,1148,Brazil,Regular Season - 2,False,2026-06-14,25129,12919,Tupan,São José MA,2.0,3.0,1.0,1.0,,,,,,,,,Desconocido
1547677.0,Mineiro - 2,619,Brazil,Regular Season - 3,False,2026-06-14,153,18795,BOA,Uberaba,2.0,0.0,2.0,0.0,,,,,,,,,Desconocido
1547673.0,Mineiro - 2,619,Brazil,Regular Season - 3,False,2026-06-14,7824,7769,CAP,Caldense,1.0,1.0,0.0,0.0,,,,,,,,,Desconocido
1551275.0,Paraibano U20,1120,Brazil,Quarter-finals,True,2026-06-14,12997,22844,Confiança PB U20,Queimadense U20,2.0,2.0,,,,,,,,,,,Desconocido
1551276.0,Paraibano U20,1120,Brazil,Quarter-finals,True,2026-06-14,24037,24040,Cruzeiro Itaporanga U20,Grêmio Serrano U20,3.0,0.0,,,,,,,,,,,Desconocido
1547266.0,Paulista - U20,1086,Brazil,Regular Season - 3,False,2026-06-14,23483,22848,Porto Football U20,Sfera U20,0.0,1.0,0.0,1.0,,,,,,,,,Desconocido
1541214.0,Paulista Série B,1098,Brazil,Regular Season - 9,False,2026-06-14,23571,23577,Barcelona EC,Manthiqueira,1.0,5.0,1.0,1.0,,,,,,,,,Desconocido
1541277.0,Paulista Série B,1098,Brazil,Regular Season - 9,False,2026-06-14,27685,18303,Grêmio Catanduvense,Matonense,0.0,13.0,0.0,8.0,,,,,,,,,Desconocido
1541278.0,Paulista Série B,1098,Brazil,Regular Season - 9,False,2026-06-14,27686,23578,Itaquá Athletico Clube,Maua,5.0,1.0,4.0,1.0,,,,,,,,,Desconocido
1541279.0,Paulista Série B,1098,Brazil,Regular Season - 9,False,2026-06-14,27687,25770,José Bonifácio,Assisense,1.0,0.0,1.0,0.0,,,,,,,,,Desconocido
1541276.0,Paulista Série B,1098,Brazil,Regular Season - 9,False,2026-06-14,27688,23582,Riopretano,Tupa,0.0,1.0,0.0,0.0,,,,,,,,,Desconocido
1541280.0,Paulista Série B,1098,Brazil,Regular Season - 9,False,2026-06-14,27690,1217,Sporting Paulinense,Gremio Osasco Audax,1.0,0.0,1.0,0.0,,,,,,,,,Desconocido
1520720.0,Serie B,72,Brazil,Regular Season - 13,False,2026-06-14,13975,151,Athletic Club,Goias,1.0,1.0,0.0,1.0,,,,,,,,,A. Furtado
1520722.0,Serie B,72,Brazil,Regular Season - 13,False,2026-06-14,2618,1223,Botafogo SP,Operario-PR,2.0,1.0,0.0,1.0,,,,,,,,,J. Ferreira
1520724.0,Serie B,72,Brazil,Regular Season - 13,False,2026-06-14,1193,142,Cuiaba,Vila Nova,1.0,0.0,0.0,0.0,,,,,,,,,D. Serafim
1520726.0,Serie B,72,Brazil,Regular Season - 13,False,2026-06-14,152,139,Juventude,Ponte Preta,3.0,0.0,2.0,0.0,,,,,,,,,K. Goncalves
1520728.0,Serie B,72,Brazil,Regular Season - 13,False,2026-06-14,7834,755,Novorizontino,Nautico Recife,2.0,2.0,0.0,1.0,,,,,,,,,G. Bauermann
1520729.0,Serie B,72,Brazil,Regular Season - 13,False,2026-06-14,7865,123,São Bernardo,Sport Recife,0.0,0.0,0.0,0.0,,,,,,,,,A. Policarpo Bento
1526850.0,Serie C,75,Brazil,Regular Season - 10,False,2026-06-14,2204,7779,AO Itabaiana,Ituano,2.0,2.0,2.0,0.0,,,,,,,,,W. Silva Dos Santos
1526846.0,Serie C,75,Brazil,Regular Season - 10,False,2026-06-14,1211,753,Brusque,Santa Cruz,0.0,1.0,0.0,0.0,,,,,,,,,D. Freitas da Silva
1526848.0,Serie C,75,Brazil,Regular Season - 10,False,2026-06-14,7774,137,Floresta,Figueirense,1.0,2.0,1.0,0.0,,,,,,,,,P. Alves
1526852.0,Serie C,75,Brazil,Regular Season - 10,False,2026-06-14,149,1201,Paysandu,Inter De Limeira,1.0,2.0,0.0,0.0,,,,,,,,,M. Pereira
1526853.0,Serie C,75,Brazil,Regular Season - 10,False,2026-06-14,7814,7772,Volta Redonda,Confiança,1.0,0.0,1.0,0.0,,,,,,,,,Desconocido
1538030.0,Serie D,76,Brazil,Regular Season - 10,False,2026-06-14,754,20781,ABC,Maguary PE,1.0,0.0,0.0,0.0,,,,,,,,,Desconocido
1538034.0,Serie D,76,Brazil,Regular Season - 10,False,2026-06-14,12290,1228,Araguaína,Galvez,9.0,0.0,6.0,0.0,,,,,,,,,Desconocido
1537942.0,Serie D,76,Brazil,Regular Season - 8,False,2026-06-14,9997,150,Atlético Alagoinhas,CSA,1.0,7.0,0.0,2.0,,,,,,,,,Desconocido
1538040.0,Serie D,76,Brazil,Regular Season - 10,False,2026-06-14,10671,10687,CRAC,Ivinhema,1.0,1.0,0.0,1.0,,,,,,,,,Desconocido
1538041.0,Serie D,76,Brazil,Regular Season - 10,False,2026-06-14,9127,1224,CSE,Juazeirense,0.0,1.0,0.0,0.0,,,,,,,,,Desconocido
1538039.0,Serie D,76,Brazil,Regular Season - 10,False,2026-06-14,2210,25123,Central SC,Laguna,2.0,1.0,2.0,0.0,,,,,,,,,Desconocido
1538044.0,Serie D,76,Brazil,Regular Season - 10,False,2026-06-14,12916,2214,GAS,Manaus FC,3.0,1.0,3.0,1.0,,,,,,,,,Desconocido
1538048.0,Serie D,76,Brazil,Regular Season - 10,False,2026-06-14,10853,12944,Independência,Guaporé,2.0,2.0,1.0,2.0,,,,,,,,,Desconocido
1538036.0,Serie D,76,Brazil,Regular Season - 10,False,2026-06-14,12277,2217,Ipatinga,Operario Ferroviario,2.0,1.0,0.0,0.0,,,,,,,,,Desconocido
1538049.0,Serie D,76,Brazil,Regular Season - 10,False,2026-06-14,7831,1207,Jacuipense,ASA,1.0,1.0,0.0,1.0,,,,,,,,,Desconocido
1538050.0,Serie D,76,Brazil,Regular Season - 10,False,2026-06-14,10002,13097,Lagarto,Decisão,1.0,0.0,1.0,0.0,,,,,,,,,Desconocido
1538053.0,Serie D,76,Brazil,Regular Season - 10,False,2026-06-14,18308,1218,Manauara,Sao Raimundo,1.0,0.0,1.0,0.0,,,,,,,,,Desconocido
1538056.0,Serie D,76,Brazil,Regular Season - 10,False,2026-06-14,7781,23158,Nacional AM,Monte Roraima,3.0,1.0,3.0,0.0,,,,,,,,,Desconocido
1538061.0,Serie D,76,Brazil,Regular Season - 10,False,2026-06-14,12946,10478,Porto Velho,Humaitá,13.0,0.0,7.0,0.0,,,,,,,,,Desconocido
1538064.0,Serie D,76,Brazil,Regular Season - 10,False,2026-06-14,10679,13080,Real Noroeste,Democrata GV,0.0,0.0,0.0,0.0,,,,,,,,,Desconocido
1538065.0,Serie D,76,Brazil,Regular Season - 10,False,2026-06-14,13098,7787,Retrô,Treze,3.0,0.0,1.0,0.0,,,,,,,,,Desconocido
1538066.0,Serie D,76,Brazil,Regular Season - 10,False,2026-06-14,10690,23591,Rio Branco ES,Porto BA,4.0,0.0,2.0,0.0,,,,,,,,,Desconocido
1538071.0,Serie D,76,Brazil,Regular Season - 10,False,2026-06-14,2224,20710,Sergipe,Serra Branca,1.0,1.0,0.0,0.0,,,,,,,,,Desconocido
1538072.0,Serie D,76,Brazil,Regular Season - 10,False,2026-06-14,7864,2233,Sousa,America-RN,0.0,2.0,0.0,2.0,,,,,,,,,Desconocido
1538074.0,Serie D,76,Brazil,Regular Season - 10,False,2026-06-14,2227,7837,Tombense,Vitória ES,0.0,0.0,0.0,0.0,,,,,,,,,Desconocido
1538076.0,Serie D,76,Brazil,Regular Season - 10,False,2026-06-14,1196,23306,Uberlandia,ABECAT Ouvidorense,0.0,1.0,0.0,0.0,,,,,,,,,Desconocido
1512937.0,Elite One,411,Cameroon,Regular Season - 24,False,2026-06-14,5556,20799,Aigle Royal,Aigle Royal de Moungo,0.0,1.0,0.0,1.0,,,,,,,,,Desconocido
1512939.0,Elite One,411,Cameroon,Regular Season - 24,False,2026-06-14,5401,5560,Cotonsport,Canon,2.0,2.0,1.0,1.0,,,,,,,,,Desconocido
1512940.0,Elite One,411,Cameroon,Regular Season - 24,False,2026-06-14,16524,5564,Dynamo de Douala,Panthère,1.0,0.0,1.0,0.0,,,,,,,,,Desconocido
1512941.0,Elite One,411,Cameroon,Regular Season - 24,False,2026-06-14,5405,20800,Fortuna Mfou,Victoria United,2.0,1.0,0.0,1.0,,,,,,,,,Desconocido
1512942.0,Elite One,411,Cameroon,Regular Season - 24,False,2026-06-14,15566,5414,Gazelle,Unisport Bafang,2.0,0.0,0.0,0.0,,,,,,,,,Desconocido
1512938.0,Elite One,411,Cameroon,Regular Season - 24,False,2026-06-14,5409,5400,PWD Bamenda,Colombe,1.0,2.0,1.0,1.0,,,,,,,,,Desconocido
1512943.0,Elite One,411,Cameroon,Regular Season - 24,False,2026-06-14,5410,16526,Stade Renard,Jeunes Fauves,3.0,2.0,0.0,0.0,,,,,,,,,Desconocido
1517300.0,Canadian Premier League,479,Canada,Group Stage,False,2026-06-14,20881,2622,Vancouver FC,Pacific FC,2.0,1.0,0.0,1.0,,,,,,,,,Desconocido
1534052.0,Northern Super League,1182,Canada,Regular season,False,2026-06-14,25901,25900,Vancouver Rise W,Ottawa Rapid W,1.0,3.0,1.0,1.0,,,,,,,,,Desconocido
1505462.0,Primera División,265,Chile,Regular Season - 15,False,2026-06-14,5635,16730,Concepción,Deportes Limache,3.0,2.0,1.0,0.0,,,,,,,,,F. Vejar
1505465.0,Primera División,265,Chile,Regular Season - 15,False,2026-06-14,2994,2324,U. Catolica,Universidad de Concepcion,5.0,1.0,2.0,1.0,,,,,,,,,H. Jona
1505466.0,Primera División,265,Chile,Regular Season - 15,False,2026-06-14,2326,2323,Union La Calera,Universidad de Chile,2.0,2.0,1.0,2.0,,,,,,,,,F. Jimenez Lazo
1531882.0,Segunda División,711,Chile,Regular Season - 2,False,2026-06-14,15717,27606,Linares Unido,Lota Schwager,0.0,1.0,0.0,1.0,,,,,,,,,Desconocido
1528628.0,League One,170,China,Regular Season - 11,False,2026-06-14,17263,23286,Dongguan United,Shaanxi Union,0.0,5.0,0.0,2.0,,,,,,,,,J. Zi
1528624.0,League One,170,China,Regular Season - 11,False,2026-06-14,17264,5688,Hebei Kungfu,Suzhou Dongwu,1.0,1.0,1.0,0.0,,,,,,,,,N. Jiang
1528629.0,League One,170,China,Regular Season - 11,False,2026-06-14,2626,17271,Nantong Zhiyun,Yanbian Longding,2.0,0.0,1.0,0.0,,,,,,,,,X. Zhang
1528626.0,League One,170,China,Regular Season - 11,False,2026-06-14,23265,23268,Shenzhen Juniors,Guangxi Hengchen,1.0,1.0,0.0,0.0,,,,,,,,,M. Wang
1528627.0,League One,170,China,Regular Season - 11,False,2026-06-14,17269,1439,Wuxi Wugou,Meizhou Kejia,1.0,1.0,1.0,1.0,,,,,,,,,Ji Chenguang
1532757.0,League Two,929,China,Regular Season - 11,False,2026-06-14,25775,25774,Guizhou Zhucheng,Guangzhou Dandelion,2.0,0.0,1.0,0.0,,,,,,,,,Liu Xiao
1532758.0,League Two,929,China,Regular Season - 11,False,2026-06-14,5660,25779,Hubei Chufeng Heli,Shenzhen 2028,1.0,2.0,1.0,1.0,,,,,,,,,Changzhi Liu
1532755.0,League Two,929,China,Regular Season - 11,False,2026-06-14,5679,23289,Qingdao Red Lions,Shanghai Port II,2.0,1.0,1.0,0.0,,,,,,,,,X. Xie
1532756.0,League Two,929,China,Regular Season - 11,False,2026-06-14,19320,25840,Shangyu Pterosaur,Wuhan Three Towns II,1.0,0.0,1.0,0.0,,,,,,,,,Z. Xianda
1546781.0,Ligue 1,424,Congo-DR,Championship Group - 12,False,2026-06-14,20468,8064,Céleste,Maniema Union,1.0,3.0,0.0,2.0,,,,,,,,,Desconocido
1546779.0,Ligue 1,424,Congo-DR,Championship Group - 12,False,2026-06-14,15286,8572,JSK,Simba,1.0,0.0,0.0,0.0,,,,,,,,,Desconocido
1546782.0,Ligue 1,424,Congo-DR,Championship Group - 12,False,2026-06-14,6435,8578,TP Mazembe,Saint Eloi Lupopo,0.0,0.0,0.0,0.0,,,,,,,,,Desconocido
1546780.0,Ligue 1,424,Congo-DR,Championship Group - 12,False,2026-06-14,6437,8571,Vita Club,Don Bosco,1.0,1.0,1.0,0.0,,,,,,,,,Desconocido
1487838.0,4. liga - Divizie F,686,Czech-Republic,Division F - 30,True,2026-06-14,7289,21619,Frýdlant,Petřvald na Moravě,2.0,2.0,1.0,0.0,,,,,,,,,Desconocido
1519576.0,Esiliiga A,328,Estonia,Regular Season - 15,False,2026-06-14,3517,14340,FCI Levadia II,Viimsi,2.0,0.0,1.0,0.0,,,,,,,,,Desconocido
1519575.0,Esiliiga A,328,Estonia,Regular Season - 15,False,2026-06-14,3518,3529,Flora II,Tallinna Kalev,3.0,1.0,0.0,0.0,,,,,,,,,Desconocido
1521622.0,Esiliiga B,1126,Estonia,Regular Season - 15,False,2026-06-14,24237,10168,Johvi Phoenix,Luunja,2.0,4.0,1.0,1.0,,,,,,,,,Desconocido
1513567.0,Meistriliiga,329,Estonia,Regular Season - 15,False,2026-06-14,662,3528,Kalju Nomme,Paide,1.0,1.0,1.0,0.0,,,,,,,,,M. Pukk
1550042.0,Premier League,847,Eswatini,Relegation - 3,True,2026-06-14,27821,20371,Magwanyana,Madlenya,2.0,1.0,1.0,1.0,,,,,,,,,Desconocido
1550043.0,Premier League,847,Eswatini,Relegation - 3,True,2026-06-14,27822,26847,Viva Stumbo,Amawele,1.0,2.0,,,,,,,,,,,Desconocido
1541085.0,Premier League,363,Ethiopia,Regular Season - 35,False,2026-06-14,4116,4123,Ethiopia Bunna,Sidama Bunna,1.0,2.0,1.0,1.0,,,,,,,,,Desconocido
1541087.0,Premier League,363,Ethiopia,Regular Season - 35,False,2026-06-14,20030,4115,Ethiopian Medhin,Dire Dawa Kenema,1.0,0.0,1.0,0.0,,,,,,,,,Desconocido
1541086.0,Premier League,363,Ethiopia,Regular Season - 35,False,2026-06-14,4119,4120,Kedus Giorgis,Mekelakeya,3.0,0.0,1.0,0.0,,,,,,,,,Desconocido
1506485.0,Meistaradeildin,367,Faroe-Islands,Regular Season - 13,False,2026-06-14,4184,4133,AB,HB Torshavn,3.0,1.0,1.0,0.0,,,,,,,,,L. Zachariassen
1506487.0,Meistaradeildin,367,Faroe-Islands,Regular Season - 13,False,2026-06-14,4177,4186,EB / Streymur,B68,2.0,0.0,0.0,0.0,,,,,,,,,J. H. Ellefsen
1506486.0,Meistaradeildin,367,Faroe-Islands,Regular Season - 13,False,2026-06-14,4191,701,Skála,KI Klaksvik,1.0,4.0,1.0,2.0,,,,,,,,,B. Danielsen
1541747.0,Kakkonen - Lohko C,249,Finland,Group C - 9,False,2026-06-14,27701,6073,Jaro 2,JS Hercules,2.0,1.0,0.0,1.0,,,,,,,,,Desconocido
1541701.0,Kakkonen - Lohko C,249,Finland,Group C - 9,False,2026-06-14,9213,22980,Kraft,Huima / Urho,1.0,3.0,1.0,1.0,,,,,,,,,Desconocido
1541702.0,Kakkonen - Lohko C,249,Finland,Group C - 9,False,2026-06-14,9200,9191,VPS II,GBK,3.0,4.0,1.0,1.0,,,,,,,,,Desconocido
1541700.0,Kakkonen - Lohko C,249,Finland,Group C - 9,False,2026-06-14,9201,9214,Vaajakoski,TP-47,3.0,2.0,2.0,1.0,,,,,,,,,Desconocido
1539053.0,Kansallinen Liiga,640,Finland,Regular Season - 9,False,2026-06-14,25564,13991,VIFK W,Ilves W,0.0,3.0,0.0,1.0,,,,,,,,,Desconocido
1517195.0,Ykkönen,245,Finland,Group Stage,False,2026-06-14,9203,2244,PKKU,TPV,2.0,2.0,0.0,1.0,,,,,,,,,Desconocido
1504245.0,Ykkösliiga,1087,Finland,Group Stage,False,2026-06-14,9175,2085,MP,Klubi-04,2.0,2.0,0.0,1.0,,,,,,,,,K. Nummela
1551283.0,Championnat D1,968,Gabon,Regular Season - 22,False,2026-06-14,21187,6415,Bitam,Cercle Mbéri,1.0,1.0,1.0,1.0,,,,,,,,,Desconocido
1551281.0,Championnat D1,968,Gabon,Regular Season - 22,False,2026-06-14,21194,21189,Vautour Club,Dikaki,1.0,0.0,0.0,0.0,,,,,,,,,Desconocido
1509139.0,Erovnuli Liga,327,Georgia,Regular Season - 17,False,2026-06-14,3505,2262,Gagra,Dinamo Tbilisi,2.0,1.0,2.0,0.0,,,,,,,,,G. Kikacheishvili
1507385.0,Liga 3,1104,Georgia,Regular Season - 14,False,2026-06-14,3504,3508,WIT Georgia,Merani Tbilisi,0.0,1.0,0.0,0.0,,,,,,,,,Desconocido
1543399.0,2. Deild,166,Iceland,Regular Season - 8,False,2026-06-14,4172,2118,Dalvík / Reynir,Haukar,3.0,0.0,1.0,0.0,,,,,,,,,Desconocido
1543398.0,2. Deild,166,Iceland,Regular Season - 8,False,2026-06-14,6085,18366,Hvíti riddarinn,Fjardabyggd / Leiknir,4.0,3.0,3.0,2.0,,,,,,,,,Desconocido
1543397.0,2. Deild,166,Iceland,Regular Season - 8,False,2026-06-14,6093,4173,Kormákur / Hvöt,KFG,2.0,3.0,2.0,2.0,,,,,,,,,Desconocido
1543400.0,2. Deild,166,Iceland,Regular Season - 8,False,2026-06-14,828,2124,Vikingur Olafsiik,Magni,3.0,1.0,1.0,0.0,,,,,,,,,Desconocido
1508779.0,Úrvalsdeild,164,Iceland,Regular Season - 10,False,2026-06-14,269,270,Keflavik,FH hafnarfjordur,1.0,2.0,0.0,2.0,,,,,,,,,A. K. Twana
1508780.0,Úrvalsdeild,164,Iceland,Regular Season - 10,False,2026-06-14,2116,268,Thor Akureyri,IBV Vestmannaeyjar,1.0,4.0,0.0,3.0,,,,,,,,,S. H. Thrastarson
1527988.0,Premier League,389,Kazakhstan,Regular Season - 13,False,2026-06-14,4563,4544,Aktobe,Altay,2.0,0.0,0.0,0.0,,,,,,,,,A. Kuchma
1527989.0,Premier League,389,Kazakhstan,Regular Season - 13,False,2026-06-14,562,4565,FC Astana,Irtysh,2.0,0.0,2.0,0.0,,,,,,,,,R. Sultangaliev
1527991.0,Premier League,389,Kazakhstan,Regular Season - 13,False,2026-06-14,4552,4562,Kaspiy,Kaisar,1.0,2.0,0.0,2.0,,,,,,,,,B. Sariev
1527993.0,Premier League,389,Kazakhstan,Regular Season - 13,False,2026-06-14,21010,16611,Ulytau,Zhenys,2.0,1.0,0.0,0.0,,,,,,,,,D. Tevyashov
1527994.0,Premier League,389,Kazakhstan,Regular Season - 13,False,2026-06-14,21011,692,Yelimay Semey,Ordabasy,1.0,3.0,0.0,1.0,,,,,,,,,A. Ismuratov
1545401.0,Shield Cup,971,Kenya,3rd place,True,2026-06-14,2476,2460,KCB,Bandari,0.0,2.0,0.0,0.0,,,,,,,,,Desconocido
1545402.0,Shield Cup,971,Kenya,Final,True,2026-06-14,2475,8560,Tusker,Police,2.0,1.0,2.0,1.0,,,,,,,,,Desconocido
1529551.0,1. Liga,364,Latvia,Regular Season - 10,False,2026-06-14,14366,21202,Mārupe,JFK Ventspils,1.0,2.0,1.0,1.0,,,,,,,,,Desconocido
1529552.0,1. Liga,364,Latvia,Regular Season - 10,False,2026-06-14,18835,4142,Riga FC II,Smiltene,2.0,0.0,1.0,0.0,,,,,,,,,Desconocido
1529550.0,1. Liga,364,Latvia,Regular Season - 10,False,2026-06-14,18836,4141,Rīgas FS II,Rēzekne FA,3.0,0.0,1.0,0.0,,,,,,,,,Desconocido
1529553.0,1. Liga,364,Latvia,Regular Season - 10,False,2026-06-14,16835,25785,Skanste,Riga Mariners,0.0,2.0,0.0,2.0,,,,,,,,,Desconocido
1529549.0,1. Liga,364,Latvia,Regular Season - 10,False,2026-06-14,18837,4153,Tukums II,Valmiera / BSS,1.0,4.0,0.0,1.0,,,,,,,,,Desconocido
1529744.0,1 Lyga,361,Lithuania,Regular Season - 13,False,2026-06-14,18840,27557,FA Šiauliai II,Transinvest 2,1.0,2.0,1.0,1.0,,,,,,,,,Desconocido
1522826.0,A Lyga,362,Lithuania,Regular Season - 17,False,2026-06-14,3861,3872,Hegelmann Litauen,Kauno Žalgiris,1.0,1.0,1.0,1.0,,,,,,,,,R. Smitas
1553099.0,Première Division,598,Mali,Regular Season - 26,False,2026-06-14,12686,8060,ASKO,Djoliba,1.0,3.0,1.0,3.0,,,,,,,,,Desconocido
1553098.0,Première Division,598,Mali,Regular Season - 26,False,2026-06-14,18182,27223,Afrique Football Élite,Derby Academie,2.0,1.0,1.0,0.0,,,,,,,,,Desconocido
1553097.0,Première Division,598,Mali,Regular Season - 26,False,2026-06-14,12668,12669,Bakaridjan,Bougouni,4.0,1.0,4.0,0.0,,,,,,,,,Desconocido
1553100.0,Première Division,598,Mali,Regular Season - 26,False,2026-06-14,12681,27222,USFAS Bamako,Mali Coura,2.0,1.0,1.0,0.0,,,,,,,,,Desconocido
1542411.0,Premier League,764,Mongolia,Regular Season - 17,False,2026-06-14,16185,22067,Deren,Central Stallions,1.0,2.0,0.0,1.0,,,,,,,,,Desconocido
1542412.0,Premier League,764,Mongolia,Regular Season - 17,False,2026-06-14,16854,17273,Ulaanbaatar,Khoromkhon,7.0,0.0,6.0,0.0,,,,,,,,,Desconocido
1548324.0,Botola 2,201,Morocco,Regular Season - 27,False,2026-06-14,18753,3456,Amal Tiznit,Riadi Salmi,2.0,1.0,0.0,0.0,,,,,,,,,Desconocido
1548320.0,Botola 2,201,Morocco,Regular Season - 27,False,2026-06-14,6387,3458,Chabab Mohammédia,Widad Témara,1.0,1.0,0.0,0.0,,,,,,,,,Desconocido
1548325.0,Botola 2,201,Morocco,Regular Season - 27,False,2026-06-14,979,1075,KAC Kenitra,Mouloudia Oujda,1.0,0.0,0.0,0.0,,,,,,,,,Desconocido
1548326.0,Botola 2,201,Morocco,Regular Season - 27,False,2026-06-14,15549,3451,Stade Marocain,El Massira,1.0,0.0,0.0,0.0,,,,,,,,,Desconocido
1550844.0,Botola Pro,200,Morocco,Regular Season - 24,False,2026-06-14,969,968,FAR Rabat,Wydad AC,2.0,1.0,1.0,0.0,,,,,,,,,M. El Baroudi
1550845.0,Botola Pro,200,Morocco,Regular Season - 24,False,2026-06-14,973,962,Hassania Agadir,Renaissance Berkane,1.0,0.0,0.0,0.0,,,,,,,,,A. Berrada
1550846.0,Botola Pro,200,Morocco,Regular Season - 24,False,2026-06-14,974,25058,Ittihad Tanger,Yacoub El Mansour,2.0,1.0,1.0,1.0,,,,,,,,,E. El Hanafi
1550847.0,Botola Pro,200,Morocco,Regular Season - 24,False,2026-06-14,976,14806,Raja Casablanca,UTS Rabat,1.0,1.0,0.0,0.0,,,,,,,,,S. Boujidi
1495855.0,1. Division,104,Norway,Regular Season - 11,False,2026-06-14,2148,330,Asane,ODD Ballklubb,2.0,1.0,1.0,1.0,,,,,,,,,M. Koloy
1495856.0,1. Division,104,Norway,Regular Season - 11,False,2026-06-14,328,322,Haugesund,Ranheim,4.0,1.0,2.0,1.0,,,,,,,,,J. W. Grundt
1495858.0,1. Division,104,Norway,Regular Season - 11,False,2026-06-14,7006,2142,Lyn,Bryne,0.0,3.0,0.0,0.0,,,,,,,,,H. Nervik
1495859.0,1. Division,104,Norway,Regular Season - 11,False,2026-06-14,2146,2147,Sandnes ULF,Strommen,2.0,0.0,0.0,0.0,,,,,,,,,M. Tennoy
1495860.0,1. Division,104,Norway,Regular Season - 11,False,2026-06-14,758,7012,Sogndal,Moss,2.0,4.0,2.0,3.0,,,,,,,,,A. Bodding
1495861.0,1. Division,104,Norway,Regular Season - 11,False,2026-06-14,323,6976,Stabaek,Egersund,3.0,1.0,0.0,0.0,,,,,,,,,O. Valen
1495862.0,1. Division,104,Norway,Regular Season - 11,False,2026-06-14,324,2153,Stromsgodset,Raufoss,6.0,1.0,2.0,1.0,,,,,,,,,J. Haugen
1495857.0,1. Division,104,Norway,Regular Season - 11,False,2026-06-14,2150,2144,hodd,Kongsvinger,1.0,2.0,1.0,0.0,,,,,,,,,S. Hauge
1535630.0,1. Division Women,915,Norway,Regular Season - 9,False,2026-06-14,27218,18989,Bryne W,TIL 2020 W,2.0,1.0,2.0,0.0,,,,,,,,,Desconocido
1535695.0,1. Division Women,915,Norway,Regular Season - 9,False,2026-06-14,15951,15954,Klepp W,Arna-Bjørnar W,1.0,9.0,0.0,4.0,,,,,,,,,Desconocido
1535694.0,1. Division Women,915,Norway,Regular Season - 9,False,2026-06-14,15952,27637,Kolbotn W,Frigg Oslo FK W,5.0,0.0,0.0,0.0,,,,,,,,,Desconocido
1535696.0,1. Division Women,915,Norway,Regular Season - 9,False,2026-06-14,25762,20884,Start W,Grei W,4.0,2.0,1.0,0.0,,,,,,,,,Desconocido
1496080.0,2. Division - Group 1,473,Norway,Regular Season - 10,False,2026-06-14,7007,2161,Lysekloster,Notodden,0.0,2.0,0.0,1.0,,,,,,,,,Desconocido
1496082.0,2. Division - Group 1,473,Norway,Regular Season - 10,False,2026-06-14,7028,6970,Sotra,Brattvåg,0.0,1.0,0.0,0.0,,,,,,,,,Desconocido
1496083.0,2. Division - Group 1,473,Norway,Regular Season - 10,False,2026-06-14,7040,16217,Træff,Bjarg,2.0,3.0,1.0,2.0,,,,,,,,,Desconocido
1496079.0,2. Division - Group 1,473,Norway,Regular Season - 10,False,2026-06-14,2151,14545,jerv,Sandviken,2.0,1.0,1.0,1.0,,,,,,,,,Desconocido
1496260.0,2. Division - Group 2,474,Norway,Regular Season - 10,False,2026-06-14,6978,2145,Eidsvold,Levanger,1.0,3.0,0.0,2.0,,,,,,,,,Desconocido
1496262.0,2. Division - Group 2,474,Norway,Regular Season - 10,False,2026-06-14,7000,6998,Junkeren,Hønefoss,4.0,3.0,2.0,2.0,,,,,,,,,Desconocido
1496263.0,2. Division - Group 2,474,Norway,Regular Season - 10,False,2026-06-14,7008,2158,Lørenskog,Tromsdalen Uil,6.0,0.0,3.0,0.0,,,,,,,,,Desconocido
1496264.0,2. Division - Group 2,474,Norway,Regular Season - 10,False,2026-06-14,2239,16229,Skeid,Rana,3.0,3.0,2.0,2.0,,,,,,,,,Desconocido
1496265.0,2. Division - Group 2,474,Norway,Regular Season - 10,False,2026-06-14,7033,7039,Stjørdals-Blink,Trygg/Lade,2.0,1.0,0.0,0.0,,,,,,,,,Desconocido
1496446.0,3. Division - Girone 1,774,Norway,Regular Season - 10,False,2026-06-14,21420,6974,KFUM II,Bærum,1.0,4.0,0.0,2.0,,,,,,,,,Desconocido
1496624.0,3. Division - Girone 2,775,Norway,Regular Season - 10,False,2026-06-14,6973,16223,Byåsen,Melhus,3.0,2.0,1.0,0.0,,,,,,,,,Desconocido
1496808.0,3. Division - Girone 3,776,Norway,Regular Season - 10,False,2026-06-14,27276,16218,Austevoll,Brann II,2.0,2.0,1.0,0.0,,,,,,,,,Desconocido
1496989.0,3. Division - Girone 4,777,Norway,Regular Season - 10,False,2026-06-14,6982,6997,Flekkerøy,Hinna,4.0,3.0,1.0,0.0,,,,,,,,,Desconocido
1497171.0,3. Division - Girone 5,778,Norway,Regular Season - 10,False,2026-06-14,18444,16228,Bossekop,Finnsnes,1.0,1.0,1.0,0.0,,,,,,,,,Desconocido
1497172.0,3. Division - Girone 5,778,Norway,Regular Season - 10,False,2026-06-14,27277,16207,Fauske Sprint,Lillestrøm II,4.0,3.0,1.0,0.0,,,,,,,,,Desconocido
1553044.0,Copa De La Liga,1232,Peru,Group Stage - 1,False,2026-06-14,2548,2555,Alianza Universidad,Sport Huancayo,1.0,1.0,0.0,0.0,,,,,,,,,Desconocido
1553043.0,Copa De La Liga,1232,Peru,Group Stage - 1,False,2026-06-14,2542,2572,Ayacucho FC,Club Deportivo Los Chankas,0.0,1.0,0.0,1.0,,,,,,,,,Desconocido
1553045.0,Copa De La Liga,1232,Peru,Group Stage - 1,False,2026-06-14,2541,2553,Cesar Vallejo,Alianza Lima,0.0,0.0,0.0,0.0,,,,,,,,,Desconocido
1553046.0,Copa De La Liga,1232,Peru,Group Stage - 1,False,2026-06-14,20960,10013,Deportivo Garcilaso,Cusco,0.0,0.0,0.0,0.0,,,,,,,,,Desconocido
1548207.0,Liga Women,1229,Peru,Apertura - 11,True,2026-06-14,27774,27772,Defensores W,Atl. Andahuaylas W,0.0,1.0,,,,,,,,,,,Desconocido
1548206.0,Liga Women,1229,Peru,Apertura - 11,True,2026-06-14,27781,27773,Yanapuma W,Carlos Mannucci W,6.0,0.0,3.0,0.0,,,,,,,,,Desconocido
1536381.0,Second League - Group 2,652,Russia,Group 2 - 12,False,2026-06-14,24450,21539,Cherepovets,Irkutsk,1.0,2.0,0.0,2.0,,,,,,,,,Desconocido
1536382.0,Second League - Group 2,652,Russia,Group 2 - 12,False,2026-06-14,2014,17724,Chertanovo Moscow,Yenisey II,3.0,1.0,3.0,1.0,,,,,,,,,Desconocido
1536383.0,Second League - Group 2,652,Russia,Group 2 - 12,False,2026-06-14,19452,25868,Kosmos Dolgoprudny,Baltika II,1.0,2.0,0.0,0.0,,,,,,,,,Desconocido
1536384.0,Second League - Group 2,652,Russia,Group 2 - 12,False,2026-06-14,2003,6830,Spartak Moscow 2,Torpedo Vladimir,0.0,1.0,0.0,1.0,,,,,,,,,Desconocido
1536385.0,Second League - Group 2,652,Russia,Group 2 - 12,False,2026-06-14,14120,6840,Tver,Zvezda St. Petersburg,1.0,2.0,0.0,1.0,,,,,,,,,Desconocido
1536607.0,Second League - Group 3,650,Russia,Group 3 - 12,False,2026-06-14,17720,19448,Arsenal Tula II,Rodina Moskva III,1.0,1.0,1.0,1.0,,,,,,,,,Desconocido
1536818.0,Second League - Group 4,653,Russia,Group 4 - 12,False,2026-06-14,21535,6818,Akron II,Nosta,5.0,0.0,3.0,0.0,,,,,,,,,Desconocido
1536819.0,Second League - Group 4,653,Russia,Group 4 - 12,False,2026-06-14,25866,25867,Chelyabinsk II,KDV,0.0,0.0,0.0,0.0,,,,,,,,,Desconocido
1536820.0,Second League - Group 4,653,Russia,Group 4 - 12,False,2026-06-14,6794,14140,Dinamo Barnaul,Krylya Sovetov II,1.0,1.0,0.0,1.0,,,,,,,,,Desconocido
1536821.0,Second League - Group 4,653,Russia,Group 4 - 12,False,2026-06-14,16858,27650,Khimik Dzerzhinsk,Izhevsk,3.0,1.0,1.0,0.0,,,,,,,,,Desconocido
1536822.0,Second League - Group 4,653,Russia,Group 4 - 12,False,2026-06-14,27651,21032,Pobeda Nizhniy Novgorod,Rubin Kazan 2,6.0,0.0,1.0,0.0,,,,,,,,,Desconocido
1536823.0,Second League - Group 4,653,Russia,Group 4 - 12,False,2026-06-14,12887,14141,Ural II,Orenburg II,5.0,0.0,2.0,0.0,,,,,,,,,Desconocido
1526748.0,Second League A - Division A Silver,1026,Russia,Spring Season Silver - 18,True,2026-06-14,1076,16856,Amkar,Dinamo Vladivostok,0.0,1.0,0.0,1.0,,,,,,,,,Desconocido
1526749.0,Second League A - Division A Silver,1026,Russia,Spring Season Silver - 18,True,2026-06-14,6795,6796,Dinamo Bryansk,Dinamo Stavropol,2.0,1.0,2.0,0.0,,,,,,,,,Desconocido
1526750.0,Second League A - Division A Silver,1026,Russia,Spring Season Silver - 18,True,2026-06-14,21538,14139,Dinamo Kirov,Dinamo Moskva II,2.0,2.0,1.0,1.0,,,,,,,,,Desconocido
1526751.0,Second League A - Division A Silver,1026,Russia,Spring Season Silver - 18,True,2026-06-14,2000,6787,Tyumen,Alaniya Vladikavkaz,2.0,2.0,2.0,1.0,,,,,,,,,Desconocido
1526752.0,Second League A - Division A Silver,1026,Russia,Spring Season Silver - 18,True,2026-06-14,2005,6831,Zenit 2,Urozhay,2.0,1.0,1.0,0.0,,,,,,,,,Desconocido
1551271.0,Segunda División,141,Spain,Final,True,2026-06-14,535,723,Malaga,Almeria,0.0,0.0,0.0,0.0,,,,,,,,,S. Lax
1553700.0,Tercera División RFEF - Promotion - Play-offs,977,Spain,Promotion Play-offs - 1,True,2026-06-14,20272,9405,Arenas Armilla,Peña Deportiva,1.0,1.0,1.0,1.0,,,,,,,,,Desconocido
1553702.0,Tercera División RFEF - Promotion - Play-offs,977,Spain,Promotion Play-offs - 1,True,2026-06-14,24723,9619,Atlético Central,Caudal,2.0,0.0,1.0,0.0,,,,,,,,,Desconocido
1553703.0,Tercera División RFEF - Promotion - Play-offs,977,Spain,Promotion Play-offs - 1,True,2026-06-14,9382,9886,Badajoz,Cuarte,2.0,1.0,1.0,1.0,,,,,,,,,Desconocido
1553701.0,Tercera División RFEF - Promotion - Play-offs,977,Spain,Promotion Play-offs - 1,True,2026-06-14,5256,20262,Compostela,Badalona II,3.0,0.0,1.0,0.0,,,,,,,,,Desconocido
1553699.0,Tercera División RFEF - Promotion - Play-offs,977,Spain,Promotion Play-offs - 1,True,2026-06-14,9388,9415,Guijuelo,Tamaraceite,2.0,1.0,1.0,0.0,,,,,,,,,Desconocido
1553697.0,Tercera División RFEF - Promotion - Play-offs,977,Spain,Promotion Play-offs - 1,True,2026-06-14,9820,9854,Real Murcia II,Pamplona,2.0,1.0,1.0,1.0,,,,,,,,,Desconocido
1553698.0,Tercera División RFEF - Promotion - Play-offs,977,Spain,Promotion Play-offs - 1,True,2026-06-14,9718,9393,Trival Valderas,La Nucía,0.0,0.0,0.0,0.0,,,,,,,,,Desconocido
1510604.0,Division 2 - Norra Götaland,592,Sweden,Norra Götaland - 12,True,2026-06-14,6675,12577,Husqvarna,Vänersborgs FK,3.0,1.0,1.0,0.0,,,,,,,,,Desconocido
1510785.0,Division 2 - Norra Svealand,593,Sweden,Norra Svealand - 12,True,2026-06-14,27410,12584,Angby,Skiljebo,2.0,1.0,1.0,1.0,,,,,,,,,Desconocido
1510786.0,Division 2 - Norra Svealand,593,Sweden,Norra Svealand - 12,True,2026-06-14,27386,18427,Helges,Korsnäs,1.0,3.0,1.0,2.0,,,,,,,,,Desconocido
1510788.0,Division 2 - Norra Svealand,593,Sweden,Norra Svealand - 12,True,2026-06-14,6685,11663,Lidingö,Täby,1.0,3.0,1.0,3.0,,,,,,,,,Desconocido
1515757.0,Division 2 - Norrland,594,Sweden,Norrland - 12,True,2026-06-14,6669,27459,Gottne,Fransta,4.0,2.0,3.0,0.0,,,,,,,,,Desconocido
1515758.0,Division 2 - Norrland,594,Sweden,Norrland - 12,True,2026-06-14,6681,24030,IFK Östersund,Kubikenborg,1.0,1.0,0.0,0.0,,,,,,,,,Desconocido
1515759.0,Division 2 - Norrland,594,Sweden,Norrland - 12,True,2026-06-14,18999,11662,Lucksta,Umea FF,1.0,5.0,1.0,0.0,,,,,,,,,Desconocido
1510956.0,Division 2 - Södra Götaland,597,Sweden,Södra Götaland - 12,True,2026-06-14,25572,6683,Linero,Karlskrona,2.0,4.0,1.0,1.0,,,,,,,,,Desconocido
1511151.0,Division 2 - Södra Svealand,595,Sweden,Södra Svealand - 12,True,2026-06-14,27308,14510,Lindo FF,Nacka Iliria,4.0,0.0,1.0,0.0,,,,,,,,,Desconocido
1511152.0,Division 2 - Södra Svealand,595,Sweden,Södra Svealand - 12,True,2026-06-14,2167,11666,Syrianska FC,Forward,0.0,1.0,0.0,1.0,,,,,,,,,Desconocido
1511334.0,Division 2 - Västra Götaland,596,Sweden,Västra Götaland - 12,True,2026-06-14,12606,12620,Onsala,Torslanda,1.0,1.0,1.0,1.0,,,,,,,,,Desconocido
1511332.0,Division 2 - Västra Götaland,596,Sweden,Västra Götaland - 12,True,2026-06-14,12609,25575,Västra Frölunda,Böljan,1.0,1.0,1.0,0.0,,,,,,,,,Desconocido
1511331.0,Division 2 - Västra Götaland,596,Sweden,Västra Götaland - 12,True,2026-06-14,14543,18424,Åstorp,Landvetter IS,0.0,2.0,0.0,2.0,,,,,,,,,Desconocido
1503703.0,Elitettan,736,Sweden,Regular Season - 9,False,2026-06-14,16005,16030,Jitex W,Enskede W,1.0,2.0,1.0,1.0,,,,,,,,,Desconocido
1501411.0,Elitettan,736,Sweden,Regular Season - 9,False,2026-06-14,11078,20820,KIF Örebro W,Häcken II W,3.0,0.0,2.0,0.0,,,,,,,,,Desconocido
1501413.0,Elitettan,736,Sweden,Regular Season - 9,False,2026-06-14,17639,16028,Trelleborg W,Örebro SK W,2.0,1.0,1.0,1.0,,,,,,,,,Desconocido
1501414.0,Elitettan,736,Sweden,Regular Season - 9,False,2026-06-14,11081,11080,Umeå W,Linköping W,1.0,2.0,0.0,1.0,,,,,,,,,Desconocido
1505179.0,Ettan - Norra,563,Sweden,Norra - 12,True,2026-06-14,765,2169,AFC Eskilstuna,Assyriska FF,1.0,0.0,1.0,0.0,,,,,,,,,Desconocido
1505180.0,Ettan - Norra,563,Sweden,Norra - 12,True,2026-06-14,12578,6708,Enköping,Vasalund,1.0,1.0,1.0,0.0,,,,,,,,,Desconocido
1505182.0,Ettan - Norra,563,Sweden,Norra - 12,True,2026-06-14,6682,16596,Karlberg,Hammarby Talang,0.0,2.0,0.0,0.0,,,,,,,,,Desconocido
1505184.0,Ettan - Norra,563,Sweden,Norra - 12,True,2026-06-14,12585,12622,Stockholm Internazionale,FBK Karlstad,3.0,1.0,2.0,1.0,,,,,,,,,Desconocido
1504461.0,Ettan - Södra,564,Sweden,Södra - 12,True,2026-06-14,6676,369,Hässleholms IF,Trelleborg,0.0,2.0,0.0,1.0,,,,,,,,,Desconocido
1504464.0,Ettan - Södra,564,Sweden,Södra - 12,True,2026-06-14,6694,6698,Rosengård,Skövde AIK,3.0,0.0,1.0,0.0,,,,,,,,,Desconocido
1497601.0,Superettan,114,Sweden,Regular Season - 12,False,2026-06-14,812,365,Falkenbergs FF,Orebro SK,1.0,1.0,0.0,1.0,,,,,,,,,R. Beigi
1497603.0,Superettan,114,Sweden,Regular Season - 12,False,2026-06-14,2165,376,Ljungskile SK,Ostersunds FK,1.0,1.0,0.0,0.0,,,,,,,,,N. Karlsson
1497604.0,Superettan,114,Sweden,Regular Season - 12,False,2026-06-14,2173,11674,Norrby IF,Oddevold,0.0,2.0,0.0,0.0,,,,,,,,,F. Oppong
1497606.0,Superettan,114,Sweden,Regular Season - 12,False,2026-06-14,6697,2175,Sandviken,IK brage,3.0,2.0,1.0,1.0,,,,,,,,,F. Nehdi
1550051.0,Premier League,425,Syria,Regular Season - 26,False,2026-06-14,8019,15301,Al Ittihad,Horriya,1.0,0.0,0.0,0.0,,,,,,,,,Desconocido
1550052.0,Premier League,425,Syria,Regular Season - 26,False,2026-06-14,9113,8035,Al Taliya,Al Wahda,0.0,1.0,0.0,0.0,,,,,,,,,Desconocido
1550053.0,Premier League,425,Syria,Regular Season - 26,False,2026-06-14,9118,9115,Wathba,Hottin,2.0,0.0,1.0,0.0,,,,,,,,,Desconocido
1527704.0,Vysshaya Liga,571,Tajikistan,Regular Season - 11,False,2026-06-14,12264,8012,Istaravshan,Istiqlol,1.0,2.0,0.0,2.0,,,,,,,,,Desconocido
1527705.0,Vysshaya Liga,571,Tajikistan,Regular Season - 11,False,2026-06-14,27266,12268,Sardor Tursunzoda,Regar-TadAZ,0.0,1.0,0.0,1.0,,,,,,,,,Desconocido
1477242.0,Ligi kuu Bara,567,Tanzania,Regular Season - 26,False,2026-06-14,6432,24707,Simba,Pamba Jiji,2.0,1.0,1.0,1.0,,,,,,,,,Desconocido
1457797.0,Ligi kuu Bara,567,Tanzania,Regular Season - 26,False,2026-06-14,12202,14345,Tanzania Prisons,Dodoma Jiji,3.0,1.0,2.0,1.0,,,,,,,,,Desconocido
1513159.0,MLS Next Pro,909,USA,Group Stage,False,2026-06-14,4040,10280,Chicago Fire II,Inter Miami II,3.0,1.0,1.0,0.0,,,,,,,,,Desconocido
1513160.0,MLS Next Pro,909,USA,Group Stage,False,2026-06-14,18812,18811,FC Cincinnati II,Columbus Crew II,0.0,1.0,0.0,0.0,,,,,,,,,Desconocido
1513151.0,MLS Next Pro,909,USA,Group Stage,False,2026-06-14,18814,21138,Minnesota United II,Austin II,1.0,3.0,1.0,3.0,,,,,,,,,Desconocido
1513161.0,MLS Next Pro,909,USA,Group Stage,False,2026-06-14,10281,4004,New England II,New York RB II,2.0,1.0,2.0,0.0,,,,,,,,,Desconocido
1513157.0,MLS Next Pro,909,USA,Group Stage,False,2026-06-14,3988,18815,Philadelphia Union II,New York City II,0.0,1.0,0.0,0.0,,,,,,,,,Desconocido
1513158.0,MLS Next Pro,909,USA,Group Stage,False,2026-06-14,4025,27420,Toronto II,Connecticut FC,2.0,4.0,1.0,2.0,,,,,,,,,Desconocido
1493865.0,USL League One,489,USA,Group Stage,False,2026-06-14,25488,9026,Westchester SC,Greenville Triumph,4.0,0.0,3.0,0.0,,,,,,,,,Desconocido
1524936.0,USL League Two,256,USA,Group Stage,False,2026-06-14,25936,18882,Bangers,Ballard,0.0,2.0,0.0,1.0,,,,,,,,,Desconocido
1524931.0,USL League Two,256,USA,Group Stage,False,2026-06-14,25953,18904,Bigfoot,Oly Town,1.0,1.0,0.0,0.0,,,,,,,,,Desconocido
1524938.0,USL League Two,256,USA,Group Stage,False,2026-06-14,4036,23118,Brazos Valley,Hill Country Lobos,0.0,1.0,0.0,1.0,,,,,,,,,Desconocido
1524932.0,USL League Two,256,USA,Group Stage,False,2026-06-14,25937,4093,City SC,Ventura County Fusion,1.0,3.0,0.0,1.0,,,,,,,,,Desconocido
1524933.0,USL League Two,256,USA,Group Stage,False,2026-06-14,21286,27515,RKC,Edgewater Castle,4.0,0.0,3.0,0.0,,,,,,,,,Desconocido
1524930.0,USL League Two,256,USA,Group Stage,False,2026-06-14,4077,18908,SF Glens,Project 51O,1.0,2.0,0.0,2.0,,,,,,,,,Desconocido
1524929.0,USL League Two,256,USA,Group Stage,False,2026-06-14,27525,4056,San Antonio FC 2,Houston FC,3.0,0.0,1.0,0.0,,,,,,,,,Desconocido
1524934.0,USL League Two,256,USA,Group Stage,False,2026-06-14,25948,23128,Snohomish United,West Seattle Junction,3.0,2.0,2.0,1.0,,,,,,,,,Desconocido
1524937.0,USL League Two,256,USA,Group Stage,False,2026-06-14,10490,23109,Sportivo San Juan,Almaden,0.0,3.0,0.0,1.0,,,,,,,,,Desconocido
1524935.0,USL League Two,256,USA,Group Stage,False,2026-06-14,4087,18903,The Villages,Nona,2.0,1.0,1.0,1.0,,,,,,,,,Desconocido
1532203.0,USL W League,1117,USA,Regular Season - 1,False,2026-06-14,23892,25850,Brevard Riptide W,Miami City W,1.0,2.0,,,,,,,,,,,Desconocido
1532197.0,USL W League,1117,USA,Regular Season - 1,False,2026-06-14,23899,23956,Eagle FC W,Patuxent W,13.0,0.0,,,,,,,,,,,Desconocido
1532204.0,USL W League,1117,USA,Regular Season - 1,False,2026-06-14,25843,25852,Erie Sports Center W,Pittsburgh Riveters W,0.0,1.0,,,,,,,,,,,Desconocido
1532199.0,USL W League,1117,USA,Regular Season - 1,False,2026-06-14,25845,23934,Fort Lauderdale Utd II W,Brooke House W,1.0,2.0,,,,,,,,,,,Desconocido
1532200.0,USL W League,1117,USA,Regular Season - 1,False,2026-06-14,23946,23952,Kalamazoo FC W,Midwest United W,1.0,2.0,,,,,,,,,,,Desconocido
1532395.0,USL W League,1117,USA,Regular Season - 1,False,2026-06-14,24134,27611,Lancaster Inferno W,Loudoun United FC W,1.0,1.0,,,,,,,,,,,Desconocido
1532195.0,USL W League,1117,USA,Regular Season - 1,False,2026-06-14,23949,25860,Long Island Rough Riders W,New Jersey Copa W,7.0,0.0,,,,,,,,,,,Desconocido
1532444.0,USL W League,1117,USA,Regular Season - 1,False,2026-06-14,23911,23829,NC Courage II W,Port City NC W,3.0,2.0,,,,,,,,,,,Desconocido
1532202.0,USL W League,1117,USA,Regular Season - 1,False,2026-06-14,23914,23924,Oakland Soul W,Stockton Cargo W,1.0,1.0,,,,,,,,,,,Desconocido
1532198.0,USL W League,1117,USA,Regular Season - 1,False,2026-06-14,23915,23926,Olympia W,Tacoma Galaxy W,2.0,0.0,,,,,,,,,,,Desconocido
1532445.0,USL W League,1117,USA,Regular Season - 1,False,2026-06-14,27615,25853,Portland Cherry Bombs FC W,Salmon Bay W,0.0,1.0,,,,,,,,,,,Desconocido
1532447.0,USL W League,1117,USA,Regular Season - 1,False,2026-06-14,27749,27616,Rockford Raptors W,Rally Madison FC W,1.0,2.0,,,,,,,,,,,Desconocido
1532196.0,USL W League,1117,USA,Regular Season - 1,False,2026-06-14,23854,23957,Sioux Falls City W,River Light W,5.0,1.0,,,,,,,,,,,Desconocido
1532446.0,USL W League,1117,USA,Regular Season - 1,False,2026-06-14,27614,25858,Virginia Development Academy W,Annapolis Blues W,2.0,1.0,,,,,,,,,,,Desconocido
1532201.0,USL W League,1117,USA,Regular Season - 1,False,2026-06-14,25856,25841,West Seattle Rhodies W,Bigfoot W,4.0,0.0,,,,,,,,,,,Desconocido
1550642.0,Segunda División,269,Uruguay,2nd Phase - 6,True,2026-06-14,2364,18295,Atenas,La Luz,4.0,0.0,2.0,0.0,,,,,,,,,Desconocido
1550641.0,Segunda División,269,Uruguay,2nd Phase - 6,True,2026-06-14,2351,2367,CA River Plate,Cerrito,6.0,4.0,5.0,3.0,,,,,,,,,Desconocido
1550643.0,Segunda División,269,Uruguay,2nd Phase - 6,True,2026-06-14,19410,2355,Paysandu,Plaza Colonia,1.0,2.0,1.0,1.0,,,,,,,,,Desconocido
1531061.0,Pro League A,1075,Uzbekistan,Regular Season - 10,False,2026-06-14,27588,23309,Yaypan,Olimpik-Mobiuz,1.0,6.0,0.0,1.0,,,,,,,,,Desconocido
1553590.0,Cup,341,Vietnam,Final,True,2026-06-14,9167,3672,Phu Dong,Ho Chi Minh,1.0,2.0,0.0,2.0,,,,,,,,,Desconocido
1539001.0,World Cup,1,World,Group Stage - 1,False,2026-06-14,20,777,Australia,Türkiye,2.0,0.0,1.0,0.0,,,,,,,,,"Jesús Valenzuela, Venezuela"
1489374.0,World Cup,1,World,Group Stage - 1,False,2026-06-14,25,5530,Germany,Curaçao,7.0,1.0,3.0,1.0,,,,,,,,,"Jalal Jayed, Morocco"
1489375.0,World Cup,1,World,Group Stage - 1,False,2026-06-14,1501,2382,Ivory Coast,Ecuador,1.0,0.0,0.0,0.0,,,,,,,,,"François Letexier, France"
1489376.0,World Cup,1,World,Group Stage - 1,False,2026-06-14,1118,12,Netherlands,Japan,2.0,2.0,0.0,0.0,,,,,,,,,"Ismail Elfath, USA"
1539002.0,World Cup,1,World,Group Stage - 1,False,2026-06-14,5,28,Sweden,Tunisia,5.0,1.0,2.0,1.0,,,,,,,,,"Yael Falcon Perez, Argentina"
1548213.0,Premier Soccer League,401,Zimbabwe,Regular Season - 18,False,2026-06-14,27273,5218,Agama,CAPS United,0.0,0.0,0.0,0.0,,,,,,,,,Desconocido
1548214.0,Premier Soccer League,401,Zimbabwe,Regular Season - 18,False,2026-06-14,5217,5224,Bulawayo Chiefs,Highlanders,1.0,2.0,1.0,1.0,,,,,,,,,Desconocido
1548212.0,Premier Soccer League,401,Zimbabwe,Regular Season - 18,False,2026-06-14,5226,5232,Kariba,Triangle United,1.0,1.0,1.0,1.0,,,,,,,,,Desconocido
1548216.0,Premier Soccer League,401,Zimbabwe,Regular Season - 18,False,2026-06-14,25735,27274,Scotland Mabvuku,Hardrock,2.0,0.0,2.0,0.0,,,,,,,,,Desconocido
1499464.0,Primera B Metropolitana,131,Argentina,Regular Season - 20,False,2026-06-13,8008,1924,Comunicaciones,Deportivo Laferrere,3.0,3.0,1.0,2.0,,,,,,,,,Desconocido
1499465.0,Primera B Metropolitana,131,Argentina,Regular Season - 20,False,2026-06-13,1945,468,Defensores Unidos,Brown DE Adrogue,1.0,1.0,0.0,0.0,,,,,,,,,Desconocido
1499467.0,Primera B Metropolitana,131,Argentina,Regular Season - 20,False,2026-06-13,3943,459,Deportivo Camioneros,Arsenal Sarandi,1.0,2.0,0.0,2.0,,,,,,,,,Desconocido
1499468.0,Primera B Metropolitana,131,Argentina,Regular Season - 20,False,2026-06-13,2429,1927,Dock Sud,Talleres Remedios,1.0,1.0,1.0,1.0,,,,,,,,,Desconocido
1499469.0,Primera B Metropolitana,131,Argentina,Regular Season - 20,False,2026-06-13,471,8386,Flandria,Ituzaingó,3.0,2.0,1.0,0.0,,,,,,,,,Desconocido
1499472.0,Primera B Metropolitana,131,Argentina,Regular Season - 20,False,2026-06-13,8388,8385,Sportivo Italiano,Excursionistas,0.0,1.0,0.0,0.0,,,,,,,,,Desconocido
1499473.0,Primera B Metropolitana,131,Argentina,Regular Season - 20,False,2026-06-13,8380,1956,Villa San Carlos,UAI Urquiza,0.0,0.0,0.0,0.0,,,,,,,,,Desconocido
1499942.0,Primera C,132,Argentina,Regular Season - 16,False,2026-06-13,790,8381,Central Cordoba,Deportivo Español,0.0,1.0,0.0,1.0,,,,,,,,,Desconocido
1499946.0,Primera C,132,Argentina,Regular Season - 16,False,2026-06-13,8394,8378,Deportivo Paraguayo,JJ Urquiza,0.0,0.0,0.0,0.0,,,,,,,,,Desconocido
1499947.0,Primera C,132,Argentina,Regular Season - 16,False,2026-06-13,8384,1937,El Porvenir,Atletico Atlas,0.0,1.0,0.0,0.0,,,,,,,,,Desconocido
1499949.0,Primera C,132,Argentina,Regular Season - 16,False,2026-06-13,1940,1964,Leandro N. Alem,Victoriano Arenas,0.0,0.0,0.0,0.0,,,,,,,,,Desconocido
1498595.0,Primera Nacional,129,Argentina,Regular Season - 18,False,2026-06-13,482,462,Almagro,Agropecuario,2.0,1.0,0.0,0.0,,,,,,,,,Desconocido
1498600.0,Primera Nacional,129,Argentina,Regular Season - 18,False,2026-06-13,16612,469,Ciudad de Bolívar,Deportivo Moron,1.0,2.0,1.0,1.0,,,,,,,,,Desconocido
1498601.0,Primera Nacional,129,Argentina,Regular Season - 18,False,2026-06-13,8377,485,Colegiales,San Martin Tucuman,2.0,0.0,0.0,0.0,,,,,,,,,Desconocido
1498602.0,Primera Nacional,129,Argentina,Regular Season - 18,False,2026-06-13,1067,448,Defensores De Belgrano,Colon Santa Fe,0.0,3.0,0.0,2.0,,,,,,,,,Desconocido
1498606.0,Primera Nacional,129,Argentina,Regular Season - 18,False,2026-06-13,479,461,Gimnasia Jujuy,San Martin S.J.,2.0,1.0,0.0,0.0,,,,,,,,,Desconocido
1498607.0,Primera Nacional,129,Argentina,Regular Season - 18,False,2026-06-13,1963,1948,Midland,Atlanta,1.0,2.0,1.0,1.0,,,,,,,,,Desconocido
1498608.0,Primera Nacional,129,Argentina,Regular Season - 18,False,2026-06-13,484,447,Nueva Chicago,Chacarita Juniors,2.0,0.0,0.0,0.0,,,,,,,,,Desconocido
1498610.0,Primera Nacional,129,Argentina,Regular Season - 18,False,2026-06-13,480,1928,Quilmes,Gimnasia Y Tiro,1.0,0.0,1.0,0.0,,,,,,,,,Desconocido
1530384.0,Torneo Federal A,134,Argentina,Regular Season - 13,False,2026-06-13,27571,21040,Atletico Escobar,9 de Julio Rafaela,2.0,0.0,2.0,0.0,,,,,,,,,Desconocido
1530399.0,Torneo Federal A,134,Argentina,Regular Season - 13,False,2026-06-13,1950,25758,Sportivo Las Parejas,Gimnasia Chivilcoy,0.0,0.0,0.0,0.0,,,,,,,,,Desconocido
1549928.0,Torneo Promocional Amateur,1067,Argentina,Regular Season - 3,False,2026-06-13,23094,23103,Atletico Pilar,Juventud de Bernal,3.0,0.0,1.0,0.0,,,,,,,,,Desconocido
1549932.0,Torneo Promocional Amateur,1067,Argentina,Regular Season - 4,False,2026-06-13,27787,23096,Control Orientado,Belgrano Zarate,0.0,0.0,0.0,0.0,,,,,,,,,Desconocido
1549930.0,Torneo Promocional Amateur,1067,Argentina,Regular Season - 3,False,2026-06-13,23104,23106,Nautico Hacoaj,SAT Moreno,0.0,1.0,0.0,1.0,,,,,,,,,Desconocido
1549931.0,Torneo Promocional Amateur,1067,Argentina,Regular Season - 3,False,2026-06-13,23105,23100,Provincial,Estrella de Berisso,0.0,1.0,0.0,0.0,,,,,,,,,Desconocido
1537476.0,Capital Territory NPL,189,Australia,Regular Season - 13,False,2026-06-13,23516,1449,Brindabella,Belconnen United,1.0,4.0,0.0,0.0,,,,,,,,,Desconocido
1537475.0,Capital Territory NPL,189,Australia,Regular Season - 13,False,2026-06-13,18419,1447,O'Connor Knights,Tuggeranong United,2.0,3.0,0.0,2.0,,,,,,,,,Desconocido
1537474.0,Capital Territory NPL,189,Australia,Regular Season - 13,False,2026-06-13,23519,1453,Queanbeyan City,Monaro Panthers,2.0,5.0,1.0,2.0,,,,,,,,,Desconocido
1532581.0,NNSW League 1,1090,Australia,Regular Season - 11,False,2026-06-13,23501,11194,Cessnock City Hornets,South Cardiff,1.0,2.0,,,,,,,,,,,Desconocido
1532579.0,NNSW League 1,1090,Australia,Regular Season - 11,False,2026-06-13,27618,23505,Newcastle Croatia FC,Toronto Awaba Stags,5.0,4.0,,,,,,,,,,,Desconocido
1532577.0,NNSW League 1,1090,Australia,Regular Season - 11,False,2026-06-13,23503,20789,Singleton Strikers,New Lambton,0.0,8.0,0.0,2.0,,,,,,,,,Desconocido
1532580.0,NNSW League 1,1090,Australia,Regular Season - 11,False,2026-06-13,23506,10206,Wallsend Red Devils,Lake Macquarie,3.0,0.0,1.0,0.0,,,,,,,,,Desconocido
1532578.0,NNSW League 1,1090,Australia,Regular Season - 11,False,2026-06-13,11195,25461,West Wallsend,Dudley Redhead United,0.0,0.0,0.0,0.0,,,,,,,,,Desconocido
1517563.0,New South Wales NPL,192,Australia,Regular Season - 19,False,2026-06-13,16775,3774,NWS Spirit,Sydney Olympic,3.0,0.0,2.0,0.0,,,,,,,,,Desconocido
1517564.0,New South Wales NPL,192,Australia,Regular Season - 19,False,2026-06-13,3771,3765,Sutherland Sharks,Blacktown City,1.0,2.0,0.0,1.0,,,,,,,,,Desconocido
1517664.0,New South Wales NPL,192,Australia,Regular Season - 19,False,2026-06-13,22854,16779,UNSW,St. George Saints,1.0,4.0,0.0,2.0,,,,,,,,,Desconocido
1517562.0,New South Wales NPL,192,Australia,Regular Season - 19,False,2026-06-13,14025,16778,Western Sydney Wanderers U23,St George City FA,1.0,1.0,0.0,0.0,,,,,,,,,Desconocido
1517566.0,New South Wales NPL,192,Australia,Regular Season - 19,False,2026-06-13,3777,3764,Wollongong Wolves,APIA Leichhardt Tigers,0.0,2.0,0.0,1.0,,,,,,,,,Desconocido
1517789.0,New South Wales NPL 2,835,Australia,Regular Season - 19,False,2026-06-13,20798,20797,Bulls Academy,Rydalmere Lions,0.0,1.0,0.0,1.0,,,,,,,,,Desconocido
1517788.0,New South Wales NPL 2,835,Australia,Regular Season - 19,False,2026-06-13,20791,11187,Canterbury Bankstown,Newcastle Jets II,6.0,5.0,3.0,2.0,,,,,,,,,Desconocido
1517894.0,New South Wales NPL 2,835,Australia,Regular Season - 19,False,2026-06-13,27462,3769,Hurstville FC,Mt Druitt Town,1.0,1.0,0.0,0.0,,,,,,,,,Desconocido
1517786.0,New South Wales NPL 2,835,Australia,Regular Season - 19,False,2026-06-13,20796,16773,Macarthur Rams,Hills Brumbies,2.0,3.0,0.0,2.0,,,,,,,,,Desconocido
1517787.0,New South Wales NPL 2,835,Australia,Regular Season - 19,False,2026-06-13,16776,20795,Northern Tigers,Inter Lions,1.0,0.0,1.0,0.0,,,,,,,,,Desconocido
1523762.0,Northern NSW NPL,481,Australia,Regular Season - 15,False,2026-06-13,10201,10202,Adamstown Rosebuds,Broadmeadow Magic,1.0,5.0,1.0,0.0,,,,,,,,,Desconocido
1523766.0,Northern NSW NPL,481,Australia,Regular Season - 15,False,2026-06-13,10203,10207,Charlestown City Blues,Lambton Jaffas,1.0,3.0,0.0,2.0,,,,,,,,,Desconocido
1523764.0,Northern NSW NPL,481,Australia,Regular Season - 15,False,2026-06-13,10204,18313,Edgeworth Eagles,Cooks Hill United,0.0,1.0,0.0,1.0,,,,,,,,,Desconocido
1523767.0,Northern NSW NPL,481,Australia,Regular Season - 15,False,2026-06-13,10205,23502,Hamilton Olympic,Kahibah,3.0,3.0,2.0,1.0,,,,,,,,,Desconocido
1523765.0,Northern NSW NPL,481,Australia,Regular Season - 15,False,2026-06-13,10208,10209,Maitland,Valentine,1.0,0.0,1.0,0.0,,,,,,,,,Desconocido
1523763.0,Northern NSW NPL,481,Australia,Regular Season - 15,False,2026-06-13,10210,23500,Weston Bears,Belmont Swansea,2.0,2.0,1.0,1.0,,,,,,,,,Desconocido
1549297.0,Npl Nsw U20,1230,Australia,Regular Season - 19,False,2026-06-13,27805,27812,NWS Spirit U20,Sydney Olympic U20,4.0,2.0,1.0,1.0,,,,,,,,,Desconocido
1549298.0,Npl Nsw U20,1230,Australia,Regular Season - 19,False,2026-06-13,27810,27802,Sutherland Sharks U20,Blacktown City U20,6.0,1.0,3.0,1.0,,,,,,,,,Desconocido
1549296.0,Npl Nsw U20,1230,Australia,Regular Season - 19,False,2026-06-13,27815,27809,WS Wanderers U20,St. George City U20,0.0,2.0,0.0,1.0,,,,,,,,,Desconocido
1549295.0,Npl Nsw U20,1230,Australia,Regular Season - 19,False,2026-06-13,27816,27801,Wollongong Wolves U20,APIA Leichhardt U20,1.0,1.0,0.0,1.0,,,,,,,,,Desconocido
1524033.0,Queensland NPL,482,Australia,Regular Season - 11,False,2026-06-13,10216,10211,Gold Coast United,Brisbane City,0.0,2.0,0.0,2.0,,,,,,,,,Desconocido
1524153.0,Queensland Premier League,833,Australia,Regular Season - 13,False,2026-06-13,20850,9993,Broadbeach United,St George Willawong,4.0,1.0,1.0,0.0,,,,,,,,,Desconocido
1524208.0,Queensland Premier League,833,Australia,Regular Season - 9,False,2026-06-13,27512,11178,Robina City,Holland Park Hawks,1.0,0.0,1.0,0.0,,,,,,,,,Desconocido
1527083.0,South Australia NPL,194,Australia,Regular Season - 14,False,2026-06-13,3789,3785,Adelaide United II,Adelaide City,0.0,0.0,0.0,0.0,,,,,,,,,Desconocido
1527080.0,South Australia NPL,194,Australia,Regular Season - 14,False,2026-06-13,3792,16768,Croydon Kings,Playford City Patriots,4.0,1.0,2.0,1.0,,,,,,,,,Desconocido
1527082.0,South Australia NPL,194,Australia,Regular Season - 14,False,2026-06-13,3793,12866,MetroStars,Sturt Lions,1.0,0.0,0.0,0.0,,,,,,,,,Desconocido
1527081.0,South Australia NPL,194,Australia,Regular Season - 14,False,2026-06-13,3794,16770,Para Hills Knights,FK Beograd,1.0,5.0,0.0,2.0,,,,,,,,,Desconocido
1527318.0,South Australia State League 1,834,Australia,Regular Season - 14,False,2026-06-13,3784,22807,Adelaide Blue Eagles,Salisbury United,3.0,0.0,1.0,0.0,,,,,,,,,Desconocido
1527319.0,South Australia State League 1,834,Australia,Regular Season - 14,False,2026-06-13,16763,10009,Adelaide Cobras,Cumberland United,0.0,2.0,0.0,0.0,,,,,,,,,Desconocido
1527317.0,South Australia State League 1,834,Australia,Regular Season - 14,False,2026-06-13,3788,3795,Adelaide Raiders,South Adelaide Panthers,3.0,2.0,2.0,0.0,,,,,,,,,Desconocido
1527380.0,South Australia State League 1,834,Australia,Regular Season - 14,False,2026-06-13,16767,16765,Fulham United,Adelaide Victory,4.0,1.0,2.0,0.0,,,,,,,,,Desconocido
1529249.0,Tasmania NPL,648,Australia,Regular Season - 11,False,2026-06-13,14099,14106,Clarence Zebras,South Hobart,1.0,3.0,0.0,1.0,,,,,,,,,Desconocido
1529251.0,Tasmania NPL,648,Australia,Regular Season - 11,False,2026-06-13,14101,14105,Glenorchy Knights,Riverside,1.0,1.0,0.0,1.0,,,,,,,,,Desconocido
1529253.0,Tasmania NPL,648,Australia,Regular Season - 11,False,2026-06-13,27675,14102,South East Utd.,Kingborough Lions,0.0,9.0,0.0,7.0,,,,,,,,,Desconocido
1533106.0,Tasmania Northern Championship,1091,Australia,Regular Season - 10,False,2026-06-13,23509,23507,Launceston U21,Burnie Utd.,4.0,3.0,2.0,1.0,,,,,,,,,Desconocido
1533104.0,Tasmania Northern Championship,1091,Australia,Regular Season - 10,False,2026-06-13,23511,23510,Northern Rangers,Launceston United U21,10.0,0.0,6.0,0.0,,,,,,,,,Desconocido
1533105.0,Tasmania Northern Championship,1091,Australia,Regular Season - 10,False,2026-06-13,23513,23508,Somerset,Devonport U21,2.0,2.0,1.0,2.0,,,,,,,,,Desconocido
1533028.0,Tasmania Southern Championship,1093,Australia,Regular Season - 10,False,2026-06-13,23521,23527,Clarence Zebras II,South Hobart II,1.0,3.0,1.0,2.0,,,,,,,,,Desconocido
1533027.0,Tasmania Southern Championship,1093,Australia,Regular Season - 10,False,2026-06-13,23523,23522,Hobart City,Glenorchy Knights U21,3.0,1.0,2.0,1.0,,,,,,,,,Desconocido
1533026.0,Tasmania Southern Championship,1093,Australia,Regular Season - 10,False,2026-06-13,23524,23529,Hobart Utd.,University of Tasmania,2.0,3.0,1.0,1.0,,,,,,,,,Desconocido
1533025.0,Tasmania Southern Championship,1093,Australia,Regular Season - 10,False,2026-06-13,23525,23528,New Town,Taroona,0.0,1.0,0.0,0.0,,,,,,,,,Desconocido
1522127.0,Victoria NPL 2,836,Australia,Regular Season - 17,False,2026-06-13,16781,22823,Bulleen Lions,Melbourne Victory II,2.0,4.0,0.0,2.0,,,,,,,,,Desconocido
1522124.0,Victoria NPL 2,836,Australia,Regular Season - 17,False,2026-06-13,16783,16784,Langwarrin,Manningham United Blues,4.0,1.0,1.0,0.0,,,,,,,,,Desconocido
1522126.0,Victoria NPL 2,836,Australia,Regular Season - 17,False,2026-06-13,16787,16788,North Geelong Warriors,Northcote City,2.0,1.0,1.0,1.0,,,,,,,,,Desconocido
1522125.0,Victoria NPL 2,836,Australia,Regular Season - 17,False,2026-06-13,25418,24077,North Sunshine Eagles,Melbourne Srbija,1.0,2.0,0.0,0.0,,,,,,,,,Desconocido
1522128.0,Victoria NPL 2,836,Australia,Regular Season - 17,False,2026-06-13,20784,3810,Western United II,Port Melbourne,0.0,0.0,0.0,0.0,,,,,,,,,Desconocido
1541316.0,Victoria Premier League 2,1226,Australia,Regular Season - 17,False,2026-06-13,16782,9977,Goulburn Valley Suns,Eastern Lions,2.0,1.0,0.0,1.0,,,,,,,,,Desconocido
1541436.0,Victoria Premier League 2,1226,Australia,Regular Season - 17,False,2026-06-13,27698,27696,Malvern,Essendon Royals SC,2.0,4.0,1.0,3.0,,,,,,,,,Desconocido
1527210.0,Western Australia NPL,196,Australia,Regular Season - 14,False,2026-06-13,3812,3814,Armadale,Bayswater City,0.0,5.0,0.0,1.0,,,,,,,,,Desconocido
1527215.0,Western Australia NPL,196,Australia,Regular Season - 14,False,2026-06-13,23530,23196,Dianella White Eagle,Western Knights,1.0,0.0,0.0,0.0,,,,,,,,,Desconocido
1527214.0,Western Australia NPL,196,Australia,Regular Season - 14,False,2026-06-13,21025,3813,Fremantle City,Balcatta,5.0,2.0,3.0,1.0,,,,,,,,,Desconocido
1527212.0,Western Australia NPL,196,Australia,Regular Season - 14,False,2026-06-13,3820,3819,Perth Glory II,Perth,2.0,4.0,2.0,1.0,,,,,,,,,Desconocido
1527213.0,Western Australia NPL,196,Australia,Regular Season - 14,False,2026-06-13,3824,3823,Stirling Lions,Sorrento,0.0,1.0,0.0,1.0,,,,,,,,,Desconocido
1535496.0,Western Australia State League 1,1094,Australia,Regular Season - 12,False,2026-06-13,25701,10093,Joondalup City,Gwelup Croatia,2.0,1.0,1.0,0.0,,,,,,,,,Desconocido
1535500.0,Western Australia State League 1,1094,Australia,Regular Season - 12,False,2026-06-13,23531,3818,Kingsley Westside,Inglewood United,0.0,1.0,0.0,1.0,,,,,,,,,Desconocido
1535498.0,Western Australia State League 1,1094,Australia,Regular Season - 12,False,2026-06-13,23532,3815,Murdoch Melville,Cockburn City,2.0,3.0,0.0,1.0,,,,,,,,,Desconocido
1535499.0,Western Australia State League 1,1094,Australia,Regular Season - 12,False,2026-06-13,27636,25700,Quinns FC,Curtin University,2.0,2.0,1.0,1.0,,,,,,,,,Desconocido
1535497.0,Western Australia State League 1,1094,Australia,Regular Season - 12,False,2026-06-13,21034,22493,Subiaco,Mandurah City,3.0,5.0,1.0,3.0,,,,,,,,,Desconocido
1535495.0,Western Australia State League 1,1094,Australia,Regular Season - 12,False,2026-06-13,23533,3817,UWA Nedlands,Floreat Athena,3.0,2.0,0.0,2.0,,,,,,,,,Desconocido
1464663.0,Landesliga - Oberosterreich,227,Austria,Oberösterreich - 30,True,2026-06-13,8294,1406,Bad Schallerbach,SK Vorwarts Steyr,4.0,2.0,,,,,,,,,,,Desconocido
1464670.0,Landesliga - Oberosterreich,227,Austria,Oberösterreich - 30,True,2026-06-13,8296,19191,Friedburg / Pöndorf,Bad Ischl,3.0,2.0,,,,,,,,,,,Desconocido
1464664.0,Landesliga - Oberosterreich,227,Austria,Oberösterreich - 30,True,2026-06-13,8297,8299,Grün Weiß Micheldorf,Pregarten,0.0,0.0,,,,,,,,,,,Desconocido
1464669.0,Landesliga - Oberosterreich,227,Austria,Oberösterreich - 30,True,2026-06-13,26573,4963,Gschwandt,Union Edelweiß,2.0,2.0,,,,,,,,,,,Desconocido
1464667.0,Landesliga - Oberosterreich,227,Austria,Oberösterreich - 30,True,2026-06-13,8298,8304,Mondsee,Union Perg,4.0,2.0,,,,,,,,,,,Desconocido
1464665.0,Landesliga - Oberosterreich,227,Austria,Oberösterreich - 30,True,2026-06-13,19192,4964,Ostermiething,Union Vöcklamarkt,3.0,2.0,,,,,,,,,,,Desconocido
1464666.0,Landesliga - Oberosterreich,227,Austria,Oberösterreich - 30,True,2026-06-13,8302,4979,St. Martin i.M.,Oedt,2.0,2.0,,,,,,,,,,,Desconocido
1464668.0,Landesliga - Oberosterreich,227,Austria,Oberösterreich - 30,True,2026-06-13,21728,8305,Vortuna Bad Leonfelden,Weißkirchen / Allhaming,3.0,1.0,,,,,,,,,,,Desconocido
1464907.0,Landesliga - Salzburg,228,Austria,Salzburg - 30,True,2026-06-13,26574,8314,Anthering,Neumarkt,2.0,2.0,,,,,,,,,,,Desconocido
1464905.0,Landesliga - Salzburg,228,Austria,Salzburg - 30,True,2026-06-13,8309,15138,Bramberg,Siezenheim,3.0,6.0,,,,,,,,,,,Desconocido
1464904.0,Landesliga - Salzburg,228,Austria,Salzburg - 30,True,2026-06-13,8311,8316,Eugendorf,Thalgau,3.0,0.0,,,,,,,,,,,Desconocido
1464908.0,Landesliga - Salzburg,228,Austria,Salzburg - 30,True,2026-06-13,4974,8315,Grödig,Puch,3.0,0.0,,,,,,,,,,,Desconocido
1464903.0,Landesliga - Salzburg,228,Austria,Salzburg - 30,True,2026-06-13,8313,4985,Hallwang,Straßwalchen,2.0,5.0,,,,,,,,,,,Desconocido
1464910.0,Landesliga - Salzburg,228,Austria,Salzburg - 30,True,2026-06-13,11215,19190,Salzburger AK,SV Schwarzach,2.0,1.0,,,,,,,,,,,Desconocido
1464909.0,Landesliga - Salzburg,228,Austria,Salzburg - 30,True,2026-06-13,19315,10164,UFC Hallein,Anif,8.0,3.0,,,,,,,,,,,Desconocido
1464906.0,Landesliga - Salzburg,228,Austria,Salzburg - 30,True,2026-06-13,21727,8310,Union Henndorf,Bürmoos,1.0,1.0,,,,,,,,,,,Desconocido
1465328.0,Landesliga - Tirol,230,Austria,Tirol - 26,True,2026-06-13,17203,8335,Innsbrucker AC,Fügen,2.0,3.0,,,,,,,,,,,Desconocido
1465330.0,Landesliga - Tirol,230,Austria,Tirol - 26,True,2026-06-13,8336,8342,Kematen,Silz / Mötz,2.0,3.0,,,,,,,,,,,Desconocido
1465326.0,Landesliga - Tirol,230,Austria,Tirol - 26,True,2026-06-13,8338,8339,Kundl,Mils,4.0,3.0,,,,,,,,,,,Desconocido
1465327.0,Landesliga - Tirol,230,Austria,Tirol - 26,True,2026-06-13,8343,8348,St. Johann in Tirol,Völs,2.0,2.0,,,,,,,,,,,Desconocido
1465329.0,Landesliga - Tirol,230,Austria,Tirol - 26,True,2026-06-13,8344,12875,Swarovski Tirol II,Telfs,2.0,1.0,,,,,,,,,,,Desconocido
1465332.0,Landesliga - Tirol,230,Austria,Tirol - 26,True,2026-06-13,8347,8334,Volders,Ebbs,0.0,5.0,,,,,,,,,,,Desconocido
1465331.0,Landesliga - Tirol,230,Austria,Tirol - 26,True,2026-06-13,4999,19308,Wörgl,Oberperfuss,3.0,1.0,,,,,,,,,,,Desconocido
1465513.0,Landesliga - Vorarlbergliga,231,Austria,Vorarlberg - 26,True,2026-06-13,8254,8258,Austria Lustenau II,Röthis,3.0,3.0,,,,,,,,,,,Desconocido
1465509.0,Landesliga - Vorarlbergliga,231,Austria,Vorarlberg - 26,True,2026-06-13,8353,8354,Bizau,Blau-Weiß Feldkirch,1.0,3.0,,,,,,,,,,,Desconocido
1465511.0,Landesliga - Vorarlbergliga,231,Austria,Vorarlberg - 26,True,2026-06-13,4973,8355,Dornbirner SV,FC Egg,5.0,2.0,,,,,,,,,,,Desconocido
1465514.0,Landesliga - Vorarlbergliga,231,Austria,Vorarlberg - 26,True,2026-06-13,4991,8360,Hard,Ludesch,2.0,1.0,,,,,,,,,,,Desconocido
1465510.0,Landesliga - Vorarlbergliga,231,Austria,Vorarlberg - 26,True,2026-06-13,8359,8350,Lochau,Admira Dornbirn,3.0,0.0,,,,,,,,,,,Desconocido
1465512.0,Landesliga - Vorarlbergliga,231,Austria,Vorarlberg - 26,True,2026-06-13,8362,15137,Nenzing,Rotenberg,1.0,5.0,,,,,,,,,,,Desconocido
1465508.0,Landesliga - Vorarlbergliga,231,Austria,Vorarlberg - 26,True,2026-06-13,4968,8357,Wolfurt,Göfis,0.0,1.0,,,,,,,,,,,Desconocido
1398959.0,Regionalliga - West,223,Austria,West - 34,True,2026-06-13,8260,4945,Bischofshofen,Hohenems,3.0,7.0,2.0,4.0,,,,,,,,,Desconocido
1398961.0,Regionalliga - West,223,Austria,West - 34,True,2026-06-13,4947,4958,Kitzbühel,Seekirchen,4.0,1.0,1.0,1.0,,,,,,,,,Desconocido
1398962.0,Regionalliga - West,223,Austria,West - 34,True,2026-06-13,8255,4948,Lauterach,Kufstein,6.0,2.0,3.0,1.0,,,,,,,,,Desconocido
1398960.0,Regionalliga - West,223,Austria,West - 34,True,2026-06-13,8361,4994,Lustenau,TSV St. Johann,3.0,1.0,2.0,0.0,,,,,,,,,Desconocido
1398963.0,Regionalliga - West,223,Austria,West - 34,True,2026-06-13,4980,4255,Pinzgau Saalfelden,Dornbirn,2.0,1.0,2.0,0.0,,,,,,,,,Desconocido
1398965.0,Regionalliga - West,223,Austria,West - 34,True,2026-06-13,1073,8256,Wacker Innsbruck,Rheindorf Altach II,5.0,0.0,3.0,0.0,,,,,,,,,Desconocido
1398966.0,Regionalliga - West,223,Austria,West - 34,True,2026-06-13,8261,4981,Wals-Grünau,SVG Reichenau,3.0,1.0,1.0,1.0,,,,,,,,,Desconocido
1534532.0,1. Division,117,Belarus,Regular Season - 11,False,2026-06-13,7802,392,Bumprom,Shakhter Soligorsk,6.0,2.0,3.0,2.0,,,,,,,,,Desconocido
1534333.0,1. Division,117,Belarus,Regular Season - 11,False,2026-06-13,7798,2433,Molodechno-DYuSSh 4,FC Energetik-Bgu Minsk,1.0,4.0,1.0,0.0,,,,,,,,,Desconocido
1534334.0,1. Division,117,Belarus,Regular Season - 11,False,2026-06-13,3390,3387,Orsha,Lida,1.0,2.0,0.0,1.0,,,,,,,,,Desconocido
1534332.0,1. Division,117,Belarus,Regular Season - 11,False,2026-06-13,3392,13149,Slonim,Ostrovets FC,1.0,1.0,0.0,0.0,,,,,,,,,Desconocido
1534336.0,1. Division,117,Belarus,Regular Season - 11,False,2026-06-13,18857,379,Uni Minsk,FC Slutsk,0.0,1.0,0.0,0.0,,,,,,,,,Desconocido
1534337.0,1. Division,117,Belarus,Regular Season - 11,False,2026-06-13,3395,4273,Volna,Osipovichy,2.0,1.0,0.0,0.0,,,,,,,,,Desconocido
1525887.0,Premier League,116,Belarus,Regular Season - 11,False,2026-06-13,3383,380,Baranovichi,FC Minsk,2.0,1.0,0.0,1.0,,,,,,,,,V. Poltarzhitsky
1525891.0,Premier League,116,Belarus,Regular Season - 11,False,2026-06-13,386,387,Dinamo Brest,Neman,1.0,3.0,1.0,1.0,,,,,,,,,A. Lashuk
1525889.0,Premier League,116,Belarus,Regular Season - 11,False,2026-06-13,394,389,Dinamo Minsk,FC Gomel,2.0,1.0,2.0,0.0,,,,,,,,,S. Stetsurin
1525893.0,Premier League,116,Belarus,Regular Season - 11,False,2026-06-13,7808,382,ML Vitebsk,FC Vitebsk,1.0,2.0,0.0,1.0,,,,,,,,,Y. Yasianovich
1522988.0,Championnat National,415,Benin,Regular Season - 33,False,2026-06-13,5468,16418,AS Sobemap,AS Cotonou,1.0,0.0,0.0,0.0,,,,,,,,,Desconocido
1522989.0,Championnat National,415,Benin,Regular Season - 33,False,2026-06-13,5454,16422,ASVO,Damissa,2.0,0.0,1.0,0.0,,,,,,,,,Desconocido
1522990.0,Championnat National,415,Benin,Regular Season - 33,False,2026-06-13,5456,25025,Ayema,Kraké,1.0,1.0,,,,,,,,,,,Desconocido
1522991.0,Championnat National,415,Benin,Regular Season - 33,False,2026-06-13,5457,20668,Buffles,Bani Gansè,1.0,1.0,1.0,0.0,,,,,,,,,Desconocido
1522992.0,Championnat National,415,Benin,Regular Season - 33,False,2026-06-13,16420,5459,Cavaliers,Dragons,2.0,1.0,,,,,,,,,,,Desconocido
1522993.0,Championnat National,415,Benin,Regular Season - 33,False,2026-06-13,16421,5464,Dadjè,JSP,0.0,3.0,,,,,,,,,,,Desconocido
1522994.0,Championnat National,415,Benin,Regular Season - 33,False,2026-06-13,5460,18113,Dynamo Abomey,Coton Sport Ouidah,2.0,1.0,1.0,0.0,,,,,,,,,Desconocido
1522995.0,Championnat National,415,Benin,Regular Season - 33,False,2026-06-13,16425,16427,Espoir Savalou,Hodio,2.0,1.0,,,,,,,,,,,Desconocido
1522996.0,Championnat National,415,Benin,Regular Season - 33,False,2026-06-13,18114,5453,Loto Popo,ASPAC,1.0,0.0,0.0,0.0,,,,,,,,,Desconocido
1543577.0,Premier League,1031,Bhutan,Regular Season,False,2026-06-13,19005,27725,RTC,Drukpa,1.0,1.0,0.0,0.0,,,,,,,,,Desconocido
1543621.0,Baiano - 2,613,Brazil,Regular Season - 7,False,2026-06-13,7858,1200,Jacobina,Fluminense De Feira,0.0,6.0,0.0,5.0,,,,,,,,,Desconocido
1549399.0,Baiano U20,1073,Brazil,Round of 16,True,2026-06-13,12954,20760,Bahia U20,Juazeirense U20,7.0,1.0,,,,,,,,,,,Desconocido
1549396.0,Baiano U20,1073,Brazil,Round of 16,True,2026-06-13,18326,23274,Camaçariense U20,Atlético Alagoinhas U20,1.0,2.0,,,,,,,,,,,Desconocido
1549400.0,Baiano U20,1073,Brazil,Round of 16,True,2026-06-13,25813,23278,Fluminense de Feira U20,Estrela De Marco U20,1.0,0.0,,,,,,,,,,,Desconocido
1549397.0,Baiano U20,1073,Brazil,Round of 16,True,2026-06-13,25814,23284,Galícia U20,SSA U20,2.0,3.0,0.0,1.0,,,,,,,,,Desconocido
1549401.0,Baiano U20,1073,Brazil,Round of 16,True,2026-06-13,13017,13073,Jacuipense U20,Vitória da Conquista U20,2.0,1.0,,,,,,,,,,,Desconocido
1549402.0,Baiano U20,1073,Brazil,Round of 16,True,2026-06-13,25815,23276,Porto BA U20,Barcelona BA U20,1.0,1.0,,,,,,,,,,,Desconocido
1549398.0,Baiano U20,1073,Brazil,Round of 16,True,2026-06-13,13072,23279,Vitória U20,Grapiuna U20,3.0,0.0,2.0,0.0,,,,,,,,,Desconocido
1546247.0,Brasiliense U20,1100,Brazil,Regular Season - 5,False,2026-06-13,16737,25932,Planaltina DF U20,Santa Maria U20,3.0,0.0,3.0,0.0,,,,,,,,,Desconocido
1576761.0,Brasiliense U20,1100,Brazil,Regular Season - 5,False,2026-06-13,16472,25930,Planaltina U20,ARUC U20,2.0,0.0,1.0,0.0,,,,,,,,,Desconocido
1576759.0,Brasiliense U20,1100,Brazil,Regular Season - 5,False,2026-06-13,18346,20752,Real Brasília U20,Ceilândia U20,15.0,2.0,9.0,1.0,,,,,,,,,Desconocido
1576760.0,Brasiliense U20,1100,Brazil,Regular Season - 5,False,2026-06-13,23616,27753,Samambaia U20,Brazlândia FC SAF U20,1.0,0.0,0.0,0.0,,,,,,,,,Desconocido
1543282.0,Carioca A2,851,Brazil,1st Phase - 8,True,2026-06-13,13109,4857,Bonsucesso,Resende,0.0,1.0,0.0,1.0,,,,,,,,,Desconocido
1543279.0,Carioca A2,851,Brazil,1st Phase - 8,True,2026-06-13,13114,13104,Olaria,América RJ,2.0,2.0,0.0,1.0,,,,,,,,,Desconocido
1539829.0,Catarinense U20,1076,Brazil,Regular Season - 10,False,2026-06-13,23321,12953,Barra SC U20,Avaí U20,2.0,2.0,1.0,2.0,,,,,,,,,Desconocido
1539828.0,Catarinense U20,1076,Brazil,Regular Season - 10,False,2026-06-13,20755,12999,Figueirense U20,Criciuma U20,0.0,1.0,0.0,0.0,,,,,,,,,Desconocido
1550835.0,Estadual Junior U20,1143,Brazil,Semi-finals,True,2026-06-13,12972,13020,São José PA U20,Juventude U20,1.0,1.0,1.0,1.0,,,,,,,,,Desconocido
1548061.0,Goiano U20,1069,Brazil,Semi-finals,True,2026-06-13,13070,12986,Vila Nova U20,Atlético GO U20,1.0,4.0,0.0,2.0,,,,,,,,,Desconocido
1544785.0,Maranhense - 2,1148,Brazil,Regular Season - 3,False,2026-06-13,26641,7773,Balsas,Cordino,0.0,1.0,0.0,0.0,,,,,,,,,Desconocido
1547675.0,Mineiro - 2,619,Brazil,Regular Season - 3,False,2026-06-13,13081,23247,Democrata SL,Valeriodoce,1.0,2.0,0.0,1.0,,,,,,,,,Desconocido
1547676.0,Mineiro - 2,619,Brazil,Regular Season - 3,False,2026-06-13,12296,13082,Guarani MG,Mamoré,2.0,1.0,1.0,0.0,,,,,,,,,Desconocido
1547678.0,Mineiro - 2,619,Brazil,Regular Season - 3,False,2026-06-13,7869,13129,Villa Nova,Coimbra,3.0,2.0,2.0,0.0,,,,,,,,,Desconocido
1536163.0,Mineiro U20,1107,Brazil,Regular Season - 10,False,2026-06-13,23644,27641,Betim U20,Social U20,2.0,1.0,1.0,0.0,,,,,,,,,Desconocido
1536164.0,Mineiro U20,1107,Brazil,Regular Season - 10,False,2026-06-13,20758,22833,Inter de Minas U20,Coimbra U20,0.0,0.0,0.0,0.0,,,,,,,,,Desconocido
1536161.0,Mineiro U20,1107,Brazil,Regular Season - 10,False,2026-06-13,23649,27642,Minas Boca U20,Sao Joao del Rei U20,2.0,4.0,1.0,3.0,,,,,,,,,Desconocido
1553078.0,Paranaense U20,1071,Brazil,Final,True,2026-06-13,22841,23232,Patriotas U20,Araucaria U20,2.0,1.0,,,,,,,,,,,Desconocido
1547262.0,Paulista - U20,1086,Brazil,Regular Season - 3,False,2026-06-13,12998,18344,Corinthians U20,Portuguesa Santista U20,2.0,0.0,1.0,0.0,,,,,,,,,Desconocido
1547263.0,Paulista - U20,1086,Brazil,Regular Season - 3,False,2026-06-13,12968,13037,Palmeiras U20,Osasco Audax U20,2.0,0.0,0.0,0.0,,,,,,,,,Desconocido
1547265.0,Paulista - U20,1086,Brazil,Regular Season - 3,False,2026-06-13,12973,23466,São Paulo U20,Bandeirante U20,4.0,0.0,2.0,0.0,,,,,,,,,Desconocido
1541274.0,Paulista Série B,1098,Brazil,Regular Season - 9,False,2026-06-13,23575,27691,Flamengo SP,Paulínia FU,1.0,0.0,0.0,0.0,,,,,,,,,Desconocido
1541213.0,Paulista Série B,1098,Brazil,Regular Season - 9,False,2026-06-13,23579,23583,Mauaense,Uniao Mogi,0.0,1.0,0.0,0.0,,,,,,,,,Desconocido
1541212.0,Paulista Série B,1098,Brazil,Regular Season - 9,False,2026-06-13,7816,25772,Mogi Mirim,Santacruzense,1.0,0.0,0.0,0.0,,,,,,,,,Desconocido
1541211.0,Paulista Série B,1098,Brazil,Regular Season - 9,False,2026-06-13,23580,22948,Sao Carlos,Independente SP,2.0,0.0,2.0,0.0,,,,,,,,,Desconocido
1541275.0,Paulista Série B,1098,Brazil,Regular Season - 9,False,2026-06-13,27689,25771,Votoraty,Guarulhos,4.0,2.0,2.0,0.0,,,,,,,,,Desconocido
1526845.0,Serie C,75,Brazil,Regular Season - 10,False,2026-06-13,10862,7852,Amazonas,Anápolis,1.0,0.0,1.0,0.0,,,,,,,,,E. R. de Almeida Andrade
1526849.0,Serie C,75,Brazil,Regular Season - 10,False,2026-06-13,138,7770,Guarani Campinas,Caxias,2.0,1.0,1.0,0.0,,,,,,,,,M. Oliveira
1538031.0,Serie D,76,Brazil,Regular Season - 10,False,2026-06-13,1203,2229,Altos,Uniclinic Atletico Clube,3.0,2.0,3.0,1.0,,,,,,,,,Desconocido
1538042.0,Serie D,76,Brazil,Regular Season - 10,False,2026-06-13,1195,15617,Ferroviario,Fluminense PI,1.0,0.0,0.0,0.0,,,,,,,,,Desconocido
1538060.0,Serie D,76,Brazil,Regular Season - 10,False,2026-06-13,13094,18799,Piauí,Tirol/CEFAT,2.0,1.0,0.0,0.0,,,,,,,,,Desconocido
1547539.0,Elite Two,813,Cameroon,Relegation Group - 4,False,2026-06-13,5557,27458,Bamboutos,Sable,0.0,2.0,0.0,0.0,,,,,,,,,Desconocido
1547540.0,Elite Two,813,Cameroon,Relegation Group - 4,False,2026-06-13,16527,5558,Foncha ST,Yafoot,0.0,2.0,0.0,2.0,,,,,,,,,Desconocido
1547541.0,Elite Two,813,Cameroon,Relegation Group - 4,False,2026-06-13,10153,16525,Tonnerre,FAP,1.0,0.0,1.0,0.0,,,,,,,,,Desconocido
1547542.0,Elite Two,813,Cameroon,Relegation Group - 4,False,2026-06-13,5413,22588,Union Douala,Bafmeng United,2.0,2.0,1.0,0.0,,,,,,,,,Desconocido
1534051.0,Northern Super League,1182,Canada,Regular season,False,2026-06-13,25896,25899,AFC Toronto W,Montreal Roses W,1.0,1.0,0.0,0.0,,,,,,,,,Desconocido
1534050.0,Northern Super League,1182,Canada,Regular season,False,2026-06-13,25898,25897,Halifax Tides W,Calgary Wild W,2.0,0.0,2.0,0.0,,,,,,,,,Desconocido
1505460.0,Primera División,265,Chile,Regular Season - 15,False,2026-06-13,2315,2331,Colo Colo,Cobresal,3.0,0.0,3.0,0.0,,,,,,,,,D. Flores
1505461.0,Primera División,265,Chile,Regular Season - 15,False,2026-06-13,2330,2320,Coquimbo Unido,O'Higgins,0.0,0.0,0.0,0.0,,,,,,,,,M. Riquelme
1505463.0,Primera División,265,Chile,Regular Season - 15,False,2026-06-13,2325,2318,Everton de Vina,Palestino,1.0,2.0,0.0,2.0,,,,,,,,,J. Cabero
1505464.0,Primera División,265,Chile,Regular Season - 15,False,2026-06-13,2337,2328,Nublense,Huachipato,2.0,2.0,1.0,2.0,,,,,,,,,G. Philippe
1528623.0,League One,170,China,Regular Season - 11,False,2026-06-13,834,5652,Changchun Yatai,Dalian Huayi,2.0,1.0,2.0,1.0,,,,,,,,,P. Li
1528625.0,League One,170,China,Regular Season - 11,False,2026-06-13,1445,23269,Heilongjiang Lava Spring,Guangzhou E-Power,1.0,3.0,0.0,2.0,,,,,,,,,L. Han
1528773.0,League One,170,China,Regular Season - 11,False,2026-06-13,16619,27556,Nanjing City,Ningbo Professional,1.0,2.0,1.0,1.0,,,,,,,,,H. Li
1532749.0,League Two,929,China,Regular Season - 11,False,2026-06-13,5647,27621,BIT,Dalian Yingbo B,1.0,1.0,1.0,1.0,,,,,,,,,S. Chen
1532747.0,League Two,929,China,Regular Season - 11,False,2026-06-13,27620,23132,Dalian Kewei,Changchun Xidu,3.0,0.0,1.0,0.0,,,,,,,,,K. Wu
1532751.0,League Two,929,China,Regular Season - 11,False,2026-06-13,25773,23270,Guangdong Mingtu,Langfang Glory City,1.0,1.0,0.0,0.0,,,,,,,,,W. Junyou
1532752.0,League Two,929,China,Regular Season - 11,False,2026-06-13,5665,25839,Jiangxi Liansheng,Chengdu Rongcheng II,1.0,0.0,1.0,0.0,,,,,,,,,F. Mu
1532753.0,League Two,929,China,Regular Season - 11,False,2026-06-13,21328,20674,Rizhao Yuqi,Xi'an Ronghai,0.0,0.0,0.0,0.0,,,,,,,,,Cao Zigang
1532750.0,League Two,929,China,Regular Season - 11,False,2026-06-13,23288,19319,Shandong Taishan II,Nantong Haimen Codion,0.0,0.0,0.0,0.0,,,,,,,,,C. Wu
1532748.0,League Two,929,China,Regular Season - 11,False,2026-06-13,27619,19321,Shanghai Second,Tai'an Tiankuang,0.0,0.0,0.0,0.0,,,,,,,,,Y. Hu
1532754.0,League Two,929,China,Regular Season - 11,False,2026-06-13,17272,27622,Yichun Grand Tiger,Xiamen Feilu,1.0,0.0,1.0,0.0,,,,,,,,,W. Haidong
1490729.0,1. Liga U19,668,Czech-Republic,Regular Season - 30,False,2026-06-13,14836,14831,Pardubice U19,Hradec Králové U19,3.0,2.0,2.0,1.0,,,,,,,,,Desconocido
1490731.0,1. Liga U19,668,Czech-Republic,Regular Season - 30,False,2026-06-13,21560,19200,Slovan Liberec U19,Dukla Praha U19,2.0,3.0,0.0,3.0,,,,,,,,,Desconocido
1490727.0,1. Liga U19,668,Czech-Republic,Regular Season - 30,False,2026-06-13,14839,7933,Zbrojovka Brno U19,Slavia Praha U19,3.0,2.0,1.0,2.0,,,,,,,,,Desconocido
1490734.0,1. Liga U19,668,Czech-Republic,Regular Season - 30,False,2026-06-13,14840,14830,Zlín U19,Baník Ostrava U19,0.0,2.0,0.0,2.0,,,,,,,,,Desconocido
1487463.0,3. liga - MSFL,349,Czech-Republic,MSFL - 32,True,2026-06-13,7276,7297,Blansko,Hodonín,3.0,2.0,2.0,1.0,,,,,,,,,Desconocido
1487471.0,3. liga - MSFL,349,Czech-Republic,MSFL - 32,True,2026-06-13,7377,15134,Vsetín,Karviná II,1.0,2.0,0.0,1.0,,,,,,,,,Desconocido
1551284.0,3. liga - Promotion Play-off,1010,Czech-Republic,Play Offs,True,2026-06-13,7270,7307,Arsenal Česká Lípa,Kladno,2.0,3.0,1.0,1.0,,,,,,,,,Desconocido
1489870.0,4. liga - Divizie A,350,Czech-Republic,Division A - 30,True,2026-06-13,7299,7273,Hořovicko,Benešov,0.0,3.0,0.0,1.0,,,,,,,,,Desconocido
1489869.0,4. liga - Divizie A,350,Czech-Republic,Division A - 30,True,2026-06-13,7310,26127,Komárov,Milevsko,5.0,3.0,3.0,1.0,,,,,,,,,Desconocido
1489871.0,4. liga - Divizie A,350,Czech-Republic,Division A - 30,True,2026-06-13,24195,26228,Milin,Křimice,1.0,2.0,0.0,2.0,,,,,,,,,Desconocido
1489872.0,4. liga - Divizie A,350,Czech-Republic,Division A - 30,True,2026-06-13,14005,19639,Povltava FA,Jiskra Domažlice II,5.0,0.0,3.0,0.0,,,,,,,,,Desconocido
1489875.0,4. liga - Divizie A,350,Czech-Republic,Division A - 30,True,2026-06-13,24197,7285,TJ Přeštice,Doubravka,1.0,2.0,0.0,1.0,,,,,,,,,Desconocido
1489874.0,4. liga - Divizie A,350,Czech-Republic,Division A - 30,True,2026-06-13,21646,24224,Tachov,Petřín Plzeň II,1.0,2.0,0.0,2.0,,,,,,,,,Desconocido
1490115.0,4. liga - Divizie B,351,Czech-Republic,Division B - 30,True,2026-06-13,3721,7282,Baník Sokolov,Chomutov,2.0,2.0,1.0,1.0,,,,,,,,,Desconocido
1490108.0,4. liga - Divizie B,351,Czech-Republic,Division B - 30,True,2026-06-13,7316,21649,Louny,Spoje Praha,3.0,6.0,1.0,4.0,,,,,,,,,Desconocido
1490109.0,4. liga - Divizie B,351,Czech-Republic,Division B - 30,True,2026-06-13,7317,24200,Mariánské Lázně,Rapid Psáry,1.0,1.0,1.0,0.0,,,,,,,,,Desconocido
1490111.0,4. liga - Divizie B,351,Czech-Republic,Division B - 30,True,2026-06-13,7327,21985,Olympie Březová,Tempo Praha,0.0,6.0,0.0,4.0,,,,,,,,,Desconocido
1490112.0,4. liga - Divizie B,351,Czech-Republic,Division B - 30,True,2026-06-13,7328,19439,Ostrov,Újezd Praha 4,1.0,0.0,0.0,0.0,,,,,,,,,Desconocido
1490113.0,4. liga - Divizie B,351,Czech-Republic,Division B - 30,True,2026-06-13,7335,7306,Přední Kopanina,Karlovy Vary,0.0,6.0,0.0,4.0,,,,,,,,,Desconocido
1490114.0,4. liga - Divizie B,351,Czech-Republic,Division B - 30,True,2026-06-13,7342,7386,Slaný,Štětí,3.0,1.0,1.0,0.0,,,,,,,,,Desconocido
1489989.0,4. liga - Divizie C,352,Czech-Republic,Division C - 30,True,2026-06-13,7281,7378,Chlumec nad Cidlinou,Vysoké Mýto,1.0,4.0,0.0,3.0,,,,,,,,,Desconocido
1489990.0,4. liga - Divizie C,352,Czech-Republic,Division C - 30,True,2026-06-13,14657,7336,Dobrovice,Přepeře,0.0,1.0,0.0,1.0,,,,,,,,,Desconocido
1489991.0,4. liga - Divizie C,352,Czech-Republic,Division C - 30,True,2026-06-13,7295,7278,Hlinsko,Brandýs nad Labem,0.0,7.0,0.0,2.0,,,,,,,,,Desconocido
1489992.0,4. liga - Divizie C,352,Czech-Republic,Division C - 30,True,2026-06-13,7324,24192,Náchod,Slovan Hrádek nad Nisou,4.0,0.0,3.0,0.0,,,,,,,,,Desconocido
1489993.0,4. liga - Divizie C,352,Czech-Republic,Division C - 30,True,2026-06-13,24193,14004,Spartak Police n/Metují,Kosmonosy,5.0,1.0,3.0,0.0,,,,,,,,,Desconocido
1489994.0,4. liga - Divizie C,352,Czech-Republic,Division C - 30,True,2026-06-13,26128,24191,Svitavy,Horní Ředice,2.0,4.0,1.0,2.0,,,,,,,,,Desconocido
1489995.0,4. liga - Divizie C,352,Czech-Republic,Division C - 30,True,2026-06-13,7367,19437,Trutnov,Turnov,2.0,4.0,0.0,2.0,,,,,,,,,Desconocido
1489988.0,4. liga - Divizie C,352,Czech-Republic,Division C - 30,True,2026-06-13,7384,19641,Čáslav,Chrudim II,1.0,2.0,0.0,0.0,,,,,,,,,Desconocido
1487616.0,4. liga - Divizie D,353,Czech-Republic,Division D - 30,True,2026-06-13,19424,7292,Dálnice Speřice,Havlíčkův Brod,2.0,2.0,2.0,2.0,,,,,,,,,Desconocido
1487612.0,4. liga - Divizie D,353,Czech-Republic,Division D - 30,True,2026-06-13,24190,7373,FS Třebíč,Velké Meziříčí,3.0,1.0,1.0,0.0,,,,,,,,,Desconocido
1487613.0,4. liga - Divizie D,353,Czech-Republic,Division D - 30,True,2026-06-13,7301,7371,Humpolec,Velká Bíteš,3.0,2.0,2.0,1.0,,,,,,,,,Desconocido
1487615.0,4. liga - Divizie D,353,Czech-Republic,Division D - 30,True,2026-06-13,20825,26124,Sparta Brno,Chotebor,2.0,1.0,1.0,0.0,,,,,,,,,Desconocido
1487618.0,4. liga - Divizie D,353,Czech-Republic,Division D - 30,True,2026-06-13,7388,3734,Ždírec nad Doubravou,Znojmo,2.0,1.0,1.0,0.0,,,,,,,,,Desconocido
1487617.0,4. liga - Divizie D,353,Czech-Republic,Division D - 30,True,2026-06-13,7389,19689,Žďár nad Sázavou,Kuřim,0.0,2.0,0.0,0.0,,,,,,,,,Desconocido
1487718.0,4. liga - Divizie E,354,Czech-Republic,Division E - 30,True,2026-06-13,7279,7351,Brumov,Sokol Lanžhot,0.0,1.0,0.0,0.0,,,,,,,,,Desconocido
1487721.0,4. liga - Divizie E,354,Czech-Republic,Division E - 30,True,2026-06-13,7322,7341,Nové Sady,Skaštice,0.0,2.0,0.0,1.0,,,,,,,,,Desconocido
1487837.0,4. liga - Divizie F,686,Czech-Republic,Division F - 30,True,2026-06-13,21903,16875,Cesky Tesin,Bílovec,0.0,3.0,0.0,1.0,,,,,,,,,Desconocido
1487840.0,4. liga - Divizie F,686,Czech-Republic,Division F - 30,True,2026-06-13,7305,24188,Jiskra Rýmařov,Pustá Polom,2.0,3.0,1.0,2.0,,,,,,,,,Desconocido
1487842.0,4. liga - Divizie F,686,Czech-Republic,Division F - 30,True,2026-06-13,16877,7387,Vratimov,Šumperk,2.0,0.0,2.0,0.0,,,,,,,,,Desconocido
1487843.0,4. liga - Divizie F,686,Czech-Republic,Division F - 30,True,2026-06-13,26129,7323,Zabreh,Nový Jičín,7.0,2.0,2.0,0.0,,,,,,,,,Desconocido
1540537.0,3. Division,862,Denmark,Promotion Group - 32,False,2026-06-13,8634,6012,FA 2000,Brønshøj,2.0,2.0,1.0,1.0,,,,,,,,,Desconocido
1540564.0,3. Division,862,Denmark,Relegation Group - 32,False,2026-06-13,6018,11566,Frem,Sundby,0.0,0.0,0.0,0.0,,,,,,,,,Desconocido
1540565.0,3. Division,862,Denmark,Relegation Group - 32,False,2026-06-13,6027,6068,Holbæk B&I,Vejgaard B,1.0,0.0,0.0,0.0,,,,,,,,,Desconocido
1540538.0,3. Division,862,Denmark,Promotion Group - 32,False,2026-06-13,11507,8635,Hørsholm-Usserød,Næsby,2.0,4.0,1.0,2.0,,,,,,,,,Desconocido
1540566.0,3. Division,862,Denmark,Relegation Group - 32,False,2026-06-13,6038,6046,Lyseng,Odder,3.0,2.0,2.0,0.0,,,,,,,,,Desconocido
1540539.0,3. Division,862,Denmark,Promotion Group - 32,False,2026-06-13,2064,6065,Nykobing FC,Vanløse,5.0,1.0,4.0,0.0,,,,,,,,,Desconocido
1534653.0,Kvindeliga,638,Denmark,Relegation - 10,True,2026-06-13,27630,13985,ASA Aarhus W,Thy ThistedQ W,2.0,1.0,2.0,0.0,,,,,,,,,Desconocido
1534623.0,Kvindeliga,638,Denmark,Championship Group - 10,False,2026-06-13,10883,14243,Brøndby W,AGF W,3.0,0.0,2.0,0.0,,,,,,,,,Desconocido
1534654.0,Kvindeliga,638,Denmark,Relegation - 10,True,2026-06-13,27632,26101,FC Copenhagen W,Midtjylland W,1.0,0.0,1.0,0.0,,,,,,,,,Desconocido
1534624.0,Kvindeliga,638,Denmark,Championship Group - 10,False,2026-06-13,10890,13983,Fortuna Hjørring W,Nordsjælland W,1.0,0.0,1.0,0.0,,,,,,,,,Desconocido
1534625.0,Kvindeliga,638,Denmark,Championship Group - 10,False,2026-06-13,13982,13981,Køge W,KoldingQ W,3.0,1.0,3.0,0.0,,,,,,,,,Desconocido
1534655.0,Kvindeliga,638,Denmark,Relegation - 10,True,2026-06-13,13984,27631,Odense Q W,Osterbro W,1.0,0.0,0.0,0.0,,,,,,,,,Desconocido
1519574.0,Esiliiga A,328,Estonia,Regular Season - 15,False,2026-06-13,3524,14287,Tartu Welco,FC Tallinn,4.0,0.0,1.0,0.0,,,,,,,,,Desconocido
1521620.0,Esiliiga B,1126,Estonia,Regular Season - 15,False,2026-06-13,16718,3522,JK Tabasalu,Tallinna Kalev II,2.0,1.0,1.0,0.0,,,,,,,,,Desconocido
1521621.0,Esiliiga B,1126,Estonia,Regular Season - 15,False,2026-06-13,16962,3531,Tartu Kalev,Tulevik,3.0,4.0,1.0,2.0,,,,,,,,,Desconocido
1513565.0,Meistriliiga,329,Estonia,Regular Season - 15,False,2026-06-13,687,2273,Flora Tallinn,FC Levadia Tallinn,1.0,3.0,1.0,1.0,,,,,,,,,K. Tohver
1513564.0,Meistriliiga,329,Estonia,Regular Season - 15,False,2026-06-13,18657,3526,Laagri,Kuressaare,2.0,3.0,0.0,0.0,,,,,,,,,K. Kulljastinen
1513566.0,Meistriliiga,329,Estonia,Regular Season - 15,False,2026-06-13,3530,3525,Tammeka,Vaprus,0.0,0.0,0.0,0.0,,,,,,,,,J. Frischer
1513568.0,Meistriliiga,329,Estonia,Regular Season - 15,False,2026-06-13,2274,10059,Trans Narva,Nõmme United,1.0,2.0,0.0,1.0,,,,,,,,,K. Laane
1506619.0,1. Deild,366,Faroe-Islands,Regular Season - 13,False,2026-06-13,4185,4187,B36 II,ÍF II,0.0,4.0,0.0,1.0,,,,,,,,,Desconocido
1506620.0,1. Deild,366,Faroe-Islands,Regular Season - 13,False,2026-06-13,4179,4182,HB II,Suduroy,2.0,0.0,2.0,0.0,,,,,,,,,Desconocido
1506621.0,1. Deild,366,Faroe-Islands,Regular Season - 13,False,2026-06-13,10076,4190,Hoyvík,EB / Streymur II,4.0,0.0,1.0,0.0,,,,,,,,,Desconocido
1506622.0,1. Deild,366,Faroe-Islands,Regular Season - 13,False,2026-06-13,4181,4192,NSÍ II,TB,2.0,1.0,0.0,1.0,,,,,,,,,Desconocido
1506483.0,Meistaradeildin,367,Faroe-Islands,Regular Season - 13,False,2026-06-13,4174,580,07 Vestur,Vikingur Gota,2.0,3.0,1.0,0.0,,,,,,,,,H. Ziskason
1506484.0,Meistaradeildin,367,Faroe-Islands,Regular Season - 13,False,2026-06-13,682,678,NSI Runavik,B36 Torshavn,3.0,0.0,2.0,0.0,,,,,,,,,E. Rasmussen
1541622.0,Kakkonen - Lohko A,247,Finland,Group A - 9,False,2026-06-13,1172,9178,HIFK Helsinki,PEPO,2.0,1.0,0.0,0.0,,,,,,,,,Desconocido
1541624.0,Kakkonen - Lohko A,247,Finland,Group A - 9,False,2026-06-13,18596,2243,PuiU Helsinki,MyPa,1.0,1.0,1.0,0.0,,,,,,,,,Desconocido
1541623.0,Kakkonen - Lohko A,247,Finland,Group A - 9,False,2026-06-13,9179,18667,Reipas,Union Plaani,4.0,2.0,1.0,1.0,,,,,,,,,Desconocido
1541508.0,Kakkonen - Lohko B,248,Finland,Group B - 9,False,2026-06-13,9182,13494,EPS,ÅIFK,1.0,2.0,1.0,1.0,,,,,,,,,Desconocido
1541509.0,Kakkonen - Lohko B,248,Finland,Group B - 9,False,2026-06-13,9177,9185,NJS,Ilves II,1.0,7.0,1.0,4.0,,,,,,,,,Desconocido
1541510.0,Kakkonen - Lohko B,248,Finland,Group B - 9,False,2026-06-13,9188,1169,P-Iirot,Honka,1.0,5.0,0.0,1.0,,,,,,,,,Desconocido
1539052.0,Kansallinen Liiga,640,Finland,Regular Season - 9,False,2026-06-13,16383,27659,HPS W,IF Gnistan,4.0,0.0,1.0,0.0,,,,,,,,,Desconocido
1495699.0,Veikkausliiga,244,Finland,Regular Season - 10,False,2026-06-13,2075,649,FF Jaro,HJK Helsinki,2.0,5.0,2.0,1.0,,,,,,,,,"Mohammad Al-Emara, Finland"
1495697.0,Veikkausliiga,244,Finland,Regular Season - 10,False,2026-06-13,1163,1168,Ilves,Turku PS,1.0,0.0,0.0,0.0,,,,,,,,,"Amir Hajizadeh, Finland"
1495698.0,Veikkausliiga,244,Finland,Regular Season - 10,False,2026-06-13,1164,2077,Inter Turku,AC Oulu,0.0,0.0,0.0,0.0,,,,,,,,,"Matti Roth, Finland"
1495701.0,Veikkausliiga,244,Finland,Regular Season - 10,False,2026-06-13,1166,689,Lahti,SJK,2.0,3.0,1.0,1.0,,,,,,,,,"Joni Hyytia, Finland"
1495702.0,Veikkausliiga,244,Finland,Regular Season - 10,False,2026-06-13,587,2082,Mariehamn,Gnistan,0.0,3.0,0.0,2.0,,,,,,,,,"Oliver Reitala, Finland"
1495700.0,Veikkausliiga,244,Finland,Regular Season - 10,False,2026-06-13,650,1165,VPS,KuPS,1.0,1.0,1.0,0.0,,,,,,,,,"Peiman Simani, Finland"
1517193.0,Ykkönen,245,Finland,Group Stage,False,2026-06-13,10199,1171,KPV-j,JJK,2.0,3.0,0.0,2.0,,,,,,,,,Desconocido
1517194.0,Ykkönen,245,Finland,Group Stage,False,2026-06-13,6075,1167,VJS,Rops,0.0,2.0,0.0,1.0,,,,,,,,,Desconocido
1504244.0,Ykkösliiga,1087,Finland,Group Stage,False,2026-06-13,9172,9187,JIPPO,KäPa,3.0,0.0,2.0,0.0,,,,,,,,,A. Ropponen
1551282.0,Championnat D1,968,Gabon,Regular Season - 22,False,2026-06-13,15564,21190,Bouenguidi,FC 105,0.0,2.0,0.0,1.0,,,,,,,,,Desconocido
1551277.0,Championnat D1,968,Gabon,Regular Season - 22,False,2026-06-13,21191,27575,Lozo,Stade Migoveen,1.0,0.0,1.0,0.0,,,,,,,,,Desconocido
1551278.0,Championnat D1,968,Gabon,Regular Season - 22,False,2026-06-13,27625,8089,Ogooue FC,Mangasport,2.0,1.0,2.0,0.0,,,,,,,,,Desconocido
1551279.0,Championnat D1,968,Gabon,Regular Season - 22,False,2026-06-13,8069,27734,Pélican,Oyem AC,1.0,2.0,0.0,0.0,,,,,,,,,Desconocido
1551280.0,Championnat D1,968,Gabon,Regular Season - 22,False,2026-06-13,21193,19865,US Oyem,Stade Mandji,0.0,0.0,0.0,0.0,,,,,,,,,Desconocido
1509140.0,Erovnuli Liga,327,Georgia,Regular Season - 17,False,2026-06-13,3501,13847,Rustavi,Meshakhte,1.0,0.0,0.0,0.0,,,,,,,,,B. Kunchulia
1509141.0,Erovnuli Liga,327,Georgia,Regular Season - 17,False,2026-06-13,10017,685,Samgurali,Torpedo Kutaisi,2.0,1.0,1.0,0.0,,,,,,,,,G. Kruashvili
1507175.0,Erovnuli Liga 2,326,Georgia,Regular Season - 17,False,2026-06-13,14861,14860,Gori,Gareji,1.0,3.0,1.0,2.0,,,,,,,,,Desconocido
1507176.0,Erovnuli Liga 2,326,Georgia,Regular Season - 17,False,2026-06-13,13856,10015,Odishi 1919,Aragvi Dusheti,1.0,1.0,1.0,1.0,,,,,,,,,Desconocido
1507177.0,Erovnuli Liga 2,326,Georgia,Regular Season - 17,False,2026-06-13,581,3507,Samtredia,Kolkheti Poti,2.0,2.0,0.0,1.0,,,,,,,,,Desconocido
1507178.0,Erovnuli Liga 2,326,Georgia,Regular Season - 17,False,2026-06-13,16516,3511,Shturmi,Telavi,0.0,2.0,0.0,1.0,,,,,,,,,Desconocido
1507174.0,Erovnuli Liga 2,326,Georgia,Regular Season - 17,False,2026-06-13,3503,10016,Sioni,Merani Martvili,2.0,0.0,1.0,0.0,,,,,,,,,Desconocido
1514205.0,1. Deild,165,Iceland,Regular Season - 9,False,2026-06-13,2114,4165,Leiknir R.,Vestri,1.0,0.0,0.0,0.0,,,,,,,,,Desconocido
1514206.0,1. Deild,165,Iceland,Regular Season - 9,False,2026-06-13,4166,2123,Völsungur,Njardvik,2.0,1.0,0.0,1.0,,,,,,,,,Desconocido
1545808.0,Cup,167,Iceland,Quarter-finals,True,2026-06-13,267,2121,Fylkir,Grotta,4.0,2.0,0.0,1.0,,,,,,,,,J. I. Jonsson
1492914.0,First Division,358,Ireland,Regular Season - 19,False,2026-06-13,3853,3849,Longford Town,Cobh Ramblers,2.0,1.0,2.0,0.0,,,,,,,,,Desconocido
1527992.0,Premier League,389,Kazakhstan,Regular Season - 13,False,2026-06-13,2259,4554,FK Tobol Kostanay,Kyzyl-Zhar,2.0,0.0,0.0,0.0,,,,,,,,,S. Bayimbet
1527990.0,Premier League,389,Kazakhstan,Regular Season - 13,False,2026-06-13,664,4564,Kairat Almaty,Atyrau,1.0,1.0,1.0,0.0,,,,,,,,,S. Sulikanov
1527995.0,Premier League,389,Kazakhstan,Regular Season - 13,False,2026-06-13,4560,4558,Zhetysu,Okzhetpes,2.0,2.0,0.0,0.0,,,,,,,,,G. Chekhovsky
1550884.0,Super League,277,Kenya,Regular Season - 38,False,2026-06-13,24667,19484,3K,Migori Youth,1.0,1.0,1.0,0.0,,,,,,,,,Desconocido
1550885.0,Super League,277,Kenya,Regular Season - 38,False,2026-06-13,21214,19487,Equity Bank,Mwatate United,2.0,0.0,,,,,,,,,,,Desconocido
1550886.0,Super League,277,Kenya,Regular Season - 38,False,2026-06-13,26876,17897,Gucha Stars,Talanta,3.0,2.0,2.0,2.0,,,,,,,,,Desconocido
1550887.0,Super League,277,Kenya,Regular Season - 38,False,2026-06-13,2487,2466,Kisumu All Stars,Vihiga United FC,1.0,0.0,1.0,0.0,,,,,,,,,Desconocido
1550888.0,Super League,277,Kenya,Regular Season - 38,False,2026-06-13,22230,26664,Luanda Villa,Soy United,0.0,1.0,0.0,1.0,,,,,,,,,Desconocido
1550889.0,Super League,277,Kenya,Regular Season - 38,False,2026-06-13,19482,19480,MCF,Fortune Sacco,0.0,3.0,0.0,0.0,,,,,,,,,Desconocido
1550890.0,Super League,277,Kenya,Regular Season - 38,False,2026-06-13,23407,26663,MOFA,Kabati Youth FC,1.0,1.0,0.0,0.0,,,,,,,,,Desconocido
1550891.0,Super League,277,Kenya,Regular Season - 38,False,2026-06-13,2482,20686,Nairobi City Stars,Darajani Gogo,0.0,3.0,0.0,1.0,,,,,,,,,Desconocido
1550892.0,Super League,277,Kenya,Regular Season - 38,False,2026-06-13,19488,19485,Naivas,Mombasa Elite,1.0,1.0,0.0,1.0,,,,,,,,,Desconocido
1550893.0,Super League,277,Kenya,Regular Season - 38,False,2026-06-13,2469,2497,Nzoia Sugar,Kibera Black Stars,1.0,0.0,1.0,0.0,,,,,,,,,Desconocido
1544670.0,Premier League,330,Kuwait,Regular Season - 18,False,2026-06-13,3532,3537,Al Arabi,Al Qadsia,0.0,0.0,0.0,0.0,,,,,,,,,Desconocido
1544669.0,Premier League,330,Kuwait,Regular Season - 18,False,2026-06-13,3539,3533,Al Tadhamon,Al Fahaheel,1.0,0.0,0.0,0.0,,,,,,,,,Desconocido
1527614.0,Premier League,569,Kyrgyzstan,Regular Season - 12,False,2026-06-13,25765,12238,Bars,Kara-Balta,7.0,0.0,4.0,0.0,,,,,,,,,Desconocido
1527608.0,Premier League,569,Kyrgyzstan,Regular Season - 12,False,2026-06-13,8026,12236,Dordoi Bishkek,Ilbirs,1.0,1.0,1.0,0.0,,,,,,,,,Desconocido
1527612.0,Premier League,569,Kyrgyzstan,Regular Season - 12,False,2026-06-13,21167,12235,Muras United,Alga,1.0,3.0,0.0,1.0,,,,,,,,,Desconocido
1527613.0,Premier League,569,Kyrgyzstan,Regular Season - 12,False,2026-06-13,21168,25767,OshMU Aldier,Ozgon,1.0,4.0,0.0,3.0,,,,,,,,,Desconocido
1529547.0,1. Liga,364,Latvia,Regular Season - 10,False,2026-06-13,4139,23266,JDFS Alberts,Leevon / PPK,0.0,0.0,0.0,0.0,,,,,,,,,Desconocido
1529548.0,1. Liga,364,Latvia,Regular Season - 10,False,2026-06-13,4159,27565,Metta / LU,Super Nova 2,7.0,3.0,5.0,0.0,,,,,,,,,Desconocido
1515858.0,Virsliga,365,Latvia,Regular Season - 17,False,2026-06-13,4135,18834,Auda,FS Jelgava,1.0,1.0,0.0,1.0,,,,,,,,,E. Malcevs
1515857.0,Virsliga,365,Latvia,Regular Season - 17,False,2026-06-13,4138,4160,Grobiņa,Rīgas FS,1.0,3.0,0.0,2.0,,,,,,,,,K. Ratnieks
1515856.0,Virsliga,365,Latvia,Regular Season - 17,False,2026-06-13,18936,10124,Ogre United,Riga,1.0,4.0,0.0,2.0,,,,,,,,,V. Mordatenko
1529742.0,1 Lyga,361,Lithuania,Regular Season - 13,False,2026-06-13,3864,3857,Minija,BFA,3.0,0.0,2.0,0.0,,,,,,,,,Desconocido
1529743.0,1 Lyga,361,Lithuania,Regular Season - 13,False,2026-06-13,3871,16674,Žalgiris II,Garliava,2.0,1.0,1.0,0.0,,,,,,,,,Desconocido
1522824.0,A Lyga,362,Lithuania,Regular Season - 17,False,2026-06-13,612,3858,Suduva Marijampole,Banga,0.0,0.0,0.0,0.0,,,,,,,,,O. Abramavicius
1553096.0,Première Division,598,Mali,Regular Season - 26,False,2026-06-13,17446,8093,Binga,Onze Créateurs,0.0,0.0,0.0,0.0,,,,,,,,,Desconocido
1553094.0,Première Division,598,Mali,Regular Season - 26,False,2026-06-13,25371,6434,Diarra,Stade Malien Bamako,0.0,2.0,0.0,2.0,,,,,,,,,Desconocido
1553095.0,Première Division,598,Mali,Regular Season - 26,False,2026-06-13,12677,18183,Réal Bamako,US Bougouba,4.0,0.0,1.0,0.0,,,,,,,,,Desconocido
1542410.0,Premier League,764,Mongolia,Regular Season - 17,False,2026-06-13,24722,18104,Hunters,Khovd,10.0,1.0,2.0,0.0,,,,,,,,,Desconocido
1542409.0,Premier League,764,Mongolia,Regular Season - 17,False,2026-06-13,26667,26669,Ulaangom City,Khovd Western,0.0,0.0,0.0,0.0,,,,,,,,,Desconocido
1548319.0,Botola 2,201,Morocco,Regular Season - 27,False,2026-06-13,3450,965,Chabab Ben Guerir,Moghreb Tetouan,0.0,0.0,0.0,0.0,,,,,,,,,Desconocido
1548321.0,Botola 2,201,Morocco,Regular Season - 27,False,2026-06-13,3455,970,Raja Beni Mellal,Chabab Atl. Khenifra,0.0,0.0,0.0,0.0,,,,,,,,,Desconocido
1548322.0,Botola 2,201,Morocco,Regular Season - 27,False,2026-06-13,17716,26496,USM Oujda,Union Sportive Boujaad,1.0,0.0,1.0,0.0,,,,,,,,,Desconocido
1548323.0,Botola 2,201,Morocco,Regular Season - 27,False,2026-06-13,3459,966,Wydad Fès,Racing de Casablanca,2.0,2.0,1.0,1.0,,,,,,,,,Desconocido
1550669.0,Tweede Divisie,492,Netherlands,Final,True,2026-06-13,1280,17129,Ijsselmeervogels,Excelsior Maassluis,1.0,0.0,1.0,0.0,,,,,,,,,Desconocido
1535629.0,1. Division Women,915,Norway,Regular Season - 9,False,2026-06-13,22859,22860,Odd W,Viking FK W,3.0,3.0,1.0,2.0,,,,,,,,,Desconocido
1535628.0,1. Division Women,915,Norway,Regular Season - 9,False,2026-06-13,18992,20885,Åsane W,Fyllingsdalen W,1.0,0.0,1.0,0.0,,,,,,,,,Desconocido
1496078.0,2. Division - Group 1,473,Norway,Regular Season - 10,False,2026-06-13,16211,2155,Eik-Tønsberg,Arendal,0.0,0.0,0.0,0.0,,,,,,,,,Desconocido
1496081.0,2. Division - Group 1,473,Norway,Regular Season - 10,False,2026-06-13,2152,7004,Mjondalen,Kvik Halden,3.0,3.0,2.0,1.0,,,,,,,,,Desconocido
1496084.0,2. Division - Group 1,473,Norway,Regular Season - 10,False,2026-06-13,7046,7020,Vidar,Pors Grenland,1.0,1.0,1.0,0.0,,,,,,,,,Desconocido
1496266.0,2. Division - Group 2,474,Norway,Regular Season - 10,False,2026-06-13,2154,6993,Ull/Kisa,Grorud,2.0,1.0,0.0,0.0,,,,,,,,,Desconocido
1496442.0,3. Division - Girone 1,774,Norway,Regular Season - 10,False,2026-06-13,6967,7005,Asker,Lokomotiv Oslo,6.0,0.0,3.0,0.0,,,,,,,,,Desconocido
1496443.0,3. Division - Girone 1,774,Norway,Regular Season - 10,False,2026-06-13,6987,6995,Frigg,Heming,4.0,1.0,1.0,1.0,,,,,,,,,Desconocido
1496444.0,3. Division - Girone 1,774,Norway,Regular Season - 10,False,2026-06-13,18924,7042,Gamle Oslo,Ullern,2.0,3.0,1.0,0.0,,,,,,,,,Desconocido
1496447.0,3. Division - Girone 1,774,Norway,Regular Season - 10,False,2026-06-13,25912,23423,Konnerud,Union Carl Berner,0.0,1.0,0.0,1.0,,,,,,,,,Desconocido
1496445.0,3. Division - Girone 1,774,Norway,Regular Season - 10,False,2026-06-13,16868,6999,SF Grei,IF Ready,3.0,5.0,1.0,1.0,,,,,,,,,Desconocido
1496625.0,3. Division - Girone 2,775,Norway,Regular Season - 10,False,2026-06-13,6996,7014,Herd,Nardo,4.0,1.0,1.0,0.0,,,,,,,,,Desconocido
1496626.0,3. Division - Girone 2,775,Norway,Regular Season - 10,False,2026-06-13,7013,16222,NTNUI,Aalesund II,0.0,1.0,0.0,1.0,,,,,,,,,Desconocido
1496627.0,3. Division - Girone 2,775,Norway,Regular Season - 10,False,2026-06-13,12824,16226,Orkla,Volda,2.0,5.0,0.0,2.0,,,,,,,,,Desconocido
1496629.0,3. Division - Girone 2,775,Norway,Regular Season - 10,False,2026-06-13,10113,12817,Rosenborg II,Molde II,4.0,0.0,4.0,0.0,,,,,,,,,Desconocido
1496630.0,3. Division - Girone 2,775,Norway,Regular Season - 10,False,2026-06-13,12864,7030,Strindheim,Spjelkavik,2.0,4.0,1.0,0.0,,,,,,,,,Desconocido
1496807.0,3. Division - Girone 3,776,Norway,Regular Season - 10,False,2026-06-13,22870,12825,Askøy,Os,3.0,0.0,2.0,0.0,,,,,,,,,Desconocido
1496810.0,3. Division - Girone 3,776,Norway,Regular Season - 10,False,2026-06-13,6990,6980,Fyllingsdalen,Fana,0.0,2.0,0.0,1.0,,,,,,,,,Desconocido
1496809.0,3. Division - Girone 3,776,Norway,Regular Season - 10,False,2026-06-13,18435,7043,Førde,Vard,0.0,1.0,0.0,0.0,,,,,,,,,Desconocido
1496811.0,3. Division - Girone 3,776,Norway,Regular Season - 10,False,2026-06-13,16219,16216,Sogndal II,Djerv,2.0,1.0,1.0,1.0,,,,,,,,,Desconocido
1496812.0,3. Division - Girone 3,776,Norway,Regular Season - 10,False,2026-06-13,19719,18925,Varegg,Gneist,0.0,1.0,0.0,0.0,,,,,,,,,Desconocido
1496988.0,3. Division - Girone 4,777,Norway,Regular Season - 10,False,2026-06-13,6971,12812,Brodd,Mandalskameratene,1.0,3.0,0.0,0.0,,,,,,,,,Desconocido
1496990.0,3. Division - Girone 4,777,Norway,Regular Season - 10,False,2026-06-13,7009,7049,Madla,Åkra,3.0,1.0,0.0,0.0,,,,,,,,,Desconocido
1496994.0,3. Division - Girone 4,777,Norway,Regular Season - 10,False,2026-06-13,7047,18439,Vindbjart,Haugesund II,4.0,0.0,1.0,0.0,,,,,,,,,Desconocido
1497174.0,3. Division - Girone 5,778,Norway,Regular Season - 10,False,2026-06-13,19711,7024,Skedsmo,Skjervøy,2.0,0.0,1.0,0.0,,,,,,,,,Desconocido
1497175.0,3. Division - Girone 5,778,Norway,Regular Season - 10,False,2026-06-13,12865,6994,Strømsgodset II,Harstad,2.0,2.0,2.0,0.0,,,,,,,,,Desconocido
1497352.0,3. Division - Girone 6,779,Norway,Regular Season - 10,False,2026-06-13,22868,18437,Bjørkelangen,Lillehammer,1.0,2.0,0.0,1.0,,,,,,,,,Desconocido
1497353.0,3. Division - Girone 6,779,Norway,Regular Season - 10,False,2026-06-13,6972,16215,Brumunddal,Sarpsborg 08 II,3.0,3.0,2.0,2.0,,,,,,,,,Desconocido
1497358.0,3. Division - Girone 6,779,Norway,Regular Season - 10,False,2026-06-13,6992,21349,Gjøvik-Lyn,Drøbak / Frogn,0.0,0.0,0.0,0.0,,,,,,,,,Desconocido
1497355.0,3. Division - Girone 6,779,Norway,Regular Season - 10,False,2026-06-13,7018,21418,Oppsal,Sandefjord II,4.0,3.0,1.0,2.0,,,,,,,,,Desconocido
1497357.0,3. Division - Girone 6,779,Norway,Regular Season - 10,False,2026-06-13,18930,27278,Råde,Raelingen,7.0,2.0,5.0,1.0,,,,,,,,,Desconocido
1497356.0,3. Division - Girone 6,779,Norway,Regular Season - 10,False,2026-06-13,7052,2156,Ørn Horten,Elverum,0.0,3.0,0.0,1.0,,,,,,,,,Desconocido
1495354.0,Toppserien,725,Norway,Regular Season - 10,False,2026-06-13,25760,22858,Haugesund W,Bodø / Glimt W,2.0,1.0,1.0,1.0,,,,,,,,,M. Hatletvedt
1495355.0,Toppserien,725,Norway,Regular Season - 10,False,2026-06-13,10894,18985,LSK Kvinner W,Fortuna Ålesund W,0.0,3.0,0.0,1.0,,,,,,,,,V. Fjeldvaer
1495356.0,Toppserien,725,Norway,Regular Season - 10,False,2026-06-13,15955,15956,Lyn W,Rosenborg W,4.0,4.0,1.0,2.0,,,,,,,,,M. Holthe
1495357.0,Toppserien,725,Norway,Regular Season - 10,False,2026-06-13,18379,18991,Røa W,Hønefoss W,1.0,1.0,0.0,0.0,,,,,,,,,M. B. Folstad
1495358.0,Toppserien,725,Norway,Regular Season - 10,False,2026-06-13,15953,25761,Stabæk W,Molde W,2.0,1.0,2.0,0.0,,,,,,,,,S. M. Jensen
1495359.0,Toppserien,725,Norway,Regular Season - 10,False,2026-06-13,15535,18380,Vålerenga W,Brann W,0.0,3.0,0.0,1.0,,,,,,,,,K. Jensen
1553040.0,Copa De La Liga,1232,Peru,Group Stage - 1,False,2026-06-13,2551,2560,Carlos A. Mannucci,Alianza Atletico,0.0,1.0,0.0,0.0,,,,,,,,,Desconocido
1553041.0,Copa De La Liga,1232,Peru,Group Stage - 1,False,2026-06-13,10494,2546,Comerciantes,Sporting Cristal,1.0,1.0,0.0,1.0,,,,,,,,,Desconocido
1553042.0,Copa De La Liga,1232,Peru,Group Stage - 1,False,2026-06-13,2550,2562,Deportivo Binacional,Cienciano,0.0,2.0,0.0,0.0,,,,,,,,,Desconocido
1553039.0,Copa De La Liga,1232,Peru,Group Stage - 1,False,2026-06-13,2549,2544,U. San Martin,Sport Boys,2.0,2.0,1.0,0.0,,,,,,,,,Desconocido
1548204.0,Liga Women,1229,Peru,Apertura - 11,True,2026-06-13,27776,27777,Flamengo FBC W,Killas W,3.0,2.0,3.0,1.0,,,,,,,,,Desconocido
1548205.0,Liga Women,1229,Peru,Apertura - 11,True,2026-06-13,27779,27780,U. de Deportes W,UNSAAC W,5.0,0.0,,,,,,,,,,,Desconocido
1536219.0,Second League - Group 1,651,Russia,Group 1 - 12,False,2026-06-13,27644,23315,FK Chayka 2,Nart Cherkessk,1.0,2.0,1.0,1.0,,,,,,,,,Desconocido
1536220.0,Second League - Group 1,651,Russia,Group 1 - 12,False,2026-06-13,17680,27646,Kyzyltash,Izberbash,1.0,2.0,1.0,0.0,,,,,,,,,Desconocido
1536221.0,Second League - Group 1,651,Russia,Group 1 - 12,False,2026-06-13,27647,23314,Lugansk,Angust Nazran,1.0,0.0,0.0,0.0,,,,,,,,,Desconocido
1536222.0,Second League - Group 1,651,Russia,Group 1 - 12,False,2026-06-13,26146,21540,PSK Dinskaya,Astrakhan,1.0,4.0,1.0,1.0,,,,,,,,,Desconocido
1535996.0,Second League - Group 1,651,Russia,Group 1 - 12,False,2026-06-13,23316,2002,Rostov II,Spartak Nalchik,1.0,1.0,1.0,0.0,,,,,,,,,Desconocido
1535997.0,Second League - Group 1,651,Russia,Group 1 - 12,False,2026-06-13,17682,21853,Rubin Yalta,Dynamo Makhachkala II,0.0,0.0,0.0,0.0,,,,,,,,,Desconocido
1535995.0,Second League - Group 1,651,Russia,Group 1 - 12,False,2026-06-13,13240,22171,Sevastopol,Pobeda,2.0,1.0,2.0,0.0,,,,,,,,,Desconocido
1536223.0,Second League - Group 1,651,Russia,Group 1 - 12,False,2026-06-13,27648,6798,Shahter Taganrog,Druzhba,0.0,1.0,0.0,0.0,,,,,,,,,Desconocido
1536379.0,Second League - Group 2,652,Russia,Group 2 - 12,False,2026-06-13,17725,19447,Dinamo St. Petersburg,Dinamo Vologda,1.0,0.0,0.0,0.0,,,,,,,,,Desconocido
1536380.0,Second League - Group 2,652,Russia,Group 2 - 12,False,2026-06-13,27645,6812,Iskra Smolensk,Luki-Energiya,1.0,1.0,1.0,1.0,,,,,,,,,Desconocido
1536602.0,Second League - Group 3,650,Russia,Group 3 - 12,False,2026-06-13,2009,6823,Avangard Kursk,Ryazan,0.0,0.0,0.0,0.0,,,,,,,,,Desconocido
1536606.0,Second League - Group 3,650,Russia,Group 3 - 12,False,2026-06-13,19451,12840,FK Spartak Tambov,Rotor-2,1.0,0.0,1.0,0.0,,,,,,,,,Desconocido
1536605.0,Second League - Group 3,650,Russia,Group 3 - 12,False,2026-06-13,17721,6826,SKA Khabarovsk II,Salyut-Belgorod,0.0,1.0,0.0,0.0,,,,,,,,,Desconocido
1536604.0,Second League - Group 3,650,Russia,Group 3 - 12,False,2026-06-13,6827,14124,Saturn Ramenskoye,Volna Nizhegorodskaya,0.0,3.0,0.0,1.0,,,,,,,,,Desconocido
1536600.0,Second League - Group 3,650,Russia,Group 3 - 12,False,2026-06-13,26148,6807,Shumbrat,Kvant,4.0,0.0,2.0,0.0,,,,,,,,,Desconocido
1536601.0,Second League - Group 3,650,Russia,Group 3 - 12,False,2026-06-13,6829,23318,Strogino,Orel,2.0,3.0,1.0,1.0,,,,,,,,,Desconocido
1536603.0,Second League - Group 3,650,Russia,Group 3 - 12,False,2026-06-13,16866,6815,Zenit Penza,Metallurg Lipetsk,2.0,3.0,0.0,1.0,,,,,,,,,Desconocido
1527847.0,Second League A - Division A Gold,1025,Russia,Spring Season Gold - 18,True,2026-06-13,6802,6814,Kaluga,Mashuk-KMV,3.0,0.0,1.0,0.0,,,,,,,,,Desconocido
1527849.0,Second League A - Division A Gold,1025,Russia,Spring Season Gold - 18,True,2026-06-13,3984,665,Tekstilshchik,Irtysh Omsk,2.0,0.0,0.0,0.0,,,,,,,,,Desconocido
1527848.0,Second League A - Division A Gold,1025,Russia,Spring Season Gold - 18,True,2026-06-13,16864,19453,Torpedo Miass,Rodina Moskva II,0.0,3.0,0.0,2.0,,,,,,,,,Desconocido
1527850.0,Second League A - Division A Gold,1025,Russia,Spring Season Gold - 18,True,2026-06-13,6833,6811,Veles,Leningradets,1.0,1.0,1.0,0.0,,,,,,,,,Desconocido
1527851.0,Second League A - Division A Gold,1025,Russia,Spring Season Gold - 18,True,2026-06-13,2004,6819,Volgar Astrakhan,Novosibirsk,1.0,1.0,0.0,0.0,,,,,,,,,Desconocido
1553780.0,Super Cup Women,1233,Russia,Final,True,2026-06-13,23214,14131,Spartak Moskva W,CSKA Moskva W,1.0,0.0,0.0,0.0,,,,,,,,,Desconocido
1534698.0,I Liga - Women,733,Slovakia,Championship Group - 10,False,2026-06-13,15980,10924,Petržalka W,Slovan Bratislava W,0.0,8.0,0.0,5.0,,,,,,,,,Desconocido
1534699.0,I Liga - Women,733,Slovakia,Championship Group - 10,False,2026-06-13,15982,21586,Spartak Myjava W,Tatran Prešov W,11.0,1.0,6.0,0.0,,,,,,,,,Desconocido
1534024.0,I Liga - Women,733,Slovakia,Group Stage,False,2026-06-13,15983,16873,Spartak Trnava W,Ružomberok W,1.0,2.0,0.0,1.0,,,,,,,,,Desconocido
1546282.0,Premier Soccer League,288,South-Africa,Relegation Round,True,2026-06-13,19999,22234,Magesi,Milford FC,1.0,1.0,1.0,0.0,,,,,,,,,Desconocido
1533728.0,WK-League,660,South-Korea,Regular Season - 11,False,2026-06-13,14372,14375,Boeun Sangmu W,Gyeongju W,0.0,3.0,0.0,1.0,,,,,,,,,Desconocido
1533727.0,WK-League,660,South-Korea,Regular Season - 11,False,2026-06-13,14373,14378,Changnyeong W,Seoul W,1.0,2.0,0.0,2.0,,,,,,,,,Desconocido
1550670.0,Primera División RFEF - Play Offs,1006,Spain,Promotion Play Offs,True,2026-06-13,4907,9571,Ponferradina,Celta de Vigo II,0.0,0.0,0.0,0.0,,,,,,,,,Desconocido
1550671.0,Primera División RFEF - Play Offs,1006,Spain,Promotion Play Offs,True,2026-06-13,9418,9593,Zamora,Sabadell,1.0,0.0,1.0,0.0,,,,,,,,,Desconocido
1553695.0,Tercera División RFEF - Promotion - Play-offs,977,Spain,Promotion Play-offs - 1,True,2026-06-13,9397,9895,Leioa,Albacete II,1.0,0.0,1.0,0.0,,,,,,,,,Desconocido
1553696.0,Tercera División RFEF - Promotion - Play-offs,977,Spain,Promotion Play-offs - 1,True,2026-06-13,9651,9862,Tropezón,Arnedo,1.0,0.0,1.0,0.0,,,,,,,,,Desconocido
1495488.0,Damallsvenskan,549,Sweden,Regular Season - 9,False,2026-06-13,15629,11076,AIK W,Djurgården W,3.0,0.0,1.0,0.0,,,,,,,,,A. Oberlauf
1495489.0,Damallsvenskan,549,Sweden,Regular Season - 9,False,2026-06-13,11077,21698,Eskilstuna United W,Malmö FF W,1.0,1.0,0.0,0.0,,,,,,,,,E. Svardsudd
1495490.0,Damallsvenskan,549,Sweden,Regular Season - 9,False,2026-06-13,15630,16483,Hammarby W,Häcken W,0.0,1.0,0.0,1.0,,,,,,,,,T. Olofsson
1495491.0,Damallsvenskan,549,Sweden,Regular Season - 9,False,2026-06-13,10900,16004,Piteå W,Brommapojkarna W,1.0,2.0,1.0,0.0,,,,,,,,,S. Borck-Janeheim
1495492.0,Damallsvenskan,549,Sweden,Regular Season - 9,False,2026-06-13,11075,16008,Rosengård W,Norrköping W,1.0,1.0,0.0,1.0,,,,,,,,,L. Johansson
1495493.0,Damallsvenskan,549,Sweden,Regular Season - 9,False,2026-06-13,11084,11082,Växjö W,Uppsala W,4.0,0.0,4.0,0.0,,,,,,,,,G. Jansizian
1510603.0,Division 2 - Norra Götaland,592,Sweden,Norra Götaland - 12,True,2026-06-13,25569,12573,Skara,Lidköping,4.0,2.0,2.0,1.0,,,,,,,,,Desconocido
1510600.0,Division 2 - Norra Götaland,592,Sweden,Norra Götaland - 12,True,2026-06-13,12618,12571,Tord,IF Karlstad II,1.0,1.0,0.0,1.0,,,,,,,,,Desconocido
1510782.0,Division 2 - Norra Svealand,593,Sweden,Norra Svealand - 12,True,2026-06-13,25574,20838,Bollstanäs,Viggbyholms IK,0.0,0.0,0.0,0.0,,,,,,,,,Desconocido
1510783.0,Division 2 - Norra Svealand,593,Sweden,Norra Svealand - 12,True,2026-06-13,6662,6665,Enskede,Franke,4.0,0.0,2.0,0.0,,,,,,,,,Desconocido
1510787.0,Division 2 - Norra Svealand,593,Sweden,Norra Svealand - 12,True,2026-06-13,12582,6671,Kungsängen,Gute,1.0,1.0,0.0,1.0,,,,,,,,,Desconocido
1510784.0,Division 2 - Norra Svealand,593,Sweden,Norra Svealand - 12,True,2026-06-13,23659,22932,Sunnersta,Falu BS,1.0,0.0,1.0,0.0,,,,,,,,,Desconocido
1515754.0,Division 2 - Norrland,594,Sweden,Norrland - 12,True,2026-06-13,11665,11669,Boden,Skellefteå,1.0,1.0,0.0,1.0,,,,,,,,,Desconocido
1515755.0,Division 2 - Norrland,594,Sweden,Norrland - 12,True,2026-06-13,6679,16604,IFK Luleå,Storfors,0.0,1.0,0.0,0.0,,,,,,,,,Desconocido
1510953.0,Division 2 - Södra Götaland,597,Sweden,Södra Götaland - 12,True,2026-06-13,12612,6701,Berga,Torns,4.0,1.0,4.0,0.0,,,,,,,,,Desconocido
1510954.0,Division 2 - Södra Götaland,597,Sweden,Södra Götaland - 12,True,2026-06-13,25573,20839,Växjö Norra,IFK Trelleborg,1.0,1.0,0.0,0.0,,,,,,,,,Desconocido
1511150.0,Division 2 - Södra Svealand,595,Sweden,Södra Svealand - 12,True,2026-06-13,20835,25570,Farsta,Eker Örebro,4.0,0.0,0.0,0.0,,,,,,,,,Desconocido
1511147.0,Division 2 - Södra Svealand,595,Sweden,Södra Svealand - 12,True,2026-06-13,26890,11660,Fittja,Karlslund,2.0,1.0,0.0,1.0,,,,,,,,,Desconocido
1511148.0,Division 2 - Södra Svealand,595,Sweden,Södra Svealand - 12,True,2026-06-13,6672,11664,Haninge,Örebro Syrianska,3.0,0.0,2.0,0.0,,,,,,,,,Desconocido
1511146.0,Division 2 - Södra Svealand,595,Sweden,Södra Svealand - 12,True,2026-06-13,11670,16745,Sleipner,Rågsved,4.0,4.0,0.0,1.0,,,,,,,,,Desconocido
1511328.0,Division 2 - Västra Götaland,596,Sweden,Västra Götaland - 12,True,2026-06-13,27309,22935,Galtabacks,Kongahälla,1.0,2.0,1.0,2.0,,,,,,,,,Desconocido
1511330.0,Division 2 - Västra Götaland,596,Sweden,Västra Götaland - 12,True,2026-06-13,21359,6693,Jonsered,Qviding FIF,2.0,2.0,0.0,0.0,,,,,,,,,Desconocido
1501408.0,Elitettan,736,Sweden,Regular Season - 9,False,2026-06-13,16001,16032,Alingsås W,Gamla Upsala W,0.0,0.0,0.0,0.0,,,,,,,,,Desconocido
1501409.0,Elitettan,736,Sweden,Regular Season - 9,False,2026-06-13,21693,10893,Elfsborg W,Göteborg W,1.0,1.0,1.0,0.0,,,,,,,,,Desconocido
1501412.0,Elitettan,736,Sweden,Regular Season - 9,False,2026-06-13,15957,16033,Sandviken W,Husqvarna W,3.0,4.0,2.0,1.0,,,,,,,,,Desconocido
1505183.0,Ettan - Norra,563,Sweden,Norra - 12,True,2026-06-13,11659,813,IF Karlstad,Gefle IF,2.0,0.0,1.0,0.0,,,,,,,,,Desconocido
1505181.0,Ettan - Norra,563,Sweden,Norra - 12,True,2026-06-13,16598,16597,Järfälla,Arlanda,2.0,3.0,1.0,1.0,,,,,,,,,Desconocido
1505185.0,Ettan - Norra,563,Sweden,Norra - 12,True,2026-06-13,6700,6699,Stocksund,Sollentuna,3.0,3.0,2.0,1.0,,,,,,,,,Desconocido
1504459.0,Ettan - Södra,564,Sweden,Södra - 12,True,2026-06-13,2168,6706,Angelholms FF,Utsikten,4.0,2.0,2.0,1.0,,,,,,,,,Desconocido
1504460.0,Ettan - Södra,564,Sweden,Södra - 12,True,2026-06-13,2162,6663,Atvidabergs FF,Eskilsminne,4.0,0.0,3.0,0.0,,,,,,,,,Desconocido
1504463.0,Ettan - Södra,564,Sweden,Södra - 12,True,2026-06-13,12601,12657,Olympic,Laholm,3.0,2.0,3.0,1.0,,,,,,,,,Desconocido
1504465.0,Ettan - Södra,564,Sweden,Södra - 12,True,2026-06-13,6702,11675,Trollhättan,Kristianstad,1.0,1.0,0.0,1.0,,,,,,,,,Desconocido
1504466.0,Ettan - Södra,564,Sweden,Södra - 12,True,2026-06-13,6703,764,Tvååker,Jonkopings Sodra,2.0,1.0,2.0,0.0,,,,,,,,,Desconocido
1550882.0,1. Liga Classic - Play-offs,1005,Switzerland,Promotion Play-offs - Final,True,2026-06-13,12705,6652,Langenthal,YF Juventus,1.0,4.0,1.0,2.0,,,,,,,,,Desconocido
1550881.0,1. Liga Classic - Play-offs,1005,Switzerland,Promotion Play-offs - Final,True,2026-06-13,16323,16316,Servette II,Amical Saint-Prex,2.0,4.0,0.0,2.0,,,,,,,,,Desconocido
1550048.0,Premier League,425,Syria,Regular Season - 26,False,2026-06-13,27269,9116,Damascus Al-Ahli,Jabala,4.0,1.0,0.0,0.0,,,,,,,,,Desconocido
1550049.0,Premier League,425,Syria,Regular Season - 26,False,2026-06-13,27267,8040,Khan Shaykhun SC,Jaish,0.0,0.0,0.0,0.0,,,,,,,,,Desconocido
1550047.0,Premier League,425,Syria,Regular Season - 26,False,2026-06-13,9123,24992,Shorta,Al Shouleh,2.0,0.0,1.0,0.0,,,,,,,,,Desconocido
1550050.0,Premier League,425,Syria,Regular Season - 26,False,2026-06-13,9117,27270,Tishreen,Omaya SC,3.0,1.0,2.0,0.0,,,,,,,,,Desconocido
1527700.0,Vysshaya Liga,571,Tajikistan,Regular Season - 11,False,2026-06-13,12270,8031,Barki Tajik,Khujand,1.0,0.0,1.0,0.0,,,,,,,,,Desconocido
1527702.0,Vysshaya Liga,571,Tajikistan,Regular Season - 11,False,2026-06-13,16494,8041,Eskhata,Khosilot Farkhor,1.0,6.0,1.0,2.0,,,,,,,,,Desconocido
1527703.0,Vysshaya Liga,571,Tajikistan,Regular Season - 11,False,2026-06-13,12265,12272,Khatlon,Ravshan,0.0,2.0,0.0,0.0,,,,,,,,,Desconocido
1477240.0,Ligi kuu Bara,567,Tanzania,Regular Season - 26,False,2026-06-13,12190,24353,JKT Tanzania,Singida Black Stars,1.0,2.0,0.0,1.0,,,,,,,,,Desconocido
1477241.0,Ligi kuu Bara,567,Tanzania,Regular Season - 26,False,2026-06-13,22176,5370,Mashujaa,Young Africans,0.0,2.0,0.0,1.0,,,,,,,,,Desconocido
1477237.0,Ligi kuu Bara,567,Tanzania,Regular Season - 26,False,2026-06-13,12194,12195,Mbeya City,Mtibwa Sugar,1.0,0.0,1.0,0.0,,,,,,,,,Desconocido
1532519.0,Ýokary Liga,636,Turkmenistan,Regular Season - 13,False,2026-06-13,13159,21232,Aşgabat,Arkadag,1.0,7.0,0.0,4.0,,,,,,,,,Desconocido
1532520.0,Ýokary Liga,636,Turkmenistan,Regular Season - 13,False,2026-06-13,13157,13158,Köpetdag Aşgabat,Merw,2.0,0.0,0.0,0.0,,,,,,,,,Desconocido
1532521.0,Ýokary Liga,636,Turkmenistan,Regular Season - 13,False,2026-06-13,8039,8020,Nebitci,Ahal,0.0,4.0,0.0,1.0,,,,,,,,,Desconocido
1532522.0,Ýokary Liga,636,Turkmenistan,Regular Season - 13,False,2026-06-13,12903,8023,Şagadam,Altyn Asyr,0.0,2.0,0.0,2.0,,,,,,,,,Desconocido
1513153.0,MLS Next Pro,909,USA,Group Stage,False,2026-06-13,3986,9073,Atlanta United II,Chattanooga,4.0,4.0,0.0,2.0,,,,,,,,,Desconocido
1513150.0,MLS Next Pro,909,USA,Group Stage,False,2026-06-13,23063,21139,Carolina Core,Crown Legacy,2.0,0.0,1.0,0.0,,,,,,,,,Desconocido
1513155.0,MLS Next Pro,909,USA,Group Stage,False,2026-06-13,21140,4026,Huntsville City,Orlando City II,1.0,2.0,1.0,0.0,,,,,,,,,Desconocido
1513152.0,MLS Next Pro,909,USA,Group Stage,False,2026-06-13,4012,4011,Real Monarchs,Portland Timbers II,4.0,1.0,1.0,1.0,,,,,,,,,Desconocido
1513154.0,MLS Next Pro,909,USA,Group Stage,False,2026-06-13,3997,4102,Ventura County,Colorado Rapids II,1.0,1.0,1.0,0.0,,,,,,,,,Desconocido
1493531.0,USL Championship,255,USA,Group Stage,False,2026-06-13,3989,3998,Birmingham Legion,Las Vegas Lights,1.0,2.0,0.0,1.0,,,,,,,,,C. Hernandez
1493532.0,USL Championship,255,USA,Group Stage,False,2026-06-13,3990,4022,Charleston Battery,FC Tulsa,5.0,1.0,3.0,1.0,,,,,,,,,A. Pennington
1493533.0,USL Championship,255,USA,Group Stage,False,2026-06-13,3992,4015,Colorado Springs,Sacramento Republic,0.0,1.0,0.0,0.0,,,,,,,,,G. Flores
1493534.0,USL Championship,255,USA,Group Stage,False,2026-06-13,3993,4009,El Paso Locomotive,Phoenix Rising,1.0,1.0,0.0,0.0,,,,,,,,,B. Stevis
1493535.0,USL Championship,255,USA,Group Stage,False,2026-06-13,20808,4017,Lexington,San Antonio,2.0,0.0,0.0,0.0,,,,,,,,,J. Griggs
1493536.0,USL Championship,255,USA,Group Stage,False,2026-06-13,3999,22855,Loudoun United,Rhode Island,1.0,4.0,0.0,1.0,,,,,,,,,E. Carvajal
1493537.0,USL Championship,255,USA,Group Stage,False,2026-06-13,4000,27252,Louisville City,Brooklyn,2.0,2.0,1.0,1.0,,,,,,,,,E. Lezama
1493538.0,USL Championship,255,USA,Group Stage,False,2026-06-13,4003,4007,New Mexico United,Orange County SC,1.0,1.0,1.0,1.0,,,,,,,,,E. Garcia
1493539.0,USL Championship,255,USA,Group Stage,False,2026-06-13,10874,9030,Oakland Roots,Miami FC,0.0,0.0,0.0,0.0,,,,,,,,,R. Vincze
1493540.0,USL Championship,255,USA,Group Stage,False,2026-06-13,4010,3996,Pittsburgh Riverhounds,Indy Eleven,1.0,0.0,0.0,0.0,,,,,,,,,N. Bensalah
1493541.0,USL Championship,255,USA,Group Stage,False,2026-06-13,25959,9043,Sporting JAX,Detroit City,2.0,6.0,1.0,3.0,,,,,,,,,J. Escobar
1493542.0,USL Championship,255,USA,Group Stage,False,2026-06-13,4021,3995,Tampa Bay Rowdies,Hartford Athletic,0.0,1.0,0.0,1.0,,,,,,,,,B. Jensen
1493857.0,USL League One,489,USA,Group Stage,False,2026-06-13,25838,22785,Alta,Spokane Velocity,1.0,0.0,0.0,0.0,,,,,,,,,Desconocido
1493858.0,USL League One,489,USA,Group Stage,False,2026-06-13,3991,25485,Charlotte Independence,Naples,4.0,3.0,1.0,1.0,,,,,,,,,Desconocido
1493859.0,USL League One,489,USA,Group Stage,False,2026-06-13,4043,4024,Corpus Christi,Richmond Kickers,1.0,0.0,0.0,0.0,,,,,,,,,Desconocido
1493861.0,USL League One,489,USA,Group Stage,False,2026-06-13,9025,27251,Forward Madison,Boise,5.0,1.0,1.0,0.0,,,,,,,,,Desconocido
1493862.0,USL League One,489,USA,Group Stage,False,2026-06-13,18905,9033,One Knoxville,NY Cosmos,3.0,1.0,2.0,0.0,,,,,,,,,Desconocido
1493863.0,USL League One,489,USA,Group Stage,False,2026-06-13,25486,9016,Portland Hearts of Pine,Chattanooga Red Wolves,1.0,2.0,0.0,1.0,,,,,,,,,Desconocido
1493864.0,USL League One,489,USA,Group Stage,False,2026-06-13,21289,10283,Sarasota Paradise,Union Omaha,2.0,0.0,0.0,0.0,,,,,,,,,Desconocido
1524891.0,USL League Two,256,USA,Group Stage,False,2026-06-13,4031,4082,AC Connecticut,Seacoast United Phantoms,3.0,4.0,1.0,2.0,,,,,,,,,Desconocido
1524885.0,USL League Two,256,USA,Group Stage,False,2026-06-13,9065,18901,AFC Ann Arbor,Midwest United,0.0,2.0,0.0,0.0,,,,,,,,,Desconocido
1524884.0,USL League Two,256,USA,Group Stage,False,2026-06-13,23107,4109,AMSG,Tucson,1.0,1.0,1.0,0.0,,,,,,,,,Desconocido
1524895.0,USL League Two,256,USA,Group Stage,False,2026-06-13,10094,20961,Asheville City,Appalachian,1.0,1.0,1.0,1.0,,,,,,,,,Desconocido
1524920.0,USL League Two,256,USA,Group Stage,False,2026-06-13,27513,27520,Bethesda SC,Loudoun 2,3.0,1.0,2.0,1.0,,,,,,,,,Desconocido
1524880.0,USL League Two,256,USA,Group Stage,False,2026-06-13,23111,23216,Birmingham Legion II,Apotheos,1.0,2.0,1.0,1.0,,,,,,,,,Desconocido
1524897.0,USL League Two,256,USA,Group Stage,False,2026-06-13,9071,18884,Boston City,Blackwatch Rush,2.0,2.0,0.0,0.0,,,,,,,,,Desconocido
1524888.0,USL League Two,256,USA,Group Stage,False,2026-06-13,23112,27524,Brooke House,Shark Coast,5.0,3.0,1.0,0.0,,,,,,,,,Desconocido
1524889.0,USL League Two,256,USA,Group Stage,False,2026-06-13,17019,18890,Buffalo,Cleveland Force,4.0,2.0,2.0,1.0,,,,,,,,,Desconocido
1524921.0,USL League Two,256,USA,Group Stage,False,2026-06-13,4039,10096,Charlotte Eagles,Charlotte Independence 2,0.0,1.0,0.0,0.0,,,,,,,,,Desconocido
1524922.0,USL League Two,256,USA,Group Stage,False,2026-06-13,23114,27516,Charlottesville Blues,Hill City,2.0,0.0,0.0,0.0,,,,,,,,,Desconocido
1524879.0,USL League Two,256,USA,Group Stage,False,2026-06-13,18889,23121,Chicago Dutch Lions,River Light,2.0,2.0,1.0,1.0,,,,,,,,,Desconocido
1524881.0,USL League Two,256,USA,Group Stage,False,2026-06-13,9041,18907,Christos,Patuxent,2.0,0.0,1.0,0.0,,,,,,,,,Desconocido
1524899.0,USL League Two,256,USA,Group Stage,False,2026-06-13,25938,4068,Delaware FC,Ocean City Nor'easters,2.0,3.0,2.0,3.0,,,,,,,,,Desconocido
1524923.0,USL League Two,256,USA,Group Stage,False,2026-06-13,10066,25487,Denton Diablos,Texoma,2.0,1.0,1.0,0.0,,,,,,,,,Desconocido
1524909.0,USL League Two,256,USA,Group Stage,False,2026-06-13,4047,25949,Des Moines Menace,Springfield,3.0,1.0,1.0,0.0,,,,,,,,,Desconocido
1524882.0,USL League Two,256,USA,Group Stage,False,2026-06-13,23116,10097,Dothan United,East Atlanta,4.0,1.0,2.0,1.0,,,,,,,,,Desconocido
1524898.0,USL League Two,256,USA,Group Stage,False,2026-06-13,4051,21281,FC Miami City,Brevard,1.0,4.0,0.0,0.0,,,,,,,,,Desconocido
1525402.0,USL League Two,256,USA,Group Stage,False,2026-06-13,18895,13200,Flatirons Rush,Real Colorado Foxes,1.0,5.0,0.0,2.0,,,,,,,,,Desconocido
1524900.0,USL League Two,256,USA,Group Stage,False,2026-06-13,23117,4064,Hattiesburg,Mississippi Brilla,3.0,1.0,1.0,0.0,,,,,,,,,Desconocido
1524901.0,USL League Two,256,USA,Group Stage,False,2026-06-13,18897,23122,Hudson Valley Hammers,Staten Island Athletic,3.0,2.0,2.0,0.0,,,,,,,,,Desconocido
1524924.0,USL League Two,256,USA,Group Stage,False,2026-06-13,21283,4038,Ironbound,Cedar Stars Rush,1.0,0.0,1.0,0.0,,,,,,,,,Desconocido
1524902.0,USL League Two,256,USA,Group Stage,False,2026-06-13,25941,16690,Kings Hammer Columbus,Toledo Villa,1.0,2.0,0.0,1.0,,,,,,,,,Desconocido
1524903.0,USL League Two,256,USA,Group Stage,False,2026-06-13,18898,23125,Lansing City,Union Macomb,2.0,5.0,2.0,2.0,,,,,,,,,Desconocido
1524904.0,USL League Two,256,USA,Group Stage,False,2026-06-13,4061,4049,Lionsbridge,Evergreen,5.0,4.0,3.0,2.0,,,,,,,,,Desconocido
1524905.0,USL League Two,256,USA,Group Stage,False,2026-06-13,25942,18896,Lonestar,Houston Sur,2.0,1.0,2.0,1.0,,,,,,,,,Desconocido
1524906.0,USL League Two,256,USA,Group Stage,False,2026-06-13,27519,23970,Lorain County Leviathan,Akron City,4.0,1.0,1.0,0.0,,,,,,,,,Desconocido
1524907.0,USL League Two,256,USA,Group Stage,False,2026-06-13,10067,9029,Louisiana Krewe,Little Rock Rangers,1.0,3.0,0.0,0.0,,,,,,,,,Desconocido
1524908.0,USL League Two,256,USA,Group Stage,False,2026-06-13,23224,9047,Lubbock Matadors,Fort Worth Vaqueros,1.0,0.0,0.0,0.0,,,,,,,,,Desconocido
1524883.0,USL League Two,256,USA,Group Stage,False,2026-06-13,18900,10280,Miami AC,Inter Miami II,0.0,3.0,0.0,0.0,,,,,,,,,Desconocido
1524910.0,USL League Two,256,USA,Group Stage,False,2026-06-13,25944,10103,Montgomery United,Southern Soccer Academy,2.0,2.0,0.0,1.0,,,,,,,,,Desconocido
1524892.0,USL League Two,256,USA,Group Stage,False,2026-06-13,4067,4066,North Carolina II,North Carolina Fusion,0.0,1.0,0.0,0.0,,,,,,,,,Desconocido
1524911.0,USL League Two,256,USA,Group Stage,False,2026-06-13,10100,4052,Oakland County,Flint City Bucks,1.0,2.0,0.0,2.0,,,,,,,,,Desconocido
1525403.0,USL League Two,256,USA,Group Stage,False,2026-06-13,23825,4060,PA Classics,Lehigh Valley United,2.0,4.0,1.0,1.0,,,,,,,,,Desconocido
1524925.0,USL League Two,256,USA,Group Stage,False,2026-06-13,10101,25947,Peoria,Santafé Wanderers,2.0,1.0,1.0,0.0,,,,,,,,,Desconocido
1524894.0,USL League Two,256,USA,Group Stage,False,2026-06-13,26805,4089,Port City,Tobacco Road,1.0,4.0,0.0,1.0,,,,,,,,,Desconocido
1524913.0,USL League Two,256,USA,Group Stage,False,2026-06-13,4075,9037,Reading United,West Chester United,4.0,1.0,2.0,0.0,,,,,,,,,Desconocido
1524912.0,USL League Two,256,USA,Group Stage,False,2026-06-13,16686,16728,Real Central New Jersey,Lone Star II,4.0,1.0,2.0,1.0,,,,,,,,,Desconocido
1525404.0,USL League Two,256,USA,Group Stage,False,2026-06-13,25946,4001,Red River,Memphis 901,4.0,1.0,3.0,0.0,,,,,,,,,Desconocido
1524893.0,USL League Two,256,USA,Group Stage,False,2026-06-13,27526,10069,Rockford Raptors,Minneapolis City,0.0,3.0,0.0,2.0,,,,,,,,,Desconocido
1524914.0,USL League Two,256,USA,Group Stage,False,2026-06-13,4076,23993,SC United Bantams,Hickory,0.0,5.0,0.0,2.0,,,,,,,,,Desconocido
1524890.0,USL League Two,256,USA,Group Stage,False,2026-06-13,4083,25951,Seahorses,Stars FC,1.0,1.0,1.0,0.0,,,,,,,,,Desconocido
1524915.0,USL League Two,256,USA,Group Stage,False,2026-06-13,27523,23119,Sporting Jax 2,Inter Gainesville,0.0,0.0,0.0,0.0,,,,,,,,,Desconocido
1524916.0,USL League Two,256,USA,Group Stage,False,2026-06-13,18910,21288,St. Croix,Rochester,3.0,0.0,0.0,0.0,,,,,,,,,Desconocido
1524917.0,USL League Two,256,USA,Group Stage,False,2026-06-13,25950,24029,St. Louis Ambush,Sunflower State,2.0,1.0,2.0,1.0,,,,,,,,,Desconocido
1524886.0,USL League Two,256,USA,Group Stage,False,2026-06-13,23227,25955,Steel City,Erie Sports Center,4.0,0.0,3.0,0.0,,,,,,,,,Desconocido
1524928.0,USL League Two,256,USA,Group Stage,False,2026-06-13,23127,23108,Utah United,Albion Colorado,1.0,1.0,1.0,1.0,,,,,,,,,Desconocido
1524918.0,USL League Two,256,USA,Group Stage,False,2026-06-13,18912,26064,Vermont Green,New England FC,5.0,0.0,3.0,0.0,,,,,,,,,Desconocido
1524919.0,USL League Two,256,USA,Group Stage,False,2026-06-13,13192,21293,Virginia Beach City,Virginia Marauders,3.0,1.0,0.0,0.0,,,,,,,,,Desconocido
1524927.0,USL League Two,256,USA,Group Stage,False,2026-06-13,24018,25943,West Texas,McKinney Chupacabras,2.0,2.0,1.0,1.0,,,,,,,,,Desconocido
1524887.0,USL League Two,256,USA,Group Stage,False,2026-06-13,4098,25945,West Virginia Alliance,Northern Indiana,1.0,0.0,0.0,0.0,,,,,,,,,Desconocido
1524926.0,USL League Two,256,USA,Group Stage,False,2026-06-13,4099,4063,Westchester Flames,Manhattan,5.0,0.0,3.0,0.0,,,,,,,,,Desconocido
1532180.0,USL W League,1117,USA,Regular Season - 1,False,2026-06-13,23931,23922,Asheville City W,SSA Royals W,4.0,0.0,,,,,,,,,,,Desconocido
1532178.0,USL W League,1117,USA,Regular Season - 1,False,2026-06-13,25859,23941,Buffalo W,Cleveland Force W,4.0,2.0,,,,,,,,,,,Desconocido
1532191.0,USL W League,1117,USA,Regular Season - 1,False,2026-06-13,23895,23953,Cedar Stars W,Morris Elite W,2.0,3.0,,,,,,,,,,,Desconocido
1532183.0,USL W League,1117,USA,Regular Season - 1,False,2026-06-13,23897,25842,Charlotte Eagles II W,Carolina Ascent II W,0.0,2.0,,,,,,,,,,,Desconocido
1532443.0,USL W League,1117,USA,Regular Season - 1,False,2026-06-13,23901,27617,Flatirons II W,Real Colorado W,0.0,10.0,,,,,,,,,,,Desconocido
1532188.0,USL W League,1117,USA,Regular Season - 1,False,2026-06-13,25844,25861,Flower City 1872 W,Steel City W,2.0,0.0,,,,,,,,,,,Desconocido
1532393.0,USL W League,1117,USA,Regular Season - 1,False,2026-06-13,27610,25857,Hill Country Linces W,AHFC Royals W,0.0,1.0,,,,,,,,,,,Desconocido
1532186.0,USL W League,1117,USA,Regular Season - 1,False,2026-06-13,25846,23928,Hudson Valley Crusaders W,AC Connecticut W,3.0,0.0,,,,,,,,,,,Desconocido
1532189.0,USL W League,1117,USA,Regular Season - 1,False,2026-06-13,23945,23880,Indy Eleven W,Dayton Dutch Lions W,7.0,1.0,,,,,,,,,,,Desconocido
1532192.0,USL W League,1117,USA,Regular Season - 1,False,2026-06-13,25849,23896,Lonestar San Antonio W,Challenge W,0.0,3.0,,,,,,,,,,,Desconocido
1532181.0,USL W League,1117,USA,Regular Season - 1,False,2026-06-13,23950,23916,Manhattan W,Paisley Athletic W,1.0,8.0,,,,,,,,,,,Desconocido
1532185.0,USL W League,1117,USA,Regular Season - 1,False,2026-06-13,23908,23918,Marin FC Siren W,Pleasanton Rage W,0.0,2.0,,,,,,,,,,,Desconocido
1532394.0,USL W League,1117,USA,Regular Season - 1,False,2026-06-13,27612,25854,Monterey Bay FC W,San Juan SC W,3.0,2.0,,,,,,,,,,,Desconocido
1532182.0,USL W League,1117,USA,Regular Season - 1,False,2026-06-13,25851,23936,Norfolk W,Charlottesville Blues W,3.0,3.0,,,,,,,,,,,Desconocido
1532177.0,USL W League,1117,USA,Regular Season - 1,False,2026-06-13,23921,25865,Richmond Ivy W,Virginia Beach United W,1.0,1.0,,,,,,,,,,,Desconocido
1532194.0,USL W League,1117,USA,Regular Season - 1,False,2026-06-13,23857,25934,SoCal Dutch Lions W,AMSG W,1.0,1.0,,,,,,,,,,,Desconocido
1532193.0,USL W League,1117,USA,Regular Season - 1,False,2026-06-13,25929,25935,Sta Clarita Blue Heat W,Capo W,2.0,2.0,,,,,,,,,,,Desconocido
1532190.0,USL W League,1117,USA,Regular Season - 1,False,2026-06-13,25864,23929,Utah United W,Albion Colorado W,8.0,2.0,,,,,,,,,,,Desconocido
1550639.0,Segunda División,269,Uruguay,2nd Phase - 6,True,2026-06-13,15628,2357,Colón,Fenix,1.0,1.0,0.0,1.0,,,,,,,,,Desconocido
1550640.0,Segunda División,269,Uruguay,2nd Phase - 6,True,2026-06-13,2376,2371,Oriental,Rentistas,3.0,0.0,0.0,0.0,,,,,,,,,Desconocido
1550638.0,Segunda División,269,Uruguay,2nd Phase - 6,True,2026-06-13,2377,2374,Sportivo Huracan,Tacuarembo,2.0,1.0,0.0,1.0,,,,,,,,,Desconocido
1550637.0,Segunda División,269,Uruguay,2nd Phase - 6,True,2026-06-13,16740,2373,Uruguay Montevideo,Miramar,1.0,3.0,0.0,2.0,,,,,,,,,Desconocido
1553092.0,ASEAN Championship U19,928,World,3rd place,True,2026-06-13,19148,19149,Cambodia U19,Indonesia U19,0.0,1.0,0.0,0.0,,,,,,,,,Desconocido
1553093.0,ASEAN Championship U19,928,World,Final,True,2026-06-13,19155,22591,Thailand U19,Australia U19,0.0,2.0,0.0,1.0,,,,,,,,,Desconocido
1553410.0,All-Island Cup - Women,1013,World,Quarter-Finals,True,2026-06-13,21491,10918,Galway United W,Linfield W,3.0,2.0,0.0,1.0,,,,,,,,,Desconocido
1553407.0,All-Island Cup - Women,1013,World,Quarter-Finals,True,2026-06-13,21492,15494,Shamrock Rovers W,Peamount United W,0.0,1.0,0.0,0.0,,,,,,,,,Desconocido
1553409.0,All-Island Cup - Women,1013,World,Quarter-Finals,True,2026-06-13,19837,21486,Shelbourne W,Cliftonville W,3.0,1.0,2.0,0.0,,,,,,,,,Desconocido
1553408.0,All-Island Cup - Women,1013,World,Quarter-Finals,True,2026-06-13,21494,21485,Treaty Utd W,Bohemians WFC W,0.0,1.0,0.0,0.0,,,,,,,,,Desconocido
1548489.0,Friendlies Women,666,World,Friendly International Women,True,2026-06-13,20453,18267,Saudi Arabia W,Laos W,5.0,1.0,1.0,0.0,,,,,,,,,Desconocido
1553713.0,Tournoi Maurice Revello,914,World,3rd place,True,2026-06-13,11026,11024,Côte d'Ivoire U20,Congo DR U20,3.0,1.0,1.0,0.0,,,,,,,,,M. Vanderstichel
1553714.0,Tournoi Maurice Revello,914,World,Final,True,2026-06-13,10299,20562,Portugal U20,Tunisia U23,2.0,0.0,1.0,0.0,,,,,,,,,B. Verbeke
1489371.0,World Cup,1,World,Group Stage - 1,False,2026-06-13,6,31,Brazil,Morocco,1.0,1.0,1.0,1.0,,,,,,,,,"Slavko Vinčić, Slovenia"
1489372.0,World Cup,1,World,Group Stage - 1,False,2026-06-13,2386,1108,Haiti,Scotland,0.0,1.0,0.0,1.0,,,,,,,,,"Mustapha Ghorbal, Algeria"
1489373.0,World Cup,1,World,Group Stage - 1,False,2026-06-13,1569,15,Qatar,Switzerland,1.0,1.0,0.0,1.0,,,,,,,,,"Said Martinez, Honduras"
1548208.0,Premier Soccer League,401,Zimbabwe,Regular Season - 18,False,2026-06-13,5220,5223,Chicken Inn,Herentals,0.0,0.0,0.0,0.0,,,,,,,,,Desconocido
1548215.0,Premier Soccer League,401,Zimbabwe,Regular Season - 18,False,2026-06-13,5221,5231,Dynamos,TelOne,3.0,0.0,2.0,0.0,,,,,,,,,Desconocido
1548209.0,Premier Soccer League,401,Zimbabwe,Regular Season - 18,False,2026-06-13,25734,27275,MWOS,Hunters,0.0,0.0,0.0,0.0,,,,,,,,,Desconocido
1548210.0,Premier Soccer League,401,Zimbabwe,Regular Season - 18,False,2026-06-13,5230,5229,Platinum,Ngezi Platinum,0.0,2.0,0.0,1.0,,,,,,,,,Desconocido
1548211.0,Premier Soccer League,401,Zimbabwe,Regular Season - 18,False,2026-06-13,21055,5227,Simba Bhora,Manica Diamonds,3.0,0.0,2.0,0.0,,,,,,,,,Desconocido
1499471.0,Primera B Metropolitana,131,Argentina,Regular Season - 20,False,2026-06-12,8387,481,San Martín Burzaco,Villa Dalmine,0.0,2.0,0.0,1.0,,,,,,,,,Desconocido
1530393.0,Torneo Federal A,134,Argentina,Regular Season - 13,False,2026-06-12,1961,23255,Juventud Antoniana,Sarmiento de La Banda,0.0,1.0,0.0,0.0,,,,,,,,,Desconocido
1549934.0,Torneo Promocional Amateur,1067,Argentina,Regular Season - 4,False,2026-06-12,27786,27796,Buenos Aires City,Uribelarrea,1.0,0.0,1.0,0.0,,,,,,,,,Desconocido
1549929.0,Torneo Promocional Amateur,1067,Argentina,Regular Season - 3,False,2026-06-12,23097,23098,Defensores Glew,Deportivo Metalurgico,1.0,2.0,1.0,2.0,,,,,,,,,Desconocido
1549935.0,Torneo Promocional Amateur,1067,Argentina,Regular Season - 4,False,2026-06-12,23102,27788,Ezeiza,Las Mandarinas,1.0,2.0,1.0,1.0,,,,,,,,,Desconocido
1553715.0,Division di Honor,421,Aruba,5th-6th Places,True,2026-06-12,8232,8243,Nacional,Caiquetio,2.0,1.0,2.0,1.0,,,,,,,,,Desconocido
1517568.0,New South Wales NPL,192,Australia,Regular Season - 19,False,2026-06-12,3767,3776,Manly United,Sydney United,1.0,1.0,0.0,1.0,,,,,,,,,Desconocido
1517565.0,New South Wales NPL,192,Australia,Regular Season - 19,False,2026-06-12,3768,3773,Marconi Stallions,Sydney FC U23,0.0,0.0,0.0,0.0,,,,,,,,,Desconocido
1517785.0,New South Wales NPL 2,835,Australia,Regular Season - 19,False,2026-06-12,16771,20790,Blacktown Spartans,Bankstown City Lions,4.0,1.0,1.0,0.0,,,,,,,,,Desconocido
1517790.0,New South Wales NPL 2,835,Australia,Regular Season - 19,False,2026-06-12,16772,3766,Central Coast II,Hakoah Sydney City,2.0,2.0,2.0,1.0,,,,,,,,,Desconocido
1549292.0,Npl Nsw U20,1230,Australia,Regular Season - 19,False,2026-06-12,27803,27813,Manly Utd U20,Sydney Utd U20,2.0,2.0,1.0,1.0,,,,,,,,,Desconocido
1549293.0,Npl Nsw U20,1230,Australia,Regular Season - 19,False,2026-06-12,27804,27811,Marconi S. U20,Sydney FC U20,1.0,2.0,0.0,2.0,,,,,,,,,Desconocido
1549294.0,Npl Nsw U20,1230,Australia,Regular Season - 19,False,2026-06-12,27814,27808,UNSW U20,St George Saints U20,6.0,0.0,3.0,0.0,,,,,,,,,Desconocido
1527079.0,South Australia NPL,194,Australia,Regular Season - 14,False,2026-06-12,3786,3796,Adelaide Comets,West Adelaide,3.0,2.0,1.0,0.0,,,,,,,,,Desconocido
1527078.0,South Australia NPL,194,Australia,Regular Season - 14,False,2026-06-12,3791,16769,Campbelltown City,West Torrens Birkalla,1.0,2.0,1.0,0.0,,,,,,,,,Desconocido
1527379.0,South Australia State League 1,834,Australia,Regular Season - 14,False,2026-06-12,16766,3787,Eastern United,Adelaide Olympic,2.0,1.0,1.0,0.0,,,,,,,,,Desconocido
1522204.0,Victoria NPL 2,836,Australia,Regular Season - 17,False,2026-06-12,16780,27511,Brunswick City,Eltham Redbacks FC,3.0,1.0,1.0,1.0,,,,,,,,,Desconocido
1522205.0,Victoria NPL 2,836,Australia,Regular Season - 17,False,2026-06-12,3807,27510,Melbourne Knights,Brunswick Juventus FC,0.0,1.0,0.0,1.0,,,,,,,,,Desconocido
1541315.0,Victoria Premier League 2,1226,Australia,Regular Season - 17,False,2026-06-12,3806,16785,Kingston City,Moreland City,2.0,1.0,1.0,0.0,,,,,,,,,Desconocido
1541433.0,Victoria Premier League 2,1226,Australia,Regular Season - 17,False,2026-06-12,26150,27697,Nunawading,Keilor Park,2.0,0.0,2.0,0.0,,,,,,,,,Desconocido
1541434.0,Victoria Premier League 2,1226,Australia,Regular Season - 17,False,2026-06-12,27699,27693,Springvale,Altona City,2.0,2.0,1.0,1.0,,,,,,,,,Desconocido
1541435.0,Victoria Premier League 2,1226,Australia,Regular Season - 17,False,2026-06-12,27700,16789,Whittlesea United,Werribee City,4.0,0.0,0.0,0.0,,,,,,,,,Desconocido
1464424.0,Landesliga - Niederosterreich,226,Austria,Niederösterreich - 30,True,2026-06-12,8281,1396,Ardagger,SC Wiener Neustadt,1.0,2.0,,,,,,,,,,,Desconocido
1464423.0,Landesliga - Niederosterreich,226,Austria,Niederösterreich - 30,True,2026-06-12,8283,8285,Kilb,Langenrohr,5.0,1.0,,,,,,,,,,,Desconocido
1464428.0,Landesliga - Niederosterreich,226,Austria,Niederösterreich - 30,True,2026-06-12,21721,8287,Korneuburg,Ortmann,6.0,3.0,,,,,,,,,,,Desconocido
1464429.0,Landesliga - Niederosterreich,226,Austria,Niederösterreich - 30,True,2026-06-12,4982,8249,Scheiblingkirchen,St. Pölten II,4.0,4.0,,,,,,,,,,,Desconocido
1464427.0,Landesliga - Niederosterreich,226,Austria,Niederösterreich - 30,True,2026-06-12,21722,14792,St. Peter,Stockerau,6.0,0.0,,,,,,,,,,,Desconocido
1464426.0,Landesliga - Niederosterreich,226,Austria,Niederösterreich - 30,True,2026-06-12,26572,8245,Wieselburg,Admira II,1.0,4.0,,,,,,,,,,,Desconocido
1464425.0,Landesliga - Niederosterreich,226,Austria,Niederösterreich - 30,True,2026-06-12,24461,4938,Ybbs,Ebreichsdorf,1.0,4.0,,,,,,,,,,,Desconocido
1464430.0,Landesliga - Niederosterreich,226,Austria,Niederösterreich - 30,True,2026-06-12,8293,8289,Zwettl,Schrems,4.0,1.0,,,,,,,,,,,Desconocido
1398964.0,Regionalliga - West,223,Austria,West - 34,True,2026-06-12,14709,14714,Imst,Kuchl,3.0,0.0,1.0,0.0,,,,,,,,,Desconocido
1525888.0,Premier League,116,Belarus,Regular Season - 11,False,2026-06-12,3384,388,Belshina,Bate Borisov,1.0,1.0,0.0,1.0,,,,,,,,,N. Shiyan
1525892.0,Premier League,116,Belarus,Regular Season - 11,False,2026-06-12,391,750,FC Isloch Minsk R.,Naftan,3.0,1.0,2.0,0.0,,,,,,,,,V. Shimusik
1543649.0,Baiano - 2,613,Brazil,Regular Season - 7,False,2026-06-12,21169,27726,Leonico,Barreiras FC,1.0,2.0,0.0,0.0,,,,,,,,,Desconocido
1539832.0,Catarinense U20,1076,Brazil,Regular Season - 10,False,2026-06-12,23325,27672,Nação U20,Carlos Renaux U20,1.0,2.0,0.0,0.0,,,,,,,,,Desconocido
1548060.0,Goiano U20,1069,Brazil,Semi-finals,True,2026-06-12,23198,27626,Cerrado EC U20,Anapolis U20,5.0,2.0,2.0,0.0,,,,,,,,,Desconocido
1547674.0,Mineiro - 2,619,Brazil,Regular Season - 3,False,2026-06-12,16751,12277,Aymorés,Ipatinga,4.0,0.0,2.0,0.0,,,,,,,,,Desconocido
1536162.0,Mineiro U20,1107,Brazil,Regular Season - 10,False,2026-06-12,12952,27640,Atlético Mineiro U20,Uberabinha U20,4.0,0.0,1.0,0.0,,,,,,,,,Desconocido
1536160.0,Mineiro U20,1107,Brazil,Regular Season - 10,False,2026-06-12,25889,27643,Itabirito U20,Nacional de Muriae U20,2.0,2.0,2.0,1.0,,,,,,,,,Desconocido
1551273.0,Paraibano U20,1120,Brazil,Quarter-finals,True,2026-06-12,24047,24036,Sousa U20,Auto Esporte PB U20,4.0,1.0,3.0,1.0,,,,,,,,,Desconocido
1551274.0,Paraibano U20,1120,Brazil,Quarter-finals,True,2026-06-12,24050,24041,Treze U20,Guarabira U20,3.0,1.0,1.0,0.0,,,,,,,,,Desconocido
1547247.0,Paulista - U20,1086,Brazil,Regular Season - 3,False,2026-06-12,23465,27797,Aguai U20,SC Paulinense SP U20,1.0,0.0,0.0,0.0,,,,,,,,,Desconocido
1547249.0,Paulista - U20,1086,Brazil,Regular Season - 3,False,2026-06-12,13003,13061,Desportivo Brasil U20,São Caetano U20,3.0,2.0,3.0,1.0,,,,,,,,,Desconocido
1547250.0,Paulista - U20,1086,Brazil,Regular Season - 3,False,2026-06-12,13006,27289,Ferroviária U20,América-SP U20,4.0,0.0,0.0,0.0,,,,,,,,,Desconocido
1547251.0,Paulista - U20,1086,Brazil,Regular Season - 3,False,2026-06-12,13007,13012,Flamengo SP U20,Guarani U20,0.0,1.0,0.0,1.0,,,,,,,,,Desconocido
1547252.0,Paulista - U20,1086,Brazil,Regular Season - 3,False,2026-06-12,23475,13063,Gremio Prudente U20,Tanabi SP U20,3.0,2.0,0.0,0.0,,,,,,,,,Desconocido
1547253.0,Paulista - U20,1086,Brazil,Regular Season - 3,False,2026-06-12,13016,23485,Ituano U20,Referencia U20,1.0,1.0,1.0,0.0,,,,,,,,,Desconocido
1547248.0,Paulista - U20,1086,Brazil,Regular Season - 3,False,2026-06-12,13021,13027,Juventus U20,Mirassol U20,4.0,1.0,1.0,1.0,,,,,,,,,Desconocido
1547254.0,Paulista - U20,1086,Brazil,Regular Season - 3,False,2026-06-12,13026,13078,Mauá U20,Água Santa U20,1.0,1.0,1.0,0.0,,,,,,,,,Desconocido
1547258.0,Paulista - U20,1086,Brazil,Regular Season - 3,False,2026-06-12,13044,13059,Ponte Preta U20,São Bento U20,3.0,2.0,3.0,1.0,,,,,,,,,Desconocido
1547264.0,Paulista - U20,1086,Brazil,Regular Season - 3,False,2026-06-12,13055,23478,Santos U20,Jabaquara U20,1.0,0.0,0.0,0.0,,,,,,,,,Desconocido
1547260.0,Paulista - U20,1086,Brazil,Regular Season - 3,False,2026-06-12,20775,13057,União Suzano U20,Sertãozinho U20,0.0,1.0,0.0,1.0,,,,,,,,,Desconocido
1547259.0,Paulista - U20,1086,Brazil,Regular Season - 3,False,2026-06-12,18356,13069,União São João U20,Velo Clube U20,0.0,0.0,0.0,0.0,,,,,,,,,Desconocido
1547261.0,Paulista - U20,1086,Brazil,Regular Season - 3,False,2026-06-12,13076,12993,XV de Jaú U20,Capivariano U20,0.0,0.0,0.0,0.0,,,,,,,,,Desconocido
1547257.0,Paulista - U20,1086,Brazil,Regular Season - 3,False,2026-06-12,13077,13005,XV de Piracicaba U20,EC São Bernardo U20,0.0,2.0,0.0,1.0,,,,,,,,,Desconocido
1541273.0,Paulista Série B,1098,Brazil,Regular Season - 9,False,2026-06-12,27692,22945,Santa Fé FC,America SP,1.0,3.0,0.0,1.0,,,,,,,,,Desconocido
1520721.0,Serie B,72,Brazil,Regular Season - 13,False,2026-06-12,144,146,Atletico Goianiense,CRB,3.0,3.0,0.0,3.0,,,,,,,,,P. Vollkopf
1547558.0,Elite Two,813,Cameroon,Championship Group - 2,False,2026-06-12,5398,5399,APEJES Academy,Avion Academy,0.0,0.0,0.0,0.0,,,,,,,,,Desconocido
1547559.0,Elite Two,813,Cameroon,Championship Group - 2,False,2026-06-12,25429,5407,Atlantic,Les Astres,2.0,1.0,2.0,0.0,,,,,,,,,Desconocido
1547560.0,Elite Two,813,Cameroon,Championship Group - 2,False,2026-06-12,25430,27457,Union Abong-Mbang,Kumba,1.0,0.0,1.0,0.0,,,,,,,,,Desconocido
1505459.0,Primera División,265,Chile,Regular Season - 15,False,2026-06-12,2329,2341,A. Italiano,D. La Serena,1.0,1.0,0.0,0.0,,,,,,,,,M. Araos
1490728.0,1. Liga U19,668,Czech-Republic,Regular Season - 30,False,2026-06-12,14841,7970,České Budějovice U19,Viktoria Plzeň U19,1.0,2.0,1.0,1.0,,,,,,,,,Desconocido
1487465.0,3. liga - MSFL,349,Czech-Republic,MSFL - 32,True,2026-06-12,7288,7368,Frýdek-Místek,Unie Hlubina,2.0,2.0,0.0,2.0,,,,,,,,,Desconocido
1487466.0,3. liga - MSFL,349,Czech-Republic,MSFL - 32,True,2026-06-12,7376,7296,Vrchovina,Hlučín,1.0,2.0,0.0,0.0,,,,,,,,,Desconocido
1487464.0,3. liga - MSFL,349,Czech-Republic,MSFL - 32,True,2026-06-12,8633,7300,Zbrojovka Brno II,Hranice,3.0,1.0,1.0,0.0,,,,,,,,,Desconocido
1489873.0,4. liga - Divizie A,350,Czech-Republic,Division A - 30,True,2026-06-12,7339,7360,Rokycany,Spartak Soběslav,2.0,3.0,0.0,2.0,,,,,,,,,Desconocido
1487614.0,4. liga - Divizie D,353,Czech-Republic,Division D - 30,True,2026-06-12,21651,7355,Pelhřimov,Sokol Tasovice,1.0,2.0,0.0,1.0,,,,,,,,,Desconocido
1487611.0,4. liga - Divizie D,353,Czech-Republic,Division D - 30,True,2026-06-12,19436,21650,Tatran Bohunice,Líšeň II,0.0,0.0,0.0,0.0,,,,,,,,,Desconocido
1487717.0,4. liga - Divizie E,354,Czech-Republic,Division E - 30,True,2026-06-12,19420,7343,Baťov,Slavičín,4.0,2.0,2.0,0.0,,,,,,,,,Desconocido
1487719.0,4. liga - Divizie E,354,Czech-Republic,Division E - 30,True,2026-06-12,7280,8624,Bzenec,Uherský Brod,1.0,1.0,1.0,1.0,,,,,,,,,Desconocido
1487723.0,4. liga - Divizie E,354,Czech-Republic,Division E - 30,True,2026-06-12,7363,16876,Strání,Holešov,3.0,1.0,0.0,0.0,,,,,,,,,Desconocido
1487836.0,4. liga - Divizie F,686,Czech-Republic,Division F - 30,True,2026-06-12,7277,7370,Bospor Bohumín,Valašské Meziříčí,5.0,3.0,3.0,0.0,,,,,,,,,Desconocido
1487841.0,4. liga - Divizie F,686,Czech-Republic,Division F - 30,True,2026-06-12,26231,7293,Stonava,Havířov,4.0,2.0,2.0,1.0,,,,,,,,,Desconocido
1506618.0,1. Deild,366,Faroe-Islands,Regular Season - 13,False,2026-06-12,4176,4183,B71,Víkingur II,5.0,0.0,3.0,0.0,,,,,,,,,Desconocido
1541621.0,Kakkonen - Lohko A,247,Finland,Group A - 9,False,2026-06-12,13517,9174,HPS,Kiffen,1.0,2.0,0.0,0.0,,,,,,,,,Desconocido
1541507.0,Kakkonen - Lohko B,248,Finland,Group B - 9,False,2026-06-12,13552,2245,EBK,Musa,0.0,2.0,0.0,2.0,,,,,,,,,Desconocido
1541506.0,Kakkonen - Lohko B,248,Finland,Group B - 8,False,2026-06-12,2079,9209,GrIFK,HJS Akatemia,2.0,2.0,0.0,1.0,,,,,,,,,Desconocido
1541699.0,Kakkonen - Lohko C,249,Finland,Group C - 9,False,2026-06-12,9192,18609,JBK,SJK-juniorit,3.0,0.0,2.0,0.0,,,,,,,,,Desconocido
1539050.0,Kansallinen Liiga,640,Finland,Regular Season - 9,False,2026-06-12,10920,13997,PK-35 Vantaa W,KuPS W,1.0,2.0,0.0,1.0,,,,,,,,,Desconocido
1539051.0,Kansallinen Liiga,640,Finland,Regular Season - 9,False,2026-06-12,13995,13990,Åland United W,HJK W,2.0,3.0,1.0,2.0,,,,,,,,,Desconocido
1517191.0,Ykkönen,245,Finland,Group Stage,False,2026-06-12,18518,2074,Inter Turku II,FC jazz,1.0,1.0,0.0,0.0,,,,,,,,,Desconocido
1517192.0,Ykkönen,245,Finland,Group Stage,False,2026-06-12,9189,18758,SalPa,KuPS Akatemia,4.0,3.0,3.0,1.0,,,,,,,,,Desconocido
1504242.0,Ykkösliiga,1087,Finland,Group Stage,False,2026-06-12,9173,10669,JäPS,PK-35,0.0,5.0,0.0,1.0,,,,,,,,,J. Nieminen
1504243.0,Ykkösliiga,1087,Finland,Group Stage,False,2026-06-12,2076,2078,Kooteepee,EIF,5.0,1.0,2.0,1.0,,,,,,,,,J. Vuorinen
1531375.0,GFA League,845,Gambia,Regular Season - 28,False,2026-06-12,22707,27264,Bombada,Medina United,0.0,1.0,0.0,0.0,,,,,,,,,Desconocido
1509138.0,Erovnuli Liga,327,Georgia,Regular Season - 17,False,2026-06-12,705,3499,Dinamo Batumi,Dila,3.0,2.0,2.0,1.0,,,,,,,,,B. Ninua
1509142.0,Erovnuli Liga,327,Georgia,Regular Season - 17,False,2026-06-12,3502,14864,FC Iberia 1999,Spaeri,1.0,1.0,1.0,0.0,,,,,,,,,J. Khorava
1514204.0,1. Deild,165,Iceland,Regular Season - 9,False,2026-06-12,829,2113,Throttur Reykjavik,HK Kopavogur,2.0,0.0,1.0,0.0,,,,,,,,,Desconocido
1545810.0,Cup,167,Iceland,Quarter-finals,True,2026-06-12,827,278,IA Akranes,Vikingur Reykjavik,1.0,2.0,0.0,0.0,,,,,,,,,G. Haflidason Oddur
1545811.0,Cup,167,Iceland,Quarter-finals,True,2026-06-12,4167,276,Ægir,Breidablik,0.0,3.0,0.0,2.0,,,,,,,,,I. O. Kristjansson
1492910.0,First Division,358,Ireland,Regular Season - 19,False,2026-06-12,3841,3844,Finn Harps,UCD,0.0,5.0,0.0,3.0,,,,,,,,,Desconocido
1492911.0,First Division,358,Ireland,Regular Season - 19,False,2026-06-12,11328,3846,Kerry,Athlone Town,1.0,0.0,0.0,0.0,,,,,,,,,Desconocido
1492912.0,First Division,358,Ireland,Regular Season - 19,False,2026-06-12,16498,3847,Treaty United,Bray Wanderers,2.0,2.0,2.0,2.0,,,,,,,,,Desconocido
1492913.0,First Division,358,Ireland,Regular Season - 19,False,2026-06-12,3855,653,Wexford,Cork City,0.0,2.0,0.0,0.0,,,,,,,,,Desconocido
1492711.0,Premier Division,357,Ireland,Regular Season - 20,False,2026-06-12,670,3840,Derry City,Bohemians,4.0,1.0,1.0,1.0,,,,,,,,,R. Hennessey
1492712.0,Premier Division,357,Ireland,Regular Season - 20,False,2026-06-12,3851,584,Galway United,Dundalk,0.0,1.0,0.0,0.0,,,,,,,,,Desconocido
1492713.0,Premier Division,357,Ireland,Regular Season - 20,False,2026-06-12,3854,652,Shelbourne,Shamrock Rovers,2.0,1.0,1.0,0.0,,,,,,,,,R. Harvey
1492714.0,Premier Division,357,Ireland,Regular Season - 20,False,2026-06-12,3843,3850,St Patrick's Athl.,Drogheda United,2.0,0.0,1.0,0.0,,,,,,,,,L. Keating
1492715.0,Premier Division,357,Ireland,Regular Season - 20,False,2026-06-12,3845,3842,Waterford,Sligo Rovers,4.0,0.0,1.0,0.0,,,,,,,,,D. Toland
1534759.0,1. Division,388,Kazakhstan,Regular Season - 9,False,2026-06-12,4551,10414,Ekibastuz,Arys,1.0,1.0,0.0,0.0,,,,,,,,,Desconocido
1534762.0,1. Division,388,Kazakhstan,Regular Season - 9,False,2026-06-12,18805,4566,Khan Tengri,Shakhter Karagandy,0.0,2.0,0.0,0.0,,,,,,,,,Desconocido
1534760.0,1. Division,388,Kazakhstan,Regular Season - 9,False,2026-06-12,4556,27634,Sport Academy Kairat,Tobol 2,7.0,0.0,3.0,0.0,,,,,,,,,Desconocido
1534848.0,1. Division,388,Kazakhstan,Regular Season - 21,False,2026-06-12,21502,27633,Turan Turkistan,Kaspij Aktau 2,3.0,0.0,2.0,0.0,,,,,,,,,Desconocido
1544671.0,Premier League,330,Kuwait,Regular Season - 18,False,2026-06-12,3536,3540,Al Nasar,Kazma,1.0,2.0,0.0,2.0,,,,,,,,,Desconocido
1544672.0,Premier League,330,Kuwait,Regular Season - 18,False,2026-06-12,3538,3535,Al Salmiyah,Al Kuwait,0.0,0.0,0.0,0.0,,,,,,,,,Desconocido
1527611.0,Premier League,569,Kyrgyzstan,Regular Season - 12,False,2026-06-12,25766,27432,Bishkek City,Asia Talas,2.0,3.0,2.0,2.0,,,,,,,,,Desconocido
1527615.0,Premier League,569,Kyrgyzstan,Regular Season - 12,False,2026-06-12,18731,8022,Talant,Alay,1.0,2.0,0.0,2.0,,,,,,,,,Desconocido
1515855.0,Virsliga,365,Latvia,Regular Season - 17,False,2026-06-12,661,4143,FK Liepaja,Super Nova,2.0,1.0,2.0,1.0,,,,,,,,,A. Griscenko
1515854.0,Virsliga,365,Latvia,Regular Season - 17,False,2026-06-12,4144,4149,Tukums,BFC Daugavpils,1.0,1.0,0.0,0.0,,,,,,,,,A. Treimanis
1508050.0,Premier League,390,Lebanon,Regular Season - 17,False,2026-06-12,4570,4567,Al Nejmeh,Al Ahed,1.0,0.0,0.0,0.0,,,,,,,,,Desconocido
1508051.0,Premier League,390,Lebanon,Regular Season - 17,False,2026-06-12,22812,11879,Reyady Abaseya,Al Hikma,0.0,1.0,0.0,1.0,,,,,,,,,Desconocido
1508049.0,Premier League,390,Lebanon,Regular Season - 17,False,2026-06-12,4576,4573,Shabab Al Sahel,Safa,0.0,1.0,0.0,0.0,,,,,,,,,Desconocido
1529738.0,1 Lyga,361,Lithuania,Regular Season - 13,False,2026-06-12,16747,11885,Be1 NFA,Tauras,1.0,0.0,1.0,0.0,,,,,,,,,Desconocido
1529739.0,1 Lyga,361,Lithuania,Regular Season - 13,False,2026-06-12,23156,14382,Hegelmann II,Babrungas,0.0,1.0,0.0,0.0,,,,,,,,,Desconocido
1529740.0,1 Lyga,361,Lithuania,Regular Season - 13,False,2026-06-12,3862,3856,Jonava,Atmosfera,1.0,1.0,1.0,1.0,,,,,,,,,Desconocido
1529741.0,1 Lyga,361,Lithuania,Regular Season - 13,False,2026-06-12,13971,3859,Kauno Žalgiris II,Dainava,0.0,2.0,0.0,0.0,,,,,,,,,Desconocido
1522822.0,A Lyga,362,Lithuania,Regular Season - 17,False,2026-06-12,3860,3870,Džiugas Telšiai,Šiauliai,4.0,3.0,2.0,0.0,,,,,,,,,D. Simenas
1522823.0,A Lyga,362,Lithuania,Regular Season - 17,False,2026-06-12,586,638,FK Zalgiris Vilnius,FK Trakai,3.0,2.0,3.0,0.0,,,,,,,,,I. Kaprasovas
1522825.0,A Lyga,362,Lithuania,Regular Season - 17,False,2026-06-12,3874,18878,Panevėžys,TransINVEST Vilnius,1.0,2.0,0.0,2.0,,,,,,,,,E. Amsiejus
1550842.0,Botola Pro,200,Morocco,Regular Season - 24,False,2026-06-12,22218,3449,CODM Meknès,CR Khemis Zemamra,1.0,2.0,0.0,1.0,,,,,,,,,H. Temsamani
1550843.0,Botola Pro,200,Morocco,Regular Season - 24,False,2026-06-12,964,3454,Difaa EL Jadida,Olympique Dcheïra,2.0,2.0,0.0,2.0,,,,,,,,,Y. Bouslim
1550840.0,Botola Pro,200,Morocco,Regular Season - 24,False,2026-06-12,977,3453,FUS Rabat,Maghreb Fès,1.0,1.0,1.0,0.0,,,,,,,,,M. El Houidri
1550841.0,Botola Pro,200,Morocco,Regular Season - 24,False,2026-06-12,975,971,Olympique Safi,Kawkab Marrakech,1.0,0.0,1.0,0.0,,,,,,,,,B. Redouane
1496261.0,2. Division - Group 2,474,Norway,Regular Season - 10,False,2026-06-12,6985,7001,Follo,Kjelsås,1.0,4.0,1.0,3.0,,,,,,,,,Desconocido
1496993.0,3. Division - Girone 4,777,Norway,Regular Season - 10,False,2026-06-12,23424,12891,Varhaug,Viking II,0.0,3.0,0.0,0.0,,,,,,,,,Desconocido
1497170.0,3. Division - Girone 5,778,Norway,Regular Season - 10,False,2026-06-12,6965,16232,Alta,Tromsø II,3.0,3.0,1.0,1.0,,,,,,,,,Desconocido
1553037.0,Copa De La Liga,1232,Peru,Group Stage - 1,False,2026-06-12,22462,2554,Bentín Tacna Heroica,FBC Melgar,3.0,2.0,2.0,1.0,,,,,,,,,Desconocido
1553036.0,Copa De La Liga,1232,Peru,Group Stage - 1,False,2026-06-12,26867,10492,Minas,ADT,0.0,0.0,0.0,0.0,,,,,,,,,Desconocido
1553038.0,Copa De La Liga,1232,Peru,Group Stage - 1,False,2026-06-12,2556,2540,Molinos El Pirata,Universitario,2.0,0.0,0.0,0.0,,,,,,,,,Desconocido
1548203.0,Liga Women,1229,Peru,Apertura - 11,True,2026-06-12,27775,20518,FBC Melgar W,Alianza Lima W,0.0,0.0,0.0,0.0,,,,,,,,,Desconocido
1533726.0,WK-League,660,South-Korea,Regular Season - 11,False,2026-06-12,14379,14374,Suwon FMC W,Gumi Sportstoto W,6.0,0.0,1.0,0.0,,,,,,,,,Desconocido
1495494.0,Damallsvenskan,549,Sweden,Regular Season - 9,False,2026-06-12,11083,11079,Vittsjö W,Kristianstad W,1.0,1.0,1.0,0.0,,,,,,,,,S. Griberg
1510601.0,Division 2 - Norra Götaland,592,Sweden,Norra Götaland - 12,True,2026-06-12,16605,6670,IFK Skövde,Grebbestad,0.0,4.0,0.0,1.0,,,,,,,,,Desconocido
1510605.0,Division 2 - Norra Götaland,592,Sweden,Norra Götaland - 12,True,2026-06-12,12575,12570,Stenungsund,Ahlafors,0.0,4.0,0.0,3.0,,,,,,,,,Desconocido
1510955.0,Division 2 - Södra Götaland,597,Sweden,Södra Götaland - 12,True,2026-06-12,12615,12660,Karlshamn,Sölvesborg,0.0,2.0,0.0,0.0,,,,,,,,,Desconocido
1511054.0,Division 2 - Södra Götaland,597,Sweden,Södra Götaland - 12,True,2026-06-12,27849,26891,Lilla Torg,Staffanstorp United,0.0,0.0,0.0,0.0,,,,,,,,,Desconocido
1510958.0,Division 2 - Södra Götaland,597,Sweden,Södra Götaland - 12,True,2026-06-12,12617,6692,Räppe,Oskarshamns AIK,1.0,0.0,0.0,0.0,,,,,,,,,Desconocido
1510957.0,Division 2 - Södra Götaland,597,Sweden,Södra Götaland - 12,True,2026-06-12,12619,12616,Österlen,Nosaby,2.0,1.0,1.0,0.0,,,,,,,,,Desconocido
1505186.0,Ettan - Norra,563,Sweden,Norra - 12,True,2026-06-12,6705,11671,Umeå FC,Piteå,2.0,0.0,2.0,0.0,,,,,,,,,Desconocido
1504462.0,Ettan - Södra,564,Sweden,Södra - 12,True,2026-06-12,6687,27669,Lund,AFC Malmo,1.0,4.0,0.0,3.0,,,,,,,,,Desconocido
1550046.0,Premier League,425,Syria,Regular Season - 26,False,2026-06-12,9114,9111,Foutoua,Al Karama,2.0,4.0,1.0,0.0,,,,,,,,,Desconocido
1527701.0,Vysshaya Liga,571,Tajikistan,Regular Season - 11,False,2026-06-12,12261,12271,CSKA Pomir,Parvoz,1.0,2.0,1.0,1.0,,,,,,,,,Desconocido
1477238.0,Ligi kuu Bara,567,Tanzania,Regular Season - 26,False,2026-06-12,12189,12197,Coastal Union,Namungo,1.0,1.0,1.0,0.0,,,,,,,,,Desconocido
1477239.0,Ligi kuu Bara,567,Tanzania,Regular Season - 26,False,2026-06-12,19838,8057,Fountain Gate,Azam,0.0,2.0,0.0,1.0,,,,,,,,,Desconocido
1457798.0,Ligi kuu Bara,567,Tanzania,Regular Season - 26,False,2026-06-12,8061,22175,KMC,Tabora United,0.0,1.0,0.0,1.0,,,,,,,,,Desconocido
1524876.0,USL League Two,256,USA,Group Stage,False,2026-06-12,18891,25954,Colorado ISA,Colorado Storm,0.0,4.0,0.0,2.0,,,,,,,,,Desconocido
1524878.0,USL League Two,256,USA,Group Stage,False,2026-06-12,4062,18894,Long Island Rough Riders,FC Motown II,0.0,0.0,0.0,0.0,,,,,,,,,Desconocido
1524875.0,USL League Two,256,USA,Group Stage,False,2026-06-12,23120,23128,Midlakes United,West Seattle Junction,2.0,1.0,2.0,1.0,,,,,,,,,Desconocido
1524877.0,USL League Two,256,USA,Group Stage,False,2026-06-12,18904,23124,Oly Town,Tacoma Stars,4.0,5.0,1.0,1.0,,,,,,,,,Desconocido
1532187.0,USL W League,1117,USA,Regular Season - 1,False,2026-06-12,23933,25848,Birmingham Legion W,Knoxville W,2.0,2.0,,,,,,,,,,,Desconocido
1532175.0,USL W League,1117,USA,Regular Season - 1,False,2026-06-12,23893,23914,California Storm II W,Oakland Soul W,0.0,1.0,,,,,,,,,,,Desconocido
1532171.0,USL W League,1117,USA,Regular Season - 1,False,2026-06-12,23942,23898,Colorado ISA W,Colorado Storm W,0.0,4.0,,,,,,,,,,,Desconocido
1532352.0,USL W League,1117,USA,Regular Season - 1,False,2026-06-12,23910,27743,Minnesota Aurora W,Edgewater Castle W,5.0,0.0,,,,,,,,,,,Desconocido
1532170.0,USL W League,1117,USA,Regular Season - 1,False,2026-06-12,23911,23954,NC Courage II W,North Carolina Fusion W,4.0,0.0,,,,,,,,,,,Desconocido
1532173.0,USL W League,1117,USA,Regular Season - 1,False,2026-06-12,25852,25843,Pittsburgh Riveters W,Erie Sports Center W,3.0,0.0,,,,,,,,,,,Desconocido
1532174.0,USL W League,1117,USA,Regular Season - 1,False,2026-06-12,23919,23854,RKC Third Coast W,Sioux Falls City W,1.0,1.0,,,,,,,,,,,Desconocido
1532442.0,USL W League,1117,USA,Regular Season - 1,False,2026-06-12,27616,23958,Rally Madison FC W,Rochester W,3.0,0.0,,,,,,,,,,,Desconocido
1532176.0,USL W League,1117,USA,Regular Season - 1,False,2026-06-12,25853,23915,Salmon Bay W,Olympia W,3.0,1.0,,,,,,,,,,,Desconocido
1532172.0,USL W League,1117,USA,Regular Season - 1,False,2026-06-12,23925,23892,TLH Reckoning W,Brevard Riptide W,1.0,2.0,,,,,,,,,,,Desconocido
1532351.0,USL W League,1117,USA,Regular Season - 1,False,2026-06-12,27744,27748,Vermont Green W,Hartford Athletic W,1.0,1.0,,,,,,,,,,,Desconocido
1550883.0,V.League 1,340,Vietnam,Final,True,2026-06-12,9166,26601,Pho Hien,Bắc Ninh,1.0,1.0,0.0,1.0,,,,,,,,,Desconocido
1539000.0,World Cup,1,World,Group Stage - 1,False,2026-06-12,5529,1113,Canada,Bosnia & Herzegovina,1.0,1.0,0.0,1.0,,,,,,,,,"Facundo Raul Tello Figueroa, Argentina"
1489370.0,World Cup,1,World,Group Stage - 1,False,2026-06-12,2384,2380,USA,Paraguay,4.0,1.0,3.0,0.0,,,,,,,,,"Danny Makkelie, Netherlands"
1543647.0,Baiano - 2,613,Brazil,Regular Season - 7,False,2026-06-11,23592,16670,SSA,Camaçari,8.0,0.0,5.0,0.0,,,,,,,,,Desconocido
1543897.0,Brasileiro U17,1128,Brazil,Regular Season - 3,False,2026-06-11,24484,24486,Palmeiras U17,Santos U17,4.0,1.0,3.0,0.0,,,,,,,,,Desconocido
1526165.0,Brasileiro U20 A,740,Brazil,Regular Season - 15,False,2026-06-11,13000,13009,Cruzeiro U20,Fortaleza U20,3.0,2.0,1.0,0.0,,,,,,,,,Desconocido
1526169.0,Brasileiro U20 A,740,Brazil,Regular Season - 15,False,2026-06-11,12968,13055,Palmeiras U20,Santos U20,2.0,2.0,1.0,1.0,,,,,,,,,Desconocido
1526170.0,Brasileiro U20 A,740,Brazil,Regular Season - 15,False,2026-06-11,12973,18345,São Paulo U20,RB Bragantino U20,0.0,2.0,0.0,1.0,,,,,,,,,Desconocido
1526171.0,Brasileiro U20 A,740,Brazil,Regular Season - 15,False,2026-06-11,12979,13001,Vasco da Gama U20,Cuiabá U20,2.0,1.0,2.0,0.0,,,,,,,,,Desconocido
1544585.0,Copa Gaúcha,1158,Brazil,Group Stage - 5,False,2026-06-11,25079,21233,Gramadense,Monsoon,1.0,0.0,1.0,0.0,,,,,,,,,Desconocido
1544784.0,Maranhense - 2,1148,Brazil,Regular Season - 2,False,2026-06-11,25044,25045,Expressinho,Sao Luis,2.0,3.0,0.0,3.0,,,,,,,,,Desconocido
1547255.0,Paulista - U20,1086,Brazil,Regular Season - 3,False,2026-06-11,13033,18336,Novorizontino U20,Ibrachina U20,1.0,3.0,0.0,2.0,,,,,,,,,Desconocido
1547256.0,Paulista - U20,1086,Brazil,Regular Season - 3,False,2026-06-11,13034,13054,Oeste U20,Santo André U20,4.0,3.0,1.0,0.0,,,,,,,,,Desconocido
1547267.0,Paulista - U20,1086,Brazil,Regular Season - 3,False,2026-06-11,13045,13015,Portuguesa U20,Itapirense U20,3.0,0.0,0.0,0.0,,,,,,,,,Desconocido
1547536.0,Elite Two,813,Cameroon,Relegation Group - 3,False,2026-06-11,22588,5558,Bafmeng United,Yafoot,1.0,1.0,0.0,0.0,,,,,,,,,Desconocido
1547535.0,Elite Two,813,Cameroon,Relegation Group - 3,False,2026-06-11,16525,27458,FAP,Sable,1.0,1.0,1.0,1.0,,,,,,,,,Desconocido
1547537.0,Elite Two,813,Cameroon,Relegation Group - 3,False,2026-06-11,10153,5557,Tonnerre,Bamboutos,0.0,3.0,0.0,2.0,,,,,,,,,Desconocido
1547538.0,Elite Two,813,Cameroon,Relegation Group - 3,False,2026-06-11,5413,16527,Union Douala,Foncha ST,2.0,0.0,1.0,0.0,,,,,,,,,Desconocido
1546778.0,Ligue 1,424,Congo-DR,Championship Group - 11,False,2026-06-11,8578,8571,Saint Eloi Lupopo,Don Bosco,0.0,0.0,0.0,0.0,,,,,,,,,Desconocido
1546777.0,Ligue 1,424,Congo-DR,Championship Group - 11,False,2026-06-11,6435,15286,TP Mazembe,JSK,2.0,0.0,1.0,0.0,,,,,,,,,Desconocido
1490733.0,1. Liga U19,668,Czech-Republic,Regular Season - 30,False,2026-06-11,7995,7969,Sparta Praha U19,Sigma Olomouc U19,3.0,1.0,1.0,1.0,,,,,,,,,Desconocido
1490730.0,1. Liga U19,668,Czech-Republic,Regular Season - 30,False,2026-06-11,19201,14832,Vysočina Jihlava U19,Karviná U19,0.0,2.0,0.0,0.0,,,,,,,,,Desconocido
1487470.0,3. liga - MSFL,349,Czech-Republic,MSFL - 32,True,2026-06-11,3732,8623,Vítkovice,Slovácko II,5.0,1.0,1.0,1.0,,,,,,,,,Desconocido
1519572.0,Esiliiga A,328,Estonia,Regular Season - 15,False,2026-06-11,3516,3527,Elva,Maardu,4.0,3.0,1.0,3.0,,,,,,,,,Desconocido
1541620.0,Kakkonen - Lohko A,247,Finland,Group A - 9,False,2026-06-11,13508,10667,PPJ,Atlantis,3.0,3.0,3.0,2.0,,,,,,,,,Desconocido
1517190.0,Ykkönen,245,Finland,Group Stage,False,2026-06-11,9190,9195,Tampere United,OLS,3.0,0.0,2.0,0.0,,,,,,,,,Desconocido
1531379.0,GFA League,845,Gambia,Regular Season - 28,False,2026-06-11,22706,18108,BST Galaxy,Steve Biko,2.0,2.0,1.0,1.0,,,,,,,,,Desconocido
1531378.0,GFA League,845,Gambia,Regular Season - 28,False,2026-06-11,6413,20811,Brikama United,Greater Tomorrow,3.0,0.0,1.0,0.0,,,,,,,,,Desconocido
1531380.0,GFA League,845,Gambia,Regular Season - 28,False,2026-06-11,25419,22708,Dutch Lions,TMT,3.0,4.0,1.0,4.0,,,,,,,,,Desconocido
1531381.0,GFA League,845,Gambia,Regular Season - 28,False,2026-06-11,27265,16801,Falcons,Fortune,1.0,2.0,1.0,2.0,,,,,,,,,Desconocido
1531382.0,GFA League,845,Gambia,Regular Season - 28,False,2026-06-11,25420,18107,Hart Acedemy,Samger,1.0,1.0,0.0,0.0,,,,,,,,,Desconocido
1534758.0,1. Division,388,Kazakhstan,Regular Season - 9,False,2026-06-11,4546,4545,Aktobe Jas,Akademiya Ontustik,1.0,4.0,0.0,1.0,,,,,,,,,Desconocido
1534763.0,1. Division,388,Kazakhstan,Regular Season - 9,False,2026-06-11,4559,4548,Taraz,Astana II,1.0,2.0,0.0,2.0,,,,,,,,,Desconocido
1534764.0,1. Division,388,Kazakhstan,Regular Season - 9,False,2026-06-11,27635,27561,Yelimay Semey 2,Jaiyq,0.0,1.0,0.0,1.0,,,,,,,,,Desconocido
1544668.0,Premier League,330,Kuwait,Regular Season - 18,False,2026-06-11,3541,3534,Al Shabab,Al Jahra,1.0,0.0,0.0,0.0,,,,,,,,,Desconocido
1527610.0,Premier League,569,Kyrgyzstan,Regular Season - 12,False,2026-06-11,12234,12240,Abdish-Ata,Neftchi,2.0,0.0,0.0,0.0,,,,,,,,,Desconocido
1508052.0,Premier League,390,Lebanon,Regular Season - 17,False,2026-06-11,4572,11880,Racing,Al Mabarrah,0.0,1.0,0.0,0.0,,,,,,,,,Desconocido
1550848.0,Federation Cup,1231,Nigeria,Quarter-finals,True,2026-06-11,24512,26400,Ikorodu City,Barau FC,2.0,2.0,1.0,0.0,,,,,,,,,Desconocido
1550849.0,Federation Cup,1231,Nigeria,Quarter-finals,True,2026-06-11,5188,5190,Nasarawa United,Plateau United,2.0,1.0,1.0,0.0,,,,,,,,,Desconocido
1550850.0,Federation Cup,1231,Nigeria,Quarter-finals,True,2026-06-11,27839,5175,Sokoto,El Kanemi Warriors,0.0,1.0,0.0,1.0,,,,,,,,,Desconocido
1550851.0,Federation Cup,1231,Nigeria,Quarter-finals,True,2026-06-11,5194,27834,Wikki Tourist,Flight FC Gboko,1.0,1.0,0.0,0.0,,,,,,,,,Desconocido
1497176.0,3. Division - Girone 5,778,Norway,Regular Season - 10,False,2026-06-11,22867,6984,Ulfstind,Fløya,3.0,0.0,1.0,0.0,,,,,,,,,Desconocido
1553035.0,Copa De La Liga,1232,Peru,Group Stage - 1,False,2026-06-11,22469,2558,Deportiva Agropecuaria,Comerciantes Unidos,2.0,0.0,0.0,0.0,,,,,,,,,Desconocido
1526745.0,Second League A - Division A Silver,1026,Russia,Spring Season Silver - 17,True,2026-06-11,6796,2005,Dinamo Stavropol,Zenit 2,3.0,0.0,2.0,0.0,,,,,,,,,Desconocido
1510602.0,Division 2 - Norra Götaland,592,Sweden,Norra Götaland - 12,True,2026-06-11,11673,12598,Motala,Kumla,0.0,0.0,0.0,0.0,,,,,,,,,Desconocido
1515752.0,Division 2 - Norrland,594,Sweden,Norrland - 11,True,2026-06-11,6669,12586,Gottne,Friska Viljor,1.0,1.0,1.0,1.0,,,,,,,,,Desconocido
1515753.0,Division 2 - Norrland,594,Sweden,Norrland - 11,True,2026-06-11,24030,18999,Kubikenborg,Lucksta,3.0,1.0,2.0,0.0,,,,,,,,,Desconocido
1511329.0,Division 2 - Västra Götaland,596,Sweden,Västra Götaland - 12,True,2026-06-11,6657,6686,Astrio,Lindome,1.0,2.0,0.0,1.0,,,,,,,,,Desconocido
1511333.0,Division 2 - Västra Götaland,596,Sweden,Västra Götaland - 12,True,2026-06-11,25576,12613,Hestrafor,Dalstorps,2.0,3.0,0.0,2.0,,,,,,,,,Desconocido
1497594.0,Superettan,114,Sweden,Regular Season - 11,False,2026-06-11,811,2176,Helsingborg,Landskrona BoIS,0.0,3.0,0.0,1.0,,,,,,,,,"Jasmin Svraka, Sweden"
1545650.0,Svenska Cupen,115,Sweden,Semi-finals,True,2026-06-11,27308,27761,Lindo FF,Studenterna,4.0,0.0,1.0,0.0,,,,,,,,,Desconocido
1545638.0,Svenska Cupen,115,Sweden,Semi-finals,True,2026-06-11,12609,12606,Västra Frölunda,Onsala,4.0,2.0,2.0,1.0,,,,,,,,,Desconocido
1524874.0,USL League Two,256,USA,Group Stage,False,2026-06-11,4036,27525,Brazos Valley,San Antonio FC 2,3.0,0.0,2.0,0.0,,,,,,,,,Desconocido
1524871.0,USL League Two,256,USA,Group Stage,False,2026-06-11,20963,4109,Capo,Tucson,1.0,1.0,1.0,1.0,,,,,,,,,Desconocido
1524872.0,USL League Two,256,USA,Group Stage,False,2026-06-11,18898,16680,Lansing City,Kalamazoo FC,0.0,7.0,0.0,3.0,,,,,,,,,Desconocido
1524873.0,USL League Two,256,USA,Group Stage,False,2026-06-11,10490,18908,Sportivo San Juan,Project 51O,1.0,3.0,0.0,0.0,,,,,,,,,Desconocido
1524870.0,USL League Two,256,USA,Group Stage,False,2026-06-11,23127,18895,Utah United,Flatirons Rush,2.0,1.0,1.0,0.0,,,,,,,,,Desconocido
1532168.0,USL W League,1117,USA,Regular Season - 1,False,2026-06-11,23934,25850,Brooke House W,Miami City W,2.0,2.0,,,,,,,,,,,Desconocido
1532350.0,USL W League,1117,USA,Regular Season - 1,False,2026-06-11,23957,27749,River Light W,Rockford Raptors W,4.0,1.0,,,,,,,,,,,Desconocido
1532441.0,USL W League,1117,USA,Regular Season - 1,False,2026-06-11,27752,27615,Snohomish United W,Portland Cherry Bombs FC W,3.0,0.0,,,,,,,,,,,Desconocido
1532392.0,USL W League,1117,USA,Regular Season - 1,False,2026-06-11,25929,27609,Sta Clarita Blue Heat W,Los Angeles SC W,0.0,1.0,,,,,,,,,,,Desconocido
1532167.0,USL W League,1117,USA,Regular Season - 1,False,2026-06-11,25863,23930,Union Macomb W,Ann Arbor W,3.0,0.0,,,,,,,,,,,Desconocido
1532169.0,USL W League,1117,USA,Regular Season - 1,False,2026-06-11,25864,23901,Utah United W,Flatirons II W,8.0,0.0,,,,,,,,,,,Desconocido
1536091.0,Cup,341,Vietnam,Semi-finals,True,2026-06-11,3674,3672,Nam Dinh,Ho Chi Minh,2.0,4.0,0.0,4.0,,,,,,,,,Desconocido
1536092.0,Cup,341,Vietnam,Semi-finals,True,2026-06-11,9167,3681,Phu Dong,Viettel,4.0,1.0,2.0,0.0,,,,,,,,,Desconocido
1551270.0,ASEAN Championship U19,928,World,Semi-finals,True,2026-06-11,19149,22591,Indonesia U19,Australia U19,0.0,1.0,0.0,0.0,,,,,,,,,Desconocido
1551269.0,ASEAN Championship U19,928,World,Semi-finals,True,2026-06-11,19155,19148,Thailand U19,Cambodia U19,4.0,0.0,2.0,0.0,,,,,,,,,Desconocido
1550855.0,Friendlies,10,World,Friendly International,True,2026-06-11,17868,17869,Costa Rica U23,Cuba U23,1.0,0.0,1.0,0.0,,,,,,,,,Desconocido
1545472.0,Tournoi Maurice Revello,914,World,Group Stage,False,2026-06-11,10299,10992,Portugal U20,Canada U20,6.0,1.0,3.0,0.0,,,,,,,,,M. Vanderstichel
1545471.0,Tournoi Maurice Revello,914,World,Group Stage,False,2026-06-11,10314,10290,Venezuela U20,Japan U20,0.0,1.0,0.0,1.0,,,,,,,,,B. Verbeke
1489369.0,World Cup,1,World,Group Stage - 1,False,2026-06-11,16,1531,Mexico,South Africa,2.0,0.0,1.0,0.0,,,,,,,,,"Wilton Pereira Sampaio, Brazil"
1538999.0,World Cup,1,World,Group Stage - 1,False,2026-06-11,17,770,South Korea,Czechia,2.0,1.0,0.0,0.0,,,,,,,,,"Amin Mohamed Omar, Egypt"
1495294.0,Premier Soccer League,401,Zimbabwe,Regular Season - 17,False,2026-06-11,5224,27273,Highlanders,Agama,1.0,0.0,0.0,0.0,,,,,,,,,Desconocido
1495297.0,Premier Soccer League,401,Zimbabwe,Regular Season - 17,False,2026-06-11,25735,5232,Scotland Mabvuku,Triangle United,3.0,0.0,1.0,0.0,,,,,,,,,Desconocido
1512454.0,Reserve League,906,Argentina,Apertura - 17,True,2026-06-10,18677,18680,Argentinos Juniors Res.,Barracas Central Res.,3.0,1.0,1.0,0.0,,,,,,,,,Desconocido
1512459.0,Reserve League,906,Argentina,Apertura - 17,True,2026-06-10,27271,18688,Estudiantes Rio Cuarto 2,Huracán Res.,1.0,0.0,1.0,0.0,,,,,,,,,Desconocido
1512463.0,Reserve League,906,Argentina,Apertura - 17,True,2026-06-10,18691,18681,Newell's Old Boys Res.,Boca Juniors Res.,3.0,1.0,1.0,0.0,,,,,,,,,Desconocido
1512466.0,Reserve League,906,Argentina,Apertura - 17,True,2026-06-10,18697,20818,San Lorenzo Res.,Instituto Res.,2.0,2.0,0.0,1.0,,,,,,,,,Desconocido
1512467.0,Reserve League,906,Argentina,Apertura - 17,True,2026-06-10,25592,18685,San Martín San Juan Res.,Estudiantes La Plata Res,0.0,4.0,0.0,2.0,,,,,,,,,Desconocido
1512468.0,Reserve League,906,Argentina,Apertura - 17,True,2026-06-10,18698,18699,Sarmiento Res.,Talleres Córdoba Res.,1.0,2.0,1.0,0.0,,,,,,,,,Desconocido
1512470.0,Reserve League,906,Argentina,Apertura - 17,True,2026-06-10,18702,18700,Vélez Sársfield Res.,Tigre Res.,2.0,0.0,2.0,0.0,,,,,,,,,Desconocido
1547743.0,Division di Honor,421,Aruba,Final Group - 2,False,2026-06-10,8239,8237,La Fama,Dakota,1.0,1.0,,,,,,,,,,,Desconocido
1537472.0,Capital Territory NPL,189,Australia,Regular Season - 12,False,2026-06-10,1449,23518,Belconnen United,Canberra White Eagles,1.0,2.0,1.0,1.0,,,,,,,,,Desconocido
1537468.0,Capital Territory NPL,189,Australia,Regular Season - 12,False,2026-06-10,1448,23519,Canberra FC,Queanbeyan City,4.0,2.0,2.0,1.0,,,,,,,,,Desconocido
1537471.0,Capital Territory NPL,189,Australia,Regular Season - 12,False,2026-06-10,1450,23517,Canberra Olympic,Canberra Juventus,2.0,3.0,0.0,2.0,,,,,,,,,Desconocido
1537469.0,Capital Territory NPL,189,Australia,Regular Season - 12,False,2026-06-10,18419,1452,O'Connor Knights,Cooma Tigers FC,0.0,1.0,0.0,0.0,,,,,,,,,Desconocido
1537470.0,Capital Territory NPL,189,Australia,Regular Season - 12,False,2026-06-10,1447,1453,Tuggeranong United,Monaro Panthers,1.0,6.0,0.0,4.0,,,,,,,,,Desconocido
1532568.0,NNSW League 1,1090,Australia,Regular Season - 9,False,2026-06-10,10206,23505,Lake Macquarie,Toronto Awaba Stags,3.0,0.0,2.0,0.0,,,,,,,,,Desconocido
1532574.0,NNSW League 1,1090,Australia,Regular Season - 10,False,2026-06-10,11194,27618,South Cardiff,Newcastle Croatia FC,1.0,3.0,0.0,1.0,,,,,,,,,Desconocido
1532576.0,NNSW League 1,1090,Australia,Regular Season - 10,False,2026-06-10,23506,20789,Wallsend Red Devils,New Lambton,5.0,2.0,2.0,0.0,,,,,,,,,Desconocido
1517550.0,New South Wales NPL,192,Australia,Regular Season - 17,False,2026-06-10,3774,16777,Sydney Olympic,SD Raiders,1.0,1.0,1.0,0.0,,,,,,,,,Desconocido
1549283.0,Npl Nsw U20,1230,Australia,Regular Season - 17,False,2026-06-10,27812,27807,Sydney Olympic U20,SD Raiders U20,0.0,1.0,0.0,0.0,,,,,,,,,Desconocido
1549395.0,Baiano U20,1073,Brazil,Round of 16,True,2026-06-10,23281,22835,Jacobina U20,Conquista U20,2.0,0.0,1.0,0.0,,,,,,,,,Desconocido
1543894.0,Brasileiro U17,1128,Brazil,Regular Season - 3,False,2026-06-10,24479,24480,Fluminense U17,Fortaleza U17,3.0,0.0,2.0,0.0,,,,,,,,,Desconocido
1543895.0,Brasileiro U17,1128,Brazil,Regular Season - 3,False,2026-06-10,24483,24485,Internacional U17,RB Bragantino U17,1.0,5.0,1.0,3.0,,,,,,,,,Desconocido
1526163.0,Brasileiro U20 A,740,Brazil,Regular Season - 15,False,2026-06-10,22875,12999,Botafogo U20,Criciuma U20,2.0,0.0,0.0,0.0,,,,,,,,,Desconocido
1526164.0,Brasileiro U20 A,740,Brazil,Regular Season - 15,False,2026-06-10,12998,12953,Corinthians U20,Avaí U20,6.0,2.0,4.0,1.0,,,,,,,,,Desconocido
1526167.0,Brasileiro U20 A,740,Brazil,Regular Season - 15,False,2026-06-10,13011,13008,Grêmio U20,Fluminense U20,0.0,3.0,0.0,1.0,,,,,,,,,Desconocido
1526168.0,Brasileiro U20 A,740,Brazil,Regular Season - 15,False,2026-06-10,13020,12954,Juventude U20,Bahia U20,3.0,1.0,0.0,0.0,,,,,,,,,Desconocido
1526172.0,Brasileiro U20 A,740,Brazil,Regular Season - 15,False,2026-06-10,13072,12981,Vitória U20,América Mineiro U20,0.0,1.0,0.0,0.0,,,,,,,,,Desconocido
1543273.0,Carioca A2,851,Brazil,1st Phase - 7,True,2026-06-10,13104,10672,América RJ,Cabofriense,2.0,1.0,0.0,1.0,,,,,,,,,Desconocido
1543272.0,Carioca A2,851,Brazil,1st Phase - 7,True,2026-06-10,14000,13109,CFRJ / Maricá,Bonsucesso,0.0,0.0,0.0,0.0,,,,,,,,,Desconocido
1542025.0,Catarinense - 2,936,Brazil,Regular Season - 9,False,2026-06-10,19635,25117,Blumenau,Jaraguá,6.0,0.0,4.0,0.0,,,,,,,,,Desconocido
1541980.0,Catarinense - 2,936,Brazil,Regular Season - 9,False,2026-06-10,25116,7860,Fluminense-SC,Metropolitano,1.0,3.0,1.0,2.0,,,,,,,,,Desconocido
1539825.0,Catarinense U20,1076,Brazil,Regular Season - 9,False,2026-06-10,12995,18329,Chapecoense U20,Concórdia U20,3.0,1.0,0.0,0.0,,,,,,,,,Desconocido
1544586.0,Copa Gaúcha,1158,Brazil,Group Stage - 5,False,2026-06-10,141,25078,Brasil DE Pelotas,Farroupilha,4.0,0.0,3.0,0.0,,,,,,,,,Desconocido
1544782.0,Maranhense - 2,1148,Brazil,Regular Season - 2,False,2026-06-10,27738,25043,Araioses,Americano Bacabal,3.0,0.0,1.0,0.0,,,,,,,,,Desconocido
1520711.0,Serie B,72,Brazil,Regular Season - 12,False,2026-06-10,129,145,Ceara,Avai,2.0,1.0,2.0,0.0,,,,,,,,,J. Pinheiro
1520714.0,Serie B,72,Brazil,Regular Season - 12,False,2026-06-10,151,7834,Goias,Novorizontino,0.0,4.0,0.0,1.0,,,,,,,,,B. Machado
1520718.0,Serie B,72,Brazil,Regular Season - 12,False,2026-06-10,123,13975,Sport Recife,Athletic Club,1.0,1.0,0.0,0.0,,,,,,,,,A. Filho
1517298.0,Canadian Premier League,479,Canada,Group Stage,False,2026-06-10,3830,2621,Forge,HFX Wanderers FC,1.0,0.0,0.0,0.0,,,,,,,,,S. Bowman
1517299.0,Canadian Premier League,479,Canada,Group Stage,False,2026-06-10,2623,2619,York United,Cavalry FC,1.0,5.0,0.0,2.0,,,,,,,,,Y. Rudolf
1546776.0,Ligue 1,424,Congo-DR,Championship Group - 11,False,2026-06-10,20468,8572,Céleste,Simba,1.0,1.0,0.0,0.0,,,,,,,,,Desconocido
1546775.0,Ligue 1,424,Congo-DR,Championship Group - 11,False,2026-06-10,6437,8064,Vita Club,Maniema Union,1.0,2.0,1.0,2.0,,,,,,,,,Desconocido
1490691.0,1. Liga U19,668,Czech-Republic,Regular Season - 25,False,2026-06-10,14830,14839,Baník Ostrava U19,Zbrojovka Brno U19,1.0,0.0,1.0,0.0,,,,,,,,,Desconocido
1490732.0,1. Liga U19,668,Czech-Republic,Regular Season - 30,False,2026-06-10,14838,14834,Slovácko U19,Mladá Boleslav U19,0.0,4.0,0.0,0.0,,,,,,,,,Desconocido
1487467.0,3. liga - MSFL,349,Czech-Republic,MSFL - 32,True,2026-06-10,7332,8625,Polanka nad Odrou,Zlín II,0.0,2.0,0.0,1.0,,,,,,,,,Desconocido
1487468.0,3. liga - MSFL,349,Czech-Republic,MSFL - 32,True,2026-06-10,8622,3727,Sigma Olomouc II,Třinec,3.0,1.0,3.0,0.0,,,,,,,,,Desconocido
1551268.0,3. liga - Promotion Play-off,1010,Czech-Republic,Play Offs,True,2026-06-10,7307,7270,Kladno,Ceska Lipa,0.0,2.0,0.0,1.0,,,,,,,,,Desconocido
1489868.0,4. liga - Divizie A,350,Czech-Republic,Division A - 30,True,2026-06-10,19432,21982,Slavoj Český Krumlov,Hluboka nad Vltavou,1.0,3.0,1.0,2.0,,,,,,,,,Desconocido
1490110.0,4. liga - Divizie B,351,Czech-Republic,Division B - 30,True,2026-06-10,7318,24194,Meteor Praha,Ústí nad Labem II,2.0,1.0,2.0,0.0,,,,,,,,,Desconocido
1487720.0,4. liga - Divizie E,354,Czech-Republic,Division E - 30,True,2026-06-10,7311,8631,Kozlovice,Břeclav,1.0,0.0,0.0,0.0,,,,,,,,,Desconocido
1487839.0,4. liga - Divizie F,686,Czech-Republic,Division F - 30,True,2026-06-10,15135,19421,Opava II,Břidličná,1.0,1.0,1.0,0.0,,,,,,,,,Desconocido
1526554.0,Liga Pro Serie B,243,Ecuador,Regular Season - 14,False,2026-06-10,1150,19414,El Nacional,Santo Domingo,0.0,0.0,0.0,0.0,,,,,,,,,Desconocido
1526555.0,Liga Pro Serie B,243,Ecuador,Regular Season - 14,False,2026-06-10,1986,16476,Gualaceo SC,Cumbayá,1.0,0.0,1.0,0.0,,,,,,,,,Desconocido
1526556.0,Liga Pro Serie B,243,Ecuador,Regular Season - 14,False,2026-06-10,2238,26031,Ind. Juniors,Deportivo Cuenca Juniors,4.0,0.0,3.0,0.0,,,,,,,,,Desconocido
1551255.0,Cup,657,Estonia,Round of 128,True,2026-06-10,13209,27842,Phoenix,Elva III,4.0,2.0,2.0,1.0,,,,,,,,,Desconocido
1551254.0,Cup,657,Estonia,Round of 128,True,2026-06-10,27843,27844,Rakvere FC Freedom,Kena,2.0,2.0,2.0,1.0,,,,,,,,,Desconocido
1551257.0,Cup,657,Estonia,Round of 128,True,2026-06-10,21396,14340,Saue,Viimsi,6.0,0.0,4.0,0.0,,,,,,,,,Desconocido
1551258.0,Cup,657,Estonia,Round of 128,True,2026-06-10,16962,14314,Tartu Kalev,Paide III,4.0,3.0,0.0,0.0,,,,,,,,,Desconocido
1551256.0,Cup,657,Estonia,Round of 128,True,2026-06-10,2274,18997,Trans Narva,Vana Hea Puur,10.0,0.0,4.0,0.0,,,,,,,,,Desconocido
1551259.0,Cup,657,Estonia,Round of 128,True,2026-06-10,26077,3522,Volta II / Arsenal,Tallinna Kalev II,0.0,3.0,0.0,1.0,,,,,,,,,Desconocido
1550040.0,Premier League,847,Eswatini,Relegation - 2,True,2026-06-10,26847,20371,Amawele,Madlenya,0.0,1.0,0.0,1.0,,,,,,,,,Desconocido
1550041.0,Premier League,847,Eswatini,Relegation - 2,True,2026-06-10,27822,27821,Viva Stumbo,Magwanyana,0.0,1.0,,,,,,,,,,,Desconocido
1548302.0,Suomen Cup,246,Finland,Quarter-finals,True,2026-06-10,1163,1166,Ilves,Lahti,5.0,2.0,4.0,2.0,,,,,,,,,Desconocido
1548301.0,Suomen Cup,246,Finland,Quarter-finals,True,2026-06-10,1165,650,KuPS,VPS,0.0,0.0,0.0,0.0,,,,,,,,,Desconocido
1548303.0,Suomen Cup,246,Finland,Quarter-finals,True,2026-06-10,689,1164,SJK,Inter Turku,1.0,2.0,1.0,1.0,,,,,,,,,Desconocido
1550653.0,Championnat D1,968,Gabon,Regular Season - 21,False,2026-06-10,21189,6415,Dikaki,Cercle Mbéri,1.0,4.0,0.0,2.0,,,,,,,,,Desconocido
1550654.0,Championnat D1,968,Gabon,Regular Season - 21,False,2026-06-10,21190,8069,FC 105,Pélican,1.0,4.0,0.0,2.0,,,,,,,,,Desconocido
1550655.0,Championnat D1,968,Gabon,Regular Season - 21,False,2026-06-10,8089,15564,Mangasport,Bouenguidi,3.0,2.0,1.0,0.0,,,,,,,,,Desconocido
1550656.0,Championnat D1,968,Gabon,Regular Season - 21,False,2026-06-10,27734,21187,Oyem AC,Bitam,1.0,2.0,1.0,1.0,,,,,,,,,Desconocido
1550657.0,Championnat D1,968,Gabon,Regular Season - 21,False,2026-06-10,19865,21191,Stade Mandji,Lozo,5.0,1.0,0.0,0.0,,,,,,,,,Desconocido
1550658.0,Championnat D1,968,Gabon,Regular Season - 21,False,2026-06-10,21194,21193,Vautour Club,US Oyem,2.0,1.0,1.0,1.0,,,,,,,,,Desconocido
1531376.0,GFA League,845,Gambia,Regular Season - 28,False,2026-06-10,8087,8102,Hawks,GPA,0.0,0.0,0.0,0.0,,,,,,,,,Desconocido
1531377.0,GFA League,845,Gambia,Regular Season - 28,False,2026-06-10,18109,16804,Team Rhino,Real de Banjul,2.0,2.0,0.0,1.0,,,,,,,,,Desconocido
1550839.0,Oberliga - Hessen,750,Germany,Playout - Final,True,2026-06-10,26172,17548,Kassel,SG Bornheim,4.0,2.0,1.0,0.0,,,,,,,,,Desconocido
1550634.0,Oberliga - Promotion Round,988,Germany,Play Offs - Round 2,True,2026-06-10,9365,12889,Pirmasens,VfR Mannheim,0.0,1.0,0.0,0.0,,,,,,,,,Desconocido
1543393.0,2. Deild,166,Iceland,Regular Season - 7,False,2026-06-10,18366,273,Fjardabyggd / Leiknir,Fjolnir,2.0,3.0,1.0,0.0,,,,,,,,,Desconocido
1543391.0,2. Deild,166,Iceland,Regular Season - 7,False,2026-06-10,2118,6093,Haukar,Kormákur / Hvöt,2.0,2.0,0.0,2.0,,,,,,,,,Desconocido
1543394.0,2. Deild,166,Iceland,Regular Season - 7,False,2026-06-10,4173,6085,KFG,Hvíti riddarinn,1.0,0.0,0.0,0.0,,,,,,,,,Desconocido
1543392.0,2. Deild,166,Iceland,Regular Season - 7,False,2026-06-10,4170,2115,Kári,Selfoss,2.0,2.0,0.0,0.0,,,,,,,,,Desconocido
1543395.0,2. Deild,166,Iceland,Regular Season - 7,False,2026-06-10,2124,4172,Magni,Dalvík / Reynir,0.0,2.0,0.0,1.0,,,,,,,,,Desconocido
1543396.0,2. Deild,166,Iceland,Regular Season - 7,False,2026-06-10,4171,828,Thróttur Vogar,Vikingur Olafsiik,1.0,2.0,0.0,1.0,,,,,,,,,Desconocido
1545809.0,Cup,167,Iceland,Quarter-finals,True,2026-06-10,3514,275,Afturelding,Stjarnan,3.0,1.0,0.0,1.0,,,,,,,,,A. K. Twana
1542167.0,Azadegan League,291,Iran,Regular Season - 28,False,2026-06-10,7500,10388,Damash Gilanian,Mes Shahr-e Babak,0.0,7.0,0.0,1.0,,,,,,,,,Desconocido
1542173.0,Azadegan League,291,Iran,Regular Season - 28,False,2026-06-10,24800,18302,Naft Bandar Abbas,Shahrdari Noshahr,1.0,0.0,1.0,0.0,,,,,,,,,Desconocido
1527609.0,Premier League,569,Kyrgyzstan,Regular Season - 12,False,2026-06-10,25764,27550,Asiagoal,Toktogul,2.0,0.0,1.0,0.0,,,,,,,,,Desconocido
1530591.0,1 Lyga,361,Lithuania,Regular Season - 1,False,2026-06-10,14384,27557,Neptūną Klaipėda,Transinvest 2,3.0,0.0,1.0,0.0,,,,,,,,,Desconocido
1550666.0,Première Division,598,Mali,Regular Season - 25,False,2026-06-10,18182,12686,Afrique Football Élite,ASKO,5.0,3.0,3.0,1.0,,,,,,,,,Desconocido
1550665.0,Première Division,598,Mali,Regular Season - 25,False,2026-06-10,27223,27222,Derby Academie,Mali Coura,2.0,2.0,1.0,1.0,,,,,,,,,Desconocido
1550667.0,Première Division,598,Mali,Regular Season - 25,False,2026-06-10,8093,12668,Onze Créateurs,Bakaridjan,0.0,0.0,0.0,0.0,,,,,,,,,Desconocido
1550668.0,Tweede Divisie,492,Netherlands,Final,True,2026-06-10,17129,1280,Excelsior Maassluis,Ijsselmeervogels,2.0,1.0,1.0,0.0,,,,,,,,,Desconocido
1550468.0,Tweede Divisie,492,Netherlands,Relegation - Final,True,2026-06-10,10320,14905,Sparta Rotterdam II,Groningen U21,3.0,2.0,1.0,2.0,,,,,,,,,Desconocido
1550878.0,Campeonato de Portugal Prio - Promotion Round,991,Portugal,Final,True,2026-06-10,4757,4816,Leça,Vitória de Sernache,1.0,1.0,1.0,0.0,,,,,,,,,Desconocido
1546281.0,Premier Soccer League,288,South-Africa,Relegation Round,True,2026-06-10,2697,19999,Cape Town City,Magesi,1.0,1.0,1.0,0.0,,,,,,,,,"Moreki Lekwape, South Africa"
1548055.0,Segunda División,141,Spain,Semi-finals,True,2026-06-10,535,534,Malaga,Las Palmas,1.0,1.0,0.0,1.0,,,,,,,,,R. Sanchez
1550651.0,Sudani Premier League,402,Sudan,Championship Group - 7,False,2026-06-10,27328,27329,Al-Hilal Omdurman II,Al-Merreikh II,1.0,0.0,0.0,0.0,,,,,,,,,Desconocido
1515751.0,Division 2 - Norrland,594,Sweden,Norrland - 11,True,2026-06-10,27459,6681,Fransta,IFK Östersund,1.0,2.0,1.0,0.0,,,,,,,,,Desconocido
1497597.0,Superettan,114,Sweden,Regular Season - 11,False,2026-06-10,365,373,Orebro SK,GIF Sundsvall,0.0,1.0,0.0,0.0,,,,,,,,,"Fredrik Alknas, Sweden"
1497600.0,Superettan,114,Sweden,Regular Season - 11,False,2026-06-10,2171,2173,Varbergs BoIS FC,Norrby IF,2.0,0.0,1.0,0.0,,,,,,,,,"Niclas Karlsson, Sweden"
1545635.0,Svenska Cupen,115,Sweden,Semi-finals,True,2026-06-10,17119,6663,Balkan,Eskilsminne,2.0,3.0,2.0,0.0,,,,,,,,,Desconocido
1545636.0,Svenska Cupen,115,Sweden,Semi-finals,True,2026-06-10,25570,11659,Eker Örebro,IF Karlstad,0.0,3.0,0.0,0.0,,,,,,,,,Desconocido
1545634.0,Svenska Cupen,115,Sweden,Semi-finals,True,2026-06-10,22932,813,Falu BS,Gefle IF,0.0,0.0,0.0,0.0,,,,,,,,,Desconocido
1545649.0,Svenska Cupen,115,Sweden,Semi-finals,True,2026-06-10,27758,6683,Football Primetime,Karlskrona,1.0,0.0,1.0,0.0,,,,,,,,,Desconocido
1545637.0,Svenska Cupen,115,Sweden,Semi-finals,True,2026-06-10,12573,6698,Lidköping,Skövde AIK,2.0,3.0,2.0,1.0,,,,,,,,,Desconocido
1545647.0,Svenska Cupen,115,Sweden,Semi-finals,True,2026-06-10,27760,6675,Malmslatts AIK,Husqvarna,1.0,5.0,0.0,2.0,,,,,,,,,Desconocido
1545648.0,Svenska Cupen,115,Sweden,Semi-finals,True,2026-06-10,27762,6682,Unik FK,Karlberg,0.0,1.0,0.0,1.0,,,,,,,,,Desconocido
1550880.0,1. Liga Classic - Play-offs,1005,Switzerland,Promotion Play-offs - Final,True,2026-06-10,16316,16323,Amical Saint-Prex,Servette II,4.0,1.0,2.0,0.0,,,,,,,,,Desconocido
1550879.0,1. Liga Classic - Play-offs,1005,Switzerland,Promotion Play-offs - Final,True,2026-06-10,6652,12705,YF Juventus,Langenthal,1.0,2.0,1.0,0.0,,,,,,,,,Desconocido
1513149.0,MLS Next Pro,909,USA,Group Stage,False,2026-06-10,4028,10282,Vancouver Whitecaps II,North Texas,1.0,1.0,0.0,0.0,,,,,,,,,Desconocido
1493527.0,USL Championship,255,USA,Group Stage,False,2026-06-10,9043,3993,Detroit City,El Paso Locomotive,1.0,1.0,0.0,1.0,,,,,,,,,A. Ndiaye
1493528.0,USL Championship,255,USA,Group Stage,False,2026-06-10,18375,25959,Monterey Bay,Sporting JAX,2.0,1.0,1.0,0.0,,,,,,,,,M. Thompson
1493529.0,USL Championship,255,USA,Group Stage,False,2026-06-10,4009,4000,Phoenix Rising,Louisville City,0.0,2.0,0.0,0.0,,,,,,,,,R. Albuquerque
1493530.0,USL Championship,255,USA,Group Stage,False,2026-06-10,4021,3990,Tampa Bay Rowdies,Charleston Battery,2.0,2.0,1.0,0.0,,,,,,,,,E. Osmanovic
1493853.0,USL League One,489,USA,Group Stage,False,2026-06-10,25838,21289,Alta,Sarasota Paradise,3.0,1.0,2.0,0.0,,,,,,,,,Desconocido
1493854.0,USL League One,489,USA,Group Stage,False,2026-06-10,27251,4024,Boise,Richmond Kickers,2.0,1.0,2.0,0.0,,,,,,,,,Desconocido
1493855.0,USL League One,489,USA,Group Stage,False,2026-06-10,3991,10283,Charlotte Independence,Union Omaha,2.0,0.0,1.0,0.0,,,,,,,,,Desconocido
1493856.0,USL League One,489,USA,Group Stage,False,2026-06-10,25488,16679,Westchester SC,Fort Wayne,1.0,1.0,1.0,0.0,,,,,,,,,Desconocido
1531188.0,USL League One Cup,1095,USA,Group Stage,False,2026-06-10,9026,3999,Greenville Triumph,Loudoun United,3.0,1.0,1.0,0.0,,,,,,,,,Desconocido
1531211.0,USL League One Cup,1095,USA,Group Stage,False,2026-06-10,18905,9016,One Knoxville,Chattanooga Red Wolves,1.0,1.0,0.0,0.0,,,,,,,,,Desconocido
1524830.0,USL League Two,256,USA,Group Stage,False,2026-06-10,4031,18912,AC Connecticut,Vermont Green,1.0,4.0,1.0,2.0,,,,,,,,,Desconocido
1524836.0,USL League Two,256,USA,Group Stage,False,2026-06-10,10145,23109,Academica,Almaden,1.0,1.0,0.0,0.0,,,,,,,,,Desconocido
1524837.0,USL League Two,256,USA,Group Stage,False,2026-06-10,20961,4066,Appalachian,North Carolina Fusion,5.0,2.0,3.0,0.0,,,,,,,,,Desconocido
1524823.0,USL League Two,256,USA,Group Stage,False,2026-06-10,23111,23116,Birmingham Legion II,Dothan United,0.0,2.0,0.0,1.0,,,,,,,,,Desconocido
1524838.0,USL League Two,256,USA,Group Stage,False,2026-06-10,4034,18884,Black Rock,Blackwatch Rush,3.0,1.0,2.0,0.0,,,,,,,,,Desconocido
1524869.0,USL League Two,256,USA,Group Stage,False,2026-06-10,9071,4100,Boston City,Western Mass Pioneers,2.0,5.0,0.0,3.0,,,,,,,,,Desconocido
1524839.0,USL League Two,256,USA,Group Stage,False,2026-06-10,21281,27518,Brevard,Lakeland United,0.0,1.0,0.0,1.0,,,,,,,,,Desconocido
1524840.0,USL League Two,256,USA,Group Stage,False,2026-06-10,4038,4099,Cedar Stars Rush,Westchester Flames,2.0,0.0,1.0,0.0,,,,,,,,,Desconocido
1524827.0,USL League Two,256,USA,Group Stage,False,2026-06-10,4039,10094,Charlotte Eagles,Asheville City,2.0,2.0,1.0,2.0,,,,,,,,,Desconocido
1524835.0,USL League Two,256,USA,Group Stage,False,2026-06-10,10096,26805,Charlotte Independence 2,Port City,4.0,1.0,3.0,1.0,,,,,,,,,Desconocido
1524828.0,USL League Two,256,USA,Group Stage,False,2026-06-10,18889,18910,Chicago Dutch Lions,St. Croix,1.0,4.0,1.0,3.0,,,,,,,,,Desconocido
1524824.0,USL League Two,256,USA,Group Stage,False,2026-06-10,9041,27513,Christos,Bethesda SC,2.0,2.0,1.0,1.0,,,,,,,,,Desconocido
1524831.0,USL League Two,256,USA,Group Stage,False,2026-06-10,25937,25951,City SC,Stars FC,2.0,1.0,1.0,0.0,,,,,,,,,Desconocido
1524841.0,USL League Two,256,USA,Group Stage,False,2026-06-10,27514,4035,Connecticut Rush,Boston Bolts,3.0,1.0,2.0,1.0,,,,,,,,,Desconocido
1524842.0,USL League Two,256,USA,Group Stage,False,2026-06-10,4045,25941,Dayton Dutch Lions,Kings Hammer Columbus,1.0,0.0,1.0,0.0,,,,,,,,,Desconocido
1524829.0,USL League Two,256,USA,Group Stage,False,2026-06-10,25955,17019,Erie Sports Center,Buffalo,0.0,5.0,0.0,3.0,,,,,,,,,Desconocido
1524848.0,USL League Two,256,USA,Group Stage,False,2026-06-10,4051,4101,FC Miami City,Weston,2.0,4.0,1.0,2.0,,,,,,,,,Desconocido
1524843.0,USL League Two,256,USA,Group Stage,False,2026-06-10,4052,9065,Flint City Bucks,AFC Ann Arbor,4.0,1.0,1.0,0.0,,,,,,,,,Desconocido
1524844.0,USL League Two,256,USA,Group Stage,False,2026-06-10,23117,25946,Hattiesburg,Red River,3.0,1.0,3.0,1.0,,,,,,,,,Desconocido
1524845.0,USL League Two,256,USA,Group Stage,False,2026-06-10,23118,4032,Hill Country Lobos,AHFC Royals,2.0,2.0,1.0,0.0,,,,,,,,,Desconocido
1524846.0,USL League Two,256,USA,Group Stage,False,2026-06-10,4056,25940,Houston FC,GFI,3.0,6.0,1.0,3.0,,,,,,,,,Desconocido
1524864.0,USL League Two,256,USA,Group Stage,False,2026-06-10,21283,9086,Ironbound,New Jersey Copa,4.0,1.0,2.0,1.0,,,,,,,,,Desconocido
1524847.0,USL League Two,256,USA,Group Stage,False,2026-06-10,27517,9029,Jackson Boom,Little Rock Rangers,0.0,3.0,0.0,2.0,,,,,,,,,Desconocido
1524863.0,USL League Two,256,USA,Group Stage,False,2026-06-10,27520,23971,Loudoun 2,Annapolis Blues,2.0,1.0,0.0,0.0,,,,,,,,,Desconocido
1524867.0,USL League Two,256,USA,Group Stage,False,2026-06-10,4063,16682,Manhattan,Morris Elite,5.0,1.0,2.0,0.0,,,,,,,,,Desconocido
1524604.0,USL League Two,256,USA,Group Stage,False,2026-06-10,18899,4079,Marin,San Francisco City,0.0,5.0,0.0,5.0,,,,,,,,,Desconocido
1524865.0,USL League Two,256,USA,Group Stage,False,2026-06-10,25943,23224,McKinney Chupacabras,Lubbock Matadors,1.0,0.0,1.0,0.0,,,,,,,,,Desconocido
1524868.0,USL League Two,256,USA,Group Stage,False,2026-06-10,18901,10100,Midwest United,Oakland County,1.0,3.0,0.0,0.0,,,,,,,,,Desconocido
1524849.0,USL League Two,256,USA,Group Stage,False,2026-06-10,26064,4082,New England FC,Seacoast United Phantoms,2.0,1.0,0.0,0.0,,,,,,,,,Desconocido
1524850.0,USL League Two,256,USA,Group Stage,False,2026-06-10,18903,23112,Nona,Brooke House,0.0,0.0,0.0,0.0,,,,,,,,,Desconocido
1524851.0,USL League Two,256,USA,Group Stage,False,2026-06-10,4067,4097,North Carolina II,Wake,3.0,1.0,1.0,1.0,,,,,,,,,Desconocido
1524852.0,USL League Two,256,USA,Group Stage,False,2026-06-10,25945,16690,Northern Indiana,Toledo Villa,3.0,1.0,2.0,1.0,,,,,,,,,Desconocido
1525400.0,USL League Two,256,USA,Group Stage,False,2026-06-10,23825,27756,PA Classics,Eagle FC,3.0,1.0,1.0,0.0,,,,,,,,,Desconocido
1524853.0,USL League Two,256,USA,Group Stage,False,2026-06-10,4075,4068,Reading United,Ocean City Nor'easters,0.0,2.0,0.0,1.0,,,,,,,,,Desconocido
1525401.0,USL League Two,256,USA,Group Stage,False,2026-06-10,13200,18891,Real Colorado Foxes,Colorado ISA,4.0,3.0,1.0,0.0,,,,,,,,,Desconocido
1524858.0,USL League Two,256,USA,Group Stage,False,2026-06-10,4076,4089,SC United Bantams,Tobacco Road,3.0,3.0,0.0,1.0,,,,,,,,,Desconocido
1524857.0,USL League Two,256,USA,Group Stage,False,2026-06-10,25947,4047,Santafé Wanderers,Des Moines Menace,1.0,1.0,1.0,0.0,,,,,,,,,Desconocido
1524832.0,USL League Two,256,USA,Group Stage,False,2026-06-10,25948,18882,Snohomish United,Ballard,2.0,0.0,2.0,0.0,,,,,,,,,Desconocido
1524859.0,USL League Two,256,USA,Group Stage,False,2026-06-10,27523,27524,Sporting Jax 2,Shark Coast,1.0,1.0,0.0,0.0,,,,,,,,,Desconocido
1524860.0,USL League Two,256,USA,Group Stage,False,2026-06-10,25950,25949,St. Louis Ambush,Springfield,2.0,2.0,0.0,0.0,,,,,,,,,Desconocido
1524833.0,USL League Two,256,USA,Group Stage,False,2026-06-10,23227,27521,Steel City,Pittsburgh Riverhounds 2,0.0,0.0,0.0,0.0,,,,,,,,,Desconocido
1524834.0,USL League Two,256,USA,Group Stage,False,2026-06-10,23123,27526,Sueno,Rockford Raptors,4.0,1.0,1.0,1.0,,,,,,,,,Desconocido
1524861.0,USL League Two,256,USA,Group Stage,False,2026-06-10,4093,21287,Ventura County Fusion,Redlands,0.0,0.0,0.0,0.0,,,,,,,,,Desconocido
1524862.0,USL League Two,256,USA,Group Stage,False,2026-06-10,13192,27516,Virginia Beach City,Hill City,5.0,3.0,4.0,2.0,,,,,,,,,Desconocido
1524826.0,USL League Two,256,USA,Group Stage,False,2026-06-10,21293,18907,Virginia Marauders,Patuxent,1.0,0.0,0.0,0.0,,,,,,,,,Desconocido
1524866.0,USL League Two,256,USA,Group Stage,False,2026-06-10,24018,25487,West Texas,Texoma,2.0,1.0,0.0,0.0,,,,,,,,,Desconocido
1532162.0,USL W League,1117,USA,Regular Season - 1,False,2026-06-10,25858,23921,Annapolis Blues W,Richmond Ivy W,2.0,2.0,0.0,1.0,,,,,,,,,Desconocido
1532160.0,USL W League,1117,USA,Regular Season - 1,False,2026-06-10,23895,25860,Cedar Stars W,New Jersey Copa W,4.0,0.0,3.0,0.0,,,,,,,,,Desconocido
1532164.0,USL W League,1117,USA,Regular Season - 1,False,2026-06-10,23896,23907,Challenge W,Lonestar II W,0.0,1.0,0.0,1.0,,,,,,,,,Desconocido
1532156.0,USL W League,1117,USA,Regular Season - 1,False,2026-06-10,23897,23954,Charlotte Eagles II W,North Carolina Fusion W,1.0,0.0,0.0,0.0,,,,,,,,,Desconocido
1532159.0,USL W League,1117,USA,Regular Season - 1,False,2026-06-10,23899,23913,Eagle FC W,Northern Virginia FC W,3.0,1.0,3.0,0.0,,,,,,,,,Desconocido
1532154.0,USL W League,1117,USA,Regular Season - 1,False,2026-06-10,25843,25859,Erie Sports Center W,Buffalo W,0.0,4.0,0.0,2.0,,,,,,,,,Desconocido
1532158.0,USL W League,1117,USA,Regular Season - 1,False,2026-06-10,23945,16488,Indy Eleven W,Racing Louisville W,3.0,0.0,2.0,0.0,,,,,,,,,Desconocido
1532161.0,USL W League,1117,USA,Regular Season - 1,False,2026-06-10,23946,23943,Kalamazoo FC W,Detroit City W,0.0,2.0,0.0,0.0,,,,,,,,,Desconocido
1532163.0,USL W League,1117,USA,Regular Season - 1,False,2026-06-10,23949,23950,Long Island Rough Riders W,Manhattan W,8.0,1.0,3.0,1.0,,,,,,,,,Desconocido
1532390.0,USL W League,1117,USA,Regular Season - 1,False,2026-06-10,27611,23956,Loudoun United FC W,Patuxent W,3.0,1.0,2.0,1.0,,,,,,,,,Desconocido
1532166.0,USL W League,1117,USA,Regular Season - 1,False,2026-06-10,23918,23893,Pleasanton Rage W,California Storm II W,2.0,1.0,1.0,0.0,,,,,,,,,Desconocido
1532157.0,USL W League,1117,USA,Regular Season - 1,False,2026-06-10,23958,23919,Rochester W,RKC Third Coast W,1.0,0.0,0.0,0.0,,,,,,,,,Desconocido
1532155.0,USL W League,1117,USA,Regular Season - 1,False,2026-06-10,25855,25845,Sporting JAX W,Fort Lauderdale Utd II W,2.0,1.0,,,,,,,,,,,Desconocido
1532391.0,USL W League,1117,USA,Regular Season - 1,False,2026-06-10,23924,27612,Stockton Cargo W,Monterey Bay FC W,1.0,3.0,0.0,1.0,,,,,,,,,Desconocido
1531059.0,Pro League A,1075,Uzbekistan,Regular Season - 10,False,2026-06-10,27584,23394,BuxDu,Qiziriq,2.0,0.0,1.0,0.0,,,,,,,,,Desconocido
1531060.0,Pro League A,1075,Uzbekistan,Regular Season - 10,False,2026-06-10,4222,27585,Shortan,Gazalkent,0.0,2.0,0.0,0.0,,,,,,,,,Desconocido
1548458.0,Friendlies,10,World,Friendly International,True,2026-06-10,2381,1532,Bolivia,Algeria,0.0,4.0,0.0,1.0,,,,,,,,,Desconocido
1550832.0,Friendlies,10,World,Friendly International,True,2026-06-10,12502,12522,Brazil U17,United States U17,1.0,0.0,0.0,0.0,,,,,,,,,Desconocido
1525494.0,Friendlies,10,World,Friendly International,True,2026-06-10,10,29,England,Costa Rica,3.0,0.0,1.0,0.0,,,,,,,,,"Facundo Raul Tello Figueroa, Argentina"
1550833.0,Friendlies,10,World,Friendly International,True,2026-06-10,5535,1553,Pakistan,Afghanistan,2.0,0.0,1.0,0.0,,,,,,,,,Desconocido
1540358.0,Friendlies,10,World,Friendly International,True,2026-06-10,27,19,Portugal,Nigeria,2.0,1.0,1.0,1.0,,,,,,,,,"Mateo Busquets Ferrer, Spain"
1548695.0,Friendlies Clubs,667,World,Club Friendlies,True,2026-06-10,369,2174,Trelleborg,Osters IF,1.0,2.0,0.0,2.0,,,,,,,,,Desconocido
1548488.0,Friendlies Women,666,World,Friendly International Women,True,2026-06-10,20453,18267,Saudi Arabia W,Laos W,4.0,0.0,2.0,0.0,,,,,,,,,Desconocido
1545470.0,Tournoi Maurice Revello,914,World,Group Stage,False,2026-06-10,18981,20562,Colombia U19,Tunisia U23,0.0,0.0,0.0,0.0,,,,,,,,,D. Shiino
1545469.0,Tournoi Maurice Revello,914,World,Group Stage,False,2026-06-10,11024,23542,Congo DR U20,Saudi Arabia U21,2.0,0.0,1.0,0.0,,,,,,,,,O. Tschon
1495292.0,Premier Soccer League,401,Zimbabwe,Regular Season - 17,False,2026-06-10,5220,5218,Chicken Inn,CAPS United,0.0,0.0,0.0,0.0,,,,,,,,,Desconocido
1495293.0,Premier Soccer League,401,Zimbabwe,Regular Season - 17,False,2026-06-10,5221,27275,Dynamos,Hunters,2.0,2.0,0.0,0.0,,,,,,,,,Desconocido
1495299.0,Premier Soccer League,401,Zimbabwe,Regular Season - 17,False,2026-06-10,5226,5223,Kariba,Herentals,0.0,0.0,0.0,0.0,,,,,,,,,Desconocido
1495295.0,Premier Soccer League,401,Zimbabwe,Regular Season - 17,False,2026-06-10,25734,5227,MWOS,Manica Diamonds,3.0,1.0,1.0,1.0,,,,,,,,,Desconocido
1495296.0,Premier Soccer League,401,Zimbabwe,Regular Season - 17,False,2026-06-10,5230,27274,Platinum,Hardrock,0.0,0.0,0.0,0.0,,,,,,,,,Desconocido
1495298.0,Premier Soccer League,401,Zimbabwe,Regular Season - 17,False,2026-06-10,21055,5229,Simba Bhora,Ngezi Platinum,1.0,0.0,1.0,0.0,,,,,,,,,Desconocido
1512453.0,Reserve League,906,Argentina,Apertura - 17,True,2026-06-09,18676,27272,Aldosivi Res.,Gimnasia Mendoza 2,1.0,0.0,1.0,0.0,,,,,,,,,Desconocido
1512455.0,Reserve League,906,Argentina,Apertura - 17,True,2026-06-09,20817,27412,Belgrano Córdoba Res.,Atl. Rafaela 2,1.0,1.0,0.0,0.0,,,,,,,,,Desconocido
1512456.0,Reserve League,906,Argentina,Apertura - 17,True,2026-06-09,18682,18683,Central Córdoba SdE Res.,Colón Res.,2.0,0.0,1.0,0.0,,,,,,,,,Desconocido
1512458.0,Reserve League,906,Argentina,Apertura - 17,True,2026-06-09,22937,18693,Deportivo Riestra Res.,Platense Res.,1.0,0.0,1.0,0.0,,,,,,,,,Desconocido
1512462.0,Reserve League,906,Argentina,Apertura - 17,True,2026-06-09,18690,18689,Lanús Res.,Independiente Res.,0.0,4.0,0.0,3.0,,,,,,,,,Desconocido
1512465.0,Reserve League,906,Argentina,Apertura - 17,True,2026-06-09,18695,18696,River Plate Res.,Rosario Central Res.,2.0,1.0,0.0,1.0,,,,,,,,,Desconocido
1547742.0,Division di Honor,421,Aruba,Final Group - 2,False,2026-06-09,8234,26895,Britannia,Sporting,0.0,0.0,0.0,0.0,,,,,,,,,Desconocido
1532572.0,NNSW League 1,1090,Australia,Regular Season - 10,False,2026-06-09,23503,23501,Singleton Strikers,Cessnock City Hornets,5.0,1.0,1.0,1.0,,,,,,,,,Desconocido
1524215.0,Queensland Premier League,833,Australia,Regular Season - 13,False,2026-06-09,22895,27512,Ipswich,Robina City,0.0,1.0,0.0,0.0,,,,,,,,,Desconocido
1543892.0,Brasileiro U17,1128,Brazil,Regular Season - 3,False,2026-06-09,24471,24476,Atlético Mineiro U17,Cruzeiro U17,1.0,3.0,0.0,3.0,,,,,,,,,Desconocido
1543893.0,Brasileiro U17,1128,Brazil,Regular Season - 3,False,2026-06-09,24475,24482,Corinthians U17,Gremio U17,7.0,0.0,4.0,0.0,,,,,,,,,Desconocido
1543896.0,Brasileiro U17,1128,Brazil,Regular Season - 3,False,2026-06-09,25797,24468,Juventude U17,America MG U17,0.0,4.0,0.0,1.0,,,,,,,,,Desconocido
1543898.0,Brasileiro U17,1128,Brazil,Regular Season - 3,False,2026-06-09,24487,24478,Sao Paulo U17,Flamengo RJ U17,1.0,1.0,1.0,0.0,,,,,,,,,Desconocido
1543899.0,Brasileiro U17,1128,Brazil,Regular Season - 3,False,2026-06-09,25807,24469,Vasco U17,Athletico PR U17,2.0,0.0,0.0,0.0,,,,,,,,,Desconocido
1543900.0,Brasileiro U17,1128,Brazil,Regular Season - 3,False,2026-06-09,27733,24473,Vitoria U17,Botafogo U17,0.0,1.0,0.0,1.0,,,,,,,,,Desconocido
1526166.0,Brasileiro U20 A,740,Brazil,Regular Season - 15,False,2026-06-09,11054,12984,Flamengo U20,Athletico PR U20,1.0,0.0,0.0,0.0,,,,,,,,,Desconocido
1548297.0,Paranaense U20,1071,Brazil,Semi-finals,True,2026-06-09,23237,23232,Cascavel U20,Araucaria U20,0.0,1.0,0.0,1.0,,,,,,,,,Desconocido
1520715.0,Serie B,72,Brazil,Regular Season - 12,False,2026-06-09,755,154,Nautico Recife,Fortaleza EC,0.0,1.0,0.0,1.0,,,,,,,,,L. Casagrande
1520717.0,Serie B,72,Brazil,Regular Season - 12,False,2026-06-09,139,1193,Ponte Preta,Cuiaba,1.0,2.0,1.0,1.0,,,,,,,,,M. de Lima
1547555.0,Elite Two,813,Cameroon,Championship Group - 1,False,2026-06-09,25429,27457,Atlantic,Kumba,1.0,1.0,1.0,1.0,,,,,,,,,Desconocido
1547556.0,Elite Two,813,Cameroon,Championship Group - 1,False,2026-06-09,5399,25430,Avion Academy,Union Abong-Mbang,1.0,1.0,0.0,0.0,,,,,,,,,Desconocido
1547557.0,Elite Two,813,Cameroon,Championship Group - 1,False,2026-06-09,5407,5398,Les Astres,APEJES Academy,0.0,2.0,0.0,1.0,,,,,,,,,Desconocido
1517297.0,Canadian Premier League,479,Canada,Group Stage,False,2026-06-09,10169,27461,Atlético Ottawa,Supra du Quebec,5.0,3.0,1.0,3.0,,,,,,,,,B. Hoskins
1526553.0,Liga Pro Serie B,243,Ecuador,Regular Season - 14,False,2026-06-09,25736,27548,22 de Julio,Atletico FC,0.0,1.0,0.0,0.0,,,,,,,,,Desconocido
1526557.0,Liga Pro Serie B,243,Ecuador,Regular Season - 14,False,2026-06-09,10111,21103,9 de Octubre,Cuniburo,2.0,1.0,2.0,0.0,,,,,,,,,Desconocido
1526558.0,Liga Pro Serie B,243,Ecuador,Regular Season - 14,False,2026-06-09,23310,1988,San Antonio,LDU Portoviejo,4.0,2.0,3.0,1.0,,,,,,,,,Desconocido
1548300.0,Suomen Cup,246,Finland,Quarter-finals,True,2026-06-09,1169,649,Honka,HJK Helsinki,1.0,7.0,1.0,4.0,,,,,,,,,Desconocido
1504241.0,Ykkösliiga,1087,Finland,Group Stage,False,2026-06-09,9198,9172,SJK Akatemia,JIPPO,0.0,0.0,0.0,0.0,,,,,,,,,K. Nummela
1550652.0,Championnat D1,968,Gabon,Regular Season - 21,False,2026-06-09,27575,27625,Stade Migoveen,Ogooue FC,2.0,1.0,0.0,0.0,,,,,,,,,Desconocido
1542169.0,Azadegan League,291,Iran,Regular Season - 28,False,2026-06-09,20802,22236,Be'sat Kermanshah,Mes Soongoun,1.0,0.0,0.0,0.0,,,,,,,,,Desconocido
1542172.0,Azadegan League,291,Iran,Regular Season - 28,False,2026-06-09,2718,10399,Mes Kerman,Naft Gachsaran,0.0,0.0,0.0,0.0,,,,,,,,,Desconocido
1542170.0,Azadegan League,291,Iran,Regular Season - 28,False,2026-06-09,2719,22890,Nassaji Mazandaran,Shenavarsazi Qeshm,2.0,0.0,0.0,0.0,,,,,,,,,Desconocido
1542168.0,Azadegan League,291,Iran,Regular Season - 28,False,2026-06-09,2726,25364,Navad Urmia,Fard Alborz,0.0,6.0,0.0,3.0,,,,,,,,,Desconocido
1542171.0,Azadegan League,291,Iran,Regular Season - 28,False,2026-06-09,7502,20801,Niroye Zamini,Ario Eslamshahr,0.0,0.0,0.0,0.0,,,,,,,,,Desconocido
1542174.0,Azadegan League,291,Iran,Regular Season - 28,False,2026-06-09,2736,15541,Saipa,Havadar,0.0,0.0,0.0,0.0,,,,,,,,,Desconocido
1542175.0,Azadegan League,291,Iran,Regular Season - 28,False,2026-06-09,2743,2702,Sanat Naft,Pars Jonoubi JAM,0.0,2.0,0.0,1.0,,,,,,,,,Desconocido
1550661.0,Première Division,598,Mali,Regular Season - 25,False,2026-06-09,12669,12681,Bougouni,USFAS Bamako,2.0,1.0,,,,,,,,,,,Desconocido
1550662.0,Première Division,598,Mali,Regular Season - 25,False,2026-06-09,8060,12677,Djoliba,Réal Bamako,0.0,1.0,0.0,0.0,,,,,,,,,Desconocido
1550663.0,Première Division,598,Mali,Regular Season - 25,False,2026-06-09,6434,17446,Stade Malien Bamako,Binga,2.0,1.0,1.0,0.0,,,,,,,,,Desconocido
1550664.0,Première Division,598,Mali,Regular Season - 25,False,2026-06-09,18183,25371,US Bougouba,Diarra,2.0,6.0,2.0,2.0,,,,,,,,,Desconocido
1548333.0,Botola Pro,200,Morocco,Regular Season - 23,False,2026-06-09,3449,14806,CR Khemis Zemamra,UTS Rabat,0.0,1.0,0.0,1.0,,,,,,,,,D. Zine
1548332.0,Botola Pro,200,Morocco,Regular Season - 23,False,2026-06-09,971,976,Kawkab Marrakech,Raja Casablanca,2.0,0.0,0.0,0.0,,,,,,,,,A. El Maataoui
1548334.0,Botola Pro,200,Morocco,Regular Season - 23,False,2026-06-09,3453,969,Maghreb Fès,FAR Rabat,0.0,0.0,0.0,0.0,,,,,,,,,Y. Triki
1548331.0,Botola Pro,200,Morocco,Regular Season - 23,False,2026-06-09,25058,22218,Yacoub El Mansour,CODM Meknès,1.0,1.0,0.0,0.0,,,,,,,,,Y. Laoudini
1548681.0,II Liga - East,109,Poland,Relegation - Play Offs,True,2026-06-09,6951,6943,Resovia Rzeszów,KSZO 1929,3.0,0.0,2.0,0.0,,,,,,,,,Desconocido
1548680.0,II Liga - East,109,Poland,Relegation - Play Offs,True,2026-06-09,16255,9132,Sokół Kleczew,Górnik Polkowice,4.0,1.0,0.0,0.0,,,,,,,,,Desconocido
1548054.0,Segunda División,141,Spain,Semi-finals,True,2026-06-09,723,5254,Almeria,Castellón,3.0,2.0,1.0,0.0,,,,,,,,,J. A. Gonzalez Esteban
1550648.0,Sudani Premier League,402,Sudan,Championship Group - 7,False,2026-06-09,15595,5543,Al Hilal Port Sudan,Al Ahli Wad Medani,2.0,2.0,1.0,0.0,,,,,,,,,Desconocido
1550649.0,Sudani Premier League,402,Sudan,Championship Group - 7,False,2026-06-09,5551,5246,Hilal El-Fasher,Hay Al Wadi,0.0,0.0,0.0,0.0,,,,,,,,,Desconocido
1550650.0,Sudani Premier League,402,Sudan,Championship Group - 7,False,2026-06-09,25524,7456,Umm Mughad,Al Fallah,3.0,1.0,2.0,0.0,,,,,,,,,Desconocido
1497593.0,Superettan,114,Sweden,Regular Season - 11,False,2026-06-09,2175,2165,IK brage,Ljungskile SK,2.0,2.0,0.0,0.0,,,,,,,,,"Max Persson, Sweden"
1497596.0,Superettan,114,Sweden,Regular Season - 11,False,2026-06-09,11674,378,Oddevold,IFK Norrkoping,1.0,2.0,1.0,2.0,,,,,,,,,"Rambod Beigi, Sweden"
1497598.0,Superettan,114,Sweden,Regular Season - 11,False,2026-06-09,2174,2163,Osters IF,IFK Varnamo,3.0,0.0,3.0,0.0,,,,,,,,,"Fredrik Oppong, Sweden"
1497599.0,Superettan,114,Sweden,Regular Season - 11,False,2026-06-09,6697,812,Sandviken,Falkenbergs FF,4.0,2.0,4.0,1.0,,,,,,,,,"Mohammed Al-Hakim, Sweden"
1497595.0,Superettan,114,Sweden,Regular Season - 11,False,2026-06-09,16601,376,United Nordic,Ostersunds FK,1.0,1.0,0.0,1.0,,,,,,,,,"Farouk Nehdi, Sweden"
1545631.0,Svenska Cupen,115,Sweden,Semi-finals,True,2026-06-09,12649,765,Konyaspor,AFC Eskilstuna,0.0,2.0,0.0,1.0,,,,,,,,,Desconocido
1545663.0,Svenska Cupen,115,Sweden,Semi-finals,True,2026-06-09,28448,12622,Sturehov IK,FBK Karlstad,1.0,3.0,0.0,1.0,,,,,,,,,Desconocido
1545633.0,Svenska Cupen,115,Sweden,Semi-finals,True,2026-06-09,6711,6672,Vendelsö,Haninge,1.0,4.0,0.0,2.0,,,,,,,,,Desconocido
1531209.0,USL League One Cup,1095,USA,Group Stage,False,2026-06-09,3989,4043,Birmingham Legion,Corpus Christi,3.0,0.0,2.0,0.0,,,,,,,,,Desconocido
1524818.0,USL League Two,256,USA,Group Stage,False,2026-06-09,18890,23970,Cleveland Force,Akron City,1.0,3.0,1.0,2.0,,,,,,,,,Desconocido
1524819.0,USL League Two,256,USA,Group Stage,False,2026-06-09,25938,9037,Delaware FC,West Chester United,1.0,3.0,0.0,2.0,,,,,,,,,Desconocido
1524825.0,USL League Two,256,USA,Group Stage,False,2026-06-09,4049,23114,Evergreen,Charlottesville Blues,0.0,1.0,0.0,1.0,,,,,,,,,Desconocido
1524822.0,USL League Two,256,USA,Group Stage,False,2026-06-09,9028,25942,Laredo Heat,Lonestar,1.0,1.0,0.0,1.0,,,,,,,,,Desconocido
1524820.0,USL League Two,256,USA,Group Stage,False,2026-06-09,4060,16728,Lehigh Valley United,Lone Star II,3.0,0.0,2.0,0.0,,,,,,,,,Desconocido
1524821.0,USL League Two,256,USA,Group Stage,False,2026-06-09,10103,23979,Southern Soccer Academy,Columbus United,6.0,0.0,3.0,0.0,,,,,,,,,Desconocido
1532349.0,USL W League,1117,USA,Regular Season - 1,False,2026-06-09,23928,27748,AC Connecticut W,Hartford Athletic W,0.0,4.0,0.0,1.0,,,,,,,,,Desconocido
1532152.0,USL W League,1117,USA,Regular Season - 1,False,2026-06-09,23937,23933,Chattanooga Red Wolves W,Birmingham Legion W,0.0,0.0,0.0,0.0,,,,,,,,,Desconocido
1532389.0,USL W League,1117,USA,Regular Season - 1,False,2026-06-09,27610,25849,Hill Country Linces W,Lonestar San Antonio W,2.0,1.0,0.0,0.0,,,,,,,,,Desconocido
1532436.0,USL W League,1117,USA,Regular Season - 1,False,2026-06-09,25846,27613,Hudson Valley Crusaders W,New England Mutiny W,2.0,1.0,1.0,0.0,,,,,,,,,Desconocido
1532153.0,USL W League,1117,USA,Regular Season - 1,False,2026-06-09,23908,25854,Marin FC Siren W,San Juan SC W,1.0,3.0,0.0,1.0,,,,,,,,,Desconocido
1532148.0,USL W League,1117,USA,Regular Season - 1,False,2026-06-09,25850,23951,Miami City W,Miami AC W,2.0,1.0,1.0,0.0,,,,,,,,,Desconocido
1532438.0,USL W League,1117,USA,Regular Season - 1,False,2026-06-09,27615,23915,Portland Cherry Bombs FC W,Olympia W,1.0,2.0,0.0,1.0,,,,,,,,,Desconocido
1532437.0,USL W League,1117,USA,Regular Season - 1,False,2026-06-09,27616,23957,Rally Madison FC W,River Light W,2.0,4.0,0.0,0.0,,,,,,,,,Desconocido
1532150.0,USL W League,1117,USA,Regular Season - 1,False,2026-06-09,23854,23910,Sioux Falls City W,Minnesota Aurora W,0.0,3.0,0.0,0.0,,,,,,,,,Desconocido
1532149.0,USL W League,1117,USA,Regular Season - 1,False,2026-06-09,25861,23941,Steel City W,Cleveland Force W,1.0,0.0,1.0,0.0,,,,,,,,,Desconocido
1532151.0,USL W League,1117,USA,Regular Season - 1,False,2026-06-09,23967,23911,Wake W,NC Courage II W,0.0,5.0,0.0,1.0,,,,,,,,,Desconocido
1547739.0,Premier League,333,Ukraine,Final,True,2026-06-09,3620,21953,Ahrobiznes Volochysk,Kudrivka,2.0,2.0,0.0,1.0,,,,,,,,,O. Shandor
1548188.0,Premier League,333,Ukraine,Final,True,2026-06-09,17162,3619,Livyi Bereh,Oleksandria,1.0,0.0,1.0,0.0,,,,,,,,,D. Panchyshyn
1530974.0,Pro League A,1075,Uzbekistan,Regular Season - 10,False,2026-06-09,16582,25887,Lochin,Kattaqurgon,2.0,0.0,1.0,0.0,,,,,,,,,Desconocido
1548087.0,ASEAN Championship,24,World,Qualification Round Group Stage - 1,False,2026-06-09,5537,5538,Timor-Leste,Brunei,3.0,1.0,0.0,1.0,,,,,,,,,Sivakorn Pu-Udom
1547220.0,ASEAN Championship U19,928,World,Group Stage - 3,False,2026-06-09,22591,19148,Australia U19,Cambodia U19,2.0,2.0,2.0,0.0,,,,,,,,,Desconocido
1550660.0,Baltic Cup,849,World,Final,True,2026-06-09,1101,1097,Estonia,Lithuania,1.0,0.0,0.0,0.0,,,,,,,,,V. Spasjonnikovs
1550659.0,Baltic Cup,849,World,3rd place,True,2026-06-09,1092,1098,Latvia,Faroe Islands,0.0,1.0,0.0,0.0,,,,,,,,,D. Svegzda
1483045.0,CONMEBOL Nations League Women,1206,World,Group Stage - 9,False,2026-06-09,1731,1782,Ecuador W,Argentina W,0.0,1.0,0.0,0.0,,,,,,,,,Desconocido
1483046.0,CONMEBOL Nations League Women,1206,World,Group Stage - 9,False,2026-06-09,16941,1737,Paraguay W,Colombia W,3.0,4.0,3.0,2.0,,,,,,,,,Desconocido
1483047.0,CONMEBOL Nations League Women,1206,World,Group Stage - 9,False,2026-06-09,18261,16924,Peru W,Bolivia W,4.0,0.0,1.0,0.0,,,,,,,,,Desconocido
1483048.0,CONMEBOL Nations League Women,1206,World,Group Stage - 9,False,2026-06-09,16944,18264,Uruguay W,Venezuela W,1.0,1.0,0.0,0.0,,,,,,,,,Desconocido
1550830.0,Friendlies,10,World,Friendly International,True,2026-06-09,10186,20552,Algeria U23,Mauritania U23,1.0,3.0,0.0,1.0,,,,,,,,,Desconocido
1543831.0,Friendlies,10,World,Friendly International,True,2026-06-09,1529,1527,Angola,Central African Republic,3.0,0.0,2.0,0.0,,,,,,,,,Desconocido
1540357.0,Friendlies,10,World,Friendly International,True,2026-06-09,26,18,Argentina,Iceland,3.0,0.0,1.0,0.0,,,,,,,,,"Rosendo Mendoza, USA"
1537651.0,Friendlies,10,World,Friendly International,True,2026-06-09,1094,1114,Armenia,Moldova,1.0,1.0,0.0,0.0,,,,,,,,,A. Aptsiauri
1544813.0,Friendlies,10,World,Friendly International,True,2026-06-09,1096,1115,Azerbaijan,San Marino,2.0,1.0,1.0,1.0,,,,,,,,,M. Rusz
1546841.0,Friendlies,10,World,Friendly International,True,2026-06-09,8181,21058,Azerbaijan U21,Kyrgyz Republic U20,1.0,3.0,0.0,1.0,,,,,,,,,Desconocido
1544364.0,Friendlies,10,World,Friendly International,True,2026-06-09,1100,1502,Belarus,Burkina Faso,2.0,2.0,0.0,0.0,,,,,,,,,Desconocido
1544363.0,Friendlies,10,World,Friendly International,True,2026-06-09,1543,4460,Cambodia,Hong Kong,2.0,0.0,1.0,0.0,,,,,,,,,Desconocido
1546502.0,Friendlies,10,World,Friendly International,True,2026-06-09,1566,1564,China,Thailand,0.0,0.0,0.0,0.0,,,,,,,,,K. Hyung-Jin
1546840.0,Friendlies,10,World,Friendly International,True,2026-06-09,10932,10959,China PR U23,Tajikistan U23,3.0,0.0,2.0,0.0,,,,,,,,,Desconocido
1544367.0,Friendlies,10,World,Friendly International,True,2026-06-09,1508,2383,Congo DR,Chile,1.0,2.0,0.0,0.0,,,,,,,,,M. Melki
1550857.0,Friendlies,10,World,Friendly International,True,2026-06-09,17868,17869,Costa Rica U23,Cuba U23,0.0,0.0,0.0,0.0,,,,,,,,,Desconocido
1550831.0,Friendlies,10,World,Friendly International,True,2026-06-09,27551,10344,Egypt U19,Russia U19,2.0,5.0,0.0,2.0,,,,,,,,,Desconocido
1545273.0,Friendlies,10,World,Friendly International,True,2026-06-09,1521,1524,Equatorial Guinea,Comoros,0.0,1.0,0.0,0.0,,,,,,,,,Desconocido
1545704.0,Friendlies,10,World,Friendly International,True,2026-06-09,1506,1495,Ethiopia,Malawi,1.0,1.0,1.0,1.0,,,,,,,,,Desconocido
1525493.0,Friendlies,10,World,Friendly International,True,2026-06-09,769,1095,Hungary,Kazakhstan,3.0,1.0,0.0,1.0,,,,,,,,,"Pavle Ilic, Serbia"
1546507.0,Friendlies,10,World,Friendly International,True,2026-06-09,1571,1512,Indonesia,Mozambique,1.0,0.0,1.0,0.0,,,,,,,,,Desconocido
1546509.0,Friendlies,10,World,Friendly International,True,2026-06-09,1567,2379,Iraq,Venezuela,0.0,2.0,0.0,1.0,,,,,,,,,Desconocido
1583644.0,Friendlies,10,World,Friendly International,True,2026-06-09,10177,10941,Korea Republic U23,Kyrgyz Republic U23,0.0,1.0,0.0,0.0,,,,,,,,,Desconocido
1546508.0,Friendlies,10,World,Friendly International,True,2026-06-09,1554,1562,Kyrgyzstan,Palestine,0.0,0.0,0.0,0.0,,,,,,,,,Desconocido
1548457.0,Friendlies,10,World,Friendly International,True,2026-06-09,1525,1499,Liberia,Sierra Leone,3.0,1.0,2.0,0.0,,,,,,,,,Desconocido
1545274.0,Friendlies,10,World,Friendly International,True,2026-06-09,8209,8195,Moldova U21,Georgia U21,3.0,2.0,1.0,0.0,,,,,,,,,Desconocido
1545703.0,Friendlies,10,World,Friendly International,True,2026-06-09,1555,1556,Philippines,Myanmar,5.0,1.0,1.0,0.0,,,,,,,,,Desconocido
1548456.0,Friendlies,10,World,Friendly International,True,2026-06-09,8217,10954,Republic of Ireland U21,Qatar U23,0.0,0.0,0.0,0.0,,,,,,,,,Desconocido
1543832.0,Friendlies,10,World,Friendly International,True,2026-06-09,4,5168,Russia,Trinidad and Tobago,3.0,0.0,2.0,0.0,,,,,,,,,N. Minakovic
1550829.0,Friendlies,10,World,Friendly International,True,2026-06-09,8219,10192,Russia U21,Iraq U23,1.0,0.0,0.0,0.0,,,,,,,,,Desconocido
1544368.0,Friendlies,10,World,Friendly International,True,2026-06-09,23,13,Saudi Arabia,Senegal,0.0,0.0,0.0,0.0,,,,,,,,,V. Rivas
1546842.0,Friendlies,10,World,Friendly International,True,2026-06-09,1536,1537,Tajikistan,India,1.0,1.0,0.0,1.0,,,,,,,,,Desconocido
1546503.0,Friendlies,10,World,Friendly International,True,2026-06-09,10960,10184,Thailand U23,UAE U23,2.0,5.0,1.0,2.0,,,,,,,,,Desconocido
1546506.0,Friendlies,10,World,Friendly International,True,2026-06-09,1534,1516,Togo,Benin,5.0,1.0,1.0,1.0,,,,,,,,,Desconocido
1550853.0,Friendlies,10,World,Friendly International,True,2026-06-09,19075,22343,Turkey U18,Ukraine U18,0.0,1.0,0.0,1.0,,,,,,,,,Desconocido
1550854.0,Friendlies,10,World,Friendly International,True,2026-06-09,25282,18982,USA U19,Japan U19,5.0,2.0,3.0,0.0,,,,,,,,,Desconocido
1548454.0,Friendlies,10,World,Friendly International,True,2026-06-09,5170,5160,Vanuatu,Fiji,2.0,2.0,1.0,2.0,,,,,,,,,Desconocido
1548487.0,Friendlies Women,666,World,Friendly International Women,True,2026-06-09,23749,17892,Albion San Diego W,Philippines W,0.0,2.0,,,,,,,,,,,Desconocido
1544317.0,Friendlies Women,666,World,Friendly International Women,True,2026-06-09,1722,1729,Australia W,Mexico W,3.0,1.0,2.0,1.0,,,,,,,,,S. Pearson
1542897.0,Friendlies Women,666,World,Friendly International Women,True,2026-06-09,1726,1718,Brazil W,USA W,0.0,1.0,0.0,0.0,,,,,,,,,P. Cebollada
1546560.0,Friendlies Women,666,World,Friendly International Women,True,2026-06-09,1727,1717,Costa Rica W,Canada W,0.0,6.0,0.0,2.0,,,,,,,,,Desconocido
1548484.0,Friendlies Women,666,World,Friendly International Women,True,2026-06-09,27219,19086,England U20 W,Japan U20 W,0.0,1.0,0.0,0.0,,,,,,,,,Desconocido
1550874.0,Friendlies Women,666,World,Friendly International Women,True,2026-06-09,19063,27207,Germany U19 W,USA U19 W,1.0,0.0,0.0,0.0,,,,,,,,,Desconocido
1545447.0,Friendlies Women,666,World,Friendly International Women,True,2026-06-09,16930,16927,Guatemala W,El Salvador W,1.0,5.0,1.0,4.0,,,,,,,,,Desconocido
1545736.0,Friendlies Women,666,World,Friendly International Women,True,2026-06-09,17887,26046,Indonesia W,Cambodia W,1.0,1.0,0.0,0.0,,,,,,,,,Desconocido
1542896.0,Friendlies Women,666,World,Friendly International Women,True,2026-06-09,1720,1978,Japan W,South Africa W,0.0,1.0,0.0,1.0,,,,,,,,,Desconocido
1548486.0,Friendlies Women,666,World,Friendly International Women,True,2026-06-09,16933,17891,Jordan W,Palestine W,1.0,0.0,0.0,0.0,,,,,,,,,Desconocido
1548485.0,Friendlies Women,666,World,Friendly International Women,True,2026-06-09,19087,27108,Korea Republic U20 W,Finland U23 W,1.0,2.0,0.0,2.0,,,,,,,,,Desconocido
1550875.0,Friendlies Women,666,World,Friendly International Women,True,2026-06-09,14460,16934,Lesotho W,Kenya W,0.0,6.0,0.0,4.0,,,,,,,,,Desconocido
1550877.0,Friendlies Women,666,World,Friendly International Women,True,2026-06-09,27152,21050,Morocco U23 W,Benin W,3.0,2.0,1.0,0.0,,,,,,,,,Desconocido
1546836.0,Friendlies Women,666,World,Friendly International Women,True,2026-06-09,14462,1735,Myanmar W,Thailand W,1.0,1.0,0.0,0.0,,,,,,,,,Desconocido
1544819.0,Friendlies Women,666,World,Friendly International Women,True,2026-06-09,1716,14461,New Zealand W,Morocco W,0.0,0.0,0.0,0.0,,,,,,,,,Desconocido
1641681.0,Friendlies Women,666,World,Friendly International Women,True,2026-06-09,28367,19088,Poland U20 W,Mexico U20 W,2.0,0.0,1.0,0.0,,,,,,,,,Desconocido
1641682.0,Friendlies Women,666,World,Friendly International Women,True,2026-06-09,28368,19079,Portugal U20 W,Brazil U20 W,1.0,3.0,1.0,2.0,,,,,,,,,Desconocido
1550873.0,Friendlies Women,666,World,Friendly International Women,True,2026-06-09,27210,27564,Ukraine U19 W,USA U18 W,0.0,5.0,0.0,3.0,,,,,,,,,Desconocido
1550876.0,Friendlies Women,666,World,Friendly International Women,True,2026-06-09,15584,10877,Zambia W,Zimbabwe W,3.0,0.0,1.0,0.0,,,,,,,,,Desconocido
1548186.0,UEFA U17 Championship - Qualification,886,World,Group Stage - 2,False,2026-06-09,17936,17983,Albania U17,Ukraine U17,0.0,4.0,0.0,1.0,,,,,,,,,Desconocido
1538962.0,UEFA U19 Championship - Qualification,893,World,Qualification - Round 1 - League B - 3,True,2026-06-09,10335,10337,Georgia U19,Iceland U19,2.0,3.0,0.0,0.0,,,,,,,,,Desconocido
1538925.0,UEFA U19 Championship - Qualification,893,World,Qualification - Round 1 - League A - 3,True,2026-06-09,10367,10364,Kazakhstan U19,Greece U19,2.0,4.0,0.0,2.0,,,,,,,,,Desconocido
1538926.0,UEFA U19 Championship - Qualification,893,World,Qualification - Round 1 - League A - 3,True,2026-06-09,10346,10343,Serbia U19,Portugal U19,0.0,1.0,0.0,1.0,,,,,,,,,Desconocido
1523936.0,World Cup - Women - Qualification Europe,880,World,Group Stage - 6,False,2026-06-09,1751,1761,Albania W,Montenegro W,5.0,2.0,2.0,2.0,,,,,,,,,E. Heaslip
1523959.0,World Cup - Women - Qualification Europe,880,World,Group Stage - 6,False,2026-06-09,1744,14457,Belarus W,Armenia W,6.0,0.0,3.0,0.0,,,,,,,,,S. Petak
1523954.0,World Cup - Women - Qualification Europe,880,World,Group Stage - 6,False,2026-06-09,1767,15291,Croatia W,Bulgaria W,4.0,0.0,1.0,0.0,,,,,,,,,M. Burgin
1523958.0,World Cup - Women - Qualification Europe,880,World,Group Stage - 6,False,2026-06-09,16063,1757,Cyprus W,Moldova W,0.0,2.0,0.0,0.0,,,,,,,,,C. Carpenter
1523941.0,World Cup - Women - Qualification Europe,880,World,Group Stage - 6,False,2026-06-09,1721,1750,England W,Ukraine W,3.0,0.0,2.0,0.0,,,,,,,,,E. Rusta
1523952.0,World Cup - Women - Qualification Europe,880,World,Group Stage - 6,False,2026-06-09,1753,14455,Estonia W,Bosnia-Herzegovina W,1.0,1.0,1.0,1.0,,,,,,,,,M. Pachtova
1523948.0,World Cup - Women - Qualification Europe,880,World,Group Stage - 6,False,2026-06-09,1771,1769,Finland W,Portugal W,3.0,1.0,1.0,1.0,,,,,,,,,M. Celik
1523944.0,World Cup - Women - Qualification Europe,880,World,Group Stage - 6,False,2026-06-09,1725,14456,France W,Republic of Ireland W,1.0,0.0,1.0,0.0,,,,,,,,,D. Blanco
1523937.0,World Cup - Women - Qualification Europe,880,World,Group Stage - 6,False,2026-06-09,1762,1765,Georgia W,Greece W,2.0,3.0,1.0,2.0,,,,,,,,,V. Vasylchenko
1523955.0,World Cup - Women - Qualification Europe,880,World,Group Stage - 6,False,2026-06-09,16929,1755,Gibraltar W,Kosovo W,0.0,8.0,0.0,5.0,,,,,,,,,M. Overtoom
1523956.0,World Cup - Women - Qualification Europe,880,World,Group Stage - 6,False,2026-06-09,1742,1756,Hungary W,Andorra W,6.0,1.0,3.0,0.0,,,,,,,,,M. Dakan
1523940.0,World Cup - Women - Qualification Europe,880,World,Group Stage - 6,False,2026-06-09,1746,1736,Iceland W,Spain W,1.0,6.0,0.0,3.0,,,,,,,,,M. Bockova
1523951.0,World Cup - Women - Qualification Europe,880,World,Group Stage - 6,False,2026-06-09,1760,1775,Israel W,Scotland W,1.0,5.0,0.0,2.0,,,,,,,,,K. Jensen
1523949.0,World Cup - Women - Qualification Europe,880,World,Group Stage - 6,False,2026-06-09,1754,1770,Latvia W,Slovakia W,1.0,2.0,1.0,0.0,,,,,,,,,N. Andersen
1523953.0,World Cup - Women - Qualification Europe,880,World,Group Stage - 6,False,2026-06-09,1764,16936,Lithuania W,Liechtenstein W,2.0,0.0,1.0,0.0,,,,,,,,,L. Hirtl
1523950.0,World Cup - Women - Qualification Europe,880,World,Group Stage - 6,False,2026-06-09,1758,1777,Luxembourg W,Belgium W,0.0,7.0,0.0,2.0,,,,,,,,,A. Cesen
1523947.0,World Cup - Women - Qualification Europe,880,World,Group Stage - 6,False,2026-06-09,1763,1759,Malta W,Turkey W,0.0,3.0,0.0,2.0,,,,,,,,,S. Bolic
1523945.0,World Cup - Women - Qualification Europe,880,World,Group Stage - 6,False,2026-06-09,1733,1749,Netherlands W,Poland W,3.0,1.0,1.0,0.0,,,,,,,,,F. Michel
1523957.0,World Cup - Women - Qualification Europe,880,World,Group Stage - 6,False,2026-06-09,16061,16062,North Macedonia W,Azerbaijan W,1.0,3.0,1.0,3.0,,,,,,,,,T. Sturua
1523946.0,World Cup - Women - Qualification Europe,880,World,Group Stage - 6,False,2026-06-09,1778,1732,Northern Ireland W,Switzerland W,1.0,2.0,0.0,2.0,,,,,,,,,A. Mylopoulou
1523939.0,World Cup - Women - Qualification Europe,880,World,Group Stage - 6,False,2026-06-09,1724,14458,Norway W,Austria W,2.0,1.0,0.0,0.0,,,,,,,,,I. Projkovska
1523943.0,World Cup - Women - Qualification Europe,880,World,Group Stage - 6,False,2026-06-09,1773,1779,Serbia W,Denmark W,1.0,4.0,1.0,4.0,,,,,,,,,R. Grigone
1523938.0,World Cup - Women - Qualification Europe,880,World,Group Stage - 6,False,2026-06-09,1774,1719,Slovenia W,Germany W,0.0,2.0,0.0,1.0,,,,,,,,,M. Diakow
1523942.0,World Cup - Women - Qualification Europe,880,World,Group Stage - 6,False,2026-06-09,1739,1748,Sweden W,Italy W,2.0,2.0,0.0,2.0,,,,,,,,,I. Demetrescu
1523935.0,World Cup - Women - Qualification Europe,880,World,Group Stage - 6,False,2026-06-09,1772,1743,Wales W,Czech Republic W,3.0,1.0,1.0,1.0,,,,,,,,,D. Bianchi
1495291.0,Premier Soccer League,401,Zimbabwe,Regular Season - 17,False,2026-06-09,5217,5231,Bulawayo Chiefs,TelOne,1.0,1.0,0.0,0.0,,,,,,,,,Desconocido
1499461.0,Primera B Metropolitana,131,Argentina,Regular Season - 19,False,2026-06-08,1956,8395,UAI Urquiza,Liniers,2.0,1.0,1.0,1.0,,,,,,,,,Desconocido
1499930.0,Primera C,132,Argentina,Regular Season - 15,False,2026-06-08,8382,486,Berazategui,Juventud Unida,2.0,1.0,0.0,1.0,,,,,,,,,Desconocido
1512457.0,Reserve League,906,Argentina,Apertura - 17,True,2026-06-08,18684,26250,Defensa y Justicia Res.,Ferro 2,2.0,1.0,1.0,1.0,,,,,,,,,Desconocido
1512460.0,Reserve League,906,Argentina,Apertura - 17,True,2026-06-08,18686,18687,Gimnasia La Plata Res.,Godoy Cruz Res.,0.0,2.0,0.0,0.0,,,,,,,,,Desconocido
1512461.0,Reserve League,906,Argentina,Apertura - 17,True,2026-06-08,22938,27413,Independiente Riva. Res.,Quilmes 2,2.0,0.0,1.0,0.0,,,,,,,,,Desconocido
1512464.0,Reserve League,906,Argentina,Apertura - 17,True,2026-06-08,18694,18679,Racing Club Res.,Banfield Res.,1.0,2.0,1.0,1.0,,,,,,,,,Desconocido
1512469.0,Reserve League,906,Argentina,Apertura - 17,True,2026-06-08,18701,18678,Unión Santa Fe Res.,Atlético Tucumán Res.,2.0,0.0,2.0,0.0,,,,,,,,,Desconocido
1522203.0,Victoria NPL 2,836,Australia,Regular Season - 16,False,2026-06-08,22823,27510,Melbourne Victory II,Brunswick Juventus FC,4.0,0.0,2.0,0.0,,,,,,,,,Desconocido
1550759.0,Carioca C,1106,Brazil,Regular Season - 6,False,2026-06-08,25962,27826,Búzios,Cardoso Moreira,0.0,2.0,0.0,1.0,,,,,,,,,Desconocido
1550761.0,Carioca C,1106,Brazil,Regular Season - 6,False,2026-06-08,27824,13119,Ceres,Tigres do Brasil,2.0,4.0,0.0,3.0,,,,,,,,,Desconocido
1550760.0,Carioca C,1106,Brazil,Regular Season - 6,False,2026-06-08,23641,25961,Uni Souza,Barcelona RJ,2.0,0.0,1.0,0.0,,,,,,,,,Desconocido
1544582.0,Copa Gaúcha,1158,Brazil,Group Stage - 4,False,2026-06-08,21233,16479,Monsoon,Santa Cruz RS,1.0,1.0,1.0,0.0,,,,,,,,,Desconocido
1547672.0,Mineiro - 2,619,Brazil,Regular Season - 2,False,2026-06-08,13082,18795,Mamoré,Uberaba,0.0,2.0,0.0,0.0,,,,,,,,,Desconocido
1520710.0,Serie B,72,Brazil,Regular Season - 12,False,2026-06-08,125,144,America Mineiro,Atletico Goianiense,1.0,2.0,1.0,1.0,,,,,,,,,L. Bellote
1520719.0,Serie B,72,Brazil,Regular Season - 12,False,2026-06-08,142,2618,Vila Nova,Botafogo SP,1.0,0.0,1.0,0.0,,,,,,,,,M. Lima Barbosa
1512933.0,Elite One,411,Cameroon,Regular Season - 23,False,2026-06-08,16526,20799,Jeunes Fauves,Aigle Royal de Moungo,2.0,3.0,1.0,1.0,,,,,,,,,Desconocido
1547531.0,Elite Two,813,Cameroon,Relegation Group - 2,False,2026-06-08,5557,5413,Bamboutos,Union Douala,3.0,0.0,0.0,0.0,,,,,,,,,Desconocido
1547534.0,Elite Two,813,Cameroon,Relegation Group - 2,False,2026-06-08,16525,5558,FAP,Yafoot,2.0,1.0,1.0,1.0,,,,,,,,,Desconocido
1547532.0,Elite Two,813,Cameroon,Relegation Group - 2,False,2026-06-08,16527,10153,Foncha ST,Tonnerre,0.0,3.0,0.0,1.0,,,,,,,,,Desconocido
1547533.0,Elite Two,813,Cameroon,Relegation Group - 2,False,2026-06-08,27458,22588,Sable,Bafmeng United,1.0,1.0,1.0,1.0,,,,,,,,,Desconocido
1511604.0,Primera B,266,Chile,Regular Season - 15,False,2026-06-08,2317,2316,Deportes Temuco,Curico Unido,0.0,1.0,0.0,1.0,,,,,,,,,Desconocido
1511608.0,Primera B,266,Chile,Regular Season - 15,False,2026-06-08,2321,2340,Union Espanola,Union San Felipe,2.0,2.0,1.0,1.0,,,,,,,,,Desconocido
1529109.0,Segunda División,711,Chile,Regular Season - 10,False,2026-06-08,18776,5646,Provincial Ovalle,Trasandino,1.0,1.0,0.0,1.0,,,,,,,,,Desconocido
1546413.0,Primera A,239,Colombia,Apertura - Final,True,2026-06-08,1137,1135,Atletico Nacional,Junior,1.0,0.0,0.0,0.0,,,,,,,,,"Carlos Betancur, Colombia"
1548299.0,League Cup,895,Egypt,Final,True,2026-06-08,1037,1031,Enppi,AL Masry,0.0,3.0,0.0,1.0,,,,,,,,,M. Al Ghazi
1548298.0,League Cup,895,Egypt,3rd place,True,2026-06-08,7520,1046,Masr,Wadi Degla,0.0,2.0,0.0,0.0,,,,,,,,,M. El Atabani
1541619.0,Kakkonen - Lohko A,247,Finland,Group A - 8,False,2026-06-08,9174,18596,Kiffen,PuiU Helsinki,2.0,0.0,2.0,0.0,,,,,,,,,Desconocido
1504192.0,Ykkösliiga,1087,Finland,Group Stage,False,2026-06-08,2076,2080,Kooteepee,Haka,0.0,2.0,0.0,1.0,,,,,,,,,M. Haapakoski
1550045.0,Iraqi League,542,Iraq,Final,True,2026-06-08,11069,20464,Baghdad,Karbala,0.0,1.0,0.0,0.0,,,,,,,,,Desconocido
1530592.0,1 Lyga,361,Lithuania,Regular Season - 1,False,2026-06-08,3859,16674,Dainava,Garliava,1.0,0.0,0.0,0.0,,,,,,,,,Desconocido
1548327.0,Botola Pro,200,Morocco,Regular Season - 23,False,2026-06-08,977,964,FUS Rabat,Difaa EL Jadida,0.0,0.0,0.0,0.0,,,,,,,,,E. El Hanafi
1548330.0,Botola Pro,200,Morocco,Regular Season - 23,False,2026-06-08,3454,973,Olympique Dcheïra,Hassania Agadir,0.0,1.0,0.0,1.0,,,,,,,,,A. Boulfaid
1548328.0,Botola Pro,200,Morocco,Regular Season - 23,False,2026-06-08,962,974,Renaissance Berkane,Ittihad Tanger,1.0,0.0,1.0,0.0,,,,,,,,,N. Nachite
1548329.0,Botola Pro,200,Morocco,Regular Season - 23,False,2026-06-08,968,975,Wydad AC,Olympique Safi,1.0,0.0,0.0,0.0,,,,,,,,,M. Jamlaoui
1546546.0,Division Intermedia,251,Paraguay,Regular Season - 11,False,2026-06-08,21374,1181,3 de Noviembre,General Caballero,2.0,3.0,1.0,1.0,,,,,,,,,Desconocido
1546545.0,Division Intermedia,251,Paraguay,Regular Season - 11,False,2026-06-08,23155,1177,Encarnación,SOL DE America,2.0,3.0,0.0,1.0,,,,,,,,,Desconocido
1515750.0,Division 2 - Norrland,594,Sweden,Norrland - 11,True,2026-06-08,12592,12593,Täfteå,Umeå FC Akademi,3.0,0.0,2.0,0.0,,,,,,,,,Desconocido
1505175.0,Ettan - Norra,563,Sweden,Norra - 11,True,2026-06-08,16598,6700,Järfälla,Stocksund,1.0,6.0,1.0,3.0,,,,,,,,,Desconocido
1505178.0,Ettan - Norra,563,Sweden,Norra - 11,True,2026-06-08,12585,6708,Stockholm Internazionale,Vasalund,4.0,1.0,1.0,1.0,,,,,,,,,Desconocido
1504451.0,Ettan - Södra,564,Sweden,Södra - 11,True,2026-06-08,2168,12601,Angelholms FF,Olympic,1.0,1.0,1.0,0.0,,,,,,,,,Desconocido
1504458.0,Ettan - Södra,564,Sweden,Södra - 11,True,2026-06-08,6706,6694,Utsikten,Rosengård,0.0,1.0,0.0,1.0,,,,,,,,,Desconocido
1513138.0,MLS Next Pro,909,USA,Group Stage,False,2026-06-08,18811,27420,Columbus Crew II,Connecticut FC,2.0,1.0,0.0,0.0,,,,,,,,,Desconocido
1513144.0,MLS Next Pro,909,USA,Group Stage,False,2026-06-08,18814,4019,Minnesota United II,Sporting KC II,4.0,3.0,2.0,1.0,,,,,,,,,Desconocido
1525691.0,USL League Two,256,USA,Group Stage,False,2026-06-08,25954,18895,Colorado Storm,Flatirons Rush,2.0,0.0,0.0,0.0,,,,,,,,,Desconocido
1524817.0,USL League Two,256,USA,Group Stage,False,2026-06-08,4087,27523,The Villages,Sporting Jax 2,0.0,0.0,0.0,0.0,,,,,,,,,Desconocido
1532145.0,USL W League,1117,USA,Regular Season - 1,False,2026-06-08,23898,23901,Colorado Storm W,Flatirons II W,8.0,1.0,3.0,0.0,,,,,,,,,Desconocido
1532146.0,USL W League,1117,USA,Regular Season - 1,False,2026-06-08,23916,23895,Paisley Athletic W,Cedar Stars W,4.0,3.0,0.0,0.0,,,,,,,,,Desconocido
1532348.0,USL W League,1117,USA,Regular Season - 1,False,2026-06-08,23919,27743,RKC Third Coast W,Edgewater Castle W,2.0,2.0,0.0,1.0,,,,,,,,,Desconocido
1546812.0,Primera División,268,Uruguay,Torneo Intermedio - 4,True,2026-06-08,2358,2369,Liverpool Montevideo,Cerro Largo,0.0,0.0,0.0,0.0,,,,,,,,,K. Fontes
1530973.0,Pro League A,1075,Uzbekistan,Regular Season - 10,False,2026-06-08,21159,18785,Jayxun,Aral,1.0,4.0,0.0,3.0,,,,,,,,,Desconocido
1530975.0,Pro League A,1075,Uzbekistan,Regular Season - 10,False,2026-06-08,4214,25763,Metalourg,FarDu,7.0,0.0,3.0,0.0,,,,,,,,,Desconocido
1531058.0,Pro League A,1075,Uzbekistan,Regular Season - 10,False,2026-06-08,27586,27587,Pakhtakor II,Respublika FA,0.0,3.0,0.0,0.0,,,,,,,,,Desconocido
1547218.0,ASEAN Championship U19,928,World,Group Stage - 3,False,2026-06-08,19154,19147,Singapore U19,Brunei U19,4.0,0.0,2.0,0.0,,,,,,,,,Desconocido
1547219.0,ASEAN Championship U19,928,World,Group Stage - 3,False,2026-06-08,19155,19151,Thailand U19,Malaysia U19,3.0,2.0,2.0,2.0,,,,,,,,,Desconocido
1550822.0,Friendlies,10,World,Friendly International,True,2026-06-08,17936,17944,Albania U17,Bulgaria U17,5.0,0.0,4.0,0.0,,,,,,,,,Desconocido
1548451.0,Friendlies,10,World,Friendly International,True,2026-06-08,8182,8202,Belarus U21,Kazakhstan U21,2.0,1.0,0.0,1.0,,,,,,,,,Desconocido
1542183.0,Friendlies,10,World,Friendly International,True,2026-06-08,2,771,France,Northern Ireland,3.0,1.0,1.0,0.0,,,,,,,,,"Sascha Stegemann, Germany"
1548452.0,Friendlies,10,World,Friendly International,True,2026-06-08,19626,19627,Iraq U20,Jordan U20,0.0,0.0,0.0,0.0,,,,,,,,,Desconocido
1546501.0,Friendlies,10,World,Friendly International,True,2026-06-08,8201,8177,Italy U21,Albania U21,1.0,0.0,0.0,0.0,,,,,,,,,D. Smajc
1548448.0,Friendlies,10,World,Friendly International,True,2026-06-08,23539,8228,Japan U21,Ukraine U21,3.0,0.0,2.0,0.0,,,,,,,,,Desconocido
1548449.0,Friendlies,10,World,Friendly International,True,2026-06-08,10339,10361,Latvia U19,Estonia U19,3.0,2.0,0.0,1.0,,,,,,,,,Desconocido
1544812.0,Friendlies,10,World,Friendly International,True,2026-06-08,1118,1568,Netherlands,Uzbekistan,2.0,1.0,1.0,0.0,,,,,,,,,"Ilgiz Tantashev, Uzbekistan"
1546495.0,Friendlies,10,World,Friendly International,True,2026-06-08,1505,1491,Niger,Mauritania,0.0,1.0,0.0,0.0,,,,,,,,,Desconocido
1550825.0,Friendlies,10,World,Friendly International,True,2026-06-08,8212,10306,North Macedonia U21,United States U20,0.0,2.0,0.0,1.0,,,,,,,,,Desconocido
1550823.0,Friendlies,10,World,Friendly International,True,2026-06-08,10342,10353,Norway U19,Wales U19,3.0,1.0,1.0,1.0,,,,,,,,,Desconocido
1548453.0,Friendlies,10,World,Friendly International,True,2026-06-08,8214,8193,Norway U21,Finland U21,0.0,2.0,0.0,1.0,,,,,,,,,Desconocido
1540356.0,Friendlies,10,World,Friendly International,True,2026-06-08,30,9,Peru,Spain,1.0,3.0,0.0,2.0,,,,,,,,,H. Gomez
1550852.0,Friendlies,10,World,Friendly International,True,2026-06-08,3988,1501,Philadelphia Union II,Ivory Coast,0.0,2.0,0.0,2.0,,,,,,,,,Desconocido
1548450.0,Friendlies,10,World,Friendly International,True,2026-06-08,10301,10297,Saudi Arabia U20,Panama U20,0.0,0.0,0.0,0.0,,,,,,,,,Desconocido
1550824.0,Friendlies,10,World,Friendly International,True,2026-06-08,5166,1540,Sri Lanka,Bhutan,4.0,1.0,1.0,0.0,,,,,,,,,W. Jumpaoon
1550828.0,Friendlies,10,World,Friendly International,True,2026-06-08,11049,11017,Tunisia U20,Algeria U20,1.0,1.0,1.0,1.0,,,,,,,,,Desconocido
1550827.0,Friendlies,10,World,Friendly International,True,2026-06-08,22342,10300,USA U18,Qatar U20,2.0,0.0,,,,,,,,,,,Desconocido
1550826.0,Friendlies,10,World,Friendly International,True,2026-06-08,27072,10963,USA U21,Uzbekistan U23,0.0,1.0,0.0,0.0,,,,,,,,,Desconocido
1550872.0,Friendlies Women,666,World,Friendly International Women,True,2026-06-08,19417,14463,Egypt W,Tunisia W,2.0,2.0,1.0,0.0,,,,,,,,,Desconocido
1545740.0,Friendlies Women,666,World,Friendly International Women,True,2026-06-08,1741,14459,Equatorial Guinea W,Haiti W,1.0,3.0,0.0,2.0,,,,,,,,,Desconocido
1550871.0,Friendlies Women,666,World,Friendly International Women,True,2026-06-08,27110,19091,France U23 W,United States U20 W,1.0,2.0,0.0,0.0,,,,,,,,,Desconocido
1533350.0,Friendlies Women,666,World,Friendly International Women,True,2026-06-08,27116,27098,Germany U23 W,Denmark U23 W,2.0,2.0,0.0,0.0,,,,,,,,,Desconocido
1546559.0,Friendlies Women,666,World,Friendly International Women,True,2026-06-08,1734,26919,Ivory Coast W,Cape Verde W,0.0,0.0,0.0,0.0,,,,,,,,,Desconocido
1548481.0,Friendlies Women,666,World,Friendly International Women,True,2026-06-08,1730,18262,Nigeria W,Senegal W,3.0,0.0,0.0,0.0,,,,,,,,,Desconocido
1545446.0,Friendlies Women,666,World,Friendly International Women,True,2026-06-08,1781,1785,Panama W,Jamaica W,0.0,0.0,0.0,0.0,,,,,,,,,Desconocido
1548482.0,Friendlies Women,666,World,Friendly International Women,True,2026-06-08,27192,21272,Sweden U18 W,Iceland U19 W,1.0,0.0,0.0,0.0,,,,,,,,,Desconocido
1548483.0,Friendlies Women,666,World,Friendly International Women,True,2026-06-08,27193,27148,Sweden U23 W,Mexico U23 W,1.0,1.0,0.0,0.0,,,,,,,,,Desconocido
1545467.0,Tournoi Maurice Revello,914,World,Group Stage,False,2026-06-08,11026,10992,Côte d'Ivoire U20,Canada U20,2.0,1.0,1.0,0.0,,,,,,,,,B. Verbeke
1545468.0,Tournoi Maurice Revello,914,World,Group Stage,False,2026-06-08,10314,10299,Venezuela U20,Portugal U20,1.0,3.0,1.0,0.0,,,,,,,,,M. Vanderstichel
1499459.0,Primera B Metropolitana,131,Argentina,Regular Season - 19,False,2026-06-07,1924,2429,Deportivo Laferrere,Dock Sud,2.0,1.0,2.0,1.0,,,,,,,,,Desconocido
1499931.0,Primera C,132,Argentina,Regular Season - 15,False,2026-06-07,1947,8384,Canuelas,El Porvenir,0.0,0.0,0.0,0.0,,,,,,,,,Desconocido
1499934.0,Primera C,132,Argentina,Regular Season - 15,False,2026-06-07,8393,1967,Deportivo Muñiz,Central Ballester,4.0,0.0,2.0,0.0,,,,,,,,,Desconocido
1499936.0,Primera C,132,Argentina,Regular Season - 15,False,2026-06-07,1955,1958,General Lamadrid,Lujan,0.0,1.0,0.0,0.0,,,,,,,,,Desconocido
1499939.0,Primera C,132,Argentina,Regular Season - 15,False,2026-06-07,1964,8392,Victoriano Arenas,Defensores de Cambaceres,1.0,0.0,1.0,0.0,,,,,,,,,Desconocido
1498578.0,Primera Nacional,129,Argentina,Regular Season - 17,False,2026-06-07,462,444,Agropecuario,Patronato,1.0,1.0,0.0,1.0,,,,,,,,,Desconocido
1498579.0,Primera Nacional,129,Argentina,Regular Season - 17,False,2026-06-07,464,1957,All Boys,Racing Cordoba,1.0,1.0,1.0,1.0,,,,,,,,,Desconocido
1498582.0,Primera Nacional,129,Argentina,Regular Season - 17,False,2026-06-07,447,454,Chacarita Juniors,Temperley,0.0,1.0,0.0,1.0,,,,,,,,,Desconocido
1498583.0,Primera Nacional,129,Argentina,Regular Season - 17,False,2026-06-07,1946,470,Chaco For Ever,Ferro Carril Oeste,1.0,2.0,0.0,0.0,,,,,,,,,Desconocido
1498584.0,Primera Nacional,129,Argentina,Regular Season - 17,False,2026-06-07,3969,1954,Club Atlético Güemes,Deportivo Maipu,1.0,0.0,0.0,0.0,,,,,,,,,Desconocido
1498585.0,Primera Nacional,129,Argentina,Regular Season - 17,False,2026-06-07,448,16612,Colon Santa Fe,Ciudad de Bolívar,0.0,0.0,0.0,0.0,,,,,,,,,Desconocido
1498586.0,Primera Nacional,129,Argentina,Regular Season - 17,False,2026-06-07,469,8375,Deportivo Moron,Almirante Brown,1.0,0.0,1.0,0.0,,,,,,,,,Desconocido
1498588.0,Primera Nacional,129,Argentina,Regular Season - 17,False,2026-06-07,439,466,Godoy Cruz,Atletico Mitre,2.0,1.0,0.0,1.0,,,,,,,,,Desconocido
1498591.0,Primera Nacional,129,Argentina,Regular Season - 17,False,2026-06-07,485,480,San Martin Tucuman,Quilmes,0.0,0.0,0.0,0.0,,,,,,,,,Desconocido
1498593.0,Primera Nacional,129,Argentina,Regular Season - 17,False,2026-06-07,1932,1929,San Telmo,Deportivo Madryn,0.0,0.0,0.0,0.0,,,,,,,,,Desconocido
1530367.0,Torneo Federal A,134,Argentina,Regular Season - 12,False,2026-06-07,21040,1950,9 de Julio Rafaela,Sportivo Las Parejas,2.0,2.0,1.0,1.0,,,,,,,,,Desconocido
1530368.0,Torneo Federal A,134,Argentina,Regular Season - 12,False,2026-06-07,1962,1941,Alvarado,Sol de Mayo,2.0,0.0,1.0,0.0,,,,,,,,,Desconocido
1530369.0,Torneo Federal A,134,Argentina,Regular Season - 12,False,2026-06-07,18764,1959,Argentino Monte Maíz,Deportivo Rincon,2.0,0.0,0.0,0.0,,,,,,,,,Desconocido
1530372.0,Torneo Federal A,134,Argentina,Regular Season - 12,False,2026-06-07,21043,21042,Atenas,San Martín Mendoza,0.0,0.0,0.0,0.0,,,,,,,,,Desconocido
1530370.0,Torneo Federal A,134,Argentina,Regular Season - 12,False,2026-06-07,27571,21041,Atletico Escobar,El Linqueño,1.0,0.0,1.0,0.0,,,,,,,,,Desconocido
1530374.0,Torneo Federal A,134,Argentina,Regular Season - 12,False,2026-06-07,1949,2428,Cipolletti,Huracan Las Heras,3.0,0.0,1.0,0.0,,,,,,,,,Desconocido
1530375.0,Torneo Federal A,134,Argentina,Regular Season - 12,False,2026-06-07,2426,789,Defensores de Belgrano VR,Douglas Haig,1.0,0.0,0.0,0.0,,,,,,,,,Desconocido
1530377.0,Torneo Federal A,134,Argentina,Regular Season - 12,False,2026-06-07,3972,8399,Germinal de Rawson,Circulo Deportivo,0.0,0.0,0.0,0.0,,,,,,,,,Desconocido
1530373.0,Torneo Federal A,134,Argentina,Regular Season - 12,False,2026-06-07,25758,1960,Gimnasia Chivilcoy,Independiente De Chivilcoy,0.0,0.0,0.0,0.0,,,,,,,,,Desconocido
1530378.0,Torneo Federal A,134,Argentina,Regular Season - 12,False,2026-06-07,3945,1966,Gimnasia Concepción,Sportivo Belgrano,1.0,0.0,0.0,0.0,,,,,,,,,Desconocido
1530379.0,Torneo Federal A,134,Argentina,Regular Season - 12,False,2026-06-07,3947,25757,Juventud Unida Univ.,Costa Brava,0.0,0.0,0.0,0.0,,,,,,,,,Desconocido
1530380.0,Torneo Federal A,134,Argentina,Regular Season - 12,False,2026-06-07,443,472,Olimpo Bahia Blanca,Guillermo Brown,0.0,0.0,0.0,0.0,,,,,,,,,Desconocido
1530381.0,Torneo Federal A,134,Argentina,Regular Season - 12,False,2026-06-07,1935,27573,San Martin Formosa,Tucuman Central,3.0,2.0,0.0,1.0,,,,,,,,,Desconocido
1530382.0,Torneo Federal A,134,Argentina,Regular Season - 12,False,2026-06-07,475,3975,Santamarina,Kimberley Mar del Plata,1.0,0.0,0.0,0.0,,,,,,,,,Desconocido
1530383.0,Torneo Federal A,134,Argentina,Regular Season - 12,False,2026-06-07,23255,3982,Sarmiento de La Banda,Sol de América,2.0,0.0,2.0,0.0,,,,,,,,,Desconocido
1548693.0,Torneo Promocional Amateur,1067,Argentina,Regular Season - 2,False,2026-06-07,23098,23105,Deportivo Metalurgico,Provincial,2.0,0.0,1.0,0.0,,,,,,,,,Desconocido
1548689.0,Torneo Promocional Amateur,1067,Argentina,Regular Season - 3,False,2026-06-07,23101,23102,Everton La Plata,Ezeiza,0.0,0.0,0.0,0.0,,,,,,,,,Desconocido
1517561.0,New South Wales NPL,192,Australia,Regular Season - 18,False,2026-06-07,3765,3770,Blacktown City,Rockdale City Suns,1.0,2.0,0.0,1.0,,,,,,,,,Desconocido
1517560.0,New South Wales NPL,192,Australia,Regular Season - 18,False,2026-06-07,3768,3777,Marconi Stallions,Wollongong Wolves,1.0,0.0,1.0,0.0,,,,,,,,,Desconocido
1524052.0,Queensland NPL,482,Australia,Regular Season - 14,False,2026-06-07,10216,11184,Gold Coast United,WDSC Wolves,1.0,2.0,0.0,1.0,,,,,,,,,Desconocido
1524157.0,Queensland Premier League,833,Australia,Regular Season - 14,False,2026-06-07,9993,10222,St George Willawong,Redlands United,0.0,3.0,0.0,1.0,,,,,,,,,Desconocido
1527077.0,South Australia NPL,194,Australia,Regular Season - 13,False,2026-06-07,3796,3789,West Adelaide,Adelaide United II,3.0,1.0,2.0,1.0,,,,,,,,,Desconocido
1521955.0,Victoria NPL,195,Australia,Regular Season - 16,False,2026-06-07,3811,3797,South Melbourne,Altona Magic,2.0,3.0,2.0,1.0,,,,,,,,,Desconocido
1464184.0,Landesliga - Karnten,225,Austria,Kärnten - 30,True,2026-06-07,19309,4989,Austria Klagenfurt II,Ferlach,4.0,1.0,,,,,,,,,,,Desconocido
1464188.0,Landesliga - Karnten,225,Austria,Kärnten - 30,True,2026-06-07,8273,21723,Bleiburg,Donau Klagenfurt,1.0,2.0,,,,,,,,,,,Desconocido
1464187.0,Landesliga - Karnten,225,Austria,Kärnten - 30,True,2026-06-07,26569,8274,Grafenstein,Dellach im Gailtal,3.0,2.0,,,,,,,,,,,Desconocido
1464183.0,Landesliga - Karnten,225,Austria,Kärnten - 30,True,2026-06-07,4975,4967,Lendorf,Wolfsberg,4.0,1.0,,,,,,,,,,,Desconocido
1464185.0,Landesliga - Karnten,225,Austria,Kärnten - 30,True,2026-06-07,26570,4949,Nußdorf,Köttmannsdorf,1.0,0.0,,,,,,,,,,,Desconocido
1464186.0,Landesliga - Karnten,225,Austria,Kärnten - 30,True,2026-06-07,17207,26571,SAK Klagenfurt,TSU Matrei,3.0,0.0,,,,,,,,,,,Desconocido
1464189.0,Landesliga - Karnten,225,Austria,Kärnten - 30,True,2026-06-07,8278,17208,Spittal,KAC,4.0,1.0,,,,,,,,,,,Desconocido
1464190.0,Landesliga - Karnten,225,Austria,Kärnten - 30,True,2026-06-07,11209,4987,St. Veit / Glan,Völkermarkt,2.0,1.0,,,,,,,,,,,Desconocido
1464421.0,Landesliga - Niederosterreich,226,Austria,Niederösterreich - 29,True,2026-06-07,8245,8283,Admira II,Kilb,1.0,3.0,,,,,,,,,,,Desconocido
1464422.0,Landesliga - Niederosterreich,226,Austria,Niederösterreich - 29,True,2026-06-07,4938,8293,Ebreichsdorf,Zwettl,5.0,3.0,,,,,,,,,,,Desconocido
1464420.0,Landesliga - Niederosterreich,226,Austria,Niederösterreich - 29,True,2026-06-07,8285,4982,Langenrohr,Scheiblingkirchen,2.0,0.0,,,,,,,,,,,Desconocido
1464416.0,Landesliga - Niederosterreich,226,Austria,Niederösterreich - 29,True,2026-06-07,8287,24461,Ortmann,Ybbs,1.0,2.0,1.0,1.0,,,,,,,,,Desconocido
1464417.0,Landesliga - Niederosterreich,226,Austria,Niederösterreich - 29,True,2026-06-07,1396,21722,SC Wiener Neustadt,St. Peter,0.0,2.0,,,,,,,,,,,Desconocido
1464415.0,Landesliga - Niederosterreich,226,Austria,Niederösterreich - 29,True,2026-06-07,8289,8281,Schrems,Ardagger,3.0,4.0,,,,,,,,,,,Desconocido
1464418.0,Landesliga - Niederosterreich,226,Austria,Niederösterreich - 29,True,2026-06-07,8249,21721,St. Pölten II,Korneuburg,0.0,0.0,,,,,,,,,,,Desconocido
1464419.0,Landesliga - Niederosterreich,226,Austria,Niederösterreich - 29,True,2026-06-07,14792,26572,Stockerau,Wieselburg,0.0,0.0,,,,,,,,,,,Desconocido
1465503.0,Landesliga - Vorarlbergliga,231,Austria,Vorarlberg - 25,True,2026-06-07,8360,8362,Ludesch,Nenzing,5.0,0.0,3.0,0.0,,,,,,,,,Desconocido
1465743.0,Landesliga - Wien,232,Austria,Wien - 28,True,2026-06-07,4971,11201,Austria XIII,Red Star Penzing,3.0,4.0,2.0,2.0,,,,,,,,,Desconocido
1465740.0,Landesliga - Wien,232,Austria,Wien - 28,True,2026-06-07,17304,17001,Dinamo Helfort,1980 Wien,2.0,2.0,1.0,1.0,,,,,,,,,Desconocido
1465746.0,Landesliga - Wien,232,Austria,Wien - 28,True,2026-06-07,26575,8371,FAC Wien,Slovan HAC,2.0,2.0,,,,,,,,,,,Desconocido
1465741.0,Landesliga - Wien,232,Austria,Wien - 28,True,2026-06-07,24460,4984,LAC-Inter,Stadlau,2.0,2.0,0.0,2.0,,,,,,,,,Desconocido
1465742.0,Landesliga - Wien,232,Austria,Wien - 28,True,2026-06-07,11229,8248,Simmeringer SC,Schwechat,1.0,2.0,0.0,1.0,,,,,,,,,Desconocido
1465739.0,Landesliga - Wien,232,Austria,Wien - 28,True,2026-06-07,8373,24459,Vorwärts Brigittenau,First Vienna II,1.0,0.0,0.0,0.0,,,,,,,,,Desconocido
1465744.0,Landesliga - Wien,232,Austria,Wien - 28,True,2026-06-07,5008,11223,Wienerberg,Hellas Kagran,5.0,0.0,1.0,0.0,,,,,,,,,Desconocido
1398953.0,Regionalliga - West,223,Austria,West - 33,True,2026-06-07,14714,8260,Kuchl,Bischofshofen,2.0,0.0,2.0,0.0,,,,,,,,,Desconocido
1398951.0,Regionalliga - West,223,Austria,West - 33,True,2026-06-07,8256,4947,Rheindorf Altach II,Kitzbühel,2.0,5.0,0.0,0.0,,,,,,,,,Desconocido
1398955.0,Regionalliga - West,223,Austria,West - 33,True,2026-06-07,4981,4980,SVG Reichenau,Pinzgau Saalfelden,4.0,0.0,0.0,0.0,,,,,,,,,Desconocido
1398958.0,Regionalliga - West,223,Austria,West - 33,True,2026-06-07,4994,1073,TSV St. Johann,Wacker Innsbruck,1.0,2.0,0.0,0.0,,,,,,,,,Desconocido
1534328.0,1. Division,117,Belarus,Regular Season - 10,False,2026-06-07,2433,23433,FC Energetik-Bgu Minsk,Gomel II,1.0,1.0,1.0,1.0,,,,,,,,,Desconocido
1534329.0,1. Division,117,Belarus,Regular Season - 10,False,2026-06-07,379,7798,FC Slutsk,Molodechno-DYuSSh 4,2.0,1.0,2.0,1.0,,,,,,,,,Desconocido
1534325.0,1. Division,117,Belarus,Regular Season - 10,False,2026-06-07,16656,3390,Niva,Orsha,1.0,1.0,1.0,1.0,,,,,,,,,Desconocido
1534531.0,1. Division,117,Belarus,Regular Season - 10,False,2026-06-07,392,3392,Shakhter Soligorsk,Slonim,1.0,0.0,0.0,0.0,,,,,,,,,Desconocido
1522987.0,Championnat National,415,Benin,Regular Season - 32,False,2026-06-07,5459,5456,Dragons,Ayema,1.0,0.0,,,,,,,,,,,Desconocido
1449470.0,1st League - FBiH,316,Bosnia,FBiH - 26,True,2026-06-07,4278,7529,Bratstvo Gračanica,Jedinstvo Bihać,2.0,2.0,2.0,1.0,,,,,,,,,Desconocido
1449472.0,1st League - FBiH,316,Bosnia,FBiH - 26,True,2026-06-07,7528,4288,Budućnost Banovići,Vitez,2.0,2.0,1.0,0.0,,,,,,,,,Desconocido
1449473.0,1st League - FBiH,316,Bosnia,FBiH - 26,True,2026-06-07,3367,17901,Igman Konjic,Stupčanica Olovo,1.0,2.0,1.0,1.0,,,,,,,,,Desconocido
1449469.0,1st League - FBiH,316,Bosnia,FBiH - 26,True,2026-06-07,3360,3380,Sloboda Tuzla,TOŠK Tešanj,2.0,0.0,2.0,0.0,,,,,,,,,Desconocido
1449474.0,1st League - FBiH,316,Bosnia,FBiH - 26,True,2026-06-07,17372,3361,Tomislav,Tuzla City,4.0,0.0,1.0,0.0,,,,,,,,,Desconocido
1449471.0,1st League - FBiH,316,Bosnia,FBiH - 26,True,2026-06-07,4297,7531,Travnik,Radnik Hadžići,1.0,1.0,1.0,1.0,,,,,,,,,Desconocido
1543643.0,Baiano - 2,613,Brazil,Regular Season - 6,False,2026-06-07,27726,7858,Barreiras FC,Jacobina,2.0,1.0,1.0,0.0,,,,,,,,,Desconocido
1543644.0,Baiano - 2,613,Brazil,Regular Season - 6,False,2026-06-07,27727,23592,Feira FC,SSA,1.0,0.0,1.0,0.0,,,,,,,,,Desconocido
1543620.0,Baiano - 2,613,Brazil,Regular Season - 6,False,2026-06-07,1200,21169,Fluminense De Feira,Leonico,3.0,0.0,2.0,0.0,,,,,,,,,Desconocido
1543645.0,Baiano - 2,613,Brazil,Regular Season - 6,False,2026-06-07,27728,16672,Redenção FC,Grapiuna Itabuna,2.0,2.0,2.0,1.0,,,,,,,,,Desconocido
1549394.0,Baiano U20,1073,Brazil,Round of 16,True,2026-06-07,23276,25815,Barcelona BA U20,Porto BA U20,3.0,2.0,2.0,0.0,,,,,,,,,Desconocido
1549393.0,Baiano U20,1073,Brazil,Round of 16,True,2026-06-07,23284,25814,SSA U20,Galícia U20,1.0,1.0,1.0,1.0,,,,,,,,,Desconocido
1549879.0,Brasiliense U20,1100,Brazil,Regular Season - 4,False,2026-06-07,25930,23613,ARUC U20,Legiao U20,0.0,4.0,0.0,1.0,,,,,,,,,Desconocido
1546244.0,Brasiliense U20,1100,Brazil,Regular Season - 4,False,2026-06-07,27753,23610,Brazlândia FC SAF U20,CFZ Brasilia U20,0.0,1.0,0.0,0.0,,,,,,,,,Desconocido
1549880.0,Brasiliense U20,1100,Brazil,Regular Season - 4,False,2026-06-07,23611,23615,Ceilandense U20,Paranoa U20,0.0,0.0,0.0,0.0,,,,,,,,,Desconocido
1549881.0,Brasiliense U20,1100,Brazil,Regular Season - 4,False,2026-06-07,23614,12991,Luziânia U20,Canaã U20,0.0,10.0,0.0,6.0,,,,,,,,,Desconocido
1576758.0,Brasiliense U20,1100,Brazil,Regular Season - 4,False,2026-06-07,25933,12992,Sobradinho U20,Capital TO U20,0.0,1.0,0.0,1.0,,,,,,,,,Desconocido
1550758.0,Carioca C,1106,Brazil,Regular Season - 6,False,2026-06-07,17926,25178,Barra Mansa,Mageense,3.0,0.0,0.0,0.0,,,,,,,,,Desconocido
1550757.0,Carioca C,1106,Brazil,Regular Season - 6,False,2026-06-07,23634,27823,CAAC Brasil,Itaborai Profute,3.0,1.0,2.0,1.0,,,,,,,,,Desconocido
1550756.0,Carioca C,1106,Brazil,Regular Season - 6,False,2026-06-07,23635,13110,EC Resende,Campos AA,0.0,4.0,0.0,2.0,,,,,,,,,Desconocido
1550754.0,Carioca C,1106,Brazil,Regular Season - 6,False,2026-06-07,27825,27827,Independente RJ,Brescia Clube,1.0,0.0,1.0,0.0,,,,,,,,,Desconocido
1550755.0,Carioca C,1106,Brazil,Regular Season - 6,False,2026-06-07,23642,23636,Uniao Central,EC Vera Cruz,3.0,2.0,1.0,0.0,,,,,,,,,Desconocido
1541978.0,Catarinense - 2,936,Brazil,Regular Season - 9,False,2026-06-07,12283,1204,Guarani de Palhoça,Tubarao,2.0,2.0,1.0,1.0,,,,,,,,,Desconocido
1541977.0,Catarinense - 2,936,Brazil,Regular Season - 9,False,2026-06-07,7828,19637,Hercílio Luz,Nação,2.0,1.0,1.0,0.0,,,,,,,,,Desconocido
1541979.0,Catarinense - 2,936,Brazil,Regular Season - 9,False,2026-06-07,12912,21209,Juventus SC,Caravaggio,0.0,3.0,0.0,2.0,,,,,,,,,Desconocido
1540192.0,Cearense U20,1112,Brazil,Regular Season - 5,False,2026-06-07,26056,26054,Quixadá U20,Anjos do Céu U20,1.0,0.0,0.0,0.0,,,,,,,,,Desconocido
1544580.0,Copa Gaúcha,1158,Brazil,Group Stage - 4,False,2026-06-07,10045,25079,Brasil Farroupilha,Gramadense,0.0,1.0,0.0,0.0,,,,,,,,,Desconocido
1547202.0,Copa Sul-Sudeste,1224,Brazil,Final,True,2026-06-07,132,145,Chapecoense-sc,Avai,3.0,0.0,1.0,0.0,,,,,,,,,Desconocido
1546350.0,Estadual Junior U20,1143,Brazil,Quarter-finals,True,2026-06-07,12962,24936,Internacional U20,Sao Luiz U20,4.0,0.0,2.0,0.0,,,,,,,,,Desconocido
1546351.0,Estadual Junior U20,1143,Brazil,Quarter-finals,True,2026-06-07,13020,24928,Juventude U20,Caxias U20,5.0,1.0,2.0,1.0,,,,,,,,,Desconocido
1544781.0,Maranhense - 2,1148,Brazil,Regular Season - 2,False,2026-06-07,25519,12918,Viana,Pinheiro,0.0,0.0,0.0,0.0,,,,,,,,,Desconocido
1548295.0,Matogrossense 2,1096,Brazil,Final,True,2026-06-07,1213,20716,Sinop Fc,Cacerense,2.0,0.0,2.0,0.0,,,,,,,,,Desconocido
1547670.0,Mineiro - 2,619,Brazil,Regular Season - 2,False,2026-06-07,7769,153,Caldense,BOA,1.0,0.0,1.0,0.0,,,,,,,,,Desconocido
1547671.0,Mineiro - 2,619,Brazil,Regular Season - 2,False,2026-06-07,23247,13129,Valeriodoce,Coimbra,0.0,0.0,0.0,0.0,,,,,,,,,Desconocido
1536159.0,Mineiro U20,1107,Brazil,Regular Season - 9,False,2026-06-07,27642,23644,Sao Joao del Rei U20,Betim U20,1.0,1.0,0.0,0.0,,,,,,,,,Desconocido
1536157.0,Mineiro U20,1107,Brazil,Regular Season - 9,False,2026-06-07,27641,23645,Social U20,Boston City U20,2.0,3.0,2.0,2.0,,,,,,,,,Desconocido
1541269.0,Paulista Série B,1098,Brazil,Regular Season - 8,False,2026-06-07,1217,27689,Gremio Osasco Audax,Votoraty,2.0,0.0,2.0,0.0,,,,,,,,,Desconocido
1541268.0,Paulista Série B,1098,Brazil,Regular Season - 8,False,2026-06-07,27685,7816,Grêmio Catanduvense,Mogi Mirim,0.0,6.0,0.0,1.0,,,,,,,,,Desconocido
1541210.0,Paulista Série B,1098,Brazil,Regular Season - 8,False,2026-06-07,22948,25772,Independente SP,Santacruzense,0.0,1.0,0.0,0.0,,,,,,,,,Desconocido
1541270.0,Paulista Série B,1098,Brazil,Regular Season - 8,False,2026-06-07,27687,27688,José Bonifácio,Riopretano,1.0,1.0,0.0,1.0,,,,,,,,,Desconocido
1541209.0,Paulista Série B,1098,Brazil,Regular Season - 8,False,2026-06-07,18303,23580,Matonense,Sao Carlos,1.0,1.0,0.0,0.0,,,,,,,,,Desconocido
1541271.0,Paulista Série B,1098,Brazil,Regular Season - 8,False,2026-06-07,27690,23575,Sporting Paulinense,Flamengo SP,0.0,1.0,0.0,0.0,,,,,,,,,Desconocido
1520712.0,Serie B,72,Brazil,Regular Season - 12,False,2026-06-07,146,7865,CRB,São Bernardo,2.0,3.0,1.0,1.0,,,,,,,,,J. Ferreira
1538035.0,Serie D,76,Brazil,Regular Season - 10,False,2026-06-07,12939,141,Azuriz,Brasil DE Pelotas,1.0,1.0,1.0,0.0,,,,,,,,,Desconocido
1538037.0,Serie D,76,Brazil,Regular Season - 10,False,2026-06-07,19635,2232,Blumenau,Sao Jose,0.0,1.0,0.0,0.0,,,,,,,,,Desconocido
1538038.0,Serie D,76,Brazil,Regular Season - 10,False,2026-06-07,12921,7788,Capital Brasilia,União Rondonópolis,2.0,0.0,1.0,0.0,,,,,,,,,Desconocido
1538043.0,Serie D,76,Brazil,Regular Season - 10,False,2026-06-07,1222,1202,Gama,Aparecidense,2.0,2.0,0.0,1.0,,,,,,,,,Desconocido
1538045.0,Serie D,76,Brazil,Regular Season - 10,False,2026-06-07,18296,9999,Goiatuba EC,CEOV Operário,1.0,0.0,1.0,0.0,,,,,,,,,Desconocido
1538046.0,Serie D,76,Brazil,Regular Season - 10,False,2026-06-07,10049,1194,Guarany de Bagé,Cianorte,0.0,1.0,0.0,1.0,,,,,,,,,Desconocido
1538069.0,Serie D,76,Brazil,Regular Season - 10,False,2026-06-07,12941,10677,Independiente FSJ,Marcílio Dias,0.0,0.0,0.0,0.0,,,,,,,,,Desconocido
1538051.0,Serie D,76,Brazil,Regular Season - 10,False,2026-06-07,752,20708,Luverdense,Inhumas,4.0,0.0,1.0,0.0,,,,,,,,,Desconocido
1538054.0,Serie D,76,Brazil,Regular Season - 10,False,2026-06-07,13089,15606,Maracanã,IAPE,2.0,0.0,1.0,0.0,,,,,,,,,Desconocido
1538055.0,Serie D,76,Brazil,Regular Season - 10,False,2026-06-07,2215,7771,Mixto,Ceilândia,1.0,1.0,0.0,0.0,,,,,,,,,Desconocido
1538057.0,Serie D,76,Brazil,Regular Season - 10,False,2026-06-07,10037,13115,Noroeste,Sampaio Corrêa RJ,1.0,0.0,0.0,0.0,,,,,,,,,Desconocido
1538058.0,Serie D,76,Brazil,Regular Season - 10,False,2026-06-07,7782,7870,Nova Iguaçu,XV de Piracicaba,1.0,0.0,0.0,0.0,,,,,,,,,Desconocido
1538059.0,Serie D,76,Brazil,Regular Season - 10,False,2026-06-07,7784,2216,Parnahyba,Moto Club,1.0,0.0,0.0,0.0,,,,,,,,,Desconocido
1538063.0,Serie D,76,Brazil,Regular Season - 10,False,2026-06-07,22825,2208,Primavera MG,Brasiliense,1.0,2.0,1.0,1.0,,,,,,,,,Desconocido
1538067.0,Serie D,76,Brazil,Regular Season - 10,False,2026-06-07,155,15505,Sampaio Correa,Iguatu,0.0,1.0,0.0,0.0,,,,,,,,,Desconocido
1538068.0,Serie D,76,Brazil,Regular Season - 10,False,2026-06-07,21207,10673,Santa Catarina,Cascavel,1.0,0.0,0.0,0.0,,,,,,,,,Desconocido
1538070.0,Serie D,76,Brazil,Regular Season - 10,False,2026-06-07,10004,795,São Luiz,Joinville,3.0,1.0,2.0,1.0,,,,,,,,,Desconocido
1538077.0,Serie D,76,Brazil,Regular Season - 10,False,2026-06-07,10041,14000,Velo Clube,CFRJ / Maricá,3.0,1.0,1.0,0.0,,,,,,,,,Desconocido
1512930.0,Elite One,411,Cameroon,Regular Season - 23,False,2026-06-07,5556,15566,Aigle Royal,Gazelle,1.0,0.0,1.0,0.0,,,,,,,,,Desconocido
1512931.0,Elite One,411,Cameroon,Regular Season - 23,False,2026-06-07,5560,5400,Canon,Colombe,0.0,1.0,0.0,1.0,,,,,,,,,Desconocido
1512932.0,Elite One,411,Cameroon,Regular Season - 23,False,2026-06-07,16524,5401,Dynamo de Douala,Cotonsport,2.0,1.0,2.0,1.0,,,,,,,,,Desconocido
1512934.0,Elite One,411,Cameroon,Regular Season - 23,False,2026-06-07,5405,5409,Fortuna Mfou,PWD Bamenda,1.0,1.0,1.0,0.0,,,,,,,,,Desconocido
1512935.0,Elite One,411,Cameroon,Regular Season - 23,False,2026-06-07,5564,20800,Panthère,Victoria United,1.0,2.0,0.0,1.0,,,,,,,,,Desconocido
1512936.0,Elite One,411,Cameroon,Regular Season - 23,False,2026-06-07,5410,5414,Stade Renard,Unisport Bafang,1.0,2.0,1.0,0.0,,,,,,,,,Desconocido
1517296.0,Canadian Premier League,479,Canada,Group Stage,False,2026-06-07,2623,3830,York United,Forge,1.0,4.0,0.0,2.0,,,,,,,,,M. Alayass
1540362.0,Copa De La Liga,1220,Chile,Group Stage - 6,False,2026-06-07,2341,2326,D. La Serena,Union La Calera,0.0,2.0,0.0,2.0,,,,,,,,,Desconocido
1540365.0,Copa De La Liga,1220,Chile,Group Stage - 6,False,2026-06-07,16730,2325,Deportes Limache,Everton de Vina,0.0,1.0,0.0,0.0,,,,,,,,,Desconocido
1540364.0,Copa De La Liga,1220,Chile,Group Stage - 6,False,2026-06-07,2328,2315,Huachipato,Colo Colo,1.0,0.0,1.0,0.0,,,,,,,,,Desconocido
1540366.0,Copa De La Liga,1220,Chile,Group Stage - 6,False,2026-06-07,2320,2318,O'Higgins,Palestino,2.0,1.0,2.0,0.0,,,,,,,,,Desconocido
1540363.0,Copa De La Liga,1220,Chile,Group Stage - 6,False,2026-06-07,2323,2329,Universidad de Chile,A. Italiano,2.0,2.0,1.0,2.0,,,,,,,,,Desconocido
1511601.0,Primera B,266,Chile,Regular Season - 15,False,2026-06-07,2327,2336,Antofagasta,Magallanes,0.0,0.0,0.0,0.0,,,,,,,,,Desconocido
1529110.0,Segunda División,711,Chile,Regular Season - 10,False,2026-06-07,18779,21114,Real San Joaquín,Concón National,0.0,1.0,0.0,1.0,,,,,,,,,Desconocido
1529112.0,Segunda División,711,Chile,Regular Season - 10,False,2026-06-07,2335,5639,Santiago Morning,General Velásquez,0.0,1.0,0.0,0.0,,,,,,,,,Desconocido
1532760.0,League Two,929,China,Regular Season - 12,False,2026-06-07,23132,5679,Changchun Xidu,Qingdao Red Lions,1.0,1.0,0.0,1.0,,,,,,,,,Yi Jiajin
1546772.0,Ligue 1,424,Congo-DR,Championship Group - 10,False,2026-06-07,8571,20468,Don Bosco,Céleste,2.0,2.0,0.0,0.0,,,,,,,,,Desconocido
1546773.0,Ligue 1,424,Congo-DR,Championship Group - 10,False,2026-06-07,8064,6435,Maniema Union,TP Mazembe,2.0,1.0,0.0,0.0,,,,,,,,,Desconocido
1489593.0,3. liga - CFL B,685,Czech-Republic,ČFL B - 31,True,2026-06-07,3728,14495,Varnsdorf,Hradec Králové II,5.0,0.0,4.0,0.0,,,,,,,,,Desconocido
1489863.0,4. liga - Divizie A,350,Czech-Republic,Division A - 29,True,2026-06-07,21982,14005,Hluboka nad Vltavou,Povltava FA,2.0,3.0,1.0,3.0,,,,,,,,,Desconocido
1489865.0,4. liga - Divizie A,350,Czech-Republic,Division A - 29,True,2026-06-07,26127,24197,Milevsko,TJ Přeštice,5.0,2.0,2.0,2.0,,,,,,,,,Desconocido
1490105.0,4. liga - Divizie B,351,Czech-Republic,Division B - 29,True,2026-06-07,21985,3721,Tempo Praha,Baník Sokolov,1.0,1.0,0.0,0.0,,,,,,,,,Desconocido
1489981.0,4. liga - Divizie C,352,Czech-Republic,Division C - 29,True,2026-06-07,19641,7324,Chrudim II,Náchod,3.0,1.0,1.0,0.0,,,,,,,,,Desconocido
1489983.0,4. liga - Divizie C,352,Czech-Republic,Division C - 29,True,2026-06-07,24192,7367,Slovan Hrádek nad Nisou,Trutnov,1.0,2.0,0.0,0.0,,,,,,,,,Desconocido
1489984.0,4. liga - Divizie C,352,Czech-Republic,Division C - 29,True,2026-06-07,24193,26128,Spartak Police n/Metují,Svitavy,2.0,4.0,1.0,2.0,,,,,,,,,Desconocido
1489986.0,4. liga - Divizie C,352,Czech-Republic,Division C - 29,True,2026-06-07,19437,14004,Turnov,Kosmonosy,3.0,3.0,3.0,2.0,,,,,,,,,Desconocido
1487605.0,4. liga - Divizie D,353,Czech-Republic,Division D - 29,True,2026-06-07,7292,24190,Havlíčkův Brod,FS Třebíč,2.0,2.0,0.0,1.0,,,,,,,,,Desconocido
1487607.0,4. liga - Divizie D,353,Czech-Republic,Division D - 29,True,2026-06-07,7355,19424,Sokol Tasovice,Dálnice Speřice,5.0,2.0,0.0,0.0,,,,,,,,,Desconocido
1487608.0,4. liga - Divizie D,353,Czech-Republic,Division D - 29,True,2026-06-07,7371,7388,Velká Bíteš,Ždírec nad Doubravou,2.0,0.0,1.0,0.0,,,,,,,,,Desconocido
1487713.0,4. liga - Divizie E,354,Czech-Republic,Division E - 29,True,2026-06-07,7341,7311,Skaštice,Kozlovice,1.0,5.0,1.0,3.0,,,,,,,,,Desconocido
1487714.0,4. liga - Divizie E,354,Czech-Republic,Division E - 29,True,2026-06-07,7343,7280,Slavičín,Bzenec,1.0,0.0,0.0,0.0,,,,,,,,,Desconocido
1487712.0,4. liga - Divizie E,354,Czech-Republic,Division E - 29,True,2026-06-07,7351,7363,Sokol Lanžhot,Strání,1.0,0.0,1.0,0.0,,,,,,,,,Desconocido
1487828.0,4. liga - Divizie F,686,Czech-Republic,Division F - 29,True,2026-06-07,16875,15135,Bílovec,Opava II,0.0,3.0,0.0,1.0,,,,,,,,,Desconocido
1487830.0,4. liga - Divizie F,686,Czech-Republic,Division F - 29,True,2026-06-07,7293,16877,Havířov,Vratimov,0.0,3.0,0.0,2.0,,,,,,,,,Desconocido
1487833.0,4. liga - Divizie F,686,Czech-Republic,Division F - 29,True,2026-06-07,24188,21903,Pustá Polom,Cesky Tesin,3.0,2.0,2.0,1.0,,,,,,,,,Desconocido
1487834.0,4. liga - Divizie F,686,Czech-Republic,Division F - 29,True,2026-06-07,7387,7277,Šumperk,Bospor Bohumín,3.0,6.0,2.0,3.0,,,,,,,,,Desconocido
1526548.0,Liga Pro Serie B,243,Ecuador,Regular Season - 13,False,2026-06-07,26031,1150,Deportivo Cuenca Juniors,El Nacional,4.0,1.0,3.0,1.0,,,,,,,,,Desconocido
1548496.0,Championnat D1,968,Gabon,Regular Season - 20,False,2026-06-07,21187,21190,Bitam,FC 105,0.0,1.0,0.0,0.0,,,,,,,,,Desconocido
1548288.0,Oberliga - Hessen,750,Germany,Playout - Semi-Finals,True,2026-06-07,19652,17548,Bad Soden,SG Bornheim,1.0,1.0,0.0,0.0,,,,,,,,,Desconocido
1548289.0,Oberliga - Hessen,750,Germany,Playout - Semi-Finals,True,2026-06-07,26172,22917,Kassel,Hornau,3.0,1.0,1.0,0.0,,,,,,,,,Desconocido
1425149.0,Oberliga - Mittelrhein,746,Germany,Mittelrhein - 30,True,2026-06-07,9366,14751,Bergisch Gladbach,Porz,10.0,0.0,3.0,0.0,,,,,,,,,Desconocido
1425148.0,Oberliga - Mittelrhein,746,Germany,Mittelrhein - 30,True,2026-06-07,12754,14681,Düren Merzenich,Fortuna Köln II,2.0,5.0,2.0,2.0,,,,,,,,,Desconocido
1425153.0,Oberliga - Mittelrhein,746,Germany,Mittelrhein - 30,True,2026-06-07,12768,24531,Frechen,Teutonia Weiden,7.0,1.0,6.0,0.0,,,,,,,,,Desconocido
1425150.0,Oberliga - Mittelrhein,746,Germany,Mittelrhein - 30,True,2026-06-07,12784,26275,Hennef 05,Bornheim,1.0,3.0,0.0,1.0,,,,,,,,,Desconocido
1425151.0,Oberliga - Mittelrhein,746,Germany,Mittelrhein - 30,True,2026-06-07,21033,14148,SF Düren,Wegberg-Beeck,0.0,3.0,0.0,2.0,,,,,,,,,Desconocido
1425147.0,Oberliga - Mittelrhein,746,Germany,Mittelrhein - 30,True,2026-06-07,14770,12853,SSV Merten,Siegburger SV,5.0,1.0,1.0,0.0,,,,,,,,,Desconocido
1425152.0,Oberliga - Mittelrhein,746,Germany,Mittelrhein - 30,True,2026-06-07,14813,14800,VfL Vichttal,TuS BW Königsdorf,0.0,2.0,0.0,2.0,,,,,,,,,Desconocido
1412928.0,Oberliga - Niederrhein,751,Germany,Niederrhein - 34,True,2026-06-07,19657,12844,Büderich,SF Baumberg,3.0,1.0,2.0,1.0,,,,,,,,,Desconocido
1406078.0,Oberliga - Niederrhein,751,Germany,Niederrhein - 34,True,2026-06-07,14706,12848,Holzheimer SG,Schonnebeck,3.0,4.0,2.0,3.0,,,,,,,,,Desconocido
1406073.0,Oberliga - Niederrhein,751,Germany,Niederrhein - 34,True,2026-06-07,9370,16105,Homberg,Kleve,1.0,2.0,0.0,1.0,,,,,,,,,Desconocido
1406072.0,Oberliga - Niederrhein,751,Germany,Niederrhein - 34,True,2026-06-07,1322,23678,KFC Uerdingen 05,Viktoria Jüchen-Garz.,1.0,2.0,0.0,0.0,,,,,,,,,Desconocido
1406074.0,Oberliga - Niederrhein,751,Germany,Niederrhein - 34,True,2026-06-07,12818,14689,Monheim,Germania Ratingen,2.0,0.0,2.0,0.0,,,,,,,,,Desconocido
1406079.0,Oberliga - Niederrhein,751,Germany,Niederrhein - 34,True,2026-06-07,19466,12790,SC St. Tönis,Hilden,1.0,1.0,0.0,0.0,,,,,,,,,Desconocido
1406075.0,Oberliga - Niederrhein,751,Germany,Niederrhein - 34,True,2026-06-07,14523,14553,SW Essen,Meerbusch,3.0,4.0,0.0,3.0,,,,,,,,,Desconocido
1406076.0,Oberliga - Niederrhein,751,Germany,Niederrhein - 34,True,2026-06-07,17564,26165,Union Frintrop,BW Dingden,3.0,0.0,3.0,0.0,,,,,,,,,Desconocido
1550633.0,Oberliga - Promotion Round,988,Germany,Play Offs - Round 2,True,2026-06-07,12755,9365,Eddersheim,Pirmasens,4.0,1.0,3.0,1.0,,,,,,,,,Desconocido
1550636.0,Oberliga - Promotion Round,988,Germany,Promotion Round,True,2026-06-07,13947,16091,Eimsbütteler TV,Blumenthaler SV,6.0,0.0,0.0,0.0,,,,,,,,,Desconocido
1550635.0,Oberliga - Promotion Round,988,Germany,Promotion Round,True,2026-06-07,1632,12880,Germania Egestorf,Todesfelde,0.0,2.0,0.0,0.0,,,,,,,,,Desconocido
1547795.0,NB III - Promotion Play-offs,1111,Hungary,Promotion Play-offs - Finals,True,2026-06-07,2419,5123,Cigand SE,Nagykanizsai ULE,0.0,2.0,0.0,0.0,,,,,,,,,Desconocido
1547796.0,NB III - Promotion Play-offs,1111,Hungary,Promotion Play-offs - Finals,True,2026-06-07,2411,2398,Monori Se,Gyirmot SE,1.0,3.0,1.0,2.0,,,,,,,,,Desconocido
1547200.0,Serie C - Promotion - Play-offs,976,Italy,Final,True,2026-06-07,507,26356,Ascoli,Union Brescia,3.0,0.0,1.0,0.0,,,,,,,,,Desconocido
1548066.0,J2/J3 League,1235,Japan,Placement Play-offs - Final,True,2026-06-07,4315,2236,Blaublitz Akita,Kagoshima United,0.0,2.0,0.0,2.0,,,,,,,,,Desconocido
1548190.0,J2/J3 League,1235,Japan,Placement Play-offs - Final,True,2026-06-07,4318,2235,Fukushima United,FC Ryukyu,1.0,1.0,0.0,1.0,,,,,,,,,Desconocido
1548067.0,J2/J3 League,1235,Japan,Placement matches - Final,True,2026-06-07,300,756,Kanazawa,Thespakusatsu Gunma,4.0,1.0,0.0,0.0,,,,,,,,,Desconocido
1548069.0,J2/J3 League,1235,Japan,Placement matches - Final,True,2026-06-07,298,312,Oita Trinita,Montedio Yamagata,1.0,0.0,0.0,0.0,,,,,,,,,Desconocido
1548068.0,J2/J3 League,1235,Japan,Placement matches - Final,True,2026-06-07,315,805,Tochigi SC,Kitakyushu,2.0,1.0,0.0,1.0,,,,,,,,,Desconocido
1547846.0,J2/J3 League,1235,Japan,Placement Play-offs - Final,True,2026-06-07,299,7127,Tokushima Vortis,Iwaki,2.0,0.0,1.0,0.0,,,,,,,,,Desconocido
1548189.0,J2/J3 League,1235,Japan,Placement matches - Final,True,2026-06-07,4326,10075,Vanraure Hachinohe,Imabari,1.0,1.0,0.0,1.0,,,,,,,,,Desconocido
1548395.0,Super League,277,Kenya,Regular Season - 37,False,2026-06-07,20686,2487,Darajani Gogo,Kisumu All Stars,2.0,1.0,2.0,0.0,,,,,,,,,Desconocido
1548396.0,Super League,277,Kenya,Regular Season - 37,False,2026-06-07,19480,26876,Fortune Sacco,Gucha Stars,1.0,0.0,1.0,0.0,,,,,,,,,Desconocido
1548397.0,Super League,277,Kenya,Regular Season - 37,False,2026-06-07,26663,19488,Kabati Youth FC,Naivas,2.0,1.0,1.0,1.0,,,,,,,,,Desconocido
1548398.0,Super League,277,Kenya,Regular Season - 37,False,2026-06-07,2497,19482,Kibera Black Stars,MCF,1.0,2.0,0.0,1.0,,,,,,,,,Desconocido
1548399.0,Super League,277,Kenya,Regular Season - 37,False,2026-06-07,19484,21214,Migori Youth,Equity Bank,2.0,1.0,1.0,0.0,,,,,,,,,Desconocido
1548400.0,Super League,277,Kenya,Regular Season - 37,False,2026-06-07,19485,2469,Mombasa Elite,Nzoia Sugar,1.0,0.0,0.0,0.0,,,,,,,,,Desconocido
1548402.0,Super League,277,Kenya,Regular Season - 37,False,2026-06-07,26664,23407,Soy United,MOFA,0.0,0.0,0.0,0.0,,,,,,,,,Desconocido
1548403.0,Super League,277,Kenya,Regular Season - 37,False,2026-06-07,17897,2482,Talanta,Nairobi City Stars,5.0,1.0,2.0,1.0,,,,,,,,,Desconocido
1548404.0,Super League,277,Kenya,Regular Season - 37,False,2026-06-07,2466,22230,Vihiga United FC,Luanda Villa,1.0,1.0,1.0,1.0,,,,,,,,,Desconocido
1530594.0,1 Lyga,361,Lithuania,Regular Season - 1,False,2026-06-07,3862,3864,Jonava,Minija,0.0,0.0,0.0,0.0,,,,,,,,,Desconocido
1548318.0,Botola 2,201,Morocco,Regular Season - 26,False,2026-06-07,970,6387,Chabab Atl. Khenifra,Chabab Mohammédia,1.0,0.0,1.0,0.0,,,,,,,,,Desconocido
1548315.0,Botola 2,201,Morocco,Regular Season - 26,False,2026-06-07,3451,18753,El Massira,Amal Tiznit,1.0,1.0,1.0,1.0,,,,,,,,,Desconocido
1548316.0,Botola 2,201,Morocco,Regular Season - 26,False,2026-06-07,966,3450,Racing de Casablanca,Chabab Ben Guerir,0.0,1.0,0.0,1.0,,,,,,,,,Desconocido
1548317.0,Botola 2,201,Morocco,Regular Season - 26,False,2026-06-07,3458,979,Widad Témara,KAC Kenitra,1.0,1.0,1.0,1.0,,,,,,,,,Desconocido
1548082.0,Derde Divisie - Relegation Round,1004,Netherlands,Final,True,2026-06-07,14234,23712,Hollandia,HBC,2.0,0.0,1.0,0.0,,,,,,,,,Desconocido
1548083.0,Derde Divisie - Relegation Round,1004,Netherlands,Final,True,2026-06-07,1255,27790,TEC,NEO,3.0,0.0,3.0,0.0,,,,,,,,,Desconocido
1495781.0,1. Division,104,Norway,Regular Season - 1,False,2026-06-07,322,2147,Ranheim,Strommen,2.0,2.0,1.0,1.0,,,,,,,,,M. Koloy
1536218.0,Second League - Group 1,651,Russia,Group 1 - 11,False,2026-06-07,21853,27647,Dynamo Makhachkala II,Lugansk,2.0,1.0,2.0,0.0,,,,,,,,,Desconocido
1536373.0,Second League - Group 2,652,Russia,Group 2 - 11,False,2026-06-07,25868,17725,Baltika II,Dinamo St. Petersburg,1.0,3.0,0.0,0.0,,,,,,,,,Desconocido
1536374.0,Second League - Group 2,652,Russia,Group 2 - 11,False,2026-06-07,19447,24450,Dinamo Vologda,Cherepovets,2.0,2.0,0.0,0.0,,,,,,,,,Desconocido
1536376.0,Second League - Group 2,652,Russia,Group 2 - 11,False,2026-06-07,6812,6817,Luki-Energiya,Murom,2.0,1.0,1.0,0.0,,,,,,,,,Desconocido
1536377.0,Second League - Group 2,652,Russia,Group 2 - 11,False,2026-06-07,6830,14120,Torpedo Vladimir,Tver,2.0,0.0,0.0,0.0,,,,,,,,,Desconocido
1536378.0,Second League - Group 2,652,Russia,Group 2 - 11,False,2026-06-07,17724,19452,Yenisey II,Kosmos Dolgoprudny,1.0,2.0,1.0,1.0,,,,,,,,,Desconocido
1536812.0,Second League - Group 4,653,Russia,Group 4 - 11,False,2026-06-07,6794,27651,Dinamo Barnaul,Pobeda Nizhniy Novgorod,0.0,2.0,0.0,1.0,,,,,,,,,Desconocido
1536813.0,Second League - Group 4,653,Russia,Group 4 - 11,False,2026-06-07,25867,27650,KDV,Izhevsk,1.0,1.0,0.0,1.0,,,,,,,,,Desconocido
1536814.0,Second League - Group 4,653,Russia,Group 4 - 11,False,2026-06-07,14140,21535,Krylya Sovetov II,Akron II,2.0,1.0,1.0,1.0,,,,,,,,,Desconocido
1536815.0,Second League - Group 4,653,Russia,Group 4 - 11,False,2026-06-07,6818,12887,Nosta,Ural II,0.0,2.0,0.0,1.0,,,,,,,,,Desconocido
1536816.0,Second League - Group 4,653,Russia,Group 4 - 11,False,2026-06-07,14141,16858,Orenburg II,Khimik Dzerzhinsk,1.0,2.0,1.0,1.0,,,,,,,,,Desconocido
1536817.0,Second League - Group 4,653,Russia,Group 4 - 11,False,2026-06-07,21032,25866,Rubin Kazan 2,Chelyabinsk II,1.0,2.0,0.0,1.0,,,,,,,,,Desconocido
1527844.0,Second League A - Division A Gold,1025,Russia,Spring Season Gold - 17,True,2026-06-07,665,2004,Irtysh Omsk,Volgar Astrakhan,1.0,2.0,1.0,1.0,,,,,,,,,Desconocido
1527842.0,Second League A - Division A Gold,1025,Russia,Spring Season Gold - 17,True,2026-06-07,6811,16864,Leningradets,Torpedo Miass,3.0,1.0,2.0,0.0,,,,,,,,,Desconocido
1527843.0,Second League A - Division A Gold,1025,Russia,Spring Season Gold - 17,True,2026-06-07,6814,6833,Mashuk-KMV,Veles,1.0,0.0,1.0,0.0,,,,,,,,,Desconocido
1527846.0,Second League A - Division A Gold,1025,Russia,Spring Season Gold - 17,True,2026-06-07,6819,6802,Novosibirsk,Kaluga,1.0,0.0,0.0,0.0,,,,,,,,,Desconocido
1527845.0,Second League A - Division A Gold,1025,Russia,Spring Season Gold - 17,True,2026-06-07,19453,3984,Rodina Moskva II,Tekstilshchik,0.0,2.0,0.0,2.0,,,,,,,,,Desconocido
1526746.0,Second League A - Division A Silver,1026,Russia,Spring Season Silver - 17,True,2026-06-07,16856,21538,Dinamo Vladivostok,Dinamo Kirov,0.0,0.0,0.0,0.0,,,,,,,,,Desconocido
1549894.0,Srpska Liga - East,574,Serbia,East - 29,True,2026-06-07,12313,2632,Dunav Prahovo,Jagodina,1.0,0.0,0.0,0.0,,,,,,,,,Desconocido
1549895.0,Srpska Liga - East,574,Serbia,East - 29,True,2026-06-07,26408,24622,FK Rudar 2016 Aleksinački Rudnik,Morava Ćuprija,0.0,9.0,0.0,6.0,,,,,,,,,Desconocido
1549893.0,Srpska Liga - East,574,Serbia,East - 29,True,2026-06-07,14244,12342,Jedinstvo Paraćin,Sinđelić,0.0,4.0,0.0,2.0,,,,,,,,,Desconocido
1549890.0,Srpska Liga - East,574,Serbia,East - 29,True,2026-06-07,2640,22082,Radnicki Pirot,Jedinstvo Kruševac,1.0,1.0,,,,,,,,,,,Desconocido
1549896.0,Srpska Liga - East,574,Serbia,East - 29,True,2026-06-07,12340,12354,Rembas,Trstenik PPT,0.0,1.0,0.0,1.0,,,,,,,,,Desconocido
1549891.0,Srpska Liga - East,574,Serbia,East - 29,True,2026-06-07,17432,14250,Sloga Leskovac,Timok Zaječar,1.0,4.0,0.0,4.0,,,,,,,,,Desconocido
1549892.0,Srpska Liga - East,574,Serbia,East - 29,True,2026-06-07,12356,17429,Vlasina,Brzi Brod,2.0,1.0,1.0,1.0,,,,,,,,,Desconocido
1445315.0,Srpska Liga - West,575,Serbia,West - 30,True,2026-06-07,12308,12350,Budučnost Krušik,Takovo,1.0,1.0,1.0,1.0,,,,,,,,,Desconocido
1472609.0,Srpska Liga - West,575,Serbia,West - 30,True,2026-06-07,26417,24620,FK Šumadija 1903 Kragujevac,Napredak Markovac,0.0,0.0,0.0,0.0,,,,,,,,,Desconocido
1445316.0,Srpska Liga - West,575,Serbia,West - 30,True,2026-06-07,12320,12345,Jošanica,Sloga Požega,3.0,1.0,2.0,0.0,,,,,,,,,Desconocido
1472610.0,Srpska Liga - West,575,Serbia,West - 30,True,2026-06-07,2647,26416,Metalac GM,FK Radnički Valjevo,2.0,0.0,,,,,,,,,,,Desconocido
1445314.0,Srpska Liga - West,575,Serbia,West - 30,True,2026-06-07,22079,2652,Omladinac Zablaće,FK Zlatibor,1.0,0.0,0.0,0.0,,,,,,,,,Desconocido
1472553.0,Srpska Liga - West,575,Serbia,West - 30,True,2026-06-07,17434,26414,Real Podunavci,FK Mladi Radnik 1940 Radinac,0.0,2.0,0.0,1.0,,,,,,,,,Desconocido
1445312.0,Srpska Liga - West,575,Serbia,West - 30,True,2026-06-07,2641,24618,Sloboda Uzice,Jedinstvo Putevi,2.0,0.0,1.0,0.0,,,,,,,,,Desconocido
1445318.0,Srpska Liga - West,575,Serbia,West - 30,True,2026-06-07,14259,26415,Železničar Lajkovac,FK Polimlje Prijepolje,3.0,0.0,1.0,0.0,,,,,,,,,Desconocido
1510360.0,K League 2,293,South-Korea,Regular Season - 15,False,2026-06-07,7060,2756,Cheonan City,Suwon City FC,2.0,2.0,1.0,0.0,,,,,,,,,D. Seo
1510361.0,K League 2,293,South-Korea,Regular Season - 15,False,2026-06-07,7078,2760,Gimpo Citizen,Jeonnam Dragons,2.0,2.0,2.0,1.0,,,,,,,,,J. Park
1510362.0,K League 2,293,South-Korea,Regular Season - 15,False,2026-06-07,2749,7061,Seoul E-Land FC,Cheongju,1.0,2.0,1.0,0.0,,,,,,,,,O. Jeong
1520502.0,K3 League,295,South-Korea,Regular Season - 14,False,2026-06-07,7096,7111,Mokpo City,Yangpyeong,0.0,0.0,0.0,0.0,,,,,,,,,Desconocido
1520503.0,K3 League,295,South-Korea,Regular Season - 14,False,2026-06-07,7112,7105,Yeoju Sejong,Siheung Citizen,0.0,1.0,0.0,0.0,,,,,,,,,Desconocido
1569794.0,K4 League,1234,South-Korea,Regular Season - 14,False,2026-06-07,27863,25719,Jincheon,Gijang United,2.0,0.0,,,,,,,,,,,Desconocido
1569793.0,K4 League,1234,South-Korea,Regular Season - 14,False,2026-06-07,23089,18654,Namyangju,Geoje Citizen,1.0,0.0,,,,,,,,,,,Desconocido
1569792.0,K4 League,1234,South-Korea,Regular Season - 14,False,2026-06-07,18656,27858,Pyeongchang United,Geumsan Insam,1.0,1.0,,,,,,,,,,,Desconocido
1547736.0,Primera División RFEF - Play Offs,1006,Spain,Promotion Play Offs,True,2026-06-07,9571,593,Celta de Vigo II,Europa Fc,3.0,2.0,0.0,1.0,,,,,,,,,Desconocido
1547737.0,Primera División RFEF - Play Offs,1006,Spain,Promotion Play Offs,True,2026-06-07,9418,9595,Zamora,Villarreal II,2.0,0.0,1.0,0.0,,,,,,,,,Desconocido
1548053.0,Segunda División,141,Spain,Semi-finals,True,2026-06-07,534,535,Las Palmas,Malaga,0.0,1.0,0.0,0.0,,,,,,,,,A. Fuentes
1546320.0,Tercera División RFEF - Group 1,439,Spain,Final,True,2026-06-07,5256,19650,Compostela,Atlético Arteixo,2.0,1.0,1.0,0.0,,,,,,,,,Desconocido
1546322.0,Tercera División RFEF - Group 10,448,Spain,Final,True,2026-06-07,26535,24723,Dos Hermanas,Atlético Central,1.0,4.0,0.0,2.0,,,,,,,,,Desconocido
1546445.0,Tercera División RFEF - Group 11,449,Spain,Final,True,2026-06-07,9784,9405,Manacor,Peña Deportiva,1.0,3.0,1.0,1.0,,,,,,,,,Desconocido
1546443.0,Tercera División RFEF - Group 12,450,Spain,Final,True,2026-06-07,9804,9415,UD San Fernando,Tamaraceite,1.0,1.0,,,,,,,,,,,Desconocido
1546441.0,Tercera División RFEF - Group 13,451,Spain,Final,True,2026-06-07,9820,9818,Real Murcia II,Olímpico Totana,2.0,1.0,1.0,0.0,,,,,,,,,Desconocido
1546439.0,Tercera División RFEF - Group 14,452,Spain,Final,True,2026-06-07,9382,9836,Badajoz,Moralo,0.0,0.0,0.0,0.0,,,,,,,,,Desconocido
1546435.0,Tercera División RFEF - Group 16,454,Spain,Final,True,2026-06-07,9862,9869,Arnedo,Oyonesa,3.0,2.0,1.0,0.0,,,,,,,,,Desconocido
1546433.0,Tercera División RFEF - Group 17,455,Spain,Final,True,2026-06-07,9886,9878,Cuarte,Atlético Monzón,0.0,1.0,0.0,1.0,,,,,,,,,Desconocido
1546458.0,Tercera División RFEF - Group 2,440,Spain,Final,True,2026-06-07,9623,9619,Covadonga,Caudal,2.0,4.0,0.0,2.0,,,,,,,,,Desconocido
1546553.0,Tercera División RFEF - Group 5,443,Spain,Final,True,2026-06-07,5250,5258,Badalona,Cornellà,3.0,0.0,0.0,0.0,,,,,,,,,Desconocido
1546453.0,Tercera División RFEF - Group 6,444,Spain,Final,True,2026-06-07,9591,9393,Levante II,La Nucía,1.0,1.0,0.0,1.0,,,,,,,,,Desconocido
1546451.0,Tercera División RFEF - Group 7,445,Spain,Final,True,2026-06-07,9718,9395,Trival Valderas,Las Rozas,3.0,1.0,1.0,0.0,,,,,,,,,Desconocido
1546449.0,Tercera División RFEF - Group 8,446,Spain,Final,True,2026-06-07,9388,17538,Guijuelo,Palencia CF,1.0,2.0,0.0,0.0,,,,,,,,,Desconocido
1546447.0,Tercera División RFEF - Group 9,447,Spain,Final,True,2026-06-07,9751,20272,Motril,Arenas Armilla,1.0,1.0,0.0,0.0,,,,,,,,,Desconocido
1510596.0,Division 2 - Norra Götaland,592,Sweden,Norra Götaland - 11,True,2026-06-07,18422,11673,Herrestads,Motala,1.0,0.0,1.0,0.0,,,,,,,,,Desconocido
1510597.0,Division 2 - Norra Götaland,592,Sweden,Norra Götaland - 11,True,2026-06-07,12571,16605,IF Karlstad II,IFK Skövde,0.0,2.0,0.0,1.0,,,,,,,,,Desconocido
1510598.0,Division 2 - Norra Götaland,592,Sweden,Norra Götaland - 11,True,2026-06-07,12598,12570,Kumla,Ahlafors,1.0,1.0,0.0,1.0,,,,,,,,,Desconocido
1510779.0,Division 2 - Norra Svealand,593,Sweden,Norra Svealand - 11,True,2026-06-07,6665,25574,Franke,Bollstanäs,2.0,2.0,1.0,2.0,,,,,,,,,Desconocido
1510778.0,Division 2 - Norra Svealand,593,Sweden,Norra Svealand - 11,True,2026-06-07,27386,12582,Helges,Kungsängen,1.0,4.0,0.0,2.0,,,,,,,,,Desconocido
1510781.0,Division 2 - Norra Svealand,593,Sweden,Norra Svealand - 11,True,2026-06-07,20838,6685,Viggbyholms IK,Lidingö,2.0,2.0,1.0,1.0,,,,,,,,,Desconocido
1515746.0,Division 2 - Norrland,594,Sweden,Norrland - 10,True,2026-06-07,18999,27459,Lucksta,Fransta,3.0,3.0,3.0,1.0,,,,,,,,,Desconocido
1515749.0,Division 2 - Norrland,594,Sweden,Norrland - 11,True,2026-06-07,16604,11665,Storfors,Boden,0.0,2.0,0.0,0.0,,,,,,,,,Desconocido
1515747.0,Division 2 - Norrland,594,Sweden,Norrland - 10,True,2026-06-07,11662,24030,Umea FF,Kubikenborg,2.0,3.0,0.0,1.0,,,,,,,,,Desconocido
1511053.0,Division 2 - Södra Götaland,597,Sweden,Södra Götaland - 11,True,2026-06-07,12615,27849,Karlshamn,Lilla Torg,2.0,0.0,1.0,0.0,,,,,,,,,Desconocido
1510951.0,Division 2 - Södra Götaland,597,Sweden,Södra Götaland - 11,True,2026-06-07,6692,12619,Oskarshamns AIK,Österlen,1.0,1.0,1.0,1.0,,,,,,,,,Desconocido
1510952.0,Division 2 - Södra Götaland,597,Sweden,Södra Götaland - 11,True,2026-06-07,26891,25573,Staffanstorp United,Växjö Norra,2.0,2.0,1.0,0.0,,,,,,,,,Desconocido
1511143.0,Division 2 - Södra Svealand,595,Sweden,Södra Svealand - 11,True,2026-06-07,11660,11670,Karlslund,Sleipner,1.0,3.0,0.0,2.0,,,,,,,,,Desconocido
1511144.0,Division 2 - Södra Svealand,595,Sweden,Södra Svealand - 11,True,2026-06-07,11664,12650,Örebro Syrianska,Smedby,2.0,1.0,1.0,1.0,,,,,,,,,Desconocido
1511325.0,Division 2 - Västra Götaland,596,Sweden,Västra Götaland - 11,True,2026-06-07,12613,12606,Dalstorps,Onsala,3.0,1.0,1.0,0.0,,,,,,,,,Desconocido
1505172.0,Ettan - Norra,563,Sweden,Norra - 11,True,2026-06-07,16597,2169,Arlanda,Assyriska FF,2.0,0.0,1.0,0.0,,,,,,,,,Desconocido
1505176.0,Ettan - Norra,563,Sweden,Norra - 11,True,2026-06-07,11671,12578,Piteå,Enköping,0.0,2.0,0.0,1.0,,,,,,,,,Desconocido
1505177.0,Ettan - Norra,563,Sweden,Norra - 11,True,2026-06-07,6699,6705,Sollentuna,Umeå FC,1.0,1.0,0.0,0.0,,,,,,,,,Desconocido
1504452.0,Ettan - Södra,564,Sweden,Södra - 11,True,2026-06-07,27669,6663,AFC Malmo,Eskilsminne,2.0,1.0,1.0,0.0,,,,,,,,,Desconocido
1504453.0,Ettan - Södra,564,Sweden,Södra - 11,True,2026-06-07,2162,6703,Atvidabergs FF,Tvååker,2.0,2.0,2.0,0.0,,,,,,,,,Desconocido
1504455.0,Ettan - Södra,564,Sweden,Södra - 11,True,2026-06-07,11675,6687,Kristianstad,Lund,1.0,1.0,1.0,1.0,,,,,,,,,Desconocido
1504457.0,Ettan - Södra,564,Sweden,Södra - 11,True,2026-06-07,369,6698,Trelleborg,Skövde AIK,4.0,0.0,1.0,0.0,,,,,,,,,Desconocido
1532515.0,Ýokary Liga,636,Turkmenistan,Regular Season - 12,False,2026-06-07,8020,12903,Ahal,Şagadam,1.0,0.0,0.0,0.0,,,,,,,,,Desconocido
1532516.0,Ýokary Liga,636,Turkmenistan,Regular Season - 12,False,2026-06-07,21232,8039,Arkadag,Nebitci,4.0,1.0,3.0,0.0,,,,,,,,,Desconocido
1532517.0,Ýokary Liga,636,Turkmenistan,Regular Season - 12,False,2026-06-07,13157,13159,Köpetdag Aşgabat,Aşgabat,3.0,1.0,1.0,1.0,,,,,,,,,Desconocido
1532518.0,Ýokary Liga,636,Turkmenistan,Regular Season - 12,False,2026-06-07,13158,8023,Merw,Altyn Asyr,0.0,2.0,0.0,2.0,,,,,,,,,Desconocido
1513148.0,MLS Next Pro,909,USA,Group Stage,False,2026-06-07,21138,21141,Austin II,Los Angeles FC II,2.0,0.0,0.0,0.0,,,,,,,,,Desconocido
1513146.0,MLS Next Pro,909,USA,Group Stage,False,2026-06-07,18812,10281,FC Cincinnati II,New England II,0.0,1.0,0.0,0.0,,,,,,,,,Desconocido
1513147.0,MLS Next Pro,909,USA,Group Stage,False,2026-06-07,4026,23063,Orlando City II,Carolina Core,3.0,2.0,1.0,2.0,,,,,,,,,Desconocido
1513145.0,MLS Next Pro,909,USA,Group Stage,False,2026-06-07,18816,4012,The Town,Real Monarchs,3.0,0.0,3.0,0.0,,,,,,,,,Desconocido
1531207.0,USL League One Cup,1095,USA,Group Stage,False,2026-06-07,27252,25486,Brooklyn,Portland Hearts of Pine,5.0,1.0,3.0,1.0,,,,,,,,,Desconocido
1524816.0,USL League Two,256,USA,Group Stage,False,2026-06-07,23107,25951,AMSG,Stars FC,0.0,1.0,0.0,1.0,,,,,,,,,Desconocido
1525399.0,USL League Two,256,USA,Group Stage,False,2026-06-07,23108,13200,Albion Colorado,Real Colorado Foxes,4.0,1.0,2.0,0.0,,,,,,,,,Desconocido
1524814.0,USL League Two,256,USA,Group Stage,False,2026-06-07,10094,4097,Asheville City,Wake,2.0,0.0,0.0,0.0,,,,,,,,,Desconocido
1525396.0,USL League Two,256,USA,Group Stage,False,2026-06-07,27756,16686,Eagle FC,Real Central New Jersey,1.0,3.0,0.0,1.0,,,,,,,,,Desconocido
1524808.0,USL League Two,256,USA,Group Stage,False,2026-06-07,27518,4101,Lakeland United,Weston,0.0,1.0,0.0,0.0,,,,,,,,,Desconocido
1524812.0,USL League Two,256,USA,Group Stage,False,2026-06-07,4062,16682,Long Island Rough Riders,Morris Elite,2.0,1.0,1.0,0.0,,,,,,,,,Desconocido
1524815.0,USL League Two,256,USA,Group Stage,False,2026-06-07,27520,4061,Loudoun 2,Lionsbridge,1.0,4.0,1.0,3.0,,,,,,,,,Desconocido
1524813.0,USL League Two,256,USA,Group Stage,False,2026-06-07,21286,18910,RKC,St. Croix,1.0,0.0,1.0,0.0,,,,,,,,,Desconocido
1524806.0,USL League Two,256,USA,Group Stage,False,2026-06-07,4079,4077,San Francisco City,SF Glens,2.0,0.0,0.0,0.0,,,,,,,,,Desconocido
1524807.0,USL League Two,256,USA,Group Stage,False,2026-06-07,25948,18904,Snohomish United,Oly Town,5.0,0.0,2.0,0.0,,,,,,,,,Desconocido
1524809.0,USL League Two,256,USA,Group Stage,False,2026-06-07,23124,25953,Tacoma Stars,Bigfoot,3.0,0.0,0.0,0.0,,,,,,,,,Desconocido
1524810.0,USL League Two,256,USA,Group Stage,False,2026-06-07,16690,10098,Toledo Villa,Louisville City II,0.0,1.0,0.0,0.0,,,,,,,,,Desconocido
1524811.0,USL League Two,256,USA,Group Stage,False,2026-06-07,23125,16680,Union Macomb,Kalamazoo FC,2.0,7.0,1.0,1.0,,,,,,,,,Desconocido
1524804.0,USL League Two,256,USA,Group Stage,False,2026-06-07,21293,9041,Virginia Marauders,Christos,1.0,3.0,1.0,1.0,,,,,,,,,Desconocido
1524805.0,USL League Two,256,USA,Group Stage,False,2026-06-07,23128,23120,West Seattle Junction,Midlakes United,3.0,0.0,1.0,0.0,,,,,,,,,Desconocido
1532144.0,USL W League,1117,USA,Regular Season - 1,False,2026-06-07,25857,23907,AHFC Royals W,Lonestar II W,2.0,0.0,1.0,0.0,,,,,,,,,Desconocido
1532435.0,USL W League,1117,USA,Regular Season - 1,False,2026-06-07,23929,27617,Albion Colorado W,Real Colorado W,0.0,5.0,0.0,3.0,,,,,,,,,Desconocido
1532142.0,USL W League,1117,USA,Regular Season - 1,False,2026-06-07,23892,23934,Brevard Riptide W,Brooke House W,2.0,1.0,0.0,0.0,,,,,,,,,Desconocido
1532138.0,USL W League,1117,USA,Regular Season - 1,False,2026-06-07,25845,23925,Fort Lauderdale Utd II W,TLH Reckoning W,1.0,2.0,0.0,1.0,,,,,,,,,Desconocido
1532388.0,USL W League,1117,USA,Regular Season - 1,False,2026-06-07,27610,23896,Hill Country Linces W,Challenge W,1.0,3.0,0.0,2.0,,,,,,,,,Desconocido
1532141.0,USL W League,1117,USA,Regular Season - 1,False,2026-06-07,23945,23880,Indy Eleven W,Dayton Dutch Lions W,6.0,0.0,1.0,0.0,,,,,,,,,Desconocido
1532140.0,USL W League,1117,USA,Regular Season - 1,False,2026-06-07,24134,23956,Lancaster Inferno W,Patuxent W,4.0,0.0,1.0,0.0,,,,,,,,,Desconocido
1532136.0,USL W League,1117,USA,Regular Season - 1,False,2026-06-07,23949,23953,Long Island Rough Riders W,Morris Elite W,3.0,1.0,2.0,1.0,,,,,,,,,Desconocido
1532387.0,USL W League,1117,USA,Regular Season - 1,False,2026-06-07,27611,23899,Loudoun United FC W,Eagle FC W,0.0,2.0,0.0,0.0,,,,,,,,,Desconocido
1532143.0,USL W League,1117,USA,Regular Season - 1,False,2026-06-07,25960,25934,OC Sporting W,AMSG W,4.0,4.0,1.0,2.0,,,,,,,,,Desconocido
1532139.0,USL W League,1117,USA,Regular Season - 1,False,2026-06-07,23914,23918,Oakland Soul W,Pleasanton Rage W,2.0,1.0,1.0,0.0,,,,,,,,,Desconocido
1532137.0,USL W League,1117,USA,Regular Season - 1,False,2026-06-07,23926,25841,Tacoma Galaxy W,Bigfoot W,2.0,3.0,2.0,1.0,,,,,,,,,Desconocido
1532135.0,USL W League,1117,USA,Regular Season - 1,False,2026-06-07,25862,16488,Toledo Villa W,Racing Louisville W,0.0,3.0,0.0,2.0,,,,,,,,,Desconocido
1532134.0,USL W League,1117,USA,Regular Season - 1,False,2026-06-07,25863,23946,Union Macomb W,Kalamazoo FC W,1.0,0.0,0.0,0.0,,,,,,,,,Desconocido
1546810.0,Primera División,268,Uruguay,Torneo Intermedio - 4,True,2026-06-07,2362,2348,Cerro,Penarol,0.0,1.0,0.0,0.0,,,,,,,,,M. De Armas
1546811.0,Primera División,268,Uruguay,Torneo Intermedio - 4,True,2026-06-07,2350,2361,Defensor Sporting,Boston River,1.0,1.0,0.0,0.0,,,,,,,,,A. Olmos
1546809.0,Primera División,268,Uruguay,Torneo Intermedio - 4,True,2026-06-07,2363,2378,Progreso,Albion FC,1.0,2.0,0.0,2.0,,,,,,,,,F. Vikonis
1548200.0,Segunda División,269,Uruguay,2nd Phase - 5,True,2026-06-07,2367,2364,Cerrito,Atenas,2.0,1.0,1.0,0.0,,,,,,,,,Desconocido
1548202.0,Segunda División,269,Uruguay,2nd Phase - 5,True,2026-06-07,2373,2376,Miramar,Oriental,2.0,2.0,1.0,1.0,,,,,,,,,Desconocido
1548201.0,Segunda División,269,Uruguay,2nd Phase - 5,True,2026-06-07,2374,16740,Tacuarembo,Uruguay Montevideo,1.0,0.0,0.0,0.0,,,,,,,,,Desconocido
1548335.0,Primera División,299,Venezuela,Apertura - Final,True,2026-06-07,2810,2827,Carabobo FC,Puerto Cabello,2.0,1.0,1.0,0.0,,,,,,,,,Y. Herrera
1548390.0,Segunda División,300,Venezuela,Regular Season - 14,False,2026-06-07,27527,2824,Atletico Avila FC,Mineros de Guyana,1.0,1.0,1.0,0.0,,,,,,,,,Desconocido
1518103.0,V.League 1,340,Vietnam,Regular Season - 26,False,2026-06-07,3668,3673,Binh Duong,Hoang Anh Gia Lai,3.0,1.0,1.0,1.0,,,,,,,,,Desconocido
1518104.0,V.League 1,340,Vietnam,Regular Season - 26,False,2026-06-07,3669,3680,Da Nang,Thanh Hóa,4.0,0.0,1.0,0.0,,,,,,,,,Desconocido
1518106.0,V.League 1,340,Vietnam,Regular Season - 26,False,2026-06-07,3670,3672,Ha Noi,Ho Chi Minh,1.0,1.0,1.0,0.0,,,,,,,,,Desconocido
1518105.0,V.League 1,340,Vietnam,Regular Season - 26,False,2026-06-07,3671,3674,Hai Phong,Nam Dinh,1.0,1.0,1.0,1.0,,,,,,,,,Desconocido
1518107.0,V.League 1,340,Vietnam,Regular Season - 26,False,2026-06-07,9167,11134,Phu Dong,Hồng Lĩnh Hà Tĩnh,3.0,0.0,0.0,0.0,,,,,,,,,Desconocido
1518108.0,V.League 1,340,Vietnam,Regular Season - 26,False,2026-06-07,3678,9166,Song Lam Nghe An,Pho Hien,1.0,3.0,0.0,2.0,,,,,,,,,Desconocido
1518109.0,V.League 1,340,Vietnam,Regular Season - 26,False,2026-06-07,3681,16400,Viettel,Công An Nhân Dân,1.0,0.0,1.0,0.0,,,,,,,,,Desconocido
1547216.0,ASEAN Championship U19,928,World,Group Stage - 3,False,2026-06-07,19149,19157,Indonesia U19,Vietnam U19,2.0,1.0,1.0,0.0,,,,,,,,,Desconocido
1547217.0,ASEAN Championship U19,928,World,Group Stage - 3,False,2026-06-07,19156,19152,Timor-Leste U19,Myanmar U19,1.0,3.0,1.0,0.0,,,,,,,,,Desconocido
1548444.0,Friendlies,10,World,Friendly International,True,2026-06-07,1553,5535,Afghanistan,Pakistan,0.0,2.0,0.0,1.0,,,,,,,,,Desconocido
1550812.0,Friendlies,10,World,Friendly International,True,2026-06-07,12502,12522,Brazil U17,United States U17,4.0,0.0,2.0,0.0,,,,,,,,,Desconocido
1550811.0,Friendlies,10,World,Friendly International,True,2026-06-07,10328,10354,Bulgaria U19,Albania U19,3.0,0.0,2.0,0.0,,,,,,,,,Desconocido
1528288.0,Friendlies,10,World,Friendly International,True,2026-06-07,8,1548,Colombia,Jordan,2.0,0.0,1.0,0.0,,,,,,,,,J. Valle
1512768.0,Friendlies,10,World,Friendly International,True,2026-06-07,3,1091,Croatia,Slovenia,2.0,1.0,0.0,0.0,,,,,,,,,"Bence Csonka, Hungary"
1543830.0,Friendlies,10,World,Friendly International,True,2026-06-07,21,772,Denmark,Ukraine,2.0,1.0,2.0,1.0,,,,,,,,,S. Kringstad
1542182.0,Friendlies,10,World,Friendly International,True,2026-06-07,2382,5161,Ecuador,Guatemala,3.0,0.0,1.0,0.0,,,,,,,,,"Marco Antonio Ortiz Nava, Mexico"
1540590.0,Friendlies,10,World,Friendly International,True,2026-06-07,1117,768,Greece,Italy,0.0,1.0,0.0,1.0,,,,,,,,,"Yigal Frid, Israel"
1548445.0,Friendlies,10,World,Friendly International,True,2026-06-07,1511,1518,Kenya,Lesotho,4.0,0.0,1.0,0.0,,,,,,,,,Desconocido
1545036.0,Friendlies,10,World,Friendly International,True,2026-06-07,1111,1110,Kosovo,Andorra,3.0,0.0,1.0,0.0,,,,,,,,,"Juxhin Xhaja, Albania"
1544362.0,Friendlies,10,World,Friendly International,True,2026-06-07,1107,1106,Liechtenstein,Cyprus,0.0,2.0,0.0,1.0,,,,,,,,,"Anojen Kanagasingam, Switzerland"
1548447.0,Friendlies,10,World,Friendly International,True,2026-06-07,1549,10929,Maldives,Bangladesh U23,1.0,1.0,1.0,0.0,,,,,,,,,Desconocido
1540950.0,Friendlies,10,World,Friendly International,True,2026-06-07,31,1090,Morocco,Norway,1.0,1.0,1.0,0.0,,,,,,,,,"Pierre-Luc Lauziere, Canada"
1548446.0,Friendlies,10,World,Friendly International,True,2026-06-07,1552,1512,Oman,Mozambique,4.0,1.0,1.0,0.0,,,,,,,,,Desconocido
1550867.0,Friendlies Women,666,World,Friendly International Women,True,2026-06-07,18258,21019,Bahrain W,Kyrgyz Republic W,0.0,4.0,0.0,0.0,,,,,,,,,Desconocido
1546558.0,Friendlies Women,666,World,Friendly International Women,True,2026-06-07,19139,19138,Bermuda W,Belize W,1.0,0.0,0.0,0.0,,,,,,,,,Desconocido
1548480.0,Friendlies Women,666,World,Friendly International Women,True,2026-06-07,19092,16937,Burkina Faso W,Mali W,2.0,2.0,2.0,1.0,,,,,,,,,Desconocido
1545739.0,Friendlies Women,666,World,Friendly International Women,True,2026-06-07,1723,1776,China W,Russia W,0.0,1.0,0.0,0.0,,,,,,,,,Desconocido
1583656.0,Friendlies Women,666,World,Friendly International Women,True,2026-06-07,19416,21020,Cook Islands W,Afghanistan W,3.0,0.0,2.0,0.0,,,,,,,,,Desconocido
1641680.0,Friendlies Women,666,World,Friendly International Women,True,2026-06-07,24034,28364,Morocco U20 W,Benin U20 W,2.0,2.0,1.0,0.0,,,,,,,,,Desconocido
1548479.0,Friendlies Women,666,World,Friendly International Women,True,2026-06-07,27167,27106,Portugal U18 W,Finland U18 W,0.0,1.0,0.0,0.0,,,,,,,,,Desconocido
1548465.0,Friendlies Women,666,World,Friendly International Women,True,2026-06-07,20453,21021,Saudi Arabia W,Sri Lanka W,4.0,0.0,4.0,0.0,,,,,,,,,Desconocido
1550866.0,Friendlies Women,666,World,Friendly International Women,True,2026-06-07,27564,27210,USA U18 W,Ukraine U19 W,7.0,0.0,0.0,0.0,,,,,,,,,Desconocido
1545466.0,Tournoi Maurice Revello,914,World,Group Stage,False,2026-06-07,17262,20562,China PR U20,Tunisia U23,0.0,3.0,0.0,1.0,,,,,,,,,O. Tschon
1545465.0,Tournoi Maurice Revello,914,World,Group Stage,False,2026-06-07,11024,18981,Congo DR U20,Colombia U19,2.0,2.0,1.0,0.0,,,,,,,,,D. Shiino
1549404.0,UEFA U17 Championship,921,World,Final,True,2026-06-07,17942,12510,Belgium U17,Italy U17,1.0,1.0,0.0,0.0,,,,,,,,,F. Lata
1495283.0,Premier Soccer League,401,Zimbabwe,Regular Season - 16,False,2026-06-07,5218,5226,CAPS United,Kariba,3.0,2.0,1.0,0.0,,,,,,,,,Desconocido
1495284.0,Premier Soccer League,401,Zimbabwe,Regular Season - 16,False,2026-06-07,27274,21055,Hardrock,Simba Bhora,3.0,0.0,2.0,0.0,,,,,,,,,Desconocido
1495287.0,Premier Soccer League,401,Zimbabwe,Regular Season - 16,False,2026-06-07,5227,5221,Manica Diamonds,Dynamos,2.0,2.0,1.0,0.0,,,,,,,,,Desconocido
1495290.0,Premier Soccer League,401,Zimbabwe,Regular Season - 16,False,2026-06-07,5232,5230,Triangle United,Platinum,0.0,1.0,0.0,0.0,,,,,,,,,Desconocido
1513487.0,Ligue 1,186,Algeria,Regular Season - 30,False,2026-06-06,907,910,MC Oran,USM Alger,2.0,2.0,0.0,2.0,,,,,,,,,Desconocido
1513486.0,Ligue 1,186,Algeria,Regular Season - 30,False,2026-06-06,10780,10792,Olympique Akbou,Ben Aknoun,1.0,1.0,0.0,0.0,,,,,,,,,Desconocido
1499452.0,Primera B Metropolitana,131,Argentina,Regular Season - 19,False,2026-06-06,2430,3943,Argentino de Merlo,Deportivo Camioneros,0.0,0.0,0.0,0.0,,,,,,,,,Desconocido
1499453.0,Primera B Metropolitana,131,Argentina,Regular Season - 19,False,2026-06-06,459,8388,Arsenal Sarandi,Sportivo Italiano,1.0,3.0,0.0,2.0,,,,,,,,,Desconocido
1499454.0,Primera B Metropolitana,131,Argentina,Regular Season - 19,False,2026-06-06,468,8008,Brown DE Adrogue,Comunicaciones,1.0,2.0,0.0,0.0,,,,,,,,,Desconocido
1499455.0,Primera B Metropolitana,131,Argentina,Regular Season - 19,False,2026-06-06,2427,1945,Deportivo Armenio,Defensores Unidos,3.0,0.0,1.0,0.0,,,,,,,,,Desconocido
1499456.0,Primera B Metropolitana,131,Argentina,Regular Season - 19,False,2026-06-06,8385,8387,Excursionistas,San Martín Burzaco,2.0,0.0,1.0,0.0,,,,,,,,,Desconocido
1499457.0,Primera B Metropolitana,131,Argentina,Regular Season - 19,False,2026-06-06,471,8376,Flandria,Argentino Quilmes,0.0,1.0,0.0,0.0,,,,,,,,,Desconocido
1499462.0,Primera B Metropolitana,131,Argentina,Regular Season - 19,False,2026-06-06,481,8380,Villa Dalmine,Villa San Carlos,0.0,0.0,0.0,0.0,,,,,,,,,Desconocido
1499928.0,Primera C,132,Argentina,Regular Season - 15,False,2026-06-06,8389,8396,Argentino Rosario,Lugano,2.0,1.0,1.0,0.0,,,,,,,,,Desconocido
1499929.0,Primera C,132,Argentina,Regular Season - 15,False,2026-06-06,1937,8374,Atletico Atlas,Fénix,1.0,1.0,1.0,1.0,,,,,,,,,Desconocido
1499932.0,Primera C,132,Argentina,Regular Season - 15,False,2026-06-06,8390,1940,Centro Español,Leandro N. Alem,3.0,0.0,2.0,0.0,,,,,,,,,Desconocido
1499933.0,Primera C,132,Argentina,Regular Season - 15,False,2026-06-06,8381,8391,Deportivo Español,Claypole,1.0,0.0,0.0,0.0,,,,,,,,,Desconocido
1499935.0,Primera C,132,Argentina,Regular Season - 15,False,2026-06-06,23099,1942,Estrella Del Sur,Sacachispas,0.0,0.0,0.0,0.0,,,,,,,,,Desconocido
1499937.0,Primera C,132,Argentina,Regular Season - 15,False,2026-06-06,8378,8397,JJ Urquiza,Puerto Nuevo,0.0,1.0,0.0,0.0,,,,,,,,,Desconocido
1500176.0,Primera C,132,Argentina,Regular Season - 15,False,2026-06-06,27282,1931,Leones de Rosario,Sportivo Barracas,2.0,0.0,0.0,0.0,,,,,,,,,Desconocido
1499938.0,Primera C,132,Argentina,Regular Season - 15,False,2026-06-06,18915,8394,Mercedes,Deportivo Paraguayo,0.0,0.0,0.0,0.0,,,,,,,,,Desconocido
1499940.0,Primera C,132,Argentina,Regular Season - 15,False,2026-06-06,8398,790,Yupanqui,Central Cordoba,2.0,1.0,0.0,0.0,,,,,,,,,Desconocido
1498577.0,Primera Nacional,129,Argentina,Regular Season - 17,False,2026-06-06,2425,1951,Acassuso,Central Norte,2.0,1.0,2.0,1.0,,,,,,,,,Desconocido
1498580.0,Primera Nacional,129,Argentina,Regular Season - 17,False,2026-06-06,1948,479,Atlanta,Gimnasia Jujuy,3.0,0.0,0.0,0.0,,,,,,,,,Desconocido
1498581.0,Primera Nacional,129,Argentina,Regular Season - 17,False,2026-06-06,465,8377,Atletico DE Rafaela,Colegiales,1.0,0.0,1.0,0.0,,,,,,,,,Desconocido
1498589.0,Primera Nacional,129,Argentina,Regular Season - 17,False,2026-06-06,483,1936,Los Andes,CA Estudiantes,0.0,0.0,0.0,0.0,,,,,,,,,Desconocido
1498592.0,Primera Nacional,129,Argentina,Regular Season - 17,False,2026-06-06,8379,1067,San Miguel,Defensores De Belgrano,0.0,0.0,0.0,0.0,,,,,,,,,Desconocido
1498594.0,Primera Nacional,129,Argentina,Regular Season - 17,False,2026-06-06,1965,482,Tristan Suarez,Almagro,0.0,0.0,0.0,0.0,,,,,,,,,Desconocido
1530371.0,Torneo Federal A,134,Argentina,Regular Season - 12,False,2026-06-06,25756,1953,Bartolomé Mitre,Sarmiento Resistencia,2.0,0.0,0.0,0.0,,,,,,,,,Desconocido
1530376.0,Torneo Federal A,134,Argentina,Regular Season - 12,False,2026-06-06,27572,467,Defensores de Vilelas,Boca Unidos,2.0,0.0,1.0,0.0,,,,,,,,,Desconocido
1548687.0,Torneo Promocional Amateur,1067,Argentina,Regular Season - 3,False,2026-06-06,27785,27786,Alumni Los Hornos,Buenos Aires City,0.0,0.0,0.0,0.0,,,,,,,,,Desconocido
1548688.0,Torneo Promocional Amateur,1067,Argentina,Regular Season - 2,False,2026-06-06,23103,23104,Juventud de Bernal,Nautico Hacoaj,0.0,2.0,0.0,0.0,,,,,,,,,Desconocido
1548691.0,Torneo Promocional Amateur,1067,Argentina,Regular Season - 3,False,2026-06-06,27788,23095,Las Mandarinas,Barrancas UMET,0.0,2.0,0.0,1.0,,,,,,,,,Desconocido
1548690.0,Torneo Promocional Amateur,1067,Argentina,Regular Season - 2,False,2026-06-06,23106,23097,SAT Moreno,Defensores Glew,1.0,0.0,0.0,0.0,,,,,,,,,Desconocido
1548692.0,Torneo Promocional Amateur,1067,Argentina,Regular Season - 3,False,2026-06-06,27796,27787,Uribelarrea,Control Orientado,2.0,1.0,1.0,1.0,,,,,,,,,Desconocido
1532569.0,NNSW League 1,1090,Australia,Regular Season - 9,False,2026-06-06,11194,11195,South Cardiff,West Wallsend,2.0,2.0,2.0,1.0,,,,,,,,,Desconocido
1532570.0,NNSW League 1,1090,Australia,Regular Season - 9,False,2026-06-06,23506,27618,Wallsend Red Devils,Newcastle Croatia FC,4.0,2.0,1.0,1.0,,,,,,,,,Desconocido
1517557.0,New South Wales NPL,192,Australia,Regular Season - 18,False,2026-06-06,3764,3767,APIA Leichhardt Tigers,Manly United,2.0,0.0,1.0,0.0,,,,,,,,,Desconocido
1517663.0,New South Wales NPL,192,Australia,Regular Season - 18,False,2026-06-06,16777,22854,SD Raiders,UNSW,2.0,0.0,1.0,0.0,,,,,,,,,Desconocido
1517559.0,New South Wales NPL,192,Australia,Regular Season - 18,False,2026-06-06,16778,3774,St George City FA,Sydney Olympic,1.0,1.0,0.0,0.0,,,,,,,,,Desconocido
1517558.0,New South Wales NPL,192,Australia,Regular Season - 18,False,2026-06-06,16779,3771,St. George Saints,Sutherland Sharks,1.0,2.0,0.0,1.0,,,,,,,,,Desconocido
1517556.0,New South Wales NPL,192,Australia,Regular Season - 18,False,2026-06-06,14025,3776,Western Sydney Wanderers U23,Sydney United,0.0,2.0,0.0,1.0,,,,,,,,,Desconocido
1517780.0,New South Wales NPL 2,835,Australia,Regular Season - 18,False,2026-06-06,20790,16776,Bankstown City Lions,Northern Tigers,1.0,1.0,1.0,1.0,,,,,,,,,Desconocido
1517782.0,New South Wales NPL 2,835,Australia,Regular Season - 18,False,2026-06-06,20793,16772,Dulwich Hill,Central Coast II,1.0,1.0,0.0,1.0,,,,,,,,,Desconocido
1517779.0,New South Wales NPL 2,835,Australia,Regular Season - 18,False,2026-06-06,3766,16771,Hakoah Sydney City,Blacktown Spartans,2.0,1.0,1.0,1.0,,,,,,,,,Desconocido
1517892.0,New South Wales NPL 2,835,Australia,Regular Season - 18,False,2026-06-06,20795,27462,Inter Lions,Hurstville FC,2.0,1.0,0.0,0.0,,,,,,,,,Desconocido
1517784.0,New South Wales NPL 2,835,Australia,Regular Season - 18,False,2026-06-06,3769,20791,Mt Druitt Town,Canterbury Bankstown,1.0,1.0,1.0,1.0,,,,,,,,,Desconocido
1517891.0,New South Wales NPL 2,835,Australia,Regular Season - 18,False,2026-06-06,11187,27463,Newcastle Jets II,Prospect United,2.0,2.0,1.0,1.0,,,,,,,,,Desconocido
1517783.0,New South Wales NPL 2,835,Australia,Regular Season - 18,False,2026-06-06,20797,20796,Rydalmere Lions,Macarthur Rams,0.0,1.0,0.0,0.0,,,,,,,,,Desconocido
1523753.0,Northern NSW NPL,481,Australia,Regular Season - 13,False,2026-06-06,10209,10202,Valentine,Broadmeadow Magic,1.0,1.0,0.0,0.0,,,,,,,,,Desconocido
1549285.0,Npl Nsw U20,1230,Australia,Regular Season - 18,False,2026-06-06,27801,27803,APIA Leichhardt U20,Manly Utd U20,4.0,0.0,2.0,0.0,,,,,,,,,Desconocido
1549290.0,Npl Nsw U20,1230,Australia,Regular Season - 18,False,2026-06-06,27802,27806,Blacktown City U20,Rockdale Ilinden U20,2.0,4.0,1.0,1.0,,,,,,,,,Desconocido
1549291.0,Npl Nsw U20,1230,Australia,Regular Season - 18,False,2026-06-06,27804,27816,Marconi S. U20,Wollongong Wolves U20,0.0,1.0,0.0,0.0,,,,,,,,,Desconocido
1549289.0,Npl Nsw U20,1230,Australia,Regular Season - 18,False,2026-06-06,27807,27814,SD Raiders U20,UNSW U20,1.0,0.0,1.0,0.0,,,,,,,,,Desconocido
1549286.0,Npl Nsw U20,1230,Australia,Regular Season - 18,False,2026-06-06,27808,27810,St George Saints U20,Sutherland Sharks U20,1.0,4.0,0.0,2.0,,,,,,,,,Desconocido
1549287.0,Npl Nsw U20,1230,Australia,Regular Season - 18,False,2026-06-06,27809,27812,St. George City U20,Sydney Olympic U20,4.0,2.0,1.0,1.0,,,,,,,,,Desconocido
1549288.0,Npl Nsw U20,1230,Australia,Regular Season - 18,False,2026-06-06,27815,27813,WS Wanderers U20,Sydney Utd U20,1.0,5.0,0.0,3.0,,,,,,,,,Desconocido
1524050.0,Queensland NPL,482,Australia,Regular Season - 14,False,2026-06-06,10211,10217,Brisbane City,Lions,0.0,4.0,0.0,3.0,,,,,,,,,Desconocido
1524049.0,Queensland NPL,482,Australia,Regular Season - 14,False,2026-06-06,25449,10212,Magic United,Brisbane Roar II,2.0,1.0,1.0,1.0,,,,,,,,,Desconocido
1524051.0,Queensland NPL,482,Australia,Regular Season - 14,False,2026-06-06,11182,10221,Rochedale Rovers,Peninsula Power,0.0,2.0,0.0,1.0,,,,,,,,,Desconocido
1524216.0,Queensland Premier League,833,Australia,Regular Season - 14,False,2026-06-06,10213,27512,Brisbane Strikers,Robina City,3.0,0.0,1.0,0.0,,,,,,,,,Desconocido
1524155.0,Queensland Premier League,833,Australia,Regular Season - 14,False,2026-06-06,20850,11178,Broadbeach United,Holland Park Hawks,1.0,0.0,1.0,0.0,,,,,,,,,Desconocido
1524156.0,Queensland Premier League,833,Australia,Regular Season - 14,False,2026-06-06,3756,22895,Caboolture,Ipswich,1.0,2.0,1.0,0.0,,,,,,,,,Desconocido
1524217.0,Queensland Premier League,833,Australia,Regular Season - 14,False,2026-06-06,10223,9992,SC Wanderers,North Star,1.0,0.0,1.0,0.0,,,,,,,,,Desconocido
1527075.0,South Australia NPL,194,Australia,Regular Season - 13,False,2026-06-06,3791,3794,Campbelltown City,Para Hills Knights,3.0,0.0,0.0,0.0,,,,,,,,,Desconocido
1527076.0,South Australia NPL,194,Australia,Regular Season - 13,False,2026-06-06,16770,3793,FK Beograd,MetroStars,1.0,2.0,0.0,2.0,,,,,,,,,Desconocido
1527074.0,South Australia NPL,194,Australia,Regular Season - 13,False,2026-06-06,16768,3786,Playford City Patriots,Adelaide Comets,2.0,2.0,0.0,2.0,,,,,,,,,Desconocido
1527315.0,South Australia State League 1,834,Australia,Regular Season - 13,False,2026-06-06,3784,3787,Adelaide Blue Eagles,Adelaide Olympic,1.0,2.0,0.0,1.0,,,,,,,,,Desconocido
1527378.0,South Australia State League 1,834,Australia,Regular Season - 13,False,2026-06-06,16765,10009,Adelaide Victory,Cumberland United,2.0,1.0,1.0,0.0,,,,,,,,,Desconocido
1527314.0,South Australia State League 1,834,Australia,Regular Season - 13,False,2026-06-06,22807,3788,Salisbury United,Adelaide Raiders,4.0,3.0,2.0,0.0,,,,,,,,,Desconocido
1527316.0,South Australia State League 1,834,Australia,Regular Season - 13,False,2026-06-06,3795,16763,South Adelaide Panthers,Adelaide Cobras,0.0,2.0,0.0,1.0,,,,,,,,,Desconocido
1521954.0,Victoria NPL,195,Australia,Regular Season - 16,False,2026-06-06,3801,21921,Dandenong Thunder,Sunshine Georgies,2.0,3.0,0.0,1.0,,,,,,,,,Desconocido
1522122.0,Victoria NPL 2,836,Australia,Regular Season - 16,False,2026-06-06,16784,20784,Manningham United Blues,Western United II,3.0,4.0,1.0,2.0,,,,,,,,,Desconocido
1522120.0,Victoria NPL 2,836,Australia,Regular Season - 16,False,2026-06-06,25418,3807,North Sunshine Eagles,Melbourne Knights,1.0,1.0,1.0,1.0,,,,,,,,,Desconocido
1522121.0,Victoria NPL 2,836,Australia,Regular Season - 16,False,2026-06-06,3810,16780,Port Melbourne,Brunswick City,1.0,3.0,1.0,3.0,,,,,,,,,Desconocido
1541314.0,Victoria Premier League 2,1226,Australia,Regular Season - 16,False,2026-06-06,27693,16782,Altona City,Goulburn Valley Suns,1.0,1.0,0.0,0.0,,,,,,,,,Desconocido
1541358.0,Victoria Premier League 2,1226,Australia,Regular Season - 16,False,2026-06-06,27694,3806,Bayside Argonauts,Kingston City,5.0,0.0,4.0,0.0,,,,,,,,,Desconocido
1527209.0,Western Australia NPL,196,Australia,Regular Season - 13,False,2026-06-06,3812,21025,Armadale,Fremantle City,2.0,1.0,1.0,1.0,,,,,,,,,Desconocido
1527208.0,Western Australia NPL,196,Australia,Regular Season - 13,False,2026-06-06,3813,3823,Balcatta,Sorrento,0.0,3.0,0.0,1.0,,,,,,,,,Desconocido
1527206.0,Western Australia NPL,196,Australia,Regular Season - 13,False,2026-06-06,3820,20890,Perth Glory II,Olympic Kingsway,1.0,2.0,1.0,2.0,,,,,,,,,Desconocido
1527207.0,Western Australia NPL,196,Australia,Regular Season - 13,False,2026-06-06,18732,23196,Perth RedStar,Western Knights,2.0,1.0,0.0,0.0,,,,,,,,,Desconocido
1535493.0,Western Australia State League 1,1094,Australia,Regular Season - 11,False,2026-06-06,3815,21034,Cockburn City,Subiaco,2.0,1.0,2.0,0.0,,,,,,,,,Desconocido
1535490.0,Western Australia State League 1,1094,Australia,Regular Season - 11,False,2026-06-06,3818,25700,Inglewood United,Curtin University,1.0,0.0,0.0,0.0,,,,,,,,,Desconocido
1535494.0,Western Australia State League 1,1094,Australia,Regular Season - 11,False,2026-06-06,23531,27636,Kingsley Westside,Quinns FC,7.0,0.0,3.0,0.0,,,,,,,,,Desconocido
1535491.0,Western Australia State League 1,1094,Australia,Regular Season - 11,False,2026-06-06,23532,22493,Murdoch Melville,Mandurah City,1.0,2.0,0.0,0.0,,,,,,,,,Desconocido
1535492.0,Western Australia State League 1,1094,Australia,Regular Season - 11,False,2026-06-06,23533,25701,UWA Nedlands,Joondalup City,1.0,1.0,0.0,1.0,,,,,,,,,Desconocido
1463946.0,Landesliga - Burgenland,224,Austria,Burgenland - 30,True,2026-06-06,26566,4988,Eberau,Bad Sauerbrunn,1.0,3.0,1.0,1.0,,,,,,,,,Desconocido
1463944.0,Landesliga - Burgenland,224,Austria,Burgenland - 30,True,2026-06-06,21724,8262,Edelserpentin,Deutschkreutz,1.0,5.0,1.0,1.0,,,,,,,,,Desconocido
1463947.0,Landesliga - Burgenland,224,Austria,Burgenland - 30,True,2026-06-06,21725,4983,Halbturn,Siegendorf,1.0,4.0,0.0,3.0,,,,,,,,,Desconocido
1463949.0,Landesliga - Burgenland,224,Austria,Burgenland - 30,True,2026-06-06,8265,8267,Horitschon,Kohfidisch,4.0,3.0,1.0,2.0,,,,,,,,,Desconocido
1463945.0,Landesliga - Burgenland,224,Austria,Burgenland - 30,True,2026-06-06,8266,24464,Klingenbach,SK Pama,3.0,1.0,2.0,1.0,,,,,,,,,Desconocido
1463948.0,Landesliga - Burgenland,224,Austria,Burgenland - 30,True,2026-06-06,8268,26567,Leithaprodersdorf,Neudorf / Parn,1.0,2.0,1.0,2.0,,,,,,,,,Desconocido
1463943.0,Landesliga - Burgenland,224,Austria,Burgenland - 30,True,2026-06-06,24463,19684,Mattersburg 2020,Jennersdorf,2.0,0.0,1.0,0.0,,,,,,,,,Desconocido
1463950.0,Landesliga - Burgenland,224,Austria,Burgenland - 30,True,2026-06-06,26568,8272,Oberpullendorf,St. Margarethen / Bur,2.0,3.0,1.0,0.0,,,,,,,,,Desconocido
1464659.0,Landesliga - Oberosterreich,227,Austria,Oberösterreich - 29,True,2026-06-06,19191,19192,Bad Ischl,Ostermiething,2.0,0.0,1.0,0.0,,,,,,,,,Desconocido
1464656.0,Landesliga - Oberosterreich,227,Austria,Oberösterreich - 29,True,2026-06-06,4979,8297,Oedt,Grün Weiß Micheldorf,5.0,1.0,,,,,,,,,,,Desconocido
1464661.0,Landesliga - Oberosterreich,227,Austria,Oberösterreich - 29,True,2026-06-06,8299,8296,Pregarten,Friedburg / Pöndorf,1.0,2.0,,,,,,,,,,,Desconocido
1464662.0,Landesliga - Oberosterreich,227,Austria,Oberösterreich - 29,True,2026-06-06,1406,8298,SK Vorwarts Steyr,Mondsee,1.0,4.0,0.0,1.0,,,,,,,,,Desconocido
1464657.0,Landesliga - Oberosterreich,227,Austria,Oberösterreich - 29,True,2026-06-06,4963,8294,Union Edelweiß,Bad Schallerbach,0.0,0.0,0.0,0.0,,,,,,,,,Desconocido
1464660.0,Landesliga - Oberosterreich,227,Austria,Oberösterreich - 29,True,2026-06-06,8304,8302,Union Perg,St. Martin i.M.,5.0,1.0,,,,,,,,,,,Desconocido
1464658.0,Landesliga - Oberosterreich,227,Austria,Oberösterreich - 29,True,2026-06-06,21728,4964,Vortuna Bad Leonfelden,Union Vöcklamarkt,5.0,1.0,,,,,,,,,,,Desconocido
1464655.0,Landesliga - Oberosterreich,227,Austria,Oberösterreich - 29,True,2026-06-06,8305,26573,Weißkirchen / Allhaming,Gschwandt,3.0,3.0,,,,,,,,,,,Desconocido
1464896.0,Landesliga - Salzburg,228,Austria,Salzburg - 29,True,2026-06-06,10164,8309,Anif,Bramberg,4.0,1.0,,,,,,,,,,,Desconocido
1464897.0,Landesliga - Salzburg,228,Austria,Salzburg - 29,True,2026-06-06,8310,8313,Bürmoos,Hallwang,5.0,0.0,,,,,,,,,,,Desconocido
1464901.0,Landesliga - Salzburg,228,Austria,Salzburg - 29,True,2026-06-06,8314,11215,Neumarkt,Salzburger AK,2.0,3.0,2.0,2.0,,,,,,,,,Desconocido
1464902.0,Landesliga - Salzburg,228,Austria,Salzburg - 29,True,2026-06-06,8315,8311,Puch,Eugendorf,2.0,1.0,1.0,0.0,,,,,,,,,Desconocido
1464898.0,Landesliga - Salzburg,228,Austria,Salzburg - 29,True,2026-06-06,19190,4974,SV Schwarzach,Grödig,0.0,3.0,0.0,2.0,,,,,,,,,Desconocido
1464895.0,Landesliga - Salzburg,228,Austria,Salzburg - 29,True,2026-06-06,15138,21727,Siezenheim,Union Henndorf,3.0,1.0,1.0,1.0,,,,,,,,,Desconocido
1464899.0,Landesliga - Salzburg,228,Austria,Salzburg - 29,True,2026-06-06,4985,26574,Straßwalchen,Anthering,4.0,1.0,3.0,1.0,,,,,,,,,Desconocido
1464900.0,Landesliga - Salzburg,228,Austria,Salzburg - 29,True,2026-06-06,8316,19315,Thalgau,UFC Hallein,1.0,5.0,1.0,4.0,,,,,,,,,Desconocido
1465323.0,Landesliga - Tirol,230,Austria,Tirol - 25,True,2026-06-06,8334,8342,Ebbs,Silz / Mötz,2.0,1.0,0.0,1.0,,,,,,,,,Desconocido
1465322.0,Landesliga - Tirol,230,Austria,Tirol - 25,True,2026-06-06,8335,8336,Fügen,Kematen,6.0,1.0,4.0,1.0,,,,,,,,,Desconocido
1465321.0,Landesliga - Tirol,230,Austria,Tirol - 25,True,2026-06-06,8339,8343,Mils,St. Johann in Tirol,0.0,3.0,,,,,,,,,,,Desconocido
1465325.0,Landesliga - Tirol,230,Austria,Tirol - 25,True,2026-06-06,19308,8347,Oberperfuss,Volders,4.0,0.0,1.0,0.0,,,,,,,,,Desconocido
1465320.0,Landesliga - Tirol,230,Austria,Tirol - 25,True,2026-06-06,12875,17203,Telfs,Innsbrucker AC,1.0,2.0,,,,,,,,,,,Desconocido
1465324.0,Landesliga - Tirol,230,Austria,Tirol - 25,True,2026-06-06,8348,8344,Völs,Swarovski Tirol II,2.0,2.0,,,,,,,,,,,Desconocido
1465319.0,Landesliga - Tirol,230,Austria,Tirol - 25,True,2026-06-06,4999,8338,Wörgl,Kundl,2.0,2.0,,,,,,,,,,,Desconocido
1465504.0,Landesliga - Vorarlbergliga,231,Austria,Vorarlberg - 25,True,2026-06-06,8350,4991,Admira Dornbirn,Hard,1.0,3.0,0.0,1.0,,,,,,,,,Desconocido
1465502.0,Landesliga - Vorarlbergliga,231,Austria,Vorarlberg - 25,True,2026-06-06,8354,8254,Blau-Weiß Feldkirch,Austria Lustenau II,1.0,6.0,1.0,3.0,,,,,,,,,Desconocido
1465507.0,Landesliga - Vorarlbergliga,231,Austria,Vorarlberg - 25,True,2026-06-06,8355,8353,FC Egg,Bizau,2.0,0.0,1.0,0.0,,,,,,,,,Desconocido
1465501.0,Landesliga - Vorarlbergliga,231,Austria,Vorarlberg - 25,True,2026-06-06,8357,4973,Göfis,Dornbirner SV,4.0,5.0,2.0,4.0,,,,,,,,,Desconocido
1465506.0,Landesliga - Vorarlbergliga,231,Austria,Vorarlberg - 25,True,2026-06-06,15137,4968,Rotenberg,Wolfurt,1.0,2.0,1.0,0.0,,,,,,,,,Desconocido
1465505.0,Landesliga - Vorarlbergliga,231,Austria,Vorarlberg - 25,True,2026-06-06,8258,8359,Röthis,Lochau,2.0,1.0,1.0,1.0,,,,,,,,,Desconocido
1418143.0,Regionalliga - Ost,221,Austria,Ost - 34,True,2026-06-06,4941,4965,Gloggnitz,Wiener SC,1.0,6.0,1.0,5.0,,,,,,,,,Desconocido
1418147.0,Regionalliga - Ost,221,Austria,Ost - 34,True,2026-06-06,8288,8367,Retz,Favoritner AC,2.0,1.0,0.0,0.0,,,,,,,,,Desconocido
1398954.0,Regionalliga - West,223,Austria,West - 33,True,2026-06-06,4948,8361,Kufstein,Lustenau,4.0,1.0,3.0,0.0,,,,,,,,,Desconocido
1398956.0,Regionalliga - West,223,Austria,West - 33,True,2026-06-06,4957,14709,Schwaz,Imst,1.0,2.0,0.0,1.0,,,,,,,,,Desconocido
1398957.0,Regionalliga - West,223,Austria,West - 33,True,2026-06-06,4958,8261,Seekirchen,Wals-Grünau,4.0,2.0,2.0,1.0,,,,,,,,,Desconocido
1534322.0,1. Division,117,Belarus,Regular Season - 10,False,2026-06-06,11266,18857,Dinamo Minsk II,Uni Minsk,2.0,1.0,1.0,1.0,,,,,,,,,Desconocido
1534323.0,1. Division,117,Belarus,Regular Season - 10,False,2026-06-06,3387,3395,Lida,Volna,2.0,4.0,1.0,0.0,,,,,,,,,Desconocido
1534324.0,1. Division,117,Belarus,Regular Season - 10,False,2026-06-06,11249,7802,Minsk II,Bumprom,1.0,1.0,0.0,0.0,,,,,,,,,Desconocido
1534326.0,1. Division,117,Belarus,Regular Season - 10,False,2026-06-06,4273,3393,Osipovichy,Smorgon,0.0,5.0,0.0,1.0,,,,,,,,,Desconocido
1534327.0,1. Division,117,Belarus,Regular Season - 10,False,2026-06-06,13149,23272,Ostrovets FC,BATE II,0.0,0.0,0.0,0.0,,,,,,,,,Desconocido
1522979.0,Championnat National,415,Benin,Regular Season - 32,False,2026-06-06,16418,18113,AS Cotonou,Coton Sport Ouidah,0.0,1.0,0.0,0.0,,,,,,,,,Desconocido
1522981.0,Championnat National,415,Benin,Regular Season - 32,False,2026-06-06,5468,16421,AS Sobemap,Dadjè,2.0,1.0,1.0,1.0,,,,,,,,,Desconocido
1522980.0,Championnat National,415,Benin,Regular Season - 32,False,2026-06-06,5453,5454,ASPAC,ASVO,2.0,0.0,1.0,0.0,,,,,,,,,Desconocido
1522982.0,Championnat National,415,Benin,Regular Season - 32,False,2026-06-06,20668,16420,Bani Gansè,Cavaliers,2.0,4.0,1.0,1.0,,,,,,,,,Desconocido
1522983.0,Championnat National,415,Benin,Regular Season - 32,False,2026-06-06,16422,5457,Damissa,Buffles,0.0,2.0,0.0,2.0,,,,,,,,,Desconocido
1522984.0,Championnat National,415,Benin,Regular Season - 32,False,2026-06-06,16427,5460,Hodio,Dynamo Abomey,0.0,1.0,0.0,0.0,,,,,,,,,Desconocido
1522985.0,Championnat National,415,Benin,Regular Season - 32,False,2026-06-06,5464,18114,JSP,Loto Popo,1.0,1.0,1.0,1.0,,,,,,,,,Desconocido
1522986.0,Championnat National,415,Benin,Regular Season - 32,False,2026-06-06,25025,16425,Kraké,Espoir Savalou,2.0,2.0,2.0,2.0,,,,,,,,,Desconocido
1449475.0,1st League - FBiH,316,Bosnia,FBiH - 26,True,2026-06-06,3356,3363,GOŠK Gabela,Čelik,1.0,1.0,0.0,0.0,,,,,,,,,Desconocido
1543642.0,Baiano - 2,613,Brazil,Regular Season - 6,False,2026-06-06,16670,1225,Camaçari,Vitoria Da Conquista,2.0,5.0,2.0,3.0,,,,,,,,,Desconocido
1549388.0,Baiano U20,1073,Brazil,Round of 16,True,2026-06-06,23274,18326,Atlético Alagoinhas U20,Camaçariense U20,0.0,1.0,0.0,1.0,,,,,,,,,Desconocido
1549389.0,Baiano U20,1073,Brazil,Round of 16,True,2026-06-06,23278,25813,Estrela De Marco U20,Fluminense de Feira U20,1.0,0.0,,,,,,,,,,,Desconocido
1549390.0,Baiano U20,1073,Brazil,Round of 16,True,2026-06-06,23279,13072,Grapiuna U20,Vitória U20,1.0,2.0,,,,,,,,,,,Desconocido
1549391.0,Baiano U20,1073,Brazil,Round of 16,True,2026-06-06,20760,12954,Juazeirense U20,Bahia U20,1.0,1.0,,,,,,,,,,,Desconocido
1549392.0,Baiano U20,1073,Brazil,Round of 16,True,2026-06-06,13073,13017,Vitória da Conquista U20,Jacuipense U20,0.0,2.0,,,,,,,,,,,Desconocido
1576772.0,Brasiliense U20,1100,Brazil,Regular Season - 4,False,2026-06-06,20752,27754,Ceilândia U20,Brasília U20,4.0,2.0,2.0,1.0,,,,,,,,,Desconocido
1549878.0,Brasiliense U20,1100,Brazil,Regular Season - 4,False,2026-06-06,13000,16737,Cruzeiro U20,Planaltina DF U20,1.0,5.0,0.0,4.0,,,,,,,,,Desconocido
1576757.0,Brasiliense U20,1100,Brazil,Regular Season - 4,False,2026-06-06,12960,23616,Gama U20,Samambaia U20,0.0,1.0,0.0,0.0,,,,,,,,,Desconocido
1549877.0,Brasiliense U20,1100,Brazil,Regular Season - 4,False,2026-06-06,18346,25932,Real Brasília U20,Santa Maria U20,3.0,0.0,0.0,0.0,,,,,,,,,Desconocido
1576773.0,Brasiliense U20,1100,Brazil,Regular Season - 4,False,2026-06-06,18353,16472,Taguatinga U20,Planaltina U20,0.0,1.0,0.0,0.0,,,,,,,,,Desconocido
1543274.0,Carioca A2,851,Brazil,1st Phase - 7,True,2026-06-06,2203,13107,Americano Campos,Audax Rio,3.0,1.0,2.0,0.0,,,,,,,,,Desconocido
1543277.0,Carioca A2,851,Brazil,1st Phase - 7,True,2026-06-06,17738,13117,Pérolas Negras,Serrano RJ,2.0,1.0,0.0,0.0,,,,,,,,,Desconocido
1543276.0,Carioca A2,851,Brazil,1st Phase - 7,True,2026-06-06,4857,20006,Resende,CEAC / Araruama,1.0,0.0,0.0,0.0,,,,,,,,,Desconocido
1543275.0,Carioca A2,851,Brazil,1st Phase - 7,True,2026-06-06,13118,13114,São Gonçalo EC RJ,Olaria,0.0,0.0,0.0,0.0,,,,,,,,,Desconocido
1539792.0,Catarinense U20,1076,Brazil,Regular Season - 1,False,2026-06-06,23322,12995,Brusque U20,Chapecoense U20,2.0,4.0,0.0,0.0,,,,,,,,,Desconocido
1548056.0,Cearense - 2,620,Brazil,Final,True,2026-06-06,15506,7874,Itapipoca,Icasa,0.0,0.0,0.0,0.0,,,,,,,,,Desconocido
1540194.0,Cearense U20,1112,Brazil,Regular Season - 5,False,2026-06-06,23724,23720,Caucaia U20,Alianca U20,0.0,0.0,0.0,0.0,,,,,,,,,Desconocido
1540216.0,Cearense U20,1112,Brazil,Regular Season - 5,False,2026-06-06,23726,27677,Ferroviario U20,Tiangua CE U20,2.0,1.0,0.0,0.0,,,,,,,,,Desconocido
1540191.0,Cearense U20,1112,Brazil,Regular Season - 5,False,2026-06-06,20764,16471,Tirol U20,Floresta CE U20,1.0,1.0,0.0,1.0,,,,,,,,,Desconocido
1540217.0,Cearense U20,1112,Brazil,Regular Season - 5,False,2026-06-06,27678,27676,Vila Real FC U20,Juazeiro EC U20,5.0,0.0,2.0,0.0,,,,,,,,,Desconocido
1542055.0,Copa Espírito Santo,1097,Brazil,1st Phase - 7,True,2026-06-06,20717,23568,Porto Vitória,Sport Brasil ES,3.0,0.0,0.0,0.0,,,,,,,,,Desconocido
1542053.0,Copa Espírito Santo,1097,Brazil,1st Phase - 7,True,2026-06-06,10690,2225,Rio Branco ES,Serra Talhada,1.0,0.0,1.0,0.0,,,,,,,,,Desconocido
1542062.0,Copa Espírito Santo,1097,Brazil,1st Phase - 7,True,2026-06-06,15609,27711,Vilavelhense,Audax São Mateus,2.0,0.0,1.0,0.0,,,,,,,,,Desconocido
1542054.0,Copa Espírito Santo,1097,Brazil,1st Phase - 7,True,2026-06-06,7837,12929,Vitória ES,Rio Branco-VN,0.0,1.0,0.0,0.0,,,,,,,,,Desconocido
1547222.0,Copa do Nordeste,612,Brazil,Final,True,2026-06-06,136,154,Vitoria,Fortaleza EC,2.0,1.0,0.0,1.0,,,,,,,,,R. Pereira
1546352.0,Estadual Junior U20,1143,Brazil,Quarter-finals,True,2026-06-06,24937,12972,Ypiranga Erechim U20,São José PA U20,1.0,3.0,0.0,0.0,,,,,,,,,Desconocido
1548059.0,Goiano U20,1069,Brazil,Semi-finals,True,2026-06-06,12986,13070,Atlético GO U20,Vila Nova U20,3.0,2.0,1.0,1.0,,,,,,,,,Desconocido
1544780.0,Maranhense - 2,1148,Brazil,Regular Season - 2,False,2026-06-06,7773,15607,Cordino,Timon MA,0.0,1.0,0.0,1.0,,,,,,,,,Desconocido
1547668.0,Mineiro - 2,619,Brazil,Regular Season - 2,False,2026-06-06,16751,7869,Aymorés,Villa Nova,2.0,1.0,1.0,0.0,,,,,,,,,Desconocido
1547669.0,Mineiro - 2,619,Brazil,Regular Season - 2,False,2026-06-06,12296,7824,Guarani MG,CAP,0.0,2.0,0.0,1.0,,,,,,,,,Desconocido
1547667.0,Mineiro - 2,619,Brazil,Regular Season - 2,False,2026-06-06,12277,13081,Ipatinga,Democrata SL,1.0,5.0,0.0,2.0,,,,,,,,,Desconocido
1536155.0,Mineiro U20,1107,Brazil,Regular Season - 9,False,2026-06-06,12981,20758,América Mineiro U20,Inter de Minas U20,3.0,1.0,1.0,1.0,,,,,,,,,Desconocido
1536153.0,Mineiro U20,1107,Brazil,Regular Season - 9,False,2026-06-06,23643,25889,Athletic Club MG U20,Itabirito U20,0.0,1.0,0.0,0.0,,,,,,,,,Desconocido
1536158.0,Mineiro U20,1107,Brazil,Regular Season - 9,False,2026-06-06,27640,13000,Uberabinha U20,Cruzeiro U20,0.0,1.0,0.0,1.0,,,,,,,,,Desconocido
1536156.0,Mineiro U20,1107,Brazil,Regular Season - 9,False,2026-06-06,25892,27643,Villa Real U20,Nacional de Muriae U20,0.0,0.0,0.0,0.0,,,,,,,,,Desconocido
1549924.0,Paraibano U20,1120,Brazil,Regular Season - 5,False,2026-06-06,24040,24045,Grêmio Serrano U20,Sabugy U20,2.0,0.0,1.0,0.0,,,,,,,,,Desconocido
1549923.0,Paraibano U20,1120,Brazil,Regular Season - 5,False,2026-06-06,24041,24036,Guarabira U20,Auto Esporte PB U20,0.0,1.0,0.0,0.0,,,,,,,,,Desconocido
1549925.0,Paraibano U20,1120,Brazil,Regular Season - 5,False,2026-06-06,24048,24037,Spartax U20,Cruzeiro Itaporanga U20,0.0,6.0,,,,,,,,,,,Desconocido
1549926.0,Paraibano U20,1120,Brazil,Regular Season - 5,False,2026-06-06,24049,12997,Sport PB U20,Confiança PB U20,0.0,6.0,0.0,0.0,,,,,,,,,Desconocido
1549927.0,Paraibano U20,1120,Brazil,Regular Season - 5,False,2026-06-06,24050,24047,Treze U20,Sousa U20,2.0,0.0,,,,,,,,,,,Desconocido
1546344.0,Paranaense - 2,614,Brazil,Final,True,2026-06-06,122,23308,Parana,Paranavaí,0.0,0.0,0.0,0.0,,,,,,,,,Desconocido
1546573.0,Paranaense U20,1071,Brazil,Semi-finals,True,2026-06-06,27555,22841,City London U20,Patriotas U20,0.0,0.0,0.0,0.0,,,,,,,,,Desconocido
1547246.0,Paulista - U20,1086,Brazil,Regular Season - 2,False,2026-06-06,23483,13063,Porto Football U20,Tanabi SP U20,0.0,0.0,0.0,0.0,,,,,,,,,Desconocido
1541206.0,Paulista Série B,1098,Brazil,Regular Season - 8,False,2026-06-06,22945,23582,America SP,Tupa,3.0,1.0,1.0,1.0,,,,,,,,,Desconocido
1541208.0,Paulista Série B,1098,Brazil,Regular Season - 8,False,2026-06-06,23571,23579,Barcelona EC,Mauaense,0.0,2.0,0.0,1.0,,,,,,,,,Desconocido
1541267.0,Paulista Série B,1098,Brazil,Regular Season - 8,False,2026-06-06,23577,27686,Manthiqueira,Itaquá Athletico Clube,0.0,2.0,0.0,0.0,,,,,,,,,Desconocido
1541207.0,Paulista Série B,1098,Brazil,Regular Season - 8,False,2026-06-06,23578,23583,Maua,Uniao Mogi,0.0,0.0,0.0,0.0,,,,,,,,,Desconocido
1520713.0,Serie B,72,Brazil,Regular Season - 12,False,2026-06-06,140,148,Criciuma,Londrina,1.0,0.0,1.0,0.0,,,,,,,,,P. Vollkopf
1538033.0,Serie D,76,Brazil,Regular Season - 10,False,2026-06-06,13104,10018,América RJ,Água Santa,1.0,0.0,0.0,0.0,,,,,,,,,Desconocido
1537820.0,Serie D,76,Brazil,Regular Season - 5,False,2026-06-06,13097,7787,Decisão,Treze,1.0,1.0,0.0,1.0,,,,,,,,,Desconocido
1538047.0,Serie D,76,Brazil,Regular Season - 10,False,2026-06-06,2213,15611,Imperatriz,Tuna Luso,4.0,0.0,2.0,0.0,,,,,,,,,Desconocido
1538052.0,Serie D,76,Brazil,Regular Season - 10,False,2026-06-06,7780,13084,Madureira,Pouso Alegre,1.0,0.0,0.0,0.0,,,,,,,,,Desconocido
1538062.0,Serie D,76,Brazil,Regular Season - 10,False,2026-06-06,1214,7835,Portuguesa,Portuguesa RJ,2.0,0.0,0.0,0.0,,,,,,,,,Desconocido
1538073.0,Serie D,76,Brazil,Regular Season - 10,False,2026-06-06,7878,10858,Tocantinópolis,Oratório,7.0,1.0,3.0,0.0,,,,,,,,,Desconocido
1538075.0,Serie D,76,Brazil,Regular Season - 10,False,2026-06-06,7868,7879,Trem,Águia de Marabá,2.0,0.0,0.0,0.0,,,,,,,,,Desconocido
1547527.0,Elite Two,813,Cameroon,Relegation Group - 1,False,2026-06-06,16525,22588,FAP,Bafmeng United,1.0,0.0,0.0,0.0,,,,,,,,,Desconocido
1547528.0,Elite Two,813,Cameroon,Relegation Group - 1,False,2026-06-06,16527,5557,Foncha ST,Bamboutos,0.0,0.0,0.0,0.0,,,,,,,,,Desconocido
1547529.0,Elite Two,813,Cameroon,Relegation Group - 1,False,2026-06-06,10153,5413,Tonnerre,Union Douala,3.0,0.0,2.0,0.0,,,,,,,,,Desconocido
1547530.0,Elite Two,813,Cameroon,Relegation Group - 1,False,2026-06-06,5558,27458,Yafoot,Sable,1.0,1.0,1.0,0.0,,,,,,,,,Desconocido
1517295.0,Canadian Premier League,479,Canada,Group Stage,False,2026-06-06,2619,2621,Cavalry FC,HFX Wanderers FC,2.0,0.0,0.0,0.0,,,,,,,,,S. Noshinravani
1517294.0,Canadian Premier League,479,Canada,Group Stage,False,2026-06-06,27461,2622,Supra du Quebec,Pacific FC,1.0,1.0,0.0,1.0,,,,,,,,,C. Shaw-MacLaren
1540360.0,Copa De La Liga,1220,Chile,Group Stage - 6,False,2026-06-06,2337,2324,Nublense,Universidad de Concepcion,2.0,1.0,1.0,0.0,,,,,,,,,Desconocido
1540361.0,Copa De La Liga,1220,Chile,Group Stage - 6,False,2026-06-06,2994,2331,U. Catolica,Cobresal,5.0,1.0,1.0,1.0,,,,,,,,,Desconocido
1511605.0,Primera B,266,Chile,Regular Season - 15,False,2026-06-06,2342,2332,D. Puerto Montt,Cobreloa,1.0,1.0,0.0,0.0,,,,,,,,,Desconocido
1511602.0,Primera B,266,Chile,Regular Season - 15,False,2026-06-06,2343,2333,Deportes Copiapo,Santiago Wanderers,1.0,0.0,1.0,0.0,,,,,,,,,Desconocido
1511603.0,Primera B,266,Chile,Regular Season - 15,False,2026-06-06,2319,5644,Deportes Iquique,Recoleta,1.0,1.0,1.0,0.0,,,,,,,,,Desconocido
1511606.0,Primera B,266,Chile,Regular Season - 15,False,2026-06-06,2344,2346,Rangers de Talca,Deportes Santa Cruz,0.0,1.0,0.0,0.0,,,,,,,,,Desconocido
1531889.0,Segunda División,711,Chile,Regular Season - 10,False,2026-06-06,5636,27606,Deportes Rengo,Lota Schwager,1.0,1.0,0.0,0.0,,,,,,,,,Desconocido
1531890.0,Segunda División,711,Chile,Regular Season - 10,False,2026-06-06,5643,15717,Provincial Osorno,Linares Unido,1.0,1.0,1.0,0.0,,,,,,,,,Desconocido
1529111.0,Segunda División,711,Chile,Regular Season - 10,False,2026-06-06,21117,5634,Santiago City,Colina,1.0,0.0,1.0,0.0,,,,,,,,,Desconocido
1532714.0,League Two,929,China,Regular Season - 8,False,2026-06-06,5647,20674,BIT,Xi'an Ronghai,1.0,2.0,0.0,1.0,,,,,,,,,X. Qiangqiang
1532761.0,League Two,929,China,Regular Season - 12,False,2026-06-06,23289,27619,Shanghai Port II,Shanghai Second,1.0,1.0,0.0,1.0,,,,,,,,,X. Wang
1546771.0,Ligue 1,424,Congo-DR,Championship Group - 10,False,2026-06-06,15286,6437,JSK,Vita Club,0.0,0.0,0.0,0.0,,,,,,,,,Desconocido
1546774.0,Ligue 1,424,Congo-DR,Championship Group - 10,False,2026-06-06,8572,8578,Simba,Saint Eloi Lupopo,0.0,3.0,0.0,1.0,,,,,,,,,Desconocido
1490723.0,1. Liga U19,668,Czech-Republic,Regular Season - 29,False,2026-06-06,14830,14841,Baník Ostrava U19,České Budějovice U19,1.0,4.0,1.0,0.0,,,,,,,,,Desconocido
1490719.0,1. Liga U19,668,Czech-Republic,Regular Season - 29,False,2026-06-06,19200,14839,Dukla Praha U19,Zbrojovka Brno U19,2.0,0.0,2.0,0.0,,,,,,,,,Desconocido
1490720.0,1. Liga U19,668,Czech-Republic,Regular Season - 29,False,2026-06-06,14831,21560,Hradec Králové U19,Slovan Liberec U19,0.0,1.0,0.0,0.0,,,,,,,,,Desconocido
1490722.0,1. Liga U19,668,Czech-Republic,Regular Season - 29,False,2026-06-06,14834,14836,Mladá Boleslav U19,Pardubice U19,3.0,0.0,2.0,0.0,,,,,,,,,Desconocido
1490725.0,1. Liga U19,668,Czech-Republic,Regular Season - 29,False,2026-06-06,7969,19201,Sigma Olomouc U19,Vysočina Jihlava U19,1.0,1.0,0.0,1.0,,,,,,,,,Desconocido
1490726.0,1. Liga U19,668,Czech-Republic,Regular Season - 29,False,2026-06-06,7933,7995,Slavia Praha U19,Sparta Praha U19,1.0,6.0,0.0,3.0,,,,,,,,,Desconocido
1490724.0,1. Liga U19,668,Czech-Republic,Regular Season - 29,False,2026-06-06,7970,14838,Viktoria Plzeň U19,Slovácko U19,5.0,1.0,4.0,1.0,,,,,,,,,Desconocido
1489724.0,3. liga - CFL A,348,Czech-Republic,ČFL A - 31,True,2026-06-06,14473,7304,Bohemians 1905 II,Jiskra Domažlice,0.0,3.0,0.0,1.0,,,,,,,,,Desconocido
1489730.0,3. liga - CFL A,348,Czech-Republic,ČFL A - 31,True,2026-06-06,7307,7319,Kladno,Motorlet Praha,0.0,0.0,0.0,0.0,,,,,,,,,Desconocido
1489727.0,3. liga - CFL A,348,Czech-Republic,ČFL A - 31,True,2026-06-06,7312,7268,Králův Dvůr,Admira Praha,5.0,2.0,2.0,1.0,,,,,,,,,Desconocido
1489731.0,3. liga - CFL A,348,Czech-Republic,ČFL A - 31,True,2026-06-06,22094,7350,Táborsko II,Sokol Hostouň,0.0,1.0,0.0,1.0,,,,,,,,,Desconocido
1489589.0,3. liga - CFL B,685,Czech-Republic,ČFL B - 31,True,2026-06-06,7320,7274,Neratovice-Byškovice,Benátky nad Jizerou,1.0,4.0,0.0,2.0,,,,,,,,,Desconocido
1489590.0,3. liga - CFL B,685,Czech-Republic,ČFL B - 31,True,2026-06-06,14747,12797,Pardubice II,Jablonec II,3.0,2.0,1.0,1.0,,,,,,,,,Desconocido
1489594.0,3. liga - CFL B,685,Czech-Republic,ČFL B - 31,True,2026-06-06,7348,7271,Slovan Velvary,Baník Souš,0.0,1.0,0.0,0.0,,,,,,,,,Desconocido
1489588.0,3. liga - CFL B,685,Czech-Republic,ČFL B - 31,True,2026-06-06,7349,7372,Sokol Brozany,Velké Hamry,1.0,0.0,0.0,0.0,,,,,,,,,Desconocido
1489595.0,3. liga - CFL B,685,Czech-Republic,ČFL B - 31,True,2026-06-06,7356,12855,Sokol Zápy,Slovan Liberec II,5.0,0.0,2.0,0.0,,,,,,,,,Desconocido
1489592.0,3. liga - CFL B,685,Czech-Republic,ČFL B - 31,True,2026-06-06,7381,12816,Ústí nad Orlicí,Mladá Boleslav II,0.0,3.0,0.0,0.0,,,,,,,,,Desconocido
1487456.0,3. liga - MSFL,349,Czech-Republic,MSFL - 31,True,2026-06-06,7297,3732,Hodonín,Vítkovice,1.0,2.0,0.0,1.0,,,,,,,,,Desconocido
1487457.0,3. liga - MSFL,349,Czech-Republic,MSFL - 31,True,2026-06-06,15134,8633,Karviná II,Zbrojovka Brno II,2.0,0.0,0.0,0.0,,,,,,,,,Desconocido
1487460.0,3. liga - MSFL,349,Czech-Republic,MSFL - 31,True,2026-06-06,8623,7288,Slovácko II,Frýdek-Místek,2.0,2.0,2.0,0.0,,,,,,,,,Desconocido
1487461.0,3. liga - MSFL,349,Czech-Republic,MSFL - 31,True,2026-06-06,7361,7332,Start Brno,Polanka nad Odrou,0.0,1.0,0.0,1.0,,,,,,,,,Desconocido
1487462.0,3. liga - MSFL,349,Czech-Republic,MSFL - 31,True,2026-06-06,3727,7276,Třinec,Blansko,5.0,0.0,3.0,0.0,,,,,,,,,Desconocido
1487454.0,3. liga - MSFL,349,Czech-Republic,MSFL - 31,True,2026-06-06,7368,7369,Unie Hlubina,Uničov,1.0,2.0,1.0,0.0,,,,,,,,,Desconocido
1487458.0,3. liga - MSFL,349,Czech-Republic,MSFL - 31,True,2026-06-06,7376,8625,Vrchovina,Zlín II,3.0,2.0,2.0,1.0,,,,,,,,,Desconocido
1489860.0,4. liga - Divizie A,350,Czech-Republic,Division A - 29,True,2026-06-06,7273,19432,Benešov,Slavoj Český Krumlov,5.0,1.0,2.0,1.0,,,,,,,,,Desconocido
1489862.0,4. liga - Divizie A,350,Czech-Republic,Division A - 29,True,2026-06-06,7285,24195,Doubravka,Milin,5.0,2.0,2.0,2.0,,,,,,,,,Desconocido
1489861.0,4. liga - Divizie A,350,Czech-Republic,Division A - 29,True,2026-06-06,19639,7339,Jiskra Domažlice II,Rokycany,0.0,4.0,0.0,1.0,,,,,,,,,Desconocido
1489866.0,4. liga - Divizie A,350,Czech-Republic,Division A - 29,True,2026-06-06,24224,7299,Petřín Plzeň II,Hořovicko,0.0,1.0,0.0,0.0,,,,,,,,,Desconocido
1489867.0,4. liga - Divizie A,350,Czech-Republic,Division A - 29,True,2026-06-06,7360,7310,Spartak Soběslav,Komárov,2.0,2.0,0.0,1.0,,,,,,,,,Desconocido
1490101.0,4. liga - Divizie B,351,Czech-Republic,Division B - 29,True,2026-06-06,7306,7327,Karlovy Vary,Olympie Březová,7.0,0.0,3.0,0.0,,,,,,,,,Desconocido
1490102.0,4. liga - Divizie B,351,Czech-Republic,Division B - 29,True,2026-06-06,24200,7318,Rapid Psáry,Meteor Praha,5.0,2.0,2.0,1.0,,,,,,,,,Desconocido
1490103.0,4. liga - Divizie B,351,Czech-Republic,Division B - 29,True,2026-06-06,21649,7317,Spoje Praha,Mariánské Lázně,4.0,4.0,2.0,1.0,,,,,,,,,Desconocido
1490106.0,4. liga - Divizie B,351,Czech-Republic,Division B - 29,True,2026-06-06,19439,7316,Újezd Praha 4,Louny,4.0,1.0,4.0,0.0,,,,,,,,,Desconocido
1490107.0,4. liga - Divizie B,351,Czech-Republic,Division B - 29,True,2026-06-06,24194,7335,Ústí nad Labem II,Přední Kopanina,5.0,2.0,3.0,1.0,,,,,,,,,Desconocido
1490104.0,4. liga - Divizie B,351,Czech-Republic,Division B - 29,True,2026-06-06,7386,7328,Štětí,Ostrov,3.0,1.0,2.0,0.0,,,,,,,,,Desconocido
1489980.0,4. liga - Divizie C,352,Czech-Republic,Division C - 29,True,2026-06-06,7278,7281,Brandýs nad Labem,Chlumec nad Cidlinou,1.0,1.0,0.0,1.0,,,,,,,,,Desconocido
1489982.0,4. liga - Divizie C,352,Czech-Republic,Division C - 29,True,2026-06-06,24191,7295,Horní Ředice,Hlinsko,3.0,1.0,1.0,1.0,,,,,,,,,Desconocido
1489985.0,4. liga - Divizie C,352,Czech-Republic,Division C - 29,True,2026-06-06,7336,7384,Přepeře,Čáslav,4.0,1.0,2.0,1.0,,,,,,,,,Desconocido
1489987.0,4. liga - Divizie C,352,Czech-Republic,Division C - 29,True,2026-06-06,7378,14657,Vysoké Mýto,Dobrovice,3.0,0.0,3.0,0.0,,,,,,,,,Desconocido
1487604.0,4. liga - Divizie D,353,Czech-Republic,Division D - 29,True,2026-06-06,26124,21651,Chotebor,Pelhřimov,1.0,2.0,0.0,2.0,,,,,,,,,Desconocido
1487606.0,4. liga - Divizie D,353,Czech-Republic,Division D - 29,True,2026-06-06,19689,20825,Kuřim,Sparta Brno,3.0,1.0,2.0,1.0,,,,,,,,,Desconocido
1487710.0,4. liga - Divizie E,354,Czech-Republic,Division E - 29,True,2026-06-06,8631,26230,Břeclav,Kroměříž II,3.0,2.0,2.0,2.0,,,,,,,,,Desconocido
1487711.0,4. liga - Divizie E,354,Czech-Republic,Division E - 29,True,2026-06-06,16876,19420,Holešov,Baťov,3.0,0.0,2.0,0.0,,,,,,,,,Desconocido
1487829.0,4. liga - Divizie F,686,Czech-Republic,Division F - 29,True,2026-06-06,19421,7289,Břidličná,Frýdlant,2.0,2.0,1.0,0.0,,,,,,,,,Desconocido
1487832.0,4. liga - Divizie F,686,Czech-Republic,Division F - 29,True,2026-06-06,21619,26231,Petřvald na Moravě,Stonava,0.0,2.0,0.0,1.0,,,,,,,,,Desconocido
1540443.0,2. Division,122,Denmark,Promotion Group - 32,False,2026-06-06,2060,2069,AB Copenhagen,Thisted FC,3.0,0.0,1.0,0.0,,,,,,,,,Desconocido
1540416.0,2. Division,122,Denmark,Relegation Group - 32,False,2026-06-06,2071,2065,Brabrand,Fremad Amager,1.0,2.0,0.0,0.0,,,,,,,,,Desconocido
1540444.0,2. Division,122,Denmark,Promotion Group - 32,False,2026-06-06,2067,6021,Roskilde,HIK,3.0,2.0,0.0,1.0,,,,,,,,,Desconocido
1540417.0,2. Division,122,Denmark,Relegation Group - 32,False,2026-06-06,2068,8645,Skive,Ishøj,1.0,1.0,0.0,1.0,,,,,,,,,Desconocido
1540418.0,2. Division,122,Denmark,Relegation Group - 32,False,2026-06-06,6064,2062,VSK Århus,FC Helsingor,3.0,2.0,1.0,1.0,,,,,,,,,Desconocido
1540445.0,2. Division,122,Denmark,Promotion Group - 32,False,2026-06-06,399,2066,Vendsyssel FF,Naestved,4.0,2.0,2.0,1.0,,,,,,,,,Desconocido
1540534.0,3. Division,862,Denmark,Promotion Group - 31,False,2026-06-06,6012,2064,Brønshøj,Nykobing FC,1.0,2.0,0.0,2.0,,,,,,,,,Desconocido
1540535.0,3. Division,862,Denmark,Promotion Group - 31,False,2026-06-06,8635,8634,Næsby,FA 2000,1.0,0.0,1.0,0.0,,,,,,,,,Desconocido
1540562.0,3. Division,862,Denmark,Relegation Group - 31,False,2026-06-06,6046,6018,Odder,Frem,2.0,2.0,0.0,0.0,,,,,,,,,Desconocido
1540536.0,3. Division,862,Denmark,Promotion Group - 31,False,2026-06-06,6065,11507,Vanløse,Hørsholm-Usserød,0.0,2.0,0.0,1.0,,,,,,,,,Desconocido
1526549.0,Liga Pro Serie B,243,Ecuador,Regular Season - 13,False,2026-06-06,1988,1986,LDU Portoviejo,Gualaceo SC,1.0,0.0,0.0,0.0,,,,,,,,,Desconocido
1521618.0,Esiliiga B,1126,Estonia,Regular Season - 14,False,2026-06-06,3531,24237,Tulevik,Johvi Phoenix,4.0,2.0,0.0,1.0,,,,,,,,,Desconocido
1550039.0,Premier League,847,Eswatini,Relegation - 1,True,2026-06-06,20371,27822,Madlenya,Viva Stumbo,1.0,0.0,1.0,0.0,,,,,,,,,Desconocido
1550038.0,Premier League,847,Eswatini,Relegation - 1,True,2026-06-06,27821,26847,Magwanyana,Amawele,0.0,2.0,0.0,0.0,,,,,,,,,Desconocido
1541616.0,Kakkonen - Lohko A,247,Finland,Group A - 8,False,2026-06-06,10667,1172,Atlantis,HIFK Helsinki,3.0,2.0,2.0,2.0,,,,,,,,,Desconocido
1541618.0,Kakkonen - Lohko A,247,Finland,Group A - 8,False,2026-06-06,2243,13508,MyPa,PPJ,1.0,3.0,1.0,1.0,,,,,,,,,Desconocido
1541617.0,Kakkonen - Lohko A,247,Finland,Group A - 8,False,2026-06-06,18667,13517,Union Plaani,HPS,0.0,2.0,0.0,0.0,,,,,,,,,Desconocido
1541505.0,Kakkonen - Lohko B,248,Finland,Group B - 8,False,2026-06-06,9209,9182,HJS Akatemia,EPS,1.0,3.0,1.0,1.0,,,,,,,,,Desconocido
1541504.0,Kakkonen - Lohko B,248,Finland,Group B - 8,False,2026-06-06,1169,13552,Honka,EBK,4.0,1.0,1.0,0.0,,,,,,,,,Desconocido
1541697.0,Kakkonen - Lohko C,249,Finland,Group C - 8,False,2026-06-06,9191,9201,GBK,Vaajakoski,0.0,1.0,0.0,0.0,,,,,,,,,Desconocido
1541746.0,Kakkonen - Lohko C,249,Finland,Group C - 8,False,2026-06-06,22980,27701,Huima / Urho,Jaro 2,7.0,1.0,3.0,1.0,,,,,,,,,Desconocido
1541696.0,Kakkonen - Lohko C,249,Finland,Group C - 8,False,2026-06-06,18609,9213,SJK-juniorit,Kraft,0.0,4.0,0.0,3.0,,,,,,,,,Desconocido
1541698.0,Kakkonen - Lohko C,249,Finland,Group C - 8,False,2026-06-06,9214,9192,TP-47,JBK,1.0,1.0,1.0,1.0,,,,,,,,,Desconocido
1517185.0,Ykkönen,245,Finland,Group Stage,False,2026-06-06,2074,6075,FC jazz,VJS,1.0,1.0,0.0,0.0,,,,,,,,,Desconocido
1517189.0,Ykkönen,245,Finland,Group Stage,False,2026-06-06,1171,9203,JJK,PKKU,1.0,3.0,0.0,1.0,,,,,,,,,Desconocido
1517186.0,Ykkönen,245,Finland,Group Stage,False,2026-06-06,9195,9189,OLS,SalPa,5.0,0.0,2.0,0.0,,,,,,,,,Desconocido
1517187.0,Ykkönen,245,Finland,Group Stage,False,2026-06-06,1167,9190,Rops,Tampere United,0.0,1.0,0.0,0.0,,,,,,,,,Desconocido
1517188.0,Ykkönen,245,Finland,Group Stage,False,2026-06-06,2244,18518,TPV,Inter Turku II,1.0,1.0,0.0,1.0,,,,,,,,,Desconocido
1504239.0,Ykkösliiga,1087,Finland,Group Stage,False,2026-06-06,2078,9175,EIF,MP,1.0,0.0,0.0,0.0,,,,,,,,,J. Kontinen
1548495.0,Championnat D1,968,Gabon,Regular Season - 20,False,2026-06-06,15564,27575,Bouenguidi,Stade Migoveen,0.0,0.0,0.0,0.0,,,,,,,,,Desconocido
1548491.0,Championnat D1,968,Gabon,Regular Season - 20,False,2026-06-06,6415,27734,Cercle Mbéri,Oyem AC,1.0,0.0,1.0,0.0,,,,,,,,,Desconocido
1548490.0,Championnat D1,968,Gabon,Regular Season - 20,False,2026-06-06,21191,21194,Lozo,Vautour Club,1.0,0.0,0.0,0.0,,,,,,,,,Desconocido
1548492.0,Championnat D1,968,Gabon,Regular Season - 20,False,2026-06-06,27625,19865,Ogooue FC,Stade Mandji,2.0,1.0,2.0,0.0,,,,,,,,,Desconocido
1548493.0,Championnat D1,968,Gabon,Regular Season - 20,False,2026-06-06,8069,8089,Pélican,Mangasport,1.0,2.0,0.0,1.0,,,,,,,,,Desconocido
1548494.0,Championnat D1,968,Gabon,Regular Season - 20,False,2026-06-06,21193,21189,US Oyem,Dikaki,2.0,0.0,0.0,0.0,,,,,,,,,Desconocido
1531368.0,GFA League,845,Gambia,Regular Season - 27,False,2026-06-06,8102,25419,GPA,Dutch Lions,1.0,0.0,0.0,0.0,,,,,,,,,Desconocido
1514199.0,1. Deild,165,Iceland,Regular Season - 8,False,2026-06-06,267,829,Fylkir,Throttur Reykjavik,1.0,3.0,0.0,1.0,,,,,,,,,Desconocido
1514198.0,1. Deild,165,Iceland,Regular Season - 8,False,2026-06-06,4165,4166,Vestri,Völsungur,5.0,1.0,1.0,1.0,,,,,,,,,Desconocido
1543390.0,2. Deild,166,Iceland,Regular Season - 6,False,2026-06-06,4172,4171,Dalvík / Reynir,Thróttur Vogar,1.0,0.0,0.0,0.0,,,,,,,,,Desconocido
1543388.0,2. Deild,166,Iceland,Regular Season - 6,False,2026-06-06,18366,4173,Fjardabyggd / Leiknir,KFG,5.0,1.0,3.0,1.0,,,,,,,,,Desconocido
1543387.0,2. Deild,166,Iceland,Regular Season - 6,False,2026-06-06,273,2115,Fjolnir,Selfoss,2.0,3.0,0.0,1.0,,,,,,,,,Desconocido
1543389.0,2. Deild,166,Iceland,Regular Season - 6,False,2026-06-06,828,4170,Vikingur Olafsiik,Kári,3.0,3.0,2.0,1.0,,,,,,,,,Desconocido
1549882.0,Serie D - Championship Round,999,Italy,Final,True,2026-06-06,9442,24701,Vado,Scafatese,0.0,6.0,0.0,3.0,,,,,,,,,Desconocido
1546400.0,J1 League,98,Japan,3rd place,True,2026-06-06,292,291,FC Tokyo,Cerezo Osaka,1.0,3.0,0.0,3.0,,,,,,,,,M. Ueda
1546316.0,J1 League,98,Japan,19th place,True,2026-06-06,301,316,JEF United Chiba,Avispa Fukuoka,1.0,2.0,1.0,0.0,,,,,,,,,K. Koya
1546317.0,J1 League,98,Japan,Final,True,2026-06-06,290,289,Kashima,Vissel Kobe,2.0,0.0,0.0,0.0,,,,,,,,,K. Fukushima
1546406.0,J1 League,98,Japan,15th place,True,2026-06-06,281,302,Kashiwa Reysol,Kyoto Sanga,0.0,1.0,0.0,0.0,,,,,,,,,H. Kimura
1546407.0,J1 League,98,Japan,7th place,True,2026-06-06,294,282,Kawasaki Frontale,Sanfrecce Hiroshima,0.0,1.0,0.0,1.0,,,,,,,,,H. Kasahara
1546401.0,J1 League,98,Japan,5th place,True,2026-06-06,303,288,Machida Zelvia,Nagoya Grampus,2.0,1.0,0.0,0.0,,,,,,,,,K. Takasaki
1546402.0,J1 League,98,Japan,17th place,True,2026-06-06,305,285,Mito Hollyhock,V-varen Nagasaki,0.0,1.0,0.0,1.0,,,,,,,,,A. Kamimura
1546404.0,J1 League,98,Japan,9th place,True,2026-06-06,306,293,Tokyo Verdy,Gamba Osaka,2.0,4.0,1.0,1.0,,,,,,,,,F. Nakamura
1546403.0,J1 League,98,Japan,11th place,True,2026-06-06,287,310,Urawa,Fagiano Okayama,0.0,2.0,0.0,1.0,,,,,,,,,T. Mikuriya
1546405.0,J1 League,98,Japan,13th place,True,2026-06-06,296,283,Yokohama F. Marinos,Shimizu S-pulse,3.0,0.0,1.0,0.0,,,,,,,,,Y. Sutani
1548063.0,J2/J3 League,1235,Japan,Placement matches - Final,True,2026-06-06,311,279,Albirex Niigata,Consadole Sapporo,0.0,0.0,0.0,0.0,,,,,,,,,Desconocido
1548065.0,J2/J3 League,1235,Japan,Placement Play-offs - Final,True,2026-06-06,297,4319,FC Gifu,Gainare Tottori,1.0,1.0,0.0,0.0,,,,,,,,,Desconocido
1547837.0,J2/J3 League,1235,Japan,Placement matches - Final,True,2026-06-06,4317,318,Fujieda MYFC,Ehime FC,1.0,0.0,1.0,0.0,,,,,,,,,Desconocido
1547844.0,J2/J3 League,1235,Japan,Placement matches - Final,True,2026-06-06,280,7138,Jubilo Iwata,Osaka,1.0,1.0,0.0,0.0,,,,,,,,,Desconocido
1548064.0,J2/J3 League,1235,Japan,Placement Play-offs - Final,True,2026-06-06,304,7135,Matsumoto Yamaga,Nara Club,0.0,2.0,0.0,2.0,,,,,,,,,Desconocido
1547838.0,J2/J3 League,1235,Japan,Placement matches - Final,True,2026-06-06,313,7129,Omiya Ardija,Kochi United,2.0,1.0,0.0,0.0,,,,,,,,,Desconocido
1547839.0,J2/J3 League,1235,Japan,Placement Play-offs - Final,True,2026-06-06,4324,314,Sagamihara,Roasso Kumamoto,3.0,0.0,1.0,0.0,,,,,,,,,Desconocido
1547845.0,J2/J3 League,1235,Japan,Placement matches - Final,True,2026-06-06,295,284,Sagan Tosu,Shonan Bellmare,1.0,0.0,0.0,0.0,,,,,,,,,Desconocido
1547840.0,J2/J3 League,1235,Japan,3rd place,True,2026-06-06,10409,308,Tegevajaro Miyazaki,Ventforet Kofu,2.0,1.0,0.0,0.0,,,,,,,,,Desconocido
1547841.0,J2/J3 League,1235,Japan,Placement Play-offs - Final,True,2026-06-06,7145,7117,Tochigi City,Biwako Shiga,3.0,1.0,1.0,0.0,,,,,,,,,Desconocido
1547842.0,J2/J3 League,1235,Japan,Final,True,2026-06-06,286,4322,Vegalta Sendai,Kataller Toyama,1.0,1.0,1.0,0.0,,,,,,,,,Desconocido
1547843.0,J2/J3 League,1235,Japan,Placement Play-offs - Final,True,2026-06-06,307,309,Yokohama FC,Renofa Yamaguchi,2.0,1.0,1.0,0.0,,,,,,,,,Desconocido
1550044.0,Superliga,664,Kosovo,Final,True,2026-06-06,22815,14395,Dinamo Ferizaj,Llapi,0.0,2.0,0.0,2.0,,,,,,,,,Desconocido
1553589.0,Premier League,584,Libya,Final,True,2026-06-06,12436,6410,Asswehly,Al-Nasr,1.0,1.0,0.0,0.0,,,,,,,,,Desconocido
1548313.0,Botola 2,201,Morocco,Regular Season - 26,False,2026-06-06,965,3459,Moghreb Tetouan,Wydad Fès,1.0,1.0,1.0,0.0,,,,,,,,,Desconocido
1548314.0,Botola 2,201,Morocco,Regular Season - 26,False,2026-06-06,1075,17716,Mouloudia Oujda,USM Oujda,2.0,1.0,1.0,0.0,,,,,,,,,Desconocido
1548311.0,Botola 2,201,Morocco,Regular Season - 26,False,2026-06-06,3456,3455,Riadi Salmi,Raja Beni Mellal,1.0,1.0,1.0,0.0,,,,,,,,,Desconocido
1548312.0,Botola 2,201,Morocco,Regular Season - 26,False,2026-06-06,26496,15549,Union Sportive Boujaad,Stade Marocain,0.0,1.0,0.0,1.0,,,,,,,,,Desconocido
1548080.0,Derde Divisie - Relegation Round,1004,Netherlands,Final,True,2026-06-06,1286,3905,EVV,SteDoCo,1.0,1.0,0.0,0.0,,,,,,,,,Desconocido
1548081.0,Derde Divisie - Relegation Round,1004,Netherlands,Final,True,2026-06-06,24631,1285,Heerjansdam,Dongen,1.0,2.0,0.0,0.0,,,,,,,,,Desconocido
1548074.0,Tweede Divisie,492,Netherlands,Semi-finals,True,2026-06-06,17129,1288,Excelsior Maassluis,Rijnvogels,2.0,1.0,2.0,0.0,,,,,,,,,Desconocido
1550467.0,Tweede Divisie,492,Netherlands,Relegation - Final,True,2026-06-06,14905,10320,Groningen U21,Sparta Rotterdam II,1.0,1.0,1.0,0.0,,,,,,,,,Desconocido
1548075.0,Tweede Divisie,492,Netherlands,Semi-finals,True,2026-06-06,1280,3886,Ijsselmeervogels,ADO '20,1.0,0.0,0.0,0.0,,,,,,,,,Desconocido
1556615.0,U19 Divisie 1,1152,Netherlands,Final,True,2026-06-06,7981,16384,Feyenoord U19,AZ U19,1.0,0.0,0.0,0.0,,,,,,,,,Desconocido
1550801.0,Federation Cup,1231,Nigeria,Round of 16,True,2026-06-06,5173,5175,Bendel Insurance,El Kanemi Warriors,3.0,3.0,3.0,0.0,,,,,,,,,Desconocido
1550796.0,Federation Cup,1231,Nigeria,Round of 16,True,2026-06-06,27830,27834,Bida Lions,Flight FC Gboko,0.0,1.0,0.0,0.0,,,,,,,,,Desconocido
1550800.0,Federation Cup,1231,Nigeria,Round of 16,True,2026-06-06,24512,5177,Ikorodu City,Enyimba,1.0,1.0,1.0,0.0,,,,,,,,,Desconocido
1550799.0,Federation Cup,1231,Nigeria,Round of 16,True,2026-06-06,27836,5194,Kada Warriors,Wikki Tourist,1.0,3.0,0.0,1.0,,,,,,,,,Desconocido
1550795.0,Federation Cup,1231,Nigeria,Round of 16,True,2026-06-06,5190,27829,Plateau United,Basira,2.0,1.0,1.0,0.0,,,,,,,,,Desconocido
1550798.0,Federation Cup,1231,Nigeria,Round of 16,True,2026-06-06,5192,5188,Rivers United,Nasarawa United,2.0,2.0,0.0,1.0,,,,,,,,,Desconocido
1550794.0,Federation Cup,1231,Nigeria,Round of 16,True,2026-06-06,27839,7789,Sokoto,Adamawa United,2.0,0.0,1.0,0.0,,,,,,,,,Desconocido
1550797.0,Federation Cup,1231,Nigeria,Round of 16,True,2026-06-06,27840,26400,Sunshine Stars U19,Barau FC,1.0,2.0,0.0,1.0,,,,,,,,,Desconocido
1496448.0,3. Division - Girone 1,774,Norway,Regular Season - 10,False,2026-06-06,10114,7015,Vålerenga II,Nordstrand,3.0,2.0,1.0,1.0,,,,,,,,,Desconocido
1497338.0,3. Division - Girone 6,779,Norway,Regular Season - 8,False,2026-06-06,22868,21418,Bjørkelangen,Sandefjord II,1.0,3.0,1.0,0.0,,,,,,,,,Desconocido
1546544.0,Division Intermedia,251,Paraguay,Regular Season - 11,False,2026-06-06,23154,1180,12 de Junio VH,Deportivo Capiata,1.0,1.0,0.0,0.0,,,,,,,,,Desconocido
1546541.0,Division Intermedia,251,Paraguay,Regular Season - 11,False,2026-06-06,17183,10491,Benjamín Aceval,Tacuary,3.0,2.0,1.0,1.0,,,,,,,,,Desconocido
1546543.0,Division Intermedia,251,Paraguay,Regular Season - 11,False,2026-06-06,2130,2138,Fernando De La Mora,Guairena FC,1.0,3.0,1.0,0.0,,,,,,,,,Desconocido
1546542.0,Division Intermedia,251,Paraguay,Regular Season - 11,False,2026-06-06,20786,1186,Sportivo Carapeguá,Independiente F.b.c.,0.0,2.0,0.0,2.0,,,,,,,,,Desconocido
1548679.0,II Liga - East,109,Poland,Relegation - Play Offs,True,2026-06-06,9132,16255,Górnik Polkowice,Sokół Kleczew,1.0,0.0,1.0,0.0,,,,,,,,,Desconocido
1548678.0,II Liga - East,109,Poland,Relegation - Play Offs,True,2026-06-06,6943,6951,KSZO 1929,Resovia Rzeszów,0.0,1.0,0.0,1.0,,,,,,,,,Desconocido
1548308.0,II Liga - East,109,Poland,Promotion - Play Offs,True,2026-06-06,3489,3492,Podbeskidzie,Sandecja Nowy Sącz,3.0,1.0,1.0,0.0,,,,,,,,,Desconocido
1549887.0,Liga III - Play-offs,1009,Romania,Final,True,2026-06-06,6891,6911,Popești-Leordeni,Unirea Alba Iulia,2.0,0.0,,,,,,,,,,,Desconocido
1535992.0,Second League - Group 1,651,Russia,Group 1 - 11,False,2026-06-06,23314,17682,Angust Nazran,Rubin Yalta,0.0,1.0,0.0,0.0,,,,,,,,,Desconocido
1536214.0,Second League - Group 1,651,Russia,Group 1 - 11,False,2026-06-06,21540,27648,Astrakhan,Shahter Taganrog,0.0,3.0,0.0,0.0,,,,,,,,,Desconocido
1536217.0,Second League - Group 1,651,Russia,Group 1 - 11,False,2026-06-06,6798,26146,Druzhba,PSK Dinskaya,4.0,0.0,2.0,0.0,,,,,,,,,Desconocido
1536216.0,Second League - Group 1,651,Russia,Group 1 - 11,False,2026-06-06,27646,23316,Izberbash,Rostov II,1.0,3.0,1.0,1.0,,,,,,,,,Desconocido
1535993.0,Second League - Group 1,651,Russia,Group 1 - 11,False,2026-06-06,23315,13240,Nart Cherkessk,Sevastopol,0.0,1.0,0.0,0.0,,,,,,,,,Desconocido
1536215.0,Second League - Group 1,651,Russia,Group 1 - 11,False,2026-06-06,22171,27644,Pobeda,FK Chayka 2,4.0,0.0,3.0,0.0,,,,,,,,,Desconocido
1535994.0,Second League - Group 1,651,Russia,Group 1 - 11,False,2026-06-06,2002,17680,Spartak Nalchik,Kyzyltash,0.0,1.0,0.0,0.0,,,,,,,,,Desconocido
1536372.0,Second League - Group 2,652,Russia,Group 2 - 11,False,2026-06-06,6840,27645,Zvezda St. Petersburg,Iskra Smolensk,1.0,1.0,0.0,0.0,,,,,,,,,Desconocido
1536592.0,Second League - Group 3,650,Russia,Group 3 - 11,False,2026-06-06,6807,19451,Kvant,FK Spartak Tambov,1.0,3.0,1.0,1.0,,,,,,,,,Desconocido
1536593.0,Second League - Group 3,650,Russia,Group 3 - 11,False,2026-06-06,6815,17720,Metallurg Lipetsk,Arsenal Tula II,3.0,1.0,2.0,0.0,,,,,,,,,Desconocido
1536594.0,Second League - Group 3,650,Russia,Group 3 - 11,False,2026-06-06,23318,17721,Orel,SKA Khabarovsk II,1.0,1.0,0.0,1.0,,,,,,,,,Desconocido
1536595.0,Second League - Group 3,650,Russia,Group 3 - 11,False,2026-06-06,19448,6829,Rodina Moskva III,Strogino,2.0,0.0,2.0,0.0,,,,,,,,,Desconocido
1536596.0,Second League - Group 3,650,Russia,Group 3 - 11,False,2026-06-06,12840,2009,Rotor-2,Avangard Kursk,1.0,2.0,1.0,1.0,,,,,,,,,Desconocido
1536597.0,Second League - Group 3,650,Russia,Group 3 - 11,False,2026-06-06,6823,14124,Ryazan,Volna Nizhegorodskaya,0.0,1.0,0.0,1.0,,,,,,,,,Desconocido
1536598.0,Second League - Group 3,650,Russia,Group 3 - 11,False,2026-06-06,6826,26148,Salyut-Belgorod,Shumbrat,0.0,2.0,0.0,0.0,,,,,,,,,Desconocido
1536599.0,Second League - Group 3,650,Russia,Group 3 - 11,False,2026-06-06,6827,16866,Saturn Ramenskoye,Zenit Penza,1.0,0.0,0.0,0.0,,,,,,,,,Desconocido
1526743.0,Second League A - Division A Silver,1026,Russia,Spring Season Silver - 17,True,2026-06-06,6787,1076,Alaniya Vladikavkaz,Amkar,1.0,1.0,1.0,1.0,,,,,,,,,Desconocido
1526744.0,Second League A - Division A Silver,1026,Russia,Spring Season Silver - 17,True,2026-06-06,14139,6795,Dinamo Moskva II,Dinamo Bryansk,2.0,2.0,1.0,0.0,,,,,,,,,Desconocido
1526747.0,Second League A - Division A Silver,1026,Russia,Spring Season Silver - 17,True,2026-06-06,6831,2000,Urozhay,Tyumen,1.0,0.0,1.0,0.0,,,,,,,,,Desconocido
1549888.0,Srpska Liga - East,574,Serbia,East - 29,True,2026-06-06,22081,26409,Djerdap Kladovo,OFK Bor 1919,1.0,5.0,0.0,3.0,,,,,,,,,Desconocido
1529876.0,Srpska Liga - Vojvodina,573,Serbia,Regular Season - 30,False,2026-06-06,12311,12330,Dinamo Pančevo,Omladinac NB,4.0,0.0,3.0,0.0,,,,,,,,,Desconocido
1529880.0,Srpska Liga - Vojvodina,573,Serbia,Regular Season - 30,False,2026-06-06,26411,26410,FK Veternik,FK Mladost Omoljica,3.0,1.0,3.0,0.0,,,,,,,,,Desconocido
1529877.0,Srpska Liga - Vojvodina,573,Serbia,Regular Season - 30,False,2026-06-06,17437,24624,Kikinda,OFK Vrbas,1.0,3.0,1.0,1.0,,,,,,,,,Desconocido
1529874.0,Srpska Liga - Vojvodina,573,Serbia,Regular Season - 30,False,2026-06-06,26412,22084,Mladost Bački Jarak,Sloven Ruma,2.0,3.0,1.0,1.0,,,,,,,,,Desconocido
1529879.0,Srpska Liga - Vojvodina,573,Serbia,Regular Season - 30,False,2026-06-06,19839,24625,Naftagas,Sloboda DT,0.0,2.0,0.0,0.0,,,,,,,,,Desconocido
1529875.0,Srpska Liga - Vojvodina,573,Serbia,Regular Season - 30,False,2026-06-06,26413,14260,OFK Bačka,Jedinstvo Stara Pazova,2.0,1.0,1.0,1.0,,,,,,,,,Desconocido
1529878.0,Srpska Liga - Vojvodina,573,Serbia,Regular Season - 30,False,2026-06-06,14263,24623,Sloga Čonoplja,Hajduk Divoš,2.0,2.0,1.0,0.0,,,,,,,,,Desconocido
1529873.0,Srpska Liga - Vojvodina,573,Serbia,Regular Season - 30,False,2026-06-06,22085,2631,Zeleznicar Inđija,Indjija,3.0,0.0,1.0,0.0,,,,,,,,,Desconocido
1422510.0,3. liga - West,644,Slovakia,West - 30,True,2026-06-06,14053,26247,Beluša,Trenčín II,1.0,0.0,1.0,0.0,,,,,,,,,Desconocido
1422511.0,3. liga - West,644,Slovakia,West - 30,True,2026-06-06,21926,14064,Gabčíkovo,Veľké Ludince,6.0,1.0,5.0,0.0,,,,,,,,,Desconocido
1422515.0,3. liga - West,644,Slovakia,West - 30,True,2026-06-06,14054,14066,Galanta,Častkovce,3.0,0.0,2.0,0.0,,,,,,,,,Desconocido
1422513.0,3. liga - West,644,Slovakia,West - 30,True,2026-06-06,14043,14044,Malacky,MŠK Senec,1.0,2.0,0.0,1.0,,,,,,,,,Desconocido
1422517.0,3. liga - West,644,Slovakia,West - 30,True,2026-06-06,14061,26245,Nové Zámky,Komárno II,4.0,0.0,2.0,0.0,,,,,,,,,Desconocido
1422516.0,3. liga - West,644,Slovakia,West - 30,True,2026-06-06,14046,14943,Rača,Baník Prievidza,1.0,1.0,0.0,1.0,,,,,,,,,Desconocido
1422514.0,3. liga - West,644,Slovakia,West - 30,True,2026-06-06,14063,26246,Slovan Duslo Šaľa,Petržalka II,5.0,0.0,1.0,0.0,,,,,,,,,Desconocido
1422512.0,3. liga - West,644,Slovakia,West - 30,True,2026-06-06,12859,26244,Spartak Myjava,DAC II,1.0,1.0,0.0,0.0,,,,,,,,,Desconocido
1546280.0,Premier Soccer League,288,South-Africa,Relegation Round,True,2026-06-06,22234,2697,Milford FC,Cape Town City,0.0,1.0,0.0,0.0,,,,,,,,,"Siyabulela Qunta, South Africa"
1510358.0,K League 2,293,South-Korea,Regular Season - 15,False,2026-06-06,2751,9171,Gyeongnam FC,Yongin City,2.0,2.0,0.0,0.0,,,,,,,,,Kim Yong-Woo
1510359.0,K League 2,293,South-Korea,Regular Season - 15,False,2026-06-06,7087,2765,Hwaseong,Suwon Bluewings,1.0,2.0,1.0,0.0,,,,,,,,,J. Jo
1520501.0,K3 League,295,South-Korea,Regular Season - 14,False,2026-06-06,7064,7068,Chuncheon,Daejeon Korail,3.0,3.0,2.0,2.0,,,,,,,,,Desconocido
1520500.0,K3 League,295,South-Korea,Regular Season - 14,False,2026-06-06,18653,7059,Dangjin Citizen,Changwon City,1.0,2.0,0.0,0.0,,,,,,,,,Desconocido
1520497.0,K3 League,295,South-Korea,Regular Season - 14,False,2026-06-06,25717,7083,Jeonbuk Motors II,Gyeongju HNP,1.0,1.0,0.0,1.0,,,,,,,,,Desconocido
1520498.0,K3 League,295,South-Korea,Regular Season - 14,False,2026-06-06,7099,7056,Pocheon,Busan Transportation,1.0,1.0,0.0,0.0,,,,,,,,,Desconocido
1520499.0,K3 League,295,South-Korea,Regular Season - 14,False,2026-06-06,7108,7075,Ulsan Citizen,Gangneung City,1.0,2.0,1.0,0.0,,,,,,,,,Desconocido
1569796.0,K4 League,1234,South-Korea,Regular Season - 14,False,2026-06-06,16452,27860,Jinju Citizen,Jecheon Citizen,2.0,0.0,,,,,,,,,,,Desconocido
1569795.0,K4 League,1234,South-Korea,Regular Season - 14,False,2026-06-06,7092,27865,Jungnang Chorus Mustang,Seosan Pioneer,4.0,2.0,,,,,,,,,,,Desconocido
1569797.0,K4 League,1234,South-Korea,Regular Season - 14,False,2026-06-06,7101,27859,Pyeongtaek Citizen,Haman,0.0,2.0,,,,,,,,,,,Desconocido
1547735.0,Primera División RFEF - Play Offs,1006,Spain,Promotion Play Offs,True,2026-06-06,9570,4907,Atlético Madrid II,Ponferradina,0.0,1.0,0.0,1.0,,,,,,,,,Desconocido
1548052.0,Segunda División,141,Spain,Semi-finals,True,2026-06-06,5254,723,Castellón,Almeria,1.0,1.0,1.0,0.0,,,,,,,,,L. Bestard Servera
1546437.0,Tercera División RFEF - Group 15,453,Spain,Final,True,2026-06-06,9854,9583,Pamplona,Izarra,5.0,1.0,3.0,0.0,,,,,,,,,Desconocido
1546431.0,Tercera División RFEF - Group 18,456,Spain,Final,True,2026-06-06,9895,9905,Albacete II,Manchego,3.0,0.0,0.0,0.0,,,,,,,,,Desconocido
1546457.0,Tercera División RFEF - Group 3,441,Spain,Final,True,2026-06-06,9394,9651,Laredo,Tropezón,0.0,1.0,0.0,0.0,,,,,,,,,Desconocido
1546455.0,Tercera División RFEF - Group 4,442,Spain,Final,True,2026-06-06,9397,22135,Leioa,Derio,1.0,0.0,0.0,0.0,,,,,,,,,Desconocido
1550036.0,Sudani Premier League,402,Sudan,Championship Group - 6,False,2026-06-06,7456,5246,Al Fallah,Hay Al Wadi,1.0,3.0,,,,,,,,,,,Desconocido
1550037.0,Sudani Premier League,402,Sudan,Championship Group - 6,False,2026-06-06,15595,27329,Al Hilal Port Sudan,Al-Merreikh II,0.0,1.0,0.0,0.0,,,,,,,,,Desconocido
1510593.0,Division 2 - Norra Götaland,592,Sweden,Norra Götaland - 11,True,2026-06-06,12618,12573,Tord,Lidköping,0.0,1.0,0.0,0.0,,,,,,,,,Desconocido
1510775.0,Division 2 - Norra Svealand,593,Sweden,Norra Svealand - 11,True,2026-06-06,27410,11663,Angby,Täby,1.0,0.0,0.0,0.0,,,,,,,,,Desconocido
1510777.0,Division 2 - Norra Svealand,593,Sweden,Norra Svealand - 11,True,2026-06-06,22932,18427,Falu BS,Korsnäs,2.0,1.0,1.0,0.0,,,,,,,,,Desconocido
1510776.0,Division 2 - Norra Svealand,593,Sweden,Norra Svealand - 11,True,2026-06-06,12584,6662,Skiljebo,Enskede,3.0,1.0,2.0,0.0,,,,,,,,,Desconocido
1510780.0,Division 2 - Norra Svealand,593,Sweden,Norra Svealand - 11,True,2026-06-06,23659,6671,Sunnersta,Gute,5.0,0.0,2.0,0.0,,,,,,,,,Desconocido
1515745.0,Division 2 - Norrland,594,Sweden,Norrland - 10,True,2026-06-06,6681,12586,IFK Östersund,Friska Viljor,0.0,0.0,0.0,0.0,,,,,,,,,Desconocido
1515748.0,Division 2 - Norrland,594,Sweden,Norrland - 11,True,2026-06-06,11669,12587,Skellefteå,IFK Umeå,3.0,0.0,0.0,0.0,,,,,,,,,Desconocido
1510947.0,Division 2 - Södra Götaland,597,Sweden,Södra Götaland - 11,True,2026-06-06,25572,12612,Linero,Berga,1.0,0.0,1.0,0.0,,,,,,,,,Desconocido
1510950.0,Division 2 - Södra Götaland,597,Sweden,Södra Götaland - 11,True,2026-06-06,12616,6683,Nosaby,Karlskrona,3.0,1.0,1.0,1.0,,,,,,,,,Desconocido
1510948.0,Division 2 - Södra Götaland,597,Sweden,Södra Götaland - 11,True,2026-06-06,12617,20839,Räppe,IFK Trelleborg,0.0,1.0,0.0,0.0,,,,,,,,,Desconocido
1511142.0,Division 2 - Södra Svealand,595,Sweden,Södra Svealand - 11,True,2026-06-06,25570,2167,Eker Örebro,Syrianska FC,3.0,2.0,2.0,2.0,,,,,,,,,Desconocido
1511139.0,Division 2 - Södra Svealand,595,Sweden,Södra Svealand - 11,True,2026-06-06,20835,11666,Farsta,Forward,2.0,1.0,2.0,0.0,,,,,,,,,Desconocido
1511140.0,Division 2 - Södra Svealand,595,Sweden,Södra Svealand - 11,True,2026-06-06,14510,6672,Nacka Iliria,Haninge,1.0,5.0,0.0,2.0,,,,,,,,,Desconocido
1511141.0,Division 2 - Södra Svealand,595,Sweden,Södra Svealand - 11,True,2026-06-06,6691,26890,Nyköping,Fittja,0.0,2.0,0.0,1.0,,,,,,,,,Desconocido
1511145.0,Division 2 - Södra Svealand,595,Sweden,Södra Svealand - 11,True,2026-06-06,16745,27308,Rågsved,Lindo FF,4.0,2.0,2.0,2.0,,,,,,,,,Desconocido
1511327.0,Division 2 - Västra Götaland,596,Sweden,Västra Götaland - 11,True,2026-06-06,6693,14543,Qviding FIF,Åstorp,2.0,2.0,0.0,2.0,,,,,,,,,Desconocido
1511323.0,Division 2 - Västra Götaland,596,Sweden,Västra Götaland - 11,True,2026-06-06,12620,25576,Torslanda,Hestrafor,2.0,2.0,1.0,1.0,,,,,,,,,Desconocido
1505174.0,Ettan - Norra,563,Sweden,Norra - 11,True,2026-06-06,813,16596,Gefle IF,Hammarby Talang,0.0,4.0,0.0,2.0,,,,,,,,,Desconocido
1504454.0,Ettan - Södra,564,Sweden,Södra - 11,True,2026-06-06,764,6702,Jonkopings Sodra,Trollhättan,4.0,1.0,2.0,0.0,,,,,,,,,Desconocido
1549885.0,1. Liga Classic - Play-offs,1005,Switzerland,Promotion Play-offs - Semi-finals,True,2026-06-06,12704,16316,Grasshopper II,Amical Saint-Prex,1.0,1.0,,,,,,,,,,,Desconocido
1549884.0,1. Liga Classic - Play-offs,1005,Switzerland,Promotion Play-offs - Semi-finals,True,2026-06-06,16323,6648,Servette II,Taverne,1.0,0.0,,,,,,,,,,,Desconocido
1549886.0,1. Liga Classic - Play-offs,1005,Switzerland,Promotion Play-offs - Semi-finals,True,2026-06-06,12720,12705,Tuggen,Langenthal,1.0,5.0,1.0,1.0,,,,,,,,,Desconocido
1549883.0,1. Liga Classic - Play-offs,1005,Switzerland,Promotion Play-offs - Semi-finals,True,2026-06-06,6652,17480,YF Juventus,Courtételle,2.0,0.0,,,,,,,,,,,Desconocido
1513139.0,MLS Next Pro,909,USA,Group Stage,False,2026-06-06,3986,4040,Atlanta United II,Chicago Fire II,3.0,0.0,0.0,0.0,,,,,,,,,Desconocido
1513140.0,MLS Next Pro,909,USA,Group Stage,False,2026-06-06,9073,4004,Chattanooga,New York RB II,4.0,0.0,2.0,0.0,,,,,,,,,Desconocido
1513143.0,MLS Next Pro,909,USA,Group Stage,False,2026-06-06,4102,18740,Colorado Rapids II,St. Louis City II,1.0,1.0,1.0,1.0,,,,,,,,,Desconocido
1513142.0,MLS Next Pro,909,USA,Group Stage,False,2026-06-06,3997,18813,Ventura County,Houston Dynamo FC II,3.0,1.0,0.0,0.0,,,,,,,,,Desconocido
1531208.0,USL League One Cup,1095,USA,Group Stage,False,2026-06-06,25838,4007,Alta,Orange County SC,2.0,1.0,1.0,1.0,,,,,,,,,Desconocido
1542659.0,USL League One Cup,1095,USA,Group Stage,False,2026-06-06,3990,4010,Charleston Battery,Pittsburgh Riverhounds,0.0,0.0,0.0,0.0,,,,,,,,,Desconocido
1534562.0,USL League One Cup,1095,USA,Group Stage,False,2026-06-06,3992,3993,Colorado Springs,El Paso Locomotive,2.0,1.0,1.0,1.0,,,,,,,,,Desconocido
1542660.0,USL League One Cup,1095,USA,Group Stage,False,2026-06-06,9043,20808,Detroit City,Lexington,1.0,1.0,1.0,0.0,,,,,,,,,Desconocido
1542662.0,USL League One Cup,1095,USA,Group Stage,False,2026-06-06,4022,4017,FC Tulsa,San Antonio,1.0,2.0,1.0,0.0,,,,,,,,,Desconocido
1531206.0,USL League One Cup,1095,USA,Group Stage,False,2026-06-06,3996,9025,Indy Eleven,Forward Madison,2.0,0.0,0.0,0.0,,,,,,,,,Desconocido
1542664.0,USL League One Cup,1095,USA,Group Stage,False,2026-06-06,3998,10874,Las Vegas Lights,Oakland Roots,0.0,2.0,0.0,1.0,,,,,,,,,Desconocido
1531203.0,USL League One Cup,1095,USA,Group Stage,False,2026-06-06,3999,4024,Loudoun United,Richmond Kickers,2.0,0.0,0.0,0.0,,,,,,,,,Desconocido
1531229.0,USL League One Cup,1095,USA,Group Stage,False,2026-06-06,9033,3995,NY Cosmos,Hartford Athletic,1.0,4.0,0.0,3.0,,,,,,,,,Desconocido
1531205.0,USL League One Cup,1095,USA,Group Stage,False,2026-06-06,25485,21289,Naples,Sarasota Paradise,0.0,2.0,0.0,1.0,,,,,,,,,Desconocido
1542663.0,USL League One Cup,1095,USA,Group Stage,False,2026-06-06,4003,4009,New Mexico United,Phoenix Rising,4.0,0.0,1.0,0.0,,,,,,,,,Desconocido
1531204.0,USL League One Cup,1095,USA,Group Stage,False,2026-06-06,22855,25488,Rhode Island,Westchester SC,3.0,0.0,2.0,0.0,,,,,,,,,Desconocido
1542665.0,USL League One Cup,1095,USA,Group Stage,False,2026-06-06,4015,18375,Sacramento Republic,Monterey Bay,1.0,1.0,0.0,0.0,,,,,,,,,Desconocido
1531230.0,USL League One Cup,1095,USA,Group Stage,False,2026-06-06,22785,27251,Spokane Velocity,Boise,2.0,1.0,0.0,0.0,,,,,,,,,Desconocido
1542661.0,USL League One Cup,1095,USA,Group Stage,False,2026-06-06,25959,4021,Sporting JAX,Tampa Bay Rowdies,0.0,2.0,0.0,2.0,,,,,,,,,Desconocido
1531210.0,USL League One Cup,1095,USA,Group Stage,False,2026-06-06,10283,16679,Union Omaha,Fort Wayne,4.0,2.0,2.0,2.0,,,,,,,,,Desconocido
1524765.0,USL League Two,256,USA,Group Stage,False,2026-06-06,23109,18899,Almaden,Marin,3.0,1.0,1.0,0.0,,,,,,,,,Desconocido
1524769.0,USL League Two,256,USA,Group Stage,False,2026-06-06,23971,18907,Annapolis Blues,Patuxent,7.0,0.0,4.0,0.0,,,,,,,,,Desconocido
1524770.0,USL League Two,256,USA,Group Stage,False,2026-06-06,20961,23993,Appalachian,Hickory,2.0,1.0,1.0,0.0,,,,,,,,,Desconocido
1524772.0,USL League Two,256,USA,Group Stage,False,2026-06-06,18882,25936,Ballard,Bangers,3.0,1.0,1.0,0.0,,,,,,,,,Desconocido
1524795.0,USL League Two,256,USA,Group Stage,False,2026-06-06,27513,13192,Bethesda SC,Virginia Beach City,1.0,3.0,1.0,1.0,,,,,,,,,Desconocido
1524764.0,USL League Two,256,USA,Group Stage,False,2026-06-06,18884,9071,Blackwatch Rush,Boston City,4.0,3.0,3.0,1.0,,,,,,,,,Desconocido
1524773.0,USL League Two,256,USA,Group Stage,False,2026-06-06,4035,4031,Boston Bolts,AC Connecticut,3.0,2.0,1.0,0.0,,,,,,,,,Desconocido
1524794.0,USL League Two,256,USA,Group Stage,False,2026-06-06,4036,4056,Brazos Valley,Houston FC,2.0,3.0,1.0,1.0,,,,,,,,,Desconocido
1524761.0,USL League Two,256,USA,Group Stage,False,2026-06-06,23112,4087,Brooke House,The Villages,0.0,3.0,0.0,3.0,,,,,,,,,Desconocido
1524774.0,USL League Two,256,USA,Group Stage,False,2026-06-06,20963,4093,Capo,Ventura County Fusion,1.0,1.0,0.0,0.0,,,,,,,,,Desconocido
1524775.0,USL League Two,256,USA,Group Stage,False,2026-06-06,4038,23122,Cedar Stars Rush,Staten Island Athletic,1.0,0.0,0.0,0.0,,,,,,,,,Desconocido
1524796.0,USL League Two,256,USA,Group Stage,False,2026-06-06,10096,4039,Charlotte Independence 2,Charlotte Eagles,1.0,0.0,0.0,0.0,,,,,,,,,Desconocido
1524801.0,USL League Two,256,USA,Group Stage,False,2026-06-06,23114,4049,Charlottesville Blues,Evergreen,1.0,1.0,1.0,0.0,,,,,,,,,Desconocido
1524762.0,USL League Two,256,USA,Group Stage,False,2026-06-06,25937,4109,City SC,Tucson,2.0,1.0,1.0,0.0,,,,,,,,,Desconocido
1524776.0,USL League Two,256,USA,Group Stage,False,2026-06-06,18891,18895,Colorado ISA,Flatirons Rush,4.0,2.0,2.0,1.0,,,,,,,,,Desconocido
1524797.0,USL League Two,256,USA,Group Stage,False,2026-06-06,23979,25944,Columbus United,Montgomery United,3.0,2.0,1.0,0.0,,,,,,,,,Desconocido
1524766.0,USL League Two,256,USA,Group Stage,False,2026-06-06,27514,4082,Connecticut Rush,Seacoast United Phantoms,2.0,3.0,0.0,0.0,,,,,,,,,Desconocido
1524755.0,USL League Two,256,USA,Group Stage,False,2026-06-06,10097,23216,East Atlanta,Apotheos,2.0,4.0,0.0,2.0,,,,,,,,,Desconocido
1524758.0,USL League Two,256,USA,Group Stage,False,2026-06-06,27515,21288,Edgewater Castle,Rochester,3.0,2.0,2.0,2.0,,,,,,,,,Desconocido
1524759.0,USL League Two,256,USA,Group Stage,False,2026-06-06,25955,18890,Erie Sports Center,Cleveland Force,1.0,4.0,0.0,3.0,,,,,,,,,Desconocido
1524783.0,USL League Two,256,USA,Group Stage,False,2026-06-06,4051,10280,FC Miami City,Inter Miami II,0.0,3.0,0.0,0.0,,,,,,,,,Desconocido
1524777.0,USL League Two,256,USA,Group Stage,False,2026-06-06,4052,18901,Flint City Bucks,Midwest United,2.0,1.0,1.0,0.0,,,,,,,,,Desconocido
1525397.0,USL League Two,256,USA,Group Stage,False,2026-06-06,23117,4001,Hattiesburg,Memphis 901,3.0,3.0,1.0,2.0,,,,,,,,,Desconocido
1524778.0,USL League Two,256,USA,Group Stage,False,2026-06-06,23118,27525,Hill Country Lobos,San Antonio FC 2,2.0,3.0,0.0,1.0,,,,,,,,,Desconocido
1524802.0,USL League Two,256,USA,Group Stage,False,2026-06-06,9028,18896,Laredo Heat,Houston Sur,3.0,0.0,1.0,0.0,,,,,,,,,Desconocido
1524779.0,USL League Two,256,USA,Group Stage,False,2026-06-06,9029,27517,Little Rock Rangers,Jackson Boom,2.0,0.0,1.0,0.0,,,,,,,,,Desconocido
1524760.0,USL League Two,256,USA,Group Stage,False,2026-06-06,16728,4060,Lone Star II,Lehigh Valley United,4.0,1.0,1.0,1.0,,,,,,,,,Desconocido
1524803.0,USL League Two,256,USA,Group Stage,False,2026-06-06,25942,4032,Lonestar,AHFC Royals,1.0,1.0,1.0,1.0,,,,,,,,,Desconocido
1524780.0,USL League Two,256,USA,Group Stage,False,2026-06-06,27519,27521,Lorain County Leviathan,Pittsburgh Riverhounds 2,3.0,2.0,2.0,1.0,,,,,,,,,Desconocido
1524781.0,USL League Two,256,USA,Group Stage,False,2026-06-06,10067,25946,Louisiana Krewe,Red River,1.0,1.0,1.0,0.0,,,,,,,,,Desconocido
1524782.0,USL League Two,256,USA,Group Stage,False,2026-06-06,4063,18894,Manhattan,FC Motown II,1.0,3.0,1.0,1.0,,,,,,,,,Desconocido
1524763.0,USL League Two,256,USA,Group Stage,False,2026-06-06,18900,21281,Miami AC,Brevard,2.0,3.0,1.0,2.0,,,,,,,,,Desconocido
1524784.0,USL League Two,256,USA,Group Stage,False,2026-06-06,10069,23123,Minneapolis City,Sueno,2.0,1.0,1.0,0.0,,,,,,,,,Desconocido
1524785.0,USL League Two,256,USA,Group Stage,False,2026-06-06,26064,4034,New England FC,Black Rock,2.0,1.0,1.0,1.0,,,,,,,,,Desconocido
1524788.0,USL League Two,256,USA,Group Stage,False,2026-06-06,4066,4067,North Carolina Fusion,North Carolina II,2.0,3.0,0.0,1.0,,,,,,,,,Desconocido
1524786.0,USL League Two,256,USA,Group Stage,False,2026-06-06,10100,18898,Oakland County,Lansing City,6.0,0.0,2.0,0.0,,,,,,,,,Desconocido
1525398.0,USL League Two,256,USA,Group Stage,False,2026-06-06,4068,23825,Ocean City Nor'easters,PA Classics,5.0,0.0,3.0,0.0,,,,,,,,,Desconocido
1524787.0,USL League Two,256,USA,Group Stage,False,2026-06-06,27526,23121,Rockford Raptors,River Light,1.0,4.0,0.0,1.0,,,,,,,,,Desconocido
1524790.0,USL League Two,256,USA,Group Stage,False,2026-06-06,4076,26805,SC United Bantams,Port City,3.0,0.0,1.0,0.0,,,,,,,,,Desconocido
1524791.0,USL League Two,256,USA,Group Stage,False,2026-06-06,27524,18903,Shark Coast,Nona,1.0,2.0,0.0,0.0,,,,,,,,,Desconocido
1524799.0,USL League Two,256,USA,Group Stage,False,2026-06-06,10103,23111,Southern Soccer Academy,Birmingham Legion II,3.0,1.0,2.0,0.0,,,,,,,,,Desconocido
1524789.0,USL League Two,256,USA,Group Stage,False,2026-06-06,10490,10145,Sportivo San Juan,Academica,2.0,2.0,0.0,2.0,,,,,,,,,Desconocido
1524792.0,USL League Two,256,USA,Group Stage,False,2026-06-06,25950,25947,St. Louis Ambush,Santafé Wanderers,0.0,2.0,0.0,1.0,,,,,,,,,Desconocido
1524757.0,USL League Two,256,USA,Group Stage,False,2026-06-06,23227,17019,Steel City,Buffalo,3.0,0.0,3.0,0.0,,,,,,,,,Desconocido
1524756.0,USL League Two,256,USA,Group Stage,False,2026-06-06,24029,25949,Sunflower State,Springfield,3.0,2.0,2.0,2.0,,,,,,,,,Desconocido
1524793.0,USL League Two,256,USA,Group Stage,False,2026-06-06,25487,23224,Texoma,Lubbock Matadors,2.0,1.0,0.0,0.0,,,,,,,,,Desconocido
1524771.0,USL League Two,256,USA,Group Stage,False,2026-06-06,3961,23127,Unión Villa Krause,Utah United,0.0,0.0,0.0,0.0,,,,,,,,,Desconocido
1524768.0,USL League Two,256,USA,Group Stage,False,2026-06-06,4098,25941,West Virginia Alliance,Kings Hammer Columbus,1.0,0.0,0.0,0.0,,,,,,,,,Desconocido
1524800.0,USL League Two,256,USA,Group Stage,False,2026-06-06,4099,9086,Westchester Flames,New Jersey Copa,2.0,4.0,2.0,2.0,,,,,,,,,Desconocido
1532119.0,USL W League,1117,USA,Regular Season - 1,False,2026-06-06,23928,25846,AC Connecticut W,Hudson Valley Crusaders W,0.0,4.0,0.0,4.0,,,,,,,,,Desconocido
1532131.0,USL W League,1117,USA,Regular Season - 1,False,2026-06-06,23930,23952,Ann Arbor W,Midwest United W,1.0,3.0,1.0,2.0,,,,,,,,,Desconocido
1532385.0,USL W League,1117,USA,Regular Season - 1,False,2026-06-06,25935,27609,Capo W,Los Angeles SC W,2.0,1.0,2.0,1.0,,,,,,,,,Desconocido
1532124.0,USL W League,1117,USA,Regular Season - 1,False,2026-06-06,25842,23911,Carolina Ascent II W,NC Courage II W,1.0,3.0,1.0,0.0,,,,,,,,,Desconocido
1532126.0,USL W League,1117,USA,Regular Season - 1,False,2026-06-06,23936,25858,Charlottesville Blues W,Annapolis Blues W,0.0,4.0,0.0,0.0,,,,,,,,,Desconocido
1532125.0,USL W League,1117,USA,Regular Season - 1,False,2026-06-06,23942,23901,Colorado ISA W,Flatirons II W,1.0,4.0,0.0,1.0,,,,,,,,,Desconocido
1532345.0,USL W League,1117,USA,Regular Season - 1,False,2026-06-06,27743,23958,Edgewater Castle W,Rochester W,1.0,0.0,0.0,0.0,,,,,,,,,Desconocido
1532121.0,USL W League,1117,USA,Regular Season - 1,False,2026-06-06,25844,25852,Flower City 1872 W,Pittsburgh Riveters W,0.0,4.0,0.0,1.0,,,,,,,,,Desconocido
1532129.0,USL W League,1117,USA,Regular Season - 1,False,2026-06-06,25848,23937,Knoxville W,Chattanooga Red Wolves W,3.0,0.0,0.0,0.0,,,,,,,,,Desconocido
1532120.0,USL W League,1117,USA,Regular Season - 1,False,2026-06-06,23951,25855,Miami AC W,Sporting JAX W,1.0,6.0,,,,,,,,,,,Desconocido
1532123.0,USL W League,1117,USA,Regular Season - 1,False,2026-06-06,23910,23919,Minnesota Aurora W,RKC Third Coast W,1.0,0.0,0.0,0.0,,,,,,,,,Desconocido
1532386.0,USL W League,1117,USA,Regular Season - 1,False,2026-06-06,27612,23908,Monterey Bay FC W,Marin FC Siren W,5.0,0.0,2.0,0.0,,,,,,,,,Desconocido
1532127.0,USL W League,1117,USA,Regular Season - 1,False,2026-06-06,23954,23897,North Carolina Fusion W,Charlotte Eagles II W,1.0,2.0,1.0,1.0,,,,,,,,,Desconocido
1532132.0,USL W League,1117,USA,Regular Season - 1,False,2026-06-06,23916,25860,Paisley Athletic W,New Jersey Copa W,6.0,1.0,4.0,0.0,,,,,,,,,Desconocido
1532346.0,USL W League,1117,USA,Regular Season - 1,False,2026-06-06,27749,23957,Rockford Raptors W,River Light W,1.0,2.0,1.0,2.0,,,,,,,,,Desconocido
1532130.0,USL W League,1117,USA,Regular Season - 1,False,2026-06-06,23959,23967,SC United Bantams W,Wake W,0.0,2.0,0.0,1.0,,,,,,,,,Desconocido
1532122.0,USL W League,1117,USA,Regular Season - 1,False,2026-06-06,23922,23933,SSA Royals W,Birmingham Legion W,3.0,0.0,3.0,0.0,,,,,,,,,Desconocido
1532432.0,USL W League,1117,USA,Regular Season - 1,False,2026-06-06,25853,27615,Salmon Bay W,Portland Cherry Bombs FC W,1.0,1.0,0.0,0.0,,,,,,,,,Desconocido
1532347.0,USL W League,1117,USA,Regular Season - 1,False,2026-06-06,27752,25856,Snohomish United W,West Seattle Rhodies W,7.0,0.0,5.0,0.0,,,,,,,,,Desconocido
1532133.0,USL W League,1117,USA,Regular Season - 1,False,2026-06-06,23857,25929,SoCal Dutch Lions W,Sta Clarita Blue Heat W,0.0,4.0,0.0,0.0,,,,,,,,,Desconocido
1532128.0,USL W League,1117,USA,Regular Season - 1,False,2026-06-06,25861,25859,Steel City W,Buffalo W,1.0,0.0,1.0,0.0,,,,,,,,,Desconocido
1532433.0,USL W League,1117,USA,Regular Season - 1,False,2026-06-06,27744,27613,Vermont Green W,New England Mutiny W,2.0,1.0,0.0,1.0,,,,,,,,,Desconocido
1532434.0,USL W League,1117,USA,Regular Season - 1,False,2026-06-06,27614,25851,Virginia Development Academy W,Norfolk W,2.0,1.0,0.0,1.0,,,,,,,,,Desconocido
1546807.0,Primera División,268,Uruguay,Torneo Intermedio - 4,True,2026-06-06,2365,2370,Atletico Torque,Deportivo Maldonado,2.0,4.0,1.0,2.0,,,,,,,,,B. Sacarelo
1546806.0,Primera División,268,Uruguay,Torneo Intermedio - 4,True,2026-06-06,2368,2359,Central Espanol,Racing Montevideo,1.0,1.0,0.0,0.0,,,,,,,,,E. Guerra
1546808.0,Primera División,268,Uruguay,Torneo Intermedio - 4,True,2026-06-06,2356,2353,Club Nacional,Juventud,2.0,1.0,0.0,1.0,,,,,,,,,E. Ostojich
1548197.0,Segunda División,269,Uruguay,2nd Phase - 5,True,2026-06-06,2357,2351,Fenix,CA River Plate,3.0,1.0,1.0,1.0,,,,,,,,,Desconocido
1548198.0,Segunda División,269,Uruguay,2nd Phase - 5,True,2026-06-06,18295,19410,La Luz,Paysandu,1.0,2.0,0.0,1.0,,,,,,,,,Desconocido
1548199.0,Segunda División,269,Uruguay,2nd Phase - 5,True,2026-06-06,2371,15628,Rentistas,Colón,0.0,2.0,0.0,1.0,,,,,,,,,Desconocido
1548388.0,Segunda División,300,Venezuela,Regular Season - 14,False,2026-06-06,2817,11371,Aragua FC,Monagas II,1.0,2.0,0.0,1.0,,,,,,,,,Desconocido
1548387.0,Segunda División,300,Venezuela,Regular Season - 14,False,2026-06-06,21231,2853,Bolívar,Petare FC,2.0,0.0,0.0,0.0,,,,,,,,,Desconocido
1548393.0,Segunda División,300,Venezuela,Regular Season - 18,False,2026-06-06,2812,2816,Deportivo Lara,Urena SC,2.0,3.0,0.0,1.0,,,,,,,,,Desconocido
1548389.0,Segunda División,300,Venezuela,Regular Season - 14,False,2026-06-06,21208,2858,Marítimo,Dinamo de Puerto La Cruz,2.0,1.0,2.0,0.0,,,,,,,,,Desconocido
1548392.0,Segunda División,300,Venezuela,Regular Season - 18,False,2026-06-06,2847,10091,Real Frontera,Fundación Lara Deportiva,1.0,2.0,0.0,0.0,,,,,,,,,Desconocido
1548394.0,Segunda División,300,Venezuela,Regular Season - 18,False,2026-06-06,2829,27528,Yaracuyanos FC,Club Atletico Barinas,1.0,2.0,0.0,2.0,,,,,,,,,Desconocido
1518170.0,V.League 2,637,Vietnam,Regular Season - 22,False,2026-06-06,26601,26649,Bắc Ninh,PVF-CAND,1.0,3.0,0.0,2.0,,,,,,,,,Desconocido
1518171.0,V.League 2,637,Vietnam,Regular Season - 22,False,2026-06-06,3672,9164,Ho Chi Minh,Dong Thap,2.0,0.0,1.0,0.0,,,,,,,,,Desconocido
1518172.0,V.League 2,637,Vietnam,Regular Season - 22,False,2026-06-06,9165,9160,Long An,Binh Dinh,1.0,2.0,1.0,0.0,,,,,,,,,Desconocido
1518173.0,V.League 2,637,Vietnam,Regular Season - 22,False,2026-06-06,3679,25022,Than Quang Ninh,Hồ Chí Minh II,4.0,2.0,3.0,1.0,,,,,,,,,Desconocido
1518175.0,V.League 2,637,Vietnam,Regular Season - 22,False,2026-06-06,26745,9161,Xuan Thien Phu Tho,Bình Phước,1.0,0.0,0.0,0.0,,,,,,,,,Desconocido
1547215.0,ASEAN Championship U19,928,World,Group Stage - 2,False,2026-06-06,19148,19153,Cambodia U19,Philippines U19,3.0,0.0,3.0,0.0,,,,,,,,,Desconocido
1548310.0,Baltic Cup,849,World,Semi-finals,True,2026-06-06,1101,1098,Estonia,Faroe Islands,1.0,0.0,0.0,0.0,,,,,,,,,K. Ratnieks
1548309.0,Baltic Cup,849,World,Semi-finals,True,2026-06-06,1097,1092,Lithuania,Latvia,1.0,1.0,1.0,0.0,,,,,,,,,J. Jaanovits
1542894.0,Friendlies,10,World,Friendly International,True,2026-06-06,778,1102,Albania,Luxembourg,0.0,1.0,0.0,1.0,,,,,,,,,Desconocido
1540355.0,Friendlies,10,World,Friendly International,True,2026-06-06,26,4672,Argentina,Honduras,2.0,0.0,1.0,0.0,,,,,,,,,"Yoshito Nakagawa, Japan"
1537649.0,Friendlies,10,World,Friendly International,True,2026-06-06,1094,1095,Armenia,Kazakhstan,1.0,1.0,0.0,0.0,,,,,,,,,Desconocido
1548438.0,Friendlies,10,World,Friendly International,True,2026-06-06,8181,19624,Azerbaijan U21,Bahrain U20,3.0,0.0,1.0,0.0,,,,,,,,,Desconocido
1512767.0,Friendlies,10,World,Friendly International,True,2026-06-06,1,28,Belgium,Tunisia,5.0,0.0,1.0,0.0,,,,,,,,,"Anastasios Sidiropoulos, Greece"
1540949.0,Friendlies,10,World,Friendly International,True,2026-06-06,2381,1108,Bolivia,Scotland,0.0,4.0,0.0,4.0,,,,,,,,,"Rosendo Mendoza, USA"
1528287.0,Friendlies,10,World,Friendly International,True,2026-06-06,6,32,Brazil,Egypt,2.0,1.0,1.0,1.0,,,,,,,,,"Adonai Escobedo Gonzalez, Mexico"
1550808.0,Friendlies,10,World,Friendly International,True,2026-06-06,8168,10982,British Virgin Islands,Bonaire,2.0,0.0,,,,,,,,,,,Desconocido
1546499.0,Friendlies,10,World,Friendly International,True,2026-06-06,1533,5158,Cape Verde Islands,Bermuda,3.0,0.0,1.0,0.0,,,,,,,,,Desconocido
1550810.0,Friendlies,10,World,Friendly International,True,2026-06-06,16201,16200,Chile U20,Brazil U20,0.0,1.0,0.0,0.0,,,,,,,,,Desconocido
1546839.0,Friendlies,10,World,Friendly International,True,2026-06-06,10932,10959,China PR U23,Tajikistan U23,1.0,0.0,0.0,0.0,,,,,,,,,Desconocido
1545270.0,Friendlies,10,World,Friendly International,True,2026-06-06,8186,8217,Croatia U21,Republic of Ireland U21,2.0,2.0,1.0,1.0,,,,,,,,,Desconocido
1537650.0,Friendlies,10,World,Friendly International,True,2026-06-06,5530,8167,Curaçao,Aruba,4.0,0.0,0.0,0.0,,,,,,,,,Desconocido
1548436.0,Friendlies,10,World,Friendly International,True,2026-06-06,21465,21477,Czech Republic U18,Romania U18,0.0,1.0,0.0,1.0,,,,,,,,,Desconocido
1550807.0,Friendlies,10,World,Friendly International,True,2026-06-06,27551,10344,Egypt U19,Russia U19,3.0,1.0,1.0,0.0,,,,,,,,,Desconocido
1525492.0,Friendlies,10,World,Friendly International,True,2026-06-06,10,4673,England,New Zealand,1.0,0.0,1.0,0.0,,,,,,,,,"Natalie Simon, USA"
1548439.0,Friendlies,10,World,Friendly International,True,2026-06-06,10361,10370,Estonia U19,Lithuania U19,3.0,1.0,2.0,1.0,,,,,,,,,Desconocido
1545701.0,Friendlies,10,World,Friendly International,True,2026-06-06,1506,1495,Ethiopia,Malawi,1.0,0.0,1.0,0.0,,,,,,,,,Desconocido
1550806.0,Friendlies,10,World,Friendly International,True,2026-06-06,21467,19075,Finland U18,Turkey U18,3.0,1.0,2.0,1.0,,,,,,,,,Desconocido
1545272.0,Friendlies,10,World,Friendly International,True,2026-06-06,1093,8169,Gibraltar,Cayman Islands,4.0,1.0,1.0,1.0,,,,,,,,,Desconocido
1550809.0,Friendlies,10,World,Friendly International,True,2026-06-06,2385,1531,Jamaica,South Africa,1.0,1.0,0.0,1.0,,,,,,,,,Desconocido
1550805.0,Friendlies,10,World,Friendly International,True,2026-06-06,11004,11003,Jamaica U20,Haiti U20,9.0,0.0,,,,,,,,,,,Desconocido
1548441.0,Friendlies,10,World,Friendly International,True,2026-06-06,19627,10297,Jordan U20,Panama U20,1.0,2.0,0.0,1.0,,,,,,,,,Desconocido
1548442.0,Friendlies,10,World,Friendly International,True,2026-06-06,8203,8207,Kosovo U21,Luxembourg U21,0.0,0.0,0.0,0.0,,,,,,,,,Desconocido
1550804.0,Friendlies,10,World,Friendly International,True,2026-06-06,10941,10184,Kyrgyz Republic U23,UAE U23,1.0,1.0,1.0,0.0,,,,,,,,,Desconocido
1548440.0,Friendlies,10,World,Friendly International,True,2026-06-06,1554,1562,Kyrgyzstan,Palestine,0.0,0.0,0.0,0.0,,,,,,,,,Desconocido
1583643.0,Friendlies,10,World,Friendly International,True,2026-06-06,10179,1524,Morocco U23,Comoros,2.0,1.0,,,,,,,,,,,Desconocido
1545700.0,Friendlies,10,World,Friendly International,True,2026-06-06,1556,8119,Myanmar,Guam,6.0,1.0,3.0,0.0,,,,,,,,,Desconocido
1544360.0,Friendlies,10,World,Friendly International,True,2026-06-06,11,1113,Panama,Bosnia & Herzegovina,1.0,1.0,1.0,1.0,,,,,,,,,Desconocido
1528286.0,Friendlies,10,World,Friendly International,True,2026-06-06,27,2383,Portugal,Chile,2.0,1.0,0.0,0.0,,,,,,,,,"Luca Zufferli, Italy"
1544361.0,Friendlies,10,World,Friendly International,True,2026-06-06,1569,5159,Qatar,El Salvador,0.0,0.0,0.0,0.0,,,,,,,,,"Rubiel Vazquez, USA"
1542180.0,Friendlies,10,World,Friendly International,True,2026-06-06,774,767,Romania,Wales,2.0,1.0,0.0,0.0,,,,,,,,,"Rohit Saggi, Norway"
1548443.0,Friendlies,10,World,Friendly International,True,2026-06-06,1499,1525,Sierra Leone,Liberia,1.0,0.0,0.0,0.0,,,,,,,,,Desconocido
1542181.0,Friendlies,10,World,Friendly International,True,2026-06-06,15,20,Switzerland,Australia,1.0,1.0,1.0,0.0,,,,,,,,,"Katja Koroleva, USA"
1546498.0,Friendlies,10,World,Friendly International,True,2026-06-06,10960,10177,Thailand U23,Korea Republic U23,2.0,3.0,2.0,1.0,,,,,,,,,Desconocido
1502474.0,Friendlies,10,World,Friendly International,True,2026-06-06,2384,25,USA,Germany,1.0,2.0,1.0,1.0,,,,,,,,,"Piero Maza, Chile"
1550803.0,Friendlies,10,World,Friendly International,True,2026-06-06,22343,21474,Ukraine U18,Norway U18,1.0,1.0,1.0,1.0,,,,,,,,,Desconocido
1548437.0,Friendlies,10,World,Friendly International,True,2026-06-06,5170,5160,Vanuatu,Fiji,2.0,1.0,0.0,0.0,,,,,,,,,Desconocido
1543829.0,Friendlies,10,World,Friendly International,True,2026-06-06,2379,777,Venezuela,Türkiye,1.0,2.0,1.0,1.0,,,,,,,,,D. Quintero
1550469.0,Friendlies Clubs,667,World,Club Friendly,True,2026-06-06,9419,380,Arsenal,FC Minsk,3.0,1.0,2.0,1.0,,,,,,,,,Desconocido
1547848.0,Friendlies Clubs,667,World,Club Friendly,True,2026-06-06,7176,3460,Nagaland,Aizawl,0.0,2.0,0.0,1.0,,,,,,,,,Desconocido
1544316.0,Friendlies Women,666,World,Friendly International Women,True,2026-06-06,1722,1729,Australia W,Mexico W,0.0,1.0,0.0,0.0,,,,,,,,,S. Pearson
1548472.0,Friendlies Women,666,World,Friendly International Women,True,2026-06-06,19079,19087,Brazil U20 W,Korea Republic U20 W,3.0,0.0,2.0,0.0,,,,,,,,,Desconocido
1542895.0,Friendlies Women,666,World,Friendly International Women,True,2026-06-06,1726,1718,Brazil W,USA W,2.0,1.0,2.0,1.0,,,,,,,,,M. Gil
1550864.0,Friendlies Women,666,World,Friendly International Women,True,2026-06-06,19080,19086,Canada U20 W,Japan U20 W,2.0,2.0,1.0,0.0,,,,,,,,,Desconocido
1550863.0,Friendlies Women,666,World,Friendly International Women,True,2026-06-06,19060,19088,Czech Republic U19 W,Mexico U20 W,0.0,2.0,0.0,1.0,,,,,,,,,Desconocido
1546833.0,Friendlies Women,666,World,Friendly International Women,True,2026-06-06,17896,19418,Hong Kong W,Fiji W,3.0,1.0,2.0,1.0,,,,,,,,,Desconocido
1539392.0,Friendlies Women,666,World,Friendly International Women,True,2026-06-06,1720,1978,Japan W,South Africa W,5.0,0.0,3.0,0.0,,,,,,,,,Desconocido
1548478.0,Friendlies Women,666,World,Friendly International Women,True,2026-06-06,18268,17891,Malaysia W,Palestine W,0.0,2.0,0.0,0.0,,,,,,,,,Desconocido
1548475.0,Friendlies Women,666,World,Friendly International Women,True,2026-06-06,27146,26292,Malta U19 W,Saudi Arabia U20 W,3.0,0.0,2.0,0.0,,,,,,,,,Desconocido
1548476.0,Friendlies Women,666,World,Friendly International Women,True,2026-06-06,27161,21272,Norway U18 W,Iceland U19 W,2.0,3.0,1.0,2.0,,,,,,,,,Desconocido
1641679.0,Friendlies Women,666,World,Friendly International Women,True,2026-06-06,28368,27108,Portugal U20 W,Finland U23 W,1.0,0.0,0.0,0.0,,,,,,,,,Desconocido
1545741.0,Friendlies Women,666,World,Friendly International Women,True,2026-06-06,17893,26046,Singapore W,Cambodia W,0.0,5.0,0.0,3.0,,,,,,,,,Desconocido
1550862.0,Friendlies Women,666,World,Friendly International Women,True,2026-06-06,27187,27890,Slovenia U19 W,Bosnia & Herzegovina U19 W,1.0,3.0,1.0,3.0,,,,,,,,,Desconocido
1548474.0,Friendlies Women,666,World,Friendly International Women,True,2026-06-06,21437,22550,Tanzania W,Malawi W,0.0,0.0,0.0,0.0,,,,,,,,,Desconocido
1546834.0,Friendlies Women,666,World,Friendly International Women,True,2026-06-06,1735,16945,Thailand W,Uzbekistan W,1.0,0.0,1.0,0.0,,,,,,,,,Desconocido
1550865.0,Friendlies Women,666,World,Friendly International Women,True,2026-06-06,27216,27097,Wales U19 W,Denmark U19 W,1.0,5.0,0.0,1.0,,,,,,,,,Desconocido
1548477.0,Friendlies Women,666,World,Friendly International Women,True,2026-06-06,15584,16934,Zambia W,Kenya W,1.0,1.0,1.0,0.0,,,,,,,,,Desconocido
1548473.0,Friendlies Women,666,World,Friendly International Women,True,2026-06-06,10877,14460,Zimbabwe W,Lesotho W,3.0,1.0,1.0,1.0,,,,,,,,,Desconocido
1545463.0,Tournoi Maurice Revello,914,World,Group Stage,False,2026-06-06,10290,10992,Japan U20,Canada U20,1.0,0.0,0.0,0.0,,,,,,,,,N. Campisova
1545464.0,Tournoi Maurice Revello,914,World,Group Stage,False,2026-06-06,10299,11026,Portugal U20,Côte d'Ivoire U20,0.0,0.0,0.0,0.0,,,,,,,,,R. Cokaj
1548185.0,UEFA U17 Championship - Qualification,886,World,Group Stage - 2,False,2026-06-06,17983,17960,Ukraine U17,Latvia U17,2.0,3.0,1.0,0.0,,,,,,,,,Desconocido
1538950.0,UEFA U19 Championship - Qualification,893,World,Qualification - Round 1 - League B - 2,True,2026-06-06,10337,10374,Iceland U19,Montenegro U19,1.0,1.0,1.0,1.0,,,,,,,,,Desconocido
1538911.0,UEFA U19 Championship - Qualification,893,World,Qualification - Round 1 - League A - 2,True,2026-06-06,10343,10364,Portugal U19,Greece U19,0.0,0.0,0.0,0.0,,,,,,,,,Desconocido
1538912.0,UEFA U19 Championship - Qualification,893,World,Qualification - Round 1 - League A - 2,True,2026-06-06,10346,10367,Serbia U19,Kazakhstan U19,1.0,3.0,1.0,1.0,,,,,,,,,Desconocido
1495282.0,Premier Soccer League,401,Zimbabwe,Regular Season - 16,False,2026-06-06,27273,5220,Agama,Chicken Inn,0.0,0.0,0.0,0.0,,,,,,,,,Desconocido
1495285.0,Premier Soccer League,401,Zimbabwe,Regular Season - 16,False,2026-06-06,5223,25735,Herentals,Scotland Mabvuku,0.0,2.0,0.0,2.0,,,,,,,,,Desconocido
1495288.0,Premier Soccer League,401,Zimbabwe,Regular Season - 16,False,2026-06-06,5229,25734,Ngezi Platinum,MWOS,1.0,0.0,0.0,0.0,,,,,,,,,Desconocido
1495289.0,Premier Soccer League,401,Zimbabwe,Regular Season - 16,False,2026-06-06,5231,5224,TelOne,Highlanders,1.0,0.0,0.0,0.0,,,,,,,,,Desconocido
1513482.0,Ligue 1,186,Algeria,Regular Season - 30,False,2026-06-05,918,904,JS Kabylie,CR Belouizdad,0.0,0.0,0.0,0.0,,,,,,,,,Desconocido
1513489.0,Ligue 1,186,Algeria,Regular Season - 30,False,2026-06-05,914,911,JS Saoura,CS Constantine,3.0,1.0,2.0,1.0,,,,,,,,,Desconocido
1513483.0,Ligue 1,186,Algeria,Regular Season - 30,False,2026-06-05,10752,10777,Khenchela,MB Rouisset,1.0,0.0,0.0,0.0,,,,,,,,,Desconocido
1513484.0,Ligue 1,186,Algeria,Regular Season - 30,False,2026-06-05,906,931,MC Alger,ASO Chlef,2.0,0.0,1.0,0.0,,,,,,,,,Desconocido
1513485.0,Ligue 1,186,Algeria,Regular Season - 30,False,2026-06-05,1070,10743,Mostaganem,El Bayadh,2.0,2.0,2.0,1.0,,,,,,,,,Desconocido
1513488.0,Ligue 1,186,Algeria,Regular Season - 30,False,2026-06-05,915,905,Paradou AC,ES Setif,0.0,2.0,0.0,1.0,,,,,,,,,Desconocido
1499458.0,Primera B Metropolitana,131,Argentina,Regular Season - 19,False,2026-06-05,8386,2422,Ituzaingó,Real Pilar,2.0,0.0,0.0,0.0,,,,,,,,,Desconocido
1499460.0,Primera B Metropolitana,131,Argentina,Regular Season - 19,False,2026-06-05,1927,8383,Talleres Remedios,Deportivo Merlo,2.0,0.0,1.0,0.0,,,,,,,,,Desconocido
1498587.0,Primera Nacional,129,Argentina,Regular Season - 17,False,2026-06-05,1928,1963,Gimnasia Y Tiro,Midland,1.0,0.0,0.0,0.0,,,,,,,,,Desconocido
1512447.0,Reserve League,906,Argentina,Apertura - 16,True,2026-06-05,18693,20817,Platense Res.,Belgrano Córdoba Res.,0.0,2.0,0.0,0.0,,,,,,,,,Desconocido
1548686.0,Torneo Promocional Amateur,1067,Argentina,Regular Season - 2,False,2026-06-05,23100,23094,Estrella de Berisso,Atletico Pilar,1.0,0.0,1.0,0.0,,,,,,,,,Desconocido
1517555.0,New South Wales NPL,192,Australia,Regular Season - 18,False,2026-06-05,3773,16775,Sydney FC U23,NWS Spirit,1.0,0.0,1.0,0.0,,,,,,,,,Desconocido
1517781.0,New South Wales NPL 2,835,Australia,Regular Season - 18,False,2026-06-05,16773,20798,Hills Brumbies,Bulls Academy,2.0,2.0,2.0,2.0,,,,,,,,,Desconocido
1523754.0,Northern NSW NPL,481,Australia,Regular Season - 13,False,2026-06-05,18313,23500,Cooks Hill United,Belmont Swansea,1.0,3.0,0.0,1.0,,,,,,,,,Desconocido
1549284.0,Npl Nsw U20,1230,Australia,Regular Season - 18,False,2026-06-05,27811,27805,Sydney FC U20,NWS Spirit U20,1.0,2.0,0.0,1.0,,,,,,,,,Desconocido
1524048.0,Queensland NPL,482,Australia,Regular Season - 14,False,2026-06-05,2531,22916,Eastern Suburbs,Moreton City Excelsior,0.0,0.0,0.0,0.0,,,,,,,,,Desconocido
1524047.0,Queensland NPL,482,Australia,Regular Season - 14,False,2026-06-05,10215,10220,Gold Coast Knights,Olympic,5.0,2.0,1.0,1.0,,,,,,,,,Desconocido
1524154.0,Queensland Premier League,833,Australia,Regular Season - 14,False,2026-06-05,11180,10214,Logan Lightning,Capalaba,1.0,0.0,0.0,0.0,,,,,,,,,Desconocido
1527073.0,South Australia NPL,194,Australia,Regular Season - 13,False,2026-06-05,3785,12866,Adelaide City,Sturt Lions,4.0,1.0,2.0,0.0,,,,,,,,,Desconocido
1533864.0,South Australia NPL,194,Australia,Regular Season - 13,False,2026-06-05,16769,3792,West Torrens Birkalla,Croydon Kings,1.0,0.0,0.0,0.0,,,,,,,,,Desconocido
1527377.0,South Australia State League 1,834,Australia,Regular Season - 13,False,2026-06-05,16766,25459,Eastern United,The Cove,1.0,0.0,1.0,0.0,,,,,,,,,Desconocido
1527313.0,South Australia State League 1,834,Australia,Regular Season - 13,False,2026-06-05,10010,16767,Modbury Jets,Fulham United,0.0,2.0,0.0,0.0,,,,,,,,,Desconocido
1521953.0,Victoria NPL,195,Australia,Regular Season - 16,False,2026-06-05,3799,3804,Bentleigh Greens,Hume City,1.0,5.0,1.0,3.0,,,,,,,,,Desconocido
1521951.0,Victoria NPL,195,Australia,Regular Season - 16,False,2026-06-05,3800,3803,Dandenong City,Heidelberg United,4.0,1.0,2.0,0.0,,,,,,,,,Desconocido
1521950.0,Victoria NPL,195,Australia,Regular Season - 16,False,2026-06-05,3802,3798,Green Gully,Avondale,0.0,2.0,0.0,1.0,,,,,,,,,Desconocido
1521952.0,Victoria NPL,195,Australia,Regular Season - 16,False,2026-06-05,3808,9978,Oakleigh Cannons,St. Albans Saints,2.0,2.0,1.0,1.0,,,,,,,,,Desconocido
1522202.0,Victoria NPL 2,836,Australia,Regular Season - 16,False,2026-06-05,27511,16781,Eltham Redbacks FC,Bulleen Lions,2.0,2.0,2.0,0.0,,,,,,,,,Desconocido
1522119.0,Victoria NPL 2,836,Australia,Regular Season - 16,False,2026-06-05,16788,16783,Northcote City,Langwarrin,3.0,1.0,0.0,0.0,,,,,,,,,Desconocido
1541357.0,Victoria Premier League 2,1226,Australia,Regular Season - 16,False,2026-06-05,27695,16789,Box Hill,Werribee City,0.0,2.0,0.0,0.0,,,,,,,,,Desconocido
1541313.0,Victoria Premier League 2,1226,Australia,Regular Season - 16,False,2026-06-05,9977,26150,Eastern Lions,Nunawading,2.0,0.0,1.0,0.0,,,,,,,,,Desconocido
1541430.0,Victoria Premier League 2,1226,Australia,Regular Season - 16,False,2026-06-05,27696,27699,Essendon Royals SC,Springvale,8.0,0.0,1.0,0.0,,,,,,,,,Desconocido
1541432.0,Victoria Premier League 2,1226,Australia,Regular Season - 16,False,2026-06-05,27700,27698,Whittlesea United,Malvern,1.0,0.0,0.0,0.0,,,,,,,,,Desconocido
1527204.0,Western Australia NPL,196,Australia,Regular Season - 13,False,2026-06-05,3814,23530,Bayswater City,Dianella White Eagle,4.0,3.0,1.0,3.0,,,,,,,,,Desconocido
1527205.0,Western Australia NPL,196,Australia,Regular Season - 13,False,2026-06-05,3819,3824,Perth,Stirling Lions,3.0,3.0,1.0,3.0,,,,,,,,,Desconocido
1535489.0,Western Australia State League 1,1094,Australia,Regular Season - 11,False,2026-06-05,3817,10093,Floreat Athena,Gwelup Croatia,4.0,0.0,0.0,0.0,,,,,,,,,Desconocido
1465150.0,Landesliga - Steiermark,229,Austria,Steiermark - 30,True,2026-06-05,4934,21729,Allerheiligen,FSC Hochegger Dächer,3.0,5.0,1.0,2.0,,,,,,,,,Desconocido
1465143.0,Landesliga - Steiermark,229,Austria,Steiermark - 30,True,2026-06-05,24454,8333,Bad Waltersdorf,Wildon,2.0,3.0,0.0,0.0,,,,,,,,,Desconocido
1465146.0,Landesliga - Steiermark,229,Austria,Steiermark - 30,True,2026-06-05,8318,8331,Bruck an der Mur,Union RB Weinland Gamlit,1.0,0.0,1.0,0.0,,,,,,,,,Desconocido
1465144.0,Landesliga - Steiermark,229,Austria,Steiermark - 30,True,2026-06-05,8320,18409,Fürstenfeld,UFC Fehring,1.0,2.0,0.0,0.0,,,,,,,,,Desconocido
1465147.0,Landesliga - Steiermark,229,Austria,Steiermark - 30,True,2026-06-05,8321,8326,Gnas,Leoben,5.0,2.0,4.0,0.0,,,,,,,,,Desconocido
1465148.0,Landesliga - Steiermark,229,Austria,Steiermark - 30,True,2026-06-05,8323,19310,Ilz,Köflach,4.0,0.0,3.0,0.0,,,,,,,,,Desconocido
1465145.0,Landesliga - Steiermark,229,Austria,Steiermark - 30,True,2026-06-05,8325,21533,Lebring,Tillmitsch,0.0,5.0,0.0,4.0,,,,,,,,,Desconocido
1465149.0,Landesliga - Steiermark,229,Austria,Steiermark - 30,True,2026-06-05,21730,19702,Schladming,Pachern,1.0,1.0,0.0,1.0,,,,,,,,,Desconocido
1397966.0,Regionalliga - Mitte,222,Austria,Mitte - 30,True,2026-06-05,4942,4996,Gurten,Weiz,1.0,0.0,0.0,0.0,,,,,,,,,Desconocido
1397964.0,Regionalliga - Mitte,222,Austria,Mitte - 30,True,2026-06-05,8250,1402,Ried II,SV Lafnitz,2.0,1.0,1.0,1.0,,,,,,,,,Desconocido
1397968.0,Regionalliga - Mitte,222,Austria,Mitte - 30,True,2026-06-05,4959,19193,St. Anna,Wohnbau Dietach,1.0,3.0,1.0,2.0,,,,,,,,,Desconocido
1397965.0,Regionalliga - Mitte,222,Austria,Mitte - 30,True,2026-06-05,4962,11225,Treibach,LASK Juniors,2.0,1.0,0.0,1.0,,,,,,,,,Desconocido
1397967.0,Regionalliga - Mitte,222,Austria,Mitte - 30,True,2026-06-05,8332,8253,Voitsberg,Wolfsberger AC II,2.0,1.0,1.0,1.0,,,,,,,,,Desconocido
1418145.0,Regionalliga - Ost,221,Austria,Ost - 34,True,2026-06-05,11200,25119,Oberwart,Krems / Rehberg,5.0,2.0,3.0,1.0,,,,,,,,,Desconocido
1418149.0,Regionalliga - Ost,221,Austria,Ost - 34,True,2026-06-05,16999,1397,TWL Elektra,SV Horn,1.0,5.0,0.0,2.0,,,,,,,,,Desconocido
1539813.0,Catarinense U20,1076,Brazil,Regular Season - 7,False,2026-06-05,12999,13019,Criciuma U20,Joinville U20,3.0,0.0,1.0,0.0,,,,,,,,,Desconocido
1540193.0,Cearense U20,1112,Brazil,Regular Season - 5,False,2026-06-05,23727,12985,Horizonte U20,Atlético Cearense U20,2.0,1.0,1.0,1.0,,,,,,,,,Desconocido
1546349.0,Estadual Junior U20,1143,Brazil,Quarter-finals,True,2026-06-05,13011,24933,Grêmio U20,Novo Hamburgo U20,0.0,0.0,0.0,0.0,,,,,,,,,Desconocido
1548058.0,Goiano U20,1069,Brazil,Semi-finals,True,2026-06-05,27626,23198,Anapolis U20,Cerrado EC U20,0.0,2.0,0.0,1.0,,,,,,,,,Desconocido
1536154.0,Mineiro U20,1107,Brazil,Regular Season - 9,False,2026-06-05,22833,23649,Coimbra U20,Minas Boca U20,2.0,1.0,1.0,1.0,,,,,,,,,Desconocido
1547241.0,Paulista - U20,1086,Brazil,Regular Season - 2,False,2026-06-05,23466,13061,Bandeirante U20,São Caetano U20,2.0,1.0,1.0,0.0,,,,,,,,,Desconocido
1546888.0,Paulista - U20,1086,Brazil,Regular Season - 2,False,2026-06-05,12987,18356,Botafogo SP U20,União São João U20,1.0,1.0,0.0,0.0,,,,,,,,,Desconocido
1546891.0,Paulista - U20,1086,Brazil,Regular Season - 2,False,2026-06-05,12993,22848,Capivariano U20,Sfera U20,2.0,1.0,2.0,0.0,,,,,,,,,Desconocido
1547242.0,Paulista - U20,1086,Brazil,Regular Season - 2,False,2026-06-05,18336,23465,Ibrachina U20,Aguai U20,5.0,0.0,2.0,0.0,,,,,,,,,Desconocido
1546884.0,Paulista - U20,1086,Brazil,Regular Season - 2,False,2026-06-05,13015,13006,Itapirense U20,Ferroviária U20,0.0,2.0,0.0,0.0,,,,,,,,,Desconocido
1546890.0,Paulista - U20,1086,Brazil,Regular Season - 2,False,2026-06-05,13016,13037,Ituano U20,Osasco Audax U20,1.0,0.0,0.0,0.0,,,,,,,,,Desconocido
1547243.0,Paulista - U20,1086,Brazil,Regular Season - 2,False,2026-06-05,23478,13045,Jabaquara U20,Portuguesa U20,1.0,2.0,0.0,1.0,,,,,,,,,Desconocido
1546882.0,Paulista - U20,1086,Brazil,Regular Season - 2,False,2026-06-05,13027,12998,Mirassol U20,Corinthians U20,0.0,1.0,0.0,0.0,,,,,,,,,Desconocido
1546887.0,Paulista - U20,1086,Brazil,Regular Season - 2,False,2026-06-05,13033,13003,Novorizontino U20,Desportivo Brasil U20,0.0,1.0,0.0,0.0,,,,,,,,,Desconocido
1546883.0,Paulista - U20,1086,Brazil,Regular Season - 2,False,2026-06-05,18344,13044,Portuguesa Santista U20,Ponte Preta U20,2.0,1.0,1.0,0.0,,,,,,,,,Desconocido
1546889.0,Paulista - U20,1086,Brazil,Regular Season - 2,False,2026-06-05,18345,13007,RB Bragantino U20,Flamengo SP U20,3.0,1.0,2.0,0.0,,,,,,,,,Desconocido
1547245.0,Paulista - U20,1086,Brazil,Regular Season - 2,False,2026-06-05,23485,13078,Referencia U20,Água Santa U20,1.0,2.0,1.0,1.0,,,,,,,,,Desconocido
1547244.0,Paulista - U20,1086,Brazil,Regular Season - 2,False,2026-06-05,27797,13077,SC Paulinense SP U20,XV de Piracicaba U20,1.0,1.0,1.0,0.0,,,,,,,,,Desconocido
1546886.0,Paulista - U20,1086,Brazil,Regular Season - 2,False,2026-06-05,13054,12973,Santo André U20,São Paulo U20,0.0,1.0,0.0,0.0,,,,,,,,,Desconocido
1546885.0,Paulista - U20,1086,Brazil,Regular Season - 2,False,2026-06-05,13059,20775,São Bento U20,União Suzano U20,0.0,1.0,0.0,0.0,,,,,,,,,Desconocido
1546892.0,Paulista - U20,1086,Brazil,Regular Season - 2,False,2026-06-05,13076,13026,XV de Jaú U20,Mauá U20,1.0,0.0,1.0,0.0,,,,,,,,,Desconocido
1541266.0,Paulista Série B,1098,Brazil,Regular Season - 8,False,2026-06-05,25770,27692,Assisense,Santa Fé FC,4.0,2.0,3.0,2.0,,,,,,,,,Desconocido
1541272.0,Paulista Série B,1098,Brazil,Regular Season - 8,False,2026-06-05,25771,27691,Guarulhos,Paulínia FU,1.0,0.0,0.0,0.0,,,,,,,,,Desconocido
1520716.0,Serie B,72,Brazil,Regular Season - 12,False,2026-06-05,1223,152,Operario-PR,Juventude,2.0,1.0,1.0,0.0,,,,,,,,,Y. Ferreira
1517293.0,Canadian Premier League,479,Canada,Group Stage,False,2026-06-05,20881,10169,Vancouver FC,Atlético Ottawa,2.0,1.0,2.0,0.0,,,,,,,,,Desconocido
1540359.0,Copa De La Liga,1220,Chile,Group Stage - 6,False,2026-06-05,5635,2330,Concepción,Coquimbo Unido,1.0,2.0,0.0,1.0,,,,,,,,,Desconocido
1511607.0,Primera B,266,Chile,Regular Season - 15,False,2026-06-05,2322,2345,San Luis,San Marcos de Arica,1.0,0.0,1.0,0.0,,,,,,,,,Desconocido
1532728.0,League Two,929,China,Regular Season - 9,False,2026-06-05,21328,27620,Rizhao Yuqi,Dalian Kewei,0.0,0.0,0.0,0.0,,,,,,,,,Y. Cui
1490721.0,1. Liga U19,668,Czech-Republic,Regular Season - 29,False,2026-06-05,14832,14840,Karviná U19,Zlín U19,2.0,1.0,1.0,0.0,,,,,,,,,Desconocido
1489726.0,3. liga - CFL A,348,Czech-Republic,ČFL A - 31,True,2026-06-05,15132,7334,Dukla Praha II,Písek,0.0,3.0,0.0,2.0,,,,,,,,,Desconocido
1489728.0,3. liga - CFL A,348,Czech-Republic,ČFL A - 31,True,2026-06-05,7330,26232,Petřín Plzeň,Slavia III,1.0,3.0,0.0,2.0,,,,,,,,,Desconocido
1489729.0,3. liga - CFL A,348,Czech-Republic,ČFL A - 31,True,2026-06-05,8620,7315,Viktoria Plzeň II,Loko Vltavín,2.0,0.0,0.0,0.0,,,,,,,,,Desconocido
1487459.0,3. liga - MSFL,349,Czech-Republic,MSFL - 31,True,2026-06-05,7300,8622,Hranice,Sigma Olomouc II,0.0,4.0,0.0,2.0,,,,,,,,,Desconocido
1489864.0,4. liga - Divizie A,350,Czech-Republic,Division A - 29,True,2026-06-05,26228,21646,Křimice,Tachov,0.0,1.0,0.0,1.0,,,,,,,,,Desconocido
1490100.0,4. liga - Divizie B,351,Czech-Republic,Division B - 29,True,2026-06-05,7282,7342,Chomutov,Slaný,4.0,1.0,3.0,1.0,,,,,,,,,Desconocido
1487603.0,4. liga - Divizie D,353,Czech-Republic,Division D - 29,True,2026-06-05,21650,7301,Líšeň II,Humpolec,5.0,1.0,5.0,0.0,,,,,,,,,Desconocido
1487609.0,4. liga - Divizie D,353,Czech-Republic,Division D - 29,True,2026-06-05,7373,19436,Velké Meziříčí,Tatran Bohunice,2.0,1.0,1.0,0.0,,,,,,,,,Desconocido
1487610.0,4. liga - Divizie D,353,Czech-Republic,Division D - 29,True,2026-06-05,3734,7389,Znojmo,Žďár nad Sázavou,10.0,1.0,4.0,0.0,,,,,,,,,Desconocido
1487716.0,4. liga - Divizie E,354,Czech-Republic,Division E - 29,True,2026-06-05,7366,7279,Tatran Všechovice,Brumov,1.0,1.0,1.0,1.0,,,,,,,,,Desconocido
1487715.0,4. liga - Divizie E,354,Czech-Republic,Division E - 29,True,2026-06-05,8624,7322,Uherský Brod,Nové Sady,4.0,4.0,2.0,3.0,,,,,,,,,Desconocido
1487831.0,4. liga - Divizie F,686,Czech-Republic,Division F - 29,True,2026-06-05,7323,7305,Nový Jičín,Jiskra Rýmařov,2.0,1.0,1.0,0.0,,,,,,,,,Desconocido
1487835.0,4. liga - Divizie F,686,Czech-Republic,Division F - 29,True,2026-06-05,7370,26129,Valašské Meziříčí,Zabreh,1.0,8.0,0.0,3.0,,,,,,,,,Desconocido
1540563.0,3. Division,862,Denmark,Relegation Group - 31,False,2026-06-05,6068,6038,Vejgaard B,Lyseng,2.0,0.0,1.0,0.0,,,,,,,,,Desconocido
1526551.0,Liga Pro Serie B,243,Ecuador,Regular Season - 13,False,2026-06-05,19414,25736,Santo Domingo,22 de Julio,1.0,0.0,0.0,0.0,,,,,,,,,Desconocido
1541503.0,Kakkonen - Lohko B,248,Finland,Group B - 8,False,2026-06-05,2245,9177,Musa,NJS,0.0,0.0,0.0,0.0,,,,,,,,,Desconocido
1541695.0,Kakkonen - Lohko C,249,Finland,Group C - 8,False,2026-06-05,6073,9200,JS Hercules,VPS II,1.0,5.0,0.0,1.0,,,,,,,,,Desconocido
1517184.0,Ykkönen,245,Finland,Group Stage,False,2026-06-05,18758,10199,KuPS Akatemia,KPV-j,4.0,1.0,1.0,1.0,,,,,,,,,Desconocido
1504240.0,Ykkösliiga,1087,Finland,Group Stage,False,2026-06-05,2080,9173,Haka,JäPS,1.0,2.0,1.0,2.0,,,,,,,,,A. Munukka
1504238.0,Ykkösliiga,1087,Finland,Group Stage,False,2026-06-05,9187,2076,KäPa,Kooteepee,1.0,2.0,1.0,1.0,,,,,,,,,A. Hajizadeh
1531371.0,GFA League,845,Gambia,Regular Season - 27,False,2026-06-05,20811,18107,Greater Tomorrow,Samger,1.0,1.0,1.0,0.0,,,,,,,,,Desconocido
1531372.0,GFA League,845,Gambia,Regular Season - 27,False,2026-06-05,8087,18109,Hawks,Team Rhino,0.0,0.0,0.0,0.0,,,,,,,,,Desconocido
1531373.0,GFA League,845,Gambia,Regular Season - 27,False,2026-06-05,27264,25420,Medina United,Hart Acedemy,0.0,0.0,0.0,0.0,,,,,,,,,Desconocido
1531374.0,GFA League,845,Gambia,Regular Season - 27,False,2026-06-05,18108,6413,Steve Biko,Brikama United,1.0,1.0,0.0,1.0,,,,,,,,,Desconocido
1514196.0,1. Deild,165,Iceland,Regular Season - 8,False,2026-06-05,2113,3514,HK Kopavogur,Afturelding,2.0,1.0,1.0,1.0,,,,,,,,,Desconocido
1514197.0,1. Deild,165,Iceland,Regular Season - 8,False,2026-06-05,2123,2122,Njardvik,IR Reykjavik,5.0,1.0,2.0,1.0,,,,,,,,,Desconocido
1514195.0,1. Deild,165,Iceland,Regular Season - 8,False,2026-06-05,4167,2114,Ægir,Leiknir R.,0.0,3.0,0.0,0.0,,,,,,,,,Desconocido
1543386.0,2. Deild,166,Iceland,Regular Season - 6,False,2026-06-05,6085,2118,Hvíti riddarinn,Haukar,0.0,2.0,0.0,2.0,,,,,,,,,Desconocido
1543385.0,2. Deild,166,Iceland,Regular Season - 6,False,2026-06-05,6093,2124,Kormákur / Hvöt,Magni,7.0,1.0,4.0,1.0,,,,,,,,,Desconocido
1548062.0,J2/J3 League,1235,Japan,Placement Play-offs - Final,True,2026-06-05,317,4323,Kamatamare Sanuki,Parceiro Nagano,0.0,0.0,0.0,0.0,,,,,,,,,Desconocido
1529737.0,1 Lyga,361,Lithuania,Regular Season - 13,False,2026-06-05,10696,14384,Ekranas,Neptūną Klaipėda,1.0,2.0,0.0,1.0,,,,,,,,,Desconocido
1545727.0,Première Division,598,Mali,Regular Season - 24,False,2026-06-05,17446,18183,Binga,US Bougouba,0.0,1.0,0.0,0.0,,,,,,,,,Desconocido
1545730.0,Première Division,598,Mali,Regular Season - 24,False,2026-06-05,25371,8060,Diarra,Djoliba,1.0,2.0,0.0,1.0,,,,,,,,,Desconocido
1545733.0,Première Division,598,Mali,Regular Season - 24,False,2026-06-05,12677,18182,Réal Bamako,Afrique Football Élite,0.0,0.0,0.0,0.0,,,,,,,,,Desconocido
1510355.0,K League 2,293,South-Korea,Regular Season - 15,False,2026-06-05,2752,2753,Busan I Park,Asan Mugunghwa,2.0,2.0,2.0,2.0,,,,,,,,,K. Choi
1510356.0,K League 2,293,South-Korea,Regular Season - 15,False,2026-06-05,2747,7098,Daegu FC,Paju Citizen,1.0,0.0,0.0,0.0,,,,,,,,,J. Ahn
1510357.0,K League 2,293,South-Korea,Regular Season - 15,False,2026-06-05,2757,7076,Seongnam FC,Gimhae City,1.0,1.0,0.0,0.0,,,,,,,,,S. Park
1547734.0,Primera División RFEF - Play Offs,1006,Spain,Promotion Play Offs,True,2026-06-05,9593,9575,Sabadell,Real Madrid II,3.0,0.0,2.0,0.0,,,,,,,,,Desconocido
1549874.0,Sudani Premier League,402,Sudan,Championship Group - 6,False,2026-06-05,5543,25524,Al Ahli Wad Medani,Umm Mughad,3.0,1.0,1.0,0.0,,,,,,,,,Desconocido
1549873.0,Sudani Premier League,402,Sudan,Championship Group - 6,False,2026-06-05,27328,5551,Al-Hilal Omdurman II,Hilal El-Fasher,1.0,0.0,1.0,0.0,,,,,,,,,Desconocido
1510594.0,Division 2 - Norra Götaland,592,Sweden,Norra Götaland - 11,True,2026-06-05,6670,6675,Grebbestad,Husqvarna,1.0,2.0,0.0,2.0,,,,,,,,,Desconocido
1510599.0,Division 2 - Norra Götaland,592,Sweden,Norra Götaland - 11,True,2026-06-05,12577,25569,Vänersborgs FK,Skara,1.0,3.0,0.0,1.0,,,,,,,,,Desconocido
1511324.0,Division 2 - Västra Götaland,596,Sweden,Västra Götaland - 11,True,2026-06-05,25575,6657,Böljan,Astrio,3.0,1.0,1.0,1.0,,,,,,,,,Desconocido
1511321.0,Division 2 - Västra Götaland,596,Sweden,Västra Götaland - 11,True,2026-06-05,21359,27309,Jonsered,Galtabacks,4.0,2.0,2.0,0.0,,,,,,,,,Desconocido
1511326.0,Division 2 - Västra Götaland,596,Sweden,Västra Götaland - 11,True,2026-06-05,18424,12609,Landvetter IS,Västra Frölunda,3.0,0.0,2.0,0.0,,,,,,,,,Desconocido
1511322.0,Division 2 - Västra Götaland,596,Sweden,Västra Götaland - 11,True,2026-06-05,6686,22935,Lindome,Kongahälla,2.0,2.0,0.0,1.0,,,,,,,,,Desconocido
1505173.0,Ettan - Norra,563,Sweden,Norra - 11,True,2026-06-05,12622,11659,FBK Karlstad,IF Karlstad,2.0,3.0,1.0,1.0,,,,,,,,,Desconocido
1513135.0,MLS Next Pro,909,USA,Group Stage,False,2026-06-05,21139,3988,Crown Legacy,Philadelphia Union II,1.0,0.0,1.0,0.0,,,,,,,,,Desconocido
1513136.0,MLS Next Pro,909,USA,Group Stage,False,2026-06-05,4025,21140,Toronto II,Huntsville City,2.0,1.0,2.0,0.0,,,,,,,,,Desconocido
1513137.0,MLS Next Pro,909,USA,Group Stage,False,2026-06-05,4028,4011,Vancouver Whitecaps II,Portland Timbers II,0.0,1.0,0.0,0.0,,,,,,,,,Desconocido
1524753.0,USL League Two,256,USA,Group Stage,False,2026-06-05,18904,25953,Oly Town,Bigfoot,3.0,0.0,2.0,0.0,,,,,,,,,Desconocido
1524754.0,USL League Two,256,USA,Group Stage,False,2026-06-05,21287,23107,Redlands,AMSG,2.0,1.0,1.0,1.0,,,,,,,,,Desconocido
1524752.0,USL League Two,256,USA,Group Stage,False,2026-06-05,25948,23120,Snohomish United,Midlakes United,2.0,1.0,1.0,0.0,,,,,,,,,Desconocido
1532384.0,USL W League,1117,USA,Regular Season - 1,False,2026-06-05,27610,23907,Hill Country Linces W,Lonestar II W,0.0,1.0,0.0,1.0,,,,,,,,,Desconocido
1532118.0,USL W League,1117,USA,Regular Season - 1,False,2026-06-05,25850,23925,Miami City W,TLH Reckoning W,1.0,1.0,0.0,0.0,,,,,,,,,Desconocido
1547738.0,Premier League,333,Ukraine,Final,True,2026-06-05,21953,3620,Kudrivka,Ahrobiznes Volochysk,0.0,0.0,0.0,0.0,,,,,,,,,V. Romanov
1548187.0,Premier League,333,Ukraine,Final,True,2026-06-05,3619,17162,Oleksandria,Livyi Bereh,1.0,1.0,1.0,0.0,,,,,,,,,O. Derevinskyi
1546805.0,Primera División,268,Uruguay,Torneo Intermedio - 4,True,2026-06-05,2360,2352,Wanderers,Danubio,0.0,0.0,0.0,0.0,,,,,,,,,H. Heras
1548196.0,Segunda División,269,Uruguay,2nd Phase - 5,True,2026-06-05,2355,2377,Plaza Colonia,Sportivo Huracan,0.0,0.0,0.0,0.0,,,,,,,,,Desconocido
1531055.0,Pro League A,1075,Uzbekistan,Regular Season - 9,False,2026-06-05,27584,27588,BuxDu,Yaypan,2.0,1.0,0.0,0.0,,,,,,,,,Desconocido
1548391.0,Segunda División,300,Venezuela,Regular Season - 18,False,2026-06-05,25902,2841,Puerto Cabello II,Zamora FC B,1.0,2.0,0.0,0.0,,,,,,,,,Desconocido
1547213.0,ASEAN Championship U19,928,World,Group Stage - 2,False,2026-06-05,19147,19151,Brunei U19,Malaysia U19,0.0,4.0,0.0,2.0,,,,,,,,,Desconocido
1547214.0,ASEAN Championship U19,928,World,Group Stage - 2,False,2026-06-05,19154,19155,Singapore U19,Thailand U19,0.0,4.0,0.0,2.0,,,,,,,,,Desconocido
1483041.0,CONMEBOL Nations League Women,1206,World,Group Stage - 8,False,2026-06-05,1782,18261,Argentina W,Peru W,1.0,1.0,0.0,0.0,,,,,,,,,Desconocido
1483042.0,CONMEBOL Nations League Women,1206,World,Group Stage - 8,False,2026-06-05,16924,16941,Bolivia W,Paraguay W,0.0,8.0,0.0,3.0,,,,,,,,,Desconocido
1483043.0,CONMEBOL Nations League Women,1206,World,Group Stage - 8,False,2026-06-05,1977,1731,Chile W,Ecuador W,1.0,2.0,0.0,1.0,,,,,,,,,Desconocido
1483044.0,CONMEBOL Nations League Women,1206,World,Group Stage - 8,False,2026-06-05,1737,16944,Colombia W,Uruguay W,1.0,0.0,1.0,0.0,,,,,,,,,Desconocido
1550818.0,Friendlies,10,World,Friendly International,True,2026-06-05,17936,17944,Albania U17,Bulgaria U17,1.0,4.0,0.0,1.0,,,,,,,,,Desconocido
1550820.0,Friendlies,10,World,Friendly International,True,2026-06-05,10186,20552,Algeria U23,Mauritania U23,2.0,0.0,1.0,0.0,,,,,,,,,Desconocido
1548435.0,Friendlies,10,World,Friendly International,True,2026-06-05,1529,1491,Angola,Mauritania,1.0,1.0,0.0,0.0,,,,,,,,,Desconocido
1544810.0,Friendlies,10,World,Friendly International,True,2026-06-05,1096,1112,Azerbaijan,Malta,0.0,2.0,0.0,0.0,,,,,,,,,Desconocido
1543825.0,Friendlies,10,World,Friendly International,True,2026-06-05,1100,1565,Belarus,Syria,4.0,1.0,2.0,0.0,,,,,,,,,A. Aghayev
1548430.0,Friendlies,10,World,Friendly International,True,2026-06-05,8182,8202,Belarus U21,Kazakhstan U21,2.0,0.0,2.0,0.0,,,,,,,,,Desconocido
1548433.0,Friendlies,10,World,Friendly International,True,2026-06-05,1516,1505,Benin,Niger,1.0,1.0,1.0,0.0,,,,,,,,,Desconocido
1528285.0,Friendlies,10,World,Friendly International,True,2026-06-05,5529,776,Canada,Rep. Of Ireland,1.0,1.0,1.0,0.0,,,,,,,,,Desconocido
1546494.0,Friendlies,10,World,Friendly International,True,2026-06-05,1527,1534,Central African Republic,Togo,1.0,1.0,1.0,0.0,,,,,,,,,Desconocido
1542179.0,Friendlies,10,World,Friendly International,True,2026-06-05,1104,1547,Georgia,Bahrain,2.0,0.0,0.0,0.0,,,,,,,,,D. Nicolson
1544811.0,Friendlies,10,World,Friendly International,True,2026-06-05,2386,30,Haiti,Peru,1.0,2.0,1.0,0.0,,,,,,,,,Desconocido
1545699.0,Friendlies,10,World,Friendly International,True,2026-06-05,4460,5534,Hong Kong,Mongolia,2.0,0.0,1.0,0.0,,,,,,,,,Desconocido
1523007.0,Friendlies,10,World,Friendly International,True,2026-06-05,769,1099,Hungary,Finland,2.0,1.0,2.0,0.0,,,,,,,,,"Ante Čulina, Croatia"
1543826.0,Friendlies,10,World,Friendly International,True,2026-06-05,1571,1552,Indonesia,Oman,3.0,0.0,2.0,0.0,,,,,,,,,Desconocido
1550802.0,Friendlies,10,World,Friendly International,True,2026-06-05,10293,18982,Mexico U20,Japan U19,1.0,3.0,0.0,3.0,,,,,,,,,Desconocido
1540354.0,Friendlies,10,World,Friendly International,True,2026-06-05,1114,1103,Moldova,Bulgaria,2.0,2.0,0.0,1.0,,,,,,,,,T. Qurbanov
1548429.0,Friendlies,10,World,Friendly International,True,2026-06-05,8210,8187,Montenegro U21,Cyprus U21,1.0,1.0,1.0,1.0,,,,,,,,,Desconocido
1543828.0,Friendlies,10,World,Friendly International,True,2026-06-05,2380,5164,Paraguay,Nicaragua,4.0,0.0,2.0,0.0,,,,,,,,,Desconocido
1546497.0,Friendlies,10,World,Friendly International,True,2026-06-05,5539,23,Puerto Rico,Saudi Arabia,0.0,3.0,0.0,1.0,,,,,,,,,Desconocido
1550814.0,Friendlies,10,World,Friendly International,True,2026-06-05,10300,10353,Qatar U20,Wales U19,0.0,2.0,0.0,1.0,,,,,,,,,Desconocido
1543827.0,Friendlies,10,World,Friendly International,True,2026-06-05,4,1502,Russia,Burkina Faso,3.0,0.0,2.0,0.0,,,,,,,,,N. Minakovic
1548431.0,Friendlies,10,World,Friendly International,True,2026-06-05,8219,10192,Russia U21,Iraq U23,5.0,1.0,1.0,0.0,,,,,,,,,Desconocido
1540353.0,Friendlies,10,World,Friendly International,True,2026-06-05,1115,1560,San Marino,Bangladesh,1.0,2.0,1.0,1.0,,,,,,,,,W. Altmann
1550813.0,Friendlies,10,World,Friendly International,True,2026-06-05,17977,17973,Serbia U17,Romania U17,2.0,1.0,1.0,0.0,,,,,,,,,Desconocido
1544809.0,Friendlies,10,World,Friendly International,True,2026-06-05,1546,1566,Singapore,China,1.0,2.0,0.0,2.0,,,,,,,,,R. Lutfullin
1542178.0,Friendlies,10,World,Friendly International,True,2026-06-05,773,1109,Slovakia,Montenegro,2.0,2.0,1.0,1.0,,,,,,,,,"Wojciech Myc, Poland"
1548434.0,Friendlies,10,World,Friendly International,True,2026-06-05,8231,8177,Slovenia U21,Albania U21,1.0,1.0,0.0,1.0,,,,,,,,,Desconocido
1546838.0,Friendlies,10,World,Friendly International,True,2026-06-05,1536,1537,Tajikistan,India,3.0,1.0,1.0,0.0,,,,,,,,,A. Nadjafaliev
1544808.0,Friendlies,10,World,Friendly International,True,2026-06-05,1564,1570,Thailand,Kuwait,2.0,2.0,2.0,0.0,,,,,,,,,M. Nasaruddin
1550819.0,Friendlies,10,World,Friendly International,True,2026-06-05,11049,11017,Tunisia U20,Algeria U20,1.0,0.0,0.0,0.0,,,,,,,,,Desconocido
1550817.0,Friendlies,10,World,Friendly International,True,2026-06-05,22342,10342,USA U18,Norway U19,0.0,2.0,0.0,1.0,,,,,,,,,Desconocido
1548432.0,Friendlies,10,World,Friendly International,True,2026-06-05,27072,8228,USA U21,Ukraine U21,3.0,1.0,2.0,1.0,,,,,,,,,A. Avdihodzic
1550816.0,Friendlies,10,World,Friendly International,True,2026-06-05,10306,8195,United States U20,Georgia U21,1.0,0.0,0.0,0.0,,,,,,,,,Desconocido
1550815.0,Friendlies,10,World,Friendly International,True,2026-06-05,10963,23539,Uzbekistan U23,Japan U21,0.0,1.0,0.0,1.0,,,,,,,,,Desconocido
1546556.0,Friendlies Women,666,World,Friendly International Women,True,2026-06-05,19417,14463,Egypt W,Tunisia W,1.0,1.0,0.0,1.0,,,,,,,,,Desconocido
1545735.0,Friendlies Women,666,World,Friendly International Women,True,2026-06-05,16927,1727,El Salvador W,Costa Rica W,1.0,1.0,0.0,0.0,,,,,,,,,Desconocido
1550859.0,Friendlies Women,666,World,Friendly International Women,True,2026-06-05,19063,27207,Germany U19 W,USA U19 W,0.0,2.0,0.0,1.0,,,,,,,,,Desconocido
1546557.0,Friendlies Women,666,World,Friendly International Women,True,2026-06-05,1734,26919,Ivory Coast W,Cape Verde W,3.0,0.0,2.0,0.0,,,,,,,,,Desconocido
1550861.0,Friendlies Women,666,World,Friendly International Women,True,2026-06-05,14461,21050,Morocco W,Benin W,4.0,2.0,3.0,1.0,,,,,,,,,Desconocido
1544818.0,Friendlies Women,666,World,Friendly International Women,True,2026-06-05,1716,14459,New Zealand W,Haiti W,1.0,2.0,1.0,1.0,,,,,,,,,Desconocido
1548471.0,Friendlies Women,666,World,Friendly International Women,True,2026-06-05,1730,18262,Nigeria W,Senegal W,2.0,1.0,2.0,0.0,,,,,,,,,Desconocido
1548470.0,Friendlies Women,666,World,Friendly International Women,True,2026-06-05,27162,27148,Norway U23 W,Mexico U23 W,1.0,1.0,0.0,0.0,,,,,,,,,Desconocido
1545445.0,Friendlies Women,666,World,Friendly International Women,True,2026-06-05,1781,1785,Panama W,Jamaica W,0.0,1.0,0.0,1.0,,,,,,,,,Desconocido
1550858.0,Friendlies Women,666,World,Friendly International Women,True,2026-06-05,27210,27123,Ukraine U19 W,Hungary U19 W,1.0,1.0,1.0,1.0,,,,,,,,,Desconocido
1550860.0,Friendlies Women,666,World,Friendly International Women,True,2026-06-05,19091,27110,United States U20 W,France U23 W,5.0,0.0,2.0,0.0,,,,,,,,,Desconocido
1545461.0,Tournoi Maurice Revello,914,World,Group Stage,False,2026-06-05,18981,17262,Colombia U19,China PR U20,0.0,1.0,0.0,1.0,,,,,,,,,F. Exner
1545462.0,Tournoi Maurice Revello,914,World,Group Stage,False,2026-06-05,23542,20562,Saudi Arabia U21,Tunisia U23,3.0,1.0,1.0,1.0,,,,,,,,,Desconocido
1523932.0,World Cup - Women - Qualification Europe,880,World,Group Stage - 5,False,2026-06-05,1756,16061,Andorra W,North Macedonia W,0.0,1.0,0.0,0.0,,,,,,,,,A. Afo
1523934.0,World Cup - Women - Qualification Europe,880,World,Group Stage - 5,False,2026-06-05,14457,1747,Armenia W,Kazakhstan W,1.0,1.0,1.0,0.0,,,,,,,,,M. San Juan
1523914.0,World Cup - Women - Qualification Europe,880,World,Group Stage - 5,False,2026-06-05,14458,1774,Austria W,Slovenia W,1.0,0.0,0.0,0.0,,,,,,,,,O. Olmedo
1523931.0,World Cup - Women - Qualification Europe,880,World,Group Stage - 5,False,2026-06-05,16062,1742,Azerbaijan W,Hungary W,1.0,2.0,0.0,1.0,,,,,,,,,V. Jankovic
1523925.0,World Cup - Women - Qualification Europe,880,World,Group Stage - 5,False,2026-06-05,1777,1758,Belgium W,Luxembourg W,6.0,0.0,2.0,0.0,,,,,,,,,A. M. Terteleac
1523927.0,World Cup - Women - Qualification Europe,880,World,Group Stage - 5,False,2026-06-05,14455,1764,Bosnia-Herzegovina W,Lithuania W,0.0,0.0,0.0,0.0,,,,,,,,,M. Vekkeli
1523930.0,World Cup - Women - Qualification Europe,880,World,Group Stage - 5,False,2026-06-05,15291,16929,Bulgaria W,Gibraltar W,3.0,1.0,2.0,0.0,,,,,,,,,I. Velevackoska
1523911.0,World Cup - Women - Qualification Europe,880,World,Group Stage - 5,False,2026-06-05,1743,1751,Czech Republic W,Albania W,1.0,1.0,0.0,0.0,,,,,,,,,F. Wildfeuer
1523918.0,World Cup - Women - Qualification Europe,880,World,Group Stage - 5,False,2026-06-05,1779,1739,Denmark W,Sweden W,2.0,1.0,1.0,0.0,,,,,,,,,S. Frappart
1523912.0,World Cup - Women - Qualification Europe,880,World,Group Stage - 5,False,2026-06-05,1762,1752,Georgia W,Faroe Islands W,2.0,3.0,1.0,1.0,,,,,,,,,I. Allayiotou
1523913.0,World Cup - Women - Qualification Europe,880,World,Group Stage - 5,False,2026-06-05,1719,1724,Germany W,Norway W,2.0,0.0,2.0,0.0,,,,,,,,,M. H. De Aza
1523917.0,World Cup - Women - Qualification Europe,880,World,Group Stage - 5,False,2026-06-05,1748,1773,Italy W,Serbia W,3.0,0.0,0.0,0.0,,,,,,,,,L. Lehtovaara
1523929.0,World Cup - Women - Qualification Europe,880,World,Group Stage - 5,False,2026-06-05,1755,1767,Kosovo W,Croatia W,0.0,1.0,0.0,1.0,,,,,,,,,K. Wacker
1523928.0,World Cup - Women - Qualification Europe,880,World,Group Stage - 5,False,2026-06-05,16936,1753,Liechtenstein W,Estonia W,0.0,5.0,0.0,2.0,,,,,,,,,A. Saribekyan
1523933.0,World Cup - Women - Qualification Europe,880,World,Group Stage - 5,False,2026-06-05,1757,1745,Moldova W,Romania W,0.0,0.0,0.0,0.0,,,,,,,,,S. Berman
1523910.0,World Cup - Women - Qualification Europe,880,World,Group Stage - 5,False,2026-06-05,1761,1772,Montenegro W,Wales W,1.0,1.0,0.0,1.0,,,,,,,,,H. Nervik
1523919.0,World Cup - Women - Qualification Europe,880,World,Group Stage - 5,False,2026-06-05,1749,1725,Poland W,France W,0.0,2.0,0.0,0.0,,,,,,,,,K. Dowle
1523923.0,World Cup - Women - Qualification Europe,880,World,Group Stage - 5,False,2026-06-05,1769,1754,Portugal W,Latvia W,5.0,0.0,0.0,0.0,,,,,,,,,O. Tschon
1523920.0,World Cup - Women - Qualification Europe,880,World,Group Stage - 5,False,2026-06-05,14456,1733,Republic of Ireland W,Netherlands W,3.0,2.0,1.0,0.0,,,,,,,,,K. Kulcsar
1523926.0,World Cup - Women - Qualification Europe,880,World,Group Stage - 5,False,2026-06-05,1775,1760,Scotland W,Israel W,6.0,0.0,2.0,0.0,,,,,,,,,D. Anex
1523924.0,World Cup - Women - Qualification Europe,880,World,Group Stage - 5,False,2026-06-05,1770,1771,Slovakia W,Finland W,0.0,4.0,0.0,1.0,,,,,,,,,M. Milovanovic
1523915.0,World Cup - Women - Qualification Europe,880,World,Group Stage - 5,False,2026-06-05,1736,1721,Spain W,England W,4.0,0.0,2.0,0.0,,,,,,,,,I. Martincic
1523921.0,World Cup - Women - Qualification Europe,880,World,Group Stage - 5,False,2026-06-05,1732,1763,Switzerland W,Malta W,6.0,1.0,4.0,1.0,,,,,,,,,K. Georgieva
1523922.0,World Cup - Women - Qualification Europe,880,World,Group Stage - 5,False,2026-06-05,1759,1778,Turkey W,Northern Ireland W,2.0,1.0,1.0,1.0,,,,,,,,,A. Collin
1523916.0,World Cup - Women - Qualification Europe,880,World,Group Stage - 5,False,2026-06-05,1750,1746,Ukraine W,Iceland W,0.0,1.0,0.0,1.0,,,,,,,,,H. Guteva
1495286.0,Premier Soccer League,401,Zimbabwe,Regular Season - 16,False,2026-06-05,27275,5217,Hunters,Bulawayo Chiefs,3.0,1.0,1.0,0.0,,,,,,,,,Desconocido
1513466.0,Ligue 1,186,Algeria,Regular Season - 28,False,2026-06-04,10792,910,Ben Aknoun,USM Alger,2.0,2.0,0.0,1.0,,,,,,,,,Desconocido
1512435.0,Reserve League,906,Argentina,Apertura - 16,True,2026-06-04,27412,18690,Atl. Rafaela 2,Lanús Res.,1.0,7.0,0.0,4.0,,,,,,,,,Desconocido
1512437.0,Reserve League,906,Argentina,Apertura - 16,True,2026-06-04,18680,18676,Barracas Central Res.,Aldosivi Res.,0.0,2.0,0.0,0.0,,,,,,,,,Desconocido
1512439.0,Reserve League,906,Argentina,Apertura - 16,True,2026-06-04,18682,25592,Central Córdoba SdE Res.,San Martín San Juan Res.,3.0,1.0,3.0,0.0,,,,,,,,,Desconocido
1512444.0,Reserve League,906,Argentina,Apertura - 16,True,2026-06-04,18687,18701,Godoy Cruz Res.,Unión Santa Fe Res.,0.0,1.0,0.0,0.0,,,,,,,,,Desconocido
1512450.0,Reserve League,906,Argentina,Apertura - 16,True,2026-06-04,18697,18702,San Lorenzo Res.,Vélez Sársfield Res.,0.0,1.0,0.0,0.0,,,,,,,,,Desconocido
1512451.0,Reserve League,906,Argentina,Apertura - 16,True,2026-06-04,18699,18677,Talleres Córdoba Res.,Argentinos Juniors Res.,2.0,2.0,2.0,0.0,,,,,,,,,Desconocido
1465317.0,Landesliga - Tirol,230,Austria,Tirol - 24,True,2026-06-04,17203,19308,Innsbrucker AC,Oberperfuss,4.0,1.0,1.0,1.0,,,,,,,,,Desconocido
1465315.0,Landesliga - Tirol,230,Austria,Tirol - 24,True,2026-06-04,8336,8334,Kematen,Ebbs,4.0,1.0,1.0,0.0,,,,,,,,,Desconocido
1465318.0,Landesliga - Tirol,230,Austria,Tirol - 24,True,2026-06-04,8338,12875,Kundl,Telfs,6.0,3.0,5.0,2.0,,,,,,,,,Desconocido
1465312.0,Landesliga - Tirol,230,Austria,Tirol - 24,True,2026-06-04,8342,8348,Silz / Mötz,Völs,2.0,1.0,2.0,0.0,,,,,,,,,Desconocido
1465314.0,Landesliga - Tirol,230,Austria,Tirol - 24,True,2026-06-04,8343,8335,St. Johann in Tirol,Fügen,1.0,1.0,1.0,1.0,,,,,,,,,Desconocido
1465316.0,Landesliga - Tirol,230,Austria,Tirol - 24,True,2026-06-04,8344,4999,Swarovski Tirol II,Wörgl,3.0,2.0,1.0,1.0,,,,,,,,,Desconocido
1465313.0,Landesliga - Tirol,230,Austria,Tirol - 24,True,2026-06-04,8347,8339,Volders,Mils,3.0,1.0,1.0,0.0,,,,,,,,,Desconocido
1465498.0,Landesliga - Vorarlbergliga,231,Austria,Vorarlberg - 24,True,2026-06-04,4973,15137,Dornbirner SV,Rotenberg,1.0,2.0,0.0,2.0,,,,,,,,,Desconocido
1465495.0,Landesliga - Vorarlbergliga,231,Austria,Vorarlberg - 24,True,2026-06-04,4968,8360,Wolfurt,Ludesch,2.0,3.0,1.0,1.0,,,,,,,,,Desconocido
1398944.0,Regionalliga - West,223,Austria,West - 32,True,2026-06-04,4255,4981,Dornbirn,SVG Reichenau,1.0,2.0,0.0,1.0,,,,,,,,,Desconocido
1398946.0,Regionalliga - West,223,Austria,West - 32,True,2026-06-04,4947,4994,Kitzbühel,TSV St. Johann,0.0,0.0,0.0,0.0,,,,,,,,,Desconocido
1398947.0,Regionalliga - West,223,Austria,West - 32,True,2026-06-04,8255,14714,Lauterach,Kuchl,0.0,3.0,0.0,2.0,,,,,,,,,Desconocido
1398945.0,Regionalliga - West,223,Austria,West - 32,True,2026-06-04,8361,4945,Lustenau,Hohenems,2.0,2.0,0.0,1.0,,,,,,,,,Desconocido
1398949.0,Regionalliga - West,223,Austria,West - 32,True,2026-06-04,8261,8256,Wals-Grünau,Rheindorf Altach II,1.0,2.0,1.0,1.0,,,,,,,,,Desconocido
1530850.0,Baiano U20,1073,Brazil,Regular Season - 14,False,2026-06-04,23284,25814,SSA U20,Galícia U20,0.0,1.0,0.0,1.0,,,,,,,,,Desconocido
1543881.0,Brasileiro U17,1128,Brazil,Regular Season - 2,False,2026-06-04,24469,24468,Athletico PR U17,America MG U17,1.0,1.0,1.0,0.0,,,,,,,,,Desconocido
1543889.0,Brasileiro U17,1128,Brazil,Regular Season - 2,False,2026-06-04,24484,27733,Palmeiras U17,Vitoria U17,5.0,1.0,2.0,1.0,,,,,,,,,Desconocido
1539815.0,Catarinense U20,1076,Brazil,Regular Season - 7,False,2026-06-04,12953,23325,Avaí U20,Nação U20,3.0,1.0,2.0,0.0,,,,,,,,,Desconocido
1544583.0,Copa Gaúcha,1158,Brazil,Group Stage - 4,False,2026-06-04,10044,141,Bagé,Brasil DE Pelotas,1.0,1.0,0.0,0.0,,,,,,,,,Desconocido
1544779.0,Maranhense - 2,1148,Brazil,Regular Season - 1,False,2026-06-04,25045,25129,Sao Luis,Tupan,1.0,1.0,1.0,0.0,,,,,,,,,Desconocido
1548296.0,Paranaense U20,1071,Brazil,Semi-finals,True,2026-06-04,23232,23237,Araucaria U20,Cascavel U20,2.0,2.0,,,,,,,,,,,Desconocido
1546879.0,Paulista - U20,1086,Brazil,Regular Season - 2,False,2026-06-04,27289,13021,América-SP U20,Juventus U20,0.0,3.0,0.0,2.0,,,,,,,,,Desconocido
1546880.0,Paulista - U20,1086,Brazil,Regular Season - 2,False,2026-06-04,23475,12968,Gremio Prudente U20,Palmeiras U20,0.0,2.0,0.0,1.0,,,,,,,,,Desconocido
1546881.0,Paulista - U20,1086,Brazil,Regular Season - 2,False,2026-06-04,13034,13069,Oeste U20,Velo Clube U20,1.0,0.0,0.0,0.0,,,,,,,,,Desconocido
1512925.0,Elite One,411,Cameroon,Regular Season - 22,False,2026-06-04,5400,5414,Colombe,Unisport Bafang,3.0,1.0,2.0,1.0,,,,,,,,,Desconocido
1512927.0,Elite One,411,Cameroon,Regular Season - 22,False,2026-06-04,5405,20799,Fortuna Mfou,Aigle Royal de Moungo,0.0,2.0,0.0,2.0,,,,,,,,,Desconocido
1512924.0,Elite One,411,Cameroon,Regular Season - 22,False,2026-06-04,5409,5560,PWD Bamenda,Canon,2.0,2.0,1.0,2.0,,,,,,,,,Desconocido
1525737.0,Liga Femenina,712,Colombia,Regular Season - 13,False,2026-06-04,15729,15725,Millonarios W,Independiente Medellín W,3.0,1.0,2.0,0.0,,,,,,,,,Desconocido
1489725.0,3. liga - CFL A,348,Czech-Republic,ČFL A - 31,True,2026-06-04,8629,8617,České Budějovice II,Příbram II,2.0,2.0,2.0,2.0,,,,,,,,,Desconocido
1487455.0,3. liga - MSFL,349,Czech-Republic,MSFL - 31,True,2026-06-04,7296,7377,Hlučín,Vsetín,1.0,0.0,0.0,0.0,,,,,,,,,Desconocido
1540561.0,3. Division,862,Denmark,Relegation Group - 31,False,2026-06-04,11566,6027,Sundby,Holbæk B&I,1.0,5.0,0.0,0.0,,,,,,,,,Desconocido
1542930.0,Copa Ecuador,917,Ecuador,Round of 32,True,2026-06-04,26031,1155,Deportivo Cuenca Juniors,Macara,0.0,1.0,0.0,0.0,,,,,,,,,Desconocido
1526552.0,Liga Pro Serie B,243,Ecuador,Regular Season - 13,False,2026-06-04,21103,16476,Cuniburo,Cumbayá,1.0,1.0,1.0,0.0,,,,,,,,,Desconocido
1526550.0,Liga Pro Serie B,243,Ecuador,Regular Season - 13,False,2026-06-04,23310,2238,San Antonio,Ind. Juniors,0.0,0.0,0.0,0.0,,,,,,,,,Desconocido
1541081.0,Premier League,363,Ethiopia,Regular Season - 34,False,2026-06-04,4124,26881,Welayta Dicha,Negelle Arsi,0.0,0.0,0.0,0.0,,,,,,,,,Desconocido
1541615.0,Kakkonen - Lohko A,247,Finland,Group A - 8,False,2026-06-04,9178,9179,PEPO,Reipas,2.0,1.0,0.0,1.0,,,,,,,,,Desconocido
1541502.0,Kakkonen - Lohko B,248,Finland,Group B - 8,False,2026-06-04,13494,9188,ÅIFK,P-Iirot,2.0,0.0,1.0,0.0,,,,,,,,,Desconocido
1531367.0,GFA League,845,Gambia,Regular Season - 27,False,2026-06-04,16801,22706,Fortune,BST Galaxy,4.0,0.0,2.0,0.0,,,,,,,,,Desconocido
1531369.0,GFA League,845,Gambia,Regular Season - 27,False,2026-06-04,16804,27265,Real de Banjul,Falcons,2.0,0.0,1.0,0.0,,,,,,,,,Desconocido
1531370.0,GFA League,845,Gambia,Regular Season - 27,False,2026-06-04,22708,22707,TMT,Bombada,0.0,1.0,0.0,1.0,,,,,,,,,Desconocido
1548287.0,Oberliga - Hessen,750,Germany,Playout - Semi-Finals,True,2026-06-04,22917,26172,Hornau,Kassel,3.0,5.0,0.0,2.0,,,,,,,,,Desconocido
1548286.0,Oberliga - Hessen,750,Germany,Playout - Semi-Finals,True,2026-06-04,17548,19652,SG Bornheim,Bad Soden,2.0,1.0,1.0,0.0,,,,,,,,,Desconocido
1548283.0,Oberliga - Promotion Round,988,Germany,Play Offs - Round 1,True,2026-06-04,12889,12755,VfR Mannheim,Eddersheim,4.0,1.0,2.0,1.0,,,,,,,,,Desconocido
1545728.0,Première Division,598,Mali,Regular Season - 24,False,2026-06-04,12686,27223,ASKO,Derby Academie,2.0,0.0,2.0,0.0,,,,,,,,,Desconocido
1545729.0,Première Division,598,Mali,Regular Season - 24,False,2026-06-04,12668,6434,Bakaridjan,Stade Malien Bamako,0.0,2.0,0.0,2.0,,,,,,,,,Desconocido
1545732.0,Première Division,598,Mali,Regular Season - 24,False,2026-06-04,27222,12669,Mali Coura,Bougouni,2.0,0.0,0.0,0.0,,,,,,,,,Desconocido
1545731.0,Première Division,598,Mali,Regular Season - 24,False,2026-06-04,12681,8093,USFAS Bamako,Onze Créateurs,3.0,0.0,1.0,0.0,,,,,,,,,Desconocido
1545543.0,Botola Pro,200,Morocco,Regular Season - 22,False,2026-06-04,969,964,FAR Rabat,Difaa EL Jadida,2.0,1.0,1.0,0.0,,,,,,,,,M. El Houidri
1545542.0,Botola Pro,200,Morocco,Regular Season - 22,False,2026-06-04,973,977,Hassania Agadir,FUS Rabat,0.0,0.0,0.0,0.0,,,,,,,,,M. Kechchaf
1546540.0,Division Intermedia,251,Paraguay,Regular Season - 11,False,2026-06-04,1189,2135,Deportivo Santani,Resistencia,3.0,0.0,0.0,0.0,,,,,,,,,Desconocido
1546539.0,Division Intermedia,251,Paraguay,Regular Season - 11,False,2026-06-04,27627,10474,Paraguari AC,Atlético Tembetary,1.0,1.0,0.0,0.0,,,,,,,,,Desconocido
1546561.0,Ligue 1,403,Senegal,Regular Season - 30,False,2026-06-04,27005,5289,AS Camberene,Jaraaf,0.0,2.0,,,,,,,,,,,Desconocido
1546563.0,Ligue 1,403,Senegal,Regular Season - 30,False,2026-06-04,5285,13172,Casa Sport,DSC,1.0,2.0,0.0,1.0,,,,,,,,,Desconocido
1546568.0,Ligue 1,403,Senegal,Regular Season - 30,False,2026-06-04,5287,5295,Gorée,Stade de Mbour,0.0,0.0,0.0,0.0,,,,,,,,,Desconocido
1546565.0,Ligue 1,403,Senegal,Regular Season - 30,False,2026-06-04,5553,5296,Guédiawaye,Teungueth,0.0,1.0,0.0,0.0,,,,,,,,,Desconocido
1546564.0,Ligue 1,403,Senegal,Regular Season - 30,False,2026-06-04,5288,25067,Génération Foot,AJEL,0.0,1.0,0.0,1.0,,,,,,,,,Desconocido
1546562.0,Ligue 1,403,Senegal,Regular Season - 30,False,2026-06-04,25068,5293,HLM,Pikine,2.0,1.0,0.0,0.0,,,,,,,,,Desconocido
1546566.0,Ligue 1,403,Senegal,Regular Season - 30,False,2026-06-04,5290,25070,La Linguère,Wally Daan,1.0,1.0,1.0,0.0,,,,,,,,,Desconocido
1546567.0,Ligue 1,403,Senegal,Regular Season - 30,False,2026-06-04,5554,5294,Ouakam,Sonacos,2.0,1.0,1.0,0.0,,,,,,,,,Desconocido
1510595.0,Division 2 - Norra Götaland,592,Sweden,Norra Götaland - 11,True,2026-06-04,12575,6713,Stenungsund,Vänersborgs IF,5.0,0.0,2.0,0.0,,,,,,,,,Desconocido
1510949.0,Division 2 - Södra Götaland,597,Sweden,Södra Götaland - 11,True,2026-06-04,12660,6701,Sölvesborg,Torns,1.0,3.0,1.0,0.0,,,,,,,,,Desconocido
1505171.0,Ettan - Norra,563,Sweden,Norra - 11,True,2026-06-04,765,6682,AFC Eskilstuna,Karlberg,3.0,2.0,0.0,1.0,,,,,,,,,Desconocido
1504456.0,Ettan - Södra,564,Sweden,Södra - 11,True,2026-06-04,12657,6676,Laholm,Hässleholms IF,1.0,2.0,1.0,2.0,,,,,,,,,Desconocido
1545630.0,Svenska Cupen,115,Sweden,Semi-finals,True,2026-06-04,6700,12585,Stocksund,Stockholm Internazionale,0.0,1.0,0.0,1.0,,,,,,,,,Desconocido
1524750.0,USL League Two,256,USA,Group Stage,False,2026-06-04,23108,23127,Albion Colorado,Utah United,1.0,3.0,1.0,1.0,,,,,,,,,Desconocido
1524751.0,USL League Two,256,USA,Group Stage,False,2026-06-04,4083,4109,Seahorses,Tucson,0.0,0.0,0.0,0.0,,,,,,,,,Desconocido
1532116.0,USL W League,1117,USA,Regular Season - 1,False,2026-06-04,25857,25849,AHFC Royals W,Lonestar San Antonio W,8.0,1.0,0.0,0.0,,,,,,,,,Desconocido
1532117.0,USL W League,1117,USA,Regular Season - 1,False,2026-06-04,23929,25864,Albion Colorado W,Utah United W,1.0,6.0,0.0,2.0,,,,,,,,,Desconocido
1532115.0,USL W League,1117,USA,Regular Season - 1,False,2026-06-04,23895,23949,Cedar Stars W,Long Island Rough Riders W,0.0,7.0,0.0,4.0,,,,,,,,,Desconocido
1532112.0,USL W League,1117,USA,Regular Season - 1,False,2026-06-04,25843,25861,Erie Sports Center W,Steel City W,2.0,1.0,1.0,0.0,,,,,,,,,Desconocido
1532113.0,USL W League,1117,USA,Regular Season - 1,False,2026-06-04,23950,25860,Manhattan W,New Jersey Copa W,1.0,2.0,0.0,2.0,,,,,,,,,Desconocido
1532431.0,USL W League,1117,USA,Regular Season - 1,False,2026-06-04,23910,27616,Minnesota Aurora W,Rally Madison FC W,7.0,0.0,2.0,0.0,,,,,,,,,Desconocido
1532111.0,USL W League,1117,USA,Regular Season - 1,False,2026-06-04,23921,25858,Richmond Ivy W,Annapolis Blues W,3.0,1.0,1.0,1.0,,,,,,,,,Desconocido
1532344.0,USL W League,1117,USA,Regular Season - 1,False,2026-06-04,27752,23915,Snohomish United W,Olympia W,7.0,0.0,3.0,0.0,,,,,,,,,Desconocido
1530970.0,Pro League A,1075,Uzbekistan,Regular Season - 9,False,2026-06-04,25887,25763,Kattaqurgon,FarDu,3.0,0.0,1.0,0.0,,,,,,,,,Desconocido
1531057.0,Pro League A,1075,Uzbekistan,Regular Season - 9,False,2026-06-04,27587,23394,Respublika FA,Qiziriq,4.0,2.0,3.0,0.0,,,,,,,,,Desconocido
1530972.0,Pro League A,1075,Uzbekistan,Regular Season - 9,False,2026-06-04,4222,4214,Shortan,Metalourg,1.0,0.0,0.0,0.0,,,,,,,,,Desconocido
1518174.0,V.League 2,637,Vietnam,Regular Season - 22,False,2026-06-04,26603,3677,Văn Hiến,Sanna Khanh Hoa,3.0,1.0,1.0,1.0,,,,,,,,,Desconocido
1547211.0,ASEAN Championship U19,928,World,Group Stage - 2,False,2026-06-04,19152,19157,Myanmar U19,Vietnam U19,0.0,5.0,0.0,2.0,,,,,,,,,Desconocido
1547212.0,ASEAN Championship U19,928,World,Group Stage - 2,False,2026-06-04,19156,19149,Timor-Leste U19,Indonesia U19,0.0,3.0,0.0,1.0,,,,,,,,,Desconocido
1321353.0,Asian Cup - Qualification,35,World,3rd Round - 6,True,2026-06-04,1551,1550,Lebanon,Yemen,0.0,2.0,0.0,0.0,,,,,,,,,Desconocido
1548427.0,Friendlies,10,World,Friendly International,True,2026-06-04,1553,10929,Afghanistan,Bangladesh U23,0.0,0.0,0.0,0.0,,,,,,,,,Desconocido
1542892.0,Friendlies,10,World,Friendly International,True,2026-06-04,1110,1107,Andorra,Liechtenstein,2.0,0.0,0.0,0.0,,,,,,,,,Desconocido
1548425.0,Friendlies,10,World,Friendly International,True,2026-06-04,10328,10354,Bulgaria U19,Albania U19,1.0,0.0,0.0,0.0,,,,,,,,,Desconocido
1544358.0,Friendlies,10,World,Friendly International,True,2026-06-04,1543,1540,Cambodia,Bhutan,4.0,0.0,2.0,0.0,,,,,,,,,Desconocido
1548419.0,Friendlies,10,World,Friendly International,True,2026-06-04,22340,19075,Croatia U18,Turkey U18,3.0,0.0,2.0,0.0,,,,,,,,,Desconocido
1542893.0,Friendlies,10,World,Friendly International,True,2026-06-04,770,5161,Czechia,Guatemala,3.0,1.0,1.0,1.0,,,,,,,,,"Pierre-Luc Lauziere, Canada"
1536931.0,Friendlies,10,World,Friendly International,True,2026-06-04,2,1501,France,Ivory Coast,1.0,2.0,1.0,0.0,,,,,,,,,"Sebastian Gishamer, Austria"
1548428.0,Friendlies,10,World,Friendly International,True,2026-06-04,22,1500,Iran,Mali,2.0,0.0,1.0,0.0,,,,,,,,,Desconocido
1548424.0,Friendlies,10,World,Friendly International,True,2026-06-04,10339,10370,Latvia U19,Lithuania U19,0.0,1.0,0.0,0.0,,,,,,,,,Desconocido
1548423.0,Friendlies,10,World,Friendly International,True,2026-06-04,1518,1511,Lesotho,Kenya,1.0,1.0,0.0,1.0,,,,,,,,,Desconocido
1548420.0,Friendlies,10,World,Friendly International,True,2026-06-04,1549,5535,Maldives,Pakistan,0.0,3.0,0.0,0.0,,,,,,,,,Desconocido
1528284.0,Friendlies,10,World,Friendly International,True,2026-06-04,16,14,Mexico,Serbia,5.0,1.0,2.0,1.0,,,,,,,,,"Tori Penso, USA"
1545269.0,Friendlies,10,World,Friendly International,True,2026-06-04,8209,8208,Moldova U21,Malta U21,3.0,0.0,2.0,0.0,,,,,,,,,Desconocido
1543823.0,Friendlies,10,World,Friendly International,True,2026-06-04,771,1509,Northern Ireland,Guinea,1.0,0.0,1.0,0.0,,,,,,,,,S. Galia
1548422.0,Friendlies,10,World,Friendly International,True,2026-06-04,10301,19627,Saudi Arabia U20,Jordan U20,2.0,0.0,0.0,0.0,,,,,,,,,Desconocido
1540352.0,Friendlies,10,World,Friendly International,True,2026-06-04,1091,1106,Slovenia,Cyprus,1.0,1.0,0.0,1.0,,,,,,,,,"Patrik Kolarić, Croatia"
1544359.0,Friendlies,10,World,Friendly International,True,2026-06-04,9,1567,Spain,Iraq,1.0,1.0,1.0,1.0,,,,,,,,,"Florian Badstubner, Germany"
1542552.0,Friendlies,10,World,Friendly International,True,2026-06-04,5,1117,Sweden,Greece,2.0,2.0,0.0,1.0,,,,,,,,,"Aaron Wyn Jones, Wales"
1548426.0,Friendlies,10,World,Friendly International,True,2026-06-04,8225,8193,Sweden U21,Finland U21,1.0,3.0,1.0,1.0,,,,,,,,,Desconocido
1548421.0,Friendlies,10,World,Friendly International,True,2026-06-04,22343,21467,Ukraine U18,Finland U18,0.0,0.0,0.0,0.0,,,,,,,,,Desconocido
1550870.0,Friendlies Women,666,World,Friendly International Women,True,2026-06-04,18258,21019,Bahrain W,Kyrgyz Republic W,0.0,5.0,0.0,3.0,,,,,,,,,Desconocido
1546555.0,Friendlies Women,666,World,Friendly International Women,True,2026-06-04,19139,19138,Bermuda W,Belize W,4.0,0.0,2.0,0.0,,,,,,,,,Desconocido
1548466.0,Friendlies Women,666,World,Friendly International Women,True,2026-06-04,19092,16937,Burkina Faso W,Mali W,0.0,0.0,0.0,0.0,,,,,,,,,Desconocido
1533349.0,Friendlies Women,666,World,Friendly International Women,True,2026-06-04,27116,27098,Germany U23 W,Denmark U23 W,2.0,0.0,2.0,0.0,,,,,,,,,Desconocido
1548467.0,Friendlies Women,666,World,Friendly International Women,True,2026-06-04,27167,27106,Portugal U18 W,Finland U18 W,0.0,1.0,0.0,0.0,,,,,,,,,Desconocido
1548469.0,Friendlies Women,666,World,Friendly International Women,True,2026-06-04,18451,17892,San Diego Wave W,Philippines W,1.0,0.0,,,,,,,,,,,Desconocido
1550869.0,Friendlies Women,666,World,Friendly International Women,True,2026-06-04,27187,27890,Slovenia U19 W,Bosnia & Herzegovina U19 W,0.0,0.0,0.0,0.0,,,,,,,,,Desconocido
1548468.0,Friendlies Women,666,World,Friendly International Women,True,2026-06-04,27192,27161,Sweden U18 W,Norway U18 W,2.0,1.0,1.0,0.0,,,,,,,,,Desconocido
1548193.0,UEFA U17 Championship,921,World,Semi-finals,True,2026-06-04,17942,12507,Belgium U17,France U17,2.0,1.0,1.0,0.0,,,,,,,,,O. Cakir
1548194.0,UEFA U17 Championship,921,World,Semi-finals,True,2026-06-04,12510,12520,Italy U17,Spain U17,1.0,1.0,1.0,0.0,,,,,,,,,T. Owen
1499926.0,Primera C,132,Argentina,Regular Season - 14,False,2026-06-03,1942,8382,Sacachispas,Berazategui,1.0,0.0,1.0,0.0,,,,,,,,,Desconocido
1512438.0,Reserve League,906,Argentina,Apertura - 16,True,2026-06-03,18681,18684,Boca Juniors Res.,Defensa y Justicia Res.,5.0,0.0,2.0,0.0,,,,,,,,,Desconocido
1512441.0,Reserve League,906,Argentina,Apertura - 16,True,2026-06-03,18685,22938,Estudiantes La Plata Res,Independiente Riva. Res.,0.0,1.0,0.0,0.0,,,,,,,,,Desconocido
1512443.0,Reserve League,906,Argentina,Apertura - 16,True,2026-06-03,27272,18686,Gimnasia Mendoza 2,Gimnasia La Plata Res.,0.0,0.0,0.0,0.0,,,,,,,,,Desconocido
1512446.0,Reserve League,906,Argentina,Apertura - 16,True,2026-06-03,20818,18678,Instituto Res.,Atlético Tucumán Res.,0.0,3.0,0.0,0.0,,,,,,,,,Desconocido
1512449.0,Reserve League,906,Argentina,Apertura - 16,True,2026-06-03,18696,18694,Rosario Central Res.,Racing Club Res.,3.0,0.0,0.0,0.0,,,,,,,,,Desconocido
1545565.0,Division di Honor,421,Aruba,Group Stage,False,2026-06-03,8243,25131,Caiquetio,Unistars,2.0,1.0,1.0,0.0,,,,,,,,,Desconocido
1537432.0,Capital Territory NPL,189,Australia,Regular Season - 4,False,2026-06-03,1449,1447,Belconnen United,Tuggeranong United,1.0,3.0,1.0,2.0,,,,,,,,,Desconocido
1549237.0,Npl Nsw U20,1230,Australia,Regular Season - 12,False,2026-06-03,27812,27814,Sydney Olympic U20,UNSW U20,2.0,3.0,1.0,3.0,,,,,,,,,Desconocido
1524032.0,Queensland NPL,482,Australia,Regular Season - 11,False,2026-06-03,11182,25449,Rochedale Rovers,Magic United,4.0,0.0,2.0,0.0,,,,,,,,,Desconocido
1524145.0,Queensland Premier League,833,Australia,Regular Season - 11,False,2026-06-03,10223,9993,SC Wanderers,St George Willawong,8.0,0.0,3.0,0.0,,,,,,,,,Desconocido
1464890.0,Landesliga - Salzburg,228,Austria,Salzburg - 28,True,2026-06-03,26574,8310,Anthering,Bürmoos,1.0,5.0,0.0,2.0,,,,,,,,,Desconocido
1464892.0,Landesliga - Salzburg,228,Austria,Salzburg - 28,True,2026-06-03,8309,8316,Bramberg,Thalgau,4.0,3.0,2.0,0.0,,,,,,,,,Desconocido
1464893.0,Landesliga - Salzburg,228,Austria,Salzburg - 28,True,2026-06-03,8311,19315,Eugendorf,UFC Hallein,1.0,2.0,1.0,0.0,,,,,,,,,Desconocido
1464888.0,Landesliga - Salzburg,228,Austria,Salzburg - 28,True,2026-06-03,4974,8314,Grödig,Neumarkt,3.0,1.0,1.0,1.0,,,,,,,,,Desconocido
1464894.0,Landesliga - Salzburg,228,Austria,Salzburg - 28,True,2026-06-03,8313,15138,Hallwang,Siezenheim,3.0,2.0,1.0,1.0,,,,,,,,,Desconocido
1464891.0,Landesliga - Salzburg,228,Austria,Salzburg - 28,True,2026-06-03,8315,19190,Puch,SV Schwarzach,4.0,2.0,1.0,1.0,,,,,,,,,Desconocido
1464889.0,Landesliga - Salzburg,228,Austria,Salzburg - 28,True,2026-06-03,11215,4985,Salzburger AK,Straßwalchen,1.0,5.0,0.0,0.0,,,,,,,,,Desconocido
1464887.0,Landesliga - Salzburg,228,Austria,Salzburg - 28,True,2026-06-03,21727,10164,Union Henndorf,Anif,2.0,2.0,1.0,1.0,,,,,,,,,Desconocido
1465494.0,Landesliga - Vorarlbergliga,231,Austria,Vorarlberg - 24,True,2026-06-03,8353,8357,Bizau,Göfis,3.0,2.0,0.0,2.0,,,,,,,,,Desconocido
1465496.0,Landesliga - Vorarlbergliga,231,Austria,Vorarlberg - 24,True,2026-06-03,4991,8258,Hard,Röthis,0.0,1.0,0.0,1.0,,,,,,,,,Desconocido
1465500.0,Landesliga - Vorarlbergliga,231,Austria,Vorarlberg - 24,True,2026-06-03,8359,8254,Lochau,Austria Lustenau II,3.0,0.0,0.0,0.0,,,,,,,,,Desconocido
1465497.0,Landesliga - Vorarlbergliga,231,Austria,Vorarlberg - 24,True,2026-06-03,8362,8350,Nenzing,Admira Dornbirn,1.0,3.0,1.0,2.0,,,,,,,,,Desconocido
1397962.0,Regionalliga - Mitte,222,Austria,Mitte - 30,True,2026-06-03,4946,21534,Kalsdorf,Wallern / Marienkirchen,2.0,3.0,0.0,2.0,,,,,,,,,Desconocido
1397963.0,Regionalliga - Mitte,222,Austria,Mitte - 30,True,2026-06-03,4979,4972,Oedt,Deutschlandsberger SC,5.0,2.0,2.0,2.0,,,,,,,,,Desconocido
1397961.0,Regionalliga - Mitte,222,Austria,Mitte - 30,True,2026-06-03,21390,4940,Velden,Gleisdorf 09,2.0,0.0,1.0,0.0,,,,,,,,,Desconocido
1418148.0,Regionalliga - Ost,221,Austria,Ost - 34,True,2026-06-03,8365,4955,Donau,Parndorf,2.0,5.0,2.0,2.0,,,,,,,,,Desconocido
1418146.0,Regionalliga - Ost,221,Austria,Ost - 34,True,2026-06-03,4951,4961,Leobendorf,Traiskirchen,5.0,1.0,3.0,1.0,,,,,,,,,Desconocido
1418144.0,Regionalliga - Ost,221,Austria,Ost - 34,True,2026-06-03,4952,8366,Mannsdorf-Großenzersdorf,Fach-Donaufeld,2.0,0.0,1.0,0.0,,,,,,,,,Desconocido
1418142.0,Regionalliga - Ost,221,Austria,Ost - 34,True,2026-06-03,4954,4966,Neusiedl,Wiener Viktoria,2.0,5.0,1.0,2.0,,,,,,,,,Desconocido
1398943.0,Regionalliga - West,223,Austria,West - 32,True,2026-06-03,8260,4957,Bischofshofen,Schwaz,4.0,3.0,1.0,1.0,,,,,,,,,Desconocido
1398948.0,Regionalliga - West,223,Austria,West - 32,True,2026-06-03,4980,4958,Pinzgau Saalfelden,Seekirchen,1.0,1.0,1.0,0.0,,,,,,,,,Desconocido
1398950.0,Regionalliga - West,223,Austria,West - 32,True,2026-06-03,1073,4948,Wacker Innsbruck,Kufstein,1.0,0.0,0.0,0.0,,,,,,,,,Desconocido
1543521.0,1st League - RS,317,Bosnia,RS - Relegation Group 7,False,2026-06-03,26342,3362,FK Vlasenica,Zvijezda 09,1.0,4.0,0.0,2.0,,,,,,,,,Desconocido
1543520.0,1st League - RS,317,Bosnia,RS - Relegation Group 7,False,2026-06-03,19561,21737,Famos Vojkovići,FK Romanija Pale,3.0,1.0,1.0,0.0,,,,,,,,,Desconocido
1543522.0,1st League - RS,317,Bosnia,RS - Relegation Group 7,False,2026-06-03,17374,4285,Omarska,Sutjeska Foča,3.0,0.0,2.0,0.0,,,,,,,,,Desconocido
1530891.0,Baiano U20,1073,Brazil,Regular Season - 14,False,2026-06-03,23275,27582,Bahia de Feira U20,Redencao U20,1.0,3.0,0.0,0.0,,,,,,,,,Desconocido
1530892.0,Baiano U20,1073,Brazil,Regular Season - 14,False,2026-06-03,23276,27583,Barcelona BA U20,Serrano U20,5.0,1.0,,,,,,,,,,,Desconocido
1530893.0,Baiano U20,1073,Brazil,Regular Season - 14,False,2026-06-03,18326,27581,Camaçariense U20,Camacari U20,10.0,0.0,6.0,0.0,,,,,,,,,Desconocido
1530843.0,Baiano U20,1073,Brazil,Regular Season - 14,False,2026-06-03,23277,23282,Catuense U20,Jequie U20,1.0,3.0,,,,,,,,,,,Desconocido
1530844.0,Baiano U20,1073,Brazil,Regular Season - 14,False,2026-06-03,22835,25815,Conquista U20,Porto BA U20,3.0,0.0,,,,,,,,,,,Desconocido
1530845.0,Baiano U20,1073,Brazil,Regular Season - 14,False,2026-06-03,25813,23274,Fluminense de Feira U20,Atlético Alagoinhas U20,1.0,3.0,0.0,1.0,,,,,,,,,Desconocido
1530846.0,Baiano U20,1073,Brazil,Regular Season - 14,False,2026-06-03,23279,13073,Grapiuna U20,Vitória da Conquista U20,2.0,0.0,,,,,,,,,,,Desconocido
1530847.0,Baiano U20,1073,Brazil,Regular Season - 14,False,2026-06-03,23281,25812,Jacobina U20,Feirense U20,1.0,0.0,,,,,,,,,,,Desconocido
1530848.0,Baiano U20,1073,Brazil,Regular Season - 14,False,2026-06-03,13017,23283,Jacuipense U20,Leonico U20,3.0,0.0,0.0,0.0,,,,,,,,,Desconocido
1530849.0,Baiano U20,1073,Brazil,Regular Season - 14,False,2026-06-03,20760,12954,Juazeirense U20,Bahia U20,0.0,0.0,0.0,0.0,,,,,,,,,Desconocido
1530851.0,Baiano U20,1073,Brazil,Regular Season - 14,False,2026-06-03,13072,23278,Vitória U20,Estrela De Marco U20,3.0,0.0,0.0,0.0,,,,,,,,,Desconocido
1543882.0,Brasileiro U17,1128,Brazil,Regular Season - 2,False,2026-06-03,24471,24485,Atlético Mineiro U17,RB Bragantino U17,1.0,1.0,1.0,0.0,,,,,,,,,Desconocido
1543883.0,Brasileiro U17,1128,Brazil,Regular Season - 2,False,2026-06-03,24472,25797,Bahia U17,Juventude U17,0.0,1.0,0.0,0.0,,,,,,,,,Desconocido
1543884.0,Brasileiro U17,1128,Brazil,Regular Season - 2,False,2026-06-03,24473,24483,Botafogo U17,Internacional U17,1.0,1.0,0.0,0.0,,,,,,,,,Desconocido
1543887.0,Brasileiro U17,1128,Brazil,Regular Season - 2,False,2026-06-03,24480,25807,Fortaleza U17,Vasco U17,2.0,0.0,,,,,,,,,,,Desconocido
1543888.0,Brasileiro U17,1128,Brazil,Regular Season - 2,False,2026-06-03,24482,24476,Gremio U17,Cruzeiro U17,2.0,1.0,1.0,1.0,,,,,,,,,Desconocido
1543890.0,Brasileiro U17,1128,Brazil,Regular Season - 2,False,2026-06-03,24486,24470,Santos U17,Atletico GO U17,1.0,0.0,1.0,0.0,,,,,,,,,Desconocido
1543267.0,Carioca A2,851,Brazil,1st Phase - 6,True,2026-06-03,13104,13118,América RJ,São Gonçalo EC RJ,2.0,1.0,1.0,0.0,,,,,,,,,Desconocido
1542024.0,Catarinense - 2,936,Brazil,Regular Season - 8,False,2026-06-03,25117,12283,Jaraguá,Guarani de Palhoça,1.0,3.0,0.0,1.0,,,,,,,,,Desconocido
1541976.0,Catarinense - 2,936,Brazil,Regular Season - 8,False,2026-06-03,19637,19635,Nação,Blumenau,0.0,6.0,0.0,3.0,,,,,,,,,Desconocido
1542061.0,Copa Espírito Santo,1097,Brazil,1st Phase - 6,True,2026-06-03,27711,10690,Audax São Mateus,Rio Branco ES,0.0,4.0,0.0,1.0,,,,,,,,,Desconocido
1542052.0,Copa Espírito Santo,1097,Brazil,1st Phase - 6,True,2026-06-03,15609,7837,Vilavelhense,Vitória ES,1.0,0.0,0.0,0.0,,,,,,,,,Desconocido
1544581.0,Copa Gaúcha,1158,Brazil,Group Stage - 4,False,2026-06-03,25078,10049,Farroupilha,Guarany de Bagé,1.0,1.0,1.0,0.0,,,,,,,,,Desconocido
1547201.0,Copa Sul-Sudeste,1224,Brazil,Final,True,2026-06-03,145,132,Avai,Chapecoense-sc,3.0,0.0,3.0,0.0,,,,,,,,,Desconocido
1548294.0,Matogrossense 2,1096,Brazil,Final,True,2026-06-03,20716,1213,Cacerense,Sinop Fc,2.0,1.0,1.0,1.0,,,,,,,,,Desconocido
1549920.0,Paraibano U20,1120,Brazil,Regular Season - 4,False,2026-06-03,24036,24037,Auto Esporte PB U20,Cruzeiro Itaporanga U20,1.0,1.0,,,,,,,,,,,Desconocido
1549919.0,Paraibano U20,1120,Brazil,Regular Season - 4,False,2026-06-03,12997,24048,Confiança PB U20,Spartax U20,4.0,1.0,,,,,,,,,,,Desconocido
1549918.0,Paraibano U20,1120,Brazil,Regular Season - 4,False,2026-06-03,24041,24049,Guarabira U20,Sport PB U20,2.0,0.0,,,,,,,,,,,Desconocido
1549922.0,Paraibano U20,1120,Brazil,Regular Season - 4,False,2026-06-03,24045,24050,Sabugy U20,Treze U20,1.0,6.0,1.0,5.0,,,,,,,,,Desconocido
1549921.0,Paraibano U20,1120,Brazil,Regular Season - 4,False,2026-06-03,24047,22844,Sousa U20,Queimadense U20,0.0,0.0,0.0,0.0,,,,,,,,,Desconocido
1512923.0,Elite One,411,Cameroon,Regular Season - 22,False,2026-06-03,5556,5401,Aigle Royal,Cotonsport,0.0,0.0,0.0,0.0,,,,,,,,,Desconocido
1512926.0,Elite One,411,Cameroon,Regular Season - 22,False,2026-06-03,16524,15566,Dynamo de Douala,Gazelle,2.0,0.0,0.0,0.0,,,,,,,,,Desconocido
1512928.0,Elite One,411,Cameroon,Regular Season - 22,False,2026-06-03,5564,5410,Panthère,Stade Renard,4.0,2.0,1.0,0.0,,,,,,,,,Desconocido
1512929.0,Elite One,411,Cameroon,Regular Season - 22,False,2026-06-03,20800,16526,Victoria United,Jeunes Fauves,3.0,1.0,2.0,1.0,,,,,,,,,Desconocido
1546768.0,Ligue 1,424,Congo-DR,Championship Group - 9,False,2026-06-03,20468,6437,Céleste,Vita Club,1.0,3.0,0.0,1.0,,,,,,,,,Desconocido
1546767.0,Ligue 1,424,Congo-DR,Championship Group - 9,False,2026-06-03,15286,8578,JSK,Saint Eloi Lupopo,3.0,2.0,1.0,0.0,,,,,,,,,Desconocido
1546769.0,Ligue 1,424,Congo-DR,Championship Group - 9,False,2026-06-03,8064,8571,Maniema Union,Don Bosco,1.0,0.0,1.0,0.0,,,,,,,,,Desconocido
1546770.0,Ligue 1,424,Congo-DR,Championship Group - 9,False,2026-06-03,6435,8572,TP Mazembe,Simba,4.0,1.0,3.0,0.0,,,,,,,,,Desconocido
1489591.0,3. liga - CFL B,685,Czech-Republic,ČFL B - 31,True,2026-06-03,12877,7270,Teplice II,Arsenal Česká Lípa,0.0,4.0,0.0,3.0,,,,,,,,,Desconocido
1487431.0,3. liga - MSFL,349,Czech-Republic,MSFL - 28,True,2026-06-03,7332,7297,Polanka nad Odrou,Hodonín,3.0,4.0,2.0,4.0,,,,,,,,,Desconocido
1487691.0,4. liga - Divizie E,354,Czech-Republic,Division E - 26,True,2026-06-03,7311,19440,Kozlovice,Šternberk,3.0,1.0,1.0,0.0,,,,,,,,,Desconocido
1542932.0,Copa Ecuador,917,Ecuador,Round of 32,True,2026-06-03,1986,1162,Gualaceo SC,Mushuc Runa SC,1.0,0.0,1.0,0.0,,,,,,,,,Desconocido
1526547.0,Liga Pro Serie B,243,Ecuador,Regular Season - 13,False,2026-06-03,27548,10111,Atletico FC,9 de Octubre,0.0,0.0,0.0,0.0,,,,,,,,,Desconocido
1547523.0,Championnat D1,968,Gabon,Regular Season - 19,False,2026-06-03,21189,27734,Dikaki,Oyem AC,0.0,5.0,0.0,4.0,,,,,,,,,Desconocido
1547524.0,Championnat D1,968,Gabon,Regular Season - 19,False,2026-06-03,21190,6415,FC 105,Cercle Mbéri,1.0,5.0,1.0,3.0,,,,,,,,,Desconocido
1547525.0,Championnat D1,968,Gabon,Regular Season - 19,False,2026-06-03,19865,15564,Stade Mandji,Bouenguidi,1.0,0.0,0.0,0.0,,,,,,,,,Desconocido
1547526.0,Championnat D1,968,Gabon,Regular Season - 19,False,2026-06-03,27575,8069,Stade Migoveen,Pélican,2.0,2.0,1.0,0.0,,,,,,,,,Desconocido
1406077.0,Oberliga - Niederrhein,751,Germany,Niederrhein - 34,True,2026-06-03,24426,14555,Biemenhorst,Sonsbeck,4.0,2.0,4.0,0.0,,,,,,,,,Desconocido
1548284.0,Oberliga - Promotion Round,988,Germany,Promotion Round,True,2026-06-03,16091,1632,Blumenthaler SV,Germania Egestorf,3.0,2.0,1.0,1.0,,,,,,,,,Desconocido
1548285.0,Oberliga - Promotion Round,988,Germany,Promotion Round,True,2026-06-03,13947,12880,Eimsbütteler TV,Todesfelde,5.0,3.0,3.0,0.0,,,,,,,,,Desconocido
1547199.0,Serie C - Promotion - Play-offs,976,Italy,Final,True,2026-06-03,26356,507,Union Brescia,Ascoli,1.0,1.0,1.0,1.0,,,,,,,,,Desconocido
1546527.0,First League,355,Montenegro,Final - Relegation,True,2026-06-03,3737,3744,Grbalj,Bokelj,0.0,2.0,0.0,1.0,,,,,,,,,Desconocido
1546528.0,First League,355,Montenegro,Final - Relegation,True,2026-06-03,3738,3748,Iskra,Jezero,1.0,5.0,0.0,2.0,,,,,,,,,Desconocido
1546523.0,Second League,356,Montenegro,Final - Relegation,True,2026-06-03,2258,27792,Rudar,Brskovo,5.0,0.0,4.0,0.0,,,,,,,,,Desconocido
1546524.0,Second League,356,Montenegro,Final - Relegation,True,2026-06-03,676,3746,Zeta,Igalo,0.0,0.0,0.0,0.0,,,,,,,,,Desconocido
1545539.0,Botola Pro,200,Morocco,Regular Season - 22,False,2026-06-03,3449,25058,CR Khemis Zemamra,Yacoub El Mansour,2.0,1.0,1.0,1.0,,,,,,,,,A. Charhabil
1545540.0,Botola Pro,200,Morocco,Regular Season - 22,False,2026-06-03,974,968,Ittihad Tanger,Wydad AC,2.0,1.0,0.0,0.0,,,,,,,,,S. Boujidi
1545541.0,Botola Pro,200,Morocco,Regular Season - 22,False,2026-06-03,976,962,Raja Casablanca,Renaissance Berkane,0.0,1.0,0.0,0.0,,,,,,,,,M. El Baroudi
1548076.0,Derde Divisie - Relegation Round,1004,Netherlands,Final,True,2026-06-03,1285,24631,Dongen,Heerjansdam,1.0,1.0,1.0,0.0,,,,,,,,,Desconocido
1548077.0,Derde Divisie - Relegation Round,1004,Netherlands,Final,True,2026-06-03,23712,14234,HBC,Hollandia,0.0,1.0,0.0,0.0,,,,,,,,,Desconocido
1548078.0,Derde Divisie - Relegation Round,1004,Netherlands,Final,True,2026-06-03,27790,1255,NEO,TEC,1.0,0.0,1.0,0.0,,,,,,,,,Desconocido
1548079.0,Derde Divisie - Relegation Round,1004,Netherlands,Final,True,2026-06-03,3905,1286,SteDoCo,EVV,0.0,1.0,0.0,1.0,,,,,,,,,Desconocido
1548072.0,Tweede Divisie,492,Netherlands,Semi-finals,True,2026-06-03,3886,1280,ADO '20,Ijsselmeervogels,0.0,7.0,0.0,2.0,,,,,,,,,Desconocido
1548073.0,Tweede Divisie,492,Netherlands,Semi-finals,True,2026-06-03,1288,17129,Rijnvogels,Excelsior Maassluis,2.0,1.0,1.0,1.0,,,,,,,,,Desconocido
1548195.0,U21 Divisie 1,675,Netherlands,Final,True,2026-06-03,14905,19588,Groningen U21,De Graafschap U21,3.0,1.0,1.0,0.0,,,,,,,,,Desconocido
1496648.0,3. Division - Girone 2,775,Norway,Regular Season - 13,False,2026-06-03,7013,25498,NTNUI,Kvik Trondheim,4.0,3.0,2.0,2.0,,,,,,,,,Desconocido
1547817.0,II Liga - East,109,Poland,Semi-finals,True,2026-06-03,6943,19693,KSZO 1929,Luzino,2.0,1.0,0.0,1.0,,,,,,,,,Desconocido
1547816.0,II Liga - East,109,Poland,Semi-finals,True,2026-06-03,21656,9132,Łomża,Górnik Polkowice,2.0,3.0,0.0,1.0,,,,,,,,,Desconocido
1546330.0,Taça Revelação U23,840,Portugal,Final,True,2026-06-03,21719,19825,Santa Clara U23,Gil Vicente U23,1.0,2.0,0.0,1.0,,,,,,,,,Desconocido
1536338.0,Second League - Group 2,652,Russia,Group 2 - 6,False,2026-06-03,6840,21539,Zvezda St. Petersburg,Irkutsk,1.0,1.0,1.0,0.0,,,,,,,,,Desconocido
1546279.0,Premier Soccer League,288,South-Africa,Relegation Round,True,2026-06-03,22234,19999,Milford FC,Magesi,1.0,0.0,0.0,0.0,,,,,,,,,Desconocido
1515742.0,Division 2 - Norrland,594,Sweden,Norrland - 10,True,2026-06-03,12587,12592,IFK Umeå,Täfteå,1.0,5.0,0.0,4.0,,,,,,,,,Desconocido
1515743.0,Division 2 - Norrland,594,Sweden,Norrland - 10,True,2026-06-03,16604,11669,Storfors,Skellefteå,1.0,3.0,0.0,2.0,,,,,,,,,Desconocido
1515744.0,Division 2 - Norrland,594,Sweden,Norrland - 10,True,2026-06-03,12593,6679,Umeå FC Akademi,IFK Luleå,1.0,3.0,1.0,1.0,,,,,,,,,Desconocido
1505170.0,Ettan - Norra,563,Sweden,Norra - 10,True,2026-06-03,6708,16598,Vasalund,Järfälla,3.0,1.0,1.0,1.0,,,,,,,,,Desconocido
1504446.0,Ettan - Södra,564,Sweden,Södra - 10,True,2026-06-03,12601,6687,Olympic,Lund,1.0,3.0,1.0,1.0,,,,,,,,,Desconocido
1545629.0,Svenska Cupen,115,Sweden,Semi-finals,True,2026-06-03,6664,6665,Forssa,Franke,2.0,2.0,2.0,0.0,,,,,,,,,Desconocido
1545645.0,Svenska Cupen,115,Sweden,Semi-finals,True,2026-06-03,27759,25573,Hovshaga,Växjö Norra,0.0,5.0,0.0,2.0,,,,,,,,,Desconocido
1545625.0,Svenska Cupen,115,Sweden,Semi-finals,True,2026-06-03,12653,20839,Högaborg,IFK Trelleborg,2.0,1.0,1.0,0.0,,,,,,,,,Desconocido
1545626.0,Svenska Cupen,115,Sweden,Semi-finals,True,2026-06-03,6681,24030,IFK Östersund,Kubikenborg,1.0,0.0,1.0,0.0,,,,,,,,,Desconocido
1545646.0,Svenska Cupen,115,Sweden,Semi-finals,True,2026-06-03,27764,11671,Ostra Ersboda,Piteå,2.0,3.0,1.0,1.0,,,,,,,,,Desconocido
1545628.0,Svenska Cupen,115,Sweden,Semi-finals,True,2026-06-03,20838,6699,Viggbyholms IK,Sollentuna,0.0,5.0,0.0,3.0,,,,,,,,,Desconocido
1545624.0,Svenska Cupen,115,Sweden,Semi-finals,True,2026-06-03,16746,6706,Viken,Utsikten,1.0,2.0,1.0,0.0,,,,,,,,,Desconocido
1548293.0,1. Liga Classic - Play-offs,1005,Switzerland,Promotion Play-offs - Semi-finals,True,2026-06-03,16316,12704,Amical Saint-Prex,Grasshopper II,1.0,1.0,1.0,1.0,,,,,,,,,Desconocido
1548291.0,1. Liga Classic - Play-offs,1005,Switzerland,Promotion Play-offs - Semi-finals,True,2026-06-03,17480,6652,Courtételle,YF Juventus,1.0,0.0,0.0,0.0,,,,,,,,,Desconocido
1548290.0,1. Liga Classic - Play-offs,1005,Switzerland,Promotion Play-offs - Semi-finals,True,2026-06-03,12705,12720,Langenthal,Tuggen,2.0,2.0,1.0,1.0,,,,,,,,,Desconocido
1548292.0,1. Liga Classic - Play-offs,1005,Switzerland,Promotion Play-offs - Semi-finals,True,2026-06-03,6648,16323,Taverne,Servette II,1.0,1.0,1.0,0.0,,,,,,,,,Desconocido
1493526.0,USL Championship,255,USA,Group Stage,False,2026-06-03,3989,4000,Birmingham Legion,Louisville City,1.0,1.0,1.0,1.0,,,,,,,,,A. Ndiaye
1493850.0,USL League One,489,USA,Group Stage,False,2026-06-03,4043,25486,Corpus Christi,Portland Hearts of Pine,3.0,2.0,0.0,1.0,,,,,,,,,Desconocido
1493852.0,USL League One,489,USA,Group Stage,False,2026-06-03,9026,9025,Greenville Triumph,Forward Madison,1.0,0.0,1.0,0.0,,,,,,,,,Desconocido
1493851.0,USL League One,489,USA,Group Stage,False,2026-06-03,25485,3991,Naples,Charlotte Independence,1.0,5.0,0.0,3.0,,,,,,,,,Desconocido
1524718.0,USL League Two,256,USA,Group Stage,False,2026-06-03,4032,18896,AHFC Royals,Houston Sur,2.0,2.0,1.0,1.0,,,,,,,,,Desconocido
1524719.0,USL League Two,256,USA,Group Stage,False,2026-06-03,23971,4061,Annapolis Blues,Lionsbridge,0.0,2.0,0.0,1.0,,,,,,,,,Desconocido
1524720.0,USL League Two,256,USA,Group Stage,False,2026-06-03,20961,4067,Appalachian,North Carolina II,4.0,0.0,3.0,0.0,,,,,,,,,Desconocido
1524722.0,USL League Two,256,USA,Group Stage,False,2026-06-03,4034,4100,Black Rock,Western Mass Pioneers,0.0,0.0,0.0,0.0,,,,,,,,,Desconocido
1524723.0,USL League Two,256,USA,Group Stage,False,2026-06-03,21281,10280,Brevard,Inter Miami II,1.0,2.0,0.0,0.0,,,,,,,,,Desconocido
1524708.0,USL League Two,256,USA,Group Stage,False,2026-06-03,20963,21287,Capo,Redlands,3.0,4.0,1.0,3.0,,,,,,,,,Desconocido
1524724.0,USL League Two,256,USA,Group Stage,False,2026-06-03,4039,4089,Charlotte Eagles,Tobacco Road,3.0,2.0,3.0,1.0,,,,,,,,,Desconocido
1524725.0,USL League Two,256,USA,Group Stage,False,2026-06-03,10096,10094,Charlotte Independence 2,Asheville City,2.0,2.0,2.0,1.0,,,,,,,,,Desconocido
1524709.0,USL League Two,256,USA,Group Stage,False,2026-06-03,18889,21288,Chicago Dutch Lions,Rochester,2.0,1.0,1.0,1.0,,,,,,,,,Desconocido
1524706.0,USL League Two,256,USA,Group Stage,False,2026-06-03,9041,23114,Christos,Charlottesville Blues,2.0,2.0,2.0,1.0,,,,,,,,,Desconocido
1524707.0,USL League Two,256,USA,Group Stage,False,2026-06-03,18893,4077,Davis Legacy,SF Glens,1.0,2.0,0.0,0.0,,,,,,,,,Desconocido
1524726.0,USL League Two,256,USA,Group Stage,False,2026-06-03,4045,16690,Dayton Dutch Lions,Toledo Villa,1.0,1.0,0.0,0.0,,,,,,,,,Desconocido
1524727.0,USL League Two,256,USA,Group Stage,False,2026-06-03,23116,27522,Dothan United,Swarm FC,0.0,0.0,0.0,0.0,,,,,,,,,Desconocido
1524728.0,USL League Two,256,USA,Group Stage,False,2026-06-03,25940,25942,GFI,Lonestar,0.0,0.0,0.0,0.0,,,,,,,,,Desconocido
1524729.0,USL League Two,256,USA,Group Stage,False,2026-06-03,27516,27513,Hill City,Bethesda SC,3.0,0.0,2.0,0.0,,,,,,,,,Desconocido
1524712.0,USL League Two,256,USA,Group Stage,False,2026-06-03,23119,27524,Inter Gainesville,Shark Coast,0.0,0.0,0.0,0.0,,,,,,,,,Desconocido
1525393.0,USL League Two,256,USA,Group Stage,False,2026-06-03,27517,4001,Jackson Boom,Memphis 901,0.0,1.0,0.0,0.0,,,,,,,,,Desconocido
1524747.0,USL League Two,256,USA,Group Stage,False,2026-06-03,4062,18897,Long Island Rough Riders,Hudson Valley Hammers,1.0,3.0,1.0,1.0,,,,,,,,,Desconocido
1524731.0,USL League Two,256,USA,Group Stage,False,2026-06-03,27519,18890,Lorain County Leviathan,Cleveland Force,3.0,1.0,1.0,1.0,,,,,,,,,Desconocido
1524732.0,USL League Two,256,USA,Group Stage,False,2026-06-03,23224,10066,Lubbock Matadors,Denton Diablos,1.0,2.0,0.0,1.0,,,,,,,,,Desconocido
1524711.0,USL League Two,256,USA,Group Stage,False,2026-06-03,18899,18908,Marin,Project 51O,2.0,5.0,0.0,2.0,,,,,,,,,Desconocido
1524713.0,USL League Two,256,USA,Group Stage,False,2026-06-03,18900,4101,Miami AC,Weston,3.0,0.0,2.0,0.0,,,,,,,,,Desconocido
1524733.0,USL League Two,256,USA,Group Stage,False,2026-06-03,4064,25946,Mississippi Brilla,Red River,3.0,2.0,2.0,1.0,,,,,,,,,Desconocido
1524734.0,USL League Two,256,USA,Group Stage,False,2026-06-03,25944,23111,Montgomery United,Birmingham Legion II,2.0,2.0,1.0,1.0,,,,,,,,,Desconocido
1524748.0,USL League Two,256,USA,Group Stage,False,2026-06-03,16682,18894,Morris Elite,FC Motown II,0.0,4.0,0.0,2.0,,,,,,,,,Desconocido
1524735.0,USL League Two,256,USA,Group Stage,False,2026-06-03,26064,27514,New England FC,Connecticut Rush,2.0,1.0,1.0,1.0,,,,,,,,,Desconocido
1524740.0,USL League Two,256,USA,Group Stage,False,2026-06-03,4066,23993,North Carolina Fusion,Hickory,1.0,2.0,0.0,1.0,,,,,,,,,Desconocido
1524714.0,USL League Two,256,USA,Group Stage,False,2026-06-03,25945,10098,Northern Indiana,Louisville City II,2.0,0.0,1.0,0.0,,,,,,,,,Desconocido
1524736.0,USL League Two,256,USA,Group Stage,False,2026-06-03,4068,16686,Ocean City Nor'easters,Real Central New Jersey,1.0,0.0,1.0,0.0,,,,,,,,,Desconocido
1525394.0,USL League Two,256,USA,Group Stage,False,2026-06-03,23825,16728,PA Classics,Lone Star II,1.0,1.0,1.0,0.0,,,,,,,,,Desconocido
1524737.0,USL League Two,256,USA,Group Stage,False,2026-06-03,18907,4049,Patuxent,Evergreen,0.0,5.0,0.0,3.0,,,,,,,,,Desconocido
1524715.0,USL League Two,256,USA,Group Stage,False,2026-06-03,27521,17019,Pittsburgh Riverhounds 2,Buffalo,0.0,0.0,0.0,0.0,,,,,,,,,Desconocido
1524739.0,USL League Two,256,USA,Group Stage,False,2026-06-03,21286,10069,RKC,Minneapolis City,0.0,1.0,0.0,0.0,,,,,,,,,Desconocido
1525395.0,USL League Two,256,USA,Group Stage,False,2026-06-03,13200,25954,Real Colorado Foxes,Colorado Storm,1.0,4.0,0.0,2.0,,,,,,,,,Desconocido
1524738.0,USL League Two,256,USA,Group Stage,False,2026-06-03,23121,23123,River Light,Sueno,2.0,1.0,2.0,1.0,,,,,,,,,Desconocido
1524716.0,USL League Two,256,USA,Group Stage,False,2026-06-03,27526,18910,Rockford Raptors,St. Croix,4.0,2.0,2.0,2.0,,,,,,,,,Desconocido
1524741.0,USL League Two,256,USA,Group Stage,False,2026-06-03,4079,23109,San Francisco City,Almaden,1.0,0.0,0.0,0.0,,,,,,,,,Desconocido
1524742.0,USL League Two,256,USA,Group Stage,False,2026-06-03,25947,10101,Santafé Wanderers,Peoria,0.0,1.0,0.0,1.0,,,,,,,,,Desconocido
1524743.0,USL League Two,256,USA,Group Stage,False,2026-06-03,27523,23112,Sporting Jax 2,Brooke House,0.0,1.0,0.0,0.0,,,,,,,,,Desconocido
1524717.0,USL League Two,256,USA,Group Stage,False,2026-06-03,23122,4063,Staten Island Athletic,Manhattan,2.0,2.0,0.0,1.0,,,,,,,,,Desconocido
1524744.0,USL League Two,256,USA,Group Stage,False,2026-06-03,24029,4047,Sunflower State,Des Moines Menace,2.0,0.0,2.0,0.0,,,,,,,,,Desconocido
1524745.0,USL League Two,256,USA,Group Stage,False,2026-06-03,23124,18882,Tacoma Stars,Ballard,1.0,1.0,0.0,1.0,,,,,,,,,Desconocido
1524710.0,USL League Two,256,USA,Group Stage,False,2026-06-03,23125,18901,Union Macomb,Midwest United,0.0,4.0,0.0,2.0,,,,,,,,,Desconocido
1524721.0,USL League Two,256,USA,Group Stage,False,2026-06-03,3961,18891,Unión Villa Krause,Colorado ISA,4.0,4.0,1.0,1.0,,,,,,,,,Desconocido
1524749.0,USL League Two,256,USA,Group Stage,False,2026-06-03,21293,27520,Virginia Marauders,Loudoun 2,0.0,2.0,0.0,1.0,,,,,,,,,Desconocido
1524746.0,USL League Two,256,USA,Group Stage,False,2026-06-03,4097,4076,Wake,SC United Bantams,1.0,4.0,0.0,2.0,,,,,,,,,Desconocido
1532099.0,USL W League,1117,USA,Regular Season - 1,False,2026-06-03,23892,25845,Brevard Riptide W,Fort Lauderdale Utd II W,2.0,0.0,1.0,0.0,,,,,,,,,Desconocido
1532110.0,USL W League,1117,USA,Regular Season - 1,False,2026-06-03,23893,23924,California Storm II W,Stockton Cargo W,2.0,0.0,1.0,0.0,,,,,,,,,Desconocido
1532098.0,USL W League,1117,USA,Regular Season - 1,False,2026-06-03,25935,25960,Capo W,OC Sporting W,1.0,0.0,1.0,0.0,,,,,,,,,Desconocido
1532094.0,USL W League,1117,USA,Regular Season - 1,False,2026-06-03,23941,25852,Cleveland Force W,Pittsburgh Riveters W,0.0,3.0,0.0,1.0,,,,,,,,,Desconocido
1532107.0,USL W League,1117,USA,Regular Season - 1,False,2026-06-03,23943,23930,Detroit City W,Ann Arbor W,1.0,2.0,0.0,0.0,,,,,,,,,Desconocido
1532381.0,USL W League,1117,USA,Regular Season - 1,False,2026-06-03,23899,27611,Eagle FC W,Loudoun United FC W,3.0,0.0,0.0,0.0,,,,,,,,,Desconocido
1532105.0,USL W League,1117,USA,Regular Season - 1,False,2026-06-03,25844,25859,Flower City 1872 W,Buffalo W,4.0,2.0,2.0,1.0,,,,,,,,,Desconocido
1532101.0,USL W League,1117,USA,Regular Season - 1,False,2026-06-03,25848,23931,Knoxville W,Asheville City W,0.0,2.0,0.0,1.0,,,,,,,,,Desconocido
1532100.0,USL W League,1117,USA,Regular Season - 1,False,2026-06-03,23911,23967,NC Courage II W,Wake W,5.0,0.0,3.0,0.0,,,,,,,,,Desconocido
1532106.0,USL W League,1117,USA,Regular Season - 1,False,2026-06-03,23916,23953,Paisley Athletic W,Morris Elite W,0.0,2.0,0.0,2.0,,,,,,,,,Desconocido
1532097.0,USL W League,1117,USA,Regular Season - 1,False,2026-06-03,23956,23913,Patuxent W,Northern Virginia FC W,2.0,5.0,1.0,2.0,,,,,,,,,Desconocido
1532382.0,USL W League,1117,USA,Regular Season - 1,False,2026-06-03,23918,27612,Pleasanton Rage W,Monterey Bay FC W,0.0,1.0,0.0,1.0,,,,,,,,,Desconocido
1532428.0,USL W League,1117,USA,Regular Season - 1,False,2026-06-03,23829,23959,Port City NC W,SC United Bantams W,1.0,2.0,0.0,1.0,,,,,,,,,Desconocido
1532429.0,USL W League,1117,USA,Regular Season - 1,False,2026-06-03,27617,23898,Real Colorado W,Colorado Storm W,2.0,0.0,1.0,0.0,,,,,,,,,Desconocido
1532108.0,USL W League,1117,USA,Regular Season - 1,False,2026-06-03,23922,23937,SSA Royals W,Chattanooga Red Wolves W,0.0,0.0,0.0,0.0,,,,,,,,,Desconocido
1532109.0,USL W League,1117,USA,Regular Season - 1,False,2026-06-03,25854,23908,San Juan SC W,Marin FC Siren W,3.0,4.0,1.0,1.0,,,,,,,,,Desconocido
1532104.0,USL W League,1117,USA,Regular Season - 1,False,2026-06-03,23854,23958,Sioux Falls City W,Rochester W,6.0,0.0,2.0,0.0,,,,,,,,,Desconocido
1532383.0,USL W League,1117,USA,Regular Season - 1,False,2026-06-03,23857,27609,SoCal Dutch Lions W,Los Angeles SC W,1.0,1.0,1.0,0.0,,,,,,,,,Desconocido
1532096.0,USL W League,1117,USA,Regular Season - 1,False,2026-06-03,25855,23934,Sporting JAX W,Brooke House W,0.0,0.0,0.0,0.0,,,,,,,,,Desconocido
1532103.0,USL W League,1117,USA,Regular Season - 1,False,2026-06-03,23926,25853,Tacoma Galaxy W,Salmon Bay W,0.0,3.0,0.0,0.0,,,,,,,,,Desconocido
1532102.0,USL W League,1117,USA,Regular Season - 1,False,2026-06-03,25862,23945,Toledo Villa W,Indy Eleven W,0.0,6.0,0.0,2.0,,,,,,,,,Desconocido
1532095.0,USL W League,1117,USA,Regular Season - 1,False,2026-06-03,25863,23952,Union Macomb W,Midwest United W,2.0,1.0,1.0,1.0,,,,,,,,,Desconocido
1532430.0,USL W League,1117,USA,Regular Season - 1,False,2026-06-03,27614,25865,Virginia Development Academy W,Virginia Beach United W,1.0,0.0,0.0,0.0,,,,,,,,,Desconocido
1531054.0,Pro League A,1075,Uzbekistan,Regular Season - 9,False,2026-06-03,18785,27586,Aral,Pakhtakor II,3.0,0.0,2.0,0.0,,,,,,,,,Desconocido
1531056.0,Pro League A,1075,Uzbekistan,Regular Season - 9,False,2026-06-03,27585,21159,Gazalkent,Jayxun,0.0,0.0,0.0,0.0,,,,,,,,,Desconocido
1547210.0,ASEAN Championship U19,928,World,Group Stage - 1,False,2026-06-03,19153,22591,Philippines U19,Australia U19,0.0,10.0,0.0,3.0,,,,,,,,,Desconocido
1544357.0,Friendlies,10,World,Friendly International,True,2026-06-03,778,1116,Albania,Israel,0.0,1.0,0.0,0.0,,,,,,,,,"Miloš Savović, Montenegro"
1543822.0,Friendlies,10,World,Friendly International,True,2026-06-03,1508,21,Congo DR,Denmark,0.0,0.0,0.0,0.0,,,,,,,,,Desconocido
1548405.0,Friendlies,10,World,Friendly International,True,2026-06-03,22340,21474,Croatia U18,Norway U18,2.0,2.0,1.0,1.0,,,,,,,,,Desconocido
1545265.0,Friendlies,10,World,Friendly International,True,2026-06-03,8186,10954,Croatia U21,Qatar U23,2.0,0.0,0.0,0.0,,,,,,,,,Desconocido
1548407.0,Friendlies,10,World,Friendly International,True,2026-06-03,21465,21477,Czech Republic U18,Romania U18,3.0,0.0,1.0,0.0,,,,,,,,,Desconocido
1545266.0,Friendlies,10,World,Friendly International,True,2026-06-03,1093,8168,Gibraltar,British Virgin Islands,4.0,0.0,3.0,0.0,,,,,,,,,Desconocido
1548406.0,Friendlies,10,World,Friendly International,True,2026-06-03,10177,10184,Korea Republic U23,UAE U23,1.0,1.0,1.0,1.0,,,,,,,,,Desconocido
1548408.0,Friendlies,10,World,Friendly International,True,2026-06-03,21058,19624,Kyrgyz Republic U20,Bahrain U20,4.0,0.0,2.0,0.0,,,,,,,,,Desconocido
1540589.0,Friendlies,10,World,Friendly International,True,2026-06-03,1102,768,Luxembourg,Italy,0.0,1.0,0.0,0.0,,,,,,,,,"Joey Kooij, Netherlands"
1536930.0,Friendlies,10,World,Friendly International,True,2026-06-03,1118,1532,Netherlands,Algeria,0.0,1.0,0.0,0.0,,,,,,,,,"Jakob Semler, Austria"
1548409.0,Friendlies,10,World,Friendly International,True,2026-06-03,10342,10300,Norway U19,Qatar U20,6.0,2.0,3.0,1.0,,,,,,,,,Desconocido
1542891.0,Friendlies,10,World,Friendly International,True,2026-06-03,11,5532,Panama,Dominican Republic,4.0,2.0,2.0,0.0,,,,,,,,,N. Salgado
1545697.0,Friendlies,10,World,Friendly International,True,2026-06-03,1555,8119,Philippines,Guam,5.0,1.0,3.0,0.0,,,,,,,,,Desconocido
1539431.0,Friendlies,10,World,Friendly International,True,2026-06-03,24,19,Poland,Nigeria,2.0,2.0,1.0,1.0,,,,,,,,,"Marian Barbu, Romania"
1545267.0,Friendlies,10,World,Friendly International,True,2026-06-03,8216,8213,Portugal U21,Northern Ireland U21,4.0,0.0,2.0,0.0,,,,,,,,,Desconocido
1544807.0,Friendlies,10,World,Friendly International,True,2026-06-03,17,5159,South Korea,El Salvador,1.0,0.0,0.0,0.0,,,,,,,,,N. Simon
1548410.0,Friendlies,10,World,Friendly International,True,2026-06-03,8227,8203,Turkey U21,Kosovo U21,1.0,0.0,0.0,0.0,,,,,,,,,Desconocido
1545734.0,Friendlies Women,666,World,Friendly International Women,True,2026-06-03,1723,1776,China W,Russia W,1.0,2.0,0.0,0.0,,,,,,,,,Desconocido
1550868.0,Friendlies Women,666,World,Friendly International Women,True,2026-06-03,19416,21020,Cook Islands W,Afghanistan W,1.0,0.0,2.0,0.0,,,,,,,,,Desconocido
1548462.0,Friendlies Women,666,World,Friendly International Women,True,2026-06-03,27219,19080,England U20 W,Canada U20 W,1.0,0.0,0.0,0.0,,,,,,,,,Desconocido
1548460.0,Friendlies Women,666,World,Friendly International Women,True,2026-06-03,27108,19079,Finland U23 W,Brazil U20 W,4.0,1.0,3.0,0.0,,,,,,,,,Desconocido
1548459.0,Friendlies Women,666,World,Friendly International Women,True,2026-06-03,17896,19418,Hong Kong W,Fiji W,3.0,2.0,1.0,0.0,,,,,,,,,Desconocido
1546554.0,Friendlies Women,666,World,Friendly International Women,True,2026-06-03,17887,17893,Indonesia W,Singapore W,0.0,2.0,0.0,2.0,,,,,,,,,Desconocido
1548461.0,Friendlies Women,666,World,Friendly International Women,True,2026-06-03,16933,18268,Jordan W,Malaysia W,4.0,3.0,1.0,3.0,,,,,,,,,Desconocido
1548464.0,Friendlies Women,666,World,Friendly International Women,True,2026-06-03,27146,26292,Malta U19 W,Saudi Arabia U20 W,4.0,0.0,2.0,0.0,,,,,,,,,Desconocido
1546831.0,Friendlies Women,666,World,Friendly International Women,True,2026-06-03,14462,16945,Myanmar W,Uzbekistan W,0.0,1.0,0.0,1.0,,,,,,,,,Desconocido
1641694.0,Friendlies Women,666,World,Friendly International Women,True,2026-06-03,28368,19087,Portugal U20 W,Korea Republic U20 W,2.0,0.0,2.0,0.0,,,,,,,,,Desconocido
1548463.0,Friendlies Women,666,World,Friendly International Women,True,2026-06-03,27193,27162,Sweden U23 W,Norway U23 W,2.0,0.0,2.0,0.0,,,,,,,,,Desconocido
1546832.0,Friendlies Women,666,World,Friendly International Women,True,2026-06-03,21437,22550,Tanzania W,Malawi W,1.0,0.0,0.0,0.0,,,,,,,,,Desconocido
1545460.0,Tournoi Maurice Revello,914,World,Group Stage,False,2026-06-03,11026,10314,Côte d'Ivoire U20,Venezuela U20,3.0,1.0,1.0,0.0,,,,,,,,,D. Shiino
1545459.0,Tournoi Maurice Revello,914,World,Group Stage,False,2026-06-03,10290,10299,Japan U20,Portugal U20,1.0,4.0,0.0,2.0,,,,,,,,,G. Cokaj
1548184.0,UEFA U17 Championship - Qualification,886,World,Group Stage - 2,False,2026-06-03,17960,17936,Latvia U17,Albania U17,2.0,2.0,1.0,1.0,,,,,,,,,Desconocido
1538897.0,UEFA U19 Championship - Qualification,893,World,Qualification - Round 1 - League A - 1,True,2026-06-03,10364,10346,Greece U19,Serbia U19,0.0,1.0,0.0,0.0,,,,,,,,,Desconocido
1538938.0,UEFA U19 Championship - Qualification,893,World,Qualification - Round 1 - League B - 1,True,2026-06-03,10374,10335,Montenegro U19,Georgia U19,1.0,1.0,0.0,0.0,,,,,,,,,Desconocido
1538898.0,UEFA U19 Championship - Qualification,893,World,Qualification - Round 1 - League A - 1,True,2026-06-03,10343,10367,Portugal U19,Kazakhstan U19,1.0,1.0,0.0,0.0,,,,,,,,,Desconocido
1513457.0,Ligue 1,186,Algeria,Regular Season - 26,False,2026-06-02,910,904,USM Alger,CR Belouizdad,1.0,1.0,1.0,1.0,,,,,,,,,Desconocido
1540052.0,Copa Argentina,130,Argentina,Round of 32,True,2026-06-02,2432,445,Barracas Central,Huracan,1.0,0.0,0.0,0.0,,,,,,,,,S. Zunino
1499444.0,Primera B Metropolitana,131,Argentina,Regular Season - 18,False,2026-06-02,8383,1924,Deportivo Merlo,Deportivo Laferrere,2.0,1.0,0.0,1.0,,,,,,,,,Desconocido
1512436.0,Reserve League,906,Argentina,Apertura - 16,True,2026-06-02,18679,18698,Banfield Res.,Sarmiento Res.,2.0,1.0,1.0,1.0,,,,,,,,,Desconocido
1512440.0,Reserve League,906,Argentina,Apertura - 16,True,2026-06-02,18683,18688,Colón Res.,Huracán Res.,3.0,1.0,1.0,1.0,,,,,,,,,Desconocido
1512442.0,Reserve League,906,Argentina,Apertura - 16,True,2026-06-02,26250,27271,Ferro 2,Estudiantes Rio Cuarto 2,4.0,1.0,1.0,1.0,,,,,,,,,Desconocido
1512445.0,Reserve League,906,Argentina,Apertura - 16,True,2026-06-02,18689,18691,Independiente Res.,Newell's Old Boys Res.,1.0,0.0,0.0,0.0,,,,,,,,,Desconocido
1512448.0,Reserve League,906,Argentina,Apertura - 16,True,2026-06-02,27413,22937,Quilmes 2,Deportivo Riestra Res.,1.0,0.0,1.0,0.0,,,,,,,,,Desconocido
1512452.0,Reserve League,906,Argentina,Apertura - 16,True,2026-06-02,18700,18695,Tigre Res.,River Plate Res.,0.0,2.0,0.0,1.0,,,,,,,,,Desconocido
1545564.0,Division di Honor,421,Aruba,Group Stage,False,2026-06-02,27629,26894,San Nicolaas,Real Koyari,2.0,1.0,1.0,1.0,,,,,,,,,Desconocido
1524041.0,Queensland NPL,482,Australia,Regular Season - 13,False,2026-06-02,11184,10212,WDSC Wolves,Brisbane Roar II,2.0,1.0,0.0,0.0,,,,,,,,,Desconocido
1524214.0,Queensland Premier League,833,Australia,Regular Season - 13,False,2026-06-02,9992,10213,North Star,Brisbane Strikers,1.0,3.0,0.0,2.0,,,,,,,,,Desconocido
1464386.0,Landesliga - Niederosterreich,226,Austria,Niederösterreich - 25,True,2026-06-02,21721,24461,Korneuburg,Ybbs,2.0,2.0,1.0,0.0,,,,,,,,,Desconocido
1465499.0,Landesliga - Vorarlbergliga,231,Austria,Vorarlberg - 24,True,2026-06-02,8354,8355,Blau-Weiß Feldkirch,FC Egg,3.0,0.0,0.0,0.0,,,,,,,,,Desconocido
1543886.0,Brasileiro U17,1128,Brazil,Regular Season - 2,False,2026-06-02,24478,24479,Flamengo RJ U17,Fluminense U17,0.0,1.0,0.0,0.0,,,,,,,,,Desconocido
1539823.0,Catarinense U20,1076,Brazil,Regular Season - 9,False,2026-06-02,23322,12999,Brusque U20,Criciuma U20,0.0,4.0,0.0,2.0,,,,,,,,,Desconocido
1547221.0,Copa do Nordeste,612,Brazil,Final,True,2026-06-02,154,136,Fortaleza EC,Vitoria,1.0,2.0,0.0,0.0,,,,,,,,,A. Filho
1544279.0,Copa Colombia,241,Colombia,Group Stage - 4,False,2026-06-02,1128,1470,Independiente Medellin,Cucuta,2.0,1.0,1.0,1.0,,,,,,,,,Desconocido
1546412.0,Primera A,239,Colombia,Apertura - Final,True,2026-06-02,1135,1137,Junior,Atletico Nacional,3.0,0.0,2.0,0.0,,,,,,,,,Carlos Andres Marquez Ortega
1490061.0,4. liga - Divizie B,351,Czech-Republic,Division B - 24,True,2026-06-02,7317,7306,Mariánské Lázně,Karlovy Vary,1.0,4.0,1.0,3.0,,,,,,,,,Desconocido
1487692.0,4. liga - Divizie E,354,Czech-Republic,Division E - 26,True,2026-06-02,7322,7351,Nové Sady,Sokol Lanžhot,1.0,1.0,1.0,0.0,,,,,,,,,Desconocido
1542923.0,Copa Ecuador,917,Ecuador,Round of 32,True,2026-06-02,19413,1154,La Unión,Deportivo Cuenca,0.0,0.0,0.0,0.0,,,,,,,,,Desconocido
1517182.0,Ykkönen,245,Finland,Group Stage,False,2026-06-02,1171,6075,JJK,VJS,2.0,2.0,1.0,2.0,,,,,,,,,Desconocido
1517183.0,Ykkönen,245,Finland,Group Stage,False,2026-06-02,1167,9195,Rops,OLS,1.0,1.0,0.0,1.0,,,,,,,,,Desconocido
1547520.0,Championnat D1,968,Gabon,Regular Season - 19,False,2026-06-02,8089,21187,Mangasport,Bitam,1.0,2.0,1.0,2.0,,,,,,,,,Desconocido
1547521.0,Championnat D1,968,Gabon,Regular Season - 19,False,2026-06-02,21193,21191,US Oyem,Lozo,3.0,1.0,1.0,1.0,,,,,,,,,Desconocido
1547522.0,Championnat D1,968,Gabon,Regular Season - 19,False,2026-06-02,21194,27625,Vautour Club,Ogooue FC,1.0,1.0,0.0,1.0,,,,,,,,,Desconocido
1507322.0,Liga 3,1104,Georgia,Regular Season - 7,False,2026-06-02,13860,13853,Betlemi,Kolkheti Khobi,2.0,2.0,1.0,1.0,,,,,,,,,Desconocido
1545422.0,Regionalliga - Bayern,83,Germany,Relegation Round,True,2026-06-02,9328,19761,Greuther Fürth II,Cham,1.0,0.0,0.0,0.0,,,,,,,,,Desconocido
1521142.0,Azadegan League,291,Iran,Regular Season - 27,False,2026-06-02,20801,18302,Ario Eslamshahr,Shahrdari Noshahr,1.0,1.0,1.0,1.0,,,,,,,,,Desconocido
1521143.0,Azadegan League,291,Iran,Regular Season - 27,False,2026-06-02,25364,2718,Fard Alborz,Mes Kerman,0.0,2.0,0.0,0.0,,,,,,,,,Desconocido
1521144.0,Azadegan League,291,Iran,Regular Season - 27,False,2026-06-02,15541,2726,Havadar,Navad Urmia,2.0,0.0,2.0,0.0,,,,,,,,,Desconocido
1521146.0,Azadegan League,291,Iran,Regular Season - 27,False,2026-06-02,10388,2743,Mes Shahr-e Babak,Sanat Naft,2.0,0.0,2.0,0.0,,,,,,,,,Desconocido
1521141.0,Azadegan League,291,Iran,Regular Season - 27,False,2026-06-02,22236,7502,Mes Soongoun,Niroye Zamini,1.0,0.0,1.0,0.0,,,,,,,,,Desconocido
1521145.0,Azadegan League,291,Iran,Regular Season - 27,False,2026-06-02,10399,20802,Naft Gachsaran,Be'sat Kermanshah,0.0,0.0,0.0,0.0,,,,,,,,,Desconocido
1521147.0,Azadegan League,291,Iran,Regular Season - 27,False,2026-06-02,2719,7500,Nassaji Mazandaran,Damash Gilanian,2.0,0.0,0.0,0.0,,,,,,,,,Desconocido
1521148.0,Azadegan League,291,Iran,Regular Season - 27,False,2026-06-02,2702,24800,Pars Jonoubi JAM,Naft Bandar Abbas,0.0,0.0,0.0,0.0,,,,,,,,,Desconocido
1521149.0,Azadegan League,291,Iran,Regular Season - 27,False,2026-06-02,22890,2736,Shenavarsazi Qeshm,Saipa,1.0,2.0,0.0,1.0,,,,,,,,,Desconocido
1546310.0,Iraqi League,542,Iraq,Regular Season - 38,False,2026-06-02,8009,15547,Al Quwa Al Jawiya,Zakho,3.0,2.0,2.0,0.0,,,,,,,,,Desconocido
1546311.0,Iraqi League,542,Iraq,Regular Season - 38,False,2026-06-02,5242,11065,Al Shorta,Al Minaa Basra,0.0,0.0,0.0,0.0,,,,,,,,,Desconocido
1546309.0,Iraqi League,542,Iraq,Regular Season - 38,False,2026-06-02,11070,11069,Erbil,Baghdad,3.0,1.0,0.0,0.0,,,,,,,,,Desconocido
1546307.0,Iraqi League,542,Iraq,Regular Season - 38,False,2026-06-02,26600,11074,Gharraf,Naft Maysan,0.0,2.0,0.0,0.0,,,,,,,,,Desconocido
1545725.0,Première Division,598,Mali,Regular Season - 23,False,2026-06-02,18182,25371,Afrique Football Élite,Diarra,0.0,1.0,0.0,0.0,,,,,,,,,Desconocido
1545720.0,Première Division,598,Mali,Regular Season - 23,False,2026-06-02,8060,17446,Djoliba,Binga,2.0,1.0,2.0,1.0,,,,,,,,,Desconocido
1547814.0,II Liga - East,109,Poland,Semi-finals,True,2026-06-02,4247,3492,Olimpia Grudziądz,Sandecja Nowy Sącz,1.0,2.0,0.0,0.0,,,,,,,,,Desconocido
1547815.0,II Liga - East,109,Poland,Semi-finals,True,2026-06-02,3489,12900,Podbeskidzie,Śląsk Wrocław II,2.0,1.0,0.0,1.0,,,,,,,,,Desconocido
1548191.0,Sudani Premier League,402,Sudan,Championship Group - 5,False,2026-06-02,27328,5543,Al-Hilal Omdurman II,Al Ahli Wad Medani,2.0,0.0,2.0,0.0,,,,,,,,,Desconocido
1505164.0,Ettan - Norra,563,Sweden,Norra - 10,True,2026-06-02,2169,12578,Assyriska FF,Enköping,4.0,2.0,3.0,0.0,,,,,,,,,Desconocido
1504447.0,Ettan - Södra,564,Sweden,Södra - 10,True,2026-06-02,6694,2168,Rosengård,Angelholms FF,1.0,2.0,0.0,1.0,,,,,,,,,Desconocido
1545622.0,Svenska Cupen,115,Sweden,Semi-finals,True,2026-06-02,6674,12586,Hudiksvall,Friska Viljor,0.0,1.0,0.0,1.0,,,,,,,,,Desconocido
1545623.0,Svenska Cupen,115,Sweden,Semi-finals,True,2026-06-02,12576,25575,Sävedalen,Böljan,2.0,3.0,1.0,0.0,,,,,,,,,Desconocido
1545644.0,Svenska Cupen,115,Sweden,Semi-finals,True,2026-06-02,27763,6702,Vastkurd,Trollhättan,2.0,3.0,1.0,1.0,,,,,,,,,Desconocido
1524703.0,USL League Two,256,USA,Group Stage,False,2026-06-02,25936,23120,Bangers,Midlakes United,2.0,1.0,1.0,1.0,,,,,,,,,Desconocido
1525392.0,USL League Two,256,USA,Group Stage,False,2026-06-02,27756,25938,Eagle FC,Delaware FC,1.0,3.0,0.0,1.0,,,,,,,,,Desconocido
1524700.0,USL League Two,256,USA,Group Stage,False,2026-06-02,9086,4038,New Jersey Copa,Cedar Stars Rush,2.0,2.0,2.0,0.0,,,,,,,,,Desconocido
1524702.0,USL League Two,256,USA,Group Stage,False,2026-06-02,18903,4087,Nona,The Villages,1.0,1.0,,,,,,,,,,,Desconocido
1524704.0,USL League Two,256,USA,Group Stage,False,2026-06-02,25487,9047,Texoma,Fort Worth Vaqueros,4.0,1.0,2.0,0.0,,,,,,,,,Desconocido
1524701.0,USL League Two,256,USA,Group Stage,False,2026-06-02,18912,4035,Vermont Green,Boston Bolts,5.0,0.0,3.0,0.0,,,,,,,,,Desconocido
1524705.0,USL League Two,256,USA,Group Stage,False,2026-06-02,9037,4075,West Chester United,Reading United,3.0,1.0,2.0,1.0,,,,,,,,,Desconocido
1532343.0,USL W League,1117,USA,Regular Season - 1,False,2026-06-02,23928,27744,AC Connecticut W,Vermont Green W,0.0,7.0,0.0,5.0,,,,,,,,,Desconocido
1532093.0,USL W League,1117,USA,Regular Season - 1,False,2026-06-02,23954,25842,North Carolina Fusion W,Carolina Ascent II W,0.0,2.0,0.0,1.0,,,,,,,,,Desconocido
1400647.0,Persha Liga,334,Ukraine,Regular Season - 30,False,2026-06-02,5627,6486,Metalurh Zaporizhya,Bukovyna,0.0,4.0,0.0,2.0,,,,,,,,,Desconocido
1548086.0,ASEAN Championship,24,World,Qualification Round Group Stage - 1,False,2026-06-02,5538,5537,Brunei,Timor-Leste,0.0,3.0,0.0,2.0,,,,,,,,,Desconocido
1547209.0,ASEAN Championship U19,928,World,Group Stage - 1,False,2026-06-02,19151,19154,Malaysia U19,Singapore U19,3.0,0.0,2.0,0.0,,,,,,,,,Desconocido
1547208.0,ASEAN Championship U19,928,World,Group Stage - 1,False,2026-06-02,19155,19147,Thailand U19,Brunei U19,9.0,0.0,5.0,0.0,,,,,,,,,Desconocido
1547228.0,CAF Cup of Nations - U17,973,World,Final,True,2026-06-02,12518,25822,Senegal U17,Tanzania U17,1.0,1.0,1.0,0.0,,,,,,,,,M. R. Aouina
1512766.0,Friendlies,10,World,Friendly International,True,2026-06-02,3,1,Croatia,Belgium,0.0,2.0,0.0,1.0,,,,,,,,,"Rade Obrenovič, Slovenia"
1536928.0,Friendlies,10,World,Friendly International,True,2026-06-02,1104,774,Georgia,Romania,1.0,1.0,0.0,0.0,,,,,,,,,"Moatasem Ahmad Al-Mazyed, Qatar"
1544806.0,Friendlies,10,World,Friendly International,True,2026-06-02,2386,4673,Haiti,New Zealand,4.0,0.0,1.0,0.0,,,,,,,,,"Rubiel Vazquez, USA"
1545264.0,Friendlies,10,World,Friendly International,True,2026-06-02,31,1490,Morocco,Madagascar,4.0,0.0,2.0,0.0,,,,,,,,,T. Boubou
1550821.0,Friendlies,10,World,Friendly International,True,2026-06-02,17977,17973,Serbia U17,Romania U17,1.0,0.0,0.0,0.0,,,,,,,,,Desconocido
1536929.0,Friendlies,10,World,Friendly International,True,2026-06-02,767,1504,Wales,Ghana,1.0,1.0,0.0,0.0,,,,,,,,,"Oscar Johnson, Sweden"
1545457.0,Tournoi Maurice Revello,914,World,Group Stage,False,2026-06-02,17262,11024,China PR U20,Congo DR U20,0.0,3.0,0.0,0.0,,,,,,,,,N. Campisova
1545458.0,Tournoi Maurice Revello,914,World,Group Stage,False,2026-06-02,23542,18981,Saudi Arabia U21,Colombia U19,5.0,3.0,3.0,2.0,,,,,,,,,Desconocido
1499441.0,Primera B Metropolitana,131,Argentina,Regular Season - 18,False,2026-06-01,8376,8386,Argentino Quilmes,Ituzaingó,2.0,0.0,0.0,0.0,,,,,,,,,Desconocido
1499920.0,Primera C,132,Argentina,Regular Season - 14,False,2026-06-01,8374,1947,Fénix,Canuelas,0.0,2.0,0.0,0.0,,,,,,,,,Desconocido
1499927.0,Primera C,132,Argentina,Regular Season - 14,False,2026-06-01,1931,1937,Sportivo Barracas,Atletico Atlas,1.0,0.0,0.0,0.0,,,,,,,,,Desconocido
1546334.0,Torneo Promocional Amateur,1067,Argentina,Regular Season - 1,False,2026-06-01,23100,23098,Estrella de Berisso,Deportivo Metalurgico,0.0,1.0,0.0,1.0,,,,,,,,,Desconocido
1545563.0,Division di Honor,421,Aruba,Group Stage,False,2026-06-01,8238,11176,Estrella,Jong Aruba,0.0,4.0,0.0,1.0,,,,,,,,,Desconocido
1522118.0,Victoria NPL 2,836,Australia,Regular Season - 15,False,2026-06-01,16781,3810,Bulleen Lions,Port Melbourne,1.0,0.0,0.0,0.0,,,,,,,,,Desconocido
1522117.0,Victoria NPL 2,836,Australia,Regular Season - 15,False,2026-06-01,22823,3807,Melbourne Victory II,Melbourne Knights,1.0,2.0,0.0,1.0,,,,,,,,,Desconocido
1534314.0,1. Division,117,Belarus,Regular Season - 9,False,2026-06-01,23272,3392,BATE II,Slonim,2.0,5.0,2.0,2.0,,,,,,,,,Desconocido
1534317.0,1. Division,117,Belarus,Regular Season - 9,False,2026-06-01,7798,11266,Molodechno-DYuSSh 4,Dinamo Minsk II,1.0,1.0,0.0,1.0,,,,,,,,,Desconocido
1534321.0,1. Division,117,Belarus,Regular Season - 9,False,2026-06-01,3395,16656,Volna,Niva,1.0,0.0,1.0,0.0,,,,,,,,,Desconocido
1538404.0,Primera División,344,Bolivia,Apertura - 10,True,2026-06-01,17762,3637,Universitario de Vinto,Aurora,1.0,2.0,1.0,1.0,,,,,,,,,J. Revollo
1543885.0,Brasileiro U17,1128,Brazil,Regular Season - 2,False,2026-06-01,24475,24487,Corinthians U17,Sao Paulo U17,1.0,1.0,1.0,1.0,,,,,,,,,Desconocido
1550753.0,Carioca C,1106,Brazil,Regular Season - 5,False,2026-06-01,13110,23634,Campos AA,CAAC Brasil,2.0,1.0,0.0,0.0,,,,,,,,,Desconocido
1550752.0,Carioca C,1106,Brazil,Regular Season - 5,False,2026-06-01,25178,23635,Mageense,EC Resende,0.0,4.0,0.0,0.0,,,,,,,,,Desconocido
1550751.0,Carioca C,1106,Brazil,Regular Season - 5,False,2026-06-01,13119,23641,Tigres do Brasil,Uni Souza,3.0,2.0,3.0,0.0,,,,,,,,,Desconocido
1539826.0,Catarinense U20,1076,Brazil,Regular Season - 9,False,2026-06-01,23321,23325,Barra SC U20,Nação U20,2.0,1.0,0.0,0.0,,,,,,,,,Desconocido
1546348.0,Estadual Junior U20,1143,Brazil,Quarter-finals,True,2026-06-01,24928,13020,Caxias U20,Juventude U20,1.0,4.0,1.0,1.0,,,,,,,,,Desconocido
1546345.0,Estadual Junior U20,1143,Brazil,Quarter-finals,True,2026-06-01,12972,24937,São José PA U20,Ypiranga Erechim U20,3.0,0.0,1.0,0.0,,,,,,,,,Desconocido
1544775.0,Maranhense - 2,1148,Brazil,Regular Season - 1,False,2026-06-01,25043,25044,Americano Bacabal,Expressinho,0.0,1.0,0.0,1.0,,,,,,,,,Desconocido
1536147.0,Mineiro U20,1107,Brazil,Regular Season - 8,False,2026-06-01,23643,12952,Athletic Club MG U20,Atlético Mineiro U20,2.0,1.0,0.0,0.0,,,,,,,,,Desconocido
1520707.0,Serie B,72,Brazil,Regular Season - 11,False,2026-06-01,139,2618,Ponte Preta,Botafogo SP,0.0,0.0,0.0,0.0,,,,,,,,,E. Batista
1526836.0,Serie C,75,Brazil,Regular Season - 9,False,2026-06-01,18271,1211,Barra,Brusque,2.0,2.0,1.0,0.0,,,,,,,,,D. Silva
1538008.0,Serie D,76,Brazil,Regular Season - 9,False,2026-06-01,20781,7864,Maguary PE,Sousa,2.0,0.0,1.0,0.0,,,,,,,,,Desconocido
1538010.0,Serie D,76,Brazil,Regular Season - 9,False,2026-06-01,10677,12939,Marcílio Dias,Azuriz,0.0,1.0,0.0,0.0,,,,,,,,,Desconocido
1538025.0,Serie D,76,Brazil,Regular Season - 9,False,2026-06-01,18799,1195,Tirol/CEFAT,Ferroviario,0.0,0.0,0.0,0.0,,,,,,,,,Desconocido
1537987.0,Serie D,76,Brazil,Regular Season - 9,False,2026-06-01,2229,13094,Uniclinic Atletico Clube,Piauí,0.0,1.0,0.0,1.0,,,,,,,,,Desconocido
1512920.0,Elite One,411,Cameroon,Regular Season - 21,False,2026-06-01,5405,5560,Fortuna Mfou,Canon,0.0,1.0,0.0,1.0,,,,,,,,,Desconocido
1511595.0,Primera B,266,Chile,Regular Season - 14,False,2026-06-01,2316,2327,Curico Unido,Antofagasta,1.0,0.0,0.0,0.0,,,,,,,,,Desconocido
1511593.0,Primera B,266,Chile,Regular Season - 14,False,2026-06-01,2346,2343,Deportes Santa Cruz,Deportes Copiapo,1.0,1.0,1.0,0.0,,,,,,,,,Desconocido
1519380.0,Liga Pro,242,Ecuador,Regular Season - 16,False,2026-06-01,19034,1155,Leones del Norte,Macara,1.0,1.0,0.0,0.0,,,,,,,,,"Eloy Vicente Beltran Moreira, Ecuador"
1519383.0,Liga Pro,242,Ecuador,Regular Season - 16,False,2026-06-01,1151,1152,Tecnico Universitario,Barcelona SC,1.0,0.0,1.0,0.0,,,,,,,,,"Bryan Loayza, Ecuador"
1545586.0,League Cup,895,Egypt,Semi-finals,True,2026-06-01,1031,7520,AL Masry,Masr,1.0,0.0,1.0,0.0,,,,,,,,,M. Marouf
1545587.0,League Cup,895,Egypt,Semi-finals,True,2026-06-01,1046,1037,Wadi Degla,Enppi,0.0,1.0,0.0,1.0,,,,,,,,,T. Magdy
1519570.0,Esiliiga A,328,Estonia,Regular Season - 14,False,2026-06-01,3516,3524,Elva,Tartu Welco,0.0,2.0,0.0,1.0,,,,,,,,,Desconocido
1519571.0,Esiliiga A,328,Estonia,Regular Season - 14,False,2026-06-01,13826,14287,Nõmme Kalju II,FC Tallinn,1.0,3.0,1.0,1.0,,,,,,,,,Desconocido
1521615.0,Esiliiga B,1126,Estonia,Regular Season - 14,False,2026-06-01,7906,13152,Levadia U19,Legion,6.0,0.0,3.0,0.0,,,,,,,,,Desconocido
1521617.0,Esiliiga B,1126,Estonia,Regular Season - 14,False,2026-06-01,10168,25403,Luunja,Parnu JK Vaprus U21,3.0,2.0,1.0,2.0,,,,,,,,,Desconocido
1521616.0,Esiliiga B,1126,Estonia,Regular Season - 14,False,2026-06-01,3522,16962,Tallinna Kalev II,Tartu Kalev,7.0,2.0,2.0,1.0,,,,,,,,,Desconocido
1546830.0,Regionalliga - Promotion Play-offs,1002,Germany,Promotion Play-offs - Final,True,2026-06-01,784,9355,Würzburger Kickers,Lokomotive Leipzig,2.0,1.0,1.0,0.0,,,,,,,,,Desconocido
1514194.0,1. Deild,165,Iceland,Regular Season - 7,False,2026-06-01,829,277,Throttur Reykjavik,Grindavik,2.0,0.0,1.0,0.0,,,,,,,,,Desconocido
1543384.0,2. Deild,166,Iceland,Regular Season - 5,False,2026-06-01,4173,273,KFG,Fjolnir,4.0,3.0,1.0,2.0,,,,,,,,,Desconocido
1546305.0,Iraqi League,542,Iraq,Regular Season - 38,False,2026-06-01,11066,8010,Al Najaf,Al Zawra'a,1.0,0.0,1.0,0.0,,,,,,,,,Desconocido
1546306.0,Iraqi League,542,Iraq,Regular Season - 38,False,2026-06-01,11067,15544,Al Talaba,Al Karkh,1.0,1.0,1.0,0.0,,,,,,,,,Desconocido
1546304.0,Iraqi League,542,Iraq,Regular Season - 38,False,2026-06-01,25061,20463,Diyala,Duhok,1.0,0.0,0.0,0.0,,,,,,,,,Desconocido
1546303.0,Iraqi League,542,Iraq,Regular Season - 38,False,2026-06-01,11071,25062,Naft,Newroz,2.0,1.0,1.0,0.0,,,,,,,,,Desconocido
1546391.0,J2/J3 League,1235,Japan,Placement Play-offs - Semi-Finals,True,2026-06-01,4326,4318,Vanraure Hachinohe,Fukushima United,0.0,1.0,0.0,1.0,,,,,,,,,Desconocido
1547818.0,Super League,277,Kenya,Regular Season - 36,False,2026-06-01,24667,17897,3K,Talanta,3.0,2.0,1.0,0.0,,,,,,,,,Desconocido
1547819.0,Super League,277,Kenya,Regular Season - 36,False,2026-06-01,21214,26664,Equity Bank,Soy United,1.0,0.0,0.0,0.0,,,,,,,,,Desconocido
1547820.0,Super League,277,Kenya,Regular Season - 36,False,2026-06-01,26876,20686,Gucha Stars,Darajani Gogo,2.0,1.0,0.0,0.0,,,,,,,,,Desconocido
1547821.0,Super League,277,Kenya,Regular Season - 36,False,2026-06-01,2487,19484,Kisumu All Stars,Migori Youth,0.0,1.0,0.0,1.0,,,,,,,,,Desconocido
1547822.0,Super League,277,Kenya,Regular Season - 36,False,2026-06-01,22230,19485,Luanda Villa,Mombasa Elite,1.0,0.0,1.0,0.0,,,,,,,,,Desconocido
1547824.0,Super League,277,Kenya,Regular Season - 36,False,2026-06-01,23407,2497,MOFA,Kibera Black Stars,1.0,1.0,0.0,1.0,,,,,,,,,Desconocido
1547825.0,Super League,277,Kenya,Regular Season - 36,False,2026-06-01,2482,26663,Nairobi City Stars,Kabati Youth FC,1.0,2.0,0.0,1.0,,,,,,,,,Desconocido
1547826.0,Super League,277,Kenya,Regular Season - 36,False,2026-06-01,19488,2466,Naivas,Vihiga United FC,2.0,0.0,0.0,0.0,,,,,,,,,Desconocido
1547827.0,Super League,277,Kenya,Regular Season - 36,False,2026-06-01,2469,19480,Nzoia Sugar,Fortune Sacco,3.0,1.0,3.0,0.0,,,,,,,,,Desconocido
1545765.0,Cup,658,Latvia,Round of 64,True,2026-06-01,21339,21202,Upesciema Warriors,JFK Ventspils,0.0,3.0,0.0,1.0,,,,,,,,,Desconocido
1546575.0,National Division,261,Luxembourg,Relegation - Final,True,2026-06-01,2029,15900,Jeunesse Canach,Résidence Walferdange,1.0,1.0,1.0,0.0,,,,,,,,,Desconocido
1545538.0,Botola Pro,200,Morocco,Regular Season - 22,False,2026-06-01,22218,3454,CODM Meknès,Olympique Dcheïra,2.0,1.0,2.0,0.0,,,,,,,,,B. Redouane
1545537.0,Botola Pro,200,Morocco,Regular Season - 22,False,2026-06-01,975,3453,Olympique Safi,Maghreb Fès,1.0,2.0,0.0,1.0,,,,,,,,,M. Zine Alaoui
1545536.0,Botola Pro,200,Morocco,Regular Season - 22,False,2026-06-01,14806,971,UTS Rabat,Kawkab Marrakech,0.0,0.0,0.0,0.0,,,,,,,,,Y. Bouslim
1550793.0,Federation Cup,1231,Nigeria,Round of 32,True,2026-06-01,26400,27828,Barau FC,Abakaliki,1.0,0.0,0.0,0.0,,,,,,,,,Desconocido
1550792.0,Federation Cup,1231,Nigeria,Round of 32,True,2026-06-01,5173,27831,Bendel Insurance,Crown FC,3.0,1.0,1.0,1.0,,,,,,,,,Desconocido
1550791.0,Federation Cup,1231,Nigeria,Round of 32,True,2026-06-01,27830,5508,Bida Lions,Warri Wolves,2.0,0.0,0.0,0.0,,,,,,,,,Desconocido
1550782.0,Federation Cup,1231,Nigeria,Round of 32,True,2026-06-01,27832,7789,De Sapele Lion,Adamawa United,0.0,0.0,0.0,0.0,,,,,,,,,Desconocido
1550789.0,Federation Cup,1231,Nigeria,Round of 32,True,2026-06-01,5175,5172,El Kanemi Warriors,Akwa United,1.0,1.0,0.0,0.0,,,,,,,,,Desconocido
1550788.0,Federation Cup,1231,Nigeria,Round of 32,True,2026-06-01,5177,5179,Enyimba,Gombe United,1.0,0.0,1.0,0.0,,,,,,,,,Desconocido
1550778.0,Federation Cup,1231,Nigeria,Round of 32,True,2026-06-01,27834,13886,Flight FC Gboko,Mighty Jets,1.0,1.0,0.0,0.0,,,,,,,,,Desconocido
1550787.0,Federation Cup,1231,Nigeria,Round of 32,True,2026-06-01,24512,7791,Ikorodu City,Jigawa Golden Stars,2.0,0.0,0.0,0.0,,,,,,,,,Desconocido
1550781.0,Federation Cup,1231,Nigeria,Round of 32,True,2026-06-01,27835,27829,Ingas,Basira,1.0,1.0,0.0,1.0,,,,,,,,,Desconocido
1550786.0,Federation Cup,1231,Nigeria,Round of 32,True,2026-06-01,27837,5190,Kogi,Plateau United,0.0,1.0,0.0,1.0,,,,,,,,,Desconocido
1550785.0,Federation Cup,1231,Nigeria,Round of 32,True,2026-06-01,5185,27839,Kwara United,Sokoto,0.0,1.0,0.0,0.0,,,,,,,,,Desconocido
1550784.0,Federation Cup,1231,Nigeria,Round of 32,True,2026-06-01,5192,5176,Rivers United,Enugu Rangers,3.0,2.0,2.0,0.0,,,,,,,,,Desconocido
1550783.0,Federation Cup,1231,Nigeria,Round of 32,True,2026-06-01,5504,27836,Shooting Stars,Kada Warriors,1.0,1.0,,,,,,,,,,,Desconocido
1550780.0,Federation Cup,1231,Nigeria,Round of 32,True,2026-06-01,27840,27838,Sunshine Stars U19,Warinje,2.0,1.0,,,,,,,,,,,Desconocido
1550779.0,Federation Cup,1231,Nigeria,Round of 32,True,2026-06-01,5194,17445,Wikki Tourist,Bayelsa United,3.0,1.0,2.0,0.0,,,,,,,,,Desconocido
1496799.0,3. Division - Girone 3,776,Norway,Regular Season - 9,False,2026-06-01,16218,22870,Brann II,Askøy,7.0,1.0,4.0,1.0,,,,,,,,,Desconocido
1496802.0,3. Division - Girone 3,776,Norway,Regular Season - 9,False,2026-06-01,18925,16219,Gneist,Sogndal II,4.0,6.0,3.0,2.0,,,,,,,,,Desconocido
1496805.0,3. Division - Girone 3,776,Norway,Regular Season - 9,False,2026-06-01,7043,22871,Vard,Åsane II,3.0,1.0,1.0,0.0,,,,,,,,,Desconocido
1497169.0,3. Division - Girone 5,778,Norway,Regular Season - 9,False,2026-06-01,16232,12865,Tromsø II,Strømsgodset II,4.0,1.0,2.0,1.0,,,,,,,,,Desconocido
1497348.0,3. Division - Girone 6,779,Norway,Regular Season - 9,False,2026-06-01,25499,6992,Lyn II,Gjøvik-Lyn,0.0,0.0,0.0,0.0,,,,,,,,,Desconocido
1546538.0,Division Intermedia,251,Paraguay,Regular Season - 10,False,2026-06-01,2138,21374,Guairena FC,3 de Noviembre,2.0,1.0,1.0,1.0,,,,,,,,,Desconocido
1546863.0,Liga Women,1229,Peru,Apertura - 10,True,2026-06-01,27780,27776,UNSAAC W,Flamengo FBC W,2.0,2.0,2.0,1.0,,,,,,,,,Desconocido
1545023.0,Segunda División,282,Peru,Regular Season - 9,False,2026-06-01,2556,10014,Molinos El Pirata,Deportivo Llacuabamba,3.0,1.0,1.0,0.0,,,,,,,,,Desconocido
1545024.0,Segunda División,282,Peru,Regular Season - 9,False,2026-06-01,27639,2542,Sport Huancayo 2,Ayacucho FC,0.0,0.0,0.0,0.0,,,,,,,,,Desconocido
1545548.0,Liga I,283,Romania,Relegation - Final,True,2026-06-01,2578,2579,FC Voluntari,AFC Hermannstadt,3.0,0.0,0.0,0.0,,,,,,,,,K. Szabolcs
1547756.0,Sudani Premier League,402,Sudan,Championship Group - 5,False,2026-06-01,15595,25524,Al Hilal Port Sudan,Umm Mughad,2.0,0.0,1.0,0.0,,,,,,,,,Desconocido
1547755.0,Sudani Premier League,402,Sudan,Championship Group - 5,False,2026-06-01,27329,5246,Al-Merreikh II,Hay Al Wadi,4.0,0.0,3.0,0.0,,,,,,,,,Desconocido
1505163.0,Ettan - Norra,563,Sweden,Norra - 10,True,2026-06-01,16597,813,Arlanda,Gefle IF,2.0,3.0,0.0,0.0,,,,,,,,,Desconocido
1504448.0,Ettan - Södra,564,Sweden,Södra - 10,True,2026-06-01,6698,764,Skövde AIK,Jonkopings Sodra,1.0,0.0,0.0,0.0,,,,,,,,,Desconocido
1547753.0,Premier League,425,Syria,Regular Season - 25,False,2026-06-01,9115,8040,Hottin,Jaish,2.0,1.0,1.0,1.0,,,,,,,,,Desconocido
1524699.0,USL League Two,256,USA,Group Stage,False,2026-06-01,25951,4083,Stars FC,Seahorses,2.0,1.0,1.0,1.0,,,,,,,,,Desconocido
1532342.0,USL W League,1117,USA,Regular Season - 1,False,2026-06-01,27752,25841,Snohomish United W,Bigfoot W,4.0,0.0,2.0,0.0,,,,,,,,,Desconocido
1400645.0,Persha Liga,334,Ukraine,Regular Season - 30,False,2026-06-01,3620,14433,Ahrobiznes Volochysk,Chernihiv,1.0,0.0,1.0,0.0,,,,,,,,,Desconocido
1400644.0,Persha Liga,334,Ukraine,Regular Season - 30,False,2026-06-01,3615,14437,Chornomorets,Metal Kharkiv,1.0,0.0,0.0,0.0,,,,,,,,,Desconocido
1400646.0,Persha Liga,334,Ukraine,Regular Season - 30,False,2026-06-01,3625,17162,Inhulets,Livyi Bereh,1.0,3.0,0.0,1.0,,,,,,,,,Desconocido
1400649.0,Persha Liga,334,Ukraine,Regular Season - 30,False,2026-06-01,24568,3631,Probiy Horodenka,Prykarpattia,0.0,3.0,0.0,2.0,,,,,,,,,Desconocido
1400648.0,Persha Liga,334,Ukraine,Regular Season - 30,False,2026-06-01,21957,6493,UCSA,Nyva Ternopil,3.0,0.0,2.0,0.0,,,,,,,,,Desconocido
1400642.0,Persha Liga,334,Ukraine,Regular Season - 30,False,2026-06-01,14441,13223,Yarud Mariupol',Viktoriya Mykolaivka,2.0,0.0,2.0,0.0,,,,,,,,,Desconocido
1546803.0,Primera División,268,Uruguay,Torneo Intermedio - 3,True,2026-06-01,2361,2358,Boston River,Liverpool Montevideo,0.0,1.0,0.0,1.0,,,,,,,,,J. Burgos
1546804.0,Primera División,268,Uruguay,Torneo Intermedio - 3,True,2026-06-01,2348,2368,Penarol,Central Espanol,0.0,1.0,0.0,0.0,,,,,,,,,H. Heras
1547207.0,ASEAN Championship U19,928,World,Group Stage - 1,False,2026-06-01,19149,19152,Indonesia U19,Myanmar U19,3.0,0.0,1.0,0.0,,,,,,,,,Desconocido
1547206.0,ASEAN Championship U19,928,World,Group Stage - 1,False,2026-06-01,19157,19156,Vietnam U19,Timor-Leste U19,3.0,0.0,1.0,0.0,,,,,,,,,Desconocido
1547227.0,CAF Cup of Nations - U17,973,World,3rd place,True,2026-06-01,21302,25819,Morocco U17,Egypt U17,0.0,2.0,0.0,1.0,,,,,,,,,A. Kasim
1511733.0,Friendlies,10,World,Friendly International,True,2026-06-01,775,28,Austria,Tunisia,1.0,0.0,0.0,0.0,,,,,,,,,"Jeremie Pignard, France"
1542176.0,Friendlies,10,World,Friendly International,True,2026-06-01,1103,1109,Bulgaria,Montenegro,0.0,1.0,0.0,0.0,,,,,,,,,"Ioannis Papadopoulos, Greece"
1514472.0,Friendlies,10,World,Friendly International,True,2026-06-01,5529,1568,Canada,Uzbekistan,2.0,0.0,0.0,0.0,,,,,,,,,"Marco Antonio Ortiz Nava, Mexico"
1537648.0,Friendlies,10,World,Friendly International,True,2026-06-01,8,29,Colombia,Costa Rica,3.0,1.0,2.0,1.0,,,,,,,,,"Guillermo Enrique Guerrero Alcivar, Ecuador"
1548418.0,Friendlies,10,World,Friendly International,True,2026-06-01,1549,1553,Maldives,Afghanistan,0.0,1.0,0.0,0.0,,,,,,,,,Desconocido
1536927.0,Friendlies,10,World,Friendly International,True,2026-06-01,1090,5,Norway,Sweden,3.0,1.0,3.0,0.0,,,,,,,,,"Balazs Berke, Hungary"
1548417.0,Friendlies,10,World,Friendly International,True,2026-06-01,5535,10929,Pakistan,Bangladesh U23,0.0,0.0,0.0,0.0,,,,,,,,,Desconocido
1542177.0,Friendlies,10,World,Friendly International,True,2026-06-01,773,1112,Slovakia,Malta,2.0,1.0,1.0,1.0,,,,,,,,,"Mihaly Kapraly, Hungary"
1543821.0,Friendlies,10,World,Friendly International,True,2026-06-01,777,1105,Türkiye,FYR Macedonia,4.0,0.0,2.0,0.0,,,,,,,,,"José Luis Munuera Montero, Spain"
1548694.0,Friendlies Clubs,667,World,Club Friendly,True,2026-06-01,8648,2073,Silkeborg KFUM,Silkeborg,1.0,8.0,0.0,7.0,,,,,,,,,Desconocido
1545455.0,Tournoi Maurice Revello,914,World,Group Stage,False,2026-06-01,10290,11026,Japan U20,Côte d'Ivoire U20,3.0,3.0,0.0,1.0,,,,,,,,,G. Cokaj
1545456.0,Tournoi Maurice Revello,914,World,Group Stage,False,2026-06-01,10314,10992,Venezuela U20,Canada U20,0.0,2.0,0.0,2.0,,,,,,,,,F. Exner
1540171.0,UEFA U17 Championship,921,World,Group Stage - 3,False,2026-06-01,17948,12510,Denmark U17,Italy U17,3.0,3.0,1.0,3.0,,,,,,,,,O. Cakir
1540172.0,UEFA U17 Championship,921,World,Group Stage - 3,False,2026-06-01,12507,17966,France U17,Montenegro U17,5.0,0.0,2.0,0.0,,,,,,,,,F. Lata
1495273.0,Premier Soccer League,401,Zimbabwe,Regular Season - 15,False,2026-06-01,5217,5227,Bulawayo Chiefs,Manica Diamonds,0.0,0.0,0.0,0.0,,,,,,,,,Desconocido
