MatchId,Fecha,Local,Visita,HomeTeamId,AwayTeamId,Estado,ResultadoReal,Acierto,Mercado,Seleccion,Probabilidad
10108_27373_2026-09-08,2026-09-08,Kuching FA,Kelantan Red Warrior FC,10108,27373,RESUELTO,5-1,1.0,Mega-Misil SGBB,1X_O15,0.906
10108_27373_2026-09-08,2026-09-08,Kuching FA,Kelantan Red Warrior FC,10108,27373,RESUELTO,5-1,1.0,Mega-Misil SGBB,1_O15,0.86
10108_27373_2026-09-08,2026-09-08,Kuching FA,Kelantan Red Warrior FC,10108,27373,RESUELTO,5-1,1.0,Ganador Directo,Gana Kuching FA,0.917
10108_27373_2026-09-08,2026-09-08,Kuching FA,Kelantan Red Warrior FC,10108,27373,RESUELTO,5-1,1.0,Doble Oportunidad,1X,0.985
10108_27373_2026-09-08,2026-09-08,Kuching FA,Kelantan Red Warrior FC,10108,27373,RESUELTO,5-1,1.0,Goles,+1.5 Goles,0.918
2523_26352_2026-09-08,2026-09-08,Johor Darul Takzim FC,Damansara,2523,26352,RESUELTO,10-0,1.0,Mega-Misil SGBB,1X_O15,0.88
2523_26352_2026-09-08,2026-09-08,Johor Darul Takzim FC,Damansara,2523,26352,RESUELTO,10-0,1.0,Ganador Directo,Gana Johor Darul Takzim FC,0.853
2523_26352_2026-09-08,2026-09-08,Johor Darul Takzim FC,Damansara,2523,26352,RESUELTO,10-0,1.0,Doble Oportunidad,1X,0.96
2523_26352_2026-09-08,2026-09-08,Johor Darul Takzim FC,Damansara,2523,26352,RESUELTO,10-0,1.0,Goles,+1.5 Goles,0.913
10430_2527_2026-09-08,2026-09-08,Imigresen,Kedah,10430,2527,RESUELTO,2-0,1.0,Goles,+1.5 Goles,0.811
19007_9426_2026-09-08,2026-09-08,Ugyen Academy,Paro,19007,9426,RESUELTO,0-10,1.0,Doble Oportunidad,X2,0.826
7890_17702_2026-09-08,2026-09-08,Borussia Dortmund U19,Villarreal U19,7890,17702,RESUELTO,2-3,0.0,Doble Oportunidad,1X,0.855
7890_17702_2026-09-08,2026-09-08,Borussia Dortmund U19,Villarreal U19,7890,17702,RESUELTO,2-3,1.0,Goles,+1.5 Goles,0.819
8013_14094_2026-09-08,2026-09-08,Yangon United,Ezra,8013,14094,RESUELTO,2-1,1.0,Doble Oportunidad,1X,0.884
16066_27818_2026-09-08,2026-09-08,Kasuka,Karketu Dili,16066,27818,PENDIENTE,,,Doble Oportunidad,X2,0.817
16066_27818_2026-09-08,2026-09-08,Kasuka,Karketu Dili,16066,27818,PENDIENTE,,,Goles,+1.5 Goles,0.802
15463_15464_2026-09-08,2026-09-08,Estoril U23,Famalicão U23,15463,15464,RESUELTO,4-2,1.0,Goles,+1.5 Goles,0.95
15463_15464_2026-09-08,2026-09-08,Estoril U23,Famalicão U23,15463,15464,RESUELTO,4-2,1.0,Goles,+2.5 Goles,0.834
15467_28013_2026-09-08,2026-09-08,Portimonense U23,Felgueiras U23,15467,28013,RESUELTO,0-2,1.0,Goles,+1.5 Goles,0.802
21718_28014_2026-09-08,2026-09-08,Academico Viseu U23,Moreirense U23,21718,28014,RESUELTO,1-3,0.0,Doble Oportunidad,1X,0.863
19824_26257_2026-09-08,2026-09-08,Estrela U23,União Leiria U23,19824,26257,RESUELTO,2-0,0.0,Doble Oportunidad,X2,0.902
2763_2745_2026-09-08,2026-09-08,Incheon United,Bucheon FC 1995,2763,2745,RESUELTO,2-1,1.0,Goles,-3.5 Goles,0.906
2767_2766_2026-09-08,2026-09-08,Ulsan Hyundai FC,FC Seoul,2767,2766,RESUELTO,1-0,0.0,Doble Oportunidad,X2,0.818
2767_2766_2026-09-08,2026-09-08,Ulsan Hyundai FC,FC Seoul,2767,2766,RESUELTO,1-0,0.0,Goles,+1.5 Goles,0.886
20890_3819_2026-09-08,2026-09-08,Olympic Kingsway,Perth,20890,3819,RESUELTO,0-2,1.0,Doble Oportunidad,X2,0.856
20890_3819_2026-09-08,2026-09-08,Olympic Kingsway,Perth,20890,3819,RESUELTO,0-2,1.0,Goles,+1.5 Goles,0.849
24965_6281_2026-09-08,2026-09-08,Bentonit Ijevan,Lernayin Artsakh,24965,6281,RESUELTO,4-3,1.0,Goles,+1.5 Goles,0.958
24965_6281_2026-09-08,2026-09-08,Bentonit Ijevan,Lernayin Artsakh,24965,6281,RESUELTO,4-3,1.0,Goles,+2.5 Goles,0.854
24965_6281_2026-09-08,2026-09-08,Bentonit Ijevan,Lernayin Artsakh,24965,6281,RESUELTO,4-3,1.0,Ambos Anotan,Sí,0.831
27992_17171_2026-09-08,2026-09-08,Sardarapat 2,BKMA II,27992,17171,RESUELTO,0-4,1.0,Doble Oportunidad,X2,0.816
3690_3689_2026-09-08,2026-09-08,Banants II,Ararat-Armenia II,3690,3689,RESUELTO,2-2,1.0,Goles,+1.5 Goles,0.811
207_410_2026-09-08,2026-09-08,Utrecht,GO Ahead Eagles,207,410,RESUELTO,3-3,1.0,Goles,+1.5 Goles,0.969
207_410_2026-09-08,2026-09-08,Utrecht,GO Ahead Eagles,207,410,RESUELTO,3-3,1.0,Goles,+2.5 Goles,0.885
207_410_2026-09-08,2026-09-08,Utrecht,GO Ahead Eagles,207,410,RESUELTO,3-3,1.0,Ambos Anotan,Sí,0.838
413_196_2026-09-08,2026-09-08,NEC Nijmegen,Excelsior,413,196,RESUELTO,2-2,1.0,Doble Oportunidad,X2,0.881
413_196_2026-09-08,2026-09-08,NEC Nijmegen,Excelsior,413,196,RESUELTO,2-2,1.0,Goles,+1.5 Goles,0.865
12272_12271_2026-09-08,2026-09-08,Ravshan,Parvoz,12272,12271,RESUELTO,2-3,0.0,Doble Oportunidad,1X,0.916
22176_24353_2026-09-08,2026-09-08,Mashujaa,Singida Black Stars,22176,24353,PENDIENTE,,,Doble Oportunidad,X2,0.827
22176_24353_2026-09-08,2026-09-08,Mashujaa,Singida Black Stars,22176,24353,PENDIENTE,,,Goles,+1.5 Goles,0.902
5370_17752_2026-09-08,2026-09-08,Young Africans,Geita Gold,5370,17752,PENDIENTE,,,Doble Oportunidad,1X,0.902
10582_25526_2026-09-08,2026-09-08,Orbit College,Lerumo Lions,10582,25526,RESUELTO,1-2,1.0,Doble Oportunidad,X2,0.851
10582_25526_2026-09-08,2026-09-08,Orbit College,Lerumo Lions,10582,25526,RESUELTO,1-2,1.0,Goles,-3.5 Goles,0.973
10582_25526_2026-09-08,2026-09-08,Orbit College,Lerumo Lions,10582,25526,RESUELTO,1-2,0.0,Ambos Anotan,No,0.827
12449_28318_2026-09-08,2026-09-08,BUL,Ntugasaze,12449,28318,RESUELTO,4-1,0.0,Mega-Misil SGBB,1X_U45,0.905
12449_28318_2026-09-08,2026-09-08,BUL,Ntugasaze,12449,28318,RESUELTO,4-1,1.0,Doble Oportunidad,1X,0.954
12449_28318_2026-09-08,2026-09-08,BUL,Ntugasaze,12449,28318,RESUELTO,4-1,0.0,Goles,-3.5 Goles,0.862
28320_6422_2026-09-08,2026-09-08,Kigezi HomeBoyz,KCCA,28320,6422,RESUELTO,0-0,1.0,Doble Oportunidad,1X,0.825
21374_1177_2026-09-08,2026-09-08,3 de Noviembre,SOL DE America,21374,1177,RESUELTO,1-0,0.0,Goles,+1.5 Goles,0.875
1181_2135_2026-09-08,2026-09-08,General Caballero,Resistencia,1181,2135,RESUELTO,2-1,1.0,Doble Oportunidad,1X,0.804
28364_23457_2026-09-08,2026-09-08,Benin U20 W,Argentina U20 W,28364,23457,RESUELTO,0-8,0.0,Doble Oportunidad,1X,0.898
28364_23457_2026-09-08,2026-09-08,Benin U20 W,Argentina U20 W,28364,23457,RESUELTO,0-8,1.0,Goles,+1.5 Goles,0.828
19079_19080_2026-09-08,2026-09-08,Brazil U20 W,Canada U20 W,19079,19080,RESUELTO,3-0,1.0,Doble Oportunidad,1X,0.876
19079_19080_2026-09-08,2026-09-08,Brazil U20 W,Canada U20 W,19079,19080,RESUELTO,3-0,1.0,Goles,+1.5 Goles,0.885
27219_28369_2026-09-08,2026-09-08,England U20 W,Tanzania U20 W,27219,28369,RESUELTO,5-1,1.0,Doble Oportunidad,1X,0.876
27219_28369_2026-09-08,2026-09-08,England U20 W,Tanzania U20 W,27219,28369,RESUELTO,5-1,1.0,Goles,+1.5 Goles,0.885
28367_19088_2026-09-08,2026-09-08,Poland U20 W,Mexico U20 W,28367,19088,RESUELTO,2-1,1.0,Doble Oportunidad,1X,0.898
28367_19088_2026-09-08,2026-09-08,Poland U20 W,Mexico U20 W,28367,19088,RESUELTO,2-1,1.0,Goles,+1.5 Goles,0.828
2915_2894_2026-09-08,2026-09-08,Al Mesaimeer,Al Kharaitiyat,2915,2894,RESUELTO,1-1,1.0,Goles,-3.5 Goles,0.92
11909_2925_2026-09-08,2026-09-08,Al Shamal II,Al Bidda SC,11909,2925,RESUELTO,0-3,1.0,Mega-Misil SGBB,X2_U45,0.868
11909_2925_2026-09-08,2026-09-08,Al Shamal II,Al Bidda SC,11909,2925,RESUELTO,0-3,1.0,Doble Oportunidad,X2,0.892
11909_2925_2026-09-08,2026-09-08,Al Shamal II,Al Bidda SC,11909,2925,RESUELTO,0-3,1.0,Goles,-3.5 Goles,0.913
6823_19449_2026-09-08,2026-09-08,Ryazan,Spartak Kostroma,6823,19449,RESUELTO,0-2,0.0,Doble Oportunidad,1X,0.801
6823_19449_2026-09-08,2026-09-08,Ryazan,Spartak Kostroma,6823,19449,RESUELTO,0-2,1.0,Goles,-3.5 Goles,0.871
14046_10545_2026-09-08,2026-09-08,Rača,Šamorín,14046,10545,RESUELTO,1-2,1.0,Goles,+1.5 Goles,0.804
14088_15006_2026-09-08,2026-09-08,Námestovo,MFK Bytča,14088,15006,RESUELTO,0-0,1.0,Doble Oportunidad,1X,0.879
14088_15006_2026-09-08,2026-09-08,Námestovo,MFK Bytča,14088,15006,RESUELTO,0-0,0.0,Goles,+1.5 Goles,0.812
14392_680_2026-09-08,2026-09-08,Drenica Skënderaj,Prishtina,14392,680,RESUELTO,1-4,1.0,Doble Oportunidad,X2,0.892
14392_680_2026-09-08,2026-09-08,Drenica Skënderaj,Prishtina,14392,680,RESUELTO,1-4,0.0,Goles,-3.5 Goles,0.866
14396_14395_2026-09-08,2026-09-08,Vushtrria,Llapi,14396,14395,RESUELTO,0-4,1.0,Goles,+1.5 Goles,0.921
2274_687_2026-09-08,2026-09-08,Trans Narva,Flora Tallinn,2274,687,RESUELTO,2-2,1.0,Goles,+1.5 Goles,0.858
662_10059_2026-09-08,2026-09-08,Kalju Nomme,Nõmme United,662,10059,RESUELTO,1-2,1.0,Goles,+1.5 Goles,0.893
21974_608_2026-09-08,2026-09-08,Vardarac,HNK Hajduk Split,21974,608,RESUELTO,0-2,1.0,Goles,+1.5 Goles,0.891
1163_2075_2026-09-08,2026-09-08,Ilves,FF Jaro,1163,2075,RESUELTO,2-0,1.0,Doble Oportunidad,1X,0.86
1166_587_2026-09-08,2026-09-08,Lahti,Mariehamn,1166,587,RESUELTO,2-1,1.0,Goles,+1.5 Goles,0.836
1168_689_2026-09-08,2026-09-08,Turku PS,SJK,1168,689,RESUELTO,0-0,1.0,Mega-Misil SGBB,1X_U35,0.855
1168_689_2026-09-08,2026-09-08,Turku PS,SJK,1168,689,RESUELTO,0-0,1.0,Mega-Misil SGBB,1X_U45,0.905
1168_689_2026-09-08,2026-09-08,Turku PS,SJK,1168,689,RESUELTO,0-0,1.0,Doble Oportunidad,1X,0.925
1168_689_2026-09-08,2026-09-08,Turku PS,SJK,1168,689,RESUELTO,0-0,1.0,Goles,-3.5 Goles,0.929
1168_689_2026-09-08,2026-09-08,Turku PS,SJK,1168,689,RESUELTO,0-0,1.0,Ambos Anotan,No,0.805
650_2077_2026-09-08,2026-09-08,VPS,AC Oulu,650,2077,RESUELTO,1-0,1.0,Goles,-3.5 Goles,0.871
2082_1165_2026-09-08,2026-09-08,Gnistan,KuPS,2082,1165,RESUELTO,1-1,1.0,Goles,+1.5 Goles,0.845
2934_2930_2026-09-08,2026-09-08,Al-Ettifaq,Al-Faisaly FC,2934,2930,RESUELTO,0-0,0.0,Goles,+1.5 Goles,0.892
2933_2929_2026-09-08,2026-09-08,Al-Qadisiyah FC,Al-Ahli Jeddah,2933,2929,RESUELTO,3-2,1.0,Goles,+1.5 Goles,0.805
9178_1172_2026-09-08,2026-09-08,PEPO,HIFK Helsinki,9178,1172,RESUELTO,2-1,1.0,Doble Oportunidad,1X,0.851
9178_1172_2026-09-08,2026-09-08,PEPO,HIFK Helsinki,9178,1172,RESUELTO,2-1,1.0,Goles,+1.5 Goles,0.879
13517_13508_2026-09-08,2026-09-08,HPS,PPJ,13517,13508,RESUELTO,1-4,1.0,Goles,+1.5 Goles,0.919
9174_10667_2026-09-08,2026-09-08,Kiffen,Atlantis,9174,10667,RESUELTO,2-1,1.0,Goles,+1.5 Goles,0.971
9174_10667_2026-09-08,2026-09-08,Kiffen,Atlantis,9174,10667,RESUELTO,2-1,1.0,Goles,+2.5 Goles,0.891
9174_10667_2026-09-08,2026-09-08,Kiffen,Atlantis,9174,10667,RESUELTO,2-1,1.0,Ambos Anotan,Sí,0.863
11070_25061_2026-09-08,2026-09-08,Erbil,Diyala,11070,25061,RESUELTO,2-0,1.0,Doble Oportunidad,1X,0.807
26600_5242_2026-09-08,2026-09-08,Gharraf,Al Shorta,26600,5242,RESUELTO,1-2,1.0,Doble Oportunidad,X2,0.803
26600_5242_2026-09-08,2026-09-08,Gharraf,Al Shorta,26600,5242,RESUELTO,1-2,1.0,Goles,-3.5 Goles,0.948
2956_26357_2026-09-08,2026-09-08,Damac,Al Ula,2956,26357,RESUELTO,0-1,1.0,Mega-Misil SGBB,X2_U35,0.87
2956_26357_2026-09-08,2026-09-08,Damac,Al Ula,2956,26357,RESUELTO,0-1,1.0,Mega-Misil SGBB,X2_U45,0.929
2956_26357_2026-09-08,2026-09-08,Damac,Al Ula,2956,26357,RESUELTO,0-1,1.0,Doble Oportunidad,X2,0.955
2956_26357_2026-09-08,2026-09-08,Damac,Al Ula,2956,26357,RESUELTO,0-1,1.0,Goles,-3.5 Goles,0.914
2956_26357_2026-09-08,2026-09-08,Damac,Al Ula,2956,26357,RESUELTO,0-1,1.0,Ambos Anotan,No,0.842
10503_2942_2026-09-08,2026-09-08,Al Anwar,Al Taee,10503,2942,RESUELTO,2-0,1.0,Goles,+1.5 Goles,0.892
16216_328_2026-09-08,2026-09-08,Djerv,Haugesund,16216,328,RESUELTO,0-4,1.0,Goles,+1.5 Goles,0.891
2158_2147_2026-09-08,2026-09-08,Tromsdalen Uil,Strommen,2158,2147,RESUELTO,9-1,1.0,Goles,+1.5 Goles,0.836
6967_324_2026-09-08,2026-09-08,Asker,Stromsgodset,6967,324,RESUELTO,1-4,1.0,Goles,+1.5 Goles,0.97
6967_324_2026-09-08,2026-09-08,Asker,Stromsgodset,6967,324,RESUELTO,1-4,1.0,Goles,+2.5 Goles,0.887
6967_324_2026-09-08,2026-09-08,Asker,Stromsgodset,6967,324,RESUELTO,1-4,1.0,Ambos Anotan,Sí,0.836
575_1026_2026-09-08,2026-09-08,AEK Athens FC,Lask Linz,575,1026,RESUELTO,1-0,0.0,Goles,+1.5 Goles,0.922
569_66_2026-09-08,2026-09-08,Club Brugge KV,Aston Villa,569,66,RESUELTO,2-3,0.0,Doble Oportunidad,1X,0.881
165_533_2026-09-08,2026-09-08,Borussia Dortmund,Villarreal,165,533,RESUELTO,3-2,1.0,Goles,+1.5 Goles,0.84
212_50_2026-09-08,2026-09-08,FC Porto,Manchester City,212,50,RESUELTO,0-2,1.0,Goles,+1.5 Goles,0.819
79_543_2026-09-08,2026-09-08,Lille,Real Betis,79,543,RESUELTO,2-3,1.0,Goles,+1.5 Goles,0.836
541_505_2026-09-08,2026-09-08,Real Madrid,Inter,541,505,RESUELTO,2-1,1.0,Goles,+1.5 Goles,0.827
13981_10883_2026-09-08,2026-09-08,KoldingQ W,Brøndby W,13981,10883,RESUELTO,0-5,1.0,Goles,+1.5 Goles,0.909
1327_1652_2026-09-08,2026-09-08,VfR Aalen,SSV Ulm 1846,1327,1652,RESUELTO,2-0,1.0,Goles,+1.5 Goles,0.816
1627_9363_2026-09-08,2026-09-08,Eintracht Trier,Freiburg II,1627,9363,RESUELTO,0-0,1.0,Doble Oportunidad,X2,0.838
1627_9363_2026-09-08,2026-09-08,Eintracht Trier,Freiburg II,1627,9363,RESUELTO,0-0,0.0,Goles,+1.5 Goles,0.828
1332_12788_2026-09-08,2026-09-08,FSV Frankfurt,Hessen Kassel,1332,12788,RESUELTO,2-0,1.0,Doble Oportunidad,1X,0.802
1332_12788_2026-09-08,2026-09-08,FSV Frankfurt,Hessen Kassel,1332,12788,RESUELTO,2-0,1.0,Goles,+1.5 Goles,0.919
1628_1656_2026-09-08,2026-09-08,Kickers Offenbach,TSV Steinbach,1628,1656,RESUELTO,3-2,1.0,Goles,+1.5 Goles,0.914
189_12846_2026-09-08,2026-09-08,SV Sandhausen,SGV Freiberg,189,12846,RESUELTO,0-0,0.0,Goles,+1.5 Goles,0.96
189_12846_2026-09-08,2026-09-08,SV Sandhausen,SGV Freiberg,189,12846,RESUELTO,0-0,0.0,Goles,+2.5 Goles,0.861
189_12846_2026-09-08,2026-09-08,SV Sandhausen,SGV Freiberg,189,12846,RESUELTO,0-0,0.0,Ambos Anotan,Sí,0.802
1626_12868_2026-09-08,2026-09-08,FC Astoria Walldorf,Stuttgarter Kickers,1626,12868,RESUELTO,2-1,0.0,Doble Oportunidad,X2,0.81
1626_12868_2026-09-08,2026-09-08,FC Astoria Walldorf,Stuttgarter Kickers,1626,12868,RESUELTO,2-1,1.0,Goles,+1.5 Goles,0.833
1657_12767_2026-09-08,2026-09-08,TuS RW Koblenz,FV Engers 07,1657,12767,RESUELTO,1-1,1.0,Goles,+1.5 Goles,0.878
12773_14655_2026-09-08,2026-09-08,Gonsenheim,Diefflen,12773,14655,RESUELTO,4-0,1.0,Goles,+1.5 Goles,0.965
12773_14655_2026-09-08,2026-09-08,Gonsenheim,Diefflen,12773,14655,RESUELTO,4-0,1.0,Goles,+2.5 Goles,0.873
12773_14655_2026-09-08,2026-09-08,Gonsenheim,Diefflen,12773,14655,RESUELTO,4-0,0.0,Ambos Anotan,Sí,0.817
21390_1405_2026-09-08,2026-09-08,Velden,Austria Klagenfurt,21390,1405,RESUELTO,2-2,1.0,Goles,+1.5 Goles,0.954
21390_1405_2026-09-08,2026-09-08,Velden,Austria Klagenfurt,21390,1405,RESUELTO,2-2,1.0,Goles,+2.5 Goles,0.846
21534_8261_2026-09-08,2026-09-08,Wallern / Marienkirchen,Wals-Grünau,21534,8261,RESUELTO,1-2,1.0,Goles,+1.5 Goles,0.954
21534_8261_2026-09-08,2026-09-08,Wallern / Marienkirchen,Wals-Grünau,21534,8261,RESUELTO,1-2,1.0,Goles,+2.5 Goles,0.843
21534_8261_2026-09-08,2026-09-08,Wallern / Marienkirchen,Wals-Grünau,21534,8261,RESUELTO,1-2,1.0,Ambos Anotan,Sí,0.822
1044_14651_2026-09-08,2026-09-08,Smouha SC,Ceramica Cleopatra,1044,14651,RESUELTO,0-2,1.0,Mega-Misil SGBB,X2_U45,0.855
1044_14651_2026-09-08,2026-09-08,Smouha SC,Ceramica Cleopatra,1044,14651,RESUELTO,0-2,1.0,Doble Oportunidad,X2,0.896
1044_14651_2026-09-08,2026-09-08,Smouha SC,Ceramica Cleopatra,1044,14651,RESUELTO,0-2,1.0,Goles,-3.5 Goles,0.875
1040_15731_2026-09-08,2026-09-08,Zamalek SC,Abu Qair Semad,1040,15731,RESUELTO,2-0,1.0,Mega-Misil SGBB,1X_U45,0.888
1040_15731_2026-09-08,2026-09-08,Zamalek SC,Abu Qair Semad,1040,15731,RESUELTO,2-0,1.0,Doble Oportunidad,1X,0.934
1040_15731_2026-09-08,2026-09-08,Zamalek SC,Abu Qair Semad,1040,15731,RESUELTO,2-0,1.0,Goles,-3.5 Goles,0.866
8391_1967_2026-09-08,2026-09-08,Claypole,Central Ballester,8391,1967,RESUELTO,0-1,1.0,Goles,-3.5 Goles,0.902
3986_27420_2026-09-08,2026-09-08,Atlanta United II,Connecticut FC,3986,27420,RESUELTO,4-1,1.0,Goles,+1.5 Goles,0.931
18815_4004_2026-09-08,2026-09-08,New York City II,New York RB II,18815,4004,RESUELTO,4-2,1.0,Goles,+1.5 Goles,0.931
13078_12968_2026-09-08,2026-09-08,Água Santa U20,Palmeiras U20,13078,12968,RESUELTO,1-2,1.0,Goles,-3.5 Goles,0.924
673_3740_2026-09-08,2026-09-08,Sutjeska,Mornar,673,3740,RESUELTO,1-0,0.0,Goles,+1.5 Goles,0.867
14489_12755_2026-09-08,2026-09-08,Friedberg,Eddersheim,14489,12755,RESUELTO,3-3,1.0,Goles,+1.5 Goles,0.878
1354_37_2026-09-08,2026-09-08,Doncaster,Huddersfield,1354,37,RESUELTO,1-3,1.0,Goles,+1.5 Goles,0.816
1364_7202_2026-09-08,2026-09-08,Exeter City,Tottenham Hotspur U21,1364,7202,RESUELTO,2-0,1.0,Goles,+1.5 Goles,0.811
18702_18686_2026-09-08,2026-09-08,Vélez Sársfield Res.,Gimnasia La Plata Res.,18702,18686,RESUELTO,0-0,1.0,Goles,-3.5 Goles,0.902
1830_7199_2026-09-08,2026-09-08,Boreham Wood,Newcastle United U21,1830,7199,RESUELTO,2-1,1.0,Doble Oportunidad,1X,0.862
1830_7199_2026-09-08,2026-09-08,Boreham Wood,Newcastle United U21,1830,7199,RESUELTO,2-1,1.0,Goles,+1.5 Goles,0.976
1830_7199_2026-09-08,2026-09-08,Boreham Wood,Newcastle United U21,1830,7199,RESUELTO,2-1,1.0,Goles,+2.5 Goles,0.908
1830_7199_2026-09-08,2026-09-08,Boreham Wood,Newcastle United U21,1830,7199,RESUELTO,2-1,1.0,Ambos Anotan,Sí,0.811
8146_11913_2026-09-08,2026-09-08,Boston United,West Bromwich Albion U21,8146,11913,RESUELTO,0-1,0.0,Goles,+1.5 Goles,0.881
1841_7204_2026-09-08,2026-09-08,FC Halifax Town,Wolves U21,1841,7204,RESUELTO,3-0,1.0,Goles,+1.5 Goles,0.87
1823_19745_2026-09-08,2026-09-08,Gateshead,Derby County U21,1823,19745,RESUELTO,1-3,1.0,Goles,+1.5 Goles,0.925
1366_7193_2026-09-08,2026-09-08,Hartlepool,Everton U21,1366,7193,RESUELTO,0-1,0.0,Goles,+1.5 Goles,0.954
1366_7193_2026-09-08,2026-09-08,Hartlepool,Everton U21,1366,7193,RESUELTO,0-1,0.0,Goles,+2.5 Goles,0.844
1366_7193_2026-09-08,2026-09-08,Hartlepool,Everton U21,1366,7193,RESUELTO,0-1,0.0,Ambos Anotan,Sí,0.819
7690_20094_2026-09-08,2026-09-08,AFC Hornchurch,Ipswich Town U21,7690,20094,RESUELTO,3-0,1.0,Doble Oportunidad,1X,0.84
7690_20094_2026-09-08,2026-09-08,AFC Hornchurch,Ipswich Town U21,7690,20094,RESUELTO,3-0,1.0,Goles,+1.5 Goles,0.852
1340_19746_2026-09-08,2026-09-08,Scunthorpe,Nottingham Forest U21,1340,19746,RESUELTO,2-1,1.0,Goles,+1.5 Goles,0.88
1834_14430_2026-09-08,2026-09-08,Solihull Moors,Leeds United U21,1834,14430,RESUELTO,2-3,1.0,Goles,+1.5 Goles,0.855
1835_20078_2026-09-08,2026-09-08,Sutton Utd,Birmingham City U21,1835,20078,RESUELTO,1-1,1.0,Goles,+1.5 Goles,0.864
4699_7195_2026-09-08,2026-09-08,Truro City,Leicester City U21,4699,7195,RESUELTO,4-1,1.0,Doble Oportunidad,1X,0.912
8663_11911_2026-09-08,2026-09-08,Wealdstone,Stoke City U21,8663,11911,RESUELTO,6-0,1.0,Goles,+1.5 Goles,0.847
1818_7203_2026-09-08,2026-09-08,Aldershot Town,West Ham United U21,1818,7203,RESUELTO,0-3,1.0,Goles,+1.5 Goles,0.879
1831_7194_2026-09-08,2026-09-08,Braintree,Fulham U21,1831,7194,RESUELTO,2-1,0.0,Doble Oportunidad,X2,0.854
1831_7194_2026-09-08,2026-09-08,Braintree,Fulham U21,1831,7194,RESUELTO,2-1,1.0,Goles,+1.5 Goles,0.907
22173_20081_2026-09-08,2026-09-08,Fleetwood Town U21,Burnley U21,22173,20081,RESUELTO,1-2,1.0,Goles,+1.5 Goles,0.883
20084_20079_2026-09-08,2026-09-08,Hull City U21,Brentford U21,20084,20079,RESUELTO,1-1,1.0,Doble Oportunidad,X2,0.848
20084_20079_2026-09-08,2026-09-08,Hull City U21,Brentford U21,20084,20079,RESUELTO,1-1,1.0,Goles,+1.5 Goles,0.888
16156_16157_2026-09-08,2026-09-08,Ruggell II,Schaan,16156,16157,RESUELTO,3-2,1.0,Doble Oportunidad,1X,0.885
12952_25933_2026-09-08,2026-09-08,Atlético Mineiro U20,Sobradinho U20,12952,25933,RESUELTO,4-0,1.0,Doble Oportunidad,1X,0.886
12954_23274_2026-09-08,2026-09-08,Bahia U20,Atlético Alagoinhas U20,12954,23274,RESUELTO,16-0,1.0,Doble Oportunidad,1X,0.842
12954_23274_2026-09-08,2026-09-08,Bahia U20,Atlético Alagoinhas U20,12954,23274,RESUELTO,16-0,1.0,Goles,+1.5 Goles,0.833
11054_18333_2026-09-08,2026-09-08,Flamengo U20,Forte U20,11054,18333,RESUELTO,6-0,1.0,Doble Oportunidad,1X,0.854
8893_8685_2026-09-08,2026-09-08,Pagham,Ascot United,8893,8685,RESUELTO,2-0,1.0,Goles,-3.5 Goles,0.851
8699_16992_2026-09-08,2026-09-08,Barton Town Old Boys,North Ferriby,8699,16992,RESUELTO,2-0,1.0,Mega-Misil SGBB,1X_U45,0.914
8699_16992_2026-09-08,2026-09-08,Barton Town Old Boys,North Ferriby,8699,16992,RESUELTO,2-0,1.0,Doble Oportunidad,1X,0.95
8699_16992_2026-09-08,2026-09-08,Barton Town Old Boys,North Ferriby,8699,16992,RESUELTO,2-0,1.0,Goles,-3.5 Goles,0.891
8699_16992_2026-09-08,2026-09-08,Barton Town Old Boys,North Ferriby,8699,16992,RESUELTO,2-0,1.0,Ambos Anotan,No,0.808
8711_24335_2026-09-08,2026-09-08,Boldmere St. Michaels,Bourne Town,8711,24335,RESUELTO,2-1,0.0,Doble Oportunidad,X2,0.855
7216_8658_2026-09-08,2026-09-08,Brentwood Town,Concord Rangers,7216,8658,RESUELTO,4-2,0.0,Goles,-3.5 Goles,0.861
19549_7267_2026-09-08,2026-09-08,Buckhurst Hill,Yaxley,19549,7267,RESUELTO,3-0,1.0,Goles,-3.5 Goles,0.868
4690_7261_2026-09-08,2026-09-08,Dartford,Westfield (Surrey),4690,7261,RESUELTO,2-0,1.0,Goles,-3.5 Goles,0.87
8781_7678_2026-09-08,2026-09-08,Fakenham Town,Ware,8781,7678,RESUELTO,1-3,1.0,Goles,+1.5 Goles,0.849
7642_7759_2026-09-08,2026-09-08,Felixstowe & Walton Utd,Wingate & Finchley,7642,7759,RESUELTO,0-2,1.0,Goles,-3.5 Goles,0.864
1824_8953_2026-09-08,2026-09-08,Guiseley AFC,Stockton Town,1824,8953,RESUELTO,2-1,1.0,Doble Oportunidad,1X,0.822
1824_8953_2026-09-08,2026-09-08,Guiseley AFC,Stockton Town,1824,8953,RESUELTO,2-1,1.0,Goles,+1.5 Goles,0.855
16987_7217_2026-09-08,2026-09-08,Jersey Bulls,Burgess Hill Town,16987,7217,PENDIENTE,,,Goles,-3.5 Goles,0.944
8654_8989_2026-09-08,2026-09-08,Kettering Town,Wellingborough Town,8654,8989,RESUELTO,2-1,1.0,Doble Oportunidad,1X,0.804
7727_7228_2026-09-08,2026-09-08,Leiston,Grays Athletic,7727,7228,RESUELTO,5-0,1.0,Doble Oportunidad,1X,0.862
7727_7228_2026-09-08,2026-09-08,Leiston,Grays Athletic,7727,7228,RESUELTO,5-0,1.0,Goles,+1.5 Goles,0.839
24346_7758_2026-09-08,2026-09-08,Portishead Town,Wimborne Town,24346,7758,RESUELTO,1-3,0.0,Goles,-3.5 Goles,0.977
24346_7758_2026-09-08,2026-09-08,Portishead Town,Wimborne Town,24346,7758,RESUELTO,1-3,0.0,Ambos Anotan,No,0.817
7756_8932_2026-09-08,2026-09-08,Warrington Town,Shildon AFC,7756,8932,RESUELTO,4-0,1.0,Goles,+1.5 Goles,0.808
7262_8760_2026-09-08,2026-09-08,Whyteleafe,Crowborough Athletic,7262,8760,PENDIENTE,,,Goles,+1.5 Goles,0.805
9010_18201_2026-09-08,2026-09-08,Worcester City,Knowle,9010,18201,RESUELTO,1-0,1.0,Goles,-3.5 Goles,0.931
8708_11936_2026-09-08,2026-09-08,Bishop Auckland,AFC Emley,8708,11936,PENDIENTE,,,Goles,-3.5 Goles,0.869
5354_11112_2026-09-08,2026-09-08,Larne,Bangor,5354,11112,RESUELTO,1-0,1.0,Doble Oportunidad,1X,0.803
5354_11112_2026-09-08,2026-09-08,Larne,Bangor,5354,11112,RESUELTO,1-0,0.0,Goles,+1.5 Goles,0.871
43_75_2026-09-08,2026-09-08,Cardiff,Stoke City,43,75,RESUELTO,1-1,1.0,Goles,+1.5 Goles,0.899
41_76_2026-09-08,2026-09-08,Southampton,Swansea,41,76,RESUELTO,3-1,1.0,Goles,+1.5 Goles,0.846
68_48_2026-09-08,2026-09-08,Bolton,West Ham,68,48,RESUELTO,2-3,1.0,Doble Oportunidad,X2,0.812
68_48_2026-09-08,2026-09-08,Bolton,West Ham,68,48,RESUELTO,2-3,1.0,Goles,+1.5 Goles,0.817
4688_4684_2026-09-08,2026-09-08,AFC Telford United,Oxford City,4688,4684,RESUELTO,1-0,0.0,Doble Oportunidad,X2,0.877
7706_4701_2026-09-08,2026-09-08,Buxton,Brackley Town,7706,4701,RESUELTO,5-0,1.0,Goles,+1.5 Goles,0.806
4679_10157_2026-09-08,2026-09-08,Chorley,Darlington 1883,4679,10157,RESUELTO,5-2,1.0,Goles,+1.5 Goles,0.849
8655_7721_2026-09-08,2026-09-08,King's Lynn Town,Hednesford Town,8655,7721,RESUELTO,2-3,1.0,Goles,+1.5 Goles,0.811
1380_7745_2026-09-08,2026-09-08,Macclesfield,Scarborough Athletic,1380,7745,RESUELTO,0-0,0.0,Goles,+1.5 Goles,0.859
4707_7671_2026-09-08,2026-09-08,Spennymoor Town,Spalding United,4707,7671,RESUELTO,1-3,1.0,Doble Oportunidad,X2,0.807
4702_4678_2026-09-08,2026-09-08,Chesham United,Billericay Town,4702,4678,RESUELTO,1-2,1.0,Goles,+1.5 Goles,0.841
1821_1829_2026-09-08,2026-09-08,Dagenham & Redbridge,Dover,1821,1829,RESUELTO,0-1,0.0,Goles,+1.5 Goles,0.804
4680_7715_2026-09-08,2026-09-08,Hampton & Richmond,Farnborough,4680,7715,RESUELTO,2-0,1.0,Goles,+1.5 Goles,0.904
7744_4685_2026-09-08,2026-09-08,Salisbury,Slough Town,7744,4685,RESUELTO,5-1,1.0,Doble Oportunidad,1X,0.818
7744_4685_2026-09-08,2026-09-08,Salisbury,Slough Town,7744,4685,RESUELTO,5-1,1.0,Goles,+1.5 Goles,0.889
8662_1825_2026-09-08,2026-09-08,Tonbridge Angels,Maidstone Utd,8662,1825,RESUELTO,0-1,0.0,Goles,+1.5 Goles,0.881
4668_6783_2026-09-08,2026-09-08,Airdrie United,St. Mirren U21,4668,6783,RESUELTO,1-0,0.0,Ganador Directo,Gana St. Mirren U21,0.759
4668_6783_2026-09-08,2026-09-08,Airdrie United,St. Mirren U21,4668,6783,RESUELTO,1-0,0.0,Doble Oportunidad,X2,0.903
4668_6783_2026-09-08,2026-09-08,Airdrie United,St. Mirren U21,4668,6783,RESUELTO,1-0,0.0,Goles,+1.5 Goles,0.939
4668_6783_2026-09-08,2026-09-08,Airdrie United,St. Mirren U21,4668,6783,RESUELTO,1-0,0.0,Goles,+2.5 Goles,0.81
6757_6776_2026-09-08,2026-09-08,Annan Athletic,Motherwell U21,6757,6776,RESUELTO,4-0,1.0,Goles,+1.5 Goles,0.915
6729_4250_2026-09-08,2026-09-08,Banks O' Dee,Forfar Athletic,6729,4250,RESUELTO,1-1,1.0,Goles,+1.5 Goles,0.896
6759_6772_2026-09-08,2026-09-08,Berwick Rangers,Hibernian U21,6759,6772,RESUELTO,1-0,0.0,Goles,+1.5 Goles,0.851
6762_6764_2026-09-08,2026-09-08,Clyde,East Fife,6762,6764,RESUELTO,1-4,1.0,Goles,+1.5 Goles,0.81
17025_1391_2026-09-08,2026-09-08,Clydebank,Alloa Athletic,17025,1391,RESUELTO,1-1,1.0,Doble Oportunidad,1X,0.867
17025_1391_2026-09-08,2026-09-08,Clydebank,Alloa Athletic,17025,1391,RESUELTO,1-1,1.0,Goles,+1.5 Goles,0.906
6763_1382_2026-09-08,2026-09-08,Cove Rangers,Dumbarton,6763,1382,RESUELTO,6-1,1.0,Doble Oportunidad,1X,0.826
6763_1382_2026-09-08,2026-09-08,Cove Rangers,Dumbarton,6763,1382,RESUELTO,6-1,1.0,Goles,+1.5 Goles,0.844
4667_19158_2026-09-08,2026-09-08,Cowdenbeath,Kilmarnock II,4667,19158,RESUELTO,1-2,1.0,Goles,+1.5 Goles,0.945
4667_19158_2026-09-08,2026-09-08,Cowdenbeath,Kilmarnock II,4667,19158,RESUELTO,1-2,1.0,Goles,+2.5 Goles,0.82
4667_19158_2026-09-08,2026-09-08,Cowdenbeath,Kilmarnock II,4667,19158,RESUELTO,1-2,1.0,Ambos Anotan,Sí,0.804
7436_6773_2026-09-08,2026-09-08,Cumbernauld Colts,Kelty Hearts,7436,6773,RESUELTO,0-3,1.0,Goles,+1.5 Goles,0.861
6765_7431_2026-09-08,2026-09-08,East Kilbride,Bonnyrigg Rose Athletic,6765,7431,RESUELTO,3-1,1.0,Goles,+1.5 Goles,0.803
6767_6769_2026-09-08,2026-09-08,Elgin City,Fraserburgh,6767,6769,RESUELTO,7-0,1.0,Goles,+1.5 Goles,0.868
6768_16852_2026-09-08,2026-09-08,Formartine United,Dundee United II,6768,16852,RESUELTO,2-3,0.0,Ganador Directo,Gana Formartine United,0.837
6768_16852_2026-09-08,2026-09-08,Formartine United,Dundee United II,6768,16852,RESUELTO,2-3,0.0,Doble Oportunidad,1X,0.959
6768_16852_2026-09-08,2026-09-08,Formartine United,Dundee United II,6768,16852,RESUELTO,2-3,1.0,Goles,+1.5 Goles,0.878
7443_6771_2026-09-08,2026-09-08,Gala Fairydean Rovers,Hearts U21,7443,6771,RESUELTO,1-6,1.0,Goles,+1.5 Goles,0.976
7443_6771_2026-09-08,2026-09-08,Gala Fairydean Rovers,Hearts U21,7443,6771,RESUELTO,1-6,1.0,Goles,+2.5 Goles,0.904
7443_6771_2026-09-08,2026-09-08,Gala Fairydean Rovers,Hearts U21,7443,6771,RESUELTO,1-6,1.0,Ambos Anotan,Sí,0.872
4251_16851_2026-09-08,2026-09-08,Montrose,Dundee II,4251,16851,RESUELTO,3-2,1.0,Ganador Directo,Gana Montrose,0.753
4251_16851_2026-09-08,2026-09-08,Montrose,Dundee II,4251,16851,RESUELTO,3-2,1.0,Doble Oportunidad,1X,0.924
4251_16851_2026-09-08,2026-09-08,Montrose,Dundee II,4251,16851,RESUELTO,3-2,1.0,Goles,+1.5 Goles,0.848
6777_7435_2026-09-08,2026-09-08,Peterhead,Clachnacuddin,6777,7435,RESUELTO,2-1,1.0,Goles,+1.5 Goles,0.848
902_6755_2026-09-08,2026-09-08,Ross County,Aberdeen U21,902,6755,RESUELTO,3-4,0.0,Doble Oportunidad,1X,0.864
902_6755_2026-09-08,2026-09-08,Ross County,Aberdeen U21,902,6755,RESUELTO,3-4,1.0,Goles,+1.5 Goles,0.843
4669_6779_2026-09-08,2026-09-08,Stirling Albion,Rangers U21,4669,6779,RESUELTO,3-2,0.0,Doble Oportunidad,X2,0.803
4669_6779_2026-09-08,2026-09-08,Stirling Albion,Rangers U21,4669,6779,RESUELTO,3-2,1.0,Goles,+1.5 Goles,0.868
5299_5300_2026-09-08,2026-09-08,Domagnano,Faetano,5299,5300,RESUELTO,3-1,1.0,Mega-Misil SGBB,1X_O15,0.855
5299_5300_2026-09-08,2026-09-08,Domagnano,Faetano,5299,5300,RESUELTO,3-1,1.0,Ganador Directo,Gana Domagnano,0.95
5299_5300_2026-09-08,2026-09-08,Domagnano,Faetano,5299,5300,RESUELTO,3-1,1.0,Doble Oportunidad,1X,0.998
5299_5300_2026-09-08,2026-09-08,Domagnano,Faetano,5299,5300,RESUELTO,3-1,1.0,Goles,+1.5 Goles,0.856
5299_5300_2026-09-08,2026-09-08,Domagnano,Faetano,5299,5300,RESUELTO,3-1,0.0,Ambos Anotan,No,0.909
5307_5298_2026-09-08,2026-09-08,San Giovanni,Cosmos,5307,5298,RESUELTO,0-1,0.0,Goles,+1.5 Goles,0.811
700_5302_2026-09-08,2026-09-08,Tre Penne,Juvenes / Dogana,700,5302,RESUELTO,2-1,1.0,Doble Oportunidad,1X,0.807
52_70_2026-09-08,2026-09-08,Crystal Palace,Middlesbrough,52,70,RESUELTO,3-0,0.0,Doble Oportunidad,X2,0.866
52_70_2026-09-08,2026-09-08,Crystal Palace,Middlesbrough,52,70,RESUELTO,3-0,1.0,Goles,+1.5 Goles,0.814
746_64_2026-09-08,2026-09-08,Sunderland,Hull City,746,64,RESUELTO,1-0,1.0,Goles,-3.5 Goles,0.939
58_34_2026-09-08,2026-09-08,Millwall,Newcastle,58,34,RESUELTO,0-1,0.0,Goles,+1.5 Goles,0.805
17743_17760_2026-09-08,2026-09-08,ABB,San Antonio Bulo Bulo,17743,17760,RESUELTO,0-2,0.0,Doble Oportunidad,1X,0.805
17743_17760_2026-09-08,2026-09-08,ABB,San Antonio Bulo Bulo,17743,17760,RESUELTO,0-2,1.0,Goles,+1.5 Goles,0.823
24473_25807_2026-09-08,2026-09-08,Botafogo U17,Vasco U17,24473,25807,RESUELTO,4-2,1.0,Goles,+1.5 Goles,0.941
24473_25807_2026-09-08,2026-09-08,Botafogo U17,Vasco U17,24473,25807,RESUELTO,4-2,1.0,Goles,+2.5 Goles,0.812
2340_2322_2026-09-08,2026-09-08,Union San Felipe,San Luis,2340,2322,PENDIENTE,,,Mega-Misil SGBB,X2_U35,0.859
2340_2322_2026-09-08,2026-09-08,Union San Felipe,San Luis,2340,2322,PENDIENTE,,,Mega-Misil SGBB,X2_U45,0.892
2340_2322_2026-09-08,2026-09-08,Union San Felipe,San Luis,2340,2322,PENDIENTE,,,Doble Oportunidad,X2,0.902
2340_2322_2026-09-08,2026-09-08,Union San Felipe,San Luis,2340,2322,PENDIENTE,,,Goles,-3.5 Goles,0.955
2340_2322_2026-09-08,2026-09-08,Union San Felipe,San Luis,2340,2322,PENDIENTE,,,Ambos Anotan,No,0.82
22940_15727_2026-09-08,2026-09-08,Internacional Palmira W,La Equidad W,22940,15727,RESUELTO,1-0,0.0,Goles,+1.5 Goles,0.834
124_1064_2026-09-08,2026-09-08,Fluminense,Platense,124,1064,RESUELTO,2-0,1.0,Goles,-3.5 Goles,0.906
12561_16139_2026-09-08,2026-09-08,Club Sando,Delfines Del Este,12561,16139,RESUELTO,0-0,1.0,Doble Oportunidad,1X,0.842
12561_16139_2026-09-08,2026-09-08,Club Sando,Delfines Del Este,12561,16139,RESUELTO,0-0,1.0,Goles,-3.5 Goles,0.92
3995_3992_2026-09-08,2026-09-08,Hartford Athletic,Colorado Springs,3995,3992,RESUELTO,2-1,1.0,Goles,+1.5 Goles,0.854
4017_4000_2026-09-08,2026-09-08,San Antonio,Louisville City,4017,4000,RESUELTO,0-0,1.0,Goles,-3.5 Goles,0.889
2316_2321_2026-09-08,2026-09-08,Curico Unido,Union Espanola,2316,2321,RESUELTO,2-1,1.0,Goles,-3.5 Goles,0.897
140_152_2026-09-08,2026-09-08,Criciuma,Juventude,140,152,RESUELTO,0-2,1.0,Goles,-3.5 Goles,0.931
23326_1468_2026-09-08,2026-09-08,Internacional Palmira,Depor FC,23326,1468,RESUELTO,0-1,1.0,Doble Oportunidad,X2,0.831
3707_3704_2026-09-08,2026-09-08,Oriente Petrolero,Guabirá,3707,3704,RESUELTO,1-0,1.0,Doble Oportunidad,1X,0.89
3707_3704_2026-09-08,2026-09-08,Oriente Petrolero,Guabirá,3707,3704,RESUELTO,1-0,0.0,Goles,+1.5 Goles,0.901
451_126_2026-09-08,2026-09-08,Boca Juniors,Sao Paulo,451,126,RESUELTO,1-0,1.0,Goles,-3.5 Goles,0.867
1132_1137_2026-09-09,2026-09-09,Chico,Atletico Nacional,1132,1137,PENDIENTE,,,Doble Oportunidad,X2,0.835
14835_14841_2026-09-09,2026-09-09,Opava U19,České Budějovice U19,14835,14841,RESUELTO,4-2,1.0,Goles,+1.5 Goles,0.971
14835_14841_2026-09-09,2026-09-09,Opava U19,České Budějovice U19,14835,14841,RESUELTO,4-2,1.0,Goles,+2.5 Goles,0.889
14835_14841_2026-09-09,2026-09-09,Opava U19,České Budějovice U19,14835,14841,RESUELTO,4-2,1.0,Ambos Anotan,Sí,0.848
7929_23075_2026-09-09,2026-09-09,Shakhtar Donetsk U19,Kolos Kovalivka U19,7929,23075,RESUELTO,2-1,1.0,Doble Oportunidad,1X,0.803
7929_23075_2026-09-09,2026-09-09,Shakhtar Donetsk U19,Kolos Kovalivka U19,7929,23075,RESUELTO,2-1,1.0,Goles,+1.5 Goles,0.875
28083_20240_2026-09-09,2026-09-09,Lviv U19,Rukh Vynnyky U19,28083,20240,RESUELTO,1-2,1.0,Doble Oportunidad,X2,0.911
28083_20240_2026-09-09,2026-09-09,Lviv U19,Rukh Vynnyky U19,28083,20240,RESUELTO,1-2,1.0,Goles,+1.5 Goles,0.816
23081_23080_2026-09-09,2026-09-09,Oleksandria U19,Obolon' Kyiv U19,23081,23080,RESUELTO,0-0,1.0,Doble Oportunidad,1X,0.822
28082_24177_2026-09-09,2026-09-09,SK Metalurh U19,Karpaty Lviv U19,28082,24177,RESUELTO,1-5,1.0,Goles,+1.5 Goles,0.884
23077_23078_2026-09-09,2026-09-09,LNZ Cherkasy U19,Metalist 1925 U19,23077,23078,PENDIENTE,,,Doble Oportunidad,1X,0.832
23077_23078_2026-09-09,2026-09-09,LNZ Cherkasy U19,Metalist 1925 U19,23077,23078,PENDIENTE,,,Goles,+1.5 Goles,0.875
13223_14437_2026-09-09,2026-09-09,Viktoriya Mykolaivka,Metal Kharkiv,13223,14437,RESUELTO,0-1,1.0,Goles,-3.5 Goles,0.882
26451_14434_2026-09-09,2026-09-09,Karbon Cherkasy,Epitsentr Dunayivtsi,26451,14434,RESUELTO,0-3,1.0,Goles,-3.5 Goles,0.912
24568_3619_2026-09-09,2026-09-09,Probiy Horodenka,Oleksandria,24568,3619,RESUELTO,1-1,1.0,Mega-Misil SGBB,X2_U45,0.91
24568_3619_2026-09-09,2026-09-09,Probiy Horodenka,Oleksandria,24568,3619,RESUELTO,1-1,1.0,Doble Oportunidad,X2,0.96
24568_3619_2026-09-09,2026-09-09,Probiy Horodenka,Oleksandria,24568,3619,RESUELTO,1-1,1.0,Goles,-3.5 Goles,0.861
24568_3619_2026-09-09,2026-09-09,Probiy Horodenka,Oleksandria,24568,3619,RESUELTO,1-1,0.0,Ambos Anotan,No,0.808
3620_17162_2026-09-09,2026-09-09,Ahrobiznes Volochysk,Livyi Bereh,3620,17162,RESUELTO,1-1,1.0,Doble Oportunidad,1X,0.817
14441_599_2026-09-09,2026-09-09,Yarud Mariupol',Zorya Luhansk,14441,599,RESUELTO,0-2,1.0,Goles,+1.5 Goles,0.816
22398_28274_2026-09-09,2026-09-09,Partizan U19,OFK Beograd U19,22398,28274,RESUELTO,3-2,1.0,Goles,+1.5 Goles,0.872
2504_21038_2026-09-09,2026-09-09,Penang,Melaka,2504,21038,RESUELTO,2-1,1.0,Goles,-3.5 Goles,0.855
4202_2518_2026-09-09,2026-09-09,DPMM FC Brunei,Terengganu,4202,2518,RESUELTO,2-3,0.0,Goles,-3.5 Goles,0.884
2526_2505_2026-09-09,2026-09-09,Selangor,Sabah FA,2526,2505,RESUELTO,2-1,1.0,Goles,+1.5 Goles,0.846
7117_306_2026-09-09,2026-09-09,Biwako Shiga,Tokyo Verdy,7117,306,RESUELTO,0-1,1.0,Goles,-3.5 Goles,0.927
4318_286_2026-09-09,2026-09-09,Fukushima United,Vegalta Sendai,4318,286,RESUELTO,4-3,1.0,Goles,+1.5 Goles,0.848
317_301_2026-09-09,2026-09-09,Kamatamare Sanuki,JEF United Chiba,317,301,RESUELTO,0-2,1.0,Goles,+1.5 Goles,0.864
943_944_2026-09-09,2026-09-09,Sydney,Melbourne Victory,943,944,RESUELTO,0-2,1.0,Goles,-3.5 Goles,0.891
2235_805_2026-09-09,2026-09-09,FC Ryukyu,Kitakyushu,2235,805,RESUELTO,3-0,1.0,Goles,+1.5 Goles,0.934
10273_16567_2026-09-09,2026-09-09,Stuttgart U19,Viking U19,10273,16567,RESUELTO,5-0,1.0,Goles,+1.5 Goles,0.979
10273_16567_2026-09-09,2026-09-09,Stuttgart U19,Viking U19,10273,16567,RESUELTO,5-0,1.0,Goles,+2.5 Goles,0.916
10273_16567_2026-09-09,2026-09-09,Stuttgart U19,Viking U19,10273,16567,RESUELTO,5-0,0.0,Ambos Anotan,Sí,0.88
2750_2748_2026-09-09,2026-09-09,Daejeon Citizen,FC Anyang,2750,2748,RESUELTO,3-2,1.0,Doble Oportunidad,1X,0.838
2750_2748_2026-09-09,2026-09-09,Daejeon Citizen,FC Anyang,2750,2748,RESUELTO,3-2,1.0,Goles,+1.5 Goles,0.826
2759_2761_2026-09-09,2026-09-09,Gwangju FC,Jeju United FC,2759,2761,RESUELTO,0-1,0.0,Goles,+1.5 Goles,0.821
28131_12184_2026-09-09,2026-09-09,Never Give Up Academy,Musongati,28131,12184,PENDIENTE,,,Mega-Misil SGBB,1X_U35,0.85
28131_12184_2026-09-09,2026-09-09,Never Give Up Academy,Musongati,28131,12184,PENDIENTE,,,Mega-Misil SGBB,1X_U45,0.883
28131_12184_2026-09-09,2026-09-09,Never Give Up Academy,Musongati,28131,12184,PENDIENTE,,,Doble Oportunidad,1X,0.894
28131_12184_2026-09-09,2026-09-09,Never Give Up Academy,Musongati,28131,12184,PENDIENTE,,,Goles,-3.5 Goles,0.954
28131_12184_2026-09-09,2026-09-09,Never Give Up Academy,Musongati,28131,12184,PENDIENTE,,,Ambos Anotan,No,0.811
14124_2010_2026-09-09,2026-09-09,Volna Nizhegorodskaya,Rotor Volgograd,14124,2010,RESUELTO,2-0,1.0,Doble Oportunidad,1X,0.815
14121_1087_2026-09-09,2026-09-09,Znamya Noginsk,Ska-khabarovsk,14121,1087,RESUELTO,0-4,0.0,Doble Oportunidad,1X,0.897
6802_1078_2026-09-09,2026-09-09,Kaluga,FC UFA,6802,1078,RESUELTO,1-0,1.0,Goles,-3.5 Goles,0.884
6817_6833_2026-09-09,2026-09-09,Murom,Veles,6817,6833,RESUELTO,1-0,1.0,Goles,-3.5 Goles,0.894
6210_22334_2026-09-09,2026-09-09,Tira,Hapoel Ironi Arraba,6210,22334,PENDIENTE,,,Doble Oportunidad,1X,0.818
6210_22334_2026-09-09,2026-09-09,Tira,Hapoel Ironi Arraba,6210,22334,PENDIENTE,,,Goles,-3.5 Goles,0.907
6146_7609_2026-09-09,2026-09-09,Hapoel Azor,Tzeirey Tira,6146,7609,RESUELTO,2-0,1.0,Goles,+1.5 Goles,0.844
26198_709_2026-09-09,2026-09-09,Sardarapat,Pyunik Yerevan,26198,709,RESUELTO,2-4,0.0,Goles,-3.5 Goles,0.856
21719_17474_2026-09-09,2026-09-09,Santa Clara U23,Farense U23,21719,17474,RESUELTO,1-0,0.0,Goles,+1.5 Goles,0.855
5433_5593_2026-09-09,2026-09-09,Bhutan U19,Transport United,5433,5593,RESUELTO,0-5,1.0,Goles,+1.5 Goles,0.911
18747_27656_2026-09-09,2026-09-09,Dedza Dynamos,Mitundu Baptist,18747,27656,RESUELTO,0-0,1.0,Goles,-3.5 Goles,0.954
5576_11239_2026-09-09,2026-09-09,Şahdağ,Karvan,5576,11239,RESUELTO,2-0,0.0,Doble Oportunidad,X2,0.907
12979_23386_2026-09-09,2026-09-09,Vasco da Gama U20,Boavista U20,12979,23386,RESUELTO,2-1,1.0,Doble Oportunidad,1X,0.919
22176_24353_2026-09-09,2026-09-09,Mashujaa,Singida Black Stars,22176,24353,RESUELTO,2-1,0.0,Doble Oportunidad,X2,0.827
22176_24353_2026-09-09,2026-09-09,Mashujaa,Singida Black Stars,22176,24353,RESUELTO,2-1,1.0,Goles,+1.5 Goles,0.902
26700_24776_2026-09-09,2026-09-09,Entebbe UPPC,Lugazi,26700,24776,RESUELTO,0-1,0.0,Doble Oportunidad,1X,0.85
26700_24776_2026-09-09,2026-09-09,Entebbe UPPC,Lugazi,26700,24776,RESUELTO,0-1,0.0,Goles,+1.5 Goles,0.838
12457_12452_2026-09-09,2026-09-09,SC Villa,Express,12457,12452,RESUELTO,2-0,1.0,Goles,-3.5 Goles,0.906
18018_18017_2026-09-09,2026-09-09,PAOK II,Olympiakos Piraeus II,18018,18017,RESUELTO,1-1,1.0,Doble Oportunidad,1X,0.919
19085_19087_2026-09-09,2026-09-09,Ghana U20 W,Korea Republic U20 W,19085,19087,RESUELTO,3-1,0.0,Doble Oportunidad,X2,0.825
4219_4220_2026-09-09,2026-09-09,Olmaliq,Pakhtakor,4219,4220,RESUELTO,1-3,0.0,Goles,-3.5 Goles,0.901
4217_4225_2026-09-09,2026-09-09,Neftchi,Surkhon,4217,4225,RESUELTO,2-1,1.0,Doble Oportunidad,1X,0.822
1036_1574_2026-09-09,2026-09-09,Pyramids FC,El Gouna FC,1036,1574,RESUELTO,1-0,1.0,Mega-Misil SGBB,1X_U45,0.853
1036_1574_2026-09-09,2026-09-09,Pyramids FC,El Gouna FC,1036,1574,RESUELTO,1-0,1.0,Doble Oportunidad,1X,0.895
1036_1574_2026-09-09,2026-09-09,Pyramids FC,El Gouna FC,1036,1574,RESUELTO,1-0,1.0,Goles,-3.5 Goles,0.871
4926_4913_2026-09-09,2026-09-09,Sporting de Cabinda,1º de Agosto,4926,4913,RESUELTO,1-1,1.0,Doble Oportunidad,X2,0.929
19754_24781_2026-09-09,2026-09-09,Detonit Plachkovica,Shkëndija Haraçinë,19754,24781,RESUELTO,1-3,0.0,Goles,-3.5 Goles,0.867
4353_6290_2026-09-09,2026-09-09,Novaci,Ohrid,4353,6290,RESUELTO,1-0,0.0,Mega-Misil SGBB,X2_U45,0.924
4353_6290_2026-09-09,2026-09-09,Novaci,Ohrid,4353,6290,RESUELTO,1-0,0.0,Ganador Directo,Gana Ohrid,0.782
4353_6290_2026-09-09,2026-09-09,Novaci,Ohrid,4353,6290,RESUELTO,1-0,0.0,Doble Oportunidad,X2,0.977
4353_6290_2026-09-09,2026-09-09,Novaci,Ohrid,4353,6290,RESUELTO,1-0,1.0,Goles,-3.5 Goles,0.857
4353_6290_2026-09-09,2026-09-09,Novaci,Ohrid,4353,6290,RESUELTO,1-0,1.0,Ambos Anotan,No,0.86
4354_4328_2026-09-09,2026-09-09,Osogovo,Belasica,4354,4328,RESUELTO,1-3,1.0,Doble Oportunidad,X2,0.81
4354_4328_2026-09-09,2026-09-09,Osogovo,Belasica,4354,4328,RESUELTO,1-3,0.0,Goles,-3.5 Goles,0.942
4345_2265_2026-09-09,2026-09-09,Sasa,Shkupi 1927,4345,2265,RESUELTO,1-0,1.0,Doble Oportunidad,1X,0.904
4347_4333_2026-09-09,2026-09-09,Teteks,Bregalnica Štip,4347,4333,RESUELTO,1-4,1.0,Goles,+1.5 Goles,0.818
1124_12367_2026-09-09,2026-09-09,OFI,Nestos Chrisoupolis,1124,12367,RESUELTO,3-0,1.0,Doble Oportunidad,1X,0.875
4132_14281_2026-09-09,2026-09-09,Feronikeli,Drita,4132,14281,RESUELTO,1-0,0.0,Ganador Directo,Gana Drita,0.763
4132_14281_2026-09-09,2026-09-09,Feronikeli,Drita,4132,14281,RESUELTO,1-0,0.0,Doble Oportunidad,X2,0.948
4490_6163_2026-09-09,2026-09-09,Hapoel Ramat HaSharon,Hapoel Mahane Yehuda,4490,6163,RESUELTO,1-1,1.0,Goles,-3.5 Goles,0.921
14943_14942_2026-09-09,2026-09-09,Baník Prievidza,Baník Lehota p.Vtáčnikom,14943,14942,RESUELTO,1-3,1.0,Goles,+1.5 Goles,0.853
15045_3554_2026-09-09,2026-09-09,Slovan Vavrečka,Žilina,15045,3554,RESUELTO,0-5,1.0,Goles,+1.5 Goles,0.856
8610_620_2026-09-09,2026-09-09,Bedem Ivankovo,Dinamo Zagreb,8610,620,RESUELTO,0-4,1.0,Goles,+1.5 Goles,0.801
5722_616_2026-09-09,2026-09-09,Segesta Sisak,NK Osijek,5722,616,RESUELTO,3-1,1.0,Doble Oportunidad,1X,0.814
5722_616_2026-09-09,2026-09-09,Segesta Sisak,NK Osijek,5722,616,RESUELTO,3-1,1.0,Goles,+1.5 Goles,0.833
10994_1017_2026-09-09,2026-09-09,Cuba U20,NK Lokomotiva Zagreb,10994,1017,RESUELTO,0-2,0.0,Ganador Directo,Gana Cuba U20,0.851
10994_1017_2026-09-09,2026-09-09,Cuba U20,NK Lokomotiva Zagreb,10994,1017,RESUELTO,0-2,0.0,Doble Oportunidad,1X,0.975
10994_1017_2026-09-09,2026-09-09,Cuba U20,NK Lokomotiva Zagreb,10994,1017,RESUELTO,0-2,1.0,Goles,+1.5 Goles,0.807
8589_1068_2026-09-09,2026-09-09,Uskok Klis,HNK Gorica,8589,1068,RESUELTO,1-3,0.0,Mega-Misil SGBB,1X_U45,0.855
8589_1068_2026-09-09,2026-09-09,Uskok Klis,HNK Gorica,8589,1068,RESUELTO,1-3,0.0,Ganador Directo,Gana Uskok Klis,0.768
8589_1068_2026-09-09,2026-09-09,Uskok Klis,HNK Gorica,8589,1068,RESUELTO,1-3,0.0,Doble Oportunidad,1X,0.955
5731_1483_2026-09-09,2026-09-09,Zagora,NK Varazdin,5731,1483,RESUELTO,0-4,1.0,Goles,+1.5 Goles,0.891
4192_4183_2026-09-09,2026-09-09,TB,Víkingur II,4192,4183,RESUELTO,2-3,1.0,Goles,+1.5 Goles,0.937
4192_4183_2026-09-09,2026-09-09,TB,Víkingur II,4192,4183,RESUELTO,2-3,1.0,Goles,+2.5 Goles,0.801
10017_3499_2026-09-09,2026-09-09,Samgurali,Dila,10017,3499,RESUELTO,1-3,1.0,Goles,+1.5 Goles,0.823
14864_3501_2026-09-09,2026-09-09,Spaeri,Rustavi,14864,3501,RESUELTO,1-1,1.0,Doble Oportunidad,X2,0.825
14864_3501_2026-09-09,2026-09-09,Spaeri,Rustavi,14864,3501,RESUELTO,1-1,1.0,Goles,+1.5 Goles,0.864
4215_4210_2026-09-09,2026-09-09,Nasaf,Bunyodkor,4215,4210,RESUELTO,3-0,1.0,Doble Oportunidad,1X,0.829
4215_4210_2026-09-09,2026-09-09,Nasaf,Bunyodkor,4215,4210,RESUELTO,3-0,1.0,Goles,+1.5 Goles,0.926
1122_3713_2026-09-09,2026-09-09,FK Jablonec,Baník Ostrava,1122,3713,RESUELTO,3-0,1.0,Goles,+1.5 Goles,0.834
28222_15547_2026-09-09,2026-09-09,Al-Jolan SC,Zakho,28222,15547,RESUELTO,1-1,1.0,Doble Oportunidad,1X,0.864
957_1123_2026-09-09,2026-09-09,Levadiakos,Aris Thessalonikis,957,1123,PENDIENTE,,,Goles,+1.5 Goles,0.875
6496_21953_2026-09-09,2026-09-09,Polessya,Kudrivka,6496,21953,RESUELTO,2-0,1.0,Goles,+1.5 Goles,0.869
19257_16113_2026-09-09,2026-09-09,Normannia Gmünd,Backnang,19257,16113,RESUELTO,2-3,1.0,Mega-Misil SGBB,X2_O15,0.877
19257_16113_2026-09-09,2026-09-09,Normannia Gmünd,Backnang,19257,16113,RESUELTO,2-3,1.0,Ganador Directo,Gana Backnang,0.801
19257_16113_2026-09-09,2026-09-09,Normannia Gmünd,Backnang,19257,16113,RESUELTO,2-3,1.0,Doble Oportunidad,X2,0.924
19257_16113_2026-09-09,2026-09-09,Normannia Gmünd,Backnang,19257,16113,RESUELTO,2-3,1.0,Goles,+1.5 Goles,0.948
19257_16113_2026-09-09,2026-09-09,Normannia Gmünd,Backnang,19257,16113,RESUELTO,2-3,1.0,Goles,+2.5 Goles,0.833
2014_2001_2026-09-09,2026-09-09,Chertanovo Moscow,FK Neftekhimik,2014,2001,RESUELTO,1-1,1.0,Doble Oportunidad,1X,0.841
6256_8593_2026-09-09,2026-09-09,Orijent 1919,Mladost Ždralovi,6256,8593,RESUELTO,2-2,0.0,Goles,-3.5 Goles,0.9
6064_625_2026-09-09,2026-09-09,VSK Århus,Lyngby,6064,625,RESUELTO,0-2,1.0,Goles,-3.5 Goles,0.885
5268_9757_2026-09-09,2026-09-09,Melilla,Conil,5268,9757,RESUELTO,0-1,1.0,Goles,-3.5 Goles,0.868
11067_15544_2026-09-09,2026-09-09,Al Talaba,Al Karkh,11067,15544,RESUELTO,3-2,0.0,Mega-Misil SGBB,1X_U35,0.857
11067_15544_2026-09-09,2026-09-09,Al Talaba,Al Karkh,11067,15544,RESUELTO,3-2,0.0,Mega-Misil SGBB,1X_U45,0.888
11067_15544_2026-09-09,2026-09-09,Al Talaba,Al Karkh,11067,15544,RESUELTO,3-2,1.0,Doble Oportunidad,1X,0.897
11067_15544_2026-09-09,2026-09-09,Al Talaba,Al Karkh,11067,15544,RESUELTO,3-2,0.0,Goles,-3.5 Goles,0.958
11067_15544_2026-09-09,2026-09-09,Al Talaba,Al Karkh,11067,15544,RESUELTO,3-2,0.0,Ambos Anotan,No,0.821
2935_2955_2026-09-09,2026-09-09,Al-Raed,Al Jeel,2935,2955,RESUELTO,3-0,1.0,Goles,-3.5 Goles,0.853
10509_2940_2026-09-09,2026-09-09,Al Kholood,Al Shabab,10509,2940,RESUELTO,2-1,1.0,Doble Oportunidad,1X,0.812
10509_2940_2026-09-09,2026-09-09,Al Kholood,Al Shabab,10509,2940,RESUELTO,2-1,1.0,Goles,+1.5 Goles,0.858
2273_3526_2026-09-09,2026-09-09,FC Levadia Tallinn,Kuressaare,2273,3526,RESUELTO,4-0,1.0,Goles,+1.5 Goles,0.937
2273_3526_2026-09-09,2026-09-09,FC Levadia Tallinn,Kuressaare,2273,3526,RESUELTO,4-0,1.0,Goles,+2.5 Goles,0.803
3525_18657_2026-09-09,2026-09-09,Vaprus,Laagri,3525,18657,RESUELTO,3-2,1.0,Goles,+1.5 Goles,0.861
3530_3528_2026-09-09,2026-09-09,Tammeka,Paide,3530,3528,RESUELTO,0-2,0.0,Doble Oportunidad,1X,0.828
3530_3528_2026-09-09,2026-09-09,Tammeka,Paide,3530,3528,RESUELTO,0-2,1.0,Goles,+1.5 Goles,0.816
9361_21947_2026-09-09,2026-09-09,Bayern Alzenau,1960 Hanau,9361,21947,RESUELTO,2-0,1.0,Goles,+1.5 Goles,0.884
19284_14677_2026-09-09,2026-09-09,TuBa Pohlheim,Fernwald,19284,14677,RESUELTO,1-1,1.0,Goles,+1.5 Goles,0.848
15548_17366_2026-09-09,2026-09-09,Servette Chênois W,Yverdon W,15548,17366,RESUELTO,3-2,0.0,Mega-Misil SGBB,1X_U45,0.861
15548_17366_2026-09-09,2026-09-09,Servette Chênois W,Yverdon W,15548,17366,RESUELTO,3-2,1.0,Doble Oportunidad,1X,0.937
4500_6208_2026-09-09,2026-09-09,Hapoel Hadera,Shimshon Tel Aviv,4500,6208,RESUELTO,2-2,1.0,Doble Oportunidad,X2,0.852
4500_6208_2026-09-09,2026-09-09,Hapoel Hadera,Shimshon Tel Aviv,4500,6208,RESUELTO,2-2,0.0,Goles,-3.5 Goles,0.866
6167_6195_2026-09-09,2026-09-09,Hapoel Sderot,Maccabi Kiryat Malachi,6167,6195,RESUELTO,1-2,1.0,Goles,+1.5 Goles,0.809
19083_23460_2026-09-09,2026-09-09,France U20 W,Ecuador U20 W,19083,23460,RESUELTO,3-2,0.0,Doble Oportunidad,X2,0.825
2947_2961_2026-09-09,2026-09-09,Jeddah Club,Al Orubah,2947,2961,RESUELTO,2-2,1.0,Doble Oportunidad,X2,0.817
2947_2961_2026-09-09,2026-09-09,Jeddah Club,Al Orubah,2947,2961,RESUELTO,2-2,0.0,Goles,-3.5 Goles,0.948
26166_19668_2026-09-09,2026-09-09,Karlsruhe II,Essingen,26166,19668,RESUELTO,0-0,0.0,Goles,+1.5 Goles,0.882
1619_19467_2026-09-09,2026-09-09,FC 08 Villingen,FC Holzhausen,1619,19467,RESUELTO,1-0,0.0,Goles,+1.5 Goles,0.95
1619_19467_2026-09-09,2026-09-09,FC 08 Villingen,FC Holzhausen,1619,19467,RESUELTO,1-0,0.0,Goles,+2.5 Goles,0.834
1619_19467_2026-09-09,2026-09-09,FC 08 Villingen,FC Holzhausen,1619,19467,RESUELTO,1-0,0.0,Ambos Anotan,Sí,0.807
27968_27969_2026-09-09,2026-09-09,1. FC Muhlhausen,Young Boys Reutlingen,27968,27969,RESUELTO,2-1,1.0,Goles,+1.5 Goles,0.97
27968_27969_2026-09-09,2026-09-09,1. FC Muhlhausen,Young Boys Reutlingen,27968,27969,RESUELTO,2-1,1.0,Goles,+2.5 Goles,0.886
27968_27969_2026-09-09,2026-09-09,1. FC Muhlhausen,Young Boys Reutlingen,27968,27969,RESUELTO,2-1,1.0,Ambos Anotan,Sí,0.855
1638_9359_2026-09-09,2026-09-09,FC Nöttingen,Bahlinger SC,1638,9359,RESUELTO,0-1,0.0,Goles,+1.5 Goles,0.866
13932_12822_2026-09-09,2026-09-09,Reutlingen,Oberachern,13932,12822,RESUELTO,0-2,1.0,Goles,+1.5 Goles,0.88
20110_4492_2026-09-09,2026-09-09,Tzeirey Tamra,Hapoel Umm al-Fahm,20110,4492,RESUELTO,1-2,1.0,Doble Oportunidad,X2,0.828
20110_4492_2026-09-09,2026-09-09,Tzeirey Tamra,Hapoel Umm al-Fahm,20110,4492,RESUELTO,1-2,1.0,Goles,+1.5 Goles,0.915
6171_4498_2026-09-09,2026-09-09,Holon Yermiyahu,Hapoel Marmorek,6171,4498,RESUELTO,1-0,0.0,Mega-Misil SGBB,BTTS_No_U25,0.864
6171_4498_2026-09-09,2026-09-09,Holon Yermiyahu,Hapoel Marmorek,6171,4498,RESUELTO,1-0,0.0,Mega-Misil SGBB,BTTS_No_U35,0.878
6171_4498_2026-09-09,2026-09-09,Holon Yermiyahu,Hapoel Marmorek,6171,4498,RESUELTO,1-0,0.0,Doble Oportunidad,X2,0.849
6171_4498_2026-09-09,2026-09-09,Holon Yermiyahu,Hapoel Marmorek,6171,4498,RESUELTO,1-0,1.0,Goles,-3.5 Goles,0.989
6171_4498_2026-09-09,2026-09-09,Holon Yermiyahu,Hapoel Marmorek,6171,4498,RESUELTO,1-0,1.0,Ambos Anotan,No,0.88
6153_6201_2026-09-09,2026-09-09,Hapoel Herzliya,Nordia Jerusalem,6153,6201,RESUELTO,3-1,1.0,Doble Oportunidad,1X,0.819
6175_4502_2026-09-09,2026-09-09,Ironi Baka El Garbiya,Ironi Nesher,6175,4502,RESUELTO,0-2,1.0,Doble Oportunidad,X2,0.873
6175_4502_2026-09-09,2026-09-09,Ironi Baka El Garbiya,Ironi Nesher,6175,4502,RESUELTO,0-2,1.0,Goles,+1.5 Goles,0.807
6018_2067_2026-09-09,2026-09-09,Frem,Roskilde,6018,2067,RESUELTO,1-2,1.0,Goles,+1.5 Goles,0.842
6065_6026_2026-09-09,2026-09-09,Vanløse,Hillerød,6065,6026,RESUELTO,2-1,1.0,Goles,+1.5 Goles,0.853
4676_405_2026-09-09,2026-09-09,Kolding IF,Odense,4676,405,RESUELTO,1-2,1.0,Goles,+1.5 Goles,0.824
415_427_2026-09-09,2026-09-09,Twente,Telstar,415,427,RESUELTO,1-0,0.0,Goles,+1.5 Goles,0.919
529_209_2026-09-09,2026-09-09,Barcelona,Feyenoord,529,209,RESUELTO,5-1,1.0,Goles,+1.5 Goles,0.922
172_759_2026-09-09,2026-09-09,VfB Stuttgart,Viking,172,759,RESUELTO,3-1,1.0,Goles,+1.5 Goles,0.904
10893_16483_2026-09-09,2026-09-09,Göteborg W,Häcken W,10893,16483,PENDIENTE,,,Goles,+1.5 Goles,0.863
15630_16032_2026-09-09,2026-09-09,Hammarby W,Gamla Upsala W,15630,16032,PENDIENTE,,,Doble Oportunidad,1X,0.84
15630_16032_2026-09-09,2026-09-09,Hammarby W,Gamla Upsala W,15630,16032,PENDIENTE,,,Goles,+1.5 Goles,0.816
2176_811_2026-09-09,2026-09-09,Landskrona BoIS,Helsingborg,2176,811,RESUELTO,1-2,1.0,Goles,+1.5 Goles,0.835
6697_11674_2026-09-09,2026-09-09,Sandviken,Oddevold,6697,11674,RESUELTO,0-1,0.0,Goles,+1.5 Goles,0.861
705_3502_2026-09-09,2026-09-09,Dinamo Batumi,FC Iberia 1999,705,3502,RESUELTO,2-0,1.0,Doble Oportunidad,1X,0.904
705_3502_2026-09-09,2026-09-09,Dinamo Batumi,FC Iberia 1999,705,3502,RESUELTO,2-0,1.0,Goles,+1.5 Goles,0.84
3723_567_2026-09-09,2026-09-09,Hradec Králové,Plzen,3723,567,RESUELTO,0-0,0.0,Goles,+1.5 Goles,0.884
12774_9336_2026-09-09,2026-09-09,Großbardorf,Viktoria Aschaffenburg,12774,9336,RESUELTO,3-1,1.0,Goles,+1.5 Goles,0.891
4261_26172_2026-09-09,2026-09-09,Baunatal,Kassel,4261,26172,RESUELTO,2-0,1.0,Goles,+1.5 Goles,0.852
24517_16102_2026-09-09,2026-09-09,Darmstadt 98 II,Rot-Weiß Walldorf,24517,16102,RESUELTO,3-1,1.0,Doble Oportunidad,1X,0.904
24517_16102_2026-09-09,2026-09-09,Darmstadt 98 II,Rot-Weiß Walldorf,24517,16102,RESUELTO,3-1,1.0,Goles,+1.5 Goles,0.832
14550_9362_2026-09-09,2026-09-09,Hadamar,FC Gießen,14550,9362,RESUELTO,2-1,1.0,Goles,+1.5 Goles,0.884
14808_26171_2026-09-09,2026-09-09,Unter-Flockenbach,Hummetroth,14808,26171,RESUELTO,3-0,1.0,Doble Oportunidad,1X,0.873
14808_26171_2026-09-09,2026-09-09,Unter-Flockenbach,Hummetroth,14808,26171,RESUELTO,3-0,1.0,Goles,+1.5 Goles,0.875
16038_16039_2026-09-09,2026-09-09,Basel W,Grasshopper W,16038,16039,RESUELTO,1-1,1.0,Goles,+1.5 Goles,0.834
16041_17365_2026-09-09,2026-09-09,St. Gallen W,Aarau W,16041,17365,RESUELTO,2-2,1.0,Doble Oportunidad,1X,0.937
10909_17367_2026-09-09,2026-09-09,Zürich W,Young Boys W,10909,17367,RESUELTO,1-1,1.0,Doble Oportunidad,1X,0.865
10909_17367_2026-09-09,2026-09-09,Zürich W,Young Boys W,10909,17367,RESUELTO,1-1,1.0,Goles,+1.5 Goles,0.899
16040_19194_2026-09-09,2026-09-09,Luzern W,Rapperswil Jona W,16040,19194,RESUELTO,2-0,1.0,Mega-Misil SGBB,1X_O15,0.857
16040_19194_2026-09-09,2026-09-09,Luzern W,Rapperswil Jona W,16040,19194,RESUELTO,2-0,1.0,Ganador Directo,Gana Luzern W,0.775
16040_19194_2026-09-09,2026-09-09,Luzern W,Rapperswil Jona W,16040,19194,RESUELTO,2-0,1.0,Doble Oportunidad,1X,0.913
16040_19194_2026-09-09,2026-09-09,Luzern W,Rapperswil Jona W,16040,19194,RESUELTO,2-0,1.0,Goles,+1.5 Goles,0.937
16040_19194_2026-09-09,2026-09-09,Luzern W,Rapperswil Jona W,16040,19194,RESUELTO,2-0,0.0,Goles,+2.5 Goles,0.806
1634_12800_2026-09-09,2026-09-09,FC 08 Homburg,Kaiserslautern II,1634,12800,RESUELTO,2-1,1.0,Doble Oportunidad,1X,0.804
1634_12800_2026-09-09,2026-09-09,FC 08 Homburg,Kaiserslautern II,1634,12800,RESUELTO,2-1,1.0,Goles,+1.5 Goles,0.819
12735_19217_2026-09-09,2026-09-09,Barockstadt Fulda-Lehn.,Eintracht Frankfurt II,12735,19217,RESUELTO,1-2,1.0,Goles,+1.5 Goles,0.892
19204_20395_2026-09-09,2026-09-09,Ahrweiler,Cosmos Koblenz,19204,20395,RESUELTO,2-2,1.0,Goles,+1.5 Goles,0.86
9365_26592_2026-09-09,2026-09-09,Pirmasens,FC Emmelshausen-Karbach,9365,26592,RESUELTO,2-3,0.0,Doble Oportunidad,1X,0.868
9365_26592_2026-09-09,2026-09-09,Pirmasens,FC Emmelshausen-Karbach,9365,26592,RESUELTO,2-3,1.0,Goles,+1.5 Goles,0.865
26168_1663_2026-09-09,2026-09-09,Gau-Odernheim,Wormatia Worms,26168,1663,RESUELTO,3-3,1.0,Doble Oportunidad,1X,0.844
26168_1663_2026-09-09,2026-09-09,Gau-Odernheim,Wormatia Worms,26168,1663,RESUELTO,3-3,1.0,Goles,+1.5 Goles,0.938
26168_1663_2026-09-09,2026-09-09,Gau-Odernheim,Wormatia Worms,26168,1663,RESUELTO,3-3,1.0,Goles,+2.5 Goles,0.807
14468_16108_2026-09-09,2026-09-09,Auersmacher,Eisbachtal,14468,16108,RESUELTO,5-0,1.0,Doble Oportunidad,1X,0.907
1648_12785_2026-09-09,2026-09-09,TuS Koblenz,Hertha Wiesbach,1648,12785,RESUELTO,1-1,1.0,Doble Oportunidad,1X,0.861
1648_12785_2026-09-09,2026-09-09,TuS Koblenz,Hertha Wiesbach,1648,12785,RESUELTO,1-1,1.0,Goles,+1.5 Goles,0.879
28016_14724_2026-09-09,2026-09-09,RW Wittlich,Mechtersheim,28016,14724,RESUELTO,2-5,1.0,Goles,+1.5 Goles,0.889
1575_1577_2026-09-09,2026-09-09,El Mokawloon,Al Ahly,1575,1577,RESUELTO,1-1,1.0,Goles,+1.5 Goles,0.826
1037_7520_2026-09-09,2026-09-09,Enppi,Masr,1037,7520,RESUELTO,2-1,0.0,Doble Oportunidad,X2,0.896
3729_628_2026-09-09,2026-09-09,Viktoria Žižkov,Sparta Praha,3729,628,RESUELTO,0-5,1.0,Goles,+1.5 Goles,0.816
5256_22135_2026-09-09,2026-09-09,Compostela,Derio,5256,22135,RESUELTO,1-1,1.0,Mega-Misil SGBB,X2_U45,0.886
5256_22135_2026-09-09,2026-09-09,Compostela,Derio,5256,22135,RESUELTO,1-1,1.0,Doble Oportunidad,X2,0.932
5256_22135_2026-09-09,2026-09-09,Compostela,Derio,5256,22135,RESUELTO,1-1,1.0,Goles,-3.5 Goles,0.867
9738_9652_2026-09-09,2026-09-09,UD Santa Marta,Vimenor,9738,9652,RESUELTO,2-1,1.0,Goles,-3.5 Goles,0.982
9738_9652_2026-09-09,2026-09-09,UD Santa Marta,Vimenor,9738,9652,RESUELTO,2-1,0.0,Ambos Anotan,No,0.839
9588_9619_2026-09-09,2026-09-09,Salamanca UDS,Caudal,9588,9619,RESUELTO,3-2,0.0,Doble Oportunidad,X2,0.925
20262_9413_2026-09-09,2026-09-09,Badalona II,Sestao River,20262,9413,RESUELTO,2-3,0.0,Mega-Misil SGBB,X2_U45,0.9
20262_9413_2026-09-09,2026-09-09,Badalona II,Sestao River,20262,9413,RESUELTO,2-3,1.0,Doble Oportunidad,X2,0.925
20262_9413_2026-09-09,2026-09-09,Badalona II,Sestao River,20262,9413,RESUELTO,2-3,0.0,Goles,-3.5 Goles,0.916
8154_9392_2026-09-09,2026-09-09,Comillas,L'Hospitalet,8154,9392,RESUELTO,3-2,1.0,Goles,+1.5 Goles,0.81
15348_9699_2026-09-09,2026-09-09,Torrent,Saguntino,15348,9699,RESUELTO,1-2,0.0,Ganador Directo,Gana Torrent,0.789
15348_9699_2026-09-09,2026-09-09,Torrent,Saguntino,15348,9699,RESUELTO,1-2,0.0,Doble Oportunidad,1X,0.947
15348_9699_2026-09-09,2026-09-09,Torrent,Saguntino,15348,9699,RESUELTO,1-2,1.0,Goles,+1.5 Goles,0.822
9855_9681_2026-09-09,2026-09-09,San Juan,Terrassa,9855,9681,RESUELTO,0-1,0.0,Doble Oportunidad,1X,0.872
9751_9410_2026-09-09,2026-09-09,Motril,Recreativo Huelva,9751,9410,RESUELTO,0-2,0.0,Doble Oportunidad,1X,0.842
9751_9410_2026-09-09,2026-09-09,Motril,Recreativo Huelva,9751,9410,RESUELTO,0-2,1.0,Goles,-3.5 Goles,0.945
12772_12733_2026-09-09,2026-09-09,Gjilani,Ballkani,12772,12733,RESUELTO,1-0,0.0,Goles,+1.5 Goles,0.886
2123_829_2026-09-09,2026-09-09,Njardvik,Throttur Reykjavik,2123,829,RESUELTO,0-1,0.0,Goles,+1.5 Goles,0.856
4947_14709_2026-09-09,2026-09-09,Kitzbühel,Imst,4947,14709,RESUELTO,3-2,1.0,Goles,+1.5 Goles,0.812
1322_9369_2026-09-09,2026-09-09,KFC Uerdingen 05,Fortuna Düsseldorf II,1322,9369,RESUELTO,2-1,1.0,Goles,+1.5 Goles,0.93
23678_19466_2026-09-09,2026-09-09,Viktoria Jüchen-Garz.,SC St. Tönis,23678,19466,RESUELTO,0-1,0.0,Goles,+1.5 Goles,0.855
2699_26299_2026-09-09,2026-09-09,Mamelodi Sundowns,Siwelele,2699,26299,RESUELTO,3-0,1.0,Doble Oportunidad,1X,0.863
2699_26299_2026-09-09,2026-09-09,Mamelodi Sundowns,Siwelele,2699,26299,RESUELTO,3-0,1.0,Goles,+1.5 Goles,0.834
3342_3345_2026-09-09,2026-09-09,Inter Club d'Escaldes,Atlètic Club d'Escaldes,3342,3345,RESUELTO,2-0,1.0,Goles,-3.5 Goles,0.901
24468_24479_2026-09-09,2026-09-09,America MG U17,Fluminense U17,24468,24479,RESUELTO,3-1,0.0,Doble Oportunidad,X2,0.858
24469_24486_2026-09-09,2026-09-09,Athletico PR U17,Santos U17,24469,24486,RESUELTO,2-2,1.0,Goles,+1.5 Goles,0.941
24469_24486_2026-09-09,2026-09-09,Athletico PR U17,Santos U17,24469,24486,RESUELTO,2-2,1.0,Goles,+2.5 Goles,0.81
24470_24483_2026-09-09,2026-09-09,Atletico GO U17,Internacional U17,24470,24483,RESUELTO,1-0,0.0,Doble Oportunidad,X2,0.835
24470_24483_2026-09-09,2026-09-09,Atletico GO U17,Internacional U17,24470,24483,RESUELTO,1-0,0.0,Goles,+1.5 Goles,0.898
24471_27733_2026-09-09,2026-09-09,Atlético Mineiro U17,Vitoria U17,24471,27733,RESUELTO,3-0,1.0,Mega-Misil SGBB,1X_O15,0.873
24471_27733_2026-09-09,2026-09-09,Atlético Mineiro U17,Vitoria U17,24471,27733,RESUELTO,3-0,1.0,Ganador Directo,Gana Atlético Mineiro U17,0.811
24471_27733_2026-09-09,2026-09-09,Atlético Mineiro U17,Vitoria U17,24471,27733,RESUELTO,3-0,1.0,Doble Oportunidad,1X,0.935
24471_27733_2026-09-09,2026-09-09,Atlético Mineiro U17,Vitoria U17,24471,27733,RESUELTO,3-0,1.0,Goles,+1.5 Goles,0.931
24472_24478_2026-09-09,2026-09-09,Bahia U17,Flamengo RJ U17,24472,24478,RESUELTO,1-1,1.0,Goles,+1.5 Goles,0.913
24485_24476_2026-09-09,2026-09-09,RB Bragantino U17,Cruzeiro U17,24485,24476,RESUELTO,8-1,1.0,Goles,+1.5 Goles,0.862
24482_24484_2026-09-09,2026-09-09,Gremio U17,Palmeiras U17,24482,24484,RESUELTO,1-2,1.0,Doble Oportunidad,X2,0.904
24482_24484_2026-09-09,2026-09-09,Gremio U17,Palmeiras U17,24482,24484,RESUELTO,1-2,1.0,Goles,+1.5 Goles,0.838
24487_25797_2026-09-09,2026-09-09,Sao Paulo U17,Juventude U17,24487,25797,RESUELTO,2-1,1.0,Doble Oportunidad,1X,0.887
24487_25797_2026-09-09,2026-09-09,Sao Paulo U17,Juventude U17,24487,25797,RESUELTO,2-1,1.0,Goles,+1.5 Goles,0.9
3745_3741_2026-09-09,2026-09-09,Dečić,Petrovac,3745,3741,RESUELTO,1-1,1.0,Doble Oportunidad,1X,0.802
3745_3741_2026-09-09,2026-09-09,Dečić,Petrovac,3745,3741,RESUELTO,1-1,1.0,Goles,-3.5 Goles,0.954
2931_26738_2026-09-09,2026-09-09,Al-Fateh,Al Diriyah,2931,26738,RESUELTO,1-2,1.0,Mega-Misil SGBB,X2_U45,0.879
2931_26738_2026-09-09,2026-09-09,Al-Fateh,Al Diriyah,2931,26738,RESUELTO,1-2,1.0,Doble Oportunidad,X2,0.898
2931_26738_2026-09-09,2026-09-09,Al-Fateh,Al Diriyah,2931,26738,RESUELTO,1-2,1.0,Goles,-3.5 Goles,0.931
2939_2951_2026-09-09,2026-09-09,Al-Nassr,Abha,2939,2951,RESUELTO,2-1,1.0,Doble Oportunidad,1X,0.902
2939_2951_2026-09-09,2026-09-09,Al-Nassr,Abha,2939,2951,RESUELTO,2-1,1.0,Goles,+1.5 Goles,0.833
20818_18698_2026-09-09,2026-09-09,Instituto Res.,Sarmiento Res.,20818,18698,RESUELTO,2-2,0.0,Goles,-3.5 Goles,0.884
18693_18681_2026-09-09,2026-09-09,Platense Res.,Boca Juniors Res.,18693,18681,RESUELTO,0-2,1.0,Doble Oportunidad,X2,0.834
18697_18701_2026-09-09,2026-09-09,San Lorenzo Res.,Unión Santa Fe Res.,18697,18701,RESUELTO,0-1,0.0,Doble Oportunidad,1X,0.822
18697_18701_2026-09-09,2026-09-09,San Lorenzo Res.,Unión Santa Fe Res.,18697,18701,RESUELTO,0-1,1.0,Goles,-3.5 Goles,0.863
19744_20085_2026-09-09,2026-09-09,Blackburn Rovers U21,Queens Park Rangers U21,19744,20085,RESUELTO,4-2,1.0,Goles,+1.5 Goles,0.908
11065_11074_2026-09-09,2026-09-09,Al Minaa Basra,Naft Maysan,11065,11074,RESUELTO,1-1,1.0,Doble Oportunidad,1X,0.801
2359_2368_2026-09-09,2026-09-09,Racing Montevideo,Central Espanol,2359,2368,RESUELTO,2-4,0.0,Doble Oportunidad,1X,0.88
2359_2368_2026-09-09,2026-09-09,Racing Montevideo,Central Espanol,2359,2368,RESUELTO,2-4,0.0,Goles,-3.5 Goles,0.884
2361_15628_2026-09-09,2026-09-09,Boston River,Colón,2361,15628,RESUELTO,2-0,1.0,Goles,-3.5 Goles,0.919
16161_18002_2026-09-09,2026-09-09,Triesenberg,Vaduz II,16161,18002,RESUELTO,0-3,1.0,Mega-Misil SGBB,X2_O15,0.914
16161_18002_2026-09-09,2026-09-09,Triesenberg,Vaduz II,16161,18002,RESUELTO,0-3,1.0,Ganador Directo,Gana Vaduz II,0.85
16161_18002_2026-09-09,2026-09-09,Triesenberg,Vaduz II,16161,18002,RESUELTO,0-3,1.0,Doble Oportunidad,X2,0.944
16161_18002_2026-09-09,2026-09-09,Triesenberg,Vaduz II,16161,18002,RESUELTO,0-3,1.0,Goles,+1.5 Goles,0.968
16161_18002_2026-09-09,2026-09-09,Triesenberg,Vaduz II,16161,18002,RESUELTO,0-3,1.0,Goles,+2.5 Goles,0.885
16160_16158_2026-09-09,2026-09-09,Triesen II,Schaan II,16160,16158,RESUELTO,1-2,1.0,Ganador Directo,Gana Schaan II,0.833
16160_16158_2026-09-09,2026-09-09,Triesen II,Schaan II,16160,16158,RESUELTO,1-2,1.0,Doble Oportunidad,X2,0.966
16160_16158_2026-09-09,2026-09-09,Triesen II,Schaan II,16160,16158,RESUELTO,1-2,1.0,Goles,+1.5 Goles,0.82
5710_1019_2026-09-09,2026-09-09,Koprivnica,Rudes,5710,1019,RESUELTO,2-3,0.0,Doble Oportunidad,1X,0.851
5710_1019_2026-09-09,2026-09-09,Koprivnica,Rudes,5710,1019,RESUELTO,2-3,1.0,Goles,+1.5 Goles,0.857
22875_23278_2026-09-09,2026-09-09,Botafogo U20,Estrela De Marco U20,22875,23278,RESUELTO,4-0,1.0,Doble Oportunidad,1X,0.856
12956_27290_2026-09-09,2026-09-09,Ceará U20,Atlético Piauiense U20,12956,27290,RESUELTO,2-1,1.0,Goles,-3.5 Goles,0.913
13000_23199_2026-09-09,2026-09-09,Cruzeiro U20,Guanabara City U20,13000,23199,RESUELTO,3-1,1.0,Doble Oportunidad,1X,0.803
13000_23199_2026-09-09,2026-09-09,Cruzeiro U20,Guanabara City U20,13000,23199,RESUELTO,3-1,1.0,Goles,+1.5 Goles,0.866
12962_23321_2026-09-09,2026-09-09,Internacional U20,Barra SC U20,12962,23321,RESUELTO,0-1,1.0,Goles,-3.5 Goles,0.878
13029_23488_2026-09-09,2026-09-09,Nautico U20,America PE U20,13029,23488,RESUELTO,3-1,0.0,Doble Oportunidad,X2,0.89
13029_23488_2026-09-09,2026-09-09,Nautico U20,America PE U20,13029,23488,RESUELTO,3-1,1.0,Goles,+1.5 Goles,0.807
1067_483_2026-09-09,2026-09-09,Defensores De Belgrano,Los Andes,1067,483,RESUELTO,1-1,1.0,Doble Oportunidad,1X,0.842
1067_483_2026-09-09,2026-09-09,Defensores De Belgrano,Los Andes,1067,483,RESUELTO,1-1,1.0,Goles,-3.5 Goles,0.898
258_247_2026-09-09,2026-09-09,ST Johnstone,Celtic,258,247,RESUELTO,0-1,0.0,Goles,+1.5 Goles,0.884
69_60_2026-09-09,2026-09-09,Derby,West Brom,69,60,RESUELTO,0-1,0.0,Goles,+1.5 Goles,0.863
5305_5308_2026-09-09,2026-09-09,Murata,Virtus,5305,5308,RESUELTO,0-3,1.0,Goles,-3.5 Goles,0.862
5306_5297_2026-09-09,2026-09-09,Pennarossa,Cailungo,5306,5297,RESUELTO,3-0,0.0,Doble Oportunidad,X2,0.811
5306_5297_2026-09-09,2026-09-09,Pennarossa,Cailungo,5306,5297,RESUELTO,3-0,1.0,Goles,+1.5 Goles,0.821
7752_11910_2026-09-09,2026-09-09,Tamworth,Middlesbrough U21,7752,11910,RESUELTO,1-3,1.0,Goles,+1.5 Goles,0.962
7752_11910_2026-09-09,2026-09-09,Tamworth,Middlesbrough U21,7752,11910,RESUELTO,1-3,1.0,Goles,+2.5 Goles,0.865
7752_11910_2026-09-09,2026-09-09,Tamworth,Middlesbrough U21,7752,11910,RESUELTO,1-3,1.0,Ambos Anotan,Sí,0.818
7262_8760_2026-09-09,2026-09-09,Whyteleafe,Crowborough Athletic,7262,8760,RESUELTO,2-3,1.0,Goles,+1.5 Goles,0.805
8708_11936_2026-09-09,2026-09-09,Bishop Auckland,AFC Emley,8708,11936,RESUELTO,0-2,1.0,Goles,-3.5 Goles,0.869
20252_3706_2026-09-09,2026-09-09,Real Oruro,Nacional Potosí,20252,3706,RESUELTO,0-2,1.0,Goles,+1.5 Goles,0.884
25063_11071_2026-09-09,2026-09-09,Al-Karma,Naft,25063,11071,RESUELTO,3-0,1.0,Goles,-3.5 Goles,0.88
40_530_2026-09-09,2026-09-09,Liverpool,Atletico Madrid,40,530,RESUELTO,2-1,1.0,Goles,+1.5 Goles,0.852
492_42_2026-09-09,2026-09-09,Napoli,Arsenal,492,42,RESUELTO,0-1,0.0,Goles,+1.5 Goles,0.822
85_656_2026-09-09,2026-09-09,Paris Saint Germain,Slovan Bratislava,85,656,RESUELTO,6-1,0.0,Doble Oportunidad,X2,0.805
85_656_2026-09-09,2026-09-09,Paris Saint Germain,Slovan Bratislava,85,656,RESUELTO,6-1,1.0,Goles,+1.5 Goles,0.837
228_645_2026-09-09,2026-09-09,Sporting CP,Galatasaray,228,645,RESUELTO,3-1,1.0,Goles,+1.5 Goles,0.935
9384_17562_2026-09-09,2026-09-09,Cacereño,UD San Pedro,9384,17562,RESUELTO,2-0,1.0,Goles,-3.5 Goles,0.928
5253_5271_2026-09-09,2026-09-09,CF Talavera,Navalcarnero,5253,5271,RESUELTO,0-2,1.0,Goles,-3.5 Goles,0.973
5253_5271_2026-09-09,2026-09-09,CF Talavera,Navalcarnero,5253,5271,RESUELTO,0-2,1.0,Ambos Anotan,No,0.804
2113_267_2026-09-09,2026-09-09,HK Kopavogur,Fylkir,2113,267,RESUELTO,2-3,1.0,Goles,+1.5 Goles,0.894
2847_2806_2026-09-09,2026-09-09,Real Frontera,Zamora FC,2847,2806,RESUELTO,0-2,1.0,Doble Oportunidad,X2,0.807
1189_1186_2026-09-09,2026-09-09,Deportivo Santani,Independiente F.b.c.,1189,1186,RESUELTO,1-2,1.0,Goles,+1.5 Goles,0.914
215_211_2026-09-09,2026-09-09,Moreirense,Benfica,215,211,RESUELTO,0-4,1.0,Doble Oportunidad,X2,0.879
215_211_2026-09-09,2026-09-09,Moreirense,Benfica,215,211,RESUELTO,0-4,1.0,Goles,+1.5 Goles,0.89
15721_18432_2026-09-09,2026-09-09,América de Cali W,Orsomarso W,15721,18432,RESUELTO,3-1,1.0,Doble Oportunidad,1X,0.804
15721_18432_2026-09-09,2026-09-09,América de Cali W,Orsomarso W,15721,18432,RESUELTO,3-1,0.0,Goles,-3.5 Goles,0.883
27411_1461_2026-09-09,2026-09-09,Ind. Yumbo,Quindio,27411,1461,RESUELTO,0-0,1.0,Goles,-3.5 Goles,0.94
27883_3645_2026-09-09,2026-09-09,Deportivo San Pedro,Mixco,27883,3645,RESUELTO,2-0,1.0,Goles,+1.5 Goles,0.921
2818_2807_2026-09-09,2026-09-09,Estudiantes de Merida FC,Deportivo Tachira FC,2818,2807,PENDIENTE,,,Goles,+1.5 Goles,0.841
10674_7873_2026-09-09,2026-09-09,Goiânia,Goianésia,10674,7873,RESUELTO,2-3,0.0,Goles,-3.5 Goles,0.886
2858_2824_2026-09-09,2026-09-09,Dinamo de Puerto La Cruz,Mineros de Guyana,2858,2824,RESUELTO,0-5,1.0,Goles,+1.5 Goles,0.826
23307_24771_2026-09-09,2026-09-09,Trindade,Rio Verde,23307,24771,RESUELTO,0-2,1.0,Goles,-3.5 Goles,0.88
13093_7838_2026-09-09,2026-09-09,Flamengo PI,4 de Julho,13093,7838,RESUELTO,1-0,0.0,Doble Oportunidad,X2,0.848
121_1158_2026-09-09,2026-09-09,Palmeiras,LDU de Quito,121,1158,RESUELTO,1-0,1.0,Goles,-3.5 Goles,0.86
450_131_2026-09-09,2026-09-09,Estudiantes L.P.,Corinthians,450,131,RESUELTO,1-1,1.0,Goles,-3.5 Goles,0.893
128_1062_2026-09-09,2026-09-09,Santos,Atletico-MG,128,1062,RESUELTO,2-0,1.0,Goles,-3.5 Goles,0.899
144_129_2026-09-09,2026-09-09,Atletico Goianiense,Ceara,144,129,RESUELTO,2-1,1.0,Doble Oportunidad,1X,0.81
17762_3711_2026-09-09,2026-09-09,Universitario de Vinto,The Strongest,17762,3711,RESUELTO,1-2,1.0,Goles,+1.5 Goles,0.866
3701_22266_2026-09-09,2026-09-09,Blooming,Gualberto Villarroel SJ,3701,22266,RESUELTO,5-1,1.0,Goles,+1.5 Goles,0.811
2370_2360_2026-09-09,2026-09-09,Deportivo Maldonado,Wanderers,2370,2360,RESUELTO,4-1,1.0,Doble Oportunidad,1X,0.816
12213_4441_2026-09-09,2026-09-09,Broki,Violette AC,12213,4441,RESUELTO,1-2,0.0,Mega-Misil SGBB,X2_U25,0.874
12213_4441_2026-09-09,2026-09-09,Broki,Violette AC,12213,4441,RESUELTO,1-2,1.0,Mega-Misil SGBB,X2_U35,0.925
12213_4441_2026-09-09,2026-09-09,Broki,Violette AC,12213,4441,RESUELTO,1-2,1.0,Mega-Misil SGBB,X2_U45,0.938
12213_4441_2026-09-09,2026-09-09,Broki,Violette AC,12213,4441,RESUELTO,1-2,0.0,Mega-Misil SGBB,BTTS_No_U25,0.876
12213_4441_2026-09-09,2026-09-09,Broki,Violette AC,12213,4441,RESUELTO,1-2,0.0,Mega-Misil SGBB,BTTS_No_U35,0.909
12213_4441_2026-09-09,2026-09-09,Broki,Violette AC,12213,4441,RESUELTO,1-2,1.0,Doble Oportunidad,X2,0.941
12213_4441_2026-09-09,2026-09-09,Broki,Violette AC,12213,4441,RESUELTO,1-2,1.0,Goles,-3.5 Goles,0.984
12213_4441_2026-09-09,2026-09-09,Broki,Violette AC,12213,4441,RESUELTO,1-2,0.0,Ambos Anotan,No,0.917
3443_3442_2026-09-09,2026-09-09,Portmore United,Mount Pleasant Academy,3443,3442,RESUELTO,0-1,0.0,Doble Oportunidad,1X,0.806
1138_1462_2026-09-09,2026-09-09,America de Cali,Deportivo Pereira,1138,1462,RESUELTO,4-1,1.0,Doble Oportunidad,1X,0.832
22099_1134_2026-09-09,2026-09-09,Real Cundinamarca,Internacional de Bogota,22099,1134,RESUELTO,1-2,0.0,Doble Oportunidad,1X,0.818
1136_1141_2026-09-09,2026-09-09,Once Caldas,Alianza Valledupar,1136,1141,RESUELTO,1-0,1.0,Doble Oportunidad,1X,0.851
1126_1128_2026-09-09,2026-09-09,Deportivo Pasto,Independiente Medellin,1126,1128,RESUELTO,1-4,1.0,Doble Oportunidad,X2,0.852
1126_1128_2026-09-09,2026-09-09,Deportivo Pasto,Independiente Medellin,1126,1128,RESUELTO,1-4,0.0,Goles,-3.5 Goles,0.856
15729_15722_2026-09-09,2026-09-09,Millonarios W,Atlético Nacional W,15729,15722,RESUELTO,2-1,1.0,Goles,+1.5 Goles,0.874
1608_1598_2026-09-09,2026-09-09,Atlanta United FC,Orlando City SC,1608,1598,RESUELTO,2-3,1.0,Goles,+1.5 Goles,0.89
1601_9569_2026-09-09,2026-09-09,Toronto FC,Nashville SC,1601,9569,RESUELTO,2-1,1.0,Goles,+1.5 Goles,0.869
1614_18310_2026-09-09,2026-09-09,CF Montreal,Charlotte,1614,18310,RESUELTO,1-2,1.0,Goles,+1.5 Goles,0.844
1599_2242_2026-09-09,2026-09-09,Philadelphia Union,FC Cincinnati,1599,2242,RESUELTO,5-0,1.0,Doble Oportunidad,1X,0.836
1599_2242_2026-09-09,2026-09-09,Philadelphia Union,FC Cincinnati,1599,2242,RESUELTO,5-0,1.0,Goles,+1.5 Goles,0.813
1607_9568_2026-09-09,2026-09-09,Chicago Fire,Inter Miami,1607,9568,RESUELTO,1-1,1.0,Goles,+1.5 Goles,0.923
1612_1597_2026-09-09,2026-09-09,Minnesota United FC,FC Dallas,1612,1597,RESUELTO,1-2,1.0,Goles,+1.5 Goles,0.979
1612_1597_2026-09-09,2026-09-09,Minnesota United FC,FC Dallas,1612,1597,RESUELTO,1-2,1.0,Goles,+2.5 Goles,0.915
1612_1597_2026-09-09,2026-09-09,Minnesota United FC,FC Dallas,1612,1597,RESUELTO,1-2,1.0,Ambos Anotan,Sí,0.878
16489_1610_2026-09-09,2026-09-09,Austin,Colorado Rapids,16489,1610,RESUELTO,1-1,1.0,Doble Oportunidad,1X,0.908
1600_1606_2026-09-09,2026-09-09,Houston Dynamo,Real Salt Lake,1600,1606,RESUELTO,2-1,1.0,Mega-Misil SGBB,1X_U45,0.867
1600_1606_2026-09-09,2026-09-09,Houston Dynamo,Real Salt Lake,1600,1606,RESUELTO,2-1,1.0,Doble Oportunidad,1X,0.911
1600_1606_2026-09-09,2026-09-09,Houston Dynamo,Real Salt Lake,1600,1606,RESUELTO,2-1,1.0,Goles,-3.5 Goles,0.868
2343_2336_2026-09-09,2026-09-09,Deportes Copiapo,Magallanes,2343,2336,RESUELTO,1-1,1.0,Goles,+1.5 Goles,0.865
2319_2346_2026-09-09,2026-09-09,Deportes Iquique,Deportes Santa Cruz,2319,2346,RESUELTO,0-1,0.0,Doble Oportunidad,1X,0.801
2319_2346_2026-09-09,2026-09-09,Deportes Iquique,Deportes Santa Cruz,2319,2346,RESUELTO,0-1,1.0,Goles,-3.5 Goles,0.864
21140_9073_2026-09-09,2026-09-09,Huntsville City,Chattanooga,21140,9073,RESUELTO,1-2,1.0,Goles,+1.5 Goles,0.864
10282_18813_2026-09-09,2026-09-09,North Texas,Houston Dynamo FC II,10282,18813,RESUELTO,2-3,1.0,Goles,+1.5 Goles,0.819
4306_4310_2026-09-09,2026-09-09,Municipal Limeño,Águila,4306,4310,RESUELTO,0-0,1.0,Doble Oportunidad,1X,0.853
4303_24530_2026-09-09,2026-09-09,Firpo,Cacahuatique,4303,24530,PENDIENTE,,,Mega-Misil SGBB,1X_U45,0.854
4303_24530_2026-09-09,2026-09-09,Firpo,Cacahuatique,4303,24530,PENDIENTE,,,Doble Oportunidad,1X,0.893
4303_24530_2026-09-09,2026-09-09,Firpo,Cacahuatique,4303,24530,PENDIENTE,,,Goles,-3.5 Goles,0.877
816_820_2026-09-09,2026-09-09,Deportivo Saprissa,CS Cartagines,816,820,RESUELTO,2-2,1.0,Goles,+1.5 Goles,0.826
3653_3662_2026-09-09,2026-09-09,Suchitepéquez,Guastatoya,3653,3662,RESUELTO,1-1,1.0,Goles,+1.5 Goles,0.864
1616_1602_2026-09-09,2026-09-09,Los Angeles FC,New York Red Bulls,1616,1602,RESUELTO,2-0,1.0,Goles,-3.5 Goles,0.916
1603_1605_2026-09-09,2026-09-09,Vancouver Whitecaps,Los Angeles Galaxy,1603,1605,RESUELTO,3-0,1.0,Goles,+1.5 Goles,0.811
25484_1596_2026-09-09,2026-09-09,San Diego,San Jose Earthquakes,25484,1596,RESUELTO,2-3,0.0,Doble Oportunidad,1X,0.884
1617_20787_2026-09-09,2026-09-09,Portland Timbers,St. Louis City,1617,20787,RESUELTO,2-2,1.0,Goles,+1.5 Goles,0.943
1617_20787_2026-09-09,2026-09-09,Portland Timbers,St. Louis City,1617,20787,RESUELTO,2-2,1.0,Goles,+2.5 Goles,0.815
4299_22157_2026-09-10,2026-09-10,Alianza,Fuerte San Francisco,4299,22157,PENDIENTE,,,Mega-Misil SGBB,1X_U45,0.855
4299_22157_2026-09-10,2026-09-10,Alianza,Fuerte San Francisco,4299,22157,PENDIENTE,,,Doble Oportunidad,1X,0.909
28245_7966_2026-09-10,2026-09-10,Fenerbahce U19,Roma U19,28245,7966,RESUELTO,2-4,1.0,Goles,+1.5 Goles,0.837
7933_22372_2026-09-10,2026-09-10,Slavia Praha U19,Lens U19,7933,22372,RESUELTO,2-1,1.0,Goles,+1.5 Goles,0.872
17728_7924_2026-09-10,2026-09-10,Como U19,RB Leipzig U19,17728,7924,RESUELTO,1-1,1.0,Doble Oportunidad,X2,0.803
17728_7924_2026-09-10,2026-09-10,Como U19,RB Leipzig U19,17728,7924,RESUELTO,1-1,1.0,Goles,+1.5 Goles,0.826
7887_16553_2026-09-10,2026-09-10,Bayern München U19,Bodø / Glimt U19,7887,16553,RESUELTO,6-1,1.0,Goles,+1.5 Goles,0.905
19005_5592_2026-09-10,2026-09-10,RTC,Thimphu City,19005,5592,RESUELTO,1-2,1.0,Goles,+1.5 Goles,0.89
6794_6790_2026-09-10,2026-09-10,Dinamo Barnaul,Chelyabinsk,6794,6790,RESUELTO,0-2,0.0,Doble Oportunidad,1X,0.863
6812_1084_2026-09-10,2026-09-10,Luki-Energiya,Ural,6812,1084,RESUELTO,2-1,1.0,Goles,+1.5 Goles,0.815
4556_4548_2026-09-10,2026-09-10,Sport Academy Kairat,Astana II,4556,4548,RESUELTO,2-2,0.0,Ganador Directo,Gana Sport Academy Kairat,0.804
4556_4548_2026-09-10,2026-09-10,Sport Academy Kairat,Astana II,4556,4548,RESUELTO,2-2,1.0,Doble Oportunidad,1X,0.956
4556_4548_2026-09-10,2026-09-10,Sport Academy Kairat,Astana II,4556,4548,RESUELTO,2-2,1.0,Goles,+1.5 Goles,0.805
27635_4545_2026-09-10,2026-09-10,Yelimay Semey 2,Akademiya Ontustik,27635,4545,RESUELTO,0-1,1.0,Doble Oportunidad,X2,0.844
27635_4545_2026-09-10,2026-09-10,Yelimay Semey 2,Akademiya Ontustik,27635,4545,RESUELTO,0-1,0.0,Goles,+1.5 Goles,0.835
4546_21502_2026-09-10,2026-09-10,Aktobe Jas,Turan Turkistan,4546,21502,RESUELTO,1-3,1.0,Doble Oportunidad,X2,0.84
4546_21502_2026-09-10,2026-09-10,Aktobe Jas,Turan Turkistan,4546,21502,RESUELTO,1-3,1.0,Goles,+1.5 Goles,0.856
13860_16511_2026-09-10,2026-09-10,Betlemi,Margveti 2006,13860,16511,RESUELTO,0-5,1.0,Ganador Directo,Gana Margveti 2006,0.768
13860_16511_2026-09-10,2026-09-10,Betlemi,Margveti 2006,13860,16511,RESUELTO,0-5,1.0,Doble Oportunidad,X2,0.942
14857_16505_2026-09-10,2026-09-10,Didube 2014,Iberia 2010,14857,16505,PENDIENTE,,,Goles,+1.5 Goles,0.908
13851_3506_2026-09-10,2026-09-10,Gardabani,Guria,13851,3506,PENDIENTE,,,Mega-Misil SGBB,X2_O15,0.877
13851_3506_2026-09-10,2026-09-10,Gardabani,Guria,13851,3506,PENDIENTE,,,Ganador Directo,Gana Guria,0.874
13851_3506_2026-09-10,2026-09-10,Gardabani,Guria,13851,3506,PENDIENTE,,,Doble Oportunidad,X2,0.971
13851_3506_2026-09-10,2026-09-10,Gardabani,Guria,13851,3506,PENDIENTE,,,Goles,+1.5 Goles,0.9
3508_13853_2026-09-10,2026-09-10,Merani Tbilisi,Kolkheti Khobi,3508,13853,RESUELTO,4-1,1.0,Goles,+1.5 Goles,0.868
16507_27370_2026-09-10,2026-09-10,Irao,Iveria Khashuri,16507,27370,PENDIENTE,,,Doble Oportunidad,1X,0.918
16507_27370_2026-09-10,2026-09-10,Irao,Iveria Khashuri,16507,27370,PENDIENTE,,,Goles,+1.5 Goles,0.831
13865_18973_2026-09-10,2026-09-10,Dinamo Tbilisi II,Gonio,13865,18973,PENDIENTE,,,Doble Oportunidad,1X,0.806
13865_18973_2026-09-10,2026-09-10,Dinamo Tbilisi II,Gonio,13865,18973,PENDIENTE,,,Goles,+1.5 Goles,0.874
3681_16400_2026-09-10,2026-09-10,Viettel,Công An Nhân Dân,3681,16400,RESUELTO,0-1,1.0,Doble Oportunidad,X2,0.824
5500_22788_2026-09-10,2026-09-10,Zaqatala,Baku Sportinq,5500,22788,RESUELTO,3-0,1.0,Goles,+1.5 Goles,0.809
6494_572_2026-09-10,2026-09-10,Nyva Vinnytsya,Dynamo Kyiv,6494,572,RESUELTO,0-1,0.0,Goles,+1.5 Goles,0.803
27414_16569_2026-09-10,2026-09-10,Fredrikstad FK U19,Åsane U19,27414,16569,PENDIENTE,,,Goles,+1.5 Goles,0.939
27414_16569_2026-09-10,2026-09-10,Fredrikstad FK U19,Åsane U19,27414,16569,PENDIENTE,,,Goles,+2.5 Goles,0.806
12461_12466_2026-09-10,2026-09-10,Police,UPDF,12461,12466,RESUELTO,0-0,1.0,Doble Oportunidad,1X,0.846
12461_12466_2026-09-10,2026-09-10,Police,UPDF,12461,12466,RESUELTO,0-0,1.0,Goles,-3.5 Goles,0.912
23206_19082_2026-09-10,2026-09-10,Korea DPR U20 W,Costa Rica U20 W,23206,19082,RESUELTO,4-0,1.0,Doble Oportunidad,1X,0.925
19078_28366_2026-09-10,2026-09-10,Spain U20 W,New Caledonia U20 W,19078,28366,RESUELTO,11-0,1.0,Ganador Directo,Gana Spain U20 W,0.853
19078_28366_2026-09-10,2026-09-10,Spain U20 W,New Caledonia U20 W,19078,28366,RESUELTO,11-0,1.0,Doble Oportunidad,1X,0.978
23459_23462_2026-09-10,2026-09-10,Chile U20 W,Uruguay U20 W,23459,23462,RESUELTO,2-1,1.0,Ganador Directo,Gana Chile U20 W,0.95
23459_23462_2026-09-10,2026-09-10,Chile U20 W,Uruguay U20 W,23459,23462,RESUELTO,2-1,1.0,Doble Oportunidad,1X,1.0
23459_23462_2026-09-10,2026-09-10,Chile U20 W,Uruguay U20 W,23459,23462,RESUELTO,2-1,1.0,Goles,+1.5 Goles,0.8
23459_23462_2026-09-10,2026-09-10,Chile U20 W,Uruguay U20 W,23459,23462,RESUELTO,2-1,0.0,Ambos Anotan,No,1.0
2617_18022_2026-09-10,2026-09-10,AL Nasr SC,Dayrout,2617,18022,RESUELTO,2-0,1.0,Mega-Misil SGBB,1X_U45,0.925
2617_18022_2026-09-10,2026-09-10,AL Nasr SC,Dayrout,2617,18022,RESUELTO,2-0,1.0,Ganador Directo,Gana AL Nasr SC,0.784
2617_18022_2026-09-10,2026-09-10,AL Nasr SC,Dayrout,2617,18022,RESUELTO,2-0,1.0,Doble Oportunidad,1X,0.977
2617_18022_2026-09-10,2026-09-10,AL Nasr SC,Dayrout,2617,18022,RESUELTO,2-0,1.0,Goles,-3.5 Goles,0.857
2617_18022_2026-09-10,2026-09-10,AL Nasr SC,Dayrout,2617,18022,RESUELTO,2-0,1.0,Ambos Anotan,No,0.863
20458_1032_2026-09-10,2026-09-10,Kahraba Ismailia,El Dakhleya,20458,1032,RESUELTO,3-0,1.0,Mega-Misil SGBB,1X_U35,0.873
20458_1032_2026-09-10,2026-09-10,Kahraba Ismailia,El Dakhleya,20458,1032,RESUELTO,3-0,1.0,Mega-Misil SGBB,1X_U45,0.907
20458_1032_2026-09-10,2026-09-10,Kahraba Ismailia,El Dakhleya,20458,1032,RESUELTO,3-0,1.0,Doble Oportunidad,1X,0.918
20458_1032_2026-09-10,2026-09-10,Kahraba Ismailia,El Dakhleya,20458,1032,RESUELTO,3-0,1.0,Goles,-3.5 Goles,0.954
20458_1032_2026-09-10,2026-09-10,Kahraba Ismailia,El Dakhleya,20458,1032,RESUELTO,3-0,1.0,Ambos Anotan,No,0.834
25468_18031_2026-09-10,2026-09-10,Masar,El Seka El Hadid,25468,18031,RESUELTO,3-1,1.0,Doble Oportunidad,1X,0.879
25468_18031_2026-09-10,2026-09-10,Masar,El Seka El Hadid,25468,18031,RESUELTO,3-1,1.0,Goles,+1.5 Goles,0.808
15736_18036_2026-09-10,2026-09-10,Pharco,Baladiyyat Al Mehalla,15736,18036,RESUELTO,2-1,1.0,Mega-Misil SGBB,1X_U45,0.869
15736_18036_2026-09-10,2026-09-10,Pharco,Baladiyyat Al Mehalla,15736,18036,RESUELTO,2-1,1.0,Doble Oportunidad,1X,0.902
15736_18036_2026-09-10,2026-09-10,Pharco,Baladiyyat Al Mehalla,15736,18036,RESUELTO,2-1,1.0,Goles,-3.5 Goles,0.894
28011_1576_2026-09-10,2026-09-10,Mega Sport,Haras El Hodood,28011,1576,RESUELTO,1-2,1.0,Doble Oportunidad,X2,0.826
28011_1576_2026-09-10,2026-09-10,Mega Sport,Haras El Hodood,28011,1576,RESUELTO,1-2,1.0,Goles,-3.5 Goles,0.966
15960_5335_2026-09-10,2026-09-10,Ibri,Saham,15960,5335,RESUELTO,1-2,0.0,Doble Oportunidad,1X,0.864
2871_10155_2026-09-10,2026-09-10,Al-Jazira,Al Nasr,2871,10155,RESUELTO,1-1,1.0,Goles,+1.5 Goles,0.838
22321_2870_2026-09-10,2026-09-10,Dubai United,Shabab Al Ahli Dubai,22321,2870,RESUELTO,1-1,1.0,Goles,+1.5 Goles,0.931
4209_4212_2026-09-10,2026-09-10,Andijan,Kokand-1912,4209,4212,RESUELTO,2-1,1.0,Goles,-3.5 Goles,0.885
4224_4221_2026-09-10,2026-09-10,Dinamo Samarqand,Qizilqum,4224,4221,RESUELTO,1-0,0.0,Goles,+1.5 Goles,0.855
2916_2900_2026-09-10,2026-09-10,Al Shamal,Al Wakrah,2916,2900,RESUELTO,1-1,1.0,Mega-Misil SGBB,1X_O15,0.853
2916_2900_2026-09-10,2026-09-10,Al Shamal,Al Wakrah,2916,2900,RESUELTO,1-1,0.0,Ganador Directo,Gana Al Shamal,0.753
2916_2900_2026-09-10,2026-09-10,Al Shamal,Al Wakrah,2916,2900,RESUELTO,1-1,1.0,Doble Oportunidad,1X,0.893
2916_2900_2026-09-10,2026-09-10,Al Shamal,Al Wakrah,2916,2900,RESUELTO,1-1,1.0,Goles,+1.5 Goles,0.954
2916_2900_2026-09-10,2026-09-10,Al Shamal,Al Wakrah,2916,2900,RESUELTO,1-1,0.0,Goles,+2.5 Goles,0.848
14287_3527_2026-09-10,2026-09-10,FC Tallinn,Maardu,14287,3527,PENDIENTE,,,Doble Oportunidad,X2,0.806
13826_3518_2026-09-10,2026-09-10,Nõmme Kalju II,Flora II,13826,3518,RESUELTO,1-5,1.0,Goles,+1.5 Goles,0.901
25755_3529_2026-09-10,2026-09-10,Nõmme United II,Tallinna Kalev,25755,3529,RESUELTO,2-1,1.0,Goles,+1.5 Goles,0.816
4920_4915_2026-09-10,2026-09-10,Interclube,Académica do Lobito,4920,4915,RESUELTO,2-0,1.0,Doble Oportunidad,1X,0.913
13152_16962_2026-09-10,2026-09-10,Legion,Tartu Kalev,13152,16962,RESUELTO,1-2,1.0,Goles,+1.5 Goles,0.955
13152_16962_2026-09-10,2026-09-10,Legion,Tartu Kalev,13152,16962,RESUELTO,1-2,1.0,Goles,+2.5 Goles,0.847
955_1123_2026-09-10,2026-09-10,Asteras Tripolis,Aris Thessalonikis,955,1123,RESUELTO,1-1,1.0,Goles,+1.5 Goles,0.855
2262_13847_2026-09-10,2026-09-10,Dinamo Tbilisi,Meshakhte,2262,13847,RESUELTO,0-0,0.0,Goles,+1.5 Goles,0.809
16381_4223_2026-09-10,2026-09-10,Xorazm,Sogdiana,16381,4223,RESUELTO,0-0,0.0,Goles,+1.5 Goles,0.833
25403_24237_2026-09-10,2026-09-10,Parnu JK Vaprus U21,Johvi Phoenix,25403,24237,RESUELTO,2-3,0.0,Mega-Misil SGBB,1X_O15,0.904
25403_24237_2026-09-10,2026-09-10,Parnu JK Vaprus U21,Johvi Phoenix,25403,24237,RESUELTO,2-3,0.0,Ganador Directo,Gana Parnu JK Vaprus U21,0.83
25403_24237_2026-09-10,2026-09-10,Parnu JK Vaprus U21,Johvi Phoenix,25403,24237,RESUELTO,2-3,0.0,Doble Oportunidad,1X,0.933
25403_24237_2026-09-10,2026-09-10,Parnu JK Vaprus U21,Johvi Phoenix,25403,24237,RESUELTO,2-3,1.0,Goles,+1.5 Goles,0.968
25403_24237_2026-09-10,2026-09-10,Parnu JK Vaprus U21,Johvi Phoenix,25403,24237,RESUELTO,2-3,1.0,Goles,+2.5 Goles,0.886
24438_6383_2026-09-10,2026-09-10,Foresters,Wiliete,24438,6383,RESUELTO,0-1,1.0,Doble Oportunidad,X2,0.925
2733_2741_2026-09-10,2026-09-10,Esteghlal FC,Paykan,2733,2741,RESUELTO,1-0,1.0,Doble Oportunidad,1X,0.848
2733_2741_2026-09-10,2026-09-10,Esteghlal FC,Paykan,2733,2741,RESUELTO,1-0,1.0,Goles,-3.5 Goles,0.855
2739_2737_2026-09-10,2026-09-10,Esteghlal Khuzestan,Tractor Sazi,2739,2737,RESUELTO,1-0,0.0,Mega-Misil SGBB,X2_U35,0.853
2739_2737_2026-09-10,2026-09-10,Esteghlal Khuzestan,Tractor Sazi,2739,2737,RESUELTO,1-0,0.0,Mega-Misil SGBB,X2_U45,0.903
2739_2737_2026-09-10,2026-09-10,Esteghlal Khuzestan,Tractor Sazi,2739,2737,RESUELTO,1-0,0.0,Doble Oportunidad,X2,0.924
2739_2737_2026-09-10,2026-09-10,Esteghlal Khuzestan,Tractor Sazi,2739,2737,RESUELTO,1-0,1.0,Goles,-3.5 Goles,0.927
2739_2737_2026-09-10,2026-09-10,Esteghlal Khuzestan,Tractor Sazi,2739,2737,RESUELTO,1-0,1.0,Ambos Anotan,No,0.802
18159_2714_2026-09-10,2026-09-10,Shams Azar Qazvin,Gol Gohar,18159,2714,RESUELTO,2-3,0.0,Goles,-3.5 Goles,0.946
4143_4144_2026-09-10,2026-09-10,Super Nova,Tukums,4143,4144,RESUELTO,1-0,1.0,Doble Oportunidad,1X,0.861
3517_3524_2026-09-10,2026-09-10,FCI Levadia II,Tartu Welco,3517,3524,RESUELTO,0-0,0.0,Goles,+1.5 Goles,0.972
3517_3524_2026-09-10,2026-09-10,FCI Levadia II,Tartu Welco,3517,3524,RESUELTO,0-0,0.0,Goles,+2.5 Goles,0.893
3517_3524_2026-09-10,2026-09-10,FCI Levadia II,Tartu Welco,3517,3524,RESUELTO,0-0,0.0,Ambos Anotan,Sí,0.859
10168_3531_2026-09-10,2026-09-10,Luunja,Tulevik,10168,3531,RESUELTO,3-2,1.0,Goles,+1.5 Goles,0.942
10168_3531_2026-09-10,2026-09-10,Luunja,Tulevik,10168,3531,RESUELTO,3-2,1.0,Goles,+2.5 Goles,0.813
4497_6194_2026-09-10,2026-09-10,Hapoel Kfar Saba,Maccabi Kiryat Gat,4497,6194,RESUELTO,2-0,0.0,Doble Oportunidad,X2,0.892
4497_6194_2026-09-10,2026-09-10,Hapoel Kfar Saba,Maccabi Kiryat Gat,4497,6194,RESUELTO,2-0,1.0,Goles,+1.5 Goles,0.862
6160_4494_2026-09-10,2026-09-10,Hapoel Kfar Shalem,Maccabi Ahi Nazareth,6160,4494,RESUELTO,3-3,1.0,Goles,+1.5 Goles,0.833
4491_20105_2026-09-10,2026-09-10,Hapoel Rishon LeZion,Kiryat Yam SC,4491,20105,RESUELTO,4-2,1.0,Goles,+1.5 Goles,0.909
6179_4508_2026-09-10,2026-09-10,Ironi Modi'in,Bnei Yehuda,6179,4508,RESUELTO,2-4,1.0,Doble Oportunidad,X2,0.905
6186_4483_2026-09-10,2026-09-10,Maccabi Bnei Raina,Hapoel Afula,6186,4483,RESUELTO,4-2,0.0,Doble Oportunidad,X2,0.847
6192_4509_2026-09-10,2026-09-10,Maccabi Kabilio Jaffa,Hapoel Ra'anana,6192,4509,RESUELTO,1-3,1.0,Doble Oportunidad,X2,0.812
6192_4509_2026-09-10,2026-09-10,Maccabi Kabilio Jaffa,Hapoel Ra'anana,6192,4509,RESUELTO,1-3,1.0,Goles,+1.5 Goles,0.949
6192_4509_2026-09-10,2026-09-10,Maccabi Kabilio Jaffa,Hapoel Ra'anana,6192,4509,RESUELTO,1-3,1.0,Goles,+2.5 Goles,0.831
5482_17666_2026-09-10,2026-09-10,Al Riffa,Khalidiya,5482,17666,RESUELTO,0-0,0.0,Goles,+1.5 Goles,0.975
5482_17666_2026-09-10,2026-09-10,Al Riffa,Khalidiya,5482,17666,RESUELTO,0-0,0.0,Goles,+2.5 Goles,0.902
5482_17666_2026-09-10,2026-09-10,Al Riffa,Khalidiya,5482,17666,RESUELTO,0-0,0.0,Ambos Anotan,Sí,0.861
15962_7506_2026-09-10,2026-09-10,Smail,Fanja,15962,7506,RESUELTO,0-0,1.0,Goles,-3.5 Goles,0.854
11566_397_2026-09-10,2026-09-10,Sundby,FC Midtjylland,11566,397,RESUELTO,0-7,1.0,Goles,+1.5 Goles,0.812
4533_4539_2026-09-10,2026-09-10,Al Jazeera,Shabab Al Ordon,4533,4539,RESUELTO,1-1,1.0,Doble Oportunidad,1X,0.873
4533_4539_2026-09-10,2026-09-10,Al Jazeera,Shabab Al Ordon,4533,4539,RESUELTO,1-1,1.0,Goles,+1.5 Goles,0.807
23209_19090_2026-09-10,2026-09-10,China PR U20 W,Nigeria U20 W,23209,19090,RESUELTO,0-0,0.0,Ganador Directo,Gana China PR U20 W,0.853
23209_19090_2026-09-10,2026-09-10,China PR U20 W,Nigeria U20 W,23209,19090,RESUELTO,0-0,1.0,Doble Oportunidad,1X,0.978
19081_28368_2026-09-10,2026-09-10,Colombia U20 W,Portugal U20 W,19081,28368,RESUELTO,0-0,1.0,Doble Oportunidad,1X,0.925
2898_2895_2026-09-10,2026-09-10,Al-Sailiya,Al Sadd,2898,2895,RESUELTO,3-6,1.0,Doble Oportunidad,X2,0.906
2898_2895_2026-09-10,2026-09-10,Al-Sailiya,Al Sadd,2898,2895,RESUELTO,3-6,1.0,Goles,+1.5 Goles,0.906
2865_2872_2026-09-10,2026-09-10,Al Ain,Al-Wasl FC,2865,2872,RESUELTO,2-2,1.0,Goles,+1.5 Goles,0.845
1998_3985_2026-09-10,2026-09-10,Shinnik Yaroslavl,Torpedo Moskva,1998,3985,RESUELTO,2-0,0.0,Doble Oportunidad,X2,0.821
1998_3985_2026-09-10,2026-09-10,Shinnik Yaroslavl,Torpedo Moskva,1998,3985,RESUELTO,2-0,1.0,Goles,+1.5 Goles,0.807
611_497_2026-09-10,2026-09-10,Fenerbahçe,AS Roma,611,497,RESUELTO,1-1,1.0,Goles,+1.5 Goles,0.878
197_550_2026-09-10,2026-09-10,PSV Eindhoven,Shakhtar Donetsk,197,550,RESUELTO,1-1,1.0,Goles,+1.5 Goles,0.881
812_2174_2026-09-10,2026-09-10,Falkenbergs FF,Osters IF,812,2174,RESUELTO,2-1,1.0,Goles,+1.5 Goles,0.859
376_2175_2026-09-10,2026-09-10,Ostersunds FK,IK brage,376,2175,RESUELTO,1-1,1.0,Doble Oportunidad,1X,0.869
2171_378_2026-09-10,2026-09-10,Varbergs BoIS FC,IFK Norrkoping,2171,378,RESUELTO,0-2,1.0,Goles,+1.5 Goles,0.881
14866_14863_2026-09-10,2026-09-10,Varketili,FC Iberia 1999 II,14866,14863,PENDIENTE,,,Doble Oportunidad,1X,0.917
14866_14863_2026-09-10,2026-09-10,Varketili,FC Iberia 1999 II,14866,14863,PENDIENTE,,,Goles,+1.5 Goles,0.85
6672_364_2026-09-10,2026-09-10,Haninge,Djurgardens IF,6672,364,RESUELTO,1-7,1.0,Goles,+1.5 Goles,0.815
2657_598_2026-09-10,2026-09-10,Radnik Surdulica,FK Crvena Zvezda,2657,598,RESUELTO,0-0,0.0,Goles,+1.5 Goles,0.869
1636_12874_2026-09-10,2026-09-10,BFC Dynamo,Tasmania Berlin,1636,12874,RESUELTO,3-1,1.0,Doble Oportunidad,1X,0.869
6210_22334_2026-09-10,2026-09-10,Tira,Hapoel Ironi Arraba,6210,22334,RESUELTO,4-0,1.0,Doble Oportunidad,1X,0.818
6210_22334_2026-09-10,2026-09-10,Tira,Hapoel Ironi Arraba,6210,22334,RESUELTO,4-0,0.0,Goles,-3.5 Goles,0.907
20706_6197_2026-09-10,2026-09-10,Tzeirei Umm al-Fahm,Maccabi Neve Sha'anan,20706,6197,RESUELTO,1-1,1.0,Goles,-3.5 Goles,0.966
6134_6155_2026-09-10,2026-09-10,Beitar Nahariya,Hapoel Ihud Bnei Jatt,6134,6155,RESUELTO,2-0,1.0,Doble Oportunidad,1X,0.819
14393_15576_2026-09-10,2026-09-10,Dukagjini,Malisheva,14393,15576,RESUELTO,2-0,0.0,Ganador Directo,Gana Malisheva,0.761
14393_15576_2026-09-10,2026-09-10,Dukagjini,Malisheva,14393,15576,RESUELTO,2-0,0.0,Doble Oportunidad,X2,0.918
14393_15576_2026-09-10,2026-09-10,Dukagjini,Malisheva,14393,15576,RESUELTO,2-0,1.0,Goles,+1.5 Goles,0.89
12578_2169_2026-09-10,2026-09-10,Enköping,Assyriska FF,12578,2169,RESUELTO,2-1,0.0,Doble Oportunidad,X2,0.899
24884_27718_2026-09-10,2026-09-10,Al Nassr W,Neom SC W,24884,27718,RESUELTO,3-0,1.0,Mega-Misil SGBB,1X_O15,0.913
24884_27718_2026-09-10,2026-09-10,Al Nassr W,Neom SC W,24884,27718,RESUELTO,3-0,1.0,Ganador Directo,Gana Al Nassr W,0.865
24884_27718_2026-09-10,2026-09-10,Al Nassr W,Neom SC W,24884,27718,RESUELTO,3-0,1.0,Doble Oportunidad,1X,0.956
24884_27718_2026-09-10,2026-09-10,Al Nassr W,Neom SC W,24884,27718,RESUELTO,3-0,1.0,Goles,+1.5 Goles,0.954
24884_27718_2026-09-10,2026-09-10,Al Nassr W,Neom SC W,24884,27718,RESUELTO,3-0,1.0,Goles,+2.5 Goles,0.849
24480_24475_2026-09-10,2026-09-10,Fortaleza U17,Corinthians U17,24480,24475,RESUELTO,2-2,1.0,Goles,+1.5 Goles,0.857
3744_3751_2026-09-10,2026-09-10,Bokelj,Otrant-Olympic,3744,3751,RESUELTO,2-1,0.0,Doble Oportunidad,X2,0.839
3744_3751_2026-09-10,2026-09-10,Bokelj,Otrant-Olympic,3744,3751,RESUELTO,2-1,1.0,Goles,-3.5 Goles,0.865
6618_16316_2026-09-10,2026-09-10,Bulle,Amical Saint-Prex,6618,16316,RESUELTO,3-1,1.0,Goles,+1.5 Goles,0.898
22937_18690_2026-09-10,2026-09-10,Deportivo Riestra Res.,Lanús Res.,22937,18690,RESUELTO,4-1,1.0,Goles,+1.5 Goles,0.825
18696_18687_2026-09-10,2026-09-10,Rosario Central Res.,Godoy Cruz Res.,18696,18687,RESUELTO,0-3,0.0,Doble Oportunidad,1X,0.828
15321_9851_2026-09-10,2026-09-10,Cantolagua,Huarte,15321,9851,RESUELTO,2-1,0.0,Doble Oportunidad,X2,0.919
13055_13001_2026-09-10,2026-09-10,Santos U20,Cuiabá U20,13055,13001,RESUELTO,1-1,0.0,Ganador Directo,Gana Santos U20,0.774
13055_13001_2026-09-10,2026-09-10,Santos U20,Cuiabá U20,13055,13001,RESUELTO,1-1,1.0,Doble Oportunidad,1X,0.931
13055_13001_2026-09-10,2026-09-10,Santos U20,Cuiabá U20,13055,13001,RESUELTO,1-1,1.0,Goles,+1.5 Goles,0.866
617_5050_2026-09-10,2026-09-10,Panathinaikos,Kifisia,617,5050,RESUELTO,3-1,1.0,Goles,+1.5 Goles,0.849
1368_1359_2026-09-10,2026-09-10,Stevenage,Luton,1368,1359,RESUELTO,2-1,1.0,Goles,+1.5 Goles,0.905
2052_2057_2026-09-10,2026-09-10,Cariari Pococi,Santa Ana,2052,2057,PENDIENTE,,,Goles,+1.5 Goles,0.905
2362_2367_2026-09-10,2026-09-10,Cerro,Cerrito,2362,2367,RESUELTO,0-2,0.0,Doble Oportunidad,1X,0.807
157_327_2026-09-10,2026-09-10,Bayern München,Bodo/Glimt,157,327,RESUELTO,5-0,1.0,Goles,+1.5 Goles,0.909
895_173_2026-09-10,2026-09-10,Como,RB Leipzig,895,173,RESUELTO,4-1,1.0,Goles,+1.5 Goles,0.863
33_13976_2026-09-10,2026-09-10,Manchester United,Sabah FA,33,13976,RESUELTO,4-0,1.0,Goles,+1.5 Goles,0.931
560_116_2026-09-10,2026-09-10,Slavia Praha,Lens,560,116,RESUELTO,2-3,0.0,Doble Oportunidad,1X,0.852
560_116_2026-09-10,2026-09-10,Slavia Praha,Lens,560,116,RESUELTO,2-3,1.0,Goles,+1.5 Goles,0.814
20786_17183_2026-09-10,2026-09-10,Sportivo Carapeguá,Benjamín Aceval,20786,17183,RESUELTO,2-0,1.0,Goles,+1.5 Goles,0.847
18816_3997_2026-09-10,2026-09-10,The Town,Ventura County,18816,3997,RESUELTO,1-3,1.0,Goles,+1.5 Goles,0.845
910_20699_2026-09-10,2026-09-10,USM Alger,JS El Biar,910,20699,RESUELTO,2-0,1.0,Doble Oportunidad,1X,0.818
910_20699_2026-09-10,2026-09-10,USM Alger,JS El Biar,910,20699,RESUELTO,2-0,1.0,Goles,-3.5 Goles,0.907
27663_1157_2026-09-10,2026-09-10,Astillero FC (Ecu),Universidad Catolica,27663,1157,RESUELTO,0-1,0.0,Doble Oportunidad,1X,0.855
27663_1157_2026-09-10,2026-09-10,Astillero FC (Ecu),Universidad Catolica,27663,1157,RESUELTO,0-1,1.0,Goles,-3.5 Goles,0.868
23310_27548_2026-09-10,2026-09-10,San Antonio,Atletico FC,23310,27548,RESUELTO,0-3,1.0,Goles,-3.5 Goles,0.953
16476_1986_2026-09-10,2026-09-10,Cumbayá,Gualaceo SC,16476,1986,RESUELTO,0-1,1.0,Doble Oportunidad,X2,0.822
12973_28376_2026-09-10,2026-09-10,São Paulo U20,Gremio Santo Antonio U20,12973,28376,RESUELTO,13-1,1.0,Doble Oportunidad,1X,0.85
12973_28376_2026-09-10,2026-09-10,São Paulo U20,Gremio Santo Antonio U20,12973,28376,RESUELTO,13-1,0.0,Goles,-3.5 Goles,0.858
17135_4641_2026-09-10,2026-09-10,H&H Export,Diriangén,17135,4641,RESUELTO,0-1,1.0,Doble Oportunidad,X2,0.895
17135_4641_2026-09-10,2026-09-10,H&H Export,Diriangén,17135,4641,RESUELTO,0-1,0.0,Goles,+1.5 Goles,0.87
18915_8381_2026-09-10,2026-09-10,Mercedes,Deportivo Español,18915,8381,RESUELTO,1-1,1.0,Mega-Misil SGBB,X2_U45,0.873
18915_8381_2026-09-10,2026-09-10,Mercedes,Deportivo Español,18915,8381,RESUELTO,1-1,1.0,Doble Oportunidad,X2,0.896
18915_8381_2026-09-10,2026-09-10,Mercedes,Deportivo Español,18915,8381,RESUELTO,1-1,1.0,Goles,-3.5 Goles,0.918
1469_1145_2026-09-10,2026-09-10,Orsomarso,Tigres FC,1469,1145,RESUELTO,0-2,1.0,Goles,-3.5 Goles,0.905
23154_10474_2026-09-10,2026-09-10,12 de Junio VH,Atlético Tembetary,23154,10474,RESUELTO,1-1,1.0,Goles,+1.5 Goles,0.891
12959_25442_2026-09-10,2026-09-10,Galvez U20,Santa Cruz AC U20,12959,25442,RESUELTO,0-5,1.0,Doble Oportunidad,X2,0.814
7865_148_2026-09-10,2026-09-10,São Bernardo,Londrina,7865,148,RESUELTO,1-2,1.0,Goles,-3.5 Goles,0.86
142_151_2026-09-10,2026-09-10,Vila Nova,Goias,142,151,RESUELTO,2-0,1.0,Doble Oportunidad,1X,0.844
123_139_2026-09-10,2026-09-10,Sport Recife,Ponte Preta,123,139,RESUELTO,2-0,1.0,Ganador Directo,Gana Sport Recife,0.761
123_139_2026-09-10,2026-09-10,Sport Recife,Ponte Preta,123,139,RESUELTO,2-0,1.0,Doble Oportunidad,1X,0.93
123_139_2026-09-10,2026-09-10,Sport Recife,Ponte Preta,123,139,RESUELTO,2-0,1.0,Goles,+1.5 Goles,0.838
15708_3700_2026-09-10,2026-09-10,Real Tomayapo,Always Ready,15708,3700,RESUELTO,2-0,1.0,Goles,+1.5 Goles,0.803
3702_15702_2026-09-10,2026-09-10,Bolívar,Independiente Petrolero,3702,15702,RESUELTO,1-1,1.0,Doble Oportunidad,1X,0.904
3702_15702_2026-09-10,2026-09-10,Bolívar,Independiente Petrolero,3702,15702,RESUELTO,1-1,1.0,Goles,+1.5 Goles,0.912
25899_25896_2026-09-10,2026-09-10,Montreal Roses W,AFC Toronto W,25899,25896,RESUELTO,2-2,1.0,Doble Oportunidad,X2,0.831
2812_2815_2026-09-10,2026-09-10,Deportivo Lara,Trujillanos FC,2812,2815,RESUELTO,2-1,1.0,Doble Oportunidad,1X,0.853
25556_8004_2026-09-10,2026-09-10,Salcedo,Cibao,25556,8004,RESUELTO,1-1,1.0,Goles,+1.5 Goles,0.847
3664_3656_2026-09-10,2026-09-10,Malacateco,Antigua GFC,3664,3656,RESUELTO,0-2,1.0,Goles,+1.5 Goles,0.833
3667_3657_2026-09-10,2026-09-10,Xelajú,Cobán Imperial,3667,3657,RESUELTO,0-0,1.0,Doble Oportunidad,1X,0.862
3667_3657_2026-09-10,2026-09-10,Xelajú,Cobán Imperial,3667,3657,RESUELTO,0-0,0.0,Goles,+1.5 Goles,0.857
4644_4645_2026-09-10,2026-09-10,Managua,Real Estelí,4644,4645,RESUELTO,1-1,1.0,Goles,+1.5 Goles,0.912
1125_1127_2026-09-10,2026-09-10,Millonarios,Deportivo Cali,1125,1127,RESUELTO,1-1,1.0,Doble Oportunidad,1X,0.853
2300_15941_2026-09-10,2026-09-10,Alebrijes de Oaxaca,Durango,2300,15941,RESUELTO,1-0,1.0,Goles,-3.5 Goles,0.9
1050_822_2026-09-10,2026-09-10,CD Marathon,LD Alajuelense,1050,822,RESUELTO,2-2,1.0,Doble Oportunidad,1X,0.838
26645_4241_2026-09-11,2026-09-11,Garudayaksa,Persik Kediri,26645,4241,RESUELTO,0-2,1.0,Goles,-3.5 Goles,0.866
7973_28243_2026-09-11,2026-09-11,Beşiktaş U19,Erzurumspor U19,7973,28243,RESUELTO,4-1,1.0,Doble Oportunidad,1X,0.836
12855_14747_2026-09-11,2026-09-11,Slovan Liberec II,Pardubice II,12855,14747,RESUELTO,2-2,0.0,Ganador Directo,Gana Pardubice II,0.759
12855_14747_2026-09-11,2026-09-11,Slovan Liberec II,Pardubice II,12855,14747,RESUELTO,2-2,1.0,Doble Oportunidad,X2,0.93
12855_14747_2026-09-11,2026-09-11,Slovan Liberec II,Pardubice II,12855,14747,RESUELTO,2-2,1.0,Goles,+1.5 Goles,0.834
14839_14830_2026-09-11,2026-09-11,Zbrojovka Brno U19,Baník Ostrava U19,14839,14830,RESUELTO,5-0,1.0,Goles,+1.5 Goles,0.942
14839_14830_2026-09-11,2026-09-11,Zbrojovka Brno U19,Baník Ostrava U19,14839,14830,RESUELTO,5-0,1.0,Goles,+2.5 Goles,0.813
27463_28391_2026-09-11,2026-09-11,Prospect United,Parramatta Eagles,27463,28391,RESUELTO,2-1,1.0,Goles,+1.5 Goles,0.824
4222_23394_2026-09-11,2026-09-11,Shortan,Qiziriq,4222,23394,PENDIENTE,,,Doble Oportunidad,1X,0.885
21159_27586_2026-09-11,2026-09-11,Jayxun,Pakhtakor II,21159,27586,PENDIENTE,,,Doble Oportunidad,1X,0.851
27587_25763_2026-09-11,2026-09-11,Respublika FA,FarDu,27587,25763,PENDIENTE,,,Doble Oportunidad,X2,0.831
27587_25763_2026-09-11,2026-09-11,Respublika FA,FarDu,27587,25763,PENDIENTE,,,Goles,-3.5 Goles,0.852
21957_14433_2026-09-11,2026-09-11,UCSA,Chernihiv,21957,14433,RESUELTO,3-2,0.0,Doble Oportunidad,X2,0.803
27696_27697_2026-09-11,2026-09-11,Essendon Royals SC,Keilor Park,27696,27697,RESUELTO,2-2,1.0,Doble Oportunidad,X2,0.8
27696_27697_2026-09-11,2026-09-11,Essendon Royals SC,Keilor Park,27696,27697,RESUELTO,2-2,1.0,Goles,+1.5 Goles,0.914
16788_16781_2026-09-11,2026-09-11,Northcote City,Bulleen Lions,16788,16781,RESUELTO,3-2,0.0,Doble Oportunidad,X2,0.838
3808_3811_2026-09-11,2026-09-11,Oakleigh Cannons,South Melbourne,3808,3811,RESUELTO,2-1,1.0,Goles,+1.5 Goles,0.817
8241_3463_2026-09-11,2026-09-11,United,East Bengal,8241,3463,PENDIENTE,,,Goles,+1.5 Goles,0.864
15585_15749_2026-09-11,2026-09-11,Mohammedan,Bhawanipore,15585,15749,RESUELTO,2-0,0.0,Doble Oportunidad,X2,0.819
27473_27237_2026-09-11,2026-09-11,Almaz Antey U19,Rodina Moscow U19,27473,27237,RESUELTO,3-2,1.0,Goles,+1.5 Goles,0.959
27473_27237_2026-09-11,2026-09-11,Almaz Antey U19,Rodina Moscow U19,27473,27237,RESUELTO,3-2,1.0,Goles,+2.5 Goles,0.857
27473_27237_2026-09-11,2026-09-11,Almaz Antey U19,Rodina Moscow U19,27473,27237,RESUELTO,3-2,1.0,Ambos Anotan,Sí,0.83
7910_16595_2026-09-11,2026-09-11,Lokomotiv Moskva U19,Rostov U19,7910,16595,RESUELTO,1-0,0.0,Goles,+1.5 Goles,0.853
17151_15176_2026-09-11,2026-09-11,Nizhny Novgorod U19,Chertanovo U20,17151,15176,RESUELTO,4-3,1.0,Goles,+1.5 Goles,0.824
9226_9231_2026-09-11,2026-09-11,Rubin Kazan U20,Ural U20,9226,9231,RESUELTO,0-4,1.0,Goles,+1.5 Goles,0.872
27236_7941_2026-09-11,2026-09-11,Dynamo Makhachkala U19,Zenit U19,27236,7941,RESUELTO,1-2,1.0,Goles,+1.5 Goles,0.918
7996_7985_2026-09-11,2026-09-11,Spartak Moskva U19,Krasnodar U19,7996,7985,RESUELTO,0-0,0.0,Goles,+1.5 Goles,0.893
7068_7108_2026-09-11,2026-09-11,Daejeon Korail,Ulsan Citizen,7068,7108,RESUELTO,0-1,1.0,Goles,-3.5 Goles,0.909
289_290_2026-09-11,2026-09-11,Vissel Kobe,Kashima,289,290,RESUELTO,2-1,1.0,Goles,+1.5 Goles,0.876
16255_4247_2026-09-11,2026-09-11,Sokół Kleczew,Olimpia Grudziądz,16255,4247,RESUELTO,1-1,1.0,Goles,+1.5 Goles,0.88
3627_3617_2026-09-11,2026-09-11,Kolos Kovalivka,Karpaty,3627,3617,RESUELTO,0-2,1.0,Goles,-3.5 Goles,0.903
3785_16769_2026-09-11,2026-09-11,Adelaide City,West Torrens Birkalla,3785,16769,RESUELTO,2-2,1.0,Goles,+1.5 Goles,0.883
4551_27634_2026-09-11,2026-09-11,Ekibastuz,Tobol 2,4551,27634,RESUELTO,1-5,1.0,Goles,+1.5 Goles,0.939
4551_27634_2026-09-11,2026-09-11,Ekibastuz,Tobol 2,4551,27634,RESUELTO,1-5,1.0,Goles,+2.5 Goles,0.807
27561_4566_2026-09-11,2026-09-11,Jaiyq,Shakhter Karagandy,27561,4566,RESUELTO,1-2,1.0,Doble Oportunidad,X2,0.9
27633_10414_2026-09-11,2026-09-11,Kaspij Aktau 2,Arys,27633,10414,RESUELTO,1-2,1.0,Doble Oportunidad,X2,0.823
27633_10414_2026-09-11,2026-09-11,Kaspij Aktau 2,Arys,27633,10414,RESUELTO,1-2,1.0,Goles,-3.5 Goles,0.868
4559_18805_2026-09-11,2026-09-11,Taraz,Khan Tengri,4559,18805,RESUELTO,3-3,1.0,Goles,+1.5 Goles,0.86
26178_27901_2026-09-11,2026-09-11,Widzew II,Mazovia Minsk Mazowiecki,26178,27901,RESUELTO,2-3,1.0,Goles,+1.5 Goles,0.889
26179_16238_2026-09-11,2026-09-11,Ząbkovia Ząbki,Lechia T. Mazowiecki,26179,16238,RESUELTO,4-2,1.0,Goles,+1.5 Goles,0.825
2789_6572_2026-09-11,2026-09-11,Port FC,Lamphun Warrior,2789,6572,RESUELTO,2-1,1.0,Goles,+1.5 Goles,0.897
2776_2770_2026-09-11,2026-09-11,Ratchaburi,Bangkok United,2776,2770,RESUELTO,1-0,0.0,Goles,+1.5 Goles,0.809
26601_3672_2026-09-11,2026-09-11,Bắc Ninh,Ho Chi Minh,26601,3672,RESUELTO,1-0,1.0,Doble Oportunidad,1X,0.822
26601_3672_2026-09-11,2026-09-11,Bắc Ninh,Ho Chi Minh,26601,3672,RESUELTO,1-0,0.0,Goles,+1.5 Goles,0.802
3669_3674_2026-09-11,2026-09-11,Da Nang,Nam Dinh,3669,3674,RESUELTO,3-0,0.0,Doble Oportunidad,X2,0.849
3669_3674_2026-09-11,2026-09-11,Da Nang,Nam Dinh,3669,3674,RESUELTO,3-0,1.0,Goles,+1.5 Goles,0.871
9167_3680_2026-09-11,2026-09-11,Phu Dong,Thanh Hóa,9167,3680,RESUELTO,2-1,1.0,Goles,+1.5 Goles,0.896
14094_8015_2026-09-11,2026-09-11,Ezra,Shan United,14094,8015,RESUELTO,3-2,0.0,Doble Oportunidad,X2,0.865
14094_8015_2026-09-11,2026-09-11,Ezra,Shan United,14094,8015,RESUELTO,3-2,1.0,Goles,+1.5 Goles,0.807
6286_6279_2026-09-11,2026-09-11,Van,BKMA,6286,6279,RESUELTO,2-1,0.0,Doble Oportunidad,X2,0.876
6286_6279_2026-09-11,2026-09-11,Van,BKMA,6286,6279,RESUELTO,2-1,1.0,Goles,+1.5 Goles,0.814
13309_2775_2026-09-11,2026-09-11,Esan Pattaya,Police Tero,13309,2775,RESUELTO,0-3,1.0,Goles,-3.5 Goles,0.907
4207_4467_2026-09-11,2026-09-11,Warriors,Eastern District,4207,4467,RESUELTO,2-1,1.0,Ganador Directo,Gana Warriors,0.753
4207_4467_2026-09-11,2026-09-11,Warriors,Eastern District,4207,4467,RESUELTO,2-1,1.0,Doble Oportunidad,1X,0.912
4207_4467_2026-09-11,2026-09-11,Warriors,Eastern District,4207,4467,RESUELTO,2-1,1.0,Goles,+1.5 Goles,0.9
17902_2443_2026-09-11,2026-09-11,Dewa United,Bhayangkara FC,17902,2443,RESUELTO,2-2,0.0,Goles,-3.5 Goles,0.866
2467_2460_2026-09-11,2026-09-11,GOR Mahia,Bandari,2467,2460,PENDIENTE,,,Doble Oportunidad,X2,0.853
5591_27725_2026-09-11,2026-09-11,Thimphu,Drukpa,5591,27725,RESUELTO,2-1,1.0,Doble Oportunidad,1X,0.88
5591_27725_2026-09-11,2026-09-11,Thimphu,Drukpa,5591,27725,RESUELTO,2-1,1.0,Goles,+1.5 Goles,0.875
5570_2270_2026-09-11,2026-09-11,Imisli FK,Neftchi Baku,5570,2270,RESUELTO,2-3,1.0,Doble Oportunidad,X2,0.83
5492_25273_2026-09-11,2026-09-11,MOIK,Şimal,5492,25273,RESUELTO,1-1,1.0,Goles,-3.5 Goles,0.883
2523_2502_2026-09-11,2026-09-11,Johor Darul Takzim FC,Negeri Sembilan,2523,2502,RESUELTO,3-0,1.0,Mega-Misil SGBB,1X_O15,0.933
2523_2502_2026-09-11,2026-09-11,Johor Darul Takzim FC,Negeri Sembilan,2523,2502,RESUELTO,3-0,1.0,Mega-Misil SGBB,1_O15,0.878
2523_2502_2026-09-11,2026-09-11,Johor Darul Takzim FC,Negeri Sembilan,2523,2502,RESUELTO,3-0,1.0,Ganador Directo,Gana Johor Darul Takzim FC,0.909
2523_2502_2026-09-11,2026-09-11,Johor Darul Takzim FC,Negeri Sembilan,2523,2502,RESUELTO,3-0,1.0,Doble Oportunidad,1X,0.976
2523_2502_2026-09-11,2026-09-11,Johor Darul Takzim FC,Negeri Sembilan,2523,2502,RESUELTO,3-0,1.0,Goles,+1.5 Goles,0.954
2523_2502_2026-09-11,2026-09-11,Johor Darul Takzim FC,Negeri Sembilan,2523,2502,RESUELTO,3-0,1.0,Goles,+2.5 Goles,0.852
14270_8092_2026-09-11,2026-09-11,Muzinga,Olympic Star,14270,8092,PENDIENTE,,,Mega-Misil SGBB,1X_U45,0.881
14270_8092_2026-09-11,2026-09-11,Muzinga,Olympic Star,14270,8092,PENDIENTE,,,Doble Oportunidad,1X,0.893
14270_8092_2026-09-11,2026-09-11,Muzinga,Olympic Star,14270,8092,PENDIENTE,,,Goles,-3.5 Goles,0.949
14270_8092_2026-09-11,2026-09-11,Muzinga,Olympic Star,14270,8092,PENDIENTE,,,Ambos Anotan,No,0.8
23742_24998_2026-09-11,2026-09-11,Belenense,CA Vila Rica,23742,24998,RESUELTO,8-0,0.0,Doble Oportunidad,X2,0.818
23742_24998_2026-09-11,2026-09-11,Belenense,CA Vila Rica,23742,24998,RESUELTO,8-0,1.0,Goles,+1.5 Goles,0.855
25001_23745_2026-09-11,2026-09-11,Pinheirense,Tesla,25001,23745,RESUELTO,1-1,1.0,Goles,-3.5 Goles,0.891
12455_22699_2026-09-11,2026-09-11,Mbarara City,NEC,12455,22699,RESUELTO,0-0,1.0,Mega-Misil SGBB,X2_U45,0.861
12455_22699_2026-09-11,2026-09-11,Mbarara City,NEC,12455,22699,RESUELTO,0-0,1.0,Doble Oportunidad,X2,0.922
28352_25376_2026-09-11,2026-09-11,Diepkloof W,Mamelodi Sundowns W,28352,25376,RESUELTO,0-1,1.0,Doble Oportunidad,X2,0.852
28352_25376_2026-09-11,2026-09-11,Diepkloof W,Mamelodi Sundowns W,28352,25376,RESUELTO,0-1,1.0,Goles,-3.5 Goles,0.866
27219_19079_2026-09-11,2026-09-11,England U20 W,Brazil U20 W,27219,19079,RESUELTO,1-2,1.0,Goles,+1.5 Goles,0.927
28369_19080_2026-09-11,2026-09-11,Tanzania U20 W,Canada U20 W,28369,19080,RESUELTO,0-6,1.0,Goles,+1.5 Goles,0.865
11266_3390_2026-09-11,2026-09-11,Dinamo Minsk II,Orsha,11266,3390,RESUELTO,0-0,0.0,Goles,+1.5 Goles,0.835
19693_24786_2026-09-11,2026-09-11,Luzino,Grom Nowy Staw,19693,24786,RESUELTO,5-1,1.0,Goles,+1.5 Goles,0.932
6246_1487_2026-09-11,2026-09-11,Opatija,Bsk Bijelo Brdo,6246,1487,RESUELTO,2-3,0.0,Doble Oportunidad,1X,0.805
6246_1487_2026-09-11,2026-09-11,Opatija,Bsk Bijelo Brdo,6246,1487,RESUELTO,2-3,0.0,Goles,-3.5 Goles,0.938
25467_16436_2026-09-11,2026-09-11,Maleyet Kafr El Zayiat,La Viena FC,25467,16436,RESUELTO,2-1,0.0,Mega-Misil SGBB,1X_U25,0.882
25467_16436_2026-09-11,2026-09-11,Maleyet Kafr El Zayiat,La Viena FC,25467,16436,RESUELTO,2-1,1.0,Mega-Misil SGBB,1X_U35,0.896
25467_16436_2026-09-11,2026-09-11,Maleyet Kafr El Zayiat,La Viena FC,25467,16436,RESUELTO,2-1,1.0,Mega-Misil SGBB,1X_U45,0.898
25467_16436_2026-09-11,2026-09-11,Maleyet Kafr El Zayiat,La Viena FC,25467,16436,RESUELTO,2-1,0.0,Mega-Misil SGBB,BTTS_No_U25,0.935
25467_16436_2026-09-11,2026-09-11,Maleyet Kafr El Zayiat,La Viena FC,25467,16436,RESUELTO,2-1,0.0,Mega-Misil SGBB,BTTS_No_U35,0.942
25467_16436_2026-09-11,2026-09-11,Maleyet Kafr El Zayiat,La Viena FC,25467,16436,RESUELTO,2-1,1.0,Doble Oportunidad,1X,0.899
25467_16436_2026-09-11,2026-09-11,Maleyet Kafr El Zayiat,La Viena FC,25467,16436,RESUELTO,2-1,1.0,Goles,-3.5 Goles,0.997
25467_16436_2026-09-11,2026-09-11,Maleyet Kafr El Zayiat,La Viena FC,25467,16436,RESUELTO,2-1,0.0,Ambos Anotan,No,0.942
15739_16432_2026-09-11,2026-09-11,Tersana,El Mansura,15739,16432,RESUELTO,1-1,1.0,Goles,-3.5 Goles,0.953
18032_1045_2026-09-11,2026-09-11,Itesalat,Tanta SC,18032,1045,RESUELTO,3-1,1.0,Doble Oportunidad,1X,0.808
18032_1045_2026-09-11,2026-09-11,Itesalat,Tanta SC,18032,1045,RESUELTO,3-1,0.0,Goles,-3.5 Goles,0.916
5337_7505_2026-09-11,2026-09-11,Sur,Bahla,5337,7505,RESUELTO,1-3,1.0,Goles,+1.5 Goles,0.819
2878_11384_2026-09-11,2026-09-11,Al Nasr,Al Musannah,2878,11384,PENDIENTE,,,Mega-Misil SGBB,1X_U35,0.89
2878_11384_2026-09-11,2026-09-11,Al Nasr,Al Musannah,2878,11384,PENDIENTE,,,Mega-Misil SGBB,1X_U45,0.948
2878_11384_2026-09-11,2026-09-11,Al Nasr,Al Musannah,2878,11384,PENDIENTE,,,Doble Oportunidad,1X,0.974
2878_11384_2026-09-11,2026-09-11,Al Nasr,Al Musannah,2878,11384,PENDIENTE,,,Goles,-3.5 Goles,0.916
2878_11384_2026-09-11,2026-09-11,Al Nasr,Al Musannah,2878,11384,PENDIENTE,,,Ambos Anotan,No,0.893
4912_2877_2026-09-11,2026-09-11,Khorfakkan,Baniyas SC,4912,2877,RESUELTO,0-0,0.0,Goles,+1.5 Goles,0.891
27489_27488_2026-09-11,2026-09-11,Al Nasr U23,Al Jazira U23,27489,27488,RESUELTO,3-2,0.0,Doble Oportunidad,X2,0.834
27492_27485_2026-09-11,2026-09-11,Al Wasl U23,Al Ain U23,27492,27485,RESUELTO,0-1,1.0,Doble Oportunidad,X2,0.872
27492_27485_2026-09-11,2026-09-11,Al Wasl U23,Al Ain U23,27492,27485,RESUELTO,0-1,0.0,Goles,+1.5 Goles,0.828
27497_28030_2026-09-11,2026-09-11,Shabab Al-Ahli Dubai U23,United FC U23,27497,28030,RESUELTO,2-1,1.0,Goles,+1.5 Goles,0.907
18936_661_2026-09-11,2026-09-11,Ogre United,FK Liepaja,18936,661,RESUELTO,2-2,1.0,Doble Oportunidad,X2,0.828
3695_4213_2026-09-11,2026-09-11,Lokomotiv,Mash'al,3695,4213,RESUELTO,3-0,1.0,Doble Oportunidad,1X,0.91
3695_4213_2026-09-11,2026-09-11,Lokomotiv,Mash'al,3695,4213,RESUELTO,3-0,1.0,Goles,+1.5 Goles,0.881
14131_14133_2026-09-11,2026-09-11,CSKA Moskva W,Yenisey W,14131,14133,RESUELTO,1-0,0.0,Mega-Misil SGBB,1X_O15,0.886
14131_14133_2026-09-11,2026-09-11,CSKA Moskva W,Yenisey W,14131,14133,RESUELTO,1-0,1.0,Ganador Directo,Gana CSKA Moskva W,0.909
14131_14133_2026-09-11,2026-09-11,CSKA Moskva W,Yenisey W,14131,14133,RESUELTO,1-0,1.0,Doble Oportunidad,1X,0.984
14131_14133_2026-09-11,2026-09-11,CSKA Moskva W,Yenisey W,14131,14133,RESUELTO,1-0,0.0,Goles,+1.5 Goles,0.897
19753_609_2026-09-11,2026-09-11,Aresimi,Shkendija,19753,609,RESUELTO,2-2,1.0,Doble Oportunidad,X2,0.806
19753_609_2026-09-11,2026-09-11,Aresimi,Shkendija,19753,609,RESUELTO,2-2,0.0,Goles,-3.5 Goles,0.889
4348_4346_2026-09-11,2026-09-11,Tikveš,Struga,4348,4346,RESUELTO,2-2,1.0,Doble Oportunidad,X2,0.854
4348_4346_2026-09-11,2026-09-11,Tikveš,Struga,4348,4346,RESUELTO,2-2,1.0,Goles,+1.5 Goles,0.882
10549_14075_2026-09-11,2026-09-11,Lokomotíva Košice,Snina,10549,14075,RESUELTO,0-0,1.0,Mega-Misil SGBB,1X_U45,0.873
10549_14075_2026-09-11,2026-09-11,Lokomotíva Košice,Snina,10549,14075,RESUELTO,0-0,1.0,Doble Oportunidad,1X,0.931
24956_26757_2026-09-11,2026-09-11,Oguzsport,FC National Ialoveni,24956,26757,RESUELTO,2-1,1.0,Goles,-3.5 Goles,0.889
20089_5372_2026-09-11,2026-09-11,Vulturii Cutezători,Iskra,20089,5372,RESUELTO,2-1,1.0,Goles,+1.5 Goles,0.973
20089_5372_2026-09-11,2026-09-11,Vulturii Cutezători,Iskra,20089,5372,RESUELTO,2-1,1.0,Goles,+2.5 Goles,0.897
20089_5372_2026-09-11,2026-09-11,Vulturii Cutezători,Iskra,20089,5372,RESUELTO,2-1,1.0,Ambos Anotan,Sí,0.867
26152_27498_2026-09-11,2026-09-11,Zimbru II,Univer Comrat,26152,27498,RESUELTO,1-1,1.0,Goles,+1.5 Goles,0.944
26152_27498_2026-09-11,2026-09-11,Zimbru II,Univer Comrat,26152,27498,RESUELTO,1-1,0.0,Goles,+2.5 Goles,0.819
2903_7527_2026-09-11,2026-09-11,Al-Gharafa,Lusail City,2903,7527,RESUELTO,0-0,0.0,Goles,+1.5 Goles,0.901
5468_5176_2026-09-11,2026-09-11,AS Sobemap,Enugu Rangers,5468,5176,RESUELTO,1-1,1.0,Goles,-3.5 Goles,0.868
25421_15579_2026-09-11,2026-09-11,FC Besa Peja,Ramiz Sadiku,25421,15579,RESUELTO,2-3,0.0,Goles,-3.5 Goles,0.877
14394_15572_2026-09-11,2026-09-11,Ferizaj,Istogu,14394,15572,PENDIENTE,,,Doble Oportunidad,1X,0.81
14394_15572_2026-09-11,2026-09-11,Ferizaj,Istogu,14394,15572,PENDIENTE,,,Goles,-3.5 Goles,0.888
27238_14403_2026-09-11,2026-09-11,KF Lepenci,Trepça Mitrovicë,27238,14403,RESUELTO,0-0,1.0,Doble Oportunidad,1X,0.88
15574_20689_2026-09-11,2026-09-11,Kika,Rilindja 1974,15574,20689,RESUELTO,0-3,1.0,Goles,-3.5 Goles,0.919
22817_26099_2026-09-11,2026-09-11,Suhareka,Mitrovica,22817,26099,RESUELTO,1-1,1.0,Doble Oportunidad,1X,0.875
26793_22815_2026-09-11,2026-09-11,Tefik Canga,Dinamo Ferizaj,26793,22815,RESUELTO,0-1,0.0,Goles,+1.5 Goles,0.817
3885_20690_2026-09-11,2026-09-11,Trepça'89,Vjosa,3885,20690,RESUELTO,1-1,1.0,Doble Oportunidad,1X,0.815
3885_20690_2026-09-11,2026-09-11,Trepça'89,Vjosa,3885,20690,RESUELTO,1-1,1.0,Goles,-3.5 Goles,0.95
22208_24839_2026-09-11,2026-09-11,ACS Mediaş 2022,Baicoi,22208,24839,RESUELTO,1-1,1.0,Goles,+1.5 Goles,0.838
22202_16291_2026-09-11,2026-09-11,ARO Muscelul Câmpulung,Corona Braşov,22202,16291,RESUELTO,1-3,1.0,Goles,+1.5 Goles,0.951
22202_16291_2026-09-11,2026-09-11,ARO Muscelul Câmpulung,Corona Braşov,22202,16291,RESUELTO,1-3,1.0,Goles,+2.5 Goles,0.835
22202_16291_2026-09-11,2026-09-11,ARO Muscelul Câmpulung,Corona Braşov,22202,16291,RESUELTO,1-3,1.0,Ambos Anotan,Sí,0.813
16292_26845_2026-09-11,2026-09-11,Kids Tâmpa Braşov,Inter Sibiu,16292,26845,RESUELTO,0-2,1.0,Doble Oportunidad,X2,0.896
16292_26845_2026-09-11,2026-09-11,Kids Tâmpa Braşov,Inter Sibiu,16292,26845,RESUELTO,0-2,1.0,Goles,+1.5 Goles,0.847
24379_6894_2026-09-11,2026-09-11,Urban Titu,Păuleşti,24379,6894,RESUELTO,3-0,1.0,Goles,+1.5 Goles,0.862
2582_14592_2026-09-11,2026-09-11,Dunarea Calarasi,Recolta Gheorghe Doja,2582,14592,RESUELTO,0-3,1.0,Goles,+1.5 Goles,0.952
2582_14592_2026-09-11,2026-09-11,Dunarea Calarasi,Recolta Gheorghe Doja,2582,14592,RESUELTO,0-3,1.0,Goles,+2.5 Goles,0.837
2582_14592_2026-09-11,2026-09-11,Dunarea Calarasi,Recolta Gheorghe Doja,2582,14592,RESUELTO,0-3,0.0,Ambos Anotan,Sí,0.809
6932_21430_2026-09-11,2026-09-11,Înainte Modelu,Gloria Băneasa,6932,21430,RESUELTO,1-0,0.0,Mega-Misil SGBB,1X_O15,0.862
6932_21430_2026-09-11,2026-09-11,Înainte Modelu,Gloria Băneasa,6932,21430,RESUELTO,1-0,1.0,Ganador Directo,Gana Înainte Modelu,0.852
6932_21430_2026-09-11,2026-09-11,Înainte Modelu,Gloria Băneasa,6932,21430,RESUELTO,1-0,1.0,Doble Oportunidad,1X,0.963
6932_21430_2026-09-11,2026-09-11,Înainte Modelu,Gloria Băneasa,6932,21430,RESUELTO,1-0,0.0,Goles,+1.5 Goles,0.89
26676_6847_2026-09-11,2026-09-11,FC Oţelul II,Axiopolis,26676,6847,RESUELTO,0-2,1.0,Ganador Directo,Gana Axiopolis,0.781
26676_6847_2026-09-11,2026-09-11,FC Oţelul II,Axiopolis,26676,6847,RESUELTO,0-2,1.0,Doble Oportunidad,X2,0.935
26676_6847_2026-09-11,2026-09-11,FC Oţelul II,Axiopolis,26676,6847,RESUELTO,0-2,1.0,Goles,+1.5 Goles,0.864
16287_23382_2026-09-11,2026-09-11,FCSB II,LPS HD Clinceni,16287,23382,RESUELTO,2-4,1.0,Doble Oportunidad,X2,0.811
16287_23382_2026-09-11,2026-09-11,FCSB II,LPS HD Clinceni,16287,23382,RESUELTO,2-4,1.0,Goles,+1.5 Goles,0.815
16289_16286_2026-09-11,2026-09-11,Voluntari II,Dinamo Bucureşti II,16289,16286,RESUELTO,0-1,1.0,Goles,-3.5 Goles,0.936
26204_28328_2026-09-11,2026-09-11,Academica Balș,Petrolul Hartiesti,26204,28328,RESUELTO,5-0,0.0,Goles,-3.5 Goles,0.854
6861_21684_2026-09-11,2026-09-11,Filiaşi,Vulturii Fărcăşeşti,6861,21684,RESUELTO,4-2,1.0,Goles,+1.5 Goles,0.899
6876_24842_2026-09-11,2026-09-11,Metalurgistul Cugir,Timişul Şag,6876,24842,RESUELTO,0-1,0.0,Goles,+1.5 Goles,0.818
28329_14596_2026-09-11,2026-09-11,Poli Timisoara 2,Universitatea Alba Iulia,28329,14596,RESUELTO,3-2,0.0,Doble Oportunidad,X2,0.865
28329_14596_2026-09-11,2026-09-11,Poli Timisoara 2,Universitatea Alba Iulia,28329,14596,RESUELTO,3-2,1.0,Goles,+1.5 Goles,0.891
21662_6914_2026-09-11,2026-09-11,Academica Recea,Unirea Dej,21662,6914,RESUELTO,0-3,0.0,Doble Oportunidad,1X,0.829
7490_6917_2026-09-11,2026-09-11,Sânmartin,Unirea Tășnad,7490,6917,RESUELTO,5-0,1.0,Doble Oportunidad,1X,0.903
6906_14593_2026-09-11,2026-09-11,Sănătatea Cluj,Sighetu Marmaţiei,6906,14593,RESUELTO,0-0,0.0,Goles,+1.5 Goles,0.941
6906_14593_2026-09-11,2026-09-11,Sănătatea Cluj,Sighetu Marmaţiei,6906,14593,RESUELTO,0-0,0.0,Goles,+2.5 Goles,0.81
12236_25766_2026-09-11,2026-09-11,Ilbirs,Bishkek City,12236,25766,RESUELTO,1-1,1.0,Goles,+1.5 Goles,0.825
12240_25764_2026-09-11,2026-09-11,Neftchi,Asiagoal,12240,25764,RESUELTO,3-1,1.0,Goles,+1.5 Goles,0.852
20192_6725_2026-09-11,2026-09-11,Rače,Videm,20192,6725,RESUELTO,1-2,0.0,Doble Oportunidad,1X,0.809
8582_1477_2026-09-11,2026-09-11,Uljanik,Lucko,8582,1477,RESUELTO,2-2,1.0,Goles,+1.5 Goles,0.847
21737_3362_2026-09-11,2026-09-11,FK Romanija Pale,Zvijezda 09,21737,3362,RESUELTO,2-0,1.0,Goles,+1.5 Goles,0.932
9135_9139_2026-09-11,2026-09-11,Al Arabi,Al Urooba,9135,9139,RESUELTO,1-1,1.0,Doble Oportunidad,1X,0.827
9135_9139_2026-09-11,2026-09-11,Al Arabi,Al Urooba,9135,9139,RESUELTO,1-1,1.0,Goles,+1.5 Goles,0.87
13265_17713_2026-09-11,2026-09-11,Al Jazira Al Hamra,Dubai City,13265,17713,RESUELTO,2-2,1.0,Goles,+1.5 Goles,0.826
9138_2867_2026-09-11,2026-09-11,Al Thaid,Dibba Al-Fujairah,9138,2867,RESUELTO,2-0,1.0,Goles,+1.5 Goles,0.967
9138_2867_2026-09-11,2026-09-11,Al Thaid,Dibba Al-Fujairah,9138,2867,RESUELTO,2-0,0.0,Goles,+2.5 Goles,0.879
9138_2867_2026-09-11,2026-09-11,Al Thaid,Dibba Al-Fujairah,9138,2867,RESUELTO,2-0,0.0,Ambos Anotan,Sí,0.845
19420_7311_2026-09-11,2026-09-11,Baťov,Kozlovice,19420,7311,RESUELTO,2-3,1.0,Doble Oportunidad,X2,0.904
19420_7311_2026-09-11,2026-09-11,Baťov,Kozlovice,19420,7311,RESUELTO,2-3,1.0,Goles,+1.5 Goles,0.8
10124_4135_2026-09-11,2026-09-11,Riga,Auda,10124,4135,RESUELTO,2-2,1.0,Goles,+1.5 Goles,0.832
24236_7906_2026-09-11,2026-09-11,Narva U21,Levadia U19,24236,7906,RESUELTO,1-0,0.0,Goles,+1.5 Goles,0.923
3522_16718_2026-09-11,2026-09-11,Tallinna Kalev II,JK Tabasalu,3522,16718,RESUELTO,4-1,1.0,Goles,+1.5 Goles,0.932
27557_23156_2026-09-11,2026-09-11,Transinvest 2,Hegelmann II,27557,23156,RESUELTO,4-1,1.0,Goles,+1.5 Goles,0.876
3727_3716_2026-09-11,2026-09-11,Třinec,Karviná,3727,3716,RESUELTO,3-2,0.0,Doble Oportunidad,X2,0.829
3727_3716_2026-09-11,2026-09-11,Třinec,Karviná,3727,3716,RESUELTO,3-2,1.0,Goles,+1.5 Goles,0.874
3715_3730_2026-09-11,2026-09-11,Dukla Praha,Vlašim,3715,3730,RESUELTO,3-1,1.0,Goles,+1.5 Goles,0.894
3718_8621_2026-09-11,2026-09-11,Příbram,Baník Ostrava II,3718,8621,RESUELTO,1-3,1.0,Goles,+1.5 Goles,0.891
3735_3731_2026-09-11,2026-09-11,Ústí nad Labem,Vysočina Jihlava,3735,3731,RESUELTO,1-2,1.0,Goles,+1.5 Goles,0.877
4134_10536_2026-09-11,2026-09-11,Pohronie,Liptovský Mikuláš,4134,10536,RESUELTO,2-0,1.0,Goles,+1.5 Goles,0.831
1079_6822_2026-09-11,2026-09-11,Krylia Sovetov,Rodina Moskva,1079,6822,RESUELTO,2-1,1.0,Goles,+1.5 Goles,0.831
2596_2589_2026-09-11,2026-09-11,Farul Constanta,Uta Arad,2596,2589,RESUELTO,4-2,0.0,Doble Oportunidad,X2,0.802
6230_635_2026-09-11,2026-09-11,Csikszereda,Dinamo Bucuresti,6230,635,RESUELTO,1-3,1.0,Doble Oportunidad,X2,0.832
6230_635_2026-09-11,2026-09-11,Csikszereda,Dinamo Bucuresti,6230,635,RESUELTO,1-3,1.0,Goles,+1.5 Goles,0.825
17401_21455_2026-09-11,2026-09-11,Carina Gubin,Odra Bytom Odrzański,17401,21455,RESUELTO,1-1,1.0,Mega-Misil SGBB,X2_U45,0.886
17401_21455_2026-09-11,2026-09-11,Carina Gubin,Odra Bytom Odrzański,17401,21455,RESUELTO,1-1,1.0,Doble Oportunidad,X2,0.923
17401_21455_2026-09-11,2026-09-11,Carina Gubin,Odra Bytom Odrzański,17401,21455,RESUELTO,1-1,1.0,Goles,-3.5 Goles,0.886
26437_24732_2026-09-11,2026-09-11,Parma U20,Genoa U20,26437,24732,RESUELTO,2-1,1.0,Doble Oportunidad,1X,0.887
3683_20087_2026-09-11,2026-09-11,Ararat-Armenia,Syunik,3683,20087,RESUELTO,3-0,1.0,Doble Oportunidad,1X,0.842
28004_26838_2026-09-11,2026-09-11,Atlante U21,Pachuca U21,28004,26838,RESUELTO,0-0,1.0,Doble Oportunidad,X2,0.862
28004_26838_2026-09-11,2026-09-11,Atlante U21,Pachuca U21,28004,26838,RESUELTO,0-0,1.0,Goles,-3.5 Goles,0.872
4913_6421_2026-09-11,2026-09-11,1º de Agosto,Green Mamba,4913,6421,RESUELTO,2-0,1.0,Doble Oportunidad,1X,0.877
4913_6421_2026-09-11,2026-09-11,1º de Agosto,Green Mamba,4913,6421,RESUELTO,2-0,1.0,Goles,-3.5 Goles,0.872
21919_7561_2026-09-11,2026-09-11,Sopron,Szegedi VSE,21919,7561,RESUELTO,6-3,1.0,Mega-Misil SGBB,1X_O15,0.872
21919_7561_2026-09-11,2026-09-11,Sopron,Szegedi VSE,21919,7561,RESUELTO,6-3,1.0,Ganador Directo,Gana Sopron,0.772
21919_7561_2026-09-11,2026-09-11,Sopron,Szegedi VSE,21919,7561,RESUELTO,6-3,1.0,Doble Oportunidad,1X,0.895
21919_7561_2026-09-11,2026-09-11,Sopron,Szegedi VSE,21919,7561,RESUELTO,6-3,1.0,Goles,+1.5 Goles,0.975
21919_7561_2026-09-11,2026-09-11,Sopron,Szegedi VSE,21919,7561,RESUELTO,6-3,1.0,Goles,+2.5 Goles,0.904
4532_4530_2026-09-11,2026-09-11,Al Hussein,Al Buqa'a,4532,4530,RESUELTO,0-0,0.0,Ganador Directo,Gana Al Buqa'a,0.768
4532_4530_2026-09-11,2026-09-11,Al Hussein,Al Buqa'a,4532,4530,RESUELTO,0-0,1.0,Doble Oportunidad,X2,0.935
4532_4530_2026-09-11,2026-09-11,Al Hussein,Al Buqa'a,4532,4530,RESUELTO,0-0,0.0,Goles,+1.5 Goles,0.829
4531_22188_2026-09-11,2026-09-11,Al Faisaly,Doqarah,4531,22188,RESUELTO,2-0,1.0,Mega-Misil SGBB,1X_U45,0.874
4531_22188_2026-09-11,2026-09-11,Al Faisaly,Doqarah,4531,22188,RESUELTO,2-0,1.0,Doble Oportunidad,1X,0.901
4531_22188_2026-09-11,2026-09-11,Al Faisaly,Doqarah,4531,22188,RESUELTO,2-0,1.0,Goles,-3.5 Goles,0.907
2930_2938_2026-09-11,2026-09-11,Al-Faisaly FC,Al-Ittihad FC,2930,2938,RESUELTO,1-3,1.0,Doble Oportunidad,X2,0.901
2929_2945_2026-09-11,2026-09-11,Al-Ahli Jeddah,Al-Hazm,2929,2945,RESUELTO,3-1,1.0,Doble Oportunidad,1X,0.82
2929_2945_2026-09-11,2026-09-11,Al-Ahli Jeddah,Al-Hazm,2929,2945,RESUELTO,3-1,1.0,Goles,+1.5 Goles,0.821
2076_9173_2026-09-11,2026-09-11,Kooteepee,JäPS,2076,9173,RESUELTO,3-0,1.0,Doble Oportunidad,1X,0.856
2076_9173_2026-09-11,2026-09-11,Kooteepee,JäPS,2076,9173,RESUELTO,3-0,1.0,Goles,+1.5 Goles,0.853
9187_10669_2026-09-11,2026-09-11,KäPa,PK-35,9187,10669,RESUELTO,1-4,1.0,Doble Oportunidad,X2,0.933
14007_4367_2026-09-11,2026-09-11,Primorje,Bilje,14007,4367,RESUELTO,2-3,1.0,Goles,+1.5 Goles,0.89
4362_16302_2026-09-11,2026-09-11,Tabor Sežana,Dravinja,4362,16302,RESUELTO,5-1,0.0,Mega-Misil SGBB,1X_U45,0.911
4362_16302_2026-09-11,2026-09-11,Tabor Sežana,Dravinja,4362,16302,RESUELTO,5-1,1.0,Doble Oportunidad,1X,0.953
4362_16302_2026-09-11,2026-09-11,Tabor Sežana,Dravinja,4362,16302,RESUELTO,5-1,0.0,Goles,-3.5 Goles,0.878
4362_16302_2026-09-11,2026-09-11,Tabor Sežana,Dravinja,4362,16302,RESUELTO,5-1,0.0,Ambos Anotan,No,0.802
6951_14143_2026-09-11,2026-09-11,Resovia Rzeszów,Lechia Zielona Góra,6951,14143,RESUELTO,0-1,0.0,Goles,+1.5 Goles,0.887
6964_3495_2026-09-11,2026-09-11,Znicz Pruszków,Tychy 71,6964,3495,RESUELTO,1-1,1.0,Goles,+1.5 Goles,0.805
13992_13996_2026-09-11,2026-09-11,JyPK W,Honka W,13992,13996,PENDIENTE,,,Doble Oportunidad,X2,0.83
28085_27397_2026-09-11,2026-09-11,HJS Akatemia W,EBK W,28085,27397,PENDIENTE,,,Mega-Misil SGBB,1X_O15,0.859
28085_27397_2026-09-11,2026-09-11,HJS Akatemia W,EBK W,28085,27397,PENDIENTE,,,Ganador Directo,Gana HJS Akatemia W,0.766
28085_27397_2026-09-11,2026-09-11,HJS Akatemia W,EBK W,28085,27397,PENDIENTE,,,Doble Oportunidad,1X,0.903
28085_27397_2026-09-11,2026-09-11,HJS Akatemia W,EBK W,28085,27397,PENDIENTE,,,Goles,+1.5 Goles,0.949
28085_27397_2026-09-11,2026-09-11,HJS Akatemia W,EBK W,28085,27397,PENDIENTE,,,Goles,+2.5 Goles,0.835
9214_6073_2026-09-11,2026-09-11,TP-47,JS Hercules,9214,6073,RESUELTO,0-1,0.0,Doble Oportunidad,1X,0.814
9214_6073_2026-09-11,2026-09-11,TP-47,JS Hercules,9214,6073,RESUELTO,0-1,0.0,Goles,+1.5 Goles,0.858
2074_10199_2026-09-11,2026-09-11,FC jazz,KPV-j,2074,10199,RESUELTO,3-0,1.0,Doble Oportunidad,1X,0.836
2074_10199_2026-09-11,2026-09-11,FC jazz,KPV-j,2074,10199,RESUELTO,3-0,1.0,Goles,+1.5 Goles,0.874
18379_15535_2026-09-11,2026-09-11,Røa W,Vålerenga W,18379,15535,RESUELTO,3-6,1.0,Ganador Directo,Gana Vålerenga W,0.805
18379_15535_2026-09-11,2026-09-11,Røa W,Vålerenga W,18379,15535,RESUELTO,3-6,1.0,Doble Oportunidad,X2,0.941
18379_15535_2026-09-11,2026-09-11,Røa W,Vålerenga W,18379,15535,RESUELTO,3-6,1.0,Goles,+1.5 Goles,0.894
22858_18985_2026-09-11,2026-09-11,Bodø / Glimt W,Fortuna Ålesund W,22858,18985,RESUELTO,0-2,1.0,Ganador Directo,Gana Fortuna Ålesund W,0.763
22858_18985_2026-09-11,2026-09-11,Bodø / Glimt W,Fortuna Ålesund W,22858,18985,RESUELTO,0-2,1.0,Doble Oportunidad,X2,0.926
22858_18985_2026-09-11,2026-09-11,Bodø / Glimt W,Fortuna Ålesund W,22858,18985,RESUELTO,0-2,1.0,Goles,+1.5 Goles,0.862
16594_7951_2026-09-11,2026-09-11,Dinamo Moskva U19,CSKA Moskva U19,16594,7951,RESUELTO,2-4,1.0,Goles,+1.5 Goles,0.911
4141_27565_2026-09-11,2026-09-11,Rēzekne FA,Super Nova 2,4141,27565,RESUELTO,2-2,0.0,Ganador Directo,Gana Super Nova 2,0.75
4141_27565_2026-09-11,2026-09-11,Rēzekne FA,Super Nova 2,4141,27565,RESUELTO,2-2,1.0,Doble Oportunidad,X2,0.91
4141_27565_2026-09-11,2026-09-11,Rēzekne FA,Super Nova 2,4141,27565,RESUELTO,2-2,1.0,Goles,+1.5 Goles,0.9
6823_12840_2026-09-11,2026-09-11,Ryazan,Rotor-2,6823,12840,RESUELTO,2-0,1.0,Doble Oportunidad,1X,0.814
408_395_2026-09-11,2026-09-11,Hobro,Vejle,408,395,RESUELTO,0-0,0.0,Goles,+1.5 Goles,0.841
399_6004_2026-09-11,2026-09-11,Vendsyssel FF,Aarhus Fremad,399,6004,RESUELTO,0-0,1.0,Goles,-3.5 Goles,0.859
3491_14562_2026-09-11,2026-09-11,Raków Częstochowa,Motor Lublin,3491,14562,RESUELTO,2-1,1.0,Goles,+1.5 Goles,0.849
2647_12312_2026-09-11,2026-09-11,Metalac GM,Dubočica,2647,12312,RESUELTO,5-0,1.0,Goles,+1.5 Goles,0.877
2251_2655_2026-09-11,2026-09-11,FK Spartak Zdrepceva KRV,Napredak,2251,2655,RESUELTO,1-0,0.0,Goles,+1.5 Goles,0.815
16239_12835_2026-09-11,2026-09-11,Polonia Warszawa,Polonia Bytom,16239,12835,RESUELTO,2-2,1.0,Goles,+1.5 Goles,0.892
7334_3736_2026-09-11,2026-09-11,Písek,České Budějovice,7334,3736,RESUELTO,3-2,0.0,Doble Oportunidad,X2,0.836
7334_3736_2026-09-11,2026-09-11,Písek,České Budějovice,7334,3736,RESUELTO,3-2,1.0,Goles,+1.5 Goles,0.847
8335_4981_2026-09-11,2026-09-11,Fügen,SVG Reichenau,8335,4981,RESUELTO,2-2,1.0,Goles,+1.5 Goles,0.888
14345_12197_2026-09-11,2026-09-11,Dodoma Jiji,Namungo,14345,12197,RESUELTO,1-0,1.0,Doble Oportunidad,1X,0.808
3400_3406_2026-09-11,2026-09-11,Ermis,Akritas,3400,3406,RESUELTO,2-0,1.0,Goles,+1.5 Goles,0.896
5309_15286_2026-09-11,2026-09-11,APR,JSK,5309,15286,RESUELTO,3-0,0.0,Doble Oportunidad,X2,0.822
5309_15286_2026-09-11,2026-09-11,APR,JSK,5309,15286,RESUELTO,3-0,1.0,Goles,-3.5 Goles,0.935
20386_5486_2026-09-11,2026-09-11,A'Ali,Malkiya,20386,5486,RESUELTO,1-0,1.0,Doble Oportunidad,1X,0.85
5479_5485_2026-09-11,2026-09-11,Al Najma,East Riffa,5479,5485,RESUELTO,2-3,1.0,Doble Oportunidad,X2,0.844
5479_5485_2026-09-11,2026-09-11,Al Najma,East Riffa,5479,5485,RESUELTO,2-3,1.0,Goles,+1.5 Goles,0.931
5336_5330_2026-09-11,2026-09-11,Sohar,Dhofar,5336,5330,RESUELTO,0-0,1.0,Mega-Misil SGBB,1X_U35,0.882
5336_5330_2026-09-11,2026-09-11,Sohar,Dhofar,5336,5330,RESUELTO,0-0,1.0,Mega-Misil SGBB,1X_U45,0.941
5336_5330_2026-09-11,2026-09-11,Sohar,Dhofar,5336,5330,RESUELTO,0-0,1.0,Doble Oportunidad,1X,0.967
5336_5330_2026-09-11,2026-09-11,Sohar,Dhofar,5336,5330,RESUELTO,0-0,1.0,Goles,-3.5 Goles,0.914
5336_5330_2026-09-11,2026-09-11,Sohar,Dhofar,5336,5330,RESUELTO,0-0,1.0,Ambos Anotan,No,0.873
5334_5329_2026-09-11,2026-09-11,Oman Club,Al-Shabab,5334,5329,RESUELTO,0-2,1.0,Goles,+1.5 Goles,0.843
28357_28355_2026-09-11,2026-09-11,Ramatlaohle W,JVW FC W,28357,28355,RESUELTO,1-1,1.0,Goles,-3.5 Goles,0.883
23457_19088_2026-09-11,2026-09-11,Argentina U20 W,Mexico U20 W,23457,19088,RESUELTO,3-2,1.0,Doble Oportunidad,1X,0.828
23457_19088_2026-09-11,2026-09-11,Argentina U20 W,Mexico U20 W,23457,19088,RESUELTO,3-2,1.0,Goles,+1.5 Goles,0.891
28364_28367_2026-09-11,2026-09-11,Benin U20 W,Poland U20 W,28364,28367,RESUELTO,1-4,1.0,Mega-Misil SGBB,X2_O15,0.942
28364_28367_2026-09-11,2026-09-11,Benin U20 W,Poland U20 W,28364,28367,RESUELTO,1-4,1.0,Mega-Misil SGBB,2_O15,0.897
28364_28367_2026-09-11,2026-09-11,Benin U20 W,Poland U20 W,28364,28367,RESUELTO,1-4,1.0,Ganador Directo,Gana Poland U20 W,0.926
28364_28367_2026-09-11,2026-09-11,Benin U20 W,Poland U20 W,28364,28367,RESUELTO,1-4,1.0,Doble Oportunidad,X2,0.982
28364_28367_2026-09-11,2026-09-11,Benin U20 W,Poland U20 W,28364,28367,RESUELTO,1-4,1.0,Goles,+1.5 Goles,0.958
28364_28367_2026-09-11,2026-09-11,Benin U20 W,Poland U20 W,28364,28367,RESUELTO,1-4,1.0,Goles,+2.5 Goles,0.863
2897_2896_2026-09-11,2026-09-11,Al-Rayyan SC,Al Ahli Doha,2897,2896,RESUELTO,3-0,1.0,Goles,+1.5 Goles,0.818
2879_2876_2026-09-11,2026-09-11,Ajman,Al-Ittihad Kalba,2879,2876,RESUELTO,2-3,1.0,Goles,+1.5 Goles,0.959
2879_2876_2026-09-11,2026-09-11,Ajman,Al-Ittihad Kalba,2879,2876,RESUELTO,2-3,1.0,Goles,+2.5 Goles,0.857
2879_2876_2026-09-11,2026-09-11,Ajman,Al-Ittihad Kalba,2879,2876,RESUELTO,2-3,1.0,Ambos Anotan,Sí,0.801
2875_2874_2026-09-11,2026-09-11,Al Wahda FC,Sharjah FC,2875,2874,RESUELTO,1-0,0.0,Goles,+1.5 Goles,0.881
12360_2637_2026-09-11,2026-09-11,Železničar Pančevo,Macva,12360,2637,RESUELTO,2-0,1.0,Doble Oportunidad,1X,0.861
12360_2637_2026-09-11,2026-09-11,Železničar Pančevo,Macva,12360,2637,RESUELTO,2-0,1.0,Goles,+1.5 Goles,0.817
12780_9334_2026-09-11,2026-09-11,Hankofen-Hailing,Schalding-Heining,12780,9334,RESUELTO,1-1,1.0,Mega-Misil SGBB,1X_O15,0.879
12780_9334_2026-09-11,2026-09-11,Hankofen-Hailing,Schalding-Heining,12780,9334,RESUELTO,1-1,0.0,Ganador Directo,Gana Hankofen-Hailing,0.856
12780_9334_2026-09-11,2026-09-11,Hankofen-Hailing,Schalding-Heining,12780,9334,RESUELTO,1-1,1.0,Doble Oportunidad,1X,0.961
12780_9334_2026-09-11,2026-09-11,Hankofen-Hailing,Schalding-Heining,12780,9334,RESUELTO,1-1,1.0,Goles,+1.5 Goles,0.911
19220_12807_2026-09-11,2026-09-11,Erlbach,Kottern,19220,12807,RESUELTO,3-0,1.0,Doble Oportunidad,1X,0.813
19220_12807_2026-09-11,2026-09-11,Erlbach,Kottern,19220,12807,RESUELTO,3-0,1.0,Goles,-3.5 Goles,0.906
12725_9329_2026-09-11,2026-09-11,1880 Wasserburg,Heimstetten,12725,9329,RESUELTO,5-1,1.0,Goles,+1.5 Goles,0.901
8247_4990_2026-09-11,2026-09-11,Rapid Wien II,First Vienna,8247,4990,RESUELTO,0-2,1.0,Doble Oportunidad,X2,0.843
8247_4990_2026-09-11,2026-09-11,Rapid Wien II,First Vienna,8247,4990,RESUELTO,0-2,1.0,Goles,+1.5 Goles,0.859
1073_8332_2026-09-11,2026-09-11,Wacker Innsbruck,Voitsberg,1073,8332,RESUELTO,1-1,1.0,Goles,+1.5 Goles,0.855
181_188_2026-09-11,2026-09-11,SV Darmstadt 98,Arminia Bielefeld,181,188,RESUELTO,2-1,1.0,Goles,+1.5 Goles,0.922
171_166_2026-09-11,2026-09-11,1. FC Nürnberg,Hannover 96,171,166,RESUELTO,2-1,1.0,Goles,+1.5 Goles,0.935
12885_9358_2026-09-11,2026-09-11,Union Sandersdorf,ZFC Meuselwitz,12885,9358,RESUELTO,0-1,0.0,Goles,+1.5 Goles,0.822
9347_9341_2026-09-11,2026-09-11,VfB Oldenburg,Hannover 96 II,9347,9341,RESUELTO,4-3,1.0,Goles,+1.5 Goles,0.923
1649_9340_2026-09-11,2026-09-11,Weiche Flensburg,Hamburger SV II,1649,9340,RESUELTO,4-0,1.0,Goles,+1.5 Goles,0.952
1649_9340_2026-09-11,2026-09-11,Weiche Flensburg,Hamburger SV II,1649,9340,RESUELTO,4-0,1.0,Goles,+2.5 Goles,0.839
1649_9340_2026-09-11,2026-09-11,Weiche Flensburg,Hamburger SV II,1649,9340,RESUELTO,4-0,0.0,Ambos Anotan,Sí,0.807
4260_1623_2026-09-11,2026-09-11,Atlas Delmenhorst,SV Drochtersen/Assel,4260,1623,RESUELTO,0-3,1.0,Goles,+1.5 Goles,0.952
4260_1623_2026-09-11,2026-09-11,Atlas Delmenhorst,SV Drochtersen/Assel,4260,1623,RESUELTO,0-3,1.0,Goles,+2.5 Goles,0.838
4260_1623_2026-09-11,2026-09-11,Atlas Delmenhorst,SV Drochtersen/Assel,4260,1623,RESUELTO,0-3,0.0,Ambos Anotan,Sí,0.816
1870_20498_2026-09-11,2026-09-11,Werder Bremen W,Hamburger SV W,1870,20498,RESUELTO,1-0,1.0,Doble Oportunidad,1X,0.841
10245_10276_2026-09-11,2026-09-11,Alemannia Aachen U19,Viktoria Köln U19,10245,10276,RESUELTO,1-4,1.0,Mega-Misil SGBB,X2_O15,0.948
10245_10276_2026-09-11,2026-09-11,Alemannia Aachen U19,Viktoria Köln U19,10245,10276,RESUELTO,1-4,1.0,Mega-Misil SGBB,X2_O25,0.92
10245_10276_2026-09-11,2026-09-11,Alemannia Aachen U19,Viktoria Köln U19,10245,10276,RESUELTO,1-4,1.0,Mega-Misil SGBB,2_O15,0.888
10245_10276_2026-09-11,2026-09-11,Alemannia Aachen U19,Viktoria Köln U19,10245,10276,RESUELTO,1-4,1.0,Ganador Directo,Gana Viktoria Köln U19,0.893
10245_10276_2026-09-11,2026-09-11,Alemannia Aachen U19,Viktoria Köln U19,10245,10276,RESUELTO,1-4,1.0,Doble Oportunidad,X2,0.956
10245_10276_2026-09-11,2026-09-11,Alemannia Aachen U19,Viktoria Köln U19,10245,10276,RESUELTO,1-4,1.0,Goles,+1.5 Goles,0.992
10245_10276_2026-09-11,2026-09-11,Alemannia Aachen U19,Viktoria Köln U19,10245,10276,RESUELTO,1-4,1.0,Goles,+2.5 Goles,0.962
21734_10263_2026-09-11,2026-09-11,Sandhausen U19,Karlsruher SC U19,21734,10263,RESUELTO,1-1,1.0,Goles,+1.5 Goles,0.945
21734_10263_2026-09-11,2026-09-11,Sandhausen U19,Karlsruher SC U19,21734,10263,RESUELTO,1-1,0.0,Goles,+2.5 Goles,0.821
21734_10263_2026-09-11,2026-09-11,Sandhausen U19,Karlsruher SC U19,21734,10263,RESUELTO,1-1,1.0,Ambos Anotan,Sí,0.804
3317_3324_2026-09-11,2026-09-11,Flamurtari,Burreli,3317,3324,RESUELTO,1-1,1.0,Goles,+1.5 Goles,0.896
367_2240_2026-09-11,2026-09-11,BK Hacken,Mjallby AIF,367,2240,RESUELTO,1-1,1.0,Doble Oportunidad,1X,0.851
6978_2154_2026-09-11,2026-09-11,Eidsvold,Ull/Kisa,6978,2154,RESUELTO,3-1,1.0,Mega-Misil SGBB,1X_O15,0.871
6978_2154_2026-09-11,2026-09-11,Eidsvold,Ull/Kisa,6978,2154,RESUELTO,3-1,1.0,Ganador Directo,Gana Eidsvold,0.781
6978_2154_2026-09-11,2026-09-11,Eidsvold,Ull/Kisa,6978,2154,RESUELTO,3-1,1.0,Doble Oportunidad,1X,0.909
6978_2154_2026-09-11,2026-09-11,Eidsvold,Ull/Kisa,6978,2154,RESUELTO,3-1,1.0,Goles,+1.5 Goles,0.957
6978_2154_2026-09-11,2026-09-11,Eidsvold,Ull/Kisa,6978,2154,RESUELTO,3-1,1.0,Goles,+2.5 Goles,0.854
6687_6694_2026-09-11,2026-09-11,Lund,Rosengård,6687,6694,RESUELTO,2-0,1.0,Goles,+1.5 Goles,0.859
6702_6706_2026-09-11,2026-09-11,Trollhättan,Utsikten,6702,6706,RESUELTO,5-0,1.0,Goles,+1.5 Goles,0.835
12598_11673_2026-09-11,2026-09-11,Kumla,Motala,12598,11673,RESUELTO,0-0,0.0,Goles,+1.5 Goles,0.901
6713_6670_2026-09-11,2026-09-11,Vänersborgs IF,Grebbestad,6713,6670,RESUELTO,1-2,1.0,Goles,+1.5 Goles,0.805
25575_25576_2026-09-11,2026-09-11,Böljan,Hestrafor,25575,25576,RESUELTO,1-3,1.0,Goles,+1.5 Goles,0.927
12613_12609_2026-09-11,2026-09-11,Dalstorps,Västra Frölunda,12613,12609,RESUELTO,3-0,1.0,Goles,+1.5 Goles,0.863
400_404_2026-09-11,2026-09-11,FC Copenhagen,AC Horsens,400,404,RESUELTO,2-0,1.0,Goles,+1.5 Goles,0.935
12859_26247_2026-09-11,2026-09-11,Spartak Myjava,Trenčín II,12859,26247,RESUELTO,2-0,1.0,Goles,+1.5 Goles,0.864
16085_28012_2026-09-11,2026-09-11,Concordia,Norderstedt II,16085,28012,RESUELTO,4-2,1.0,Goles,+1.5 Goles,0.955
16085_28012_2026-09-11,2026-09-11,Concordia,Norderstedt II,16085,28012,RESUELTO,4-2,1.0,Goles,+2.5 Goles,0.846
16085_28012_2026-09-11,2026-09-11,Concordia,Norderstedt II,16085,28012,RESUELTO,4-2,1.0,Ambos Anotan,Sí,0.81
20851_19470_2026-09-11,2026-09-11,ETSV Hamburg,Harksheide,20851,19470,RESUELTO,2-3,1.0,Goles,+1.5 Goles,0.895
14796_26173_2026-09-11,2026-09-11,Süderelbe,HT16,14796,26173,RESUELTO,1-0,0.0,Goles,+1.5 Goles,0.882
19228_12737_2026-09-11,2026-09-11,Gebenbach,Bayern Hof,19228,12737,RESUELTO,0-4,1.0,Goles,+1.5 Goles,0.889
21526_12757_2026-09-11,2026-09-11,Neudrossenfeld,Eintracht Bamberg,21526,12757,RESUELTO,1-0,0.0,Goles,+1.5 Goles,0.848
6948_16257_2026-09-11,2026-09-11,Polonia Środa,Unia Swarzędz,6948,16257,RESUELTO,4-3,1.0,Doble Oportunidad,1X,0.812
6948_16257_2026-09-11,2026-09-11,Polonia Środa,Unia Swarzędz,6948,16257,RESUELTO,4-3,1.0,Goles,+1.5 Goles,0.915
4955_4961_2026-09-11,2026-09-11,Parndorf,Traiskirchen,4955,4961,RESUELTO,1-3,1.0,Goles,+1.5 Goles,0.936
8365_8367_2026-09-11,2026-09-11,Donau,Favoritner AC,8365,8367,RESUELTO,4-0,0.0,Doble Oportunidad,X2,0.856
8365_8367_2026-09-11,2026-09-11,Donau,Favoritner AC,8365,8367,RESUELTO,4-0,1.0,Goles,+1.5 Goles,0.814
25119_11200_2026-09-11,2026-09-11,Krems / Rehberg,Oberwart,25119,11200,RESUELTO,3-1,0.0,Doble Oportunidad,X2,0.886
2065_6021_2026-09-11,2026-09-11,Fremad Amager,HIK,2065,6021,RESUELTO,2-1,1.0,Goles,+1.5 Goles,0.835
1620_1321_2026-09-11,2026-09-11,FC Viktoria Köln,Hansa Rostock,1620,1321,RESUELTO,4-0,1.0,Goles,+1.5 Goles,0.945
1620_1321_2026-09-11,2026-09-11,FC Viktoria Köln,Hansa Rostock,1620,1321,RESUELTO,4-0,1.0,Goles,+2.5 Goles,0.821
1620_1321_2026-09-11,2026-09-11,FC Viktoria Köln,Hansa Rostock,1620,1321,RESUELTO,4-0,0.0,Ambos Anotan,Sí,0.801
549_1009_2026-09-11,2026-09-11,Beşiktaş,Erzurumspor FK,549,1009,RESUELTO,3-0,1.0,Doble Oportunidad,1X,0.91
9323_1314_2026-09-11,2026-09-11,Aubstadt,SpVgg Unterhaching,9323,1314,RESUELTO,2-3,0.0,Doble Oportunidad,1X,0.825
9326_4674_2026-09-11,2026-09-11,Buchbach,Bayern München II,9326,4674,RESUELTO,2-0,1.0,Goles,+1.5 Goles,0.811
9337_14717_2026-09-11,2026-09-11,Wacker Burghausen,Landsberg,9337,14717,RESUELTO,1-2,1.0,Goles,+1.5 Goles,0.895
1329_14754_2026-09-11,2026-09-11,FC Rot-Weiß Erfurt,RSV Eintracht,1329,14754,RESUELTO,5-0,1.0,Goles,+1.5 Goles,0.92
9363_189_2026-09-11,2026-09-11,Freiburg II,SV Sandhausen,9363,189,RESUELTO,1-2,0.0,Doble Oportunidad,1X,0.822
9363_189_2026-09-11,2026-09-11,Freiburg II,SV Sandhausen,9363,189,RESUELTO,1-2,1.0,Goles,+1.5 Goles,0.931
12788_1628_2026-09-11,2026-09-11,Hessen Kassel,Kickers Offenbach,12788,1628,RESUELTO,2-1,1.0,Goles,+1.5 Goles,0.863
12742_27989_2026-09-11,2026-09-11,Borussia Hildesheim,Hemmingen,12742,27989,RESUELTO,3-0,1.0,Goles,+1.5 Goles,0.88
9345_19721_2026-09-11,2026-09-11,Schwarz-Weiß Rehden,Verden 04,9345,19721,RESUELTO,2-0,1.0,Doble Oportunidad,1X,0.849
9345_19721_2026-09-11,2026-09-11,Schwarz-Weiß Rehden,Verden 04,9345,19721,RESUELTO,2-0,1.0,Goles,+1.5 Goles,0.929
10166_9272_2026-09-11,2026-09-11,Bayonne,Châteaubriant,10166,9272,RESUELTO,2-1,0.0,Mega-Misil SGBB,1X_U25,0.911
10166_9272_2026-09-11,2026-09-11,Bayonne,Châteaubriant,10166,9272,RESUELTO,2-1,1.0,Mega-Misil SGBB,1X_U35,0.961
10166_9272_2026-09-11,2026-09-11,Bayonne,Châteaubriant,10166,9272,RESUELTO,2-1,1.0,Mega-Misil SGBB,1X_U45,0.972
10166_9272_2026-09-11,2026-09-11,Bayonne,Châteaubriant,10166,9272,RESUELTO,2-1,0.0,Mega-Misil SGBB,BTTS_No_U25,0.91
10166_9272_2026-09-11,2026-09-11,Bayonne,Châteaubriant,10166,9272,RESUELTO,2-1,0.0,Mega-Misil SGBB,BTTS_No_U35,0.95
10166_9272_2026-09-11,2026-09-11,Bayonne,Châteaubriant,10166,9272,RESUELTO,2-1,1.0,Doble Oportunidad,1X,0.974
10166_9272_2026-09-11,2026-09-11,Bayonne,Châteaubriant,10166,9272,RESUELTO,2-1,1.0,Goles,-3.5 Goles,0.986
10166_9272_2026-09-11,2026-09-11,Bayonne,Châteaubriant,10166,9272,RESUELTO,2-1,0.0,Ambos Anotan,No,0.959
3229_3185_2026-09-11,2026-09-11,Stade Briochin,Granville,3229,3185,RESUELTO,2-2,0.0,Goles,-3.5 Goles,0.945
3037_1308_2026-09-11,2026-09-11,Chauray,Les Herbiers,3037,1308,RESUELTO,1-2,1.0,Goles,-3.5 Goles,0.925
511_876_2026-09-11,2026-09-11,Empoli,Arezzo,511,876,RESUELTO,0-1,0.0,Doble Oportunidad,1X,0.877
3396_3401_2026-09-11,2026-09-11,AEL,Nea Salamis,3396,3401,RESUELTO,2-1,1.0,Goles,+1.5 Goles,0.895
16094_4263_2026-09-11,2026-09-11,OSC Bremerhaven,Oberneuland,16094,4263,RESUELTO,12-0,1.0,Doble Oportunidad,1X,0.839
16094_4263_2026-09-11,2026-09-11,OSC Bremerhaven,Oberneuland,16094,4263,RESUELTO,12-0,1.0,Goles,+1.5 Goles,0.892
4940_4934_2026-09-11,2026-09-11,Gleisdorf 09,Allerheiligen,4940,4934,RESUELTO,1-1,1.0,Goles,+1.5 Goles,0.933
4946_28052_2026-09-11,2026-09-11,Kalsdorf,Hartberg (Am),4946,28052,RESUELTO,3-0,1.0,Doble Oportunidad,1X,0.88
4946_28052_2026-09-11,2026-09-11,Kalsdorf,Hartberg (Am),4946,28052,RESUELTO,3-0,1.0,Goles,+1.5 Goles,0.874
1402_4972_2026-09-11,2026-09-11,SV Lafnitz,Deutschlandsberger SC,1402,4972,RESUELTO,0-3,1.0,Goles,+1.5 Goles,0.958
1402_4972_2026-09-11,2026-09-11,SV Lafnitz,Deutschlandsberger SC,1402,4972,RESUELTO,0-3,1.0,Goles,+2.5 Goles,0.854
1402_4972_2026-09-11,2026-09-11,SV Lafnitz,Deutschlandsberger SC,1402,4972,RESUELTO,0-3,0.0,Ambos Anotan,Sí,0.831
21533_4996_2026-09-11,2026-09-11,Tillmitsch,Weiz,21533,4996,RESUELTO,2-2,1.0,Goles,+1.5 Goles,0.818
4962_21723_2026-09-11,2026-09-11,Treibach,Donau Klagenfurt,4962,21723,RESUELTO,0-0,1.0,Doble Oportunidad,1X,0.867
4962_21723_2026-09-11,2026-09-11,Treibach,Donau Klagenfurt,4962,21723,RESUELTO,0-0,0.0,Goles,+1.5 Goles,0.835
1405_4967_2026-09-11,2026-09-11,Austria Klagenfurt,Wolfsberg,1405,4967,RESUELTO,2-0,1.0,Doble Oportunidad,1X,0.821
1405_4967_2026-09-11,2026-09-11,Austria Klagenfurt,Wolfsberg,1405,4967,RESUELTO,2-0,1.0,Goles,+1.5 Goles,0.914
27885_1406_2026-09-11,2026-09-11,Leonfelden,SK Vorwarts Steyr,27885,1406,RESUELTO,1-4,0.0,Doble Oportunidad,1X,0.828
27885_1406_2026-09-11,2026-09-11,Leonfelden,SK Vorwarts Steyr,27885,1406,RESUELTO,1-4,1.0,Goles,+1.5 Goles,0.885
8294_4974_2026-09-11,2026-09-11,Bad Schallerbach,Grödig,8294,4974,RESUELTO,3-1,1.0,Goles,+1.5 Goles,0.843
4958_19193_2026-09-11,2026-09-11,Seekirchen,Wohnbau Dietach,4958,19193,RESUELTO,0-1,0.0,Goles,+1.5 Goles,0.902
4942_4980_2026-09-11,2026-09-11,Gurten,Pinzgau Saalfelden,4942,4980,RESUELTO,4-1,1.0,Doble Oportunidad,1X,0.822
4942_4980_2026-09-11,2026-09-11,Gurten,Pinzgau Saalfelden,4942,4980,RESUELTO,4-1,1.0,Goles,+1.5 Goles,0.805
5419_5602_2026-09-11,2026-09-11,Centre Chiefs,Nico United,5419,5602,PENDIENTE,,,Doble Oportunidad,X2,0.823
5419_5602_2026-09-11,2026-09-11,Centre Chiefs,Nico United,5419,5602,PENDIENTE,,,Goles,+1.5 Goles,0.843
28296_5416_2026-09-11,2026-09-11,Tonota,BDF XI,28296,5416,PENDIENTE,,,Doble Oportunidad,1X,0.811
28296_5416_2026-09-11,2026-09-11,Tonota,BDF XI,28296,5416,PENDIENTE,,,Goles,-3.5 Goles,0.954
4184_4186_2026-09-11,2026-09-11,AB,B68,4184,4186,PENDIENTE,,,Goles,+1.5 Goles,0.908
4269_2179_2026-09-11,2026-09-11,Stade Lausanne-Ouchy,FC WIL 1900,4269,2179,RESUELTO,4-0,1.0,Doble Oportunidad,1X,0.871
4269_2179_2026-09-11,2026-09-11,Stade Lausanne-Ouchy,FC WIL 1900,4269,2179,RESUELTO,4-0,1.0,Goles,+1.5 Goles,0.85
2185_6653_2026-09-11,2026-09-11,Rapperswil,Yverdon Sport,2185,6653,RESUELTO,2-0,0.0,Doble Oportunidad,X2,0.834
2185_6653_2026-09-11,2026-09-11,Rapperswil,Yverdon Sport,2185,6653,RESUELTO,2-0,1.0,Goles,+1.5 Goles,0.85
1028_571_2026-09-11,2026-09-11,Ried,Red Bull Salzburg,1028,571,RESUELTO,1-1,1.0,Goles,+1.5 Goles,0.835
1658_9373_2026-09-11,2026-09-11,Rot-weiss Oberhausen,Schalke 04 II,1658,9373,RESUELTO,3-2,1.0,Doble Oportunidad,1X,0.831
1658_9373_2026-09-11,2026-09-11,Rot-weiss Oberhausen,Schalke 04 II,1658,9373,RESUELTO,3-2,1.0,Goles,+1.5 Goles,0.929
4905_15537_2026-09-11,2026-09-11,Stellenbosch,Sekhukhune United,4905,15537,RESUELTO,1-1,1.0,Doble Oportunidad,1X,0.866
4905_15537_2026-09-11,2026-09-11,Stellenbosch,Sekhukhune United,4905,15537,RESUELTO,1-1,1.0,Goles,+1.5 Goles,0.802
4799_244_2026-09-11,2026-09-11,Torreense,Leixoes,4799,244,RESUELTO,0-0,1.0,Doble Oportunidad,X2,0.812
17737_12278_2026-09-11,2026-09-11,Carapebus,Duque de Caxias,17737,12278,RESUELTO,1-4,1.0,Doble Oportunidad,X2,0.879
851_1416_2026-09-11,2026-09-11,Cherno More Varna,Lokomotiv Sofia,851,1416,RESUELTO,2-2,1.0,Goles,+1.5 Goles,0.883
422_409_2026-09-11,2026-09-11,FC Eindhoven,Dordrecht,422,409,RESUELTO,2-1,1.0,Goles,+1.5 Goles,0.951
422_409_2026-09-11,2026-09-11,FC Eindhoven,Dordrecht,422,409,RESUELTO,2-1,1.0,Goles,+2.5 Goles,0.837
422_409_2026-09-11,2026-09-11,FC Eindhoven,Dordrecht,422,409,RESUELTO,2-1,1.0,Ambos Anotan,Sí,0.812
208_199_2026-09-11,2026-09-11,Emmen,De Graafschap,208,199,RESUELTO,1-2,0.0,Doble Oportunidad,1X,0.865
208_199_2026-09-11,2026-09-11,Emmen,De Graafschap,208,199,RESUELTO,1-2,1.0,Goles,+1.5 Goles,0.954
208_199_2026-09-11,2026-09-11,Emmen,De Graafschap,208,199,RESUELTO,1-2,1.0,Goles,+2.5 Goles,0.847
424_411_2026-09-11,2026-09-11,Helmond Sport,Jong PSV U21,424,411,RESUELTO,3-1,1.0,Goles,+1.5 Goles,0.878
206_418_2026-09-11,2026-09-11,Heracles,Jong AZ,206,418,RESUELTO,3-2,1.0,Goles,+1.5 Goles,0.978
206_418_2026-09-11,2026-09-11,Heracles,Jong AZ,206,418,RESUELTO,3-2,1.0,Goles,+2.5 Goles,0.911
206_418_2026-09-11,2026-09-11,Heracles,Jong AZ,206,418,RESUELTO,3-2,1.0,Ambos Anotan,Sí,0.865
425_417_2026-09-11,2026-09-11,Jong Ajax,Waalwijk,425,417,RESUELTO,0-2,1.0,Goles,+1.5 Goles,0.918
203_428_2026-09-11,2026-09-11,NAC Breda,Jong Utrecht,203,428,RESUELTO,2-3,1.0,Goles,+1.5 Goles,0.875
204_423_2026-09-11,2026-09-11,VVV Venlo,FC OSS,204,423,RESUELTO,3-1,1.0,Doble Oportunidad,1X,0.841
204_423_2026-09-11,2026-09-11,VVV Venlo,FC OSS,204,423,RESUELTO,3-1,1.0,Goles,+1.5 Goles,0.869
201_195_2026-09-11,2026-09-11,AZ Alkmaar,Willem II,201,195,RESUELTO,1-1,1.0,Mega-Misil SGBB,1X_O15,0.869
201_195_2026-09-11,2026-09-11,AZ Alkmaar,Willem II,201,195,RESUELTO,1-1,0.0,Ganador Directo,Gana AZ Alkmaar,0.793
201_195_2026-09-11,2026-09-11,AZ Alkmaar,Willem II,201,195,RESUELTO,1-1,1.0,Doble Oportunidad,1X,0.922
201_195_2026-09-11,2026-09-11,AZ Alkmaar,Willem II,201,195,RESUELTO,1-1,1.0,Goles,+1.5 Goles,0.94
201_195_2026-09-11,2026-09-11,AZ Alkmaar,Willem II,201,195,RESUELTO,1-1,0.0,Goles,+2.5 Goles,0.815
99_1299_2026-09-11,2026-09-11,Clermont Foot,Boulogne,99,1299,RESUELTO,0-0,1.0,Doble Oportunidad,1X,0.805
99_1299_2026-09-11,2026-09-11,Clermont Foot,Boulogne,99,1299,RESUELTO,0-0,1.0,Goles,-3.5 Goles,0.984
99_1299_2026-09-11,2026-09-11,Clermont Foot,Boulogne,99,1299,RESUELTO,0-0,1.0,Ambos Anotan,No,0.849
1301_101_2026-09-11,2026-09-11,Rodez,Grenoble,1301,101,RESUELTO,0-1,0.0,Goles,+1.5 Goles,0.931
263_6219_2026-09-11,2026-09-11,Beerschot VA,K. Lierse S.K.,263,6219,RESUELTO,3-1,1.0,Doble Oportunidad,1X,0.839
263_6219_2026-09-11,2026-09-11,Beerschot VA,K. Lierse S.K.,263,6219,RESUELTO,3-1,1.0,Goles,+1.5 Goles,0.825
15928_27935_2026-09-11,2026-09-11,Cruz Azul Hidalgo,Piratas,15928,27935,RESUELTO,1-1,1.0,Goles,+1.5 Goles,0.876
2035_2038_2026-09-11,2026-09-11,UN Kaerjeng 97,Victoria Rosport,2035,2038,RESUELTO,5-0,1.0,Goles,+1.5 Goles,0.941
2035_2038_2026-09-11,2026-09-11,UN Kaerjeng 97,Victoria Rosport,2035,2038,RESUELTO,5-0,1.0,Goles,+2.5 Goles,0.812
14706_14689_2026-09-11,2026-09-11,Holzheimer SG,Germania Ratingen,14706,14689,RESUELTO,3-3,1.0,Doble Oportunidad,X2,0.865
14706_14689_2026-09-11,2026-09-11,Holzheimer SG,Germania Ratingen,14706,14689,RESUELTO,3-3,1.0,Goles,+1.5 Goles,0.909
14780_28003_2026-09-11,2026-09-11,Scherpenberg,Solingen-Wald,14780,28003,RESUELTO,1-2,1.0,Goles,+1.5 Goles,0.899
14148_14800_2026-09-11,2026-09-11,Wegberg-Beeck,TuS BW Königsdorf,14148,14800,RESUELTO,7-1,1.0,Ganador Directo,Gana Wegberg-Beeck,0.79
14148_14800_2026-09-11,2026-09-11,Wegberg-Beeck,TuS BW Königsdorf,14148,14800,RESUELTO,7-1,1.0,Doble Oportunidad,1X,0.931
14148_14800_2026-09-11,2026-09-11,Wegberg-Beeck,TuS BW Königsdorf,14148,14800,RESUELTO,7-1,1.0,Goles,+1.5 Goles,0.904
26404_24650_2026-09-11,2026-09-11,K. Beerschot V.A. Reserve U21,RAAL La Louviere U21,26404,24650,RESUELTO,4-0,0.0,Doble Oportunidad,X2,0.878
19586_18387_2026-09-11,2026-09-11,RWDM U21,Lierse K. U21,19586,18387,RESUELTO,2-2,1.0,Mega-Misil SGBB,1X_U45,0.906
19586_18387_2026-09-11,2026-09-11,RWDM U21,Lierse K. U21,19586,18387,RESUELTO,2-2,0.0,Ganador Directo,Gana RWDM U21,0.908
19586_18387_2026-09-11,2026-09-11,RWDM U21,Lierse K. U21,19586,18387,RESUELTO,2-2,1.0,Doble Oportunidad,1X,1.0
19586_18387_2026-09-11,2026-09-11,RWDM U21,Lierse K. U21,19586,18387,RESUELTO,2-2,0.0,Ambos Anotan,No,1.0
22200_19584_2026-09-11,2026-09-11,RFC de Liege U21,Kortrijk U21,22200,19584,RESUELTO,1-0,0.0,Doble Oportunidad,X2,0.909
18387_19586_2026-09-11,2026-09-11,Lierse K. U21,RWDM U21,18387,19586,PENDIENTE,,,Mega-Misil SGBB,X2_U45,0.899
18387_19586_2026-09-11,2026-09-11,Lierse K. U21,RWDM U21,18387,19586,PENDIENTE,,,Doble Oportunidad,X2,0.95
18387_19586_2026-09-11,2026-09-11,Lierse K. U21,RWDM U21,18387,19586,PENDIENTE,,,Goles,-3.5 Goles,0.859
19587_14016_2026-09-11,2026-09-11,Westerlo U21,Waasland-Beveren U21,19587,14016,RESUELTO,1-3,1.0,Goles,+1.5 Goles,0.957
19587_14016_2026-09-11,2026-09-11,Westerlo U21,Waasland-Beveren U21,19587,14016,RESUELTO,1-3,1.0,Goles,+2.5 Goles,0.851
19587_14016_2026-09-11,2026-09-11,Westerlo U21,Waasland-Beveren U21,19587,14016,RESUELTO,1-3,1.0,Ambos Anotan,Sí,0.829
28081_26403_2026-09-11,2026-09-11,Sp. Hasselt U21,RFC Seraing Reserve U21,28081,26403,RESUELTO,1-3,1.0,Doble Oportunidad,X2,0.805
26553_28120_2026-09-11,2026-09-11,Aoiz,Doneztebe FT,26553,28120,RESUELTO,2-0,0.0,Doble Oportunidad,X2,0.894
26553_28120_2026-09-11,2026-09-11,Aoiz,Doneztebe FT,26553,28120,RESUELTO,2-0,1.0,Goles,+1.5 Goles,0.841
7191_7195_2026-09-11,2026-09-11,Brighton U21,Leicester City U21,7191,7195,RESUELTO,3-0,1.0,Doble Oportunidad,1X,0.862
7191_7195_2026-09-11,2026-09-11,Brighton U21,Leicester City U21,7191,7195,RESUELTO,3-0,1.0,Goles,+1.5 Goles,0.838
19745_7202_2026-09-11,2026-09-11,Derby County U21,Tottenham Hotspur U21,19745,7202,RESUELTO,1-3,1.0,Goles,+1.5 Goles,0.958
19745_7202_2026-09-11,2026-09-11,Derby County U21,Tottenham Hotspur U21,19745,7202,RESUELTO,1-3,1.0,Goles,+2.5 Goles,0.855
19745_7202_2026-09-11,2026-09-11,Derby County U21,Tottenham Hotspur U21,19745,7202,RESUELTO,1-3,1.0,Ambos Anotan,Sí,0.83
11911_7204_2026-09-11,2026-09-11,Stoke City U21,Wolves U21,11911,7204,RESUELTO,4-0,1.0,Goles,+1.5 Goles,0.816
11915_20094_2026-09-11,2026-09-11,Sunderland U21,Ipswich Town U21,11915,20094,RESUELTO,4-2,1.0,Doble Oportunidad,1X,0.857
11915_20094_2026-09-11,2026-09-11,Sunderland U21,Ipswich Town U21,11915,20094,RESUELTO,4-2,1.0,Goles,+1.5 Goles,0.928
7194_7190_2026-09-11,2026-09-11,Fulham U21,Aston Villa U21,7194,7190,RESUELTO,3-3,1.0,Goles,+1.5 Goles,0.955
7194_7190_2026-09-11,2026-09-11,Fulham U21,Aston Villa U21,7194,7190,RESUELTO,3-3,1.0,Goles,+2.5 Goles,0.845
7194_7190_2026-09-11,2026-09-11,Fulham U21,Aston Villa U21,7194,7190,RESUELTO,3-3,1.0,Ambos Anotan,Sí,0.816
15935_22055_2026-09-11,2026-09-11,Mineros de Fresnillo,FC Santiago,15935,22055,RESUELTO,2-0,0.0,Mega-Misil SGBB,BTTS_No_U25,0.876
15935_22055_2026-09-11,2026-09-11,Mineros de Fresnillo,FC Santiago,15935,22055,RESUELTO,2-0,0.0,Mega-Misil SGBB,BTTS_No_U35,0.885
15935_22055_2026-09-11,2026-09-11,Mineros de Fresnillo,FC Santiago,15935,22055,RESUELTO,2-0,1.0,Goles,-3.5 Goles,0.992
15935_22055_2026-09-11,2026-09-11,Mineros de Fresnillo,FC Santiago,15935,22055,RESUELTO,2-0,1.0,Ambos Anotan,No,0.886
27772_27775_2026-09-11,2026-09-11,Atl. Andahuaylas W,FBC Melgar W,27772,27775,RESUELTO,1-5,1.0,Goles,+1.5 Goles,0.823
28288_26427_2026-09-11,2026-09-11,26 de Febrero,Chaco,28288,26427,RESUELTO,3-2,1.0,Doble Oportunidad,1X,0.883
28288_26427_2026-09-11,2026-09-11,26 de Febrero,Chaco,28288,26427,RESUELTO,3-2,1.0,Goles,+1.5 Goles,0.954
28288_26427_2026-09-11,2026-09-11,26 de Febrero,Chaco,28288,26427,RESUELTO,3-2,1.0,Goles,+2.5 Goles,0.847
12744_4376_2026-09-11,2026-09-11,Brinje-Grosuplje,Nafta,12744,4376,RESUELTO,1-2,1.0,Goles,+1.5 Goles,0.844
1383_255_2026-09-11,2026-09-11,Morton,Livingston,1383,255,RESUELTO,1-4,0.0,Goles,-3.5 Goles,0.872
9580_10139_2026-09-11,2026-09-11,Burgos,AD Ceuta FC,9580,10139,RESUELTO,3-1,1.0,Doble Oportunidad,1X,0.828
9580_10139_2026-09-11,2026-09-11,Burgos,AD Ceuta FC,9580,10139,RESUELTO,3-1,1.0,Goles,+1.5 Goles,0.831
182_174_2026-09-11,2026-09-11,Union Berlin,FC Schalke 04,182,174,RESUELTO,1-3,1.0,Goles,+1.5 Goles,0.943
182_174_2026-09-11,2026-09-11,Union Berlin,FC Schalke 04,182,174,RESUELTO,1-3,1.0,Goles,+2.5 Goles,0.815
5829_6216_2026-09-11,2026-09-11,Houtvenne,Dessel Sport,5829,6216,RESUELTO,5-0,1.0,Goles,+1.5 Goles,0.972
5829_6216_2026-09-11,2026-09-11,Houtvenne,Dessel Sport,5829,6216,RESUELTO,5-0,1.0,Goles,+2.5 Goles,0.892
5829_6216_2026-09-11,2026-09-11,Houtvenne,Dessel Sport,5829,6216,RESUELTO,5-0,0.0,Ambos Anotan,Sí,0.859
20364_11310_2026-09-11,2026-09-11,Newport City,Trethomas Bluebirds,20364,11310,PENDIENTE,,,Goles,+1.5 Goles,0.828
2192_2200_2026-09-11,2026-09-11,Pontypridd Town,Afan Lido,2192,2200,RESUELTO,0-1,0.0,Goles,+1.5 Goles,0.935
5626_7598_2026-09-11,2026-09-11,Swansea University,Pontardawe Town,5626,7598,RESUELTO,4-0,1.0,Doble Oportunidad,1X,0.87
5626_7598_2026-09-11,2026-09-11,Swansea University,Pontardawe Town,5626,7598,RESUELTO,4-0,1.0,Goles,+1.5 Goles,0.912
16533_4626_2026-09-11,2026-09-11,Birzebbuga,Hamrun Spartans,16533,4626,RESUELTO,0-2,1.0,Doble Oportunidad,X2,0.853
16337_12697_2026-09-11,2026-09-11,Portalban / Gletterens,Vevey Sports,16337,12697,RESUELTO,4-1,1.0,Goles,+1.5 Goles,0.862
3850_3842_2026-09-11,2026-09-11,Drogheda United,Sligo Rovers,3850,3842,RESUELTO,2-0,1.0,Doble Oportunidad,1X,0.806
3850_3842_2026-09-11,2026-09-11,Drogheda United,Sligo Rovers,3850,3842,RESUELTO,2-0,1.0,Goles,+1.5 Goles,0.829
3851_3840_2026-09-11,2026-09-11,Galway United,Bohemians,3851,3840,RESUELTO,2-3,1.0,Goles,+1.5 Goles,0.833
3854_670_2026-09-11,2026-09-11,Shelbourne,Derry City,3854,670,RESUELTO,0-1,0.0,Goles,+1.5 Goles,0.936
3845_584_2026-09-11,2026-09-11,Waterford,Dundalk,3845,584,RESUELTO,1-1,1.0,Goles,+1.5 Goles,0.912
3843_652_2026-09-11,2026-09-11,St Patrick's Athl.,Shamrock Rovers,3843,652,RESUELTO,2-0,1.0,Goles,+1.5 Goles,0.87
653_3849_2026-09-11,2026-09-11,Cork City,Cobh Ramblers,653,3849,RESUELTO,2-3,1.0,Goles,+1.5 Goles,0.889
11328_3847_2026-09-11,2026-09-11,Kerry,Bray Wanderers,11328,3847,RESUELTO,0-1,0.0,Goles,+1.5 Goles,0.849
3844_3846_2026-09-11,2026-09-11,UCD,Athlone Town,3844,3846,RESUELTO,2-2,1.0,Goles,+1.5 Goles,0.887
3855_3841_2026-09-11,2026-09-11,Wexford,Finn Harps,3855,3841,RESUELTO,1-3,1.0,Goles,+1.5 Goles,0.924
517_502_2026-09-11,2026-09-11,Venezia,Fiorentina,517,502,RESUELTO,2-4,1.0,Goles,+1.5 Goles,0.84
94_81_2026-09-11,2026-09-11,Rennes,Marseille,94,81,RESUELTO,1-0,0.0,Goles,+1.5 Goles,0.88
3490_3498_2026-09-11,2026-09-11,Puszcza Niepołomice,ŁKS Łódź,3490,3498,RESUELTO,1-2,0.0,Doble Oportunidad,1X,0.822
266_554_2026-09-11,2026-09-11,KV Mechelen,Anderlecht,266,554,RESUELTO,0-1,1.0,Doble Oportunidad,X2,0.824
266_554_2026-09-11,2026-09-11,KV Mechelen,Anderlecht,266,554,RESUELTO,0-1,0.0,Goles,+1.5 Goles,0.841
669_668_2026-09-11,2026-09-11,Coleraine FC,Ballymena United,669,668,RESUELTO,3-2,1.0,Goles,+1.5 Goles,0.831
6376_15224_2026-09-11,2026-09-11,Deportivo de La Coruña W,Real Madrid W,6376,15224,RESUELTO,0-2,1.0,Mega-Misil SGBB,X2_U35,0.901
6376_15224_2026-09-11,2026-09-11,Deportivo de La Coruña W,Real Madrid W,6376,15224,RESUELTO,0-2,1.0,Mega-Misil SGBB,X2_U45,0.942
6376_15224_2026-09-11,2026-09-11,Deportivo de La Coruña W,Real Madrid W,6376,15224,RESUELTO,0-2,1.0,Doble Oportunidad,X2,0.957
6376_15224_2026-09-11,2026-09-11,Deportivo de La Coruña W,Real Madrid W,6376,15224,RESUELTO,0-2,1.0,Goles,-3.5 Goles,0.943
6376_15224_2026-09-11,2026-09-11,Deportivo de La Coruña W,Real Madrid W,6376,15224,RESUELTO,0-2,1.0,Ambos Anotan,No,0.878
4909_354_2026-09-11,2026-09-11,Airbus UK,The New Saints,4909,354,RESUELTO,0-2,1.0,Goles,+1.5 Goles,0.926
2188_356_2026-09-11,2026-09-11,Ammanford AFC,Caernarfon Town,2188,356,RESUELTO,0-5,1.0,Ganador Directo,Gana Caernarfon Town,0.772
2188_356_2026-09-11,2026-09-11,Ammanford AFC,Caernarfon Town,2188,356,RESUELTO,0-5,1.0,Doble Oportunidad,X2,0.918
2188_356_2026-09-11,2026-09-11,Ammanford AFC,Caernarfon Town,2188,356,RESUELTO,0-5,1.0,Goles,+1.5 Goles,0.916
361_362_2026-09-11,2026-09-11,Barry Town,Llandudno,361,362,RESUELTO,4-1,1.0,Goles,+1.5 Goles,0.855
2202_6459_2026-09-11,2026-09-11,Cambrian & Clydach,Holywell,2202,6459,RESUELTO,2-1,1.0,Doble Oportunidad,1X,0.825
2202_6459_2026-09-11,2026-09-11,Cambrian & Clydach,Holywell,2202,6459,RESUELTO,2-1,1.0,Goles,+1.5 Goles,0.934
5614_353_2026-09-11,2026-09-11,Flint Town United,Cardiff MET,5614,353,RESUELTO,1-1,1.0,Doble Oportunidad,X2,0.886
5614_353_2026-09-11,2026-09-11,Flint Town United,Cardiff MET,5614,353,RESUELTO,1-1,1.0,Goles,+1.5 Goles,0.809
6479_2191_2026-09-11,2026-09-11,Trefelin,Penybont,6479,2191,RESUELTO,0-1,1.0,Doble Oportunidad,X2,0.898
6451_352_2026-09-11,2026-09-11,Denbigh Town,Bala Town,6451,352,RESUELTO,5-2,0.0,Doble Oportunidad,X2,0.852
6451_352_2026-09-11,2026-09-11,Denbigh Town,Bala Town,6451,352,RESUELTO,5-2,1.0,Goles,+1.5 Goles,0.86
5610_355_2026-09-11,2026-09-11,Caerau (Ely),llanelli AFC,5610,355,RESUELTO,3-0,1.0,Goles,+1.5 Goles,0.93
22541_5346_2026-09-11,2026-09-11,Strabane Athletic,Newry City AFC,22541,5346,RESUELTO,2-2,1.0,Doble Oportunidad,X2,0.836
22541_5346_2026-09-11,2026-09-11,Strabane Athletic,Newry City AFC,22541,5346,RESUELTO,2-2,1.0,Goles,+1.5 Goles,0.841
536_532_2026-09-11,2026-09-11,Sevilla,Valencia,536,532,RESUELTO,1-0,1.0,Doble Oportunidad,1X,0.825
536_532_2026-09-11,2026-09-11,Sevilla,Valencia,536,532,RESUELTO,1-0,0.0,Goles,+1.5 Goles,0.838
1667_24514_2026-09-11,2026-09-11,Paris Saint Germain W,Strasbourg W,1667,24514,RESUELTO,2-0,1.0,Doble Oportunidad,1X,0.823
1667_24514_2026-09-11,2026-09-11,Paris Saint Germain W,Strasbourg W,1667,24514,RESUELTO,2-0,1.0,Goles,+1.5 Goles,0.929
3514_276_2026-09-11,2026-09-11,Afturelding,Breidablik,3514,276,RESUELTO,1-2,0.0,Doble Oportunidad,1X,0.823
3514_276_2026-09-11,2026-09-11,Afturelding,Breidablik,3514,276,RESUELTO,1-2,1.0,Goles,+1.5 Goles,0.867
506_504_2026-09-11,2026-09-11,Benevento,Hellas Verona,506,504,RESUELTO,3-1,1.0,Goles,+1.5 Goles,0.859
9539_9556_2026-09-11,2026-09-11,Audace Cerignola,Giugliano,9539,9556,RESUELTO,4-0,1.0,Goles,+1.5 Goles,0.932
9542_19968_2026-09-11,2026-09-11,Casarano,Barletta,9542,19968,RESUELTO,3-1,1.0,Goles,+1.5 Goles,0.956
9542_19968_2026-09-11,2026-09-11,Casarano,Barletta,9542,19968,RESUELTO,3-1,1.0,Goles,+2.5 Goles,0.847
9542_19968_2026-09-11,2026-09-11,Casarano,Barletta,9542,19968,RESUELTO,3-1,1.0,Ambos Anotan,Sí,0.826
16135_16790_2026-09-11,2026-09-11,Magpies,Hound Dogs,16135,16790,RESUELTO,4-0,1.0,Ganador Directo,Gana Magpies,0.816
16135_16790_2026-09-11,2026-09-11,Magpies,Hound Dogs,16135,16790,RESUELTO,4-0,1.0,Doble Oportunidad,1X,0.949
16135_16790_2026-09-11,2026-09-11,Magpies,Hound Dogs,16135,16790,RESUELTO,4-0,1.0,Goles,+1.5 Goles,0.878
714_9597_2026-09-11,2026-09-11,Gimnastic,Algeciras,714,9597,RESUELTO,4-2,1.0,Doble Oportunidad,1X,0.808
5301_2249_2026-09-11,2026-09-11,Fiorentino,La Fiorita,5301,2249,RESUELTO,1-1,0.0,Mega-Misil SGBB,BTTS_No_U35,0.858
5301_2249_2026-09-11,2026-09-11,Fiorentino,La Fiorita,5301,2249,RESUELTO,1-1,1.0,Doble Oportunidad,X2,0.813
5301_2249_2026-09-11,2026-09-11,Fiorentino,La Fiorita,5301,2249,RESUELTO,1-1,1.0,Goles,-3.5 Goles,0.986
5301_2249_2026-09-11,2026-09-11,Fiorentino,La Fiorita,5301,2249,RESUELTO,1-1,0.0,Ambos Anotan,No,0.86
2260_5299_2026-09-11,2026-09-11,Tre Fiori,Domagnano,2260,5299,RESUELTO,3-0,1.0,Goles,+1.5 Goles,0.922
26031_21103_2026-09-11,2026-09-11,Deportivo Cuenca Juniors,Cuniburo,26031,21103,RESUELTO,0-2,1.0,Mega-Misil SGBB,X2_U45,0.894
26031_21103_2026-09-11,2026-09-11,Deportivo Cuenca Juniors,Cuniburo,26031,21103,RESUELTO,0-2,1.0,Doble Oportunidad,X2,0.925
26031_21103_2026-09-11,2026-09-11,Deportivo Cuenca Juniors,Cuniburo,26031,21103,RESUELTO,0-2,1.0,Goles,-3.5 Goles,0.902
239_229_2026-09-11,2026-09-11,Academica,Benfica B,239,229,RESUELTO,0-3,1.0,Goles,-3.5 Goles,0.85
2539_22479_2026-09-11,2026-09-11,UTC Cajamarca,Juan Pablo II College,2539,22479,RESUELTO,1-2,1.0,Goles,+1.5 Goles,0.921
904_905_2026-09-11,2026-09-11,CR Belouizdad,ES Setif,904,905,RESUELTO,1-0,0.0,Goles,+1.5 Goles,0.81
27777_27774_2026-09-11,2026-09-11,Killas W,Defensores W,27777,27774,RESUELTO,3-1,1.0,Goles,+1.5 Goles,0.899
1988_19414_2026-09-11,2026-09-11,LDU Portoviejo,Santo Domingo,1988,19414,RESUELTO,1-0,1.0,Goles,-3.5 Goles,0.88
8386_8008_2026-09-11,2026-09-11,Ituzaingó,Comunicaciones,8386,8008,RESUELTO,2-2,1.0,Doble Oportunidad,X2,0.857
8386_8008_2026-09-11,2026-09-11,Ituzaingó,Comunicaciones,8386,8008,RESUELTO,2-2,0.0,Goles,-3.5 Goles,0.941
2430_2422_2026-09-11,2026-09-11,Argentino de Merlo,Real Pilar,2430,2422,RESUELTO,0-1,1.0,Goles,-3.5 Goles,0.928
451_1065_2026-09-11,2026-09-11,Boca Juniors,Central Cordoba de Santiago,451,1065,RESUELTO,3-1,1.0,Doble Oportunidad,1X,0.832
451_1065_2026-09-11,2026-09-11,Boca Juniors,Central Cordoba de Santiago,451,1065,RESUELTO,3-1,0.0,Goles,-3.5 Goles,0.894
16487_3000_2026-09-11,2026-09-11,Kansas City W,Orlando Pride W,16487,3000,RESUELTO,2-2,1.0,Goles,+1.5 Goles,0.842
26831_26840_2026-09-11,2026-09-11,Club Tijuana U21,Queretaro U21,26831,26840,RESUELTO,3-1,1.0,Doble Oportunidad,1X,0.867
26831_26840_2026-09-11,2026-09-11,Club Tijuana U21,Queretaro U21,26831,26840,RESUELTO,3-1,1.0,Goles,+1.5 Goles,0.812
18905_25485_2026-09-11,2026-09-11,One Knoxville,Naples,18905,25485,RESUELTO,0-0,0.0,Goles,+1.5 Goles,0.815
27251_9033_2026-09-11,2026-09-11,Boise,NY Cosmos,27251,9033,RESUELTO,2-1,1.0,Goles,+1.5 Goles,0.855
26525_2308_2026-09-11,2026-09-11,Chapulineros,Celaya,26525,2308,RESUELTO,1-1,1.0,Mega-Misil SGBB,X2_U45,0.875
26525_2308_2026-09-11,2026-09-11,Chapulineros,Celaya,26525,2308,RESUELTO,1-1,0.0,Ganador Directo,Gana Celaya,0.876
26525_2308_2026-09-11,2026-09-11,Chapulineros,Celaya,26525,2308,RESUELTO,1-1,1.0,Doble Oportunidad,X2,0.99
26525_2308_2026-09-11,2026-09-11,Chapulineros,Celaya,26525,2308,RESUELTO,1-1,0.0,Ambos Anotan,No,0.878
147_134_2026-09-11,2026-09-11,Coritiba,Atletico Paranaense,147,134,RESUELTO,3-3,1.0,Goles,+1.5 Goles,0.875
1150_25736_2026-09-11,2026-09-11,El Nacional,22 de Julio,1150,25736,RESUELTO,3-0,1.0,Doble Oportunidad,1X,0.8
1150_25736_2026-09-11,2026-09-11,El Nacional,22 de Julio,1150,25736,RESUELTO,3-0,1.0,Goles,-3.5 Goles,0.889
2376_2373_2026-09-11,2026-09-11,Oriental,Miramar,2376,2373,RESUELTO,1-3,0.0,Doble Oportunidad,1X,0.82
2376_2373_2026-09-11,2026-09-11,Oriental,Miramar,2376,2373,RESUELTO,1-3,0.0,Goles,-3.5 Goles,0.869
2288_2291_2026-09-11,2026-09-11,Necaxa,Puebla,2288,2291,RESUELTO,0-1,0.0,Goles,+1.5 Goles,0.889
2313_14276_2026-09-11,2026-09-11,Correcaminos Uat,Cancún,2313,14276,RESUELTO,2-2,1.0,Doble Oportunidad,X2,0.877
2313_14276_2026-09-11,2026-09-11,Correcaminos Uat,Cancún,2313,14276,RESUELTO,2-2,0.0,Goles,-3.5 Goles,0.873
14875_14870_2026-09-11,2026-09-11,Cruz Azul W,Pumas UNAM W,14875,14870,RESUELTO,3-2,0.0,Doble Oportunidad,X2,0.904
14875_14870_2026-09-11,2026-09-11,Cruz Azul W,Pumas UNAM W,14875,14870,RESUELTO,3-2,1.0,Goles,+1.5 Goles,0.84
10213_20850_2026-09-11,2026-09-11,Brisbane Strikers,Broadbeach United,10213,20850,RESUELTO,2-1,1.0,Doble Oportunidad,1X,0.873
10213_20850_2026-09-11,2026-09-11,Brisbane Strikers,Broadbeach United,10213,20850,RESUELTO,2-1,1.0,Goles,-3.5 Goles,0.89
2882_27364_2026-09-11,2026-09-11,CD Arabe Unido,Union Cocle,2882,27364,RESUELTO,4-1,1.0,Doble Oportunidad,1X,0.925
24949_22047_2026-09-11,2026-09-11,Acatlan,Real Apodaca,24949,22047,RESUELTO,4-1,1.0,Doble Oportunidad,1X,0.809
11370_1057_2026-09-11,2026-09-11,Estrella Roja,Platense FC,11370,1057,RESUELTO,2-2,1.0,Doble Oportunidad,1X,0.819
11370_1057_2026-09-11,2026-09-11,Estrella Roja,Platense FC,11370,1057,RESUELTO,2-2,1.0,Goles,+1.5 Goles,0.928
18450_27378_2026-09-11,2026-09-11,Angel City W,Denver Summit W,18450,27378,RESUELTO,3-3,0.0,Goles,-3.5 Goles,0.87
819_823_2026-09-11,2026-09-11,Perez Zeledon,San Carlos,819,823,RESUELTO,0-2,1.0,Goles,-3.5 Goles,0.903
27383_941_2026-09-12,2026-09-12,Vanuatu United,Central Coast Mariners,27383,941,RESUELTO,1-0,0.0,Goles,+1.5 Goles,0.965
27383_941_2026-09-12,2026-09-12,Vanuatu United,Central Coast Mariners,27383,941,RESUELTO,1-0,0.0,Goles,+2.5 Goles,0.875
27383_941_2026-09-12,2026-09-12,Vanuatu United,Central Coast Mariners,27383,941,RESUELTO,1-0,0.0,Ambos Anotan,Sí,0.828
27865_18654_2026-09-12,2026-09-12,Seosan Pioneer,Geoje Citizen,27865,18654,RESUELTO,0-1,1.0,Doble Oportunidad,X2,0.88
27865_18654_2026-09-12,2026-09-12,Seosan Pioneer,Geoje Citizen,27865,18654,RESUELTO,0-1,0.0,Goles,+1.5 Goles,0.885
25720_16452_2026-09-12,2026-09-12,Sejong SA,Jinju Citizen,25720,16452,RESUELTO,0-4,1.0,Goles,+1.5 Goles,0.916
27860_27863_2026-09-12,2026-09-12,Jecheon Citizen,Jincheon,27860,27863,RESUELTO,1-1,1.0,Goles,+1.5 Goles,0.946
27860_27863_2026-09-12,2026-09-12,Jecheon Citizen,Jincheon,27860,27863,RESUELTO,1-1,0.0,Goles,+2.5 Goles,0.823
7092_18656_2026-09-12,2026-09-12,Jungnang Chorus Mustang,Pyeongchang United,7092,18656,RESUELTO,3-2,1.0,Goles,+1.5 Goles,0.86
28356_28359_2026-09-12,2026-09-12,Pretoria U. W,Stellenbosch W,28356,28359,RESUELTO,4-0,1.0,Mega-Misil SGBB,1X_U45,0.904
28356_28359_2026-09-12,2026-09-12,Pretoria U. W,Stellenbosch W,28356,28359,RESUELTO,4-0,1.0,Doble Oportunidad,1X,0.943
28356_28359_2026-09-12,2026-09-12,Pretoria U. W,Stellenbosch W,28356,28359,RESUELTO,4-0,0.0,Goles,-3.5 Goles,0.883
25378_28360_2026-09-12,2026-09-12,UWC Ladies,TS Galaxy W,25378,28360,RESUELTO,3-0,1.0,Ganador Directo,Gana UWC Ladies,0.853
25378_28360_2026-09-12,2026-09-12,UWC Ladies,TS Galaxy W,25378,28360,RESUELTO,3-0,1.0,Doble Oportunidad,1X,0.978
23533_22493_2026-09-12,2026-09-12,UWA Nedlands,Mandurah City,23533,22493,RESUELTO,0-0,1.0,Goles,-3.5 Goles,0.855
3814_3819_2026-09-12,2026-09-12,Bayswater City,Perth,3814,3819,RESUELTO,2-0,1.0,Goles,+1.5 Goles,0.942
3814_3819_2026-09-12,2026-09-12,Bayswater City,Perth,3814,3819,RESUELTO,2-0,0.0,Goles,+2.5 Goles,0.815
28396_3822_2026-09-12,2026-09-12,Wembley Downs,Rockingham City,28396,3822,RESUELTO,1-0,0.0,Doble Oportunidad,X2,0.822
28396_3822_2026-09-12,2026-09-12,Wembley Downs,Rockingham City,28396,3822,RESUELTO,1-0,1.0,Goles,-3.5 Goles,0.935
16191_18265_2026-09-12,2026-09-12,Maharlika,Dynamic Herb Cebu,16191,18265,RESUELTO,1-0,0.0,Goles,+1.5 Goles,0.901
2750_2764_2026-09-12,2026-09-12,Daejeon Citizen,Pohang Steelers,2750,2764,RESUELTO,2-2,1.0,Goles,+1.5 Goles,0.814
3788_10010_2026-09-12,2026-09-12,Adelaide Raiders,Modbury Jets,3788,10010,RESUELTO,4-1,1.0,Goles,+1.5 Goles,0.866
7064_7112_2026-09-12,2026-09-12,Chuncheon,Yeoju Sejong,7064,7112,RESUELTO,2-1,1.0,Goles,-3.5 Goles,0.859
17167_5627_2026-09-12,2026-09-12,Trostianets,Metalurh Zaporizhya,17167,5627,PENDIENTE,,,Doble Oportunidad,1X,0.854
17167_5627_2026-09-12,2026-09-12,Trostianets,Metalurh Zaporizhya,17167,5627,PENDIENTE,,,Goles,-3.5 Goles,0.903
6495_21956_2026-09-12,2026-09-12,Podillya Khmelnytskyi,Skala 1911 Stryi,6495,21956,PENDIENTE,,,Goles,+1.5 Goles,0.808
2608_2590_2026-09-12,2026-09-12,CS Afumati,ASA Targu Mures,2608,2590,RESUELTO,2-2,1.0,Goles,+1.5 Goles,0.818
26674_2616_2026-09-12,2026-09-12,Cetatea Suceava,CSM Ramnicu Valcea,26674,2616,RESUELTO,4-0,0.0,Goles,-3.5 Goles,0.85
7469_6898_2026-09-12,2026-09-12,Dumbrăviţa,Slatina,7469,6898,RESUELTO,0-2,1.0,Doble Oportunidad,X2,0.903
19170_2580_2026-09-12,2026-09-12,CS Dinamo București,Concordia,19170,2580,RESUELTO,2-5,1.0,Ganador Directo,Gana Concordia,0.757
19170_2580_2026-09-12,2026-09-12,CS Dinamo București,Concordia,19170,2580,RESUELTO,2-5,1.0,Doble Oportunidad,X2,0.916
19170_2580_2026-09-12,2026-09-12,CS Dinamo București,Concordia,19170,2580,RESUELTO,2-5,1.0,Goles,+1.5 Goles,0.891
2606_21686_2026-09-12,2026-09-12,FC Politehnica Timisoara,Ştefăneşti,2606,21686,RESUELTO,2-1,1.0,Doble Oportunidad,1X,0.889
2604_16279_2026-09-12,2026-09-12,Metaloglobus,CSM Satu Mare,2604,16279,RESUELTO,1-1,1.0,Goles,+1.5 Goles,0.824
20033_7466_2026-09-12,2026-09-12,Bihor Oradea,CSA Steaua Bucureşti,20033,7466,PENDIENTE,,,Goles,+1.5 Goles,0.871
4456_4453_2026-09-12,2026-09-12,Southern District,Kitchee,4456,4453,RESUELTO,1-3,1.0,Goles,+1.5 Goles,0.862
4457_4462_2026-09-12,2026-09-12,Wofoo Tai Po,Hong Kong FC,4457,4462,RESUELTO,1-2,0.0,Doble Oportunidad,1X,0.835
4457_4462_2026-09-12,2026-09-12,Wofoo Tai Po,Hong Kong FC,4457,4462,RESUELTO,1-2,1.0,Goles,+1.5 Goles,0.947
4457_4462_2026-09-12,2026-09-12,Wofoo Tai Po,Hong Kong FC,4457,4462,RESUELTO,1-2,1.0,Goles,+2.5 Goles,0.828
23289_5665_2026-09-12,2026-09-12,Shanghai Port II,Jiangxi Liansheng,23289,5665,RESUELTO,1-0,1.0,Goles,-3.5 Goles,0.851
5647_19320_2026-09-12,2026-09-12,BIT,Shangyu Pterosaur,5647,19320,PENDIENTE,,,Mega-Misil SGBB,1X_O15,0.854
5647_19320_2026-09-12,2026-09-12,BIT,Shangyu Pterosaur,5647,19320,PENDIENTE,,,Ganador Directo,Gana BIT,0.776
5647_19320_2026-09-12,2026-09-12,BIT,Shangyu Pterosaur,5647,19320,PENDIENTE,,,Doble Oportunidad,1X,0.916
5647_19320_2026-09-12,2026-09-12,BIT,Shangyu Pterosaur,5647,19320,PENDIENTE,,,Goles,+1.5 Goles,0.931
25775_27620_2026-09-12,2026-09-12,Guizhou Zhucheng,Dalian Kewei,25775,27620,PENDIENTE,,,Goles,-3.5 Goles,0.883
25773_27619_2026-09-12,2026-09-12,Guangdong Mingtu,Shanghai Second,25773,27619,PENDIENTE,,,Doble Oportunidad,1X,0.8
24200_7306_2026-09-12,2026-09-12,Rapid Psáry,Karlovy Vary,24200,7306,RESUELTO,1-2,0.0,Doble Oportunidad,1X,0.815
24200_7306_2026-09-12,2026-09-12,Rapid Psáry,Karlovy Vary,24200,7306,RESUELTO,1-2,1.0,Goles,+1.5 Goles,0.924
3721_7302_2026-09-12,2026-09-12,Baník Sokolov,Hvězda Cheb,3721,7302,RESUELTO,3-1,1.0,Doble Oportunidad,1X,0.818
3721_7302_2026-09-12,2026-09-12,Baník Sokolov,Hvězda Cheb,3721,7302,RESUELTO,3-1,1.0,Goles,+1.5 Goles,0.913
19439_7350_2026-09-12,2026-09-12,Újezd Praha 4,Sokol Hostouň,19439,7350,RESUELTO,0-2,1.0,Goles,+1.5 Goles,0.94
19439_7350_2026-09-12,2026-09-12,Újezd Praha 4,Sokol Hostouň,19439,7350,RESUELTO,0-2,0.0,Goles,+2.5 Goles,0.808
4258_7328_2026-09-12,2026-09-12,Slavoj Vyšehrad,Ostrov,4258,7328,RESUELTO,2-2,1.0,Goles,+1.5 Goles,0.958
4258_7328_2026-09-12,2026-09-12,Slavoj Vyšehrad,Ostrov,4258,7328,RESUELTO,2-2,1.0,Goles,+2.5 Goles,0.854
4258_7328_2026-09-12,2026-09-12,Slavoj Vyšehrad,Ostrov,4258,7328,RESUELTO,2-2,1.0,Ambos Anotan,Sí,0.814
24194_7278_2026-09-12,2026-09-12,Ústí nad Labem II,Brandýs nad Labem,24194,7278,RESUELTO,2-4,1.0,Goles,+1.5 Goles,0.96
24194_7278_2026-09-12,2026-09-12,Ústí nad Labem II,Brandýs nad Labem,24194,7278,RESUELTO,2-4,1.0,Goles,+2.5 Goles,0.86
24194_7278_2026-09-12,2026-09-12,Ústí nad Labem II,Brandýs nad Labem,24194,7278,RESUELTO,2-4,1.0,Ambos Anotan,Sí,0.826
21648_7336_2026-09-12,2026-09-12,Slavia Hradec Králové,Přepeře,21648,7336,RESUELTO,0-1,0.0,Goles,+1.5 Goles,0.915
7295_7367_2026-09-12,2026-09-12,Hlinsko,Trutnov,7295,7367,RESUELTO,1-0,0.0,Goles,+1.5 Goles,0.896
7269_26232_2026-09-12,2026-09-12,Aritma Praha,Slavia III,7269,26232,RESUELTO,1-3,0.0,Goles,-3.5 Goles,0.888
7273_7312_2026-09-12,2026-09-12,Benešov,Králův Dvůr,7273,7312,RESUELTO,2-4,1.0,Goles,+1.5 Goles,0.822
14005_7315_2026-09-12,2026-09-12,Povltava FA,Loko Vltavín,14005,7315,RESUELTO,2-4,1.0,Goles,+1.5 Goles,0.847
3722_7384_2026-09-12,2026-09-12,Chrudim,Čáslav,3722,7384,RESUELTO,2-2,1.0,Doble Oportunidad,1X,0.894
3722_7384_2026-09-12,2026-09-12,Chrudim,Čáslav,3722,7384,RESUELTO,2-2,1.0,Goles,+1.5 Goles,0.844
7372_14495_2026-09-12,2026-09-12,Velké Hamry,Hradec Králové II,7372,14495,RESUELTO,0-0,1.0,Doble Oportunidad,X2,0.889
24191_7349_2026-09-12,2026-09-12,Horní Ředice,Sokol Brozany,24191,7349,PENDIENTE,,,Goles,+1.5 Goles,0.832
19436_19689_2026-09-12,2026-09-12,Tatran Bohunice,Kuřim,19436,19689,RESUELTO,3-0,1.0,Goles,+1.5 Goles,0.911
3804_3798_2026-09-12,2026-09-12,Hume City,Avondale,3804,3798,RESUELTO,2-3,1.0,Goles,+1.5 Goles,0.856
14835_14840_2026-09-12,2026-09-12,Opava U19,Zlín U19,14835,14840,RESUELTO,4-3,1.0,Doble Oportunidad,1X,0.836
14835_14840_2026-09-12,2026-09-12,Opava U19,Zlín U19,14835,14840,RESUELTO,4-3,1.0,Goles,+1.5 Goles,0.973
14835_14840_2026-09-12,2026-09-12,Opava U19,Zlín U19,14835,14840,RESUELTO,4-3,1.0,Goles,+2.5 Goles,0.899
14835_14840_2026-09-12,2026-09-12,Opava U19,Zlín U19,14835,14840,RESUELTO,4-3,1.0,Ambos Anotan,Sí,0.817
14836_7970_2026-09-12,2026-09-12,Pardubice U19,Viktoria Plzeň U19,14836,7970,RESUELTO,0-4,1.0,Ganador Directo,Gana Viktoria Plzeň U19,0.781
14836_7970_2026-09-12,2026-09-12,Pardubice U19,Viktoria Plzeň U19,14836,7970,RESUELTO,0-4,1.0,Doble Oportunidad,X2,0.928
14836_7970_2026-09-12,2026-09-12,Pardubice U19,Viktoria Plzeň U19,14836,7970,RESUELTO,0-4,1.0,Goles,+1.5 Goles,0.895
14831_14841_2026-09-12,2026-09-12,Hradec Králové U19,České Budějovice U19,14831,14841,RESUELTO,2-1,1.0,Doble Oportunidad,1X,0.809
14831_14841_2026-09-12,2026-09-12,Hradec Králové U19,České Budějovice U19,14831,14841,RESUELTO,2-1,1.0,Goles,+1.5 Goles,0.959
14831_14841_2026-09-12,2026-09-12,Hradec Králové U19,České Budějovice U19,14831,14841,RESUELTO,2-1,1.0,Goles,+2.5 Goles,0.856
7969_14832_2026-09-12,2026-09-12,Sigma Olomouc U19,Karviná U19,7969,14832,RESUELTO,2-0,1.0,Goles,+1.5 Goles,0.966
7969_14832_2026-09-12,2026-09-12,Sigma Olomouc U19,Karviná U19,7969,14832,RESUELTO,2-0,0.0,Goles,+2.5 Goles,0.875
7969_14832_2026-09-12,2026-09-12,Sigma Olomouc U19,Karviná U19,7969,14832,RESUELTO,2-0,0.0,Ambos Anotan,Sí,0.824
7933_19200_2026-09-12,2026-09-12,Slavia Praha U19,Dukla Praha U19,7933,19200,RESUELTO,0-2,1.0,Goles,+1.5 Goles,0.947
7933_19200_2026-09-12,2026-09-12,Slavia Praha U19,Dukla Praha U19,7933,19200,RESUELTO,0-2,0.0,Goles,+2.5 Goles,0.826
14834_27891_2026-09-12,2026-09-12,Mladá Boleslav U19,Teplice U19,14834,27891,RESUELTO,5-3,1.0,Goles,+1.5 Goles,0.956
14834_27891_2026-09-12,2026-09-12,Mladá Boleslav U19,Teplice U19,14834,27891,RESUELTO,5-3,1.0,Goles,+2.5 Goles,0.849
14834_27891_2026-09-12,2026-09-12,Mladá Boleslav U19,Teplice U19,14834,27891,RESUELTO,5-3,1.0,Ambos Anotan,Sí,0.824
7995_14838_2026-09-12,2026-09-12,Sparta Praha U19,Slovácko U19,7995,14838,PENDIENTE,,,Doble Oportunidad,1X,0.836
7995_14838_2026-09-12,2026-09-12,Sparta Praha U19,Slovácko U19,7995,14838,PENDIENTE,,,Goles,+1.5 Goles,0.956
7995_14838_2026-09-12,2026-09-12,Sparta Praha U19,Slovácko U19,7995,14838,PENDIENTE,,,Goles,+2.5 Goles,0.849
7276_3732_2026-09-12,2026-09-12,Blansko,Vítkovice,7276,3732,RESUELTO,0-0,0.0,Ganador Directo,Gana Vítkovice,0.75
7276_3732_2026-09-12,2026-09-12,Blansko,Vítkovice,7276,3732,RESUELTO,0-0,1.0,Doble Oportunidad,X2,0.926
7276_3732_2026-09-12,2026-09-12,Blansko,Vítkovice,7276,3732,RESUELTO,0-0,0.0,Goles,+1.5 Goles,0.83
27928_7351_2026-09-12,2026-09-12,Prostejov B,Sokol Lanžhot,27928,7351,RESUELTO,1-3,1.0,Goles,+1.5 Goles,0.947
27928_7351_2026-09-12,2026-09-12,Prostejov B,Sokol Lanžhot,27928,7351,RESUELTO,1-3,1.0,Goles,+2.5 Goles,0.827
27928_7351_2026-09-12,2026-09-12,Prostejov B,Sokol Lanžhot,27928,7351,RESUELTO,1-3,1.0,Ambos Anotan,Sí,0.809
10134_2445_2026-09-12,2026-09-12,Persija,Persib Bandung,10134,2445,RESUELTO,2-1,1.0,Goles,+1.5 Goles,0.845
3882_2444_2026-09-12,2026-09-12,PSS Sleman,Persepam Madura Utd,3882,2444,RESUELTO,1-3,1.0,Doble Oportunidad,X2,0.819
2448_24993_2026-09-12,2026-09-12,Bali United,Isenmulang Kalteng,2448,24993,PENDIENTE,,,Mega-Misil SGBB,1X_O15,0.851
2448_24993_2026-09-12,2026-09-12,Bali United,Isenmulang Kalteng,2448,24993,PENDIENTE,,,Ganador Directo,Gana Bali United,0.819
2448_24993_2026-09-12,2026-09-12,Bali United,Isenmulang Kalteng,2448,24993,PENDIENTE,,,Doble Oportunidad,1X,0.948
2448_24993_2026-09-12,2026-09-12,Bali United,Isenmulang Kalteng,2448,24993,PENDIENTE,,,Goles,+1.5 Goles,0.893
11132_2442_2026-09-12,2026-09-12,Persijap,Pusamania Borneo,11132,2442,PENDIENTE,,,Goles,-3.5 Goles,0.866
16779_16776_2026-09-12,2026-09-12,St. George Saints,Northern Tigers,16779,16776,RESUELTO,3-1,0.0,Doble Oportunidad,X2,0.855
16779_16776_2026-09-12,2026-09-12,St. George Saints,Northern Tigers,16779,16776,RESUELTO,3-1,0.0,Goles,-3.5 Goles,0.901
2504_27373_2026-09-12,2026-09-12,Penang,Kelantan Red Warrior FC,2504,27373,RESUELTO,3-2,1.0,Mega-Misil SGBB,1X_O15,0.872
2504_27373_2026-09-12,2026-09-12,Penang,Kelantan Red Warrior FC,2504,27373,RESUELTO,3-2,1.0,Ganador Directo,Gana Penang,0.842
2504_27373_2026-09-12,2026-09-12,Penang,Kelantan Red Warrior FC,2504,27373,RESUELTO,3-2,1.0,Doble Oportunidad,1X,0.956
2504_27373_2026-09-12,2026-09-12,Penang,Kelantan Red Warrior FC,2504,27373,RESUELTO,3-2,1.0,Goles,+1.5 Goles,0.909
10108_21038_2026-09-12,2026-09-12,Kuching FA,Melaka,10108,21038,PENDIENTE,,,Mega-Misil SGBB,1X_O15,0.864
10108_21038_2026-09-12,2026-09-12,Kuching FA,Melaka,10108,21038,PENDIENTE,,,Ganador Directo,Gana Kuching FA,0.804
10108_21038_2026-09-12,2026-09-12,Kuching FA,Melaka,10108,21038,PENDIENTE,,,Doble Oportunidad,1X,0.933
10108_21038_2026-09-12,2026-09-12,Kuching FA,Melaka,10108,21038,PENDIENTE,,,Goles,+1.5 Goles,0.923
4318_314_2026-09-12,2026-09-12,Fukushima United,Roasso Kumamoto,4318,314,RESUELTO,1-2,1.0,Goles,+1.5 Goles,0.886
7135_297_2026-09-12,2026-09-12,Nara Club,FC Gifu,7135,297,RESUELTO,2-1,1.0,Goles,+1.5 Goles,0.848
305_294_2026-09-12,2026-09-12,Mito Hollyhock,Kawasaki Frontale,305,294,RESUELTO,0-1,0.0,Goles,+1.5 Goles,0.811
303_296_2026-09-12,2026-09-12,Machida Zelvia,Yokohama F. Marinos,303,296,RESUELTO,1-1,1.0,Goles,+1.5 Goles,0.82
282_291_2026-09-12,2026-09-12,Sanfrecce Hiroshima,Cerezo Osaka,282,291,RESUELTO,6-1,1.0,Doble Oportunidad,1X,0.888
285_288_2026-09-12,2026-09-12,V-varen Nagasaki,Nagoya Grampus,285,288,RESUELTO,2-0,1.0,Goles,+1.5 Goles,0.858
16873_15982_2026-09-12,2026-09-12,Ružomberok W,Spartak Myjava W,16873,15982,RESUELTO,1-4,1.0,Mega-Misil SGBB,X2_O15,0.928
16873_15982_2026-09-12,2026-09-12,Ružomberok W,Spartak Myjava W,16873,15982,RESUELTO,1-4,1.0,Mega-Misil SGBB,X2_O25,0.883
16873_15982_2026-09-12,2026-09-12,Ružomberok W,Spartak Myjava W,16873,15982,RESUELTO,1-4,1.0,Mega-Misil SGBB,2_O15,0.852
16873_15982_2026-09-12,2026-09-12,Ružomberok W,Spartak Myjava W,16873,15982,RESUELTO,1-4,1.0,Ganador Directo,Gana Spartak Myjava W,0.861
16873_15982_2026-09-12,2026-09-12,Ružomberok W,Spartak Myjava W,16873,15982,RESUELTO,1-4,1.0,Doble Oportunidad,X2,0.942
16873_15982_2026-09-12,2026-09-12,Ružomberok W,Spartak Myjava W,16873,15982,RESUELTO,1-4,1.0,Goles,+1.5 Goles,0.985
16873_15982_2026-09-12,2026-09-12,Ružomberok W,Spartak Myjava W,16873,15982,RESUELTO,1-4,1.0,Goles,+2.5 Goles,0.937
15980_10924_2026-09-12,2026-09-12,Petržalka W,Slovan Bratislava W,15980,10924,PENDIENTE,,,Mega-Misil SGBB,BTTS_O25,0.866
15980_10924_2026-09-12,2026-09-12,Petržalka W,Slovan Bratislava W,15980,10924,PENDIENTE,,,Goles,+1.5 Goles,0.984
15980_10924_2026-09-12,2026-09-12,Petržalka W,Slovan Bratislava W,15980,10924,PENDIENTE,,,Goles,+2.5 Goles,0.93
15980_10924_2026-09-12,2026-09-12,Petržalka W,Slovan Bratislava W,15980,10924,PENDIENTE,,,Ambos Anotan,Sí,0.895
24744_27903_2026-09-12,2026-09-12,Juventus U20,Albinoleffe U20,24744,27903,RESUELTO,1-2,0.0,Doble Oportunidad,1X,0.837
24744_27903_2026-09-12,2026-09-12,Juventus U20,Albinoleffe U20,24744,27903,RESUELTO,1-2,1.0,Goles,+1.5 Goles,0.944
24744_27903_2026-09-12,2026-09-12,Juventus U20,Albinoleffe U20,24744,27903,RESUELTO,1-2,1.0,Goles,+2.5 Goles,0.821
24738_24736_2026-09-12,2026-09-12,Monza U20,Lecce U20,24738,24736,RESUELTO,2-2,1.0,Goles,+1.5 Goles,0.864
24733_24737_2026-09-12,2026-09-12,Hellas Verona U20,Milan U20,24733,24737,PENDIENTE,,,Doble Oportunidad,X2,0.807
19421_7323_2026-09-12,2026-09-12,Břidličná,Nový Jičín,19421,7323,RESUELTO,2-4,1.0,Goles,+1.5 Goles,0.808
3625_14437_2026-09-12,2026-09-12,Inhulets,Metal Kharkiv,3625,14437,RESUELTO,1-0,0.0,Doble Oportunidad,X2,0.884
21954_17165_2026-09-12,2026-09-12,Lokomotiv Kyiv,SK Poltava,21954,17165,PENDIENTE,,,Mega-Misil SGBB,X2_U45,0.909
21954_17165_2026-09-12,2026-09-12,Lokomotiv Kyiv,SK Poltava,21954,17165,PENDIENTE,,,Doble Oportunidad,X2,0.943
21954_17165_2026-09-12,2026-09-12,Lokomotiv Kyiv,SK Poltava,21954,17165,PENDIENTE,,,Goles,-3.5 Goles,0.894
24566_24585_2026-09-12,2026-09-12,Kulykiv,Kolos Kovalivka II,24566,24585,PENDIENTE,,,Doble Oportunidad,1X,0.888
24566_24585_2026-09-12,2026-09-12,Kulykiv,Kolos Kovalivka II,24566,24585,PENDIENTE,,,Goles,+1.5 Goles,0.878
19357_7954_2026-09-12,2026-09-12,Babelsberg U19,Hertha BSC U19,19357,7954,RESUELTO,3-1,0.0,Mega-Misil SGBB,X2_O15,0.881
19357_7954_2026-09-12,2026-09-12,Babelsberg U19,Hertha BSC U19,19357,7954,RESUELTO,3-1,0.0,Ganador Directo,Gana Hertha BSC U19,0.786
19357_7954_2026-09-12,2026-09-12,Babelsberg U19,Hertha BSC U19,19357,7954,RESUELTO,3-1,0.0,Doble Oportunidad,X2,0.902
19357_7954_2026-09-12,2026-09-12,Babelsberg U19,Hertha BSC U19,19357,7954,RESUELTO,3-1,1.0,Goles,+1.5 Goles,0.977
19357_7954_2026-09-12,2026-09-12,Babelsberg U19,Hertha BSC U19,19357,7954,RESUELTO,3-1,1.0,Goles,+2.5 Goles,0.909
10259_10255_2026-09-12,2026-09-12,Heidenheim U19,Freiburg U19,10259,10255,RESUELTO,3-3,1.0,Goles,+1.5 Goles,0.936
7955_10247_2026-09-12,2026-09-12,Hoffenheim U19,Augsburg U19,7955,10247,RESUELTO,1-1,1.0,Doble Oportunidad,1X,0.893
7955_10247_2026-09-12,2026-09-12,Hoffenheim U19,Augsburg U19,7955,10247,RESUELTO,1-1,1.0,Goles,+1.5 Goles,0.916
19441_10260_2026-09-12,2026-09-12,BAK 07 U19,Holstein Kiel U19,19441,10260,PENDIENTE,,,Goles,+1.5 Goles,0.905
10253_10250_2026-09-12,2026-09-12,Energie Cottbus U19,Chemnitzer FC U19,10253,10250,PENDIENTE,,,Doble Oportunidad,1X,0.882
10253_10250_2026-09-12,2026-09-12,Energie Cottbus U19,Chemnitzer FC U19,10253,10250,PENDIENTE,,,Goles,+1.5 Goles,0.844
13954_24539_2026-09-12,2026-09-12,Nürnberg U19,Erzgebirge Aue U19,13954,24539,PENDIENTE,,,Goles,+1.5 Goles,0.967
13954_24539_2026-09-12,2026-09-12,Nürnberg U19,Erzgebirge Aue U19,13954,24539,PENDIENTE,,,Goles,+2.5 Goles,0.88
13954_24539_2026-09-12,2026-09-12,Nürnberg U19,Erzgebirge Aue U19,13954,24539,PENDIENTE,,,Ambos Anotan,Sí,0.824
10272_10277_2026-09-12,2026-09-12,St. Pauli U19,Werder Bremen U19,10272,10277,PENDIENTE,,,Goles,+1.5 Goles,0.817
10278_10246_2026-09-12,2026-09-12,Wolfsburg U19,Arminia Bielefeld U19,10278,10246,PENDIENTE,,,Goles,+1.5 Goles,0.892
24543_10256_2026-09-12,2026-09-12,Rot-Weiß Erfurt U19,Greuther Fürth U19,24543,10256,PENDIENTE,,,Goles,+1.5 Goles,0.934
10267_10257_2026-09-12,2026-09-12,Magdeburg U19,Hamburger SV U19,10267,10257,PENDIENTE,,,Goles,+1.5 Goles,0.914
10275_13961_2026-09-12,2026-09-12,Union Berlin U19,Eintracht Braunsch U19,10275,13961,PENDIENTE,,,Doble Oportunidad,1X,0.822
10275_13961_2026-09-12,2026-09-12,Union Berlin U19,Eintracht Braunsch U19,10275,13961,PENDIENTE,,,Goles,+1.5 Goles,0.927
20594_7958_2026-09-12,2026-09-12,Raków Częstochowa U19,Lech Poznań U19,20594,7958,RESUELTO,1-0,1.0,Doble Oportunidad,1X,0.8
20594_7958_2026-09-12,2026-09-12,Raków Częstochowa U19,Lech Poznań U19,20594,7958,RESUELTO,1-0,0.0,Goles,+1.5 Goles,0.808
20590_20592_2026-09-12,2026-09-12,Jagiellonia U19,Miedź Legnica U19,20590,20592,PENDIENTE,,,Doble Oportunidad,1X,0.803
20590_20592_2026-09-12,2026-09-12,Jagiellonia U19,Miedź Legnica U19,20590,20592,PENDIENTE,,,Goles,+1.5 Goles,0.826
20595_24519_2026-09-12,2026-09-12,Wisła Kraków U19,Stal Rzeszów U19,20595,24519,PENDIENTE,,,Doble Oportunidad,1X,0.84
20595_24519_2026-09-12,2026-09-12,Wisła Kraków U19,Stal Rzeszów U19,20595,24519,PENDIENTE,,,Goles,+1.5 Goles,0.809
7987_16391_2026-09-12,2026-09-12,Legia Warszawa U19,Górnik Zabrze U19,7987,16391,PENDIENTE,,,Doble Oportunidad,1X,0.886
4315_299_2026-09-12,2026-09-12,Blaublitz Akita,Tokushima Vortis,4315,299,RESUELTO,4-1,0.0,Goles,-3.5 Goles,0.905
7127_307_2026-09-12,2026-09-12,Iwaki,Yokohama FC,7127,307,RESUELTO,2-0,1.0,Goles,+1.5 Goles,0.854
4322_7145_2026-09-12,2026-09-12,Kataller Toyama,Tochigi City,4322,7145,RESUELTO,0-0,0.0,Goles,+1.5 Goles,0.894
10075_295_2026-09-12,2026-09-12,Imabari,Sagan Tosu,10075,295,RESUELTO,1-0,0.0,Goles,+1.5 Goles,0.845
313_298_2026-09-12,2026-09-12,Omiya Ardija,Oita Trinita,313,298,RESUELTO,0-0,1.0,Doble Oportunidad,1X,0.849
10409_4317_2026-09-12,2026-09-12,Tegevajaro Miyazaki,Fujieda MYFC,10409,4317,RESUELTO,3-2,0.0,Doble Oportunidad,X2,0.841
308_280_2026-09-12,2026-09-12,Ventforet Kofu,Jubilo Iwata,308,280,RESUELTO,0-1,0.0,Goles,+1.5 Goles,0.8
15661_24356_2026-09-12,2026-09-12,Cosenza U19,Avellino U19,15661,24356,RESUELTO,1-2,1.0,Doble Oportunidad,X2,0.902
15661_24356_2026-09-12,2026-09-12,Cosenza U19,Avellino U19,15661,24356,RESUELTO,1-2,1.0,Goles,+1.5 Goles,0.854
15666_15674_2026-09-12,2026-09-12,Frosinone U19,Pisa U19,15666,15674,RESUELTO,2-3,1.0,Goles,+1.5 Goles,0.844
27997_15679_2026-09-12,2026-09-12,Latina U19,Salernitana U19,27997,15679,RESUELTO,4-1,1.0,Doble Oportunidad,1X,0.833
27997_15679_2026-09-12,2026-09-12,Latina U19,Salernitana U19,27997,15679,RESUELTO,4-1,1.0,Goles,+1.5 Goles,0.826
15673_15655_2026-09-12,2026-09-12,Pescara U19,Benevento U19,15673,15655,RESUELTO,3-1,0.0,Doble Oportunidad,X2,0.873
15673_15655_2026-09-12,2026-09-12,Pescara U19,Benevento U19,15673,15655,RESUELTO,3-1,1.0,Goles,+1.5 Goles,0.807
24982_28270_2026-09-12,2026-09-12,IMT Novi Beograd U19,Vojvodina U19,24982,28270,RESUELTO,2-0,1.0,Goles,+1.5 Goles,0.916
28274_28271_2026-09-12,2026-09-12,OFK Beograd U19,Usce U19,28274,28271,RESUELTO,2-4,1.0,Goles,+1.5 Goles,0.926
22398_28267_2026-09-12,2026-09-12,Partizan U19,Jedinstvo U. U19,22398,28267,RESUELTO,3-1,1.0,Goles,+1.5 Goles,0.962
22398_28267_2026-09-12,2026-09-12,Partizan U19,Jedinstvo U. U19,22398,28267,RESUELTO,3-1,1.0,Goles,+2.5 Goles,0.864
22398_28267_2026-09-12,2026-09-12,Partizan U19,Jedinstvo U. U19,22398,28267,RESUELTO,3-1,1.0,Ambos Anotan,Sí,0.837
27701_22980_2026-09-12,2026-09-12,Jaro 2,Huima / Urho,27701,22980,RESUELTO,0-6,1.0,Mega-Misil SGBB,X2_O15,0.885
27701_22980_2026-09-12,2026-09-12,Jaro 2,Huima / Urho,27701,22980,RESUELTO,0-6,1.0,Ganador Directo,Gana Huima / Urho,0.82
27701_22980_2026-09-12,2026-09-12,Jaro 2,Huima / Urho,27701,22980,RESUELTO,0-6,1.0,Doble Oportunidad,X2,0.936
27701_22980_2026-09-12,2026-09-12,Jaro 2,Huima / Urho,27701,22980,RESUELTO,0-6,1.0,Goles,+1.5 Goles,0.943
27701_22980_2026-09-12,2026-09-12,Jaro 2,Huima / Urho,27701,22980,RESUELTO,0-6,1.0,Goles,+2.5 Goles,0.822
9191_9213_2026-09-12,2026-09-12,GBK,Kraft,9191,9213,PENDIENTE,,,Doble Oportunidad,1X,0.892
9191_9213_2026-09-12,2026-09-12,GBK,Kraft,9191,9213,PENDIENTE,,,Goles,+1.5 Goles,0.925
10217_10221_2026-09-12,2026-09-12,Lions,Peninsula Power,10217,10221,RESUELTO,1-0,1.0,Doble Oportunidad,1X,0.892
10217_10221_2026-09-12,2026-09-12,Lions,Peninsula Power,10217,10221,RESUELTO,1-0,0.0,Goles,+1.5 Goles,0.861
7922_22394_2026-09-12,2026-09-12,Porto U19,Famalicão U19,7922,22394,RESUELTO,4-0,1.0,Doble Oportunidad,1X,0.827
6662_12582_2026-09-12,2026-09-12,Enskede,Kungsängen,6662,12582,RESUELTO,1-0,1.0,Goles,-3.5 Goles,0.86
23659_25574_2026-09-12,2026-09-12,Sunnersta,Bollstanäs,23659,25574,PENDIENTE,,,Goles,+1.5 Goles,0.869
21118_10885_2026-09-12,2026-09-12,Dinamo Moskva W,Chertanovo W,21118,10885,RESUELTO,2-0,1.0,Ganador Directo,Gana Dinamo Moskva W,0.75
21118_10885_2026-09-12,2026-09-12,Dinamo Moskva W,Chertanovo W,21118,10885,RESUELTO,2-0,1.0,Doble Oportunidad,1X,0.927
21118_10885_2026-09-12,2026-09-12,Dinamo Moskva W,Chertanovo W,21118,10885,RESUELTO,2-0,1.0,Goles,+1.5 Goles,0.829
21119_10921_2026-09-12,2026-09-12,Krylya Sovetov W,Ryazan W,21119,10921,RESUELTO,2-1,1.0,Doble Oportunidad,1X,0.874
14132_16492_2026-09-12,2026-09-12,Lokomotiv Moskva W,Zvezda Perm W,14132,16492,RESUELTO,2-0,1.0,Mega-Misil SGBB,1X_U45,0.893
14132_16492_2026-09-12,2026-09-12,Lokomotiv Moskva W,Zvezda Perm W,14132,16492,RESUELTO,2-0,1.0,Doble Oportunidad,1X,0.955
2433_3393_2026-09-12,2026-09-12,FC Energetik-Bgu Minsk,Smorgon,2433,3393,RESUELTO,0-2,1.0,Goles,+1.5 Goles,0.831
13149_23433_2026-09-12,2026-09-12,Ostrovets FC,Gomel II,13149,23433,PENDIENTE,,,Doble Oportunidad,1X,0.86
13149_23433_2026-09-12,2026-09-12,Ostrovets FC,Gomel II,13149,23433,PENDIENTE,,,Goles,+1.5 Goles,0.843
23272_18857_2026-09-12,2026-09-12,BATE II,Uni Minsk,23272,18857,PENDIENTE,,,Doble Oportunidad,X2,0.817
23272_18857_2026-09-12,2026-09-12,BATE II,Uni Minsk,23272,18857,PENDIENTE,,,Goles,+1.5 Goles,0.852
16674_3857_2026-09-12,2026-09-12,Garliava,BFA,16674,3857,RESUELTO,2-3,1.0,Doble Oportunidad,X2,0.865
16674_3857_2026-09-12,2026-09-12,Garliava,BFA,16674,3857,RESUELTO,2-3,0.0,Goles,-3.5 Goles,0.865
11885_3871_2026-09-12,2026-09-12,Tauras,Žalgiris II,11885,3871,PENDIENTE,,,Doble Oportunidad,X2,0.866
11885_3871_2026-09-12,2026-09-12,Tauras,Žalgiris II,11885,3871,PENDIENTE,,,Goles,+1.5 Goles,0.807
3859_3864_2026-09-12,2026-09-12,Dainava,Minija,3859,3864,PENDIENTE,,,Doble Oportunidad,X2,0.908
13971_10696_2026-09-12,2026-09-12,Kauno Žalgiris II,Ekranas,13971,10696,PENDIENTE,,,Doble Oportunidad,1X,0.836
13971_10696_2026-09-12,2026-09-12,Kauno Žalgiris II,Ekranas,13971,10696,PENDIENTE,,,Goles,+1.5 Goles,0.85
6489_3628_2026-09-12,2026-09-12,Kryvbas KR,FC Kharkiv,6489,3628,PENDIENTE,,,Doble Oportunidad,X2,0.827
6489_3628_2026-09-12,2026-09-12,Kryvbas KR,FC Kharkiv,6489,3628,PENDIENTE,,,Goles,+1.5 Goles,0.914
17161_3630_2026-09-12,2026-09-12,LNZ Cherkasy,Obolon'-Brovar,17161,3630,RESUELTO,3-1,0.0,Mega-Misil SGBB,1X_U35,0.86
17161_3630_2026-09-12,2026-09-12,LNZ Cherkasy,Obolon'-Brovar,17161,3630,RESUELTO,3-1,1.0,Mega-Misil SGBB,1X_U45,0.908
17161_3630_2026-09-12,2026-09-12,LNZ Cherkasy,Obolon'-Brovar,17161,3630,RESUELTO,3-1,1.0,Doble Oportunidad,1X,0.928
17161_3630_2026-09-12,2026-09-12,LNZ Cherkasy,Obolon'-Brovar,17161,3630,RESUELTO,3-1,0.0,Goles,-3.5 Goles,0.93
17161_3630_2026-09-12,2026-09-12,LNZ Cherkasy,Obolon'-Brovar,17161,3630,RESUELTO,3-1,0.0,Ambos Anotan,No,0.812
24324_6943_2026-09-12,2026-09-12,Wisła Kraków II,KSZO 1929,24324,6943,RESUELTO,0-1,1.0,Doble Oportunidad,X2,0.819
9133_21657_2026-09-12,2026-09-12,Lech Poznań II,Noteć Czarnków,9133,21657,RESUELTO,2-1,1.0,Goles,+1.5 Goles,0.822
19723_6934_2026-09-12,2026-09-12,Victoria Września,Chemik Bydgoszcz,19723,6934,PENDIENTE,,,Goles,+1.5 Goles,0.878
23046_17397_2026-09-12,2026-09-12,Wisła Płock II,ŁKS Łódź II,23046,17397,RESUELTO,2-2,1.0,Goles,+1.5 Goles,0.885
1905_1919_2026-09-12,2026-09-12,Athletic Club W,Espanyol W,1905,1919,RESUELTO,2-2,1.0,Mega-Misil SGBB,1X_U45,0.881
1905_1919_2026-09-12,2026-09-12,Athletic Club W,Espanyol W,1905,1919,RESUELTO,2-2,1.0,Doble Oportunidad,1X,0.94
216_218_2026-09-12,2026-09-12,Portimonense,Tondela,216,218,RESUELTO,0-2,1.0,Goles,-3.5 Goles,0.883
20501_20487_2026-09-12,2026-09-12,RB Leipzig W,Nürnberg W,20501,20487,RESUELTO,2-1,1.0,Goles,+1.5 Goles,0.809
1871_24133_2026-09-12,2026-09-12,FC Koln W,Union Berlin W,1871,24133,PENDIENTE,,,Mega-Misil SGBB,1X_U35,0.875
1871_24133_2026-09-12,2026-09-12,FC Koln W,Union Berlin W,1871,24133,PENDIENTE,,,Mega-Misil SGBB,1X_U45,0.933
1871_24133_2026-09-12,2026-09-12,FC Koln W,Union Berlin W,1871,24133,PENDIENTE,,,Doble Oportunidad,1X,0.959
1871_24133_2026-09-12,2026-09-12,FC Koln W,Union Berlin W,1871,24133,PENDIENTE,,,Goles,-3.5 Goles,0.915
1871_24133_2026-09-12,2026-09-12,FC Koln W,Union Berlin W,1871,24133,PENDIENTE,,,Ambos Anotan,No,0.852
233_245_2026-09-12,2026-09-12,Oliveirense,Mafra,233,245,RESUELTO,2-1,1.0,Goles,+1.5 Goles,0.839
23159_23164_2026-09-12,2026-09-12,AFC Bournemouth U18,Brentford U18,23159,23164,RESUELTO,1-3,1.0,Mega-Misil SGBB,BTTS_O25,0.912
23159_23164_2026-09-12,2026-09-12,AFC Bournemouth U18,Brentford U18,23159,23164,RESUELTO,1-3,1.0,Goles,+1.5 Goles,0.993
23159_23164_2026-09-12,2026-09-12,AFC Bournemouth U18,Brentford U18,23159,23164,RESUELTO,1-3,1.0,Goles,+2.5 Goles,0.964
23159_23164_2026-09-12,2026-09-12,AFC Bournemouth U18,Brentford U18,23159,23164,RESUELTO,1-3,1.0,Ambos Anotan,Sí,0.927
15390_15391_2026-09-12,2026-09-12,Brighton U18,Chelsea U18,15390,15391,RESUELTO,1-5,1.0,Goles,+1.5 Goles,0.965
15390_15391_2026-09-12,2026-09-12,Brighton U18,Chelsea U18,15390,15391,RESUELTO,1-5,1.0,Goles,+2.5 Goles,0.873
15390_15391_2026-09-12,2026-09-12,Brighton U18,Chelsea U18,15390,15391,RESUELTO,1-5,1.0,Ambos Anotan,Sí,0.845
15393_15398_2026-09-12,2026-09-12,Fulham U18,Tottenham Hotspur U18,15393,15398,RESUELTO,2-2,1.0,Mega-Misil SGBB,BTTS_O25,0.927
15393_15398_2026-09-12,2026-09-12,Fulham U18,Tottenham Hotspur U18,15393,15398,RESUELTO,2-2,1.0,Goles,+1.5 Goles,0.995
15393_15398_2026-09-12,2026-09-12,Fulham U18,Tottenham Hotspur U18,15393,15398,RESUELTO,2-2,1.0,Goles,+2.5 Goles,0.975
15393_15398_2026-09-12,2026-09-12,Fulham U18,Tottenham Hotspur U18,15393,15398,RESUELTO,2-2,1.0,Ambos Anotan,Sí,0.938
23179_15397_2026-09-12,2026-09-12,Ipswich Town U18,Southampton U18,23179,15397,RESUELTO,1-4,1.0,Goles,+1.5 Goles,0.973
23179_15397_2026-09-12,2026-09-12,Ipswich Town U18,Southampton U18,23179,15397,RESUELTO,1-4,1.0,Goles,+2.5 Goles,0.896
23179_15397_2026-09-12,2026-09-12,Ipswich Town U18,Southampton U18,23179,15397,RESUELTO,1-4,1.0,Ambos Anotan,Sí,0.867
15399_15389_2026-09-12,2026-09-12,West Bromwich Albion U18,Aston Villa U18,15399,15389,RESUELTO,2-0,0.0,Ganador Directo,Gana Aston Villa U18,0.759
15399_15389_2026-09-12,2026-09-12,West Bromwich Albion U18,Aston Villa U18,15399,15389,RESUELTO,2-0,0.0,Doble Oportunidad,X2,0.907
15399_15389_2026-09-12,2026-09-12,West Bromwich Albion U18,Aston Villa U18,15399,15389,RESUELTO,2-0,1.0,Goles,+1.5 Goles,0.927
15396_17425_2026-09-12,2026-09-12,Reading U18,Birmingham City U18,15396,17425,PENDIENTE,,,Mega-Misil SGBB,BTTS_O25,0.876
15396_17425_2026-09-12,2026-09-12,Reading U18,Birmingham City U18,15396,17425,PENDIENTE,,,Goles,+1.5 Goles,0.989
15396_17425_2026-09-12,2026-09-12,Reading U18,Birmingham City U18,15396,17425,PENDIENTE,,,Goles,+2.5 Goles,0.948
15396_17425_2026-09-12,2026-09-12,Reading U18,Birmingham City U18,15396,17425,PENDIENTE,,,Ambos Anotan,Sí,0.897
15400_15395_2026-09-12,2026-09-12,West Ham United U18,Norwich City U18,15400,15395,PENDIENTE,,,Mega-Misil SGBB,BTTS_O25,0.912
15400_15395_2026-09-12,2026-09-12,West Ham United U18,Norwich City U18,15400,15395,PENDIENTE,,,Goles,+1.5 Goles,0.993
15400_15395_2026-09-12,2026-09-12,West Ham United U18,Norwich City U18,15400,15395,PENDIENTE,,,Goles,+2.5 Goles,0.964
15400_15395_2026-09-12,2026-09-12,West Ham United U18,Norwich City U18,15400,15395,PENDIENTE,,,Ambos Anotan,Sí,0.927
15380_15376_2026-09-12,2026-09-12,Liverpool U18,Burnley U18,15380,15376,RESUELTO,4-2,1.0,Goles,+1.5 Goles,0.929
15385_15377_2026-09-12,2026-09-12,Stoke City U18,Derby County U18,15385,15377,RESUELTO,0-2,0.0,Mega-Misil SGBB,BTTS_O25,0.913
15385_15377_2026-09-12,2026-09-12,Stoke City U18,Derby County U18,15385,15377,RESUELTO,0-2,1.0,Goles,+1.5 Goles,0.993
15385_15377_2026-09-12,2026-09-12,Stoke City U18,Derby County U18,15385,15377,RESUELTO,0-2,0.0,Goles,+2.5 Goles,0.964
15385_15377_2026-09-12,2026-09-12,Stoke City U18,Derby County U18,15385,15377,RESUELTO,0-2,0.0,Ambos Anotan,Sí,0.928
15387_15378_2026-09-12,2026-09-12,Wolves U18,Everton U18,15387,15378,PENDIENTE,,,Goles,+1.5 Goles,0.905
15379_15394_2026-09-12,2026-09-12,Leeds United U18,Leicester City U18,15379,15394,PENDIENTE,,,Goles,+1.5 Goles,0.935
15381_15386_2026-09-12,2026-09-12,Manchester City U18,Sunderland U18,15381,15386,PENDIENTE,,,Doble Oportunidad,1X,0.802
15381_15386_2026-09-12,2026-09-12,Manchester City U18,Sunderland U18,15381,15386,PENDIENTE,,,Goles,+1.5 Goles,0.959
15381_15386_2026-09-12,2026-09-12,Manchester City U18,Sunderland U18,15381,15386,PENDIENTE,,,Goles,+2.5 Goles,0.859
17426_15383_2026-09-12,2026-09-12,Nottingham Forest U18,Middlesbrough U18,17426,15383,PENDIENTE,,,Mega-Misil SGBB,1X_O15,0.892
17426_15383_2026-09-12,2026-09-12,Nottingham Forest U18,Middlesbrough U18,17426,15383,PENDIENTE,,,Ganador Directo,Gana Nottingham Forest U18,0.85
17426_15383_2026-09-12,2026-09-12,Nottingham Forest U18,Middlesbrough U18,17426,15383,PENDIENTE,,,Doble Oportunidad,1X,0.954
17426_15383_2026-09-12,2026-09-12,Nottingham Forest U18,Middlesbrough U18,17426,15383,PENDIENTE,,,Goles,+1.5 Goles,0.933
15384_15382_2026-09-12,2026-09-12,Newcastle United U18,Manchester United U18,15384,15382,PENDIENTE,,,Goles,+1.5 Goles,0.937
15384_15382_2026-09-12,2026-09-12,Newcastle United U18,Manchester United U18,15384,15382,PENDIENTE,,,Goles,+2.5 Goles,0.801
10923_14846_2026-09-12,2026-09-12,Slavia Praha W,Slovan Liberec W,10923,14846,RESUELTO,4-0,1.0,Mega-Misil SGBB,1X_O15,0.887
10923_14846_2026-09-12,2026-09-12,Slavia Praha W,Slovan Liberec W,10923,14846,RESUELTO,4-0,1.0,Ganador Directo,Gana Slavia Praha W,0.799
10923_14846_2026-09-12,2026-09-12,Slavia Praha W,Slovan Liberec W,10923,14846,RESUELTO,4-0,1.0,Doble Oportunidad,1X,0.915
10923_14846_2026-09-12,2026-09-12,Slavia Praha W,Slovan Liberec W,10923,14846,RESUELTO,4-0,1.0,Goles,+1.5 Goles,0.969
10923_14846_2026-09-12,2026-09-12,Slavia Praha W,Slovan Liberec W,10923,14846,RESUELTO,4-0,1.0,Goles,+2.5 Goles,0.886
19197_14842_2026-09-12,2026-09-12,Baník Ostrava W,Horní Heršpice W,19197,14842,PENDIENTE,,,Goles,+1.5 Goles,0.952
19197_14842_2026-09-12,2026-09-12,Baník Ostrava W,Horní Heršpice W,19197,14842,PENDIENTE,,,Goles,+2.5 Goles,0.838
19197_14842_2026-09-12,2026-09-12,Baník Ostrava W,Horní Heršpice W,19197,14842,PENDIENTE,,,Ambos Anotan,Sí,0.817
28244_28252_2026-09-12,2026-09-12,Eyupspor U19,Rizespor U19,28244,28252,RESUELTO,0-2,0.0,Doble Oportunidad,1X,0.882
28244_28252_2026-09-12,2026-09-12,Eyupspor U19,Rizespor U19,28244,28252,RESUELTO,0-2,1.0,Goles,-3.5 Goles,0.865
28253_28242_2026-09-12,2026-09-12,Samsunspor U19,Corum U19,28253,28242,PENDIENTE,,,Doble Oportunidad,1X,0.901
28253_28242_2026-09-12,2026-09-12,Samsunspor U19,Corum U19,28253,28242,PENDIENTE,,,Goles,+1.5 Goles,0.88
2145_6985_2026-09-12,2026-09-12,Levanger,Follo,2145,6985,PENDIENTE,,,Ganador Directo,Gana Levanger,0.764
2145_6985_2026-09-12,2026-09-12,Levanger,Follo,2145,6985,PENDIENTE,,,Doble Oportunidad,1X,0.908
2145_6985_2026-09-12,2026-09-12,Levanger,Follo,2145,6985,PENDIENTE,,,Goles,+1.5 Goles,0.931
6998_6993_2026-09-12,2026-09-12,Hønefoss,Grorud,6998,6993,PENDIENTE,,,Goles,+1.5 Goles,0.938
6998_6993_2026-09-12,2026-09-12,Hønefoss,Grorud,6998,6993,PENDIENTE,,,Goles,+2.5 Goles,0.804
17598_17599_2026-09-12,2026-09-12,Inter Ibiza,Mercadal,17598,17599,PENDIENTE,,,Doble Oportunidad,X2,0.873
17598_17599_2026-09-12,2026-09-12,Inter Ibiza,Mercadal,17598,17599,PENDIENTE,,,Goles,+1.5 Goles,0.807
6995_6987_2026-09-12,2026-09-12,Heming,Frigg,6995,6987,PENDIENTE,,,Goles,+1.5 Goles,0.964
6995_6987_2026-09-12,2026-09-12,Heming,Frigg,6995,6987,PENDIENTE,,,Goles,+2.5 Goles,0.87
6995_6987_2026-09-12,2026-09-12,Heming,Frigg,6995,6987,PENDIENTE,,,Ambos Anotan,Sí,0.84
25912_16868_2026-09-12,2026-09-12,Konnerud,SF Grei,25912,16868,PENDIENTE,,,Goles,+1.5 Goles,0.901
6999_7042_2026-09-12,2026-09-12,IF Ready,Ullern,6999,7042,PENDIENTE,,,Goles,+1.5 Goles,0.969
6999_7042_2026-09-12,2026-09-12,IF Ready,Ullern,6999,7042,PENDIENTE,,,Goles,+2.5 Goles,0.885
6999_7042_2026-09-12,2026-09-12,IF Ready,Ullern,6999,7042,PENDIENTE,,,Ambos Anotan,Sí,0.84
10114_18924_2026-09-12,2026-09-12,Vålerenga II,Gamle Oslo,10114,18924,PENDIENTE,,,Goles,+1.5 Goles,0.979
10114_18924_2026-09-12,2026-09-12,Vålerenga II,Gamle Oslo,10114,18924,PENDIENTE,,,Goles,+2.5 Goles,0.916
10114_18924_2026-09-12,2026-09-12,Vålerenga II,Gamle Oslo,10114,18924,PENDIENTE,,,Ambos Anotan,Sí,0.868
16223_16226_2026-09-12,2026-09-12,Melhus,Volda,16223,16226,PENDIENTE,,,Goles,+1.5 Goles,0.843
7043_18435_2026-09-12,2026-09-12,Vard,Førde,7043,18435,PENDIENTE,,,Goles,+1.5 Goles,0.935
22870_16220_2026-09-12,2026-09-12,Askøy,Stord,22870,16220,PENDIENTE,,,Doble Oportunidad,1X,0.833
22870_16220_2026-09-12,2026-09-12,Askøy,Stord,22870,16220,PENDIENTE,,,Goles,+1.5 Goles,0.924
6980_12825_2026-09-12,2026-09-12,Fana,Os,6980,12825,PENDIENTE,,,Goles,+1.5 Goles,0.924
18439_25500_2026-09-12,2026-09-12,Haugesund II,Våg,18439,25500,PENDIENTE,,,Goles,+1.5 Goles,0.943
18439_25500_2026-09-12,2026-09-12,Haugesund II,Våg,18439,25500,PENDIENTE,,,Goles,+2.5 Goles,0.815
6971_12860_2026-09-12,2026-09-12,Brodd,Staal Jørpeland,6971,12860,PENDIENTE,,,Goles,+1.5 Goles,0.868
16228_6965_2026-09-12,2026-09-12,Finnsnes,Alta,16228,6965,PENDIENTE,,,Doble Oportunidad,X2,0.846
16228_6965_2026-09-12,2026-09-12,Finnsnes,Alta,16228,6965,PENDIENTE,,,Goles,+1.5 Goles,0.886
6994_22867_2026-09-12,2026-09-12,Harstad,Ulfstind,6994,22867,PENDIENTE,,,Mega-Misil SGBB,1X_O15,0.896
6994_22867_2026-09-12,2026-09-12,Harstad,Ulfstind,6994,22867,PENDIENTE,,,Ganador Directo,Gana Harstad,0.835
6994_22867_2026-09-12,2026-09-12,Harstad,Ulfstind,6994,22867,PENDIENTE,,,Doble Oportunidad,1X,0.943
6994_22867_2026-09-12,2026-09-12,Harstad,Ulfstind,6994,22867,PENDIENTE,,,Goles,+1.5 Goles,0.948
6994_22867_2026-09-12,2026-09-12,Harstad,Ulfstind,6994,22867,PENDIENTE,,,Goles,+2.5 Goles,0.835
27278_21349_2026-09-12,2026-09-12,Raelingen,Drøbak / Frogn,27278,21349,PENDIENTE,,,Goles,+1.5 Goles,0.914
22868_6972_2026-09-12,2026-09-12,Bjørkelangen,Brumunddal,22868,6972,PENDIENTE,,,Doble Oportunidad,1X,0.827
22868_6972_2026-09-12,2026-09-12,Bjørkelangen,Brumunddal,22868,6972,PENDIENTE,,,Goles,+1.5 Goles,0.977
22868_6972_2026-09-12,2026-09-12,Bjørkelangen,Brumunddal,22868,6972,PENDIENTE,,,Goles,+2.5 Goles,0.908
22868_6972_2026-09-12,2026-09-12,Bjørkelangen,Brumunddal,22868,6972,PENDIENTE,,,Ambos Anotan,Sí,0.832
7018_6986_2026-09-12,2026-09-12,Oppsal,Fram,7018,6986,PENDIENTE,,,Doble Oportunidad,X2,0.866
7018_6986_2026-09-12,2026-09-12,Oppsal,Fram,7018,6986,PENDIENTE,,,Goles,+1.5 Goles,0.947
7018_6986_2026-09-12,2026-09-12,Oppsal,Fram,7018,6986,PENDIENTE,,,Goles,+2.5 Goles,0.827
16215_18437_2026-09-12,2026-09-12,Sarpsborg 08 II,Lillehammer,16215,18437,PENDIENTE,,,Doble Oportunidad,1X,0.806
16215_18437_2026-09-12,2026-09-12,Sarpsborg 08 II,Lillehammer,16215,18437,PENDIENTE,,,Goles,+1.5 Goles,0.984
16215_18437_2026-09-12,2026-09-12,Sarpsborg 08 II,Lillehammer,16215,18437,PENDIENTE,,,Goles,+2.5 Goles,0.931
16215_18437_2026-09-12,2026-09-12,Sarpsborg 08 II,Lillehammer,16215,18437,PENDIENTE,,,Ambos Anotan,Sí,0.866
6992_25499_2026-09-12,2026-09-12,Gjøvik-Lyn,Lyn II,6992,25499,PENDIENTE,,,Goles,+1.5 Goles,0.967
6992_25499_2026-09-12,2026-09-12,Gjøvik-Lyn,Lyn II,6992,25499,PENDIENTE,,,Goles,+2.5 Goles,0.879
6992_25499_2026-09-12,2026-09-12,Gjøvik-Lyn,Lyn II,6992,25499,PENDIENTE,,,Ambos Anotan,Sí,0.839
10893_16005_2026-09-12,2026-09-12,Göteborg W,Jitex W,10893,16005,PENDIENTE,,,Ganador Directo,Gana Göteborg W,0.774
10893_16005_2026-09-12,2026-09-12,Göteborg W,Jitex W,10893,16005,PENDIENTE,,,Doble Oportunidad,1X,0.93
10893_16005_2026-09-12,2026-09-12,Göteborg W,Jitex W,10893,16005,PENDIENTE,,,Goles,+1.5 Goles,0.873
12657_6663_2026-09-12,2026-09-12,Laholm,Eskilsminne,12657,6663,PENDIENTE,,,Goles,+1.5 Goles,0.884
369_6676_2026-09-12,2026-09-12,Trelleborg,Hässleholms IF,369,6676,PENDIENTE,,,Doble Oportunidad,X2,0.855
6682_16597_2026-09-12,2026-09-12,Karlberg,Arlanda,6682,16597,PENDIENTE,,,Goles,+1.5 Goles,0.86
12571_25569_2026-09-12,2026-09-12,IF Karlstad II,Skara,12571,25569,PENDIENTE,,,Doble Oportunidad,X2,0.835
16605_12618_2026-09-12,2026-09-12,IFK Skövde,Tord,16605,12618,PENDIENTE,,,Goles,+1.5 Goles,0.837
25572_26891_2026-09-12,2026-09-12,Linero,Staffanstorp United,25572,26891,PENDIENTE,,,Doble Oportunidad,1X,0.829
12619_20839_2026-09-12,2026-09-12,Österlen,IFK Trelleborg,12619,20839,PENDIENTE,,,Goles,+1.5 Goles,0.917
12660_6683_2026-09-12,2026-09-12,Sölvesborg,Karlskrona,12660,6683,PENDIENTE,,,Doble Oportunidad,X2,0.877
12660_6683_2026-09-12,2026-09-12,Sölvesborg,Karlskrona,12660,6683,PENDIENTE,,,Goles,+1.5 Goles,0.871
25573_27849_2026-09-12,2026-09-12,Växjö Norra,Lilla Torg,25573,27849,PENDIENTE,,,Goles,+1.5 Goles,0.848
12616_12612_2026-09-12,2026-09-12,Nosaby,Berga,12616,12612,PENDIENTE,,,Goles,+1.5 Goles,0.935
6692_12617_2026-09-12,2026-09-12,Oskarshamns AIK,Räppe,6692,12617,PENDIENTE,,,Mega-Misil SGBB,1X_O15,0.888
6692_12617_2026-09-12,2026-09-12,Oskarshamns AIK,Räppe,6692,12617,PENDIENTE,,,Ganador Directo,Gana Oskarshamns AIK,0.819
6692_12617_2026-09-12,2026-09-12,Oskarshamns AIK,Räppe,6692,12617,PENDIENTE,,,Doble Oportunidad,1X,0.934
6692_12617_2026-09-12,2026-09-12,Oskarshamns AIK,Räppe,6692,12617,PENDIENTE,,,Goles,+1.5 Goles,0.948
6692_12617_2026-09-12,2026-09-12,Oskarshamns AIK,Räppe,6692,12617,PENDIENTE,,,Goles,+2.5 Goles,0.835
11660_11664_2026-09-12,2026-09-12,Karlslund,Örebro Syrianska,11660,11664,PENDIENTE,,,Doble Oportunidad,1X,0.848
27308_16745_2026-09-12,2026-09-12,Lindo FF,Rågsved,27308,16745,PENDIENTE,,,Doble Oportunidad,X2,0.878
27308_16745_2026-09-12,2026-09-12,Lindo FF,Rågsved,27308,16745,PENDIENTE,,,Goles,+1.5 Goles,0.867
11670_14510_2026-09-12,2026-09-12,Sleipner,Nacka Iliria,11670,14510,PENDIENTE,,,Doble Oportunidad,1X,0.857
11670_14510_2026-09-12,2026-09-12,Sleipner,Nacka Iliria,11670,14510,PENDIENTE,,,Goles,+1.5 Goles,0.919
20835_12650_2026-09-12,2026-09-12,Farsta,Smedby,20835,12650,PENDIENTE,,,Doble Oportunidad,1X,0.831
20835_12650_2026-09-12,2026-09-12,Farsta,Smedby,20835,12650,PENDIENTE,,,Goles,+1.5 Goles,0.843
21359_12620_2026-09-12,2026-09-12,Jonsered,Torslanda,21359,12620,PENDIENTE,,,Goles,+1.5 Goles,0.942
21359_12620_2026-09-12,2026-09-12,Jonsered,Torslanda,21359,12620,PENDIENTE,,,Goles,+2.5 Goles,0.814
22935_6657_2026-09-12,2026-09-12,Kongahälla,Astrio,22935,6657,PENDIENTE,,,Doble Oportunidad,1X,0.804
22935_6657_2026-09-12,2026-09-12,Kongahälla,Astrio,22935,6657,PENDIENTE,,,Goles,+1.5 Goles,0.925
837_5684_2026-09-12,2026-09-12,Tianjin Teda,Shenyang Urban,837,5684,PENDIENTE,,,Goles,+1.5 Goles,0.854
5695_840_2026-09-12,2026-09-12,Wuhan Three Towns,Henan Jianye,5695,840,PENDIENTE,,,Goles,+1.5 Goles,0.929
834_1445_2026-09-12,2026-09-12,Changchun Yatai,Heilongjiang Lava Spring,834,1445,PENDIENTE,,,Goles,+1.5 Goles,0.909
5688_17263_2026-09-12,2026-09-12,Suzhou Dongwu,Dongguan United,5688,17263,PENDIENTE,,,Doble Oportunidad,1X,0.906
5688_17263_2026-09-12,2026-09-12,Suzhou Dongwu,Dongguan United,5688,17263,PENDIENTE,,,Goles,+1.5 Goles,0.805
27556_23286_2026-09-12,2026-09-12,Ningbo Professional,Shaanxi Union,27556,23286,PENDIENTE,,,Goles,+1.5 Goles,0.836
23269_5652_2026-09-12,2026-09-12,Guangzhou E-Power,Dalian Huayi,23269,5652,PENDIENTE,,,Doble Oportunidad,1X,0.907
4142_25785_2026-09-12,2026-09-12,Smiltene,Riga Mariners,4142,25785,PENDIENTE,,,Mega-Misil SGBB,X2_O15,0.923
4142_25785_2026-09-12,2026-09-12,Smiltene,Riga Mariners,4142,25785,PENDIENTE,,,Ganador Directo,Gana Riga Mariners,0.873
4142_25785_2026-09-12,2026-09-12,Smiltene,Riga Mariners,4142,25785,PENDIENTE,,,Doble Oportunidad,X2,0.958
4142_25785_2026-09-12,2026-09-12,Smiltene,Riga Mariners,4142,25785,PENDIENTE,,,Goles,+1.5 Goles,0.962
4142_25785_2026-09-12,2026-09-12,Smiltene,Riga Mariners,4142,25785,PENDIENTE,,,Goles,+2.5 Goles,0.871
4159_21202_2026-09-12,2026-09-12,Metta / LU,JFK Ventspils,4159,21202,PENDIENTE,,,Mega-Misil SGBB,1X_O15,0.905
4159_21202_2026-09-12,2026-09-12,Metta / LU,JFK Ventspils,4159,21202,PENDIENTE,,,Ganador Directo,Gana Metta / LU,0.828
4159_21202_2026-09-12,2026-09-12,Metta / LU,JFK Ventspils,4159,21202,PENDIENTE,,,Doble Oportunidad,1X,0.928
4159_21202_2026-09-12,2026-09-12,Metta / LU,JFK Ventspils,4159,21202,PENDIENTE,,,Goles,+1.5 Goles,0.975
4159_21202_2026-09-12,2026-09-12,Metta / LU,JFK Ventspils,4159,21202,PENDIENTE,,,Goles,+2.5 Goles,0.904
27587_25763_2026-09-12,2026-09-12,Respublika FA,FarDu,27587,25763,PENDIENTE,,,Doble Oportunidad,X2,0.831
27587_25763_2026-09-12,2026-09-12,Respublika FA,FarDu,27587,25763,PENDIENTE,,,Goles,-3.5 Goles,0.852
21159_27586_2026-09-12,2026-09-12,Jayxun,Pakhtakor II,21159,27586,PENDIENTE,,,Doble Oportunidad,1X,0.851
6026_2060_2026-09-12,2026-09-12,Hillerød,AB Copenhagen,6026,2060,PENDIENTE,,,Goles,+1.5 Goles,0.853
1993_2006_2026-09-12,2026-09-12,Fakel,Baltika,1993,2006,PENDIENTE,,,Mega-Misil SGBB,X2_U45,0.877
1993_2006_2026-09-12,2026-09-12,Fakel,Baltika,1993,2006,PENDIENTE,,,Doble Oportunidad,X2,0.908
1993_2006_2026-09-12,2026-09-12,Fakel,Baltika,1993,2006,PENDIENTE,,,Goles,-3.5 Goles,0.899
1662_12828_2026-09-12,2026-09-12,Tus Dassendorf,Paloma,1662,12828,PENDIENTE,,,Goles,+1.5 Goles,0.968
1662_12828_2026-09-12,2026-09-12,Tus Dassendorf,Paloma,1662,12828,PENDIENTE,,,Goles,+2.5 Goles,0.882
1662_12828_2026-09-12,2026-09-12,Tus Dassendorf,Paloma,1662,12828,PENDIENTE,,,Ambos Anotan,Sí,0.854
744_183_2026-09-12,2026-09-12,Eintracht Braunschweig,Dynamo Dresden,744,183,PENDIENTE,,,Goles,+1.5 Goles,0.966
744_183_2026-09-12,2026-09-12,Eintracht Braunschweig,Dynamo Dresden,744,183,PENDIENTE,,,Goles,+2.5 Goles,0.877
744_183_2026-09-12,2026-09-12,Eintracht Braunschweig,Dynamo Dresden,744,183,PENDIENTE,,,Ambos Anotan,Sí,0.842
179_745_2026-09-12,2026-09-12,1. FC Magdeburg,1. FC Kaiserslautern,179,745,PENDIENTE,,,Goles,+1.5 Goles,0.868
12756_17038_2026-09-12,2026-09-12,Eilenburg,FC Frankfurt,12756,17038,PENDIENTE,,,Mega-Misil SGBB,1X_O15,0.875
12756_17038_2026-09-12,2026-09-12,Eilenburg,FC Frankfurt,12756,17038,PENDIENTE,,,Ganador Directo,Gana Eilenburg,0.784
12756_17038_2026-09-12,2026-09-12,Eilenburg,FC Frankfurt,12756,17038,PENDIENTE,,,Doble Oportunidad,1X,0.909
12756_17038_2026-09-12,2026-09-12,Eilenburg,FC Frankfurt,12756,17038,PENDIENTE,,,Goles,+1.5 Goles,0.962
12756_17038_2026-09-12,2026-09-12,Eilenburg,FC Frankfurt,12756,17038,PENDIENTE,,,Goles,+2.5 Goles,0.868
17035_12747_2026-09-12,2026-09-12,Einheit Wernigerode,Budissa Bautzen,17035,12747,PENDIENTE,,,Doble Oportunidad,1X,0.849
14713_14812_2026-09-12,2026-09-12,Krieschow,VfL Halle,14713,14812,PENDIENTE,,,Ganador Directo,Gana VfL Halle,0.757
14713_14812_2026-09-12,2026-09-12,Krieschow,VfL Halle,14713,14812,PENDIENTE,,,Doble Oportunidad,X2,0.9
14713_14812_2026-09-12,2026-09-12,Krieschow,VfL Halle,14713,14812,PENDIENTE,,,Goles,+1.5 Goles,0.942
14713_14812_2026-09-12,2026-09-12,Krieschow,VfL Halle,14713,14812,PENDIENTE,,,Goles,+2.5 Goles,0.818
14243_27632_2026-09-12,2026-09-12,AGF W,FC Copenhagen W,14243,27632,PENDIENTE,,,Goles,+1.5 Goles,0.925
10890_13982_2026-09-12,2026-09-12,Fortuna Hjørring W,Køge W,10890,13982,PENDIENTE,,,Goles,+1.5 Goles,0.822
13984_10883_2026-09-12,2026-09-12,Odense Q W,Brøndby W,13984,10883,PENDIENTE,,,Ganador Directo,Gana Brøndby W,0.89
13984_10883_2026-09-12,2026-09-12,Odense Q W,Brøndby W,13984,10883,PENDIENTE,,,Doble Oportunidad,X2,0.983
13984_10883_2026-09-12,2026-09-12,Odense Q W,Brøndby W,13984,10883,PENDIENTE,,,Goles,+1.5 Goles,0.852
9324_9328_2026-09-12,2026-09-12,Augsburg II,Greuther Fürth II,9324,9328,PENDIENTE,,,Goles,+1.5 Goles,0.944
9324_9328_2026-09-12,2026-09-12,Augsburg II,Greuther Fürth II,9324,9328,PENDIENTE,,,Goles,+2.5 Goles,0.819
14621_9325_2026-09-12,2026-09-12,Ansbach,Bayreuth,14621,9325,PENDIENTE,,,Doble Oportunidad,X2,0.839
14621_9325_2026-09-12,2026-09-12,Ansbach,Bayreuth,14621,9325,PENDIENTE,,,Goles,+1.5 Goles,0.93
4262_1635_2026-09-12,2026-09-12,Eichstätt,FC Schweinfurt 05,4262,1635,PENDIENTE,,,Doble Oportunidad,1X,0.83
4262_1635_2026-09-12,2026-09-12,Eichstätt,FC Schweinfurt 05,4262,1635,PENDIENTE,,,Goles,+1.5 Goles,0.861
9331_12893_2026-09-12,2026-09-12,Memmingen,Vilzing,9331,12893,PENDIENTE,,,Goles,+1.5 Goles,0.876
18395_2803_2026-09-12,2026-09-12,Sisaket United,Ayutthaya FC,18395,2803,PENDIENTE,,,Goles,+1.5 Goles,0.809
10088_6582_2026-09-12,2026-09-12,Uthai Thani,Pattani,10088,6582,PENDIENTE,,,Doble Oportunidad,1X,0.819
2769_15282_2026-09-12,2026-09-12,BG Pathum United,Rasi Salai United,2769,15282,PENDIENTE,,,Doble Oportunidad,1X,0.826
6681_11669_2026-09-12,2026-09-12,IFK Östersund,Skellefteå,6681,11669,PENDIENTE,,,Goles,+1.5 Goles,0.879
27459_12587_2026-09-12,2026-09-12,Fransta,IFK Umeå,27459,12587,PENDIENTE,,,Doble Oportunidad,1X,0.819
27459_12587_2026-09-12,2026-09-12,Fransta,IFK Umeå,27459,12587,PENDIENTE,,,Goles,+1.5 Goles,0.93
12586_12593_2026-09-12,2026-09-12,Friska Viljor,Umeå FC Akademi,12586,12593,PENDIENTE,,,Goles,+1.5 Goles,0.867
10086_17910_2026-09-12,2026-09-12,Khon Kaen United,Mahasarakham United,10086,17910,PENDIENTE,,,Goles,-3.5 Goles,0.866
6604_22348_2026-09-12,2026-09-12,Songkhla,Satun,6604,22348,PENDIENTE,,,Goles,+1.5 Goles,0.844
16091_1644_2026-09-12,2026-09-12,Blumenthaler SV,Leher TS,16091,1644,PENDIENTE,,,Doble Oportunidad,1X,0.911
16091_1644_2026-09-12,2026-09-12,Blumenthaler SV,Leher TS,16091,1644,PENDIENTE,,,Goles,+1.5 Goles,0.869
16097_16090_2026-09-12,2026-09-12,Werder Bremen III,BTS Neustadt,16097,16090,PENDIENTE,,,Goles,+1.5 Goles,0.975
16097_16090_2026-09-12,2026-09-12,Werder Bremen III,BTS Neustadt,16097,16090,PENDIENTE,,,Goles,+2.5 Goles,0.904
16097_16090_2026-09-12,2026-09-12,Werder Bremen III,BTS Neustadt,16097,16090,PENDIENTE,,,Ambos Anotan,Sí,0.855
13937_16095_2026-09-12,2026-09-12,Aumund-Vegesack,Union Bremen,13937,16095,PENDIENTE,,,Goles,+1.5 Goles,0.974
13937_16095_2026-09-12,2026-09-12,Aumund-Vegesack,Union Bremen,13937,16095,PENDIENTE,,,Goles,+2.5 Goles,0.9
13937_16095_2026-09-12,2026-09-12,Aumund-Vegesack,Union Bremen,13937,16095,PENDIENTE,,,Ambos Anotan,Sí,0.866
21735_5389_2026-09-12,2026-09-12,Dangkor Senchey,Kirivong Sok Sen Chey,21735,5389,PENDIENTE,,,Goles,+1.5 Goles,0.94
21735_5389_2026-09-12,2026-09-12,Dangkor Senchey,Kirivong Sok Sen Chey,21735,5389,PENDIENTE,,,Goles,+2.5 Goles,0.809
5396_5391_2026-09-12,2026-09-12,Svay Rieng,National Defense,5396,5391,PENDIENTE,,,Ganador Directo,Gana Svay Rieng,0.775
5396_5391_2026-09-12,2026-09-12,Svay Rieng,National Defense,5396,5391,PENDIENTE,,,Doble Oportunidad,1X,0.925
5396_5391_2026-09-12,2026-09-12,Svay Rieng,National Defense,5396,5391,PENDIENTE,,,Goles,+1.5 Goles,0.892
5385_5394_2026-09-12,2026-09-12,Angkor Tiger,Phnom Penh Crown,5385,5394,PENDIENTE,,,Goles,-3.5 Goles,0.921
10920_25564_2026-09-12,2026-09-12,PK-35 Vantaa W,VIFK W,10920,25564,PENDIENTE,,,Goles,+1.5 Goles,0.866
13991_13990_2026-09-12,2026-09-12,Ilves W,HJK W,13991,13990,PENDIENTE,,,Goles,+1.5 Goles,0.824
7201_20000_2026-09-12,2026-09-12,Southampton U21,AFC Bournemouth U21,7201,20000,PENDIENTE,,,Doble Oportunidad,1X,0.826
7201_20000_2026-09-12,2026-09-12,Southampton U21,AFC Bournemouth U21,7201,20000,PENDIENTE,,,Goles,+1.5 Goles,0.846
7197_7198_2026-09-12,2026-09-12,Manchester City U21,Manchester United U21,7197,7198,PENDIENTE,,,Goles,+1.5 Goles,0.906
2243_18667_2026-09-12,2026-09-12,MyPa,Union Plaani,2243,18667,PENDIENTE,,,Goles,+1.5 Goles,0.849
13987_28372_2026-09-12,2026-09-12,B 93 W,Naestved W,13987,28372,PENDIENTE,,,Goles,+1.5 Goles,0.81
13985_27631_2026-09-12,2026-09-12,Thy ThistedQ W,Osterbro W,13985,27631,PENDIENTE,,,Goles,+1.5 Goles,0.945
13985_27631_2026-09-12,2026-09-12,Thy ThistedQ W,Osterbro W,13985,27631,PENDIENTE,,,Goles,+2.5 Goles,0.821
13985_27631_2026-09-12,2026-09-12,Thy ThistedQ W,Osterbro W,13985,27631,PENDIENTE,,,Ambos Anotan,Sí,0.802
1167_9195_2026-09-12,2026-09-12,Rops,OLS,1167,9195,PENDIENTE,,,Goles,+1.5 Goles,0.895
662_2274_2026-09-12,2026-09-12,Kalju Nomme,Trans Narva,662,2274,PENDIENTE,,,Goles,+1.5 Goles,0.896
2273_3525_2026-09-12,2026-09-12,FC Levadia Tallinn,Vaprus,2273,3525,PENDIENTE,,,Doble Oportunidad,1X,0.849
2273_3525_2026-09-12,2026-09-12,FC Levadia Tallinn,Vaprus,2273,3525,PENDIENTE,,,Goles,+1.5 Goles,0.931
1786_1790_2026-09-12,2026-09-12,Genk W,OH Leuven W,1786,1790,PENDIENTE,,,Mega-Misil SGBB,X2_O15,0.868
1786_1790_2026-09-12,2026-09-12,Genk W,OH Leuven W,1786,1790,PENDIENTE,,,Ganador Directo,Gana OH Leuven W,0.826
1786_1790_2026-09-12,2026-09-12,Genk W,OH Leuven W,1786,1790,PENDIENTE,,,Doble Oportunidad,X2,0.947
1786_1790_2026-09-12,2026-09-12,Genk W,OH Leuven W,1786,1790,PENDIENTE,,,Goles,+1.5 Goles,0.914
68_43_2026-09-12,2026-09-12,Bolton,Cardiff,68,43,PENDIENTE,,,Goles,+1.5 Goles,0.86
1362_1372_2026-09-12,2026-09-12,Crawley Town,Cheltenham,1362,1372,PENDIENTE,,,Goles,+1.5 Goles,0.805
1365_1334_2026-09-12,2026-09-12,Grimsby,Bristol Rovers,1365,1334,PENDIENTE,,,Goles,+1.5 Goles,0.834
1373_1358_2026-09-12,2026-09-12,Leyton Orient,Wycombe,1373,1358,PENDIENTE,,,Goles,+1.5 Goles,0.862
1674_1676_2026-09-12,2026-09-12,Lyon W,Paris FC W,1674,1676,PENDIENTE,,,Doble Oportunidad,1X,0.801
1674_1676_2026-09-12,2026-09-12,Lyon W,Paris FC W,1674,1676,PENDIENTE,,,Goles,+1.5 Goles,0.895
1842_7752_2026-09-12,2026-09-12,Harrogate Town,Tamworth,1842,7752,PENDIENTE,,,Doble Oportunidad,1X,0.813
1842_7752_2026-09-12,2026-09-12,Harrogate Town,Tamworth,1842,7752,PENDIENTE,,,Goles,+1.5 Goles,0.946
1842_7752_2026-09-12,2026-09-12,Harrogate Town,Tamworth,1842,7752,PENDIENTE,,,Goles,+2.5 Goles,0.825
1856_15406_2026-09-12,2026-09-12,West Ham W,London City Lionesses W,1856,15406,PENDIENTE,,,Goles,+1.5 Goles,0.809
16211_7020_2026-09-12,2026-09-12,Eik-Tønsberg,Pors Grenland,16211,7020,PENDIENTE,,,Doble Oportunidad,X2,0.842
16211_7020_2026-09-12,2026-09-12,Eik-Tønsberg,Pors Grenland,16211,7020,PENDIENTE,,,Goles,+1.5 Goles,0.803
7028_14545_2026-09-12,2026-09-12,Sotra,Sandviken,7028,14545,PENDIENTE,,,Doble Oportunidad,1X,0.81
7028_14545_2026-09-12,2026-09-12,Sotra,Sandviken,7028,14545,PENDIENTE,,,Goles,+1.5 Goles,0.902
4182_4176_2026-09-12,2026-09-12,Suduroy,B71,4182,4176,PENDIENTE,,,Goles,+1.5 Goles,0.928
4190_4183_2026-09-12,2026-09-12,EB / Streymur II,Víkingur II,4190,4183,PENDIENTE,,,Doble Oportunidad,X2,0.82
4190_4183_2026-09-12,2026-09-12,EB / Streymur II,Víkingur II,4190,4183,PENDIENTE,,,Goles,+1.5 Goles,0.935
4179_4192_2026-09-12,2026-09-12,HB II,TB,4179,4192,PENDIENTE,,,Goles,+1.5 Goles,0.933
10016_10015_2026-09-12,2026-09-12,Merani Martvili,Aragvi Dusheti,10016,10015,PENDIENTE,,,Doble Oportunidad,X2,0.802
23314_2002_2026-09-12,2026-09-12,Angust Nazran,Spartak Nalchik,23314,2002,PENDIENTE,,,Doble Oportunidad,1X,0.821
23314_2002_2026-09-12,2026-09-12,Angust Nazran,Spartak Nalchik,23314,2002,PENDIENTE,,,Goles,-3.5 Goles,0.934
90_3012_2026-09-12,2026-09-12,Guingamp,Annecy,90,3012,PENDIENTE,,,Goles,+1.5 Goles,0.831
115_83_2026-09-12,2026-09-12,Sochaux,Nantes,115,83,PENDIENTE,,,Goles,+1.5 Goles,0.808
7270_3725_2026-09-12,2026-09-12,Arsenal Česká Lípa,Prostějov,7270,3725,PENDIENTE,,,Goles,+1.5 Goles,0.912
12834_6958_2026-09-12,2026-09-12,Podhale Nowy Targ,Stal Stalowa Wola,12834,6958,PENDIENTE,,,Goles,+1.5 Goles,0.895
6942_13843_2026-09-12,2026-09-12,Hutnik Kraków,Zawisza Bydgoszcz,6942,13843,PENDIENTE,,,Goles,+1.5 Goles,0.931
9336_19758_2026-09-12,2026-09-12,Viktoria Aschaffenburg,ASV Neumarkt,9336,19758,PENDIENTE,,,Doble Oportunidad,1X,0.899
9336_19758_2026-09-12,2026-09-12,Viktoria Aschaffenburg,ASV Neumarkt,9336,19758,PENDIENTE,,,Goles,+1.5 Goles,0.85
19226_12774_2026-09-12,2026-09-12,Fortuna Regensburg,Großbardorf,19226,12774,PENDIENTE,,,Goles,+1.5 Goles,0.932
26067_19760_2026-09-12,2026-09-12,Stadeln,Weiden,26067,19760,PENDIENTE,,,Goles,+1.5 Goles,0.875
12751_26068_2026-09-12,2026-09-12,Deisenhofen,TuS Geretsried,12751,26068,PENDIENTE,,,Goles,+1.5 Goles,0.871
12796_9322_2026-09-12,2026-09-12,Ismaning,1860 Rosenheim,12796,9322,PENDIENTE,,,Goles,+1.5 Goles,0.857
19234_12832_2026-09-12,2026-09-12,Gundelfingen,Pipinsried,19234,12832,PENDIENTE,,,Doble Oportunidad,X2,0.841
19234_12832_2026-09-12,2026-09-12,Gundelfingen,Pipinsried,19234,12832,PENDIENTE,,,Goles,+1.5 Goles,0.914
27899_20870_2026-09-12,2026-09-12,Pfaffenhofen,Sportfreunde Schwaig,27899,20870,PENDIENTE,,,Doble Oportunidad,X2,0.815
27899_20870_2026-09-12,2026-09-12,Pfaffenhofen,Sportfreunde Schwaig,27899,20870,PENDIENTE,,,Goles,+1.5 Goles,0.869
8157_9585_2026-09-12,2026-09-12,FC Andorra,Real Sociedad II,8157,9585,PENDIENTE,,,Goles,+1.5 Goles,0.822
4665_542_2026-09-12,2026-09-12,Racing Santander,Alaves,4665,542,PENDIENTE,,,Goles,+1.5 Goles,0.85
21943_16072_2026-09-12,2026-09-12,Hohenwestedt,Lübeck II,21943,16072,PENDIENTE,,,Goles,+1.5 Goles,0.957
21943_16072_2026-09-12,2026-09-12,Hohenwestedt,Lübeck II,21943,16072,PENDIENTE,,,Goles,+2.5 Goles,0.851
21943_16072_2026-09-12,2026-09-12,Hohenwestedt,Lübeck II,21943,16072,PENDIENTE,,,Ambos Anotan,Sí,0.813
26175_28084_2026-09-12,2026-09-12,Kaltenkirchen,Rapid Lubeck,26175,28084,PENDIENTE,,,Goles,+1.5 Goles,0.875
14500_1646_2026-09-12,2026-09-12,Kilia Kiel,SV Eichede,14500,1646,PENDIENTE,,,Goles,+1.5 Goles,0.904
16076_9343_2026-09-12,2026-09-12,Union Neumünster,Heider SV,16076,9343,PENDIENTE,,,Goles,+1.5 Goles,0.931
24434_26176_2026-09-12,2026-09-12,Rotenhof,Phönix L. II,24434,26176,PENDIENTE,,,Goles,+1.5 Goles,0.918
9344_16073_2026-09-12,2026-09-12,Holstein Kiel II,Oldenburger SV,9344,16073,PENDIENTE,,,Goles,+1.5 Goles,0.967
9344_16073_2026-09-12,2026-09-12,Holstein Kiel II,Oldenburger SV,9344,16073,PENDIENTE,,,Goles,+2.5 Goles,0.88
9344_16073_2026-09-12,2026-09-12,Holstein Kiel II,Oldenburger SV,9344,16073,PENDIENTE,,,Ambos Anotan,Sí,0.842
4261_12761_2026-09-12,2026-09-12,Baunatal,Eintracht Stadtallendorf,4261,12761,PENDIENTE,,,Goles,+1.5 Goles,0.847
9362_14677_2026-09-12,2026-09-12,FC Gießen,Fernwald,9362,14677,PENDIENTE,,,Goles,+1.5 Goles,0.881
16113_9360_2026-09-12,2026-09-12,Backnang,Balingen,16113,9360,PENDIENTE,,,Goles,+1.5 Goles,0.926
158_187_2026-09-12,2026-09-12,Fortuna Düsseldorf,MSV Duisburg,158,187,PENDIENTE,,,Doble Oportunidad,X2,0.875
158_187_2026-09-12,2026-09-12,Fortuna Düsseldorf,MSV Duisburg,158,187,PENDIENTE,,,Goles,+1.5 Goles,0.808
1621_784_2026-09-12,2026-09-12,Rot-Weiß Essen,Würzburger Kickers,1621,784,PENDIENTE,,,Doble Oportunidad,1X,0.835
1639_184_2026-09-12,2026-09-12,FC Saarbrücken,FC Ingolstadt 04,1639,184,PENDIENTE,,,Goles,+1.5 Goles,0.891
9342_1317_2026-09-12,2026-09-12,Havelse,SG Sonnenhof Grossaspach,9342,1317,PENDIENTE,,,Goles,+1.5 Goles,0.907
4265_1318_2026-09-12,2026-09-12,Verl,SV Meppen,4265,1318,PENDIENTE,,,Goles,+1.5 Goles,0.896
13947_12831_2026-09-12,2026-09-12,Eimsbütteler TV,Phönix Lübeck,13947,12831,PENDIENTE,,,Goles,+1.5 Goles,0.944
13947_12831_2026-09-12,2026-09-12,Eimsbütteler TV,Phönix Lübeck,13947,12831,PENDIENTE,,,Goles,+2.5 Goles,0.819
1625_9339_2026-09-12,2026-09-12,VfB Lübeck,HSC Hannover,1625,9339,PENDIENTE,,,Goles,+1.5 Goles,0.811
1330_19475_2026-09-12,2026-09-12,Werder Bremen II,Schöningen,1330,19475,PENDIENTE,,,Goles,+1.5 Goles,0.81
190_12809_2026-09-12,2026-09-12,Erzgebirge Aue,Luckenwalde,190,12809,PENDIENTE,,,Goles,+1.5 Goles,0.814
1622_1316_2026-09-12,2026-09-12,SV Babelsberg 03,Hallescher FC,1622,1316,PENDIENTE,,,Goles,+1.5 Goles,0.879
1618_21525_2026-09-12,2026-09-12,BFC Preussen,Magdeburg II,1618,21525,PENDIENTE,,,Goles,+1.5 Goles,0.861
19217_1634_2026-09-12,2026-09-12,Eintracht Frankfurt II,FC 08 Homburg,19217,1634,PENDIENTE,,,Goles,+1.5 Goles,0.839
12846_1331_2026-09-12,2026-09-12,SGV Freiberg,FSV Mainz 05 II,12846,1331,PENDIENTE,,,Goles,+1.5 Goles,0.878
1656_1626_2026-09-12,2026-09-12,TSV Steinbach,FC Astoria Walldorf,1656,1626,PENDIENTE,,,Goles,+1.5 Goles,0.839
12868_12735_2026-09-12,2026-09-12,Stuttgarter Kickers,Barockstadt Fulda-Lehn.,12868,12735,PENDIENTE,,,Goles,+1.5 Goles,0.848
1652_1332_2026-09-12,2026-09-12,SSV Ulm 1846,FSV Frankfurt,1652,1332,PENDIENTE,,,Goles,+1.5 Goles,0.917
24430_14826_2026-09-12,2026-09-12,Bochum II,Westfalia Rhynern,24430,14826,PENDIENTE,,,Goles,+1.5 Goles,0.898
14485_9368_2026-09-12,2026-09-12,FC Gutersloh,Borussia M'gladbach II,14485,9368,PENDIENTE,,,Goles,+1.5 Goles,0.878
1323_12790_2026-09-12,2026-09-12,Sportfreunde Lotte,Hilden,1323,12790,PENDIENTE,,,Goles,+1.5 Goles,0.832
1629_12764_2026-09-12,2026-09-12,SG Wattenscheid 09,FC Bocholt,1629,12764,PENDIENTE,,,Goles,+1.5 Goles,0.947
1629_12764_2026-09-12,2026-09-12,SG Wattenscheid 09,FC Bocholt,1629,12764,PENDIENTE,,,Goles,+2.5 Goles,0.825
12897_12827_2026-09-12,2026-09-12,Wiedenbrück,Paderborn II,12897,12827,PENDIENTE,,,Goles,+1.5 Goles,0.908
20395_1657_2026-09-12,2026-09-12,Cosmos Koblenz,TuS RW Koblenz,20395,1657,PENDIENTE,,,Goles,+1.5 Goles,0.858
26592_16109_2026-09-12,2026-09-12,FC Emmelshausen-Karbach,Elversberg II,26592,16109,PENDIENTE,,,Goles,+1.5 Goles,0.924
14524_14468_2026-09-12,2026-09-12,Schott Mainz,Auersmacher,14524,14468,PENDIENTE,,,Goles,+1.5 Goles,0.872
8023_12903_2026-09-12,2026-09-12,Altyn Asyr,Şagadam,8023,12903,PENDIENTE,,,Doble Oportunidad,X2,0.852
8023_12903_2026-09-12,2026-09-12,Altyn Asyr,Şagadam,8023,12903,PENDIENTE,,,Goles,+1.5 Goles,0.959
8023_12903_2026-09-12,2026-09-12,Altyn Asyr,Şagadam,8023,12903,PENDIENTE,,,Goles,+2.5 Goles,0.857
13158_13157_2026-09-12,2026-09-12,Merw,Köpetdag Aşgabat,13158,13157,PENDIENTE,,,Goles,+1.5 Goles,0.831
8020_8039_2026-09-12,2026-09-12,Ahal,Nebitci,8020,8039,PENDIENTE,,,Doble Oportunidad,1X,0.891
9177_2079_2026-09-12,2026-09-12,NJS,GrIFK,9177,2079,PENDIENTE,,,Goles,+1.5 Goles,0.882
5593_9426_2026-09-12,2026-09-12,Transport United,Paro,5593,9426,PENDIENTE,,,Mega-Misil SGBB,X2_O15,0.93
5593_9426_2026-09-12,2026-09-12,Transport United,Paro,5593,9426,PENDIENTE,,,Mega-Misil SGBB,2_O15,0.866
5593_9426_2026-09-12,2026-09-12,Transport United,Paro,5593,9426,PENDIENTE,,,Ganador Directo,Gana Paro,0.892
5593_9426_2026-09-12,2026-09-12,Transport United,Paro,5593,9426,PENDIENTE,,,Doble Oportunidad,X2,0.967
5593_9426_2026-09-12,2026-09-12,Transport United,Paro,5593,9426,PENDIENTE,,,Goles,+1.5 Goles,0.961
5593_9426_2026-09-12,2026-09-12,Transport United,Paro,5593,9426,PENDIENTE,,,Goles,+2.5 Goles,0.868
16066_21576_2026-09-12,2026-09-12,Kasuka,Manila Digger,16066,21576,PENDIENTE,,,Doble Oportunidad,X2,0.846
16066_21576_2026-09-12,2026-09-12,Kasuka,Manila Digger,16066,21576,PENDIENTE,,,Goles,+1.5 Goles,0.8
3670_3678_2026-09-12,2026-09-12,Ha Noi,Song Lam Nghe An,3670,3678,PENDIENTE,,,Doble Oportunidad,X2,0.819
23488_12971_2026-09-12,2026-09-12,America PE U20,Sport Recife U20,23488,12971,PENDIENTE,,,Doble Oportunidad,X2,0.805
23488_12971_2026-09-12,2026-09-12,America PE U20,Sport Recife U20,23488,12971,PENDIENTE,,,Goles,+1.5 Goles,0.826
13029_23496_2026-09-12,2026-09-12,Nautico U20,Jaguar U20,13029,23496,PENDIENTE,,,Doble Oportunidad,1X,0.875
23494_23495_2026-09-12,2026-09-12,Ibis Sport Club U20,Ipojuca U20,23494,23495,PENDIENTE,,,Goles,+1.5 Goles,0.855
2738_2744_2026-09-12,2026-09-12,ZOB Ahan,Sepahan FC,2738,2744,PENDIENTE,,,Goles,-3.5 Goles,0.962
379_3395_2026-09-12,2026-09-12,FC Slutsk,Volna,379,3395,PENDIENTE,,,Doble Oportunidad,1X,0.875
379_3395_2026-09-12,2026-09-12,FC Slutsk,Volna,379,3395,PENDIENTE,,,Goles,+1.5 Goles,0.826
3392_7798_2026-09-12,2026-09-12,Slonim,Molodechno-DYuSSh 4,3392,7798,PENDIENTE,,,Goles,+1.5 Goles,0.839
22171_21540_2026-09-12,2026-09-12,Pobeda,Astrakhan,22171,21540,PENDIENTE,,,Goles,+1.5 Goles,0.861
17680_17682_2026-09-12,2026-09-12,Kyzyltash,Rubin Yalta,17680,17682,PENDIENTE,,,Goles,+1.5 Goles,0.866
27648_27644_2026-09-12,2026-09-12,Shahter Taganrog,FK Chayka 2,27648,27644,PENDIENTE,,,Goles,+1.5 Goles,0.884
23316_27647_2026-09-12,2026-09-12,Rostov II,Lugansk,23316,27647,PENDIENTE,,,Mega-Misil SGBB,1X_U45,0.862
23316_27647_2026-09-12,2026-09-12,Rostov II,Lugansk,23316,27647,PENDIENTE,,,Doble Oportunidad,1X,0.932
21586_15977_2026-09-12,2026-09-12,Tatran Prešov W,Dukla Banská Bystrica W,21586,15977,PENDIENTE,,,Mega-Misil SGBB,BTTS_O25,0.865
21586_15977_2026-09-12,2026-09-12,Tatran Prešov W,Dukla Banská Bystrica W,21586,15977,PENDIENTE,,,Doble Oportunidad,1X,0.802
21586_15977_2026-09-12,2026-09-12,Tatran Prešov W,Dukla Banská Bystrica W,21586,15977,PENDIENTE,,,Goles,+1.5 Goles,0.988
21586_15977_2026-09-12,2026-09-12,Tatran Prešov W,Dukla Banská Bystrica W,21586,15977,PENDIENTE,,,Goles,+2.5 Goles,0.947
21586_15977_2026-09-12,2026-09-12,Tatran Prešov W,Dukla Banská Bystrica W,21586,15977,PENDIENTE,,,Ambos Anotan,Sí,0.886
15976_15983_2026-09-12,2026-09-12,Trenčín W,Spartak Trnava W,15976,15983,PENDIENTE,,,Mega-Misil SGBB,1X_O15,0.891
15976_15983_2026-09-12,2026-09-12,Trenčín W,Spartak Trnava W,15976,15983,PENDIENTE,,,Ganador Directo,Gana Trenčín W,0.885
15976_15983_2026-09-12,2026-09-12,Trenčín W,Spartak Trnava W,15976,15983,PENDIENTE,,,Doble Oportunidad,1X,0.973
15976_15983_2026-09-12,2026-09-12,Trenčín W,Spartak Trnava W,15976,15983,PENDIENTE,,,Goles,+1.5 Goles,0.912
24078_27892_2026-09-12,2026-09-12,Komárno W,Z. Moravce-Vrable W,24078,27892,PENDIENTE,,,Goles,+1.5 Goles,0.837
7292_20825_2026-09-12,2026-09-12,Havlíčkův Brod,Sparta Brno,7292,20825,PENDIENTE,,,Goles,+1.5 Goles,0.861
26124_7371_2026-09-12,2026-09-12,Chotebor,Velká Bíteš,26124,7371,PENDIENTE,,,Doble Oportunidad,X2,0.866
26124_7371_2026-09-12,2026-09-12,Chotebor,Velká Bíteš,26124,7371,PENDIENTE,,,Goles,+1.5 Goles,0.838
19668_27968_2026-09-12,2026-09-12,Essingen,1. FC Muhlhausen,19668,27968,PENDIENTE,,,Goles,+1.5 Goles,0.921
12822_19257_2026-09-12,2026-09-12,Oberachern,Normannia Gmünd,12822,19257,PENDIENTE,,,Ganador Directo,Gana Oberachern,0.758
12822_19257_2026-09-12,2026-09-12,Oberachern,Normannia Gmünd,12822,19257,PENDIENTE,,,Doble Oportunidad,1X,0.938
9359_1619_2026-09-12,2026-09-12,Bahlinger SC,FC 08 Villingen,9359,1619,PENDIENTE,,,Doble Oportunidad,X2,0.869
9359_1619_2026-09-12,2026-09-12,Bahlinger SC,FC 08 Villingen,9359,1619,PENDIENTE,,,Goles,+1.5 Goles,0.8
19467_13932_2026-09-12,2026-09-12,FC Holzhausen,Reutlingen,19467,13932,PENDIENTE,,,Goles,+1.5 Goles,0.879
1624_1659_2026-09-12,2026-09-12,FV Ravensburg,CFR Pforzheim,1624,1659,PENDIENTE,,,Doble Oportunidad,X2,0.81
1651_1315_2026-09-12,2026-09-12,BSG Chemie Leipzig,FSV Zwickau,1651,1315,PENDIENTE,,,Doble Oportunidad,X2,0.855
1651_1315_2026-09-12,2026-09-12,BSG Chemie Leipzig,FSV Zwickau,1651,1315,PENDIENTE,,,Goles,+1.5 Goles,0.832
7404_19299_2026-09-12,2026-09-12,Fatsa Belediyespor,Amasyaspor 1968,7404,19299,PENDIENTE,,,Goles,-3.5 Goles,0.866
21035_17261_2026-09-12,2026-09-12,Tokat Bld Plevnespor,Orduspor 1967,21035,17261,PENDIENTE,,,Goles,+1.5 Goles,0.809
19301_13369_2026-09-12,2026-09-12,Kartal Bulvarspor,Karadeniz Ereğli BSK,19301,13369,PENDIENTE,,,Doble Oportunidad,1X,0.823
19301_13369_2026-09-12,2026-09-12,Kartal Bulvarspor,Karadeniz Ereğli BSK,19301,13369,PENDIENTE,,,Goles,+1.5 Goles,0.843
21994_26465_2026-09-12,2026-09-12,Küçükçekmece Sinopspor,Galata,21994,26465,PENDIENTE,,,Goles,-3.5 Goles,0.94
27999_3564_2026-09-12,2026-09-12,Adana Adaletgucu,Adanaspor,27999,3564,PENDIENTE,,,Goles,+1.5 Goles,0.81
21995_6546_2026-09-12,2026-09-12,Talasgücü Belediyespor,Yeni Mersin Idmanyurdu,21995,6546,PENDIENTE,,,Doble Oportunidad,1X,0.819
6341_999_2026-09-12,2026-09-12,Kırşehir Belediyespor,Yeni Malatyaspor,6341,999,PENDIENTE,,,Doble Oportunidad,1X,0.843
6541_6531_2026-09-12,2026-09-12,Yeşilyurt Belediyespor,Kırıkkale Büyük Anadolu,6541,6531,PENDIENTE,,,Doble Oportunidad,1X,0.819
22445_22448_2026-09-12,2026-09-12,Niğde Belediyesispor,Yozgat Bld Bozokspor,22445,22448,PENDIENTE,,,Doble Oportunidad,1X,0.919
13964_13962_2026-09-12,2026-09-12,Wehen Wiesbaden U19,Fortuna Köln U19,13964,13962,PENDIENTE,,,Doble Oportunidad,X2,0.802
13964_13962_2026-09-12,2026-09-12,Wehen Wiesbaden U19,Fortuna Köln U19,13964,13962,PENDIENTE,,,Goles,+1.5 Goles,0.961
13964_13962_2026-09-12,2026-09-12,Wehen Wiesbaden U19,Fortuna Köln U19,13964,13962,PENDIENTE,,,Goles,+2.5 Goles,0.862
2786_2796_2026-09-12,2026-09-12,Muangthong United,Nong Bua Pitchaya,2786,2796,PENDIENTE,,,Doble Oportunidad,X2,0.818
2786_2796_2026-09-12,2026-09-12,Muangthong United,Nong Bua Pitchaya,2786,2796,PENDIENTE,,,Goles,-3.5 Goles,0.907
1282_17129_2026-09-12,2026-09-12,Achilles Veen,Excelsior Maassluis,1282,17129,PENDIENTE,,,Goles,+1.5 Goles,0.862
3911_1235_2026-09-12,2026-09-12,ACV,Eemdijk,3911,1235,PENDIENTE,,,Doble Oportunidad,1X,0.851
3911_1235_2026-09-12,2026-09-12,ACV,Eemdijk,3911,1235,PENDIENTE,,,Goles,+1.5 Goles,0.881
6263_3920_2026-09-12,2026-09-12,Excelsior '31,Purmersteijn,6263,3920,PENDIENTE,,,Doble Oportunidad,1X,0.822
6263_3920_2026-09-12,2026-09-12,Excelsior '31,Purmersteijn,6263,3920,PENDIENTE,,,Goles,+1.5 Goles,0.879
1273_3936_2026-09-12,2026-09-12,SC Genemuiden,SVZW,1273,3936,PENDIENTE,,,Doble Oportunidad,1X,0.837
1273_3936_2026-09-12,2026-09-12,SC Genemuiden,SVZW,1273,3936,PENDIENTE,,,Goles,+1.5 Goles,0.931
1258_1239_2026-09-12,2026-09-12,Harkemase Boys,Staphorst,1258,1239,PENDIENTE,,,Goles,+1.5 Goles,0.819
1257_19739_2026-09-12,2026-09-12,FC Lisse,TOGB,1257,19739,PENDIENTE,,,Doble Oportunidad,1X,0.871
1257_19739_2026-09-12,2026-09-12,FC Lisse,TOGB,1257,19739,PENDIENTE,,,Goles,+1.5 Goles,0.877
24634_1230_2026-09-12,2026-09-12,Poortugaal,Gemert,24634,1230,PENDIENTE,,,Goles,+1.5 Goles,0.836
1234_14235_2026-09-12,2026-09-12,Dovo,Hoogeveen,1234,14235,PENDIENTE,,,Goles,+1.5 Goles,0.911
1274_1264_2026-09-12,2026-09-12,Sparta Nijkerk,Hercules,1274,1264,PENDIENTE,,,Doble Oportunidad,1X,0.802
1274_1264_2026-09-12,2026-09-12,Sparta Nijkerk,Hercules,1274,1264,PENDIENTE,,,Goles,+1.5 Goles,0.965
1274_1264_2026-09-12,2026-09-12,Sparta Nijkerk,Hercules,1274,1264,PENDIENTE,,,Goles,+2.5 Goles,0.873
1274_1264_2026-09-12,2026-09-12,Sparta Nijkerk,Hercules,1274,1264,PENDIENTE,,,Ambos Anotan,Sí,0.809
1255_1244_2026-09-12,2026-09-12,TEC,DVS 33 Ermelo,1255,1244,PENDIENTE,,,Goles,+1.5 Goles,0.904
14234_3904_2026-09-12,2026-09-12,Hollandia,Sportlust '46,14234,3904,PENDIENTE,,,Goles,+1.5 Goles,0.963
14234_3904_2026-09-12,2026-09-12,Hollandia,Sportlust '46,14234,3904,PENDIENTE,,,Goles,+2.5 Goles,0.867
14234_3904_2026-09-12,2026-09-12,Hollandia,Sportlust '46,14234,3904,PENDIENTE,,,Ambos Anotan,Sí,0.83
19266_1263_2026-09-12,2026-09-12,Roosendaal,Blauw Geel,19266,1263,PENDIENTE,,,Doble Oportunidad,1X,0.89
19266_1263_2026-09-12,2026-09-12,Roosendaal,Blauw Geel,19266,1263,PENDIENTE,,,Goles,+1.5 Goles,0.806
1236_1275_2026-09-12,2026-09-12,Groene Ster,Zwaluwen,1236,1275,PENDIENTE,,,Goles,+1.5 Goles,0.943
1236_1275_2026-09-12,2026-09-12,Groene Ster,Zwaluwen,1236,1275,PENDIENTE,,,Goles,+2.5 Goles,0.816
15682_22404_2026-09-12,2026-09-12,Spezia U19,Palermo U19,15682,22404,PENDIENTE,,,Doble Oportunidad,X2,0.825
15682_22404_2026-09-12,2026-09-12,Spezia U19,Palermo U19,15682,22404,PENDIENTE,,,Goles,-3.5 Goles,0.854
15660_24357_2026-09-12,2026-09-12,Cittadella U19,Modena U19,15660,24357,PENDIENTE,,,Mega-Misil SGBB,X2_O15,0.893
15660_24357_2026-09-12,2026-09-12,Cittadella U19,Modena U19,15660,24357,PENDIENTE,,,Ganador Directo,Gana Modena U19,0.886
15660_24357_2026-09-12,2026-09-12,Cittadella U19,Modena U19,15660,24357,PENDIENTE,,,Doble Oportunidad,X2,0.974
15660_24357_2026-09-12,2026-09-12,Cittadella U19,Modena U19,15660,24357,PENDIENTE,,,Goles,+1.5 Goles,0.914
15662_15685_2026-09-12,2026-09-12,Cremonese U19,Venezia U19,15662,15685,PENDIENTE,,,Goles,+1.5 Goles,0.92
7917_26373_2026-09-12,2026-09-12,Napoli U19,Catanzaro U19,7917,26373,PENDIENTE,,,Doble Oportunidad,X2,0.865
19856_15676_2026-09-12,2026-09-12,Padova U19,Reggiana U19,19856,15676,PENDIENTE,,,Doble Oportunidad,1X,0.83
17729_19855_2026-09-12,2026-09-12,Perugia U19,Monopoli U19,17729,19855,PENDIENTE,,,Goles,+1.5 Goles,0.884
24358_26372_2026-09-12,2026-09-12,Pro Vercelli U19,Lecco U19,24358,26372,PENDIENTE,,,Goles,+1.5 Goles,0.844
22405_15687_2026-09-12,2026-09-12,Renate U19,Vicenza U19,22405,15687,PENDIENTE,,,Goles,+1.5 Goles,0.834
22406_27996_2026-09-12,2026-09-12,Sudtirol U19,Mantova U19,22406,27996,PENDIENTE,,,Ganador Directo,Gana Sudtirol U19,0.794
22406_27996_2026-09-12,2026-09-12,Sudtirol U19,Mantova U19,22406,27996,PENDIENTE,,,Doble Oportunidad,1X,0.937
22406_27996_2026-09-12,2026-09-12,Sudtirol U19,Mantova U19,22406,27996,PENDIENTE,,,Goles,+1.5 Goles,0.889
15657_15684_2026-09-12,2026-09-12,Brescia U19,Udinese U19,15657,15684,PENDIENTE,,,Goles,+1.5 Goles,0.844
9524_28210_2026-09-12,2026-09-12,Budoni,Aranova,9524,28210,PENDIENTE,,,Goles,-3.5 Goles,0.866
9528_890_2026-09-12,2026-09-12,Latte Dolce,Paganese,9528,890,PENDIENTE,,,Doble Oportunidad,X2,0.917
26523_24762_2026-09-12,2026-09-12,Monastir,Atletico Lodigiani,26523,24762,PENDIENTE,,,Goles,+1.5 Goles,0.844
17841_24700_2026-09-12,2026-09-12,Afragolese,Sarnese,17841,24700,PENDIENTE,,,Goles,-3.5 Goles,0.866
28211_28212_2026-09-12,2026-09-12,Certosa V. Campagnano,Ossese,28211,28212,PENDIENTE,,,Goles,+1.5 Goles,0.81
1586_9526_2026-09-12,2026-09-12,Albalonga,Città di Anagni,1586,9526,PENDIENTE,,,Doble Oportunidad,1X,0.849
1586_9526_2026-09-12,2026-09-12,Albalonga,Città di Anagni,1586,9526,PENDIENTE,,,Goles,+1.5 Goles,0.871
21580_8030_2026-09-12,2026-09-12,Tuloy,Kaya,21580,8030,PENDIENTE,,,Doble Oportunidad,X2,0.855
21580_8030_2026-09-12,2026-09-12,Tuloy,Kaya,21580,8030,PENDIENTE,,,Goles,+1.5 Goles,0.924
2878_11384_2026-09-12,2026-09-12,Al Nasr,Al Musannah,2878,11384,PENDIENTE,,,Mega-Misil SGBB,1X_U35,0.89
2878_11384_2026-09-12,2026-09-12,Al Nasr,Al Musannah,2878,11384,PENDIENTE,,,Mega-Misil SGBB,1X_U45,0.948
2878_11384_2026-09-12,2026-09-12,Al Nasr,Al Musannah,2878,11384,PENDIENTE,,,Doble Oportunidad,1X,0.974
2878_11384_2026-09-12,2026-09-12,Al Nasr,Al Musannah,2878,11384,PENDIENTE,,,Goles,-3.5 Goles,0.916
2878_11384_2026-09-12,2026-09-12,Al Nasr,Al Musannah,2878,11384,PENDIENTE,,,Ambos Anotan,No,0.893
340_347_2026-09-12,2026-09-12,Gornik Zabrze,Lech Poznan,340,347,PENDIENTE,,,Goles,+1.5 Goles,0.903
9930_1300_2026-09-12,2026-09-12,Aubagne,Concarneau,9930,1300,PENDIENTE,,,Goles,-3.5 Goles,0.91
22039_3221_2026-09-12,2026-09-12,Thionville Lusitanos,Rouen,22039,3221,PENDIENTE,,,Goles,+1.5 Goles,0.832
1302_9915_2026-09-12,2026-09-12,Villefranche,La Roche VF,1302,9915,PENDIENTE,,,Doble Oportunidad,X2,0.868
377_2241_2026-09-12,2026-09-12,AIK Stockholm,Vasteras SK FK,377,2241,PENDIENTE,,,Goles,+1.5 Goles,0.847
366_766_2026-09-12,2026-09-12,IFK Goteborg,Halmstad,366,766,PENDIENTE,,,Doble Oportunidad,1X,0.825
21698_11077_2026-09-12,2026-09-12,Malmö FF W,Eskilstuna United W,21698,11077,PENDIENTE,,,Doble Oportunidad,X2,0.827
11075_11082_2026-09-12,2026-09-12,Rosengård W,Uppsala W,11075,11082,PENDIENTE,,,Mega-Misil SGBB,1X_O15,0.854
11075_11082_2026-09-12,2026-09-12,Rosengård W,Uppsala W,11075,11082,PENDIENTE,,,Ganador Directo,Gana Rosengård W,0.846
11075_11082_2026-09-12,2026-09-12,Rosengård W,Uppsala W,11075,11082,PENDIENTE,,,Doble Oportunidad,1X,0.962
11075_11082_2026-09-12,2026-09-12,Rosengård W,Uppsala W,11075,11082,PENDIENTE,,,Goles,+1.5 Goles,0.883
7007_2152_2026-09-12,2026-09-12,Lysekloster,Mjondalen,7007,2152,PENDIENTE,,,Goles,-3.5 Goles,0.855
7046_16217_2026-09-12,2026-09-12,Vidar,Bjarg,7046,16217,PENDIENTE,,,Doble Oportunidad,X2,0.894
7046_16217_2026-09-12,2026-09-12,Vidar,Bjarg,7046,16217,PENDIENTE,,,Goles,+1.5 Goles,0.875
23423_7015_2026-09-12,2026-09-12,Union Carl Berner,Nordstrand,23423,7015,PENDIENTE,,,Goles,+1.5 Goles,0.912
12864_25498_2026-09-12,2026-09-12,Strindheim,Kvik Trondheim,12864,25498,PENDIENTE,,,Doble Oportunidad,1X,0.812
12864_25498_2026-09-12,2026-09-12,Strindheim,Kvik Trondheim,12864,25498,PENDIENTE,,,Goles,+1.5 Goles,0.986
12864_25498_2026-09-12,2026-09-12,Strindheim,Kvik Trondheim,12864,25498,PENDIENTE,,,Goles,+2.5 Goles,0.938
12864_25498_2026-09-12,2026-09-12,Strindheim,Kvik Trondheim,12864,25498,PENDIENTE,,,Ambos Anotan,Sí,0.872
6996_12824_2026-09-12,2026-09-12,Herd,Orkla,6996,12824,PENDIENTE,,,Mega-Misil SGBB,BTTS_O25,0.895
6996_12824_2026-09-12,2026-09-12,Herd,Orkla,6996,12824,PENDIENTE,,,Goles,+1.5 Goles,0.992
6996_12824_2026-09-12,2026-09-12,Herd,Orkla,6996,12824,PENDIENTE,,,Goles,+2.5 Goles,0.96
6996_12824_2026-09-12,2026-09-12,Herd,Orkla,6996,12824,PENDIENTE,,,Ambos Anotan,Sí,0.911
7013_12817_2026-09-12,2026-09-12,NTNUI,Molde II,7013,12817,PENDIENTE,,,Goles,+1.5 Goles,0.871
6990_18925_2026-09-12,2026-09-12,Fyllingsdalen,Gneist,6990,18925,PENDIENTE,,,Goles,+1.5 Goles,0.854
19719_16219_2026-09-12,2026-09-12,Varegg,Sogndal II,19719,16219,PENDIENTE,,,Goles,+1.5 Goles,0.919
6997_7009_2026-09-12,2026-09-12,Hinna,Madla,6997,7009,PENDIENTE,,,Goles,+1.5 Goles,0.854
12812_6982_2026-09-12,2026-09-12,Mandalskameratene,Flekkerøy,12812,6982,PENDIENTE,,,Goles,+1.5 Goles,0.829
18930_2156_2026-09-12,2026-09-12,Råde,Elverum,18930,2156,PENDIENTE,,,Goles,+1.5 Goles,0.894
21418_7052_2026-09-12,2026-09-12,Sandefjord II,Ørn Horten,21418,7052,PENDIENTE,,,Goles,+1.5 Goles,0.918
16030_16001_2026-09-12,2026-09-12,Enskede W,Alingsås W,16030,16001,PENDIENTE,,,Doble Oportunidad,X2,0.813
16030_16001_2026-09-12,2026-09-12,Enskede W,Alingsås W,16030,16001,PENDIENTE,,,Goles,+1.5 Goles,0.86
11080_21693_2026-09-12,2026-09-12,Linköping W,Elfsborg W,11080,21693,PENDIENTE,,,Doble Oportunidad,X2,0.849
11080_21693_2026-09-12,2026-09-12,Linköping W,Elfsborg W,11080,21693,PENDIENTE,,,Goles,+1.5 Goles,0.878
9172_2085_2026-09-12,2026-09-12,JIPPO,Klubi-04,9172,2085,PENDIENTE,,,Doble Oportunidad,X2,0.831
9172_2085_2026-09-12,2026-09-12,JIPPO,Klubi-04,9172,2085,PENDIENTE,,,Goles,+1.5 Goles,0.865
9175_9198_2026-09-12,2026-09-12,MP,SJK Akatemia,9175,9198,PENDIENTE,,,Goles,+1.5 Goles,0.808
9419_3383_2026-09-12,2026-09-12,Arsenal,Baranovichi,9419,3383,PENDIENTE,,,Doble Oportunidad,X2,0.837
382_3384_2026-09-12,2026-09-12,FC Vitebsk,Belshina,382,3384,PENDIENTE,,,Goles,-3.5 Goles,0.878
387_385_2026-09-12,2026-09-12,Neman,Torpedo Zhodino,387,385,PENDIENTE,,,Doble Oportunidad,1X,0.802
21011_4560_2026-09-12,2026-09-12,Yelimay Semey,Zhetysu,21011,4560,PENDIENTE,,,Goles,+1.5 Goles,0.848
692_562_2026-09-12,2026-09-12,Ordabasy,FC Astana,692,562,PENDIENTE,,,Goles,+1.5 Goles,0.889
16611_4554_2026-09-12,2026-09-12,Zhenys,Kyzyl-Zhar,16611,4554,PENDIENTE,,,Doble Oportunidad,1X,0.833
16611_4554_2026-09-12,2026-09-12,Zhenys,Kyzyl-Zhar,16611,4554,PENDIENTE,,,Goles,+1.5 Goles,0.813
4139_4153_2026-09-12,2026-09-12,JDFS Alberts,Valmiera / BSS,4139,4153,PENDIENTE,,,Goles,+1.5 Goles,0.952
4139_4153_2026-09-12,2026-09-12,JDFS Alberts,Valmiera / BSS,4139,4153,PENDIENTE,,,Goles,+2.5 Goles,0.84
4139_4153_2026-09-12,2026-09-12,JDFS Alberts,Valmiera / BSS,4139,4153,PENDIENTE,,,Ambos Anotan,Sí,0.807
14366_18837_2026-09-12,2026-09-12,Mārupe,Tukums II,14366,18837,PENDIENTE,,,Goles,+1.5 Goles,0.933
4222_23394_2026-09-12,2026-09-12,Shortan,Qiziriq,4222,23394,PENDIENTE,,,Doble Oportunidad,1X,0.885
495_512_2026-09-12,2026-09-12,Genoa,Frosinone,495,512,PENDIENTE,,,Doble Oportunidad,X2,0.842
495_512_2026-09-12,2026-09-12,Genoa,Frosinone,495,512,PENDIENTE,,,Goles,+1.5 Goles,0.815
499_490_2026-09-12,2026-09-12,Atalanta,Cagliari,499,490,PENDIENTE,,,Goles,-3.5 Goles,0.953
4676_2061_2026-09-12,2026-09-12,Kolding IF,FC Fredericia,4676,2061,PENDIENTE,,,Goles,+1.5 Goles,0.817
628_1122_2026-09-12,2026-09-12,Sparta Praha,FK Jablonec,628,1122,PENDIENTE,,,Goles,+1.5 Goles,0.813
12898_14619_2026-09-12,2026-09-12,Würzburger FV,Ammerthal,12898,14619,PENDIENTE,,,Goles,+1.5 Goles,0.929
14512_17027_2026-09-12,2026-09-12,Nordlingen,DJK Bamberg,14512,17027,PENDIENTE,,,Goles,+1.5 Goles,0.896
12798_19759_2026-09-12,2026-09-12,Jahn Regensburg II,Kornburg,12798,19759,PENDIENTE,,,Goles,+1.5 Goles,0.916
12805_12724_2026-09-12,2026-09-12,Kirchanschöring,1860 München II,12805,12724,PENDIENTE,,,Goles,+1.5 Goles,0.919
27898_12850_2026-09-12,2026-09-12,Landshut,Schwabmünchen,27898,12850,PENDIENTE,,,Goles,+1.5 Goles,0.903
17398_6938_2026-09-12,2026-09-12,Kluczevia Stargard,Elana Toruń,17398,6938,PENDIENTE,,,Goles,+1.5 Goles,0.935
16245_6959_2026-09-12,2026-09-12,Bałtyk Koszalin,Stargard Szczeciński,16245,6959,PENDIENTE,,,Goles,+1.5 Goles,0.865
12801_24328_2026-09-12,2026-09-12,Kalisz,Wda Świecie,12801,24328,PENDIENTE,,,Goles,+1.5 Goles,0.81
24327_26180_2026-09-12,2026-09-12,Kotwica Kórnik,Lipno Stęszew,24327,26180,PENDIENTE,,,Doble Oportunidad,1X,0.82
24327_26180_2026-09-12,2026-09-12,Kotwica Kórnik,Lipno Stęszew,24327,26180,PENDIENTE,,,Goles,+1.5 Goles,0.844
16246_18385_2026-09-12,2026-09-12,Flota Świnoujście,Gedania Gdansk,16246,18385,PENDIENTE,,,Goles,+1.5 Goles,0.947
16246_18385_2026-09-12,2026-09-12,Flota Świnoujście,Gedania Gdansk,16246,18385,PENDIENTE,,,Goles,+2.5 Goles,0.825
16236_19618_2026-09-12,2026-09-12,Jagiellonia II,Mławianka Mława,16236,19618,PENDIENTE,,,Doble Oportunidad,1X,0.813
16236_19618_2026-09-12,2026-09-12,Jagiellonia II,Mławianka Mława,16236,19618,PENDIENTE,,,Goles,+1.5 Goles,0.881
12869_27902_2026-09-12,2026-09-12,Swit,Weszlo,12869,27902,PENDIENTE,,,Goles,+1.5 Goles,0.846
26177_21656_2026-09-12,2026-09-12,Troszyn,Łomża,26177,21656,PENDIENTE,,,Goles,+1.5 Goles,0.943
26177_21656_2026-09-12,2026-09-12,Troszyn,Łomża,26177,21656,PENDIENTE,,,Goles,+2.5 Goles,0.817
26177_21656_2026-09-12,2026-09-12,Troszyn,Łomża,26177,21656,PENDIENTE,,,Ambos Anotan,Sí,0.801
6945_12829_2026-09-12,2026-09-12,Olimpia Elbląg,Pelikan Łowicz,6945,12829,PENDIENTE,,,Goles,+1.5 Goles,0.86
6946_3497_2026-09-12,2026-09-12,Olimpia Zambrów,Wigry Suwałki,6946,3497,PENDIENTE,,,Goles,+1.5 Goles,0.933
24330_19619_2026-09-12,2026-09-12,Polonia Lidzbark Warm.,Warta Sieradz,24330,19619,PENDIENTE,,,Goles,+1.5 Goles,0.907
24728_24735_2026-09-12,2026-09-12,Cesena U20,Lazio U20,24728,24735,PENDIENTE,,,Goles,+1.5 Goles,0.823
24741_24726_2026-09-12,2026-09-12,Sassuolo U20,Bologna U20,24741,24726,PENDIENTE,,,Doble Oportunidad,X2,0.805
24741_24726_2026-09-12,2026-09-12,Sassuolo U20,Bologna U20,24741,24726,PENDIENTE,,,Goles,+1.5 Goles,0.855
12979_22831_2026-09-12,2026-09-12,Vasco da Gama U20,Bangu U20,12979,22831,PENDIENTE,,,Doble Oportunidad,1X,0.867
11054_13074_2026-09-12,2026-09-12,Flamengo U20,Volta Redonda U20,11054,13074,PENDIENTE,,,Ganador Directo,Gana Flamengo U20,0.868
11054_13074_2026-09-12,2026-09-12,Flamengo U20,Volta Redonda U20,11054,13074,PENDIENTE,,,Doble Oportunidad,1X,0.974
11054_13074_2026-09-12,2026-09-12,Flamengo U20,Volta Redonda U20,11054,13074,PENDIENTE,,,Goles,+1.5 Goles,0.862
25595_20762_2026-09-12,2026-09-12,Maricá U20,Madureira U20,25595,20762,PENDIENTE,,,Doble Oportunidad,1X,0.803
25595_20762_2026-09-12,2026-09-12,Maricá U20,Madureira U20,25595,20762,PENDIENTE,,,Goles,+1.5 Goles,0.853
23387_13032_2026-09-12,2026-09-12,Sampaio Correa FE U20,Nova Iguaçu U20,23387,13032,PENDIENTE,,,Doble Oportunidad,1X,0.834
4744_235_2026-09-12,2026-09-12,Felgueiras 1932,Penafiel,4744,235,PENDIENTE,,,Doble Oportunidad,X2,0.805
1280_1261_2026-09-12,2026-09-12,Ijsselmeervogels,GVVV Veenendaal,1280,1261,PENDIENTE,,,Doble Oportunidad,1X,0.868
1280_1261_2026-09-12,2026-09-12,Ijsselmeervogels,GVVV Veenendaal,1280,1261,PENDIENTE,,,Goles,+1.5 Goles,0.946
1280_1261_2026-09-12,2026-09-12,Ijsselmeervogels,GVVV Veenendaal,1280,1261,PENDIENTE,,,Goles,+2.5 Goles,0.826
9130_1249_2026-09-12,2026-09-12,Almere City II,Spakenburg,9130,1249,PENDIENTE,,,Goles,+1.5 Goles,0.832
10320_1237_2026-09-12,2026-09-12,Sparta Rotterdam II,Katwijk,10320,1237,PENDIENTE,,,Goles,+1.5 Goles,0.931
3930_1238_2026-09-12,2026-09-12,Kloetinge,RKAV Volendam,3930,1238,PENDIENTE,,,Goles,+1.5 Goles,0.889
1242_1248_2026-09-12,2026-09-12,Kozakken Boys,Rijnsburgse Boys,1242,1248,PENDIENTE,,,Goles,+1.5 Goles,0.865
1272_6269_2026-09-12,2026-09-12,Quick Boys,ROHDA Raalte,1272,6269,PENDIENTE,,,Mega-Misil SGBB,1X_O15,0.894
1272_6269_2026-09-12,2026-09-12,Quick Boys,ROHDA Raalte,1272,6269,PENDIENTE,,,Mega-Misil SGBB,1_O15,0.855
1272_6269_2026-09-12,2026-09-12,Quick Boys,ROHDA Raalte,1272,6269,PENDIENTE,,,Ganador Directo,Gana Quick Boys,0.925
1272_6269_2026-09-12,2026-09-12,Quick Boys,ROHDA Raalte,1272,6269,PENDIENTE,,,Doble Oportunidad,1X,0.989
1272_6269_2026-09-12,2026-09-12,Quick Boys,ROHDA Raalte,1272,6269,PENDIENTE,,,Goles,+1.5 Goles,0.902
1252_1278_2026-09-12,2026-09-12,AFC Amsterdam,HHC,1252,1278,PENDIENTE,,,Goles,+1.5 Goles,0.848
1277_1246_2026-09-12,2026-09-12,De Treffers,Koninklijke HFC,1277,1246,PENDIENTE,,,Goles,+1.5 Goles,0.883
13000_22833_2026-09-12,2026-09-12,Cruzeiro U20,Coimbra U20,13000,22833,PENDIENTE,,,Goles,+1.5 Goles,0.857
27643_25889_2026-09-12,2026-09-12,Nacional de Muriae U20,Itabirito U20,27643,25889,PENDIENTE,,,Goles,+1.5 Goles,0.91
24517_19284_2026-09-12,2026-09-12,Darmstadt 98 II,TuBa Pohlheim,24517,19284,PENDIENTE,,,Goles,+1.5 Goles,0.82
26171_21947_2026-09-12,2026-09-12,Hummetroth,1960 Hanau,26171,21947,PENDIENTE,,,Goles,+1.5 Goles,0.884
14808_14489_2026-09-12,2026-09-12,Unter-Flockenbach,Friedberg,14808,14489,PENDIENTE,,,Doble Oportunidad,1X,0.806
14808_14489_2026-09-12,2026-09-12,Unter-Flockenbach,Friedberg,14808,14489,PENDIENTE,,,Goles,+1.5 Goles,0.891
14550_9361_2026-09-12,2026-09-12,Hadamar,Bayern Alzenau,14550,9361,PENDIENTE,,,Goles,+1.5 Goles,0.838
13407_6529_2026-09-12,2026-09-12,Ayvalikgucu,Kepezspor,13407,6529,PENDIENTE,,,Doble Oportunidad,1X,0.901
7396_6508_2026-09-12,2026-09-12,Bucaspor 1928,Akşehirspor,7396,6508,PENDIENTE,,,Goles,+1.5 Goles,0.873
7409_3566_2026-09-12,2026-09-12,Karsiyaka,Altay,7409,3566,PENDIENTE,,,Goles,-3.5 Goles,0.866
3581_3590_2026-09-12,2026-09-12,Ankara Demirspor,Fethiyespor,3581,3590,PENDIENTE,,,Doble Oportunidad,1X,0.879
6511_15101_2026-09-12,2026-09-12,Güzide Gebzespor,Arnavutköy Belediyespor,6511,15101,PENDIENTE,,,Doble Oportunidad,1X,0.873
6511_15101_2026-09-12,2026-09-12,Güzide Gebzespor,Arnavutköy Belediyespor,6511,15101,PENDIENTE,,,Goles,+1.5 Goles,0.807
21996_6538_2026-09-12,2026-09-12,İnegöl Kafkas Gençlik,Somaspor,21996,6538,PENDIENTE,,,Goles,+1.5 Goles,0.896
3563_3571_2026-09-12,2026-09-12,Adana Demirspor,Elazığspor,3563,3571,PENDIENTE,,,Goles,+1.5 Goles,0.81
2669_2682_2026-09-12,2026-09-12,Amazulu,Marumo Gallants,2669,2682,PENDIENTE,,,Goles,+1.5 Goles,0.868
2693_2691_2026-09-12,2026-09-12,Polokwane City,Kaizer Chiefs,2693,2691,PENDIENTE,,,Goles,+1.5 Goles,0.851
2698_2699_2026-09-12,2026-09-12,Chippa United,Mamelodi Sundowns,2698,2699,PENDIENTE,,,Doble Oportunidad,X2,0.854
10430_2518_2026-09-12,2026-09-12,Imigresen,Terengganu,10430,2518,PENDIENTE,,,Goles,+1.5 Goles,0.873
1584_863_2026-09-12,2026-09-12,Vicenza Virtus,Juve Stabia,1584,863,PENDIENTE,,,Goles,+1.5 Goles,0.844
509_520_2026-09-12,2026-09-12,Cesena,Cremonese,509,520,PENDIENTE,,,Goles,-3.5 Goles,0.85
24911_24915_2026-09-12,2026-09-12,GREVAL,Taguatinga EC,24911,24915,PENDIENTE,,,Doble Oportunidad,X2,0.935
10590_16323_2026-09-12,2026-09-12,Sion II,Servette II,10590,16323,PENDIENTE,,,Doble Oportunidad,1X,0.83
10590_16323_2026-09-12,2026-09-12,Sion II,Servette II,10590,16323,PENDIENTE,,,Goles,+1.5 Goles,0.876
6623_10592_2026-09-12,2026-09-12,Echallens,La Chaux-de-Fonds,6623,10592,PENDIENTE,,,Goles,+1.5 Goles,0.82
6630_6631_2026-09-12,2026-09-12,Meyrin,Monthey,6630,6631,PENDIENTE,,,Goles,+1.5 Goles,0.867
12693_12695_2026-09-12,2026-09-12,Lausanne Sport II,Naters,12693,12695,PENDIENTE,,,Goles,+1.5 Goles,0.88
17484_16339_2026-09-12,2026-09-12,Prishtina Bern,Stade Payerne,17484,16339,PENDIENTE,,,Mega-Misil SGBB,1X_O15,0.895
17484_16339_2026-09-12,2026-09-12,Prishtina Bern,Stade Payerne,17484,16339,PENDIENTE,,,Ganador Directo,Gana Prishtina Bern,0.812
17484_16339_2026-09-12,2026-09-12,Prishtina Bern,Stade Payerne,17484,16339,PENDIENTE,,,Doble Oportunidad,1X,0.92
17484_16339_2026-09-12,2026-09-12,Prishtina Bern,Stade Payerne,17484,16339,PENDIENTE,,,Goles,+1.5 Goles,0.972
17484_16339_2026-09-12,2026-09-12,Prishtina Bern,Stade Payerne,17484,16339,PENDIENTE,,,Goles,+2.5 Goles,0.896
8261_4994_2026-09-12,2026-09-12,Wals-Grünau,TSV St. Johann,8261,4994,PENDIENTE,,,Doble Oportunidad,1X,0.887
8261_4994_2026-09-12,2026-09-12,Wals-Grünau,TSV St. Johann,8261,4994,PENDIENTE,,,Goles,+1.5 Goles,0.889
8250_21534_2026-09-12,2026-09-12,Ried II,Wallern / Marienkirchen,8250,21534,PENDIENTE,,,Goles,+1.5 Goles,0.869
19315_11225_2026-09-12,2026-09-12,UFC Hallein,LASK Juniors,19315,11225,PENDIENTE,,,Goles,+1.5 Goles,0.824
22104_525_2026-09-12,2026-09-12,Atalanta II,Pescara,22104,525,PENDIENTE,,,Goles,+1.5 Goles,0.943
22104_525_2026-09-12,2026-09-12,Atalanta II,Pescara,22104,525,PENDIENTE,,,Goles,+2.5 Goles,0.817
9514_871_2026-09-12,2026-09-12,Pineto,Sambenedettese,9514,871,PENDIENTE,,,Goles,-3.5 Goles,0.859
515_868_2026-09-12,2026-09-12,Spezia,Livorno,515,868,PENDIENTE,,,Doble Oportunidad,1X,0.879
515_868_2026-09-12,2026-09-12,Spezia,Livorno,515,868,PENDIENTE,,,Goles,-3.5 Goles,0.896
1688_1708_2026-09-12,2026-09-12,Forli,Vis Pesaro,1688,1708,PENDIENTE,,,Doble Oportunidad,1X,0.843
1688_1708_2026-09-12,2026-09-12,Forli,Vis Pesaro,1688,1708,PENDIENTE,,,Goles,+1.5 Goles,0.884
866_804_2026-09-12,2026-09-12,Gubbio,Latina,866,804,PENDIENTE,,,Goles,+1.5 Goles,0.9
26355_885_2026-09-12,2026-09-12,Inter U23,Casertana,26355,885,PENDIENTE,,,Goles,+1.5 Goles,0.806
1580_24701_2026-09-12,2026-09-12,Catania,Scafatese,1580,24701,PENDIENTE,,,Goles,+1.5 Goles,0.86
10138_521_2026-09-12,2026-09-12,SS Monopoli,Foggia,10138,521,PENDIENTE,,,Goles,-3.5 Goles,0.919
9537_1587_2026-09-12,2026-09-12,Sorrento,AZ Picerno,9537,1587,PENDIENTE,,,Goles,-3.5 Goles,0.86
6617_16348_2026-09-12,2026-09-12,Black Stars,Thun II,6617,16348,PENDIENTE,,,Goles,+1.5 Goles,0.8
12701_19608_2026-09-12,2026-09-12,Buochs,Muri-Gümligen,12701,19608,PENDIENTE,,,Goles,+1.5 Goles,0.877
2183_12704_2026-09-12,2026-09-12,FC Wohlen,Grasshopper II,2183,12704,PENDIENTE,,,Goles,+1.5 Goles,0.838
6622_12707_2026-09-12,2026-09-12,Concordia Basel,Muttenz,6622,12707,PENDIENTE,,,Goles,+1.5 Goles,0.82
5357_8089_2026-09-12,2026-09-12,African Stars,Mangasport,5357,8089,PENDIENTE,,,Doble Oportunidad,X2,0.822
6435_12255_2026-09-12,2026-09-12,TP Mazembe,Medeama,6435,12255,PENDIENTE,,,Goles,-3.5 Goles,0.876
20372_25735_2026-09-12,2026-09-12,Nsingizini Hotspurs,Scotland Mabvuku,20372,25735,PENDIENTE,,,Doble Oportunidad,X2,0.826
20372_25735_2026-09-12,2026-09-12,Nsingizini Hotspurs,Scotland Mabvuku,20372,25735,PENDIENTE,,,Goles,-3.5 Goles,0.917
2700_25405_2026-09-12,2026-09-12,Orlando Pirates,La Cure Waves,2700,25405,PENDIENTE,,,Mega-Misil SGBB,1X_U45,0.885
2700_25405_2026-09-12,2026-09-12,Orlando Pirates,La Cure Waves,2700,25405,PENDIENTE,,,Doble Oportunidad,1X,0.906
2700_25405_2026-09-12,2026-09-12,Orlando Pirates,La Cure Waves,2700,25405,PENDIENTE,,,Goles,-3.5 Goles,0.924
5211_5239_2026-09-12,2026-09-12,Power Dynamos,Al Merreikh,5211,5239,PENDIENTE,,,Doble Oportunidad,X2,0.822
5211_5239_2026-09-12,2026-09-12,Power Dynamos,Al Merreikh,5211,5239,PENDIENTE,,,Goles,-3.5 Goles,0.935
5370_5421_2026-09-12,2026-09-12,Young Africans,Gaborone United,5370,5421,PENDIENTE,,,Doble Oportunidad,1X,0.857
16811_24352_2026-09-12,2026-09-12,Heegan,EL Merriekh Bentiu,16811,24352,PENDIENTE,,,Doble Oportunidad,X2,0.822
16811_24352_2026-09-12,2026-09-12,Heegan,EL Merriekh Bentiu,16811,24352,PENDIENTE,,,Goles,-3.5 Goles,0.935
20980_17447_2026-09-12,2026-09-12,Lijabatho,CFFA,20980,17447,PENDIENTE,,,Doble Oportunidad,1X,0.899
20980_17447_2026-09-12,2026-09-12,Lijabatho,CFFA,20980,17447,PENDIENTE,,,Goles,+1.5 Goles,0.862
4922_6433_2026-09-12,2026-09-12,Petro de Luanda,Songo,4922,6433,PENDIENTE,,,Mega-Misil SGBB,1X_U35,0.867
4922_6433_2026-09-12,2026-09-12,Petro de Luanda,Songo,4922,6433,PENDIENTE,,,Mega-Misil SGBB,1X_U45,0.915
4922_6433_2026-09-12,2026-09-12,Petro de Luanda,Songo,4922,6433,PENDIENTE,,,Doble Oportunidad,1X,0.934
4922_6433_2026-09-12,2026-09-12,Petro de Luanda,Songo,4922,6433,PENDIENTE,,,Goles,-3.5 Goles,0.931
4922_6433_2026-09-12,2026-09-12,Petro de Luanda,Songo,4922,6433,PENDIENTE,,,Ambos Anotan,No,0.823
6430_3453_2026-09-12,2026-09-12,Rahimo,Maghreb Fès,6430,3453,PENDIENTE,,,Doble Oportunidad,X2,0.868
6430_3453_2026-09-12,2026-09-12,Rahimo,Maghreb Fès,6430,3453,PENDIENTE,,,Goles,+1.5 Goles,0.849
8060_988_2026-09-12,2026-09-12,Djoliba,Club Africain,8060,988,PENDIENTE,,,Mega-Misil SGBB,X2_U35,0.877
8060_988_2026-09-12,2026-09-12,Djoliba,Club Africain,8060,988,PENDIENTE,,,Mega-Misil SGBB,X2_U45,0.901
8060_988_2026-09-12,2026-09-12,Djoliba,Club Africain,8060,988,PENDIENTE,,,Doble Oportunidad,X2,0.908
8060_988_2026-09-12,2026-09-12,Djoliba,Club Africain,8060,988,PENDIENTE,,,Goles,-3.5 Goles,0.967
8060_988_2026-09-12,2026-09-12,Djoliba,Club Africain,8060,988,PENDIENTE,,,Ambos Anotan,No,0.849
27264_28125_2026-09-12,2026-09-12,Medina United,Star Sport Academy,27264,28125,PENDIENTE,,,Goles,-3.5 Goles,0.977
27264_28125_2026-09-12,2026-09-12,Medina United,Star Sport Academy,27264,28125,PENDIENTE,,,Ambos Anotan,No,0.817
1040_26759_2026-09-12,2026-09-12,Zamalek SC,Port,1040,26759,PENDIENTE,,,Doble Oportunidad,1X,0.85
906_19863_2026-09-12,2026-09-12,MC Alger,NIGELEC,906,19863,PENDIENTE,,,Goles,-3.5 Goles,0.962
5297_700_2026-09-12,2026-09-12,Cailungo,Tre Penne,5297,700,PENDIENTE,,,Doble Oportunidad,X2,0.856
5297_700_2026-09-12,2026-09-12,Cailungo,Tre Penne,5297,700,PENDIENTE,,,Goles,+1.5 Goles,0.865
5305_5307_2026-09-12,2026-09-12,Murata,San Giovanni,5305,5307,PENDIENTE,,,Goles,+1.5 Goles,0.884
5308_5303_2026-09-12,2026-09-12,Virtus,Libertas,5308,5303,PENDIENTE,,,Doble Oportunidad,1X,0.841
5308_5303_2026-09-12,2026-09-12,Virtus,Libertas,5308,5303,PENDIENTE,,,Goles,-3.5 Goles,0.939
24437_4511_2026-09-12,2026-09-12,East End Lions,AFAD,24437,4511,PENDIENTE,,,Goles,-3.5 Goles,0.868
19859_28145_2026-09-12,2026-09-12,Black Bulls Maputo,Atomic Ngome,19859,28145,PENDIENTE,,,Doble Oportunidad,1X,0.822
19859_28145_2026-09-12,2026-09-12,Black Bulls Maputo,Atomic Ngome,19859,28145,PENDIENTE,,,Goles,-3.5 Goles,0.935
12424_6423_2026-09-12,2026-09-12,Al Ahli Tripoli,KMKM,12424,6423,PENDIENTE,,,Doble Oportunidad,1X,0.915
16194_7520_2026-09-12,2026-09-12,ASAS,Masr,16194,7520,PENDIENTE,,,Doble Oportunidad,X2,0.87
5422_8078_2026-09-12,2026-09-12,Galaxy,ASPL 2000,5422,8078,PENDIENTE,,,Goles,-3.5 Goles,0.868
7189_7192_2026-09-12,2026-09-12,Arsenal U21,Chelsea U21,7189,7192,PENDIENTE,,,Goles,+1.5 Goles,0.905
28191_9430_2026-09-12,2026-09-12,Lascaris,Bra,28191,9430,PENDIENTE,,,Goles,-3.5 Goles,0.907
9435_19988_2026-09-12,2026-09-12,Ghivizzano Borgo Mozzano,Terranuova Traiana,9435,19988,PENDIENTE,,,Goles,+1.5 Goles,0.812
9500_19986_2026-09-12,2026-09-12,Montevarchi Calcio,Tau Altopascio,9500,19986,PENDIENTE,,,Goles,-3.5 Goles,0.897
13168_9504_2026-09-12,2026-09-12,Progresso,Scandicci,13168,9504,PENDIENTE,,,Goles,+1.5 Goles,0.904
516_1699_2026-09-12,2026-09-12,Ternana,Gavorrano,516,1699,PENDIENTE,,,Doble Oportunidad,X2,0.852
516_1699_2026-09-12,2026-09-12,Ternana,Gavorrano,516,1699,PENDIENTE,,,Goles,-3.5 Goles,0.866
1583_9488_2026-09-12,2026-09-12,Robur Siena,Mezzolara,1583,9488,PENDIENTE,,,Goles,-3.5 Goles,0.921
9441_889_2026-09-12,2026-09-12,Seravezza,Lucchese,9441,889,PENDIENTE,,,Goles,-3.5 Goles,0.897
23489_26778_2026-09-12,2026-09-12,Atletico Torres U20,Atletico PE U20,23489,26778,PENDIENTE,,,Goles,+1.5 Goles,0.922
28228_26779_2026-09-12,2026-09-12,Academica Vitoria U20,Guarany U20,28228,26779,PENDIENTE,,,Mega-Misil SGBB,1X_O15,0.861
28228_26779_2026-09-12,2026-09-12,Academica Vitoria U20,Guarany U20,28228,26779,PENDIENTE,,,Ganador Directo,Gana Academica Vitoria U20,0.907
28228_26779_2026-09-12,2026-09-12,Academica Vitoria U20,Guarany U20,28228,26779,PENDIENTE,,,Doble Oportunidad,1X,0.986
28228_26779_2026-09-12,2026-09-12,Academica Vitoria U20,Guarany U20,28228,26779,PENDIENTE,,,Goles,+1.5 Goles,0.869
23492_28227_2026-09-12,2026-09-12,Central SC U20,1º de Maio U20,23492,28227,PENDIENTE,,,Goles,+1.5 Goles,0.895
13050_13053_2026-09-12,2026-09-12,Retrô U20,Santa Cruz U20,13050,13053,PENDIENTE,,,Goles,+1.5 Goles,0.88
26396_26434_2026-09-12,2026-09-12,Gomora United FC,Leicesterfield,26396,26434,PENDIENTE,,,Doble Oportunidad,1X,0.823
26396_26434_2026-09-12,2026-09-12,Gomora United FC,Leicesterfield,26396,26434,PENDIENTE,,,Goles,-3.5 Goles,0.885
17357_22235_2026-09-12,2026-09-12,Venda FC,Upington City,17357,22235,PENDIENTE,,,Doble Oportunidad,X2,0.812
17357_22235_2026-09-12,2026-09-12,Venda FC,Upington City,17357,22235,PENDIENTE,,,Goles,-3.5 Goles,0.875
25526_19997_2026-09-12,2026-09-12,Lerumo Lions,Casric Stars,25526,19997,PENDIENTE,,,Doble Oportunidad,1X,0.853
26397_28236_2026-09-12,2026-09-12,Midlands Wanderers,NWU FC,26397,28236,PENDIENTE,,,Doble Oportunidad,1X,0.84
26397_28236_2026-09-12,2026-09-12,Midlands Wanderers,NWU FC,26397,28236,PENDIENTE,,,Goles,-3.5 Goles,0.937
10569_10582_2026-09-12,2026-09-12,University of Pretoria,Orbit College,10569,10582,PENDIENTE,,,Goles,-3.5 Goles,0.927
28240_28248_2026-09-12,2026-09-12,Alanyaspor U19,Goztepe U19,28240,28248,PENDIENTE,,,Goles,+1.5 Goles,0.84
28251_17701_2026-09-12,2026-09-12,Konyaspor U19,Trabzonspor U19,28251,17701,PENDIENTE,,,Doble Oportunidad,X2,0.874
28251_17701_2026-09-12,2026-09-12,Konyaspor U19,Trabzonspor U19,28251,17701,PENDIENTE,,,Goles,+1.5 Goles,0.843
15560_5314_2026-09-12,2026-09-12,Gorilla,Etincelles,15560,5314,PENDIENTE,,,Goles,-3.5 Goles,0.94
2419_5083_2026-09-12,2026-09-12,Cigand SE,Dabas,2419,5083,PENDIENTE,,,Doble Oportunidad,1X,0.859
2419_5083_2026-09-12,2026-09-12,Cigand SE,Dabas,2419,5083,PENDIENTE,,,Goles,+1.5 Goles,0.861
11701_2392_2026-09-12,2026-09-12,Gödöllő,Debreceni VSC,11701,2392,PENDIENTE,,,Doble Oportunidad,1X,0.825
11852_7536_2026-09-12,2026-09-12,Hartai,Bicskei,11852,7536,PENDIENTE,,,Goles,+1.5 Goles,0.842
5090_2407_2026-09-12,2026-09-12,FC Hatvan,Kaposvar,5090,2407,PENDIENTE,,,Goles,+1.5 Goles,0.924
5100_2404_2026-09-12,2026-09-12,Hévíz,Soroksar,5100,2404,PENDIENTE,,,Goles,+1.5 Goles,0.828
5104_2418_2026-09-12,2026-09-12,Iváncsa,Szeged 2011,5104,2418,PENDIENTE,,,Goles,+1.5 Goles,0.836
11703_5149_2026-09-12,2026-09-12,Karancslapujtő,Tiszaújváros,11703,5149,PENDIENTE,,,Ganador Directo,Gana Karancslapujtő,0.832
11703_5149_2026-09-12,2026-09-12,Karancslapujtő,Tiszaújváros,11703,5149,PENDIENTE,,,Doble Oportunidad,1X,0.96
11703_5149_2026-09-12,2026-09-12,Karancslapujtő,Tiszaújváros,11703,5149,PENDIENTE,,,Goles,+1.5 Goles,0.858
2410_2390_2026-09-12,2026-09-12,Kazincbarcikai,Paks,2410,2390,PENDIENTE,,,Goles,+1.5 Goles,0.83
11784_2403_2026-09-12,2026-09-12,Majosi,Nyiregyhaza,11784,2403,PENDIENTE,,,Goles,+1.5 Goles,0.887
28091_2394_2026-09-12,2026-09-12,Nagykozar KSE,Kisvarda FC,28091,2394,PENDIENTE,,,Goles,-3.5 Goles,0.866
5145_5111_2026-09-12,2026-09-12,Tatabánya,Kecskeméti TE,5145,5111,PENDIENTE,,,Goles,+1.5 Goles,0.851
26978_675_2026-09-12,2026-09-12,TFSE Budapest,Vasas,26978,675,PENDIENTE,,,Doble Oportunidad,1X,0.826
17285_5147_2026-09-12,2026-09-12,Haladás VSE,Tiszafuredi VSE,17285,5147,PENDIENTE,,,Doble Oportunidad,1X,0.894
4714_5071_2026-09-12,2026-09-12,Ajka,BVSC,4714,5071,PENDIENTE,,,Goles,-3.5 Goles,0.906
5130_2415_2026-09-12,2026-09-12,Pécsi MFC,Tiszakecske FC,5130,2415,PENDIENTE,,,Doble Oportunidad,1X,0.85
5130_2415_2026-09-12,2026-09-12,Pécsi MFC,Tiszakecske FC,5130,2415,PENDIENTE,,,Goles,+1.5 Goles,0.876
2398_2409_2026-09-12,2026-09-12,Gyirmot SE,Csakvar,2398,2409,PENDIENTE,,,Doble Oportunidad,1X,0.821
2398_2409_2026-09-12,2026-09-12,Gyirmot SE,Csakvar,2398,2409,PENDIENTE,,,Goles,+1.5 Goles,0.832
9179_18596_2026-09-12,2026-09-12,Reipas,PuiU Helsinki,9179,18596,PENDIENTE,,,Goles,+1.5 Goles,0.906
13508_10667_2026-09-12,2026-09-12,PPJ,Atlantis,13508,10667,PENDIENTE,,,Goles,+1.5 Goles,0.954
13508_10667_2026-09-12,2026-09-12,PPJ,Atlantis,13508,10667,PENDIENTE,,,Goles,+2.5 Goles,0.844
13508_10667_2026-09-12,2026-09-12,PPJ,Atlantis,13508,10667,PENDIENTE,,,Ambos Anotan,Sí,0.819
13517_9178_2026-09-12,2026-09-12,HPS,PEPO,13517,9178,PENDIENTE,,,Doble Oportunidad,X2,0.924
13517_9178_2026-09-12,2026-09-12,HPS,PEPO,13517,9178,PENDIENTE,,,Goles,+1.5 Goles,0.811
9174_1172_2026-09-12,2026-09-12,Kiffen,HIFK Helsinki,9174,1172,PENDIENTE,,,Doble Oportunidad,1X,0.815
9174_1172_2026-09-12,2026-09-12,Kiffen,HIFK Helsinki,9174,1172,PENDIENTE,,,Goles,+1.5 Goles,0.893
18609_9201_2026-09-12,2026-09-12,SJK-juniorit,Vaajakoski,18609,9201,PENDIENTE,,,Goles,+1.5 Goles,0.887
9200_9192_2026-09-12,2026-09-12,VPS II,JBK,9200,9192,PENDIENTE,,,Goles,+1.5 Goles,0.954
9200_9192_2026-09-12,2026-09-12,VPS II,JBK,9200,9192,PENDIENTE,,,Goles,+2.5 Goles,0.842
9200_9192_2026-09-12,2026-09-12,VPS II,JBK,9200,9192,PENDIENTE,,,Ambos Anotan,Sí,0.816
12403_2095_2026-09-12,2026-09-12,Marko,Kallithea,12403,2095,PENDIENTE,,,Doble Oportunidad,1X,0.91
12403_2095_2026-09-12,2026-09-12,Marko,Kallithea,12403,2095,PENDIENTE,,,Goles,+1.5 Goles,0.819
953_6326_2026-09-12,2026-09-12,Larisa,Zakynthos,953,6326,PENDIENTE,,,Goles,+1.5 Goles,0.833
28365_19086_2026-09-12,2026-09-12,Italy U20 W,Japan U20 W,28365,19086,PENDIENTE,,,Doble Oportunidad,1X,0.859
28365_19086_2026-09-12,2026-09-12,Italy U20 W,Japan U20 W,28365,19086,PENDIENTE,,,Goles,+1.5 Goles,0.813
19089_19091_2026-09-12,2026-09-12,New Zealand U20 W,United States U20 W,19089,19091,PENDIENTE,,,Goles,+1.5 Goles,0.849
19085_19083_2026-09-12,2026-09-12,Ghana U20 W,France U20 W,19085,19083,PENDIENTE,,,Goles,+1.5 Goles,0.868
19087_23460_2026-09-12,2026-09-12,Korea Republic U20 W,Ecuador U20 W,19087,23460,PENDIENTE,,,Goles,+1.5 Goles,0.893
14428_8650_2026-09-12,2026-09-12,Wythenshawe Amateurs,Blyth Spartans,14428,8650,PENDIENTE,,,Doble Oportunidad,X2,0.835
8672_7222_2026-09-12,2026-09-12,AFC Stoneham,Didcot Town,8672,7222,PENDIENTE,,,Goles,-3.5 Goles,0.905
8685_7206_2026-09-12,2026-09-12,Ascot United,Ashford United,8685,7206,PENDIENTE,,,Goles,+1.5 Goles,0.894
8686_8799_2026-09-12,2026-09-12,Ashington AFC,Guisborough Town,8686,8799,PENDIENTE,,,Goles,+1.5 Goles,0.866
8719_8751_2026-09-12,2026-09-12,Bridlington Town,Congleton Town,8719,8751,PENDIENTE,,,Goles,+1.5 Goles,0.866
12059_8906_2026-09-12,2026-09-12,Croydon Athletic,Raynes Park Vale,12059,8906,PENDIENTE,,,Goles,+1.5 Goles,0.898
8762_8928_2026-09-12,2026-09-12,Deal Town,Sheppey United,8762,8928,PENDIENTE,,,Goles,+1.5 Goles,0.84
8777_8769_2026-09-12,2026-09-12,Erith Town,Eastbourne Town,8777,8769,PENDIENTE,,,Goles,-3.5 Goles,0.867
8781_7259_2026-09-12,2026-09-12,Fakenham Town,Waltham Abbey,8781,7259,PENDIENTE,,,Mega-Misil SGBB,X2_O15,0.904
8781_7259_2026-09-12,2026-09-12,Fakenham Town,Waltham Abbey,8781,7259,PENDIENTE,,,Ganador Directo,Gana Waltham Abbey,0.874
8781_7259_2026-09-12,2026-09-12,Fakenham Town,Waltham Abbey,8781,7259,PENDIENTE,,,Doble Oportunidad,X2,0.965
8781_7259_2026-09-12,2026-09-12,Fakenham Town,Waltham Abbey,8781,7259,PENDIENTE,,,Goles,+1.5 Goles,0.935
8781_7259_2026-09-12,2026-09-12,Fakenham Town,Waltham Abbey,8781,7259,PENDIENTE,,,Goles,+2.5 Goles,0.805
7641_8830_2026-09-12,2026-09-12,Faversham Town,Horley Town,7641,8830,PENDIENTE,,,Doble Oportunidad,X2,0.863
7641_8830_2026-09-12,2026-09-12,Faversham Town,Horley Town,7641,8830,PENDIENTE,,,Goles,-3.5 Goles,0.873
21706_8665_2026-09-12,2026-09-12,Hartpury University,Weymouth,21706,8665,PENDIENTE,,,Goles,+1.5 Goles,0.875
14411_7648_2026-09-12,2026-09-12,Hashtag United,Hertford Town,14411,7648,PENDIENTE,,,Doble Oportunidad,X2,0.848
14411_7648_2026-09-12,2026-09-12,Hashtag United,Hertford Town,14411,7648,PENDIENTE,,,Goles,-3.5 Goles,0.935
7232_8941_2026-09-12,2026-09-12,Herne Bay,Southall,7232,8941,PENDIENTE,,,Goles,+1.5 Goles,0.925
8861_7626_2026-09-12,2026-09-12,Loughborough University,Chasetown,8861,7626,PENDIENTE,,,Goles,-3.5 Goles,0.883
7731_10159_2026-09-12,2026-09-12,Matlock Town,Nuneaton Town,7731,10159,PENDIENTE,,,Doble Oportunidad,1X,0.94
7734_7639_2026-09-12,2026-09-12,Morpeth Town,Dunston UTS,7734,7639,PENDIENTE,,,Goles,-3.5 Goles,0.926
17072_8793_2026-09-12,2026-09-12,Newmarket,Gorleston,17072,8793,PENDIENTE,,,Doble Oportunidad,X2,0.935
12149_8929_2026-09-12,2026-09-12,Shifnal Town FC,Shepshed Dynamo,12149,8929,PENDIENTE,,,Goles,+1.5 Goles,0.94
12149_8929_2026-09-12,2026-09-12,Shifnal Town FC,Shepshed Dynamo,12149,8929,PENDIENTE,,,Goles,+2.5 Goles,0.809
8936_8712_2026-09-12,2026-09-12,Silsden,Bootle,8936,8712,PENDIENTE,,,Doble Oportunidad,X2,0.875
8936_8712_2026-09-12,2026-09-12,Silsden,Bootle,8936,8712,PENDIENTE,,,Goles,+1.5 Goles,0.941
8936_8712_2026-09-12,2026-09-12,Silsden,Bootle,8936,8712,PENDIENTE,,,Goles,+2.5 Goles,0.814
7749_8862_2026-09-12,2026-09-12,Stalybridge Celtic,Lower Breck,7749,8862,PENDIENTE,,,Goles,+1.5 Goles,0.813
8965_7208_2026-09-12,2026-09-12,Takeley,Aylesbury United,8965,7208,PENDIENTE,,,Goles,+1.5 Goles,0.896
7678_7205_2026-09-12,2026-09-12,Ware,AFC Sudbury,7678,7205,PENDIENTE,,,Goles,+1.5 Goles,0.867
7679_8985_2026-09-12,2026-09-12,Welwyn Garden City,Walthamstow,7679,8985,PENDIENTE,,,Doble Oportunidad,1X,0.851
7679_8985_2026-09-12,2026-09-12,Welwyn Garden City,Walthamstow,7679,8985,PENDIENTE,,,Goles,+1.5 Goles,0.808
7680_8773_2026-09-12,2026-09-12,Whitstable Town,Egham Town,7680,8773,PENDIENTE,,,Goles,+1.5 Goles,0.817
9004_8658_2026-09-12,2026-09-12,Winslow United,Concord Rangers,9004,8658,PENDIENTE,,,Goles,+1.5 Goles,0.86
9189_1171_2026-09-12,2026-09-12,SalPa,JJK,9189,1171,PENDIENTE,,,Goles,+1.5 Goles,0.941
9189_1171_2026-09-12,2026-09-12,SalPa,JJK,9189,1171,PENDIENTE,,,Goles,+2.5 Goles,0.811
6075_18518_2026-09-12,2026-09-12,VJS,Inter Turku II,6075,18518,PENDIENTE,,,Goles,+1.5 Goles,0.842
6953_3489_2026-09-12,2026-09-12,Ruch Chorzów,Podbeskidzie,6953,3489,PENDIENTE,,,Doble Oportunidad,1X,0.879
5000_8251_2026-09-12,2026-09-12,Austria Salzburg,Sturm Graz II,5000,8251,PENDIENTE,,,Goles,+1.5 Goles,0.927
8259_1395_2026-09-12,2026-09-12,Schwarz-Weiß Bregenz,Floridsdorfer AC,8259,1395,PENDIENTE,,,Goles,+1.5 Goles,0.801
1394_22213_2026-09-12,2026-09-12,FC BW Linz,WSPG Wels,1394,22213,PENDIENTE,,,Goles,+1.5 Goles,0.866
8361_8344_2026-09-12,2026-09-12,Lustenau,Swarovski Tirol II,8361,8344,PENDIENTE,,,Goles,+1.5 Goles,0.816
8255_8256_2026-09-12,2026-09-12,Lauterach,Rheindorf Altach II,8255,8256,PENDIENTE,,,Goles,+1.5 Goles,0.939
8255_8256_2026-09-12,2026-09-12,Lauterach,Rheindorf Altach II,8255,8256,PENDIENTE,,,Goles,+2.5 Goles,0.806
8359_4968_2026-09-12,2026-09-12,Lochau,Wolfurt,8359,4968,PENDIENTE,,,Goles,+1.5 Goles,0.851
14709_27905_2026-09-12,2026-09-12,Imst,SK St. Johann,14709,27905,PENDIENTE,,,Doble Oportunidad,X2,0.836
14709_27905_2026-09-12,2026-09-12,Imst,SK St. Johann,14709,27905,PENDIENTE,,,Goles,+1.5 Goles,0.825
165_185_2026-09-12,2026-09-12,Borussia Dortmund,SC Paderborn 07,165,185,PENDIENTE,,,Goles,+1.5 Goles,0.852
167_172_2026-09-12,2026-09-12,1899 Hoffenheim,VfB Stuttgart,167,172,PENDIENTE,,,Goles,+1.5 Goles,0.952
167_172_2026-09-12,2026-09-12,1899 Hoffenheim,VfB Stuttgart,167,172,PENDIENTE,,,Goles,+2.5 Goles,0.837
167_172_2026-09-12,2026-09-12,1899 Hoffenheim,VfB Stuttgart,167,172,PENDIENTE,,,Ambos Anotan,Sí,0.81
160_163_2026-09-12,2026-09-12,SC Freiburg,Borussia Mönchengladbach,160,163,PENDIENTE,,,Goles,+1.5 Goles,0.945
160_163_2026-09-12,2026-09-12,SC Freiburg,Borussia Mönchengladbach,160,163,PENDIENTE,,,Goles,+2.5 Goles,0.822
160_163_2026-09-12,2026-09-12,SC Freiburg,Borussia Mönchengladbach,160,163,PENDIENTE,,,Ambos Anotan,Sí,0.802
170_168_2026-09-12,2026-09-12,FC Augsburg,Bayer Leverkusen,170,168,PENDIENTE,,,Goles,+1.5 Goles,0.91
164_169_2026-09-12,2026-09-12,FSV Mainz 05,Eintracht Frankfurt,164,169,PENDIENTE,,,Goles,+1.5 Goles,0.973
164_169_2026-09-12,2026-09-12,FSV Mainz 05,Eintracht Frankfurt,164,169,PENDIENTE,,,Goles,+2.5 Goles,0.898
164_169_2026-09-12,2026-09-12,FSV Mainz 05,Eintracht Frankfurt,164,169,PENDIENTE,,,Ambos Anotan,Sí,0.858
192_162_2026-09-12,2026-09-12,1. FC Köln,Werder Bremen,192,162,PENDIENTE,,,Goles,+1.5 Goles,0.918
16876_8631_2026-09-12,2026-09-12,Holešov,Břeclav,16876,8631,PENDIENTE,,,Goles,+1.5 Goles,0.829
19440_7343_2026-09-12,2026-09-12,Šternberk,Slavičín,19440,7343,PENDIENTE,,,Goles,+1.5 Goles,0.952
19440_7343_2026-09-12,2026-09-12,Šternberk,Slavičín,19440,7343,PENDIENTE,,,Goles,+2.5 Goles,0.839
19440_7343_2026-09-12,2026-09-12,Šternberk,Slavičín,19440,7343,PENDIENTE,,,Ambos Anotan,Sí,0.816
7280_27929_2026-09-12,2026-09-12,Bzenec,SK Krumvir,7280,27929,PENDIENTE,,,Goles,+1.5 Goles,0.9
7363_7366_2026-09-12,2026-09-12,Strání,Tatran Všechovice,7363,7366,PENDIENTE,,,Goles,+1.5 Goles,0.963
7363_7366_2026-09-12,2026-09-12,Strání,Tatran Všechovice,7363,7366,PENDIENTE,,,Goles,+2.5 Goles,0.869
7363_7366_2026-09-12,2026-09-12,Strání,Tatran Všechovice,7363,7366,PENDIENTE,,,Ambos Anotan,Sí,0.814
7279_26992_2026-09-12,2026-09-12,Brumov,Hluk,7279,26992,PENDIENTE,,,Doble Oportunidad,X2,0.806
7279_26992_2026-09-12,2026-09-12,Brumov,Hluk,7279,26992,PENDIENTE,,,Goles,+1.5 Goles,0.963
7279_26992_2026-09-12,2026-09-12,Brumov,Hluk,7279,26992,PENDIENTE,,,Goles,+2.5 Goles,0.868
7279_26992_2026-09-12,2026-09-12,Brumov,Hluk,7279,26992,PENDIENTE,,,Ambos Anotan,Sí,0.804
7289_7305_2026-09-12,2026-09-12,Frýdlant,Jiskra Rýmařov,7289,7305,PENDIENTE,,,Mega-Misil SGBB,X2_O15,0.855
7289_7305_2026-09-12,2026-09-12,Frýdlant,Jiskra Rýmařov,7289,7305,PENDIENTE,,,Ganador Directo,Gana Jiskra Rýmařov,0.782
7289_7305_2026-09-12,2026-09-12,Frýdlant,Jiskra Rýmařov,7289,7305,PENDIENTE,,,Doble Oportunidad,X2,0.92
7289_7305_2026-09-12,2026-09-12,Frýdlant,Jiskra Rýmařov,7289,7305,PENDIENTE,,,Goles,+1.5 Goles,0.926
7370_7296_2026-09-12,2026-09-12,Valašské Meziříčí,Hlučín,7370,7296,PENDIENTE,,,Goles,+1.5 Goles,0.827
26231_27930_2026-09-12,2026-09-12,Stonava,Frydek-Mistek B,26231,27930,PENDIENTE,,,Goles,+1.5 Goles,0.88
5616_5615_2026-09-12,2026-09-12,Guilsfield,Gresford Athletic,5616,5615,PENDIENTE,,,Doble Oportunidad,1X,0.919
5616_5615_2026-09-12,2026-09-12,Guilsfield,Gresford Athletic,5616,5615,PENDIENTE,,,Goles,+1.5 Goles,0.856
6457_358_2026-09-12,2026-09-12,Holyhead Hotspur,Newtown AFC,6457,358,PENDIENTE,,,Doble Oportunidad,X2,0.892
6465_11303_2026-09-12,2026-09-12,Mold Alexandra,Llanuwchllyn,6465,11303,PENDIENTE,,,Ganador Directo,Gana Mold Alexandra,0.756
6465_11303_2026-09-12,2026-09-12,Mold Alexandra,Llanuwchllyn,6465,11303,PENDIENTE,,,Doble Oportunidad,1X,0.923
6465_11303_2026-09-12,2026-09-12,Mold Alexandra,Llanuwchllyn,6465,11303,PENDIENTE,,,Goles,+1.5 Goles,0.858
5620_7581_2026-09-12,2026-09-12,Penrhyncoch,Bangor City 1876 FC,5620,7581,PENDIENTE,,,Doble Oportunidad,X2,0.81
5620_7581_2026-09-12,2026-09-12,Penrhyncoch,Bangor City 1876 FC,5620,7581,PENDIENTE,,,Goles,+1.5 Goles,0.91
5621_5624_2026-09-12,2026-09-12,Porthmadog,Ruthin Town,5621,5624,PENDIENTE,,,Goles,+1.5 Goles,0.821
5623_5609_2026-09-12,2026-09-12,Rhyl,Buckley Town,5623,5609,PENDIENTE,,,Goles,+1.5 Goles,0.866
7586_20358_2026-09-12,2026-09-12,Cardiff Draconians,Baglan Dragons,7586,20358,PENDIENTE,,,Goles,+1.5 Goles,0.845
359_7601_2026-09-12,2026-09-12,Carmarthen Town,Ynyshir Albions,359,7601,PENDIENTE,,,Goles,+1.5 Goles,0.823
11309_2196_2026-09-12,2026-09-12,Treowen Stars,Llantwit Major,11309,2196,PENDIENTE,,,Mega-Misil SGBB,1X_O15,0.902
11309_2196_2026-09-12,2026-09-12,Treowen Stars,Llantwit Major,11309,2196,PENDIENTE,,,Ganador Directo,Gana Treowen Stars,0.901
11309_2196_2026-09-12,2026-09-12,Treowen Stars,Llantwit Major,11309,2196,PENDIENTE,,,Doble Oportunidad,1X,0.979
11309_2196_2026-09-12,2026-09-12,Treowen Stars,Llantwit Major,11309,2196,PENDIENTE,,,Goles,+1.5 Goles,0.919
12767_9365_2026-09-12,2026-09-12,FV Engers 07,Pirmasens,12767,9365,PENDIENTE,,,Goles,+1.5 Goles,0.855
14655_28016_2026-09-12,2026-09-12,Diefflen,RW Wittlich,14655,28016,PENDIENTE,,,Goles,+1.5 Goles,0.96
14655_28016_2026-09-12,2026-09-12,Diefflen,RW Wittlich,14655,28016,PENDIENTE,,,Goles,+2.5 Goles,0.86
14655_28016_2026-09-12,2026-09-12,Diefflen,RW Wittlich,14655,28016,PENDIENTE,,,Ambos Anotan,Sí,0.83
16108_12773_2026-09-12,2026-09-12,Eisbachtal,Gonsenheim,16108,12773,PENDIENTE,,,Doble Oportunidad,X2,0.878
16108_12773_2026-09-12,2026-09-12,Eisbachtal,Gonsenheim,16108,12773,PENDIENTE,,,Goles,+1.5 Goles,0.943
16108_12773_2026-09-12,2026-09-12,Eisbachtal,Gonsenheim,16108,12773,PENDIENTE,,,Goles,+2.5 Goles,0.819
5503_666_2026-09-12,2026-09-12,Sumqayıt,Şamaxı FK,5503,666,PENDIENTE,,,Doble Oportunidad,X2,0.858
22311_17858_2026-09-12,2026-09-12,Ischia,Real Normanna,22311,17858,PENDIENTE,,,Doble Oportunidad,X2,0.852
22311_17858_2026-09-12,2026-09-12,Ischia,Real Normanna,22311,17858,PENDIENTE,,,Goles,-3.5 Goles,0.866
9546_9545_2026-09-12,2026-09-12,Gravina,Gladiator,9546,9545,PENDIENTE,,,Goles,+1.5 Goles,0.81
9541_1695_2026-09-12,2026-09-12,Brindisi,Fidelis Andria,9541,1695,PENDIENTE,,,Goles,+1.5 Goles,0.873
27493_27496_2026-09-12,2026-09-12,Bani Yas U23,Khorfakkan U23,27493,27496,PENDIENTE,,,Goles,+1.5 Goles,0.835
27495_27484_2026-09-12,2026-09-12,Ittihad Kalba U23,Ajman U23,27495,27484,PENDIENTE,,,Goles,+1.5 Goles,0.866
321_326_2026-09-12,2026-09-12,Lillestrom,Valerenga,321,326,PENDIENTE,,,Goles,+1.5 Goles,0.958
321_326_2026-09-12,2026-09-12,Lillestrom,Valerenga,321,326,PENDIENTE,,,Goles,+2.5 Goles,0.853
321_326_2026-09-12,2026-09-12,Lillestrom,Valerenga,321,326,PENDIENTE,,,Ambos Anotan,Sí,0.826
331_325_2026-09-12,2026-09-12,Rosenborg,Tromso,331,325,PENDIENTE,,,Doble Oportunidad,1X,0.848
331_325_2026-09-12,2026-09-12,Rosenborg,Tromso,331,325,PENDIENTE,,,Goles,+1.5 Goles,0.895
2168_6698_2026-09-12,2026-09-12,Angelholms FF,Skövde AIK,2168,6698,PENDIENTE,,,Doble Oportunidad,X2,0.905
2168_6698_2026-09-12,2026-09-12,Angelholms FF,Skövde AIK,2168,6698,PENDIENTE,,,Goles,+1.5 Goles,0.804
2162_12601_2026-09-12,2026-09-12,Atvidabergs FF,Olympic,2162,12601,PENDIENTE,,,Doble Oportunidad,1X,0.877
2162_12601_2026-09-12,2026-09-12,Atvidabergs FF,Olympic,2162,12601,PENDIENTE,,,Goles,+1.5 Goles,0.959
2162_12601_2026-09-12,2026-09-12,Atvidabergs FF,Olympic,2162,12601,PENDIENTE,,,Goles,+2.5 Goles,0.859
6703_27669_2026-09-12,2026-09-12,Tvååker,AFC Malmo,6703,27669,PENDIENTE,,,Goles,+1.5 Goles,0.873
12622_6708_2026-09-12,2026-09-12,FBK Karlstad,Vasalund,12622,6708,PENDIENTE,,,Goles,+1.5 Goles,0.908
813_16598_2026-09-12,2026-09-12,Gefle IF,Järfälla,813,16598,PENDIENTE,,,Doble Oportunidad,1X,0.85
6700_11659_2026-09-12,2026-09-12,Stocksund,IF Karlstad,6700,11659,PENDIENTE,,,Goles,+1.5 Goles,0.926
14861_3511_2026-09-12,2026-09-12,Gori,Telavi,14861,3511,PENDIENTE,,,Doble Oportunidad,1X,0.854
14861_3511_2026-09-12,2026-09-12,Gori,Telavi,14861,3511,PENDIENTE,,,Goles,+1.5 Goles,0.829
3503_3507_2026-09-12,2026-09-12,Sioni,Kolkheti Poti,3503,3507,PENDIENTE,,,Goles,+1.5 Goles,0.83
581_14860_2026-09-12,2026-09-12,Samtredia,Gareji,581,14860,PENDIENTE,,,Doble Oportunidad,1X,0.842
12606_27309_2026-09-12,2026-09-12,Onsala,Galtabacks,12606,27309,PENDIENTE,,,Goles,+1.5 Goles,0.834
10059_687_2026-09-12,2026-09-12,Nõmme United,Flora Tallinn,10059,687,PENDIENTE,,,Goles,+1.5 Goles,0.876
14134_16490_2026-09-12,2026-09-12,Zenit W,Rostov W,14134,16490,PENDIENTE,,,Mega-Misil SGBB,1X_O15,0.859
14134_16490_2026-09-12,2026-09-12,Zenit W,Rostov W,14134,16490,PENDIENTE,,,Ganador Directo,Gana Zenit W,0.908
14134_16490_2026-09-12,2026-09-12,Zenit W,Rostov W,14134,16490,PENDIENTE,,,Doble Oportunidad,1X,0.987
14134_16490_2026-09-12,2026-09-12,Zenit W,Rostov W,14134,16490,PENDIENTE,,,Goles,+1.5 Goles,0.867
14135_16491_2026-09-12,2026-09-12,Krasnodar W,Rubin Kazan W,14135,16491,PENDIENTE,,,Goles,+1.5 Goles,0.9
4172_6085_2026-09-12,2026-09-12,Dalvík / Reynir,Hvíti riddarinn,4172,6085,PENDIENTE,,,Doble Oportunidad,1X,0.831
4172_6085_2026-09-12,2026-09-12,Dalvík / Reynir,Hvíti riddarinn,4172,6085,PENDIENTE,,,Goles,+1.5 Goles,0.908
4170_2118_2026-09-12,2026-09-12,Kári,Haukar,4170,2118,PENDIENTE,,,Goles,+1.5 Goles,0.88
6093_273_2026-09-12,2026-09-12,Kormákur / Hvöt,Fjolnir,6093,273,PENDIENTE,,,Goles,+1.5 Goles,0.893
828_18366_2026-09-12,2026-09-12,Vikingur Olafsiik,Fjardabyggd / Leiknir,828,18366,PENDIENTE,,,Goles,+1.5 Goles,0.928
2115_4173_2026-09-12,2026-09-12,Selfoss,KFG,2115,4173,PENDIENTE,,,Goles,+1.5 Goles,0.946
2115_4173_2026-09-12,2026-09-12,Selfoss,KFG,2115,4173,PENDIENTE,,,Goles,+2.5 Goles,0.826
4171_2124_2026-09-12,2026-09-12,Thróttur Vogar,Magni,4171,2124,PENDIENTE,,,Doble Oportunidad,1X,0.828
4171_2124_2026-09-12,2026-09-12,Thróttur Vogar,Magni,4171,2124,PENDIENTE,,,Goles,+1.5 Goles,0.862
7432_7521_2026-09-12,2026-09-12,Buckie Thistle,Huntly,7432,7521,PENDIENTE,,,Doble Oportunidad,1X,0.888
7432_7521_2026-09-12,2026-09-12,Buckie Thistle,Huntly,7432,7521,PENDIENTE,,,Goles,+1.5 Goles,0.918
7446_7438_2026-09-12,2026-09-12,Keith,Deveronvale,7446,7438,PENDIENTE,,,Goles,+1.5 Goles,0.818
7435_6768_2026-09-12,2026-09-12,Clachnacuddin,Formartine United,7435,6768,PENDIENTE,,,Goles,+1.5 Goles,0.913
7448_6729_2026-09-12,2026-09-12,Nairn County,Banks O' Dee,7448,6729,PENDIENTE,,,Goles,+1.5 Goles,0.865
7445_7451_2026-09-12,2026-09-12,Inverurie Loco Works,Strathspey Thistle,7445,7451,PENDIENTE,,,Goles,+1.5 Goles,0.821
22153_574_2026-09-12,2026-09-12,Bashkimi Kumanovo,Vardar Skopje,22153,574,PENDIENTE,,,Doble Oportunidad,X2,0.875
22153_574_2026-09-12,2026-09-12,Bashkimi Kumanovo,Vardar Skopje,22153,574,PENDIENTE,,,Goles,+1.5 Goles,0.87
2653_2658_2026-09-12,2026-09-12,Javor,FK Vozdovac,2653,2658,PENDIENTE,,,Goles,+1.5 Goles,0.844
2646_12323_2026-09-12,2026-09-12,TSC Backa Topola,Loznica,2646,12323,PENDIENTE,,,Goles,+1.5 Goles,0.839
1387_903_2026-09-12,2026-09-12,Ayr Utd,Inverness CT,1387,903,PENDIENTE,,,Doble Oportunidad,1X,0.8
1387_903_2026-09-12,2026-09-12,Ayr Utd,Inverness CT,1387,903,PENDIENTE,,,Goles,+1.5 Goles,0.801
1388_6778_2026-09-12,2026-09-12,Dunfermline,Queen's Park,1388,6778,PENDIENTE,,,Goles,-3.5 Goles,0.857
6765_6777_2026-09-12,2026-09-12,East Kilbride,Peterhead,6765,6777,PENDIENTE,,,Goles,+1.5 Goles,0.858
4251_6763_2026-09-12,2026-09-12,Montrose,Cove Rangers,4251,6763,PENDIENTE,,,Doble Oportunidad,1X,0.834
4251_6763_2026-09-12,2026-09-12,Montrose,Cove Rangers,4251,6763,PENDIENTE,,,Goles,+1.5 Goles,0.842
14035_6344_2026-09-12,2026-09-12,Zulte-Waregem W,Club Brugge W,14035,6344,PENDIENTE,,,Doble Oportunidad,X2,0.819
1791_27853_2026-09-12,2026-09-12,Standard Liege W,RAAL La Louviere W,1791,27853,PENDIENTE,,,Doble Oportunidad,X2,0.819
1789_1792_2026-09-12,2026-09-12,Gent W,Anderlecht W,1789,1792,PENDIENTE,,,Goles,+1.5 Goles,0.936
1789_1792_2026-09-12,2026-09-12,Gent W,Anderlecht W,1789,1792,PENDIENTE,,,Goles,+2.5 Goles,0.8
66_65_2026-09-12,2026-09-12,Aston Villa,Nottingham Forest,66,65,PENDIENTE,,,Goles,-3.5 Goles,0.87
35_55_2026-09-12,2026-09-12,Bournemouth,Brentford,35,55,PENDIENTE,,,Goles,+1.5 Goles,0.906
49_64_2026-09-12,2026-09-12,Chelsea,Hull City,49,64,PENDIENTE,,,Doble Oportunidad,1X,0.819
49_64_2026-09-12,2026-09-12,Chelsea,Hull City,49,64,PENDIENTE,,,Goles,+1.5 Goles,0.857
52_57_2026-09-12,2026-09-12,Crystal Palace,Ipswich,52,57,PENDIENTE,,,Goles,+1.5 Goles,0.947
52_57_2026-09-12,2026-09-12,Crystal Palace,Ipswich,52,57,PENDIENTE,,,Goles,+2.5 Goles,0.827
52_57_2026-09-12,2026-09-12,Crystal Palace,Ipswich,52,57,PENDIENTE,,,Ambos Anotan,Sí,0.807
40_36_2026-09-12,2026-09-12,Liverpool,Fulham,40,36,PENDIENTE,,,Goles,+1.5 Goles,0.804
47_45_2026-09-12,2026-09-12,Tottenham,Everton,47,45,PENDIENTE,,,Goles,+1.5 Goles,0.829
746_42_2026-09-12,2026-09-12,Sunderland,Arsenal,746,42,PENDIENTE,,,Goles,-3.5 Goles,0.909
6757_6767_2026-09-12,2026-09-12,Annan Athletic,Elgin City,6757,6767,PENDIENTE,,,Goles,+1.5 Goles,0.89
6762_6773_2026-09-12,2026-09-12,Clyde,Kelty Hearts,6762,6773,PENDIENTE,,,Goles,+1.5 Goles,0.896
6766_4669_2026-09-12,2026-09-12,Edinburgh City,Stirling Albion,6766,4669,PENDIENTE,,,Goles,+1.5 Goles,0.852
6781_4250_2026-09-12,2026-09-12,Spartans,Forfar Athletic,6781,4250,PENDIENTE,,,Goles,+1.5 Goles,0.863
6785_1382_2026-09-12,2026-09-12,Stranraer,Dumbarton,6785,1382,PENDIENTE,,,Doble Oportunidad,1X,0.882
6785_1382_2026-09-12,2026-09-12,Stranraer,Dumbarton,6785,1382,PENDIENTE,,,Goles,+1.5 Goles,0.908
738_735_2026-09-12,2026-09-12,SK Beveren,St. Truiden,738,735,PENDIENTE,,,Goles,+1.5 Goles,0.896
261_733_2026-09-12,2026-09-12,KVC Westerlo,Standard Liege,261,733,PENDIENTE,,,Goles,+1.5 Goles,0.906
4715_19045_2026-09-12,2026-09-12,Excelsior Virton,KRC Genk II,4715,19045,PENDIENTE,,,Goles,+1.5 Goles,0.869
10547_10538_2026-09-12,2026-09-12,Inter Bratislava,Petržalka,10547,10538,PENDIENTE,,,Goles,+1.5 Goles,0.846
5350_2266_2026-09-12,2026-09-12,Carrick Rangers,Cliftonville FC,5350,2266,PENDIENTE,,,Goles,-3.5 Goles,0.859
697_11114_2026-09-12,2026-09-12,Crusaders FC,Limavady United,697,11114,PENDIENTE,,,Doble Oportunidad,1X,0.869
5352_11112_2026-09-12,2026-09-12,Glentoran,Bangor,5352,11112,PENDIENTE,,,Doble Oportunidad,1X,0.846
5348_5354_2026-09-12,2026-09-12,Portadown,Larne,5348,5354,PENDIENTE,,,Doble Oportunidad,X2,0.823
19641_7281_2026-09-12,2026-09-12,Chrudim II,Chlumec nad Cidlinou,19641,7281,PENDIENTE,,,Goles,+1.5 Goles,0.937
19641_7281_2026-09-12,2026-09-12,Chrudim II,Chlumec nad Cidlinou,19641,7281,PENDIENTE,,,Goles,+2.5 Goles,0.803
7313_7378_2026-09-12,2026-09-12,Letohrad,Vysoké Mýto,7313,7378,PENDIENTE,,,Doble Oportunidad,X2,0.882
7313_7378_2026-09-12,2026-09-12,Letohrad,Vysoké Mýto,7313,7378,PENDIENTE,,,Goles,+1.5 Goles,0.931
59_1379_2026-09-12,2026-09-12,Preston,Lincoln,59,1379,PENDIENTE,,,Goles,+1.5 Goles,0.831
41_56_2026-09-12,2026-09-12,Southampton,Bristol City,41,56,PENDIENTE,,,Goles,+1.5 Goles,0.902
76_44_2026-09-12,2026-09-12,Swansea,Burnley,76,44,PENDIENTE,,,Doble Oportunidad,1X,0.822
1369_1360_2026-09-12,2026-09-12,Barnet,Accrington ST,1369,1360,PENDIENTE,,,Goles,+1.5 Goles,0.912
1367_1336_2026-09-12,2026-09-12,Newport County,Fleetwood Town,1367,1336,PENDIENTE,,,Goles,+1.5 Goles,0.833
1349_1345_2026-09-12,2026-09-12,Oldham,Chesterfield,1349,1345,PENDIENTE,,,Doble Oportunidad,1X,0.825
1351_1364_2026-09-12,2026-09-12,Port Vale,Exeter City,1351,1364,PENDIENTE,,,Goles,-3.5 Goles,0.859
1342_1339_2026-09-12,2026-09-12,Walsall,Rochdale,1342,1339,PENDIENTE,,,Doble Oportunidad,1X,0.882
1828_1353_2026-09-12,2026-09-12,York,Swindon Town,1828,1353,PENDIENTE,,,Goles,+1.5 Goles,0.845
1356_1832_2026-09-12,2026-09-12,Blackpool,Bromley,1356,1832,PENDIENTE,,,Doble Oportunidad,1X,0.833
1356_1832_2026-09-12,2026-09-12,Blackpool,Bromley,1356,1832,PENDIENTE,,,Goles,+1.5 Goles,0.927
1374_37_2026-09-12,2026-09-12,Mansfield Town,Huddersfield,1374,37,PENDIENTE,,,Goles,+1.5 Goles,0.894
1338_748_2026-09-12,2026-09-12,Oxford United,Burton Albion,1338,748,PENDIENTE,,,Goles,+1.5 Goles,0.848
1357_747_2026-09-12,2026-09-12,Plymouth,Barnsley,1357,747,PENDIENTE,,,Goles,+1.5 Goles,0.846
74_61_2026-09-12,2026-09-12,Sheffield Wednesday,Wigan,74,61,PENDIENTE,,,Goles,+1.5 Goles,0.842
4686_46_2026-09-12,2026-09-12,Stockport County,Leicester,4686,46,PENDIENTE,,,Doble Oportunidad,1X,0.822
4686_46_2026-09-12,2026-09-12,Stockport County,Leicester,4686,46,PENDIENTE,,,Goles,+1.5 Goles,0.857
11109_5343_2026-09-12,2026-09-12,Annagh United,H&W Welders,11109,5343,PENDIENTE,,,Goles,+1.5 Goles,0.88
5338_17241_2026-09-12,2026-09-12,Ards,Rathfriland,5338,17241,PENDIENTE,,,Goles,+1.5 Goles,0.897
5339_2275_2026-09-12,2026-09-12,Ballinamallard United,Glenavon FC,5339,2275,PENDIENTE,,,Goles,+1.5 Goles,0.911
11118_5342_2026-09-12,2026-09-12,Newington Youth,Dundela,11118,5342,PENDIENTE,,,Doble Oportunidad,1X,0.877
11118_5342_2026-09-12,2026-09-12,Newington Youth,Dundela,11118,5342,PENDIENTE,,,Goles,+1.5 Goles,0.863
5349_5345_2026-09-12,2026-09-12,Queen's University,Loughgall,5349,5345,PENDIENTE,,,Doble Oportunidad,1X,0.858
5349_5345_2026-09-12,2026-09-12,Queen's University,Loughgall,5349,5345,PENDIENTE,,,Goles,+1.5 Goles,0.921
14092_10541_2026-09-12,2026-09-12,Čadca,Ružomberok II,14092,10541,PENDIENTE,,,Goles,+1.5 Goles,0.939
14092_10541_2026-09-12,2026-09-12,Čadca,Ružomberok II,14092,10541,PENDIENTE,,,Goles,+2.5 Goles,0.806
14089_14082_2026-09-12,2026-09-12,Oravské Veselé,Fomat Martin,14089,14082,PENDIENTE,,,Goles,+1.5 Goles,0.959
14089_14082_2026-09-12,2026-09-12,Oravské Veselé,Fomat Martin,14089,14082,PENDIENTE,,,Goles,+2.5 Goles,0.856
14089_14082_2026-09-12,2026-09-12,Oravské Veselé,Fomat Martin,14089,14082,PENDIENTE,,,Ambos Anotan,Sí,0.831
10557_14999_2026-09-12,2026-09-12,Rimavská Sobota,Kysucké Nové Mesto,10557,14999,PENDIENTE,,,Goles,+1.5 Goles,0.927
10537_14989_2026-09-12,2026-09-12,Partizán Bardejov,Kežmarok,10537,14989,PENDIENTE,,,Doble Oportunidad,1X,0.898
19398_10548_2026-09-12,2026-09-12,Stará Ľubovňa,Lipany,19398,10548,PENDIENTE,,,Goles,+1.5 Goles,0.863
15043_17258_2026-09-12,2026-09-12,Slovan Sabinov,Raslavice,15043,17258,PENDIENTE,,,Doble Oportunidad,X2,0.807
10555_14069_2026-09-12,2026-09-12,Spišská Nová Ves,MSK Tesla Stropkov,10555,14069,PENDIENTE,,,Goles,+1.5 Goles,0.839
14079_15055_2026-09-12,2026-09-12,Vranov nad Topľou,Spartak Medzev,14079,15055,PENDIENTE,,,Doble Oportunidad,X2,0.866
14079_15055_2026-09-12,2026-09-12,Vranov nad Topľou,Spartak Medzev,14079,15055,PENDIENTE,,,Goles,+1.5 Goles,0.893
14040_21926_2026-09-12,2026-09-12,Dunajská Lužná,Gabčíkovo,14040,21926,PENDIENTE,,,Doble Oportunidad,1X,0.801
14040_21926_2026-09-12,2026-09-12,Dunajská Lužná,Gabčíkovo,14040,21926,PENDIENTE,,,Goles,+1.5 Goles,0.803
10540_14053_2026-09-12,2026-09-12,Púchov,Beluša,10540,14053,PENDIENTE,,,Doble Oportunidad,X2,0.819
10540_14053_2026-09-12,2026-09-12,Púchov,Beluša,10540,14053,PENDIENTE,,,Goles,+1.5 Goles,0.828
14063_14943_2026-09-12,2026-09-12,Slovan Duslo Šaľa,Baník Prievidza,14063,14943,PENDIENTE,,,Goles,+1.5 Goles,0.865
14064_14061_2026-09-12,2026-09-12,Veľké Ludince,Nové Zámky,14064,14061,PENDIENTE,,,Doble Oportunidad,X2,0.92
14064_14061_2026-09-12,2026-09-12,Veľké Ludince,Nové Zámky,14064,14061,PENDIENTE,,,Goles,+1.5 Goles,0.838
3547_26244_2026-09-12,2026-09-12,Nitra,DAC II,3547,26244,PENDIENTE,,,Doble Oportunidad,1X,0.806
3547_26244_2026-09-12,2026-09-12,Nitra,DAC II,3547,26244,PENDIENTE,,,Goles,+1.5 Goles,0.909
12878_26174_2026-09-12,2026-09-12,Teutonia Ottensen,Nikola Tesla,12878,26174,PENDIENTE,,,Doble Oportunidad,1X,0.815
26184_12789_2026-09-12,2026-09-12,Naprzód,Hetman Zamosc,26184,12789,PENDIENTE,,,Goles,+1.5 Goles,0.809
24323_27900_2026-09-12,2026-09-12,Pogoń-Sokół Lubaczów,Busko-Zdroj,24323,27900,PENDIENTE,,,Goles,+1.5 Goles,0.876
19728_20830_2026-09-12,2026-09-12,Wiślanie Jaśkowice,Jarosław,19728,20830,PENDIENTE,,,Goles,+1.5 Goles,0.839
24572_5264_2026-09-12,2026-09-12,Eibar II,Gimnástica Torrelavega,24572,5264,PENDIENTE,,,Doble Oportunidad,X2,0.826
5008_4965_2026-09-12,2026-09-12,Wienerberg,Wiener SC,5008,4965,PENDIENTE,,,Doble Oportunidad,X2,0.857
5008_4965_2026-09-12,2026-09-12,Wienerberg,Wiener SC,5008,4965,PENDIENTE,,,Goles,+1.5 Goles,0.84
4982_4941_2026-09-12,2026-09-12,Scheiblingkirchen,Gloggnitz,4982,4941,PENDIENTE,,,Goles,+1.5 Goles,0.836
4951_27886_2026-09-12,2026-09-12,Leobendorf,Mattersburg SV 2020,4951,27886,PENDIENTE,,,Doble Oportunidad,X2,0.842
10587_2182_2026-09-12,2026-09-12,Brühl,FC Schaffhausen,10587,2182,PENDIENTE,,,Goles,+1.5 Goles,0.889
12706_12700_2026-09-12,2026-09-12,Luzern II,Biel-Bienne,12706,12700,PENDIENTE,,,Goles,+1.5 Goles,0.878
6652_6621_2026-09-12,2026-09-12,YF Juventus,Cham,6652,6621,PENDIENTE,,,Goles,+1.5 Goles,0.89
12698_6615_2026-09-12,2026-09-12,Young Boys II,Bavois,12698,6615,PENDIENTE,,,Goles,+1.5 Goles,0.904
17415_10586_2026-09-12,2026-09-12,Grand-Saconnex,Breitenrain,17415,10586,PENDIENTE,,,Doble Oportunidad,X2,0.807
17415_10586_2026-09-12,2026-09-12,Grand-Saconnex,Breitenrain,17415,10586,PENDIENTE,,,Goles,+1.5 Goles,0.896
14894_5380_2026-09-12,2026-09-12,FCM Ungheni,Spartanii Selemet,14894,5380,PENDIENTE,,,Mega-Misil SGBB,1X_O15,0.968
14894_5380_2026-09-12,2026-09-12,FCM Ungheni,Spartanii Selemet,14894,5380,PENDIENTE,,,Mega-Misil SGBB,1X_O25,0.946
14894_5380_2026-09-12,2026-09-12,FCM Ungheni,Spartanii Selemet,14894,5380,PENDIENTE,,,Mega-Misil SGBB,1_O15,0.927
14894_5380_2026-09-12,2026-09-12,FCM Ungheni,Spartanii Selemet,14894,5380,PENDIENTE,,,Ganador Directo,Gana FCM Ungheni,0.931
14894_5380_2026-09-12,2026-09-12,FCM Ungheni,Spartanii Selemet,14894,5380,PENDIENTE,,,Doble Oportunidad,1X,0.974
14894_5380_2026-09-12,2026-09-12,FCM Ungheni,Spartanii Selemet,14894,5380,PENDIENTE,,,Goles,+1.5 Goles,0.994
14894_5380_2026-09-12,2026-09-12,FCM Ungheni,Spartanii Selemet,14894,5380,PENDIENTE,,,Goles,+2.5 Goles,0.971
5384_14009_2026-09-12,2026-09-12,Victoria Bardar,Făleşti,5384,14009,PENDIENTE,,,Goles,+1.5 Goles,0.914
7297_7300_2026-09-12,2026-09-12,Hodonín,Hranice,7297,7300,PENDIENTE,,,Goles,-3.5 Goles,0.888
7376_8633_2026-09-12,2026-09-12,Vrchovina,Zbrojovka Brno II,7376,8633,PENDIENTE,,,Doble Oportunidad,X2,0.841
7439_6744_2026-09-12,2026-09-12,East Stirlingshire,Linlithgow Rose,7439,6744,PENDIENTE,,,Goles,+1.5 Goles,0.922
6728_7433_2026-09-12,2026-09-12,Auchinleck Talbot,Caledonian Braves,6728,7433,PENDIENTE,,,Goles,+1.5 Goles,0.942
6728_7433_2026-09-12,2026-09-12,Auchinleck Talbot,Caledonian Braves,6728,7433,PENDIENTE,,,Goles,+2.5 Goles,0.814
21900_6756_2026-09-12,2026-09-12,Beith,Albion Rovers,21900,6756,PENDIENTE,,,Goles,+1.5 Goles,0.935
6759_15602_2026-09-12,2026-09-12,Berwick Rangers,Tranent Juniors,6759,15602,PENDIENTE,,,Doble Oportunidad,X2,0.839
6759_15602_2026-09-12,2026-09-12,Berwick Rangers,Tranent Juniors,6759,15602,PENDIENTE,,,Goles,+1.5 Goles,0.85
15597_6731_2026-09-12,2026-09-12,Bo'ness United,Broxburn Athletic,15597,6731,PENDIENTE,,,Goles,+1.5 Goles,0.835
7434_7431_2026-09-12,2026-09-12,Civil Service Strollers,Bonnyrigg Rose Athletic,7434,7431,PENDIENTE,,,Doble Oportunidad,X2,0.878
17025_27924_2026-09-12,2026-09-12,Clydebank,Largs Thistle,17025,27924,PENDIENTE,,,Doble Oportunidad,1X,0.862
17025_27924_2026-09-12,2026-09-12,Clydebank,Largs Thistle,17025,27924,PENDIENTE,,,Goles,+1.5 Goles,0.879
7436_26605_2026-09-12,2026-09-12,Cumbernauld Colts, Johnstone Burgh,7436,26605,PENDIENTE,,,Goles,+1.5 Goles,0.886
7437_17768_2026-09-12,2026-09-12,Dalbeattie Star,Cumnock Juniors,7437,17768,PENDIENTE,,,Doble Oportunidad,X2,0.822
7437_17768_2026-09-12,2026-09-12,Dalbeattie Star,Cumnock Juniors,7437,17768,PENDIENTE,,,Goles,+1.5 Goles,0.952
7437_17768_2026-09-12,2026-09-12,Dalbeattie Star,Cumnock Juniors,7437,17768,PENDIENTE,,,Goles,+2.5 Goles,0.841
7444_19794_2026-09-12,2026-09-12,Gretna 2008,Pollok,7444,19794,PENDIENTE,,,Doble Oportunidad,X2,0.83
7444_19794_2026-09-12,2026-09-12,Gretna 2008,Pollok,7444,19794,PENDIENTE,,,Goles,+1.5 Goles,0.97
7444_19794_2026-09-12,2026-09-12,Gretna 2008,Pollok,7444,19794,PENDIENTE,,,Goles,+2.5 Goles,0.887
7444_19794_2026-09-12,2026-09-12,Gretna 2008,Pollok,7444,19794,PENDIENTE,,,Ambos Anotan,Sí,0.809
6742_4667_2026-09-12,2026-09-12,Hill Of Beath Hawthorn,Cowdenbeath,6742,4667,PENDIENTE,,,Doble Oportunidad,1X,0.833
6742_4667_2026-09-12,2026-09-12,Hill Of Beath Hawthorn,Cowdenbeath,6742,4667,PENDIENTE,,,Goles,+1.5 Goles,0.858
19793_16845_2026-09-12,2026-09-12,Kilwinning Rangers,Celtic II,19793,16845,PENDIENTE,,,Goles,+1.5 Goles,0.957
19793_16845_2026-09-12,2026-09-12,Kilwinning Rangers,Celtic II,19793,16845,PENDIENTE,,,Goles,+2.5 Goles,0.851
19793_16845_2026-09-12,2026-09-12,Kilwinning Rangers,Celtic II,19793,16845,PENDIENTE,,,Ambos Anotan,Sí,0.828
6745_1390_2026-09-12,2026-09-12,Lochee United,Brechin,6745,1390,PENDIENTE,,,Goles,+1.5 Goles,0.954
6745_1390_2026-09-12,2026-09-12,Lochee United,Brechin,6745,1390,PENDIENTE,,,Goles,+2.5 Goles,0.844
15600_7443_2026-09-12,2026-09-12,Musselburgh Athletic,Gala Fairydean Rovers,15600,7443,PENDIENTE,,,Doble Oportunidad,1X,0.809
15600_7443_2026-09-12,2026-09-12,Musselburgh Athletic,Gala Fairydean Rovers,15600,7443,PENDIENTE,,,Goles,+1.5 Goles,0.911
6747_27926_2026-09-12,2026-09-12,Newton Stewart,Troon FC,6747,27926,PENDIENTE,,,Goles,+1.5 Goles,0.893
7450_15598_2026-09-12,2026-09-12,Stirling University,Dunipace,7450,15598,PENDIENTE,,,Goles,+1.5 Goles,0.891
688_3682_2026-09-12,2026-09-12,Gandzasar,Ararat,688,3682,PENDIENTE,,,Goles,+1.5 Goles,0.825
2276_3684_2026-09-12,2026-09-12,FC Urartu,FC Noah,2276,3684,PENDIENTE,,,Goles,+1.5 Goles,0.84
3588_1007_2026-09-12,2026-09-12,Eyüpspor,Rizespor,3588,1007,PENDIENTE,,,Goles,-3.5 Goles,0.878
3603_6343_2026-09-12,2026-09-12,Samsunspor,Çorum FK,3603,6343,PENDIENTE,,,Goles,+1.5 Goles,0.93
1822_1830_2026-09-12,2026-09-12,Eastleigh,Boreham Wood,1822,1830,PENDIENTE,,,Goles,+1.5 Goles,0.908
1841_7690_2026-09-12,2026-09-12,FC Halifax Town,AFC Hornchurch,1841,7690,PENDIENTE,,,Goles,+1.5 Goles,0.901
1378_1823_2026-09-12,2026-09-12,Forest Green,Gateshead,1378,1823,PENDIENTE,,,Goles,+1.5 Goles,0.843
1834_1818_2026-09-12,2026-09-12,Solihull Moors,Aldershot Town,1834,1818,PENDIENTE,,,Doble Oportunidad,X2,0.821
1834_1818_2026-09-12,2026-09-12,Solihull Moors,Aldershot Town,1834,1818,PENDIENTE,,,Goles,+1.5 Goles,0.811
1835_1340_2026-09-12,2026-09-12,Sutton Utd,Scunthorpe,1835,1340,PENDIENTE,,,Goles,+1.5 Goles,0.8
1377_1839_2026-09-12,2026-09-12,Yeovil Town,AFC Fylde,1377,1839,PENDIENTE,,,Goles,+1.5 Goles,0.904
1371_1341_2026-09-12,2026-09-12,Carlisle,Southend,1371,1341,PENDIENTE,,,Goles,+1.5 Goles,0.916
3569_3601_2026-09-12,2026-09-12,Boluspor,Pendikspor,3569,3601,PENDIENTE,,,Doble Oportunidad,X2,0.801
3569_3601_2026-09-12,2026-09-12,Boluspor,Pendikspor,3569,3601,PENDIENTE,,,Goles,+1.5 Goles,0.832
6342_3595_2026-09-12,2026-09-12,Vanspor FK,Keçiörengücü,6342,3595,PENDIENTE,,,Doble Oportunidad,X2,0.812
6342_3595_2026-09-12,2026-09-12,Vanspor FK,Keçiörengücü,6342,3595,PENDIENTE,,,Goles,+1.5 Goles,0.855
3583_7395_2026-09-12,2026-09-12,Bodrum FK,Batman Petrolspor,3583,7395,PENDIENTE,,,Doble Oportunidad,X2,0.862
8822_7721_2026-09-12,2026-09-12,Hebburn Town,Hednesford Town,8822,7721,PENDIENTE,,,Goles,+1.5 Goles,0.867
4692_7746_2026-09-12,2026-09-12,Hereford,South Shields,4692,7746,PENDIENTE,,,Goles,-3.5 Goles,0.872
8655_4679_2026-09-12,2026-09-12,King's Lynn Town,Chorley,8655,4679,PENDIENTE,,,Goles,+1.5 Goles,0.892
7656_10157_2026-09-12,2026-09-12,Marine,Darlington 1883,7656,10157,PENDIENTE,,,Goles,+1.5 Goles,0.832
1375_4701_2026-09-12,2026-09-12,Morecambe,Brackley Town,1375,4701,PENDIENTE,,,Doble Oportunidad,1X,0.857
1375_4701_2026-09-12,2026-09-12,Morecambe,Brackley Town,1375,4701,PENDIENTE,,,Goles,+1.5 Goles,0.818
4707_1380_2026-09-12,2026-09-12,Spennymoor Town,Macclesfield,4707,1380,PENDIENTE,,,Doble Oportunidad,X2,0.814
7266_1826_2026-09-12,2026-09-12,Worksop Town,Southport,7266,1826,PENDIENTE,,,Goles,+1.5 Goles,0.835
7612_4685_2026-09-12,2026-09-12,AFC Totton,Slough Town,7612,4685,PENDIENTE,,,Goles,+1.5 Goles,0.928
1831_1825_2026-09-12,2026-09-12,Braintree,Maidstone Utd,1831,1825,PENDIENTE,,,Doble Oportunidad,X2,0.829
1831_1825_2026-09-12,2026-09-12,Braintree,Maidstone Utd,1831,1825,PENDIENTE,,,Goles,+1.5 Goles,0.838
1840_7744_2026-09-12,2026-09-12,Ebbsfleet United,Salisbury,1840,7744,PENDIENTE,,,Goles,-3.5 Goles,0.884
4680_4689_2026-09-12,2026-09-12,Hampton & Richmond,Chelmsford City,4680,4689,PENDIENTE,,,Goles,+1.5 Goles,0.886
8660_8662_2026-09-12,2026-09-12,Hemel Hempstead Town,Tonbridge Angels,8660,8662,PENDIENTE,,,Doble Oportunidad,X2,0.866
1827_8659_2026-09-12,2026-09-12,Torquay,Dorking Wanderers,1827,8659,PENDIENTE,,,Goles,+1.5 Goles,0.863
4699_8986_2026-09-12,2026-09-12,Truro City,Walton & Hersham,4699,8986,PENDIENTE,,,Mega-Misil SGBB,1X_O15,0.851
4699_8986_2026-09-12,2026-09-12,Truro City,Walton & Hersham,4699,8986,PENDIENTE,,,Ganador Directo,Gana Truro City,0.838
4699_8986_2026-09-12,2026-09-12,Truro City,Walton & Hersham,4699,8986,PENDIENTE,,,Doble Oportunidad,1X,0.959
4699_8986_2026-09-12,2026-09-12,Truro City,Walton & Hersham,4699,8986,PENDIENTE,,,Goles,+1.5 Goles,0.883
2030_2034_2026-09-12,2026-09-12,Racing FC Union Luxembourg,AS Jeunesse Esch,2030,2034,PENDIENTE,,,Goles,+1.5 Goles,0.93
2040_578_2026-09-12,2026-09-12,US Hostert,F91 Dudelange,2040,578,PENDIENTE,,,Goles,+1.5 Goles,0.832
684_2042_2026-09-12,2026-09-12,FC Differdange 03,Etzella Ettelbruck,684,2042,PENDIENTE,,,Doble Oportunidad,1X,0.889
684_2042_2026-09-12,2026-09-12,FC Differdange 03,Etzella Ettelbruck,684,2042,PENDIENTE,,,Goles,+1.5 Goles,0.883
11906_658_2026-09-12,2026-09-12,Wiltz,Progres Niederkorn,11906,658,PENDIENTE,,,Doble Oportunidad,X2,0.822
11906_658_2026-09-12,2026-09-12,Wiltz,Progres Niederkorn,11906,658,PENDIENTE,,,Goles,+1.5 Goles,0.863
3320_3340_2026-09-12,2026-09-12,Teuta Durrës,Vora,3320,3340,PENDIENTE,,,Doble Oportunidad,1X,0.898
3320_3340_2026-09-12,2026-09-12,Teuta Durrës,Vora,3320,3340,PENDIENTE,,,Goles,+1.5 Goles,0.852
22505_24443_2026-09-12,2026-09-12,Academico Viseu U19,Feirense U19,22505,24443,PENDIENTE,,,Goles,-3.5 Goles,0.931
7888_22518_2026-09-12,2026-09-12,Benfica U19,SC Farense U19,7888,22518,PENDIENTE,,,Goles,+1.5 Goles,0.922
22375_26300_2026-09-12,2026-09-12,Sporting Braga U19,Moreirense U19,22375,26300,PENDIENTE,,,Doble Oportunidad,1X,0.842
24442_22519_2026-09-12,2026-09-12,Casa Pia U19,Torreense U19,24442,22519,PENDIENTE,,,Doble Oportunidad,1X,0.806
24442_22519_2026-09-12,2026-09-12,Casa Pia U19,Torreense U19,24442,22519,PENDIENTE,,,Goles,-3.5 Goles,0.886
22512_22522_2026-09-12,2026-09-12,Gil Vicente U19,Vizela U19,22512,22522,PENDIENTE,,,Doble Oportunidad,1X,0.865
22512_22522_2026-09-12,2026-09-12,Gil Vicente U19,Vizela U19,22512,22522,PENDIENTE,,,Goles,-3.5 Goles,0.925
22517_22520_2026-09-12,2026-09-12,Rio Ave U19,Vitoria Guimaraes U19,22517,22520,PENDIENTE,,,Goles,-3.5 Goles,0.867
26302_28000_2026-09-12,2026-09-12,União Leiria U19,Oriental U19,26302,28000,PENDIENTE,,,Doble Oportunidad,X2,0.803
7207_4696_2026-09-12,2026-09-12,Aveley,Leatherhead,7207,4696,PENDIENTE,,,Goles,+1.5 Goles,0.9
8149_7216_2026-09-12,2026-09-12,Dulwich Hamlet,Brentwood Town,8149,7216,PENDIENTE,,,Doble Oportunidad,1X,0.881
8149_7216_2026-09-12,2026-09-12,Dulwich Hamlet,Brentwood Town,8149,7216,PENDIENTE,,,Goles,+1.5 Goles,0.833
4704_7708_2026-09-12,2026-09-12,Eastbourne Borough,Cheshunt,4704,7708,PENDIENTE,,,Goles,+1.5 Goles,0.855
7714_7711_2026-09-12,2026-09-12,Enfield Town,Cray Wanderers,7714,7711,PENDIENTE,,,Goles,+1.5 Goles,0.906
7654_4713_2026-09-12,2026-09-12,Maldon & Tiptree,Whitehawk,7654,4713,PENDIENTE,,,Goles,+1.5 Goles,0.903
4708_7676_2026-09-12,2026-09-12,St Albans City,Three Bridges,4708,7676,PENDIENTE,,,Goles,+1.5 Goles,0.862
8664_7759_2026-09-12,2026-09-12,Welling United,Wingate & Finchley,8664,7759,PENDIENTE,,,Goles,+1.5 Goles,0.814
7262_8950_2026-09-12,2026-09-12,Whyteleafe,Stanway Rovers,7262,8950,PENDIENTE,,,Goles,+1.5 Goles,0.881
7693_7631_2026-09-12,2026-09-12,Ashton United,Cleethorpes Town,7693,7631,PENDIENTE,,,Goles,+1.5 Goles,0.832
7695_4677_2026-09-12,2026-09-12,Bamber Bridge,Alfreton Town,7695,4677,PENDIENTE,,,Goles,+1.5 Goles,0.894
1344_11936_2026-09-12,2026-09-12,Bury,AFC Emley,1344,11936,PENDIENTE,,,Doble Oportunidad,1X,0.874
1344_11936_2026-09-12,2026-09-12,Bury,AFC Emley,1344,11936,PENDIENTE,,,Goles,+1.5 Goles,0.852
7754_7756_2026-09-12,2026-09-12,United of Manchester,Warrington Town,7754,7756,PENDIENTE,,,Goles,+1.5 Goles,0.902
4691_8690_2026-09-12,2026-09-12,Gainsborough Trinity,Avro,4691,8690,PENDIENTE,,,Goles,+1.5 Goles,0.916
1824_8903_2026-09-12,2026-09-12,Guiseley AFC,Quorn,1824,8903,PENDIENTE,,,Goles,+1.5 Goles,0.848
4694_7757_2026-09-12,2026-09-12,Hyde United,Whitby Town,4694,7757,PENDIENTE,,,Goles,+1.5 Goles,0.914
7726_4703_2026-09-12,2026-09-12,Lancaster City,Curzon Ashton,7726,4703,PENDIENTE,,,Goles,+1.5 Goles,0.83
16994_7239_2026-09-12,2026-09-12,Redcar Athletic,Leek Town,16994,7239,PENDIENTE,,,Goles,+1.5 Goles,0.872
8918_8953_2026-09-12,2026-09-12,Rylands,Stockton Town,8918,8953,PENDIENTE,,,Doble Oportunidad,1X,0.808
8918_8953_2026-09-12,2026-09-12,Rylands,Stockton Town,8918,8953,PENDIENTE,,,Goles,+1.5 Goles,0.886
7265_7236_2026-09-12,2026-09-12,Workington,Ilkeston Town,7265,7236,PENDIENTE,,,Doble Oportunidad,1X,0.882
7265_7236_2026-09-12,2026-09-12,Workington,Ilkeston Town,7265,7236,PENDIENTE,,,Goles,+1.5 Goles,0.882
7692_4709_2026-09-12,2026-09-12,Alvechurch,Stamford,7692,4709,PENDIENTE,,,Mega-Misil SGBB,1X_U45,0.88
7692_4709_2026-09-12,2026-09-12,Alvechurch,Stamford,7692,4709,PENDIENTE,,,Ganador Directo,Gana Alvechurch,0.842
7692_4709_2026-09-12,2026-09-12,Alvechurch,Stamford,7692,4709,PENDIENTE,,,Doble Oportunidad,1X,0.982
7692_4709_2026-09-12,2026-09-12,Alvechurch,Stamford,7692,4709,PENDIENTE,,,Ambos Anotan,No,0.832
7696_7727_2026-09-12,2026-09-12,Banbury United,Leiston,7696,7727,PENDIENTE,,,Goles,+1.5 Goles,0.812
7701_8656_2026-09-12,2026-09-12,Bishop's Stortford,Leamington,7701,8656,PENDIENTE,,,Goles,+1.5 Goles,0.816
7705_7622_2026-09-12,2026-09-12,Bromsgrove Sporting,Bury Town,7705,7622,PENDIENTE,,,Goles,+1.5 Goles,0.88
7644_8846_2026-09-12,2026-09-12,Halesowen Town,Leighton Town,7644,8846,PENDIENTE,,,Goles,+1.5 Goles,0.818
8654_7750_2026-09-12,2026-09-12,Kettering Town,Stratford Town,8654,7750,PENDIENTE,,,Doble Oportunidad,1X,0.858
7737_7743_2026-09-12,2026-09-12,Peterborough Sports,Rushall Olympic,7737,7743,PENDIENTE,,,Goles,+1.5 Goles,0.843
21712_7741_2026-09-12,2026-09-12,Real Bedford,Redditch United,21712,7741,PENDIENTE,,,Goles,+1.5 Goles,0.927
7627_8870_2026-09-12,2026-09-12,Chertsey Town,Malvern Town,7627,8870,PENDIENTE,,,Doble Oportunidad,1X,0.83
7627_8870_2026-09-12,2026-09-12,Chertsey Town,Malvern Town,7627,8870,PENDIENTE,,,Goles,+1.5 Goles,0.853
7640_7214_2026-09-12,2026-09-12,Evesham United,Berkhamsted,7640,7214,PENDIENTE,,,Goles,+1.5 Goles,0.867
7226_7645_2026-09-12,2026-09-12,Frome Town,Hanwell Town,7226,7645,PENDIENTE,,,Doble Oportunidad,1X,0.804
7226_7645_2026-09-12,2026-09-12,Frome Town,Hanwell Town,7226,7645,PENDIENTE,,,Goles,-3.5 Goles,0.852
8653_7615_2026-09-12,2026-09-12,Gloucester City,Basingstoke Town,8653,7615,PENDIENTE,,,Goles,+1.5 Goles,0.8
7717_4711_2026-09-12,2026-09-12,Gosport Borough,Taunton Town,7717,4711,PENDIENTE,,,Goles,+1.5 Goles,0.936
8811_7762_2026-09-12,2026-09-12,Hanworth Villa,Yate Town,8811,7762,PENDIENTE,,,Doble Oportunidad,1X,0.856
8811_7762_2026-09-12,2026-09-12,Hanworth Villa,Yate Town,8811,7762,PENDIENTE,,,Goles,+1.5 Goles,0.84
1843_7738_2026-09-12,2026-09-12,Havant & Wville,Poole Town,1843,7738,PENDIENTE,,,Goles,+1.5 Goles,0.834
7668_8899_2026-09-12,2026-09-12,Sholing,Plymouth Parkway,7668,8899,PENDIENTE,,,Goles,+1.5 Goles,0.846
7257_7628_2026-09-12,2026-09-12,Uxbridge,Chichester City,7257,7628,PENDIENTE,,,Goles,+1.5 Goles,0.846
7758_7619_2026-09-12,2026-09-12,Wimborne Town,Bracknell Town,7758,7619,PENDIENTE,,,Doble Oportunidad,1X,0.856
22089_232_2026-09-12,2026-09-12,AD Marco 09,Guimaraes B,22089,232,PENDIENTE,,,Doble Oportunidad,1X,0.836
4758_6369_2026-09-12,2026-09-12,Louletano,União Santarém,4758,6369,PENDIENTE,,,Doble Oportunidad,1X,0.917
4801_4757_2026-09-12,2026-09-12,Trofense,Leça,4801,4757,PENDIENTE,,,Goles,-3.5 Goles,0.868
15207_236_2026-09-12,2026-09-12,Lusitano Évora 1911,SC Covilha,15207,236,PENDIENTE,,,Goles,-3.5 Goles,0.941
2905_2907_2026-09-12,2026-09-12,Al-Arabi SC,Qatar SC,2905,2907,PENDIENTE,,,Goles,+1.5 Goles,0.868
2904_2893_2026-09-12,2026-09-12,Al-Duhail SC,Al Shahaniya,2904,2893,PENDIENTE,,,Doble Oportunidad,1X,0.804
2904_2893_2026-09-12,2026-09-12,Al-Duhail SC,Al Shahaniya,2904,2893,PENDIENTE,,,Goles,+1.5 Goles,0.865
11662_16604_2026-09-12,2026-09-12,Umea FF,Storfors,11662,16604,PENDIENTE,,,Doble Oportunidad,1X,0.844
11662_16604_2026-09-12,2026-09-12,Umea FF,Storfors,11662,16604,PENDIENTE,,,Goles,+1.5 Goles,0.824
6390_22250_2026-09-12,2026-09-12,Botev Ihtiman,Natsional Sofia,6390,22250,PENDIENTE,,,Doble Oportunidad,1X,0.807
6390_22250_2026-09-12,2026-09-12,Botev Ihtiman,Natsional Sofia,6390,22250,PENDIENTE,,,Goles,+1.5 Goles,0.879
8542_8546_2026-09-12,2026-09-12,Kyustendil,Pirin Razlog,8542,8546,PENDIENTE,,,Doble Oportunidad,1X,0.869
8542_8546_2026-09-12,2026-09-12,Kyustendil,Pirin Razlog,8542,8546,PENDIENTE,,,Goles,+1.5 Goles,0.819
17314_6389_2026-09-12,2026-09-12,Septemvri Sofia II,Balkan Botevgrad,17314,6389,PENDIENTE,,,Goles,-3.5 Goles,0.89
19832_8541_2026-09-12,2026-09-12,Slavia Sofia II,Chavdar Etropole,19832,8541,PENDIENTE,,,Goles,+1.5 Goles,0.82
1421_1407_2026-09-12,2026-09-12,Strumska Slava,Bansko,1421,1407,PENDIENTE,,,Goles,+1.5 Goles,0.881
17306_21863_2026-09-12,2026-09-12,Levski Krumovgrad,Sekirovo Rakovski,17306,21863,PENDIENTE,,,Doble Oportunidad,1X,0.845
17306_21863_2026-09-12,2026-09-12,Levski Krumovgrad,Sekirovo Rakovski,17306,21863,PENDIENTE,,,Goles,+1.5 Goles,0.932
1423_14568_2026-09-12,2026-09-12,Maritsa Plovdiv,Spartak Plovdiv,1423,14568,PENDIENTE,,,Doble Oportunidad,X2,0.913
17308_1408_2026-09-12,2026-09-12,Sayana Haskovo,Levski Karlovo,17308,1408,PENDIENTE,,,Doble Oportunidad,1X,0.877
8537_8536_2026-09-12,2026-09-12,Rozova dolina,Rodopa Smolyan,8537,8536,PENDIENTE,,,Goles,+1.5 Goles,0.809
1412_1425_2026-09-12,2026-09-12,Sozopol,Neftochimic Burgas,1412,1425,PENDIENTE,,,Goles,+1.5 Goles,0.909
8539_8531_2026-09-12,2026-09-12,Yambol 1915,Dimitrovgrad,8539,8531,PENDIENTE,,,Doble Oportunidad,1X,0.872
8539_8531_2026-09-12,2026-09-12,Yambol 1915,Dimitrovgrad,8539,8531,PENDIENTE,,,Goles,+1.5 Goles,0.946
8539_8531_2026-09-12,2026-09-12,Yambol 1915,Dimitrovgrad,8539,8531,PENDIENTE,,,Goles,+2.5 Goles,0.827
17307_16963_2026-09-12,2026-09-12,Lokomotiv Plovdiv II,Botev Plovdiv II,17307,16963,PENDIENTE,,,Goles,+1.5 Goles,0.885
8532_14566_2026-09-12,2026-09-12,Gigant Saedinenie,Maritsa Milevo,8532,14566,PENDIENTE,,,Goles,+1.5 Goles,0.883
8273_4987_2026-09-12,2026-09-12,Bleiburg,Völkermarkt,8273,4987,PENDIENTE,,,Goles,+1.5 Goles,0.895
12712_12714_2026-09-12,2026-09-12,Dietikon,Gossau,12712,12714,PENDIENTE,,,Goles,+1.5 Goles,0.872
6625_18162_2026-09-12,2026-09-12,Freienbach,Collina d'Oro,6625,18162,PENDIENTE,,,Goles,+1.5 Goles,0.808
12720_12699_2026-09-12,2026-09-12,Tuggen,Baden,12720,12699,PENDIENTE,,,Goles,+1.5 Goles,0.912
12713_16354_2026-09-12,2026-09-12,Eschen / Mauren,Mendrisio,12713,16354,PENDIENTE,,,Doble Oportunidad,X2,0.804
21866_6648_2026-09-12,2026-09-12,Locarno,Taverne,21866,6648,PENDIENTE,,,Goles,+1.5 Goles,0.877
3378_3377_2026-09-12,2026-09-12,Slavija,Rudar Prijedor,3378,3377,PENDIENTE,,,Doble Oportunidad,1X,0.801
3378_3377_2026-09-12,2026-09-12,Slavija,Rudar Prijedor,3378,3377,PENDIENTE,,,Goles,+1.5 Goles,0.829
3370_3369_2026-09-12,2026-09-12,Leotar,Kozara Gradiška,3370,3369,PENDIENTE,,,Doble Oportunidad,1X,0.838
3370_3369_2026-09-12,2026-09-12,Leotar,Kozara Gradiška,3370,3369,PENDIENTE,,,Goles,-3.5 Goles,0.887
26989_19561_2026-09-12,2026-09-12,FK Majevica Lopare,Famos Vojkovići,26989,19561,PENDIENTE,,,Mega-Misil SGBB,1X_U35,0.901
26989_19561_2026-09-12,2026-09-12,FK Majevica Lopare,Famos Vojkovići,26989,19561,PENDIENTE,,,Mega-Misil SGBB,1X_U45,0.917
26989_19561_2026-09-12,2026-09-12,FK Majevica Lopare,Famos Vojkovići,26989,19561,PENDIENTE,,,Mega-Misil SGBB,BTTS_No_U35,0.882
26989_19561_2026-09-12,2026-09-12,FK Majevica Lopare,Famos Vojkovići,26989,19561,PENDIENTE,,,Doble Oportunidad,1X,0.92
26989_19561_2026-09-12,2026-09-12,FK Majevica Lopare,Famos Vojkovići,26989,19561,PENDIENTE,,,Goles,-3.5 Goles,0.981
26989_19561_2026-09-12,2026-09-12,FK Majevica Lopare,Famos Vojkovići,26989,19561,PENDIENTE,,,Ambos Anotan,No,0.89
15290_17374_2026-09-12,2026-09-12,Velež Nevesinje,Omarska,15290,17374,PENDIENTE,,,Doble Oportunidad,X2,0.818
15290_17374_2026-09-12,2026-09-12,Velež Nevesinje,Omarska,15290,17374,PENDIENTE,,,Goles,+1.5 Goles,0.886
4285_4291_2026-09-12,2026-09-12,Sutjeska Foča,Drina Zvornik,4285,4291,PENDIENTE,,,Doble Oportunidad,X2,0.907
4285_4291_2026-09-12,2026-09-12,Sutjeska Foča,Drina Zvornik,4285,4291,PENDIENTE,,,Goles,+1.5 Goles,0.888
28055_19562_2026-09-12,2026-09-12,Potkozarje,Laktaši,28055,19562,PENDIENTE,,,Doble Oportunidad,X2,0.834
28055_19562_2026-09-12,2026-09-12,Potkozarje,Laktaši,28055,19562,PENDIENTE,,,Goles,+1.5 Goles,0.859
7528_7529_2026-09-12,2026-09-12,Budućnost Banovići,Jedinstvo Bihać,7528,7529,PENDIENTE,,,Goles,+1.5 Goles,0.841
4298_14146_2026-09-12,2026-09-12,Čapljina,Posušje,4298,14146,PENDIENTE,,,Goles,+1.5 Goles,0.844
7531_3356_2026-09-12,2026-09-12,Radnik Hadžići,GOŠK Gabela,7531,3356,PENDIENTE,,,Goles,-3.5 Goles,0.853
3376_3367_2026-09-12,2026-09-12,Rudar Kakanj,Igman Konjic,3376,3367,PENDIENTE,,,Mega-Misil SGBB,X2_U35,0.877
3376_3367_2026-09-12,2026-09-12,Rudar Kakanj,Igman Konjic,3376,3367,PENDIENTE,,,Mega-Misil SGBB,X2_U45,0.926
3376_3367_2026-09-12,2026-09-12,Rudar Kakanj,Igman Konjic,3376,3367,PENDIENTE,,,Doble Oportunidad,X2,0.946
3376_3367_2026-09-12,2026-09-12,Rudar Kakanj,Igman Konjic,3376,3367,PENDIENTE,,,Goles,-3.5 Goles,0.929
3376_3367_2026-09-12,2026-09-12,Rudar Kakanj,Igman Konjic,3376,3367,PENDIENTE,,,Ambos Anotan,No,0.841
17372_17901_2026-09-12,2026-09-12,Tomislav,Stupčanica Olovo,17372,17901,PENDIENTE,,,Mega-Misil SGBB,X2_O15,0.86
17372_17901_2026-09-12,2026-09-12,Tomislav,Stupčanica Olovo,17372,17901,PENDIENTE,,,Ganador Directo,Gana Stupčanica Olovo,0.867
17372_17901_2026-09-12,2026-09-12,Tomislav,Stupčanica Olovo,17372,17901,PENDIENTE,,,Doble Oportunidad,X2,0.971
17372_17901_2026-09-12,2026-09-12,Tomislav,Stupčanica Olovo,17372,17901,PENDIENTE,,,Goles,+1.5 Goles,0.882
9662_9660_2026-09-12,2026-09-12,Real Sociedad III,Lagun Onak,9662,9660,PENDIENTE,,,Goles,-3.5 Goles,0.871
28099_28100_2026-09-12,2026-09-12,Erandio,R. Union B,28099,28100,PENDIENTE,,,Doble Oportunidad,1X,0.879
20259_20261_2026-09-12,2026-09-12,Aurrerá Vitoria,Touring,20259,20261,PENDIENTE,,,Doble Oportunidad,1X,0.812
22134_17315_2026-09-12,2026-09-12,Deportivo Alavés III,Amurrio Club,22134,17315,PENDIENTE,,,Doble Oportunidad,1X,0.832
22134_17315_2026-09-12,2026-09-12,Deportivo Alavés III,Amurrio Club,22134,17315,PENDIENTE,,,Goles,+1.5 Goles,0.853
15354_9727_2026-09-12,2026-09-12,Colegios Diocesanos,Burgos Promesas,15354,9727,PENDIENTE,,,Doble Oportunidad,X2,0.852
15354_9727_2026-09-12,2026-09-12,Colegios Diocesanos,Burgos Promesas,15354,9727,PENDIENTE,,,Goles,-3.5 Goles,0.866
26546_9737_2026-09-12,2026-09-12,Unionistas II,Salamanca II,26546,9737,PENDIENTE,,,Doble Oportunidad,1X,0.836
26546_9737_2026-09-12,2026-09-12,Unionistas II,Salamanca II,26546,9737,PENDIENTE,,,Goles,+1.5 Goles,0.883
5268_9747_2026-09-12,2026-09-12,Melilla,Huétor Vega,5268,9747,PENDIENTE,,,Goles,-3.5 Goles,0.955
9752_7523_2026-09-12,2026-09-12,Málaga II,Atlético Porcuna,9752,7523,PENDIENTE,,,Doble Oportunidad,X2,0.818
9752_7523_2026-09-12,2026-09-12,Málaga II,Atlético Porcuna,9752,7523,PENDIENTE,,,Goles,-3.5 Goles,0.907
24579_9781_2026-09-12,2026-09-12,Migjorn,Ibiza Islas Pitiusas,24579,9781,PENDIENTE,,,Goles,-3.5 Goles,0.917
28112_15313_2026-09-12,2026-09-12,Sineu,PE Sant Jordi,28112,15313,PENDIENTE,,,Doble Oportunidad,X2,0.852
28112_15313_2026-09-12,2026-09-12,Sineu,PE Sant Jordi,28112,15313,PENDIENTE,,,Goles,-3.5 Goles,0.866
22147_9773_2026-09-12,2026-09-12,Arenal,Alcúdia,22147,9773,PENDIENTE,,,Ganador Directo,Gana Alcúdia,0.793
22147_9773_2026-09-12,2026-09-12,Arenal,Alcúdia,22147,9773,PENDIENTE,,,Doble Oportunidad,X2,0.946
22147_9773_2026-09-12,2026-09-12,Arenal,Alcúdia,22147,9773,PENDIENTE,,,Goles,+1.5 Goles,0.838
9774_15311_2026-09-12,2026-09-12,Binissalem,Cardassar,9774,15311,PENDIENTE,,,Goles,-3.5 Goles,0.866
9445_9459_2026-09-12,2026-09-12,Brusaporto,Tritium,9445,9459,PENDIENTE,,,Goles,-3.5 Goles,0.859
22329_24205_2026-09-12,2026-09-12,Pro Palazzolo,Milan II,22329,24205,PENDIENTE,,,Doble Oportunidad,X2,0.853
22329_24205_2026-09-12,2026-09-12,Pro Palazzolo,Milan II,22329,24205,PENDIENTE,,,Goles,+1.5 Goles,0.928
1681_894_2026-09-12,2026-09-12,Vibonese,Siracusa,1681,894,PENDIENTE,,,Goles,+1.5 Goles,0.896
26516_22310_2026-09-12,2026-09-12,Vigor Lamezia,Igea Virtus,26516,22310,PENDIENTE,,,Doble Oportunidad,X2,0.801
26516_22310_2026-09-12,2026-09-12,Vigor Lamezia,Igea Virtus,26516,22310,PENDIENTE,,,Goles,+1.5 Goles,0.895
1422_26846_2026-09-12,2026-09-12,Chernomorets Balchik,Olympic Varna,1422,26846,PENDIENTE,,,Goles,+1.5 Goles,0.927
14220_8514_2026-09-12,2026-09-12,Dorostol,Septemvri Tervel,14220,8514,PENDIENTE,,,Ganador Directo,Gana Septemvri Tervel,0.787
14220_8514_2026-09-12,2026-09-12,Dorostol,Septemvri Tervel,14220,8514,PENDIENTE,,,Doble Oportunidad,X2,0.934
14220_8514_2026-09-12,2026-09-12,Dorostol,Septemvri Tervel,14220,8514,PENDIENTE,,,Goles,+1.5 Goles,0.882
24545_21835_2026-09-12,2026-09-12,Fratria II,Benkovski Isperih,24545,21835,PENDIENTE,,,Mega-Misil SGBB,X2_O15,0.925
24545_21835_2026-09-12,2026-09-12,Fratria II,Benkovski Isperih,24545,21835,PENDIENTE,,,Mega-Misil SGBB,2_O15,0.872
24545_21835_2026-09-12,2026-09-12,Fratria II,Benkovski Isperih,24545,21835,PENDIENTE,,,Ganador Directo,Gana Benkovski Isperih,0.912
24545_21835_2026-09-12,2026-09-12,Fratria II,Benkovski Isperih,24545,21835,PENDIENTE,,,Doble Oportunidad,X2,0.979
24545_21835_2026-09-12,2026-09-12,Fratria II,Benkovski Isperih,24545,21835,PENDIENTE,,,Goles,+1.5 Goles,0.942
24545_21835_2026-09-12,2026-09-12,Fratria II,Benkovski Isperih,24545,21835,PENDIENTE,,,Goles,+2.5 Goles,0.825
28220_17309_2026-09-12,2026-09-12,Septemvri Dragoevo,Riltzi,28220,17309,PENDIENTE,,,Goles,+1.5 Goles,0.861
8517_8551_2026-09-12,2026-09-12,Ustrem Donchevo,Volov Shumen,8517,8551,PENDIENTE,,,Mega-Misil SGBB,X2_O15,0.874
8517_8551_2026-09-12,2026-09-12,Ustrem Donchevo,Volov Shumen,8517,8551,PENDIENTE,,,Ganador Directo,Gana Volov Shumen,0.791
8517_8551_2026-09-12,2026-09-12,Ustrem Donchevo,Volov Shumen,8517,8551,PENDIENTE,,,Doble Oportunidad,X2,0.917
8517_8551_2026-09-12,2026-09-12,Ustrem Donchevo,Volov Shumen,8517,8551,PENDIENTE,,,Goles,+1.5 Goles,0.951
8517_8551_2026-09-12,2026-09-12,Ustrem Donchevo,Volov Shumen,8517,8551,PENDIENTE,,,Goles,+2.5 Goles,0.841
19891_24544_2026-09-12,2026-09-12,Cherno more II,Aksakovo,19891,24544,PENDIENTE,,,Doble Oportunidad,1X,0.805
19891_24544_2026-09-12,2026-09-12,Cherno more II,Aksakovo,19891,24544,PENDIENTE,,,Goles,+1.5 Goles,0.91
4924_4914_2026-09-12,2026-09-12,Recreativo do Libolo,1º de Maio,4924,4914,PENDIENTE,,,Mega-Misil SGBB,X2_U45,0.866
4924_4914_2026-09-12,2026-09-12,Recreativo do Libolo,1º de Maio,4924,4914,PENDIENTE,,,Doble Oportunidad,X2,0.905
4924_4914_2026-09-12,2026-09-12,Recreativo do Libolo,1º de Maio,4924,4914,PENDIENTE,,,Goles,-3.5 Goles,0.878
3323_3331_2026-09-12,2026-09-12,Besëlidhja Lezhë,Korabi Peshkopi,3323,3331,PENDIENTE,,,Doble Oportunidad,X2,0.806
3323_3331_2026-09-12,2026-09-12,Besëlidhja Lezhë,Korabi Peshkopi,3323,3331,PENDIENTE,,,Goles,-3.5 Goles,0.919
3330_577_2026-09-12,2026-09-12,Iliria Fushë-Krujë,FK Kukesi,3330,577,PENDIENTE,,,Doble Oportunidad,X2,0.825
3330_577_2026-09-12,2026-09-12,Iliria Fushë-Krujë,FK Kukesi,3330,577,PENDIENTE,,,Goles,-3.5 Goles,0.878
3839_3322_2026-09-12,2026-09-12,Sopoti Librazhd,Besa Kavajë,3839,3322,PENDIENTE,,,Doble Oportunidad,X2,0.812
3839_3322_2026-09-12,2026-09-12,Sopoti Librazhd,Besa Kavajë,3839,3322,PENDIENTE,,,Goles,+1.5 Goles,0.899
3333_3325_2026-09-12,2026-09-12,Oriku,Bylis,3333,3325,PENDIENTE,,,Goles,-3.5 Goles,0.866
902_249_2026-09-12,2026-09-12,Ross County,Hibernian,902,249,PENDIENTE,,,Goles,+1.5 Goles,0.821
4633_26115_2026-09-12,2026-09-12,Zimbru,Politehnica UTM,4633,26115,PENDIENTE,,,Goles,+1.5 Goles,0.88
2271_5379_2026-09-12,2026-09-12,Petrocub,Sireți,2271,5379,PENDIENTE,,,Mega-Misil SGBB,1X_U45,0.876
2271_5379_2026-09-12,2026-09-12,Petrocub,Sireți,2271,5379,PENDIENTE,,,Doble Oportunidad,1X,0.91
2271_5379_2026-09-12,2026-09-12,Petrocub,Sireți,2271,5379,PENDIENTE,,,Goles,-3.5 Goles,0.891
21665_6909_2026-09-12,2026-09-12,CSM Adjud,Târgu Secuiesc,21665,6909,PENDIENTE,,,Goles,+1.5 Goles,0.847
28038_6883_2026-09-12,2026-09-12,Bradul Putna,Odorheiu Secuiesc,28038,6883,PENDIENTE,,,Mega-Misil SGBB,1X_O15,0.913
28038_6883_2026-09-12,2026-09-12,Bradul Putna,Odorheiu Secuiesc,28038,6883,PENDIENTE,,,Mega-Misil SGBB,1_O15,0.859
28038_6883_2026-09-12,2026-09-12,Bradul Putna,Odorheiu Secuiesc,28038,6883,PENDIENTE,,,Ganador Directo,Gana Bradul Putna,0.907
28038_6883_2026-09-12,2026-09-12,Bradul Putna,Odorheiu Secuiesc,28038,6883,PENDIENTE,,,Doble Oportunidad,1X,0.979
28038_6883_2026-09-12,2026-09-12,Bradul Putna,Odorheiu Secuiesc,28038,6883,PENDIENTE,,,Goles,+1.5 Goles,0.93
7467_2593_2026-09-12,2026-09-12,CSM FC Vaslui,Aerostar Bacau,7467,2593,PENDIENTE,,,Goles,+1.5 Goles,0.822
21678_6852_2026-09-12,2026-09-12,USV Iaşi,Ceahlăul Piatra Neamţ,21678,6852,PENDIENTE,,,Ganador Directo,Gana USV Iaşi,0.88
21678_6852_2026-09-12,2026-09-12,USV Iaşi,Ceahlăul Piatra Neamţ,21678,6852,PENDIENTE,,,Doble Oportunidad,1X,0.98
21678_6852_2026-09-12,2026-09-12,USV Iaşi,Ceahlăul Piatra Neamţ,21678,6852,PENDIENTE,,,Goles,+1.5 Goles,0.845
7473_6887_2026-09-12,2026-09-12,Gheorgheni,Paşcani,7473,6887,PENDIENTE,,,Goles,-3.5 Goles,0.924
28323_26208_2026-09-12,2026-09-12,Carpati Covasna,Valenii de Munte,28323,26208,PENDIENTE,,,Goles,+1.5 Goles,0.935
6905_16294_2026-09-12,2026-09-12,Săcele,Sepsi II,6905,16294,PENDIENTE,,,Doble Oportunidad,X2,0.81
6905_16294_2026-09-12,2026-09-12,Săcele,Sepsi II,6905,16294,PENDIENTE,,,Goles,+1.5 Goles,0.903
22203_14588_2026-09-12,2026-09-12,Tricolorul Breaza,Olimpic Zărneşti,22203,14588,PENDIENTE,,,Goles,+1.5 Goles,0.961
22203_14588_2026-09-12,2026-09-12,Tricolorul Breaza,Olimpic Zărneşti,22203,14588,PENDIENTE,,,Goles,+2.5 Goles,0.861
22203_14588_2026-09-12,2026-09-12,Tricolorul Breaza,Olimpic Zărneşti,22203,14588,PENDIENTE,,,Ambos Anotan,Sí,0.823
28040_6908_2026-09-12,2026-09-12,Berca,Tunari,28040,6908,PENDIENTE,,,Goles,+1.5 Goles,0.946
28040_6908_2026-09-12,2026-09-12,Berca,Tunari,28040,6908,PENDIENTE,,,Goles,+2.5 Goles,0.825
16293_28324_2026-09-12,2026-09-12,Plopeni,Viitorul Corbeanca,16293,28324,PENDIENTE,,,Mega-Misil SGBB,X2_U45,0.859
16293_28324_2026-09-12,2026-09-12,Plopeni,Viitorul Corbeanca,16293,28324,PENDIENTE,,,Doble Oportunidad,X2,0.872
16293_28324_2026-09-12,2026-09-12,Plopeni,Viitorul Corbeanca,16293,28324,PENDIENTE,,,Goles,-3.5 Goles,0.944
6893_7461_2026-09-12,2026-09-12,Pucioasa,Blejoi,6893,7461,PENDIENTE,,,Goles,+1.5 Goles,0.908
26678_6862_2026-09-12,2026-09-12,Voința Crevedia,Flacăra Moreni,26678,6862,PENDIENTE,,,Goles,+1.5 Goles,0.897
24359_6899_2026-09-12,2026-09-12,Agigea,Sporting Lieşti,24359,6899,PENDIENTE,,,Goles,+1.5 Goles,0.969
24359_6899_2026-09-12,2026-09-12,Agigea,Sporting Lieşti,24359,6899,PENDIENTE,,,Goles,+2.5 Goles,0.885
24359_6899_2026-09-12,2026-09-12,Agigea,Sporting Lieşti,24359,6899,PENDIENTE,,,Ambos Anotan,Sí,0.852
6841_19180_2026-09-12,2026-09-12,Agricola Borcea,Progresul Fundulea,6841,19180,PENDIENTE,,,Goles,+1.5 Goles,0.819
28330_19186_2026-09-12,2026-09-12,Portul Constanta,Unirea Braniştea,28330,19186,PENDIENTE,,,Goles,+1.5 Goles,0.954
28330_19186_2026-09-12,2026-09-12,Portul Constanta,Unirea Braniştea,28330,19186,PENDIENTE,,,Goles,+2.5 Goles,0.842
28330_19186_2026-09-12,2026-09-12,Portul Constanta,Unirea Braniştea,28330,19186,PENDIENTE,,,Ambos Anotan,Sí,0.822
14582_28327_2026-09-12,2026-09-12,Dunărea 2020 Giurgiu,Oxigen Bucuresti,14582,28327,PENDIENTE,,,Ganador Directo,Gana Dunărea 2020 Giurgiu,0.77
14582_28327_2026-09-12,2026-09-12,Dunărea 2020 Giurgiu,Oxigen Bucuresti,14582,28327,PENDIENTE,,,Doble Oportunidad,1X,0.916
14582_28327_2026-09-12,2026-09-12,Dunărea 2020 Giurgiu,Oxigen Bucuresti,14582,28327,PENDIENTE,,,Goles,+1.5 Goles,0.916
28326_6842_2026-09-12,2026-09-12,Omega Sport,Alexandria,28326,6842,PENDIENTE,,,Doble Oportunidad,1X,0.857
6892_26677_2026-09-12,2026-09-12,Progresul Spartac,Progresul Mogosoaia,6892,26677,PENDIENTE,,,Goles,+1.5 Goles,0.915
19179_16296_2026-09-12,2026-09-12,Oltul Curtişoara,CS U Craiova II,19179,16296,PENDIENTE,,,Doble Oportunidad,X2,0.859
26201_26679_2026-09-12,2026-09-12,Păușești,CSM Targu Jiu,26201,26679,PENDIENTE,,,Goles,+1.5 Goles,0.846
19178_24841_2026-09-12,2026-09-12,Nera Bogodinţi,CIL Blaj,19178,24841,PENDIENTE,,,Doble Oportunidad,X2,0.854
6911_6865_2026-09-12,2026-09-12,Unirea Alba Iulia,Ghiroda şi Giarmata Vii,6911,6865,PENDIENTE,,,Doble Oportunidad,1X,0.807
21680_26682_2026-09-12,2026-09-12,Viitorul Arad,Unirea Sântana,21680,26682,PENDIENTE,,,Doble Oportunidad,X2,0.817
21680_26682_2026-09-12,2026-09-12,Viitorul Arad,Unirea Sântana,21680,26682,PENDIENTE,,,Goles,-3.5 Goles,0.937
24362_28325_2026-09-12,2026-09-12,Bihorul Beiuş,Transilvania Sport Academy,24362,28325,PENDIENTE,,,Ganador Directo,Gana Bihorul Beiuş,0.852
24362_28325_2026-09-12,2026-09-12,Bihorul Beiuş,Transilvania Sport Academy,24362,28325,PENDIENTE,,,Doble Oportunidad,1X,0.972
24362_28325_2026-09-12,2026-09-12,Bihorul Beiuş,Transilvania Sport Academy,24362,28325,PENDIENTE,,,Goles,+1.5 Goles,0.833
19172_6878_2026-09-12,2026-09-12,Crişul Sântandrei,Minaur Baia Mare,19172,6878,PENDIENTE,,,Goles,+1.5 Goles,0.881
7488_19851_2026-09-12,2026-09-12,SCM Zalău,Viitorul Cluj,7488,19851,PENDIENTE,,,Goles,-3.5 Goles,0.857
5425_5597_2026-09-12,2026-09-12,Orapa United,TAFIC,5425,5597,PENDIENTE,,,Doble Oportunidad,1X,0.818
5425_5597_2026-09-12,2026-09-12,Orapa United,TAFIC,5425,5597,PENDIENTE,,,Goles,-3.5 Goles,0.907
13494_9209_2026-09-12,2026-09-12,ÅIFK,HJS Akatemia,13494,9209,PENDIENTE,,,Doble Oportunidad,1X,0.869
13494_9209_2026-09-12,2026-09-12,ÅIFK,HJS Akatemia,13494,9209,PENDIENTE,,,Goles,+1.5 Goles,0.817
2245_13552_2026-09-12,2026-09-12,Musa,EBK,2245,13552,PENDIENTE,,,Doble Oportunidad,X2,0.9
2245_13552_2026-09-12,2026-09-12,Musa,EBK,2245,13552,PENDIENTE,,,Goles,+1.5 Goles,0.865
9188_9182_2026-09-12,2026-09-12,P-Iirot,EPS,9188,9182,PENDIENTE,,,Goles,+1.5 Goles,0.829
1163_1166_2026-09-12,2026-09-12,Ilves,Lahti,1163,1166,PENDIENTE,,,Goles,-3.5 Goles,0.864
2075_689_2026-09-12,2026-09-12,FF Jaro,SJK,2075,689,PENDIENTE,,,Doble Oportunidad,X2,0.834
2075_689_2026-09-12,2026-09-12,FF Jaro,SJK,2075,689,PENDIENTE,,,Goles,-3.5 Goles,0.912
2077_2082_2026-09-12,2026-09-12,AC Oulu,Gnistan,2077,2082,PENDIENTE,,,Goles,+1.5 Goles,0.807
8518_8523_2026-09-12,2026-09-12,Akademik Svishtov,Lokomotiv Mezdra,8518,8523,PENDIENTE,,,Goles,+1.5 Goles,0.844
8519_8525_2026-09-12,2026-09-12,Bdin,Pavlikeni,8519,8525,PENDIENTE,,,Goles,-3.5 Goles,0.905
8520_8555_2026-09-12,2026-09-12,Juventus Malchika,Yantra Polski Trambesh,8520,8555,PENDIENTE,,,Goles,+1.5 Goles,0.817
8521_28218_2026-09-12,2026-09-12,Kom Berkovitsa,Spartak Pleven II,8521,28218,PENDIENTE,,,Goles,+1.5 Goles,0.924
12238_27432_2026-09-12,2026-09-12,Kara-Balta,Asia Talas,12238,27432,PENDIENTE,,,Doble Oportunidad,X2,0.837
12238_27432_2026-09-12,2026-09-12,Kara-Balta,Asia Talas,12238,27432,PENDIENTE,,,Goles,+1.5 Goles,0.884
724_534_2026-09-12,2026-09-12,Cadiz,Las Palmas,724,534,PENDIENTE,,,Goles,+1.5 Goles,0.855
547_5254_2026-09-12,2026-09-12,Girona,Castellón,547,5254,PENDIENTE,,,Goles,+1.5 Goles,0.851
715_722_2026-09-12,2026-09-12,Granada CF,Albacete,715,722,PENDIENTE,,,Mega-Misil SGBB,1X_U45,0.862
715_722_2026-09-12,2026-09-12,Granada CF,Albacete,715,722,PENDIENTE,,,Doble Oportunidad,1X,0.914
715_722_2026-09-12,2026-09-12,Granada CF,Albacete,715,722,PENDIENTE,,,Goles,-3.5 Goles,0.854
713_723_2026-09-12,2026-09-12,Cordoba,Almeria,713,723,PENDIENTE,,,Goles,+1.5 Goles,0.831
531_797_2026-09-12,2026-09-12,Athletic Club,Elche,531,797,PENDIENTE,,,Goles,+1.5 Goles,0.886
541_728_2026-09-12,2026-09-12,Real Madrid,Rayo Vallecano,541,728,PENDIENTE,,,Doble Oportunidad,1X,0.9
541_728_2026-09-12,2026-09-12,Real Madrid,Rayo Vallecano,541,728,PENDIENTE,,,Goles,+1.5 Goles,0.901
414_200_2026-09-12,2026-09-12,Roda,Vitesse,414,200,PENDIENTE,,,Goles,+1.5 Goles,0.844
415_198_2026-09-12,2026-09-12,Twente,ADO Den Haag,415,198,PENDIENTE,,,Doble Oportunidad,1X,0.871
415_198_2026-09-12,2026-09-12,Twente,ADO Den Haag,415,198,PENDIENTE,,,Goles,+1.5 Goles,0.869
410_202_2026-09-12,2026-09-12,GO Ahead Eagles,Groningen,410,202,PENDIENTE,,,Goles,+1.5 Goles,0.961
410_202_2026-09-12,2026-09-12,GO Ahead Eagles,Groningen,410,202,PENDIENTE,,,Goles,+2.5 Goles,0.861
410_202_2026-09-12,2026-09-12,GO Ahead Eagles,Groningen,410,202,PENDIENTE,,,Ambos Anotan,Sí,0.832
205_194_2026-09-12,2026-09-12,Fortuna Sittard,Ajax,205,194,PENDIENTE,,,Goles,+1.5 Goles,0.909
420_413_2026-09-12,2026-09-12,Cambuur,NEC Nijmegen,420,413,PENDIENTE,,,Goles,+1.5 Goles,0.941
420_413_2026-09-12,2026-09-12,Cambuur,NEC Nijmegen,420,413,PENDIENTE,,,Goles,+2.5 Goles,0.812
3749_3743_2026-09-12,2026-09-12,Kom,Berane,3749,3743,PENDIENTE,,,Doble Oportunidad,1X,0.806
3738_3750_2026-09-12,2026-09-12,Iskra,Mladost Lješkopolje,3738,3750,PENDIENTE,,,Mega-Misil SGBB,X2_U45,0.881
3738_3750_2026-09-12,2026-09-12,Iskra,Mladost Lješkopolje,3738,3750,PENDIENTE,,,Doble Oportunidad,X2,0.897
3738_3750_2026-09-12,2026-09-12,Iskra,Mladost Lješkopolje,3738,3750,PENDIENTE,,,Goles,-3.5 Goles,0.938
9407_9579_2026-09-12,2026-09-12,Pontevedra,Athletic Club II,9407,9579,PENDIENTE,,,Goles,+1.5 Goles,0.821
9617_5280_2026-09-12,2026-09-12,UD Ourense,UD Logroñés,9617,5280,PENDIENTE,,,Mega-Misil SGBB,X2_U45,0.854
9617_5280_2026-09-12,2026-09-12,UD Ourense,UD Logroñés,9617,5280,PENDIENTE,,,Doble Oportunidad,X2,0.926
10140_799_2026-09-12,2026-09-12,Mérida AD,Mirandes,10140,799,PENDIENTE,,,Goles,-3.5 Goles,0.892
9742_711_2026-09-12,2026-09-12,Antequera,Alcorcon,9742,711,PENDIENTE,,,Goles,+1.5 Goles,0.802
593_4666_2026-09-12,2026-09-12,Europa Fc,Hércules,593,4666,PENDIENTE,,,Doble Oportunidad,X2,0.826
593_4666_2026-09-12,2026-09-12,Europa Fc,Hércules,593,4666,PENDIENTE,,,Goles,-3.5 Goles,0.9
9390_5277_2026-09-12,2026-09-12,Ibiza,Sant Andreu,9390,5277,PENDIENTE,,,Doble Oportunidad,1X,0.848
5278_5274_2026-09-12,2026-09-12,Teruel,Real Jaén,5278,5274,PENDIENTE,,,Mega-Misil SGBB,X2_U45,0.89
5278_5274_2026-09-12,2026-09-12,Teruel,Real Jaén,5278,5274,PENDIENTE,,,Doble Oportunidad,X2,0.942
5278_5274_2026-09-12,2026-09-12,Teruel,Real Jaén,5278,5274,PENDIENTE,,,Goles,-3.5 Goles,0.856
1921_1920_2026-09-12,2026-09-12,Madrid CFF W,Sevilla W,1921,1920,PENDIENTE,,,Doble Oportunidad,1X,0.867
1921_1920_2026-09-12,2026-09-12,Madrid CFF W,Sevilla W,1921,1920,PENDIENTE,,,Goles,+1.5 Goles,0.802
1918_1910_2026-09-12,2026-09-12,Barcelona W,Atletico Madrid W,1918,1910,PENDIENTE,,,Mega-Misil SGBB,1X_O15,0.89
1918_1910_2026-09-12,2026-09-12,Barcelona W,Atletico Madrid W,1918,1910,PENDIENTE,,,Ganador Directo,Gana Barcelona W,0.842
1918_1910_2026-09-12,2026-09-12,Barcelona W,Atletico Madrid W,1918,1910,PENDIENTE,,,Doble Oportunidad,1X,0.95
1918_1910_2026-09-12,2026-09-12,Barcelona W,Atletico Madrid W,1918,1910,PENDIENTE,,,Goles,+1.5 Goles,0.934
1918_1910_2026-09-12,2026-09-12,Barcelona W,Atletico Madrid W,1918,1910,PENDIENTE,,,Goles,+2.5 Goles,0.802
225_4724_2026-09-12,2026-09-12,Nacional,Alverca,225,4724,PENDIENTE,,,Goles,+1.5 Goles,0.836
4716_212_2026-09-12,2026-09-12,Casa Pia,FC Porto,4716,212,PENDIENTE,,,Mega-Misil SGBB,X2_U45,0.863
4716_212_2026-09-12,2026-09-12,Casa Pia,FC Porto,4716,212,PENDIENTE,,,Ganador Directo,Gana FC Porto,0.872
4716_212_2026-09-12,2026-09-12,Casa Pia,FC Porto,4716,212,PENDIENTE,,,Doble Oportunidad,X2,0.988
4716_212_2026-09-12,2026-09-12,Casa Pia,FC Porto,4716,212,PENDIENTE,,,Ambos Anotan,No,0.851
4259_177_2026-09-12,2026-09-12,Alemannia Aachen,SSV Jahn Regensburg,4259,177,PENDIENTE,,,Goles,+1.5 Goles,0.946
4259_177_2026-09-12,2026-09-12,Alemannia Aachen,SSV Jahn Regensburg,4259,177,PENDIENTE,,,Goles,+2.5 Goles,0.824
4373_6726_2026-09-12,2026-09-12,Fužinar,Šampion Celje,4373,6726,PENDIENTE,,,Doble Oportunidad,1X,0.847
4373_6726_2026-09-12,2026-09-12,Fužinar,Šampion Celje,4373,6726,PENDIENTE,,,Goles,+1.5 Goles,0.953
4373_6726_2026-09-12,2026-09-12,Fužinar,Šampion Celje,4373,6726,PENDIENTE,,,Goles,+2.5 Goles,0.842
20161_20135_2026-09-12,2026-09-12,Limbuš Pekre,Hajdina,20161,20135,PENDIENTE,,,Goles,+1.5 Goles,0.882
20344_27991_2026-09-12,2026-09-12,Ljutomer,NK Ormoz,20344,27991,PENDIENTE,,,Goles,+1.5 Goles,0.9
6720_6722_2026-09-12,2026-09-12,Dobrovce,Odranci,6720,6722,PENDIENTE,,,Doble Oportunidad,X2,0.828
6720_6722_2026-09-12,2026-09-12,Dobrovce,Odranci,6720,6722,PENDIENTE,,,Goles,+1.5 Goles,0.91
16307_6727_2026-09-12,2026-09-12,Izola,Šencur,16307,6727,PENDIENTE,,,Mega-Misil SGBB,1X_O15,0.92
16307_6727_2026-09-12,2026-09-12,Izola,Šencur,16307,6727,PENDIENTE,,,Mega-Misil SGBB,1_O15,0.856
16307_6727_2026-09-12,2026-09-12,Izola,Šencur,16307,6727,PENDIENTE,,,Ganador Directo,Gana Izola,0.893
16307_6727_2026-09-12,2026-09-12,Izola,Šencur,16307,6727,PENDIENTE,,,Doble Oportunidad,1X,0.971
16307_6727_2026-09-12,2026-09-12,Izola,Šencur,16307,6727,PENDIENTE,,,Goles,+1.5 Goles,0.945
16307_6727_2026-09-12,2026-09-12,Izola,Šencur,16307,6727,PENDIENTE,,,Goles,+2.5 Goles,0.83
16310_16311_2026-09-12,2026-09-12,Svoboda,Vipava,16310,16311,PENDIENTE,,,Mega-Misil SGBB,1X_O15,0.869
16310_16311_2026-09-12,2026-09-12,Svoboda,Vipava,16310,16311,PENDIENTE,,,Ganador Directo,Gana Svoboda,0.774
16310_16311_2026-09-12,2026-09-12,Svoboda,Vipava,16310,16311,PENDIENTE,,,Doble Oportunidad,1X,0.902
16310_16311_2026-09-12,2026-09-12,Svoboda,Vipava,16310,16311,PENDIENTE,,,Goles,+1.5 Goles,0.963
16310_16311_2026-09-12,2026-09-12,Svoboda,Vipava,16310,16311,PENDIENTE,,,Goles,+2.5 Goles,0.87
16313_20139_2026-09-12,2026-09-12,Škofja Loka,IB 1975 Ljubljana,16313,20139,PENDIENTE,,,Doble Oportunidad,1X,0.855
16313_20139_2026-09-12,2026-09-12,Škofja Loka,IB 1975 Ljubljana,16313,20139,PENDIENTE,,,Goles,+1.5 Goles,0.808
6241_6255_2026-09-12,2026-09-12,Hrvace,Dubrava Zagreb,6241,6255,PENDIENTE,,,Doble Oportunidad,X2,0.815
6241_6255_2026-09-12,2026-09-12,Hrvace,Dubrava Zagreb,6241,6255,PENDIENTE,,,Goles,+1.5 Goles,0.855
5722_1471_2026-09-12,2026-09-12,Segesta Sisak,Dugopolje,5722,1471,PENDIENTE,,,Goles,+1.5 Goles,0.816
1021_1481_2026-09-12,2026-09-12,HNK Cibalia,Kustosija,1021,1481,PENDIENTE,,,Goles,-3.5 Goles,0.953
5705_8580_2026-09-12,2026-09-12,Bjelovar,Grobničan Čavle,5705,8580,PENDIENTE,,,Goles,+1.5 Goles,0.816
1472_6250_2026-09-12,2026-09-12,Hrvatski Dragovoljac,Slavonija Požega,1472,6250,PENDIENTE,,,Doble Oportunidad,X2,0.9
1472_6250_2026-09-12,2026-09-12,Hrvatski Dragovoljac,Slavonija Požega,1472,6250,PENDIENTE,,,Goles,+1.5 Goles,0.902
8602_8599_2026-09-12,2026-09-12,Dugo Selo,Varteks Varaždin,8602,8599,PENDIENTE,,,Doble Oportunidad,1X,0.882
8605_8607_2026-09-12,2026-09-12,Jarun,Trnje,8605,8607,PENDIENTE,,,Goles,+1.5 Goles,0.93
5710_5711_2026-09-12,2026-09-12,Koprivnica,Križevci,5710,5711,PENDIENTE,,,Goles,+1.5 Goles,0.932
1480_5731_2026-09-12,2026-09-12,Solin,Zagora,1480,5731,PENDIENTE,,,Goles,+1.5 Goles,0.953
1480_5731_2026-09-12,2026-09-12,Solin,Zagora,1480,5731,PENDIENTE,,,Goles,+2.5 Goles,0.842
1480_5731_2026-09-12,2026-09-12,Solin,Zagora,1480,5731,PENDIENTE,,,Ambos Anotan,Sí,0.821
16131_16133_2026-09-12,2026-09-12,Europa Point,Lions Gibraltar,16131,16133,PENDIENTE,,,Ganador Directo,Gana Lions Gibraltar,0.761
16131_16133_2026-09-12,2026-09-12,Europa Point,Lions Gibraltar,16131,16133,PENDIENTE,,,Doble Oportunidad,X2,0.933
16131_16133_2026-09-12,2026-09-12,Europa Point,Lions Gibraltar,16131,16133,PENDIENTE,,,Goles,+1.5 Goles,0.822
15695_15715_2026-09-12,2026-09-12,Deportivo FATIC,Libertad,15695,15715,PENDIENTE,,,Mega-Misil SGBB,1X_O15,0.89
15695_15715_2026-09-12,2026-09-12,Deportivo FATIC,Libertad,15695,15715,PENDIENTE,,,Ganador Directo,Gana Deportivo FATIC,0.845
15695_15715_2026-09-12,2026-09-12,Deportivo FATIC,Libertad,15695,15715,PENDIENTE,,,Doble Oportunidad,1X,0.952
15695_15715_2026-09-12,2026-09-12,Deportivo FATIC,Libertad,15695,15715,PENDIENTE,,,Goles,+1.5 Goles,0.932
17745_26723_2026-09-12,2026-09-12,Ciudad Nueva Santa Cruz,CD Guadalajara,17745,26723,PENDIENTE,,,Goles,+1.5 Goles,0.853
24598_28291_2026-09-12,2026-09-12,Universitario Tarija,Deportivo Tigres,24598,28291,PENDIENTE,,,Doble Oportunidad,X2,0.863
24598_28291_2026-09-12,2026-09-12,Universitario Tarija,Deportivo Tigres,24598,28291,PENDIENTE,,,Goles,-3.5 Goles,0.86
15704_28294_2026-09-12,2026-09-12,Municipal Tiquipaya,San Martin de Yacuiba,15704,28294,PENDIENTE,,,Goles,-3.5 Goles,0.932
20254_28295_2026-09-12,2026-09-12,Universitario Beni,Virginia,20254,28295,PENDIENTE,,,Mega-Misil SGBB,X2_U45,0.869
20254_28295_2026-09-12,2026-09-12,Universitario Beni,Virginia,20254,28295,PENDIENTE,,,Doble Oportunidad,X2,0.905
20254_28295_2026-09-12,2026-09-12,Universitario Beni,Virginia,20254,28295,PENDIENTE,,,Goles,-3.5 Goles,0.888
20596_28017_2026-09-12,2026-09-12,Śląsk Wrocław U19,Talent Warszawa U19,20596,28017,PENDIENTE,,,Doble Oportunidad,1X,0.834
20589_20593_2026-09-12,2026-09-12,Escola Varsovia U19,Polonia Warszawa U19,20589,20593,PENDIENTE,,,Goles,-3.5 Goles,0.882
26612_22322_2026-09-12,2026-09-12,Ittifaq,Gulf United,26612,22322,PENDIENTE,,,Goles,+1.5 Goles,0.929
2868_9136_2026-09-12,2026-09-12,Emirates Club,Al Bataeh,2868,9136,PENDIENTE,,,Doble Oportunidad,1X,0.802
2868_9136_2026-09-12,2026-09-12,Emirates Club,Al Bataeh,2868,9136,PENDIENTE,,,Goles,-3.5 Goles,0.857
10076_4185_2026-09-12,2026-09-12,Hoyvík,B36 II,10076,4185,PENDIENTE,,,Goles,+1.5 Goles,0.971
10076_4185_2026-09-12,2026-09-12,Hoyvík,B36 II,10076,4185,PENDIENTE,,,Goles,+2.5 Goles,0.89
10076_4185_2026-09-12,2026-09-12,Hoyvík,B36 II,10076,4185,PENDIENTE,,,Ambos Anotan,Sí,0.862
4181_4187_2026-09-12,2026-09-12,NSÍ II,ÍF II,4181,4187,PENDIENTE,,,Goles,+1.5 Goles,0.96
4181_4187_2026-09-12,2026-09-12,NSÍ II,ÍF II,4181,4187,PENDIENTE,,,Goles,+2.5 Goles,0.86
4181_4187_2026-09-12,2026-09-12,NSÍ II,ÍF II,4181,4187,PENDIENTE,,,Ambos Anotan,Sí,0.834
616_620_2026-09-12,2026-09-12,NK Osijek,Dinamo Zagreb,616,620,PENDIENTE,,,Goles,+1.5 Goles,0.846
4365_4375_2026-09-12,2026-09-12,Krško,Krka,4365,4375,PENDIENTE,,,Goles,+1.5 Goles,0.864
19244_4381_2026-09-12,2026-09-12,Jesenice,Ilirija,19244,4381,PENDIENTE,,,Doble Oportunidad,X2,0.813
19244_4381_2026-09-12,2026-09-12,Jesenice,Ilirija,19244,4381,PENDIENTE,,,Goles,+1.5 Goles,0.823
20198_20127_2026-09-12,2026-09-12,Slovan Ljubljana,Dren Vrhnika,20198,20127,PENDIENTE,,,Goles,+1.5 Goles,0.845
6941_6944_2026-09-12,2026-09-12,Górnik Łęczna,Legia Warszawa II,6941,6944,PENDIENTE,,,Doble Oportunidad,1X,0.819
6941_6944_2026-09-12,2026-09-12,Górnik Łęczna,Legia Warszawa II,6941,6944,PENDIENTE,,,Goles,+1.5 Goles,0.922
618_4256_2026-09-12,2026-09-12,SCR Altach,Grazer AK,618,4256,PENDIENTE,,,Doble Oportunidad,1X,0.891
618_4256_2026-09-12,2026-09-12,SCR Altach,Grazer AK,618,4256,PENDIENTE,,,Goles,+1.5 Goles,0.858
1025_781_2026-09-12,2026-09-12,Wolfsberger AC,Rapid Vienna,1025,781,PENDIENTE,,,Goles,+1.5 Goles,0.941
1025_781_2026-09-12,2026-09-12,Wolfsberger AC,Rapid Vienna,1025,781,PENDIENTE,,,Goles,+2.5 Goles,0.81
27888_19432_2026-09-12,2026-09-12,Nyrsko,Slavoj Český Krumlov,27888,19432,PENDIENTE,,,Goles,+1.5 Goles,0.942
27888_19432_2026-09-12,2026-09-12,Nyrsko,Slavoj Český Krumlov,27888,19432,PENDIENTE,,,Goles,+2.5 Goles,0.814
27887_7310_2026-09-12,2026-09-12,Spartak Pribram,Komárov,27887,7310,PENDIENTE,,,Goles,+1.5 Goles,0.879
7282_7342_2026-09-12,2026-09-12,Chomutov,Slaný,7282,7342,PENDIENTE,,,Doble Oportunidad,1X,0.865
7282_7342_2026-09-12,2026-09-12,Chomutov,Slaný,7282,7342,PENDIENTE,,,Goles,+1.5 Goles,0.887
7348_21985_2026-09-12,2026-09-12,Slovan Velvary,Tempo Praha,7348,21985,PENDIENTE,,,Goles,+1.5 Goles,0.843
7304_7319_2026-09-12,2026-09-12,Jiskra Domažlice,Motorlet Praha,7304,7319,PENDIENTE,,,Goles,+1.5 Goles,0.887
7356_3728_2026-09-12,2026-09-12,Sokol Zápy,Varnsdorf,7356,3728,PENDIENTE,,,Goles,+1.5 Goles,0.859
6501_21953_2026-09-12,2026-09-12,Veres Rivne,Kudrivka,6501,21953,PENDIENTE,,,Goles,+1.5 Goles,0.827
12806_12901_2026-09-12,2026-09-12,Kluczbork,Ślęza Wrocław,12806,12901,PENDIENTE,,,Goles,+1.5 Goles,0.866
6949_6963_2026-09-12,2026-09-12,ROW Rybnik,Zagłębie Lubin II,6949,6963,PENDIENTE,,,Goles,+1.5 Goles,0.892
14145_342_2026-09-12,2026-09-12,Polonia Nysa,Zaglebie Sosnowiec,14145,342,PENDIENTE,,,Goles,+1.5 Goles,0.846
19453_6814_2026-09-12,2026-09-12,Rodina Moskva II,Mashuk-KMV,19453,6814,PENDIENTE,,,Doble Oportunidad,1X,0.875
14139_2005_2026-09-12,2026-09-12,Dinamo Moskva II,Zenit 2,14139,2005,PENDIENTE,,,Doble Oportunidad,X2,0.805
14139_2005_2026-09-12,2026-09-12,Dinamo Moskva II,Zenit 2,14139,2005,PENDIENTE,,,Goles,+1.5 Goles,0.864
1645_27990_2026-09-12,2026-09-12,Lüneburger SK Hansa,Nordhorn,1645,27990,PENDIENTE,,,Goles,+1.5 Goles,0.895
14629_27988_2026-09-12,2026-09-12,BW Lohne,Drochtersen/Assel II,14629,27988,PENDIENTE,,,Goles,+1.5 Goles,0.853
26830_26827_2026-09-12,2026-09-12,Club Leon U21,Atl. San Luis U21,26830,26827,PENDIENTE,,,Doble Oportunidad,1X,0.899
26830_26827_2026-09-12,2026-09-12,Club Leon U21,Atl. San Luis U21,26830,26827,PENDIENTE,,,Goles,+1.5 Goles,0.843
26832_26829_2026-09-12,2026-09-12,Cruz Azul U21,Club America U21,26832,26829,PENDIENTE,,,Doble Oportunidad,1X,0.816
8056_22782_2026-09-12,2026-09-12,Ashanti Gold,Vision,8056,22782,PENDIENTE,,,Doble Oportunidad,X2,0.819
10609_991_2026-09-12,2026-09-12,ES Hammam-Sousse,Stade Tunisien,10609,991,PENDIENTE,,,Goles,-3.5 Goles,0.925
19650_9611_2026-09-12,2026-09-12,Atlético Arteixo,Estradense,19650,9611,PENDIENTE,,,Doble Oportunidad,1X,0.843
26533_22566_2026-09-12,2026-09-12,Celtiga,Boiro,26533,22566,PENDIENTE,,,Goles,+1.5 Goles,0.81
9608_9615_2026-09-12,2026-09-12,Barco,Silva,9608,9615,PENDIENTE,,,Goles,-3.5 Goles,0.866
9849_15320_2026-09-12,2026-09-12,Cortes,Bidezarra,9849,15320,PENDIENTE,,,Doble Oportunidad,X2,0.901
9583_9855_2026-09-12,2026-09-12,Izarra,San Juan,9583,9855,PENDIENTE,,,Goles,+1.5 Goles,0.803
9844_9854_2026-09-12,2026-09-12,Beti Kozkor,Pamplona,9844,9854,PENDIENTE,,,Goles,-3.5 Goles,0.907
9857_9847_2026-09-12,2026-09-12,Txantrea,Cirbonero,9857,9847,PENDIENTE,,,Goles,+1.5 Goles,0.844
9845_17609_2026-09-12,2026-09-12,Beti Onak,Avance Ezcabarte,9845,17609,PENDIENTE,,,Goles,+1.5 Goles,0.849
20809_5177_2026-09-12,2026-09-12,Doma United,Enyimba,20809,5177,PENDIENTE,,,Doble Oportunidad,1X,0.922
4534_17472_2026-09-12,2026-09-12,Al Ramtha,Al Arabi,4534,17472,PENDIENTE,,,Doble Oportunidad,X2,0.847
4534_17472_2026-09-12,2026-09-12,Al Ramtha,Al Arabi,4534,17472,PENDIENTE,,,Goles,+1.5 Goles,0.893
4535_4537_2026-09-12,2026-09-12,Al Salt,Al Wihdat,4535,4537,PENDIENTE,,,Doble Oportunidad,1X,0.826
16740_2374_2026-09-12,2026-09-12,Uruguay Montevideo,Tacuarembo,16740,2374,PENDIENTE,,,Goles,-3.5 Goles,0.942
2377_2355_2026-09-12,2026-09-12,Sportivo Huracan,Plaza Colonia,2377,2355,PENDIENTE,,,Goles,+1.5 Goles,0.821
19410_18295_2026-09-12,2026-09-12,Paysandu,La Luz,19410,18295,PENDIENTE,,,Doble Oportunidad,1X,0.867
19410_18295_2026-09-12,2026-09-12,Paysandu,La Luz,19410,18295,PENDIENTE,,,Goles,-3.5 Goles,0.929
95_91_2026-09-12,2026-09-12,Strasbourg,Monaco,95,91,PENDIENTE,,,Goles,+1.5 Goles,0.86
111_77_2026-09-12,2026-09-12,Le Havre,Angers,111,77,PENDIENTE,,,Doble Oportunidad,X2,0.815
111_77_2026-09-12,2026-09-12,Le Havre,Angers,111,77,PENDIENTE,,,Goles,+1.5 Goles,0.822
97_96_2026-09-12,2026-09-12,Lorient,Toulouse,97,96,PENDIENTE,,,Goles,+1.5 Goles,0.807
114_80_2026-09-12,2026-09-12,Paris FC,Lyon,114,80,PENDIENTE,,,Goles,+1.5 Goles,0.828
2337_2325_2026-09-12,2026-09-12,Nublense,Everton de Vina,2337,2325,PENDIENTE,,,Doble Oportunidad,X2,0.869
2318_2994_2026-09-12,2026-09-12,Palestino,U. Catolica,2318,2994,PENDIENTE,,,Goles,+1.5 Goles,0.843
2572_22543_2026-09-12,2026-09-12,Club Deportivo Los Chankas,FC Cajamarca,2572,22543,PENDIENTE,,,Goles,+1.5 Goles,0.967
2572_22543_2026-09-12,2026-09-12,Club Deportivo Los Chankas,FC Cajamarca,2572,22543,PENDIENTE,,,Goles,+2.5 Goles,0.88
2572_22543_2026-09-12,2026-09-12,Club Deportivo Los Chankas,FC Cajamarca,2572,22543,PENDIENTE,,,Ambos Anotan,Sí,0.819
2558_2555_2026-09-12,2026-09-12,Comerciantes Unidos,Sport Huancayo,2558,2555,PENDIENTE,,,Goles,+1.5 Goles,0.926
2553_2540_2026-09-12,2026-09-12,Alianza Lima,Universitario,2553,2540,PENDIENTE,,,Goles,+1.5 Goles,0.827
4374_677_2026-09-12,2026-09-12,Koper,Olimpija Ljubljana,4374,677,PENDIENTE,,,Mega-Misil SGBB,BTTS_No_U25,0.869
4374_677_2026-09-12,2026-09-12,Koper,Olimpija Ljubljana,4374,677,PENDIENTE,,,Mega-Misil SGBB,BTTS_No_U35,0.879
4374_677_2026-09-12,2026-09-12,Koper,Olimpija Ljubljana,4374,677,PENDIENTE,,,Doble Oportunidad,1X,0.814
4374_677_2026-09-12,2026-09-12,Koper,Olimpija Ljubljana,4374,677,PENDIENTE,,,Goles,-3.5 Goles,0.99
4374_677_2026-09-12,2026-09-12,Koper,Olimpija Ljubljana,4374,677,PENDIENTE,,,Ambos Anotan,No,0.881
7291_3717_2026-09-12,2026-09-12,Hanácká,Opava,7291,3717,PENDIENTE,,,Goles,+1.5 Goles,0.884
6231_2578_2026-09-12,2026-09-12,Rapid,FC Voluntari,6231,2578,PENDIENTE,,,Goles,-3.5 Goles,0.868
5250_15345_2026-09-12,2026-09-12,Badalona,Montañesa,5250,15345,PENDIENTE,,,Doble Oportunidad,X2,0.848
28102_9683_2026-09-12,2026-09-12,San Juan Atletico de Montcada,Vilassar Mar,28102,9683,PENDIENTE,,,Doble Oportunidad,X2,0.811
22141_9685_2026-09-12,2026-09-12,Utiel,Acero,22141,9685,PENDIENTE,,,Goles,-3.5 Goles,0.94
5242_28223_2026-09-12,2026-09-12,Al Shorta,Ghaz Al Shamal,5242,28223,PENDIENTE,,,Goles,-3.5 Goles,0.931
2936_2932_2026-09-12,2026-09-12,Al Taawon,Al-Hilal Saudi FC,2936,2932,PENDIENTE,,,Mega-Misil SGBB,X2_U45,0.86
2936_2932_2026-09-12,2026-09-12,Al Taawon,Al-Hilal Saudi FC,2936,2932,PENDIENTE,,,Doble Oportunidad,X2,0.907
2936_2932_2026-09-12,2026-09-12,Al Taawon,Al-Hilal Saudi FC,2936,2932,PENDIENTE,,,Goles,-3.5 Goles,0.86
2928_2939_2026-09-12,2026-09-12,Al Khaleej Saihat,Al-Nassr,2928,2939,PENDIENTE,,,Doble Oportunidad,X2,0.89
2940_2944_2026-09-12,2026-09-12,Al Shabab,Al-Fayha,2940,2944,PENDIENTE,,,Goles,+1.5 Goles,0.811
1426_683_2026-09-12,2026-09-12,CSKA 1948,Dunav Ruse,1426,683,PENDIENTE,,,Doble Oportunidad,1X,0.809
1426_683_2026-09-12,2026-09-12,CSKA 1948,Dunav Ruse,1426,683,PENDIENTE,,,Goles,+1.5 Goles,0.801
10533_10542_2026-09-12,2026-09-12,Dukla Banská Bystrica,Skalica,10533,10542,PENDIENTE,,,Goles,+1.5 Goles,0.829
3549_3552_2026-09-12,2026-09-12,Ružomberok,Zemplín Michalovce,3549,3552,PENDIENTE,,,Doble Oportunidad,X2,0.849
655_2257_2026-09-12,2026-09-12,AS Trencin,Dunajska Streda,655,2257,PENDIENTE,,,Mega-Misil SGBB,X2_O15,0.869
655_2257_2026-09-12,2026-09-12,AS Trencin,Dunajska Streda,655,2257,PENDIENTE,,,Ganador Directo,Gana Dunajska Streda,0.776
655_2257_2026-09-12,2026-09-12,AS Trencin,Dunajska Streda,655,2257,PENDIENTE,,,Doble Oportunidad,X2,0.904
655_2257_2026-09-12,2026-09-12,AS Trencin,Dunajska Streda,655,2257,PENDIENTE,,,Goles,+1.5 Goles,0.96
655_2257_2026-09-12,2026-09-12,AS Trencin,Dunajska Streda,655,2257,PENDIENTE,,,Goles,+2.5 Goles,0.864
1120_10534_2026-09-12,2026-09-12,Spartak Trnava,FK Košice,1120,10534,PENDIENTE,,,Goles,+1.5 Goles,0.919
2177_2186_2026-09-12,2026-09-12,FC Aarau,SC Kriens,2177,2186,PENDIENTE,,,Goles,+1.5 Goles,0.815
1011_630_2026-09-12,2026-09-12,FC ST. Gallen,FC Sion,1011,630,PENDIENTE,,,Goles,+1.5 Goles,0.948
1011_630_2026-09-12,2026-09-12,FC ST. Gallen,FC Sion,1011,630,PENDIENTE,,,Goles,+2.5 Goles,0.829
1011_630_2026-09-12,2026-09-12,FC ST. Gallen,FC Sion,1011,630,PENDIENTE,,,Ambos Anotan,Sí,0.811
1012_1013_2026-09-12,2026-09-12,FC Thun,Grasshoppers,1012,1013,PENDIENTE,,,Goles,+1.5 Goles,0.911
606_565_2026-09-12,2026-09-12,FC Lugano,BSC Young Boys,606,565,PENDIENTE,,,Goles,+1.5 Goles,0.943
606_565_2026-09-12,2026-09-12,FC Lugano,BSC Young Boys,606,565,PENDIENTE,,,Goles,+2.5 Goles,0.816
9412_9587_2026-09-12,2026-09-12,SS Reyes,Real Valladolid II,9412,9587,PENDIENTE,,,Doble Oportunidad,X2,0.821
9412_9587_2026-09-12,2026-09-12,SS Reyes,Real Valladolid II,9412,9587,PENDIENTE,,,Goles,+1.5 Goles,0.822
9895_9724_2026-09-12,2026-09-12,Albacete II,Atlético Tordesillas,9895,9724,PENDIENTE,,,Goles,-3.5 Goles,0.901
9588_9572_2026-09-12,2026-09-12,Salamanca UDS,Getafe II,9588,9572,PENDIENTE,,,Goles,+1.5 Goles,0.913
24513_1677_2026-09-12,2026-09-12,Nantes W,FC Fleury 91 W,24513,1677,PENDIENTE,,,Doble Oportunidad,1X,0.801
24513_1677_2026-09-12,2026-09-12,Nantes W,FC Fleury 91 W,24513,1677,PENDIENTE,,,Goles,+1.5 Goles,0.895
27932_1675_2026-09-12,2026-09-12,Saint-Malo W,Montpellier W,27932,1675,PENDIENTE,,,Doble Oportunidad,X2,0.828
27932_1675_2026-09-12,2026-09-12,Saint-Malo W,Montpellier W,27932,1675,PENDIENTE,,,Goles,+1.5 Goles,0.915
1673_26234_2026-09-12,2026-09-12,Marseille W,Lens W,1673,26234,PENDIENTE,,,Mega-Misil SGBB,1X_U35,0.851
1673_26234_2026-09-12,2026-09-12,Marseille W,Lens W,1673,26234,PENDIENTE,,,Mega-Misil SGBB,1X_U45,0.905
1673_26234_2026-09-12,2026-09-12,Marseille W,Lens W,1673,26234,PENDIENTE,,,Doble Oportunidad,1X,0.927
1673_26234_2026-09-12,2026-09-12,Marseille W,Lens W,1673,26234,PENDIENTE,,,Goles,-3.5 Goles,0.921
19194_15548_2026-09-12,2026-09-12,Rapperswil Jona W,Servette Chênois W,19194,15548,PENDIENTE,,,Goles,+1.5 Goles,0.936
2277_3884_2026-09-12,2026-09-12,Birkirkara,Hibernians,2277,3884,PENDIENTE,,,Doble Oportunidad,1X,0.846
2277_3884_2026-09-12,2026-09-12,Birkirkara,Hibernians,2277,3884,PENDIENTE,,,Goles,-3.5 Goles,0.866
12804_1655_2026-09-12,2026-09-12,Kickers Emden,SSV Jeddeloh,12804,1655,PENDIENTE,,,Goles,+1.5 Goles,0.941
12804_1655_2026-09-12,2026-09-12,Kickers Emden,SSV Jeddeloh,12804,1655,PENDIENTE,,,Goles,+2.5 Goles,0.811
12847_19657_2026-09-12,2026-09-12,SSVg Velbert,Büderich,12847,19657,PENDIENTE,,,Mega-Misil SGBB,BTTS_O25,0.882
12847_19657_2026-09-12,2026-09-12,SSVg Velbert,Büderich,12847,19657,PENDIENTE,,,Goles,+1.5 Goles,0.986
12847_19657_2026-09-12,2026-09-12,SSVg Velbert,Büderich,12847,19657,PENDIENTE,,,Goles,+2.5 Goles,0.939
12847_19657_2026-09-12,2026-09-12,SSVg Velbert,Büderich,12847,19657,PENDIENTE,,,Ambos Anotan,Sí,0.907
17991_12260_2026-09-12,2026-09-12,Iraklis 1908,Atromitos,17991,12260,PENDIENTE,,,Doble Oportunidad,X2,0.809
13583_20601_2026-09-12,2026-09-12,Colmar,Le Pays du Valois,13583,20601,PENDIENTE,,,Goles,-3.5 Goles,0.862
9274_3025_2026-09-12,2026-09-12,Dieppe,Biesheim,9274,3025,PENDIENTE,,,Doble Oportunidad,1X,0.814
9274_3025_2026-09-12,2026-09-12,Dieppe,Biesheim,9274,3025,PENDIENTE,,,Goles,-3.5 Goles,0.926
1309_3058_2026-09-12,2026-09-12,Epinal,Haguenau,1309,3058,PENDIENTE,,,Goles,+1.5 Goles,0.825
9293_1307_2026-09-12,2026-09-12,Montlouis,Creteil,9293,1307,PENDIENTE,,,Goles,-3.5 Goles,0.938
3162_3181_2026-09-12,2026-09-12,Chantilly,Furiani-Agliani,3162,3181,PENDIENTE,,,Doble Oportunidad,X2,0.811
3162_3181_2026-09-12,2026-09-12,Chantilly,Furiani-Agliani,3162,3181,PENDIENTE,,,Goles,+1.5 Goles,0.803
1303_9275_2026-09-12,2026-09-12,Avranches,Dinan Léhon,1303,9275,PENDIENTE,,,Goles,-3.5 Goles,0.87
3068_3225_2026-09-12,2026-09-12,Le Poiré sur Vie,Saumur,3068,3225,PENDIENTE,,,Doble Oportunidad,X2,0.915
3098_9240_2026-09-12,2026-09-12,Pontivy GSI,Lorient II,3098,9240,PENDIENTE,,,Goles,-3.5 Goles,0.891
3235_3011_2026-09-12,2026-09-12,Tarbes,Angoulême,3235,3011,PENDIENTE,,,Goles,-3.5 Goles,0.954
3009_1295_2026-09-12,2026-09-12,Andrézieux,Lyon Duchere,3009,1295,PENDIENTE,,,Doble Oportunidad,1X,0.897
9254_3030_2026-09-12,2026-09-12,Chasselay MDA,Canet Roussillon,9254,3030,PENDIENTE,,,Mega-Misil SGBB,1X_U45,0.867
9254_3030_2026-09-12,2026-09-12,Chasselay MDA,Canet Roussillon,9254,3030,PENDIENTE,,,Doble Oportunidad,1X,0.913
9254_3030_2026-09-12,2026-09-12,Chasselay MDA,Canet Roussillon,9254,3030,PENDIENTE,,,Goles,-3.5 Goles,0.865
92_9945_2026-09-12,2026-09-12,Nimes,Troyes II,92,9945,PENDIENTE,,,Ganador Directo,Gana Nimes,0.816
92_9945_2026-09-12,2026-09-12,Nimes,Troyes II,92,9945,PENDIENTE,,,Doble Oportunidad,1X,0.966
3296_3187_2026-09-12,2026-09-12,Saint-Priest,Hauts Lyonnais,3296,3187,PENDIENTE,,,Goles,+1.5 Goles,0.802
3125_3051_2026-09-12,2026-09-12,Toulon,Fréjus St-Raphaël,3125,3051,PENDIENTE,,,Mega-Misil SGBB,1X_U45,0.852
3125_3051_2026-09-12,2026-09-12,Toulon,Fréjus St-Raphaël,3125,3051,PENDIENTE,,,Doble Oportunidad,1X,0.887
3125_3051_2026-09-12,2026-09-12,Toulon,Fréjus St-Raphaël,3125,3051,PENDIENTE,,,Goles,-3.5 Goles,0.885
3267_9926_2026-09-12,2026-09-12,Istres,UF Touraine,3267,9926,PENDIENTE,,,Mega-Misil SGBB,X2_U45,0.854
3267_9926_2026-09-12,2026-09-12,Istres,UF Touraine,3267,9926,PENDIENTE,,,Doble Oportunidad,X2,0.898
3267_9926_2026-09-12,2026-09-12,Istres,UF Touraine,3267,9926,PENDIENTE,,,Goles,-3.5 Goles,0.868
2269_2247_2026-09-12,2026-09-12,Anorthosis,Apoel Nicosia,2269,2247,PENDIENTE,,,Doble Oportunidad,X2,0.834
2269_2247_2026-09-12,2026-09-12,Anorthosis,Apoel Nicosia,2269,2247,PENDIENTE,,,Goles,+1.5 Goles,0.92
3413_3416_2026-09-12,2026-09-12,Karmiotissa,Omonia Aradippou,3413,3416,PENDIENTE,,,Mega-Misil SGBB,X2_U45,0.876
3413_3416_2026-09-12,2026-09-12,Karmiotissa,Omonia Aradippou,3413,3416,PENDIENTE,,,Doble Oportunidad,X2,0.938
3402_602_2026-09-12,2026-09-12,Omonia Nicosia,Apollon Limassol,3402,602,PENDIENTE,,,Goles,+1.5 Goles,0.818
27659_16383_2026-09-12,2026-09-12,IF Gnistan,HPS W,27659,16383,PENDIENTE,,,Goles,+1.5 Goles,0.824
9651_9645_2026-09-12,2026-09-12,Tropezón,Selaya,9651,9645,PENDIENTE,,,Goles,-3.5 Goles,0.866
9713_28105_2026-09-12,2026-09-12,Pozuelo Alarcón,RC Alcobendas,9713,28105,PENDIENTE,,,Doble Oportunidad,X2,0.833
9713_28105_2026-09-12,2026-09-12,Pozuelo Alarcón,RC Alcobendas,9713,28105,PENDIENTE,,,Goles,+1.5 Goles,0.809
15352_17516_2026-09-12,2026-09-12,Real Aranjuez,Galapagar,15352,17516,PENDIENTE,,,Ganador Directo,Gana Galapagar,0.782
15352_17516_2026-09-12,2026-09-12,Real Aranjuez,Galapagar,15352,17516,PENDIENTE,,,Doble Oportunidad,X2,0.925
15352_17516_2026-09-12,2026-09-12,Real Aranjuez,Galapagar,15352,17516,PENDIENTE,,,Goles,+1.5 Goles,0.909
26850_9818_2026-09-12,2026-09-12,Santa Cruz,Olímpico Totana,26850,9818,PENDIENTE,,,Goles,+1.5 Goles,0.873
17607_9816_2026-09-12,2026-09-12,Bala Azul,Mazarrón FC,17607,9816,PENDIENTE,,,Goles,+1.5 Goles,0.81
15329_17498_2026-09-12,2026-09-12,Épila,Andorra CF,15329,17498,PENDIENTE,,,Doble Oportunidad,1X,0.823
15329_17498_2026-09-12,2026-09-12,Épila,Andorra CF,15329,17498,PENDIENTE,,,Goles,+1.5 Goles,0.843
5580_10234_2026-09-12,2026-09-12,Al Ahli,Al Ittifaq Maqaba,5580,10234,PENDIENTE,,,Doble Oportunidad,1X,0.856
5580_10234_2026-09-12,2026-09-12,Al Ahli,Al Ittifaq Maqaba,5580,10234,PENDIENTE,,,Goles,-3.5 Goles,0.888
10238_5483_2026-09-12,2026-09-12,Sitra,Al-Hidd,10238,5483,PENDIENTE,,,Goles,-3.5 Goles,0.867
1846_15515_2026-09-12,2026-09-12,Bristol City W,Newcastle United W,1846,15515,PENDIENTE,,,Doble Oportunidad,X2,0.873
1846_15515_2026-09-12,2026-09-12,Bristol City W,Newcastle United W,1846,15515,PENDIENTE,,,Goles,+1.5 Goles,0.807
2656_2643_2026-09-12,2026-09-12,Cukaricki,Novi Pazar,2656,2643,PENDIENTE,,,Doble Oportunidad,X2,0.801
2644_699_2026-09-12,2026-09-12,Radnicki 1923,Mladost Lucani,2644,699,PENDIENTE,,,Doble Oportunidad,1X,0.84
5611_357_2026-09-12,2026-09-12,Colwyn Bay,GAP Connah S Quay FC,5611,357,PENDIENTE,,,Doble Oportunidad,X2,0.815
19958_5947_2026-09-12,2026-09-12,Royal Antwerp II,Tempo Overijse,19958,5947,PENDIENTE,,,Ganador Directo,Gana Tempo Overijse,0.779
19958_5947_2026-09-12,2026-09-12,Royal Antwerp II,Tempo Overijse,19958,5947,PENDIENTE,,,Doble Oportunidad,X2,0.934
19958_5947_2026-09-12,2026-09-12,Royal Antwerp II,Tempo Overijse,19958,5947,PENDIENTE,,,Goles,+1.5 Goles,0.864
5773_21831_2026-09-12,2026-09-12,De Kempen,Wilrijk,5773,21831,PENDIENTE,,,Doble Oportunidad,X2,0.892
5773_21831_2026-09-12,2026-09-12,De Kempen,Wilrijk,5773,21831,PENDIENTE,,,Goles,+1.5 Goles,0.854
19787_5786_2026-09-12,2026-09-12,Tongeren,Eendracht Termien,19787,5786,PENDIENTE,,,Goles,+1.5 Goles,0.888
5989_5815_2026-09-12,2026-09-12,Wellen,Hades,5989,5815,PENDIENTE,,,Doble Oportunidad,1X,0.895
5767_6225_2026-09-12,2026-09-12,Cappellen,Rupel Boom,5767,6225,PENDIENTE,,,Doble Oportunidad,1X,0.868
5767_6225_2026-09-12,2026-09-12,Cappellen,Rupel Boom,5767,6225,PENDIENTE,,,Goles,+1.5 Goles,0.886
21811_5883_2026-09-12,2026-09-12,Rotselaar,Nijlen,21811,5883,PENDIENTE,,,Ganador Directo,Gana Rotselaar,0.784
21811_5883_2026-09-12,2026-09-12,Rotselaar,Nijlen,21811,5883,PENDIENTE,,,Doble Oportunidad,1X,0.927
21811_5883_2026-09-12,2026-09-12,Rotselaar,Nijlen,21811,5883,PENDIENTE,,,Goles,+1.5 Goles,0.906
17596_28110_2026-09-12,2026-09-12,Ceuta II,Egabrense,17596,28110,PENDIENTE,,,Goles,+1.5 Goles,0.844
2743_20299_2026-09-12,2026-09-12,Sanat Naft,Chadormalu SC,2743,20299,PENDIENTE,,,Goles,-3.5 Goles,0.935
17588_9686_2026-09-12,2026-09-12,Castellón II,Alcoyano,17588,9686,PENDIENTE,,,Doble Oportunidad,X2,0.843
9908_9417_2026-09-12,2026-09-12,Toledo,Villarrubia,9908,9417,PENDIENTE,,,Goles,+1.5 Goles,0.844
28123_26555_2026-09-12,2026-09-12,CD Villa,Guadalajara II,28123,26555,PENDIENTE,,,Goles,-3.5 Goles,0.866
5832_5836_2026-09-12,2026-09-12,Huy,Jette,5832,5836,PENDIENTE,,,Goles,+1.5 Goles,0.923
8461_20403_2026-09-12,2026-09-12,La Calamine,RUS Binche,8461,20403,PENDIENTE,,,Goles,+1.5 Goles,0.911
22256_5964_2026-09-12,2026-09-12,Stade Verviers,Union Namur,22256,5964,PENDIENTE,,,Doble Oportunidad,1X,0.915
22256_5964_2026-09-12,2026-09-12,Stade Verviers,Union Namur,22256,5964,PENDIENTE,,,Goles,+1.5 Goles,0.813
5913_5893_2026-09-12,2026-09-12,Richelle United,Ostiches,5913,5893,PENDIENTE,,,Goles,+1.5 Goles,0.832
450_1064_2026-09-12,2026-09-12,Estudiantes L.P.,Platense,450,1064,PENDIENTE,,,Doble Oportunidad,1X,0.814
450_1064_2026-09-12,2026-09-12,Estudiantes L.P.,Platense,450,1064,PENDIENTE,,,Goles,-3.5 Goles,0.867
455_435_2026-09-12,2026-09-12,Atletico Tucuman,River Plate,455,435,PENDIENTE,,,Goles,-3.5 Goles,0.851
456_441_2026-09-12,2026-09-12,Talleres Cordoba,Union Santa Fe,456,441,PENDIENTE,,,Doble Oportunidad,X2,0.83
13106_13087_2026-09-12,2026-09-12,Artsul,Campo Grande,13106,13087,PENDIENTE,,,Goles,-3.5 Goles,0.866
23262_23637_2026-09-12,2026-09-12,Petrópolis,Niteroiense,23262,23637,PENDIENTE,,,Doble Oportunidad,X2,0.818
23262_23637_2026-09-12,2026-09-12,Petrópolis,Niteroiense,23262,23637,PENDIENTE,,,Goles,-3.5 Goles,0.907
13113_23664_2026-09-12,2026-09-12,Nova Cidade,São Cristóvão RJ,13113,23664,PENDIENTE,,,Doble Oportunidad,X2,0.852
13113_23664_2026-09-12,2026-09-12,Nova Cidade,São Cristóvão RJ,13113,23664,PENDIENTE,,,Goles,-3.5 Goles,0.866
13117_13112_2026-09-12,2026-09-12,Serrano RJ,Goytacaz,13117,13112,PENDIENTE,,,Doble Oportunidad,X2,0.852
13117_13112_2026-09-12,2026-09-12,Serrano RJ,Goytacaz,13117,13112,PENDIENTE,,,Goles,-3.5 Goles,0.866
7815_13107_2026-09-12,2026-09-12,Macaé,Audax Rio,7815,13107,PENDIENTE,,,Goles,-3.5 Goles,0.866
2142_323_2026-09-12,2026-09-12,Bryne,Stabaek,2142,323,PENDIENTE,,,Goles,+1.5 Goles,0.815
1948_3969_2026-09-12,2026-09-12,Atlanta,Club Atlético Güemes,1948,3969,PENDIENTE,,,Goles,-3.5 Goles,0.929
8377_484_2026-09-12,2026-09-12,Colegiales,Nueva Chicago,8377,484,PENDIENTE,,,Doble Oportunidad,1X,0.884
8377_484_2026-09-12,2026-09-12,Colegiales,Nueva Chicago,8377,484,PENDIENTE,,,Goles,-3.5 Goles,0.869
464_1932_2026-09-12,2026-09-12,All Boys,San Telmo,464,1932,PENDIENTE,,,Doble Oportunidad,1X,0.872
464_1932_2026-09-12,2026-09-12,All Boys,San Telmo,464,1932,PENDIENTE,,,Goles,-3.5 Goles,0.901
482_1954_2026-09-12,2026-09-12,Almagro,Deportivo Maipu,482,1954,PENDIENTE,,,Goles,-3.5 Goles,0.899
16612_1951_2026-09-12,2026-09-12,Ciudad de Bolívar,Central Norte,16612,1951,PENDIENTE,,,Goles,-3.5 Goles,0.869
480_461_2026-09-12,2026-09-12,Quilmes,San Martin S.J.,480,461,PENDIENTE,,,Goles,-3.5 Goles,0.908
459_1956_2026-09-12,2026-09-12,Arsenal Sarandi,UAI Urquiza,459,1956,PENDIENTE,,,Doble Oportunidad,1X,0.875
459_1956_2026-09-12,2026-09-12,Arsenal Sarandi,UAI Urquiza,459,1956,PENDIENTE,,,Goles,-3.5 Goles,0.905
2427_8388_2026-09-12,2026-09-12,Deportivo Armenio,Sportivo Italiano,2427,8388,PENDIENTE,,,Doble Oportunidad,X2,0.821
2427_8388_2026-09-12,2026-09-12,Deportivo Armenio,Sportivo Italiano,2427,8388,PENDIENTE,,,Goles,-3.5 Goles,0.884
1924_8380_2026-09-12,2026-09-12,Deportivo Laferrere,Villa San Carlos,1924,8380,PENDIENTE,,,Goles,-3.5 Goles,0.872
468_8387_2026-09-12,2026-09-12,Brown DE Adrogue,San Martín Burzaco,468,8387,PENDIENTE,,,Goles,-3.5 Goles,0.901
8382_1937_2026-09-12,2026-09-12,Berazategui,Atletico Atlas,8382,1937,PENDIENTE,,,Goles,-3.5 Goles,0.913
1967_8397_2026-09-12,2026-09-12,Central Ballester,Puerto Nuevo,1967,8397,PENDIENTE,,,Goles,-3.5 Goles,0.852
1958_8394_2026-09-12,2026-09-12,Lujan,Deportivo Paraguayo,1958,8394,PENDIENTE,,,Doble Oportunidad,1X,0.815
486_8384_2026-09-12,2026-09-12,Juventud Unida,El Porvenir,486,8384,PENDIENTE,,,Doble Oportunidad,1X,0.804
8396_27282_2026-09-12,2026-09-12,Lugano,Leones de Rosario,8396,27282,PENDIENTE,,,Goles,-3.5 Goles,0.903
25897_25898_2026-09-12,2026-09-12,Calgary Wild W,Halifax Tides W,25897,25898,PENDIENTE,,,Doble Oportunidad,1X,0.806
23466_13077_2026-09-12,2026-09-12,Bandeirante U20,XV de Piracicaba U20,23466,13077,PENDIENTE,,,Doble Oportunidad,X2,0.881
23466_13077_2026-09-12,2026-09-12,Bandeirante U20,XV de Piracicaba U20,23466,13077,PENDIENTE,,,Goles,-3.5 Goles,0.869
12987_13005_2026-09-12,2026-09-12,Botafogo SP U20,EC São Bernardo U20,12987,13005,PENDIENTE,,,Goles,+1.5 Goles,0.843
13021_23478_2026-09-12,2026-09-12,Juventus U20,Jabaquara U20,13021,23478,PENDIENTE,,,Doble Oportunidad,1X,0.9
13021_23478_2026-09-12,2026-09-12,Juventus U20,Jabaquara U20,13021,23478,PENDIENTE,,,Goles,+1.5 Goles,0.883
12993_13063_2026-09-12,2026-09-12,Capivariano U20,Tanabi SP U20,12993,13063,PENDIENTE,,,Doble Oportunidad,1X,0.864
12993_13063_2026-09-12,2026-09-12,Capivariano U20,Tanabi SP U20,12993,13063,PENDIENTE,,,Goles,-3.5 Goles,0.882
12998_27289_2026-09-12,2026-09-12,Corinthians U20,América-SP U20,12998,27289,PENDIENTE,,,Ganador Directo,Gana Corinthians U20,0.771
12998_27289_2026-09-12,2026-09-12,Corinthians U20,América-SP U20,12998,27289,PENDIENTE,,,Doble Oportunidad,1X,0.929
12998_27289_2026-09-12,2026-09-12,Corinthians U20,América-SP U20,12998,27289,PENDIENTE,,,Goles,+1.5 Goles,0.868
13006_13059_2026-09-12,2026-09-12,Ferroviária U20,São Bento U20,13006,13059,PENDIENTE,,,Doble Oportunidad,1X,0.882
23475_13012_2026-09-12,2026-09-12,Gremio Prudente U20,Guarani U20,23475,13012,PENDIENTE,,,Goles,+1.5 Goles,0.865
13016_13007_2026-09-12,2026-09-12,Ituano U20,Flamengo SP U20,13016,13007,PENDIENTE,,,Goles,+1.5 Goles,0.815
13033_23465_2026-09-12,2026-09-12,Novorizontino U20,Aguai U20,13033,23465,PENDIENTE,,,Doble Oportunidad,1X,0.922
13033_23465_2026-09-12,2026-09-12,Novorizontino U20,Aguai U20,13033,23465,PENDIENTE,,,Goles,+1.5 Goles,0.815
13044_13015_2026-09-12,2026-09-12,Ponte Preta U20,Itapirense U20,13044,13015,PENDIENTE,,,Goles,+1.5 Goles,0.891
18345_13078_2026-09-12,2026-09-12,RB Bragantino U20,Água Santa U20,18345,13078,PENDIENTE,,,Doble Oportunidad,1X,0.908
13054_13069_2026-09-12,2026-09-12,Santo André U20,Velo Clube U20,13054,13069,PENDIENTE,,,Doble Oportunidad,1X,0.833
13054_13069_2026-09-12,2026-09-12,Santo André U20,Velo Clube U20,13054,13069,PENDIENTE,,,Goles,-3.5 Goles,0.949
13055_13027_2026-09-12,2026-09-12,Santos U20,Mirassol U20,13055,13027,PENDIENTE,,,Ganador Directo,Gana Santos U20,0.755
13055_13027_2026-09-12,2026-09-12,Santos U20,Mirassol U20,13055,13027,PENDIENTE,,,Doble Oportunidad,1X,0.936
12973_18356_2026-09-12,2026-09-12,São Paulo U20,União São João U20,12973,18356,PENDIENTE,,,Mega-Misil SGBB,1X_O15,0.899
12973_18356_2026-09-12,2026-09-12,São Paulo U20,União São João U20,12973,18356,PENDIENTE,,,Ganador Directo,Gana São Paulo U20,0.882
12973_18356_2026-09-12,2026-09-12,São Paulo U20,União São João U20,12973,18356,PENDIENTE,,,Doble Oportunidad,1X,0.97
12973_18356_2026-09-12,2026-09-12,São Paulo U20,União São João U20,12973,18356,PENDIENTE,,,Goles,+1.5 Goles,0.923
20775_18344_2026-09-12,2026-09-12,União Suzano U20,Portuguesa Santista U20,20775,18344,PENDIENTE,,,Goles,-3.5 Goles,0.886
13076_13037_2026-09-12,2026-09-12,XV de Jaú U20,Osasco Audax U20,13076,13037,PENDIENTE,,,Ganador Directo,Gana Osasco Audax U20,0.793
13076_13037_2026-09-12,2026-09-12,XV de Jaú U20,Osasco Audax U20,13076,13037,PENDIENTE,,,Doble Oportunidad,X2,0.948
13076_13037_2026-09-12,2026-09-12,XV de Jaú U20,Osasco Audax U20,13076,13037,PENDIENTE,,,Goles,+1.5 Goles,0.824
1304_1063_2026-09-12,2026-09-12,Dunkerque,Saint Etienne,1304,1063,PENDIENTE,,,Doble Oportunidad,X2,0.82
1304_1063_2026-09-12,2026-09-12,Dunkerque,Saint Etienne,1304,1063,PENDIENTE,,,Goles,+1.5 Goles,0.877
5894_5884_2026-09-12,2026-09-12,Oudenaarde,Ninove,5894,5884,PENDIENTE,,,Doble Oportunidad,1X,0.828
5894_5884_2026-09-12,2026-09-12,Oudenaarde,Ninove,5894,5884,PENDIENTE,,,Goles,+1.5 Goles,0.81
14157_5803_2026-09-12,2026-09-12,Diksmuide,FC Lebbeke,14157,5803,PENDIENTE,,,Doble Oportunidad,1X,0.899
14157_5803_2026-09-12,2026-09-12,Diksmuide,FC Lebbeke,14157,5803,PENDIENTE,,,Goles,+1.5 Goles,0.843
5927_5843_2026-09-12,2026-09-12,Sparta Petegem,KRC Gent,5927,5843,PENDIENTE,,,Goles,+1.5 Goles,0.829
5740_262_2026-09-12,2026-09-12,Albert Quévy-Mons,Tubize,5740,262,PENDIENTE,,,Doble Oportunidad,1X,0.803
5740_262_2026-09-12,2026-09-12,Albert Quévy-Mons,Tubize,5740,262,PENDIENTE,,,Goles,-3.5 Goles,0.907
6224_19959_2026-09-12,2026-09-12,RWDM,Sporting Charleroi II,6224,19959,PENDIENTE,,,Mega-Misil SGBB,1X_U45,0.883
6224_19959_2026-09-12,2026-09-12,RWDM,Sporting Charleroi II,6224,19959,PENDIENTE,,,Doble Oportunidad,1X,0.943
5914_5888_2026-09-12,2026-09-12,Rochefort,Onhaye,5914,5888,PENDIENTE,,,Goles,+1.5 Goles,0.908
6217_6227_2026-09-12,2026-09-12,Heist,Thes Sport,6217,6227,PENDIENTE,,,Goles,+1.5 Goles,0.907
5825_5864_2026-09-12,2026-09-12,Hoogstraten,Lyra-Lierse Berlaar,5825,5864,PENDIENTE,,,Goles,+1.5 Goles,0.881
795_7828_2026-09-12,2026-09-12,Joinville,Hercílio Luz,795,7828,PENDIENTE,,,Goles,+1.5 Goles,0.839
27606_18776_2026-09-12,2026-09-12,Lota Schwager,Provincial Ovalle,27606,18776,PENDIENTE,,,Doble Oportunidad,1X,0.802
27606_18776_2026-09-12,2026-09-12,Lota Schwager,Provincial Ovalle,27606,18776,PENDIENTE,,,Goles,-3.5 Goles,0.94
10777_10780_2026-09-12,2026-09-12,MB Rouisset,Olympique Akbou,10777,10780,PENDIENTE,,,Mega-Misil SGBB,X2_U45,0.904
10777_10780_2026-09-12,2026-09-12,MB Rouisset,Olympique Akbou,10777,10780,PENDIENTE,,,Doble Oportunidad,X2,0.943
10777_10780_2026-09-12,2026-09-12,MB Rouisset,Olympique Akbou,10777,10780,PENDIENTE,,,Goles,-3.5 Goles,0.883
911_931_2026-09-12,2026-09-12,CS Constantine,ASO Chlef,911,931,PENDIENTE,,,Goles,+1.5 Goles,0.844
15924_28303_2026-09-12,2026-09-12,Cañoneros Marina,Delfines Coatzacoalcos,15924,28303,PENDIENTE,,,Mega-Misil SGBB,X2_U45,0.912
15924_28303_2026-09-12,2026-09-12,Cañoneros Marina,Delfines Coatzacoalcos,15924,28303,PENDIENTE,,,Doble Oportunidad,X2,0.94
15924_28303_2026-09-12,2026-09-12,Cañoneros Marina,Delfines Coatzacoalcos,15924,28303,PENDIENTE,,,Goles,-3.5 Goles,0.908
15924_28303_2026-09-12,2026-09-12,Cañoneros Marina,Delfines Coatzacoalcos,15924,28303,PENDIENTE,,,Ambos Anotan,No,0.805
15925_22049_2026-09-12,2026-09-12,Ciervos,Artesanos Metepec,15925,22049,PENDIENTE,,,Mega-Misil SGBB,X2_U45,0.934
15925_22049_2026-09-12,2026-09-12,Ciervos,Artesanos Metepec,15925,22049,PENDIENTE,,,Ganador Directo,Gana Artesanos Metepec,0.882
15925_22049_2026-09-12,2026-09-12,Ciervos,Artesanos Metepec,15925,22049,PENDIENTE,,,Doble Oportunidad,X2,1.0
15925_22049_2026-09-12,2026-09-12,Ciervos,Artesanos Metepec,15925,22049,PENDIENTE,,,Ambos Anotan,No,1.0
28307_17804_2026-09-12,2026-09-12,Real Refineros,Calor de San Pedro,28307,17804,PENDIENTE,,,Doble Oportunidad,1X,0.854
15919_17782_2026-09-12,2026-09-12,Atlético Saltillo,Correcaminos UAT II,15919,17782,PENDIENTE,,,Doble Oportunidad,X2,0.818
15919_17782_2026-09-12,2026-09-12,Atlético Saltillo,Correcaminos UAT II,15919,17782,PENDIENTE,,,Goles,+1.5 Goles,0.83
28305_28304_2026-09-12,2026-09-12,Halcones Negros,Guerreros del Pacifico,28305,28304,PENDIENTE,,,Doble Oportunidad,X2,0.866
28305_28304_2026-09-12,2026-09-12,Halcones Negros,Guerreros del Pacifico,28305,28304,PENDIENTE,,,Goles,-3.5 Goles,0.932
27780_27781_2026-09-12,2026-09-12,UNSAAC W,Yanapuma W,27780,27781,PENDIENTE,,,Goles,+1.5 Goles,0.907
2542_27639_2026-09-12,2026-09-12,Ayacucho FC,Sport Huancayo 2,2542,27639,PENDIENTE,,,Goles,+1.5 Goles,0.908
2550_2548_2026-09-12,2026-09-12,Deportivo Binacional,Alianza Universidad,2550,2548,PENDIENTE,,,Doble Oportunidad,X2,0.811
2550_2548_2026-09-12,2026-09-12,Deportivo Binacional,Alianza Universidad,2550,2548,PENDIENTE,,,Goles,+1.5 Goles,0.944
2550_2548_2026-09-12,2026-09-12,Deportivo Binacional,Alianza Universidad,2550,2548,PENDIENTE,,,Goles,+2.5 Goles,0.819
26867_4226_2026-09-12,2026-09-12,Minas,Santos,26867,4226,PENDIENTE,,,Doble Oportunidad,1X,0.836
26867_4226_2026-09-12,2026-09-12,Minas,Santos,26867,4226,PENDIENTE,,,Goles,+1.5 Goles,0.897
10111_2238_2026-09-12,2026-09-12,9 de Octubre,Ind. Juniors,10111,2238,PENDIENTE,,,Goles,-3.5 Goles,0.895
3853_16498_2026-09-12,2026-09-12,Longford Town,Treaty United,3853,16498,PENDIENTE,,,Goles,+1.5 Goles,0.819
186_161_2026-09-12,2026-09-12,FC St. Pauli,VfL Wolfsburg,186,161,PENDIENTE,,,Goles,+1.5 Goles,0.941
186_161_2026-09-12,2026-09-12,FC St. Pauli,VfL Wolfsburg,186,161,PENDIENTE,,,Goles,+2.5 Goles,0.812
24825_26724_2026-09-12,2026-09-12,Hope Internacional,City London,24825,26724,PENDIENTE,,,Goles,-3.5 Goles,0.881
24827_24823_2026-09-12,2026-09-12,Oeste Brasil,Cambé,24827,24823,PENDIENTE,,,Goles,-3.5 Goles,0.87
12915_1212_2026-09-12,2026-09-12,União PR,PSTC Procopense,12915,1212,PENDIENTE,,,Goles,-3.5 Goles,0.933
1886_7533_2026-09-12,2026-09-12,Juventus W,Inter Milano W,1886,7533,PENDIENTE,,,Goles,-3.5 Goles,0.862
1062_124_2026-09-12,2026-09-12,Atletico-MG,Fluminense,1062,124,PENDIENTE,,,Goles,+1.5 Goles,0.802
132_119_2026-09-12,2026-09-12,Chapecoense-sc,Internacional,132,119,PENDIENTE,,,Goles,+1.5 Goles,0.83
121_126_2026-09-12,2026-09-12,Palmeiras,Sao Paulo,121,126,PENDIENTE,,,Doble Oportunidad,1X,0.844
121_126_2026-09-12,2026-09-12,Palmeiras,Sao Paulo,121,126,PENDIENTE,,,Goles,-3.5 Goles,0.877
1980_1156_2026-09-12,2026-09-12,Manta FC,Aucas,1980,1156,PENDIENTE,,,Goles,-3.5 Goles,0.884
1158_1154_2026-09-12,2026-09-12,LDU de Quito,Deportivo Cuenca,1158,1154,PENDIENTE,,,Doble Oportunidad,1X,0.874
1158_1154_2026-09-12,2026-09-12,LDU de Quito,Deportivo Cuenca,1158,1154,PENDIENTE,,,Goles,-3.5 Goles,0.888
15358_9398_2026-09-12,2026-09-12,Estepona,Linares Deportivo,15358,9398,PENDIENTE,,,Mega-Misil SGBB,X2_U25,0.9
15358_9398_2026-09-12,2026-09-12,Estepona,Linares Deportivo,15358,9398,PENDIENTE,,,Mega-Misil SGBB,X2_U35,0.92
15358_9398_2026-09-12,2026-09-12,Estepona,Linares Deportivo,15358,9398,PENDIENTE,,,Mega-Misil SGBB,X2_U45,0.924
15358_9398_2026-09-12,2026-09-12,Estepona,Linares Deportivo,15358,9398,PENDIENTE,,,Mega-Misil SGBB,BTTS_No_U25,0.931
15358_9398_2026-09-12,2026-09-12,Estepona,Linares Deportivo,15358,9398,PENDIENTE,,,Mega-Misil SGBB,BTTS_No_U35,0.942
15358_9398_2026-09-12,2026-09-12,Estepona,Linares Deportivo,15358,9398,PENDIENTE,,,Doble Oportunidad,X2,0.924
15358_9398_2026-09-12,2026-09-12,Estepona,Linares Deportivo,15358,9398,PENDIENTE,,,Goles,-3.5 Goles,0.996
15358_9398_2026-09-12,2026-09-12,Estepona,Linares Deportivo,15358,9398,PENDIENTE,,,Ambos Anotan,No,0.943
22266_3706_2026-09-12,2026-09-12,Gualberto Villarroel SJ,Nacional Potosí,22266,3706,PENDIENTE,,,Goles,+1.5 Goles,0.858
3711_20252_2026-09-12,2026-09-12,The Strongest,Real Oruro,3711,20252,PENDIENTE,,,Goles,+1.5 Goles,0.923
3701_17743_2026-09-12,2026-09-12,Blooming,ABB,3701,17743,PENDIENTE,,,Doble Oportunidad,1X,0.838
3701_17743_2026-09-12,2026-09-12,Blooming,ABB,3701,17743,PENDIENTE,,,Goles,+1.5 Goles,0.843
10476_1187_2026-09-12,2026-09-12,Deportivo Recoleta,Sportivo Trinidense,10476,1187,PENDIENTE,,,Doble Oportunidad,X2,0.844
10476_1187_2026-09-12,2026-09-12,Deportivo Recoleta,Sportivo Trinidense,10476,1187,PENDIENTE,,,Goles,+1.5 Goles,0.811
27461_2621_2026-09-12,2026-09-12,Supra du Quebec,HFX Wanderers FC,27461,2621,PENDIENTE,,,Goles,+1.5 Goles,0.925
2056_2055_2026-09-12,2026-09-12,Aserri FC,AD Cofutpa,2056,2055,PENDIENTE,,,Doble Oportunidad,1X,0.864
818_2043_2026-09-12,2026-09-12,Municipal Grecia,ADR Jicaral,818,2043,PENDIENTE,,,Goles,-3.5 Goles,0.901
2221_13093_2026-09-12,2026-09-12,River AC,Flamengo PI,2221,13093,PENDIENTE,,,Doble Oportunidad,X2,0.889
16141_16140_2026-09-12,2026-09-12,Universidad O&M,Jarabacoa,16141,16140,PENDIENTE,,,Doble Oportunidad,1X,0.84
16141_16140_2026-09-12,2026-09-12,Universidad O&M,Jarabacoa,16141,16140,PENDIENTE,,,Goles,-3.5 Goles,0.978
16141_16140_2026-09-12,2026-09-12,Universidad O&M,Jarabacoa,16141,16140,PENDIENTE,,,Ambos Anotan,No,0.836
16142_16138_2026-09-12,2026-09-12,Vega Real,Atlántico,16142,16138,PENDIENTE,,,Doble Oportunidad,1X,0.882
16142_16138_2026-09-12,2026-09-12,Vega Real,Atlántico,16142,16138,PENDIENTE,,,Goles,+1.5 Goles,0.803
10039_10037_2026-09-12,2026-09-12,Primavera SP,Noroeste,10039,10037,PENDIENTE,,,Doble Oportunidad,1X,0.821
10039_10037_2026-09-12,2026-09-12,Primavera SP,Noroeste,10039,10037,PENDIENTE,,,Goles,+1.5 Goles,0.876
2818_2807_2026-09-12,2026-09-12,Estudiantes de Merida FC,Deportivo Tachira FC,2818,2807,PENDIENTE,,,Goles,+1.5 Goles,0.841
2813_2840_2026-09-12,2026-09-12,Deportivo La Guaira,UCV,2813,2840,PENDIENTE,,,Doble Oportunidad,1X,0.855
2827_2810_2026-09-12,2026-09-12,Puerto Cabello,Carabobo FC,2827,2810,PENDIENTE,,,Doble Oportunidad,1X,0.819
1129_1143_2026-09-12,2026-09-12,Envigado,Leones FC,1129,1143,PENDIENTE,,,Goles,-3.5 Goles,0.891
23326_1459_2026-09-12,2026-09-12,Internacional Palmira,Real Cartagena,23326,1459,PENDIENTE,,,Doble Oportunidad,X2,0.898
10091_25902_2026-09-12,2026-09-12,Fundación Lara Deportiva,Puerto Cabello II,10091,25902,PENDIENTE,,,Goles,+1.5 Goles,0.815
18432_15730_2026-09-12,2026-09-12,Orsomarso W,Santa Fe W,18432,15730,PENDIENTE,,,Goles,-3.5 Goles,0.864
15722_22940_2026-09-12,2026-09-12,Atlético Nacional W,Internacional Palmira W,15722,22940,PENDIENTE,,,Doble Oportunidad,1X,0.839
4310_28019_2026-09-12,2026-09-12,Águila,Inca Aruba,4310,28019,PENDIENTE,,,Goles,+1.5 Goles,0.815
4302_4299_2026-09-12,2026-09-12,FAS,Alianza,4302,4299,PENDIENTE,,,Doble Oportunidad,1X,0.816
1138_1126_2026-09-12,2026-09-12,America de Cali,Deportivo Pasto,1138,1126,PENDIENTE,,,Doble Oportunidad,1X,0.858
1138_1126_2026-09-12,2026-09-12,America de Cali,Deportivo Pasto,1138,1126,PENDIENTE,,,Goles,+1.5 Goles,0.891
1141_1135_2026-09-12,2026-09-12,Alianza Valledupar,Junior,1141,1135,PENDIENTE,,,Goles,+1.5 Goles,0.931
24939_15937_2026-09-12,2026-09-12,Cordobés,Reboceros La Piedad,24939,15937,PENDIENTE,,,Mega-Misil SGBB,X2_U45,0.92
24939_15937_2026-09-12,2026-09-12,Cordobés,Reboceros La Piedad,24939,15937,PENDIENTE,,,Ganador Directo,Gana Reboceros La Piedad,0.839
24939_15937_2026-09-12,2026-09-12,Cordobés,Reboceros La Piedad,24939,15937,PENDIENTE,,,Doble Oportunidad,X2,0.989
24939_15937_2026-09-12,2026-09-12,Cordobés,Reboceros La Piedad,24939,15937,PENDIENTE,,,Ambos Anotan,No,0.904
19907_2293_2026-09-12,2026-09-12,Deportiva Venados,Jaguares de Chiapas,19907,2293,PENDIENTE,,,Goles,-3.5 Goles,0.854
24954_12793_2026-09-12,2026-09-12,Tapachula,Inter Playa del Carmen,24954,12793,PENDIENTE,,,Goles,+1.5 Goles,0.858
15932_24952_2026-09-12,2026-09-12,Irapuato,Tigres de Alica,15932,24952,PENDIENTE,,,Goles,+1.5 Goles,0.833
9025_21289_2026-09-12,2026-09-12,Forward Madison,Sarasota Paradise,9025,21289,PENDIENTE,,,Goles,+1.5 Goles,0.842
4024_9016_2026-09-12,2026-09-12,Richmond Kickers,Chattanooga Red Wolves,4024,9016,PENDIENTE,,,Goles,+1.5 Goles,0.85
3991_25488_2026-09-12,2026-09-12,Charlotte Independence,Westchester SC,3991,25488,PENDIENTE,,,Goles,+1.5 Goles,0.888
9026_16679_2026-09-12,2026-09-12,Greenville Triumph,Fort Wayne,9026,16679,PENDIENTE,,,Goles,+1.5 Goles,0.912
4043_10283_2026-09-12,2026-09-12,Corpus Christi,Union Omaha,4043,10283,PENDIENTE,,,Goles,+1.5 Goles,0.834
24663_24661_2026-09-12,2026-09-12,Tampa Bay Sun W,Fort Lauderdale United W,24663,24661,PENDIENTE,,,Doble Oportunidad,1X,0.861
14280_19905_2026-09-12,2026-09-12,Tlaxcala,CDS Tampico Madero,14280,19905,PENDIENTE,,,Goles,+1.5 Goles,0.861
2311_14279_2026-09-12,2026-09-12,Venados FC,Tepatitlán,2311,14279,PENDIENTE,,,Doble Oportunidad,1X,0.876
2311_14279_2026-09-12,2026-09-12,Venados FC,Tepatitlán,2311,14279,PENDIENTE,,,Goles,+1.5 Goles,0.96
2311_14279_2026-09-12,2026-09-12,Venados FC,Tepatitlán,2311,14279,PENDIENTE,,,Goles,+2.5 Goles,0.861
2297_14278_2026-09-12,2026-09-12,Dorados,Tapatío,2297,14278,PENDIENTE,,,Goles,+1.5 Goles,0.883
18451_2999_2026-09-12,2026-09-12,San Diego Wave W,North Carolina Courage W,18451,2999,PENDIENTE,,,Goles,+1.5 Goles,0.947
18451_2999_2026-09-12,2026-09-12,San Diego Wave W,North Carolina Courage W,18451,2999,PENDIENTE,,,Goles,+2.5 Goles,0.827
3002_22943_2026-09-12,2026-09-12,Seattle Reign FC W,Bay FC W,3002,22943,PENDIENTE,,,Goles,-3.5 Goles,0.926
2998_3004_2026-09-12,2026-09-12,Houston Dash W,Utah Royals W,2998,3004,PENDIENTE,,,Doble Oportunidad,1X,0.802
2998_3004_2026-09-12,2026-09-12,Houston Dash W,Utah Royals W,2998,3004,PENDIENTE,,,Goles,+1.5 Goles,0.896
27252_9030_2026-09-12,2026-09-12,Brooklyn,Miami FC,27252,9030,PENDIENTE,,,Goles,+1.5 Goles,0.865
4000_3993_2026-09-12,2026-09-12,Louisville City,El Paso Locomotive,4000,3993,PENDIENTE,,,Doble Oportunidad,X2,0.809
4010_3999_2026-09-12,2026-09-12,Pittsburgh Riverhounds,Loudoun United,4010,3999,PENDIENTE,,,Doble Oportunidad,1X,0.858
3989_3990_2026-09-12,2026-09-12,Birmingham Legion,Charleston Battery,3989,3990,PENDIENTE,,,Goles,+1.5 Goles,0.888
4007_3998_2026-09-12,2026-09-12,Orange County SC,Las Vegas Lights,4007,3998,PENDIENTE,,,Goles,+1.5 Goles,0.83
4015_9043_2026-09-12,2026-09-12,Sacramento Republic,Detroit City,4015,9043,PENDIENTE,,,Goles,-3.5 Goles,0.905
21139_23063_2026-09-12,2026-09-12,Crown Legacy,Carolina Core,21139,23063,PENDIENTE,,,Doble Oportunidad,1X,0.816
21139_23063_2026-09-12,2026-09-12,Crown Legacy,Carolina Core,21139,23063,PENDIENTE,,,Goles,+1.5 Goles,0.951
21139_23063_2026-09-12,2026-09-12,Crown Legacy,Carolina Core,21139,23063,PENDIENTE,,,Goles,+2.5 Goles,0.836
18814_4028_2026-09-12,2026-09-12,Minnesota United II,Vancouver Whitecaps II,18814,4028,PENDIENTE,,,Doble Oportunidad,1X,0.803
24391_2045_2026-09-12,2026-09-12,Inter San Carlos,Puntarenas FC,24391,2045,PENDIENTE,,,Doble Oportunidad,1X,0.805
17377_815_2026-09-12,2026-09-12,Escorpiones Belén,CS Herediano,17377,815,PENDIENTE,,,Doble Oportunidad,X2,0.825
2281_2283_2026-09-12,2026-09-12,Toluca,Atlas,2281,2283,PENDIENTE,,,Doble Oportunidad,1X,0.826
14876_14879_2026-09-12,2026-09-12,Guadalajara W,Monterrey W,14876,14879,PENDIENTE,,,Doble Oportunidad,X2,0.84
14876_14879_2026-09-12,2026-09-12,Guadalajara W,Monterrey W,14876,14879,PENDIENTE,,,Goles,+1.5 Goles,0.92
14869_14880_2026-09-12,2026-09-12,Juárez W,Necaxa W,14869,14880,PENDIENTE,,,Ganador Directo,Gana Juárez W,0.792
14869_14880_2026-09-12,2026-09-12,Juárez W,Necaxa W,14869,14880,PENDIENTE,,,Doble Oportunidad,1X,0.935
14869_14880_2026-09-12,2026-09-12,Juárez W,Necaxa W,14869,14880,PENDIENTE,,,Goles,+1.5 Goles,0.891
2890_2883_2026-09-12,2026-09-12,Independiente de La Chorrera,Plaza Amador,2890,2883,PENDIENTE,,,Goles,+1.5 Goles,0.922
19456_1058_2026-09-12,2026-09-12,Olancho,Real Espana,19456,1058,PENDIENTE,,,Goles,-3.5 Goles,0.863
9568_9569_2026-09-12,2026-09-12,Inter Miami,Nashville SC,9568,9569,PENDIENTE,,,Goles,+1.5 Goles,0.865
2242_18310_2026-09-12,2026-09-12,FC Cincinnati,Charlotte,2242,18310,PENDIENTE,,,Goles,+1.5 Goles,0.824
1598_1601_2026-09-12,2026-09-12,Orlando City SC,Toronto FC,1598,1601,PENDIENTE,,,Goles,+1.5 Goles,0.856
1611_1616_2026-09-12,2026-09-12,Sporting Kansas City,Los Angeles FC,1611,1616,PENDIENTE,,,Doble Oportunidad,X2,0.818
1597_1617_2026-09-12,2026-09-12,FC Dallas,Portland Timbers,1597,1617,PENDIENTE,,,Goles,+1.5 Goles,0.959
1597_1617_2026-09-12,2026-09-12,FC Dallas,Portland Timbers,1597,1617,PENDIENTE,,,Goles,+2.5 Goles,0.858
1597_1617_2026-09-12,2026-09-12,FC Dallas,Portland Timbers,1597,1617,PENDIENTE,,,Ambos Anotan,Sí,0.833
20787_1612_2026-09-12,2026-09-12,St. Louis City,Minnesota United FC,20787,1612,PENDIENTE,,,Goles,+1.5 Goles,0.963
20787_1612_2026-09-12,2026-09-12,St. Louis City,Minnesota United FC,20787,1612,PENDIENTE,,,Goles,+2.5 Goles,0.867
20787_1612_2026-09-12,2026-09-12,St. Louis City,Minnesota United FC,20787,1612,PENDIENTE,,,Ambos Anotan,Sí,0.842
1606_1604_2026-09-12,2026-09-12,Real Salt Lake,New York City FC,1606,1604,PENDIENTE,,,Goles,+1.5 Goles,0.833
1610_1614_2026-09-12,2026-09-12,Colorado Rapids,CF Montreal,1610,1614,PENDIENTE,,,Doble Oportunidad,1X,0.849
1596_1600_2026-09-12,2026-09-12,San Jose Earthquakes,Houston Dynamo,1596,1600,PENDIENTE,,,Doble Oportunidad,X2,0.875
